ISO-10303-21;
HEADER;
FILE_DESCRIPTION(('STEP AP214'),'1');
FILE_NAME('F:/3d_printer-stuff/mystuf/RE-ARM_case/v34-Arduino/Re-ARM-Arduino-MountV34-faceplate.stp','2018-08-20T04:17:24',(''),(''),'Spatial InterOp 3D',' ',' ');
FILE_SCHEMA(('automotive_design'));
ENDSEC;
DATA;
#1=MECHANICAL_DESIGN_GEOMETRIC_PRESENTATION_REPRESENTATION(' ',(#10,#11,#12,#13,#14,#15,#16,#17,#18,#19,#20,#21,#22,#23,#24,#25,#26,#27,#28,#29,#30,#31,#32,#33,#34,#35,#36,#37,#38,#39,#40,#41,#42,#43,#44,#45,#46,#47,#48,#49,#50,#51,#52,#53,#54,#55,#56,#57,#58,#59,#60,#61,#62,#63,#64,#65,#66,#67,#68,#69,#70,#71,#72,#73,#74,#75,#76,#77,#78,#79,#80,#81,#82,#83,#84,#85,#86,#87,#88,#89,#90,#91,#92,#93,#94,#95,#96,#97,#98,#99,#100,#101,#102,#103,#104,#105,#106,#107,#108,#109,#110,#111,#112,#113,#114,#115,#116,#117,#118,#119,#120,#121,#122,#123,#124,#125,#126,#127,#128,#129,#130,#131,#132,#133,#134,#135,#136,#137,#138,#139,#140,#141,#142,#143,#144,#145,#146,#147,#148,#149,#150,#151,#152,#153,#154,#155,#156,#157,#158,#159,#160,#161,#162,#163,#164,#165,#166,#167,#168,#169,#170,#171,#172,#173,#174,#175,#176,#177,#178,#179,#180,#181,#182,#183,#184,#185,#186,#187,#188,#189,#190,#191,#192,#193,#194,#195,#196,#197,#198,#199,#200,#201,#202,#203,#204,#205,#206,#207,#208,#209,#210,#211,#212,#213,#214,#215,#216,#217,#218,#219,#220,#221,#222,#223,#224,#225,#226,#227,#228,#229,#230,#231,#232,#233,#234,#235,#236,#237,#238,#239,#240,#241,#242,#243,#244,#245,#246,#247,#248,#249,#250,#251,#252,#253,#254,#255,#256,#257,#258,#259,#260,#261,#262,#263,#264,#265,#266,#267,#268,#269,#270,#271,#272,#273,#274,#275,#276,#277,#278,#279,#280,#281,#282,#283,#284,#285,#286,#287,#288,#289,#290,#291,#292,#293,#294,#295,#296,#297,#298,#299,#300,#301,#302,#303,#304,#305,#306,#307,#308,#309,#310,#311,#312,#313,#314,#315,#316,#317,#318,#319,#320,#321,#322,#323,#324,#325,#326,#327,#328,#329,#330,#331,#332,#333,#334,#335,#336,#337,#338,#339,#340,#341,#342,#343,#344,#345,#346,#347,#348,#349,#350,#351,#352,#353,#354,#355,#356,#357,#358,#359,#360,#361,#362,#363,#364,#365,#366,#367,#368,#369,#370,#371,#372,#373,#374,#375,#376,#377,#378,#379,#380,#381,#382,#383,#384,#385,#386,#387,#388,#389,#390,#391,#392,#393,#394,#395,#396,#397,#398,#399,#400,#401,#402,#403,#404,#405,#406,#407,#408,#409,#410,#411,#412,#413,#414,#415,#416,#417,#418,#419,#420,#421,#422,#423,#424,#425,#426,#427,#428,#429,#430,#431,#432,#433,#434,#435,#436,#437,#438,#439,#440,#441,#442,#443,#444,#445,#446,#447,#448,#449,#450,#451,#452,#453,#454,#455,#456,#457,#458,#459,#460,#461,#462,#463,#464,#465,#466,#467,#468,#469,#470,#471,#472,#473,#474,#475,#476,#477,#478,#479,#480,#481,#482,#483,#484,#485,#486,#487,#488,#489,#490,#491,#492,#493,#494,#495,#496),#6);
#2=PRODUCT_DEFINITION_CONTEXT('',#497,'design');
#3=APPLICATION_PROTOCOL_DEFINITION('INTERNATIONAL STANDARD','automotive_design',1994,#497);
#4=PRODUCT_CATEGORY_RELATIONSHIP('NONE','NONE',#498,#499);
#5=SHAPE_DEFINITION_REPRESENTATION(#500,#501);
#6= (GEOMETRIC_REPRESENTATION_CONTEXT(3)GLOBAL_UNCERTAINTY_ASSIGNED_CONTEXT((#504))GLOBAL_UNIT_ASSIGNED_CONTEXT((#506,#507,#508))REPRESENTATION_CONTEXT('NONE','WORKSPACE'));
#10=STYLED_ITEM('',(#510),#511);
#11=STYLED_ITEM('',(#512),#513);
#12=STYLED_ITEM('',(#514),#515);
#13=STYLED_ITEM('',(#516),#517);
#14=STYLED_ITEM('',(#518),#519);
#15=STYLED_ITEM('',(#520),#521);
#16=STYLED_ITEM('',(#522),#523);
#17=STYLED_ITEM('',(#524),#525);
#18=STYLED_ITEM('',(#526),#527);
#19=STYLED_ITEM('',(#528),#529);
#20=STYLED_ITEM('',(#530),#531);
#21=STYLED_ITEM('',(#532),#533);
#22=STYLED_ITEM('',(#534),#535);
#23=STYLED_ITEM('',(#536),#537);
#24=STYLED_ITEM('',(#538),#539);
#25=STYLED_ITEM('',(#540),#541);
#26=STYLED_ITEM('',(#542),#543);
#27=STYLED_ITEM('',(#544),#545);
#28=STYLED_ITEM('',(#546),#547);
#29=STYLED_ITEM('',(#548),#549);
#30=STYLED_ITEM('',(#550),#551);
#31=STYLED_ITEM('',(#552),#553);
#32=STYLED_ITEM('',(#554),#555);
#33=STYLED_ITEM('',(#556),#557);
#34=STYLED_ITEM('',(#558),#559);
#35=STYLED_ITEM('',(#560),#561);
#36=STYLED_ITEM('',(#562),#563);
#37=STYLED_ITEM('',(#564),#565);
#38=STYLED_ITEM('',(#566),#567);
#39=STYLED_ITEM('',(#568),#569);
#40=STYLED_ITEM('',(#570),#571);
#41=STYLED_ITEM('',(#572),#573);
#42=STYLED_ITEM('',(#574),#575);
#43=STYLED_ITEM('',(#576),#577);
#44=STYLED_ITEM('',(#578),#579);
#45=STYLED_ITEM('',(#580),#581);
#46=STYLED_ITEM('',(#582),#583);
#47=STYLED_ITEM('',(#584),#585);
#48=STYLED_ITEM('',(#586),#587);
#49=STYLED_ITEM('',(#588),#589);
#50=STYLED_ITEM('',(#590),#591);
#51=STYLED_ITEM('',(#592),#593);
#52=STYLED_ITEM('',(#594),#595);
#53=STYLED_ITEM('',(#596),#597);
#54=STYLED_ITEM('',(#598),#599);
#55=STYLED_ITEM('',(#600),#601);
#56=STYLED_ITEM('',(#602),#603);
#57=STYLED_ITEM('',(#604),#605);
#58=STYLED_ITEM('',(#606),#607);
#59=STYLED_ITEM('',(#608),#609);
#60=STYLED_ITEM('',(#610),#611);
#61=STYLED_ITEM('',(#612),#613);
#62=STYLED_ITEM('',(#614),#615);
#63=STYLED_ITEM('',(#616),#617);
#64=STYLED_ITEM('',(#618),#619);
#65=STYLED_ITEM('',(#620),#621);
#66=STYLED_ITEM('',(#622),#623);
#67=STYLED_ITEM('',(#624),#625);
#68=STYLED_ITEM('',(#626),#627);
#69=STYLED_ITEM('',(#628),#629);
#70=STYLED_ITEM('',(#630),#631);
#71=STYLED_ITEM('',(#632),#633);
#72=STYLED_ITEM('',(#634),#635);
#73=STYLED_ITEM('',(#636),#637);
#74=STYLED_ITEM('',(#638),#639);
#75=STYLED_ITEM('',(#640),#641);
#76=STYLED_ITEM('',(#642),#643);
#77=STYLED_ITEM('',(#644),#645);
#78=STYLED_ITEM('',(#646),#647);
#79=STYLED_ITEM('',(#648),#649);
#80=STYLED_ITEM('',(#650),#651);
#81=STYLED_ITEM('',(#652),#653);
#82=STYLED_ITEM('',(#654),#655);
#83=STYLED_ITEM('',(#656),#657);
#84=STYLED_ITEM('',(#658),#659);
#85=STYLED_ITEM('',(#660),#661);
#86=STYLED_ITEM('',(#662),#663);
#87=STYLED_ITEM('',(#664),#665);
#88=STYLED_ITEM('',(#666),#667);
#89=STYLED_ITEM('',(#668),#669);
#90=STYLED_ITEM('',(#670),#671);
#91=STYLED_ITEM('',(#672),#673);
#92=STYLED_ITEM('',(#674),#675);
#93=STYLED_ITEM('',(#676),#677);
#94=STYLED_ITEM('',(#678),#679);
#95=STYLED_ITEM('',(#680),#681);
#96=STYLED_ITEM('',(#682),#683);
#97=STYLED_ITEM('',(#684),#685);
#98=STYLED_ITEM('',(#686),#687);
#99=STYLED_ITEM('',(#688),#689);
#100=STYLED_ITEM('',(#690),#691);
#101=STYLED_ITEM('',(#692),#693);
#102=STYLED_ITEM('',(#694),#695);
#103=STYLED_ITEM('',(#696),#697);
#104=STYLED_ITEM('',(#698),#699);
#105=STYLED_ITEM('',(#700),#701);
#106=STYLED_ITEM('',(#702),#703);
#107=STYLED_ITEM('',(#704),#705);
#108=STYLED_ITEM('',(#706),#707);
#109=STYLED_ITEM('',(#708),#709);
#110=STYLED_ITEM('',(#710),#711);
#111=STYLED_ITEM('',(#712),#713);
#112=STYLED_ITEM('',(#714),#715);
#113=STYLED_ITEM('',(#716),#717);
#114=STYLED_ITEM('',(#718),#719);
#115=STYLED_ITEM('',(#720),#721);
#116=STYLED_ITEM('',(#722),#723);
#117=STYLED_ITEM('',(#724),#725);
#118=STYLED_ITEM('',(#726),#727);
#119=STYLED_ITEM('',(#728),#729);
#120=STYLED_ITEM('',(#730),#731);
#121=STYLED_ITEM('',(#732),#733);
#122=STYLED_ITEM('',(#734),#735);
#123=STYLED_ITEM('',(#736),#737);
#124=STYLED_ITEM('',(#738),#739);
#125=STYLED_ITEM('',(#740),#741);
#126=STYLED_ITEM('',(#742),#743);
#127=STYLED_ITEM('',(#744),#745);
#128=STYLED_ITEM('',(#746),#747);
#129=STYLED_ITEM('',(#748),#749);
#130=STYLED_ITEM('',(#750),#751);
#131=STYLED_ITEM('',(#752),#753);
#132=STYLED_ITEM('',(#754),#755);
#133=STYLED_ITEM('',(#756),#757);
#134=STYLED_ITEM('',(#758),#759);
#135=STYLED_ITEM('',(#760),#761);
#136=STYLED_ITEM('',(#762),#763);
#137=STYLED_ITEM('',(#764),#765);
#138=STYLED_ITEM('',(#766),#767);
#139=STYLED_ITEM('',(#768),#769);
#140=STYLED_ITEM('',(#770),#771);
#141=STYLED_ITEM('',(#772),#773);
#142=STYLED_ITEM('',(#774),#775);
#143=STYLED_ITEM('',(#776),#777);
#144=STYLED_ITEM('',(#778),#779);
#145=STYLED_ITEM('',(#780),#781);
#146=STYLED_ITEM('',(#782),#783);
#147=STYLED_ITEM('',(#784),#785);
#148=STYLED_ITEM('',(#786),#787);
#149=STYLED_ITEM('',(#788),#789);
#150=STYLED_ITEM('',(#790),#791);
#151=STYLED_ITEM('',(#792),#793);
#152=STYLED_ITEM('',(#794),#795);
#153=STYLED_ITEM('',(#796),#797);
#154=STYLED_ITEM('',(#798),#799);
#155=STYLED_ITEM('',(#800),#801);
#156=STYLED_ITEM('',(#802),#803);
#157=STYLED_ITEM('',(#804),#805);
#158=STYLED_ITEM('',(#806),#807);
#159=STYLED_ITEM('',(#808),#809);
#160=STYLED_ITEM('',(#810),#811);
#161=STYLED_ITEM('',(#812),#813);
#162=STYLED_ITEM('',(#814),#815);
#163=STYLED_ITEM('',(#816),#817);
#164=STYLED_ITEM('',(#818),#819);
#165=STYLED_ITEM('',(#820),#821);
#166=STYLED_ITEM('',(#822),#823);
#167=STYLED_ITEM('',(#824),#825);
#168=STYLED_ITEM('',(#826),#827);
#169=STYLED_ITEM('',(#828),#829);
#170=STYLED_ITEM('',(#830),#831);
#171=STYLED_ITEM('',(#832),#833);
#172=STYLED_ITEM('',(#834),#835);
#173=STYLED_ITEM('',(#836),#837);
#174=STYLED_ITEM('',(#838),#839);
#175=STYLED_ITEM('',(#840),#841);
#176=STYLED_ITEM('',(#842),#843);
#177=STYLED_ITEM('',(#844),#845);
#178=STYLED_ITEM('',(#846),#847);
#179=STYLED_ITEM('',(#848),#849);
#180=STYLED_ITEM('',(#850),#851);
#181=STYLED_ITEM('',(#852),#853);
#182=STYLED_ITEM('',(#854),#855);
#183=STYLED_ITEM('',(#856),#857);
#184=STYLED_ITEM('',(#858),#859);
#185=STYLED_ITEM('',(#860),#861);
#186=STYLED_ITEM('',(#862),#863);
#187=STYLED_ITEM('',(#864),#865);
#188=STYLED_ITEM('',(#866),#867);
#189=STYLED_ITEM('',(#868),#869);
#190=STYLED_ITEM('',(#870),#871);
#191=STYLED_ITEM('',(#872),#873);
#192=STYLED_ITEM('',(#874),#875);
#193=STYLED_ITEM('',(#876),#877);
#194=STYLED_ITEM('',(#878),#879);
#195=STYLED_ITEM('',(#880),#881);
#196=STYLED_ITEM('',(#882),#883);
#197=STYLED_ITEM('',(#884),#885);
#198=STYLED_ITEM('',(#886),#887);
#199=STYLED_ITEM('',(#888),#889);
#200=STYLED_ITEM('',(#890),#891);
#201=STYLED_ITEM('',(#892),#893);
#202=STYLED_ITEM('',(#894),#895);
#203=STYLED_ITEM('',(#896),#897);
#204=STYLED_ITEM('',(#898),#899);
#205=STYLED_ITEM('',(#900),#901);
#206=STYLED_ITEM('',(#902),#903);
#207=STYLED_ITEM('',(#904),#905);
#208=STYLED_ITEM('',(#906),#907);
#209=STYLED_ITEM('',(#908),#909);
#210=STYLED_ITEM('',(#910),#911);
#211=STYLED_ITEM('',(#912),#913);
#212=STYLED_ITEM('',(#914),#915);
#213=STYLED_ITEM('',(#916),#917);
#214=STYLED_ITEM('',(#918),#919);
#215=STYLED_ITEM('',(#920),#921);
#216=STYLED_ITEM('',(#922),#923);
#217=STYLED_ITEM('',(#924),#925);
#218=STYLED_ITEM('',(#926),#927);
#219=STYLED_ITEM('',(#928),#929);
#220=STYLED_ITEM('',(#930),#931);
#221=STYLED_ITEM('',(#932),#933);
#222=STYLED_ITEM('',(#934),#935);
#223=STYLED_ITEM('',(#936),#937);
#224=STYLED_ITEM('',(#938),#939);
#225=STYLED_ITEM('',(#940),#941);
#226=STYLED_ITEM('',(#942),#943);
#227=STYLED_ITEM('',(#944),#945);
#228=STYLED_ITEM('',(#946),#947);
#229=STYLED_ITEM('',(#948),#949);
#230=STYLED_ITEM('',(#950),#951);
#231=STYLED_ITEM('',(#952),#953);
#232=STYLED_ITEM('',(#954),#955);
#233=STYLED_ITEM('',(#956),#957);
#234=STYLED_ITEM('',(#958),#959);
#235=STYLED_ITEM('',(#960),#961);
#236=STYLED_ITEM('',(#962),#963);
#237=STYLED_ITEM('',(#964),#965);
#238=STYLED_ITEM('',(#966),#967);
#239=STYLED_ITEM('',(#968),#969);
#240=STYLED_ITEM('',(#970),#971);
#241=STYLED_ITEM('',(#972),#973);
#242=STYLED_ITEM('',(#974),#975);
#243=STYLED_ITEM('',(#976),#977);
#244=STYLED_ITEM('',(#978),#979);
#245=STYLED_ITEM('',(#980),#981);
#246=STYLED_ITEM('',(#982),#983);
#247=STYLED_ITEM('',(#984),#985);
#248=STYLED_ITEM('',(#986),#987);
#249=STYLED_ITEM('',(#988),#989);
#250=STYLED_ITEM('',(#990),#991);
#251=STYLED_ITEM('',(#992),#993);
#252=STYLED_ITEM('',(#994),#995);
#253=STYLED_ITEM('',(#996),#997);
#254=STYLED_ITEM('',(#998),#999);
#255=STYLED_ITEM('',(#1000),#1001);
#256=STYLED_ITEM('',(#1002),#1003);
#257=STYLED_ITEM('',(#1004),#1005);
#258=STYLED_ITEM('',(#1006),#1007);
#259=STYLED_ITEM('',(#1008),#1009);
#260=STYLED_ITEM('',(#1010),#1011);
#261=STYLED_ITEM('',(#1012),#1013);
#262=STYLED_ITEM('',(#1014),#1015);
#263=STYLED_ITEM('',(#1016),#1017);
#264=STYLED_ITEM('',(#1018),#1019);
#265=STYLED_ITEM('',(#1020),#1021);
#266=STYLED_ITEM('',(#1022),#1023);
#267=STYLED_ITEM('',(#1024),#1025);
#268=STYLED_ITEM('',(#1026),#1027);
#269=STYLED_ITEM('',(#1028),#1029);
#270=STYLED_ITEM('',(#1030),#1031);
#271=STYLED_ITEM('',(#1032),#1033);
#272=STYLED_ITEM('',(#1034),#1035);
#273=STYLED_ITEM('',(#1036),#1037);
#274=STYLED_ITEM('',(#1038),#1039);
#275=STYLED_ITEM('',(#1040),#1041);
#276=STYLED_ITEM('',(#1042),#1043);
#277=STYLED_ITEM('',(#1044),#1045);
#278=STYLED_ITEM('',(#1046),#1047);
#279=STYLED_ITEM('',(#1048),#1049);
#280=STYLED_ITEM('',(#1050),#1051);
#281=STYLED_ITEM('',(#1052),#1053);
#282=STYLED_ITEM('',(#1054),#1055);
#283=STYLED_ITEM('',(#1056),#1057);
#284=STYLED_ITEM('',(#1058),#1059);
#285=STYLED_ITEM('',(#1060),#1061);
#286=STYLED_ITEM('',(#1062),#1063);
#287=STYLED_ITEM('',(#1064),#1065);
#288=STYLED_ITEM('',(#1066),#1067);
#289=STYLED_ITEM('',(#1068),#1069);
#290=STYLED_ITEM('',(#1070),#1071);
#291=STYLED_ITEM('',(#1072),#1073);
#292=STYLED_ITEM('',(#1074),#1075);
#293=STYLED_ITEM('',(#1076),#1077);
#294=STYLED_ITEM('',(#1078),#1079);
#295=STYLED_ITEM('',(#1080),#1081);
#296=STYLED_ITEM('',(#1082),#1083);
#297=STYLED_ITEM('',(#1084),#1085);
#298=STYLED_ITEM('',(#1086),#1087);
#299=STYLED_ITEM('',(#1088),#1089);
#300=STYLED_ITEM('',(#1090),#1091);
#301=STYLED_ITEM('',(#1092),#1093);
#302=STYLED_ITEM('',(#1094),#1095);
#303=STYLED_ITEM('',(#1096),#1097);
#304=STYLED_ITEM('',(#1098),#1099);
#305=STYLED_ITEM('',(#1100),#1101);
#306=STYLED_ITEM('',(#1102),#1103);
#307=STYLED_ITEM('',(#1104),#1105);
#308=STYLED_ITEM('',(#1106),#1107);
#309=STYLED_ITEM('',(#1108),#1109);
#310=STYLED_ITEM('',(#1110),#1111);
#311=STYLED_ITEM('',(#1112),#1113);
#312=STYLED_ITEM('',(#1114),#1115);
#313=STYLED_ITEM('',(#1116),#1117);
#314=STYLED_ITEM('',(#1118),#1119);
#315=STYLED_ITEM('',(#1120),#1121);
#316=STYLED_ITEM('',(#1122),#1123);
#317=STYLED_ITEM('',(#1124),#1125);
#318=STYLED_ITEM('',(#1126),#1127);
#319=STYLED_ITEM('',(#1128),#1129);
#320=STYLED_ITEM('',(#1130),#1131);
#321=STYLED_ITEM('',(#1132),#1133);
#322=STYLED_ITEM('',(#1134),#1135);
#323=STYLED_ITEM('',(#1136),#1137);
#324=STYLED_ITEM('',(#1138),#1139);
#325=STYLED_ITEM('',(#1140),#1141);
#326=STYLED_ITEM('',(#1142),#1143);
#327=STYLED_ITEM('',(#1144),#1145);
#328=STYLED_ITEM('',(#1146),#1147);
#329=STYLED_ITEM('',(#1148),#1149);
#330=STYLED_ITEM('',(#1150),#1151);
#331=STYLED_ITEM('',(#1152),#1153);
#332=STYLED_ITEM('',(#1154),#1155);
#333=STYLED_ITEM('',(#1156),#1157);
#334=STYLED_ITEM('',(#1158),#1159);
#335=STYLED_ITEM('',(#1160),#1161);
#336=STYLED_ITEM('',(#1162),#1163);
#337=STYLED_ITEM('',(#1164),#1165);
#338=STYLED_ITEM('',(#1166),#1167);
#339=STYLED_ITEM('',(#1168),#1169);
#340=STYLED_ITEM('',(#1170),#1171);
#341=STYLED_ITEM('',(#1172),#1173);
#342=STYLED_ITEM('',(#1174),#1175);
#343=STYLED_ITEM('',(#1176),#1177);
#344=STYLED_ITEM('',(#1178),#1179);
#345=STYLED_ITEM('',(#1180),#1181);
#346=STYLED_ITEM('',(#1182),#1183);
#347=STYLED_ITEM('',(#1184),#1185);
#348=STYLED_ITEM('',(#1186),#1187);
#349=STYLED_ITEM('',(#1188),#1189);
#350=STYLED_ITEM('',(#1190),#1191);
#351=STYLED_ITEM('',(#1192),#1193);
#352=STYLED_ITEM('',(#1194),#1195);
#353=STYLED_ITEM('',(#1196),#1197);
#354=STYLED_ITEM('',(#1198),#1199);
#355=STYLED_ITEM('',(#1200),#1201);
#356=STYLED_ITEM('',(#1202),#1203);
#357=STYLED_ITEM('',(#1204),#1205);
#358=STYLED_ITEM('',(#1206),#1207);
#359=STYLED_ITEM('',(#1208),#1209);
#360=STYLED_ITEM('',(#1210),#1211);
#361=STYLED_ITEM('',(#1212),#1213);
#362=STYLED_ITEM('',(#1214),#1215);
#363=STYLED_ITEM('',(#1216),#1217);
#364=STYLED_ITEM('',(#1218),#1219);
#365=STYLED_ITEM('',(#1220),#1221);
#366=STYLED_ITEM('',(#1222),#1223);
#367=STYLED_ITEM('',(#1224),#1225);
#368=STYLED_ITEM('',(#1226),#1227);
#369=STYLED_ITEM('',(#1228),#1229);
#370=STYLED_ITEM('',(#1230),#1231);
#371=STYLED_ITEM('',(#1232),#1233);
#372=STYLED_ITEM('',(#1234),#1235);
#373=STYLED_ITEM('',(#1236),#1237);
#374=STYLED_ITEM('',(#1238),#1239);
#375=STYLED_ITEM('',(#1240),#1241);
#376=STYLED_ITEM('',(#1242),#1243);
#377=STYLED_ITEM('',(#1244),#1245);
#378=STYLED_ITEM('',(#1246),#1247);
#379=STYLED_ITEM('',(#1248),#1249);
#380=STYLED_ITEM('',(#1250),#1251);
#381=STYLED_ITEM('',(#1252),#1253);
#382=STYLED_ITEM('',(#1254),#1255);
#383=STYLED_ITEM('',(#1256),#1257);
#384=STYLED_ITEM('',(#1258),#1259);
#385=STYLED_ITEM('',(#1260),#1261);
#386=STYLED_ITEM('',(#1262),#1263);
#387=STYLED_ITEM('',(#1264),#1265);
#388=STYLED_ITEM('',(#1266),#1267);
#389=STYLED_ITEM('',(#1268),#1269);
#390=STYLED_ITEM('',(#1270),#1271);
#391=STYLED_ITEM('',(#1272),#1273);
#392=STYLED_ITEM('',(#1274),#1275);
#393=STYLED_ITEM('',(#1276),#1277);
#394=STYLED_ITEM('',(#1278),#1279);
#395=STYLED_ITEM('',(#1280),#1281);
#396=STYLED_ITEM('',(#1282),#1283);
#397=STYLED_ITEM('',(#1284),#1285);
#398=STYLED_ITEM('',(#1286),#1287);
#399=STYLED_ITEM('',(#1288),#1289);
#400=STYLED_ITEM('',(#1290),#1291);
#401=STYLED_ITEM('',(#1292),#1293);
#402=STYLED_ITEM('',(#1294),#1295);
#403=STYLED_ITEM('',(#1296),#1297);
#404=STYLED_ITEM('',(#1298),#1299);
#405=STYLED_ITEM('',(#1300),#1301);
#406=STYLED_ITEM('',(#1302),#1303);
#407=STYLED_ITEM('',(#1304),#1305);
#408=STYLED_ITEM('',(#1306),#1307);
#409=STYLED_ITEM('',(#1308),#1309);
#410=STYLED_ITEM('',(#1310),#1311);
#411=STYLED_ITEM('',(#1312),#1313);
#412=STYLED_ITEM('',(#1314),#1315);
#413=STYLED_ITEM('',(#1316),#1317);
#414=STYLED_ITEM('',(#1318),#1319);
#415=STYLED_ITEM('',(#1320),#1321);
#416=STYLED_ITEM('',(#1322),#1323);
#417=STYLED_ITEM('',(#1324),#1325);
#418=STYLED_ITEM('',(#1326),#1327);
#419=STYLED_ITEM('',(#1328),#1329);
#420=STYLED_ITEM('',(#1330),#1331);
#421=STYLED_ITEM('',(#1332),#1333);
#422=STYLED_ITEM('',(#1334),#1335);
#423=STYLED_ITEM('',(#1336),#1337);
#424=STYLED_ITEM('',(#1338),#1339);
#425=STYLED_ITEM('',(#1340),#1341);
#426=STYLED_ITEM('',(#1342),#1343);
#427=STYLED_ITEM('',(#1344),#1345);
#428=STYLED_ITEM('',(#1346),#1347);
#429=STYLED_ITEM('',(#1348),#1349);
#430=STYLED_ITEM('',(#1350),#1351);
#431=STYLED_ITEM('',(#1352),#1353);
#432=STYLED_ITEM('',(#1354),#1355);
#433=STYLED_ITEM('',(#1356),#1357);
#434=STYLED_ITEM('',(#1358),#1359);
#435=STYLED_ITEM('',(#1360),#1361);
#436=STYLED_ITEM('',(#1362),#1363);
#437=STYLED_ITEM('',(#1364),#1365);
#438=STYLED_ITEM('',(#1366),#1367);
#439=STYLED_ITEM('',(#1368),#1369);
#440=STYLED_ITEM('',(#1370),#1371);
#441=STYLED_ITEM('',(#1372),#1373);
#442=STYLED_ITEM('',(#1374),#1375);
#443=STYLED_ITEM('',(#1376),#1377);
#444=STYLED_ITEM('',(#1378),#1379);
#445=STYLED_ITEM('',(#1380),#1381);
#446=STYLED_ITEM('',(#1382),#1383);
#447=STYLED_ITEM('',(#1384),#1385);
#448=STYLED_ITEM('',(#1386),#1387);
#449=STYLED_ITEM('',(#1388),#1389);
#450=STYLED_ITEM('',(#1390),#1391);
#451=STYLED_ITEM('',(#1392),#1393);
#452=STYLED_ITEM('',(#1394),#1395);
#453=STYLED_ITEM('',(#1396),#1397);
#454=STYLED_ITEM('',(#1398),#1399);
#455=STYLED_ITEM('',(#1400),#1401);
#456=STYLED_ITEM('',(#1402),#1403);
#457=STYLED_ITEM('',(#1404),#1405);
#458=STYLED_ITEM('',(#1406),#1407);
#459=STYLED_ITEM('',(#1408),#1409);
#460=STYLED_ITEM('',(#1410),#1411);
#461=STYLED_ITEM('',(#1412),#1413);
#462=STYLED_ITEM('',(#1414),#1415);
#463=STYLED_ITEM('',(#1416),#1417);
#464=STYLED_ITEM('',(#1418),#1419);
#465=STYLED_ITEM('',(#1420),#1421);
#466=STYLED_ITEM('',(#1422),#1423);
#467=STYLED_ITEM('',(#1424),#1425);
#468=STYLED_ITEM('',(#1426),#1427);
#469=STYLED_ITEM('',(#1428),#1429);
#470=STYLED_ITEM('',(#1430),#1431);
#471=STYLED_ITEM('',(#1432),#1433);
#472=STYLED_ITEM('',(#1434),#1435);
#473=STYLED_ITEM('',(#1436),#1437);
#474=STYLED_ITEM('',(#1438),#1439);
#475=STYLED_ITEM('',(#1440),#1441);
#476=STYLED_ITEM('',(#1442),#1443);
#477=STYLED_ITEM('',(#1444),#1445);
#478=STYLED_ITEM('',(#1446),#1447);
#479=STYLED_ITEM('',(#1448),#1449);
#480=STYLED_ITEM('',(#1450),#1451);
#481=STYLED_ITEM('',(#1452),#1453);
#482=STYLED_ITEM('',(#1454),#1455);
#483=STYLED_ITEM('',(#1456),#1457);
#484=STYLED_ITEM('',(#1458),#1459);
#485=STYLED_ITEM('',(#1460),#1461);
#486=STYLED_ITEM('',(#1462),#1463);
#487=STYLED_ITEM('',(#1464),#1465);
#488=STYLED_ITEM('',(#1466),#1467);
#489=STYLED_ITEM('',(#1468),#1469);
#490=STYLED_ITEM('',(#1470),#1471);
#491=STYLED_ITEM('',(#1472),#1473);
#492=STYLED_ITEM('',(#1474),#1475);
#493=STYLED_ITEM('',(#1476),#1477);
#494=STYLED_ITEM('',(#1478),#1479);
#495=STYLED_ITEM('',(#1480),#1481);
#496=STYLED_ITEM('',(#1482),#1483);
#497=APPLICATION_CONTEXT(' ');
#498=PRODUCT_CATEGORY('part','NONE');
#499=PRODUCT_RELATED_PRODUCT_CATEGORY('detail',' ',(#1484));
#500=PRODUCT_DEFINITION_SHAPE('NONE','NONE',#1485);
#501=ADVANCED_BREP_SHAPE_REPRESENTATION('Translate_4739821',(#819,#1486),#6);
#504=UNCERTAINTY_MEASURE_WITH_UNIT(LENGTH_MEASURE(1.0E-006),#506,'','');
#506= (CONVERSION_BASED_UNIT('INCH',#1489)LENGTH_UNIT()NAMED_UNIT(#1492));
#507= (NAMED_UNIT(#1494)PLANE_ANGLE_UNIT()SI_UNIT($,.RADIAN.));
#508= (NAMED_UNIT(#1494)SOLID_ANGLE_UNIT()SI_UNIT($,.STERADIAN.));
#510=PRESENTATION_STYLE_ASSIGNMENT((#1500));
#511=ADVANCED_FACE('',(#1501),#1502,.F.);
#512=PRESENTATION_STYLE_ASSIGNMENT((#1503));
#513=ADVANCED_FACE('',(#1504),#1505,.T.);
#514=PRESENTATION_STYLE_ASSIGNMENT((#1506));
#515=ADVANCED_FACE('',(#1507),#1508,.T.);
#516=PRESENTATION_STYLE_ASSIGNMENT((#1509));
#517=ADVANCED_FACE('',(#1510),#1511,.T.);
#518=PRESENTATION_STYLE_ASSIGNMENT((#1512));
#519=ADVANCED_FACE('',(#1513),#1514,.T.);
#520=PRESENTATION_STYLE_ASSIGNMENT((#1515));
#521=ADVANCED_FACE('',(#1516),#1517,.T.);
#522=PRESENTATION_STYLE_ASSIGNMENT((#1518));
#523=ADVANCED_FACE('',(#1519),#1520,.T.);
#524=PRESENTATION_STYLE_ASSIGNMENT((#1521));
#525=ADVANCED_FACE('',(#1522),#1523,.T.);
#526=PRESENTATION_STYLE_ASSIGNMENT((#1524));
#527=ADVANCED_FACE('',(#1525),#1526,.T.);
#528=PRESENTATION_STYLE_ASSIGNMENT((#1527));
#529=ADVANCED_FACE('',(#1528),#1529,.T.);
#530=PRESENTATION_STYLE_ASSIGNMENT((#1530));
#531=ADVANCED_FACE('',(#1531),#1532,.F.);
#532=PRESENTATION_STYLE_ASSIGNMENT((#1533));
#533=ADVANCED_FACE('',(#1534),#1535,.T.);
#534=PRESENTATION_STYLE_ASSIGNMENT((#1536));
#535=ADVANCED_FACE('',(#1537),#1538,.F.);
#536=PRESENTATION_STYLE_ASSIGNMENT((#1539));
#537=ADVANCED_FACE('',(#1540),#1541,.T.);
#538=PRESENTATION_STYLE_ASSIGNMENT((#1542));
#539=ADVANCED_FACE('',(#1543),#1544,.T.);
#540=PRESENTATION_STYLE_ASSIGNMENT((#1545));
#541=ADVANCED_FACE('',(#1546),#1547,.F.);
#542=PRESENTATION_STYLE_ASSIGNMENT((#1548));
#543=ADVANCED_FACE('',(#1549,#1550),#1551,.F.);
#544=PRESENTATION_STYLE_ASSIGNMENT((#1552));
#545=ADVANCED_FACE('',(#1553),#1554,.T.);
#546=PRESENTATION_STYLE_ASSIGNMENT((#1555));
#547=ADVANCED_FACE('',(#1556),#1557,.F.);
#548=PRESENTATION_STYLE_ASSIGNMENT((#1558));
#549=ADVANCED_FACE('',(#1559),#1560,.F.);
#550=PRESENTATION_STYLE_ASSIGNMENT((#1561));
#551=ADVANCED_FACE('',(#1562),#1563,.F.);
#552=PRESENTATION_STYLE_ASSIGNMENT((#1564));
#553=ADVANCED_FACE('',(#1565),#1566,.F.);
#554=PRESENTATION_STYLE_ASSIGNMENT((#1567));
#555=ADVANCED_FACE('',(#1568),#1569,.T.);
#556=PRESENTATION_STYLE_ASSIGNMENT((#1570));
#557=ADVANCED_FACE('',(#1571,#1572),#1573,.F.);
#558=PRESENTATION_STYLE_ASSIGNMENT((#1574));
#559=ADVANCED_FACE('',(#1575),#1576,.F.);
#560=PRESENTATION_STYLE_ASSIGNMENT((#1577));
#561=ADVANCED_FACE('',(#1578),#1579,.F.);
#562=PRESENTATION_STYLE_ASSIGNMENT((#1580));
#563=ADVANCED_FACE('',(#1581),#1582,.F.);
#564=PRESENTATION_STYLE_ASSIGNMENT((#1583));
#565=ADVANCED_FACE('',(#1584),#1585,.T.);
#566=PRESENTATION_STYLE_ASSIGNMENT((#1586));
#567=ADVANCED_FACE('',(#1587),#1588,.F.);
#568=PRESENTATION_STYLE_ASSIGNMENT((#1589));
#569=ADVANCED_FACE('',(#1590),#1591,.T.);
#570=PRESENTATION_STYLE_ASSIGNMENT((#1592));
#571=ADVANCED_FACE('',(#1593),#1594,.T.);
#572=PRESENTATION_STYLE_ASSIGNMENT((#1595));
#573=ADVANCED_FACE('',(#1596),#1597,.F.);
#574=PRESENTATION_STYLE_ASSIGNMENT((#1598));
#575=ADVANCED_FACE('',(#1599),#1600,.F.);
#576=PRESENTATION_STYLE_ASSIGNMENT((#1601));
#577=ADVANCED_FACE('',(#1602),#1603,.T.);
#578=PRESENTATION_STYLE_ASSIGNMENT((#1604));
#579=ADVANCED_FACE('',(#1605),#1606,.T.);
#580=PRESENTATION_STYLE_ASSIGNMENT((#1607));
#581=ADVANCED_FACE('',(#1608),#1609,.T.);
#582=PRESENTATION_STYLE_ASSIGNMENT((#1610));
#583=ADVANCED_FACE('',(#1611),#1612,.T.);
#584=PRESENTATION_STYLE_ASSIGNMENT((#1613));
#585=ADVANCED_FACE('',(#1614),#1615,.T.);
#586=PRESENTATION_STYLE_ASSIGNMENT((#1616));
#587=ADVANCED_FACE('',(#1617),#1618,.T.);
#588=PRESENTATION_STYLE_ASSIGNMENT((#1619));
#589=ADVANCED_FACE('',(#1620),#1621,.T.);
#590=PRESENTATION_STYLE_ASSIGNMENT((#1622));
#591=ADVANCED_FACE('',(#1623),#1624,.T.);
#592=PRESENTATION_STYLE_ASSIGNMENT((#1625));
#593=ADVANCED_FACE('',(#1626,#1627,#1628,#1629,#1630,#1631,#1632,#1633,#1634,#1635,#1636,#1637,#1638,#1639,#1640,#1641,#1642,#1643,#1644,#1645,#1646,#1647,#1648,#1649,#1650,#1651,#1652,#1653,#1654,#1655,#1656,#1657,#1658,#1659,#1660,#1661,#1662,#1663,#1664,#1665,#1666,#1667,#1668,#1669,#1670,#1671,#1672,#1673,#1674,#1675,#1676,#1677,#1678,#1679,#1680,#1681,#1682,#1683,#1684,#1685,#1686,#1687,#1688,#1689,#1690,#1691,#1692,#1693,#1694,#1695,#1696,#1697,#1698,#1699),#1700,.F.);
#594=PRESENTATION_STYLE_ASSIGNMENT((#1701));
#595=ADVANCED_FACE('',(#1702),#1703,.T.);
#596=PRESENTATION_STYLE_ASSIGNMENT((#1704));
#597=ADVANCED_FACE('',(#1705),#1706,.T.);
#598=PRESENTATION_STYLE_ASSIGNMENT((#1707));
#599=ADVANCED_FACE('',(#1708),#1709,.T.);
#600=PRESENTATION_STYLE_ASSIGNMENT((#1710));
#601=ADVANCED_FACE('',(#1711),#1712,.F.);
#602=PRESENTATION_STYLE_ASSIGNMENT((#1713));
#603=ADVANCED_FACE('',(#1714),#1715,.F.);
#604=PRESENTATION_STYLE_ASSIGNMENT((#1716));
#605=ADVANCED_FACE('',(#1717),#1718,.F.);
#606=PRESENTATION_STYLE_ASSIGNMENT((#1719));
#607=ADVANCED_FACE('',(#1720),#1721,.T.);
#608=PRESENTATION_STYLE_ASSIGNMENT((#1722));
#609=ADVANCED_FACE('',(#1723),#1724,.T.);
#610=PRESENTATION_STYLE_ASSIGNMENT((#1725));
#611=ADVANCED_FACE('',(#1726),#1727,.T.);
#612=PRESENTATION_STYLE_ASSIGNMENT((#1728));
#613=ADVANCED_FACE('',(#1729),#1730,.T.);
#614=PRESENTATION_STYLE_ASSIGNMENT((#1731));
#615=ADVANCED_FACE('',(#1732),#1733,.T.);
#616=PRESENTATION_STYLE_ASSIGNMENT((#1734));
#617=ADVANCED_FACE('',(#1735),#1736,.F.);
#618=PRESENTATION_STYLE_ASSIGNMENT((#1737));
#619=ADVANCED_FACE('',(#1738),#1739,.T.);
#620=PRESENTATION_STYLE_ASSIGNMENT((#1740));
#621=ADVANCED_FACE('',(#1741),#1742,.F.);
#622=PRESENTATION_STYLE_ASSIGNMENT((#1743));
#623=ADVANCED_FACE('',(#1744),#1745,.T.);
#624=PRESENTATION_STYLE_ASSIGNMENT((#1746));
#625=ADVANCED_FACE('',(#1747),#1748,.F.);
#626=PRESENTATION_STYLE_ASSIGNMENT((#1749));
#627=ADVANCED_FACE('',(#1750),#1751,.F.);
#628=PRESENTATION_STYLE_ASSIGNMENT((#1752));
#629=ADVANCED_FACE('',(#1753),#1754,.T.);
#630=PRESENTATION_STYLE_ASSIGNMENT((#1755));
#631=ADVANCED_FACE('',(#1756),#1757,.T.);
#632=PRESENTATION_STYLE_ASSIGNMENT((#1758));
#633=ADVANCED_FACE('',(#1759),#1760,.T.);
#634=PRESENTATION_STYLE_ASSIGNMENT((#1761));
#635=ADVANCED_FACE('',(#1762),#1763,.T.);
#636=PRESENTATION_STYLE_ASSIGNMENT((#1764));
#637=ADVANCED_FACE('',(#1765,#1766),#1767,.F.);
#638=PRESENTATION_STYLE_ASSIGNMENT((#1768));
#639=ADVANCED_FACE('',(#1769),#1770,.T.);
#640=PRESENTATION_STYLE_ASSIGNMENT((#1771));
#641=ADVANCED_FACE('',(#1772),#1773,.T.);
#642=PRESENTATION_STYLE_ASSIGNMENT((#1774));
#643=ADVANCED_FACE('',(#1775),#1776,.T.);
#644=PRESENTATION_STYLE_ASSIGNMENT((#1777));
#645=ADVANCED_FACE('',(#1778),#1779,.F.);
#646=PRESENTATION_STYLE_ASSIGNMENT((#1780));
#647=ADVANCED_FACE('',(#1781),#1782,.T.);
#648=PRESENTATION_STYLE_ASSIGNMENT((#1783));
#649=ADVANCED_FACE('',(#1784),#1785,.T.);
#650=PRESENTATION_STYLE_ASSIGNMENT((#1786));
#651=ADVANCED_FACE('',(#1787),#1788,.F.);
#652=PRESENTATION_STYLE_ASSIGNMENT((#1789));
#653=ADVANCED_FACE('',(#1790),#1791,.T.);
#654=PRESENTATION_STYLE_ASSIGNMENT((#1792));
#655=ADVANCED_FACE('',(#1793),#1794,.T.);
#656=PRESENTATION_STYLE_ASSIGNMENT((#1795));
#657=ADVANCED_FACE('',(#1796),#1797,.T.);
#658=PRESENTATION_STYLE_ASSIGNMENT((#1798));
#659=ADVANCED_FACE('',(#1799),#1800,.T.);
#660=PRESENTATION_STYLE_ASSIGNMENT((#1801));
#661=ADVANCED_FACE('',(#1802),#1803,.T.);
#662=PRESENTATION_STYLE_ASSIGNMENT((#1804));
#663=ADVANCED_FACE('',(#1805),#1806,.T.);
#664=PRESENTATION_STYLE_ASSIGNMENT((#1807));
#665=ADVANCED_FACE('',(#1808),#1809,.F.);
#666=PRESENTATION_STYLE_ASSIGNMENT((#1810));
#667=ADVANCED_FACE('',(#1811),#1812,.T.);
#668=PRESENTATION_STYLE_ASSIGNMENT((#1813));
#669=ADVANCED_FACE('',(#1814),#1815,.T.);
#670=PRESENTATION_STYLE_ASSIGNMENT((#1816));
#671=ADVANCED_FACE('',(#1817),#1818,.F.);
#672=PRESENTATION_STYLE_ASSIGNMENT((#1819));
#673=ADVANCED_FACE('',(#1820),#1821,.T.);
#674=PRESENTATION_STYLE_ASSIGNMENT((#1822));
#675=ADVANCED_FACE('',(#1823),#1824,.T.);
#676=PRESENTATION_STYLE_ASSIGNMENT((#1825));
#677=ADVANCED_FACE('',(#1826),#1827,.F.);
#678=PRESENTATION_STYLE_ASSIGNMENT((#1828));
#679=ADVANCED_FACE('',(#1829),#1830,.F.);
#680=PRESENTATION_STYLE_ASSIGNMENT((#1831));
#681=ADVANCED_FACE('',(#1832),#1833,.F.);
#682=PRESENTATION_STYLE_ASSIGNMENT((#1834));
#683=ADVANCED_FACE('',(#1835),#1836,.T.);
#684=PRESENTATION_STYLE_ASSIGNMENT((#1837));
#685=ADVANCED_FACE('',(#1838),#1839,.F.);
#686=PRESENTATION_STYLE_ASSIGNMENT((#1840));
#687=ADVANCED_FACE('',(#1841),#1842,.T.);
#688=PRESENTATION_STYLE_ASSIGNMENT((#1843));
#689=ADVANCED_FACE('',(#1844),#1845,.T.);
#690=PRESENTATION_STYLE_ASSIGNMENT((#1846));
#691=ADVANCED_FACE('',(#1847),#1848,.T.);
#692=PRESENTATION_STYLE_ASSIGNMENT((#1849));
#693=ADVANCED_FACE('',(#1850),#1851,.F.);
#694=PRESENTATION_STYLE_ASSIGNMENT((#1852));
#695=ADVANCED_FACE('',(#1853),#1854,.F.);
#696=PRESENTATION_STYLE_ASSIGNMENT((#1855));
#697=ADVANCED_FACE('',(#1856),#1857,.T.);
#698=PRESENTATION_STYLE_ASSIGNMENT((#1858));
#699=ADVANCED_FACE('',(#1859),#1860,.T.);
#700=PRESENTATION_STYLE_ASSIGNMENT((#1861));
#701=ADVANCED_FACE('',(#1862),#1863,.F.);
#702=PRESENTATION_STYLE_ASSIGNMENT((#1864));
#703=ADVANCED_FACE('',(#1865),#1866,.T.);
#704=PRESENTATION_STYLE_ASSIGNMENT((#1867));
#705=ADVANCED_FACE('',(#1868),#1869,.F.);
#706=PRESENTATION_STYLE_ASSIGNMENT((#1870));
#707=ADVANCED_FACE('',(#1871),#1872,.T.);
#708=PRESENTATION_STYLE_ASSIGNMENT((#1873));
#709=ADVANCED_FACE('',(#1874),#1875,.F.);
#710=PRESENTATION_STYLE_ASSIGNMENT((#1876));
#711=ADVANCED_FACE('',(#1877),#1878,.F.);
#712=PRESENTATION_STYLE_ASSIGNMENT((#1879));
#713=ADVANCED_FACE('',(#1880),#1881,.T.);
#714=PRESENTATION_STYLE_ASSIGNMENT((#1882));
#715=ADVANCED_FACE('',(#1883),#1884,.T.);
#716=PRESENTATION_STYLE_ASSIGNMENT((#1885));
#717=ADVANCED_FACE('',(#1886),#1887,.T.);
#718=PRESENTATION_STYLE_ASSIGNMENT((#1888));
#719=ADVANCED_FACE('',(#1889),#1890,.F.);
#720=PRESENTATION_STYLE_ASSIGNMENT((#1891));
#721=ADVANCED_FACE('',(#1892),#1893,.F.);
#722=PRESENTATION_STYLE_ASSIGNMENT((#1894));
#723=ADVANCED_FACE('',(#1895),#1896,.F.);
#724=PRESENTATION_STYLE_ASSIGNMENT((#1897));
#725=ADVANCED_FACE('',(#1898),#1899,.T.);
#726=PRESENTATION_STYLE_ASSIGNMENT((#1900));
#727=ADVANCED_FACE('',(#1901),#1902,.F.);
#728=PRESENTATION_STYLE_ASSIGNMENT((#1903));
#729=ADVANCED_FACE('',(#1904),#1905,.T.);
#730=PRESENTATION_STYLE_ASSIGNMENT((#1906));
#731=ADVANCED_FACE('',(#1907),#1908,.T.);
#732=PRESENTATION_STYLE_ASSIGNMENT((#1909));
#733=ADVANCED_FACE('',(#1910),#1911,.T.);
#734=PRESENTATION_STYLE_ASSIGNMENT((#1912));
#735=ADVANCED_FACE('',(#1913),#1914,.F.);
#736=PRESENTATION_STYLE_ASSIGNMENT((#1915));
#737=ADVANCED_FACE('',(#1916),#1917,.F.);
#738=PRESENTATION_STYLE_ASSIGNMENT((#1918));
#739=ADVANCED_FACE('',(#1919),#1920,.T.);
#740=PRESENTATION_STYLE_ASSIGNMENT((#1921));
#741=ADVANCED_FACE('',(#1922),#1923,.F.);
#742=PRESENTATION_STYLE_ASSIGNMENT((#1924));
#743=ADVANCED_FACE('',(#1925),#1926,.F.);
#744=PRESENTATION_STYLE_ASSIGNMENT((#1927));
#745=ADVANCED_FACE('',(#1928),#1929,.T.);
#746=PRESENTATION_STYLE_ASSIGNMENT((#1930));
#747=ADVANCED_FACE('',(#1931),#1932,.T.);
#748=PRESENTATION_STYLE_ASSIGNMENT((#1933));
#749=ADVANCED_FACE('',(#1934),#1935,.T.);
#750=PRESENTATION_STYLE_ASSIGNMENT((#1936));
#751=ADVANCED_FACE('',(#1937),#1938,.F.);
#752=PRESENTATION_STYLE_ASSIGNMENT((#1939));
#753=ADVANCED_FACE('',(#1940),#1941,.F.);
#754=PRESENTATION_STYLE_ASSIGNMENT((#1942));
#755=ADVANCED_FACE('',(#1943),#1944,.F.);
#756=PRESENTATION_STYLE_ASSIGNMENT((#1945));
#757=ADVANCED_FACE('',(#1946),#1947,.T.);
#758=PRESENTATION_STYLE_ASSIGNMENT((#1948));
#759=ADVANCED_FACE('',(#1949),#1950,.F.);
#760=PRESENTATION_STYLE_ASSIGNMENT((#1951));
#761=ADVANCED_FACE('',(#1952),#1953,.T.);
#762=PRESENTATION_STYLE_ASSIGNMENT((#1954));
#763=ADVANCED_FACE('',(#1955),#1956,.T.);
#764=PRESENTATION_STYLE_ASSIGNMENT((#1957));
#765=ADVANCED_FACE('',(#1958),#1959,.F.);
#766=PRESENTATION_STYLE_ASSIGNMENT((#1960));
#767=ADVANCED_FACE('',(#1961),#1962,.T.);
#768=PRESENTATION_STYLE_ASSIGNMENT((#1963));
#769=ADVANCED_FACE('',(#1964),#1965,.F.);
#770=PRESENTATION_STYLE_ASSIGNMENT((#1966));
#771=ADVANCED_FACE('',(#1967),#1968,.F.);
#772=PRESENTATION_STYLE_ASSIGNMENT((#1969));
#773=ADVANCED_FACE('',(#1970),#1971,.T.);
#774=PRESENTATION_STYLE_ASSIGNMENT((#1972));
#775=ADVANCED_FACE('',(#1973),#1974,.F.);
#776=PRESENTATION_STYLE_ASSIGNMENT((#1975));
#777=ADVANCED_FACE('',(#1976),#1977,.T.);
#778=PRESENTATION_STYLE_ASSIGNMENT((#1978));
#779=ADVANCED_FACE('',(#1979),#1980,.F.);
#780=PRESENTATION_STYLE_ASSIGNMENT((#1981));
#781=ADVANCED_FACE('',(#1982),#1983,.T.);
#782=PRESENTATION_STYLE_ASSIGNMENT((#1984));
#783=ADVANCED_FACE('',(#1985),#1986,.T.);
#784=PRESENTATION_STYLE_ASSIGNMENT((#1987));
#785=ADVANCED_FACE('',(#1988),#1989,.F.);
#786=PRESENTATION_STYLE_ASSIGNMENT((#1990));
#787=ADVANCED_FACE('',(#1991),#1992,.F.);
#788=PRESENTATION_STYLE_ASSIGNMENT((#1993));
#789=ADVANCED_FACE('',(#1994),#1995,.F.);
#790=PRESENTATION_STYLE_ASSIGNMENT((#1996));
#791=ADVANCED_FACE('',(#1997),#1998,.T.);
#792=PRESENTATION_STYLE_ASSIGNMENT((#1999));
#793=ADVANCED_FACE('',(#2000),#2001,.T.);
#794=PRESENTATION_STYLE_ASSIGNMENT((#2002));
#795=ADVANCED_FACE('',(#2003),#2004,.T.);
#796=PRESENTATION_STYLE_ASSIGNMENT((#2005));
#797=ADVANCED_FACE('',(#2006),#2007,.T.);
#798=PRESENTATION_STYLE_ASSIGNMENT((#2008));
#799=ADVANCED_FACE('',(#2009),#2010,.F.);
#800=PRESENTATION_STYLE_ASSIGNMENT((#2011));
#801=ADVANCED_FACE('',(#2012),#2013,.F.);
#802=PRESENTATION_STYLE_ASSIGNMENT((#2014));
#803=ADVANCED_FACE('',(#2015),#2016,.T.);
#804=PRESENTATION_STYLE_ASSIGNMENT((#2017));
#805=ADVANCED_FACE('',(#2018),#2019,.T.);
#806=PRESENTATION_STYLE_ASSIGNMENT((#2020));
#807=ADVANCED_FACE('',(#2021),#2022,.F.);
#808=PRESENTATION_STYLE_ASSIGNMENT((#2023));
#809=ADVANCED_FACE('',(#2024),#2025,.F.);
#810=PRESENTATION_STYLE_ASSIGNMENT((#2026));
#811=ADVANCED_FACE('',(#2027),#2028,.F.);
#812=PRESENTATION_STYLE_ASSIGNMENT((#2029));
#813=ADVANCED_FACE('',(#2030),#2031,.T.);
#814=PRESENTATION_STYLE_ASSIGNMENT((#2032));
#815=ADVANCED_FACE('',(#2033),#2034,.F.);
#816=PRESENTATION_STYLE_ASSIGNMENT((#2035));
#817=ADVANCED_FACE('',(#2036),#2037,.T.);
#818=PRESENTATION_STYLE_ASSIGNMENT((#2038));
#819=MANIFOLD_SOLID_BREP('Translate_4739821',#2039);
#820=PRESENTATION_STYLE_ASSIGNMENT((#2040));
#821=ADVANCED_FACE('',(#2041),#2042,.F.);
#822=PRESENTATION_STYLE_ASSIGNMENT((#2043));
#823=ADVANCED_FACE('',(#2044),#2045,.F.);
#824=PRESENTATION_STYLE_ASSIGNMENT((#2046));
#825=ADVANCED_FACE('',(#2047),#2048,.F.);
#826=PRESENTATION_STYLE_ASSIGNMENT((#2049));
#827=ADVANCED_FACE('',(#2050),#2051,.T.);
#828=PRESENTATION_STYLE_ASSIGNMENT((#2052));
#829=ADVANCED_FACE('',(#2053),#2054,.T.);
#830=PRESENTATION_STYLE_ASSIGNMENT((#2055));
#831=ADVANCED_FACE('',(#2056),#2057,.T.);
#832=PRESENTATION_STYLE_ASSIGNMENT((#2058));
#833=ADVANCED_FACE('',(#2059),#2060,.T.);
#834=PRESENTATION_STYLE_ASSIGNMENT((#2061));
#835=ADVANCED_FACE('',(#2062),#2063,.T.);
#836=PRESENTATION_STYLE_ASSIGNMENT((#2064));
#837=ADVANCED_FACE('',(#2065),#2066,.T.);
#838=PRESENTATION_STYLE_ASSIGNMENT((#2067));
#839=ADVANCED_FACE('',(#2068),#2069,.T.);
#840=PRESENTATION_STYLE_ASSIGNMENT((#2070));
#841=ADVANCED_FACE('',(#2071),#2072,.F.);
#842=PRESENTATION_STYLE_ASSIGNMENT((#2073));
#843=ADVANCED_FACE('',(#2074),#2075,.T.);
#844=PRESENTATION_STYLE_ASSIGNMENT((#2076));
#845=ADVANCED_FACE('',(#2077),#2078,.F.);
#846=PRESENTATION_STYLE_ASSIGNMENT((#2079));
#847=ADVANCED_FACE('',(#2080),#2081,.T.);
#848=PRESENTATION_STYLE_ASSIGNMENT((#2082));
#849=ADVANCED_FACE('',(#2083),#2084,.F.);
#850=PRESENTATION_STYLE_ASSIGNMENT((#2085));
#851=ADVANCED_FACE('',(#2086),#2087,.F.);
#852=PRESENTATION_STYLE_ASSIGNMENT((#2088));
#853=ADVANCED_FACE('',(#2089),#2090,.F.);
#854=PRESENTATION_STYLE_ASSIGNMENT((#2091));
#855=ADVANCED_FACE('',(#2092),#2093,.T.);
#856=PRESENTATION_STYLE_ASSIGNMENT((#2094));
#857=ADVANCED_FACE('',(#2095),#2096,.F.);
#858=PRESENTATION_STYLE_ASSIGNMENT((#2097));
#859=ADVANCED_FACE('',(#2098),#2099,.T.);
#860=PRESENTATION_STYLE_ASSIGNMENT((#2100));
#861=ADVANCED_FACE('',(#2101),#2102,.T.);
#862=PRESENTATION_STYLE_ASSIGNMENT((#2103));
#863=ADVANCED_FACE('',(#2104),#2105,.T.);
#864=PRESENTATION_STYLE_ASSIGNMENT((#2106));
#865=ADVANCED_FACE('',(#2107),#2108,.T.);
#866=PRESENTATION_STYLE_ASSIGNMENT((#2109));
#867=ADVANCED_FACE('',(#2110),#2111,.F.);
#868=PRESENTATION_STYLE_ASSIGNMENT((#2112));
#869=ADVANCED_FACE('',(#2113),#2114,.F.);
#870=PRESENTATION_STYLE_ASSIGNMENT((#2115));
#871=ADVANCED_FACE('',(#2116),#2117,.F.);
#872=PRESENTATION_STYLE_ASSIGNMENT((#2118));
#873=ADVANCED_FACE('',(#2119),#2120,.T.);
#874=PRESENTATION_STYLE_ASSIGNMENT((#2121));
#875=ADVANCED_FACE('',(#2122),#2123,.F.);
#876=PRESENTATION_STYLE_ASSIGNMENT((#2124));
#877=ADVANCED_FACE('',(#2125),#2126,.T.);
#878=PRESENTATION_STYLE_ASSIGNMENT((#2127));
#879=ADVANCED_FACE('',(#2128),#2129,.T.);
#880=PRESENTATION_STYLE_ASSIGNMENT((#2130));
#881=ADVANCED_FACE('',(#2131),#2132,.F.);
#882=PRESENTATION_STYLE_ASSIGNMENT((#2133));
#883=ADVANCED_FACE('',(#2134),#2135,.F.);
#884=PRESENTATION_STYLE_ASSIGNMENT((#2136));
#885=ADVANCED_FACE('',(#2137),#2138,.F.);
#886=PRESENTATION_STYLE_ASSIGNMENT((#2139));
#887=ADVANCED_FACE('',(#2140),#2141,.F.);
#888=PRESENTATION_STYLE_ASSIGNMENT((#2142));
#889=ADVANCED_FACE('',(#2143),#2144,.T.);
#890=PRESENTATION_STYLE_ASSIGNMENT((#2145));
#891=ADVANCED_FACE('',(#2146),#2147,.T.);
#892=PRESENTATION_STYLE_ASSIGNMENT((#2148));
#893=ADVANCED_FACE('',(#2149),#2150,.T.);
#894=PRESENTATION_STYLE_ASSIGNMENT((#2151));
#895=ADVANCED_FACE('',(#2152),#2153,.T.);
#896=PRESENTATION_STYLE_ASSIGNMENT((#2154));
#897=ADVANCED_FACE('',(#2155),#2156,.T.);
#898=PRESENTATION_STYLE_ASSIGNMENT((#2157));
#899=ADVANCED_FACE('',(#2158),#2159,.T.);
#900=PRESENTATION_STYLE_ASSIGNMENT((#2160));
#901=ADVANCED_FACE('',(#2161),#2162,.F.);
#902=PRESENTATION_STYLE_ASSIGNMENT((#2163));
#903=ADVANCED_FACE('',(#2164),#2165,.T.);
#904=PRESENTATION_STYLE_ASSIGNMENT((#2166));
#905=ADVANCED_FACE('',(#2167),#2168,.T.);
#906=PRESENTATION_STYLE_ASSIGNMENT((#2169));
#907=ADVANCED_FACE('',(#2170),#2171,.F.);
#908=PRESENTATION_STYLE_ASSIGNMENT((#2172));
#909=ADVANCED_FACE('',(#2173),#2174,.T.);
#910=PRESENTATION_STYLE_ASSIGNMENT((#2175));
#911=ADVANCED_FACE('',(#2176),#2177,.T.);
#912=PRESENTATION_STYLE_ASSIGNMENT((#2178));
#913=ADVANCED_FACE('',(#2179),#2180,.T.);
#914=PRESENTATION_STYLE_ASSIGNMENT((#2181));
#915=ADVANCED_FACE('',(#2182),#2183,.T.);
#916=PRESENTATION_STYLE_ASSIGNMENT((#2184));
#917=ADVANCED_FACE('',(#2185),#2186,.T.);
#918=PRESENTATION_STYLE_ASSIGNMENT((#2187));
#919=ADVANCED_FACE('',(#2188),#2189,.T.);
#920=PRESENTATION_STYLE_ASSIGNMENT((#2190));
#921=ADVANCED_FACE('',(#2191),#2192,.T.);
#922=PRESENTATION_STYLE_ASSIGNMENT((#2193));
#923=ADVANCED_FACE('',(#2194),#2195,.F.);
#924=PRESENTATION_STYLE_ASSIGNMENT((#2196));
#925=ADVANCED_FACE('',(#2197),#2198,.F.);
#926=PRESENTATION_STYLE_ASSIGNMENT((#2199));
#927=ADVANCED_FACE('',(#2200),#2201,.F.);
#928=PRESENTATION_STYLE_ASSIGNMENT((#2202));
#929=ADVANCED_FACE('',(#2203),#2204,.T.);
#930=PRESENTATION_STYLE_ASSIGNMENT((#2205));
#931=ADVANCED_FACE('',(#2206),#2207,.T.);
#932=PRESENTATION_STYLE_ASSIGNMENT((#2208));
#933=ADVANCED_FACE('',(#2209),#2210,.F.);
#934=PRESENTATION_STYLE_ASSIGNMENT((#2211));
#935=ADVANCED_FACE('',(#2212),#2213,.T.);
#936=PRESENTATION_STYLE_ASSIGNMENT((#2214));
#937=ADVANCED_FACE('',(#2215),#2216,.T.);
#938=PRESENTATION_STYLE_ASSIGNMENT((#2217));
#939=ADVANCED_FACE('',(#2218),#2219,.T.);
#940=PRESENTATION_STYLE_ASSIGNMENT((#2220));
#941=ADVANCED_FACE('',(#2221),#2222,.T.);
#942=PRESENTATION_STYLE_ASSIGNMENT((#2223));
#943=ADVANCED_FACE('',(#2224),#2225,.F.);
#944=PRESENTATION_STYLE_ASSIGNMENT((#2226));
#945=ADVANCED_FACE('',(#2227),#2228,.F.);
#946=PRESENTATION_STYLE_ASSIGNMENT((#2229));
#947=ADVANCED_FACE('',(#2230),#2231,.T.);
#948=PRESENTATION_STYLE_ASSIGNMENT((#2232));
#949=ADVANCED_FACE('',(#2233),#2234,.T.);
#950=PRESENTATION_STYLE_ASSIGNMENT((#2235));
#951=ADVANCED_FACE('',(#2236),#2237,.T.);
#952=PRESENTATION_STYLE_ASSIGNMENT((#2238));
#953=ADVANCED_FACE('',(#2239,#2240),#2241,.T.);
#954=PRESENTATION_STYLE_ASSIGNMENT((#2242));
#955=ADVANCED_FACE('',(#2243),#2244,.F.);
#956=PRESENTATION_STYLE_ASSIGNMENT((#2245));
#957=ADVANCED_FACE('',(#2246),#2247,.F.);
#958=PRESENTATION_STYLE_ASSIGNMENT((#2248));
#959=ADVANCED_FACE('',(#2249),#2250,.T.);
#960=PRESENTATION_STYLE_ASSIGNMENT((#2251));
#961=ADVANCED_FACE('',(#2252),#2253,.T.);
#962=PRESENTATION_STYLE_ASSIGNMENT((#2254));
#963=ADVANCED_FACE('',(#2255),#2256,.T.);
#964=PRESENTATION_STYLE_ASSIGNMENT((#2257));
#965=ADVANCED_FACE('',(#2258),#2259,.T.);
#966=PRESENTATION_STYLE_ASSIGNMENT((#2260));
#967=ADVANCED_FACE('',(#2261),#2262,.F.);
#968=PRESENTATION_STYLE_ASSIGNMENT((#2263));
#969=ADVANCED_FACE('',(#2264),#2265,.T.);
#970=PRESENTATION_STYLE_ASSIGNMENT((#2266));
#971=ADVANCED_FACE('',(#2267),#2268,.F.);
#972=PRESENTATION_STYLE_ASSIGNMENT((#2269));
#973=ADVANCED_FACE('',(#2270),#2271,.T.);
#974=PRESENTATION_STYLE_ASSIGNMENT((#2272));
#975=ADVANCED_FACE('',(#2273),#2274,.F.);
#976=PRESENTATION_STYLE_ASSIGNMENT((#2275));
#977=ADVANCED_FACE('',(#2276),#2277,.T.);
#978=PRESENTATION_STYLE_ASSIGNMENT((#2278));
#979=ADVANCED_FACE('',(#2279),#2280,.F.);
#980=PRESENTATION_STYLE_ASSIGNMENT((#2281));
#981=ADVANCED_FACE('',(#2282),#2283,.F.);
#982=PRESENTATION_STYLE_ASSIGNMENT((#2284));
#983=ADVANCED_FACE('',(#2285),#2286,.F.);
#984=PRESENTATION_STYLE_ASSIGNMENT((#2287));
#985=ADVANCED_FACE('',(#2288),#2289,.T.);
#986=PRESENTATION_STYLE_ASSIGNMENT((#2290));
#987=ADVANCED_FACE('',(#2291),#2292,.F.);
#988=PRESENTATION_STYLE_ASSIGNMENT((#2293));
#989=ADVANCED_FACE('',(#2294),#2295,.F.);
#990=PRESENTATION_STYLE_ASSIGNMENT((#2296));
#991=ADVANCED_FACE('',(#2297),#2298,.T.);
#992=PRESENTATION_STYLE_ASSIGNMENT((#2299));
#993=ADVANCED_FACE('',(#2300),#2301,.T.);
#994=PRESENTATION_STYLE_ASSIGNMENT((#2302));
#995=ADVANCED_FACE('',(#2303),#2304,.T.);
#996=PRESENTATION_STYLE_ASSIGNMENT((#2305));
#997=ADVANCED_FACE('',(#2306),#2307,.T.);
#998=PRESENTATION_STYLE_ASSIGNMENT((#2308));
#999=ADVANCED_FACE('',(#2309),#2310,.F.);
#1000=PRESENTATION_STYLE_ASSIGNMENT((#2311));
#1001=ADVANCED_FACE('',(#2312),#2313,.T.);
#1002=PRESENTATION_STYLE_ASSIGNMENT((#2314));
#1003=ADVANCED_FACE('',(#2315),#2316,.T.);
#1004=PRESENTATION_STYLE_ASSIGNMENT((#2317));
#1005=ADVANCED_FACE('',(#2318),#2319,.T.);
#1006=PRESENTATION_STYLE_ASSIGNMENT((#2320));
#1007=ADVANCED_FACE('',(#2321),#2322,.F.);
#1008=PRESENTATION_STYLE_ASSIGNMENT((#2323));
#1009=ADVANCED_FACE('',(#2324,#2325),#2326,.T.);
#1010=PRESENTATION_STYLE_ASSIGNMENT((#2327));
#1011=ADVANCED_FACE('',(#2328),#2329,.F.);
#1012=PRESENTATION_STYLE_ASSIGNMENT((#2330));
#1013=ADVANCED_FACE('',(#2331),#2332,.F.);
#1014=PRESENTATION_STYLE_ASSIGNMENT((#2333));
#1015=ADVANCED_FACE('',(#2334),#2335,.F.);
#1016=PRESENTATION_STYLE_ASSIGNMENT((#2336));
#1017=ADVANCED_FACE('',(#2337),#2338,.T.);
#1018=PRESENTATION_STYLE_ASSIGNMENT((#2339));
#1019=ADVANCED_FACE('',(#2340),#2341,.F.);
#1020=PRESENTATION_STYLE_ASSIGNMENT((#2342));
#1021=ADVANCED_FACE('',(#2343),#2344,.T.);
#1022=PRESENTATION_STYLE_ASSIGNMENT((#2345));
#1023=ADVANCED_FACE('',(#2346),#2347,.T.);
#1024=PRESENTATION_STYLE_ASSIGNMENT((#2348));
#1025=ADVANCED_FACE('',(#2349),#2350,.T.);
#1026=PRESENTATION_STYLE_ASSIGNMENT((#2351));
#1027=ADVANCED_FACE('',(#2352),#2353,.F.);
#1028=PRESENTATION_STYLE_ASSIGNMENT((#2354));
#1029=ADVANCED_FACE('',(#2355),#2356,.T.);
#1030=PRESENTATION_STYLE_ASSIGNMENT((#2357));
#1031=ADVANCED_FACE('',(#2358),#2359,.T.);
#1032=PRESENTATION_STYLE_ASSIGNMENT((#2360));
#1033=ADVANCED_FACE('',(#2361),#2362,.T.);
#1034=PRESENTATION_STYLE_ASSIGNMENT((#2363));
#1035=ADVANCED_FACE('',(#2364),#2365,.T.);
#1036=PRESENTATION_STYLE_ASSIGNMENT((#2366));
#1037=ADVANCED_FACE('',(#2367),#2368,.T.);
#1038=PRESENTATION_STYLE_ASSIGNMENT((#2369));
#1039=ADVANCED_FACE('',(#2370),#2371,.T.);
#1040=PRESENTATION_STYLE_ASSIGNMENT((#2372));
#1041=ADVANCED_FACE('',(#2373),#2374,.T.);
#1042=PRESENTATION_STYLE_ASSIGNMENT((#2375));
#1043=ADVANCED_FACE('',(#2376),#2377,.T.);
#1044=PRESENTATION_STYLE_ASSIGNMENT((#2378));
#1045=ADVANCED_FACE('',(#2379),#2380,.T.);
#1046=PRESENTATION_STYLE_ASSIGNMENT((#2381));
#1047=ADVANCED_FACE('',(#2382),#2383,.F.);
#1048=PRESENTATION_STYLE_ASSIGNMENT((#2384));
#1049=ADVANCED_FACE('',(#2385),#2386,.F.);
#1050=PRESENTATION_STYLE_ASSIGNMENT((#2387));
#1051=ADVANCED_FACE('',(#2388),#2389,.F.);
#1052=PRESENTATION_STYLE_ASSIGNMENT((#2390));
#1053=ADVANCED_FACE('',(#2391),#2392,.F.);
#1054=PRESENTATION_STYLE_ASSIGNMENT((#2393));
#1055=ADVANCED_FACE('',(#2394),#2395,.T.);
#1056=PRESENTATION_STYLE_ASSIGNMENT((#2396));
#1057=ADVANCED_FACE('',(#2397),#2398,.F.);
#1058=PRESENTATION_STYLE_ASSIGNMENT((#2399));
#1059=ADVANCED_FACE('',(#2400),#2401,.T.);
#1060=PRESENTATION_STYLE_ASSIGNMENT((#2402));
#1061=ADVANCED_FACE('',(#2403),#2404,.F.);
#1062=PRESENTATION_STYLE_ASSIGNMENT((#2405));
#1063=ADVANCED_FACE('',(#2406),#2407,.F.);
#1064=PRESENTATION_STYLE_ASSIGNMENT((#2408));
#1065=ADVANCED_FACE('',(#2409),#2410,.F.);
#1066=PRESENTATION_STYLE_ASSIGNMENT((#2411));
#1067=ADVANCED_FACE('',(#2412),#2413,.T.);
#1068=PRESENTATION_STYLE_ASSIGNMENT((#2414));
#1069=ADVANCED_FACE('',(#2415),#2416,.T.);
#1070=PRESENTATION_STYLE_ASSIGNMENT((#2417));
#1071=ADVANCED_FACE('',(#2418),#2419,.T.);
#1072=PRESENTATION_STYLE_ASSIGNMENT((#2420));
#1073=ADVANCED_FACE('',(#2421),#2422,.T.);
#1074=PRESENTATION_STYLE_ASSIGNMENT((#2423));
#1075=ADVANCED_FACE('',(#2424),#2425,.T.);
#1076=PRESENTATION_STYLE_ASSIGNMENT((#2426));
#1077=ADVANCED_FACE('',(#2427),#2428,.T.);
#1078=PRESENTATION_STYLE_ASSIGNMENT((#2429));
#1079=ADVANCED_FACE('',(#2430),#2431,.F.);
#1080=PRESENTATION_STYLE_ASSIGNMENT((#2432));
#1081=ADVANCED_FACE('',(#2433),#2434,.T.);
#1082=PRESENTATION_STYLE_ASSIGNMENT((#2435));
#1083=ADVANCED_FACE('',(#2436),#2437,.T.);
#1084=PRESENTATION_STYLE_ASSIGNMENT((#2438));
#1085=ADVANCED_FACE('',(#2439),#2440,.F.);
#1086=PRESENTATION_STYLE_ASSIGNMENT((#2441));
#1087=ADVANCED_FACE('',(#2442),#2443,.F.);
#1088=PRESENTATION_STYLE_ASSIGNMENT((#2444));
#1089=ADVANCED_FACE('',(#2445),#2446,.F.);
#1090=PRESENTATION_STYLE_ASSIGNMENT((#2447));
#1091=ADVANCED_FACE('',(#2448),#2449,.T.);
#1092=PRESENTATION_STYLE_ASSIGNMENT((#2450));
#1093=ADVANCED_FACE('',(#2451),#2452,.T.);
#1094=PRESENTATION_STYLE_ASSIGNMENT((#2453));
#1095=ADVANCED_FACE('',(#2454),#2455,.T.);
#1096=PRESENTATION_STYLE_ASSIGNMENT((#2456));
#1097=ADVANCED_FACE('',(#2457),#2458,.T.);
#1098=PRESENTATION_STYLE_ASSIGNMENT((#2459));
#1099=ADVANCED_FACE('',(#2460),#2461,.T.);
#1100=PRESENTATION_STYLE_ASSIGNMENT((#2462));
#1101=ADVANCED_FACE('',(#2463),#2464,.T.);
#1102=PRESENTATION_STYLE_ASSIGNMENT((#2465));
#1103=ADVANCED_FACE('',(#2466),#2467,.T.);
#1104=PRESENTATION_STYLE_ASSIGNMENT((#2468));
#1105=ADVANCED_FACE('',(#2469),#2470,.T.);
#1106=PRESENTATION_STYLE_ASSIGNMENT((#2471));
#1107=ADVANCED_FACE('',(#2472),#2473,.T.);
#1108=PRESENTATION_STYLE_ASSIGNMENT((#2474));
#1109=ADVANCED_FACE('',(#2475),#2476,.T.);
#1110=PRESENTATION_STYLE_ASSIGNMENT((#2477));
#1111=ADVANCED_FACE('',(#2478),#2479,.T.);
#1112=PRESENTATION_STYLE_ASSIGNMENT((#2480));
#1113=ADVANCED_FACE('',(#2481),#2482,.T.);
#1114=PRESENTATION_STYLE_ASSIGNMENT((#2483));
#1115=ADVANCED_FACE('',(#2484),#2485,.F.);
#1116=PRESENTATION_STYLE_ASSIGNMENT((#2486));
#1117=ADVANCED_FACE('',(#2487),#2488,.F.);
#1118=PRESENTATION_STYLE_ASSIGNMENT((#2489));
#1119=ADVANCED_FACE('',(#2490),#2491,.T.);
#1120=PRESENTATION_STYLE_ASSIGNMENT((#2492));
#1121=ADVANCED_FACE('',(#2493),#2494,.T.);
#1122=PRESENTATION_STYLE_ASSIGNMENT((#2495));
#1123=ADVANCED_FACE('',(#2496),#2497,.F.);
#1124=PRESENTATION_STYLE_ASSIGNMENT((#2498));
#1125=ADVANCED_FACE('',(#2499),#2500,.T.);
#1126=PRESENTATION_STYLE_ASSIGNMENT((#2501));
#1127=ADVANCED_FACE('',(#2502),#2503,.T.);
#1128=PRESENTATION_STYLE_ASSIGNMENT((#2504));
#1129=ADVANCED_FACE('',(#2505),#2506,.T.);
#1130=PRESENTATION_STYLE_ASSIGNMENT((#2507));
#1131=ADVANCED_FACE('',(#2508),#2509,.T.);
#1132=PRESENTATION_STYLE_ASSIGNMENT((#2510));
#1133=ADVANCED_FACE('',(#2511),#2512,.F.);
#1134=PRESENTATION_STYLE_ASSIGNMENT((#2513));
#1135=ADVANCED_FACE('',(#2514),#2515,.F.);
#1136=PRESENTATION_STYLE_ASSIGNMENT((#2516));
#1137=ADVANCED_FACE('',(#2517),#2518,.F.);
#1138=PRESENTATION_STYLE_ASSIGNMENT((#2519));
#1139=ADVANCED_FACE('',(#2520),#2521,.T.);
#1140=PRESENTATION_STYLE_ASSIGNMENT((#2522));
#1141=ADVANCED_FACE('',(#2523),#2524,.T.);
#1142=PRESENTATION_STYLE_ASSIGNMENT((#2525));
#1143=ADVANCED_FACE('',(#2526),#2527,.T.);
#1144=PRESENTATION_STYLE_ASSIGNMENT((#2528));
#1145=ADVANCED_FACE('',(#2529),#2530,.F.);
#1146=PRESENTATION_STYLE_ASSIGNMENT((#2531));
#1147=ADVANCED_FACE('',(#2532),#2533,.T.);
#1148=PRESENTATION_STYLE_ASSIGNMENT((#2534));
#1149=ADVANCED_FACE('',(#2535),#2536,.T.);
#1150=PRESENTATION_STYLE_ASSIGNMENT((#2537));
#1151=ADVANCED_FACE('',(#2538),#2539,.F.);
#1152=PRESENTATION_STYLE_ASSIGNMENT((#2540));
#1153=ADVANCED_FACE('',(#2541),#2542,.F.);
#1154=PRESENTATION_STYLE_ASSIGNMENT((#2543));
#1155=ADVANCED_FACE('',(#2544),#2545,.F.);
#1156=PRESENTATION_STYLE_ASSIGNMENT((#2546));
#1157=ADVANCED_FACE('',(#2547),#2548,.F.);
#1158=PRESENTATION_STYLE_ASSIGNMENT((#2549));
#1159=ADVANCED_FACE('',(#2550),#2551,.F.);
#1160=PRESENTATION_STYLE_ASSIGNMENT((#2552));
#1161=ADVANCED_FACE('',(#2553),#2554,.T.);
#1162=PRESENTATION_STYLE_ASSIGNMENT((#2555));
#1163=ADVANCED_FACE('',(#2556),#2557,.F.);
#1164=PRESENTATION_STYLE_ASSIGNMENT((#2558));
#1165=ADVANCED_FACE('',(#2559),#2560,.T.);
#1166=PRESENTATION_STYLE_ASSIGNMENT((#2561));
#1167=ADVANCED_FACE('',(#2562),#2563,.T.);
#1168=PRESENTATION_STYLE_ASSIGNMENT((#2564));
#1169=ADVANCED_FACE('',(#2565),#2566,.F.);
#1170=PRESENTATION_STYLE_ASSIGNMENT((#2567));
#1171=ADVANCED_FACE('',(#2568),#2569,.T.);
#1172=PRESENTATION_STYLE_ASSIGNMENT((#2570));
#1173=ADVANCED_FACE('',(#2571),#2572,.F.);
#1174=PRESENTATION_STYLE_ASSIGNMENT((#2573));
#1175=ADVANCED_FACE('',(#2574),#2575,.T.);
#1176=PRESENTATION_STYLE_ASSIGNMENT((#2576));
#1177=ADVANCED_FACE('',(#2577),#2578,.T.);
#1178=PRESENTATION_STYLE_ASSIGNMENT((#2579));
#1179=ADVANCED_FACE('',(#2580),#2581,.T.);
#1180=PRESENTATION_STYLE_ASSIGNMENT((#2582));
#1181=ADVANCED_FACE('',(#2583),#2584,.F.);
#1182=PRESENTATION_STYLE_ASSIGNMENT((#2585));
#1183=ADVANCED_FACE('',(#2586),#2587,.F.);
#1184=PRESENTATION_STYLE_ASSIGNMENT((#2588));
#1185=ADVANCED_FACE('',(#2589),#2590,.F.);
#1186=PRESENTATION_STYLE_ASSIGNMENT((#2591));
#1187=ADVANCED_FACE('',(#2592),#2593,.F.);
#1188=PRESENTATION_STYLE_ASSIGNMENT((#2594));
#1189=ADVANCED_FACE('',(#2595),#2596,.T.);
#1190=PRESENTATION_STYLE_ASSIGNMENT((#2597));
#1191=ADVANCED_FACE('',(#2598),#2599,.F.);
#1192=PRESENTATION_STYLE_ASSIGNMENT((#2600));
#1193=ADVANCED_FACE('',(#2601),#2602,.T.);
#1194=PRESENTATION_STYLE_ASSIGNMENT((#2603));
#1195=ADVANCED_FACE('',(#2604),#2605,.T.);
#1196=PRESENTATION_STYLE_ASSIGNMENT((#2606));
#1197=ADVANCED_FACE('',(#2607),#2608,.F.);
#1198=PRESENTATION_STYLE_ASSIGNMENT((#2609));
#1199=ADVANCED_FACE('',(#2610),#2611,.T.);
#1200=PRESENTATION_STYLE_ASSIGNMENT((#2612));
#1201=ADVANCED_FACE('',(#2613),#2614,.F.);
#1202=PRESENTATION_STYLE_ASSIGNMENT((#2615));
#1203=ADVANCED_FACE('',(#2616),#2617,.T.);
#1204=PRESENTATION_STYLE_ASSIGNMENT((#2618));
#1205=ADVANCED_FACE('',(#2619),#2620,.F.);
#1206=PRESENTATION_STYLE_ASSIGNMENT((#2621));
#1207=ADVANCED_FACE('',(#2622),#2623,.T.);
#1208=PRESENTATION_STYLE_ASSIGNMENT((#2624));
#1209=ADVANCED_FACE('',(#2625),#2626,.T.);
#1210=PRESENTATION_STYLE_ASSIGNMENT((#2627));
#1211=ADVANCED_FACE('',(#2628),#2629,.F.);
#1212=PRESENTATION_STYLE_ASSIGNMENT((#2630));
#1213=ADVANCED_FACE('',(#2631),#2632,.T.);
#1214=PRESENTATION_STYLE_ASSIGNMENT((#2633));
#1215=ADVANCED_FACE('',(#2634),#2635,.T.);
#1216=PRESENTATION_STYLE_ASSIGNMENT((#2636));
#1217=ADVANCED_FACE('',(#2637),#2638,.F.);
#1218=PRESENTATION_STYLE_ASSIGNMENT((#2639));
#1219=ADVANCED_FACE('',(#2640),#2641,.F.);
#1220=PRESENTATION_STYLE_ASSIGNMENT((#2642));
#1221=ADVANCED_FACE('',(#2643),#2644,.T.);
#1222=PRESENTATION_STYLE_ASSIGNMENT((#2645));
#1223=ADVANCED_FACE('',(#2646),#2647,.T.);
#1224=PRESENTATION_STYLE_ASSIGNMENT((#2648));
#1225=ADVANCED_FACE('',(#2649),#2650,.F.);
#1226=PRESENTATION_STYLE_ASSIGNMENT((#2651));
#1227=ADVANCED_FACE('',(#2652),#2653,.T.);
#1228=PRESENTATION_STYLE_ASSIGNMENT((#2654));
#1229=ADVANCED_FACE('',(#2655),#2656,.T.);
#1230=PRESENTATION_STYLE_ASSIGNMENT((#2657));
#1231=ADVANCED_FACE('',(#2658),#2659,.F.);
#1232=PRESENTATION_STYLE_ASSIGNMENT((#2660));
#1233=ADVANCED_FACE('',(#2661),#2662,.F.);
#1234=PRESENTATION_STYLE_ASSIGNMENT((#2663));
#1235=ADVANCED_FACE('',(#2664),#2665,.F.);
#1236=PRESENTATION_STYLE_ASSIGNMENT((#2666));
#1237=ADVANCED_FACE('',(#2667),#2668,.T.);
#1238=PRESENTATION_STYLE_ASSIGNMENT((#2669));
#1239=ADVANCED_FACE('',(#2670),#2671,.T.);
#1240=PRESENTATION_STYLE_ASSIGNMENT((#2672));
#1241=ADVANCED_FACE('',(#2673),#2674,.F.);
#1242=PRESENTATION_STYLE_ASSIGNMENT((#2675));
#1243=ADVANCED_FACE('',(#2676),#2677,.F.);
#1244=PRESENTATION_STYLE_ASSIGNMENT((#2678));
#1245=ADVANCED_FACE('',(#2679),#2680,.T.);
#1246=PRESENTATION_STYLE_ASSIGNMENT((#2681));
#1247=ADVANCED_FACE('',(#2682),#2683,.T.);
#1248=PRESENTATION_STYLE_ASSIGNMENT((#2684));
#1249=ADVANCED_FACE('',(#2685),#2686,.T.);
#1250=PRESENTATION_STYLE_ASSIGNMENT((#2687));
#1251=ADVANCED_FACE('',(#2688),#2689,.F.);
#1252=PRESENTATION_STYLE_ASSIGNMENT((#2690));
#1253=ADVANCED_FACE('',(#2691),#2692,.F.);
#1254=PRESENTATION_STYLE_ASSIGNMENT((#2693));
#1255=ADVANCED_FACE('',(#2694),#2695,.F.);
#1256=PRESENTATION_STYLE_ASSIGNMENT((#2696));
#1257=ADVANCED_FACE('',(#2697),#2698,.F.);
#1258=PRESENTATION_STYLE_ASSIGNMENT((#2699));
#1259=ADVANCED_FACE('',(#2700),#2701,.T.);
#1260=PRESENTATION_STYLE_ASSIGNMENT((#2702));
#1261=ADVANCED_FACE('',(#2703),#2704,.T.);
#1262=PRESENTATION_STYLE_ASSIGNMENT((#2705));
#1263=ADVANCED_FACE('',(#2706),#2707,.F.);
#1264=PRESENTATION_STYLE_ASSIGNMENT((#2708));
#1265=ADVANCED_FACE('',(#2709),#2710,.T.);
#1266=PRESENTATION_STYLE_ASSIGNMENT((#2711));
#1267=ADVANCED_FACE('',(#2712),#2713,.T.);
#1268=PRESENTATION_STYLE_ASSIGNMENT((#2714));
#1269=ADVANCED_FACE('',(#2715),#2716,.F.);
#1270=PRESENTATION_STYLE_ASSIGNMENT((#2717));
#1271=ADVANCED_FACE('',(#2718),#2719,.T.);
#1272=PRESENTATION_STYLE_ASSIGNMENT((#2720));
#1273=ADVANCED_FACE('',(#2721),#2722,.T.);
#1274=PRESENTATION_STYLE_ASSIGNMENT((#2723));
#1275=ADVANCED_FACE('',(#2724),#2725,.F.);
#1276=PRESENTATION_STYLE_ASSIGNMENT((#2726));
#1277=ADVANCED_FACE('',(#2727),#2728,.T.);
#1278=PRESENTATION_STYLE_ASSIGNMENT((#2729));
#1279=ADVANCED_FACE('',(#2730),#2731,.F.);
#1280=PRESENTATION_STYLE_ASSIGNMENT((#2732));
#1281=ADVANCED_FACE('',(#2733),#2734,.F.);
#1282=PRESENTATION_STYLE_ASSIGNMENT((#2735));
#1283=ADVANCED_FACE('',(#2736),#2737,.F.);
#1284=PRESENTATION_STYLE_ASSIGNMENT((#2738));
#1285=ADVANCED_FACE('',(#2739),#2740,.F.);
#1286=PRESENTATION_STYLE_ASSIGNMENT((#2741));
#1287=ADVANCED_FACE('',(#2742),#2743,.F.);
#1288=PRESENTATION_STYLE_ASSIGNMENT((#2744));
#1289=ADVANCED_FACE('',(#2745),#2746,.F.);
#1290=PRESENTATION_STYLE_ASSIGNMENT((#2747));
#1291=ADVANCED_FACE('',(#2748),#2749,.T.);
#1292=PRESENTATION_STYLE_ASSIGNMENT((#2750));
#1293=ADVANCED_FACE('',(#2751),#2752,.T.);
#1294=PRESENTATION_STYLE_ASSIGNMENT((#2753));
#1295=ADVANCED_FACE('',(#2754),#2755,.T.);
#1296=PRESENTATION_STYLE_ASSIGNMENT((#2756));
#1297=ADVANCED_FACE('',(#2757),#2758,.T.);
#1298=PRESENTATION_STYLE_ASSIGNMENT((#2759));
#1299=ADVANCED_FACE('',(#2760),#2761,.T.);
#1300=PRESENTATION_STYLE_ASSIGNMENT((#2762));
#1301=ADVANCED_FACE('',(#2763),#2764,.F.);
#1302=PRESENTATION_STYLE_ASSIGNMENT((#2765));
#1303=ADVANCED_FACE('',(#2766),#2767,.T.);
#1304=PRESENTATION_STYLE_ASSIGNMENT((#2768));
#1305=ADVANCED_FACE('',(#2769),#2770,.T.);
#1306=PRESENTATION_STYLE_ASSIGNMENT((#2771));
#1307=ADVANCED_FACE('',(#2772),#2773,.F.);
#1308=PRESENTATION_STYLE_ASSIGNMENT((#2774));
#1309=ADVANCED_FACE('',(#2775),#2776,.F.);
#1310=PRESENTATION_STYLE_ASSIGNMENT((#2777));
#1311=ADVANCED_FACE('',(#2778),#2779,.T.);
#1312=PRESENTATION_STYLE_ASSIGNMENT((#2780));
#1313=ADVANCED_FACE('',(#2781),#2782,.F.);
#1314=PRESENTATION_STYLE_ASSIGNMENT((#2783));
#1315=ADVANCED_FACE('',(#2784),#2785,.T.);
#1316=PRESENTATION_STYLE_ASSIGNMENT((#2786));
#1317=ADVANCED_FACE('',(#2787),#2788,.T.);
#1318=PRESENTATION_STYLE_ASSIGNMENT((#2789));
#1319=ADVANCED_FACE('',(#2790),#2791,.T.);
#1320=PRESENTATION_STYLE_ASSIGNMENT((#2792));
#1321=ADVANCED_FACE('',(#2793),#2794,.T.);
#1322=PRESENTATION_STYLE_ASSIGNMENT((#2795));
#1323=ADVANCED_FACE('',(#2796),#2797,.T.);
#1324=PRESENTATION_STYLE_ASSIGNMENT((#2798));
#1325=ADVANCED_FACE('',(#2799),#2800,.T.);
#1326=PRESENTATION_STYLE_ASSIGNMENT((#2801));
#1327=ADVANCED_FACE('',(#2802),#2803,.F.);
#1328=PRESENTATION_STYLE_ASSIGNMENT((#2804));
#1329=ADVANCED_FACE('',(#2805),#2806,.T.);
#1330=PRESENTATION_STYLE_ASSIGNMENT((#2807));
#1331=ADVANCED_FACE('',(#2808),#2809,.T.);
#1332=PRESENTATION_STYLE_ASSIGNMENT((#2810));
#1333=ADVANCED_FACE('',(#2811),#2812,.F.);
#1334=PRESENTATION_STYLE_ASSIGNMENT((#2813));
#1335=ADVANCED_FACE('',(#2814),#2815,.F.);
#1336=PRESENTATION_STYLE_ASSIGNMENT((#2816));
#1337=ADVANCED_FACE('',(#2817),#2818,.F.);
#1338=PRESENTATION_STYLE_ASSIGNMENT((#2819));
#1339=ADVANCED_FACE('',(#2820),#2821,.T.);
#1340=PRESENTATION_STYLE_ASSIGNMENT((#2822));
#1341=ADVANCED_FACE('',(#2823),#2824,.T.);
#1342=PRESENTATION_STYLE_ASSIGNMENT((#2825));
#1343=ADVANCED_FACE('',(#2826),#2827,.T.);
#1344=PRESENTATION_STYLE_ASSIGNMENT((#2828));
#1345=ADVANCED_FACE('',(#2829),#2830,.T.);
#1346=PRESENTATION_STYLE_ASSIGNMENT((#2831));
#1347=ADVANCED_FACE('',(#2832),#2833,.T.);
#1348=PRESENTATION_STYLE_ASSIGNMENT((#2834));
#1349=ADVANCED_FACE('',(#2835),#2836,.F.);
#1350=PRESENTATION_STYLE_ASSIGNMENT((#2837));
#1351=ADVANCED_FACE('',(#2838),#2839,.F.);
#1352=PRESENTATION_STYLE_ASSIGNMENT((#2840));
#1353=ADVANCED_FACE('',(#2841),#2842,.T.);
#1354=PRESENTATION_STYLE_ASSIGNMENT((#2843));
#1355=ADVANCED_FACE('',(#2844),#2845,.T.);
#1356=PRESENTATION_STYLE_ASSIGNMENT((#2846));
#1357=ADVANCED_FACE('',(#2847),#2848,.T.);
#1358=PRESENTATION_STYLE_ASSIGNMENT((#2849));
#1359=ADVANCED_FACE('',(#2850),#2851,.T.);
#1360=PRESENTATION_STYLE_ASSIGNMENT((#2852));
#1361=ADVANCED_FACE('',(#2853),#2854,.F.);
#1362=PRESENTATION_STYLE_ASSIGNMENT((#2855));
#1363=ADVANCED_FACE('',(#2856),#2857,.T.);
#1364=PRESENTATION_STYLE_ASSIGNMENT((#2858));
#1365=ADVANCED_FACE('',(#2859),#2860,.T.);
#1366=PRESENTATION_STYLE_ASSIGNMENT((#2861));
#1367=ADVANCED_FACE('',(#2862),#2863,.F.);
#1368=PRESENTATION_STYLE_ASSIGNMENT((#2864));
#1369=ADVANCED_FACE('',(#2865),#2866,.T.);
#1370=PRESENTATION_STYLE_ASSIGNMENT((#2867));
#1371=ADVANCED_FACE('',(#2868),#2869,.T.);
#1372=PRESENTATION_STYLE_ASSIGNMENT((#2870));
#1373=ADVANCED_FACE('',(#2871),#2872,.T.);
#1374=PRESENTATION_STYLE_ASSIGNMENT((#2873));
#1375=ADVANCED_FACE('',(#2874),#2875,.F.);
#1376=PRESENTATION_STYLE_ASSIGNMENT((#2876));
#1377=ADVANCED_FACE('',(#2877),#2878,.T.);
#1378=PRESENTATION_STYLE_ASSIGNMENT((#2879));
#1379=ADVANCED_FACE('',(#2880),#2881,.T.);
#1380=PRESENTATION_STYLE_ASSIGNMENT((#2882));
#1381=ADVANCED_FACE('',(#2883),#2884,.F.);
#1382=PRESENTATION_STYLE_ASSIGNMENT((#2885));
#1383=ADVANCED_FACE('',(#2886),#2887,.T.);
#1384=PRESENTATION_STYLE_ASSIGNMENT((#2888));
#1385=ADVANCED_FACE('',(#2889),#2890,.F.);
#1386=PRESENTATION_STYLE_ASSIGNMENT((#2891));
#1387=ADVANCED_FACE('',(#2892),#2893,.T.);
#1388=PRESENTATION_STYLE_ASSIGNMENT((#2894));
#1389=ADVANCED_FACE('',(#2895),#2896,.T.);
#1390=PRESENTATION_STYLE_ASSIGNMENT((#2897));
#1391=ADVANCED_FACE('',(#2898),#2899,.F.);
#1392=PRESENTATION_STYLE_ASSIGNMENT((#2900));
#1393=ADVANCED_FACE('',(#2901),#2902,.F.);
#1394=PRESENTATION_STYLE_ASSIGNMENT((#2903));
#1395=ADVANCED_FACE('',(#2904,#2905,#2906,#2907,#2908,#2909,#2910,#2911,#2912,#2913,#2914,#2915,#2916,#2917,#2918,#2919,#2920,#2921,#2922,#2923,#2924,#2925,#2926,#2927,#2928,#2929,#2930,#2931,#2932,#2933,#2934,#2935,#2936,#2937,#2938,#2939,#2940,#2941,#2942,#2943,#2944,#2945,#2946,#2947,#2948,#2949),#2950,.F.);
#1396=PRESENTATION_STYLE_ASSIGNMENT((#2951));
#1397=ADVANCED_FACE('',(#2952),#2953,.F.);
#1398=PRESENTATION_STYLE_ASSIGNMENT((#2954));
#1399=ADVANCED_FACE('',(#2955),#2956,.T.);
#1400=PRESENTATION_STYLE_ASSIGNMENT((#2957));
#1401=ADVANCED_FACE('',(#2958),#2959,.T.);
#1402=PRESENTATION_STYLE_ASSIGNMENT((#2960));
#1403=ADVANCED_FACE('',(#2961),#2962,.F.);
#1404=PRESENTATION_STYLE_ASSIGNMENT((#2963));
#1405=ADVANCED_FACE('',(#2964),#2965,.F.);
#1406=PRESENTATION_STYLE_ASSIGNMENT((#2966));
#1407=ADVANCED_FACE('',(#2967),#2968,.F.);
#1408=PRESENTATION_STYLE_ASSIGNMENT((#2969));
#1409=ADVANCED_FACE('',(#2970),#2971,.T.);
#1410=PRESENTATION_STYLE_ASSIGNMENT((#2972));
#1411=ADVANCED_FACE('',(#2973),#2974,.T.);
#1412=PRESENTATION_STYLE_ASSIGNMENT((#2975));
#1413=ADVANCED_FACE('',(#2976),#2977,.F.);
#1414=PRESENTATION_STYLE_ASSIGNMENT((#2978));
#1415=ADVANCED_FACE('',(#2979),#2980,.T.);
#1416=PRESENTATION_STYLE_ASSIGNMENT((#2981));
#1417=ADVANCED_FACE('',(#2982),#2983,.T.);
#1418=PRESENTATION_STYLE_ASSIGNMENT((#2984));
#1419=ADVANCED_FACE('',(#2985),#2986,.T.);
#1420=PRESENTATION_STYLE_ASSIGNMENT((#2987));
#1421=ADVANCED_FACE('',(#2988),#2989,.T.);
#1422=PRESENTATION_STYLE_ASSIGNMENT((#2990));
#1423=ADVANCED_FACE('',(#2991),#2992,.T.);
#1424=PRESENTATION_STYLE_ASSIGNMENT((#2993));
#1425=ADVANCED_FACE('',(#2994,#2995),#2996,.T.);
#1426=PRESENTATION_STYLE_ASSIGNMENT((#2997));
#1427=ADVANCED_FACE('',(#2998),#2999,.T.);
#1428=PRESENTATION_STYLE_ASSIGNMENT((#3000));
#1429=ADVANCED_FACE('',(#3001),#3002,.F.);
#1430=PRESENTATION_STYLE_ASSIGNMENT((#3003));
#1431=ADVANCED_FACE('',(#3004),#3005,.F.);
#1432=PRESENTATION_STYLE_ASSIGNMENT((#3006));
#1433=ADVANCED_FACE('',(#3007),#3008,.T.);
#1434=PRESENTATION_STYLE_ASSIGNMENT((#3009));
#1435=ADVANCED_FACE('',(#3010),#3011,.F.);
#1436=PRESENTATION_STYLE_ASSIGNMENT((#3012));
#1437=ADVANCED_FACE('',(#3013),#3014,.T.);
#1438=PRESENTATION_STYLE_ASSIGNMENT((#3015));
#1439=ADVANCED_FACE('',(#3016),#3017,.T.);
#1440=PRESENTATION_STYLE_ASSIGNMENT((#3018));
#1441=ADVANCED_FACE('',(#3019),#3020,.T.);
#1442=PRESENTATION_STYLE_ASSIGNMENT((#3021));
#1443=ADVANCED_FACE('',(#3022),#3023,.T.);
#1444=PRESENTATION_STYLE_ASSIGNMENT((#3024));
#1445=ADVANCED_FACE('',(#3025),#3026,.F.);
#1446=PRESENTATION_STYLE_ASSIGNMENT((#3027));
#1447=ADVANCED_FACE('',(#3028),#3029,.T.);
#1448=PRESENTATION_STYLE_ASSIGNMENT((#3030));
#1449=ADVANCED_FACE('',(#3031),#3032,.T.);
#1450=PRESENTATION_STYLE_ASSIGNMENT((#3033));
#1451=ADVANCED_FACE('',(#3034),#3035,.T.);
#1452=PRESENTATION_STYLE_ASSIGNMENT((#3036));
#1453=ADVANCED_FACE('',(#3037),#3038,.T.);
#1454=PRESENTATION_STYLE_ASSIGNMENT((#3039));
#1455=ADVANCED_FACE('',(#3040),#3041,.T.);
#1456=PRESENTATION_STYLE_ASSIGNMENT((#3042));
#1457=ADVANCED_FACE('',(#3043),#3044,.F.);
#1458=PRESENTATION_STYLE_ASSIGNMENT((#3045));
#1459=ADVANCED_FACE('',(#3046),#3047,.T.);
#1460=PRESENTATION_STYLE_ASSIGNMENT((#3048));
#1461=ADVANCED_FACE('',(#3049),#3050,.T.);
#1462=PRESENTATION_STYLE_ASSIGNMENT((#3051));
#1463=ADVANCED_FACE('',(#3052),#3053,.F.);
#1464=PRESENTATION_STYLE_ASSIGNMENT((#3054));
#1465=ADVANCED_FACE('',(#3055),#3056,.T.);
#1466=PRESENTATION_STYLE_ASSIGNMENT((#3057));
#1467=ADVANCED_FACE('',(#3058),#3059,.T.);
#1468=PRESENTATION_STYLE_ASSIGNMENT((#3060));
#1469=ADVANCED_FACE('',(#3061),#3062,.T.);
#1470=PRESENTATION_STYLE_ASSIGNMENT((#3063));
#1471=ADVANCED_FACE('',(#3064),#3065,.F.);
#1472=PRESENTATION_STYLE_ASSIGNMENT((#3066));
#1473=ADVANCED_FACE('',(#3067),#3068,.F.);
#1474=PRESENTATION_STYLE_ASSIGNMENT((#3069));
#1475=ADVANCED_FACE('',(#3070),#3071,.T.);
#1476=PRESENTATION_STYLE_ASSIGNMENT((#3072));
#1477=ADVANCED_FACE('',(#3073),#3074,.T.);
#1478=PRESENTATION_STYLE_ASSIGNMENT((#3075));
#1479=ADVANCED_FACE('',(#3076),#3077,.F.);
#1480=PRESENTATION_STYLE_ASSIGNMENT((#3078));
#1481=ADVANCED_FACE('',(#3079),#3080,.T.);
#1482=PRESENTATION_STYLE_ASSIGNMENT((#3081));
#1483=ADVANCED_FACE('',(#3082,#3083),#3084,.T.);
#1484=PRODUCT('Translate_4739821','Translate_4739821','PART-Translate_4739821-DESC',(#3085));
#1485=PRODUCT_DEFINITION('NONE','NONE',#3086,#2);
#1486=AXIS2_PLACEMENT_3D('',#3087,#3088,#3089);
#1489=LENGTH_MEASURE_WITH_UNIT(LENGTH_MEASURE(25.4),#3090);
#1492=DIMENSIONAL_EXPONENTS(1.0,0.0,0.0,0.0,0.0,0.0,0.0);
#1494=DIMENSIONAL_EXPONENTS(0.0,0.0,0.0,0.0,0.0,0.0,0.0);
#1500=SURFACE_STYLE_USAGE(.BOTH.,#3091);
#1501=FACE_OUTER_BOUND('',#3092,.T.);
#1502=PLANE('',#3093);
#1503=SURFACE_STYLE_USAGE(.BOTH.,#3094);
#1504=FACE_OUTER_BOUND('',#3095,.T.);
#1505=PLANE('',#3096);
#1506=SURFACE_STYLE_USAGE(.BOTH.,#3097);
#1507=FACE_OUTER_BOUND('',#3098,.T.);
#1508=CONICAL_SURFACE('',#3099,0.149606299212598,0.785398163397447);
#1509=SURFACE_STYLE_USAGE(.BOTH.,#3100);
#1510=FACE_OUTER_BOUND('',#3101,.T.);
#1511=PLANE('',#3102);
#1512=SURFACE_STYLE_USAGE(.BOTH.,#3103);
#1513=FACE_OUTER_BOUND('',#3104,.T.);
#1514=PLANE('',#3105);
#1515=SURFACE_STYLE_USAGE(.BOTH.,#3106);
#1516=FACE_OUTER_BOUND('',#3107,.T.);
#1517=PLANE('',#3108);
#1518=SURFACE_STYLE_USAGE(.BOTH.,#3109);
#1519=FACE_OUTER_BOUND('',#3110,.T.);
#1520=PLANE('',#3111);
#1521=SURFACE_STYLE_USAGE(.BOTH.,#3112);
#1522=FACE_OUTER_BOUND('',#3113,.T.);
#1523=PLANE('',#3114);
#1524=SURFACE_STYLE_USAGE(.BOTH.,#3115);
#1525=FACE_OUTER_BOUND('',#3116,.T.);
#1526=PLANE('',#3117);
#1527=SURFACE_STYLE_USAGE(.BOTH.,#3118);
#1528=FACE_OUTER_BOUND('',#3119,.T.);
#1529=CONICAL_SURFACE('',#3120,0.211775368507353,0.785398163397448);
#1530=SURFACE_STYLE_USAGE(.BOTH.,#3121);
#1531=FACE_OUTER_BOUND('',#3122,.T.);
#1532=CYLINDRICAL_SURFACE('',#3123,0.186023622047244);
#1533=SURFACE_STYLE_USAGE(.BOTH.,#3124);
#1534=FACE_OUTER_BOUND('',#3125,.T.);
#1535=PLANE('',#3126);
#1536=SURFACE_STYLE_USAGE(.BOTH.,#3127);
#1537=FACE_OUTER_BOUND('',#3128,.T.);
#1538=PLANE('',#3129);
#1539=SURFACE_STYLE_USAGE(.BOTH.,#3130);
#1540=FACE_OUTER_BOUND('',#3131,.T.);
#1541=PLANE('',#3132);
#1542=SURFACE_STYLE_USAGE(.BOTH.,#3133);
#1543=FACE_OUTER_BOUND('',#3134,.T.);
#1544=PLANE('',#3135);
#1545=SURFACE_STYLE_USAGE(.BOTH.,#3136);
#1546=FACE_OUTER_BOUND('',#3137,.T.);
#1547=PLANE('',#3138);
#1548=SURFACE_STYLE_USAGE(.BOTH.,#3139);
#1549=FACE_OUTER_BOUND('',#3140,.T.);
#1550=FACE_BOUND('',#3141,.T.);
#1551=PLANE('',#3142);
#1552=SURFACE_STYLE_USAGE(.BOTH.,#3143);
#1553=FACE_OUTER_BOUND('',#3144,.T.);
#1554=PLANE('',#3145);
#1555=SURFACE_STYLE_USAGE(.BOTH.,#3146);
#1556=FACE_OUTER_BOUND('',#3147,.T.);
#1557=CYLINDRICAL_SURFACE('',#3148,0.0915354330708662);
#1558=SURFACE_STYLE_USAGE(.BOTH.,#3149);
#1559=FACE_OUTER_BOUND('',#3150,.T.);
#1560=PLANE('',#3151);
#1561=SURFACE_STYLE_USAGE(.BOTH.,#3152);
#1562=FACE_OUTER_BOUND('',#3153,.T.);
#1563=PLANE('',#3154);
#1564=SURFACE_STYLE_USAGE(.BOTH.,#3155);
#1565=FACE_OUTER_BOUND('',#3156,.T.);
#1566=PLANE('',#3157);
#1567=SURFACE_STYLE_USAGE(.BOTH.,#3158);
#1568=FACE_OUTER_BOUND('',#3159,.T.);
#1569=PLANE('',#3160);
#1570=SURFACE_STYLE_USAGE(.BOTH.,#3161);
#1571=FACE_OUTER_BOUND('',#3162,.T.);
#1572=FACE_BOUND('',#3163,.T.);
#1573=PLANE('',#3164);
#1574=SURFACE_STYLE_USAGE(.BOTH.,#3165);
#1575=FACE_OUTER_BOUND('',#3166,.T.);
#1576=PLANE('',#3167);
#1577=SURFACE_STYLE_USAGE(.BOTH.,#3168);
#1578=FACE_OUTER_BOUND('',#3169,.T.);
#1579=PLANE('',#3170);
#1580=SURFACE_STYLE_USAGE(.BOTH.,#3171);
#1581=FACE_OUTER_BOUND('',#3172,.T.);
#1582=PLANE('',#3173);
#1583=SURFACE_STYLE_USAGE(.BOTH.,#3174);
#1584=FACE_OUTER_BOUND('',#3175,.T.);
#1585=PLANE('',#3176);
#1586=SURFACE_STYLE_USAGE(.BOTH.,#3177);
#1587=FACE_OUTER_BOUND('',#3178,.T.);
#1588=CYLINDRICAL_SURFACE('',#3179,0.186023622047244);
#1589=SURFACE_STYLE_USAGE(.BOTH.,#3180);
#1590=FACE_OUTER_BOUND('',#3181,.T.);
#1591=PLANE('',#3182);
#1592=SURFACE_STYLE_USAGE(.BOTH.,#3183);
#1593=FACE_OUTER_BOUND('',#3184,.T.);
#1594=PLANE('',#3185);
#1595=SURFACE_STYLE_USAGE(.BOTH.,#3186);
#1596=FACE_OUTER_BOUND('',#3187,.T.);
#1597=PLANE('',#3188);
#1598=SURFACE_STYLE_USAGE(.BOTH.,#3189);
#1599=FACE_OUTER_BOUND('',#3190,.T.);
#1600=PLANE('',#3191);
#1601=SURFACE_STYLE_USAGE(.BOTH.,#3192);
#1602=FACE_OUTER_BOUND('',#3193,.T.);
#1603=PLANE('',#3194);
#1604=SURFACE_STYLE_USAGE(.BOTH.,#3195);
#1605=FACE_OUTER_BOUND('',#3196,.T.);
#1606=PLANE('',#3197);
#1607=SURFACE_STYLE_USAGE(.BOTH.,#3198);
#1608=FACE_OUTER_BOUND('',#3199,.T.);
#1609=PLANE('',#3200);
#1610=SURFACE_STYLE_USAGE(.BOTH.,#3201);
#1611=FACE_OUTER_BOUND('',#3202,.T.);
#1612=PLANE('',#3203);
#1613=SURFACE_STYLE_USAGE(.BOTH.,#3204);
#1614=FACE_OUTER_BOUND('',#3205,.T.);
#1615=PLANE('',#3206);
#1616=SURFACE_STYLE_USAGE(.BOTH.,#3207);
#1617=FACE_OUTER_BOUND('',#3208,.T.);
#1618=PLANE('',#3209);
#1619=SURFACE_STYLE_USAGE(.BOTH.,#3210);
#1620=FACE_OUTER_BOUND('',#3211,.T.);
#1621=PLANE('',#3212);
#1622=SURFACE_STYLE_USAGE(.BOTH.,#3213);
#1623=FACE_OUTER_BOUND('',#3214,.T.);
#1624=CYLINDRICAL_SURFACE('',#3215,0.217680880318377);
#1625=SURFACE_STYLE_USAGE(.BOTH.,#3216);
#1626=FACE_BOUND('',#3217,.T.);
#1627=FACE_BOUND('',#3218,.T.);
#1628=FACE_BOUND('',#3219,.T.);
#1629=FACE_BOUND('',#3220,.T.);
#1630=FACE_BOUND('',#3221,.T.);
#1631=FACE_BOUND('',#3222,.T.);
#1632=FACE_BOUND('',#3223,.T.);
#1633=FACE_BOUND('',#3224,.T.);
#1634=FACE_BOUND('',#3225,.T.);
#1635=FACE_BOUND('',#3226,.T.);
#1636=FACE_BOUND('',#3227,.T.);
#1637=FACE_BOUND('',#3228,.T.);
#1638=FACE_BOUND('',#3229,.T.);
#1639=FACE_BOUND('',#3230,.T.);
#1640=FACE_BOUND('',#3231,.T.);
#1641=FACE_BOUND('',#3232,.T.);
#1642=FACE_BOUND('',#3233,.T.);
#1643=FACE_BOUND('',#3234,.T.);
#1644=FACE_BOUND('',#3235,.T.);
#1645=FACE_BOUND('',#3236,.T.);
#1646=FACE_BOUND('',#3237,.T.);
#1647=FACE_BOUND('',#3238,.T.);
#1648=FACE_BOUND('',#3239,.T.);
#1649=FACE_BOUND('',#3240,.T.);
#1650=FACE_BOUND('',#3241,.T.);
#1651=FACE_OUTER_BOUND('',#3242,.T.);
#1652=FACE_BOUND('',#3243,.T.);
#1653=FACE_BOUND('',#3244,.T.);
#1654=FACE_BOUND('',#3245,.T.);
#1655=FACE_BOUND('',#3246,.T.);
#1656=FACE_BOUND('',#3247,.T.);
#1657=FACE_BOUND('',#3248,.T.);
#1658=FACE_BOUND('',#3249,.T.);
#1659=FACE_BOUND('',#3250,.T.);
#1660=FACE_BOUND('',#3251,.T.);
#1661=FACE_BOUND('',#3252,.T.);
#1662=FACE_BOUND('',#3253,.T.);
#1663=FACE_BOUND('',#3254,.T.);
#1664=FACE_BOUND('',#3255,.T.);
#1665=FACE_BOUND('',#3256,.T.);
#1666=FACE_BOUND('',#3257,.T.);
#1667=FACE_BOUND('',#3258,.T.);
#1668=FACE_BOUND('',#3259,.T.);
#1669=FACE_BOUND('',#3260,.T.);
#1670=FACE_BOUND('',#3261,.T.);
#1671=FACE_BOUND('',#3262,.T.);
#1672=FACE_BOUND('',#3263,.T.);
#1673=FACE_BOUND('',#3264,.T.);
#1674=FACE_BOUND('',#3265,.T.);
#1675=FACE_BOUND('',#3266,.T.);
#1676=FACE_BOUND('',#3267,.T.);
#1677=FACE_BOUND('',#3268,.T.);
#1678=FACE_BOUND('',#3269,.T.);
#1679=FACE_BOUND('',#3270,.T.);
#1680=FACE_BOUND('',#3271,.T.);
#1681=FACE_BOUND('',#3272,.T.);
#1682=FACE_BOUND('',#3273,.T.);
#1683=FACE_BOUND('',#3274,.T.);
#1684=FACE_BOUND('',#3275,.T.);
#1685=FACE_BOUND('',#3276,.T.);
#1686=FACE_BOUND('',#3277,.T.);
#1687=FACE_BOUND('',#3278,.T.);
#1688=FACE_BOUND('',#3279,.T.);
#1689=FACE_BOUND('',#3280,.T.);
#1690=FACE_BOUND('',#3281,.T.);
#1691=FACE_BOUND('',#3282,.T.);
#1692=FACE_BOUND('',#3283,.T.);
#1693=FACE_BOUND('',#3284,.T.);
#1694=FACE_BOUND('',#3285,.T.);
#1695=FACE_BOUND('',#3286,.T.);
#1696=FACE_BOUND('',#3287,.T.);
#1697=FACE_BOUND('',#3288,.T.);
#1698=FACE_BOUND('',#3289,.T.);
#1699=FACE_BOUND('',#3290,.T.);
#1700=PLANE('',#3291);
#1701=SURFACE_STYLE_USAGE(.BOTH.,#3292);
#1702=FACE_OUTER_BOUND('',#3293,.T.);
#1703=PLANE('',#3294);
#1704=SURFACE_STYLE_USAGE(.BOTH.,#3295);
#1705=FACE_OUTER_BOUND('',#3296,.T.);
#1706=PLANE('',#3297);
#1707=SURFACE_STYLE_USAGE(.BOTH.,#3298);
#1708=FACE_OUTER_BOUND('',#3299,.T.);
#1709=PLANE('',#3300);
#1710=SURFACE_STYLE_USAGE(.BOTH.,#3301);
#1711=FACE_OUTER_BOUND('',#3302,.T.);
#1712=CYLINDRICAL_SURFACE('',#3303,0.178062069790083);
#1713=SURFACE_STYLE_USAGE(.BOTH.,#3304);
#1714=FACE_OUTER_BOUND('',#3305,.T.);
#1715=PLANE('',#3306);
#1716=SURFACE_STYLE_USAGE(.BOTH.,#3307);
#1717=FACE_OUTER_BOUND('',#3308,.T.);
#1718=PLANE('',#3309);
#1719=SURFACE_STYLE_USAGE(.BOTH.,#3310);
#1720=FACE_OUTER_BOUND('',#3311,.T.);
#1721=PLANE('',#3312);
#1722=SURFACE_STYLE_USAGE(.BOTH.,#3313);
#1723=FACE_OUTER_BOUND('',#3314,.T.);
#1724=PLANE('',#3315);
#1725=SURFACE_STYLE_USAGE(.BOTH.,#3316);
#1726=FACE_OUTER_BOUND('',#3317,.T.);
#1727=PLANE('',#3318);
#1728=SURFACE_STYLE_USAGE(.BOTH.,#3319);
#1729=FACE_OUTER_BOUND('',#3320,.T.);
#1730=PLANE('',#3321);
#1731=SURFACE_STYLE_USAGE(.BOTH.,#3322);
#1732=FACE_OUTER_BOUND('',#3323,.T.);
#1733=PLANE('',#3324);
#1734=SURFACE_STYLE_USAGE(.BOTH.,#3325);
#1735=FACE_OUTER_BOUND('',#3326,.T.);
#1736=PLANE('',#3327);
#1737=SURFACE_STYLE_USAGE(.BOTH.,#3328);
#1738=FACE_OUTER_BOUND('',#3329,.T.);
#1739=PLANE('',#3330);
#1740=SURFACE_STYLE_USAGE(.BOTH.,#3331);
#1741=FACE_OUTER_BOUND('',#3332,.T.);
#1742=PLANE('',#3333);
#1743=SURFACE_STYLE_USAGE(.BOTH.,#3334);
#1744=FACE_OUTER_BOUND('',#3335,.T.);
#1745=PLANE('',#3336);
#1746=SURFACE_STYLE_USAGE(.BOTH.,#3337);
#1747=FACE_OUTER_BOUND('',#3338,.T.);
#1748=PLANE('',#3339);
#1749=SURFACE_STYLE_USAGE(.BOTH.,#3340);
#1750=FACE_OUTER_BOUND('',#3341,.T.);
#1751=PLANE('',#3342);
#1752=SURFACE_STYLE_USAGE(.BOTH.,#3343);
#1753=FACE_OUTER_BOUND('',#3344,.T.);
#1754=PLANE('',#3345);
#1755=SURFACE_STYLE_USAGE(.BOTH.,#3346);
#1756=FACE_OUTER_BOUND('',#3347,.T.);
#1757=PLANE('',#3348);
#1758=SURFACE_STYLE_USAGE(.BOTH.,#3349);
#1759=FACE_OUTER_BOUND('',#3350,.T.);
#1760=PLANE('',#3351);
#1761=SURFACE_STYLE_USAGE(.BOTH.,#3352);
#1762=FACE_OUTER_BOUND('',#3353,.T.);
#1763=PLANE('',#3354);
#1764=SURFACE_STYLE_USAGE(.BOTH.,#3355);
#1765=FACE_OUTER_BOUND('',#3356,.T.);
#1766=FACE_BOUND('',#3357,.T.);
#1767=PLANE('',#3358);
#1768=SURFACE_STYLE_USAGE(.BOTH.,#3359);
#1769=FACE_OUTER_BOUND('',#3360,.T.);
#1770=PLANE('',#3361);
#1771=SURFACE_STYLE_USAGE(.BOTH.,#3362);
#1772=FACE_OUTER_BOUND('',#3363,.T.);
#1773=PLANE('',#3364);
#1774=SURFACE_STYLE_USAGE(.BOTH.,#3365);
#1775=FACE_OUTER_BOUND('',#3366,.T.);
#1776=PLANE('',#3367);
#1777=SURFACE_STYLE_USAGE(.BOTH.,#3368);
#1778=FACE_OUTER_BOUND('',#3369,.T.);
#1779=PLANE('',#3370);
#1780=SURFACE_STYLE_USAGE(.BOTH.,#3371);
#1781=FACE_OUTER_BOUND('',#3372,.T.);
#1782=CYLINDRICAL_SURFACE('',#3373,0.15748031496063);
#1783=SURFACE_STYLE_USAGE(.BOTH.,#3374);
#1784=FACE_OUTER_BOUND('',#3375,.T.);
#1785=PLANE('',#3376);
#1786=SURFACE_STYLE_USAGE(.BOTH.,#3377);
#1787=FACE_OUTER_BOUND('',#3378,.T.);
#1788=PLANE('',#3379);
#1789=SURFACE_STYLE_USAGE(.BOTH.,#3380);
#1790=FACE_OUTER_BOUND('',#3381,.T.);
#1791=PLANE('',#3382);
#1792=SURFACE_STYLE_USAGE(.BOTH.,#3383);
#1793=FACE_OUTER_BOUND('',#3384,.T.);
#1794=PLANE('',#3385);
#1795=SURFACE_STYLE_USAGE(.BOTH.,#3386);
#1796=FACE_OUTER_BOUND('',#3387,.T.);
#1797=PLANE('',#3388);
#1798=SURFACE_STYLE_USAGE(.BOTH.,#3389);
#1799=FACE_OUTER_BOUND('',#3390,.T.);
#1800=PLANE('',#3391);
#1801=SURFACE_STYLE_USAGE(.BOTH.,#3392);
#1802=FACE_OUTER_BOUND('',#3393,.T.);
#1803=PLANE('',#3394);
#1804=SURFACE_STYLE_USAGE(.BOTH.,#3395);
#1805=FACE_OUTER_BOUND('',#3396,.T.);
#1806=PLANE('',#3397);
#1807=SURFACE_STYLE_USAGE(.BOTH.,#3398);
#1808=FACE_OUTER_BOUND('',#3399,.T.);
#1809=PLANE('',#3400);
#1810=SURFACE_STYLE_USAGE(.BOTH.,#3401);
#1811=FACE_OUTER_BOUND('',#3402,.T.);
#1812=PLANE('',#3403);
#1813=SURFACE_STYLE_USAGE(.BOTH.,#3404);
#1814=FACE_OUTER_BOUND('',#3405,.T.);
#1815=PLANE('',#3406);
#1816=SURFACE_STYLE_USAGE(.BOTH.,#3407);
#1817=FACE_OUTER_BOUND('',#3408,.T.);
#1818=PLANE('',#3409);
#1819=SURFACE_STYLE_USAGE(.BOTH.,#3410);
#1820=FACE_OUTER_BOUND('',#3411,.T.);
#1821=PLANE('',#3412);
#1822=SURFACE_STYLE_USAGE(.BOTH.,#3413);
#1823=FACE_OUTER_BOUND('',#3414,.T.);
#1824=PLANE('',#3415);
#1825=SURFACE_STYLE_USAGE(.BOTH.,#3416);
#1826=FACE_OUTER_BOUND('',#3417,.T.);
#1827=PLANE('',#3418);
#1828=SURFACE_STYLE_USAGE(.BOTH.,#3419);
#1829=FACE_OUTER_BOUND('',#3420,.T.);
#1830=PLANE('',#3421);
#1831=SURFACE_STYLE_USAGE(.BOTH.,#3422);
#1832=FACE_OUTER_BOUND('',#3423,.T.);
#1833=CYLINDRICAL_SURFACE('',#3424,0.186023622047244);
#1834=SURFACE_STYLE_USAGE(.BOTH.,#3425);
#1835=FACE_OUTER_BOUND('',#3426,.T.);
#1836=PLANE('',#3427);
#1837=SURFACE_STYLE_USAGE(.BOTH.,#3428);
#1838=FACE_OUTER_BOUND('',#3429,.T.);
#1839=PLANE('',#3430);
#1840=SURFACE_STYLE_USAGE(.BOTH.,#3431);
#1841=FACE_OUTER_BOUND('',#3432,.T.);
#1842=PLANE('',#3433);
#1843=SURFACE_STYLE_USAGE(.BOTH.,#3434);
#1844=FACE_OUTER_BOUND('',#3435,.T.);
#1845=PLANE('',#3436);
#1846=SURFACE_STYLE_USAGE(.BOTH.,#3437);
#1847=FACE_OUTER_BOUND('',#3438,.T.);
#1848=PLANE('',#3439);
#1849=SURFACE_STYLE_USAGE(.BOTH.,#3440);
#1850=FACE_OUTER_BOUND('',#3441,.T.);
#1851=PLANE('',#3442);
#1852=SURFACE_STYLE_USAGE(.BOTH.,#3443);
#1853=FACE_OUTER_BOUND('',#3444,.T.);
#1854=PLANE('',#3445);
#1855=SURFACE_STYLE_USAGE(.BOTH.,#3446);
#1856=FACE_OUTER_BOUND('',#3447,.T.);
#1857=PLANE('',#3448);
#1858=SURFACE_STYLE_USAGE(.BOTH.,#3449);
#1859=FACE_OUTER_BOUND('',#3450,.T.);
#1860=PLANE('',#3451);
#1861=SURFACE_STYLE_USAGE(.BOTH.,#3452);
#1862=FACE_OUTER_BOUND('',#3453,.T.);
#1863=PLANE('',#3454);
#1864=SURFACE_STYLE_USAGE(.BOTH.,#3455);
#1865=FACE_OUTER_BOUND('',#3456,.T.);
#1866=PLANE('',#3457);
#1867=SURFACE_STYLE_USAGE(.BOTH.,#3458);
#1868=FACE_OUTER_BOUND('',#3459,.T.);
#1869=PLANE('',#3460);
#1870=SURFACE_STYLE_USAGE(.BOTH.,#3461);
#1871=FACE_OUTER_BOUND('',#3462,.T.);
#1872=PLANE('',#3463);
#1873=SURFACE_STYLE_USAGE(.BOTH.,#3464);
#1874=FACE_OUTER_BOUND('',#3465,.T.);
#1875=PLANE('',#3466);
#1876=SURFACE_STYLE_USAGE(.BOTH.,#3467);
#1877=FACE_OUTER_BOUND('',#3468,.T.);
#1878=PLANE('',#3469);
#1879=SURFACE_STYLE_USAGE(.BOTH.,#3470);
#1880=FACE_OUTER_BOUND('',#3471,.T.);
#1881=PLANE('',#3472);
#1882=SURFACE_STYLE_USAGE(.BOTH.,#3473);
#1883=FACE_OUTER_BOUND('',#3474,.T.);
#1884=PLANE('',#3475);
#1885=SURFACE_STYLE_USAGE(.BOTH.,#3476);
#1886=FACE_OUTER_BOUND('',#3477,.T.);
#1887=PLANE('',#3478);
#1888=SURFACE_STYLE_USAGE(.BOTH.,#3479);
#1889=FACE_OUTER_BOUND('',#3480,.T.);
#1890=PLANE('',#3481);
#1891=SURFACE_STYLE_USAGE(.BOTH.,#3482);
#1892=FACE_OUTER_BOUND('',#3483,.T.);
#1893=PLANE('',#3484);
#1894=SURFACE_STYLE_USAGE(.BOTH.,#3485);
#1895=FACE_OUTER_BOUND('',#3486,.T.);
#1896=PLANE('',#3487);
#1897=SURFACE_STYLE_USAGE(.BOTH.,#3488);
#1898=FACE_OUTER_BOUND('',#3489,.T.);
#1899=PLANE('',#3490);
#1900=SURFACE_STYLE_USAGE(.BOTH.,#3491);
#1901=FACE_OUTER_BOUND('',#3492,.T.);
#1902=PLANE('',#3493);
#1903=SURFACE_STYLE_USAGE(.BOTH.,#3494);
#1904=FACE_OUTER_BOUND('',#3495,.T.);
#1905=PLANE('',#3496);
#1906=SURFACE_STYLE_USAGE(.BOTH.,#3497);
#1907=FACE_OUTER_BOUND('',#3498,.T.);
#1908=PLANE('',#3499);
#1909=SURFACE_STYLE_USAGE(.BOTH.,#3500);
#1910=FACE_OUTER_BOUND('',#3501,.T.);
#1911=PLANE('',#3502);
#1912=SURFACE_STYLE_USAGE(.BOTH.,#3503);
#1913=FACE_OUTER_BOUND('',#3504,.T.);
#1914=PLANE('',#3505);
#1915=SURFACE_STYLE_USAGE(.BOTH.,#3506);
#1916=FACE_OUTER_BOUND('',#3507,.T.);
#1917=PLANE('',#3508);
#1918=SURFACE_STYLE_USAGE(.BOTH.,#3509);
#1919=FACE_OUTER_BOUND('',#3510,.T.);
#1920=PLANE('',#3511);
#1921=SURFACE_STYLE_USAGE(.BOTH.,#3512);
#1922=FACE_OUTER_BOUND('',#3513,.T.);
#1923=PLANE('',#3514);
#1924=SURFACE_STYLE_USAGE(.BOTH.,#3515);
#1925=FACE_OUTER_BOUND('',#3516,.T.);
#1926=PLANE('',#3517);
#1927=SURFACE_STYLE_USAGE(.BOTH.,#3518);
#1928=FACE_OUTER_BOUND('',#3519,.T.);
#1929=PLANE('',#3520);
#1930=SURFACE_STYLE_USAGE(.BOTH.,#3521);
#1931=FACE_OUTER_BOUND('',#3522,.T.);
#1932=PLANE('',#3523);
#1933=SURFACE_STYLE_USAGE(.BOTH.,#3524);
#1934=FACE_OUTER_BOUND('',#3525,.T.);
#1935=PLANE('',#3526);
#1936=SURFACE_STYLE_USAGE(.BOTH.,#3527);
#1937=FACE_OUTER_BOUND('',#3528,.T.);
#1938=PLANE('',#3529);
#1939=SURFACE_STYLE_USAGE(.BOTH.,#3530);
#1940=FACE_OUTER_BOUND('',#3531,.T.);
#1941=CONICAL_SURFACE('',#3532,0.183967581601107,0.78539816339744);
#1942=SURFACE_STYLE_USAGE(.BOTH.,#3533);
#1943=FACE_OUTER_BOUND('',#3534,.T.);
#1944=PLANE('',#3535);
#1945=SURFACE_STYLE_USAGE(.BOTH.,#3536);
#1946=FACE_OUTER_BOUND('',#3537,.T.);
#1947=PLANE('',#3538);
#1948=SURFACE_STYLE_USAGE(.BOTH.,#3539);
#1949=FACE_OUTER_BOUND('',#3540,.T.);
#1950=PLANE('',#3541);
#1951=SURFACE_STYLE_USAGE(.BOTH.,#3542);
#1952=FACE_OUTER_BOUND('',#3543,.T.);
#1953=PLANE('',#3544);
#1954=SURFACE_STYLE_USAGE(.BOTH.,#3545);
#1955=FACE_OUTER_BOUND('',#3546,.T.);
#1956=PLANE('',#3547);
#1957=SURFACE_STYLE_USAGE(.BOTH.,#3548);
#1958=FACE_OUTER_BOUND('',#3549,.T.);
#1959=PLANE('',#3550);
#1960=SURFACE_STYLE_USAGE(.BOTH.,#3551);
#1961=FACE_OUTER_BOUND('',#3552,.T.);
#1962=PLANE('',#3553);
#1963=SURFACE_STYLE_USAGE(.BOTH.,#3554);
#1964=FACE_OUTER_BOUND('',#3555,.T.);
#1965=PLANE('',#3556);
#1966=SURFACE_STYLE_USAGE(.BOTH.,#3557);
#1967=FACE_OUTER_BOUND('',#3558,.T.);
#1968=PLANE('',#3559);
#1969=SURFACE_STYLE_USAGE(.BOTH.,#3560);
#1970=FACE_OUTER_BOUND('',#3561,.T.);
#1971=CYLINDRICAL_SURFACE('',#3562,0.217680880318377);
#1972=SURFACE_STYLE_USAGE(.BOTH.,#3563);
#1973=FACE_OUTER_BOUND('',#3564,.T.);
#1974=PLANE('',#3565);
#1975=SURFACE_STYLE_USAGE(.BOTH.,#3566);
#1976=FACE_OUTER_BOUND('',#3567,.T.);
#1977=PLANE('',#3568);
#1978=SURFACE_STYLE_USAGE(.BOTH.,#3569);
#1979=FACE_OUTER_BOUND('',#3570,.T.);
#1980=CONICAL_SURFACE('',#3571,0.183967581601107,0.785398163397448);
#1981=SURFACE_STYLE_USAGE(.BOTH.,#3572);
#1982=FACE_OUTER_BOUND('',#3573,.T.);
#1983=PLANE('',#3574);
#1984=SURFACE_STYLE_USAGE(.BOTH.,#3575);
#1985=FACE_OUTER_BOUND('',#3576,.T.);
#1986=PLANE('',#3577);
#1987=SURFACE_STYLE_USAGE(.BOTH.,#3578);
#1988=FACE_OUTER_BOUND('',#3579,.T.);
#1989=PLANE('',#3580);
#1990=SURFACE_STYLE_USAGE(.BOTH.,#3581);
#1991=FACE_OUTER_BOUND('',#3582,.T.);
#1992=PLANE('',#3583);
#1993=SURFACE_STYLE_USAGE(.BOTH.,#3584);
#1994=FACE_OUTER_BOUND('',#3585,.T.);
#1995=PLANE('',#3586);
#1996=SURFACE_STYLE_USAGE(.BOTH.,#3587);
#1997=FACE_OUTER_BOUND('',#3588,.T.);
#1998=PLANE('',#3589);
#1999=SURFACE_STYLE_USAGE(.BOTH.,#3590);
#2000=FACE_OUTER_BOUND('',#3591,.T.);
#2001=PLANE('',#3592);
#2002=SURFACE_STYLE_USAGE(.BOTH.,#3593);
#2003=FACE_OUTER_BOUND('',#3594,.T.);
#2004=PLANE('',#3595);
#2005=SURFACE_STYLE_USAGE(.BOTH.,#3596);
#2006=FACE_OUTER_BOUND('',#3597,.T.);
#2007=CONICAL_SURFACE('',#3598,0.149606299212598,0.785398163397447);
#2008=SURFACE_STYLE_USAGE(.BOTH.,#3599);
#2009=FACE_OUTER_BOUND('',#3600,.T.);
#2010=CYLINDRICAL_SURFACE('',#3601,0.178062069790083);
#2011=SURFACE_STYLE_USAGE(.BOTH.,#3602);
#2012=FACE_OUTER_BOUND('',#3603,.T.);
#2013=PLANE('',#3604);
#2014=SURFACE_STYLE_USAGE(.BOTH.,#3605);
#2015=FACE_OUTER_BOUND('',#3606,.T.);
#2016=CYLINDRICAL_SURFACE('',#3607,0.15748031496063);
#2017=SURFACE_STYLE_USAGE(.BOTH.,#3608);
#2018=FACE_OUTER_BOUND('',#3609,.T.);
#2019=PLANE('',#3610);
#2020=SURFACE_STYLE_USAGE(.BOTH.,#3611);
#2021=FACE_OUTER_BOUND('',#3612,.T.);
#2022=PLANE('',#3613);
#2023=SURFACE_STYLE_USAGE(.BOTH.,#3614);
#2024=FACE_OUTER_BOUND('',#3615,.T.);
#2025=PLANE('',#3616);
#2026=SURFACE_STYLE_USAGE(.BOTH.,#3617);
#2027=FACE_OUTER_BOUND('',#3618,.T.);
#2028=CONICAL_SURFACE('',#3619,0.193897637795275,0.785398163397447);
#2029=SURFACE_STYLE_USAGE(.BOTH.,#3620);
#2030=FACE_OUTER_BOUND('',#3621,.T.);
#2031=PLANE('',#3622);
#2032=SURFACE_STYLE_USAGE(.BOTH.,#3623);
#2033=FACE_OUTER_BOUND('',#3624,.T.);
#2034=PLANE('',#3625);
#2035=SURFACE_STYLE_USAGE(.BOTH.,#3626);
#2036=FACE_OUTER_BOUND('',#3627,.T.);
#2037=PLANE('',#3628);
#2038=SURFACE_STYLE_USAGE(.BOTH.,#3629);
#2039=CLOSED_SHELL('',(#947,#1131,#1409,#901,#1019,#1251,#989,#1187,#845,#919,#797,#911,#865,#1253,#841,#1391,#1471,#979,#1435,#949,#601,#1069,#951,#853,#753,#773,#1247,#1349,#917,#799,#1227,#735,#1451,#1179,#737,#921,#1225,#591,#927,#1381,#1231,#1105,#745,#779,#1031,#557,#529,#1411,#1097,#1373,#1209,#879,#683,#1089,#1087,#713,#1425,#1171,#545,#1465,#1229,#1109,#699,#673,#1215,#705,#1279,#569,#1127,#895,#777,#1317,#739,#1483,#1443,#1323,#759,#561,#1313,#551,#593,#645,#1183,#1061,#1351,#553,#1413,#923,#1151,#1007,#867,#741,#967,#1205,#907,#1395,#823,#651,#1269,#625,#1361,#511,#1001,#1305,#1271,#1469,#1125,#1013,#547,#953,#723,#1445,#1367,#743,#681,#1197,#1393,#1157,#727,#955,#693,#549,#603,#1463,#1009,#971,#515,#701,#803,#825,#1117,#1189,#1283,#649,#1429,#671,#627,#1457,#765,#1473,#1403,#885,#1337,#1211,#801,#983,#1159,#981,#679,#1375,#925,#1011,#1133,#1049,#541,#719,#1181,#769,#1301,#1027,#573,#785,#755,#1153,#1047,#881,#871,#933,#1123,#1135,#807,#677,#695,#809,#1235,#789,#685,#559,#851,#1169,#1241,#1201,#1145,#605,#1281,#621,#1233,#617,#1309,#1333,#775,#999,#883,#1257,#1085,#1243,#1219,#1385,#1431,#1173,#1405,#869,#1287,#535,#1155,#1063,#815,#1289,#945,#1275,#1051,#987,#1307,#1065,#887,#771,#1255,#711,#821,#665,#1479,#1407,#1263,#575,#1217,#1015,#721,#1137,#975,#1115,#849,#1053,#1327,#857,#1057,#709,#957,#751,#1079,#787,#1335,#943,#1285,#1191,#1185,#1043,#929,#1163,#875,#637,#1093,#567,#1045,#1071,#531,#525,#1467,#1397,#675,#811,#689,#583,#835,#1449,#959,#543,#1107,#873,#1221,#647,#1193,#791,#1213,#935,#905,#563,#581,#1101,#589,#539,#997,#1175,#1371,#1033,#1331,#847,#517,#1325,#611,#839,#985,#1041,#635,#1143,#1261,#1459,#641,#889,#661,#607,#1005,#931,#973,#761,#1455,#1299,#1453,#1303,#687,#1477,#767,#763,#843,#1383,#555,#1433,#729,#587,#615,#523,#703,#1165,#1095,#1207,#1039,#657,#663,#537,#1461,#903,#1319,#1139,#1441,#1021,#629,#817,#1121,#1399,#1369,#639,#1073,#697,#691,#965,#897,#1111,#527,#1329,#757,#1291,#667,#1167,#1447,#533,#1277,#715,#1293,#1439,#891,#909,#655,#1295,#793,#585,#1223,#1239,#1017,#899,#1023,#877,#1035,#1341,#1265,#969,#1401,#1415,#861,#595,#977,#1055,#913,#1203,#599,#1149,#577,#783,#521,#733,#939,#1259,#1161,#747,#993,#1357,#1437,#513,#1237,#1321,#1353,#1037,#597,#1315,#1475,#623,#1129,#829,#731,#1311,#1003,#519,#893,#1273,#1029,#1377,#1387,#659,#1113,#1345,#1359,#827,#1417,#619,#795,#1419,#1389,#1347,#749,#937,#653,#1103,#717,#1249,#1099,#1363,#1147,#1067,#707,#1091,#1199,#1379,#571,#1421,#831,#609,#1245,#1267,#669,#565,#1427,#859,#1365,#1059,#833,#633,#1355,#941,#1083,#1343,#805,#991,#1423,#813,#781,#1025,#1339,#1177,#1481,#1297,#995,#725,#1141,#1195,#1075,#631,#1081,#855,#915,#579,#961,#613,#837,#1077,#643,#863,#1119,#963));
#2040=SURFACE_STYLE_USAGE(.BOTH.,#3630);
#2041=FACE_OUTER_BOUND('',#3631,.T.);
#2042=PLANE('',#3632);
#2043=SURFACE_STYLE_USAGE(.BOTH.,#3633);
#2044=FACE_OUTER_BOUND('',#3634,.T.);
#2045=PLANE('',#3635);
#2046=SURFACE_STYLE_USAGE(.BOTH.,#3636);
#2047=FACE_OUTER_BOUND('',#3637,.T.);
#2048=PLANE('',#3638);
#2049=SURFACE_STYLE_USAGE(.BOTH.,#3639);
#2050=FACE_OUTER_BOUND('',#3640,.T.);
#2051=PLANE('',#3641);
#2052=SURFACE_STYLE_USAGE(.BOTH.,#3642);
#2053=FACE_OUTER_BOUND('',#3643,.T.);
#2054=PLANE('',#3644);
#2055=SURFACE_STYLE_USAGE(.BOTH.,#3645);
#2056=FACE_OUTER_BOUND('',#3646,.T.);
#2057=PLANE('',#3647);
#2058=SURFACE_STYLE_USAGE(.BOTH.,#3648);
#2059=FACE_OUTER_BOUND('',#3649,.T.);
#2060=PLANE('',#3650);
#2061=SURFACE_STYLE_USAGE(.BOTH.,#3651);
#2062=FACE_OUTER_BOUND('',#3652,.T.);
#2063=PLANE('',#3653);
#2064=SURFACE_STYLE_USAGE(.BOTH.,#3654);
#2065=FACE_OUTER_BOUND('',#3655,.T.);
#2066=PLANE('',#3656);
#2067=SURFACE_STYLE_USAGE(.BOTH.,#3657);
#2068=FACE_OUTER_BOUND('',#3658,.T.);
#2069=PLANE('',#3659);
#2070=SURFACE_STYLE_USAGE(.BOTH.,#3660);
#2071=FACE_OUTER_BOUND('',#3661,.T.);
#2072=CONICAL_SURFACE('',#3662,0.193897637795276,0.785398163397447);
#2073=SURFACE_STYLE_USAGE(.BOTH.,#3663);
#2074=FACE_OUTER_BOUND('',#3664,.T.);
#2075=PLANE('',#3665);
#2076=SURFACE_STYLE_USAGE(.BOTH.,#3666);
#2077=FACE_OUTER_BOUND('',#3667,.T.);
#2078=CYLINDRICAL_SURFACE('',#3668,0.0915354330708662);
#2079=SURFACE_STYLE_USAGE(.BOTH.,#3669);
#2080=FACE_OUTER_BOUND('',#3670,.T.);
#2081=PLANE('',#3671);
#2082=SURFACE_STYLE_USAGE(.BOTH.,#3672);
#2083=FACE_OUTER_BOUND('',#3673,.T.);
#2084=PLANE('',#3674);
#2085=SURFACE_STYLE_USAGE(.BOTH.,#3675);
#2086=FACE_OUTER_BOUND('',#3676,.T.);
#2087=PLANE('',#3677);
#2088=SURFACE_STYLE_USAGE(.BOTH.,#3678);
#2089=FACE_OUTER_BOUND('',#3679,.T.);
#2090=CONICAL_SURFACE('',#3680,0.183967581601107,0.785398163397448);
#2091=SURFACE_STYLE_USAGE(.BOTH.,#3681);
#2092=FACE_OUTER_BOUND('',#3682,.T.);
#2093=PLANE('',#3683);
#2094=SURFACE_STYLE_USAGE(.BOTH.,#3684);
#2095=FACE_OUTER_BOUND('',#3685,.T.);
#2096=PLANE('',#3686);
#2097=SURFACE_STYLE_USAGE(.BOTH.,#3687);
#2098=FACE_OUTER_BOUND('',#3688,.T.);
#2099=PLANE('',#3689);
#2100=SURFACE_STYLE_USAGE(.BOTH.,#3690);
#2101=FACE_OUTER_BOUND('',#3691,.T.);
#2102=PLANE('',#3692);
#2103=SURFACE_STYLE_USAGE(.BOTH.,#3693);
#2104=FACE_OUTER_BOUND('',#3694,.T.);
#2105=PLANE('',#3695);
#2106=SURFACE_STYLE_USAGE(.BOTH.,#3696);
#2107=FACE_OUTER_BOUND('',#3697,.T.);
#2108=CONICAL_SURFACE('',#3698,0.149606299212598,0.785398163397447);
#2109=SURFACE_STYLE_USAGE(.BOTH.,#3699);
#2110=FACE_OUTER_BOUND('',#3700,.T.);
#2111=PLANE('',#3701);
#2112=SURFACE_STYLE_USAGE(.BOTH.,#3702);
#2113=FACE_OUTER_BOUND('',#3703,.T.);
#2114=PLANE('',#3704);
#2115=SURFACE_STYLE_USAGE(.BOTH.,#3705);
#2116=FACE_OUTER_BOUND('',#3706,.T.);
#2117=PLANE('',#3707);
#2118=SURFACE_STYLE_USAGE(.BOTH.,#3708);
#2119=FACE_OUTER_BOUND('',#3709,.T.);
#2120=CONICAL_SURFACE('',#3710,0.149606299212598,0.785398163397447);
#2121=SURFACE_STYLE_USAGE(.BOTH.,#3711);
#2122=FACE_OUTER_BOUND('',#3712,.T.);
#2123=CYLINDRICAL_SURFACE('',#3713,0.0915354330708662);
#2124=SURFACE_STYLE_USAGE(.BOTH.,#3714);
#2125=FACE_OUTER_BOUND('',#3715,.T.);
#2126=PLANE('',#3716);
#2127=SURFACE_STYLE_USAGE(.BOTH.,#3717);
#2128=FACE_OUTER_BOUND('',#3718,.T.);
#2129=PLANE('',#3719);
#2130=SURFACE_STYLE_USAGE(.BOTH.,#3720);
#2131=FACE_OUTER_BOUND('',#3721,.T.);
#2132=PLANE('',#3722);
#2133=SURFACE_STYLE_USAGE(.BOTH.,#3723);
#2134=FACE_OUTER_BOUND('',#3724,.T.);
#2135=PLANE('',#3725);
#2136=SURFACE_STYLE_USAGE(.BOTH.,#3726);
#2137=FACE_OUTER_BOUND('',#3727,.T.);
#2138=PLANE('',#3728);
#2139=SURFACE_STYLE_USAGE(.BOTH.,#3729);
#2140=FACE_OUTER_BOUND('',#3730,.T.);
#2141=PLANE('',#3731);
#2142=SURFACE_STYLE_USAGE(.BOTH.,#3732);
#2143=FACE_OUTER_BOUND('',#3733,.T.);
#2144=PLANE('',#3734);
#2145=SURFACE_STYLE_USAGE(.BOTH.,#3735);
#2146=FACE_OUTER_BOUND('',#3736,.T.);
#2147=PLANE('',#3737);
#2148=SURFACE_STYLE_USAGE(.BOTH.,#3738);
#2149=FACE_OUTER_BOUND('',#3739,.T.);
#2150=PLANE('',#3740);
#2151=SURFACE_STYLE_USAGE(.BOTH.,#3741);
#2152=FACE_OUTER_BOUND('',#3742,.T.);
#2153=PLANE('',#3743);
#2154=SURFACE_STYLE_USAGE(.BOTH.,#3744);
#2155=FACE_OUTER_BOUND('',#3745,.T.);
#2156=PLANE('',#3746);
#2157=SURFACE_STYLE_USAGE(.BOTH.,#3747);
#2158=FACE_OUTER_BOUND('',#3748,.T.);
#2159=PLANE('',#3749);
#2160=SURFACE_STYLE_USAGE(.BOTH.,#3750);
#2161=FACE_OUTER_BOUND('',#3751,.T.);
#2162=CONICAL_SURFACE('',#3752,0.193897637795275,0.785398163397447);
#2163=SURFACE_STYLE_USAGE(.BOTH.,#3753);
#2164=FACE_OUTER_BOUND('',#3754,.T.);
#2165=PLANE('',#3755);
#2166=SURFACE_STYLE_USAGE(.BOTH.,#3756);
#2167=FACE_OUTER_BOUND('',#3757,.T.);
#2168=PLANE('',#3758);
#2169=SURFACE_STYLE_USAGE(.BOTH.,#3759);
#2170=FACE_OUTER_BOUND('',#3760,.T.);
#2171=PLANE('',#3761);
#2172=SURFACE_STYLE_USAGE(.BOTH.,#3762);
#2173=FACE_OUTER_BOUND('',#3763,.T.);
#2174=PLANE('',#3764);
#2175=SURFACE_STYLE_USAGE(.BOTH.,#3765);
#2176=FACE_OUTER_BOUND('',#3766,.T.);
#2177=CYLINDRICAL_SURFACE('',#3767,0.15748031496063);
#2178=SURFACE_STYLE_USAGE(.BOTH.,#3768);
#2179=FACE_OUTER_BOUND('',#3769,.T.);
#2180=PLANE('',#3770);
#2181=SURFACE_STYLE_USAGE(.BOTH.,#3771);
#2182=FACE_OUTER_BOUND('',#3772,.T.);
#2183=PLANE('',#3773);
#2184=SURFACE_STYLE_USAGE(.BOTH.,#3774);
#2185=FACE_OUTER_BOUND('',#3775,.T.);
#2186=PLANE('',#3776);
#2187=SURFACE_STYLE_USAGE(.BOTH.,#3777);
#2188=FACE_OUTER_BOUND('',#3778,.T.);
#2189=CYLINDRICAL_SURFACE('',#3779,0.15748031496063);
#2190=SURFACE_STYLE_USAGE(.BOTH.,#3780);
#2191=FACE_OUTER_BOUND('',#3781,.T.);
#2192=CYLINDRICAL_SURFACE('',#3782,0.217680880318377);
#2193=SURFACE_STYLE_USAGE(.BOTH.,#3783);
#2194=FACE_OUTER_BOUND('',#3784,.T.);
#2195=PLANE('',#3785);
#2196=SURFACE_STYLE_USAGE(.BOTH.,#3786);
#2197=FACE_OUTER_BOUND('',#3787,.T.);
#2198=PLANE('',#3788);
#2199=SURFACE_STYLE_USAGE(.BOTH.,#3789);
#2200=FACE_OUTER_BOUND('',#3790,.T.);
#2201=PLANE('',#3791);
#2202=SURFACE_STYLE_USAGE(.BOTH.,#3792);
#2203=FACE_OUTER_BOUND('',#3793,.T.);
#2204=CYLINDRICAL_SURFACE('',#3794,0.15748031496063);
#2205=SURFACE_STYLE_USAGE(.BOTH.,#3795);
#2206=FACE_OUTER_BOUND('',#3796,.T.);
#2207=PLANE('',#3797);
#2208=SURFACE_STYLE_USAGE(.BOTH.,#3798);
#2209=FACE_OUTER_BOUND('',#3799,.T.);
#2210=PLANE('',#3800);
#2211=SURFACE_STYLE_USAGE(.BOTH.,#3801);
#2212=FACE_OUTER_BOUND('',#3802,.T.);
#2213=PLANE('',#3803);
#2214=SURFACE_STYLE_USAGE(.BOTH.,#3804);
#2215=FACE_OUTER_BOUND('',#3805,.T.);
#2216=PLANE('',#3806);
#2217=SURFACE_STYLE_USAGE(.BOTH.,#3807);
#2218=FACE_OUTER_BOUND('',#3808,.T.);
#2219=PLANE('',#3809);
#2220=SURFACE_STYLE_USAGE(.BOTH.,#3810);
#2221=FACE_OUTER_BOUND('',#3811,.T.);
#2222=PLANE('',#3812);
#2223=SURFACE_STYLE_USAGE(.BOTH.,#3813);
#2224=FACE_OUTER_BOUND('',#3814,.T.);
#2225=PLANE('',#3815);
#2226=SURFACE_STYLE_USAGE(.BOTH.,#3816);
#2227=FACE_OUTER_BOUND('',#3817,.T.);
#2228=PLANE('',#3818);
#2229=SURFACE_STYLE_USAGE(.BOTH.,#3819);
#2230=FACE_OUTER_BOUND('',#3820,.T.);
#2231=CONICAL_SURFACE('',#3821,0.149606299212598,0.785398163397447);
#2232=SURFACE_STYLE_USAGE(.BOTH.,#3822);
#2233=FACE_OUTER_BOUND('',#3823,.T.);
#2234=CYLINDRICAL_SURFACE('',#3824,0.15748031496063);
#2235=SURFACE_STYLE_USAGE(.BOTH.,#3825);
#2236=FACE_OUTER_BOUND('',#3826,.T.);
#2237=CONICAL_SURFACE('',#3827,0.211775368507353,0.785398163397448);
#2238=SURFACE_STYLE_USAGE(.BOTH.,#3828);
#2239=FACE_OUTER_BOUND('',#3829,.T.);
#2240=FACE_BOUND('',#3830,.T.);
#2241=PLANE('',#3831);
#2242=SURFACE_STYLE_USAGE(.BOTH.,#3832);
#2243=FACE_OUTER_BOUND('',#3833,.T.);
#2244=CONICAL_SURFACE('',#3834,0.193897637795275,0.785398163397447);
#2245=SURFACE_STYLE_USAGE(.BOTH.,#3835);
#2246=FACE_OUTER_BOUND('',#3836,.T.);
#2247=PLANE('',#3837);
#2248=SURFACE_STYLE_USAGE(.BOTH.,#3838);
#2249=FACE_OUTER_BOUND('',#3839,.T.);
#2250=PLANE('',#3840);
#2251=SURFACE_STYLE_USAGE(.BOTH.,#3841);
#2252=FACE_OUTER_BOUND('',#3842,.T.);
#2253=PLANE('',#3843);
#2254=SURFACE_STYLE_USAGE(.BOTH.,#3844);
#2255=FACE_OUTER_BOUND('',#3845,.T.);
#2256=PLANE('',#3846);
#2257=SURFACE_STYLE_USAGE(.BOTH.,#3847);
#2258=FACE_OUTER_BOUND('',#3848,.T.);
#2259=PLANE('',#3849);
#2260=SURFACE_STYLE_USAGE(.BOTH.,#3850);
#2261=FACE_OUTER_BOUND('',#3851,.T.);
#2262=PLANE('',#3852);
#2263=SURFACE_STYLE_USAGE(.BOTH.,#3853);
#2264=FACE_OUTER_BOUND('',#3854,.T.);
#2265=PLANE('',#3855);
#2266=SURFACE_STYLE_USAGE(.BOTH.,#3856);
#2267=FACE_OUTER_BOUND('',#3857,.T.);
#2268=PLANE('',#3858);
#2269=SURFACE_STYLE_USAGE(.BOTH.,#3859);
#2270=FACE_OUTER_BOUND('',#3860,.T.);
#2271=PLANE('',#3861);
#2272=SURFACE_STYLE_USAGE(.BOTH.,#3862);
#2273=FACE_OUTER_BOUND('',#3863,.T.);
#2274=PLANE('',#3864);
#2275=SURFACE_STYLE_USAGE(.BOTH.,#3865);
#2276=FACE_OUTER_BOUND('',#3866,.T.);
#2277=PLANE('',#3867);
#2278=SURFACE_STYLE_USAGE(.BOTH.,#3868);
#2279=FACE_OUTER_BOUND('',#3869,.T.);
#2280=CYLINDRICAL_SURFACE('',#3870,0.0915354330708662);
#2281=SURFACE_STYLE_USAGE(.BOTH.,#3871);
#2282=FACE_OUTER_BOUND('',#3872,.T.);
#2283=PLANE('',#3873);
#2284=SURFACE_STYLE_USAGE(.BOTH.,#3874);
#2285=FACE_OUTER_BOUND('',#3875,.T.);
#2286=PLANE('',#3876);
#2287=SURFACE_STYLE_USAGE(.BOTH.,#3877);
#2288=FACE_OUTER_BOUND('',#3878,.T.);
#2289=PLANE('',#3879);
#2290=SURFACE_STYLE_USAGE(.BOTH.,#3880);
#2291=FACE_OUTER_BOUND('',#3881,.T.);
#2292=PLANE('',#3882);
#2293=SURFACE_STYLE_USAGE(.BOTH.,#3883);
#2294=FACE_OUTER_BOUND('',#3884,.T.);
#2295=CYLINDRICAL_SURFACE('',#3885,0.186023622047244);
#2296=SURFACE_STYLE_USAGE(.BOTH.,#3886);
#2297=FACE_OUTER_BOUND('',#3887,.T.);
#2298=PLANE('',#3888);
#2299=SURFACE_STYLE_USAGE(.BOTH.,#3889);
#2300=FACE_OUTER_BOUND('',#3890,.T.);
#2301=PLANE('',#3891);
#2302=SURFACE_STYLE_USAGE(.BOTH.,#3892);
#2303=FACE_OUTER_BOUND('',#3893,.T.);
#2304=PLANE('',#3894);
#2305=SURFACE_STYLE_USAGE(.BOTH.,#3895);
#2306=FACE_OUTER_BOUND('',#3896,.T.);
#2307=PLANE('',#3897);
#2308=SURFACE_STYLE_USAGE(.BOTH.,#3898);
#2309=FACE_OUTER_BOUND('',#3899,.T.);
#2310=PLANE('',#3900);
#2311=SURFACE_STYLE_USAGE(.BOTH.,#3901);
#2312=FACE_OUTER_BOUND('',#3902,.T.);
#2313=PLANE('',#3903);
#2314=SURFACE_STYLE_USAGE(.BOTH.,#3904);
#2315=FACE_OUTER_BOUND('',#3905,.T.);
#2316=PLANE('',#3906);
#2317=SURFACE_STYLE_USAGE(.BOTH.,#3907);
#2318=FACE_OUTER_BOUND('',#3908,.T.);
#2319=PLANE('',#3909);
#2320=SURFACE_STYLE_USAGE(.BOTH.,#3910);
#2321=FACE_OUTER_BOUND('',#3911,.T.);
#2322=PLANE('',#3912);
#2323=SURFACE_STYLE_USAGE(.BOTH.,#3913);
#2324=FACE_OUTER_BOUND('',#3914,.T.);
#2325=FACE_BOUND('',#3915,.T.);
#2326=PLANE('',#3916);
#2327=SURFACE_STYLE_USAGE(.BOTH.,#3917);
#2328=FACE_OUTER_BOUND('',#3918,.T.);
#2329=PLANE('',#3919);
#2330=SURFACE_STYLE_USAGE(.BOTH.,#3920);
#2331=FACE_OUTER_BOUND('',#3921,.T.);
#2332=CYLINDRICAL_SURFACE('',#3922,0.0915354330708662);
#2333=SURFACE_STYLE_USAGE(.BOTH.,#3923);
#2334=FACE_OUTER_BOUND('',#3924,.T.);
#2335=PLANE('',#3925);
#2336=SURFACE_STYLE_USAGE(.BOTH.,#3926);
#2337=FACE_OUTER_BOUND('',#3927,.T.);
#2338=PLANE('',#3928);
#2339=SURFACE_STYLE_USAGE(.BOTH.,#3929);
#2340=FACE_OUTER_BOUND('',#3930,.T.);
#2341=CONICAL_SURFACE('',#3931,0.193897637795276,0.785398163397447);
#2342=SURFACE_STYLE_USAGE(.BOTH.,#3932);
#2343=FACE_OUTER_BOUND('',#3933,.T.);
#2344=PLANE('',#3934);
#2345=SURFACE_STYLE_USAGE(.BOTH.,#3935);
#2346=FACE_OUTER_BOUND('',#3936,.T.);
#2347=PLANE('',#3937);
#2348=SURFACE_STYLE_USAGE(.BOTH.,#3938);
#2349=FACE_OUTER_BOUND('',#3939,.T.);
#2350=PLANE('',#3940);
#2351=SURFACE_STYLE_USAGE(.BOTH.,#3941);
#2352=FACE_OUTER_BOUND('',#3942,.T.);
#2353=PLANE('',#3943);
#2354=SURFACE_STYLE_USAGE(.BOTH.,#3944);
#2355=FACE_OUTER_BOUND('',#3945,.T.);
#2356=PLANE('',#3946);
#2357=SURFACE_STYLE_USAGE(.BOTH.,#3947);
#2358=FACE_OUTER_BOUND('',#3948,.T.);
#2359=PLANE('',#3949);
#2360=SURFACE_STYLE_USAGE(.BOTH.,#3950);
#2361=FACE_OUTER_BOUND('',#3951,.T.);
#2362=PLANE('',#3952);
#2363=SURFACE_STYLE_USAGE(.BOTH.,#3953);
#2364=FACE_OUTER_BOUND('',#3954,.T.);
#2365=PLANE('',#3955);
#2366=SURFACE_STYLE_USAGE(.BOTH.,#3956);
#2367=FACE_OUTER_BOUND('',#3957,.T.);
#2368=PLANE('',#3958);
#2369=SURFACE_STYLE_USAGE(.BOTH.,#3959);
#2370=FACE_OUTER_BOUND('',#3960,.T.);
#2371=PLANE('',#3961);
#2372=SURFACE_STYLE_USAGE(.BOTH.,#3962);
#2373=FACE_OUTER_BOUND('',#3963,.T.);
#2374=PLANE('',#3964);
#2375=SURFACE_STYLE_USAGE(.BOTH.,#3965);
#2376=FACE_OUTER_BOUND('',#3966,.T.);
#2377=PLANE('',#3967);
#2378=SURFACE_STYLE_USAGE(.BOTH.,#3968);
#2379=FACE_OUTER_BOUND('',#3969,.T.);
#2380=PLANE('',#3970);
#2381=SURFACE_STYLE_USAGE(.BOTH.,#3971);
#2382=FACE_OUTER_BOUND('',#3972,.T.);
#2383=PLANE('',#3973);
#2384=SURFACE_STYLE_USAGE(.BOTH.,#3974);
#2385=FACE_OUTER_BOUND('',#3975,.T.);
#2386=PLANE('',#3976);
#2387=SURFACE_STYLE_USAGE(.BOTH.,#3977);
#2388=FACE_OUTER_BOUND('',#3978,.T.);
#2389=PLANE('',#3979);
#2390=SURFACE_STYLE_USAGE(.BOTH.,#3980);
#2391=FACE_OUTER_BOUND('',#3981,.T.);
#2392=PLANE('',#3982);
#2393=SURFACE_STYLE_USAGE(.BOTH.,#3983);
#2394=FACE_OUTER_BOUND('',#3984,.T.);
#2395=PLANE('',#3985);
#2396=SURFACE_STYLE_USAGE(.BOTH.,#3986);
#2397=FACE_OUTER_BOUND('',#3987,.T.);
#2398=PLANE('',#3988);
#2399=SURFACE_STYLE_USAGE(.BOTH.,#3989);
#2400=FACE_OUTER_BOUND('',#3990,.T.);
#2401=PLANE('',#3991);
#2402=SURFACE_STYLE_USAGE(.BOTH.,#3992);
#2403=FACE_OUTER_BOUND('',#3993,.T.);
#2404=PLANE('',#3994);
#2405=SURFACE_STYLE_USAGE(.BOTH.,#3995);
#2406=FACE_OUTER_BOUND('',#3996,.T.);
#2407=PLANE('',#3997);
#2408=SURFACE_STYLE_USAGE(.BOTH.,#3998);
#2409=FACE_OUTER_BOUND('',#3999,.T.);
#2410=PLANE('',#4000);
#2411=SURFACE_STYLE_USAGE(.BOTH.,#4001);
#2412=FACE_OUTER_BOUND('',#4002,.T.);
#2413=PLANE('',#4003);
#2414=SURFACE_STYLE_USAGE(.BOTH.,#4004);
#2415=FACE_OUTER_BOUND('',#4005,.T.);
#2416=CONICAL_SURFACE('',#4006,0.211775368507353,0.78539816339745);
#2417=SURFACE_STYLE_USAGE(.BOTH.,#4007);
#2418=FACE_OUTER_BOUND('',#4008,.T.);
#2419=PLANE('',#4009);
#2420=SURFACE_STYLE_USAGE(.BOTH.,#4010);
#2421=FACE_OUTER_BOUND('',#4011,.T.);
#2422=PLANE('',#4012);
#2423=SURFACE_STYLE_USAGE(.BOTH.,#4013);
#2424=FACE_OUTER_BOUND('',#4014,.T.);
#2425=PLANE('',#4015);
#2426=SURFACE_STYLE_USAGE(.BOTH.,#4016);
#2427=FACE_OUTER_BOUND('',#4017,.T.);
#2428=PLANE('',#4018);
#2429=SURFACE_STYLE_USAGE(.BOTH.,#4019);
#2430=FACE_OUTER_BOUND('',#4020,.T.);
#2431=PLANE('',#4021);
#2432=SURFACE_STYLE_USAGE(.BOTH.,#4022);
#2433=FACE_OUTER_BOUND('',#4023,.T.);
#2434=PLANE('',#4024);
#2435=SURFACE_STYLE_USAGE(.BOTH.,#4025);
#2436=FACE_OUTER_BOUND('',#4026,.T.);
#2437=PLANE('',#4027);
#2438=SURFACE_STYLE_USAGE(.BOTH.,#4028);
#2439=FACE_OUTER_BOUND('',#4029,.T.);
#2440=PLANE('',#4030);
#2441=SURFACE_STYLE_USAGE(.BOTH.,#4031);
#2442=FACE_OUTER_BOUND('',#4032,.T.);
#2443=PLANE('',#4033);
#2444=SURFACE_STYLE_USAGE(.BOTH.,#4034);
#2445=FACE_OUTER_BOUND('',#4035,.T.);
#2446=PLANE('',#4036);
#2447=SURFACE_STYLE_USAGE(.BOTH.,#4037);
#2448=FACE_OUTER_BOUND('',#4038,.T.);
#2449=PLANE('',#4039);
#2450=SURFACE_STYLE_USAGE(.BOTH.,#4040);
#2451=FACE_OUTER_BOUND('',#4041,.T.);
#2452=PLANE('',#4042);
#2453=SURFACE_STYLE_USAGE(.BOTH.,#4043);
#2454=FACE_OUTER_BOUND('',#4044,.T.);
#2455=PLANE('',#4045);
#2456=SURFACE_STYLE_USAGE(.BOTH.,#4046);
#2457=FACE_OUTER_BOUND('',#4047,.T.);
#2458=PLANE('',#4048);
#2459=SURFACE_STYLE_USAGE(.BOTH.,#4049);
#2460=FACE_OUTER_BOUND('',#4050,.T.);
#2461=PLANE('',#4051);
#2462=SURFACE_STYLE_USAGE(.BOTH.,#4052);
#2463=FACE_OUTER_BOUND('',#4053,.T.);
#2464=PLANE('',#4054);
#2465=SURFACE_STYLE_USAGE(.BOTH.,#4055);
#2466=FACE_OUTER_BOUND('',#4056,.T.);
#2467=PLANE('',#4057);
#2468=SURFACE_STYLE_USAGE(.BOTH.,#4058);
#2469=FACE_OUTER_BOUND('',#4059,.T.);
#2470=PLANE('',#4060);
#2471=SURFACE_STYLE_USAGE(.BOTH.,#4061);
#2472=FACE_OUTER_BOUND('',#4062,.T.);
#2473=PLANE('',#4063);
#2474=SURFACE_STYLE_USAGE(.BOTH.,#4064);
#2475=FACE_OUTER_BOUND('',#4065,.T.);
#2476=PLANE('',#4066);
#2477=SURFACE_STYLE_USAGE(.BOTH.,#4067);
#2478=FACE_OUTER_BOUND('',#4068,.T.);
#2479=PLANE('',#4069);
#2480=SURFACE_STYLE_USAGE(.BOTH.,#4070);
#2481=FACE_OUTER_BOUND('',#4071,.T.);
#2482=PLANE('',#4072);
#2483=SURFACE_STYLE_USAGE(.BOTH.,#4073);
#2484=FACE_OUTER_BOUND('',#4074,.T.);
#2485=PLANE('',#4075);
#2486=SURFACE_STYLE_USAGE(.BOTH.,#4076);
#2487=FACE_OUTER_BOUND('',#4077,.T.);
#2488=PLANE('',#4078);
#2489=SURFACE_STYLE_USAGE(.BOTH.,#4079);
#2490=FACE_OUTER_BOUND('',#4080,.T.);
#2491=PLANE('',#4081);
#2492=SURFACE_STYLE_USAGE(.BOTH.,#4082);
#2493=FACE_OUTER_BOUND('',#4083,.T.);
#2494=PLANE('',#4084);
#2495=SURFACE_STYLE_USAGE(.BOTH.,#4085);
#2496=FACE_OUTER_BOUND('',#4086,.T.);
#2497=PLANE('',#4087);
#2498=SURFACE_STYLE_USAGE(.BOTH.,#4088);
#2499=FACE_OUTER_BOUND('',#4089,.T.);
#2500=CYLINDRICAL_SURFACE('',#4090,0.15748031496063);
#2501=SURFACE_STYLE_USAGE(.BOTH.,#4091);
#2502=FACE_OUTER_BOUND('',#4092,.T.);
#2503=PLANE('',#4093);
#2504=SURFACE_STYLE_USAGE(.BOTH.,#4094);
#2505=FACE_OUTER_BOUND('',#4095,.T.);
#2506=PLANE('',#4096);
#2507=SURFACE_STYLE_USAGE(.BOTH.,#4097);
#2508=FACE_OUTER_BOUND('',#4098,.T.);
#2509=CYLINDRICAL_SURFACE('',#4099,0.15748031496063);
#2510=SURFACE_STYLE_USAGE(.BOTH.,#4100);
#2511=FACE_OUTER_BOUND('',#4101,.T.);
#2512=PLANE('',#4102);
#2513=SURFACE_STYLE_USAGE(.BOTH.,#4103);
#2514=FACE_OUTER_BOUND('',#4104,.T.);
#2515=PLANE('',#4105);
#2516=SURFACE_STYLE_USAGE(.BOTH.,#4106);
#2517=FACE_OUTER_BOUND('',#4107,.T.);
#2518=PLANE('',#4108);
#2519=SURFACE_STYLE_USAGE(.BOTH.,#4109);
#2520=FACE_OUTER_BOUND('',#4110,.T.);
#2521=PLANE('',#4111);
#2522=SURFACE_STYLE_USAGE(.BOTH.,#4112);
#2523=FACE_OUTER_BOUND('',#4113,.T.);
#2524=PLANE('',#4114);
#2525=SURFACE_STYLE_USAGE(.BOTH.,#4115);
#2526=FACE_OUTER_BOUND('',#4116,.T.);
#2527=PLANE('',#4117);
#2528=SURFACE_STYLE_USAGE(.BOTH.,#4118);
#2529=FACE_OUTER_BOUND('',#4119,.T.);
#2530=PLANE('',#4120);
#2531=SURFACE_STYLE_USAGE(.BOTH.,#4121);
#2532=FACE_OUTER_BOUND('',#4122,.T.);
#2533=PLANE('',#4123);
#2534=SURFACE_STYLE_USAGE(.BOTH.,#4124);
#2535=FACE_OUTER_BOUND('',#4125,.T.);
#2536=PLANE('',#4126);
#2537=SURFACE_STYLE_USAGE(.BOTH.,#4127);
#2538=FACE_OUTER_BOUND('',#4128,.T.);
#2539=PLANE('',#4129);
#2540=SURFACE_STYLE_USAGE(.BOTH.,#4130);
#2541=FACE_OUTER_BOUND('',#4131,.T.);
#2542=PLANE('',#4132);
#2543=SURFACE_STYLE_USAGE(.BOTH.,#4133);
#2544=FACE_OUTER_BOUND('',#4134,.T.);
#2545=PLANE('',#4135);
#2546=SURFACE_STYLE_USAGE(.BOTH.,#4136);
#2547=FACE_OUTER_BOUND('',#4137,.T.);
#2548=CONICAL_SURFACE('',#4138,0.193897637795276,0.785398163397447);
#2549=SURFACE_STYLE_USAGE(.BOTH.,#4139);
#2550=FACE_OUTER_BOUND('',#4140,.T.);
#2551=PLANE('',#4141);
#2552=SURFACE_STYLE_USAGE(.BOTH.,#4142);
#2553=FACE_OUTER_BOUND('',#4143,.T.);
#2554=PLANE('',#4144);
#2555=SURFACE_STYLE_USAGE(.BOTH.,#4145);
#2556=FACE_OUTER_BOUND('',#4146,.T.);
#2557=CYLINDRICAL_SURFACE('',#4147,0.0915354330708662);
#2558=SURFACE_STYLE_USAGE(.BOTH.,#4148);
#2559=FACE_OUTER_BOUND('',#4149,.T.);
#2560=PLANE('',#4150);
#2561=SURFACE_STYLE_USAGE(.BOTH.,#4151);
#2562=FACE_OUTER_BOUND('',#4152,.T.);
#2563=PLANE('',#4153);
#2564=SURFACE_STYLE_USAGE(.BOTH.,#4154);
#2565=FACE_OUTER_BOUND('',#4155,.T.);
#2566=PLANE('',#4156);
#2567=SURFACE_STYLE_USAGE(.BOTH.,#4157);
#2568=FACE_OUTER_BOUND('',#4158,.T.);
#2569=PLANE('',#4159);
#2570=SURFACE_STYLE_USAGE(.BOTH.,#4160);
#2571=FACE_OUTER_BOUND('',#4161,.T.);
#2572=PLANE('',#4162);
#2573=SURFACE_STYLE_USAGE(.BOTH.,#4163);
#2574=FACE_OUTER_BOUND('',#4164,.T.);
#2575=PLANE('',#4165);
#2576=SURFACE_STYLE_USAGE(.BOTH.,#4166);
#2577=FACE_OUTER_BOUND('',#4167,.T.);
#2578=PLANE('',#4168);
#2579=SURFACE_STYLE_USAGE(.BOTH.,#4169);
#2580=FACE_OUTER_BOUND('',#4170,.T.);
#2581=PLANE('',#4171);
#2582=SURFACE_STYLE_USAGE(.BOTH.,#4172);
#2583=FACE_OUTER_BOUND('',#4173,.T.);
#2584=PLANE('',#4174);
#2585=SURFACE_STYLE_USAGE(.BOTH.,#4175);
#2586=FACE_OUTER_BOUND('',#4176,.T.);
#2587=CYLINDRICAL_SURFACE('',#4177,0.178062069790083);
#2588=SURFACE_STYLE_USAGE(.BOTH.,#4178);
#2589=FACE_OUTER_BOUND('',#4179,.T.);
#2590=PLANE('',#4180);
#2591=SURFACE_STYLE_USAGE(.BOTH.,#4181);
#2592=FACE_OUTER_BOUND('',#4182,.T.);
#2593=CYLINDRICAL_SURFACE('',#4183,0.0915354330708662);
#2594=SURFACE_STYLE_USAGE(.BOTH.,#4184);
#2595=FACE_OUTER_BOUND('',#4185,.T.);
#2596=CONICAL_SURFACE('',#4186,0.149606299212598,0.785398163397447);
#2597=SURFACE_STYLE_USAGE(.BOTH.,#4187);
#2598=FACE_OUTER_BOUND('',#4188,.T.);
#2599=PLANE('',#4189);
#2600=SURFACE_STYLE_USAGE(.BOTH.,#4190);
#2601=FACE_OUTER_BOUND('',#4191,.T.);
#2602=PLANE('',#4192);
#2603=SURFACE_STYLE_USAGE(.BOTH.,#4193);
#2604=FACE_OUTER_BOUND('',#4194,.T.);
#2605=PLANE('',#4195);
#2606=SURFACE_STYLE_USAGE(.BOTH.,#4196);
#2607=FACE_OUTER_BOUND('',#4197,.T.);
#2608=PLANE('',#4198);
#2609=SURFACE_STYLE_USAGE(.BOTH.,#4199);
#2610=FACE_OUTER_BOUND('',#4200,.T.);
#2611=PLANE('',#4201);
#2612=SURFACE_STYLE_USAGE(.BOTH.,#4202);
#2613=FACE_OUTER_BOUND('',#4203,.T.);
#2614=PLANE('',#4204);
#2615=SURFACE_STYLE_USAGE(.BOTH.,#4205);
#2616=FACE_OUTER_BOUND('',#4206,.T.);
#2617=PLANE('',#4207);
#2618=SURFACE_STYLE_USAGE(.BOTH.,#4208);
#2619=FACE_OUTER_BOUND('',#4209,.T.);
#2620=PLANE('',#4210);
#2621=SURFACE_STYLE_USAGE(.BOTH.,#4211);
#2622=FACE_OUTER_BOUND('',#4212,.T.);
#2623=PLANE('',#4213);
#2624=SURFACE_STYLE_USAGE(.BOTH.,#4214);
#2625=FACE_OUTER_BOUND('',#4215,.T.);
#2626=PLANE('',#4216);
#2627=SURFACE_STYLE_USAGE(.BOTH.,#4217);
#2628=FACE_OUTER_BOUND('',#4218,.T.);
#2629=PLANE('',#4219);
#2630=SURFACE_STYLE_USAGE(.BOTH.,#4220);
#2631=FACE_OUTER_BOUND('',#4221,.T.);
#2632=CONICAL_SURFACE('',#4222,0.149606299212598,0.785398163397447);
#2633=SURFACE_STYLE_USAGE(.BOTH.,#4223);
#2634=FACE_OUTER_BOUND('',#4224,.T.);
#2635=PLANE('',#4225);
#2636=SURFACE_STYLE_USAGE(.BOTH.,#4226);
#2637=FACE_OUTER_BOUND('',#4227,.T.);
#2638=PLANE('',#4228);
#2639=SURFACE_STYLE_USAGE(.BOTH.,#4229);
#2640=FACE_OUTER_BOUND('',#4230,.T.);
#2641=PLANE('',#4231);
#2642=SURFACE_STYLE_USAGE(.BOTH.,#4232);
#2643=FACE_OUTER_BOUND('',#4233,.T.);
#2644=PLANE('',#4234);
#2645=SURFACE_STYLE_USAGE(.BOTH.,#4235);
#2646=FACE_OUTER_BOUND('',#4236,.T.);
#2647=PLANE('',#4237);
#2648=SURFACE_STYLE_USAGE(.BOTH.,#4238);
#2649=FACE_OUTER_BOUND('',#4239,.T.);
#2650=PLANE('',#4240);
#2651=SURFACE_STYLE_USAGE(.BOTH.,#4241);
#2652=FACE_OUTER_BOUND('',#4242,.T.);
#2653=PLANE('',#4243);
#2654=SURFACE_STYLE_USAGE(.BOTH.,#4244);
#2655=FACE_OUTER_BOUND('',#4245,.T.);
#2656=PLANE('',#4246);
#2657=SURFACE_STYLE_USAGE(.BOTH.,#4247);
#2658=FACE_OUTER_BOUND('',#4248,.T.);
#2659=CONICAL_SURFACE('',#4249,0.183967581601107,0.78539816339744);
#2660=SURFACE_STYLE_USAGE(.BOTH.,#4250);
#2661=FACE_OUTER_BOUND('',#4251,.T.);
#2662=PLANE('',#4252);
#2663=SURFACE_STYLE_USAGE(.BOTH.,#4253);
#2664=FACE_OUTER_BOUND('',#4254,.T.);
#2665=PLANE('',#4255);
#2666=SURFACE_STYLE_USAGE(.BOTH.,#4256);
#2667=FACE_OUTER_BOUND('',#4257,.T.);
#2668=PLANE('',#4258);
#2669=SURFACE_STYLE_USAGE(.BOTH.,#4259);
#2670=FACE_OUTER_BOUND('',#4260,.T.);
#2671=PLANE('',#4261);
#2672=SURFACE_STYLE_USAGE(.BOTH.,#4262);
#2673=FACE_OUTER_BOUND('',#4263,.T.);
#2674=PLANE('',#4264);
#2675=SURFACE_STYLE_USAGE(.BOTH.,#4265);
#2676=FACE_OUTER_BOUND('',#4266,.T.);
#2677=PLANE('',#4267);
#2678=SURFACE_STYLE_USAGE(.BOTH.,#4268);
#2679=FACE_OUTER_BOUND('',#4269,.T.);
#2680=PLANE('',#4270);
#2681=SURFACE_STYLE_USAGE(.BOTH.,#4271);
#2682=FACE_OUTER_BOUND('',#4272,.T.);
#2683=CYLINDRICAL_SURFACE('',#4273,0.217680880318377);
#2684=SURFACE_STYLE_USAGE(.BOTH.,#4274);
#2685=FACE_OUTER_BOUND('',#4275,.T.);
#2686=PLANE('',#4276);
#2687=SURFACE_STYLE_USAGE(.BOTH.,#4277);
#2688=FACE_OUTER_BOUND('',#4278,.T.);
#2689=CYLINDRICAL_SURFACE('',#4279,0.186023622047244);
#2690=SURFACE_STYLE_USAGE(.BOTH.,#4280);
#2691=FACE_OUTER_BOUND('',#4281,.T.);
#2692=CONICAL_SURFACE('',#4282,0.193897637795275,0.785398163397447);
#2693=SURFACE_STYLE_USAGE(.BOTH.,#4283);
#2694=FACE_OUTER_BOUND('',#4284,.T.);
#2695=PLANE('',#4285);
#2696=SURFACE_STYLE_USAGE(.BOTH.,#4286);
#2697=FACE_OUTER_BOUND('',#4287,.T.);
#2698=PLANE('',#4288);
#2699=SURFACE_STYLE_USAGE(.BOTH.,#4289);
#2700=FACE_OUTER_BOUND('',#4290,.T.);
#2701=PLANE('',#4291);
#2702=SURFACE_STYLE_USAGE(.BOTH.,#4292);
#2703=FACE_OUTER_BOUND('',#4293,.T.);
#2704=PLANE('',#4294);
#2705=SURFACE_STYLE_USAGE(.BOTH.,#4295);
#2706=FACE_OUTER_BOUND('',#4296,.T.);
#2707=PLANE('',#4297);
#2708=SURFACE_STYLE_USAGE(.BOTH.,#4298);
#2709=FACE_OUTER_BOUND('',#4299,.T.);
#2710=PLANE('',#4300);
#2711=SURFACE_STYLE_USAGE(.BOTH.,#4301);
#2712=FACE_OUTER_BOUND('',#4302,.T.);
#2713=PLANE('',#4303);
#2714=SURFACE_STYLE_USAGE(.BOTH.,#4304);
#2715=FACE_OUTER_BOUND('',#4305,.T.);
#2716=PLANE('',#4306);
#2717=SURFACE_STYLE_USAGE(.BOTH.,#4307);
#2718=FACE_OUTER_BOUND('',#4308,.T.);
#2719=PLANE('',#4309);
#2720=SURFACE_STYLE_USAGE(.BOTH.,#4310);
#2721=FACE_OUTER_BOUND('',#4311,.T.);
#2722=PLANE('',#4312);
#2723=SURFACE_STYLE_USAGE(.BOTH.,#4313);
#2724=FACE_OUTER_BOUND('',#4314,.T.);
#2725=PLANE('',#4315);
#2726=SURFACE_STYLE_USAGE(.BOTH.,#4316);
#2727=FACE_OUTER_BOUND('',#4317,.T.);
#2728=PLANE('',#4318);
#2729=SURFACE_STYLE_USAGE(.BOTH.,#4319);
#2730=FACE_OUTER_BOUND('',#4320,.T.);
#2731=PLANE('',#4321);
#2732=SURFACE_STYLE_USAGE(.BOTH.,#4322);
#2733=FACE_OUTER_BOUND('',#4323,.T.);
#2734=PLANE('',#4324);
#2735=SURFACE_STYLE_USAGE(.BOTH.,#4325);
#2736=FACE_OUTER_BOUND('',#4326,.T.);
#2737=PLANE('',#4327);
#2738=SURFACE_STYLE_USAGE(.BOTH.,#4328);
#2739=FACE_OUTER_BOUND('',#4329,.T.);
#2740=PLANE('',#4330);
#2741=SURFACE_STYLE_USAGE(.BOTH.,#4331);
#2742=FACE_OUTER_BOUND('',#4332,.T.);
#2743=PLANE('',#4333);
#2744=SURFACE_STYLE_USAGE(.BOTH.,#4334);
#2745=FACE_OUTER_BOUND('',#4335,.T.);
#2746=PLANE('',#4336);
#2747=SURFACE_STYLE_USAGE(.BOTH.,#4337);
#2748=FACE_OUTER_BOUND('',#4338,.T.);
#2749=PLANE('',#4339);
#2750=SURFACE_STYLE_USAGE(.BOTH.,#4340);
#2751=FACE_OUTER_BOUND('',#4341,.T.);
#2752=PLANE('',#4342);
#2753=SURFACE_STYLE_USAGE(.BOTH.,#4343);
#2754=FACE_OUTER_BOUND('',#4344,.T.);
#2755=PLANE('',#4345);
#2756=SURFACE_STYLE_USAGE(.BOTH.,#4346);
#2757=FACE_OUTER_BOUND('',#4347,.T.);
#2758=PLANE('',#4348);
#2759=SURFACE_STYLE_USAGE(.BOTH.,#4349);
#2760=FACE_OUTER_BOUND('',#4350,.T.);
#2761=PLANE('',#4351);
#2762=SURFACE_STYLE_USAGE(.BOTH.,#4352);
#2763=FACE_OUTER_BOUND('',#4353,.T.);
#2764=PLANE('',#4354);
#2765=SURFACE_STYLE_USAGE(.BOTH.,#4355);
#2766=FACE_OUTER_BOUND('',#4356,.T.);
#2767=PLANE('',#4357);
#2768=SURFACE_STYLE_USAGE(.BOTH.,#4358);
#2769=FACE_OUTER_BOUND('',#4359,.T.);
#2770=PLANE('',#4360);
#2771=SURFACE_STYLE_USAGE(.BOTH.,#4361);
#2772=FACE_OUTER_BOUND('',#4362,.T.);
#2773=PLANE('',#4363);
#2774=SURFACE_STYLE_USAGE(.BOTH.,#4364);
#2775=FACE_OUTER_BOUND('',#4365,.T.);
#2776=PLANE('',#4366);
#2777=SURFACE_STYLE_USAGE(.BOTH.,#4367);
#2778=FACE_OUTER_BOUND('',#4368,.T.);
#2779=PLANE('',#4369);
#2780=SURFACE_STYLE_USAGE(.BOTH.,#4370);
#2781=FACE_OUTER_BOUND('',#4371,.T.);
#2782=PLANE('',#4372);
#2783=SURFACE_STYLE_USAGE(.BOTH.,#4373);
#2784=FACE_OUTER_BOUND('',#4374,.T.);
#2785=PLANE('',#4375);
#2786=SURFACE_STYLE_USAGE(.BOTH.,#4376);
#2787=FACE_OUTER_BOUND('',#4377,.T.);
#2788=PLANE('',#4378);
#2789=SURFACE_STYLE_USAGE(.BOTH.,#4379);
#2790=FACE_OUTER_BOUND('',#4380,.T.);
#2791=PLANE('',#4381);
#2792=SURFACE_STYLE_USAGE(.BOTH.,#4382);
#2793=FACE_OUTER_BOUND('',#4383,.T.);
#2794=PLANE('',#4384);
#2795=SURFACE_STYLE_USAGE(.BOTH.,#4385);
#2796=FACE_OUTER_BOUND('',#4386,.T.);
#2797=PLANE('',#4387);
#2798=SURFACE_STYLE_USAGE(.BOTH.,#4388);
#2799=FACE_OUTER_BOUND('',#4389,.T.);
#2800=PLANE('',#4390);
#2801=SURFACE_STYLE_USAGE(.BOTH.,#4391);
#2802=FACE_OUTER_BOUND('',#4392,.T.);
#2803=PLANE('',#4393);
#2804=SURFACE_STYLE_USAGE(.BOTH.,#4394);
#2805=FACE_OUTER_BOUND('',#4395,.T.);
#2806=PLANE('',#4396);
#2807=SURFACE_STYLE_USAGE(.BOTH.,#4397);
#2808=FACE_OUTER_BOUND('',#4398,.T.);
#2809=PLANE('',#4399);
#2810=SURFACE_STYLE_USAGE(.BOTH.,#4400);
#2811=FACE_OUTER_BOUND('',#4401,.T.);
#2812=PLANE('',#4402);
#2813=SURFACE_STYLE_USAGE(.BOTH.,#4403);
#2814=FACE_OUTER_BOUND('',#4404,.T.);
#2815=PLANE('',#4405);
#2816=SURFACE_STYLE_USAGE(.BOTH.,#4406);
#2817=FACE_OUTER_BOUND('',#4407,.T.);
#2818=PLANE('',#4408);
#2819=SURFACE_STYLE_USAGE(.BOTH.,#4409);
#2820=FACE_OUTER_BOUND('',#4410,.T.);
#2821=PLANE('',#4411);
#2822=SURFACE_STYLE_USAGE(.BOTH.,#4412);
#2823=FACE_OUTER_BOUND('',#4413,.T.);
#2824=PLANE('',#4414);
#2825=SURFACE_STYLE_USAGE(.BOTH.,#4415);
#2826=FACE_OUTER_BOUND('',#4416,.T.);
#2827=PLANE('',#4417);
#2828=SURFACE_STYLE_USAGE(.BOTH.,#4418);
#2829=FACE_OUTER_BOUND('',#4419,.T.);
#2830=PLANE('',#4420);
#2831=SURFACE_STYLE_USAGE(.BOTH.,#4421);
#2832=FACE_OUTER_BOUND('',#4422,.T.);
#2833=PLANE('',#4423);
#2834=SURFACE_STYLE_USAGE(.BOTH.,#4424);
#2835=FACE_OUTER_BOUND('',#4425,.T.);
#2836=CYLINDRICAL_SURFACE('',#4426,0.178062069790083);
#2837=SURFACE_STYLE_USAGE(.BOTH.,#4427);
#2838=FACE_OUTER_BOUND('',#4428,.T.);
#2839=PLANE('',#4429);
#2840=SURFACE_STYLE_USAGE(.BOTH.,#4430);
#2841=FACE_OUTER_BOUND('',#4431,.T.);
#2842=PLANE('',#4432);
#2843=SURFACE_STYLE_USAGE(.BOTH.,#4433);
#2844=FACE_OUTER_BOUND('',#4434,.T.);
#2845=PLANE('',#4435);
#2846=SURFACE_STYLE_USAGE(.BOTH.,#4436);
#2847=FACE_OUTER_BOUND('',#4437,.T.);
#2848=PLANE('',#4438);
#2849=SURFACE_STYLE_USAGE(.BOTH.,#4439);
#2850=FACE_OUTER_BOUND('',#4440,.T.);
#2851=PLANE('',#4441);
#2852=SURFACE_STYLE_USAGE(.BOTH.,#4442);
#2853=FACE_OUTER_BOUND('',#4443,.T.);
#2854=PLANE('',#4444);
#2855=SURFACE_STYLE_USAGE(.BOTH.,#4445);
#2856=FACE_OUTER_BOUND('',#4446,.T.);
#2857=PLANE('',#4447);
#2858=SURFACE_STYLE_USAGE(.BOTH.,#4448);
#2859=FACE_OUTER_BOUND('',#4449,.T.);
#2860=PLANE('',#4450);
#2861=SURFACE_STYLE_USAGE(.BOTH.,#4451);
#2862=FACE_OUTER_BOUND('',#4452,.T.);
#2863=PLANE('',#4453);
#2864=SURFACE_STYLE_USAGE(.BOTH.,#4454);
#2865=FACE_OUTER_BOUND('',#4455,.T.);
#2866=PLANE('',#4456);
#2867=SURFACE_STYLE_USAGE(.BOTH.,#4457);
#2868=FACE_OUTER_BOUND('',#4458,.T.);
#2869=PLANE('',#4459);
#2870=SURFACE_STYLE_USAGE(.BOTH.,#4460);
#2871=FACE_OUTER_BOUND('',#4461,.T.);
#2872=CONICAL_SURFACE('',#4462,0.211775368507353,0.78539816339745);
#2873=SURFACE_STYLE_USAGE(.BOTH.,#4463);
#2874=FACE_OUTER_BOUND('',#4464,.T.);
#2875=PLANE('',#4465);
#2876=SURFACE_STYLE_USAGE(.BOTH.,#4466);
#2877=FACE_OUTER_BOUND('',#4467,.T.);
#2878=PLANE('',#4468);
#2879=SURFACE_STYLE_USAGE(.BOTH.,#4469);
#2880=FACE_OUTER_BOUND('',#4470,.T.);
#2881=PLANE('',#4471);
#2882=SURFACE_STYLE_USAGE(.BOTH.,#4472);
#2883=FACE_OUTER_BOUND('',#4473,.T.);
#2884=PLANE('',#4474);
#2885=SURFACE_STYLE_USAGE(.BOTH.,#4475);
#2886=FACE_OUTER_BOUND('',#4476,.T.);
#2887=PLANE('',#4477);
#2888=SURFACE_STYLE_USAGE(.BOTH.,#4478);
#2889=FACE_OUTER_BOUND('',#4479,.T.);
#2890=PLANE('',#4480);
#2891=SURFACE_STYLE_USAGE(.BOTH.,#4481);
#2892=FACE_OUTER_BOUND('',#4482,.T.);
#2893=PLANE('',#4483);
#2894=SURFACE_STYLE_USAGE(.BOTH.,#4484);
#2895=FACE_OUTER_BOUND('',#4485,.T.);
#2896=PLANE('',#4486);
#2897=SURFACE_STYLE_USAGE(.BOTH.,#4487);
#2898=FACE_OUTER_BOUND('',#4488,.T.);
#2899=CYLINDRICAL_SURFACE('',#4489,0.186023622047244);
#2900=SURFACE_STYLE_USAGE(.BOTH.,#4490);
#2901=FACE_OUTER_BOUND('',#4491,.T.);
#2902=PLANE('',#4492);
#2903=SURFACE_STYLE_USAGE(.BOTH.,#4493);
#2904=FACE_BOUND('',#4494,.T.);
#2905=FACE_BOUND('',#4495,.T.);
#2906=FACE_OUTER_BOUND('',#4496,.T.);
#2907=FACE_BOUND('',#4497,.T.);
#2908=FACE_BOUND('',#4498,.T.);
#2909=FACE_BOUND('',#4499,.T.);
#2910=FACE_BOUND('',#4500,.T.);
#2911=FACE_BOUND('',#4501,.T.);
#2912=FACE_BOUND('',#4502,.T.);
#2913=FACE_BOUND('',#4503,.T.);
#2914=FACE_BOUND('',#4504,.T.);
#2915=FACE_BOUND('',#4505,.T.);
#2916=FACE_BOUND('',#4506,.T.);
#2917=FACE_BOUND('',#4507,.T.);
#2918=FACE_BOUND('',#4508,.T.);
#2919=FACE_BOUND('',#4509,.T.);
#2920=FACE_BOUND('',#4510,.T.);
#2921=FACE_BOUND('',#4511,.T.);
#2922=FACE_BOUND('',#4512,.T.);
#2923=FACE_BOUND('',#4513,.T.);
#2924=FACE_BOUND('',#4514,.T.);
#2925=FACE_BOUND('',#4515,.T.);
#2926=FACE_BOUND('',#4516,.T.);
#2927=FACE_BOUND('',#4517,.T.);
#2928=FACE_BOUND('',#4518,.T.);
#2929=FACE_BOUND('',#4519,.T.);
#2930=FACE_BOUND('',#4520,.T.);
#2931=FACE_BOUND('',#4521,.T.);
#2932=FACE_BOUND('',#4522,.T.);
#2933=FACE_BOUND('',#4523,.T.);
#2934=FACE_BOUND('',#4524,.T.);
#2935=FACE_BOUND('',#4525,.T.);
#2936=FACE_BOUND('',#4526,.T.);
#2937=FACE_BOUND('',#4527,.T.);
#2938=FACE_BOUND('',#4528,.T.);
#2939=FACE_BOUND('',#4529,.T.);
#2940=FACE_BOUND('',#4530,.T.);
#2941=FACE_BOUND('',#4531,.T.);
#2942=FACE_BOUND('',#4532,.T.);
#2943=FACE_BOUND('',#4533,.T.);
#2944=FACE_BOUND('',#4534,.T.);
#2945=FACE_BOUND('',#4535,.T.);
#2946=FACE_BOUND('',#4536,.T.);
#2947=FACE_BOUND('',#4537,.T.);
#2948=FACE_BOUND('',#4538,.T.);
#2949=FACE_BOUND('',#4539,.T.);
#2950=PLANE('',#4540);
#2951=SURFACE_STYLE_USAGE(.BOTH.,#4541);
#2952=FACE_OUTER_BOUND('',#4542,.T.);
#2953=CONICAL_SURFACE('',#4543,0.193897637795276,0.785398163397447);
#2954=SURFACE_STYLE_USAGE(.BOTH.,#4544);
#2955=FACE_OUTER_BOUND('',#4545,.T.);
#2956=PLANE('',#4546);
#2957=SURFACE_STYLE_USAGE(.BOTH.,#4547);
#2958=FACE_OUTER_BOUND('',#4548,.T.);
#2959=PLANE('',#4549);
#2960=SURFACE_STYLE_USAGE(.BOTH.,#4550);
#2961=FACE_OUTER_BOUND('',#4551,.T.);
#2962=PLANE('',#4552);
#2963=SURFACE_STYLE_USAGE(.BOTH.,#4553);
#2964=FACE_OUTER_BOUND('',#4554,.T.);
#2965=PLANE('',#4555);
#2966=SURFACE_STYLE_USAGE(.BOTH.,#4556);
#2967=FACE_OUTER_BOUND('',#4557,.T.);
#2968=PLANE('',#4558);
#2969=SURFACE_STYLE_USAGE(.BOTH.,#4559);
#2970=FACE_OUTER_BOUND('',#4560,.T.);
#2971=CONICAL_SURFACE('',#4561,0.149606299212598,0.785398163397447);
#2972=SURFACE_STYLE_USAGE(.BOTH.,#4562);
#2973=FACE_OUTER_BOUND('',#4563,.T.);
#2974=PLANE('',#4564);
#2975=SURFACE_STYLE_USAGE(.BOTH.,#4565);
#2976=FACE_OUTER_BOUND('',#4566,.T.);
#2977=PLANE('',#4567);
#2978=SURFACE_STYLE_USAGE(.BOTH.,#4568);
#2979=FACE_OUTER_BOUND('',#4569,.T.);
#2980=PLANE('',#4570);
#2981=SURFACE_STYLE_USAGE(.BOTH.,#4571);
#2982=FACE_OUTER_BOUND('',#4572,.T.);
#2983=PLANE('',#4573);
#2984=SURFACE_STYLE_USAGE(.BOTH.,#4574);
#2985=FACE_OUTER_BOUND('',#4575,.T.);
#2986=PLANE('',#4576);
#2987=SURFACE_STYLE_USAGE(.BOTH.,#4577);
#2988=FACE_OUTER_BOUND('',#4578,.T.);
#2989=PLANE('',#4579);
#2990=SURFACE_STYLE_USAGE(.BOTH.,#4580);
#2991=FACE_OUTER_BOUND('',#4581,.T.);
#2992=PLANE('',#4582);
#2993=SURFACE_STYLE_USAGE(.BOTH.,#4583);
#2994=FACE_OUTER_BOUND('',#4584,.T.);
#2995=FACE_BOUND('',#4585,.T.);
#2996=PLANE('',#4586);
#2997=SURFACE_STYLE_USAGE(.BOTH.,#4587);
#2998=FACE_OUTER_BOUND('',#4588,.T.);
#2999=PLANE('',#4589);
#3000=SURFACE_STYLE_USAGE(.BOTH.,#4590);
#3001=FACE_OUTER_BOUND('',#4591,.T.);
#3002=PLANE('',#4592);
#3003=SURFACE_STYLE_USAGE(.BOTH.,#4593);
#3004=FACE_OUTER_BOUND('',#4594,.T.);
#3005=PLANE('',#4595);
#3006=SURFACE_STYLE_USAGE(.BOTH.,#4596);
#3007=FACE_OUTER_BOUND('',#4597,.T.);
#3008=PLANE('',#4598);
#3009=SURFACE_STYLE_USAGE(.BOTH.,#4599);
#3010=FACE_OUTER_BOUND('',#4600,.T.);
#3011=CYLINDRICAL_SURFACE('',#4601,0.0915354330708662);
#3012=SURFACE_STYLE_USAGE(.BOTH.,#4602);
#3013=FACE_OUTER_BOUND('',#4603,.T.);
#3014=PLANE('',#4604);
#3015=SURFACE_STYLE_USAGE(.BOTH.,#4605);
#3016=FACE_OUTER_BOUND('',#4606,.T.);
#3017=PLANE('',#4607);
#3018=SURFACE_STYLE_USAGE(.BOTH.,#4608);
#3019=FACE_OUTER_BOUND('',#4609,.T.);
#3020=PLANE('',#4610);
#3021=SURFACE_STYLE_USAGE(.BOTH.,#4611);
#3022=FACE_OUTER_BOUND('',#4612,.T.);
#3023=PLANE('',#4613);
#3024=SURFACE_STYLE_USAGE(.BOTH.,#4614);
#3025=FACE_OUTER_BOUND('',#4615,.T.);
#3026=CYLINDRICAL_SURFACE('',#4616,0.186023622047244);
#3027=SURFACE_STYLE_USAGE(.BOTH.,#4617);
#3028=FACE_OUTER_BOUND('',#4618,.T.);
#3029=PLANE('',#4619);
#3030=SURFACE_STYLE_USAGE(.BOTH.,#4620);
#3031=FACE_OUTER_BOUND('',#4621,.T.);
#3032=PLANE('',#4622);
#3033=SURFACE_STYLE_USAGE(.BOTH.,#4623);
#3034=FACE_OUTER_BOUND('',#4624,.T.);
#3035=PLANE('',#4625);
#3036=SURFACE_STYLE_USAGE(.BOTH.,#4626);
#3037=FACE_OUTER_BOUND('',#4627,.T.);
#3038=PLANE('',#4628);
#3039=SURFACE_STYLE_USAGE(.BOTH.,#4629);
#3040=FACE_OUTER_BOUND('',#4630,.T.);
#3041=PLANE('',#4631);
#3042=SURFACE_STYLE_USAGE(.BOTH.,#4632);
#3043=FACE_OUTER_BOUND('',#4633,.T.);
#3044=PLANE('',#4634);
#3045=SURFACE_STYLE_USAGE(.BOTH.,#4635);
#3046=FACE_OUTER_BOUND('',#4636,.T.);
#3047=PLANE('',#4637);
#3048=SURFACE_STYLE_USAGE(.BOTH.,#4638);
#3049=FACE_OUTER_BOUND('',#4639,.T.);
#3050=PLANE('',#4640);
#3051=SURFACE_STYLE_USAGE(.BOTH.,#4641);
#3052=FACE_OUTER_BOUND('',#4642,.T.);
#3053=PLANE('',#4643);
#3054=SURFACE_STYLE_USAGE(.BOTH.,#4644);
#3055=FACE_OUTER_BOUND('',#4645,.T.);
#3056=PLANE('',#4646);
#3057=SURFACE_STYLE_USAGE(.BOTH.,#4647);
#3058=FACE_OUTER_BOUND('',#4648,.T.);
#3059=PLANE('',#4649);
#3060=SURFACE_STYLE_USAGE(.BOTH.,#4650);
#3061=FACE_OUTER_BOUND('',#4651,.T.);
#3062=PLANE('',#4652);
#3063=SURFACE_STYLE_USAGE(.BOTH.,#4653);
#3064=FACE_OUTER_BOUND('',#4654,.T.);
#3065=CYLINDRICAL_SURFACE('',#4655,0.186023622047244);
#3066=SURFACE_STYLE_USAGE(.BOTH.,#4656);
#3067=FACE_OUTER_BOUND('',#4657,.T.);
#3068=PLANE('',#4658);
#3069=SURFACE_STYLE_USAGE(.BOTH.,#4659);
#3070=FACE_OUTER_BOUND('',#4660,.T.);
#3071=PLANE('',#4661);
#3072=SURFACE_STYLE_USAGE(.BOTH.,#4662);
#3073=FACE_OUTER_BOUND('',#4663,.T.);
#3074=PLANE('',#4664);
#3075=SURFACE_STYLE_USAGE(.BOTH.,#4665);
#3076=FACE_OUTER_BOUND('',#4666,.T.);
#3077=PLANE('',#4667);
#3078=SURFACE_STYLE_USAGE(.BOTH.,#4668);
#3079=FACE_OUTER_BOUND('',#4669,.T.);
#3080=PLANE('',#4670);
#3081=SURFACE_STYLE_USAGE(.BOTH.,#4671);
#3082=FACE_OUTER_BOUND('',#4672,.T.);
#3083=FACE_BOUND('',#4673,.T.);
#3084=PLANE('',#4674);
#3085=PRODUCT_CONTEXT('',#497,'mechanical');
#3086=PRODUCT_DEFINITION_FORMATION_WITH_SPECIFIED_SOURCE(' ','NONE',#1484,.NOT_KNOWN.);
#3087=CARTESIAN_POINT('',(0.0,0.0,0.0));
#3088=DIRECTION('',(0.0,0.0,1.0));
#3089=DIRECTION('',(1.0,0.0,0.0));
#3090= (NAMED_UNIT(#1492)LENGTH_UNIT()SI_UNIT(.MILLI.,.METRE.));
#3091=SURFACE_SIDE_STYLE('',(#4676));
#3092=EDGE_LOOP('',(#4677,#4678,#4679,#4680));
#3093=AXIS2_PLACEMENT_3D('',#4681,#4682,#4683);
#3094=SURFACE_SIDE_STYLE('',(#4684));
#3095=EDGE_LOOP('',(#4685,#4686,#4687,#4688));
#3096=AXIS2_PLACEMENT_3D('',#4689,#4690,#4691);
#3097=SURFACE_SIDE_STYLE('',(#4692));
#3098=EDGE_LOOP('',(#4693,#4694,#4695,#4696));
#3099=AXIS2_PLACEMENT_3D('',#4697,#4698,#4699);
#3100=SURFACE_SIDE_STYLE('',(#4700));
#3101=EDGE_LOOP('',(#4701,#4702,#4703,#4704));
#3102=AXIS2_PLACEMENT_3D('',#4705,#4706,#4707);
#3103=SURFACE_SIDE_STYLE('',(#4708));
#3104=EDGE_LOOP('',(#4709,#4710,#4711,#4712));
#3105=AXIS2_PLACEMENT_3D('',#4713,#4714,#4715);
#3106=SURFACE_SIDE_STYLE('',(#4716));
#3107=EDGE_LOOP('',(#4717,#4718,#4719,#4720));
#3108=AXIS2_PLACEMENT_3D('',#4721,#4722,#4723);
#3109=SURFACE_SIDE_STYLE('',(#4724));
#3110=EDGE_LOOP('',(#4725,#4726,#4727,#4728));
#3111=AXIS2_PLACEMENT_3D('',#4729,#4730,#4731);
#3112=SURFACE_SIDE_STYLE('',(#4732));
#3113=EDGE_LOOP('',(#4733,#4734,#4735,#4736,#4737));
#3114=AXIS2_PLACEMENT_3D('',#4738,#4739,#4740);
#3115=SURFACE_SIDE_STYLE('',(#4741));
#3116=EDGE_LOOP('',(#4742,#4743,#4744,#4745));
#3117=AXIS2_PLACEMENT_3D('',#4746,#4747,#4748);
#3118=SURFACE_SIDE_STYLE('',(#4749));
#3119=EDGE_LOOP('',(#4750,#4751,#4752,#4753,#4754));
#3120=AXIS2_PLACEMENT_3D('',#4755,#4756,#4757);
#3121=SURFACE_SIDE_STYLE('',(#4758));
#3122=EDGE_LOOP('',(#4759,#4760,#4761,#4762,#4763));
#3123=AXIS2_PLACEMENT_3D('',#4764,#4765,#4766);
#3124=SURFACE_SIDE_STYLE('',(#4767));
#3125=EDGE_LOOP('',(#4768,#4769,#4770,#4771));
#3126=AXIS2_PLACEMENT_3D('',#4772,#4773,#4774);
#3127=SURFACE_SIDE_STYLE('',(#4775));
#3128=EDGE_LOOP('',(#4776,#4777,#4778,#4779));
#3129=AXIS2_PLACEMENT_3D('',#4780,#4781,#4782);
#3130=SURFACE_SIDE_STYLE('',(#4783));
#3131=EDGE_LOOP('',(#4784,#4785,#4786,#4787));
#3132=AXIS2_PLACEMENT_3D('',#4788,#4789,#4790);
#3133=SURFACE_SIDE_STYLE('',(#4791));
#3134=EDGE_LOOP('',(#4792,#4793,#4794,#4795));
#3135=AXIS2_PLACEMENT_3D('',#4796,#4797,#4798);
#3136=SURFACE_SIDE_STYLE('',(#4799));
#3137=EDGE_LOOP('',(#4800,#4801,#4802,#4803));
#3138=AXIS2_PLACEMENT_3D('',#4804,#4805,#4806);
#3139=SURFACE_SIDE_STYLE('',(#4807));
#3140=EDGE_LOOP('',(#4808,#4809,#4810,#4811,#4812,#4813,#4814,#4815));
#3141=EDGE_LOOP('',(#4816,#4817));
#3142=AXIS2_PLACEMENT_3D('',#4818,#4819,#4820);
#3143=SURFACE_SIDE_STYLE('',(#4821));
#3144=EDGE_LOOP('',(#4822,#4823,#4824,#4825));
#3145=AXIS2_PLACEMENT_3D('',#4826,#4827,#4828);
#3146=SURFACE_SIDE_STYLE('',(#4829));
#3147=EDGE_LOOP('',(#4830,#4831,#4832,#4833));
#3148=AXIS2_PLACEMENT_3D('',#4834,#4835,#4836);
#3149=SURFACE_SIDE_STYLE('',(#4837));
#3150=EDGE_LOOP('',(#4838,#4839,#4840,#4841));
#3151=AXIS2_PLACEMENT_3D('',#4842,#4843,#4844);
#3152=SURFACE_SIDE_STYLE('',(#4845));
#3153=EDGE_LOOP('',(#4846,#4847,#4848,#4849));
#3154=AXIS2_PLACEMENT_3D('',#4850,#4851,#4852);
#3155=SURFACE_SIDE_STYLE('',(#4853));
#3156=EDGE_LOOP('',(#4854,#4855,#4856,#4857));
#3157=AXIS2_PLACEMENT_3D('',#4858,#4859,#4860);
#3158=SURFACE_SIDE_STYLE('',(#4861));
#3159=EDGE_LOOP('',(#4862,#4863,#4864,#4865));
#3160=AXIS2_PLACEMENT_3D('',#4866,#4867,#4868);
#3161=SURFACE_SIDE_STYLE('',(#4869));
#3162=EDGE_LOOP('',(#4870,#4871,#4872,#4873,#4874,#4875));
#3163=EDGE_LOOP('',(#4876,#4877,#4878,#4879,#4880,#4881));
#3164=AXIS2_PLACEMENT_3D('',#4882,#4883,#4884);
#3165=SURFACE_SIDE_STYLE('',(#4885));
#3166=EDGE_LOOP('',(#4886,#4887,#4888,#4889));
#3167=AXIS2_PLACEMENT_3D('',#4890,#4891,#4892);
#3168=SURFACE_SIDE_STYLE('',(#4893));
#3169=EDGE_LOOP('',(#4894,#4895,#4896,#4897));
#3170=AXIS2_PLACEMENT_3D('',#4898,#4899,#4900);
#3171=SURFACE_SIDE_STYLE('',(#4901));
#3172=EDGE_LOOP('',(#4902,#4903,#4904,#4905));
#3173=AXIS2_PLACEMENT_3D('',#4906,#4907,#4908);
#3174=SURFACE_SIDE_STYLE('',(#4909));
#3175=EDGE_LOOP('',(#4910,#4911,#4912,#4913));
#3176=AXIS2_PLACEMENT_3D('',#4914,#4915,#4916);
#3177=SURFACE_SIDE_STYLE('',(#4917));
#3178=EDGE_LOOP('',(#4918,#4919,#4920,#4921,#4922));
#3179=AXIS2_PLACEMENT_3D('',#4923,#4924,#4925);
#3180=SURFACE_SIDE_STYLE('',(#4926));
#3181=EDGE_LOOP('',(#4927,#4928,#4929,#4930,#4931,#4932));
#3182=AXIS2_PLACEMENT_3D('',#4933,#4934,#4935);
#3183=SURFACE_SIDE_STYLE('',(#4936));
#3184=EDGE_LOOP('',(#4937,#4938,#4939,#4940));
#3185=AXIS2_PLACEMENT_3D('',#4941,#4942,#4943);
#3186=SURFACE_SIDE_STYLE('',(#4944));
#3187=EDGE_LOOP('',(#4945,#4946,#4947,#4948));
#3188=AXIS2_PLACEMENT_3D('',#4949,#4950,#4951);
#3189=SURFACE_SIDE_STYLE('',(#4952));
#3190=EDGE_LOOP('',(#4953,#4954,#4955,#4956));
#3191=AXIS2_PLACEMENT_3D('',#4957,#4958,#4959);
#3192=SURFACE_SIDE_STYLE('',(#4960));
#3193=EDGE_LOOP('',(#4961,#4962,#4963,#4964));
#3194=AXIS2_PLACEMENT_3D('',#4965,#4966,#4967);
#3195=SURFACE_SIDE_STYLE('',(#4968));
#3196=EDGE_LOOP('',(#4969,#4970,#4971,#4972));
#3197=AXIS2_PLACEMENT_3D('',#4973,#4974,#4975);
#3198=SURFACE_SIDE_STYLE('',(#4976));
#3199=EDGE_LOOP('',(#4977,#4978,#4979,#4980));
#3200=AXIS2_PLACEMENT_3D('',#4981,#4982,#4983);
#3201=SURFACE_SIDE_STYLE('',(#4984));
#3202=EDGE_LOOP('',(#4985,#4986,#4987,#4988));
#3203=AXIS2_PLACEMENT_3D('',#4989,#4990,#4991);
#3204=SURFACE_SIDE_STYLE('',(#4992));
#3205=EDGE_LOOP('',(#4993,#4994,#4995,#4996));
#3206=AXIS2_PLACEMENT_3D('',#4997,#4998,#4999);
#3207=SURFACE_SIDE_STYLE('',(#5000));
#3208=EDGE_LOOP('',(#5001,#5002,#5003,#5004));
#3209=AXIS2_PLACEMENT_3D('',#5005,#5006,#5007);
#3210=SURFACE_SIDE_STYLE('',(#5008));
#3211=EDGE_LOOP('',(#5009,#5010,#5011,#5012));
#3212=AXIS2_PLACEMENT_3D('',#5013,#5014,#5015);
#3213=SURFACE_SIDE_STYLE('',(#5016));
#3214=EDGE_LOOP('',(#5017,#5018,#5019,#5020,#5021,#5022,#5023,#5024,#5025,#5026,#5027));
#3215=AXIS2_PLACEMENT_3D('',#5028,#5029,#5030);
#3216=SURFACE_SIDE_STYLE('',(#5031));
#3217=EDGE_LOOP('',(#5032,#5033,#5034,#5035));
#3218=EDGE_LOOP('',(#5036,#5037,#5038,#5039,#5040));
#3219=EDGE_LOOP('',(#5041,#5042,#5043,#5044,#5045,#5046,#5047));
#3220=EDGE_LOOP('',(#5048,#5049,#5050,#5051,#5052,#5053,#5054));
#3221=EDGE_LOOP('',(#5055,#5056,#5057,#5058,#5059,#5060));
#3222=EDGE_LOOP('',(#5061,#5062,#5063,#5064,#5065,#5066,#5067));
#3223=EDGE_LOOP('',(#5068,#5069,#5070,#5071,#5072,#5073,#5074));
#3224=EDGE_LOOP('',(#5075,#5076,#5077,#5078,#5079));
#3225=EDGE_LOOP('',(#5080,#5081,#5082,#5083,#5084,#5085));
#3226=EDGE_LOOP('',(#5086,#5087,#5088,#5089,#5090,#5091));
#3227=EDGE_LOOP('',(#5092,#5093,#5094,#5095));
#3228=EDGE_LOOP('',(#5096,#5097,#5098,#5099,#5100,#5101,#5102));
#3229=EDGE_LOOP('',(#5103,#5104,#5105,#5106,#5107,#5108));
#3230=EDGE_LOOP('',(#5109,#5110,#5111,#5112,#5113));
#3231=EDGE_LOOP('',(#5114,#5115,#5116,#5117));
#3232=EDGE_LOOP('',(#5118,#5119,#5120,#5121,#5122,#5123,#5124));
#3233=EDGE_LOOP('',(#5125,#5126,#5127,#5128,#5129));
#3234=EDGE_LOOP('',(#5130,#5131,#5132,#5133));
#3235=EDGE_LOOP('',(#5134,#5135,#5136,#5137,#5138,#5139,#5140));
#3236=EDGE_LOOP('',(#5141,#5142,#5143,#5144));
#3237=EDGE_LOOP('',(#5145,#5146,#5147,#5148,#5149));
#3238=EDGE_LOOP('',(#5150,#5151,#5152,#5153,#5154,#5155));
#3239=EDGE_LOOP('',(#5156,#5157,#5158,#5159));
#3240=EDGE_LOOP('',(#5160,#5161,#5162,#5163));
#3241=EDGE_LOOP('',(#5164,#5165,#5166));
#3242=EDGE_LOOP('',(#5167,#5168,#5169,#5170,#5171,#5172,#5173,#5174,#5175,#5176,#5177,#5178));
#3243=EDGE_LOOP('',(#5179,#5180,#5181,#5182,#5183,#5184));
#3244=EDGE_LOOP('',(#5185,#5186,#5187,#5188,#5189,#5190));
#3245=EDGE_LOOP('',(#5191,#5192,#5193,#5194,#5195,#5196));
#3246=EDGE_LOOP('',(#5197,#5198,#5199,#5200,#5201,#5202));
#3247=EDGE_LOOP('',(#5203,#5204,#5205,#5206,#5207,#5208,#5209));
#3248=EDGE_LOOP('',(#5210,#5211,#5212,#5213));
#3249=EDGE_LOOP('',(#5214,#5215,#5216,#5217));
#3250=EDGE_LOOP('',(#5218,#5219));
#3251=EDGE_LOOP('',(#5220,#5221,#5222,#5223,#5224,#5225,#5226));
#3252=EDGE_LOOP('',(#5227,#5228,#5229,#5230,#5231,#5232,#5233));
#3253=EDGE_LOOP('',(#5234,#5235,#5236,#5237,#5238,#5239));
#3254=EDGE_LOOP('',(#5240,#5241,#5242,#5243,#5244,#5245));
#3255=EDGE_LOOP('',(#5246,#5247,#5248,#5249,#5250,#5251,#5252));
#3256=EDGE_LOOP('',(#5253,#5254,#5255,#5256));
#3257=EDGE_LOOP('',(#5257,#5258,#5259,#5260));
#3258=EDGE_LOOP('',(#5261,#5262,#5263,#5264));
#3259=EDGE_LOOP('',(#5265,#5266));
#3260=EDGE_LOOP('',(#5267,#5268,#5269,#5270,#5271,#5272));
#3261=EDGE_LOOP('',(#5273,#5274,#5275,#5276,#5277,#5278,#5279));
#3262=EDGE_LOOP('',(#5280,#5281,#5282,#5283,#5284,#5285));
#3263=EDGE_LOOP('',(#5286,#5287,#5288,#5289,#5290,#5291));
#3264=EDGE_LOOP('',(#5292,#5293,#5294,#5295,#5296,#5297));
#3265=EDGE_LOOP('',(#5298,#5299,#5300,#5301,#5302,#5303));
#3266=EDGE_LOOP('',(#5304,#5305,#5306,#5307,#5308,#5309));
#3267=EDGE_LOOP('',(#5310,#5311,#5312,#5313,#5314,#5315));
#3268=EDGE_LOOP('',(#5316,#5317,#5318,#5319,#5320,#5321));
#3269=EDGE_LOOP('',(#5322,#5323,#5324,#5325,#5326,#5327));
#3270=EDGE_LOOP('',(#5328,#5329,#5330,#5331,#5332,#5333));
#3271=EDGE_LOOP('',(#5334,#5335,#5336,#5337,#5338,#5339));
#3272=EDGE_LOOP('',(#5340,#5341,#5342,#5343,#5344,#5345));
#3273=EDGE_LOOP('',(#5346,#5347,#5348,#5349,#5350,#5351));
#3274=EDGE_LOOP('',(#5352,#5353,#5354,#5355,#5356,#5357));
#3275=EDGE_LOOP('',(#5358,#5359,#5360,#5361,#5362,#5363));
#3276=EDGE_LOOP('',(#5364,#5365,#5366,#5367,#5368,#5369));
#3277=EDGE_LOOP('',(#5370,#5371,#5372,#5373,#5374,#5375));
#3278=EDGE_LOOP('',(#5376,#5377,#5378,#5379,#5380,#5381));
#3279=EDGE_LOOP('',(#5382,#5383,#5384,#5385,#5386,#5387));
#3280=EDGE_LOOP('',(#5388,#5389,#5390,#5391,#5392,#5393));
#3281=EDGE_LOOP('',(#5394,#5395,#5396,#5397,#5398,#5399));
#3282=EDGE_LOOP('',(#5400,#5401,#5402,#5403,#5404,#5405));
#3283=EDGE_LOOP('',(#5406,#5407,#5408,#5409,#5410,#5411));
#3284=EDGE_LOOP('',(#5412,#5413,#5414,#5415,#5416,#5417));
#3285=EDGE_LOOP('',(#5418,#5419,#5420,#5421,#5422,#5423));
#3286=EDGE_LOOP('',(#5424,#5425,#5426,#5427,#5428,#5429));
#3287=EDGE_LOOP('',(#5430,#5431,#5432,#5433,#5434,#5435));
#3288=EDGE_LOOP('',(#5436,#5437,#5438,#5439,#5440,#5441));
#3289=EDGE_LOOP('',(#5442,#5443,#5444,#5445,#5446,#5447));
#3290=EDGE_LOOP('',(#5448,#5449,#5450));
#3291=AXIS2_PLACEMENT_3D('',#5451,#5452,#5453);
#3292=SURFACE_SIDE_STYLE('',(#5454));
#3293=EDGE_LOOP('',(#5455,#5456,#5457,#5458));
#3294=AXIS2_PLACEMENT_3D('',#5459,#5460,#5461);
#3295=SURFACE_SIDE_STYLE('',(#5462));
#3296=EDGE_LOOP('',(#5463,#5464,#5465,#5466));
#3297=AXIS2_PLACEMENT_3D('',#5467,#5468,#5469);
#3298=SURFACE_SIDE_STYLE('',(#5470));
#3299=EDGE_LOOP('',(#5471,#5472,#5473,#5474));
#3300=AXIS2_PLACEMENT_3D('',#5475,#5476,#5477);
#3301=SURFACE_SIDE_STYLE('',(#5478));
#3302=EDGE_LOOP('',(#5479,#5480,#5481,#5482));
#3303=AXIS2_PLACEMENT_3D('',#5483,#5484,#5485);
#3304=SURFACE_SIDE_STYLE('',(#5486));
#3305=EDGE_LOOP('',(#5487,#5488,#5489,#5490));
#3306=AXIS2_PLACEMENT_3D('',#5491,#5492,#5493);
#3307=SURFACE_SIDE_STYLE('',(#5494));
#3308=EDGE_LOOP('',(#5495,#5496,#5497,#5498));
#3309=AXIS2_PLACEMENT_3D('',#5499,#5500,#5501);
#3310=SURFACE_SIDE_STYLE('',(#5502));
#3311=EDGE_LOOP('',(#5503,#5504,#5505,#5506));
#3312=AXIS2_PLACEMENT_3D('',#5507,#5508,#5509);
#3313=SURFACE_SIDE_STYLE('',(#5510));
#3314=EDGE_LOOP('',(#5511,#5512,#5513,#5514));
#3315=AXIS2_PLACEMENT_3D('',#5515,#5516,#5517);
#3316=SURFACE_SIDE_STYLE('',(#5518));
#3317=EDGE_LOOP('',(#5519,#5520,#5521,#5522));
#3318=AXIS2_PLACEMENT_3D('',#5523,#5524,#5525);
#3319=SURFACE_SIDE_STYLE('',(#5526));
#3320=EDGE_LOOP('',(#5527,#5528,#5529,#5530));
#3321=AXIS2_PLACEMENT_3D('',#5531,#5532,#5533);
#3322=SURFACE_SIDE_STYLE('',(#5534));
#3323=EDGE_LOOP('',(#5535,#5536,#5537,#5538));
#3324=AXIS2_PLACEMENT_3D('',#5539,#5540,#5541);
#3325=SURFACE_SIDE_STYLE('',(#5542));
#3326=EDGE_LOOP('',(#5543,#5544,#5545,#5546));
#3327=AXIS2_PLACEMENT_3D('',#5547,#5548,#5549);
#3328=SURFACE_SIDE_STYLE('',(#5550));
#3329=EDGE_LOOP('',(#5551,#5552,#5553,#5554));
#3330=AXIS2_PLACEMENT_3D('',#5555,#5556,#5557);
#3331=SURFACE_SIDE_STYLE('',(#5558));
#3332=EDGE_LOOP('',(#5559,#5560,#5561,#5562));
#3333=AXIS2_PLACEMENT_3D('',#5563,#5564,#5565);
#3334=SURFACE_SIDE_STYLE('',(#5566));
#3335=EDGE_LOOP('',(#5567,#5568,#5569,#5570));
#3336=AXIS2_PLACEMENT_3D('',#5571,#5572,#5573);
#3337=SURFACE_SIDE_STYLE('',(#5574));
#3338=EDGE_LOOP('',(#5575,#5576,#5577,#5578));
#3339=AXIS2_PLACEMENT_3D('',#5579,#5580,#5581);
#3340=SURFACE_SIDE_STYLE('',(#5582));
#3341=EDGE_LOOP('',(#5583,#5584,#5585,#5586));
#3342=AXIS2_PLACEMENT_3D('',#5587,#5588,#5589);
#3343=SURFACE_SIDE_STYLE('',(#5590));
#3344=EDGE_LOOP('',(#5591,#5592,#5593,#5594));
#3345=AXIS2_PLACEMENT_3D('',#5595,#5596,#5597);
#3346=SURFACE_SIDE_STYLE('',(#5598));
#3347=EDGE_LOOP('',(#5599,#5600,#5601,#5602));
#3348=AXIS2_PLACEMENT_3D('',#5603,#5604,#5605);
#3349=SURFACE_SIDE_STYLE('',(#5606));
#3350=EDGE_LOOP('',(#5607,#5608,#5609,#5610));
#3351=AXIS2_PLACEMENT_3D('',#5611,#5612,#5613);
#3352=SURFACE_SIDE_STYLE('',(#5614));
#3353=EDGE_LOOP('',(#5615,#5616,#5617,#5618));
#3354=AXIS2_PLACEMENT_3D('',#5619,#5620,#5621);
#3355=SURFACE_SIDE_STYLE('',(#5622));
#3356=EDGE_LOOP('',(#5623,#5624,#5625,#5626,#5627,#5628,#5629,#5630));
#3357=EDGE_LOOP('',(#5631,#5632));
#3358=AXIS2_PLACEMENT_3D('',#5633,#5634,#5635);
#3359=SURFACE_SIDE_STYLE('',(#5636));
#3360=EDGE_LOOP('',(#5637,#5638,#5639,#5640));
#3361=AXIS2_PLACEMENT_3D('',#5641,#5642,#5643);
#3362=SURFACE_SIDE_STYLE('',(#5644));
#3363=EDGE_LOOP('',(#5645,#5646,#5647,#5648));
#3364=AXIS2_PLACEMENT_3D('',#5649,#5650,#5651);
#3365=SURFACE_SIDE_STYLE('',(#5652));
#3366=EDGE_LOOP('',(#5653,#5654,#5655,#5656));
#3367=AXIS2_PLACEMENT_3D('',#5657,#5658,#5659);
#3368=SURFACE_SIDE_STYLE('',(#5660));
#3369=EDGE_LOOP('',(#5661,#5662,#5663,#5664));
#3370=AXIS2_PLACEMENT_3D('',#5665,#5666,#5667);
#3371=SURFACE_SIDE_STYLE('',(#5668));
#3372=EDGE_LOOP('',(#5669,#5670,#5671,#5672));
#3373=AXIS2_PLACEMENT_3D('',#5673,#5674,#5675);
#3374=SURFACE_SIDE_STYLE('',(#5676));
#3375=EDGE_LOOP('',(#5677,#5678,#5679,#5680));
#3376=AXIS2_PLACEMENT_3D('',#5681,#5682,#5683);
#3377=SURFACE_SIDE_STYLE('',(#5684));
#3378=EDGE_LOOP('',(#5685,#5686,#5687,#5688));
#3379=AXIS2_PLACEMENT_3D('',#5689,#5690,#5691);
#3380=SURFACE_SIDE_STYLE('',(#5692));
#3381=EDGE_LOOP('',(#5693,#5694,#5695,#5696));
#3382=AXIS2_PLACEMENT_3D('',#5697,#5698,#5699);
#3383=SURFACE_SIDE_STYLE('',(#5700));
#3384=EDGE_LOOP('',(#5701,#5702,#5703,#5704));
#3385=AXIS2_PLACEMENT_3D('',#5705,#5706,#5707);
#3386=SURFACE_SIDE_STYLE('',(#5708));
#3387=EDGE_LOOP('',(#5709,#5710,#5711,#5712));
#3388=AXIS2_PLACEMENT_3D('',#5713,#5714,#5715);
#3389=SURFACE_SIDE_STYLE('',(#5716));
#3390=EDGE_LOOP('',(#5717,#5718,#5719,#5720));
#3391=AXIS2_PLACEMENT_3D('',#5721,#5722,#5723);
#3392=SURFACE_SIDE_STYLE('',(#5724));
#3393=EDGE_LOOP('',(#5725,#5726,#5727,#5728));
#3394=AXIS2_PLACEMENT_3D('',#5729,#5730,#5731);
#3395=SURFACE_SIDE_STYLE('',(#5732));
#3396=EDGE_LOOP('',(#5733,#5734,#5735,#5736));
#3397=AXIS2_PLACEMENT_3D('',#5737,#5738,#5739);
#3398=SURFACE_SIDE_STYLE('',(#5740));
#3399=EDGE_LOOP('',(#5741,#5742,#5743,#5744));
#3400=AXIS2_PLACEMENT_3D('',#5745,#5746,#5747);
#3401=SURFACE_SIDE_STYLE('',(#5748));
#3402=EDGE_LOOP('',(#5749,#5750,#5751,#5752));
#3403=AXIS2_PLACEMENT_3D('',#5753,#5754,#5755);
#3404=SURFACE_SIDE_STYLE('',(#5756));
#3405=EDGE_LOOP('',(#5757,#5758,#5759,#5760));
#3406=AXIS2_PLACEMENT_3D('',#5761,#5762,#5763);
#3407=SURFACE_SIDE_STYLE('',(#5764));
#3408=EDGE_LOOP('',(#5765,#5766,#5767,#5768));
#3409=AXIS2_PLACEMENT_3D('',#5769,#5770,#5771);
#3410=SURFACE_SIDE_STYLE('',(#5772));
#3411=EDGE_LOOP('',(#5773,#5774,#5775,#5776));
#3412=AXIS2_PLACEMENT_3D('',#5777,#5778,#5779);
#3413=SURFACE_SIDE_STYLE('',(#5780));
#3414=EDGE_LOOP('',(#5781,#5782,#5783,#5784));
#3415=AXIS2_PLACEMENT_3D('',#5785,#5786,#5787);
#3416=SURFACE_SIDE_STYLE('',(#5788));
#3417=EDGE_LOOP('',(#5789,#5790,#5791,#5792));
#3418=AXIS2_PLACEMENT_3D('',#5793,#5794,#5795);
#3419=SURFACE_SIDE_STYLE('',(#5796));
#3420=EDGE_LOOP('',(#5797,#5798,#5799,#5800));
#3421=AXIS2_PLACEMENT_3D('',#5801,#5802,#5803);
#3422=SURFACE_SIDE_STYLE('',(#5804));
#3423=EDGE_LOOP('',(#5805,#5806,#5807,#5808));
#3424=AXIS2_PLACEMENT_3D('',#5809,#5810,#5811);
#3425=SURFACE_SIDE_STYLE('',(#5812));
#3426=EDGE_LOOP('',(#5813,#5814,#5815,#5816));
#3427=AXIS2_PLACEMENT_3D('',#5817,#5818,#5819);
#3428=SURFACE_SIDE_STYLE('',(#5820));
#3429=EDGE_LOOP('',(#5821,#5822,#5823,#5824));
#3430=AXIS2_PLACEMENT_3D('',#5825,#5826,#5827);
#3431=SURFACE_SIDE_STYLE('',(#5828));
#3432=EDGE_LOOP('',(#5829,#5830,#5831,#5832));
#3433=AXIS2_PLACEMENT_3D('',#5833,#5834,#5835);
#3434=SURFACE_SIDE_STYLE('',(#5836));
#3435=EDGE_LOOP('',(#5837,#5838,#5839,#5840));
#3436=AXIS2_PLACEMENT_3D('',#5841,#5842,#5843);
#3437=SURFACE_SIDE_STYLE('',(#5844));
#3438=EDGE_LOOP('',(#5845,#5846,#5847,#5848));
#3439=AXIS2_PLACEMENT_3D('',#5849,#5850,#5851);
#3440=SURFACE_SIDE_STYLE('',(#5852));
#3441=EDGE_LOOP('',(#5853,#5854,#5855,#5856));
#3442=AXIS2_PLACEMENT_3D('',#5857,#5858,#5859);
#3443=SURFACE_SIDE_STYLE('',(#5860));
#3444=EDGE_LOOP('',(#5861,#5862,#5863,#5864));
#3445=AXIS2_PLACEMENT_3D('',#5865,#5866,#5867);
#3446=SURFACE_SIDE_STYLE('',(#5868));
#3447=EDGE_LOOP('',(#5869,#5870,#5871,#5872));
#3448=AXIS2_PLACEMENT_3D('',#5873,#5874,#5875);
#3449=SURFACE_SIDE_STYLE('',(#5876));
#3450=EDGE_LOOP('',(#5877,#5878,#5879,#5880));
#3451=AXIS2_PLACEMENT_3D('',#5881,#5882,#5883);
#3452=SURFACE_SIDE_STYLE('',(#5884));
#3453=EDGE_LOOP('',(#5885,#5886,#5887,#5888));
#3454=AXIS2_PLACEMENT_3D('',#5889,#5890,#5891);
#3455=SURFACE_SIDE_STYLE('',(#5892));
#3456=EDGE_LOOP('',(#5893,#5894,#5895,#5896));
#3457=AXIS2_PLACEMENT_3D('',#5897,#5898,#5899);
#3458=SURFACE_SIDE_STYLE('',(#5900));
#3459=EDGE_LOOP('',(#5901,#5902,#5903,#5904,#5905,#5906,#5907,#5908,#5909,#5910,#5911,#5912,#5913));
#3460=AXIS2_PLACEMENT_3D('',#5914,#5915,#5916);
#3461=SURFACE_SIDE_STYLE('',(#5917));
#3462=EDGE_LOOP('',(#5918,#5919,#5920,#5921));
#3463=AXIS2_PLACEMENT_3D('',#5922,#5923,#5924);
#3464=SURFACE_SIDE_STYLE('',(#5925));
#3465=EDGE_LOOP('',(#5926,#5927,#5928,#5929));
#3466=AXIS2_PLACEMENT_3D('',#5930,#5931,#5932);
#3467=SURFACE_SIDE_STYLE('',(#5933));
#3468=EDGE_LOOP('',(#5934,#5935,#5936,#5937));
#3469=AXIS2_PLACEMENT_3D('',#5938,#5939,#5940);
#3470=SURFACE_SIDE_STYLE('',(#5941));
#3471=EDGE_LOOP('',(#5942,#5943,#5944,#5945,#5946,#5947));
#3472=AXIS2_PLACEMENT_3D('',#5948,#5949,#5950);
#3473=SURFACE_SIDE_STYLE('',(#5951));
#3474=EDGE_LOOP('',(#5952,#5953,#5954,#5955));
#3475=AXIS2_PLACEMENT_3D('',#5956,#5957,#5958);
#3476=SURFACE_SIDE_STYLE('',(#5959));
#3477=EDGE_LOOP('',(#5960,#5961,#5962,#5963));
#3478=AXIS2_PLACEMENT_3D('',#5964,#5965,#5966);
#3479=SURFACE_SIDE_STYLE('',(#5967));
#3480=EDGE_LOOP('',(#5968,#5969,#5970,#5971));
#3481=AXIS2_PLACEMENT_3D('',#5972,#5973,#5974);
#3482=SURFACE_SIDE_STYLE('',(#5975));
#3483=EDGE_LOOP('',(#5976,#5977,#5978,#5979));
#3484=AXIS2_PLACEMENT_3D('',#5980,#5981,#5982);
#3485=SURFACE_SIDE_STYLE('',(#5983));
#3486=EDGE_LOOP('',(#5984,#5985,#5986,#5987,#5988));
#3487=AXIS2_PLACEMENT_3D('',#5989,#5990,#5991);
#3488=SURFACE_SIDE_STYLE('',(#5992));
#3489=EDGE_LOOP('',(#5993,#5994,#5995,#5996));
#3490=AXIS2_PLACEMENT_3D('',#5997,#5998,#5999);
#3491=SURFACE_SIDE_STYLE('',(#6000));
#3492=EDGE_LOOP('',(#6001,#6002,#6003,#6004));
#3493=AXIS2_PLACEMENT_3D('',#6005,#6006,#6007);
#3494=SURFACE_SIDE_STYLE('',(#6008));
#3495=EDGE_LOOP('',(#6009,#6010,#6011,#6012));
#3496=AXIS2_PLACEMENT_3D('',#6013,#6014,#6015);
#3497=SURFACE_SIDE_STYLE('',(#6016));
#3498=EDGE_LOOP('',(#6017,#6018,#6019,#6020));
#3499=AXIS2_PLACEMENT_3D('',#6021,#6022,#6023);
#3500=SURFACE_SIDE_STYLE('',(#6024));
#3501=EDGE_LOOP('',(#6025,#6026,#6027,#6028));
#3502=AXIS2_PLACEMENT_3D('',#6029,#6030,#6031);
#3503=SURFACE_SIDE_STYLE('',(#6032));
#3504=EDGE_LOOP('',(#6033,#6034,#6035,#6036));
#3505=AXIS2_PLACEMENT_3D('',#6037,#6038,#6039);
#3506=SURFACE_SIDE_STYLE('',(#6040));
#3507=EDGE_LOOP('',(#6041,#6042,#6043,#6044,#6045,#6046,#6047,#6048,#6049,#6050,#6051,#6052,#6053));
#3508=AXIS2_PLACEMENT_3D('',#6054,#6055,#6056);
#3509=SURFACE_SIDE_STYLE('',(#6057));
#3510=EDGE_LOOP('',(#6058,#6059,#6060,#6061));
#3511=AXIS2_PLACEMENT_3D('',#6062,#6063,#6064);
#3512=SURFACE_SIDE_STYLE('',(#6065));
#3513=EDGE_LOOP('',(#6066,#6067,#6068,#6069));
#3514=AXIS2_PLACEMENT_3D('',#6070,#6071,#6072);
#3515=SURFACE_SIDE_STYLE('',(#6073));
#3516=EDGE_LOOP('',(#6074,#6075,#6076,#6077,#6078));
#3517=AXIS2_PLACEMENT_3D('',#6079,#6080,#6081);
#3518=SURFACE_SIDE_STYLE('',(#6082));
#3519=EDGE_LOOP('',(#6083,#6084,#6085,#6086));
#3520=AXIS2_PLACEMENT_3D('',#6087,#6088,#6089);
#3521=SURFACE_SIDE_STYLE('',(#6090));
#3522=EDGE_LOOP('',(#6091,#6092,#6093,#6094));
#3523=AXIS2_PLACEMENT_3D('',#6095,#6096,#6097);
#3524=SURFACE_SIDE_STYLE('',(#6098));
#3525=EDGE_LOOP('',(#6099,#6100,#6101,#6102));
#3526=AXIS2_PLACEMENT_3D('',#6103,#6104,#6105);
#3527=SURFACE_SIDE_STYLE('',(#6106));
#3528=EDGE_LOOP('',(#6107,#6108,#6109,#6110));
#3529=AXIS2_PLACEMENT_3D('',#6111,#6112,#6113);
#3530=SURFACE_SIDE_STYLE('',(#6114));
#3531=EDGE_LOOP('',(#6115,#6116,#6117,#6118));
#3532=AXIS2_PLACEMENT_3D('',#6119,#6120,#6121);
#3533=SURFACE_SIDE_STYLE('',(#6122));
#3534=EDGE_LOOP('',(#6123,#6124,#6125,#6126));
#3535=AXIS2_PLACEMENT_3D('',#6127,#6128,#6129);
#3536=SURFACE_SIDE_STYLE('',(#6130));
#3537=EDGE_LOOP('',(#6131,#6132,#6133,#6134));
#3538=AXIS2_PLACEMENT_3D('',#6135,#6136,#6137);
#3539=SURFACE_SIDE_STYLE('',(#6138));
#3540=EDGE_LOOP('',(#6139,#6140,#6141,#6142));
#3541=AXIS2_PLACEMENT_3D('',#6143,#6144,#6145);
#3542=SURFACE_SIDE_STYLE('',(#6146));
#3543=EDGE_LOOP('',(#6147,#6148,#6149,#6150));
#3544=AXIS2_PLACEMENT_3D('',#6151,#6152,#6153);
#3545=SURFACE_SIDE_STYLE('',(#6154));
#3546=EDGE_LOOP('',(#6155,#6156,#6157,#6158));
#3547=AXIS2_PLACEMENT_3D('',#6159,#6160,#6161);
#3548=SURFACE_SIDE_STYLE('',(#6162));
#3549=EDGE_LOOP('',(#6163,#6164,#6165,#6166));
#3550=AXIS2_PLACEMENT_3D('',#6167,#6168,#6169);
#3551=SURFACE_SIDE_STYLE('',(#6170));
#3552=EDGE_LOOP('',(#6171,#6172,#6173,#6174));
#3553=AXIS2_PLACEMENT_3D('',#6175,#6176,#6177);
#3554=SURFACE_SIDE_STYLE('',(#6178));
#3555=EDGE_LOOP('',(#6179,#6180,#6181,#6182));
#3556=AXIS2_PLACEMENT_3D('',#6183,#6184,#6185);
#3557=SURFACE_SIDE_STYLE('',(#6186));
#3558=EDGE_LOOP('',(#6187,#6188,#6189,#6190));
#3559=AXIS2_PLACEMENT_3D('',#6191,#6192,#6193);
#3560=SURFACE_SIDE_STYLE('',(#6194));
#3561=EDGE_LOOP('',(#6195,#6196,#6197,#6198,#6199,#6200,#6201,#6202));
#3562=AXIS2_PLACEMENT_3D('',#6203,#6204,#6205);
#3563=SURFACE_SIDE_STYLE('',(#6206));
#3564=EDGE_LOOP('',(#6207,#6208,#6209,#6210));
#3565=AXIS2_PLACEMENT_3D('',#6211,#6212,#6213);
#3566=SURFACE_SIDE_STYLE('',(#6214));
#3567=EDGE_LOOP('',(#6215,#6216,#6217,#6218));
#3568=AXIS2_PLACEMENT_3D('',#6219,#6220,#6221);
#3569=SURFACE_SIDE_STYLE('',(#6222));
#3570=EDGE_LOOP('',(#6223,#6224,#6225,#6226,#6227));
#3571=AXIS2_PLACEMENT_3D('',#6228,#6229,#6230);
#3572=SURFACE_SIDE_STYLE('',(#6231));
#3573=EDGE_LOOP('',(#6232,#6233,#6234,#6235));
#3574=AXIS2_PLACEMENT_3D('',#6236,#6237,#6238);
#3575=SURFACE_SIDE_STYLE('',(#6239));
#3576=EDGE_LOOP('',(#6240,#6241,#6242,#6243));
#3577=AXIS2_PLACEMENT_3D('',#6244,#6245,#6246);
#3578=SURFACE_SIDE_STYLE('',(#6247));
#3579=EDGE_LOOP('',(#6248,#6249,#6250,#6251));
#3580=AXIS2_PLACEMENT_3D('',#6252,#6253,#6254);
#3581=SURFACE_SIDE_STYLE('',(#6255));
#3582=EDGE_LOOP('',(#6256,#6257,#6258,#6259));
#3583=AXIS2_PLACEMENT_3D('',#6260,#6261,#6262);
#3584=SURFACE_SIDE_STYLE('',(#6263));
#3585=EDGE_LOOP('',(#6264,#6265,#6266,#6267));
#3586=AXIS2_PLACEMENT_3D('',#6268,#6269,#6270);
#3587=SURFACE_SIDE_STYLE('',(#6271));
#3588=EDGE_LOOP('',(#6272,#6273,#6274,#6275));
#3589=AXIS2_PLACEMENT_3D('',#6276,#6277,#6278);
#3590=SURFACE_SIDE_STYLE('',(#6279));
#3591=EDGE_LOOP('',(#6280,#6281,#6282,#6283));
#3592=AXIS2_PLACEMENT_3D('',#6284,#6285,#6286);
#3593=SURFACE_SIDE_STYLE('',(#6287));
#3594=EDGE_LOOP('',(#6288,#6289,#6290,#6291));
#3595=AXIS2_PLACEMENT_3D('',#6292,#6293,#6294);
#3596=SURFACE_SIDE_STYLE('',(#6295));
#3597=EDGE_LOOP('',(#6296,#6297,#6298,#6299));
#3598=AXIS2_PLACEMENT_3D('',#6300,#6301,#6302);
#3599=SURFACE_SIDE_STYLE('',(#6303));
#3600=EDGE_LOOP('',(#6304,#6305,#6306,#6307,#6308));
#3601=AXIS2_PLACEMENT_3D('',#6309,#6310,#6311);
#3602=SURFACE_SIDE_STYLE('',(#6312));
#3603=EDGE_LOOP('',(#6313,#6314,#6315,#6316));
#3604=AXIS2_PLACEMENT_3D('',#6317,#6318,#6319);
#3605=SURFACE_SIDE_STYLE('',(#6320));
#3606=EDGE_LOOP('',(#6321,#6322,#6323,#6324));
#3607=AXIS2_PLACEMENT_3D('',#6325,#6326,#6327);
#3608=SURFACE_SIDE_STYLE('',(#6328));
#3609=EDGE_LOOP('',(#6329,#6330,#6331,#6332));
#3610=AXIS2_PLACEMENT_3D('',#6333,#6334,#6335);
#3611=SURFACE_SIDE_STYLE('',(#6336));
#3612=EDGE_LOOP('',(#6337,#6338,#6339,#6340));
#3613=AXIS2_PLACEMENT_3D('',#6341,#6342,#6343);
#3614=SURFACE_SIDE_STYLE('',(#6344));
#3615=EDGE_LOOP('',(#6345,#6346,#6347,#6348));
#3616=AXIS2_PLACEMENT_3D('',#6349,#6350,#6351);
#3617=SURFACE_SIDE_STYLE('',(#6352));
#3618=EDGE_LOOP('',(#6353,#6354,#6355,#6356,#6357));
#3619=AXIS2_PLACEMENT_3D('',#6358,#6359,#6360);
#3620=SURFACE_SIDE_STYLE('',(#6361));
#3621=EDGE_LOOP('',(#6362,#6363,#6364,#6365));
#3622=AXIS2_PLACEMENT_3D('',#6366,#6367,#6368);
#3623=SURFACE_SIDE_STYLE('',(#6369));
#3624=EDGE_LOOP('',(#6370,#6371,#6372,#6373));
#3625=AXIS2_PLACEMENT_3D('',#6374,#6375,#6376);
#3626=SURFACE_SIDE_STYLE('',(#6377));
#3627=EDGE_LOOP('',(#6378,#6379,#6380,#6381));
#3628=AXIS2_PLACEMENT_3D('',#6382,#6383,#6384);
#3629=SURFACE_SIDE_STYLE('',(#6385));
#3630=SURFACE_SIDE_STYLE('',(#6386));
#3631=EDGE_LOOP('',(#6387,#6388,#6389,#6390));
#3632=AXIS2_PLACEMENT_3D('',#6391,#6392,#6393);
#3633=SURFACE_SIDE_STYLE('',(#6394));
#3634=EDGE_LOOP('',(#6395,#6396,#6397,#6398));
#3635=AXIS2_PLACEMENT_3D('',#6399,#6400,#6401);
#3636=SURFACE_SIDE_STYLE('',(#6402));
#3637=EDGE_LOOP('',(#6403,#6404,#6405,#6406,#6407,#6408,#6409,#6410));
#3638=AXIS2_PLACEMENT_3D('',#6411,#6412,#6413);
#3639=SURFACE_SIDE_STYLE('',(#6414));
#3640=EDGE_LOOP('',(#6415,#6416,#6417,#6418));
#3641=AXIS2_PLACEMENT_3D('',#6419,#6420,#6421);
#3642=SURFACE_SIDE_STYLE('',(#6422));
#3643=EDGE_LOOP('',(#6423,#6424,#6425,#6426));
#3644=AXIS2_PLACEMENT_3D('',#6427,#6428,#6429);
#3645=SURFACE_SIDE_STYLE('',(#6430));
#3646=EDGE_LOOP('',(#6431,#6432,#6433,#6434));
#3647=AXIS2_PLACEMENT_3D('',#6435,#6436,#6437);
#3648=SURFACE_SIDE_STYLE('',(#6438));
#3649=EDGE_LOOP('',(#6439,#6440,#6441,#6442));
#3650=AXIS2_PLACEMENT_3D('',#6443,#6444,#6445);
#3651=SURFACE_SIDE_STYLE('',(#6446));
#3652=EDGE_LOOP('',(#6447,#6448,#6449,#6450));
#3653=AXIS2_PLACEMENT_3D('',#6451,#6452,#6453);
#3654=SURFACE_SIDE_STYLE('',(#6454));
#3655=EDGE_LOOP('',(#6455,#6456,#6457,#6458));
#3656=AXIS2_PLACEMENT_3D('',#6459,#6460,#6461);
#3657=SURFACE_SIDE_STYLE('',(#6462));
#3658=EDGE_LOOP('',(#6463,#6464,#6465,#6466));
#3659=AXIS2_PLACEMENT_3D('',#6467,#6468,#6469);
#3660=SURFACE_SIDE_STYLE('',(#6470));
#3661=EDGE_LOOP('',(#6471,#6472,#6473,#6474));
#3662=AXIS2_PLACEMENT_3D('',#6475,#6476,#6477);
#3663=SURFACE_SIDE_STYLE('',(#6478));
#3664=EDGE_LOOP('',(#6479,#6480,#6481,#6482));
#3665=AXIS2_PLACEMENT_3D('',#6483,#6484,#6485);
#3666=SURFACE_SIDE_STYLE('',(#6486));
#3667=EDGE_LOOP('',(#6487,#6488,#6489,#6490));
#3668=AXIS2_PLACEMENT_3D('',#6491,#6492,#6493);
#3669=SURFACE_SIDE_STYLE('',(#6494));
#3670=EDGE_LOOP('',(#6495,#6496,#6497,#6498));
#3671=AXIS2_PLACEMENT_3D('',#6499,#6500,#6501);
#3672=SURFACE_SIDE_STYLE('',(#6502));
#3673=EDGE_LOOP('',(#6503,#6504,#6505,#6506));
#3674=AXIS2_PLACEMENT_3D('',#6507,#6508,#6509);
#3675=SURFACE_SIDE_STYLE('',(#6510));
#3676=EDGE_LOOP('',(#6511,#6512,#6513,#6514));
#3677=AXIS2_PLACEMENT_3D('',#6515,#6516,#6517);
#3678=SURFACE_SIDE_STYLE('',(#6518));
#3679=EDGE_LOOP('',(#6519,#6520,#6521,#6522));
#3680=AXIS2_PLACEMENT_3D('',#6523,#6524,#6525);
#3681=SURFACE_SIDE_STYLE('',(#6526));
#3682=EDGE_LOOP('',(#6527,#6528,#6529,#6530));
#3683=AXIS2_PLACEMENT_3D('',#6531,#6532,#6533);
#3684=SURFACE_SIDE_STYLE('',(#6534));
#3685=EDGE_LOOP('',(#6535,#6536,#6537,#6538));
#3686=AXIS2_PLACEMENT_3D('',#6539,#6540,#6541);
#3687=SURFACE_SIDE_STYLE('',(#6542));
#3688=EDGE_LOOP('',(#6543,#6544,#6545,#6546));
#3689=AXIS2_PLACEMENT_3D('',#6547,#6548,#6549);
#3690=SURFACE_SIDE_STYLE('',(#6550));
#3691=EDGE_LOOP('',(#6551,#6552,#6553,#6554));
#3692=AXIS2_PLACEMENT_3D('',#6555,#6556,#6557);
#3693=SURFACE_SIDE_STYLE('',(#6558));
#3694=EDGE_LOOP('',(#6559,#6560,#6561,#6562));
#3695=AXIS2_PLACEMENT_3D('',#6563,#6564,#6565);
#3696=SURFACE_SIDE_STYLE('',(#6566));
#3697=EDGE_LOOP('',(#6567,#6568,#6569,#6570));
#3698=AXIS2_PLACEMENT_3D('',#6571,#6572,#6573);
#3699=SURFACE_SIDE_STYLE('',(#6574));
#3700=EDGE_LOOP('',(#6575,#6576,#6577,#6578));
#3701=AXIS2_PLACEMENT_3D('',#6579,#6580,#6581);
#3702=SURFACE_SIDE_STYLE('',(#6582));
#3703=EDGE_LOOP('',(#6583,#6584,#6585,#6586));
#3704=AXIS2_PLACEMENT_3D('',#6587,#6588,#6589);
#3705=SURFACE_SIDE_STYLE('',(#6590));
#3706=EDGE_LOOP('',(#6591,#6592,#6593,#6594));
#3707=AXIS2_PLACEMENT_3D('',#6595,#6596,#6597);
#3708=SURFACE_SIDE_STYLE('',(#6598));
#3709=EDGE_LOOP('',(#6599,#6600,#6601,#6602));
#3710=AXIS2_PLACEMENT_3D('',#6603,#6604,#6605);
#3711=SURFACE_SIDE_STYLE('',(#6606));
#3712=EDGE_LOOP('',(#6607,#6608,#6609,#6610));
#3713=AXIS2_PLACEMENT_3D('',#6611,#6612,#6613);
#3714=SURFACE_SIDE_STYLE('',(#6614));
#3715=EDGE_LOOP('',(#6615,#6616,#6617,#6618));
#3716=AXIS2_PLACEMENT_3D('',#6619,#6620,#6621);
#3717=SURFACE_SIDE_STYLE('',(#6622));
#3718=EDGE_LOOP('',(#6623,#6624,#6625,#6626));
#3719=AXIS2_PLACEMENT_3D('',#6627,#6628,#6629);
#3720=SURFACE_SIDE_STYLE('',(#6630));
#3721=EDGE_LOOP('',(#6631,#6632,#6633,#6634));
#3722=AXIS2_PLACEMENT_3D('',#6635,#6636,#6637);
#3723=SURFACE_SIDE_STYLE('',(#6638));
#3724=EDGE_LOOP('',(#6639,#6640,#6641,#6642));
#3725=AXIS2_PLACEMENT_3D('',#6643,#6644,#6645);
#3726=SURFACE_SIDE_STYLE('',(#6646));
#3727=EDGE_LOOP('',(#6647,#6648,#6649,#6650));
#3728=AXIS2_PLACEMENT_3D('',#6651,#6652,#6653);
#3729=SURFACE_SIDE_STYLE('',(#6654));
#3730=EDGE_LOOP('',(#6655,#6656,#6657,#6658));
#3731=AXIS2_PLACEMENT_3D('',#6659,#6660,#6661);
#3732=SURFACE_SIDE_STYLE('',(#6662));
#3733=EDGE_LOOP('',(#6663,#6664,#6665,#6666));
#3734=AXIS2_PLACEMENT_3D('',#6667,#6668,#6669);
#3735=SURFACE_SIDE_STYLE('',(#6670));
#3736=EDGE_LOOP('',(#6671,#6672,#6673,#6674));
#3737=AXIS2_PLACEMENT_3D('',#6675,#6676,#6677);
#3738=SURFACE_SIDE_STYLE('',(#6678));
#3739=EDGE_LOOP('',(#6679,#6680,#6681,#6682));
#3740=AXIS2_PLACEMENT_3D('',#6683,#6684,#6685);
#3741=SURFACE_SIDE_STYLE('',(#6686));
#3742=EDGE_LOOP('',(#6687,#6688,#6689,#6690));
#3743=AXIS2_PLACEMENT_3D('',#6691,#6692,#6693);
#3744=SURFACE_SIDE_STYLE('',(#6694));
#3745=EDGE_LOOP('',(#6695,#6696,#6697,#6698));
#3746=AXIS2_PLACEMENT_3D('',#6699,#6700,#6701);
#3747=SURFACE_SIDE_STYLE('',(#6702));
#3748=EDGE_LOOP('',(#6703,#6704,#6705,#6706));
#3749=AXIS2_PLACEMENT_3D('',#6707,#6708,#6709);
#3750=SURFACE_SIDE_STYLE('',(#6710));
#3751=EDGE_LOOP('',(#6711,#6712,#6713,#6714));
#3752=AXIS2_PLACEMENT_3D('',#6715,#6716,#6717);
#3753=SURFACE_SIDE_STYLE('',(#6718));
#3754=EDGE_LOOP('',(#6719,#6720,#6721,#6722));
#3755=AXIS2_PLACEMENT_3D('',#6723,#6724,#6725);
#3756=SURFACE_SIDE_STYLE('',(#6726));
#3757=EDGE_LOOP('',(#6727,#6728,#6729,#6730,#6731,#6732,#6733,#6734,#6735));
#3758=AXIS2_PLACEMENT_3D('',#6736,#6737,#6738);
#3759=SURFACE_SIDE_STYLE('',(#6739));
#3760=EDGE_LOOP('',(#6740,#6741,#6742,#6743));
#3761=AXIS2_PLACEMENT_3D('',#6744,#6745,#6746);
#3762=SURFACE_SIDE_STYLE('',(#6747));
#3763=EDGE_LOOP('',(#6748,#6749,#6750,#6751));
#3764=AXIS2_PLACEMENT_3D('',#6752,#6753,#6754);
#3765=SURFACE_SIDE_STYLE('',(#6755));
#3766=EDGE_LOOP('',(#6756,#6757,#6758,#6759));
#3767=AXIS2_PLACEMENT_3D('',#6760,#6761,#6762);
#3768=SURFACE_SIDE_STYLE('',(#6763));
#3769=EDGE_LOOP('',(#6764,#6765,#6766,#6767));
#3770=AXIS2_PLACEMENT_3D('',#6768,#6769,#6770);
#3771=SURFACE_SIDE_STYLE('',(#6771));
#3772=EDGE_LOOP('',(#6772,#6773,#6774,#6775));
#3773=AXIS2_PLACEMENT_3D('',#6776,#6777,#6778);
#3774=SURFACE_SIDE_STYLE('',(#6779));
#3775=EDGE_LOOP('',(#6780,#6781,#6782,#6783));
#3776=AXIS2_PLACEMENT_3D('',#6784,#6785,#6786);
#3777=SURFACE_SIDE_STYLE('',(#6787));
#3778=EDGE_LOOP('',(#6788,#6789,#6790,#6791));
#3779=AXIS2_PLACEMENT_3D('',#6792,#6793,#6794);
#3780=SURFACE_SIDE_STYLE('',(#6795));
#3781=EDGE_LOOP('',(#6796,#6797,#6798,#6799,#6800,#6801,#6802,#6803,#6804,#6805,#6806));
#3782=AXIS2_PLACEMENT_3D('',#6807,#6808,#6809);
#3783=SURFACE_SIDE_STYLE('',(#6810));
#3784=EDGE_LOOP('',(#6811,#6812,#6813,#6814));
#3785=AXIS2_PLACEMENT_3D('',#6815,#6816,#6817);
#3786=SURFACE_SIDE_STYLE('',(#6818));
#3787=EDGE_LOOP('',(#6819,#6820,#6821,#6822));
#3788=AXIS2_PLACEMENT_3D('',#6823,#6824,#6825);
#3789=SURFACE_SIDE_STYLE('',(#6826));
#3790=EDGE_LOOP('',(#6827,#6828,#6829,#6830,#6831,#6832,#6833,#6834,#6835,#6836,#6837,#6838,#6839,#6840,#6841,#6842,#6843,#6844,#6845,#6846,#6847,#6848,#6849,#6850));
#3791=AXIS2_PLACEMENT_3D('',#6851,#6852,#6853);
#3792=SURFACE_SIDE_STYLE('',(#6854));
#3793=EDGE_LOOP('',(#6855,#6856,#6857,#6858));
#3794=AXIS2_PLACEMENT_3D('',#6859,#6860,#6861);
#3795=SURFACE_SIDE_STYLE('',(#6862));
#3796=EDGE_LOOP('',(#6863,#6864,#6865,#6866));
#3797=AXIS2_PLACEMENT_3D('',#6867,#6868,#6869);
#3798=SURFACE_SIDE_STYLE('',(#6870));
#3799=EDGE_LOOP('',(#6871,#6872,#6873,#6874));
#3800=AXIS2_PLACEMENT_3D('',#6875,#6876,#6877);
#3801=SURFACE_SIDE_STYLE('',(#6878));
#3802=EDGE_LOOP('',(#6879,#6880,#6881,#6882));
#3803=AXIS2_PLACEMENT_3D('',#6883,#6884,#6885);
#3804=SURFACE_SIDE_STYLE('',(#6886));
#3805=EDGE_LOOP('',(#6887,#6888,#6889,#6890));
#3806=AXIS2_PLACEMENT_3D('',#6891,#6892,#6893);
#3807=SURFACE_SIDE_STYLE('',(#6894));
#3808=EDGE_LOOP('',(#6895,#6896,#6897,#6898));
#3809=AXIS2_PLACEMENT_3D('',#6899,#6900,#6901);
#3810=SURFACE_SIDE_STYLE('',(#6902));
#3811=EDGE_LOOP('',(#6903,#6904,#6905,#6906));
#3812=AXIS2_PLACEMENT_3D('',#6907,#6908,#6909);
#3813=SURFACE_SIDE_STYLE('',(#6910));
#3814=EDGE_LOOP('',(#6911,#6912,#6913,#6914));
#3815=AXIS2_PLACEMENT_3D('',#6915,#6916,#6917);
#3816=SURFACE_SIDE_STYLE('',(#6918));
#3817=EDGE_LOOP('',(#6919,#6920,#6921,#6922));
#3818=AXIS2_PLACEMENT_3D('',#6923,#6924,#6925);
#3819=SURFACE_SIDE_STYLE('',(#6926));
#3820=EDGE_LOOP('',(#6927,#6928,#6929,#6930));
#3821=AXIS2_PLACEMENT_3D('',#6931,#6932,#6933);
#3822=SURFACE_SIDE_STYLE('',(#6934));
#3823=EDGE_LOOP('',(#6935,#6936,#6937,#6938));
#3824=AXIS2_PLACEMENT_3D('',#6939,#6940,#6941);
#3825=SURFACE_SIDE_STYLE('',(#6942));
#3826=EDGE_LOOP('',(#6943,#6944,#6945,#6946));
#3827=AXIS2_PLACEMENT_3D('',#6947,#6948,#6949);
#3828=SURFACE_SIDE_STYLE('',(#6950));
#3829=EDGE_LOOP('',(#6951,#6952,#6953,#6954,#6955,#6956,#6957,#6958));
#3830=EDGE_LOOP('',(#6959,#6960));
#3831=AXIS2_PLACEMENT_3D('',#6961,#6962,#6963);
#3832=SURFACE_SIDE_STYLE('',(#6964));
#3833=EDGE_LOOP('',(#6965,#6966,#6967,#6968));
#3834=AXIS2_PLACEMENT_3D('',#6969,#6970,#6971);
#3835=SURFACE_SIDE_STYLE('',(#6972));
#3836=EDGE_LOOP('',(#6973,#6974,#6975,#6976));
#3837=AXIS2_PLACEMENT_3D('',#6977,#6978,#6979);
#3838=SURFACE_SIDE_STYLE('',(#6980));
#3839=EDGE_LOOP('',(#6981,#6982,#6983,#6984));
#3840=AXIS2_PLACEMENT_3D('',#6985,#6986,#6987);
#3841=SURFACE_SIDE_STYLE('',(#6988));
#3842=EDGE_LOOP('',(#6989,#6990,#6991,#6992));
#3843=AXIS2_PLACEMENT_3D('',#6993,#6994,#6995);
#3844=SURFACE_SIDE_STYLE('',(#6996));
#3845=EDGE_LOOP('',(#6997,#6998,#6999,#7000));
#3846=AXIS2_PLACEMENT_3D('',#7001,#7002,#7003);
#3847=SURFACE_SIDE_STYLE('',(#7004));
#3848=EDGE_LOOP('',(#7005,#7006,#7007,#7008));
#3849=AXIS2_PLACEMENT_3D('',#7009,#7010,#7011);
#3850=SURFACE_SIDE_STYLE('',(#7012));
#3851=EDGE_LOOP('',(#7013,#7014,#7015,#7016));
#3852=AXIS2_PLACEMENT_3D('',#7017,#7018,#7019);
#3853=SURFACE_SIDE_STYLE('',(#7020));
#3854=EDGE_LOOP('',(#7021,#7022,#7023,#7024));
#3855=AXIS2_PLACEMENT_3D('',#7025,#7026,#7027);
#3856=SURFACE_SIDE_STYLE('',(#7028));
#3857=EDGE_LOOP('',(#7029,#7030,#7031,#7032));
#3858=AXIS2_PLACEMENT_3D('',#7033,#7034,#7035);
#3859=SURFACE_SIDE_STYLE('',(#7036));
#3860=EDGE_LOOP('',(#7037,#7038,#7039,#7040));
#3861=AXIS2_PLACEMENT_3D('',#7041,#7042,#7043);
#3862=SURFACE_SIDE_STYLE('',(#7044));
#3863=EDGE_LOOP('',(#7045,#7046,#7047,#7048));
#3864=AXIS2_PLACEMENT_3D('',#7049,#7050,#7051);
#3865=SURFACE_SIDE_STYLE('',(#7052));
#3866=EDGE_LOOP('',(#7053,#7054,#7055,#7056));
#3867=AXIS2_PLACEMENT_3D('',#7057,#7058,#7059);
#3868=SURFACE_SIDE_STYLE('',(#7060));
#3869=EDGE_LOOP('',(#7061,#7062,#7063,#7064));
#3870=AXIS2_PLACEMENT_3D('',#7065,#7066,#7067);
#3871=SURFACE_SIDE_STYLE('',(#7068));
#3872=EDGE_LOOP('',(#7069,#7070,#7071,#7072));
#3873=AXIS2_PLACEMENT_3D('',#7073,#7074,#7075);
#3874=SURFACE_SIDE_STYLE('',(#7076));
#3875=EDGE_LOOP('',(#7077,#7078,#7079,#7080));
#3876=AXIS2_PLACEMENT_3D('',#7081,#7082,#7083);
#3877=SURFACE_SIDE_STYLE('',(#7084));
#3878=EDGE_LOOP('',(#7085,#7086,#7087,#7088));
#3879=AXIS2_PLACEMENT_3D('',#7089,#7090,#7091);
#3880=SURFACE_SIDE_STYLE('',(#7092));
#3881=EDGE_LOOP('',(#7093,#7094,#7095,#7096));
#3882=AXIS2_PLACEMENT_3D('',#7097,#7098,#7099);
#3883=SURFACE_SIDE_STYLE('',(#7100));
#3884=EDGE_LOOP('',(#7101,#7102,#7103,#7104));
#3885=AXIS2_PLACEMENT_3D('',#7105,#7106,#7107);
#3886=SURFACE_SIDE_STYLE('',(#7108));
#3887=EDGE_LOOP('',(#7109,#7110,#7111,#7112));
#3888=AXIS2_PLACEMENT_3D('',#7113,#7114,#7115);
#3889=SURFACE_SIDE_STYLE('',(#7116));
#3890=EDGE_LOOP('',(#7117,#7118,#7119,#7120));
#3891=AXIS2_PLACEMENT_3D('',#7121,#7122,#7123);
#3892=SURFACE_SIDE_STYLE('',(#7124));
#3893=EDGE_LOOP('',(#7125,#7126,#7127,#7128));
#3894=AXIS2_PLACEMENT_3D('',#7129,#7130,#7131);
#3895=SURFACE_SIDE_STYLE('',(#7132));
#3896=EDGE_LOOP('',(#7133,#7134,#7135,#7136));
#3897=AXIS2_PLACEMENT_3D('',#7137,#7138,#7139);
#3898=SURFACE_SIDE_STYLE('',(#7140));
#3899=EDGE_LOOP('',(#7141,#7142,#7143,#7144));
#3900=AXIS2_PLACEMENT_3D('',#7145,#7146,#7147);
#3901=SURFACE_SIDE_STYLE('',(#7148));
#3902=EDGE_LOOP('',(#7149,#7150,#7151,#7152));
#3903=AXIS2_PLACEMENT_3D('',#7153,#7154,#7155);
#3904=SURFACE_SIDE_STYLE('',(#7156));
#3905=EDGE_LOOP('',(#7157,#7158,#7159,#7160));
#3906=AXIS2_PLACEMENT_3D('',#7161,#7162,#7163);
#3907=SURFACE_SIDE_STYLE('',(#7164));
#3908=EDGE_LOOP('',(#7165,#7166,#7167,#7168));
#3909=AXIS2_PLACEMENT_3D('',#7169,#7170,#7171);
#3910=SURFACE_SIDE_STYLE('',(#7172));
#3911=EDGE_LOOP('',(#7173,#7174,#7175,#7176));
#3912=AXIS2_PLACEMENT_3D('',#7177,#7178,#7179);
#3913=SURFACE_SIDE_STYLE('',(#7180));
#3914=EDGE_LOOP('',(#7181,#7182,#7183,#7184,#7185,#7186,#7187,#7188));
#3915=EDGE_LOOP('',(#7189,#7190));
#3916=AXIS2_PLACEMENT_3D('',#7191,#7192,#7193);
#3917=SURFACE_SIDE_STYLE('',(#7194));
#3918=EDGE_LOOP('',(#7195,#7196,#7197,#7198));
#3919=AXIS2_PLACEMENT_3D('',#7199,#7200,#7201);
#3920=SURFACE_SIDE_STYLE('',(#7202));
#3921=EDGE_LOOP('',(#7203,#7204,#7205,#7206));
#3922=AXIS2_PLACEMENT_3D('',#7207,#7208,#7209);
#3923=SURFACE_SIDE_STYLE('',(#7210));
#3924=EDGE_LOOP('',(#7211,#7212,#7213,#7214));
#3925=AXIS2_PLACEMENT_3D('',#7215,#7216,#7217);
#3926=SURFACE_SIDE_STYLE('',(#7218));
#3927=EDGE_LOOP('',(#7219,#7220,#7221,#7222));
#3928=AXIS2_PLACEMENT_3D('',#7223,#7224,#7225);
#3929=SURFACE_SIDE_STYLE('',(#7226));
#3930=EDGE_LOOP('',(#7227,#7228,#7229,#7230,#7231));
#3931=AXIS2_PLACEMENT_3D('',#7232,#7233,#7234);
#3932=SURFACE_SIDE_STYLE('',(#7235));
#3933=EDGE_LOOP('',(#7236,#7237,#7238,#7239));
#3934=AXIS2_PLACEMENT_3D('',#7240,#7241,#7242);
#3935=SURFACE_SIDE_STYLE('',(#7243));
#3936=EDGE_LOOP('',(#7244,#7245,#7246,#7247));
#3937=AXIS2_PLACEMENT_3D('',#7248,#7249,#7250);
#3938=SURFACE_SIDE_STYLE('',(#7251));
#3939=EDGE_LOOP('',(#7252,#7253,#7254,#7255));
#3940=AXIS2_PLACEMENT_3D('',#7256,#7257,#7258);
#3941=SURFACE_SIDE_STYLE('',(#7259));
#3942=EDGE_LOOP('',(#7260,#7261,#7262,#7263));
#3943=AXIS2_PLACEMENT_3D('',#7264,#7265,#7266);
#3944=SURFACE_SIDE_STYLE('',(#7267));
#3945=EDGE_LOOP('',(#7268,#7269,#7270,#7271));
#3946=AXIS2_PLACEMENT_3D('',#7272,#7273,#7274);
#3947=SURFACE_SIDE_STYLE('',(#7275));
#3948=EDGE_LOOP('',(#7276,#7277,#7278,#7279));
#3949=AXIS2_PLACEMENT_3D('',#7280,#7281,#7282);
#3950=SURFACE_SIDE_STYLE('',(#7283));
#3951=EDGE_LOOP('',(#7284,#7285,#7286,#7287));
#3952=AXIS2_PLACEMENT_3D('',#7288,#7289,#7290);
#3953=SURFACE_SIDE_STYLE('',(#7291));
#3954=EDGE_LOOP('',(#7292,#7293,#7294,#7295));
#3955=AXIS2_PLACEMENT_3D('',#7296,#7297,#7298);
#3956=SURFACE_SIDE_STYLE('',(#7299));
#3957=EDGE_LOOP('',(#7300,#7301,#7302,#7303));
#3958=AXIS2_PLACEMENT_3D('',#7304,#7305,#7306);
#3959=SURFACE_SIDE_STYLE('',(#7307));
#3960=EDGE_LOOP('',(#7308,#7309,#7310,#7311));
#3961=AXIS2_PLACEMENT_3D('',#7312,#7313,#7314);
#3962=SURFACE_SIDE_STYLE('',(#7315));
#3963=EDGE_LOOP('',(#7316,#7317,#7318,#7319));
#3964=AXIS2_PLACEMENT_3D('',#7320,#7321,#7322);
#3965=SURFACE_SIDE_STYLE('',(#7323));
#3966=EDGE_LOOP('',(#7324,#7325,#7326,#7327,#7328,#7329,#7330,#7331));
#3967=AXIS2_PLACEMENT_3D('',#7332,#7333,#7334);
#3968=SURFACE_SIDE_STYLE('',(#7335));
#3969=EDGE_LOOP('',(#7336,#7337,#7338,#7339,#7340));
#3970=AXIS2_PLACEMENT_3D('',#7341,#7342,#7343);
#3971=SURFACE_SIDE_STYLE('',(#7344));
#3972=EDGE_LOOP('',(#7345,#7346,#7347,#7348));
#3973=AXIS2_PLACEMENT_3D('',#7349,#7350,#7351);
#3974=SURFACE_SIDE_STYLE('',(#7352));
#3975=EDGE_LOOP('',(#7353,#7354,#7355,#7356));
#3976=AXIS2_PLACEMENT_3D('',#7357,#7358,#7359);
#3977=SURFACE_SIDE_STYLE('',(#7360));
#3978=EDGE_LOOP('',(#7361,#7362,#7363,#7364));
#3979=AXIS2_PLACEMENT_3D('',#7365,#7366,#7367);
#3980=SURFACE_SIDE_STYLE('',(#7368));
#3981=EDGE_LOOP('',(#7369,#7370,#7371,#7372));
#3982=AXIS2_PLACEMENT_3D('',#7373,#7374,#7375);
#3983=SURFACE_SIDE_STYLE('',(#7376));
#3984=EDGE_LOOP('',(#7377,#7378,#7379,#7380));
#3985=AXIS2_PLACEMENT_3D('',#7381,#7382,#7383);
#3986=SURFACE_SIDE_STYLE('',(#7384));
#3987=EDGE_LOOP('',(#7385,#7386,#7387,#7388));
#3988=AXIS2_PLACEMENT_3D('',#7389,#7390,#7391);
#3989=SURFACE_SIDE_STYLE('',(#7392));
#3990=EDGE_LOOP('',(#7393,#7394,#7395,#7396));
#3991=AXIS2_PLACEMENT_3D('',#7397,#7398,#7399);
#3992=SURFACE_SIDE_STYLE('',(#7400));
#3993=EDGE_LOOP('',(#7401,#7402,#7403,#7404));
#3994=AXIS2_PLACEMENT_3D('',#7405,#7406,#7407);
#3995=SURFACE_SIDE_STYLE('',(#7408));
#3996=EDGE_LOOP('',(#7409,#7410,#7411,#7412));
#3997=AXIS2_PLACEMENT_3D('',#7413,#7414,#7415);
#3998=SURFACE_SIDE_STYLE('',(#7416));
#3999=EDGE_LOOP('',(#7417,#7418,#7419,#7420));
#4000=AXIS2_PLACEMENT_3D('',#7421,#7422,#7423);
#4001=SURFACE_SIDE_STYLE('',(#7424));
#4002=EDGE_LOOP('',(#7425,#7426,#7427,#7428));
#4003=AXIS2_PLACEMENT_3D('',#7429,#7430,#7431);
#4004=SURFACE_SIDE_STYLE('',(#7432));
#4005=EDGE_LOOP('',(#7433,#7434,#7435,#7436));
#4006=AXIS2_PLACEMENT_3D('',#7437,#7438,#7439);
#4007=SURFACE_SIDE_STYLE('',(#7440));
#4008=EDGE_LOOP('',(#7441,#7442,#7443,#7444,#7445));
#4009=AXIS2_PLACEMENT_3D('',#7446,#7447,#7448);
#4010=SURFACE_SIDE_STYLE('',(#7449));
#4011=EDGE_LOOP('',(#7450,#7451,#7452,#7453));
#4012=AXIS2_PLACEMENT_3D('',#7454,#7455,#7456);
#4013=SURFACE_SIDE_STYLE('',(#7457));
#4014=EDGE_LOOP('',(#7458,#7459,#7460,#7461));
#4015=AXIS2_PLACEMENT_3D('',#7462,#7463,#7464);
#4016=SURFACE_SIDE_STYLE('',(#7465));
#4017=EDGE_LOOP('',(#7466,#7467,#7468,#7469));
#4018=AXIS2_PLACEMENT_3D('',#7470,#7471,#7472);
#4019=SURFACE_SIDE_STYLE('',(#7473));
#4020=EDGE_LOOP('',(#7474,#7475,#7476,#7477));
#4021=AXIS2_PLACEMENT_3D('',#7478,#7479,#7480);
#4022=SURFACE_SIDE_STYLE('',(#7481));
#4023=EDGE_LOOP('',(#7482,#7483,#7484,#7485));
#4024=AXIS2_PLACEMENT_3D('',#7486,#7487,#7488);
#4025=SURFACE_SIDE_STYLE('',(#7489));
#4026=EDGE_LOOP('',(#7490,#7491,#7492,#7493));
#4027=AXIS2_PLACEMENT_3D('',#7494,#7495,#7496);
#4028=SURFACE_SIDE_STYLE('',(#7497));
#4029=EDGE_LOOP('',(#7498,#7499,#7500,#7501));
#4030=AXIS2_PLACEMENT_3D('',#7502,#7503,#7504);
#4031=SURFACE_SIDE_STYLE('',(#7505));
#4032=EDGE_LOOP('',(#7506,#7507,#7508,#7509,#7510,#7511,#7512,#7513,#7514,#7515,#7516,#7517,#7518));
#4033=AXIS2_PLACEMENT_3D('',#7519,#7520,#7521);
#4034=SURFACE_SIDE_STYLE('',(#7522));
#4035=EDGE_LOOP('',(#7523,#7524,#7525,#7526,#7527,#7528,#7529,#7530));
#4036=AXIS2_PLACEMENT_3D('',#7531,#7532,#7533);
#4037=SURFACE_SIDE_STYLE('',(#7534));
#4038=EDGE_LOOP('',(#7535,#7536,#7537,#7538));
#4039=AXIS2_PLACEMENT_3D('',#7539,#7540,#7541);
#4040=SURFACE_SIDE_STYLE('',(#7542));
#4041=EDGE_LOOP('',(#7543,#7544,#7545,#7546,#7547));
#4042=AXIS2_PLACEMENT_3D('',#7548,#7549,#7550);
#4043=SURFACE_SIDE_STYLE('',(#7551));
#4044=EDGE_LOOP('',(#7552,#7553,#7554,#7555));
#4045=AXIS2_PLACEMENT_3D('',#7556,#7557,#7558);
#4046=SURFACE_SIDE_STYLE('',(#7559));
#4047=EDGE_LOOP('',(#7560,#7561,#7562,#7563));
#4048=AXIS2_PLACEMENT_3D('',#7564,#7565,#7566);
#4049=SURFACE_SIDE_STYLE('',(#7567));
#4050=EDGE_LOOP('',(#7568,#7569,#7570,#7571));
#4051=AXIS2_PLACEMENT_3D('',#7572,#7573,#7574);
#4052=SURFACE_SIDE_STYLE('',(#7575));
#4053=EDGE_LOOP('',(#7576,#7577,#7578,#7579));
#4054=AXIS2_PLACEMENT_3D('',#7580,#7581,#7582);
#4055=SURFACE_SIDE_STYLE('',(#7583));
#4056=EDGE_LOOP('',(#7584,#7585,#7586,#7587));
#4057=AXIS2_PLACEMENT_3D('',#7588,#7589,#7590);
#4058=SURFACE_SIDE_STYLE('',(#7591));
#4059=EDGE_LOOP('',(#7592,#7593,#7594,#7595));
#4060=AXIS2_PLACEMENT_3D('',#7596,#7597,#7598);
#4061=SURFACE_SIDE_STYLE('',(#7599));
#4062=EDGE_LOOP('',(#7600,#7601,#7602,#7603));
#4063=AXIS2_PLACEMENT_3D('',#7604,#7605,#7606);
#4064=SURFACE_SIDE_STYLE('',(#7607));
#4065=EDGE_LOOP('',(#7608,#7609,#7610,#7611));
#4066=AXIS2_PLACEMENT_3D('',#7612,#7613,#7614);
#4067=SURFACE_SIDE_STYLE('',(#7615));
#4068=EDGE_LOOP('',(#7616,#7617,#7618,#7619));
#4069=AXIS2_PLACEMENT_3D('',#7620,#7621,#7622);
#4070=SURFACE_SIDE_STYLE('',(#7623));
#4071=EDGE_LOOP('',(#7624,#7625,#7626,#7627));
#4072=AXIS2_PLACEMENT_3D('',#7628,#7629,#7630);
#4073=SURFACE_SIDE_STYLE('',(#7631));
#4074=EDGE_LOOP('',(#7632,#7633,#7634,#7635));
#4075=AXIS2_PLACEMENT_3D('',#7636,#7637,#7638);
#4076=SURFACE_SIDE_STYLE('',(#7639));
#4077=EDGE_LOOP('',(#7640,#7641,#7642,#7643));
#4078=AXIS2_PLACEMENT_3D('',#7644,#7645,#7646);
#4079=SURFACE_SIDE_STYLE('',(#7647));
#4080=EDGE_LOOP('',(#7648,#7649,#7650,#7651));
#4081=AXIS2_PLACEMENT_3D('',#7652,#7653,#7654);
#4082=SURFACE_SIDE_STYLE('',(#7655));
#4083=EDGE_LOOP('',(#7656,#7657,#7658,#7659));
#4084=AXIS2_PLACEMENT_3D('',#7660,#7661,#7662);
#4085=SURFACE_SIDE_STYLE('',(#7663));
#4086=EDGE_LOOP('',(#7664,#7665,#7666,#7667));
#4087=AXIS2_PLACEMENT_3D('',#7668,#7669,#7670);
#4088=SURFACE_SIDE_STYLE('',(#7671));
#4089=EDGE_LOOP('',(#7672,#7673,#7674,#7675));
#4090=AXIS2_PLACEMENT_3D('',#7676,#7677,#7678);
#4091=SURFACE_SIDE_STYLE('',(#7679));
#4092=EDGE_LOOP('',(#7680,#7681,#7682,#7683));
#4093=AXIS2_PLACEMENT_3D('',#7684,#7685,#7686);
#4094=SURFACE_SIDE_STYLE('',(#7687));
#4095=EDGE_LOOP('',(#7688,#7689,#7690,#7691));
#4096=AXIS2_PLACEMENT_3D('',#7692,#7693,#7694);
#4097=SURFACE_SIDE_STYLE('',(#7695));
#4098=EDGE_LOOP('',(#7696,#7697,#7698,#7699));
#4099=AXIS2_PLACEMENT_3D('',#7700,#7701,#7702);
#4100=SURFACE_SIDE_STYLE('',(#7703));
#4101=EDGE_LOOP('',(#7704,#7705,#7706,#7707));
#4102=AXIS2_PLACEMENT_3D('',#7708,#7709,#7710);
#4103=SURFACE_SIDE_STYLE('',(#7711));
#4104=EDGE_LOOP('',(#7712,#7713,#7714,#7715));
#4105=AXIS2_PLACEMENT_3D('',#7716,#7717,#7718);
#4106=SURFACE_SIDE_STYLE('',(#7719));
#4107=EDGE_LOOP('',(#7720,#7721,#7722,#7723));
#4108=AXIS2_PLACEMENT_3D('',#7724,#7725,#7726);
#4109=SURFACE_SIDE_STYLE('',(#7727));
#4110=EDGE_LOOP('',(#7728,#7729,#7730,#7731));
#4111=AXIS2_PLACEMENT_3D('',#7732,#7733,#7734);
#4112=SURFACE_SIDE_STYLE('',(#7735));
#4113=EDGE_LOOP('',(#7736,#7737,#7738,#7739));
#4114=AXIS2_PLACEMENT_3D('',#7740,#7741,#7742);
#4115=SURFACE_SIDE_STYLE('',(#7743));
#4116=EDGE_LOOP('',(#7744,#7745,#7746,#7747));
#4117=AXIS2_PLACEMENT_3D('',#7748,#7749,#7750);
#4118=SURFACE_SIDE_STYLE('',(#7751));
#4119=EDGE_LOOP('',(#7752,#7753,#7754,#7755));
#4120=AXIS2_PLACEMENT_3D('',#7756,#7757,#7758);
#4121=SURFACE_SIDE_STYLE('',(#7759));
#4122=EDGE_LOOP('',(#7760,#7761,#7762,#7763));
#4123=AXIS2_PLACEMENT_3D('',#7764,#7765,#7766);
#4124=SURFACE_SIDE_STYLE('',(#7767));
#4125=EDGE_LOOP('',(#7768,#7769,#7770,#7771));
#4126=AXIS2_PLACEMENT_3D('',#7772,#7773,#7774);
#4127=SURFACE_SIDE_STYLE('',(#7775));
#4128=EDGE_LOOP('',(#7776,#7777,#7778,#7779));
#4129=AXIS2_PLACEMENT_3D('',#7780,#7781,#7782);
#4130=SURFACE_SIDE_STYLE('',(#7783));
#4131=EDGE_LOOP('',(#7784,#7785,#7786,#7787));
#4132=AXIS2_PLACEMENT_3D('',#7788,#7789,#7790);
#4133=SURFACE_SIDE_STYLE('',(#7791));
#4134=EDGE_LOOP('',(#7792,#7793,#7794,#7795));
#4135=AXIS2_PLACEMENT_3D('',#7796,#7797,#7798);
#4136=SURFACE_SIDE_STYLE('',(#7799));
#4137=EDGE_LOOP('',(#7800,#7801,#7802,#7803,#7804));
#4138=AXIS2_PLACEMENT_3D('',#7805,#7806,#7807);
#4139=SURFACE_SIDE_STYLE('',(#7808));
#4140=EDGE_LOOP('',(#7809,#7810,#7811,#7812));
#4141=AXIS2_PLACEMENT_3D('',#7813,#7814,#7815);
#4142=SURFACE_SIDE_STYLE('',(#7816));
#4143=EDGE_LOOP('',(#7817,#7818,#7819,#7820));
#4144=AXIS2_PLACEMENT_3D('',#7821,#7822,#7823);
#4145=SURFACE_SIDE_STYLE('',(#7824));
#4146=EDGE_LOOP('',(#7825,#7826,#7827,#7828,#7829));
#4147=AXIS2_PLACEMENT_3D('',#7830,#7831,#7832);
#4148=SURFACE_SIDE_STYLE('',(#7833));
#4149=EDGE_LOOP('',(#7834,#7835,#7836,#7837));
#4150=AXIS2_PLACEMENT_3D('',#7838,#7839,#7840);
#4151=SURFACE_SIDE_STYLE('',(#7841));
#4152=EDGE_LOOP('',(#7842,#7843,#7844,#7845));
#4153=AXIS2_PLACEMENT_3D('',#7846,#7847,#7848);
#4154=SURFACE_SIDE_STYLE('',(#7849));
#4155=EDGE_LOOP('',(#7850,#7851,#7852,#7853));
#4156=AXIS2_PLACEMENT_3D('',#7854,#7855,#7856);
#4157=SURFACE_SIDE_STYLE('',(#7857));
#4158=EDGE_LOOP('',(#7858,#7859,#7860,#7861));
#4159=AXIS2_PLACEMENT_3D('',#7862,#7863,#7864);
#4160=SURFACE_SIDE_STYLE('',(#7865));
#4161=EDGE_LOOP('',(#7866,#7867,#7868,#7869));
#4162=AXIS2_PLACEMENT_3D('',#7870,#7871,#7872);
#4163=SURFACE_SIDE_STYLE('',(#7873));
#4164=EDGE_LOOP('',(#7874,#7875,#7876,#7877));
#4165=AXIS2_PLACEMENT_3D('',#7878,#7879,#7880);
#4166=SURFACE_SIDE_STYLE('',(#7881));
#4167=EDGE_LOOP('',(#7882,#7883,#7884,#7885));
#4168=AXIS2_PLACEMENT_3D('',#7886,#7887,#7888);
#4169=SURFACE_SIDE_STYLE('',(#7889));
#4170=EDGE_LOOP('',(#7890,#7891,#7892,#7893));
#4171=AXIS2_PLACEMENT_3D('',#7894,#7895,#7896);
#4172=SURFACE_SIDE_STYLE('',(#7897));
#4173=EDGE_LOOP('',(#7898,#7899,#7900,#7901));
#4174=AXIS2_PLACEMENT_3D('',#7902,#7903,#7904);
#4175=SURFACE_SIDE_STYLE('',(#7905));
#4176=EDGE_LOOP('',(#7906,#7907,#7908,#7909,#7910));
#4177=AXIS2_PLACEMENT_3D('',#7911,#7912,#7913);
#4178=SURFACE_SIDE_STYLE('',(#7914));
#4179=EDGE_LOOP('',(#7915,#7916,#7917,#7918));
#4180=AXIS2_PLACEMENT_3D('',#7919,#7920,#7921);
#4181=SURFACE_SIDE_STYLE('',(#7922));
#4182=EDGE_LOOP('',(#7923,#7924,#7925,#7926));
#4183=AXIS2_PLACEMENT_3D('',#7927,#7928,#7929);
#4184=SURFACE_SIDE_STYLE('',(#7930));
#4185=EDGE_LOOP('',(#7931,#7932,#7933,#7934));
#4186=AXIS2_PLACEMENT_3D('',#7935,#7936,#7937);
#4187=SURFACE_SIDE_STYLE('',(#7938));
#4188=EDGE_LOOP('',(#7939,#7940,#7941,#7942));
#4189=AXIS2_PLACEMENT_3D('',#7943,#7944,#7945);
#4190=SURFACE_SIDE_STYLE('',(#7946));
#4191=EDGE_LOOP('',(#7947,#7948,#7949,#7950,#7951,#7952,#7953,#7954));
#4192=AXIS2_PLACEMENT_3D('',#7955,#7956,#7957);
#4193=SURFACE_SIDE_STYLE('',(#7958));
#4194=EDGE_LOOP('',(#7959,#7960,#7961,#7962));
#4195=AXIS2_PLACEMENT_3D('',#7963,#7964,#7965);
#4196=SURFACE_SIDE_STYLE('',(#7966));
#4197=EDGE_LOOP('',(#7967,#7968,#7969,#7970,#7971));
#4198=AXIS2_PLACEMENT_3D('',#7972,#7973,#7974);
#4199=SURFACE_SIDE_STYLE('',(#7975));
#4200=EDGE_LOOP('',(#7976,#7977,#7978,#7979));
#4201=AXIS2_PLACEMENT_3D('',#7980,#7981,#7982);
#4202=SURFACE_SIDE_STYLE('',(#7983));
#4203=EDGE_LOOP('',(#7984,#7985,#7986,#7987));
#4204=AXIS2_PLACEMENT_3D('',#7988,#7989,#7990);
#4205=SURFACE_SIDE_STYLE('',(#7991));
#4206=EDGE_LOOP('',(#7992,#7993,#7994,#7995));
#4207=AXIS2_PLACEMENT_3D('',#7996,#7997,#7998);
#4208=SURFACE_SIDE_STYLE('',(#7999));
#4209=EDGE_LOOP('',(#8000,#8001,#8002,#8003));
#4210=AXIS2_PLACEMENT_3D('',#8004,#8005,#8006);
#4211=SURFACE_SIDE_STYLE('',(#8007));
#4212=EDGE_LOOP('',(#8008,#8009,#8010,#8011));
#4213=AXIS2_PLACEMENT_3D('',#8012,#8013,#8014);
#4214=SURFACE_SIDE_STYLE('',(#8015));
#4215=EDGE_LOOP('',(#8016,#8017,#8018,#8019));
#4216=AXIS2_PLACEMENT_3D('',#8020,#8021,#8022);
#4217=SURFACE_SIDE_STYLE('',(#8023));
#4218=EDGE_LOOP('',(#8024,#8025,#8026,#8027));
#4219=AXIS2_PLACEMENT_3D('',#8028,#8029,#8030);
#4220=SURFACE_SIDE_STYLE('',(#8031));
#4221=EDGE_LOOP('',(#8032,#8033,#8034,#8035));
#4222=AXIS2_PLACEMENT_3D('',#8036,#8037,#8038);
#4223=SURFACE_SIDE_STYLE('',(#8039));
#4224=EDGE_LOOP('',(#8040,#8041,#8042,#8043));
#4225=AXIS2_PLACEMENT_3D('',#8044,#8045,#8046);
#4226=SURFACE_SIDE_STYLE('',(#8047));
#4227=EDGE_LOOP('',(#8048,#8049,#8050,#8051));
#4228=AXIS2_PLACEMENT_3D('',#8052,#8053,#8054);
#4229=SURFACE_SIDE_STYLE('',(#8055));
#4230=EDGE_LOOP('',(#8056,#8057,#8058,#8059));
#4231=AXIS2_PLACEMENT_3D('',#8060,#8061,#8062);
#4232=SURFACE_SIDE_STYLE('',(#8063));
#4233=EDGE_LOOP('',(#8064,#8065,#8066,#8067));
#4234=AXIS2_PLACEMENT_3D('',#8068,#8069,#8070);
#4235=SURFACE_SIDE_STYLE('',(#8071));
#4236=EDGE_LOOP('',(#8072,#8073,#8074,#8075));
#4237=AXIS2_PLACEMENT_3D('',#8076,#8077,#8078);
#4238=SURFACE_SIDE_STYLE('',(#8079));
#4239=EDGE_LOOP('',(#8080,#8081,#8082,#8083,#8084,#8085,#8086,#8087,#8088,#8089,#8090,#8091,#8092,#8093,#8094,#8095));
#4240=AXIS2_PLACEMENT_3D('',#8096,#8097,#8098);
#4241=SURFACE_SIDE_STYLE('',(#8099));
#4242=EDGE_LOOP('',(#8100,#8101,#8102,#8103));
#4243=AXIS2_PLACEMENT_3D('',#8104,#8105,#8106);
#4244=SURFACE_SIDE_STYLE('',(#8107));
#4245=EDGE_LOOP('',(#8108,#8109,#8110,#8111));
#4246=AXIS2_PLACEMENT_3D('',#8112,#8113,#8114);
#4247=SURFACE_SIDE_STYLE('',(#8115));
#4248=EDGE_LOOP('',(#8116,#8117,#8118,#8119,#8120));
#4249=AXIS2_PLACEMENT_3D('',#8121,#8122,#8123);
#4250=SURFACE_SIDE_STYLE('',(#8124));
#4251=EDGE_LOOP('',(#8125,#8126,#8127,#8128));
#4252=AXIS2_PLACEMENT_3D('',#8129,#8130,#8131);
#4253=SURFACE_SIDE_STYLE('',(#8132));
#4254=EDGE_LOOP('',(#8133,#8134,#8135,#8136));
#4255=AXIS2_PLACEMENT_3D('',#8137,#8138,#8139);
#4256=SURFACE_SIDE_STYLE('',(#8140));
#4257=EDGE_LOOP('',(#8141,#8142,#8143,#8144));
#4258=AXIS2_PLACEMENT_3D('',#8145,#8146,#8147);
#4259=SURFACE_SIDE_STYLE('',(#8148));
#4260=EDGE_LOOP('',(#8149,#8150,#8151,#8152));
#4261=AXIS2_PLACEMENT_3D('',#8153,#8154,#8155);
#4262=SURFACE_SIDE_STYLE('',(#8156));
#4263=EDGE_LOOP('',(#8157,#8158,#8159,#8160));
#4264=AXIS2_PLACEMENT_3D('',#8161,#8162,#8163);
#4265=SURFACE_SIDE_STYLE('',(#8164));
#4266=EDGE_LOOP('',(#8165,#8166,#8167,#8168));
#4267=AXIS2_PLACEMENT_3D('',#8169,#8170,#8171);
#4268=SURFACE_SIDE_STYLE('',(#8172));
#4269=EDGE_LOOP('',(#8173,#8174,#8175,#8176));
#4270=AXIS2_PLACEMENT_3D('',#8177,#8178,#8179);
#4271=SURFACE_SIDE_STYLE('',(#8180));
#4272=EDGE_LOOP('',(#8181,#8182,#8183,#8184,#8185,#8186,#8187,#8188));
#4273=AXIS2_PLACEMENT_3D('',#8189,#8190,#8191);
#4274=SURFACE_SIDE_STYLE('',(#8192));
#4275=EDGE_LOOP('',(#8193,#8194,#8195,#8196));
#4276=AXIS2_PLACEMENT_3D('',#8197,#8198,#8199);
#4277=SURFACE_SIDE_STYLE('',(#8200));
#4278=EDGE_LOOP('',(#8201,#8202,#8203,#8204));
#4279=AXIS2_PLACEMENT_3D('',#8205,#8206,#8207);
#4280=SURFACE_SIDE_STYLE('',(#8208));
#4281=EDGE_LOOP('',(#8209,#8210,#8211,#8212,#8213));
#4282=AXIS2_PLACEMENT_3D('',#8214,#8215,#8216);
#4283=SURFACE_SIDE_STYLE('',(#8217));
#4284=EDGE_LOOP('',(#8218,#8219,#8220,#8221));
#4285=AXIS2_PLACEMENT_3D('',#8222,#8223,#8224);
#4286=SURFACE_SIDE_STYLE('',(#8225));
#4287=EDGE_LOOP('',(#8226,#8227,#8228,#8229));
#4288=AXIS2_PLACEMENT_3D('',#8230,#8231,#8232);
#4289=SURFACE_SIDE_STYLE('',(#8233));
#4290=EDGE_LOOP('',(#8234,#8235,#8236,#8237));
#4291=AXIS2_PLACEMENT_3D('',#8238,#8239,#8240);
#4292=SURFACE_SIDE_STYLE('',(#8241));
#4293=EDGE_LOOP('',(#8242,#8243,#8244,#8245));
#4294=AXIS2_PLACEMENT_3D('',#8246,#8247,#8248);
#4295=SURFACE_SIDE_STYLE('',(#8249));
#4296=EDGE_LOOP('',(#8250,#8251,#8252,#8253));
#4297=AXIS2_PLACEMENT_3D('',#8254,#8255,#8256);
#4298=SURFACE_SIDE_STYLE('',(#8257));
#4299=EDGE_LOOP('',(#8258,#8259,#8260,#8261));
#4300=AXIS2_PLACEMENT_3D('',#8262,#8263,#8264);
#4301=SURFACE_SIDE_STYLE('',(#8265));
#4302=EDGE_LOOP('',(#8266,#8267,#8268,#8269));
#4303=AXIS2_PLACEMENT_3D('',#8270,#8271,#8272);
#4304=SURFACE_SIDE_STYLE('',(#8273));
#4305=EDGE_LOOP('',(#8274,#8275,#8276,#8277));
#4306=AXIS2_PLACEMENT_3D('',#8278,#8279,#8280);
#4307=SURFACE_SIDE_STYLE('',(#8281));
#4308=EDGE_LOOP('',(#8282,#8283,#8284,#8285));
#4309=AXIS2_PLACEMENT_3D('',#8286,#8287,#8288);
#4310=SURFACE_SIDE_STYLE('',(#8289));
#4311=EDGE_LOOP('',(#8290,#8291,#8292,#8293));
#4312=AXIS2_PLACEMENT_3D('',#8294,#8295,#8296);
#4313=SURFACE_SIDE_STYLE('',(#8297));
#4314=EDGE_LOOP('',(#8298,#8299,#8300,#8301));
#4315=AXIS2_PLACEMENT_3D('',#8302,#8303,#8304);
#4316=SURFACE_SIDE_STYLE('',(#8305));
#4317=EDGE_LOOP('',(#8306,#8307,#8308,#8309));
#4318=AXIS2_PLACEMENT_3D('',#8310,#8311,#8312);
#4319=SURFACE_SIDE_STYLE('',(#8313));
#4320=EDGE_LOOP('',(#8314,#8315,#8316,#8317,#8318,#8319,#8320,#8321,#8322,#8323,#8324,#8325));
#4321=AXIS2_PLACEMENT_3D('',#8326,#8327,#8328);
#4322=SURFACE_SIDE_STYLE('',(#8329));
#4323=EDGE_LOOP('',(#8330,#8331,#8332,#8333));
#4324=AXIS2_PLACEMENT_3D('',#8334,#8335,#8336);
#4325=SURFACE_SIDE_STYLE('',(#8337));
#4326=EDGE_LOOP('',(#8338,#8339,#8340,#8341));
#4327=AXIS2_PLACEMENT_3D('',#8342,#8343,#8344);
#4328=SURFACE_SIDE_STYLE('',(#8345));
#4329=EDGE_LOOP('',(#8346,#8347,#8348,#8349));
#4330=AXIS2_PLACEMENT_3D('',#8350,#8351,#8352);
#4331=SURFACE_SIDE_STYLE('',(#8353));
#4332=EDGE_LOOP('',(#8354,#8355,#8356,#8357));
#4333=AXIS2_PLACEMENT_3D('',#8358,#8359,#8360);
#4334=SURFACE_SIDE_STYLE('',(#8361));
#4335=EDGE_LOOP('',(#8362,#8363,#8364,#8365));
#4336=AXIS2_PLACEMENT_3D('',#8366,#8367,#8368);
#4337=SURFACE_SIDE_STYLE('',(#8369));
#4338=EDGE_LOOP('',(#8370,#8371,#8372,#8373));
#4339=AXIS2_PLACEMENT_3D('',#8374,#8375,#8376);
#4340=SURFACE_SIDE_STYLE('',(#8377));
#4341=EDGE_LOOP('',(#8378,#8379,#8380,#8381));
#4342=AXIS2_PLACEMENT_3D('',#8382,#8383,#8384);
#4343=SURFACE_SIDE_STYLE('',(#8385));
#4344=EDGE_LOOP('',(#8386,#8387,#8388,#8389));
#4345=AXIS2_PLACEMENT_3D('',#8390,#8391,#8392);
#4346=SURFACE_SIDE_STYLE('',(#8393));
#4347=EDGE_LOOP('',(#8394,#8395,#8396,#8397));
#4348=AXIS2_PLACEMENT_3D('',#8398,#8399,#8400);
#4349=SURFACE_SIDE_STYLE('',(#8401));
#4350=EDGE_LOOP('',(#8402,#8403,#8404,#8405));
#4351=AXIS2_PLACEMENT_3D('',#8406,#8407,#8408);
#4352=SURFACE_SIDE_STYLE('',(#8409));
#4353=EDGE_LOOP('',(#8410,#8411,#8412,#8413));
#4354=AXIS2_PLACEMENT_3D('',#8414,#8415,#8416);
#4355=SURFACE_SIDE_STYLE('',(#8417));
#4356=EDGE_LOOP('',(#8418,#8419,#8420,#8421));
#4357=AXIS2_PLACEMENT_3D('',#8422,#8423,#8424);
#4358=SURFACE_SIDE_STYLE('',(#8425));
#4359=EDGE_LOOP('',(#8426,#8427,#8428,#8429));
#4360=AXIS2_PLACEMENT_3D('',#8430,#8431,#8432);
#4361=SURFACE_SIDE_STYLE('',(#8433));
#4362=EDGE_LOOP('',(#8434,#8435,#8436,#8437));
#4363=AXIS2_PLACEMENT_3D('',#8438,#8439,#8440);
#4364=SURFACE_SIDE_STYLE('',(#8441));
#4365=EDGE_LOOP('',(#8442,#8443,#8444,#8445));
#4366=AXIS2_PLACEMENT_3D('',#8446,#8447,#8448);
#4367=SURFACE_SIDE_STYLE('',(#8449));
#4368=EDGE_LOOP('',(#8450,#8451,#8452,#8453));
#4369=AXIS2_PLACEMENT_3D('',#8454,#8455,#8456);
#4370=SURFACE_SIDE_STYLE('',(#8457));
#4371=EDGE_LOOP('',(#8458,#8459,#8460,#8461));
#4372=AXIS2_PLACEMENT_3D('',#8462,#8463,#8464);
#4373=SURFACE_SIDE_STYLE('',(#8465));
#4374=EDGE_LOOP('',(#8466,#8467,#8468,#8469));
#4375=AXIS2_PLACEMENT_3D('',#8470,#8471,#8472);
#4376=SURFACE_SIDE_STYLE('',(#8473));
#4377=EDGE_LOOP('',(#8474,#8475,#8476,#8477));
#4378=AXIS2_PLACEMENT_3D('',#8478,#8479,#8480);
#4379=SURFACE_SIDE_STYLE('',(#8481));
#4380=EDGE_LOOP('',(#8482,#8483,#8484,#8485));
#4381=AXIS2_PLACEMENT_3D('',#8486,#8487,#8488);
#4382=SURFACE_SIDE_STYLE('',(#8489));
#4383=EDGE_LOOP('',(#8490,#8491,#8492,#8493));
#4384=AXIS2_PLACEMENT_3D('',#8494,#8495,#8496);
#4385=SURFACE_SIDE_STYLE('',(#8497));
#4386=EDGE_LOOP('',(#8498,#8499,#8500,#8501));
#4387=AXIS2_PLACEMENT_3D('',#8502,#8503,#8504);
#4388=SURFACE_SIDE_STYLE('',(#8505));
#4389=EDGE_LOOP('',(#8506,#8507,#8508,#8509));
#4390=AXIS2_PLACEMENT_3D('',#8510,#8511,#8512);
#4391=SURFACE_SIDE_STYLE('',(#8513));
#4392=EDGE_LOOP('',(#8514,#8515,#8516,#8517));
#4393=AXIS2_PLACEMENT_3D('',#8518,#8519,#8520);
#4394=SURFACE_SIDE_STYLE('',(#8521));
#4395=EDGE_LOOP('',(#8522,#8523,#8524,#8525));
#4396=AXIS2_PLACEMENT_3D('',#8526,#8527,#8528);
#4397=SURFACE_SIDE_STYLE('',(#8529));
#4398=EDGE_LOOP('',(#8530,#8531,#8532,#8533));
#4399=AXIS2_PLACEMENT_3D('',#8534,#8535,#8536);
#4400=SURFACE_SIDE_STYLE('',(#8537));
#4401=EDGE_LOOP('',(#8538,#8539,#8540,#8541));
#4402=AXIS2_PLACEMENT_3D('',#8542,#8543,#8544);
#4403=SURFACE_SIDE_STYLE('',(#8545));
#4404=EDGE_LOOP('',(#8546,#8547,#8548,#8549));
#4405=AXIS2_PLACEMENT_3D('',#8550,#8551,#8552);
#4406=SURFACE_SIDE_STYLE('',(#8553));
#4407=EDGE_LOOP('',(#8554,#8555,#8556,#8557));
#4408=AXIS2_PLACEMENT_3D('',#8558,#8559,#8560);
#4409=SURFACE_SIDE_STYLE('',(#8561));
#4410=EDGE_LOOP('',(#8562,#8563,#8564,#8565));
#4411=AXIS2_PLACEMENT_3D('',#8566,#8567,#8568);
#4412=SURFACE_SIDE_STYLE('',(#8569));
#4413=EDGE_LOOP('',(#8570,#8571,#8572,#8573));
#4414=AXIS2_PLACEMENT_3D('',#8574,#8575,#8576);
#4415=SURFACE_SIDE_STYLE('',(#8577));
#4416=EDGE_LOOP('',(#8578,#8579,#8580,#8581));
#4417=AXIS2_PLACEMENT_3D('',#8582,#8583,#8584);
#4418=SURFACE_SIDE_STYLE('',(#8585));
#4419=EDGE_LOOP('',(#8586,#8587,#8588,#8589));
#4420=AXIS2_PLACEMENT_3D('',#8590,#8591,#8592);
#4421=SURFACE_SIDE_STYLE('',(#8593));
#4422=EDGE_LOOP('',(#8594,#8595,#8596,#8597));
#4423=AXIS2_PLACEMENT_3D('',#8598,#8599,#8600);
#4424=SURFACE_SIDE_STYLE('',(#8601));
#4425=EDGE_LOOP('',(#8602,#8603,#8604,#8605));
#4426=AXIS2_PLACEMENT_3D('',#8606,#8607,#8608);
#4427=SURFACE_SIDE_STYLE('',(#8609));
#4428=EDGE_LOOP('',(#8610,#8611,#8612,#8613));
#4429=AXIS2_PLACEMENT_3D('',#8614,#8615,#8616);
#4430=SURFACE_SIDE_STYLE('',(#8617));
#4431=EDGE_LOOP('',(#8618,#8619,#8620,#8621));
#4432=AXIS2_PLACEMENT_3D('',#8622,#8623,#8624);
#4433=SURFACE_SIDE_STYLE('',(#8625));
#4434=EDGE_LOOP('',(#8626,#8627,#8628,#8629));
#4435=AXIS2_PLACEMENT_3D('',#8630,#8631,#8632);
#4436=SURFACE_SIDE_STYLE('',(#8633));
#4437=EDGE_LOOP('',(#8634,#8635,#8636,#8637));
#4438=AXIS2_PLACEMENT_3D('',#8638,#8639,#8640);
#4439=SURFACE_SIDE_STYLE('',(#8641));
#4440=EDGE_LOOP('',(#8642,#8643,#8644,#8645));
#4441=AXIS2_PLACEMENT_3D('',#8646,#8647,#8648);
#4442=SURFACE_SIDE_STYLE('',(#8649));
#4443=EDGE_LOOP('',(#8650,#8651,#8652,#8653));
#4444=AXIS2_PLACEMENT_3D('',#8654,#8655,#8656);
#4445=SURFACE_SIDE_STYLE('',(#8657));
#4446=EDGE_LOOP('',(#8658,#8659,#8660,#8661));
#4447=AXIS2_PLACEMENT_3D('',#8662,#8663,#8664);
#4448=SURFACE_SIDE_STYLE('',(#8665));
#4449=EDGE_LOOP('',(#8666,#8667,#8668,#8669));
#4450=AXIS2_PLACEMENT_3D('',#8670,#8671,#8672);
#4451=SURFACE_SIDE_STYLE('',(#8673));
#4452=EDGE_LOOP('',(#8674,#8675,#8676,#8677,#8678));
#4453=AXIS2_PLACEMENT_3D('',#8679,#8680,#8681);
#4454=SURFACE_SIDE_STYLE('',(#8682));
#4455=EDGE_LOOP('',(#8683,#8684,#8685,#8686));
#4456=AXIS2_PLACEMENT_3D('',#8687,#8688,#8689);
#4457=SURFACE_SIDE_STYLE('',(#8690));
#4458=EDGE_LOOP('',(#8691,#8692,#8693,#8694));
#4459=AXIS2_PLACEMENT_3D('',#8695,#8696,#8697);
#4460=SURFACE_SIDE_STYLE('',(#8698));
#4461=EDGE_LOOP('',(#8699,#8700,#8701,#8702,#8703));
#4462=AXIS2_PLACEMENT_3D('',#8704,#8705,#8706);
#4463=SURFACE_SIDE_STYLE('',(#8707));
#4464=EDGE_LOOP('',(#8708,#8709,#8710,#8711));
#4465=AXIS2_PLACEMENT_3D('',#8712,#8713,#8714);
#4466=SURFACE_SIDE_STYLE('',(#8715));
#4467=EDGE_LOOP('',(#8716,#8717,#8718,#8719));
#4468=AXIS2_PLACEMENT_3D('',#8720,#8721,#8722);
#4469=SURFACE_SIDE_STYLE('',(#8723));
#4470=EDGE_LOOP('',(#8724,#8725,#8726,#8727));
#4471=AXIS2_PLACEMENT_3D('',#8728,#8729,#8730);
#4472=SURFACE_SIDE_STYLE('',(#8731));
#4473=EDGE_LOOP('',(#8732,#8733,#8734,#8735,#8736,#8737,#8738,#8739,#8740,#8741,#8742,#8743,#8744));
#4474=AXIS2_PLACEMENT_3D('',#8745,#8746,#8747);
#4475=SURFACE_SIDE_STYLE('',(#8748));
#4476=EDGE_LOOP('',(#8749,#8750,#8751,#8752));
#4477=AXIS2_PLACEMENT_3D('',#8753,#8754,#8755);
#4478=SURFACE_SIDE_STYLE('',(#8756));
#4479=EDGE_LOOP('',(#8757,#8758,#8759,#8760));
#4480=AXIS2_PLACEMENT_3D('',#8761,#8762,#8763);
#4481=SURFACE_SIDE_STYLE('',(#8764));
#4482=EDGE_LOOP('',(#8765,#8766,#8767,#8768));
#4483=AXIS2_PLACEMENT_3D('',#8769,#8770,#8771);
#4484=SURFACE_SIDE_STYLE('',(#8772));
#4485=EDGE_LOOP('',(#8773,#8774,#8775,#8776));
#4486=AXIS2_PLACEMENT_3D('',#8777,#8778,#8779);
#4487=SURFACE_SIDE_STYLE('',(#8780));
#4488=EDGE_LOOP('',(#8781,#8782,#8783,#8784,#8785));
#4489=AXIS2_PLACEMENT_3D('',#8786,#8787,#8788);
#4490=SURFACE_SIDE_STYLE('',(#8789));
#4491=EDGE_LOOP('',(#8790,#8791,#8792,#8793));
#4492=AXIS2_PLACEMENT_3D('',#8794,#8795,#8796);
#4493=SURFACE_SIDE_STYLE('',(#8797));
#4494=EDGE_LOOP('',(#8798,#8799,#8800,#8801,#8802,#8803,#8804,#8805,#8806,#8807,#8808,#8809,#8810,#8811,#8812,#8813,#8814,#8815,#8816,#8817,#8818,#8819,#8820,#8821,#8822,#8823,#8824,#8825,#8826,#8827,#8828,#8829,#8830,#8831,#8832,#8833,#8834,#8835,#8836,#8837,#8838,#8839,#8840,#8841,#8842,#8843,#8844,#8845,#8846,#8847,#8848,#8849,#8850,#8851,#8852,#8853,#8854,#8855,#8856,#8857,#8858,#8859,#8860,#8861,#8862,#8863,#8864,#8865,#8866,#8867,#8868,#8869,#8870,#8871,#8872,#8873,#8874,#8875,#8876,#8877,#8878,#8879,#8880,#8881,#8882,#8883,#8884,#8885,#8886,#8887,#8888,#8889,#8890,#8891,#8892,#8893,#8894,#8895,#8896,#8897,#8898,#8899,#8900,#8901,#8902,#8903,#8904,#8905,#8906,#8907,#8908,#8909,#8910,#8911,#8912,#8913,#8914));
#4495=EDGE_LOOP('',(#8915,#8916,#8917,#8918,#8919,#8920));
#4496=EDGE_LOOP('',(#8921,#8922,#8923,#8924,#8925,#8926,#8927,#8928,#8929,#8930,#8931,#8932,#8933,#8934,#8935,#8936,#8937,#8938,#8939,#8940,#8941));
#4497=EDGE_LOOP('',(#8942,#8943,#8944,#8945,#8946,#8947));
#4498=EDGE_LOOP('',(#8948,#8949,#8950,#8951,#8952,#8953));
#4499=EDGE_LOOP('',(#8954,#8955,#8956,#8957,#8958,#8959));
#4500=EDGE_LOOP('',(#8960,#8961,#8962,#8963,#8964,#8965,#8966));
#4501=EDGE_LOOP('',(#8967,#8968,#8969,#8970,#8971,#8972,#8973));
#4502=EDGE_LOOP('',(#8974,#8975,#8976,#8977));
#4503=EDGE_LOOP('',(#8978,#8979,#8980,#8981));
#4504=EDGE_LOOP('',(#8982,#8983,#8984,#8985,#8986,#8987));
#4505=EDGE_LOOP('',(#8988,#8989,#8990,#8991,#8992,#8993,#8994));
#4506=EDGE_LOOP('',(#8995,#8996,#8997,#8998,#8999,#9000));
#4507=EDGE_LOOP('',(#9001,#9002,#9003,#9004,#9005,#9006,#9007));
#4508=EDGE_LOOP('',(#9008,#9009,#9010,#9011));
#4509=EDGE_LOOP('',(#9012,#9013,#9014,#9015));
#4510=EDGE_LOOP('',(#9016,#9017,#9018,#9019));
#4511=EDGE_LOOP('',(#9020,#9021,#9022,#9023,#9024,#9025));
#4512=EDGE_LOOP('',(#9026,#9027,#9028,#9029,#9030,#9031));
#4513=EDGE_LOOP('',(#9032,#9033,#9034,#9035,#9036,#9037));
#4514=EDGE_LOOP('',(#9038,#9039,#9040,#9041,#9042,#9043));
#4515=EDGE_LOOP('',(#9044,#9045,#9046,#9047,#9048,#9049));
#4516=EDGE_LOOP('',(#9050,#9051,#9052,#9053,#9054,#9055));
#4517=EDGE_LOOP('',(#9056,#9057,#9058,#9059,#9060,#9061));
#4518=EDGE_LOOP('',(#9062,#9063,#9064,#9065,#9066,#9067));
#4519=EDGE_LOOP('',(#9068,#9069,#9070,#9071,#9072,#9073));
#4520=EDGE_LOOP('',(#9074,#9075,#9076,#9077,#9078,#9079));
#4521=EDGE_LOOP('',(#9080,#9081,#9082,#9083,#9084,#9085));
#4522=EDGE_LOOP('',(#9086,#9087,#9088,#9089,#9090,#9091));
#4523=EDGE_LOOP('',(#9092,#9093,#9094,#9095,#9096,#9097));
#4524=EDGE_LOOP('',(#9098,#9099,#9100,#9101,#9102,#9103));
#4525=EDGE_LOOP('',(#9104,#9105,#9106,#9107,#9108,#9109));
#4526=EDGE_LOOP('',(#9110,#9111,#9112,#9113,#9114,#9115));
#4527=EDGE_LOOP('',(#9116,#9117,#9118,#9119,#9120,#9121));
#4528=EDGE_LOOP('',(#9122,#9123,#9124,#9125,#9126,#9127));
#4529=EDGE_LOOP('',(#9128,#9129,#9130,#9131,#9132,#9133));
#4530=EDGE_LOOP('',(#9134,#9135,#9136,#9137,#9138,#9139));
#4531=EDGE_LOOP('',(#9140,#9141,#9142,#9143,#9144,#9145));
#4532=EDGE_LOOP('',(#9146,#9147,#9148,#9149,#9150,#9151));
#4533=EDGE_LOOP('',(#9152,#9153,#9154,#9155,#9156,#9157));
#4534=EDGE_LOOP('',(#9158,#9159,#9160,#9161,#9162,#9163));
#4535=EDGE_LOOP('',(#9164,#9165,#9166,#9167,#9168,#9169));
#4536=EDGE_LOOP('',(#9170,#9171,#9172,#9173,#9174,#9175));
#4537=EDGE_LOOP('',(#9176,#9177,#9178,#9179,#9180,#9181));
#4538=EDGE_LOOP('',(#9182,#9183,#9184,#9185,#9186,#9187));
#4539=EDGE_LOOP('',(#9188,#9189,#9190,#9191,#9192,#9193));
#4540=AXIS2_PLACEMENT_3D('',#9194,#9195,#9196);
#4541=SURFACE_SIDE_STYLE('',(#9197));
#4542=EDGE_LOOP('',(#9198,#9199,#9200,#9201));
#4543=AXIS2_PLACEMENT_3D('',#9202,#9203,#9204);
#4544=SURFACE_SIDE_STYLE('',(#9205));
#4545=EDGE_LOOP('',(#9206,#9207,#9208,#9209));
#4546=AXIS2_PLACEMENT_3D('',#9210,#9211,#9212);
#4547=SURFACE_SIDE_STYLE('',(#9213));
#4548=EDGE_LOOP('',(#9214,#9215,#9216,#9217));
#4549=AXIS2_PLACEMENT_3D('',#9218,#9219,#9220);
#4550=SURFACE_SIDE_STYLE('',(#9221));
#4551=EDGE_LOOP('',(#9222,#9223,#9224,#9225));
#4552=AXIS2_PLACEMENT_3D('',#9226,#9227,#9228);
#4553=SURFACE_SIDE_STYLE('',(#9229));
#4554=EDGE_LOOP('',(#9230,#9231,#9232,#9233));
#4555=AXIS2_PLACEMENT_3D('',#9234,#9235,#9236);
#4556=SURFACE_SIDE_STYLE('',(#9237));
#4557=EDGE_LOOP('',(#9238,#9239,#9240,#9241));
#4558=AXIS2_PLACEMENT_3D('',#9242,#9243,#9244);
#4559=SURFACE_SIDE_STYLE('',(#9245));
#4560=EDGE_LOOP('',(#9246,#9247,#9248,#9249));
#4561=AXIS2_PLACEMENT_3D('',#9250,#9251,#9252);
#4562=SURFACE_SIDE_STYLE('',(#9253));
#4563=EDGE_LOOP('',(#9254,#9255,#9256,#9257));
#4564=AXIS2_PLACEMENT_3D('',#9258,#9259,#9260);
#4565=SURFACE_SIDE_STYLE('',(#9261));
#4566=EDGE_LOOP('',(#9262,#9263,#9264,#9265));
#4567=AXIS2_PLACEMENT_3D('',#9266,#9267,#9268);
#4568=SURFACE_SIDE_STYLE('',(#9269));
#4569=EDGE_LOOP('',(#9270,#9271,#9272,#9273));
#4570=AXIS2_PLACEMENT_3D('',#9274,#9275,#9276);
#4571=SURFACE_SIDE_STYLE('',(#9277));
#4572=EDGE_LOOP('',(#9278,#9279,#9280,#9281));
#4573=AXIS2_PLACEMENT_3D('',#9282,#9283,#9284);
#4574=SURFACE_SIDE_STYLE('',(#9285));
#4575=EDGE_LOOP('',(#9286,#9287,#9288,#9289));
#4576=AXIS2_PLACEMENT_3D('',#9290,#9291,#9292);
#4577=SURFACE_SIDE_STYLE('',(#9293));
#4578=EDGE_LOOP('',(#9294,#9295,#9296,#9297));
#4579=AXIS2_PLACEMENT_3D('',#9298,#9299,#9300);
#4580=SURFACE_SIDE_STYLE('',(#9301));
#4581=EDGE_LOOP('',(#9302,#9303,#9304,#9305));
#4582=AXIS2_PLACEMENT_3D('',#9306,#9307,#9308);
#4583=SURFACE_SIDE_STYLE('',(#9309));
#4584=EDGE_LOOP('',(#9310,#9311,#9312,#9313));
#4585=EDGE_LOOP('',(#9314,#9315,#9316,#9317));
#4586=AXIS2_PLACEMENT_3D('',#9318,#9319,#9320);
#4587=SURFACE_SIDE_STYLE('',(#9321));
#4588=EDGE_LOOP('',(#9322,#9323,#9324,#9325));
#4589=AXIS2_PLACEMENT_3D('',#9326,#9327,#9328);
#4590=SURFACE_SIDE_STYLE('',(#9329));
#4591=EDGE_LOOP('',(#9330,#9331,#9332,#9333));
#4592=AXIS2_PLACEMENT_3D('',#9334,#9335,#9336);
#4593=SURFACE_SIDE_STYLE('',(#9337));
#4594=EDGE_LOOP('',(#9338,#9339,#9340,#9341));
#4595=AXIS2_PLACEMENT_3D('',#9342,#9343,#9344);
#4596=SURFACE_SIDE_STYLE('',(#9345));
#4597=EDGE_LOOP('',(#9346,#9347,#9348,#9349));
#4598=AXIS2_PLACEMENT_3D('',#9350,#9351,#9352);
#4599=SURFACE_SIDE_STYLE('',(#9353));
#4600=EDGE_LOOP('',(#9354,#9355,#9356,#9357,#9358));
#4601=AXIS2_PLACEMENT_3D('',#9359,#9360,#9361);
#4602=SURFACE_SIDE_STYLE('',(#9362));
#4603=EDGE_LOOP('',(#9363,#9364,#9365,#9366));
#4604=AXIS2_PLACEMENT_3D('',#9367,#9368,#9369);
#4605=SURFACE_SIDE_STYLE('',(#9370));
#4606=EDGE_LOOP('',(#9371,#9372,#9373,#9374));
#4607=AXIS2_PLACEMENT_3D('',#9375,#9376,#9377);
#4608=SURFACE_SIDE_STYLE('',(#9378));
#4609=EDGE_LOOP('',(#9379,#9380,#9381,#9382));
#4610=AXIS2_PLACEMENT_3D('',#9383,#9384,#9385);
#4611=SURFACE_SIDE_STYLE('',(#9386));
#4612=EDGE_LOOP('',(#9387,#9388,#9389,#9390));
#4613=AXIS2_PLACEMENT_3D('',#9391,#9392,#9393);
#4614=SURFACE_SIDE_STYLE('',(#9394));
#4615=EDGE_LOOP('',(#9395,#9396,#9397,#9398));
#4616=AXIS2_PLACEMENT_3D('',#9399,#9400,#9401);
#4617=SURFACE_SIDE_STYLE('',(#9402));
#4618=EDGE_LOOP('',(#9403,#9404,#9405,#9406));
#4619=AXIS2_PLACEMENT_3D('',#9407,#9408,#9409);
#4620=SURFACE_SIDE_STYLE('',(#9410));
#4621=EDGE_LOOP('',(#9411,#9412,#9413,#9414));
#4622=AXIS2_PLACEMENT_3D('',#9415,#9416,#9417);
#4623=SURFACE_SIDE_STYLE('',(#9418));
#4624=EDGE_LOOP('',(#9419,#9420,#9421,#9422));
#4625=AXIS2_PLACEMENT_3D('',#9423,#9424,#9425);
#4626=SURFACE_SIDE_STYLE('',(#9426));
#4627=EDGE_LOOP('',(#9427,#9428,#9429,#9430));
#4628=AXIS2_PLACEMENT_3D('',#9431,#9432,#9433);
#4629=SURFACE_SIDE_STYLE('',(#9434));
#4630=EDGE_LOOP('',(#9435,#9436,#9437,#9438));
#4631=AXIS2_PLACEMENT_3D('',#9439,#9440,#9441);
#4632=SURFACE_SIDE_STYLE('',(#9442));
#4633=EDGE_LOOP('',(#9443,#9444,#9445,#9446));
#4634=AXIS2_PLACEMENT_3D('',#9447,#9448,#9449);
#4635=SURFACE_SIDE_STYLE('',(#9450));
#4636=EDGE_LOOP('',(#9451,#9452,#9453,#9454));
#4637=AXIS2_PLACEMENT_3D('',#9455,#9456,#9457);
#4638=SURFACE_SIDE_STYLE('',(#9458));
#4639=EDGE_LOOP('',(#9459,#9460,#9461,#9462));
#4640=AXIS2_PLACEMENT_3D('',#9463,#9464,#9465);
#4641=SURFACE_SIDE_STYLE('',(#9466));
#4642=EDGE_LOOP('',(#9467,#9468,#9469,#9470));
#4643=AXIS2_PLACEMENT_3D('',#9471,#9472,#9473);
#4644=SURFACE_SIDE_STYLE('',(#9474));
#4645=EDGE_LOOP('',(#9475,#9476,#9477,#9478));
#4646=AXIS2_PLACEMENT_3D('',#9479,#9480,#9481);
#4647=SURFACE_SIDE_STYLE('',(#9482));
#4648=EDGE_LOOP('',(#9483,#9484,#9485,#9486));
#4649=AXIS2_PLACEMENT_3D('',#9487,#9488,#9489);
#4650=SURFACE_SIDE_STYLE('',(#9490));
#4651=EDGE_LOOP('',(#9491,#9492,#9493,#9494));
#4652=AXIS2_PLACEMENT_3D('',#9495,#9496,#9497);
#4653=SURFACE_SIDE_STYLE('',(#9498));
#4654=EDGE_LOOP('',(#9499,#9500,#9501,#9502,#9503));
#4655=AXIS2_PLACEMENT_3D('',#9504,#9505,#9506);
#4656=SURFACE_SIDE_STYLE('',(#9507));
#4657=EDGE_LOOP('',(#9508,#9509,#9510,#9511));
#4658=AXIS2_PLACEMENT_3D('',#9512,#9513,#9514);
#4659=SURFACE_SIDE_STYLE('',(#9515));
#4660=EDGE_LOOP('',(#9516,#9517,#9518,#9519));
#4661=AXIS2_PLACEMENT_3D('',#9520,#9521,#9522);
#4662=SURFACE_SIDE_STYLE('',(#9523));
#4663=EDGE_LOOP('',(#9524,#9525,#9526,#9527));
#4664=AXIS2_PLACEMENT_3D('',#9528,#9529,#9530);
#4665=SURFACE_SIDE_STYLE('',(#9531));
#4666=EDGE_LOOP('',(#9532,#9533,#9534,#9535));
#4667=AXIS2_PLACEMENT_3D('',#9536,#9537,#9538);
#4668=SURFACE_SIDE_STYLE('',(#9539));
#4669=EDGE_LOOP('',(#9540,#9541,#9542,#9543));
#4670=AXIS2_PLACEMENT_3D('',#9544,#9545,#9546);
#4671=SURFACE_SIDE_STYLE('',(#9547));
#4672=EDGE_LOOP('',(#9548,#9549,#9550,#9551));
#4673=EDGE_LOOP('',(#9552,#9553,#9554,#9555));
#4674=AXIS2_PLACEMENT_3D('',#9556,#9557,#9558);
#4676=SURFACE_STYLE_FILL_AREA(#9559);
#4677=ORIENTED_EDGE('',*,*,#9560,.T.);
#4678=ORIENTED_EDGE('',*,*,#9561,.T.);
#4679=ORIENTED_EDGE('',*,*,#9562,.F.);
#4680=ORIENTED_EDGE('',*,*,#9563,.T.);
#4681=CARTESIAN_POINT('',(-0.913240080612727,-2.212496456314,-0.812637547112117));
#4682=DIRECTION('',(6.12303176911189E-017,0.0,-1.0));
#4683=DIRECTION('',(0.0,-1.0,0.0));
#4684=SURFACE_STYLE_FILL_AREA(#9564);
#4685=ORIENTED_EDGE('',*,*,#9565,.F.);
#4686=ORIENTED_EDGE('',*,*,#9566,.F.);
#4687=ORIENTED_EDGE('',*,*,#9567,.F.);
#4688=ORIENTED_EDGE('',*,*,#9568,.T.);
#4689=CARTESIAN_POINT('',(-0.608828631495843,-2.212496456314,1.3933550629686));
#4690=DIRECTION('',(-6.12303176911189E-017,-0.0,-1.0));
#4691=DIRECTION('',(0.0,-1.0,0.0));
#4692=SURFACE_STYLE_FILL_AREA(#9569);
#4693=ORIENTED_EDGE('',*,*,#9570,.T.);
#4694=ORIENTED_EDGE('',*,*,#9571,.F.);
#4695=ORIENTED_EDGE('',*,*,#9572,.F.);
#4696=ORIENTED_EDGE('',*,*,#9573,.F.);
#4697=CARTESIAN_POINT('',(-1.41734177512098,-2.34241816284986,-1.21480815707676));
#4698=DIRECTION('',(-0.0,1.0,0.0));
#4699=DIRECTION('',(-0.707106781186547,0.0,-0.707106781186547));
#4700=SURFACE_STYLE_FILL_AREA(#9574);
#4701=ORIENTED_EDGE('',*,*,#9575,.F.);
#4702=ORIENTED_EDGE('',*,*,#9576,.T.);
#4703=ORIENTED_EDGE('',*,*,#9577,.F.);
#4704=ORIENTED_EDGE('',*,*,#9578,.F.);
#4705=CARTESIAN_POINT('',(-1.33576176595008,-2.28297494032764,1.32518008867656));
#4706=DIRECTION('',(0.866025403784439,0.0,-0.499999999999999));
#4707=DIRECTION('',(0.0,1.0,0.0));
#4708=SURFACE_STYLE_FILL_AREA(#9579);
#4709=ORIENTED_EDGE('',*,*,#9580,.F.);
#4710=ORIENTED_EDGE('',*,*,#9581,.F.);
#4711=ORIENTED_EDGE('',*,*,#9582,.F.);
#4712=ORIENTED_EDGE('',*,*,#9583,.T.);
#4713=CARTESIAN_POINT('',(-0.304417182378957,-2.212496456314,0.944839124172803));
#4714=DIRECTION('',(6.12303176911189E-017,-0.0,1.0));
#4715=DIRECTION('',(0.0,1.0,0.0));
#4716=SURFACE_STYLE_FILL_AREA(#9584);
#4717=ORIENTED_EDGE('',*,*,#9585,.F.);
#4718=ORIENTED_EDGE('',*,*,#9586,.F.);
#4719=ORIENTED_EDGE('',*,*,#9587,.F.);
#4720=ORIENTED_EDGE('',*,*,#9588,.T.);
#4721=CARTESIAN_POINT('',(-0.913240080612727,-2.212496456314,1.56910709506064));
#4722=DIRECTION('',(-6.12303176911189E-017,-0.0,-1.0));
#4723=DIRECTION('',(0.0,-1.0,0.0));
#4724=SURFACE_STYLE_FILL_AREA(#9589);
#4725=ORIENTED_EDGE('',*,*,#9590,.F.);
#4726=ORIENTED_EDGE('',*,*,#9591,.F.);
#4727=ORIENTED_EDGE('',*,*,#9592,.F.);
#4728=ORIENTED_EDGE('',*,*,#9593,.T.);
#4729=CARTESIAN_POINT('',(0.18628415389628,-2.212496456314,0.446409471832567));
#4730=DIRECTION('',(0.866025403784439,0.0,-0.499999999999999));
#4731=DIRECTION('',(0.0,1.0,0.0));
#4732=SURFACE_STYLE_FILL_AREA(#9594);
#4733=ORIENTED_EDGE('',*,*,#9595,.F.);
#4734=ORIENTED_EDGE('',*,*,#9596,.T.);
#4735=ORIENTED_EDGE('',*,*,#9597,.T.);
#4736=ORIENTED_EDGE('',*,*,#9598,.F.);
#4737=ORIENTED_EDGE('',*,*,#9599,.T.);
#4738=CARTESIAN_POINT('',(-1.55516727545887,-2.40934729670813,1.46996126793106));
#4739=DIRECTION('',(-0.258612901498634,0.0,0.965981038726153));
#4740=DIRECTION('',(0.965981038726153,0.0,0.258612901498634));
#4741=SURFACE_STYLE_FILL_AREA(#9600);
#4742=ORIENTED_EDGE('',*,*,#9601,.F.);
#4743=ORIENTED_EDGE('',*,*,#9602,.F.);
#4744=ORIENTED_EDGE('',*,*,#9603,.F.);
#4745=ORIENTED_EDGE('',*,*,#9604,.T.);
#4746=CARTESIAN_POINT('',(-5.73326207131827E-006,-2.212496456314,0.41759102908864));
#4747=DIRECTION('',(6.12303176911189E-017,-0.0,1.0));
#4748=DIRECTION('',(0.0,1.0,0.0));
#4749=SURFACE_STYLE_FILL_AREA(#9605);
#4750=ORIENTED_EDGE('',*,*,#9606,.T.);
#4751=ORIENTED_EDGE('',*,*,#9607,.T.);
#4752=ORIENTED_EDGE('',*,*,#9608,.T.);
#4753=ORIENTED_EDGE('',*,*,#9609,.T.);
#4754=ORIENTED_EDGE('',*,*,#9610,.T.);
#4755=CARTESIAN_POINT('',(-1.03631432041918,-2.69871692875494,-0.203893459241792));
#4756=DIRECTION('',(0.0,1.0,-0.0));
#4757=DIRECTION('',(-1.0,0.0,-2.55011607588448E-016));
#4758=SURFACE_STYLE_FILL_AREA(#9611);
#4759=ORIENTED_EDGE('',*,*,#9612,.T.);
#4760=ORIENTED_EDGE('',*,*,#9613,.F.);
#4761=ORIENTED_EDGE('',*,*,#9596,.F.);
#4762=ORIENTED_EDGE('',*,*,#9614,.F.);
#4763=ORIENTED_EDGE('',*,*,#9615,.F.);
#4764=CARTESIAN_POINT('',(-1.39763491184455,-2.40934729670813,1.60009664443327));
#4765=DIRECTION('',(0.0,1.0,0.0));
#4766=DIRECTION('',(-1.0,0.0,0.0));
#4767=SURFACE_STYLE_FILL_AREA(#9616);
#4768=ORIENTED_EDGE('',*,*,#9617,.F.);
#4769=ORIENTED_EDGE('',*,*,#9618,.F.);
#4770=ORIENTED_EDGE('',*,*,#9619,.F.);
#4771=ORIENTED_EDGE('',*,*,#9620,.T.);
#4772=CARTESIAN_POINT('',(-0.186306946158485,-2.212496456314,0.310037974864492));
#4773=DIRECTION('',(-0.866025403784439,0.0,0.499999999999999));
#4774=DIRECTION('',(0.0,-1.0,0.0));
#4775=SURFACE_STYLE_FILL_AREA(#9621);
#4776=ORIENTED_EDGE('',*,*,#9622,.T.);
#4777=ORIENTED_EDGE('',*,*,#9623,.T.);
#4778=ORIENTED_EDGE('',*,*,#9624,.T.);
#4779=ORIENTED_EDGE('',*,*,#9625,.T.);
#4780=CARTESIAN_POINT('',(-0.42252741859943,-2.212496456314,-1.09593463223635));
#4781=DIRECTION('',(-0.866025403784439,0.0,-0.499999999999999));
#4782=DIRECTION('',(0.0,1.0,0.0));
#4783=SURFACE_STYLE_FILL_AREA(#9626);
#4784=ORIENTED_EDGE('',*,*,#9627,.F.);
#4785=ORIENTED_EDGE('',*,*,#9628,.F.);
#4786=ORIENTED_EDGE('',*,*,#9629,.F.);
#4787=ORIENTED_EDGE('',*,*,#9630,.T.);
#4788=CARTESIAN_POINT('',(1.09951850124694,-2.212496456314,0.485763548188826));
#4789=DIRECTION('',(0.86602540378444,-0.0,0.499999999999999));
#4790=DIRECTION('',(0.0,1.0,0.0));
#4791=SURFACE_STYLE_FILL_AREA(#9631);
#4792=ORIENTED_EDGE('',*,*,#9632,.T.);
#4793=ORIENTED_EDGE('',*,*,#9633,.F.);
#4794=ORIENTED_EDGE('',*,*,#9634,.T.);
#4795=ORIENTED_EDGE('',*,*,#9635,.F.);
#4796=CARTESIAN_POINT('',(1.33573897368788,-2.212496456314,0.270649438548581));
#4797=DIRECTION('',(-0.86602540378444,-0.0,-0.499999999999998));
#4798=DIRECTION('',(0.0,-1.0,0.0));
#4799=SURFACE_STYLE_FILL_AREA(#9636);
#4800=ORIENTED_EDGE('',*,*,#9637,.T.);
#4801=ORIENTED_EDGE('',*,*,#9638,.F.);
#4802=ORIENTED_EDGE('',*,*,#9639,.T.);
#4803=ORIENTED_EDGE('',*,*,#9640,.T.);
#4804=CARTESIAN_POINT('',(-1.33576176595008,-2.212496456314,0.134289586448165));
#4805=DIRECTION('',(-0.866025403784439,0.0,-0.499999999999999));
#4806=DIRECTION('',(0.0,1.0,0.0));
#4807=SURFACE_STYLE_FILL_AREA(#9641);
#4808=ORIENTED_EDGE('',*,*,#9642,.F.);
#4809=ORIENTED_EDGE('',*,*,#9643,.F.);
#4810=ORIENTED_EDGE('',*,*,#9644,.F.);
#4811=ORIENTED_EDGE('',*,*,#9645,.F.);
#4812=ORIENTED_EDGE('',*,*,#9597,.F.);
#4813=ORIENTED_EDGE('',*,*,#9613,.T.);
#4814=ORIENTED_EDGE('',*,*,#9646,.T.);
#4815=ORIENTED_EDGE('',*,*,#9647,.F.);
#4816=ORIENTED_EDGE('',*,*,#9648,.F.);
#4817=ORIENTED_EDGE('',*,*,#9649,.F.);
#4818=CARTESIAN_POINT('',(-1.39763491184455,-2.3502921785979,1.60009664443327));
#4819=DIRECTION('',(0.0,1.0,0.0));
#4820=DIRECTION('',(0.0,0.0,1.0));
#4821=SURFACE_STYLE_FILL_AREA(#9650);
#4822=ORIENTED_EDGE('',*,*,#9651,.T.);
#4823=ORIENTED_EDGE('',*,*,#9652,.T.);
#4824=ORIENTED_EDGE('',*,*,#9653,.T.);
#4825=ORIENTED_EDGE('',*,*,#9654,.T.);
#4826=CARTESIAN_POINT('',(0.653033028684926,-2.48218149568407,-0.443825367751269));
#4827=DIRECTION('',(-0.0,-0.707106781186548,-0.707106781186547));
#4828=DIRECTION('',(-1.0,0.0,0.0));
#4829=SURFACE_STYLE_FILL_AREA(#9655);
#4830=ORIENTED_EDGE('',*,*,#9656,.T.);
#4831=ORIENTED_EDGE('',*,*,#9657,.T.);
#4832=ORIENTED_EDGE('',*,*,#9658,.T.);
#4833=ORIENTED_EDGE('',*,*,#9659,.F.);
#4834=CARTESIAN_POINT('',(-1.39763491184455,-1.89753582639274,-1.19512315947687));
#4835=DIRECTION('',(-0.0,1.0,0.0));
#4836=DIRECTION('',(1.0,0.0,0.0));
#4837=SURFACE_STYLE_FILL_AREA(#9660);
#4838=ORIENTED_EDGE('',*,*,#9661,.F.);
#4839=ORIENTED_EDGE('',*,*,#9662,.T.);
#4840=ORIENTED_EDGE('',*,*,#9663,.F.);
#4841=ORIENTED_EDGE('',*,*,#9664,.F.);
#4842=CARTESIAN_POINT('',(-0.985684714166124,-2.40153548557597,-1.20922375153538));
#4843=DIRECTION('',(0.182819460278233,0.707261526329201,0.682904223385728));
#4844=DIRECTION('',(0.966012148671038,-0.000109390207819597,-0.258496647277576));
#4845=SURFACE_STYLE_FILL_AREA(#9665);
#4846=ORIENTED_EDGE('',*,*,#9666,.T.);
#4847=ORIENTED_EDGE('',*,*,#9667,.T.);
#4848=ORIENTED_EDGE('',*,*,#9668,.T.);
#4849=ORIENTED_EDGE('',*,*,#9669,.T.);
#4850=CARTESIAN_POINT('',(0.304394390116753,-2.212496456314,-0.891351245824727));
#4851=DIRECTION('',(-6.12303176911189E-017,0.0,1.0));
#4852=DIRECTION('',(0.0,1.0,0.0));
#4853=SURFACE_STYLE_FILL_AREA(#9670);
#4854=ORIENTED_EDGE('',*,*,#9671,.T.);
#4855=ORIENTED_EDGE('',*,*,#9672,.T.);
#4856=ORIENTED_EDGE('',*,*,#9673,.T.);
#4857=ORIENTED_EDGE('',*,*,#9674,.T.);
#4858=CARTESIAN_POINT('',(-0.118115969482544,-2.212496456314,-0.432304583800309));
#4859=DIRECTION('',(-0.86602540378444,0.0,0.499999999999999));
#4860=DIRECTION('',(0.0,1.0,0.0));
#4861=SURFACE_STYLE_FILL_AREA(#9675);
#4862=ORIENTED_EDGE('',*,*,#9676,.F.);
#4863=ORIENTED_EDGE('',*,*,#9677,.F.);
#4864=ORIENTED_EDGE('',*,*,#9678,.F.);
#4865=ORIENTED_EDGE('',*,*,#9679,.T.);
#4866=CARTESIAN_POINT('',(-5.73326207130851E-006,-2.212496456314,0.338858872800275));
#4867=DIRECTION('',(-6.12303176911189E-017,-0.0,-1.0));
#4868=DIRECTION('',(0.0,-1.0,0.0));
#4869=SURFACE_STYLE_FILL_AREA(#9680);
#4870=ORIENTED_EDGE('',*,*,#9610,.F.);
#4871=ORIENTED_EDGE('',*,*,#9681,.F.);
#4872=ORIENTED_EDGE('',*,*,#9682,.F.);
#4873=ORIENTED_EDGE('',*,*,#9683,.F.);
#4874=ORIENTED_EDGE('',*,*,#9684,.F.);
#4875=ORIENTED_EDGE('',*,*,#9685,.F.);
#4876=ORIENTED_EDGE('',*,*,#9686,.F.);
#4877=ORIENTED_EDGE('',*,*,#9687,.F.);
#4878=ORIENTED_EDGE('',*,*,#9688,.F.);
#4879=ORIENTED_EDGE('',*,*,#9689,.F.);
#4880=ORIENTED_EDGE('',*,*,#9690,.F.);
#4881=ORIENTED_EDGE('',*,*,#9691,.F.);
#4882=CARTESIAN_POINT('',(0.492139848880697,-2.70462244056597,-0.203893462066433));
#4883=DIRECTION('',(0.0,1.0,0.0));
#4884=DIRECTION('',(-1.0,0.0,0.0));
#4885=SURFACE_STYLE_FILL_AREA(#9692);
#4886=ORIENTED_EDGE('',*,*,#9693,.T.);
#4887=ORIENTED_EDGE('',*,*,#9694,.F.);
#4888=ORIENTED_EDGE('',*,*,#9695,.T.);
#4889=ORIENTED_EDGE('',*,*,#9696,.T.);
#4890=CARTESIAN_POINT('',(1.33573897368788,-2.212496456314,-0.21717201658431));
#4891=DIRECTION('',(0.86602540378444,0.0,-0.499999999999998));
#4892=DIRECTION('',(0.0,-1.0,0.0));
#4893=SURFACE_STYLE_FILL_AREA(#9697);
#4894=ORIENTED_EDGE('',*,*,#9698,.T.);
#4895=ORIENTED_EDGE('',*,*,#9699,.T.);
#4896=ORIENTED_EDGE('',*,*,#9700,.T.);
#4897=ORIENTED_EDGE('',*,*,#9701,.T.);
#4898=CARTESIAN_POINT('',(0.913217288350523,-2.212496456314,-0.812611088344414));
#4899=DIRECTION('',(6.12303176911189E-017,0.0,-1.0));
#4900=DIRECTION('',(0.0,-1.0,0.0));
#4901=SURFACE_STYLE_FILL_AREA(#9702);
#4902=ORIENTED_EDGE('',*,*,#9703,.T.);
#4903=ORIENTED_EDGE('',*,*,#9704,.F.);
#4904=ORIENTED_EDGE('',*,*,#9705,.T.);
#4905=ORIENTED_EDGE('',*,*,#9706,.F.);
#4906=CARTESIAN_POINT('',(-5.73326207131686E-006,-2.35029173190455,1.60011870906162));
#4907=DIRECTION('',(0.0,0.0,1.0));
#4908=DIRECTION('',(1.0,0.0,0.0));
#4909=SURFACE_STYLE_FILL_AREA(#9707);
#4910=ORIENTED_EDGE('',*,*,#9708,.F.);
#4911=ORIENTED_EDGE('',*,*,#9709,.F.);
#4912=ORIENTED_EDGE('',*,*,#9710,.F.);
#4913=ORIENTED_EDGE('',*,*,#9711,.T.);
#4914=CARTESIAN_POINT('',(1.031327524571,-2.212496456314,0.797897533632745));
#4915=DIRECTION('',(-0.86602540378444,-0.0,-0.499999999999998));
#4916=DIRECTION('',(0.0,-1.0,0.0));
#4917=SURFACE_STYLE_FILL_AREA(#9712);
#4918=ORIENTED_EDGE('',*,*,#9713,.T.);
#4919=ORIENTED_EDGE('',*,*,#9714,.F.);
#4920=ORIENTED_EDGE('',*,*,#9715,.F.);
#4921=ORIENTED_EDGE('',*,*,#9716,.F.);
#4922=ORIENTED_EDGE('',*,*,#9717,.F.);
#4923=CARTESIAN_POINT('',(1.39762925168516,-2.40934729670813,1.60011870906162));
#4924=DIRECTION('',(0.0,1.0,0.0));
#4925=DIRECTION('',(-1.0,0.0,0.0));
#4926=SURFACE_STYLE_FILL_AREA(#9718);
#4927=ORIENTED_EDGE('',*,*,#9719,.T.);
#4928=ORIENTED_EDGE('',*,*,#9720,.T.);
#4929=ORIENTED_EDGE('',*,*,#9721,.T.);
#4930=ORIENTED_EDGE('',*,*,#9722,.F.);
#4931=ORIENTED_EDGE('',*,*,#9723,.T.);
#4932=ORIENTED_EDGE('',*,*,#9724,.F.);
#4933=CARTESIAN_POINT('',(0.108276755440996,-2.49399251930612,-0.427479851371192));
#4934=DIRECTION('',(8.65927457071936E-017,-0.707106781186548,-0.707106781186548));
#4935=DIRECTION('',(-1.0,0.0,-1.22460635382238E-016));
#4936=SURFACE_STYLE_FILL_AREA(#9725);
#4937=ORIENTED_EDGE('',*,*,#9726,.F.);
#4938=ORIENTED_EDGE('',*,*,#9727,.F.);
#4939=ORIENTED_EDGE('',*,*,#9728,.F.);
#4940=ORIENTED_EDGE('',*,*,#9729,.T.);
#4941=CARTESIAN_POINT('',(1.33573897368788,-2.212496456314,0.837259611180952));
#4942=DIRECTION('',(-0.866025403784439,0.0,0.499999999999999));
#4943=DIRECTION('',(0.0,-1.0,0.0));
#4944=SURFACE_STYLE_FILL_AREA(#9730);
#4945=ORIENTED_EDGE('',*,*,#9731,.T.);
#4946=ORIENTED_EDGE('',*,*,#9732,.F.);
#4947=ORIENTED_EDGE('',*,*,#9733,.T.);
#4948=ORIENTED_EDGE('',*,*,#9734,.T.);
#4949=CARTESIAN_POINT('',(-0.608828631495843,-2.212496456314,0.0661066109641742));
#4950=DIRECTION('',(6.12303176911189E-017,0.0,-1.0));
#4951=DIRECTION('',(0.0,-1.0,0.0));
#4952=SURFACE_STYLE_FILL_AREA(#9735);
#4953=ORIENTED_EDGE('',*,*,#9736,.T.);
#4954=ORIENTED_EDGE('',*,*,#9737,.F.);
#4955=ORIENTED_EDGE('',*,*,#9738,.T.);
#4956=ORIENTED_EDGE('',*,*,#9739,.T.);
#4957=CARTESIAN_POINT('',(1.33573897368788,-2.212496456314,-0.568668079576435));
#4958=DIRECTION('',(0.86602540378444,0.0,-0.499999999999998));
#4959=DIRECTION('',(0.0,-1.0,0.0));
#4960=SURFACE_STYLE_FILL_AREA(#9740);
#4961=ORIENTED_EDGE('',*,*,#9741,.F.);
#4962=ORIENTED_EDGE('',*,*,#9742,.F.);
#4963=ORIENTED_EDGE('',*,*,#9743,.F.);
#4964=ORIENTED_EDGE('',*,*,#9586,.T.);
#4965=CARTESIAN_POINT('',(-0.795129844392255,-2.212496456314,1.5009161183847));
#4966=DIRECTION('',(-0.86602540378444,-0.0,-0.499999999999998));
#4967=DIRECTION('',(0.0,-1.0,0.0));
#4968=SURFACE_STYLE_FILL_AREA(#9744);
#4969=ORIENTED_EDGE('',*,*,#9745,.F.);
#4970=ORIENTED_EDGE('',*,*,#9746,.F.);
#4971=ORIENTED_EDGE('',*,*,#9747,.F.);
#4972=ORIENTED_EDGE('',*,*,#9748,.T.);
#4973=CARTESIAN_POINT('',(1.031327524571,-2.212496456314,1.500889659617));
#4974=DIRECTION('',(-0.86602540378444,-0.0,-0.499999999999998));
#4975=DIRECTION('',(0.0,-1.0,0.0));
#4976=SURFACE_STYLE_FILL_AREA(#9749);
#4977=ORIENTED_EDGE('',*,*,#9750,.T.);
#4978=ORIENTED_EDGE('',*,*,#9751,.F.);
#4979=ORIENTED_EDGE('',*,*,#9752,.T.);
#4980=ORIENTED_EDGE('',*,*,#9753,.F.);
#4981=CARTESIAN_POINT('',(-0.490718395275371,-2.212496456314,0.270675897316283));
#4982=DIRECTION('',(-0.86602540378444,-0.0,-0.499999999999998));
#4983=DIRECTION('',(0.0,-1.0,0.0));
#4984=SURFACE_STYLE_FILL_AREA(#9754);
#4985=ORIENTED_EDGE('',*,*,#9755,.T.);
#4986=ORIENTED_EDGE('',*,*,#9756,.T.);
#4987=ORIENTED_EDGE('',*,*,#9595,.T.);
#4988=ORIENTED_EDGE('',*,*,#9757,.F.);
#4989=CARTESIAN_POINT('',(-0.985684714166124,-2.40153548557597,1.61419723649177));
#4990=DIRECTION('',(-0.182819460278233,-0.707261526329201,0.682904223385728));
#4991=DIRECTION('',(0.966012148671038,-0.000109390207819597,0.258496647277576));
#4992=SURFACE_STYLE_FILL_AREA(#9758);
#4993=ORIENTED_EDGE('',*,*,#9759,.F.);
#4994=ORIENTED_EDGE('',*,*,#9760,.F.);
#4995=ORIENTED_EDGE('',*,*,#9761,.F.);
#4996=ORIENTED_EDGE('',*,*,#9762,.T.);
#4997=CARTESIAN_POINT('',(-1.33576176595008,-2.212496456314,0.837294071140605));
#4998=DIRECTION('',(0.86602540378444,-0.0,0.499999999999999));
#4999=DIRECTION('',(0.0,1.0,0.0));
#5000=SURFACE_STYLE_FILL_AREA(#9763);
#5001=ORIENTED_EDGE('',*,*,#9764,.F.);
#5002=ORIENTED_EDGE('',*,*,#9765,.F.);
#5003=ORIENTED_EDGE('',*,*,#9766,.F.);
#5004=ORIENTED_EDGE('',*,*,#9767,.T.);
#5005=CARTESIAN_POINT('',(0.422504626337225,-2.212496456314,0.310027518480687));
#5006=DIRECTION('',(-0.866025403784439,0.0,0.499999999999999));
#5007=DIRECTION('',(0.0,-1.0,0.0));
#5008=SURFACE_STYLE_FILL_AREA(#9768);
#5009=ORIENTED_EDGE('',*,*,#9769,.T.);
#5010=ORIENTED_EDGE('',*,*,#9770,.F.);
#5011=ORIENTED_EDGE('',*,*,#9771,.T.);
#5012=ORIENTED_EDGE('',*,*,#9772,.F.);
#5013=CARTESIAN_POINT('',(0.726916075454111,-2.212496456314,0.270657439740531));
#5014=DIRECTION('',(-0.86602540378444,-0.0,-0.499999999999998));
#5015=DIRECTION('',(0.0,-1.0,0.0));
#5016=SURFACE_STYLE_FILL_AREA(#9773);
#5017=ORIENTED_EDGE('',*,*,#9774,.T.);
#5018=ORIENTED_EDGE('',*,*,#9607,.F.);
#5019=ORIENTED_EDGE('',*,*,#9775,.F.);
#5020=ORIENTED_EDGE('',*,*,#9776,.T.);
#5021=ORIENTED_EDGE('',*,*,#9777,.T.);
#5022=ORIENTED_EDGE('',*,*,#9778,.F.);
#5023=ORIENTED_EDGE('',*,*,#9779,.F.);
#5024=ORIENTED_EDGE('',*,*,#9780,.F.);
#5025=ORIENTED_EDGE('',*,*,#9781,.T.);
#5026=ORIENTED_EDGE('',*,*,#9782,.F.);
#5027=ORIENTED_EDGE('',*,*,#9783,.F.);
#5028=CARTESIAN_POINT('',(-1.03631432041918,-1.5441483618645,-0.203893459241792));
#5029=DIRECTION('',(0.0,-1.0,-0.0));
#5030=DIRECTION('',(-0.707106781186547,0.0,-0.707106781186548));
#5031=SURFACE_STYLE_FILL_AREA(#9784);
#5032=ORIENTED_EDGE('',*,*,#9785,.F.);
#5033=ORIENTED_EDGE('',*,*,#9786,.F.);
#5034=ORIENTED_EDGE('',*,*,#9787,.F.);
#5035=ORIENTED_EDGE('',*,*,#9788,.F.);
#5036=ORIENTED_EDGE('',*,*,#9789,.F.);
#5037=ORIENTED_EDGE('',*,*,#9701,.F.);
#5038=ORIENTED_EDGE('',*,*,#9790,.F.);
#5039=ORIENTED_EDGE('',*,*,#9791,.F.);
#5040=ORIENTED_EDGE('',*,*,#9792,.F.);
#5041=ORIENTED_EDGE('',*,*,#9793,.F.);
#5042=ORIENTED_EDGE('',*,*,#9794,.F.);
#5043=ORIENTED_EDGE('',*,*,#9795,.F.);
#5044=ORIENTED_EDGE('',*,*,#9796,.F.);
#5045=ORIENTED_EDGE('',*,*,#9736,.F.);
#5046=ORIENTED_EDGE('',*,*,#9797,.F.);
#5047=ORIENTED_EDGE('',*,*,#9798,.F.);
#5048=ORIENTED_EDGE('',*,*,#9799,.F.);
#5049=ORIENTED_EDGE('',*,*,#9800,.F.);
#5050=ORIENTED_EDGE('',*,*,#9801,.F.);
#5051=ORIENTED_EDGE('',*,*,#9802,.F.);
#5052=ORIENTED_EDGE('',*,*,#9803,.F.);
#5053=ORIENTED_EDGE('',*,*,#9804,.F.);
#5054=ORIENTED_EDGE('',*,*,#9805,.F.);
#5055=ORIENTED_EDGE('',*,*,#9806,.F.);
#5056=ORIENTED_EDGE('',*,*,#9807,.F.);
#5057=ORIENTED_EDGE('',*,*,#9693,.F.);
#5058=ORIENTED_EDGE('',*,*,#9808,.F.);
#5059=ORIENTED_EDGE('',*,*,#9809,.F.);
#5060=ORIENTED_EDGE('',*,*,#9810,.F.);
#5061=ORIENTED_EDGE('',*,*,#9811,.F.);
#5062=ORIENTED_EDGE('',*,*,#9812,.F.);
#5063=ORIENTED_EDGE('',*,*,#9813,.F.);
#5064=ORIENTED_EDGE('',*,*,#9814,.F.);
#5065=ORIENTED_EDGE('',*,*,#9815,.F.);
#5066=ORIENTED_EDGE('',*,*,#9816,.F.);
#5067=ORIENTED_EDGE('',*,*,#9817,.F.);
#5068=ORIENTED_EDGE('',*,*,#9818,.F.);
#5069=ORIENTED_EDGE('',*,*,#9669,.F.);
#5070=ORIENTED_EDGE('',*,*,#9819,.F.);
#5071=ORIENTED_EDGE('',*,*,#9820,.F.);
#5072=ORIENTED_EDGE('',*,*,#9821,.F.);
#5073=ORIENTED_EDGE('',*,*,#9822,.F.);
#5074=ORIENTED_EDGE('',*,*,#9823,.F.);
#5075=ORIENTED_EDGE('',*,*,#9824,.F.);
#5076=ORIENTED_EDGE('',*,*,#9825,.F.);
#5077=ORIENTED_EDGE('',*,*,#9826,.F.);
#5078=ORIENTED_EDGE('',*,*,#9827,.F.);
#5079=ORIENTED_EDGE('',*,*,#9828,.F.);
#5080=ORIENTED_EDGE('',*,*,#9829,.F.);
#5081=ORIENTED_EDGE('',*,*,#9830,.F.);
#5082=ORIENTED_EDGE('',*,*,#9831,.F.);
#5083=ORIENTED_EDGE('',*,*,#9832,.F.);
#5084=ORIENTED_EDGE('',*,*,#9833,.F.);
#5085=ORIENTED_EDGE('',*,*,#9834,.F.);
#5086=ORIENTED_EDGE('',*,*,#9835,.F.);
#5087=ORIENTED_EDGE('',*,*,#9836,.F.);
#5088=ORIENTED_EDGE('',*,*,#9837,.F.);
#5089=ORIENTED_EDGE('',*,*,#9838,.F.);
#5090=ORIENTED_EDGE('',*,*,#9839,.F.);
#5091=ORIENTED_EDGE('',*,*,#9840,.F.);
#5092=ORIENTED_EDGE('',*,*,#9841,.F.);
#5093=ORIENTED_EDGE('',*,*,#9842,.F.);
#5094=ORIENTED_EDGE('',*,*,#9843,.F.);
#5095=ORIENTED_EDGE('',*,*,#9844,.F.);
#5096=ORIENTED_EDGE('',*,*,#9845,.F.);
#5097=ORIENTED_EDGE('',*,*,#9846,.F.);
#5098=ORIENTED_EDGE('',*,*,#9847,.F.);
#5099=ORIENTED_EDGE('',*,*,#9848,.F.);
#5100=ORIENTED_EDGE('',*,*,#9849,.F.);
#5101=ORIENTED_EDGE('',*,*,#9850,.F.);
#5102=ORIENTED_EDGE('',*,*,#9777,.F.);
#5103=ORIENTED_EDGE('',*,*,#9851,.F.);
#5104=ORIENTED_EDGE('',*,*,#9674,.F.);
#5105=ORIENTED_EDGE('',*,*,#9852,.F.);
#5106=ORIENTED_EDGE('',*,*,#9853,.F.);
#5107=ORIENTED_EDGE('',*,*,#9854,.F.);
#5108=ORIENTED_EDGE('',*,*,#9855,.F.);
#5109=ORIENTED_EDGE('',*,*,#9781,.F.);
#5110=ORIENTED_EDGE('',*,*,#9856,.F.);
#5111=ORIENTED_EDGE('',*,*,#9857,.F.);
#5112=ORIENTED_EDGE('',*,*,#9858,.F.);
#5113=ORIENTED_EDGE('',*,*,#9859,.F.);
#5114=ORIENTED_EDGE('',*,*,#9860,.F.);
#5115=ORIENTED_EDGE('',*,*,#9861,.F.);
#5116=ORIENTED_EDGE('',*,*,#9862,.F.);
#5117=ORIENTED_EDGE('',*,*,#9863,.F.);
#5118=ORIENTED_EDGE('',*,*,#9864,.F.);
#5119=ORIENTED_EDGE('',*,*,#9865,.F.);
#5120=ORIENTED_EDGE('',*,*,#9866,.F.);
#5121=ORIENTED_EDGE('',*,*,#9867,.F.);
#5122=ORIENTED_EDGE('',*,*,#9868,.F.);
#5123=ORIENTED_EDGE('',*,*,#9869,.F.);
#5124=ORIENTED_EDGE('',*,*,#9870,.F.);
#5125=ORIENTED_EDGE('',*,*,#9871,.F.);
#5126=ORIENTED_EDGE('',*,*,#9872,.F.);
#5127=ORIENTED_EDGE('',*,*,#9873,.F.);
#5128=ORIENTED_EDGE('',*,*,#9874,.F.);
#5129=ORIENTED_EDGE('',*,*,#9875,.F.);
#5130=ORIENTED_EDGE('',*,*,#9876,.F.);
#5131=ORIENTED_EDGE('',*,*,#9877,.F.);
#5132=ORIENTED_EDGE('',*,*,#9878,.F.);
#5133=ORIENTED_EDGE('',*,*,#9879,.F.);
#5134=ORIENTED_EDGE('',*,*,#9880,.F.);
#5135=ORIENTED_EDGE('',*,*,#9625,.F.);
#5136=ORIENTED_EDGE('',*,*,#9881,.F.);
#5137=ORIENTED_EDGE('',*,*,#9882,.F.);
#5138=ORIENTED_EDGE('',*,*,#9883,.F.);
#5139=ORIENTED_EDGE('',*,*,#9884,.F.);
#5140=ORIENTED_EDGE('',*,*,#9885,.F.);
#5141=ORIENTED_EDGE('',*,*,#9886,.F.);
#5142=ORIENTED_EDGE('',*,*,#9887,.F.);
#5143=ORIENTED_EDGE('',*,*,#9888,.F.);
#5144=ORIENTED_EDGE('',*,*,#9889,.F.);
#5145=ORIENTED_EDGE('',*,*,#9890,.F.);
#5146=ORIENTED_EDGE('',*,*,#9891,.F.);
#5147=ORIENTED_EDGE('',*,*,#9892,.F.);
#5148=ORIENTED_EDGE('',*,*,#9893,.F.);
#5149=ORIENTED_EDGE('',*,*,#9561,.F.);
#5150=ORIENTED_EDGE('',*,*,#9894,.F.);
#5151=ORIENTED_EDGE('',*,*,#9895,.F.);
#5152=ORIENTED_EDGE('',*,*,#9896,.F.);
#5153=ORIENTED_EDGE('',*,*,#9897,.F.);
#5154=ORIENTED_EDGE('',*,*,#9898,.F.);
#5155=ORIENTED_EDGE('',*,*,#9899,.F.);
#5156=ORIENTED_EDGE('',*,*,#9900,.F.);
#5157=ORIENTED_EDGE('',*,*,#9901,.F.);
#5158=ORIENTED_EDGE('',*,*,#9902,.F.);
#5159=ORIENTED_EDGE('',*,*,#9903,.F.);
#5160=ORIENTED_EDGE('',*,*,#9904,.F.);
#5161=ORIENTED_EDGE('',*,*,#9905,.F.);
#5162=ORIENTED_EDGE('',*,*,#9906,.F.);
#5163=ORIENTED_EDGE('',*,*,#9907,.F.);
#5164=ORIENTED_EDGE('',*,*,#9908,.T.);
#5165=ORIENTED_EDGE('',*,*,#9909,.T.);
#5166=ORIENTED_EDGE('',*,*,#9910,.T.);
#5167=ORIENTED_EDGE('',*,*,#9911,.T.);
#5168=ORIENTED_EDGE('',*,*,#9912,.F.);
#5169=ORIENTED_EDGE('',*,*,#9913,.F.);
#5170=ORIENTED_EDGE('',*,*,#9914,.F.);
#5171=ORIENTED_EDGE('',*,*,#9915,.T.);
#5172=ORIENTED_EDGE('',*,*,#9916,.T.);
#5173=ORIENTED_EDGE('',*,*,#9917,.F.);
#5174=ORIENTED_EDGE('',*,*,#9918,.T.);
#5175=ORIENTED_EDGE('',*,*,#9919,.T.);
#5176=ORIENTED_EDGE('',*,*,#9920,.T.);
#5177=ORIENTED_EDGE('',*,*,#9921,.F.);
#5178=ORIENTED_EDGE('',*,*,#9922,.F.);
#5179=ORIENTED_EDGE('',*,*,#9923,.F.);
#5180=ORIENTED_EDGE('',*,*,#9635,.T.);
#5181=ORIENTED_EDGE('',*,*,#9924,.T.);
#5182=ORIENTED_EDGE('',*,*,#9925,.T.);
#5183=ORIENTED_EDGE('',*,*,#9926,.F.);
#5184=ORIENTED_EDGE('',*,*,#9927,.F.);
#5185=ORIENTED_EDGE('',*,*,#9928,.F.);
#5186=ORIENTED_EDGE('',*,*,#9772,.T.);
#5187=ORIENTED_EDGE('',*,*,#9929,.T.);
#5188=ORIENTED_EDGE('',*,*,#9930,.T.);
#5189=ORIENTED_EDGE('',*,*,#9931,.F.);
#5190=ORIENTED_EDGE('',*,*,#9932,.F.);
#5191=ORIENTED_EDGE('',*,*,#9933,.F.);
#5192=ORIENTED_EDGE('',*,*,#9934,.T.);
#5193=ORIENTED_EDGE('',*,*,#9676,.T.);
#5194=ORIENTED_EDGE('',*,*,#9935,.T.);
#5195=ORIENTED_EDGE('',*,*,#9936,.F.);
#5196=ORIENTED_EDGE('',*,*,#9937,.F.);
#5197=ORIENTED_EDGE('',*,*,#9938,.F.);
#5198=ORIENTED_EDGE('',*,*,#9753,.T.);
#5199=ORIENTED_EDGE('',*,*,#9939,.T.);
#5200=ORIENTED_EDGE('',*,*,#9940,.T.);
#5201=ORIENTED_EDGE('',*,*,#9941,.F.);
#5202=ORIENTED_EDGE('',*,*,#9731,.F.);
#5203=ORIENTED_EDGE('',*,*,#9942,.F.);
#5204=ORIENTED_EDGE('',*,*,#9943,.F.);
#5205=ORIENTED_EDGE('',*,*,#9944,.F.);
#5206=ORIENTED_EDGE('',*,*,#9945,.F.);
#5207=ORIENTED_EDGE('',*,*,#9946,.F.);
#5208=ORIENTED_EDGE('',*,*,#9947,.F.);
#5209=ORIENTED_EDGE('',*,*,#9948,.F.);
#5210=ORIENTED_EDGE('',*,*,#9949,.F.);
#5211=ORIENTED_EDGE('',*,*,#9950,.F.);
#5212=ORIENTED_EDGE('',*,*,#9951,.F.);
#5213=ORIENTED_EDGE('',*,*,#9952,.F.);
#5214=ORIENTED_EDGE('',*,*,#9953,.F.);
#5215=ORIENTED_EDGE('',*,*,#9954,.F.);
#5216=ORIENTED_EDGE('',*,*,#9955,.F.);
#5217=ORIENTED_EDGE('',*,*,#9956,.F.);
#5218=ORIENTED_EDGE('',*,*,#9657,.F.);
#5219=ORIENTED_EDGE('',*,*,#9957,.F.);
#5220=ORIENTED_EDGE('',*,*,#9958,.F.);
#5221=ORIENTED_EDGE('',*,*,#9959,.F.);
#5222=ORIENTED_EDGE('',*,*,#9960,.F.);
#5223=ORIENTED_EDGE('',*,*,#9961,.F.);
#5224=ORIENTED_EDGE('',*,*,#9962,.F.);
#5225=ORIENTED_EDGE('',*,*,#9963,.F.);
#5226=ORIENTED_EDGE('',*,*,#9964,.F.);
#5227=ORIENTED_EDGE('',*,*,#9965,.F.);
#5228=ORIENTED_EDGE('',*,*,#9966,.F.);
#5229=ORIENTED_EDGE('',*,*,#9967,.F.);
#5230=ORIENTED_EDGE('',*,*,#9968,.F.);
#5231=ORIENTED_EDGE('',*,*,#9969,.F.);
#5232=ORIENTED_EDGE('',*,*,#9970,.F.);
#5233=ORIENTED_EDGE('',*,*,#9971,.F.);
#5234=ORIENTED_EDGE('',*,*,#9972,.F.);
#5235=ORIENTED_EDGE('',*,*,#9973,.F.);
#5236=ORIENTED_EDGE('',*,*,#9974,.F.);
#5237=ORIENTED_EDGE('',*,*,#9975,.F.);
#5238=ORIENTED_EDGE('',*,*,#9976,.F.);
#5239=ORIENTED_EDGE('',*,*,#9977,.F.);
#5240=ORIENTED_EDGE('',*,*,#9637,.F.);
#5241=ORIENTED_EDGE('',*,*,#9978,.F.);
#5242=ORIENTED_EDGE('',*,*,#9979,.F.);
#5243=ORIENTED_EDGE('',*,*,#9980,.T.);
#5244=ORIENTED_EDGE('',*,*,#9981,.T.);
#5245=ORIENTED_EDGE('',*,*,#9982,.T.);
#5246=ORIENTED_EDGE('',*,*,#9983,.T.);
#5247=ORIENTED_EDGE('',*,*,#9577,.T.);
#5248=ORIENTED_EDGE('',*,*,#9984,.T.);
#5249=ORIENTED_EDGE('',*,*,#9985,.T.);
#5250=ORIENTED_EDGE('',*,*,#9986,.T.);
#5251=ORIENTED_EDGE('',*,*,#9987,.T.);
#5252=ORIENTED_EDGE('',*,*,#9988,.T.);
#5253=ORIENTED_EDGE('',*,*,#9704,.T.);
#5254=ORIENTED_EDGE('',*,*,#9989,.T.);
#5255=ORIENTED_EDGE('',*,*,#9990,.T.);
#5256=ORIENTED_EDGE('',*,*,#9991,.T.);
#5257=ORIENTED_EDGE('',*,*,#9992,.T.);
#5258=ORIENTED_EDGE('',*,*,#9993,.T.);
#5259=ORIENTED_EDGE('',*,*,#9994,.T.);
#5260=ORIENTED_EDGE('',*,*,#9995,.T.);
#5261=ORIENTED_EDGE('',*,*,#9996,.T.);
#5262=ORIENTED_EDGE('',*,*,#9997,.T.);
#5263=ORIENTED_EDGE('',*,*,#9998,.T.);
#5264=ORIENTED_EDGE('',*,*,#9999,.T.);
#5265=ORIENTED_EDGE('',*,*,#10000,.T.);
#5266=ORIENTED_EDGE('',*,*,#10001,.T.);
#5267=ORIENTED_EDGE('',*,*,#10002,.T.);
#5268=ORIENTED_EDGE('',*,*,#10003,.T.);
#5269=ORIENTED_EDGE('',*,*,#10004,.T.);
#5270=ORIENTED_EDGE('',*,*,#10005,.T.);
#5271=ORIENTED_EDGE('',*,*,#10006,.T.);
#5272=ORIENTED_EDGE('',*,*,#10007,.T.);
#5273=ORIENTED_EDGE('',*,*,#10008,.T.);
#5274=ORIENTED_EDGE('',*,*,#10009,.T.);
#5275=ORIENTED_EDGE('',*,*,#10010,.T.);
#5276=ORIENTED_EDGE('',*,*,#10011,.T.);
#5277=ORIENTED_EDGE('',*,*,#10012,.T.);
#5278=ORIENTED_EDGE('',*,*,#10013,.T.);
#5279=ORIENTED_EDGE('',*,*,#10014,.T.);
#5280=ORIENTED_EDGE('',*,*,#10015,.T.);
#5281=ORIENTED_EDGE('',*,*,#10016,.T.);
#5282=ORIENTED_EDGE('',*,*,#10017,.T.);
#5283=ORIENTED_EDGE('',*,*,#10018,.T.);
#5284=ORIENTED_EDGE('',*,*,#10019,.T.);
#5285=ORIENTED_EDGE('',*,*,#10020,.T.);
#5286=ORIENTED_EDGE('',*,*,#10021,.T.);
#5287=ORIENTED_EDGE('',*,*,#9565,.T.);
#5288=ORIENTED_EDGE('',*,*,#10022,.T.);
#5289=ORIENTED_EDGE('',*,*,#10023,.T.);
#5290=ORIENTED_EDGE('',*,*,#10024,.T.);
#5291=ORIENTED_EDGE('',*,*,#10025,.T.);
#5292=ORIENTED_EDGE('',*,*,#10026,.T.);
#5293=ORIENTED_EDGE('',*,*,#10027,.T.);
#5294=ORIENTED_EDGE('',*,*,#10028,.T.);
#5295=ORIENTED_EDGE('',*,*,#10029,.T.);
#5296=ORIENTED_EDGE('',*,*,#10030,.T.);
#5297=ORIENTED_EDGE('',*,*,#10031,.T.);
#5298=ORIENTED_EDGE('',*,*,#10032,.T.);
#5299=ORIENTED_EDGE('',*,*,#10033,.T.);
#5300=ORIENTED_EDGE('',*,*,#10034,.T.);
#5301=ORIENTED_EDGE('',*,*,#10035,.T.);
#5302=ORIENTED_EDGE('',*,*,#10036,.T.);
#5303=ORIENTED_EDGE('',*,*,#10037,.T.);
#5304=ORIENTED_EDGE('',*,*,#10038,.T.);
#5305=ORIENTED_EDGE('',*,*,#10039,.T.);
#5306=ORIENTED_EDGE('',*,*,#10040,.T.);
#5307=ORIENTED_EDGE('',*,*,#10041,.T.);
#5308=ORIENTED_EDGE('',*,*,#9580,.T.);
#5309=ORIENTED_EDGE('',*,*,#10042,.T.);
#5310=ORIENTED_EDGE('',*,*,#10043,.T.);
#5311=ORIENTED_EDGE('',*,*,#10044,.T.);
#5312=ORIENTED_EDGE('',*,*,#10045,.T.);
#5313=ORIENTED_EDGE('',*,*,#10046,.T.);
#5314=ORIENTED_EDGE('',*,*,#10047,.T.);
#5315=ORIENTED_EDGE('',*,*,#10048,.T.);
#5316=ORIENTED_EDGE('',*,*,#10049,.T.);
#5317=ORIENTED_EDGE('',*,*,#10050,.T.);
#5318=ORIENTED_EDGE('',*,*,#10051,.T.);
#5319=ORIENTED_EDGE('',*,*,#10052,.T.);
#5320=ORIENTED_EDGE('',*,*,#10053,.T.);
#5321=ORIENTED_EDGE('',*,*,#10054,.T.);
#5322=ORIENTED_EDGE('',*,*,#10055,.T.);
#5323=ORIENTED_EDGE('',*,*,#10056,.T.);
#5324=ORIENTED_EDGE('',*,*,#10057,.T.);
#5325=ORIENTED_EDGE('',*,*,#10058,.T.);
#5326=ORIENTED_EDGE('',*,*,#10059,.T.);
#5327=ORIENTED_EDGE('',*,*,#9726,.T.);
#5328=ORIENTED_EDGE('',*,*,#9708,.T.);
#5329=ORIENTED_EDGE('',*,*,#10060,.T.);
#5330=ORIENTED_EDGE('',*,*,#10061,.T.);
#5331=ORIENTED_EDGE('',*,*,#10062,.T.);
#5332=ORIENTED_EDGE('',*,*,#10063,.T.);
#5333=ORIENTED_EDGE('',*,*,#10064,.T.);
#5334=ORIENTED_EDGE('',*,*,#10065,.T.);
#5335=ORIENTED_EDGE('',*,*,#10066,.T.);
#5336=ORIENTED_EDGE('',*,*,#10067,.T.);
#5337=ORIENTED_EDGE('',*,*,#10068,.T.);
#5338=ORIENTED_EDGE('',*,*,#10069,.T.);
#5339=ORIENTED_EDGE('',*,*,#10070,.T.);
#5340=ORIENTED_EDGE('',*,*,#10071,.T.);
#5341=ORIENTED_EDGE('',*,*,#10072,.T.);
#5342=ORIENTED_EDGE('',*,*,#10073,.T.);
#5343=ORIENTED_EDGE('',*,*,#10074,.T.);
#5344=ORIENTED_EDGE('',*,*,#10075,.T.);
#5345=ORIENTED_EDGE('',*,*,#10076,.T.);
#5346=ORIENTED_EDGE('',*,*,#10077,.T.);
#5347=ORIENTED_EDGE('',*,*,#10078,.T.);
#5348=ORIENTED_EDGE('',*,*,#10079,.T.);
#5349=ORIENTED_EDGE('',*,*,#10080,.T.);
#5350=ORIENTED_EDGE('',*,*,#10081,.T.);
#5351=ORIENTED_EDGE('',*,*,#10082,.T.);
#5352=ORIENTED_EDGE('',*,*,#10083,.T.);
#5353=ORIENTED_EDGE('',*,*,#10084,.T.);
#5354=ORIENTED_EDGE('',*,*,#10085,.T.);
#5355=ORIENTED_EDGE('',*,*,#10086,.T.);
#5356=ORIENTED_EDGE('',*,*,#10087,.T.);
#5357=ORIENTED_EDGE('',*,*,#10088,.T.);
#5358=ORIENTED_EDGE('',*,*,#9745,.T.);
#5359=ORIENTED_EDGE('',*,*,#10089,.T.);
#5360=ORIENTED_EDGE('',*,*,#10090,.T.);
#5361=ORIENTED_EDGE('',*,*,#10091,.T.);
#5362=ORIENTED_EDGE('',*,*,#10092,.T.);
#5363=ORIENTED_EDGE('',*,*,#10093,.T.);
#5364=ORIENTED_EDGE('',*,*,#10094,.T.);
#5365=ORIENTED_EDGE('',*,*,#10095,.T.);
#5366=ORIENTED_EDGE('',*,*,#10096,.T.);
#5367=ORIENTED_EDGE('',*,*,#10097,.T.);
#5368=ORIENTED_EDGE('',*,*,#10098,.T.);
#5369=ORIENTED_EDGE('',*,*,#10099,.T.);
#5370=ORIENTED_EDGE('',*,*,#10100,.T.);
#5371=ORIENTED_EDGE('',*,*,#10101,.T.);
#5372=ORIENTED_EDGE('',*,*,#10102,.T.);
#5373=ORIENTED_EDGE('',*,*,#10103,.T.);
#5374=ORIENTED_EDGE('',*,*,#10104,.T.);
#5375=ORIENTED_EDGE('',*,*,#10105,.T.);
#5376=ORIENTED_EDGE('',*,*,#9741,.T.);
#5377=ORIENTED_EDGE('',*,*,#9585,.T.);
#5378=ORIENTED_EDGE('',*,*,#10106,.T.);
#5379=ORIENTED_EDGE('',*,*,#10107,.T.);
#5380=ORIENTED_EDGE('',*,*,#10108,.T.);
#5381=ORIENTED_EDGE('',*,*,#10109,.T.);
#5382=ORIENTED_EDGE('',*,*,#10110,.T.);
#5383=ORIENTED_EDGE('',*,*,#10111,.T.);
#5384=ORIENTED_EDGE('',*,*,#10112,.T.);
#5385=ORIENTED_EDGE('',*,*,#10113,.T.);
#5386=ORIENTED_EDGE('',*,*,#10114,.T.);
#5387=ORIENTED_EDGE('',*,*,#10115,.T.);
#5388=ORIENTED_EDGE('',*,*,#10116,.T.);
#5389=ORIENTED_EDGE('',*,*,#10117,.T.);
#5390=ORIENTED_EDGE('',*,*,#10118,.T.);
#5391=ORIENTED_EDGE('',*,*,#10119,.T.);
#5392=ORIENTED_EDGE('',*,*,#10120,.T.);
#5393=ORIENTED_EDGE('',*,*,#10121,.T.);
#5394=ORIENTED_EDGE('',*,*,#10122,.T.);
#5395=ORIENTED_EDGE('',*,*,#10123,.T.);
#5396=ORIENTED_EDGE('',*,*,#10124,.T.);
#5397=ORIENTED_EDGE('',*,*,#9759,.T.);
#5398=ORIENTED_EDGE('',*,*,#10125,.T.);
#5399=ORIENTED_EDGE('',*,*,#10126,.T.);
#5400=ORIENTED_EDGE('',*,*,#10127,.T.);
#5401=ORIENTED_EDGE('',*,*,#10128,.T.);
#5402=ORIENTED_EDGE('',*,*,#10129,.T.);
#5403=ORIENTED_EDGE('',*,*,#10130,.T.);
#5404=ORIENTED_EDGE('',*,*,#10131,.T.);
#5405=ORIENTED_EDGE('',*,*,#10132,.T.);
#5406=ORIENTED_EDGE('',*,*,#10133,.T.);
#5407=ORIENTED_EDGE('',*,*,#10134,.T.);
#5408=ORIENTED_EDGE('',*,*,#10135,.T.);
#5409=ORIENTED_EDGE('',*,*,#10136,.T.);
#5410=ORIENTED_EDGE('',*,*,#10137,.T.);
#5411=ORIENTED_EDGE('',*,*,#9617,.T.);
#5412=ORIENTED_EDGE('',*,*,#10138,.T.);
#5413=ORIENTED_EDGE('',*,*,#10139,.T.);
#5414=ORIENTED_EDGE('',*,*,#10140,.T.);
#5415=ORIENTED_EDGE('',*,*,#10141,.T.);
#5416=ORIENTED_EDGE('',*,*,#9601,.T.);
#5417=ORIENTED_EDGE('',*,*,#10142,.T.);
#5418=ORIENTED_EDGE('',*,*,#10143,.T.);
#5419=ORIENTED_EDGE('',*,*,#10144,.T.);
#5420=ORIENTED_EDGE('',*,*,#10145,.T.);
#5421=ORIENTED_EDGE('',*,*,#10146,.T.);
#5422=ORIENTED_EDGE('',*,*,#10147,.T.);
#5423=ORIENTED_EDGE('',*,*,#10148,.T.);
#5424=ORIENTED_EDGE('',*,*,#10149,.T.);
#5425=ORIENTED_EDGE('',*,*,#10150,.T.);
#5426=ORIENTED_EDGE('',*,*,#10151,.T.);
#5427=ORIENTED_EDGE('',*,*,#10152,.T.);
#5428=ORIENTED_EDGE('',*,*,#10153,.T.);
#5429=ORIENTED_EDGE('',*,*,#10154,.T.);
#5430=ORIENTED_EDGE('',*,*,#10155,.T.);
#5431=ORIENTED_EDGE('',*,*,#10156,.T.);
#5432=ORIENTED_EDGE('',*,*,#10157,.T.);
#5433=ORIENTED_EDGE('',*,*,#9627,.T.);
#5434=ORIENTED_EDGE('',*,*,#10158,.T.);
#5435=ORIENTED_EDGE('',*,*,#10159,.T.);
#5436=ORIENTED_EDGE('',*,*,#10160,.T.);
#5437=ORIENTED_EDGE('',*,*,#10161,.T.);
#5438=ORIENTED_EDGE('',*,*,#10162,.T.);
#5439=ORIENTED_EDGE('',*,*,#10163,.T.);
#5440=ORIENTED_EDGE('',*,*,#10164,.T.);
#5441=ORIENTED_EDGE('',*,*,#10165,.T.);
#5442=ORIENTED_EDGE('',*,*,#10166,.T.);
#5443=ORIENTED_EDGE('',*,*,#10167,.T.);
#5444=ORIENTED_EDGE('',*,*,#9590,.T.);
#5445=ORIENTED_EDGE('',*,*,#10168,.T.);
#5446=ORIENTED_EDGE('',*,*,#10169,.T.);
#5447=ORIENTED_EDGE('',*,*,#9764,.T.);
#5448=ORIENTED_EDGE('',*,*,#10170,.F.);
#5449=ORIENTED_EDGE('',*,*,#10171,.F.);
#5450=ORIENTED_EDGE('',*,*,#10172,.F.);
#5451=CARTESIAN_POINT('',(-5.73326207131686E-006,-2.29123661379431,0.202476919448394));
#5452=DIRECTION('',(0.0,-1.0,0.0));
#5453=DIRECTION('',(0.0,0.0,-1.0));
#5454=SURFACE_STYLE_FILL_AREA(#10173);
#5455=ORIENTED_EDGE('',*,*,#10115,.F.);
#5456=ORIENTED_EDGE('',*,*,#10174,.F.);
#5457=ORIENTED_EDGE('',*,*,#10175,.F.);
#5458=ORIENTED_EDGE('',*,*,#10176,.T.);
#5459=CARTESIAN_POINT('',(-0.795129844392255,-2.212496456314,1.01303810204069));
#5460=DIRECTION('',(-0.866025403784439,0.0,0.499999999999999));
#5461=DIRECTION('',(0.0,-1.0,0.0));
#5462=SURFACE_STYLE_FILL_AREA(#10177);
#5463=ORIENTED_EDGE('',*,*,#10028,.F.);
#5464=ORIENTED_EDGE('',*,*,#10178,.F.);
#5465=ORIENTED_EDGE('',*,*,#10179,.F.);
#5466=ORIENTED_EDGE('',*,*,#10180,.T.);
#5467=CARTESIAN_POINT('',(-0.726938867716316,-2.212496456314,0.973668023300535));
#5468=DIRECTION('',(0.866025403784439,0.0,-0.499999999999999));
#5469=DIRECTION('',(0.0,1.0,0.0));
#5470=SURFACE_STYLE_FILL_AREA(#10181);
#5471=ORIENTED_EDGE('',*,*,#10108,.F.);
#5472=ORIENTED_EDGE('',*,*,#10182,.F.);
#5473=ORIENTED_EDGE('',*,*,#10183,.F.);
#5474=ORIENTED_EDGE('',*,*,#10184,.T.);
#5475=CARTESIAN_POINT('',(-0.913240080612727,-2.212496456314,1.29634318835688));
#5476=DIRECTION('',(6.12303176911189E-017,-0.0,1.0));
#5477=DIRECTION('',(0.0,1.0,0.0));
#5478=SURFACE_STYLE_FILL_AREA(#10185);
#5479=ORIENTED_EDGE('',*,*,#10186,.F.);
#5480=ORIENTED_EDGE('',*,*,#10187,.F.);
#5481=ORIENTED_EDGE('',*,*,#10188,.F.);
#5482=ORIENTED_EDGE('',*,*,#9899,.T.);
#5483=CARTESIAN_POINT('',(0.937295016119966,-0.854361676174073,-0.203893460654112));
#5484=DIRECTION('',(0.0,-1.0,0.0));
#5485=DIRECTION('',(0.707106781186547,0.0,0.707106781186548));
#5486=SURFACE_STYLE_FILL_AREA(#10189);
#5487=ORIENTED_EDGE('',*,*,#10190,.F.);
#5488=ORIENTED_EDGE('',*,*,#10191,.F.);
#5489=ORIENTED_EDGE('',*,*,#10192,.F.);
#5490=ORIENTED_EDGE('',*,*,#10193,.F.);
#5491=CARTESIAN_POINT('',(1.41168683778703,-2.40147283426675,-0.783466941882082));
#5492=DIRECTION('',(-0.68305173874285,0.707106785573837,0.182866935217403));
#5493=DIRECTION('',(0.258688989276018,7.87690213041903E-005,0.965960662047267));
#5494=SURFACE_STYLE_FILL_AREA(#10194);
#5495=ORIENTED_EDGE('',*,*,#9866,.T.);
#5496=ORIENTED_EDGE('',*,*,#10195,.F.);
#5497=ORIENTED_EDGE('',*,*,#10196,.T.);
#5498=ORIENTED_EDGE('',*,*,#10197,.T.);
#5499=CARTESIAN_POINT('',(-1.33576176595008,-2.212496456314,-0.432320586184207));
#5500=DIRECTION('',(-0.86602540378444,0.0,0.499999999999999));
#5501=DIRECTION('',(0.0,1.0,0.0));
#5502=SURFACE_STYLE_FILL_AREA(#10198);
#5503=ORIENTED_EDGE('',*,*,#9982,.F.);
#5504=ORIENTED_EDGE('',*,*,#10199,.F.);
#5505=ORIENTED_EDGE('',*,*,#10200,.F.);
#5506=ORIENTED_EDGE('',*,*,#9638,.T.);
#5507=CARTESIAN_POINT('',(-1.33576176595008,-2.212496456314,0.270683898508233));
#5508=DIRECTION('',(0.866025403784439,0.0,-0.499999999999999));
#5509=DIRECTION('',(0.0,1.0,0.0));
#5510=SURFACE_STYLE_FILL_AREA(#10201);
#5511=ORIENTED_EDGE('',*,*,#10056,.F.);
#5512=ORIENTED_EDGE('',*,*,#10202,.F.);
#5513=ORIENTED_EDGE('',*,*,#10203,.F.);
#5514=ORIENTED_EDGE('',*,*,#10204,.T.);
#5515=CARTESIAN_POINT('',(1.21762873746741,-2.212496456314,1.04183254120877));
#5516=DIRECTION('',(-6.12303176911189E-017,-0.0,-1.0));
#5517=DIRECTION('',(0.0,-1.0,0.0));
#5518=SURFACE_STYLE_FILL_AREA(#10205);
#5519=ORIENTED_EDGE('',*,*,#10206,.F.);
#5520=ORIENTED_EDGE('',*,*,#10207,.T.);
#5521=ORIENTED_EDGE('',*,*,#9987,.F.);
#5522=ORIENTED_EDGE('',*,*,#10208,.F.);
#5523=CARTESIAN_POINT('',(-1.09954129350914,-2.28297494032764,1.32518008867656));
#5524=DIRECTION('',(-0.86602540378444,-0.0,-0.499999999999998));
#5525=DIRECTION('',(0.0,-1.0,0.0));
#5526=SURFACE_STYLE_FILL_AREA(#10209);
#5527=ORIENTED_EDGE('',*,*,#10089,.F.);
#5528=ORIENTED_EDGE('',*,*,#9748,.F.);
#5529=ORIENTED_EDGE('',*,*,#10210,.F.);
#5530=ORIENTED_EDGE('',*,*,#10211,.T.);
#5531=CARTESIAN_POINT('',(0.913217288350523,-2.212496456314,1.56908063629294));
#5532=DIRECTION('',(-6.12303176911189E-017,-0.0,-1.0));
#5533=DIRECTION('',(0.0,-1.0,0.0));
#5534=SURFACE_STYLE_FILL_AREA(#10212);
#5535=ORIENTED_EDGE('',*,*,#10166,.F.);
#5536=ORIENTED_EDGE('',*,*,#9767,.F.);
#5537=ORIENTED_EDGE('',*,*,#10213,.F.);
#5538=ORIENTED_EDGE('',*,*,#10214,.T.);
#5539=CARTESIAN_POINT('',(0.422504626337225,-2.212496456314,0.446409471832567));
#5540=DIRECTION('',(-0.86602540378444,-0.0,-0.499999999999998));
#5541=DIRECTION('',(0.0,-1.0,0.0));
#5542=SURFACE_STYLE_FILL_AREA(#10215);
#5543=ORIENTED_EDGE('',*,*,#9868,.T.);
#5544=ORIENTED_EDGE('',*,*,#10216,.F.);
#5545=ORIENTED_EDGE('',*,*,#10217,.T.);
#5546=ORIENTED_EDGE('',*,*,#10218,.T.);
#5547=CARTESIAN_POINT('',(-1.21765152972961,-2.212496456314,-0.636893516212028));
#5548=DIRECTION('',(6.12303176911189E-017,0.0,-1.0));
#5549=DIRECTION('',(0.0,-1.0,0.0));
#5550=SURFACE_STYLE_FILL_AREA(#10219);
#5551=ORIENTED_EDGE('',*,*,#10053,.F.);
#5552=ORIENTED_EDGE('',*,*,#10220,.F.);
#5553=ORIENTED_EDGE('',*,*,#10221,.F.);
#5554=ORIENTED_EDGE('',*,*,#10222,.T.);
#5555=CARTESIAN_POINT('',(-5.73326207131827E-006,-2.212496456314,0.769087092080766));
#5556=DIRECTION('',(6.12303176911189E-017,-0.0,1.0));
#5557=DIRECTION('',(0.0,1.0,0.0));
#5558=SURFACE_STYLE_FILL_AREA(#10223);
#5559=ORIENTED_EDGE('',*,*,#9869,.T.);
#5560=ORIENTED_EDGE('',*,*,#10218,.F.);
#5561=ORIENTED_EDGE('',*,*,#10224,.T.);
#5562=ORIENTED_EDGE('',*,*,#10225,.T.);
#5563=CARTESIAN_POINT('',(-1.09954129350914,-2.212496456314,-0.568702539536088));
#5564=DIRECTION('',(0.86602540378444,0.0,-0.499999999999998));
#5565=DIRECTION('',(0.0,-1.0,0.0));
#5566=SURFACE_STYLE_FILL_AREA(#10226);
#5567=ORIENTED_EDGE('',*,*,#10036,.F.);
#5568=ORIENTED_EDGE('',*,*,#10227,.F.);
#5569=ORIENTED_EDGE('',*,*,#10228,.F.);
#5570=ORIENTED_EDGE('',*,*,#10229,.T.);
#5571=CARTESIAN_POINT('',(-0.304417182378957,-2.212496456314,0.593343061180678));
#5572=DIRECTION('',(6.12303176911189E-017,-0.0,1.0));
#5573=DIRECTION('',(0.0,1.0,0.0));
#5574=SURFACE_STYLE_FILL_AREA(#10230);
#5575=ORIENTED_EDGE('',*,*,#10231,.T.);
#5576=ORIENTED_EDGE('',*,*,#9889,.T.);
#5577=ORIENTED_EDGE('',*,*,#10232,.T.);
#5578=ORIENTED_EDGE('',*,*,#10233,.T.);
#5579=CARTESIAN_POINT('',(-0.490718395275371,-2.212496456314,-1.13530471097651));
#5580=DIRECTION('',(0.866025403784439,0.0,0.499999999999999));
#5581=DIRECTION('',(0.0,-1.0,0.0));
#5582=SURFACE_STYLE_FILL_AREA(#10234);
#5583=ORIENTED_EDGE('',*,*,#9769,.F.);
#5584=ORIENTED_EDGE('',*,*,#9928,.T.);
#5585=ORIENTED_EDGE('',*,*,#10235,.F.);
#5586=ORIENTED_EDGE('',*,*,#10236,.T.);
#5587=CARTESIAN_POINT('',(0.726916075454111,-2.212496456314,0.134316045215867));
#5588=DIRECTION('',(0.86602540378444,0.0,-0.499999999999998));
#5589=DIRECTION('',(0.0,-1.0,0.0));
#5590=SURFACE_STYLE_FILL_AREA(#10237);
#5591=ORIENTED_EDGE('',*,*,#10153,.F.);
#5592=ORIENTED_EDGE('',*,*,#10238,.F.);
#5593=ORIENTED_EDGE('',*,*,#10239,.F.);
#5594=ORIENTED_EDGE('',*,*,#10240,.T.);
#5595=CARTESIAN_POINT('',(0.608805839233638,-2.212496456314,0.417580572704836));
#5596=DIRECTION('',(6.12303176911189E-017,-0.0,1.0));
#5597=DIRECTION('',(0.0,1.0,0.0));
#5598=SURFACE_STYLE_FILL_AREA(#10241);
#5599=ORIENTED_EDGE('',*,*,#10084,.F.);
#5600=ORIENTED_EDGE('',*,*,#10242,.F.);
#5601=ORIENTED_EDGE('',*,*,#10243,.F.);
#5602=ORIENTED_EDGE('',*,*,#10244,.T.);
#5603=CARTESIAN_POINT('',(0.608805839233638,-2.212496456314,1.39333660539285));
#5604=DIRECTION('',(-6.12303176911189E-017,-0.0,-1.0));
#5605=DIRECTION('',(0.0,-1.0,0.0));
#5606=SURFACE_STYLE_FILL_AREA(#10245);
#5607=ORIENTED_EDGE('',*,*,#10065,.F.);
#5608=ORIENTED_EDGE('',*,*,#10246,.F.);
#5609=ORIENTED_EDGE('',*,*,#10247,.F.);
#5610=ORIENTED_EDGE('',*,*,#10248,.T.);
#5611=CARTESIAN_POINT('',(0.726916075454111,-2.212496456314,0.973649565724782));
#5612=DIRECTION('',(-0.86602540378444,-0.0,-0.499999999999998));
#5613=DIRECTION('',(0.0,-1.0,0.0));
#5614=SURFACE_STYLE_FILL_AREA(#10249);
#5615=ORIENTED_EDGE('',*,*,#10005,.F.);
#5616=ORIENTED_EDGE('',*,*,#10250,.F.);
#5617=ORIENTED_EDGE('',*,*,#10251,.F.);
#5618=ORIENTED_EDGE('',*,*,#10252,.T.);
#5619=CARTESIAN_POINT('',(-1.33576176595008,-2.212496456314,0.485798008148478));
#5620=DIRECTION('',(0.86602540378444,-0.0,0.499999999999999));
#5621=DIRECTION('',(0.0,1.0,0.0));
#5622=SURFACE_STYLE_FILL_AREA(#10253);
#5623=ORIENTED_EDGE('',*,*,#10254,.F.);
#5624=ORIENTED_EDGE('',*,*,#10255,.F.);
#5625=ORIENTED_EDGE('',*,*,#10256,.T.);
#5626=ORIENTED_EDGE('',*,*,#9717,.T.);
#5627=ORIENTED_EDGE('',*,*,#10257,.F.);
#5628=ORIENTED_EDGE('',*,*,#10258,.F.);
#5629=ORIENTED_EDGE('',*,*,#10259,.F.);
#5630=ORIENTED_EDGE('',*,*,#10260,.F.);
#5631=ORIENTED_EDGE('',*,*,#10261,.F.);
#5632=ORIENTED_EDGE('',*,*,#10262,.F.);
#5633=CARTESIAN_POINT('',(1.39762925168516,-2.3502921785979,1.60011870906162));
#5634=DIRECTION('',(0.0,1.0,0.0));
#5635=DIRECTION('',(0.0,0.0,1.0));
#5636=SURFACE_STYLE_FILL_AREA(#10263);
#5637=ORIENTED_EDGE('',*,*,#10146,.F.);
#5638=ORIENTED_EDGE('',*,*,#10264,.F.);
#5639=ORIENTED_EDGE('',*,*,#10265,.F.);
#5640=ORIENTED_EDGE('',*,*,#10266,.T.);
#5641=CARTESIAN_POINT('',(0.18628415389628,-2.212496456314,0.661523581472813));
#5642=DIRECTION('',(0.86602540378444,-0.0,0.499999999999999));
#5643=DIRECTION('',(0.0,1.0,0.0));
#5644=SURFACE_STYLE_FILL_AREA(#10267);
#5645=ORIENTED_EDGE('',*,*,#10004,.F.);
#5646=ORIENTED_EDGE('',*,*,#10268,.F.);
#5647=ORIENTED_EDGE('',*,*,#10269,.F.);
#5648=ORIENTED_EDGE('',*,*,#10250,.T.);
#5649=CARTESIAN_POINT('',(-1.33576176595008,-2.212496456314,0.622179961500359));
#5650=DIRECTION('',(0.866025403784439,0.0,-0.499999999999999));
#5651=DIRECTION('',(0.0,1.0,0.0));
#5652=SURFACE_STYLE_FILL_AREA(#10270);
#5653=ORIENTED_EDGE('',*,*,#10099,.F.);
#5654=ORIENTED_EDGE('',*,*,#10271,.F.);
#5655=ORIENTED_EDGE('',*,*,#10272,.F.);
#5656=ORIENTED_EDGE('',*,*,#10273,.T.);
#5657=CARTESIAN_POINT('',(1.031327524571,-2.212496456314,1.01301164327299));
#5658=DIRECTION('',(-0.866025403784439,0.0,0.499999999999999));
#5659=DIRECTION('',(0.0,-1.0,0.0));
#5660=SURFACE_STYLE_FILL_AREA(#10274);
#5661=ORIENTED_EDGE('',*,*,#10275,.T.);
#5662=ORIENTED_EDGE('',*,*,#10276,.T.);
#5663=ORIENTED_EDGE('',*,*,#10277,.T.);
#5664=ORIENTED_EDGE('',*,*,#9825,.T.);
#5665=CARTESIAN_POINT('',(0.304394390116753,-2.212496456314,-0.539855182832601));
#5666=DIRECTION('',(-6.12303176911189E-017,0.0,1.0));
#5667=DIRECTION('',(0.0,1.0,0.0));
#5668=SURFACE_STYLE_FILL_AREA(#10278);
#5669=ORIENTED_EDGE('',*,*,#10279,.T.);
#5670=ORIENTED_EDGE('',*,*,#10280,.F.);
#5671=ORIENTED_EDGE('',*,*,#10281,.T.);
#5672=ORIENTED_EDGE('',*,*,#9913,.T.);
#5673=CARTESIAN_POINT('',(1.41730389417036,-2.29123661379431,1.61978164203316));
#5674=DIRECTION('',(0.0,-1.0,0.0));
#5675=DIRECTION('',(0.707106781186547,0.0,0.707106781186547));
#5676=SURFACE_STYLE_FILL_AREA(#10282);
#5677=ORIENTED_EDGE('',*,*,#10283,.F.);
#5678=ORIENTED_EDGE('',*,*,#10284,.T.);
#5679=ORIENTED_EDGE('',*,*,#10232,.F.);
#5680=ORIENTED_EDGE('',*,*,#9888,.T.);
#5681=CARTESIAN_POINT('',(-5.73326207131686E-006,-2.35029173190455,-1.19514522410522));
#5682=DIRECTION('',(-0.0,0.0,1.0));
#5683=DIRECTION('',(1.0,0.0,0.0));
#5684=SURFACE_STYLE_FILL_AREA(#10285);
#5685=ORIENTED_EDGE('',*,*,#10286,.T.);
#5686=ORIENTED_EDGE('',*,*,#10287,.T.);
#5687=ORIENTED_EDGE('',*,*,#10288,.T.);
#5688=ORIENTED_EDGE('',*,*,#9872,.T.);
#5689=CARTESIAN_POINT('',(-0.304417182378957,-2.212496456314,-0.812629545920167));
#5690=DIRECTION('',(6.12303176911189E-017,0.0,-1.0));
#5691=DIRECTION('',(0.0,-1.0,0.0));
#5692=SURFACE_STYLE_FILL_AREA(#10289);
#5693=ORIENTED_EDGE('',*,*,#10290,.F.);
#5694=ORIENTED_EDGE('',*,*,#9995,.F.);
#5695=ORIENTED_EDGE('',*,*,#10291,.F.);
#5696=ORIENTED_EDGE('',*,*,#10292,.F.);
#5697=CARTESIAN_POINT('',(0.118104502958401,-2.212496456314,1.54027019474096));
#5698=DIRECTION('',(-0.866025403784439,0.0,0.499999999999999));
#5699=DIRECTION('',(0.0,-1.0,0.0));
#5700=SURFACE_STYLE_FILL_AREA(#10293);
#5701=ORIENTED_EDGE('',*,*,#10127,.F.);
#5702=ORIENTED_EDGE('',*,*,#10294,.F.);
#5703=ORIENTED_EDGE('',*,*,#10295,.F.);
#5704=ORIENTED_EDGE('',*,*,#10296,.T.);
#5705=CARTESIAN_POINT('',(-0.490718395275371,-2.212496456314,0.622171960308409));
#5706=DIRECTION('',(-0.86602540378444,-0.0,-0.499999999999998));
#5707=DIRECTION('',(0.0,-1.0,0.0));
#5708=SURFACE_STYLE_FILL_AREA(#10297);
#5709=ORIENTED_EDGE('',*,*,#10162,.F.);
#5710=ORIENTED_EDGE('',*,*,#10298,.F.);
#5711=ORIENTED_EDGE('',*,*,#10299,.F.);
#5712=ORIENTED_EDGE('',*,*,#10300,.T.);
#5713=CARTESIAN_POINT('',(0.795107052130051,-2.212496456314,0.446401470640619));
#5714=DIRECTION('',(0.866025403784439,0.0,-0.499999999999999));
#5715=DIRECTION('',(0.0,1.0,0.0));
#5716=SURFACE_STYLE_FILL_AREA(#10301);
#5717=ORIENTED_EDGE('',*,*,#10047,.F.);
#5718=ORIENTED_EDGE('',*,*,#10302,.F.);
#5719=ORIENTED_EDGE('',*,*,#10303,.F.);
#5720=ORIENTED_EDGE('',*,*,#10304,.T.);
#5721=CARTESIAN_POINT('',(-0.304417182378957,-2.212496456314,1.29633518716493));
#5722=DIRECTION('',(6.12303176911189E-017,-0.0,1.0));
#5723=DIRECTION('',(0.0,1.0,0.0));
#5724=SURFACE_STYLE_FILL_AREA(#10305);
#5725=ORIENTED_EDGE('',*,*,#9980,.F.);
#5726=ORIENTED_EDGE('',*,*,#10306,.F.);
#5727=ORIENTED_EDGE('',*,*,#10307,.F.);
#5728=ORIENTED_EDGE('',*,*,#10308,.T.);
#5729=CARTESIAN_POINT('',(-1.09954129350914,-2.212496456314,0.270683898508233));
#5730=DIRECTION('',(-0.86602540378444,-0.0,-0.499999999999998));
#5731=DIRECTION('',(0.0,-1.0,0.0));
#5732=SURFACE_STYLE_FILL_AREA(#10309);
#5733=ORIENTED_EDGE('',*,*,#10161,.F.);
#5734=ORIENTED_EDGE('',*,*,#10310,.F.);
#5735=ORIENTED_EDGE('',*,*,#10311,.F.);
#5736=ORIENTED_EDGE('',*,*,#10298,.T.);
#5737=CARTESIAN_POINT('',(0.913217288350523,-2.212496456314,0.51459244731656));
#5738=DIRECTION('',(-6.12303176911189E-017,-0.0,-1.0));
#5739=DIRECTION('',(0.0,-1.0,0.0));
#5740=SURFACE_STYLE_FILL_AREA(#10312);
#5741=ORIENTED_EDGE('',*,*,#9954,.T.);
#5742=ORIENTED_EDGE('',*,*,#10313,.T.);
#5743=ORIENTED_EDGE('',*,*,#10314,.T.);
#5744=ORIENTED_EDGE('',*,*,#10315,.T.);
#5745=CARTESIAN_POINT('',(0.726916075454111,-2.212496456314,-1.13528625340076));
#5746=DIRECTION('',(0.866025403784439,0.0,0.499999999999999));
#5747=DIRECTION('',(0.0,-1.0,0.0));
#5748=SURFACE_STYLE_FILL_AREA(#10316);
#5749=ORIENTED_EDGE('',*,*,#10139,.F.);
#5750=ORIENTED_EDGE('',*,*,#10317,.F.);
#5751=ORIENTED_EDGE('',*,*,#10318,.F.);
#5752=ORIENTED_EDGE('',*,*,#10319,.T.);
#5753=CARTESIAN_POINT('',(-5.73326207130851E-006,-2.212496456314,0.690354935792401));
#5754=DIRECTION('',(-6.12303176911189E-017,-0.0,-1.0));
#5755=DIRECTION('',(0.0,-1.0,0.0));
#5756=SURFACE_STYLE_FILL_AREA(#10320);
#5757=ORIENTED_EDGE('',*,*,#10064,.F.);
#5758=ORIENTED_EDGE('',*,*,#10321,.F.);
#5759=ORIENTED_EDGE('',*,*,#10322,.F.);
#5760=ORIENTED_EDGE('',*,*,#9709,.T.);
#5761=CARTESIAN_POINT('',(1.031327524571,-2.212496456314,0.661515580280865));
#5762=DIRECTION('',(-0.866025403784439,0.0,0.499999999999999));
#5763=DIRECTION('',(0.0,-1.0,0.0));
#5764=SURFACE_STYLE_FILL_AREA(#10323);
#5765=ORIENTED_EDGE('',*,*,#10324,.F.);
#5766=ORIENTED_EDGE('',*,*,#9933,.T.);
#5767=ORIENTED_EDGE('',*,*,#10325,.F.);
#5768=ORIENTED_EDGE('',*,*,#10326,.T.);
#5769=CARTESIAN_POINT('',(0.118104502958401,-2.212496456314,0.134305588832063));
#5770=DIRECTION('',(0.86602540378444,0.0,-0.499999999999998));
#5771=DIRECTION('',(0.0,-1.0,0.0));
#5772=SURFACE_STYLE_FILL_AREA(#10327);
#5773=ORIENTED_EDGE('',*,*,#9724,.T.);
#5774=ORIENTED_EDGE('',*,*,#10328,.T.);
#5775=ORIENTED_EDGE('',*,*,#10329,.F.);
#5776=ORIENTED_EDGE('',*,*,#10330,.T.);
#5777=CARTESIAN_POINT('',(-0.236668515376069,-2.48218149568407,-0.392680642468707));
#5778=DIRECTION('',(0.707106781186548,-0.707106781186548,0.0));
#5779=DIRECTION('',(0.0,0.0,-1.0));
#5780=SURFACE_STYLE_FILL_AREA(#10331);
#5781=ORIENTED_EDGE('',*,*,#10332,.T.);
#5782=ORIENTED_EDGE('',*,*,#10333,.F.);
#5783=ORIENTED_EDGE('',*,*,#10334,.T.);
#5784=ORIENTED_EDGE('',*,*,#10335,.F.);
#5785=CARTESIAN_POINT('',(-1.41169257955321,-2.40148104310035,1.1882724933802));
#5786=DIRECTION('',(-0.683058480691089,-0.707100681184887,0.182865356543684));
#5787=DIRECTION('',(0.258592872642745,1.61120473069871E-005,0.965986400504052));
#5788=SURFACE_STYLE_FILL_AREA(#10336);
#5789=ORIENTED_EDGE('',*,*,#9815,.T.);
#5790=ORIENTED_EDGE('',*,*,#10337,.F.);
#5791=ORIENTED_EDGE('',*,*,#10338,.T.);
#5792=ORIENTED_EDGE('',*,*,#10339,.T.);
#5793=CARTESIAN_POINT('',(0.795107052130051,-2.212496456314,0.0949539676676587));
#5794=DIRECTION('',(-0.86602540378444,0.0,0.499999999999999));
#5795=DIRECTION('',(0.0,1.0,0.0));
#5796=SURFACE_STYLE_FILL_AREA(#10340);
#5797=ORIENTED_EDGE('',*,*,#10341,.T.);
#5798=ORIENTED_EDGE('',*,*,#10342,.T.);
#5799=ORIENTED_EDGE('',*,*,#9946,.T.);
#5800=ORIENTED_EDGE('',*,*,#10343,.F.);
#5801=CARTESIAN_POINT('',(-1.21765152972961,-2.28297494032764,-0.715633673692343));
#5802=DIRECTION('',(-6.12303176911189E-017,0.0,1.0));
#5803=DIRECTION('',(0.0,1.0,0.0));
#5804=SURFACE_STYLE_FILL_AREA(#10344);
#5805=ORIENTED_EDGE('',*,*,#10345,.T.);
#5806=ORIENTED_EDGE('',*,*,#10346,.T.);
#5807=ORIENTED_EDGE('',*,*,#10347,.T.);
#5808=ORIENTED_EDGE('',*,*,#10348,.T.);
#5809=CARTESIAN_POINT('',(-1.39763491184455,-2.40934729670813,-1.19512315947687));
#5810=DIRECTION('',(-0.0,-1.0,-0.0));
#5811=DIRECTION('',(-1.0,0.0,0.0));
#5812=SURFACE_STYLE_FILL_AREA(#10349);
#5813=ORIENTED_EDGE('',*,*,#10350,.T.);
#5814=ORIENTED_EDGE('',*,*,#10351,.T.);
#5815=ORIENTED_EDGE('',*,*,#10352,.F.);
#5816=ORIENTED_EDGE('',*,*,#10353,.T.);
#5817=CARTESIAN_POINT('',(0.322595784394308,-2.48218149568407,-0.402436611664212));
#5818=DIRECTION('',(-0.707106781186544,-0.707106781186551,0.0));
#5819=DIRECTION('',(0.0,0.0,1.0));
#5820=SURFACE_STYLE_FILL_AREA(#10354);
#5821=ORIENTED_EDGE('',*,*,#9808,.T.);
#5822=ORIENTED_EDGE('',*,*,#9696,.F.);
#5823=ORIENTED_EDGE('',*,*,#10355,.T.);
#5824=ORIENTED_EDGE('',*,*,#10356,.T.);
#5825=CARTESIAN_POINT('',(1.33573897368788,-2.212496456314,-0.080790063232429));
#5826=DIRECTION('',(0.866025403784439,0.0,0.499999999999999));
#5827=DIRECTION('',(0.0,-1.0,0.0));
#5828=SURFACE_STYLE_FILL_AREA(#10357);
#5829=ORIENTED_EDGE('',*,*,#9939,.F.);
#5830=ORIENTED_EDGE('',*,*,#9752,.F.);
#5831=ORIENTED_EDGE('',*,*,#10358,.F.);
#5832=ORIENTED_EDGE('',*,*,#10359,.T.);
#5833=CARTESIAN_POINT('',(-0.608828631495843,-2.212496456314,0.338866873992223));
#5834=DIRECTION('',(-6.12303176911189E-017,-0.0,-1.0));
#5835=DIRECTION('',(0.0,-1.0,0.0));
#5836=SURFACE_STYLE_FILL_AREA(#10360);
#5837=ORIENTED_EDGE('',*,*,#10361,.T.);
#5838=ORIENTED_EDGE('',*,*,#10335,.T.);
#5839=ORIENTED_EDGE('',*,*,#10362,.T.);
#5840=ORIENTED_EDGE('',*,*,#10363,.F.);
#5841=CARTESIAN_POINT('',(-1.89404753072608E-005,-2.40147019230269,1.7693852992817));
#5842=DIRECTION('',(0.0,-0.707106781186548,0.707106781186548));
#5843=DIRECTION('',(1.0,0.0,0.0));
#5844=SURFACE_STYLE_FILL_AREA(#10364);
#5845=ORIENTED_EDGE('',*,*,#10143,.F.);
#5846=ORIENTED_EDGE('',*,*,#10365,.F.);
#5847=ORIENTED_EDGE('',*,*,#10366,.F.);
#5848=ORIENTED_EDGE('',*,*,#10367,.T.);
#5849=CARTESIAN_POINT('',(0.422504626337225,-2.212496456314,0.797905534824694));
#5850=DIRECTION('',(-0.86602540378444,-0.0,-0.499999999999998));
#5851=DIRECTION('',(0.0,-1.0,0.0));
#5852=SURFACE_STYLE_FILL_AREA(#10368);
#5853=ORIENTED_EDGE('',*,*,#10369,.F.);
#5854=ORIENTED_EDGE('',*,*,#10191,.T.);
#5855=ORIENTED_EDGE('',*,*,#10370,.F.);
#5856=ORIENTED_EDGE('',*,*,#10371,.F.);
#5857=CARTESIAN_POINT('',(-1.89404753072608E-005,-2.40147019230269,-1.3644118143253));
#5858=DIRECTION('',(-0.0,0.707106781186548,0.707106781186548));
#5859=DIRECTION('',(1.0,0.0,0.0));
#5860=SURFACE_STYLE_FILL_AREA(#10372);
#5861=ORIENTED_EDGE('',*,*,#9814,.T.);
#5862=ORIENTED_EDGE('',*,*,#10373,.F.);
#5863=ORIENTED_EDGE('',*,*,#10374,.T.);
#5864=ORIENTED_EDGE('',*,*,#10337,.T.);
#5865=CARTESIAN_POINT('',(0.913217288350523,-2.212496456314,0.163144944343599));
#5866=DIRECTION('',(-6.12303176911189E-017,0.0,1.0));
#5867=DIRECTION('',(0.0,1.0,0.0));
#5868=SURFACE_STYLE_FILL_AREA(#10375);
#5869=ORIENTED_EDGE('',*,*,#10148,.F.);
#5870=ORIENTED_EDGE('',*,*,#10376,.F.);
#5871=ORIENTED_EDGE('',*,*,#10377,.F.);
#5872=ORIENTED_EDGE('',*,*,#10365,.T.);
#5873=CARTESIAN_POINT('',(0.422504626337225,-2.212496456314,0.661523581472813));
#5874=DIRECTION('',(-0.866025403784439,0.0,0.499999999999999));
#5875=DIRECTION('',(0.0,-1.0,0.0));
#5876=SURFACE_STYLE_FILL_AREA(#10378);
#5877=ORIENTED_EDGE('',*,*,#10379,.T.);
#5878=ORIENTED_EDGE('',*,*,#10329,.T.);
#5879=ORIENTED_EDGE('',*,*,#10380,.T.);
#5880=ORIENTED_EDGE('',*,*,#10381,.T.);
#5881=CARTESIAN_POINT('',(0.0678395803789955,-2.48218149568407,-1.07682014686682));
#5882=DIRECTION('',(-0.0,-0.707106781186548,-0.707106781186548));
#5883=DIRECTION('',(-1.0,0.0,0.0));
#5884=SURFACE_STYLE_FILL_AREA(#10382);
#5885=ORIENTED_EDGE('',*,*,#10383,.F.);
#5886=ORIENTED_EDGE('',*,*,#10384,.F.);
#5887=ORIENTED_EDGE('',*,*,#10385,.F.);
#5888=ORIENTED_EDGE('',*,*,#10386,.F.);
#5889=CARTESIAN_POINT('',(-1.56694807433357,-2.34241816284986,-0.496304240953982));
#5890=DIRECTION('',(0.707106781186548,0.707106781186548,0.0));
#5891=DIRECTION('',(0.0,0.0,-1.0));
#5892=SURFACE_STYLE_FILL_AREA(#10387);
#5893=ORIENTED_EDGE('',*,*,#10167,.F.);
#5894=ORIENTED_EDGE('',*,*,#10214,.F.);
#5895=ORIENTED_EDGE('',*,*,#10388,.F.);
#5896=ORIENTED_EDGE('',*,*,#9591,.T.);
#5897=CARTESIAN_POINT('',(0.304394390116753,-2.212496456314,0.514600448508508));
#5898=DIRECTION('',(-6.12303176911189E-017,-0.0,-1.0));
#5899=DIRECTION('',(0.0,-1.0,0.0));
#5900=SURFACE_STYLE_FILL_AREA(#10389);
#5901=ORIENTED_EDGE('',*,*,#9860,.T.);
#5902=ORIENTED_EDGE('',*,*,#10390,.T.);
#5903=ORIENTED_EDGE('',*,*,#9719,.F.);
#5904=ORIENTED_EDGE('',*,*,#10330,.F.);
#5905=ORIENTED_EDGE('',*,*,#10391,.F.);
#5906=ORIENTED_EDGE('',*,*,#9885,.T.);
#5907=ORIENTED_EDGE('',*,*,#10392,.F.);
#5908=ORIENTED_EDGE('',*,*,#10393,.F.);
#5909=ORIENTED_EDGE('',*,*,#10286,.F.);
#5910=ORIENTED_EDGE('',*,*,#9871,.T.);
#5911=ORIENTED_EDGE('',*,*,#10394,.F.);
#5912=ORIENTED_EDGE('',*,*,#10395,.F.);
#5913=ORIENTED_EDGE('',*,*,#10396,.F.);
#5914=CARTESIAN_POINT('',(-0.230763003565045,0.30135766987085,-0.740502192495652));
#5915=DIRECTION('',(-1.0,0.0,0.0));
#5916=DIRECTION('',(0.0,-1.0,0.0));
#5917=SURFACE_STYLE_FILL_AREA(#10397);
#5918=ORIENTED_EDGE('',*,*,#9999,.F.);
#5919=ORIENTED_EDGE('',*,*,#10398,.F.);
#5920=ORIENTED_EDGE('',*,*,#10399,.F.);
#5921=ORIENTED_EDGE('',*,*,#10400,.F.);
#5922=CARTESIAN_POINT('',(0.726916075454111,-2.212496456314,1.54025973835715));
#5923=DIRECTION('',(-0.866025403784439,0.0,0.499999999999999));
#5924=DIRECTION('',(0.0,-1.0,0.0));
#5925=SURFACE_STYLE_FILL_AREA(#10401);
#5926=ORIENTED_EDGE('',*,*,#9803,.T.);
#5927=ORIENTED_EDGE('',*,*,#10402,.F.);
#5928=ORIENTED_EDGE('',*,*,#10403,.T.);
#5929=ORIENTED_EDGE('',*,*,#10404,.T.);
#5930=CARTESIAN_POINT('',(1.031327524571,-2.212496456314,-0.959534221308719));
#5931=DIRECTION('',(0.866025403784439,0.0,0.499999999999999));
#5932=DIRECTION('',(0.0,-1.0,0.0));
#5933=SURFACE_STYLE_FILL_AREA(#10405);
#5934=ORIENTED_EDGE('',*,*,#9977,.T.);
#5935=ORIENTED_EDGE('',*,*,#10406,.F.);
#5936=ORIENTED_EDGE('',*,*,#10407,.T.);
#5937=ORIENTED_EDGE('',*,*,#10408,.T.);
#5938=CARTESIAN_POINT('',(-5.73326207130851E-006,-2.212496456314,-0.988373576820256));
#5939=DIRECTION('',(6.12303176911189E-017,0.0,-1.0));
#5940=DIRECTION('',(0.0,-1.0,0.0));
#5941=SURFACE_STYLE_FILL_AREA(#10409);
#5942=ORIENTED_EDGE('',*,*,#10410,.T.);
#5943=ORIENTED_EDGE('',*,*,#10350,.F.);
#5944=ORIENTED_EDGE('',*,*,#10411,.T.);
#5945=ORIENTED_EDGE('',*,*,#10412,.F.);
#5946=ORIENTED_EDGE('',*,*,#10413,.T.);
#5947=ORIENTED_EDGE('',*,*,#10414,.T.);
#5948=CARTESIAN_POINT('',(0.108276755440996,-2.49399251930612,-0.427479851371192));
#5949=DIRECTION('',(8.65927457071938E-017,-0.707106781186546,-0.707106781186549));
#5950=DIRECTION('',(-1.0,0.0,-1.22460635382238E-016));
#5951=SURFACE_STYLE_FILL_AREA(#10415);
#5952=ORIENTED_EDGE('',*,*,#10135,.F.);
#5953=ORIENTED_EDGE('',*,*,#10416,.F.);
#5954=ORIENTED_EDGE('',*,*,#10417,.F.);
#5955=ORIENTED_EDGE('',*,*,#10418,.T.);
#5956=CARTESIAN_POINT('',(-0.42252741859943,-2.212496456314,0.446419928216372));
#5957=DIRECTION('',(0.866025403784439,0.0,-0.499999999999999));
#5958=DIRECTION('',(0.0,1.0,0.0));
#5959=SURFACE_STYLE_FILL_AREA(#10419);
#5960=ORIENTED_EDGE('',*,*,#10104,.F.);
#5961=ORIENTED_EDGE('',*,*,#10420,.F.);
#5962=ORIENTED_EDGE('',*,*,#10421,.F.);
#5963=ORIENTED_EDGE('',*,*,#10422,.T.);
#5964=CARTESIAN_POINT('',(-5.73326207131827E-006,-2.212496456314,1.12058315507289));
#5965=DIRECTION('',(6.12303176911189E-017,-0.0,1.0));
#5966=DIRECTION('',(0.0,1.0,0.0));
#5967=SURFACE_STYLE_FILL_AREA(#10423);
#5968=ORIENTED_EDGE('',*,*,#9978,.T.);
#5969=ORIENTED_EDGE('',*,*,#9640,.F.);
#5970=ORIENTED_EDGE('',*,*,#10424,.T.);
#5971=ORIENTED_EDGE('',*,*,#10425,.T.);
#5972=CARTESIAN_POINT('',(-1.21765152972961,-2.212496456314,0.0660986097722243));
#5973=DIRECTION('',(6.12303176911189E-017,0.0,-1.0));
#5974=DIRECTION('',(0.0,-1.0,0.0));
#5975=SURFACE_STYLE_FILL_AREA(#10426);
#5976=ORIENTED_EDGE('',*,*,#10427,.T.);
#5977=ORIENTED_EDGE('',*,*,#9787,.T.);
#5978=ORIENTED_EDGE('',*,*,#10428,.F.);
#5979=ORIENTED_EDGE('',*,*,#10429,.T.);
#5980=CARTESIAN_POINT('',(1.031327524571,-2.212496456314,-0.392924048676348));
#5981=DIRECTION('',(0.86602540378444,0.0,-0.499999999999998));
#5982=DIRECTION('',(0.0,-1.0,0.0));
#5983=SURFACE_STYLE_FILL_AREA(#10430);
#5984=ORIENTED_EDGE('',*,*,#10431,.T.);
#5985=ORIENTED_EDGE('',*,*,#10432,.F.);
#5986=ORIENTED_EDGE('',*,*,#10433,.F.);
#5987=ORIENTED_EDGE('',*,*,#10434,.T.);
#5988=ORIENTED_EDGE('',*,*,#10435,.F.);
#5989=CARTESIAN_POINT('',(1.55513769519965,-2.40934729670813,-1.06502372183984));
#5990=DIRECTION('',(-0.258665459439781,0.0,0.965966966356928));
#5991=DIRECTION('',(0.965966966356928,0.0,0.258665459439781));
#5992=SURFACE_STYLE_FILL_AREA(#10436);
#5993=ORIENTED_EDGE('',*,*,#10087,.F.);
#5994=ORIENTED_EDGE('',*,*,#10437,.F.);
#5995=ORIENTED_EDGE('',*,*,#10438,.F.);
#5996=ORIENTED_EDGE('',*,*,#10439,.T.);
#5997=CARTESIAN_POINT('',(0.608805839233638,-2.212496456314,1.12057269868909));
#5998=DIRECTION('',(6.12303176911189E-017,-0.0,1.0));
#5999=DIRECTION('',(0.0,1.0,0.0));
#6000=SURFACE_STYLE_FILL_AREA(#10440);
#6001=ORIENTED_EDGE('',*,*,#10441,.F.);
#6002=ORIENTED_EDGE('',*,*,#10371,.T.);
#6003=ORIENTED_EDGE('',*,*,#10442,.F.);
#6004=ORIENTED_EDGE('',*,*,#10443,.T.);
#6005=CARTESIAN_POINT('',(-1.41169257955321,-2.40148104310035,-0.7832990084238));
#6006=DIRECTION('',(0.683058480691089,0.707100681184887,0.182865356543684));
#6007=DIRECTION('',(0.258592872642745,1.61120473069871E-005,-0.965986400504052));
#6008=SURFACE_STYLE_FILL_AREA(#10444);
#6009=ORIENTED_EDGE('',*,*,#10169,.F.);
#6010=ORIENTED_EDGE('',*,*,#10445,.F.);
#6011=ORIENTED_EDGE('',*,*,#10446,.F.);
#6012=ORIENTED_EDGE('',*,*,#9765,.T.);
#6013=CARTESIAN_POINT('',(0.304394390116753,-2.212496456314,0.241836541804746));
#6014=DIRECTION('',(6.12303176911189E-017,-0.0,1.0));
#6015=DIRECTION('',(0.0,1.0,0.0));
#6016=SURFACE_STYLE_FILL_AREA(#10447);
#6017=ORIENTED_EDGE('',*,*,#10034,.F.);
#6018=ORIENTED_EDGE('',*,*,#10448,.F.);
#6019=ORIENTED_EDGE('',*,*,#10449,.F.);
#6020=ORIENTED_EDGE('',*,*,#10450,.T.);
#6021=CARTESIAN_POINT('',(-0.42252741859943,-2.212496456314,0.797915991208499));
#6022=DIRECTION('',(0.866025403784439,0.0,-0.499999999999999));
#6023=DIRECTION('',(0.0,1.0,0.0));
#6024=SURFACE_STYLE_FILL_AREA(#10451);
#6025=ORIENTED_EDGE('',*,*,#9703,.F.);
#6026=ORIENTED_EDGE('',*,*,#10452,.F.);
#6027=ORIENTED_EDGE('',*,*,#10453,.T.);
#6028=ORIENTED_EDGE('',*,*,#9989,.F.);
#6029=CARTESIAN_POINT('',(-0.726938867716316,-2.212496456314,1.54027819593291));
#6030=DIRECTION('',(0.86602540378444,-0.0,0.499999999999999));
#6031=DIRECTION('',(0.0,1.0,0.0));
#6032=SURFACE_STYLE_FILL_AREA(#10454);
#6033=ORIENTED_EDGE('',*,*,#9901,.T.);
#6034=ORIENTED_EDGE('',*,*,#10455,.F.);
#6035=ORIENTED_EDGE('',*,*,#9653,.F.);
#6036=ORIENTED_EDGE('',*,*,#10456,.F.);
#6037=CARTESIAN_POINT('',(0.597400426864622,-2.26935338973999,-0.449730879562293));
#6038=DIRECTION('',(0.0,0.0,1.0));
#6039=DIRECTION('',(1.0,0.0,0.0));
#6040=SURFACE_STYLE_FILL_AREA(#10457);
#6041=ORIENTED_EDGE('',*,*,#9785,.T.);
#6042=ORIENTED_EDGE('',*,*,#10458,.F.);
#6043=ORIENTED_EDGE('',*,*,#10413,.F.);
#6044=ORIENTED_EDGE('',*,*,#10459,.F.);
#6045=ORIENTED_EDGE('',*,*,#10460,.F.);
#6046=ORIENTED_EDGE('',*,*,#9805,.T.);
#6047=ORIENTED_EDGE('',*,*,#10461,.F.);
#6048=ORIENTED_EDGE('',*,*,#10462,.F.);
#6049=ORIENTED_EDGE('',*,*,#9698,.F.);
#6050=ORIENTED_EDGE('',*,*,#9789,.T.);
#6051=ORIENTED_EDGE('',*,*,#10463,.F.);
#6052=ORIENTED_EDGE('',*,*,#10464,.F.);
#6053=ORIENTED_EDGE('',*,*,#10465,.F.);
#6054=CARTESIAN_POINT('',(0.877748315958239,-1.63911901964488,-0.760014130886662));
#6055=DIRECTION('',(-1.0,0.0,0.0));
#6056=DIRECTION('',(0.0,0.0,1.0));
#6057=SURFACE_STYLE_FILL_AREA(#10466);
#6058=ORIENTED_EDGE('',*,*,#9904,.T.);
#6059=ORIENTED_EDGE('',*,*,#10467,.T.);
#6060=ORIENTED_EDGE('',*,*,#10468,.F.);
#6061=ORIENTED_EDGE('',*,*,#10469,.F.);
#6062=CARTESIAN_POINT('',(-0.846765242692994,-0.516857326030731,-0.740502192495652));
#6063=DIRECTION('',(1.0,0.0,0.0));
#6064=DIRECTION('',(0.0,1.0,0.0));
#6065=SURFACE_STYLE_FILL_AREA(#10470);
#6066=ORIENTED_EDGE('',*,*,#10471,.T.);
#6067=ORIENTED_EDGE('',*,*,#10472,.T.);
#6068=ORIENTED_EDGE('',*,*,#10473,.T.);
#6069=ORIENTED_EDGE('',*,*,#9836,.T.);
#6070=CARTESIAN_POINT('',(-0.186306946158485,-2.212496456314,-0.041446443259975));
#6071=DIRECTION('',(0.86602540378444,0.0,-0.499999999999998));
#6072=DIRECTION('',(0.0,-1.0,0.0));
#6073=SURFACE_STYLE_FILL_AREA(#10474);
#6074=ORIENTED_EDGE('',*,*,#10441,.T.);
#6075=ORIENTED_EDGE('',*,*,#10347,.F.);
#6076=ORIENTED_EDGE('',*,*,#10475,.F.);
#6077=ORIENTED_EDGE('',*,*,#10476,.T.);
#6078=ORIENTED_EDGE('',*,*,#10477,.F.);
#6079=CARTESIAN_POINT('',(-1.26743877720969,-2.40934729670813,-1.35262050051589));
#6080=DIRECTION('',(0.966015781984191,0.0,0.258483092208123));
#6081=DIRECTION('',(0.258483092208123,0.0,-0.966015781984191));
#6082=SURFACE_STYLE_FILL_AREA(#10478);
#6083=ORIENTED_EDGE('',*,*,#10479,.T.);
#6084=ORIENTED_EDGE('',*,*,#9687,.T.);
#6085=ORIENTED_EDGE('',*,*,#10480,.F.);
#6086=ORIENTED_EDGE('',*,*,#10481,.T.);
#6087=CARTESIAN_POINT('',(0.492139845262728,-2.69871692875494,-0.0199258790530056));
#6088=DIRECTION('',(-0.0,-0.707106781186547,-0.707106781186548));
#6089=DIRECTION('',(-1.0,0.0,0.0));
#6090=SURFACE_STYLE_FILL_AREA(#10482);
#6091=ORIENTED_EDGE('',*,*,#10024,.F.);
#6092=ORIENTED_EDGE('',*,*,#10483,.F.);
#6093=ORIENTED_EDGE('',*,*,#10484,.F.);
#6094=ORIENTED_EDGE('',*,*,#10485,.T.);
#6095=CARTESIAN_POINT('',(-0.608828631495843,-2.212496456314,1.12059115626484));
#6096=DIRECTION('',(6.12303176911189E-017,-0.0,1.0));
#6097=DIRECTION('',(0.0,1.0,0.0));
#6098=SURFACE_STYLE_FILL_AREA(#10486);
#6099=ORIENTED_EDGE('',*,*,#10487,.F.);
#6100=ORIENTED_EDGE('',*,*,#10488,.F.);
#6101=ORIENTED_EDGE('',*,*,#10489,.T.);
#6102=ORIENTED_EDGE('',*,*,#9993,.F.);
#6103=CARTESIAN_POINT('',(-0.118115969482544,-2.212496456314,1.54027019474096));
#6104=DIRECTION('',(0.86602540378444,-0.0,0.499999999999999));
#6105=DIRECTION('',(0.0,1.0,0.0));
#6106=SURFACE_STYLE_FILL_AREA(#10490);
#6107=ORIENTED_EDGE('',*,*,#9801,.T.);
#6108=ORIENTED_EDGE('',*,*,#10491,.F.);
#6109=ORIENTED_EDGE('',*,*,#10492,.T.);
#6110=ORIENTED_EDGE('',*,*,#10493,.T.);
#6111=CARTESIAN_POINT('',(0.913217288350523,-2.212496456314,-1.16410715133654));
#6112=DIRECTION('',(6.12303176911189E-017,0.0,-1.0));
#6113=DIRECTION('',(0.0,-1.0,0.0));
#6114=SURFACE_STYLE_FILL_AREA(#10494);
#6115=ORIENTED_EDGE('',*,*,#10495,.F.);
#6116=ORIENTED_EDGE('',*,*,#10496,.T.);
#6117=ORIENTED_EDGE('',*,*,#10480,.T.);
#6118=ORIENTED_EDGE('',*,*,#9686,.T.);
#6119=CARTESIAN_POINT('',(-0.937267286862507,-2.69871692875494,-0.203893460654112));
#6120=DIRECTION('',(-0.0,-1.0,-0.0));
#6121=DIRECTION('',(-1.0,0.0,-3.11751690276878E-016));
#6122=SURFACE_STYLE_FILL_AREA(#10497);
#6123=ORIENTED_EDGE('',*,*,#9927,.T.);
#6124=ORIENTED_EDGE('',*,*,#10498,.F.);
#6125=ORIENTED_EDGE('',*,*,#10499,.T.);
#6126=ORIENTED_EDGE('',*,*,#10500,.T.);
#6127=CARTESIAN_POINT('',(1.21762873746741,-2.212496456314,0.0661330697318763));
#6128=DIRECTION('',(6.12303176911189E-017,0.0,-1.0));
#6129=DIRECTION('',(0.0,-1.0,0.0));
#6130=SURFACE_STYLE_FILL_AREA(#10501);
#6131=ORIENTED_EDGE('',*,*,#10138,.F.);
#6132=ORIENTED_EDGE('',*,*,#10502,.F.);
#6133=ORIENTED_EDGE('',*,*,#10503,.F.);
#6134=ORIENTED_EDGE('',*,*,#10317,.T.);
#6135=CARTESIAN_POINT('',(0.118104502958401,-2.212496456314,0.622163959116461));
#6136=DIRECTION('',(-0.86602540378444,-0.0,-0.499999999999998));
#6137=DIRECTION('',(0.0,-1.0,0.0));
#6138=SURFACE_STYLE_FILL_AREA(#10504);
#6139=ORIENTED_EDGE('',*,*,#10465,.T.);
#6140=ORIENTED_EDGE('',*,*,#10505,.T.);
#6141=ORIENTED_EDGE('',*,*,#10428,.T.);
#6142=ORIENTED_EDGE('',*,*,#9786,.T.);
#6143=CARTESIAN_POINT('',(0.913217288350523,-2.212496456314,-0.461115025352288));
#6144=DIRECTION('',(6.12303176911189E-017,0.0,-1.0));
#6145=DIRECTION('',(0.0,-1.0,0.0));
#6146=SURFACE_STYLE_FILL_AREA(#10506);
#6147=ORIENTED_EDGE('',*,*,#10020,.F.);
#6148=ORIENTED_EDGE('',*,*,#10507,.F.);
#6149=ORIENTED_EDGE('',*,*,#10508,.F.);
#6150=ORIENTED_EDGE('',*,*,#10509,.T.);
#6151=CARTESIAN_POINT('',(-0.795129844392255,-2.212496456314,0.310045976056441));
#6152=DIRECTION('',(-0.866025403784439,0.0,0.499999999999999));
#6153=DIRECTION('',(0.0,-1.0,0.0));
#6154=SURFACE_STYLE_FILL_AREA(#10510);
#6155=ORIENTED_EDGE('',*,*,#10511,.T.);
#6156=ORIENTED_EDGE('',*,*,#9930,.F.);
#6157=ORIENTED_EDGE('',*,*,#10512,.F.);
#6158=ORIENTED_EDGE('',*,*,#10513,.F.);
#6159=CARTESIAN_POINT('',(0.490695603013166,-2.212496456314,0.270657439740531));
#6160=DIRECTION('',(0.866025403784439,0.0,-0.499999999999999));
#6161=DIRECTION('',(0.0,1.0,0.0));
#6162=SURFACE_STYLE_FILL_AREA(#10514);
#6163=ORIENTED_EDGE('',*,*,#9962,.T.);
#6164=ORIENTED_EDGE('',*,*,#10515,.F.);
#6165=ORIENTED_EDGE('',*,*,#10516,.T.);
#6166=ORIENTED_EDGE('',*,*,#10517,.T.);
#6167=CARTESIAN_POINT('',(1.09951850124694,-2.212496456314,-0.920164142568561));
#6168=DIRECTION('',(-0.866025403784439,0.0,-0.499999999999999));
#6169=DIRECTION('',(0.0,1.0,0.0));
#6170=SURFACE_STYLE_FILL_AREA(#10518);
#6171=ORIENTED_EDGE('',*,*,#9924,.F.);
#6172=ORIENTED_EDGE('',*,*,#9634,.F.);
#6173=ORIENTED_EDGE('',*,*,#10519,.F.);
#6174=ORIENTED_EDGE('',*,*,#10520,.T.);
#6175=CARTESIAN_POINT('',(1.21762873746741,-2.212496456314,0.338840415224521));
#6176=DIRECTION('',(-6.12303176911189E-017,-0.0,-1.0));
#6177=DIRECTION('',(0.0,-1.0,0.0));
#6178=SURFACE_STYLE_FILL_AREA(#10521);
#6179=ORIENTED_EDGE('',*,*,#9848,.T.);
#6180=ORIENTED_EDGE('',*,*,#10522,.F.);
#6181=ORIENTED_EDGE('',*,*,#10523,.T.);
#6182=ORIENTED_EDGE('',*,*,#10524,.T.);
#6183=CARTESIAN_POINT('',(-0.913240080612727,-2.212496456314,0.163118485575897));
#6184=DIRECTION('',(-6.12303176911189E-017,0.0,1.0));
#6185=DIRECTION('',(0.0,1.0,0.0));
#6186=SURFACE_STYLE_FILL_AREA(#10525);
#6187=ORIENTED_EDGE('',*,*,#9972,.T.);
#6188=ORIENTED_EDGE('',*,*,#10408,.F.);
#6189=ORIENTED_EDGE('',*,*,#10526,.T.);
#6190=ORIENTED_EDGE('',*,*,#10527,.T.);
#6191=CARTESIAN_POINT('',(0.118104502958401,-2.212496456314,-0.920182600144315));
#6192=DIRECTION('',(0.86602540378444,0.0,-0.499999999999998));
#6193=DIRECTION('',(0.0,-1.0,0.0));
#6194=SURFACE_STYLE_FILL_AREA(#10528);
#6195=ORIENTED_EDGE('',*,*,#9774,.F.);
#6196=ORIENTED_EDGE('',*,*,#10529,.F.);
#6197=ORIENTED_EDGE('',*,*,#10530,.F.);
#6198=ORIENTED_EDGE('',*,*,#9864,.T.);
#6199=ORIENTED_EDGE('',*,*,#10531,.F.);
#6200=ORIENTED_EDGE('',*,*,#10532,.F.);
#6201=ORIENTED_EDGE('',*,*,#10533,.T.);
#6202=ORIENTED_EDGE('',*,*,#9608,.F.);
#6203=CARTESIAN_POINT('',(-1.03631432041918,-1.5441483618645,-0.203893459241792));
#6204=DIRECTION('',(0.0,-1.0,-0.0));
#6205=DIRECTION('',(-0.707106781186547,0.0,-0.707106781186548));
#6206=SURFACE_STYLE_FILL_AREA(#10534);
#6207=ORIENTED_EDGE('',*,*,#9893,.T.);
#6208=ORIENTED_EDGE('',*,*,#10535,.F.);
#6209=ORIENTED_EDGE('',*,*,#10536,.T.);
#6210=ORIENTED_EDGE('',*,*,#9562,.T.);
#6211=CARTESIAN_POINT('',(-1.0313503168332,-2.212496456314,-0.744446570436176));
#6212=DIRECTION('',(-0.866025403784439,0.0,-0.499999999999999));
#6213=DIRECTION('',(0.0,1.0,0.0));
#6214=SURFACE_STYLE_FILL_AREA(#10537);
#6215=ORIENTED_EDGE('',*,*,#10538,.T.);
#6216=ORIENTED_EDGE('',*,*,#10539,.T.);
#6217=ORIENTED_EDGE('',*,*,#10540,.T.);
#6218=ORIENTED_EDGE('',*,*,#10541,.F.);
#6219=CARTESIAN_POINT('',(0.0678395803789955,-2.48218149568407,-0.460817907738873));
#6220=DIRECTION('',(-0.0,-0.707106781186548,-0.707106781186548));
#6221=DIRECTION('',(-1.0,0.0,0.0));
#6222=SURFACE_STYLE_FILL_AREA(#10542);
#6223=ORIENTED_EDGE('',*,*,#10543,.T.);
#6224=ORIENTED_EDGE('',*,*,#9688,.T.);
#6225=ORIENTED_EDGE('',*,*,#10479,.F.);
#6226=ORIENTED_EDGE('',*,*,#10187,.T.);
#6227=ORIENTED_EDGE('',*,*,#10544,.T.);
#6228=CARTESIAN_POINT('',(0.937295016119966,-2.69871692875494,-0.203893460654112));
#6229=DIRECTION('',(-0.0,-1.0,0.0));
#6230=DIRECTION('',(1.0,0.0,0.0));
#6231=SURFACE_STYLE_FILL_AREA(#10545);
#6232=ORIENTED_EDGE('',*,*,#10080,.F.);
#6233=ORIENTED_EDGE('',*,*,#10546,.F.);
#6234=ORIENTED_EDGE('',*,*,#10547,.F.);
#6235=ORIENTED_EDGE('',*,*,#10548,.T.);
#6236=CARTESIAN_POINT('',(0.18628415389628,-2.212496456314,1.36451570745706));
#6237=DIRECTION('',(0.86602540378444,-0.0,0.499999999999999));
#6238=DIRECTION('',(0.0,1.0,0.0));
#6239=SURFACE_STYLE_FILL_AREA(#10549);
#6240=ORIENTED_EDGE('',*,*,#10106,.F.);
#6241=ORIENTED_EDGE('',*,*,#9588,.F.);
#6242=ORIENTED_EDGE('',*,*,#10550,.F.);
#6243=ORIENTED_EDGE('',*,*,#10551,.T.);
#6244=CARTESIAN_POINT('',(-1.0313503168332,-2.212496456314,1.5009161183847));
#6245=DIRECTION('',(0.866025403784439,0.0,-0.499999999999999));
#6246=DIRECTION('',(0.0,1.0,0.0));
#6247=SURFACE_STYLE_FILL_AREA(#10552);
#6248=ORIENTED_EDGE('',*,*,#10553,.F.);
#6249=ORIENTED_EDGE('',*,*,#10554,.T.);
#6250=ORIENTED_EDGE('',*,*,#10498,.T.);
#6251=ORIENTED_EDGE('',*,*,#9926,.T.);
#6252=CARTESIAN_POINT('',(1.09951850124694,-2.212496456314,0.134324046407817));
#6253=DIRECTION('',(-0.866025403784439,0.0,-0.499999999999999));
#6254=DIRECTION('',(0.0,1.0,0.0));
#6255=SURFACE_STYLE_FILL_AREA(#10555);
#6256=ORIENTED_EDGE('',*,*,#9791,.T.);
#6257=ORIENTED_EDGE('',*,*,#10556,.F.);
#6258=ORIENTED_EDGE('',*,*,#10557,.T.);
#6259=ORIENTED_EDGE('',*,*,#10558,.T.);
#6260=CARTESIAN_POINT('',(1.031327524571,-2.212496456314,-0.608038158316593));
#6261=DIRECTION('',(0.866025403784439,0.0,0.499999999999999));
#6262=DIRECTION('',(0.0,-1.0,0.0));
#6263=SURFACE_STYLE_FILL_AREA(#10559);
#6264=ORIENTED_EDGE('',*,*,#10560,.T.);
#6265=ORIENTED_EDGE('',*,*,#9809,.T.);
#6266=ORIENTED_EDGE('',*,*,#10356,.F.);
#6267=ORIENTED_EDGE('',*,*,#10561,.T.);
#6268=CARTESIAN_POINT('',(1.21762873746741,-2.212496456314,-0.0125990865564887));
#6269=DIRECTION('',(-6.12303176911189E-017,0.0,1.0));
#6270=DIRECTION('',(0.0,1.0,0.0));
#6271=SURFACE_STYLE_FILL_AREA(#10562);
#6272=ORIENTED_EDGE('',*,*,#10563,.T.);
#6273=ORIENTED_EDGE('',*,*,#10254,.T.);
#6274=ORIENTED_EDGE('',*,*,#10564,.F.);
#6275=ORIENTED_EDGE('',*,*,#10565,.T.);
#6276=CARTESIAN_POINT('',(0.698805155604925,-2.34241816284986,1.76938794124576));
#6277=DIRECTION('',(0.0,-0.707106781186548,0.707106781186548));
#6278=DIRECTION('',(1.0,0.0,0.0));
#6279=SURFACE_STYLE_FILL_AREA(#10566);
#6280=ORIENTED_EDGE('',*,*,#10128,.F.);
#6281=ORIENTED_EDGE('',*,*,#10296,.F.);
#6282=ORIENTED_EDGE('',*,*,#10567,.F.);
#6283=ORIENTED_EDGE('',*,*,#10568,.T.);
#6284=CARTESIAN_POINT('',(-0.608828631495843,-2.212496456314,0.690362936984349));
#6285=DIRECTION('',(-6.12303176911189E-017,-0.0,-1.0));
#6286=DIRECTION('',(0.0,-1.0,0.0));
#6287=SURFACE_STYLE_FILL_AREA(#10569);
#6288=ORIENTED_EDGE('',*,*,#10054,.F.);
#6289=ORIENTED_EDGE('',*,*,#10222,.F.);
#6290=ORIENTED_EDGE('',*,*,#10570,.F.);
#6291=ORIENTED_EDGE('',*,*,#10571,.T.);
#6292=CARTESIAN_POINT('',(0.118104502958401,-2.212496456314,0.837278068756707));
#6293=DIRECTION('',(-0.866025403784439,0.0,0.499999999999999));
#6294=DIRECTION('',(0.0,-1.0,0.0));
#6295=SURFACE_STYLE_FILL_AREA(#10572);
#6296=ORIENTED_EDGE('',*,*,#10573,.F.);
#6297=ORIENTED_EDGE('',*,*,#10574,.F.);
#6298=ORIENTED_EDGE('',*,*,#10575,.F.);
#6299=ORIENTED_EDGE('',*,*,#10576,.F.);
#6300=CARTESIAN_POINT('',(1.41730389417036,-2.34241816284986,-1.21480815707676));
#6301=DIRECTION('',(-0.0,1.0,0.0));
#6302=DIRECTION('',(0.707106781186547,0.0,-0.707106781186547));
#6303=SURFACE_STYLE_FILL_AREA(#10577);
#6304=ORIENTED_EDGE('',*,*,#10578,.T.);
#6305=ORIENTED_EDGE('',*,*,#9895,.T.);
#6306=ORIENTED_EDGE('',*,*,#10579,.F.);
#6307=ORIENTED_EDGE('',*,*,#10496,.F.);
#6308=ORIENTED_EDGE('',*,*,#10580,.F.);
#6309=CARTESIAN_POINT('',(-0.937267286862507,-0.854361676174073,-0.203893460654112));
#6310=DIRECTION('',(0.0,-1.0,-0.0));
#6311=DIRECTION('',(-0.707106781186547,0.0,-0.707106781186548));
#6312=SURFACE_STYLE_FILL_AREA(#10581);
#6313=ORIENTED_EDGE('',*,*,#10582,.T.);
#6314=ORIENTED_EDGE('',*,*,#10583,.T.);
#6315=ORIENTED_EDGE('',*,*,#9948,.T.);
#6316=ORIENTED_EDGE('',*,*,#10584,.F.);
#6317=CARTESIAN_POINT('',(-1.33576176595008,-2.28297494032764,-0.920206603720164));
#6318=DIRECTION('',(-0.866025403784439,0.0,-0.499999999999999));
#6319=DIRECTION('',(0.0,1.0,0.0));
#6320=SURFACE_STYLE_FILL_AREA(#10585);
#6321=ORIENTED_EDGE('',*,*,#10586,.T.);
#6322=ORIENTED_EDGE('',*,*,#10576,.T.);
#6323=ORIENTED_EDGE('',*,*,#10587,.F.);
#6324=ORIENTED_EDGE('',*,*,#9916,.F.);
#6325=CARTESIAN_POINT('',(1.41730389417036,-2.29123661379431,-1.21480815707676));
#6326=DIRECTION('',(0.0,1.0,0.0));
#6327=DIRECTION('',(0.707106781186547,0.0,-0.707106781186547));
#6328=SURFACE_STYLE_FILL_AREA(#10588);
#6329=ORIENTED_EDGE('',*,*,#10076,.F.);
#6330=ORIENTED_EDGE('',*,*,#10589,.F.);
#6331=ORIENTED_EDGE('',*,*,#10590,.F.);
#6332=ORIENTED_EDGE('',*,*,#10591,.T.);
#6333=CARTESIAN_POINT('',(0.422504626337225,-2.212496456314,1.01301964446494));
#6334=DIRECTION('',(-0.866025403784439,0.0,0.499999999999999));
#6335=DIRECTION('',(0.0,-1.0,0.0));
#6336=SURFACE_STYLE_FILL_AREA(#10592);
#6337=ORIENTED_EDGE('',*,*,#10593,.T.);
#6338=ORIENTED_EDGE('',*,*,#9834,.T.);
#6339=ORIENTED_EDGE('',*,*,#10594,.F.);
#6340=ORIENTED_EDGE('',*,*,#10595,.T.);
#6341=CARTESIAN_POINT('',(0.18628415389628,-2.212496456314,-0.04143598687617));
#6342=DIRECTION('',(-0.866025403784439,0.0,-0.499999999999999));
#6343=DIRECTION('',(0.0,1.0,0.0));
#6344=SURFACE_STYLE_FILL_AREA(#10596);
#6345=ORIENTED_EDGE('',*,*,#9813,.T.);
#6346=ORIENTED_EDGE('',*,*,#10597,.F.);
#6347=ORIENTED_EDGE('',*,*,#10598,.T.);
#6348=ORIENTED_EDGE('',*,*,#10373,.T.);
#6349=CARTESIAN_POINT('',(1.031327524571,-2.212496456314,0.0949539676676587));
#6350=DIRECTION('',(0.866025403784439,0.0,0.499999999999999));
#6351=DIRECTION('',(0.0,-1.0,0.0));
#6352=SURFACE_STYLE_FILL_AREA(#10599);
#6353=ORIENTED_EDGE('',*,*,#10600,.T.);
#6354=ORIENTED_EDGE('',*,*,#10601,.T.);
#6355=ORIENTED_EDGE('',*,*,#10333,.T.);
#6356=ORIENTED_EDGE('',*,*,#10602,.T.);
#6357=ORIENTED_EDGE('',*,*,#9615,.T.);
#6358=CARTESIAN_POINT('',(-1.39763491184455,-2.40147283426675,1.60009664443327));
#6359=DIRECTION('',(0.0,-1.0,-0.0));
#6360=DIRECTION('',(0.706970392048795,0.0,-0.707243144022176));
#6361=SURFACE_STYLE_FILL_AREA(#10603);
#6362=ORIENTED_EDGE('',*,*,#10072,.F.);
#6363=ORIENTED_EDGE('',*,*,#10604,.F.);
#6364=ORIENTED_EDGE('',*,*,#10605,.F.);
#6365=ORIENTED_EDGE('',*,*,#10606,.T.);
#6366=CARTESIAN_POINT('',(0.304394390116753,-2.212496456314,1.21759257449276));
#6367=DIRECTION('',(-6.12303176911189E-017,-0.0,-1.0));
#6368=DIRECTION('',(0.0,-1.0,0.0));
#6369=SURFACE_STYLE_FILL_AREA(#10607);
#6370=ORIENTED_EDGE('',*,*,#9854,.T.);
#6371=ORIENTED_EDGE('',*,*,#10608,.F.);
#6372=ORIENTED_EDGE('',*,*,#10609,.T.);
#6373=ORIENTED_EDGE('',*,*,#10610,.T.);
#6374=CARTESIAN_POINT('',(0.118104502958401,-2.212496456314,-0.56868653715219));
#6375=DIRECTION('',(0.86602540378444,0.0,-0.499999999999998));
#6376=DIRECTION('',(0.0,-1.0,0.0));
#6377=SURFACE_STYLE_FILL_AREA(#10611);
#6378=ORIENTED_EDGE('',*,*,#10154,.F.);
#6379=ORIENTED_EDGE('',*,*,#10240,.F.);
#6380=ORIENTED_EDGE('',*,*,#10612,.F.);
#6381=ORIENTED_EDGE('',*,*,#10613,.T.);
#6382=CARTESIAN_POINT('',(0.726916075454111,-2.212496456314,0.485771549380776));
#6383=DIRECTION('',(-0.866025403784439,0.0,0.499999999999999));
#6384=DIRECTION('',(0.0,-1.0,0.0));
#6385=SURFACE_STYLE_FILL_AREA(#10614);
#6386=SURFACE_STYLE_FILL_AREA(#10615);
#6387=ORIENTED_EDGE('',*,*,#9955,.T.);
#6388=ORIENTED_EDGE('',*,*,#10315,.F.);
#6389=ORIENTED_EDGE('',*,*,#10616,.T.);
#6390=ORIENTED_EDGE('',*,*,#10617,.T.);
#6391=CARTESIAN_POINT('',(0.608805839233638,-2.212496456314,-1.06709527672482));
#6392=DIRECTION('',(-6.12303176911189E-017,0.0,1.0));
#6393=DIRECTION('',(0.0,1.0,0.0));
#6394=SURFACE_STYLE_FILL_AREA(#10618);
#6395=ORIENTED_EDGE('',*,*,#10396,.T.);
#6396=ORIENTED_EDGE('',*,*,#10619,.T.);
#6397=ORIENTED_EDGE('',*,*,#10620,.T.);
#6398=ORIENTED_EDGE('',*,*,#9861,.T.);
#6399=CARTESIAN_POINT('',(-0.304417182378957,-2.212496456314,-0.461133482928042));
#6400=DIRECTION('',(6.12303176911189E-017,0.0,-1.0));
#6401=DIRECTION('',(0.0,-1.0,0.0));
#6402=SURFACE_STYLE_FILL_AREA(#10621);
#6403=ORIENTED_EDGE('',*,*,#10622,.T.);
#6404=ORIENTED_EDGE('',*,*,#10369,.T.);
#6405=ORIENTED_EDGE('',*,*,#10477,.T.);
#6406=ORIENTED_EDGE('',*,*,#10623,.T.);
#6407=ORIENTED_EDGE('',*,*,#10624,.T.);
#6408=ORIENTED_EDGE('',*,*,#9917,.T.);
#6409=ORIENTED_EDGE('',*,*,#10587,.T.);
#6410=ORIENTED_EDGE('',*,*,#10625,.T.);
#6411=CARTESIAN_POINT('',(-1.89404753072608E-005,-2.29123661379431,-1.37228847203739));
#6412=DIRECTION('',(0.0,-0.0,1.0));
#6413=DIRECTION('',(-1.0,0.0,0.0));
#6414=SURFACE_STYLE_FILL_AREA(#10626);
#6415=ORIENTED_EDGE('',*,*,#10044,.F.);
#6416=ORIENTED_EDGE('',*,*,#10627,.F.);
#6417=ORIENTED_EDGE('',*,*,#10628,.F.);
#6418=ORIENTED_EDGE('',*,*,#10629,.T.);
#6419=CARTESIAN_POINT('',(-0.304417182378957,-2.212496456314,1.56909909386869));
#6420=DIRECTION('',(-6.12303176911189E-017,-0.0,-1.0));
#6421=DIRECTION('',(0.0,-1.0,0.0));
#6422=SURFACE_STYLE_FILL_AREA(#10630);
#6423=ORIENTED_EDGE('',*,*,#10032,.F.);
#6424=ORIENTED_EDGE('',*,*,#10631,.F.);
#6425=ORIENTED_EDGE('',*,*,#10632,.F.);
#6426=ORIENTED_EDGE('',*,*,#10633,.T.);
#6427=CARTESIAN_POINT('',(-0.186306946158485,-2.212496456314,0.797915991208499));
#6428=DIRECTION('',(-0.86602540378444,-0.0,-0.499999999999998));
#6429=DIRECTION('',(0.0,-1.0,0.0));
#6430=SURFACE_STYLE_FILL_AREA(#10634);
#6431=ORIENTED_EDGE('',*,*,#10057,.F.);
#6432=ORIENTED_EDGE('',*,*,#10204,.F.);
#6433=ORIENTED_EDGE('',*,*,#10635,.F.);
#6434=ORIENTED_EDGE('',*,*,#10636,.T.);
#6435=CARTESIAN_POINT('',(1.09951850124694,-2.212496456314,0.973641564532832));
#6436=DIRECTION('',(0.866025403784439,0.0,-0.499999999999999));
#6437=DIRECTION('',(0.0,1.0,0.0));
#6438=SURFACE_STYLE_FILL_AREA(#10637);
#6439=ORIENTED_EDGE('',*,*,#10070,.F.);
#6440=ORIENTED_EDGE('',*,*,#10638,.F.);
#6441=ORIENTED_EDGE('',*,*,#10639,.F.);
#6442=ORIENTED_EDGE('',*,*,#10246,.T.);
#6443=CARTESIAN_POINT('',(0.726916075454111,-2.212496456314,0.837267612372901));
#6444=DIRECTION('',(-0.866025403784439,0.0,0.499999999999999));
#6445=DIRECTION('',(0.0,-1.0,0.0));
#6446=SURFACE_STYLE_FILL_AREA(#10640);
#6447=ORIENTED_EDGE('',*,*,#10641,.T.);
#6448=ORIENTED_EDGE('',*,*,#10642,.T.);
#6449=ORIENTED_EDGE('',*,*,#10643,.T.);
#6450=ORIENTED_EDGE('',*,*,#10363,.T.);
#6451=CARTESIAN_POINT('',(1.41168683778703,-2.40147283426675,1.18844042683848));
#6452=DIRECTION('',(0.68305173874285,-0.707106785573837,0.182866935217403));
#6453=DIRECTION('',(0.258688989276018,7.87690213041903E-005,-0.965960662047267));
#6454=SURFACE_STYLE_FILL_AREA(#10644);
#6455=ORIENTED_EDGE('',*,*,#10097,.F.);
#6456=ORIENTED_EDGE('',*,*,#10645,.F.);
#6457=ORIENTED_EDGE('',*,*,#10646,.F.);
#6458=ORIENTED_EDGE('',*,*,#10647,.T.);
#6459=CARTESIAN_POINT('',(0.795107052130051,-2.212496456314,1.01301164327299));
#6460=DIRECTION('',(0.86602540378444,-0.0,0.499999999999999));
#6461=DIRECTION('',(0.0,1.0,0.0));
#6462=SURFACE_STYLE_FILL_AREA(#10648);
#6463=ORIENTED_EDGE('',*,*,#10649,.F.);
#6464=ORIENTED_EDGE('',*,*,#10208,.T.);
#6465=ORIENTED_EDGE('',*,*,#9986,.F.);
#6466=ORIENTED_EDGE('',*,*,#10650,.F.);
#6467=CARTESIAN_POINT('',(-1.09954129350914,-2.28297494032764,1.18879813532468));
#6468=DIRECTION('',(-0.866025403784439,0.0,0.499999999999999));
#6469=DIRECTION('',(0.0,-1.0,0.0));
#6470=SURFACE_STYLE_FILL_AREA(#10651);
#6471=ORIENTED_EDGE('',*,*,#10652,.F.);
#6472=ORIENTED_EDGE('',*,*,#10653,.F.);
#6473=ORIENTED_EDGE('',*,*,#10654,.F.);
#6474=ORIENTED_EDGE('',*,*,#10655,.F.);
#6475=CARTESIAN_POINT('',(1.39762925168516,-2.40147283426675,-1.19514522410522));
#6476=DIRECTION('',(-0.0,-1.0,-0.0));
#6477=DIRECTION('',(-0.707033854371402,0.0,0.707179700481228));
#6478=SURFACE_STYLE_FILL_AREA(#10656);
#6479=ORIENTED_EDGE('',*,*,#9929,.F.);
#6480=ORIENTED_EDGE('',*,*,#9771,.F.);
#6481=ORIENTED_EDGE('',*,*,#10657,.F.);
#6482=ORIENTED_EDGE('',*,*,#10512,.T.);
#6483=CARTESIAN_POINT('',(0.608805839233638,-2.212496456314,0.338848416416471));
#6484=DIRECTION('',(-6.12303176911189E-017,-0.0,-1.0));
#6485=DIRECTION('',(0.0,-1.0,0.0));
#6486=SURFACE_STYLE_FILL_AREA(#10658);
#6487=ORIENTED_EDGE('',*,*,#10659,.F.);
#6488=ORIENTED_EDGE('',*,*,#10261,.T.);
#6489=ORIENTED_EDGE('',*,*,#10660,.F.);
#6490=ORIENTED_EDGE('',*,*,#9909,.F.);
#6491=CARTESIAN_POINT('',(1.39762925168516,-1.89753582639274,1.60011870906162));
#6492=DIRECTION('',(0.0,-1.0,0.0));
#6493=DIRECTION('',(1.0,0.0,0.0));
#6494=SURFACE_STYLE_FILL_AREA(#10661);
#6495=ORIENTED_EDGE('',*,*,#10010,.F.);
#6496=ORIENTED_EDGE('',*,*,#10662,.F.);
#6497=ORIENTED_EDGE('',*,*,#10663,.F.);
#6498=ORIENTED_EDGE('',*,*,#10664,.T.);
#6499=CARTESIAN_POINT('',(1.21762873746741,-2.212496456314,1.3933286042009));
#6500=DIRECTION('',(-6.12303176911189E-017,-0.0,-1.0));
#6501=DIRECTION('',(0.0,-1.0,0.0));
#6502=SURFACE_STYLE_FILL_AREA(#10665);
#6503=ORIENTED_EDGE('',*,*,#9819,.T.);
#6504=ORIENTED_EDGE('',*,*,#9668,.F.);
#6505=ORIENTED_EDGE('',*,*,#10666,.T.);
#6506=ORIENTED_EDGE('',*,*,#10667,.T.);
#6507=CARTESIAN_POINT('',(0.18628415389628,-2.212496456314,-0.959542222500667));
#6508=DIRECTION('',(-0.86602540378444,0.0,0.499999999999999));
#6509=DIRECTION('',(0.0,1.0,0.0));
#6510=SURFACE_STYLE_FILL_AREA(#10668);
#6511=ORIENTED_EDGE('',*,*,#10669,.T.);
#6512=ORIENTED_EDGE('',*,*,#9843,.T.);
#6513=ORIENTED_EDGE('',*,*,#10670,.F.);
#6514=ORIENTED_EDGE('',*,*,#10671,.T.);
#6515=CARTESIAN_POINT('',(0.304394390116753,-2.212496456314,-0.461123026544237));
#6516=DIRECTION('',(6.12303176911189E-017,0.0,-1.0));
#6517=DIRECTION('',(0.0,-1.0,0.0));
#6518=SURFACE_STYLE_FILL_AREA(#10672);
#6519=ORIENTED_EDGE('',*,*,#10543,.F.);
#6520=ORIENTED_EDGE('',*,*,#10673,.T.);
#6521=ORIENTED_EDGE('',*,*,#10674,.F.);
#6522=ORIENTED_EDGE('',*,*,#9689,.T.);
#6523=CARTESIAN_POINT('',(0.937295016119966,-2.69871692875494,-0.203893460654112));
#6524=DIRECTION('',(-0.0,-1.0,0.0));
#6525=DIRECTION('',(1.0,0.0,0.0));
#6526=SURFACE_STYLE_FILL_AREA(#10675);
#6527=ORIENTED_EDGE('',*,*,#10092,.F.);
#6528=ORIENTED_EDGE('',*,*,#10676,.F.);
#6529=ORIENTED_EDGE('',*,*,#10677,.F.);
#6530=ORIENTED_EDGE('',*,*,#10678,.T.);
#6531=CARTESIAN_POINT('',(0.913217288350523,-2.212496456314,1.29631672958918));
#6532=DIRECTION('',(6.12303176911189E-017,-0.0,1.0));
#6533=DIRECTION('',(0.0,1.0,0.0));
#6534=SURFACE_STYLE_FILL_AREA(#10679);
#6535=ORIENTED_EDGE('',*,*,#9821,.T.);
#6536=ORIENTED_EDGE('',*,*,#10680,.F.);
#6537=ORIENTED_EDGE('',*,*,#10681,.T.);
#6538=ORIENTED_EDGE('',*,*,#10682,.T.);
#6539=CARTESIAN_POINT('',(0.304394390116753,-2.212496456314,-1.16411515252849));
#6540=DIRECTION('',(6.12303176911189E-017,0.0,-1.0));
#6541=DIRECTION('',(0.0,-1.0,0.0));
#6542=SURFACE_STYLE_FILL_AREA(#10683);
#6543=ORIENTED_EDGE('',*,*,#10060,.F.);
#6544=ORIENTED_EDGE('',*,*,#9711,.F.);
#6545=ORIENTED_EDGE('',*,*,#10684,.F.);
#6546=ORIENTED_EDGE('',*,*,#10685,.T.);
#6547=CARTESIAN_POINT('',(0.913217288350523,-2.212496456314,0.866088510308686));
#6548=DIRECTION('',(-6.12303176911189E-017,-0.0,-1.0));
#6549=DIRECTION('',(0.0,-1.0,0.0));
#6550=SURFACE_STYLE_FILL_AREA(#10686);
#6551=ORIENTED_EDGE('',*,*,#10114,.F.);
#6552=ORIENTED_EDGE('',*,*,#10687,.F.);
#6553=ORIENTED_EDGE('',*,*,#10688,.F.);
#6554=ORIENTED_EDGE('',*,*,#10174,.T.);
#6555=CARTESIAN_POINT('',(-0.913240080612727,-2.212496456314,0.944847125364753));
#6556=DIRECTION('',(6.12303176911189E-017,-0.0,1.0));
#6557=DIRECTION('',(0.0,1.0,0.0));
#6558=SURFACE_STYLE_FILL_AREA(#10689);
#6559=ORIENTED_EDGE('',*,*,#10094,.F.);
#6560=ORIENTED_EDGE('',*,*,#10273,.F.);
#6561=ORIENTED_EDGE('',*,*,#10690,.F.);
#6562=ORIENTED_EDGE('',*,*,#10691,.T.);
#6563=CARTESIAN_POINT('',(1.031327524571,-2.212496456314,1.14939359662487));
#6564=DIRECTION('',(-0.86602540378444,-0.0,-0.499999999999998));
#6565=DIRECTION('',(0.0,-1.0,0.0));
#6566=SURFACE_STYLE_FILL_AREA(#10692);
#6567=ORIENTED_EDGE('',*,*,#9570,.F.);
#6568=ORIENTED_EDGE('',*,*,#10693,.F.);
#6569=ORIENTED_EDGE('',*,*,#10383,.T.);
#6570=ORIENTED_EDGE('',*,*,#10694,.F.);
#6571=CARTESIAN_POINT('',(-1.41734177512098,-2.34241816284986,-1.21480815707676));
#6572=DIRECTION('',(-0.0,1.0,0.0));
#6573=DIRECTION('',(-0.707106781186547,0.0,-0.707106781186547));
#6574=SURFACE_STYLE_FILL_AREA(#10695);
#6575=ORIENTED_EDGE('',*,*,#10696,.T.);
#6576=ORIENTED_EDGE('',*,*,#10697,.T.);
#6577=ORIENTED_EDGE('',*,*,#10698,.T.);
#6578=ORIENTED_EDGE('',*,*,#9830,.T.);
#6579=CARTESIAN_POINT('',(0.422504626337225,-2.212496456314,-0.04143598687617));
#6580=DIRECTION('',(0.86602540378444,0.0,-0.499999999999998));
#6581=DIRECTION('',(0.0,-1.0,0.0));
#6582=SURFACE_STYLE_FILL_AREA(#10699);
#6583=ORIENTED_EDGE('',*,*,#9883,.T.);
#6584=ORIENTED_EDGE('',*,*,#10700,.F.);
#6585=ORIENTED_EDGE('',*,*,#10701,.T.);
#6586=ORIENTED_EDGE('',*,*,#10702,.T.);
#6587=CARTESIAN_POINT('',(-0.186306946158485,-2.212496456314,-0.959552678884472));
#6588=DIRECTION('',(0.866025403784439,0.0,0.499999999999999));
#6589=DIRECTION('',(0.0,-1.0,0.0));
#6590=SURFACE_STYLE_FILL_AREA(#10703);
#6591=ORIENTED_EDGE('',*,*,#9937,.T.);
#6592=ORIENTED_EDGE('',*,*,#10704,.F.);
#6593=ORIENTED_EDGE('',*,*,#10705,.T.);
#6594=ORIENTED_EDGE('',*,*,#10325,.T.);
#6595=CARTESIAN_POINT('',(-5.73326207130851E-006,-2.212496456314,0.0661146121561223));
#6596=DIRECTION('',(6.12303176911189E-017,0.0,-1.0));
#6597=DIRECTION('',(0.0,-1.0,0.0));
#6598=SURFACE_STYLE_FILL_AREA(#10706);
#6599=ORIENTED_EDGE('',*,*,#10707,.T.);
#6600=ORIENTED_EDGE('',*,*,#10708,.T.);
#6601=ORIENTED_EDGE('',*,*,#10709,.F.);
#6602=ORIENTED_EDGE('',*,*,#9644,.T.);
#6603=CARTESIAN_POINT('',(-1.41734177512098,-2.34241816284986,1.61978164203316));
#6604=DIRECTION('',(0.0,1.0,-0.0));
#6605=DIRECTION('',(-0.707106781186547,0.0,0.707106781186547));
#6606=SURFACE_STYLE_FILL_AREA(#10710);
#6607=ORIENTED_EDGE('',*,*,#10711,.T.);
#6608=ORIENTED_EDGE('',*,*,#10000,.F.);
#6609=ORIENTED_EDGE('',*,*,#10712,.T.);
#6610=ORIENTED_EDGE('',*,*,#9649,.T.);
#6611=CARTESIAN_POINT('',(-1.39763491184455,-1.89753582639274,1.60009664443327));
#6612=DIRECTION('',(0.0,-1.0,0.0));
#6613=DIRECTION('',(1.0,0.0,0.0));
#6614=SURFACE_STYLE_FILL_AREA(#10713);
#6615=ORIENTED_EDGE('',*,*,#10119,.F.);
#6616=ORIENTED_EDGE('',*,*,#10714,.F.);
#6617=ORIENTED_EDGE('',*,*,#10715,.F.);
#6618=ORIENTED_EDGE('',*,*,#10716,.T.);
#6619=CARTESIAN_POINT('',(-1.0313503168332,-2.212496456314,0.661542039048567));
#6620=DIRECTION('',(0.86602540378444,-0.0,0.499999999999999));
#6621=DIRECTION('',(0.0,1.0,0.0));
#6622=SURFACE_STYLE_FILL_AREA(#10717);
#6623=ORIENTED_EDGE('',*,*,#10412,.T.);
#6624=ORIENTED_EDGE('',*,*,#10718,.T.);
#6625=ORIENTED_EDGE('',*,*,#10719,.F.);
#6626=ORIENTED_EDGE('',*,*,#10459,.T.);
#6627=CARTESIAN_POINT('',(0.871842804147215,-2.48218149568407,-0.402436611664212));
#6628=DIRECTION('',(0.707106781186546,-0.707106781186549,0.0));
#6629=DIRECTION('',(0.0,0.0,-1.0));
#6630=SURFACE_STYLE_FILL_AREA(#10720);
#6631=ORIENTED_EDGE('',*,*,#10721,.F.);
#6632=ORIENTED_EDGE('',*,*,#10722,.T.);
#6633=ORIENTED_EDGE('',*,*,#10704,.T.);
#6634=ORIENTED_EDGE('',*,*,#9936,.T.);
#6635=CARTESIAN_POINT('',(-0.118115969482544,-2.212496456314,0.134305588832063));
#6636=DIRECTION('',(-0.866025403784439,0.0,-0.499999999999999));
#6637=DIRECTION('',(0.0,1.0,0.0));
#6638=SURFACE_STYLE_FILL_AREA(#10723);
#6639=ORIENTED_EDGE('',*,*,#10724,.T.);
#6640=ORIENTED_EDGE('',*,*,#10725,.T.);
#6641=ORIENTED_EDGE('',*,*,#10726,.T.);
#6642=ORIENTED_EDGE('',*,*,#9968,.T.);
#6643=CARTESIAN_POINT('',(-0.913240080612727,-2.212496456314,-0.891369703400481));
#6644=DIRECTION('',(-6.12303176911189E-017,0.0,1.0));
#6645=DIRECTION('',(0.0,1.0,0.0));
#6646=SURFACE_STYLE_FILL_AREA(#10727);
#6647=ORIENTED_EDGE('',*,*,#9959,.T.);
#6648=ORIENTED_EDGE('',*,*,#10728,.F.);
#6649=ORIENTED_EDGE('',*,*,#10729,.T.);
#6650=ORIENTED_EDGE('',*,*,#10730,.T.);
#6651=CARTESIAN_POINT('',(1.33573897368788,-2.212496456314,-0.783782189216681));
#6652=DIRECTION('',(0.866025403784439,0.0,0.499999999999999));
#6653=DIRECTION('',(0.0,-1.0,0.0));
#6654=SURFACE_STYLE_FILL_AREA(#10731);
#6655=ORIENTED_EDGE('',*,*,#9973,.T.);
#6656=ORIENTED_EDGE('',*,*,#10527,.F.);
#6657=ORIENTED_EDGE('',*,*,#10732,.T.);
#6658=ORIENTED_EDGE('',*,*,#10733,.T.);
#6659=CARTESIAN_POINT('',(0.118104502958401,-2.212496456314,-0.783800646792435));
#6660=DIRECTION('',(0.866025403784439,0.0,0.499999999999999));
#6661=DIRECTION('',(0.0,-1.0,0.0));
#6662=SURFACE_STYLE_FILL_AREA(#10734);
#6663=ORIENTED_EDGE('',*,*,#10003,.F.);
#6664=ORIENTED_EDGE('',*,*,#10735,.F.);
#6665=ORIENTED_EDGE('',*,*,#10736,.F.);
#6666=ORIENTED_EDGE('',*,*,#10268,.T.);
#6667=CARTESIAN_POINT('',(-1.21765152972961,-2.212496456314,0.690370938176299));
#6668=DIRECTION('',(-6.12303176911189E-017,-0.0,-1.0));
#6669=DIRECTION('',(0.0,-1.0,0.0));
#6670=SURFACE_STYLE_FILL_AREA(#10737);
#6671=ORIENTED_EDGE('',*,*,#10131,.F.);
#6672=ORIENTED_EDGE('',*,*,#10738,.F.);
#6673=ORIENTED_EDGE('',*,*,#10739,.F.);
#6674=ORIENTED_EDGE('',*,*,#10740,.T.);
#6675=CARTESIAN_POINT('',(-0.608828631495843,-2.212496456314,0.417599030280588));
#6676=DIRECTION('',(6.12303176911189E-017,-0.0,1.0));
#6677=DIRECTION('',(0.0,1.0,0.0));
#6678=SURFACE_STYLE_FILL_AREA(#10741);
#6679=ORIENTED_EDGE('',*,*,#10042,.F.);
#6680=ORIENTED_EDGE('',*,*,#9583,.F.);
#6681=ORIENTED_EDGE('',*,*,#10742,.F.);
#6682=ORIENTED_EDGE('',*,*,#10743,.T.);
#6683=CARTESIAN_POINT('',(-0.186306946158485,-2.212496456314,1.01303010084874));
#6684=DIRECTION('',(-0.866025403784439,0.0,0.499999999999999));
#6685=DIRECTION('',(0.0,-1.0,0.0));
#6686=SURFACE_STYLE_FILL_AREA(#10744);
#6687=ORIENTED_EDGE('',*,*,#10745,.T.);
#6688=ORIENTED_EDGE('',*,*,#10541,.T.);
#6689=ORIENTED_EDGE('',*,*,#10746,.T.);
#6690=ORIENTED_EDGE('',*,*,#10747,.F.);
#6691=CARTESIAN_POINT('',(-0.293302184990461,-2.48218149568407,-0.392680642468707));
#6692=DIRECTION('',(-0.707106781186548,-0.707106781186548,0.0));
#6693=DIRECTION('',(0.0,0.0,1.0));
#6694=SURFACE_STYLE_FILL_AREA(#10748);
#6695=ORIENTED_EDGE('',*,*,#10144,.F.);
#6696=ORIENTED_EDGE('',*,*,#10367,.F.);
#6697=ORIENTED_EDGE('',*,*,#10749,.F.);
#6698=ORIENTED_EDGE('',*,*,#10750,.T.);
#6699=CARTESIAN_POINT('',(0.304394390116753,-2.212496456314,0.866096511500634));
#6700=DIRECTION('',(-6.12303176911189E-017,-0.0,-1.0));
#6701=DIRECTION('',(0.0,-1.0,0.0));
#6702=SURFACE_STYLE_FILL_AREA(#10751);
#6703=ORIENTED_EDGE('',*,*,#10124,.F.);
#6704=ORIENTED_EDGE('',*,*,#10752,.F.);
#6705=ORIENTED_EDGE('',*,*,#10753,.F.);
#6706=ORIENTED_EDGE('',*,*,#9760,.T.);
#6707=CARTESIAN_POINT('',(-1.33576176595008,-2.212496456314,0.973676024492485));
#6708=DIRECTION('',(0.866025403784439,0.0,-0.499999999999999));
#6709=DIRECTION('',(0.0,1.0,0.0));
#6710=SURFACE_STYLE_FILL_AREA(#10754);
#6711=ORIENTED_EDGE('',*,*,#10600,.F.);
#6712=ORIENTED_EDGE('',*,*,#9614,.T.);
#6713=ORIENTED_EDGE('',*,*,#9756,.F.);
#6714=ORIENTED_EDGE('',*,*,#10755,.T.);
#6715=CARTESIAN_POINT('',(-1.39763491184455,-2.40147283426675,1.60009664443327));
#6716=DIRECTION('',(0.0,-1.0,-0.0));
#6717=DIRECTION('',(0.706970392048795,0.0,-0.707243144022176));
#6718=SURFACE_STYLE_FILL_AREA(#10756);
#6719=ORIENTED_EDGE('',*,*,#10159,.F.);
#6720=ORIENTED_EDGE('',*,*,#10757,.F.);
#6721=ORIENTED_EDGE('',*,*,#10758,.F.);
#6722=ORIENTED_EDGE('',*,*,#10759,.T.);
#6723=CARTESIAN_POINT('',(1.33573897368788,-2.212496456314,0.485763548188826));
#6724=DIRECTION('',(-0.866025403784439,0.0,0.499999999999999));
#6725=DIRECTION('',(0.0,-1.0,0.0));
#6726=SURFACE_STYLE_FILL_AREA(#10760);
#6727=ORIENTED_EDGE('',*,*,#10761,.F.);
#6728=ORIENTED_EDGE('',*,*,#10762,.T.);
#6729=ORIENTED_EDGE('',*,*,#10435,.T.);
#6730=ORIENTED_EDGE('',*,*,#10763,.T.);
#6731=ORIENTED_EDGE('',*,*,#10764,.T.);
#6732=ORIENTED_EDGE('',*,*,#9914,.T.);
#6733=ORIENTED_EDGE('',*,*,#10281,.F.);
#6734=ORIENTED_EDGE('',*,*,#10765,.F.);
#6735=ORIENTED_EDGE('',*,*,#10766,.F.);
#6736=CARTESIAN_POINT('',(1.57478420913099,-2.29123661379431,0.202458807387492));
#6737=DIRECTION('',(1.0,0.0,-0.0));
#6738=DIRECTION('',(0.0,0.0,1.0));
#6739=SURFACE_STYLE_FILL_AREA(#10767);
#6740=ORIENTED_EDGE('',*,*,#10768,.T.);
#6741=ORIENTED_EDGE('',*,*,#10769,.T.);
#6742=ORIENTED_EDGE('',*,*,#9694,.T.);
#6743=ORIENTED_EDGE('',*,*,#9807,.T.);
#6744=CARTESIAN_POINT('',(1.21762873746741,-2.212496456314,-0.28536299326025));
#6745=DIRECTION('',(6.12303176911189E-017,0.0,-1.0));
#6746=DIRECTION('',(0.0,-1.0,0.0));
#6747=SURFACE_STYLE_FILL_AREA(#10770);
#6748=ORIENTED_EDGE('',*,*,#10132,.F.);
#6749=ORIENTED_EDGE('',*,*,#10740,.F.);
#6750=ORIENTED_EDGE('',*,*,#10771,.F.);
#6751=ORIENTED_EDGE('',*,*,#10294,.T.);
#6752=CARTESIAN_POINT('',(-0.490718395275371,-2.212496456314,0.485790006956528));
#6753=DIRECTION('',(-0.866025403784439,0.0,0.499999999999999));
#6754=DIRECTION('',(0.0,-1.0,0.0));
#6755=SURFACE_STYLE_FILL_AREA(#10772);
#6756=ORIENTED_EDGE('',*,*,#10586,.F.);
#6757=ORIENTED_EDGE('',*,*,#9915,.F.);
#6758=ORIENTED_EDGE('',*,*,#10764,.F.);
#6759=ORIENTED_EDGE('',*,*,#10773,.T.);
#6760=CARTESIAN_POINT('',(1.41730389417036,-2.29123661379431,-1.21480815707676));
#6761=DIRECTION('',(0.0,1.0,0.0));
#6762=DIRECTION('',(0.707106781186547,0.0,-0.707106781186547));
#6763=SURFACE_STYLE_FILL_AREA(#10774);
#6764=ORIENTED_EDGE('',*,*,#10111,.F.);
#6765=ORIENTED_EDGE('',*,*,#10775,.F.);
#6766=ORIENTED_EDGE('',*,*,#10776,.F.);
#6767=ORIENTED_EDGE('',*,*,#10777,.T.);
#6768=CARTESIAN_POINT('',(-0.913240080612727,-2.212496456314,1.21761103206851));
#6769=DIRECTION('',(-6.12303176911189E-017,-0.0,-1.0));
#6770=DIRECTION('',(0.0,-1.0,0.0));
#6771=SURFACE_STYLE_FILL_AREA(#10778);
#6772=ORIENTED_EDGE('',*,*,#10093,.F.);
#6773=ORIENTED_EDGE('',*,*,#10678,.F.);
#6774=ORIENTED_EDGE('',*,*,#10779,.F.);
#6775=ORIENTED_EDGE('',*,*,#9746,.T.);
#6776=CARTESIAN_POINT('',(1.031327524571,-2.212496456314,1.36450770626512));
#6777=DIRECTION('',(-0.866025403784439,0.0,0.499999999999999));
#6778=DIRECTION('',(0.0,-1.0,0.0));
#6779=SURFACE_STYLE_FILL_AREA(#10780);
#6780=ORIENTED_EDGE('',*,*,#9897,.T.);
#6781=ORIENTED_EDGE('',*,*,#10781,.T.);
#6782=ORIENTED_EDGE('',*,*,#10782,.F.);
#6783=ORIENTED_EDGE('',*,*,#10783,.T.);
#6784=CARTESIAN_POINT('',(-0.492112112387299,-0.854361676174073,-0.381955530444196));
#6785=DIRECTION('',(-1.22460635382238E-016,0.0,1.0));
#6786=DIRECTION('',(0.0,-1.0,0.0));
#6787=SURFACE_STYLE_FILL_AREA(#10784);
#6788=ORIENTED_EDGE('',*,*,#10785,.F.);
#6789=ORIENTED_EDGE('',*,*,#9921,.T.);
#6790=ORIENTED_EDGE('',*,*,#10786,.T.);
#6791=ORIENTED_EDGE('',*,*,#10708,.F.);
#6792=CARTESIAN_POINT('',(-1.41734177512098,-2.29123661379431,1.61978164203316));
#6793=DIRECTION('',(0.0,-1.0,0.0));
#6794=DIRECTION('',(-0.707106781186547,0.0,0.707106781186547));
#6795=SURFACE_STYLE_FILL_AREA(#10787);
#6796=ORIENTED_EDGE('',*,*,#10788,.T.);
#6797=ORIENTED_EDGE('',*,*,#10789,.F.);
#6798=ORIENTED_EDGE('',*,*,#10790,.F.);
#6799=ORIENTED_EDGE('',*,*,#10791,.T.);
#6800=ORIENTED_EDGE('',*,*,#10792,.F.);
#6801=ORIENTED_EDGE('',*,*,#10793,.F.);
#6802=ORIENTED_EDGE('',*,*,#9793,.T.);
#6803=ORIENTED_EDGE('',*,*,#10794,.F.);
#6804=ORIENTED_EDGE('',*,*,#10795,.F.);
#6805=ORIENTED_EDGE('',*,*,#10768,.F.);
#6806=ORIENTED_EDGE('',*,*,#9806,.T.);
#6807=CARTESIAN_POINT('',(1.03634204967664,-1.5441483618645,-0.203893462066433));
#6808=DIRECTION('',(0.0,-1.0,0.0));
#6809=DIRECTION('',(0.707106781186547,0.0,0.707106781186548));
#6810=SURFACE_STYLE_FILL_AREA(#10796);
#6811=ORIENTED_EDGE('',*,*,#10530,.T.);
#6812=ORIENTED_EDGE('',*,*,#10797,.T.);
#6813=ORIENTED_EDGE('',*,*,#10195,.T.);
#6814=ORIENTED_EDGE('',*,*,#9865,.T.);
#6815=CARTESIAN_POINT('',(-1.21765152972961,-2.212496456314,-0.364129609508267));
#6816=DIRECTION('',(-6.12303176911189E-017,0.0,1.0));
#6817=DIRECTION('',(0.0,1.0,0.0));
#6818=SURFACE_STYLE_FILL_AREA(#10798);
#6819=ORIENTED_EDGE('',*,*,#9857,.T.);
#6820=ORIENTED_EDGE('',*,*,#10799,.F.);
#6821=ORIENTED_EDGE('',*,*,#10800,.T.);
#6822=ORIENTED_EDGE('',*,*,#10801,.T.);
#6823=CARTESIAN_POINT('',(-1.33576176595008,-2.212496456314,-0.080824523192081));
#6824=DIRECTION('',(-0.86602540378444,0.0,0.499999999999999));
#6825=DIRECTION('',(0.0,1.0,0.0));
#6826=SURFACE_STYLE_FILL_AREA(#10802);
#6827=ORIENTED_EDGE('',*,*,#9788,.T.);
#6828=ORIENTED_EDGE('',*,*,#10427,.F.);
#6829=ORIENTED_EDGE('',*,*,#10803,.F.);
#6830=ORIENTED_EDGE('',*,*,#10791,.F.);
#6831=ORIENTED_EDGE('',*,*,#10804,.F.);
#6832=ORIENTED_EDGE('',*,*,#10533,.F.);
#6833=ORIENTED_EDGE('',*,*,#10805,.F.);
#6834=ORIENTED_EDGE('',*,*,#10806,.F.);
#6835=ORIENTED_EDGE('',*,*,#9876,.T.);
#6836=ORIENTED_EDGE('',*,*,#10807,.F.);
#6837=ORIENTED_EDGE('',*,*,#9720,.F.);
#6838=ORIENTED_EDGE('',*,*,#10390,.F.);
#6839=ORIENTED_EDGE('',*,*,#9863,.T.);
#6840=ORIENTED_EDGE('',*,*,#10808,.F.);
#6841=ORIENTED_EDGE('',*,*,#10809,.F.);
#6842=ORIENTED_EDGE('',*,*,#9671,.F.);
#6843=ORIENTED_EDGE('',*,*,#9851,.T.);
#6844=ORIENTED_EDGE('',*,*,#10810,.F.);
#6845=ORIENTED_EDGE('',*,*,#10811,.F.);
#6846=ORIENTED_EDGE('',*,*,#10812,.F.);
#6847=ORIENTED_EDGE('',*,*,#9841,.T.);
#6848=ORIENTED_EDGE('',*,*,#10813,.T.);
#6849=ORIENTED_EDGE('',*,*,#10414,.F.);
#6850=ORIENTED_EDGE('',*,*,#10458,.T.);
#6851=CARTESIAN_POINT('',(-0.492112119623238,-1.5441483618645,-0.421574339560169));
#6852=DIRECTION('',(-1.22460635382238E-016,0.0,1.0));
#6853=DIRECTION('',(0.0,-1.0,0.0));
#6854=SURFACE_STYLE_FILL_AREA(#10814);
#6855=ORIENTED_EDGE('',*,*,#10785,.T.);
#6856=ORIENTED_EDGE('',*,*,#10815,.F.);
#6857=ORIENTED_EDGE('',*,*,#10816,.T.);
#6858=ORIENTED_EDGE('',*,*,#9922,.T.);
#6859=CARTESIAN_POINT('',(-1.41734177512098,-2.29123661379431,1.61978164203316));
#6860=DIRECTION('',(0.0,-1.0,0.0));
#6861=DIRECTION('',(-0.707106781186547,0.0,0.707106781186547));
#6862=SURFACE_STYLE_FILL_AREA(#10817);
#6863=ORIENTED_EDGE('',*,*,#10018,.F.);
#6864=ORIENTED_EDGE('',*,*,#10818,.F.);
#6865=ORIENTED_EDGE('',*,*,#10819,.F.);
#6866=ORIENTED_EDGE('',*,*,#10820,.T.);
#6867=CARTESIAN_POINT('',(-1.0313503168332,-2.212496456314,0.310045976056441));
#6868=DIRECTION('',(0.86602540378444,-0.0,0.499999999999999));
#6869=DIRECTION('',(0.0,1.0,0.0));
#6870=SURFACE_STYLE_FILL_AREA(#10821);
#6871=ORIENTED_EDGE('',*,*,#9833,.T.);
#6872=ORIENTED_EDGE('',*,*,#10822,.F.);
#6873=ORIENTED_EDGE('',*,*,#10823,.T.);
#6874=ORIENTED_EDGE('',*,*,#10594,.T.);
#6875=CARTESIAN_POINT('',(0.18628415389628,-2.212496456314,0.0949459664757106));
#6876=DIRECTION('',(-0.86602540378444,0.0,0.499999999999999));
#6877=DIRECTION('',(0.0,1.0,0.0));
#6878=SURFACE_STYLE_FILL_AREA(#10824);
#6879=ORIENTED_EDGE('',*,*,#10825,.T.);
#6880=ORIENTED_EDGE('',*,*,#10258,.T.);
#6881=ORIENTED_EDGE('',*,*,#10826,.T.);
#6882=ORIENTED_EDGE('',*,*,#10765,.T.);
#6883=CARTESIAN_POINT('',(1.56691019338296,-2.34241816284986,0.901288758224556));
#6884=DIRECTION('',(0.707106781186548,-0.707106781186548,0.0));
#6885=DIRECTION('',(0.0,0.0,-1.0));
#6886=SURFACE_STYLE_FILL_AREA(#10827);
#6887=ORIENTED_EDGE('',*,*,#9994,.F.);
#6888=ORIENTED_EDGE('',*,*,#10489,.F.);
#6889=ORIENTED_EDGE('',*,*,#10828,.F.);
#6890=ORIENTED_EDGE('',*,*,#10291,.T.);
#6891=CARTESIAN_POINT('',(-5.73326207131827E-006,-2.212496456314,1.47207921806502));
#6892=DIRECTION('',(6.12303176911189E-017,-0.0,1.0));
#6893=DIRECTION('',(0.0,1.0,0.0));
#6894=SURFACE_STYLE_FILL_AREA(#10829);
#6895=ORIENTED_EDGE('',*,*,#9990,.F.);
#6896=ORIENTED_EDGE('',*,*,#10453,.F.);
#6897=ORIENTED_EDGE('',*,*,#10830,.F.);
#6898=ORIENTED_EDGE('',*,*,#10831,.T.);
#6899=CARTESIAN_POINT('',(-0.608828631495843,-2.212496456314,1.47208721925697));
#6900=DIRECTION('',(6.12303176911189E-017,-0.0,1.0));
#6901=DIRECTION('',(0.0,1.0,0.0));
#6902=SURFACE_STYLE_FILL_AREA(#10832);
#6903=ORIENTED_EDGE('',*,*,#10066,.F.);
#6904=ORIENTED_EDGE('',*,*,#10248,.F.);
#6905=ORIENTED_EDGE('',*,*,#10833,.F.);
#6906=ORIENTED_EDGE('',*,*,#10834,.T.);
#6907=CARTESIAN_POINT('',(0.608805839233638,-2.212496456314,1.04184054240072));
#6908=DIRECTION('',(-6.12303176911189E-017,-0.0,-1.0));
#6909=DIRECTION('',(0.0,-1.0,0.0));
#6910=SURFACE_STYLE_FILL_AREA(#10835);
#6911=ORIENTED_EDGE('',*,*,#9578,.T.);
#6912=ORIENTED_EDGE('',*,*,#9983,.F.);
#6913=ORIENTED_EDGE('',*,*,#10836,.T.);
#6914=ORIENTED_EDGE('',*,*,#10837,.F.);
#6915=CARTESIAN_POINT('',(-1.22047536387859,-2.35029173190455,1.42295335473091));
#6916=DIRECTION('',(-0.707106781186548,0.0,0.707106781186548));
#6917=DIRECTION('',(0.707106781186548,0.0,0.707106781186548));
#6918=SURFACE_STYLE_FILL_AREA(#10838);
#6919=ORIENTED_EDGE('',*,*,#9853,.T.);
#6920=ORIENTED_EDGE('',*,*,#10839,.F.);
#6921=ORIENTED_EDGE('',*,*,#10840,.T.);
#6922=ORIENTED_EDGE('',*,*,#10608,.T.);
#6923=CARTESIAN_POINT('',(-5.73326207130851E-006,-2.212496456314,-0.63687751382813));
#6924=DIRECTION('',(6.12303176911189E-017,0.0,-1.0));
#6925=DIRECTION('',(0.0,-1.0,0.0));
#6926=SURFACE_STYLE_FILL_AREA(#10841);
#6927=ORIENTED_EDGE('',*,*,#10842,.F.);
#6928=ORIENTED_EDGE('',*,*,#10259,.T.);
#6929=ORIENTED_EDGE('',*,*,#10825,.F.);
#6930=ORIENTED_EDGE('',*,*,#10280,.T.);
#6931=CARTESIAN_POINT('',(1.41730389417036,-2.34241816284986,1.61978164203316));
#6932=DIRECTION('',(-0.0,1.0,-0.0));
#6933=DIRECTION('',(0.707106781186547,0.0,0.707106781186547));
#6934=SURFACE_STYLE_FILL_AREA(#10843);
#6935=ORIENTED_EDGE('',*,*,#10844,.F.);
#6936=ORIENTED_EDGE('',*,*,#9918,.F.);
#6937=ORIENTED_EDGE('',*,*,#10624,.F.);
#6938=ORIENTED_EDGE('',*,*,#9571,.T.);
#6939=CARTESIAN_POINT('',(-1.41734177512098,-2.29123661379431,-1.21480815707676));
#6940=DIRECTION('',(0.0,1.0,0.0));
#6941=DIRECTION('',(-0.707106781186547,0.0,-0.707106781186547));
#6942=SURFACE_STYLE_FILL_AREA(#10845);
#6943=ORIENTED_EDGE('',*,*,#9606,.F.);
#6944=ORIENTED_EDGE('',*,*,#9685,.T.);
#6945=ORIENTED_EDGE('',*,*,#10846,.T.);
#6946=ORIENTED_EDGE('',*,*,#9775,.T.);
#6947=CARTESIAN_POINT('',(-1.03631432041918,-2.69871692875494,-0.203893459241792));
#6948=DIRECTION('',(0.0,1.0,-0.0));
#6949=DIRECTION('',(-1.0,0.0,-2.55011607588448E-016));
#6950=SURFACE_STYLE_FILL_AREA(#10847);
#6951=ORIENTED_EDGE('',*,*,#10848,.T.);
#6952=ORIENTED_EDGE('',*,*,#10574,.T.);
#6953=ORIENTED_EDGE('',*,*,#10849,.T.);
#6954=ORIENTED_EDGE('',*,*,#10850,.T.);
#6955=ORIENTED_EDGE('',*,*,#10433,.T.);
#6956=ORIENTED_EDGE('',*,*,#10851,.F.);
#6957=ORIENTED_EDGE('',*,*,#10852,.F.);
#6958=ORIENTED_EDGE('',*,*,#10853,.T.);
#6959=ORIENTED_EDGE('',*,*,#10854,.T.);
#6960=ORIENTED_EDGE('',*,*,#10855,.T.);
#6961=CARTESIAN_POINT('',(1.39762925168516,-2.3502921785979,-1.19514522410522));
#6962=DIRECTION('',(-0.0,-1.0,-0.0));
#6963=DIRECTION('',(0.0,0.0,-1.0));
#6964=SURFACE_STYLE_FILL_AREA(#10856);
#6965=ORIENTED_EDGE('',*,*,#10857,.T.);
#6966=ORIENTED_EDGE('',*,*,#10858,.F.);
#6967=ORIENTED_EDGE('',*,*,#9664,.T.);
#6968=ORIENTED_EDGE('',*,*,#10859,.F.);
#6969=CARTESIAN_POINT('',(-1.39763491184455,-2.40147283426675,-1.19512315947687));
#6970=DIRECTION('',(0.0,-1.0,-0.0));
#6971=DIRECTION('',(0.706970392048795,0.0,0.707243144022176));
#6972=SURFACE_STYLE_FILL_AREA(#10860);
#6973=ORIENTED_EDGE('',*,*,#9802,.T.);
#6974=ORIENTED_EDGE('',*,*,#10493,.F.);
#6975=ORIENTED_EDGE('',*,*,#10861,.T.);
#6976=ORIENTED_EDGE('',*,*,#10402,.T.);
#6977=CARTESIAN_POINT('',(1.031327524571,-2.212496456314,-1.0959161746606));
#6978=DIRECTION('',(0.86602540378444,0.0,-0.499999999999998));
#6979=DIRECTION('',(0.0,-1.0,0.0));
#6980=SURFACE_STYLE_FILL_AREA(#10862);
#6981=ORIENTED_EDGE('',*,*,#10863,.T.);
#6982=ORIENTED_EDGE('',*,*,#10761,.T.);
#6983=ORIENTED_EDGE('',*,*,#10864,.T.);
#6984=ORIENTED_EDGE('',*,*,#10865,.T.);
#6985=CARTESIAN_POINT('',(1.56691211186348,-2.4014747527311,0.202453489676295));
#6986=DIRECTION('',(0.707106781188181,-0.707106781181646,-2.14968145861198E-006));
#6987=DIRECTION('',(-1.52005433677903E-006,1.52005433677201E-006,-0.99999999999769));
#6988=SURFACE_STYLE_FILL_AREA(#10866);
#6989=ORIENTED_EDGE('',*,*,#10090,.F.);
#6990=ORIENTED_EDGE('',*,*,#10211,.F.);
#6991=ORIENTED_EDGE('',*,*,#10867,.F.);
#6992=ORIENTED_EDGE('',*,*,#10868,.T.);
#6993=CARTESIAN_POINT('',(0.795107052130051,-2.212496456314,1.500889659617));
#6994=DIRECTION('',(0.866025403784439,0.0,-0.499999999999999));
#6995=DIRECTION('',(0.0,1.0,0.0));
#6996=SURFACE_STYLE_FILL_AREA(#10869);
#6997=ORIENTED_EDGE('',*,*,#10095,.F.);
#6998=ORIENTED_EDGE('',*,*,#10691,.F.);
#6999=ORIENTED_EDGE('',*,*,#10870,.F.);
#7000=ORIENTED_EDGE('',*,*,#10871,.T.);
#7001=CARTESIAN_POINT('',(0.913217288350523,-2.212496456314,1.21758457330081));
#7002=DIRECTION('',(-6.12303176911189E-017,-0.0,-1.0));
#7003=DIRECTION('',(0.0,-1.0,0.0));
#7004=SURFACE_STYLE_FILL_AREA(#10872);
#7005=ORIENTED_EDGE('',*,*,#10145,.F.);
#7006=ORIENTED_EDGE('',*,*,#10750,.F.);
#7007=ORIENTED_EDGE('',*,*,#10873,.F.);
#7008=ORIENTED_EDGE('',*,*,#10264,.T.);
#7009=CARTESIAN_POINT('',(0.18628415389628,-2.212496456314,0.797905534824694));
#7010=DIRECTION('',(0.866025403784439,0.0,-0.499999999999999));
#7011=DIRECTION('',(0.0,1.0,0.0));
#7012=SURFACE_STYLE_FILL_AREA(#10874);
#7013=ORIENTED_EDGE('',*,*,#10875,.T.);
#7014=ORIENTED_EDGE('',*,*,#10876,.T.);
#7015=ORIENTED_EDGE('',*,*,#10877,.T.);
#7016=ORIENTED_EDGE('',*,*,#9846,.T.);
#7017=CARTESIAN_POINT('',(-0.795129844392255,-2.212496456314,-0.041454444451924));
#7018=DIRECTION('',(0.86602540378444,0.0,-0.499999999999998));
#7019=DIRECTION('',(0.0,-1.0,0.0));
#7020=SURFACE_STYLE_FILL_AREA(#10878);
#7021=ORIENTED_EDGE('',*,*,#10118,.F.);
#7022=ORIENTED_EDGE('',*,*,#10879,.F.);
#7023=ORIENTED_EDGE('',*,*,#10880,.F.);
#7024=ORIENTED_EDGE('',*,*,#10714,.T.);
#7025=CARTESIAN_POINT('',(-1.0313503168332,-2.212496456314,0.797923992400448));
#7026=DIRECTION('',(0.866025403784439,0.0,-0.499999999999999));
#7027=DIRECTION('',(0.0,1.0,0.0));
#7028=SURFACE_STYLE_FILL_AREA(#10881);
#7029=ORIENTED_EDGE('',*,*,#10476,.F.);
#7030=ORIENTED_EDGE('',*,*,#10882,.F.);
#7031=ORIENTED_EDGE('',*,*,#9572,.T.);
#7032=ORIENTED_EDGE('',*,*,#10623,.F.);
#7033=CARTESIAN_POINT('',(-0.698826926159926,-2.34241816284986,-1.36441445628936));
#7034=DIRECTION('',(-0.0,0.707106781186548,0.707106781186548));
#7035=DIRECTION('',(1.0,0.0,0.0));
#7036=SURFACE_STYLE_FILL_AREA(#10883);
#7037=ORIENTED_EDGE('',*,*,#10019,.F.);
#7038=ORIENTED_EDGE('',*,*,#10820,.F.);
#7039=ORIENTED_EDGE('',*,*,#10884,.F.);
#7040=ORIENTED_EDGE('',*,*,#10507,.T.);
#7041=CARTESIAN_POINT('',(-0.913240080612727,-2.212496456314,0.2418549993805));
#7042=DIRECTION('',(6.12303176911189E-017,-0.0,1.0));
#7043=DIRECTION('',(0.0,1.0,0.0));
#7044=SURFACE_STYLE_FILL_AREA(#10885);
#7045=ORIENTED_EDGE('',*,*,#9827,.T.);
#7046=ORIENTED_EDGE('',*,*,#10886,.F.);
#7047=ORIENTED_EDGE('',*,*,#10887,.T.);
#7048=ORIENTED_EDGE('',*,*,#10888,.T.);
#7049=CARTESIAN_POINT('',(0.18628415389628,-2.212496456314,-0.744428112860422));
#7050=DIRECTION('',(-0.866025403784439,0.0,-0.499999999999999));
#7051=DIRECTION('',(0.0,1.0,0.0));
#7052=SURFACE_STYLE_FILL_AREA(#10889);
#7053=ORIENTED_EDGE('',*,*,#10110,.F.);
#7054=ORIENTED_EDGE('',*,*,#10176,.F.);
#7055=ORIENTED_EDGE('',*,*,#10890,.F.);
#7056=ORIENTED_EDGE('',*,*,#10775,.T.);
#7057=CARTESIAN_POINT('',(-0.795129844392255,-2.212496456314,1.14942005539257));
#7058=DIRECTION('',(-0.86602540378444,-0.0,-0.499999999999998));
#7059=DIRECTION('',(0.0,-1.0,0.0));
#7060=SURFACE_STYLE_FILL_AREA(#10891);
#7061=ORIENTED_EDGE('',*,*,#9656,.F.);
#7062=ORIENTED_EDGE('',*,*,#10892,.F.);
#7063=ORIENTED_EDGE('',*,*,#9658,.F.);
#7064=ORIENTED_EDGE('',*,*,#9957,.T.);
#7065=CARTESIAN_POINT('',(-1.39763491184455,-1.89753582639274,-1.19512315947687));
#7066=DIRECTION('',(-0.0,1.0,0.0));
#7067=DIRECTION('',(1.0,0.0,0.0));
#7068=SURFACE_STYLE_FILL_AREA(#10893);
#7069=ORIENTED_EDGE('',*,*,#10894,.T.);
#7070=ORIENTED_EDGE('',*,*,#10343,.T.);
#7071=ORIENTED_EDGE('',*,*,#9945,.T.);
#7072=ORIENTED_EDGE('',*,*,#10895,.F.);
#7073=CARTESIAN_POINT('',(-1.09954129350914,-2.28297494032764,-0.783824650368284));
#7074=DIRECTION('',(0.866025403784439,0.0,0.499999999999999));
#7075=DIRECTION('',(0.0,-1.0,0.0));
#7076=SURFACE_STYLE_FILL_AREA(#10896);
#7077=ORIENTED_EDGE('',*,*,#10897,.T.);
#7078=ORIENTED_EDGE('',*,*,#10584,.T.);
#7079=ORIENTED_EDGE('',*,*,#9947,.T.);
#7080=ORIENTED_EDGE('',*,*,#10342,.F.);
#7081=CARTESIAN_POINT('',(-1.33576176595008,-2.28297494032764,-0.783824650368284));
#7082=DIRECTION('',(-0.86602540378444,0.0,0.499999999999999));
#7083=DIRECTION('',(0.0,1.0,0.0));
#7084=SURFACE_STYLE_FILL_AREA(#10898);
#7085=ORIENTED_EDGE('',*,*,#10899,.F.);
#7086=ORIENTED_EDGE('',*,*,#10650,.T.);
#7087=ORIENTED_EDGE('',*,*,#9985,.F.);
#7088=ORIENTED_EDGE('',*,*,#10900,.F.);
#7089=CARTESIAN_POINT('',(-1.21765152972961,-2.28297494032764,1.12060715864874));
#7090=DIRECTION('',(6.12303176911189E-017,-0.0,1.0));
#7091=DIRECTION('',(0.0,1.0,0.0));
#7092=SURFACE_STYLE_FILL_AREA(#10901);
#7093=ORIENTED_EDGE('',*,*,#10902,.T.);
#7094=ORIENTED_EDGE('',*,*,#10903,.T.);
#7095=ORIENTED_EDGE('',*,*,#10904,.T.);
#7096=ORIENTED_EDGE('',*,*,#9950,.T.);
#7097=CARTESIAN_POINT('',(0.118104502958401,-2.212496456314,-1.13529670978456));
#7098=DIRECTION('',(0.866025403784439,0.0,0.499999999999999));
#7099=DIRECTION('',(0.0,-1.0,0.0));
#7100=SURFACE_STYLE_FILL_AREA(#10905);
#7101=ORIENTED_EDGE('',*,*,#9713,.F.);
#7102=ORIENTED_EDGE('',*,*,#10256,.F.);
#7103=ORIENTED_EDGE('',*,*,#10906,.F.);
#7104=ORIENTED_EDGE('',*,*,#10907,.F.);
#7105=CARTESIAN_POINT('',(1.39762925168516,-2.40934729670813,1.60011870906162));
#7106=DIRECTION('',(0.0,1.0,0.0));
#7107=DIRECTION('',(-1.0,0.0,0.0));
#7108=SURFACE_STYLE_FILL_AREA(#10908);
#7109=ORIENTED_EDGE('',*,*,#10071,.F.);
#7110=ORIENTED_EDGE('',*,*,#10591,.F.);
#7111=ORIENTED_EDGE('',*,*,#10909,.F.);
#7112=ORIENTED_EDGE('',*,*,#10604,.T.);
#7113=CARTESIAN_POINT('',(0.422504626337225,-2.212496456314,1.14940159781682));
#7114=DIRECTION('',(-0.86602540378444,-0.0,-0.499999999999998));
#7115=DIRECTION('',(0.0,-1.0,0.0));
#7116=SURFACE_STYLE_FILL_AREA(#10910);
#7117=ORIENTED_EDGE('',*,*,#10025,.F.);
#7118=ORIENTED_EDGE('',*,*,#10485,.F.);
#7119=ORIENTED_EDGE('',*,*,#10911,.F.);
#7120=ORIENTED_EDGE('',*,*,#10912,.T.);
#7121=CARTESIAN_POINT('',(-0.490718395275371,-2.212496456314,1.18878213294078));
#7122=DIRECTION('',(-0.866025403784439,0.0,0.499999999999999));
#7123=DIRECTION('',(0.0,-1.0,0.0));
#7124=SURFACE_STYLE_FILL_AREA(#10913);
#7125=ORIENTED_EDGE('',*,*,#10086,.F.);
#7126=ORIENTED_EDGE('',*,*,#10914,.F.);
#7127=ORIENTED_EDGE('',*,*,#10915,.F.);
#7128=ORIENTED_EDGE('',*,*,#10437,.T.);
#7129=CARTESIAN_POINT('',(0.490695603013166,-2.212496456314,1.18876367536503));
#7130=DIRECTION('',(0.86602540378444,-0.0,0.499999999999999));
#7131=DIRECTION('',(0.0,1.0,0.0));
#7132=SURFACE_STYLE_FILL_AREA(#10916);
#7133=ORIENTED_EDGE('',*,*,#10011,.F.);
#7134=ORIENTED_EDGE('',*,*,#10664,.F.);
#7135=ORIENTED_EDGE('',*,*,#10917,.F.);
#7136=ORIENTED_EDGE('',*,*,#10918,.T.);
#7137=CARTESIAN_POINT('',(1.09951850124694,-2.212496456314,1.32513762752496));
#7138=DIRECTION('',(0.866025403784439,0.0,-0.499999999999999));
#7139=DIRECTION('',(0.0,1.0,0.0));
#7140=SURFACE_STYLE_FILL_AREA(#10919);
#7141=ORIENTED_EDGE('',*,*,#9969,.T.);
#7142=ORIENTED_EDGE('',*,*,#10726,.F.);
#7143=ORIENTED_EDGE('',*,*,#10920,.T.);
#7144=ORIENTED_EDGE('',*,*,#10921,.T.);
#7145=CARTESIAN_POINT('',(-1.0313503168332,-2.212496456314,-0.959560680076421));
#7146=DIRECTION('',(-0.86602540378444,0.0,0.499999999999999));
#7147=DIRECTION('',(0.0,1.0,0.0));
#7148=SURFACE_STYLE_FILL_AREA(#10922);
#7149=ORIENTED_EDGE('',*,*,#10583,.F.);
#7150=ORIENTED_EDGE('',*,*,#10923,.T.);
#7151=ORIENTED_EDGE('',*,*,#10924,.F.);
#7152=ORIENTED_EDGE('',*,*,#9942,.T.);
#7153=CARTESIAN_POINT('',(-1.22047536387859,-2.35029173190455,-1.01797986977451));
#7154=DIRECTION('',(0.707106781186548,0.0,0.707106781186548));
#7155=DIRECTION('',(0.707106781186548,0.0,-0.707106781186548));
#7156=SURFACE_STYLE_FILL_AREA(#10925);
#7157=ORIENTED_EDGE('',*,*,#10041,.F.);
#7158=ORIENTED_EDGE('',*,*,#10926,.F.);
#7159=ORIENTED_EDGE('',*,*,#10927,.F.);
#7160=ORIENTED_EDGE('',*,*,#9581,.T.);
#7161=CARTESIAN_POINT('',(-0.42252741859943,-2.212496456314,1.01303010084874));
#7162=DIRECTION('',(0.86602540378444,-0.0,0.499999999999999));
#7163=DIRECTION('',(0.0,1.0,0.0));
#7164=SURFACE_STYLE_FILL_AREA(#10928);
#7165=ORIENTED_EDGE('',*,*,#9981,.F.);
#7166=ORIENTED_EDGE('',*,*,#10308,.F.);
#7167=ORIENTED_EDGE('',*,*,#10929,.F.);
#7168=ORIENTED_EDGE('',*,*,#10199,.T.);
#7169=CARTESIAN_POINT('',(-1.21765152972961,-2.212496456314,0.338874875184173));
#7170=DIRECTION('',(-6.12303176911189E-017,-0.0,-1.0));
#7171=DIRECTION('',(0.0,-1.0,0.0));
#7172=SURFACE_STYLE_FILL_AREA(#10930);
#7173=ORIENTED_EDGE('',*,*,#9780,.T.);
#7174=ORIENTED_EDGE('',*,*,#10931,.T.);
#7175=ORIENTED_EDGE('',*,*,#10799,.T.);
#7176=ORIENTED_EDGE('',*,*,#9856,.T.);
#7177=CARTESIAN_POINT('',(-1.21765152972961,-2.212496456314,-0.0126335465161407));
#7178=DIRECTION('',(-6.12303176911189E-017,0.0,1.0));
#7179=DIRECTION('',(0.0,1.0,0.0));
#7180=SURFACE_STYLE_FILL_AREA(#10932);
#7181=ORIENTED_EDGE('',*,*,#10882,.T.);
#7182=ORIENTED_EDGE('',*,*,#10475,.T.);
#7183=ORIENTED_EDGE('',*,*,#10346,.F.);
#7184=ORIENTED_EDGE('',*,*,#10933,.F.);
#7185=ORIENTED_EDGE('',*,*,#10934,.T.);
#7186=ORIENTED_EDGE('',*,*,#10384,.T.);
#7187=ORIENTED_EDGE('',*,*,#10693,.T.);
#7188=ORIENTED_EDGE('',*,*,#9573,.T.);
#7189=ORIENTED_EDGE('',*,*,#10892,.T.);
#7190=ORIENTED_EDGE('',*,*,#9659,.T.);
#7191=CARTESIAN_POINT('',(-1.39763491184455,-2.3502921785979,-1.19512315947687));
#7192=DIRECTION('',(-0.0,-1.0,-0.0));
#7193=DIRECTION('',(0.0,0.0,-1.0));
#7194=SURFACE_STYLE_FILL_AREA(#10935);
#7195=ORIENTED_EDGE('',*,*,#9858,.T.);
#7196=ORIENTED_EDGE('',*,*,#10801,.F.);
#7197=ORIENTED_EDGE('',*,*,#10936,.T.);
#7198=ORIENTED_EDGE('',*,*,#10937,.T.);
#7199=CARTESIAN_POINT('',(-1.33576176595008,-2.212496456314,-0.217206476543962));
#7200=DIRECTION('',(-0.866025403784439,0.0,-0.499999999999999));
#7201=DIRECTION('',(0.0,1.0,0.0));
#7202=SURFACE_STYLE_FILL_AREA(#10938);
#7203=ORIENTED_EDGE('',*,*,#10939,.T.);
#7204=ORIENTED_EDGE('',*,*,#10172,.T.);
#7205=ORIENTED_EDGE('',*,*,#10940,.T.);
#7206=ORIENTED_EDGE('',*,*,#10855,.F.);
#7207=CARTESIAN_POINT('',(1.39762925168516,-1.89753582639274,-1.19514522410522));
#7208=DIRECTION('',(-0.0,1.0,0.0));
#7209=DIRECTION('',(1.0,0.0,0.0));
#7210=SURFACE_STYLE_FILL_AREA(#10941);
#7211=ORIENTED_EDGE('',*,*,#9796,.T.);
#7212=ORIENTED_EDGE('',*,*,#10942,.F.);
#7213=ORIENTED_EDGE('',*,*,#10943,.T.);
#7214=ORIENTED_EDGE('',*,*,#9737,.T.);
#7215=CARTESIAN_POINT('',(1.21762873746741,-2.212496456314,-0.636859056252375));
#7216=DIRECTION('',(6.12303176911189E-017,0.0,-1.0));
#7217=DIRECTION('',(0.0,-1.0,0.0));
#7218=SURFACE_STYLE_FILL_AREA(#10944);
#7219=ORIENTED_EDGE('',*,*,#10122,.F.);
#7220=ORIENTED_EDGE('',*,*,#10945,.F.);
#7221=ORIENTED_EDGE('',*,*,#10946,.F.);
#7222=ORIENTED_EDGE('',*,*,#10947,.T.);
#7223=CARTESIAN_POINT('',(-1.09954129350914,-2.212496456314,0.973676024492485));
#7224=DIRECTION('',(-0.86602540378444,-0.0,-0.499999999999998));
#7225=DIRECTION('',(0.0,-1.0,0.0));
#7226=SURFACE_STYLE_FILL_AREA(#10948);
#7227=ORIENTED_EDGE('',*,*,#10949,.F.);
#7228=ORIENTED_EDGE('',*,*,#9714,.T.);
#7229=ORIENTED_EDGE('',*,*,#10907,.T.);
#7230=ORIENTED_EDGE('',*,*,#10642,.F.);
#7231=ORIENTED_EDGE('',*,*,#10950,.T.);
#7232=CARTESIAN_POINT('',(1.39762925168516,-2.40147283426675,1.60011870906162));
#7233=DIRECTION('',(-0.0,-1.0,-0.0));
#7234=DIRECTION('',(-0.707033854371402,0.0,-0.707179700481228));
#7235=SURFACE_STYLE_FILL_AREA(#10951);
#7236=ORIENTED_EDGE('',*,*,#10152,.F.);
#7237=ORIENTED_EDGE('',*,*,#10952,.F.);
#7238=ORIENTED_EDGE('',*,*,#10953,.F.);
#7239=ORIENTED_EDGE('',*,*,#10238,.T.);
#7240=CARTESIAN_POINT('',(0.490695603013166,-2.212496456314,0.485771549380776));
#7241=DIRECTION('',(0.86602540378444,-0.0,0.499999999999999));
#7242=DIRECTION('',(0.0,1.0,0.0));
#7243=SURFACE_STYLE_FILL_AREA(#10954);
#7244=ORIENTED_EDGE('',*,*,#10123,.F.);
#7245=ORIENTED_EDGE('',*,*,#10947,.F.);
#7246=ORIENTED_EDGE('',*,*,#10955,.F.);
#7247=ORIENTED_EDGE('',*,*,#10752,.T.);
#7248=CARTESIAN_POINT('',(-1.21765152972961,-2.212496456314,1.04186700116843));
#7249=DIRECTION('',(-6.12303176911189E-017,-0.0,-1.0));
#7250=DIRECTION('',(0.0,-1.0,0.0));
#7251=SURFACE_STYLE_FILL_AREA(#10956);
#7252=ORIENTED_EDGE('',*,*,#10081,.F.);
#7253=ORIENTED_EDGE('',*,*,#10548,.F.);
#7254=ORIENTED_EDGE('',*,*,#10957,.F.);
#7255=ORIENTED_EDGE('',*,*,#10958,.T.);
#7256=CARTESIAN_POINT('',(0.304394390116753,-2.212496456314,1.29632473078112));
#7257=DIRECTION('',(6.12303176911189E-017,-0.0,1.0));
#7258=DIRECTION('',(0.0,1.0,0.0));
#7259=SURFACE_STYLE_FILL_AREA(#10959);
#7260=ORIENTED_EDGE('',*,*,#10960,.F.);
#7261=ORIENTED_EDGE('',*,*,#10961,.T.);
#7262=ORIENTED_EDGE('',*,*,#9732,.T.);
#7263=ORIENTED_EDGE('',*,*,#9941,.T.);
#7264=CARTESIAN_POINT('',(-0.726938867716316,-2.212496456314,0.134297587640114));
#7265=DIRECTION('',(-0.866025403784439,0.0,-0.499999999999999));
#7266=DIRECTION('',(0.0,1.0,0.0));
#7267=SURFACE_STYLE_FILL_AREA(#10962);
#7268=ORIENTED_EDGE('',*,*,#10040,.F.);
#7269=ORIENTED_EDGE('',*,*,#10963,.F.);
#7270=ORIENTED_EDGE('',*,*,#10964,.F.);
#7271=ORIENTED_EDGE('',*,*,#10926,.T.);
#7272=CARTESIAN_POINT('',(-0.42252741859943,-2.212496456314,1.14941205420062));
#7273=DIRECTION('',(0.866025403784439,0.0,-0.499999999999999));
#7274=DIRECTION('',(0.0,1.0,0.0));
#7275=SURFACE_STYLE_FILL_AREA(#10965);
#7276=ORIENTED_EDGE('',*,*,#9894,.T.);
#7277=ORIENTED_EDGE('',*,*,#10188,.T.);
#7278=ORIENTED_EDGE('',*,*,#10481,.F.);
#7279=ORIENTED_EDGE('',*,*,#10579,.T.);
#7280=CARTESIAN_POINT('',(0.492139841644758,-0.854361676174073,-0.0258313908640292));
#7281=DIRECTION('',(0.0,0.0,-1.0));
#7282=DIRECTION('',(0.0,-1.0,0.0));
#7283=SURFACE_STYLE_FILL_AREA(#10966);
#7284=ORIENTED_EDGE('',*,*,#10014,.F.);
#7285=ORIENTED_EDGE('',*,*,#10967,.F.);
#7286=ORIENTED_EDGE('',*,*,#10968,.F.);
#7287=ORIENTED_EDGE('',*,*,#10969,.T.);
#7288=CARTESIAN_POINT('',(1.33573897368788,-2.212496456314,1.18875567417308));
#7289=DIRECTION('',(-0.866025403784439,0.0,0.499999999999999));
#7290=DIRECTION('',(0.0,-1.0,0.0));
#7291=SURFACE_STYLE_FILL_AREA(#10970);
#7292=ORIENTED_EDGE('',*,*,#10120,.F.);
#7293=ORIENTED_EDGE('',*,*,#10716,.F.);
#7294=ORIENTED_EDGE('',*,*,#10971,.F.);
#7295=ORIENTED_EDGE('',*,*,#10972,.T.);
#7296=CARTESIAN_POINT('',(-0.913240080612727,-2.212496456314,0.593351062372627));
#7297=DIRECTION('',(6.12303176911189E-017,-0.0,1.0));
#7298=DIRECTION('',(0.0,1.0,0.0));
#7299=SURFACE_STYLE_FILL_AREA(#10973);
#7300=ORIENTED_EDGE('',*,*,#10026,.F.);
#7301=ORIENTED_EDGE('',*,*,#10974,.F.);
#7302=ORIENTED_EDGE('',*,*,#10975,.F.);
#7303=ORIENTED_EDGE('',*,*,#10976,.T.);
#7304=CARTESIAN_POINT('',(-0.490718395275371,-2.212496456314,0.973668023300535));
#7305=DIRECTION('',(-0.86602540378444,-0.0,-0.499999999999998));
#7306=DIRECTION('',(0.0,-1.0,0.0));
#7307=SURFACE_STYLE_FILL_AREA(#10977);
#7308=ORIENTED_EDGE('',*,*,#10160,.F.);
#7309=ORIENTED_EDGE('',*,*,#10978,.F.);
#7310=ORIENTED_EDGE('',*,*,#10979,.F.);
#7311=ORIENTED_EDGE('',*,*,#10310,.T.);
#7312=CARTESIAN_POINT('',(1.031327524571,-2.212496456314,0.446401470640619));
#7313=DIRECTION('',(-0.86602540378444,-0.0,-0.499999999999998));
#7314=DIRECTION('',(0.0,-1.0,0.0));
#7315=SURFACE_STYLE_FILL_AREA(#10980);
#7316=ORIENTED_EDGE('',*,*,#10981,.F.);
#7317=ORIENTED_EDGE('',*,*,#10836,.F.);
#7318=ORIENTED_EDGE('',*,*,#9988,.F.);
#7319=ORIENTED_EDGE('',*,*,#10207,.F.);
#7320=CARTESIAN_POINT('',(-1.21765152972961,-2.28297494032764,1.3933710653525));
#7321=DIRECTION('',(-6.12303176911189E-017,-0.0,-1.0));
#7322=DIRECTION('',(0.0,-1.0,0.0));
#7323=SURFACE_STYLE_FILL_AREA(#10982);
#7324=ORIENTED_EDGE('',*,*,#9920,.F.);
#7325=ORIENTED_EDGE('',*,*,#10983,.T.);
#7326=ORIENTED_EDGE('',*,*,#10386,.T.);
#7327=ORIENTED_EDGE('',*,*,#10984,.T.);
#7328=ORIENTED_EDGE('',*,*,#10985,.F.);
#7329=ORIENTED_EDGE('',*,*,#9599,.F.);
#7330=ORIENTED_EDGE('',*,*,#10986,.F.);
#7331=ORIENTED_EDGE('',*,*,#10786,.F.);
#7332=CARTESIAN_POINT('',(-1.57482209008161,-2.29123661379431,0.202458807387492));
#7333=DIRECTION('',(-1.0,0.0,0.0));
#7334=DIRECTION('',(0.0,0.0,-1.0));
#7335=SURFACE_STYLE_FILL_AREA(#10987);
#7336=ORIENTED_EDGE('',*,*,#10643,.F.);
#7337=ORIENTED_EDGE('',*,*,#10906,.T.);
#7338=ORIENTED_EDGE('',*,*,#10255,.T.);
#7339=ORIENTED_EDGE('',*,*,#10563,.F.);
#7340=ORIENTED_EDGE('',*,*,#10988,.T.);
#7341=CARTESIAN_POINT('',(1.26756758874821,-2.40934734887232,1.75721740965169));
#7342=DIRECTION('',(0.96601462391498,-3.03213551060347E-008,0.258487420162761));
#7343=DIRECTION('',(0.258487420162762,3.53886686923088E-012,-0.96601462391498));
#7344=SURFACE_STYLE_FILL_AREA(#10989);
#7345=ORIENTED_EDGE('',*,*,#9932,.T.);
#7346=ORIENTED_EDGE('',*,*,#10990,.F.);
#7347=ORIENTED_EDGE('',*,*,#10991,.T.);
#7348=ORIENTED_EDGE('',*,*,#10235,.T.);
#7349=CARTESIAN_POINT('',(0.608805839233638,-2.212496456314,0.0661250685399264));
#7350=DIRECTION('',(6.12303176911189E-017,0.0,-1.0));
#7351=DIRECTION('',(0.0,-1.0,0.0));
#7352=SURFACE_STYLE_FILL_AREA(#10992);
#7353=ORIENTED_EDGE('',*,*,#9979,.T.);
#7354=ORIENTED_EDGE('',*,*,#10425,.F.);
#7355=ORIENTED_EDGE('',*,*,#10993,.T.);
#7356=ORIENTED_EDGE('',*,*,#10306,.T.);
#7357=CARTESIAN_POINT('',(-1.09954129350914,-2.212496456314,0.134289586448165));
#7358=DIRECTION('',(0.86602540378444,0.0,-0.499999999999998));
#7359=DIRECTION('',(0.0,-1.0,0.0));
#7360=SURFACE_STYLE_FILL_AREA(#10994);
#7361=ORIENTED_EDGE('',*,*,#9951,.T.);
#7362=ORIENTED_EDGE('',*,*,#10904,.F.);
#7363=ORIENTED_EDGE('',*,*,#10995,.T.);
#7364=ORIENTED_EDGE('',*,*,#10996,.T.);
#7365=CARTESIAN_POINT('',(-5.73326207131827E-006,-2.212496456314,-1.06710573310862));
#7366=DIRECTION('',(-6.12303176911189E-017,0.0,1.0));
#7367=DIRECTION('',(0.0,1.0,0.0));
#7368=SURFACE_STYLE_FILL_AREA(#10997);
#7369=ORIENTED_EDGE('',*,*,#10998,.T.);
#7370=ORIENTED_EDGE('',*,*,#9822,.T.);
#7371=ORIENTED_EDGE('',*,*,#10682,.F.);
#7372=ORIENTED_EDGE('',*,*,#10999,.T.);
#7373=CARTESIAN_POINT('',(0.422504626337225,-2.212496456314,-1.09592417585255));
#7374=DIRECTION('',(0.86602540378444,0.0,-0.499999999999998));
#7375=DIRECTION('',(0.0,-1.0,0.0));
#7376=SURFACE_STYLE_FILL_AREA(#11000);
#7377=ORIENTED_EDGE('',*,*,#10112,.F.);
#7378=ORIENTED_EDGE('',*,*,#10777,.F.);
#7379=ORIENTED_EDGE('',*,*,#11001,.F.);
#7380=ORIENTED_EDGE('',*,*,#11002,.T.);
#7381=CARTESIAN_POINT('',(-1.0313503168332,-2.212496456314,1.14942005539257));
#7382=DIRECTION('',(0.866025403784439,0.0,-0.499999999999999));
#7383=DIRECTION('',(0.0,1.0,0.0));
#7384=SURFACE_STYLE_FILL_AREA(#11003);
#7385=ORIENTED_EDGE('',*,*,#10461,.T.);
#7386=ORIENTED_EDGE('',*,*,#9804,.T.);
#7387=ORIENTED_EDGE('',*,*,#10404,.F.);
#7388=ORIENTED_EDGE('',*,*,#11004,.T.);
#7389=CARTESIAN_POINT('',(0.913217288350523,-2.212496456314,-0.891343244632779));
#7390=DIRECTION('',(-6.12303176911189E-017,0.0,1.0));
#7391=DIRECTION('',(0.0,1.0,0.0));
#7392=SURFACE_STYLE_FILL_AREA(#11005);
#7393=ORIENTED_EDGE('',*,*,#10069,.F.);
#7394=ORIENTED_EDGE('',*,*,#11006,.F.);
#7395=ORIENTED_EDGE('',*,*,#11007,.F.);
#7396=ORIENTED_EDGE('',*,*,#10638,.T.);
#7397=CARTESIAN_POINT('',(0.608805839233638,-2.212496456314,0.769076635696961));
#7398=DIRECTION('',(6.12303176911189E-017,-0.0,1.0));
#7399=DIRECTION('',(0.0,1.0,0.0));
#7400=SURFACE_STYLE_FILL_AREA(#11008);
#7401=ORIENTED_EDGE('',*,*,#10793,.T.);
#7402=ORIENTED_EDGE('',*,*,#11009,.T.);
#7403=ORIENTED_EDGE('',*,*,#11010,.T.);
#7404=ORIENTED_EDGE('',*,*,#9794,.T.);
#7405=CARTESIAN_POINT('',(1.09951850124694,-2.212496456314,-0.432286126224554));
#7406=DIRECTION('',(-0.86602540378444,0.0,0.499999999999999));
#7407=DIRECTION('',(0.0,1.0,0.0));
#7408=SURFACE_STYLE_FILL_AREA(#11011);
#7409=ORIENTED_EDGE('',*,*,#10810,.T.);
#7410=ORIENTED_EDGE('',*,*,#9855,.T.);
#7411=ORIENTED_EDGE('',*,*,#10610,.F.);
#7412=ORIENTED_EDGE('',*,*,#11012,.T.);
#7413=CARTESIAN_POINT('',(0.118104502958401,-2.212496456314,-0.432304583800309));
#7414=DIRECTION('',(0.866025403784439,0.0,0.499999999999999));
#7415=DIRECTION('',(0.0,-1.0,0.0));
#7416=SURFACE_STYLE_FILL_AREA(#11013);
#7417=ORIENTED_EDGE('',*,*,#9974,.T.);
#7418=ORIENTED_EDGE('',*,*,#10733,.F.);
#7419=ORIENTED_EDGE('',*,*,#11014,.T.);
#7420=ORIENTED_EDGE('',*,*,#11015,.T.);
#7421=CARTESIAN_POINT('',(-5.73326207131827E-006,-2.212496456314,-0.715609670116494));
#7422=DIRECTION('',(-6.12303176911189E-017,0.0,1.0));
#7423=DIRECTION('',(0.0,1.0,0.0));
#7424=SURFACE_STYLE_FILL_AREA(#11016);
#7425=ORIENTED_EDGE('',*,*,#9998,.F.);
#7426=ORIENTED_EDGE('',*,*,#11017,.F.);
#7427=ORIENTED_EDGE('',*,*,#11018,.F.);
#7428=ORIENTED_EDGE('',*,*,#10398,.T.);
#7429=CARTESIAN_POINT('',(0.608805839233638,-2.212496456314,1.47206876168121));
#7430=DIRECTION('',(6.12303176911189E-017,-0.0,1.0));
#7431=DIRECTION('',(0.0,1.0,0.0));
#7432=SURFACE_STYLE_FILL_AREA(#11019);
#7433=ORIENTED_EDGE('',*,*,#11020,.F.);
#7434=ORIENTED_EDGE('',*,*,#9682,.T.);
#7435=ORIENTED_EDGE('',*,*,#11021,.F.);
#7436=ORIENTED_EDGE('',*,*,#10790,.T.);
#7437=CARTESIAN_POINT('',(1.03634204967664,-2.69871692875494,-0.203893462066433));
#7438=DIRECTION('',(-0.0,1.0,-0.0));
#7439=DIRECTION('',(1.0,0.0,0.0));
#7440=SURFACE_STYLE_FILL_AREA(#11022);
#7441=ORIENTED_EDGE('',*,*,#10332,.F.);
#7442=ORIENTED_EDGE('',*,*,#11023,.T.);
#7443=ORIENTED_EDGE('',*,*,#11024,.F.);
#7444=ORIENTED_EDGE('',*,*,#9647,.T.);
#7445=ORIENTED_EDGE('',*,*,#11025,.T.);
#7446=CARTESIAN_POINT('',(-1.26743877720969,-2.40934729670813,1.75759398547229));
#7447=DIRECTION('',(-0.966015781984191,0.0,0.258483092208123));
#7448=DIRECTION('',(0.258483092208123,0.0,0.966015781984191));
#7449=SURFACE_STYLE_FILL_AREA(#11026);
#7450=ORIENTED_EDGE('',*,*,#10147,.F.);
#7451=ORIENTED_EDGE('',*,*,#10266,.F.);
#7452=ORIENTED_EDGE('',*,*,#11027,.F.);
#7453=ORIENTED_EDGE('',*,*,#10376,.T.);
#7454=CARTESIAN_POINT('',(0.304394390116753,-2.212496456314,0.593332604796873));
#7455=DIRECTION('',(6.12303176911189E-017,-0.0,1.0));
#7456=DIRECTION('',(0.0,1.0,0.0));
#7457=SURFACE_STYLE_FILL_AREA(#11028);
#7458=ORIENTED_EDGE('',*,*,#10085,.F.);
#7459=ORIENTED_EDGE('',*,*,#10244,.F.);
#7460=ORIENTED_EDGE('',*,*,#11029,.F.);
#7461=ORIENTED_EDGE('',*,*,#10914,.T.);
#7462=CARTESIAN_POINT('',(0.490695603013166,-2.212496456314,1.32514562871691));
#7463=DIRECTION('',(0.866025403784439,0.0,-0.499999999999999));
#7464=DIRECTION('',(0.0,1.0,0.0));
#7465=SURFACE_STYLE_FILL_AREA(#11030);
#7466=ORIENTED_EDGE('',*,*,#10098,.F.);
#7467=ORIENTED_EDGE('',*,*,#10647,.F.);
#7468=ORIENTED_EDGE('',*,*,#11031,.F.);
#7469=ORIENTED_EDGE('',*,*,#10271,.T.);
#7470=CARTESIAN_POINT('',(0.913217288350523,-2.212496456314,0.94482066659705));
#7471=DIRECTION('',(6.12303176911189E-017,-0.0,1.0));
#7472=DIRECTION('',(0.0,1.0,0.0));
#7473=SURFACE_STYLE_FILL_AREA(#11032);
#7474=ORIENTED_EDGE('',*,*,#10463,.T.);
#7475=ORIENTED_EDGE('',*,*,#9792,.T.);
#7476=ORIENTED_EDGE('',*,*,#10558,.F.);
#7477=ORIENTED_EDGE('',*,*,#11033,.T.);
#7478=CARTESIAN_POINT('',(0.913217288350523,-2.212496456314,-0.539847181640652));
#7479=DIRECTION('',(-6.12303176911189E-017,0.0,1.0));
#7480=DIRECTION('',(0.0,1.0,0.0));
#7481=SURFACE_STYLE_FILL_AREA(#11034);
#7482=ORIENTED_EDGE('',*,*,#10091,.F.);
#7483=ORIENTED_EDGE('',*,*,#10868,.F.);
#7484=ORIENTED_EDGE('',*,*,#11035,.F.);
#7485=ORIENTED_EDGE('',*,*,#10676,.T.);
#7486=CARTESIAN_POINT('',(0.795107052130051,-2.212496456314,1.36450770626512));
#7487=DIRECTION('',(0.86602540378444,-0.0,0.499999999999999));
#7488=DIRECTION('',(0.0,1.0,0.0));
#7489=SURFACE_STYLE_FILL_AREA(#11036);
#7490=ORIENTED_EDGE('',*,*,#10074,.F.);
#7491=ORIENTED_EDGE('',*,*,#11037,.F.);
#7492=ORIENTED_EDGE('',*,*,#11038,.F.);
#7493=ORIENTED_EDGE('',*,*,#11039,.T.);
#7494=CARTESIAN_POINT('',(0.18628415389628,-2.212496456314,1.01301964446494));
#7495=DIRECTION('',(0.86602540378444,-0.0,0.499999999999999));
#7496=DIRECTION('',(0.0,1.0,0.0));
#7497=SURFACE_STYLE_FILL_AREA(#11040);
#7498=ORIENTED_EDGE('',*,*,#9971,.T.);
#7499=ORIENTED_EDGE('',*,*,#11041,.F.);
#7500=ORIENTED_EDGE('',*,*,#11042,.T.);
#7501=ORIENTED_EDGE('',*,*,#11043,.T.);
#7502=CARTESIAN_POINT('',(-0.913240080612727,-2.212496456314,-1.16413361010424));
#7503=DIRECTION('',(6.12303176911189E-017,0.0,-1.0));
#7504=DIRECTION('',(0.0,-1.0,0.0));
#7505=SURFACE_STYLE_FILL_AREA(#11044);
#7506=ORIENTED_EDGE('',*,*,#9818,.T.);
#7507=ORIENTED_EDGE('',*,*,#11045,.F.);
#7508=ORIENTED_EDGE('',*,*,#10351,.F.);
#7509=ORIENTED_EDGE('',*,*,#10410,.F.);
#7510=ORIENTED_EDGE('',*,*,#10813,.F.);
#7511=ORIENTED_EDGE('',*,*,#9844,.T.);
#7512=ORIENTED_EDGE('',*,*,#10669,.F.);
#7513=ORIENTED_EDGE('',*,*,#11046,.F.);
#7514=ORIENTED_EDGE('',*,*,#10275,.F.);
#7515=ORIENTED_EDGE('',*,*,#9824,.T.);
#7516=ORIENTED_EDGE('',*,*,#11047,.F.);
#7517=ORIENTED_EDGE('',*,*,#11048,.F.);
#7518=ORIENTED_EDGE('',*,*,#9666,.F.);
#7519=CARTESIAN_POINT('',(0.316690272583284,-1.63911901964488,-0.760014130886662));
#7520=DIRECTION('',(1.0,0.0,0.0));
#7521=DIRECTION('',(0.0,0.0,-1.0));
#7522=SURFACE_STYLE_FILL_AREA(#11049);
#7523=ORIENTED_EDGE('',*,*,#9799,.T.);
#7524=ORIENTED_EDGE('',*,*,#10460,.T.);
#7525=ORIENTED_EDGE('',*,*,#11050,.F.);
#7526=ORIENTED_EDGE('',*,*,#11045,.T.);
#7527=ORIENTED_EDGE('',*,*,#9823,.T.);
#7528=ORIENTED_EDGE('',*,*,#10998,.F.);
#7529=ORIENTED_EDGE('',*,*,#11051,.F.);
#7530=ORIENTED_EDGE('',*,*,#11052,.F.);
#7531=CARTESIAN_POINT('',(0.597445541674245,-1.63911901964488,-1.03675428875885));
#7532=DIRECTION('',(0.0,0.0,1.0));
#7533=DIRECTION('',(1.0,0.0,0.0));
#7534=SURFACE_STYLE_FILL_AREA(#11053);
#7535=ORIENTED_EDGE('',*,*,#9997,.F.);
#7536=ORIENTED_EDGE('',*,*,#11054,.F.);
#7537=ORIENTED_EDGE('',*,*,#11055,.F.);
#7538=ORIENTED_EDGE('',*,*,#11017,.T.);
#7539=CARTESIAN_POINT('',(0.490695603013166,-2.212496456314,1.54025973835715));
#7540=DIRECTION('',(0.86602540378444,-0.0,0.499999999999999));
#7541=DIRECTION('',(0.0,1.0,0.0));
#7542=SURFACE_STYLE_FILL_AREA(#11056);
#7543=ORIENTED_EDGE('',*,*,#11057,.F.);
#7544=ORIENTED_EDGE('',*,*,#10766,.T.);
#7545=ORIENTED_EDGE('',*,*,#10826,.F.);
#7546=ORIENTED_EDGE('',*,*,#10257,.T.);
#7547=ORIENTED_EDGE('',*,*,#9716,.T.);
#7548=CARTESIAN_POINT('',(1.55513769519965,-2.40934729670813,1.46999720679624));
#7549=DIRECTION('',(0.258665459439781,0.0,0.965966966356928));
#7550=DIRECTION('',(0.965966966356928,0.0,-0.258665459439781));
#7551=SURFACE_STYLE_FILL_AREA(#11058);
#7552=ORIENTED_EDGE('',*,*,#10164,.F.);
#7553=ORIENTED_EDGE('',*,*,#11059,.F.);
#7554=ORIENTED_EDGE('',*,*,#11060,.F.);
#7555=ORIENTED_EDGE('',*,*,#11061,.T.);
#7556=CARTESIAN_POINT('',(0.913217288350523,-2.212496456314,0.241828540612798));
#7557=DIRECTION('',(6.12303176911189E-017,-0.0,1.0));
#7558=DIRECTION('',(0.0,1.0,0.0));
#7559=SURFACE_STYLE_FILL_AREA(#11062);
#7560=ORIENTED_EDGE('',*,*,#11063,.T.);
#7561=ORIENTED_EDGE('',*,*,#11064,.T.);
#7562=ORIENTED_EDGE('',*,*,#10846,.F.);
#7563=ORIENTED_EDGE('',*,*,#9684,.T.);
#7564=CARTESIAN_POINT('',(0.492139848880697,-2.69871692875494,0.00788190785324078));
#7565=DIRECTION('',(0.0,-0.707106696633214,0.707106865739871));
#7566=DIRECTION('',(1.0,0.0,0.0));
#7567=SURFACE_STYLE_FILL_AREA(#11065);
#7568=ORIENTED_EDGE('',*,*,#10100,.F.);
#7569=ORIENTED_EDGE('',*,*,#11066,.F.);
#7570=ORIENTED_EDGE('',*,*,#11067,.F.);
#7571=ORIENTED_EDGE('',*,*,#11068,.T.);
#7572=CARTESIAN_POINT('',(0.118104502958401,-2.212496456314,1.32515608510071));
#7573=DIRECTION('',(-0.86602540378444,-0.0,-0.499999999999998));
#7574=DIRECTION('',(0.0,-1.0,0.0));
#7575=SURFACE_STYLE_FILL_AREA(#11069);
#7576=ORIENTED_EDGE('',*,*,#10324,.T.);
#7577=ORIENTED_EDGE('',*,*,#11070,.F.);
#7578=ORIENTED_EDGE('',*,*,#9677,.T.);
#7579=ORIENTED_EDGE('',*,*,#9934,.F.);
#7580=CARTESIAN_POINT('',(0.118104502958401,-2.212496456314,0.270667896124335));
#7581=DIRECTION('',(-0.86602540378444,-0.0,-0.499999999999998));
#7582=DIRECTION('',(0.0,-1.0,0.0));
#7583=SURFACE_STYLE_FILL_AREA(#11071);
#7584=ORIENTED_EDGE('',*,*,#10103,.F.);
#7585=ORIENTED_EDGE('',*,*,#11072,.F.);
#7586=ORIENTED_EDGE('',*,*,#11073,.F.);
#7587=ORIENTED_EDGE('',*,*,#10420,.T.);
#7588=CARTESIAN_POINT('',(-0.118115969482544,-2.212496456314,1.18877413174883));
#7589=DIRECTION('',(0.86602540378444,-0.0,0.499999999999999));
#7590=DIRECTION('',(0.0,1.0,0.0));
#7591=SURFACE_STYLE_FILL_AREA(#11074);
#7592=ORIENTED_EDGE('',*,*,#10674,.T.);
#7593=ORIENTED_EDGE('',*,*,#10782,.T.);
#7594=ORIENTED_EDGE('',*,*,#11075,.F.);
#7595=ORIENTED_EDGE('',*,*,#9690,.T.);
#7596=CARTESIAN_POINT('',(1.38682466991445E-005,-2.69871692875494,-0.387861042255219));
#7597=DIRECTION('',(-8.65927457071931E-017,-0.707106781186551,0.707106781186544));
#7598=DIRECTION('',(1.0,0.0,1.22460635382238E-016));
#7599=SURFACE_STYLE_FILL_AREA(#11076);
#7600=ORIENTED_EDGE('',*,*,#11024,.T.);
#7601=ORIENTED_EDGE('',*,*,#11077,.T.);
#7602=ORIENTED_EDGE('',*,*,#11078,.F.);
#7603=ORIENTED_EDGE('',*,*,#9642,.T.);
#7604=CARTESIAN_POINT('',(-0.698826926159926,-2.34241816284986,1.76938794124576));
#7605=DIRECTION('',(0.0,-0.707106781186548,0.707106781186548));
#7606=DIRECTION('',(1.0,0.0,0.0));
#7607=SURFACE_STYLE_FILL_AREA(#11079);
#7608=ORIENTED_EDGE('',*,*,#9900,.T.);
#7609=ORIENTED_EDGE('',*,*,#11080,.T.);
#7610=ORIENTED_EDGE('',*,*,#11081,.F.);
#7611=ORIENTED_EDGE('',*,*,#10455,.T.);
#7612=CARTESIAN_POINT('',(0.821809493181272,-2.26935338973999,-0.750188231468201));
#7613=DIRECTION('',(-1.0,0.0,0.0));
#7614=DIRECTION('',(0.0,0.0,1.0));
#7615=SURFACE_STYLE_FILL_AREA(#11082);
#7616=ORIENTED_EDGE('',*,*,#10141,.F.);
#7617=ORIENTED_EDGE('',*,*,#11083,.F.);
#7618=ORIENTED_EDGE('',*,*,#11084,.F.);
#7619=ORIENTED_EDGE('',*,*,#9602,.T.);
#7620=CARTESIAN_POINT('',(-0.118115969482544,-2.212496456314,0.48578200576458));
#7621=DIRECTION('',(0.86602540378444,-0.0,0.499999999999999));
#7622=DIRECTION('',(0.0,1.0,0.0));
#7623=SURFACE_STYLE_FILL_AREA(#11085);
#7624=ORIENTED_EDGE('',*,*,#10048,.F.);
#7625=ORIENTED_EDGE('',*,*,#10304,.F.);
#7626=ORIENTED_EDGE('',*,*,#11086,.F.);
#7627=ORIENTED_EDGE('',*,*,#11087,.T.);
#7628=CARTESIAN_POINT('',(-0.186306946158485,-2.212496456314,1.36452616384087));
#7629=DIRECTION('',(-0.866025403784439,0.0,0.499999999999999));
#7630=DIRECTION('',(0.0,-1.0,0.0));
#7631=SURFACE_STYLE_FILL_AREA(#11088);
#7632=ORIENTED_EDGE('',*,*,#11047,.T.);
#7633=ORIENTED_EDGE('',*,*,#9828,.T.);
#7634=ORIENTED_EDGE('',*,*,#10888,.F.);
#7635=ORIENTED_EDGE('',*,*,#11089,.T.);
#7636=CARTESIAN_POINT('',(0.304394390116753,-2.212496456314,-0.812619089536362));
#7637=DIRECTION('',(6.12303176911189E-017,0.0,-1.0));
#7638=DIRECTION('',(0.0,-1.0,0.0));
#7639=SURFACE_STYLE_FILL_AREA(#11090);
#7640=ORIENTED_EDGE('',*,*,#11091,.F.);
#7641=ORIENTED_EDGE('',*,*,#10625,.F.);
#7642=ORIENTED_EDGE('',*,*,#10575,.T.);
#7643=ORIENTED_EDGE('',*,*,#10848,.F.);
#7644=CARTESIAN_POINT('',(0.698805155604925,-2.34241816284986,-1.36441445628936));
#7645=DIRECTION('',(-0.0,0.707106781186548,0.707106781186548));
#7646=DIRECTION('',(1.0,0.0,0.0));
#7647=SURFACE_STYLE_FILL_AREA(#11092);
#7648=ORIENTED_EDGE('',*,*,#10096,.F.);
#7649=ORIENTED_EDGE('',*,*,#10871,.F.);
#7650=ORIENTED_EDGE('',*,*,#11093,.F.);
#7651=ORIENTED_EDGE('',*,*,#10645,.T.);
#7652=CARTESIAN_POINT('',(0.795107052130051,-2.212496456314,1.14939359662487));
#7653=DIRECTION('',(0.866025403784439,0.0,-0.499999999999999));
#7654=DIRECTION('',(0.0,1.0,0.0));
#7655=SURFACE_STYLE_FILL_AREA(#11094);
#7656=ORIENTED_EDGE('',*,*,#10149,.F.);
#7657=ORIENTED_EDGE('',*,*,#10613,.F.);
#7658=ORIENTED_EDGE('',*,*,#11095,.F.);
#7659=ORIENTED_EDGE('',*,*,#11096,.T.);
#7660=CARTESIAN_POINT('',(0.726916075454111,-2.212496456314,0.622153502732657));
#7661=DIRECTION('',(-0.86602540378444,-0.0,-0.499999999999998));
#7662=DIRECTION('',(0.0,-1.0,0.0));
#7663=SURFACE_STYLE_FILL_AREA(#11097);
#7664=ORIENTED_EDGE('',*,*,#9832,.T.);
#7665=ORIENTED_EDGE('',*,*,#11098,.F.);
#7666=ORIENTED_EDGE('',*,*,#11099,.T.);
#7667=ORIENTED_EDGE('',*,*,#10822,.T.);
#7668=CARTESIAN_POINT('',(0.304394390116753,-2.212496456314,0.163136943151651));
#7669=DIRECTION('',(-6.12303176911189E-017,0.0,1.0));
#7670=DIRECTION('',(0.0,1.0,0.0));
#7671=SURFACE_STYLE_FILL_AREA(#11100);
#7672=ORIENTED_EDGE('',*,*,#10844,.T.);
#7673=ORIENTED_EDGE('',*,*,#10694,.T.);
#7674=ORIENTED_EDGE('',*,*,#10983,.F.);
#7675=ORIENTED_EDGE('',*,*,#9919,.F.);
#7676=CARTESIAN_POINT('',(-1.41734177512098,-2.29123661379431,-1.21480815707676));
#7677=DIRECTION('',(0.0,1.0,0.0));
#7678=DIRECTION('',(-0.707106781186547,0.0,-0.707106781186547));
#7679=SURFACE_STYLE_FILL_AREA(#11101);
#7680=ORIENTED_EDGE('',*,*,#11102,.T.);
#7681=ORIENTED_EDGE('',*,*,#10747,.T.);
#7682=ORIENTED_EDGE('',*,*,#11103,.T.);
#7683=ORIENTED_EDGE('',*,*,#11104,.T.);
#7684=CARTESIAN_POINT('',(0.0678395803789955,-2.48218149568407,-1.02018647725243));
#7685=DIRECTION('',(0.0,-0.707106781186548,0.707106781186548));
#7686=DIRECTION('',(1.0,0.0,0.0));
#7687=SURFACE_STYLE_FILL_AREA(#11105);
#7688=ORIENTED_EDGE('',*,*,#10037,.F.);
#7689=ORIENTED_EDGE('',*,*,#10229,.F.);
#7690=ORIENTED_EDGE('',*,*,#11106,.F.);
#7691=ORIENTED_EDGE('',*,*,#10631,.T.);
#7692=CARTESIAN_POINT('',(-0.186306946158485,-2.212496456314,0.661534037856618));
#7693=DIRECTION('',(-0.866025403784439,0.0,0.499999999999999));
#7694=DIRECTION('',(0.0,-1.0,0.0));
#7695=SURFACE_STYLE_FILL_AREA(#11107);
#7696=ORIENTED_EDGE('',*,*,#10279,.F.);
#7697=ORIENTED_EDGE('',*,*,#9912,.T.);
#7698=ORIENTED_EDGE('',*,*,#11108,.T.);
#7699=ORIENTED_EDGE('',*,*,#11109,.F.);
#7700=CARTESIAN_POINT('',(1.41730389417036,-2.29123661379431,1.61978164203316));
#7701=DIRECTION('',(0.0,-1.0,0.0));
#7702=DIRECTION('',(0.707106781186547,0.0,0.707106781186547));
#7703=SURFACE_STYLE_FILL_AREA(#11110);
#7704=ORIENTED_EDGE('',*,*,#9782,.T.);
#7705=ORIENTED_EDGE('',*,*,#9859,.T.);
#7706=ORIENTED_EDGE('',*,*,#10937,.F.);
#7707=ORIENTED_EDGE('',*,*,#11111,.T.);
#7708=CARTESIAN_POINT('',(-1.21765152972961,-2.212496456314,-0.285397453219902));
#7709=DIRECTION('',(6.12303176911189E-017,0.0,-1.0));
#7710=DIRECTION('',(0.0,-1.0,0.0));
#7711=SURFACE_STYLE_FILL_AREA(#11112);
#7712=ORIENTED_EDGE('',*,*,#9831,.T.);
#7713=ORIENTED_EDGE('',*,*,#10698,.F.);
#7714=ORIENTED_EDGE('',*,*,#11113,.T.);
#7715=ORIENTED_EDGE('',*,*,#11098,.T.);
#7716=CARTESIAN_POINT('',(0.422504626337225,-2.212496456314,0.0949459664757106));
#7717=DIRECTION('',(0.866025403784439,0.0,0.499999999999999));
#7718=DIRECTION('',(0.0,-1.0,0.0));
#7719=SURFACE_STYLE_FILL_AREA(#11114);
#7720=ORIENTED_EDGE('',*,*,#9826,.T.);
#7721=ORIENTED_EDGE('',*,*,#10277,.F.);
#7722=ORIENTED_EDGE('',*,*,#11115,.T.);
#7723=ORIENTED_EDGE('',*,*,#10886,.T.);
#7724=CARTESIAN_POINT('',(0.18628415389628,-2.212496456314,-0.608046159508541));
#7725=DIRECTION('',(-0.86602540378444,0.0,0.499999999999999));
#7726=DIRECTION('',(0.0,1.0,0.0));
#7727=SURFACE_STYLE_FILL_AREA(#11116);
#7728=ORIENTED_EDGE('',*,*,#10157,.F.);
#7729=ORIENTED_EDGE('',*,*,#11117,.F.);
#7730=ORIENTED_EDGE('',*,*,#11118,.F.);
#7731=ORIENTED_EDGE('',*,*,#9628,.T.);
#7732=CARTESIAN_POINT('',(1.09951850124694,-2.212496456314,0.622145501540707));
#7733=DIRECTION('',(0.866025403784439,0.0,-0.499999999999999));
#7734=DIRECTION('',(0.0,1.0,0.0));
#7735=SURFACE_STYLE_FILL_AREA(#11119);
#7736=ORIENTED_EDGE('',*,*,#10088,.F.);
#7737=ORIENTED_EDGE('',*,*,#10439,.F.);
#7738=ORIENTED_EDGE('',*,*,#11120,.F.);
#7739=ORIENTED_EDGE('',*,*,#11121,.T.);
#7740=CARTESIAN_POINT('',(0.726916075454111,-2.212496456314,1.18876367536503));
#7741=DIRECTION('',(-0.866025403784439,0.0,0.499999999999999));
#7742=DIRECTION('',(0.0,-1.0,0.0));
#7743=SURFACE_STYLE_FILL_AREA(#11122);
#7744=ORIENTED_EDGE('',*,*,#10006,.F.);
#7745=ORIENTED_EDGE('',*,*,#10252,.F.);
#7746=ORIENTED_EDGE('',*,*,#11123,.F.);
#7747=ORIENTED_EDGE('',*,*,#11124,.T.);
#7748=CARTESIAN_POINT('',(-1.21765152972961,-2.212496456314,0.417607031472538));
#7749=DIRECTION('',(6.12303176911189E-017,-0.0,1.0));
#7750=DIRECTION('',(0.0,1.0,0.0));
#7751=SURFACE_STYLE_FILL_AREA(#11125);
#7752=ORIENTED_EDGE('',*,*,#11126,.T.);
#7753=ORIENTED_EDGE('',*,*,#9840,.T.);
#7754=ORIENTED_EDGE('',*,*,#11127,.F.);
#7755=ORIENTED_EDGE('',*,*,#11128,.T.);
#7756=CARTESIAN_POINT('',(-0.42252741859943,-2.212496456314,-0.041446443259975));
#7757=DIRECTION('',(-0.866025403784439,0.0,-0.499999999999999));
#7758=DIRECTION('',(0.0,1.0,0.0));
#7759=SURFACE_STYLE_FILL_AREA(#11129);
#7760=ORIENTED_EDGE('',*,*,#10101,.F.);
#7761=ORIENTED_EDGE('',*,*,#11068,.F.);
#7762=ORIENTED_EDGE('',*,*,#11130,.F.);
#7763=ORIENTED_EDGE('',*,*,#11131,.T.);
#7764=CARTESIAN_POINT('',(-5.73326207130851E-006,-2.212496456314,1.39334706177665));
#7765=DIRECTION('',(-6.12303176911189E-017,-0.0,-1.0));
#7766=DIRECTION('',(0.0,-1.0,0.0));
#7767=SURFACE_STYLE_FILL_AREA(#11132);
#7768=ORIENTED_EDGE('',*,*,#10109,.F.);
#7769=ORIENTED_EDGE('',*,*,#10184,.F.);
#7770=ORIENTED_EDGE('',*,*,#11133,.F.);
#7771=ORIENTED_EDGE('',*,*,#9742,.T.);
#7772=CARTESIAN_POINT('',(-0.795129844392255,-2.212496456314,1.36453416503282));
#7773=DIRECTION('',(-0.866025403784439,0.0,0.499999999999999));
#7774=DIRECTION('',(0.0,-1.0,0.0));
#7775=SURFACE_STYLE_FILL_AREA(#11134);
#7776=ORIENTED_EDGE('',*,*,#9778,.T.);
#7777=ORIENTED_EDGE('',*,*,#9850,.T.);
#7778=ORIENTED_EDGE('',*,*,#11135,.F.);
#7779=ORIENTED_EDGE('',*,*,#11136,.T.);
#7780=CARTESIAN_POINT('',(-1.0313503168332,-2.212496456314,-0.041454444451924));
#7781=DIRECTION('',(-0.866025403784439,0.0,-0.499999999999999));
#7782=DIRECTION('',(0.0,1.0,0.0));
#7783=SURFACE_STYLE_FILL_AREA(#11137);
#7784=ORIENTED_EDGE('',*,*,#10511,.F.);
#7785=ORIENTED_EDGE('',*,*,#11138,.T.);
#7786=ORIENTED_EDGE('',*,*,#10990,.T.);
#7787=ORIENTED_EDGE('',*,*,#9931,.T.);
#7788=CARTESIAN_POINT('',(0.490695603013166,-2.212496456314,0.134316045215867));
#7789=DIRECTION('',(-0.866025403784439,0.0,-0.499999999999999));
#7790=DIRECTION('',(0.0,1.0,0.0));
#7791=SURFACE_STYLE_FILL_AREA(#11139);
#7792=ORIENTED_EDGE('',*,*,#9881,.T.);
#7793=ORIENTED_EDGE('',*,*,#9624,.F.);
#7794=ORIENTED_EDGE('',*,*,#11140,.T.);
#7795=ORIENTED_EDGE('',*,*,#11141,.T.);
#7796=CARTESIAN_POINT('',(-0.304417182378957,-2.212496456314,-1.16412560891229));
#7797=DIRECTION('',(6.12303176911189E-017,0.0,-1.0));
#7798=DIRECTION('',(0.0,-1.0,0.0));
#7799=SURFACE_STYLE_FILL_AREA(#11142);
#7800=ORIENTED_EDGE('',*,*,#10652,.T.);
#7801=ORIENTED_EDGE('',*,*,#11143,.F.);
#7802=ORIENTED_EDGE('',*,*,#10193,.T.);
#7803=ORIENTED_EDGE('',*,*,#11144,.F.);
#7804=ORIENTED_EDGE('',*,*,#11145,.F.);
#7805=CARTESIAN_POINT('',(1.39762925168516,-2.40147283426675,-1.19514522410522));
#7806=DIRECTION('',(-0.0,-1.0,-0.0));
#7807=DIRECTION('',(-0.707033854371402,0.0,0.707179700481228));
#7808=SURFACE_STYLE_FILL_AREA(#11146);
#7809=ORIENTED_EDGE('',*,*,#11147,.T.);
#7810=ORIENTED_EDGE('',*,*,#10895,.T.);
#7811=ORIENTED_EDGE('',*,*,#9944,.T.);
#7812=ORIENTED_EDGE('',*,*,#11148,.F.);
#7813=CARTESIAN_POINT('',(-1.09954129350914,-2.28297494032764,-0.920206603720164));
#7814=DIRECTION('',(0.86602540378444,0.0,-0.499999999999998));
#7815=DIRECTION('',(0.0,-1.0,0.0));
#7816=SURFACE_STYLE_FILL_AREA(#11149);
#7817=ORIENTED_EDGE('',*,*,#10023,.F.);
#7818=ORIENTED_EDGE('',*,*,#11150,.F.);
#7819=ORIENTED_EDGE('',*,*,#11151,.F.);
#7820=ORIENTED_EDGE('',*,*,#10483,.T.);
#7821=CARTESIAN_POINT('',(-0.726938867716316,-2.212496456314,1.18878213294078));
#7822=DIRECTION('',(0.86602540378444,-0.0,0.499999999999999));
#7823=DIRECTION('',(0.0,1.0,0.0));
#7824=SURFACE_STYLE_FILL_AREA(#11152);
#7825=ORIENTED_EDGE('',*,*,#10659,.T.);
#7826=ORIENTED_EDGE('',*,*,#9908,.F.);
#7827=ORIENTED_EDGE('',*,*,#9910,.F.);
#7828=ORIENTED_EDGE('',*,*,#10660,.T.);
#7829=ORIENTED_EDGE('',*,*,#10262,.T.);
#7830=CARTESIAN_POINT('',(1.39762925168516,-1.89753582639274,1.60011870906162));
#7831=DIRECTION('',(0.0,-1.0,0.0));
#7832=DIRECTION('',(1.0,0.0,0.0));
#7833=SURFACE_STYLE_FILL_AREA(#11153);
#7834=ORIENTED_EDGE('',*,*,#10163,.F.);
#7835=ORIENTED_EDGE('',*,*,#10300,.F.);
#7836=ORIENTED_EDGE('',*,*,#11154,.F.);
#7837=ORIENTED_EDGE('',*,*,#11059,.T.);
#7838=CARTESIAN_POINT('',(0.795107052130051,-2.212496456314,0.310019517288739));
#7839=DIRECTION('',(0.86602540378444,-0.0,0.499999999999999));
#7840=DIRECTION('',(0.0,1.0,0.0));
#7841=SURFACE_STYLE_FILL_AREA(#11155);
#7842=ORIENTED_EDGE('',*,*,#10136,.F.);
#7843=ORIENTED_EDGE('',*,*,#10418,.F.);
#7844=ORIENTED_EDGE('',*,*,#11156,.F.);
#7845=ORIENTED_EDGE('',*,*,#11157,.T.);
#7846=CARTESIAN_POINT('',(-0.42252741859943,-2.212496456314,0.310037974864492));
#7847=DIRECTION('',(0.86602540378444,-0.0,0.499999999999999));
#7848=DIRECTION('',(0.0,1.0,0.0));
#7849=SURFACE_STYLE_FILL_AREA(#11158);
#7850=ORIENTED_EDGE('',*,*,#9839,.T.);
#7851=ORIENTED_EDGE('',*,*,#11159,.F.);
#7852=ORIENTED_EDGE('',*,*,#11160,.T.);
#7853=ORIENTED_EDGE('',*,*,#11127,.T.);
#7854=CARTESIAN_POINT('',(-0.42252741859943,-2.212496456314,0.0949355100919056));
#7855=DIRECTION('',(-0.86602540378444,0.0,0.499999999999999));
#7856=DIRECTION('',(0.0,1.0,0.0));
#7857=SURFACE_STYLE_FILL_AREA(#11161);
#7858=ORIENTED_EDGE('',*,*,#11162,.T.);
#7859=ORIENTED_EDGE('',*,*,#11163,.T.);
#7860=ORIENTED_EDGE('',*,*,#11164,.T.);
#7861=ORIENTED_EDGE('',*,*,#11165,.T.);
#7862=CARTESIAN_POINT('',(0.653033028684926,-2.48218149568407,-0.977650595861419));
#7863=DIRECTION('',(0.0,-0.707106781186548,0.707106781186547));
#7864=DIRECTION('',(1.0,0.0,0.0));
#7865=SURFACE_STYLE_FILL_AREA(#11166);
#7866=ORIENTED_EDGE('',*,*,#9873,.T.);
#7867=ORIENTED_EDGE('',*,*,#10288,.F.);
#7868=ORIENTED_EDGE('',*,*,#11167,.T.);
#7869=ORIENTED_EDGE('',*,*,#11168,.T.);
#7870=CARTESIAN_POINT('',(-0.186306946158485,-2.212496456314,-0.744438569244227));
#7871=DIRECTION('',(0.86602540378444,0.0,-0.499999999999998));
#7872=DIRECTION('',(0.0,-1.0,0.0));
#7873=SURFACE_STYLE_FILL_AREA(#11169);
#7874=ORIENTED_EDGE('',*,*,#10012,.F.);
#7875=ORIENTED_EDGE('',*,*,#10918,.F.);
#7876=ORIENTED_EDGE('',*,*,#11170,.F.);
#7877=ORIENTED_EDGE('',*,*,#11171,.T.);
#7878=CARTESIAN_POINT('',(1.09951850124694,-2.212496456314,1.18875567417308));
#7879=DIRECTION('',(0.86602540378444,-0.0,0.499999999999999));
#7880=DIRECTION('',(0.0,1.0,0.0));
#7881=SURFACE_STYLE_FILL_AREA(#11172);
#7882=ORIENTED_EDGE('',*,*,#10077,.F.);
#7883=ORIENTED_EDGE('',*,*,#11173,.F.);
#7884=ORIENTED_EDGE('',*,*,#11174,.F.);
#7885=ORIENTED_EDGE('',*,*,#11175,.T.);
#7886=CARTESIAN_POINT('',(0.422504626337225,-2.212496456314,1.50089766080895));
#7887=DIRECTION('',(-0.86602540378444,-0.0,-0.499999999999998));
#7888=DIRECTION('',(0.0,-1.0,0.0));
#7889=SURFACE_STYLE_FILL_AREA(#11176);
#7890=ORIENTED_EDGE('',*,*,#9905,.T.);
#7891=ORIENTED_EDGE('',*,*,#10469,.T.);
#7892=ORIENTED_EDGE('',*,*,#11103,.F.);
#7893=ORIENTED_EDGE('',*,*,#11177,.F.);
#7894=CARTESIAN_POINT('',(-0.572986469747239,-0.516857326030731,-1.01428096544141));
#7895=DIRECTION('',(0.0,-0.0,1.0));
#7896=DIRECTION('',(0.0,1.0,0.0));
#7897=SURFACE_STYLE_FILL_AREA(#11178);
#7898=ORIENTED_EDGE('',*,*,#9849,.T.);
#7899=ORIENTED_EDGE('',*,*,#10524,.F.);
#7900=ORIENTED_EDGE('',*,*,#11179,.T.);
#7901=ORIENTED_EDGE('',*,*,#11135,.T.);
#7902=CARTESIAN_POINT('',(-1.0313503168332,-2.212496456314,0.0949275088999566));
#7903=DIRECTION('',(-0.86602540378444,0.0,0.499999999999999));
#7904=DIRECTION('',(0.0,1.0,0.0));
#7905=SURFACE_STYLE_FILL_AREA(#11180);
#7906=ORIENTED_EDGE('',*,*,#10186,.T.);
#7907=ORIENTED_EDGE('',*,*,#9898,.T.);
#7908=ORIENTED_EDGE('',*,*,#10783,.F.);
#7909=ORIENTED_EDGE('',*,*,#10673,.F.);
#7910=ORIENTED_EDGE('',*,*,#10544,.F.);
#7911=CARTESIAN_POINT('',(0.937295016119966,-0.854361676174073,-0.203893460654112));
#7912=DIRECTION('',(0.0,-1.0,0.0));
#7913=DIRECTION('',(0.707106781186547,0.0,0.707106781186548));
#7914=SURFACE_STYLE_FILL_AREA(#11181);
#7915=ORIENTED_EDGE('',*,*,#10487,.T.);
#7916=ORIENTED_EDGE('',*,*,#9992,.F.);
#7917=ORIENTED_EDGE('',*,*,#10290,.T.);
#7918=ORIENTED_EDGE('',*,*,#11182,.F.);
#7919=CARTESIAN_POINT('',(-5.73326207131686E-006,-2.35029173190455,1.60011870906162));
#7920=DIRECTION('',(0.0,0.0,1.0));
#7921=DIRECTION('',(1.0,0.0,0.0));
#7922=SURFACE_STYLE_FILL_AREA(#11183);
#7923=ORIENTED_EDGE('',*,*,#10711,.F.);
#7924=ORIENTED_EDGE('',*,*,#9648,.T.);
#7925=ORIENTED_EDGE('',*,*,#10712,.F.);
#7926=ORIENTED_EDGE('',*,*,#10001,.F.);
#7927=CARTESIAN_POINT('',(-1.39763491184455,-1.89753582639274,1.60009664443327));
#7928=DIRECTION('',(0.0,-1.0,0.0));
#7929=DIRECTION('',(1.0,0.0,0.0));
#7930=SURFACE_STYLE_FILL_AREA(#11184);
#7931=ORIENTED_EDGE('',*,*,#10573,.T.);
#7932=ORIENTED_EDGE('',*,*,#10773,.F.);
#7933=ORIENTED_EDGE('',*,*,#11185,.T.);
#7934=ORIENTED_EDGE('',*,*,#10849,.F.);
#7935=CARTESIAN_POINT('',(1.41730389417036,-2.34241816284986,-1.21480815707676));
#7936=DIRECTION('',(-0.0,1.0,0.0));
#7937=DIRECTION('',(0.707106781186547,0.0,-0.707106781186547));
#7938=SURFACE_STYLE_FILL_AREA(#11186);
#7939=ORIENTED_EDGE('',*,*,#11054,.T.);
#7940=ORIENTED_EDGE('',*,*,#9996,.F.);
#7941=ORIENTED_EDGE('',*,*,#10400,.T.);
#7942=ORIENTED_EDGE('',*,*,#11187,.F.);
#7943=CARTESIAN_POINT('',(-5.73326207131686E-006,-2.35029173190455,1.60011870906162));
#7944=DIRECTION('',(0.0,0.0,1.0));
#7945=DIRECTION('',(1.0,0.0,0.0));
#7946=SURFACE_STYLE_FILL_AREA(#11188);
#7947=ORIENTED_EDGE('',*,*,#10988,.F.);
#7948=ORIENTED_EDGE('',*,*,#10565,.F.);
#7949=ORIENTED_EDGE('',*,*,#11108,.F.);
#7950=ORIENTED_EDGE('',*,*,#9911,.F.);
#7951=ORIENTED_EDGE('',*,*,#10816,.F.);
#7952=ORIENTED_EDGE('',*,*,#11077,.F.);
#7953=ORIENTED_EDGE('',*,*,#11023,.F.);
#7954=ORIENTED_EDGE('',*,*,#10361,.F.);
#7955=CARTESIAN_POINT('',(-1.89404753072608E-005,-2.29123661379431,1.77726195699379));
#7956=DIRECTION('',(0.0,0.0,1.0));
#7957=DIRECTION('',(-1.0,0.0,0.0));
#7958=SURFACE_STYLE_FILL_AREA(#11189);
#7959=ORIENTED_EDGE('',*,*,#10083,.F.);
#7960=ORIENTED_EDGE('',*,*,#11121,.F.);
#7961=ORIENTED_EDGE('',*,*,#11190,.F.);
#7962=ORIENTED_EDGE('',*,*,#10242,.T.);
#7963=CARTESIAN_POINT('',(0.726916075454111,-2.212496456314,1.32514562871691));
#7964=DIRECTION('',(-0.86602540378444,-0.0,-0.499999999999998));
#7965=DIRECTION('',(0.0,-1.0,0.0));
#7966=SURFACE_STYLE_FILL_AREA(#11191);
#7967=ORIENTED_EDGE('',*,*,#9663,.T.);
#7968=ORIENTED_EDGE('',*,*,#10984,.F.);
#7969=ORIENTED_EDGE('',*,*,#10385,.T.);
#7970=ORIENTED_EDGE('',*,*,#10934,.F.);
#7971=ORIENTED_EDGE('',*,*,#11192,.F.);
#7972=CARTESIAN_POINT('',(-1.55516727545887,-2.40934729670813,-1.06498778297466));
#7973=DIRECTION('',(0.258612901498634,0.0,0.965981038726153));
#7974=DIRECTION('',(0.965981038726153,0.0,-0.258612901498634));
#7975=SURFACE_STYLE_FILL_AREA(#11193);
#7976=ORIENTED_EDGE('',*,*,#10058,.F.);
#7977=ORIENTED_EDGE('',*,*,#10636,.F.);
#7978=ORIENTED_EDGE('',*,*,#11194,.F.);
#7979=ORIENTED_EDGE('',*,*,#11195,.T.);
#7980=CARTESIAN_POINT('',(1.09951850124694,-2.212496456314,0.837259611180952));
#7981=DIRECTION('',(0.86602540378444,-0.0,0.499999999999999));
#7982=DIRECTION('',(0.0,1.0,0.0));
#7983=SURFACE_STYLE_FILL_AREA(#11196);
#7984=ORIENTED_EDGE('',*,*,#9837,.T.);
#7985=ORIENTED_EDGE('',*,*,#10473,.F.);
#7986=ORIENTED_EDGE('',*,*,#11197,.T.);
#7987=ORIENTED_EDGE('',*,*,#11198,.T.);
#7988=CARTESIAN_POINT('',(-0.186306946158485,-2.212496456314,0.0949355100919056));
#7989=DIRECTION('',(0.866025403784439,0.0,0.499999999999999));
#7990=DIRECTION('',(0.0,-1.0,0.0));
#7991=SURFACE_STYLE_FILL_AREA(#11199);
#7992=ORIENTED_EDGE('',*,*,#10107,.F.);
#7993=ORIENTED_EDGE('',*,*,#10551,.F.);
#7994=ORIENTED_EDGE('',*,*,#11200,.F.);
#7995=ORIENTED_EDGE('',*,*,#10182,.T.);
#7996=CARTESIAN_POINT('',(-1.0313503168332,-2.212496456314,1.36453416503282));
#7997=DIRECTION('',(0.86602540378444,-0.0,0.499999999999999));
#7998=DIRECTION('',(0.0,1.0,0.0));
#7999=SURFACE_STYLE_FILL_AREA(#11201);
#8000=ORIENTED_EDGE('',*,*,#11202,.T.);
#8001=ORIENTED_EDGE('',*,*,#11203,.T.);
#8002=ORIENTED_EDGE('',*,*,#10597,.T.);
#8003=ORIENTED_EDGE('',*,*,#9812,.T.);
#8004=CARTESIAN_POINT('',(1.031327524571,-2.212496456314,-0.0414279856842218));
#8005=DIRECTION('',(0.86602540378444,0.0,-0.499999999999998));
#8006=DIRECTION('',(0.0,-1.0,0.0));
#8007=SURFACE_STYLE_FILL_AREA(#11204);
#8008=ORIENTED_EDGE('',*,*,#10165,.F.);
#8009=ORIENTED_EDGE('',*,*,#11061,.F.);
#8010=ORIENTED_EDGE('',*,*,#11205,.F.);
#8011=ORIENTED_EDGE('',*,*,#10978,.T.);
#8012=CARTESIAN_POINT('',(1.031327524571,-2.212496456314,0.310019517288739));
#8013=DIRECTION('',(-0.866025403784439,0.0,0.499999999999999));
#8014=DIRECTION('',(0.0,-1.0,0.0));
#8015=SURFACE_STYLE_FILL_AREA(#11206);
#8016=ORIENTED_EDGE('',*,*,#11050,.T.);
#8017=ORIENTED_EDGE('',*,*,#10719,.T.);
#8018=ORIENTED_EDGE('',*,*,#11207,.T.);
#8019=ORIENTED_EDGE('',*,*,#10352,.T.);
#8020=CARTESIAN_POINT('',(0.653055586089738,-2.48218149568407,-1.03084877694782));
#8021=DIRECTION('',(-0.0,-0.707106781186549,-0.707106781186546));
#8022=DIRECTION('',(-1.0,0.0,0.0));
#8023=SURFACE_STYLE_FILL_AREA(#11208);
#8024=ORIENTED_EDGE('',*,*,#9963,.T.);
#8025=ORIENTED_EDGE('',*,*,#10517,.F.);
#8026=ORIENTED_EDGE('',*,*,#11209,.T.);
#8027=ORIENTED_EDGE('',*,*,#11210,.T.);
#8028=CARTESIAN_POINT('',(1.21762873746741,-2.212496456314,-0.988355119244501));
#8029=DIRECTION('',(6.12303176911189E-017,0.0,-1.0));
#8030=DIRECTION('',(0.0,-1.0,0.0));
#8031=SURFACE_STYLE_FILL_AREA(#11211);
#8032=ORIENTED_EDGE('',*,*,#10842,.T.);
#8033=ORIENTED_EDGE('',*,*,#11109,.T.);
#8034=ORIENTED_EDGE('',*,*,#10564,.T.);
#8035=ORIENTED_EDGE('',*,*,#10260,.T.);
#8036=CARTESIAN_POINT('',(1.41730389417036,-2.34241816284986,1.61978164203316));
#8037=DIRECTION('',(-0.0,1.0,-0.0));
#8038=DIRECTION('',(0.707106781186547,0.0,0.707106781186547));
#8039=SURFACE_STYLE_FILL_AREA(#11212);
#8040=ORIENTED_EDGE('',*,*,#9722,.T.);
#8041=ORIENTED_EDGE('',*,*,#11213,.T.);
#8042=ORIENTED_EDGE('',*,*,#10381,.F.);
#8043=ORIENTED_EDGE('',*,*,#11214,.T.);
#8044=CARTESIAN_POINT('',(-0.909304424118409,-2.48218149568407,-0.392680642468707));
#8045=DIRECTION('',(-0.707106781186548,-0.707106781186548,0.0));
#8046=DIRECTION('',(0.0,0.0,1.0));
#8047=SURFACE_STYLE_FILL_AREA(#11215);
#8048=ORIENTED_EDGE('',*,*,#9795,.T.);
#8049=ORIENTED_EDGE('',*,*,#11010,.F.);
#8050=ORIENTED_EDGE('',*,*,#11216,.T.);
#8051=ORIENTED_EDGE('',*,*,#10942,.T.);
#8052=CARTESIAN_POINT('',(1.09951850124694,-2.212496456314,-0.568668079576435));
#8053=DIRECTION('',(-0.866025403784439,0.0,-0.499999999999999));
#8054=DIRECTION('',(0.0,1.0,0.0));
#8055=SURFACE_STYLE_FILL_AREA(#11217);
#8056=ORIENTED_EDGE('',*,*,#10808,.T.);
#8057=ORIENTED_EDGE('',*,*,#9862,.T.);
#8058=ORIENTED_EDGE('',*,*,#10620,.F.);
#8059=ORIENTED_EDGE('',*,*,#11218,.T.);
#8060=CARTESIAN_POINT('',(-0.186306946158485,-2.212496456314,-0.392942506252101));
#8061=DIRECTION('',(0.86602540378444,0.0,-0.499999999999998));
#8062=DIRECTION('',(0.0,-1.0,0.0));
#8063=SURFACE_STYLE_FILL_AREA(#11219);
#8064=ORIENTED_EDGE('',*,*,#10709,.T.);
#8065=ORIENTED_EDGE('',*,*,#10986,.T.);
#8066=ORIENTED_EDGE('',*,*,#9598,.T.);
#8067=ORIENTED_EDGE('',*,*,#9645,.T.);
#8068=CARTESIAN_POINT('',(-1.56694807433357,-2.34241816284986,0.901277725910379));
#8069=DIRECTION('',(-0.707106781186548,-0.707106781186548,0.0));
#8070=DIRECTION('',(0.0,0.0,1.0));
#8071=SURFACE_STYLE_FILL_AREA(#11220);
#8072=ORIENTED_EDGE('',*,*,#10125,.F.);
#8073=ORIENTED_EDGE('',*,*,#9762,.F.);
#8074=ORIENTED_EDGE('',*,*,#11221,.F.);
#8075=ORIENTED_EDGE('',*,*,#11222,.T.);
#8076=CARTESIAN_POINT('',(-1.21765152972961,-2.212496456314,0.769103094464664));
#8077=DIRECTION('',(6.12303176911189E-017,-0.0,1.0));
#8078=DIRECTION('',(0.0,1.0,0.0));
#8079=SURFACE_STYLE_FILL_AREA(#11223);
#8080=ORIENTED_EDGE('',*,*,#9817,.T.);
#8081=ORIENTED_EDGE('',*,*,#11224,.F.);
#8082=ORIENTED_EDGE('',*,*,#11225,.F.);
#8083=ORIENTED_EDGE('',*,*,#10696,.F.);
#8084=ORIENTED_EDGE('',*,*,#9829,.T.);
#8085=ORIENTED_EDGE('',*,*,#10593,.F.);
#8086=ORIENTED_EDGE('',*,*,#11226,.F.);
#8087=ORIENTED_EDGE('',*,*,#10471,.F.);
#8088=ORIENTED_EDGE('',*,*,#9835,.T.);
#8089=ORIENTED_EDGE('',*,*,#11126,.F.);
#8090=ORIENTED_EDGE('',*,*,#11227,.F.);
#8091=ORIENTED_EDGE('',*,*,#10875,.F.);
#8092=ORIENTED_EDGE('',*,*,#9845,.T.);
#8093=ORIENTED_EDGE('',*,*,#9776,.F.);
#8094=ORIENTED_EDGE('',*,*,#11064,.F.);
#8095=ORIENTED_EDGE('',*,*,#11228,.F.);
#8096=CARTESIAN_POINT('',(0.492139848880697,-1.5441483618645,0.0137874182519439));
#8097=DIRECTION('',(0.0,0.0,-1.0));
#8098=DIRECTION('',(0.0,-1.0,0.0));
#8099=SURFACE_STYLE_FILL_AREA(#11229);
#8100=ORIENTED_EDGE('',*,*,#9902,.T.);
#8101=ORIENTED_EDGE('',*,*,#10456,.T.);
#8102=ORIENTED_EDGE('',*,*,#11230,.F.);
#8103=ORIENTED_EDGE('',*,*,#11231,.T.);
#8104=CARTESIAN_POINT('',(0.372629095360252,-2.26935338973999,-0.750188231468201));
#8105=DIRECTION('',(1.0,0.0,0.0));
#8106=DIRECTION('',(0.0,0.0,-1.0));
#8107=SURFACE_STYLE_FILL_AREA(#11232);
#8108=ORIENTED_EDGE('',*,*,#11233,.T.);
#8109=ORIENTED_EDGE('',*,*,#9654,.F.);
#8110=ORIENTED_EDGE('',*,*,#11081,.T.);
#8111=ORIENTED_EDGE('',*,*,#11163,.F.);
#8112=CARTESIAN_POINT('',(0.827715004992296,-2.48218149568407,-0.397523661954981));
#8113=DIRECTION('',(-0.707106781186547,-0.707106781186548,0.0));
#8114=DIRECTION('',(0.0,0.0,1.0));
#8115=SURFACE_STYLE_FILL_AREA(#11234);
#8116=ORIENTED_EDGE('',*,*,#10495,.T.);
#8117=ORIENTED_EDGE('',*,*,#9691,.T.);
#8118=ORIENTED_EDGE('',*,*,#11075,.T.);
#8119=ORIENTED_EDGE('',*,*,#11235,.T.);
#8120=ORIENTED_EDGE('',*,*,#10580,.T.);
#8121=CARTESIAN_POINT('',(-0.937267286862507,-2.69871692875494,-0.203893460654112));
#8122=DIRECTION('',(-0.0,-1.0,-0.0));
#8123=DIRECTION('',(-1.0,0.0,-3.11751690276878E-016));
#8124=SURFACE_STYLE_FILL_AREA(#11236);
#8125=ORIENTED_EDGE('',*,*,#9867,.T.);
#8126=ORIENTED_EDGE('',*,*,#10197,.F.);
#8127=ORIENTED_EDGE('',*,*,#11237,.T.);
#8128=ORIENTED_EDGE('',*,*,#10216,.T.);
#8129=CARTESIAN_POINT('',(-1.33576176595008,-2.212496456314,-0.568702539536088));
#8130=DIRECTION('',(-0.866025403784439,0.0,-0.499999999999999));
#8131=DIRECTION('',(0.0,1.0,0.0));
#8132=SURFACE_STYLE_FILL_AREA(#11238);
#8133=ORIENTED_EDGE('',*,*,#11224,.T.);
#8134=ORIENTED_EDGE('',*,*,#9816,.T.);
#8135=ORIENTED_EDGE('',*,*,#10339,.F.);
#8136=ORIENTED_EDGE('',*,*,#11239,.T.);
#8137=CARTESIAN_POINT('',(0.795107052130051,-2.212496456314,-0.0414279856842219));
#8138=DIRECTION('',(-0.866025403784439,0.0,-0.499999999999999));
#8139=DIRECTION('',(0.0,1.0,0.0));
#8140=SURFACE_STYLE_FILL_AREA(#11240);
#8141=ORIENTED_EDGE('',*,*,#10029,.F.);
#8142=ORIENTED_EDGE('',*,*,#10180,.F.);
#8143=ORIENTED_EDGE('',*,*,#11241,.F.);
#8144=ORIENTED_EDGE('',*,*,#11242,.T.);
#8145=CARTESIAN_POINT('',(-0.726938867716316,-2.212496456314,0.837286069948655));
#8146=DIRECTION('',(0.86602540378444,-0.0,0.499999999999999));
#8147=DIRECTION('',(0.0,1.0,0.0));
#8148=SURFACE_STYLE_FILL_AREA(#11243);
#8149=ORIENTED_EDGE('',*,*,#10126,.F.);
#8150=ORIENTED_EDGE('',*,*,#11222,.F.);
#8151=ORIENTED_EDGE('',*,*,#11244,.F.);
#8152=ORIENTED_EDGE('',*,*,#10945,.T.);
#8153=CARTESIAN_POINT('',(-1.09954129350914,-2.212496456314,0.837294071140605));
#8154=DIRECTION('',(-0.866025403784439,0.0,0.499999999999999));
#8155=DIRECTION('',(0.0,-1.0,0.0));
#8156=SURFACE_STYLE_FILL_AREA(#11245);
#8157=ORIENTED_EDGE('',*,*,#9838,.T.);
#8158=ORIENTED_EDGE('',*,*,#11198,.F.);
#8159=ORIENTED_EDGE('',*,*,#11246,.T.);
#8160=ORIENTED_EDGE('',*,*,#11159,.T.);
#8161=CARTESIAN_POINT('',(-0.304417182378957,-2.212496456314,0.163126486767846));
#8162=DIRECTION('',(-6.12303176911189E-017,0.0,1.0));
#8163=DIRECTION('',(0.0,1.0,0.0));
#8164=SURFACE_STYLE_FILL_AREA(#11247);
#8165=ORIENTED_EDGE('',*,*,#11248,.T.);
#8166=ORIENTED_EDGE('',*,*,#11249,.T.);
#8167=ORIENTED_EDGE('',*,*,#10283,.T.);
#8168=ORIENTED_EDGE('',*,*,#9887,.T.);
#8169=CARTESIAN_POINT('',(-0.726938867716316,-2.212496456314,-1.13530471097651));
#8170=DIRECTION('',(-0.86602540378444,0.0,0.499999999999999));
#8171=DIRECTION('',(0.0,1.0,0.0));
#8172=SURFACE_STYLE_FILL_AREA(#11250);
#8173=ORIENTED_EDGE('',*,*,#10062,.F.);
#8174=ORIENTED_EDGE('',*,*,#11251,.F.);
#8175=ORIENTED_EDGE('',*,*,#11252,.F.);
#8176=ORIENTED_EDGE('',*,*,#11253,.T.);
#8177=CARTESIAN_POINT('',(0.795107052130051,-2.212496456314,0.661515580280865));
#8178=DIRECTION('',(0.86602540378444,-0.0,0.499999999999999));
#8179=DIRECTION('',(0.0,1.0,0.0));
#8180=SURFACE_STYLE_FILL_AREA(#11254);
#8181=ORIENTED_EDGE('',*,*,#10788,.F.);
#8182=ORIENTED_EDGE('',*,*,#9810,.T.);
#8183=ORIENTED_EDGE('',*,*,#10560,.F.);
#8184=ORIENTED_EDGE('',*,*,#11255,.F.);
#8185=ORIENTED_EDGE('',*,*,#11202,.F.);
#8186=ORIENTED_EDGE('',*,*,#9811,.T.);
#8187=ORIENTED_EDGE('',*,*,#11228,.T.);
#8188=ORIENTED_EDGE('',*,*,#11256,.F.);
#8189=CARTESIAN_POINT('',(1.03634204967664,-1.5441483618645,-0.203893462066433));
#8190=DIRECTION('',(0.0,-1.0,0.0));
#8191=DIRECTION('',(0.707106781186547,0.0,0.707106781186548));
#8192=SURFACE_STYLE_FILL_AREA(#11257);
#8193=ORIENTED_EDGE('',*,*,#10105,.F.);
#8194=ORIENTED_EDGE('',*,*,#10422,.F.);
#8195=ORIENTED_EDGE('',*,*,#11258,.F.);
#8196=ORIENTED_EDGE('',*,*,#11066,.T.);
#8197=CARTESIAN_POINT('',(0.118104502958401,-2.212496456314,1.18877413174883));
#8198=DIRECTION('',(-0.866025403784439,0.0,0.499999999999999));
#8199=DIRECTION('',(0.0,-1.0,0.0));
#8200=SURFACE_STYLE_FILL_AREA(#11259);
#8201=ORIENTED_EDGE('',*,*,#9612,.F.);
#8202=ORIENTED_EDGE('',*,*,#10602,.F.);
#8203=ORIENTED_EDGE('',*,*,#11025,.F.);
#8204=ORIENTED_EDGE('',*,*,#9646,.F.);
#8205=CARTESIAN_POINT('',(-1.39763491184455,-2.40934729670813,1.60009664443327));
#8206=DIRECTION('',(0.0,1.0,0.0));
#8207=DIRECTION('',(-1.0,0.0,0.0));
#8208=SURFACE_STYLE_FILL_AREA(#11260);
#8209=ORIENTED_EDGE('',*,*,#10857,.F.);
#8210=ORIENTED_EDGE('',*,*,#11261,.F.);
#8211=ORIENTED_EDGE('',*,*,#10348,.F.);
#8212=ORIENTED_EDGE('',*,*,#10443,.F.);
#8213=ORIENTED_EDGE('',*,*,#11262,.F.);
#8214=CARTESIAN_POINT('',(-1.39763491184455,-2.40147283426675,-1.19512315947687));
#8215=DIRECTION('',(0.0,-1.0,-0.0));
#8216=DIRECTION('',(0.706970392048795,0.0,0.707243144022176));
#8217=SURFACE_STYLE_FILL_AREA(#11263);
#8218=ORIENTED_EDGE('',*,*,#9976,.T.);
#8219=ORIENTED_EDGE('',*,*,#11264,.F.);
#8220=ORIENTED_EDGE('',*,*,#11265,.T.);
#8221=ORIENTED_EDGE('',*,*,#10406,.T.);
#8222=CARTESIAN_POINT('',(-0.118115969482544,-2.212496456314,-0.920182600144315));
#8223=DIRECTION('',(-0.866025403784439,0.0,-0.499999999999999));
#8224=DIRECTION('',(0.0,1.0,0.0));
#8225=SURFACE_STYLE_FILL_AREA(#11266);
#8226=ORIENTED_EDGE('',*,*,#9970,.T.);
#8227=ORIENTED_EDGE('',*,*,#10921,.F.);
#8228=ORIENTED_EDGE('',*,*,#11267,.T.);
#8229=ORIENTED_EDGE('',*,*,#11041,.T.);
#8230=CARTESIAN_POINT('',(-1.0313503168332,-2.212496456314,-1.0959426334283));
#8231=DIRECTION('',(-0.866025403784439,0.0,-0.499999999999999));
#8232=DIRECTION('',(0.0,1.0,0.0));
#8233=SURFACE_STYLE_FILL_AREA(#11268);
#8234=ORIENTED_EDGE('',*,*,#9705,.F.);
#8235=ORIENTED_EDGE('',*,*,#9991,.F.);
#8236=ORIENTED_EDGE('',*,*,#10831,.F.);
#8237=ORIENTED_EDGE('',*,*,#11269,.F.);
#8238=CARTESIAN_POINT('',(-0.490718395275371,-2.212496456314,1.54027819593291));
#8239=DIRECTION('',(-0.866025403784439,0.0,0.499999999999999));
#8240=DIRECTION('',(0.0,-1.0,0.0));
#8241=SURFACE_STYLE_FILL_AREA(#11270);
#8242=ORIENTED_EDGE('',*,*,#10007,.F.);
#8243=ORIENTED_EDGE('',*,*,#11124,.F.);
#8244=ORIENTED_EDGE('',*,*,#11271,.F.);
#8245=ORIENTED_EDGE('',*,*,#11272,.T.);
#8246=CARTESIAN_POINT('',(-1.09954129350914,-2.212496456314,0.485798008148478));
#8247=DIRECTION('',(-0.866025403784439,0.0,0.499999999999999));
#8248=DIRECTION('',(0.0,-1.0,0.0));
#8249=SURFACE_STYLE_FILL_AREA(#11273);
#8250=ORIENTED_EDGE('',*,*,#9797,.T.);
#8251=ORIENTED_EDGE('',*,*,#9739,.F.);
#8252=ORIENTED_EDGE('',*,*,#11274,.T.);
#8253=ORIENTED_EDGE('',*,*,#11275,.T.);
#8254=CARTESIAN_POINT('',(1.33573897368788,-2.212496456314,-0.432286126224554));
#8255=DIRECTION('',(0.866025403784439,0.0,0.499999999999999));
#8256=DIRECTION('',(0.0,-1.0,0.0));
#8257=SURFACE_STYLE_FILL_AREA(#11276);
#8258=ORIENTED_EDGE('',*,*,#10116,.F.);
#8259=ORIENTED_EDGE('',*,*,#11277,.F.);
#8260=ORIENTED_EDGE('',*,*,#11278,.F.);
#8261=ORIENTED_EDGE('',*,*,#11279,.T.);
#8262=CARTESIAN_POINT('',(-0.795129844392255,-2.212496456314,0.797923992400448));
#8263=DIRECTION('',(-0.86602540378444,-0.0,-0.499999999999998));
#8264=DIRECTION('',(0.0,-1.0,0.0));
#8265=SURFACE_STYLE_FILL_AREA(#11280);
#8266=ORIENTED_EDGE('',*,*,#10063,.F.);
#8267=ORIENTED_EDGE('',*,*,#11253,.F.);
#8268=ORIENTED_EDGE('',*,*,#11281,.F.);
#8269=ORIENTED_EDGE('',*,*,#10321,.T.);
#8270=CARTESIAN_POINT('',(0.913217288350523,-2.212496456314,0.593324603604924));
#8271=DIRECTION('',(6.12303176911189E-017,-0.0,1.0));
#8272=DIRECTION('',(0.0,1.0,0.0));
#8273=SURFACE_STYLE_FILL_AREA(#11282);
#8274=ORIENTED_EDGE('',*,*,#11283,.T.);
#8275=ORIENTED_EDGE('',*,*,#9965,.T.);
#8276=ORIENTED_EDGE('',*,*,#11043,.F.);
#8277=ORIENTED_EDGE('',*,*,#11284,.T.);
#8278=CARTESIAN_POINT('',(-0.795129844392255,-2.212496456314,-1.0959426334283));
#8279=DIRECTION('',(0.86602540378444,0.0,-0.499999999999998));
#8280=DIRECTION('',(0.0,-1.0,0.0));
#8281=SURFACE_STYLE_FILL_AREA(#11285);
#8282=ORIENTED_EDGE('',*,*,#11286,.F.);
#8283=ORIENTED_EDGE('',*,*,#11287,.T.);
#8284=ORIENTED_EDGE('',*,*,#10313,.F.);
#8285=ORIENTED_EDGE('',*,*,#9953,.T.);
#8286=CARTESIAN_POINT('',(-5.73326207131686E-006,-2.35029173190455,-1.19514522410522));
#8287=DIRECTION('',(-0.0,0.0,1.0));
#8288=DIRECTION('',(1.0,0.0,0.0));
#8289=SURFACE_STYLE_FILL_AREA(#11288);
#8290=ORIENTED_EDGE('',*,*,#10038,.F.);
#8291=ORIENTED_EDGE('',*,*,#10743,.F.);
#8292=ORIENTED_EDGE('',*,*,#11289,.F.);
#8293=ORIENTED_EDGE('',*,*,#11290,.T.);
#8294=CARTESIAN_POINT('',(-0.186306946158485,-2.212496456314,1.14941205420062));
#8295=DIRECTION('',(-0.86602540378444,-0.0,-0.499999999999998));
#8296=DIRECTION('',(0.0,-1.0,0.0));
#8297=SURFACE_STYLE_FILL_AREA(#11291);
#8298=ORIENTED_EDGE('',*,*,#11292,.T.);
#8299=ORIENTED_EDGE('',*,*,#9952,.T.);
#8300=ORIENTED_EDGE('',*,*,#10996,.F.);
#8301=ORIENTED_EDGE('',*,*,#11293,.T.);
#8302=CARTESIAN_POINT('',(-0.118115969482544,-2.212496456314,-1.13529670978456));
#8303=DIRECTION('',(-0.86602540378444,0.0,0.499999999999999));
#8304=DIRECTION('',(0.0,1.0,0.0));
#8305=SURFACE_STYLE_FILL_AREA(#11294);
#8306=ORIENTED_EDGE('',*,*,#10133,.F.);
#8307=ORIENTED_EDGE('',*,*,#9620,.F.);
#8308=ORIENTED_EDGE('',*,*,#11295,.F.);
#8309=ORIENTED_EDGE('',*,*,#11296,.T.);
#8310=CARTESIAN_POINT('',(-0.186306946158485,-2.212496456314,0.446419928216372));
#8311=DIRECTION('',(-0.86602540378444,-0.0,-0.499999999999998));
#8312=DIRECTION('',(0.0,-1.0,0.0));
#8313=SURFACE_STYLE_FILL_AREA(#11297);
#8314=ORIENTED_EDGE('',*,*,#9880,.T.);
#8315=ORIENTED_EDGE('',*,*,#10391,.T.);
#8316=ORIENTED_EDGE('',*,*,#10379,.F.);
#8317=ORIENTED_EDGE('',*,*,#11298,.F.);
#8318=ORIENTED_EDGE('',*,*,#9966,.T.);
#8319=ORIENTED_EDGE('',*,*,#11283,.F.);
#8320=ORIENTED_EDGE('',*,*,#11299,.F.);
#8321=ORIENTED_EDGE('',*,*,#11248,.F.);
#8322=ORIENTED_EDGE('',*,*,#9886,.T.);
#8323=ORIENTED_EDGE('',*,*,#10231,.F.);
#8324=ORIENTED_EDGE('',*,*,#11300,.F.);
#8325=ORIENTED_EDGE('',*,*,#9622,.F.);
#8326=CARTESIAN_POINT('',(-0.572986469747239,0.30135766987085,-1.08272565867785));
#8327=DIRECTION('',(0.0,-0.0,1.0));
#8328=DIRECTION('',(0.0,1.0,0.0));
#8329=SURFACE_STYLE_FILL_AREA(#11301);
#8330=ORIENTED_EDGE('',*,*,#10531,.T.);
#8331=ORIENTED_EDGE('',*,*,#9870,.T.);
#8332=ORIENTED_EDGE('',*,*,#10225,.F.);
#8333=ORIENTED_EDGE('',*,*,#11302,.T.);
#8334=CARTESIAN_POINT('',(-1.09954129350914,-2.212496456314,-0.432320586184207));
#8335=DIRECTION('',(0.866025403784439,0.0,0.499999999999999));
#8336=DIRECTION('',(0.0,-1.0,0.0));
#8337=SURFACE_STYLE_FILL_AREA(#11303);
#8338=ORIENTED_EDGE('',*,*,#11185,.F.);
#8339=ORIENTED_EDGE('',*,*,#10763,.F.);
#8340=ORIENTED_EDGE('',*,*,#10434,.F.);
#8341=ORIENTED_EDGE('',*,*,#10850,.F.);
#8342=CARTESIAN_POINT('',(1.56691019338296,-2.34241816284986,-0.496315273268158));
#8343=DIRECTION('',(-0.707106781186548,0.707106781186548,0.0));
#8344=DIRECTION('',(0.0,0.0,1.0));
#8345=SURFACE_STYLE_FILL_AREA(#11304);
#8346=ORIENTED_EDGE('',*,*,#11305,.T.);
#8347=ORIENTED_EDGE('',*,*,#11306,.F.);
#8348=ORIENTED_EDGE('',*,*,#10662,.T.);
#8349=ORIENTED_EDGE('',*,*,#10009,.F.);
#8350=CARTESIAN_POINT('',(1.22046389735445,-2.35029173190455,1.42295335473091));
#8351=DIRECTION('',(0.707106781186548,0.0,0.707106781186548));
#8352=DIRECTION('',(0.707106781186548,0.0,-0.707106781186548));
#8353=SURFACE_STYLE_FILL_AREA(#11307);
#8354=ORIENTED_EDGE('',*,*,#9882,.T.);
#8355=ORIENTED_EDGE('',*,*,#11141,.F.);
#8356=ORIENTED_EDGE('',*,*,#11308,.T.);
#8357=ORIENTED_EDGE('',*,*,#10700,.T.);
#8358=CARTESIAN_POINT('',(-0.186306946158485,-2.212496456314,-1.09593463223635));
#8359=DIRECTION('',(0.86602540378444,0.0,-0.499999999999998));
#8360=DIRECTION('',(0.0,-1.0,0.0));
#8361=SURFACE_STYLE_FILL_AREA(#11309);
#8362=ORIENTED_EDGE('',*,*,#9852,.T.);
#8363=ORIENTED_EDGE('',*,*,#9673,.F.);
#8364=ORIENTED_EDGE('',*,*,#11310,.T.);
#8365=ORIENTED_EDGE('',*,*,#10839,.T.);
#8366=CARTESIAN_POINT('',(-0.118115969482544,-2.212496456314,-0.56868653715219));
#8367=DIRECTION('',(-0.866025403784439,0.0,-0.499999999999999));
#8368=DIRECTION('',(0.0,1.0,0.0));
#8369=SURFACE_STYLE_FILL_AREA(#11311);
#8370=ORIENTED_EDGE('',*,*,#10140,.F.);
#8371=ORIENTED_EDGE('',*,*,#10319,.F.);
#8372=ORIENTED_EDGE('',*,*,#11312,.F.);
#8373=ORIENTED_EDGE('',*,*,#11083,.T.);
#8374=CARTESIAN_POINT('',(-0.118115969482544,-2.212496456314,0.622163959116461));
#8375=DIRECTION('',(0.866025403784439,0.0,-0.499999999999999));
#8376=DIRECTION('',(0.0,1.0,0.0));
#8377=SURFACE_STYLE_FILL_AREA(#11313);
#8378=ORIENTED_EDGE('',*,*,#10134,.F.);
#8379=ORIENTED_EDGE('',*,*,#11296,.F.);
#8380=ORIENTED_EDGE('',*,*,#11314,.F.);
#8381=ORIENTED_EDGE('',*,*,#10416,.T.);
#8382=CARTESIAN_POINT('',(-0.304417182378957,-2.212496456314,0.514610904892313));
#8383=DIRECTION('',(-6.12303176911189E-017,-0.0,-1.0));
#8384=DIRECTION('',(0.0,-1.0,0.0));
#8385=SURFACE_STYLE_FILL_AREA(#11315);
#8386=ORIENTED_EDGE('',*,*,#10129,.F.);
#8387=ORIENTED_EDGE('',*,*,#10568,.F.);
#8388=ORIENTED_EDGE('',*,*,#11316,.F.);
#8389=ORIENTED_EDGE('',*,*,#11317,.T.);
#8390=CARTESIAN_POINT('',(-0.726938867716316,-2.212496456314,0.622171960308409));
#8391=DIRECTION('',(0.866025403784439,0.0,-0.499999999999999));
#8392=DIRECTION('',(0.0,1.0,0.0));
#8393=SURFACE_STYLE_FILL_AREA(#11318);
#8394=ORIENTED_EDGE('',*,*,#10078,.F.);
#8395=ORIENTED_EDGE('',*,*,#11175,.F.);
#8396=ORIENTED_EDGE('',*,*,#11319,.F.);
#8397=ORIENTED_EDGE('',*,*,#11320,.T.);
#8398=CARTESIAN_POINT('',(0.304394390116753,-2.212496456314,1.56908863748489));
#8399=DIRECTION('',(-6.12303176911189E-017,-0.0,-1.0));
#8400=DIRECTION('',(0.0,-1.0,0.0));
#8401=SURFACE_STYLE_FILL_AREA(#11321);
#8402=ORIENTED_EDGE('',*,*,#10017,.F.);
#8403=ORIENTED_EDGE('',*,*,#11322,.F.);
#8404=ORIENTED_EDGE('',*,*,#11323,.F.);
#8405=ORIENTED_EDGE('',*,*,#10818,.T.);
#8406=CARTESIAN_POINT('',(-1.0313503168332,-2.212496456314,0.446427929408321));
#8407=DIRECTION('',(0.866025403784439,0.0,-0.499999999999999));
#8408=DIRECTION('',(0.0,1.0,0.0));
#8409=SURFACE_STYLE_FILL_AREA(#11324);
#8410=ORIENTED_EDGE('',*,*,#9847,.T.);
#8411=ORIENTED_EDGE('',*,*,#10877,.F.);
#8412=ORIENTED_EDGE('',*,*,#11325,.T.);
#8413=ORIENTED_EDGE('',*,*,#10522,.T.);
#8414=CARTESIAN_POINT('',(-0.795129844392255,-2.212496456314,0.0949275088999566));
#8415=DIRECTION('',(0.866025403784439,0.0,0.499999999999999));
#8416=DIRECTION('',(0.0,-1.0,0.0));
#8417=SURFACE_STYLE_FILL_AREA(#11326);
#8418=ORIENTED_EDGE('',*,*,#10960,.T.);
#8419=ORIENTED_EDGE('',*,*,#9940,.F.);
#8420=ORIENTED_EDGE('',*,*,#10359,.F.);
#8421=ORIENTED_EDGE('',*,*,#11327,.F.);
#8422=CARTESIAN_POINT('',(-0.726938867716316,-2.212496456314,0.270675897316283));
#8423=DIRECTION('',(0.866025403784439,0.0,-0.499999999999999));
#8424=DIRECTION('',(0.0,1.0,0.0));
#8425=SURFACE_STYLE_FILL_AREA(#11328);
#8426=ORIENTED_EDGE('',*,*,#11329,.F.);
#8427=ORIENTED_EDGE('',*,*,#9964,.T.);
#8428=ORIENTED_EDGE('',*,*,#11210,.F.);
#8429=ORIENTED_EDGE('',*,*,#11330,.T.);
#8430=CARTESIAN_POINT('',(1.22046389735445,-2.35029173190455,-1.01797986977451));
#8431=DIRECTION('',(-0.707106781186548,0.0,0.707106781186548));
#8432=DIRECTION('',(0.707106781186548,0.0,0.707106781186548));
#8433=SURFACE_STYLE_FILL_AREA(#11331);
#8434=ORIENTED_EDGE('',*,*,#9975,.T.);
#8435=ORIENTED_EDGE('',*,*,#11015,.F.);
#8436=ORIENTED_EDGE('',*,*,#11332,.T.);
#8437=ORIENTED_EDGE('',*,*,#11264,.T.);
#8438=CARTESIAN_POINT('',(-0.118115969482544,-2.212496456314,-0.783800646792435));
#8439=DIRECTION('',(-0.86602540378444,0.0,0.499999999999999));
#8440=DIRECTION('',(0.0,1.0,0.0));
#8441=SURFACE_STYLE_FILL_AREA(#11333);
#8442=ORIENTED_EDGE('',*,*,#9892,.T.);
#8443=ORIENTED_EDGE('',*,*,#11334,.F.);
#8444=ORIENTED_EDGE('',*,*,#11335,.T.);
#8445=ORIENTED_EDGE('',*,*,#10535,.T.);
#8446=CARTESIAN_POINT('',(-1.0313503168332,-2.212496456314,-0.608064617084296));
#8447=DIRECTION('',(-0.86602540378444,0.0,0.499999999999999));
#8448=DIRECTION('',(0.0,1.0,0.0));
#8449=SURFACE_STYLE_FILL_AREA(#11336);
#8450=ORIENTED_EDGE('',*,*,#10033,.F.);
#8451=ORIENTED_EDGE('',*,*,#10633,.F.);
#8452=ORIENTED_EDGE('',*,*,#11337,.F.);
#8453=ORIENTED_EDGE('',*,*,#10448,.T.);
#8454=CARTESIAN_POINT('',(-0.304417182378957,-2.212496456314,0.866106967884439));
#8455=DIRECTION('',(-6.12303176911189E-017,-0.0,-1.0));
#8456=DIRECTION('',(0.0,-1.0,0.0));
#8457=SURFACE_STYLE_FILL_AREA(#11338);
#8458=ORIENTED_EDGE('',*,*,#11052,.T.);
#8459=ORIENTED_EDGE('',*,*,#11339,.T.);
#8460=ORIENTED_EDGE('',*,*,#10491,.T.);
#8461=ORIENTED_EDGE('',*,*,#9800,.T.);
#8462=CARTESIAN_POINT('',(0.795107052130051,-2.212496456314,-1.0959161746606));
#8463=DIRECTION('',(-0.866025403784439,0.0,-0.499999999999999));
#8464=DIRECTION('',(0.0,1.0,0.0));
#8465=SURFACE_STYLE_FILL_AREA(#11340);
#8466=ORIENTED_EDGE('',*,*,#10027,.F.);
#8467=ORIENTED_EDGE('',*,*,#10976,.F.);
#8468=ORIENTED_EDGE('',*,*,#11341,.F.);
#8469=ORIENTED_EDGE('',*,*,#10178,.T.);
#8470=CARTESIAN_POINT('',(-0.608828631495843,-2.212496456314,1.04185899997648));
#8471=DIRECTION('',(-6.12303176911189E-017,-0.0,-1.0));
#8472=DIRECTION('',(0.0,-1.0,0.0));
#8473=SURFACE_STYLE_FILL_AREA(#11342);
#8474=ORIENTED_EDGE('',*,*,#11343,.T.);
#8475=ORIENTED_EDGE('',*,*,#11104,.F.);
#8476=ORIENTED_EDGE('',*,*,#10468,.T.);
#8477=ORIENTED_EDGE('',*,*,#10539,.F.);
#8478=CARTESIAN_POINT('',(-0.852670754504018,-2.48218149568407,-0.392680642468707));
#8479=DIRECTION('',(0.707106781186548,-0.707106781186548,0.0));
#8480=DIRECTION('',(0.0,0.0,-1.0));
#8481=SURFACE_STYLE_FILL_AREA(#11344);
#8482=ORIENTED_EDGE('',*,*,#10155,.F.);
#8483=ORIENTED_EDGE('',*,*,#10759,.F.);
#8484=ORIENTED_EDGE('',*,*,#11345,.F.);
#8485=ORIENTED_EDGE('',*,*,#11346,.T.);
#8486=CARTESIAN_POINT('',(1.33573897368788,-2.212496456314,0.622145501540707));
#8487=DIRECTION('',(-0.86602540378444,-0.0,-0.499999999999998));
#8488=DIRECTION('',(0.0,-1.0,0.0));
#8489=SURFACE_STYLE_FILL_AREA(#11347);
#8490=ORIENTED_EDGE('',*,*,#10030,.F.);
#8491=ORIENTED_EDGE('',*,*,#11242,.F.);
#8492=ORIENTED_EDGE('',*,*,#11348,.F.);
#8493=ORIENTED_EDGE('',*,*,#11349,.T.);
#8494=CARTESIAN_POINT('',(-0.608828631495843,-2.212496456314,0.769095093272714));
#8495=DIRECTION('',(6.12303176911189E-017,-0.0,1.0));
#8496=DIRECTION('',(0.0,1.0,0.0));
#8497=SURFACE_STYLE_FILL_AREA(#11350);
#8498=ORIENTED_EDGE('',*,*,#9907,.T.);
#8499=ORIENTED_EDGE('',*,*,#11351,.T.);
#8500=ORIENTED_EDGE('',*,*,#10540,.F.);
#8501=ORIENTED_EDGE('',*,*,#10467,.F.);
#8502=CARTESIAN_POINT('',(-0.572986469747239,-0.516857326030731,-0.466723419549897));
#8503=DIRECTION('',(0.0,0.0,-1.0));
#8504=DIRECTION('',(0.0,-1.0,0.0));
#8505=SURFACE_STYLE_FILL_AREA(#11352);
#8506=ORIENTED_EDGE('',*,*,#11353,.F.);
#8507=ORIENTED_EDGE('',*,*,#10900,.T.);
#8508=ORIENTED_EDGE('',*,*,#9984,.F.);
#8509=ORIENTED_EDGE('',*,*,#9576,.F.);
#8510=CARTESIAN_POINT('',(-1.33576176595008,-2.28297494032764,1.18879813532468));
#8511=DIRECTION('',(0.86602540378444,-0.0,0.499999999999999));
#8512=DIRECTION('',(0.0,1.0,0.0));
#8513=SURFACE_STYLE_FILL_AREA(#11354);
#8514=ORIENTED_EDGE('',*,*,#9820,.T.);
#8515=ORIENTED_EDGE('',*,*,#10667,.F.);
#8516=ORIENTED_EDGE('',*,*,#11355,.T.);
#8517=ORIENTED_EDGE('',*,*,#10680,.T.);
#8518=CARTESIAN_POINT('',(0.18628415389628,-2.212496456314,-1.09592417585255));
#8519=DIRECTION('',(-0.866025403784439,0.0,-0.499999999999999));
#8520=DIRECTION('',(0.0,1.0,0.0));
#8521=SURFACE_STYLE_FILL_AREA(#11356);
#8522=ORIENTED_EDGE('',*,*,#10142,.F.);
#8523=ORIENTED_EDGE('',*,*,#9604,.F.);
#8524=ORIENTED_EDGE('',*,*,#11357,.F.);
#8525=ORIENTED_EDGE('',*,*,#10502,.T.);
#8526=CARTESIAN_POINT('',(0.118104502958401,-2.212496456314,0.48578200576458));
#8527=DIRECTION('',(-0.866025403784439,0.0,0.499999999999999));
#8528=DIRECTION('',(0.0,-1.0,0.0));
#8529=SURFACE_STYLE_FILL_AREA(#11358);
#8530=ORIENTED_EDGE('',*,*,#11305,.F.);
#8531=ORIENTED_EDGE('',*,*,#10008,.F.);
#8532=ORIENTED_EDGE('',*,*,#10969,.F.);
#8533=ORIENTED_EDGE('',*,*,#11359,.F.);
#8534=CARTESIAN_POINT('',(1.33573897368788,-2.212496456314,1.32513762752496));
#8535=DIRECTION('',(-0.86602540378444,-0.0,-0.499999999999998));
#8536=DIRECTION('',(0.0,-1.0,0.0));
#8537=SURFACE_STYLE_FILL_AREA(#11360);
#8538=ORIENTED_EDGE('',*,*,#11361,.T.);
#8539=ORIENTED_EDGE('',*,*,#11362,.T.);
#8540=ORIENTED_EDGE('',*,*,#11334,.T.);
#8541=ORIENTED_EDGE('',*,*,#9891,.T.);
#8542=CARTESIAN_POINT('',(-0.913240080612727,-2.212496456314,-0.539873640408356));
#8543=DIRECTION('',(-6.12303176911189E-017,0.0,1.0));
#8544=DIRECTION('',(0.0,1.0,0.0));
#8545=SURFACE_STYLE_FILL_AREA(#11363);
#8546=ORIENTED_EDGE('',*,*,#9790,.T.);
#8547=ORIENTED_EDGE('',*,*,#9700,.F.);
#8548=ORIENTED_EDGE('',*,*,#11364,.T.);
#8549=ORIENTED_EDGE('',*,*,#10556,.T.);
#8550=CARTESIAN_POINT('',(1.031327524571,-2.212496456314,-0.744420111668473));
#8551=DIRECTION('',(0.86602540378444,0.0,-0.499999999999998));
#8552=DIRECTION('',(0.0,-1.0,0.0));
#8553=SURFACE_STYLE_FILL_AREA(#11365);
#8554=ORIENTED_EDGE('',*,*,#11329,.T.);
#8555=ORIENTED_EDGE('',*,*,#11366,.T.);
#8556=ORIENTED_EDGE('',*,*,#10728,.T.);
#8557=ORIENTED_EDGE('',*,*,#9958,.T.);
#8558=CARTESIAN_POINT('',(1.33573897368788,-2.212496456314,-0.920164142568561));
#8559=DIRECTION('',(0.86602540378444,0.0,-0.499999999999998));
#8560=DIRECTION('',(0.0,-1.0,0.0));
#8561=SURFACE_STYLE_FILL_AREA(#11367);
#8562=ORIENTED_EDGE('',*,*,#10082,.F.);
#8563=ORIENTED_EDGE('',*,*,#10958,.F.);
#8564=ORIENTED_EDGE('',*,*,#11368,.F.);
#8565=ORIENTED_EDGE('',*,*,#11173,.T.);
#8566=CARTESIAN_POINT('',(0.422504626337225,-2.212496456314,1.36451570745706));
#8567=DIRECTION('',(-0.866025403784439,0.0,0.499999999999999));
#8568=DIRECTION('',(0.0,-1.0,0.0));
#8569=SURFACE_STYLE_FILL_AREA(#11369);
#8570=ORIENTED_EDGE('',*,*,#10121,.F.);
#8571=ORIENTED_EDGE('',*,*,#10972,.F.);
#8572=ORIENTED_EDGE('',*,*,#11370,.F.);
#8573=ORIENTED_EDGE('',*,*,#11277,.T.);
#8574=CARTESIAN_POINT('',(-0.795129844392255,-2.212496456314,0.661542039048567));
#8575=DIRECTION('',(-0.866025403784439,0.0,0.499999999999999));
#8576=DIRECTION('',(0.0,-1.0,0.0));
#8577=SURFACE_STYLE_FILL_AREA(#11371);
#8578=ORIENTED_EDGE('',*,*,#10075,.F.);
#8579=ORIENTED_EDGE('',*,*,#11039,.F.);
#8580=ORIENTED_EDGE('',*,*,#11372,.F.);
#8581=ORIENTED_EDGE('',*,*,#10589,.T.);
#8582=CARTESIAN_POINT('',(0.304394390116753,-2.212496456314,0.944828667788998));
#8583=DIRECTION('',(6.12303176911189E-017,-0.0,1.0));
#8584=DIRECTION('',(0.0,1.0,0.0));
#8585=SURFACE_STYLE_FILL_AREA(#11373);
#8586=ORIENTED_EDGE('',*,*,#10043,.F.);
#8587=ORIENTED_EDGE('',*,*,#11087,.F.);
#8588=ORIENTED_EDGE('',*,*,#11374,.F.);
#8589=ORIENTED_EDGE('',*,*,#10627,.T.);
#8590=CARTESIAN_POINT('',(-0.186306946158485,-2.212496456314,1.50090811719275));
#8591=DIRECTION('',(-0.86602540378444,-0.0,-0.499999999999998));
#8592=DIRECTION('',(0.0,-1.0,0.0));
#8593=SURFACE_STYLE_FILL_AREA(#11375);
#8594=ORIENTED_EDGE('',*,*,#10050,.F.);
#8595=ORIENTED_EDGE('',*,*,#11376,.F.);
#8596=ORIENTED_EDGE('',*,*,#11377,.F.);
#8597=ORIENTED_EDGE('',*,*,#11378,.T.);
#8598=CARTESIAN_POINT('',(-5.73326207130851E-006,-2.212496456314,1.04185099878453));
#8599=DIRECTION('',(-6.12303176911189E-017,-0.0,-1.0));
#8600=DIRECTION('',(0.0,-1.0,0.0));
#8601=SURFACE_STYLE_FILL_AREA(#11379);
#8602=ORIENTED_EDGE('',*,*,#10578,.F.);
#8603=ORIENTED_EDGE('',*,*,#11235,.F.);
#8604=ORIENTED_EDGE('',*,*,#10781,.F.);
#8605=ORIENTED_EDGE('',*,*,#9896,.T.);
#8606=CARTESIAN_POINT('',(-0.937267286862507,-0.854361676174073,-0.203893460654112));
#8607=DIRECTION('',(0.0,-1.0,-0.0));
#8608=DIRECTION('',(-0.707106781186547,0.0,-0.707106781186548));
#8609=SURFACE_STYLE_FILL_AREA(#11380);
#8610=ORIENTED_EDGE('',*,*,#10806,.T.);
#8611=ORIENTED_EDGE('',*,*,#11381,.T.);
#8612=ORIENTED_EDGE('',*,*,#11382,.T.);
#8613=ORIENTED_EDGE('',*,*,#9877,.T.);
#8614=CARTESIAN_POINT('',(-1.0313503168332,-2.212496456314,-0.39295050744405));
#8615=DIRECTION('',(-0.866025403784439,0.0,-0.499999999999999));
#8616=DIRECTION('',(0.0,1.0,0.0));
#8617=SURFACE_STYLE_FILL_AREA(#11383);
#8618=ORIENTED_EDGE('',*,*,#10031,.F.);
#8619=ORIENTED_EDGE('',*,*,#11349,.F.);
#8620=ORIENTED_EDGE('',*,*,#11384,.F.);
#8621=ORIENTED_EDGE('',*,*,#10974,.T.);
#8622=CARTESIAN_POINT('',(-0.490718395275371,-2.212496456314,0.837286069948655));
#8623=DIRECTION('',(-0.866025403784439,0.0,0.499999999999999));
#8624=DIRECTION('',(0.0,-1.0,0.0));
#8625=SURFACE_STYLE_FILL_AREA(#11385);
#8626=ORIENTED_EDGE('',*,*,#10067,.F.);
#8627=ORIENTED_EDGE('',*,*,#10834,.F.);
#8628=ORIENTED_EDGE('',*,*,#11386,.F.);
#8629=ORIENTED_EDGE('',*,*,#11387,.T.);
#8630=CARTESIAN_POINT('',(0.490695603013166,-2.212496456314,0.973649565724782));
#8631=DIRECTION('',(0.866025403784439,0.0,-0.499999999999999));
#8632=DIRECTION('',(0.0,1.0,0.0));
#8633=SURFACE_STYLE_FILL_AREA(#11388);
#8634=ORIENTED_EDGE('',*,*,#10021,.F.);
#8635=ORIENTED_EDGE('',*,*,#10912,.F.);
#8636=ORIENTED_EDGE('',*,*,#11389,.F.);
#8637=ORIENTED_EDGE('',*,*,#9566,.T.);
#8638=CARTESIAN_POINT('',(-0.490718395275371,-2.212496456314,1.32516408629266));
#8639=DIRECTION('',(-0.86602540378444,-0.0,-0.499999999999998));
#8640=DIRECTION('',(0.0,-1.0,0.0));
#8641=SURFACE_STYLE_FILL_AREA(#11390);
#8642=ORIENTED_EDGE('',*,*,#10045,.F.);
#8643=ORIENTED_EDGE('',*,*,#10629,.F.);
#8644=ORIENTED_EDGE('',*,*,#11391,.F.);
#8645=ORIENTED_EDGE('',*,*,#11392,.T.);
#8646=CARTESIAN_POINT('',(-0.42252741859943,-2.212496456314,1.50090811719275));
#8647=DIRECTION('',(0.866025403784439,0.0,-0.499999999999999));
#8648=DIRECTION('',(0.0,1.0,0.0));
#8649=SURFACE_STYLE_FILL_AREA(#11393);
#8650=ORIENTED_EDGE('',*,*,#11394,.T.);
#8651=ORIENTED_EDGE('',*,*,#9878,.T.);
#8652=ORIENTED_EDGE('',*,*,#11382,.F.);
#8653=ORIENTED_EDGE('',*,*,#11395,.T.);
#8654=CARTESIAN_POINT('',(-0.913240080612727,-2.212496456314,-0.461141484119991));
#8655=DIRECTION('',(6.12303176911189E-017,0.0,-1.0));
#8656=DIRECTION('',(0.0,-1.0,0.0));
#8657=SURFACE_STYLE_FILL_AREA(#11396);
#8658=ORIENTED_EDGE('',*,*,#10102,.F.);
#8659=ORIENTED_EDGE('',*,*,#11131,.F.);
#8660=ORIENTED_EDGE('',*,*,#11397,.F.);
#8661=ORIENTED_EDGE('',*,*,#11072,.T.);
#8662=CARTESIAN_POINT('',(-0.118115969482544,-2.212496456314,1.32515608510071));
#8663=DIRECTION('',(0.866025403784439,0.0,-0.499999999999999));
#8664=DIRECTION('',(0.0,1.0,0.0));
#8665=SURFACE_STYLE_FILL_AREA(#11398);
#8666=ORIENTED_EDGE('',*,*,#10068,.F.);
#8667=ORIENTED_EDGE('',*,*,#11387,.F.);
#8668=ORIENTED_EDGE('',*,*,#11399,.F.);
#8669=ORIENTED_EDGE('',*,*,#11006,.T.);
#8670=CARTESIAN_POINT('',(0.490695603013166,-2.212496456314,0.837267612372901));
#8671=DIRECTION('',(0.86602540378444,-0.0,0.499999999999999));
#8672=DIRECTION('',(0.0,1.0,0.0));
#8673=SURFACE_STYLE_FILL_AREA(#11400);
#8674=ORIENTED_EDGE('',*,*,#10192,.T.);
#8675=ORIENTED_EDGE('',*,*,#10622,.F.);
#8676=ORIENTED_EDGE('',*,*,#11091,.T.);
#8677=ORIENTED_EDGE('',*,*,#10853,.F.);
#8678=ORIENTED_EDGE('',*,*,#11401,.F.);
#8679=CARTESIAN_POINT('',(1.26756758874821,-2.40934734887232,-1.35224392469529));
#8680=DIRECTION('',(-0.96601462391498,3.03213551060347E-008,0.258487420162761));
#8681=DIRECTION('',(0.258487420162762,3.53886686923088E-012,0.96601462391498));
#8682=SURFACE_STYLE_FILL_AREA(#11402);
#8683=ORIENTED_EDGE('',*,*,#10150,.F.);
#8684=ORIENTED_EDGE('',*,*,#11096,.F.);
#8685=ORIENTED_EDGE('',*,*,#11403,.F.);
#8686=ORIENTED_EDGE('',*,*,#11404,.T.);
#8687=CARTESIAN_POINT('',(0.608805839233638,-2.212496456314,0.690344479408597));
#8688=DIRECTION('',(-6.12303176911189E-017,-0.0,-1.0));
#8689=DIRECTION('',(0.0,-1.0,0.0));
#8690=SURFACE_STYLE_FILL_AREA(#11405);
#8691=ORIENTED_EDGE('',*,*,#10013,.F.);
#8692=ORIENTED_EDGE('',*,*,#11171,.F.);
#8693=ORIENTED_EDGE('',*,*,#11406,.F.);
#8694=ORIENTED_EDGE('',*,*,#10967,.T.);
#8695=CARTESIAN_POINT('',(1.21762873746741,-2.212496456314,1.12056469749714));
#8696=DIRECTION('',(6.12303176911189E-017,-0.0,1.0));
#8697=DIRECTION('',(0.0,1.0,0.0));
#8698=SURFACE_STYLE_FILL_AREA(#11407);
#8699=ORIENTED_EDGE('',*,*,#11020,.T.);
#8700=ORIENTED_EDGE('',*,*,#10789,.T.);
#8701=ORIENTED_EDGE('',*,*,#11256,.T.);
#8702=ORIENTED_EDGE('',*,*,#11063,.F.);
#8703=ORIENTED_EDGE('',*,*,#9683,.T.);
#8704=CARTESIAN_POINT('',(1.03634204967664,-2.69871692875494,-0.203893462066433));
#8705=DIRECTION('',(-0.0,1.0,-0.0));
#8706=DIRECTION('',(1.0,0.0,0.0));
#8707=SURFACE_STYLE_FILL_AREA(#11408);
#8708=ORIENTED_EDGE('',*,*,#11409,.T.);
#8709=ORIENTED_EDGE('',*,*,#11148,.T.);
#8710=ORIENTED_EDGE('',*,*,#9943,.T.);
#8711=ORIENTED_EDGE('',*,*,#10924,.T.);
#8712=CARTESIAN_POINT('',(-1.21765152972961,-2.28297494032764,-0.988397580396104));
#8713=DIRECTION('',(6.12303176911189E-017,0.0,-1.0));
#8714=DIRECTION('',(0.0,-1.0,0.0));
#8715=SURFACE_STYLE_FILL_AREA(#11410);
#8716=ORIENTED_EDGE('',*,*,#10039,.F.);
#8717=ORIENTED_EDGE('',*,*,#11290,.F.);
#8718=ORIENTED_EDGE('',*,*,#11411,.F.);
#8719=ORIENTED_EDGE('',*,*,#10963,.T.);
#8720=CARTESIAN_POINT('',(-0.304417182378957,-2.212496456314,1.21760303087656));
#8721=DIRECTION('',(-6.12303176911189E-017,-0.0,-1.0));
#8722=DIRECTION('',(0.0,-1.0,0.0));
#8723=SURFACE_STYLE_FILL_AREA(#11412);
#8724=ORIENTED_EDGE('',*,*,#10059,.F.);
#8725=ORIENTED_EDGE('',*,*,#11195,.F.);
#8726=ORIENTED_EDGE('',*,*,#11413,.F.);
#8727=ORIENTED_EDGE('',*,*,#9727,.T.);
#8728=CARTESIAN_POINT('',(1.21762873746741,-2.212496456314,0.769068634505011));
#8729=DIRECTION('',(6.12303176911189E-017,-0.0,1.0));
#8730=DIRECTION('',(0.0,1.0,0.0));
#8731=SURFACE_STYLE_FILL_AREA(#11414);
#8732=ORIENTED_EDGE('',*,*,#9879,.T.);
#8733=ORIENTED_EDGE('',*,*,#11394,.F.);
#8734=ORIENTED_EDGE('',*,*,#11415,.F.);
#8735=ORIENTED_EDGE('',*,*,#11361,.F.);
#8736=ORIENTED_EDGE('',*,*,#9890,.T.);
#8737=ORIENTED_EDGE('',*,*,#9560,.F.);
#8738=ORIENTED_EDGE('',*,*,#11416,.F.);
#8739=ORIENTED_EDGE('',*,*,#10724,.F.);
#8740=ORIENTED_EDGE('',*,*,#9967,.T.);
#8741=ORIENTED_EDGE('',*,*,#11298,.T.);
#8742=ORIENTED_EDGE('',*,*,#11213,.F.);
#8743=ORIENTED_EDGE('',*,*,#9721,.F.);
#8744=ORIENTED_EDGE('',*,*,#10807,.T.);
#8745=CARTESIAN_POINT('',(-0.915209935929433,0.30135766987085,-0.740502192495652));
#8746=DIRECTION('',(1.0,0.0,0.0));
#8747=DIRECTION('',(0.0,1.0,0.0));
#8748=SURFACE_STYLE_FILL_AREA(#11417);
#8749=ORIENTED_EDGE('',*,*,#10721,.T.);
#8750=ORIENTED_EDGE('',*,*,#9935,.F.);
#8751=ORIENTED_EDGE('',*,*,#9679,.F.);
#8752=ORIENTED_EDGE('',*,*,#11418,.F.);
#8753=CARTESIAN_POINT('',(-0.118115969482544,-2.212496456314,0.270667896124335));
#8754=DIRECTION('',(0.866025403784439,0.0,-0.499999999999999));
#8755=DIRECTION('',(0.0,1.0,0.0));
#8756=SURFACE_STYLE_FILL_AREA(#11419);
#8757=ORIENTED_EDGE('',*,*,#10394,.T.);
#8758=ORIENTED_EDGE('',*,*,#9875,.T.);
#8759=ORIENTED_EDGE('',*,*,#11420,.F.);
#8760=ORIENTED_EDGE('',*,*,#11421,.T.);
#8761=CARTESIAN_POINT('',(-0.304417182378957,-2.212496456314,-0.539865639216406));
#8762=DIRECTION('',(-6.12303176911189E-017,0.0,1.0));
#8763=DIRECTION('',(0.0,1.0,0.0));
#8764=SURFACE_STYLE_FILL_AREA(#11422);
#8765=ORIENTED_EDGE('',*,*,#10046,.F.);
#8766=ORIENTED_EDGE('',*,*,#11392,.F.);
#8767=ORIENTED_EDGE('',*,*,#11423,.F.);
#8768=ORIENTED_EDGE('',*,*,#10302,.T.);
#8769=CARTESIAN_POINT('',(-0.42252741859943,-2.212496456314,1.36452616384087));
#8770=DIRECTION('',(0.86602540378444,-0.0,0.499999999999999));
#8771=DIRECTION('',(0.0,1.0,0.0));
#8772=SURFACE_STYLE_FILL_AREA(#11424);
#8773=ORIENTED_EDGE('',*,*,#10051,.F.);
#8774=ORIENTED_EDGE('',*,*,#11378,.F.);
#8775=ORIENTED_EDGE('',*,*,#11425,.F.);
#8776=ORIENTED_EDGE('',*,*,#11426,.T.);
#8777=CARTESIAN_POINT('',(-0.118115969482544,-2.212496456314,0.973660022108587));
#8778=DIRECTION('',(0.866025403784439,0.0,-0.499999999999999));
#8779=DIRECTION('',(0.0,1.0,0.0));
#8780=SURFACE_STYLE_FILL_AREA(#11427);
#8781=ORIENTED_EDGE('',*,*,#10345,.F.);
#8782=ORIENTED_EDGE('',*,*,#11261,.T.);
#8783=ORIENTED_EDGE('',*,*,#10859,.T.);
#8784=ORIENTED_EDGE('',*,*,#11192,.T.);
#8785=ORIENTED_EDGE('',*,*,#10933,.T.);
#8786=CARTESIAN_POINT('',(-1.39763491184455,-2.40934729670813,-1.19512315947687));
#8787=DIRECTION('',(-0.0,-1.0,-0.0));
#8788=DIRECTION('',(-1.0,0.0,0.0));
#8789=SURFACE_STYLE_FILL_AREA(#11428);
#8790=ORIENTED_EDGE('',*,*,#10431,.F.);
#8791=ORIENTED_EDGE('',*,*,#11429,.T.);
#8792=ORIENTED_EDGE('',*,*,#11430,.F.);
#8793=ORIENTED_EDGE('',*,*,#10654,.T.);
#8794=CARTESIAN_POINT('',(0.985876052682627,-2.40147283426675,-1.20919768987297));
#8795=DIRECTION('',(-0.182775145693869,0.707106787487006,0.683076304087904));
#8796=DIRECTION('',(0.965991374170125,-9.43938190905386E-005,0.258574275825577));
#8797=SURFACE_STYLE_FILL_AREA(#11431);
#8798=ORIENTED_EDGE('',*,*,#10464,.T.);
#8799=ORIENTED_EDGE('',*,*,#11033,.F.);
#8800=ORIENTED_EDGE('',*,*,#10557,.F.);
#8801=ORIENTED_EDGE('',*,*,#11364,.F.);
#8802=ORIENTED_EDGE('',*,*,#9699,.F.);
#8803=ORIENTED_EDGE('',*,*,#10462,.T.);
#8804=ORIENTED_EDGE('',*,*,#11004,.F.);
#8805=ORIENTED_EDGE('',*,*,#10403,.F.);
#8806=ORIENTED_EDGE('',*,*,#10861,.F.);
#8807=ORIENTED_EDGE('',*,*,#10492,.F.);
#8808=ORIENTED_EDGE('',*,*,#11339,.F.);
#8809=ORIENTED_EDGE('',*,*,#11051,.T.);
#8810=ORIENTED_EDGE('',*,*,#10999,.F.);
#8811=ORIENTED_EDGE('',*,*,#10681,.F.);
#8812=ORIENTED_EDGE('',*,*,#11355,.F.);
#8813=ORIENTED_EDGE('',*,*,#10666,.F.);
#8814=ORIENTED_EDGE('',*,*,#9667,.F.);
#8815=ORIENTED_EDGE('',*,*,#11048,.T.);
#8816=ORIENTED_EDGE('',*,*,#11089,.F.);
#8817=ORIENTED_EDGE('',*,*,#10887,.F.);
#8818=ORIENTED_EDGE('',*,*,#11115,.F.);
#8819=ORIENTED_EDGE('',*,*,#10276,.F.);
#8820=ORIENTED_EDGE('',*,*,#11046,.T.);
#8821=ORIENTED_EDGE('',*,*,#10671,.F.);
#8822=ORIENTED_EDGE('',*,*,#11432,.F.);
#8823=ORIENTED_EDGE('',*,*,#10811,.T.);
#8824=ORIENTED_EDGE('',*,*,#11012,.F.);
#8825=ORIENTED_EDGE('',*,*,#10609,.F.);
#8826=ORIENTED_EDGE('',*,*,#10840,.F.);
#8827=ORIENTED_EDGE('',*,*,#11310,.F.);
#8828=ORIENTED_EDGE('',*,*,#9672,.F.);
#8829=ORIENTED_EDGE('',*,*,#10809,.T.);
#8830=ORIENTED_EDGE('',*,*,#11218,.F.);
#8831=ORIENTED_EDGE('',*,*,#10619,.F.);
#8832=ORIENTED_EDGE('',*,*,#10395,.T.);
#8833=ORIENTED_EDGE('',*,*,#11421,.F.);
#8834=ORIENTED_EDGE('',*,*,#11433,.F.);
#8835=ORIENTED_EDGE('',*,*,#11167,.F.);
#8836=ORIENTED_EDGE('',*,*,#10287,.F.);
#8837=ORIENTED_EDGE('',*,*,#10393,.T.);
#8838=ORIENTED_EDGE('',*,*,#11434,.F.);
#8839=ORIENTED_EDGE('',*,*,#10701,.F.);
#8840=ORIENTED_EDGE('',*,*,#11308,.F.);
#8841=ORIENTED_EDGE('',*,*,#11140,.F.);
#8842=ORIENTED_EDGE('',*,*,#9623,.F.);
#8843=ORIENTED_EDGE('',*,*,#11300,.T.);
#8844=ORIENTED_EDGE('',*,*,#10233,.F.);
#8845=ORIENTED_EDGE('',*,*,#10284,.F.);
#8846=ORIENTED_EDGE('',*,*,#11249,.F.);
#8847=ORIENTED_EDGE('',*,*,#11299,.T.);
#8848=ORIENTED_EDGE('',*,*,#11284,.F.);
#8849=ORIENTED_EDGE('',*,*,#11042,.F.);
#8850=ORIENTED_EDGE('',*,*,#11267,.F.);
#8851=ORIENTED_EDGE('',*,*,#10920,.F.);
#8852=ORIENTED_EDGE('',*,*,#10725,.F.);
#8853=ORIENTED_EDGE('',*,*,#11416,.T.);
#8854=ORIENTED_EDGE('',*,*,#9563,.F.);
#8855=ORIENTED_EDGE('',*,*,#10536,.F.);
#8856=ORIENTED_EDGE('',*,*,#11335,.F.);
#8857=ORIENTED_EDGE('',*,*,#11362,.F.);
#8858=ORIENTED_EDGE('',*,*,#11415,.T.);
#8859=ORIENTED_EDGE('',*,*,#11395,.F.);
#8860=ORIENTED_EDGE('',*,*,#11381,.F.);
#8861=ORIENTED_EDGE('',*,*,#10805,.T.);
#8862=ORIENTED_EDGE('',*,*,#10532,.T.);
#8863=ORIENTED_EDGE('',*,*,#11302,.F.);
#8864=ORIENTED_EDGE('',*,*,#10224,.F.);
#8865=ORIENTED_EDGE('',*,*,#10217,.F.);
#8866=ORIENTED_EDGE('',*,*,#11237,.F.);
#8867=ORIENTED_EDGE('',*,*,#10196,.F.);
#8868=ORIENTED_EDGE('',*,*,#10797,.F.);
#8869=ORIENTED_EDGE('',*,*,#10529,.T.);
#8870=ORIENTED_EDGE('',*,*,#9783,.T.);
#8871=ORIENTED_EDGE('',*,*,#11111,.F.);
#8872=ORIENTED_EDGE('',*,*,#10936,.F.);
#8873=ORIENTED_EDGE('',*,*,#10800,.F.);
#8874=ORIENTED_EDGE('',*,*,#10931,.F.);
#8875=ORIENTED_EDGE('',*,*,#9779,.T.);
#8876=ORIENTED_EDGE('',*,*,#11136,.F.);
#8877=ORIENTED_EDGE('',*,*,#11179,.F.);
#8878=ORIENTED_EDGE('',*,*,#10523,.F.);
#8879=ORIENTED_EDGE('',*,*,#11325,.F.);
#8880=ORIENTED_EDGE('',*,*,#10876,.F.);
#8881=ORIENTED_EDGE('',*,*,#11227,.T.);
#8882=ORIENTED_EDGE('',*,*,#11128,.F.);
#8883=ORIENTED_EDGE('',*,*,#11160,.F.);
#8884=ORIENTED_EDGE('',*,*,#11246,.F.);
#8885=ORIENTED_EDGE('',*,*,#11197,.F.);
#8886=ORIENTED_EDGE('',*,*,#10472,.F.);
#8887=ORIENTED_EDGE('',*,*,#11226,.T.);
#8888=ORIENTED_EDGE('',*,*,#10595,.F.);
#8889=ORIENTED_EDGE('',*,*,#10823,.F.);
#8890=ORIENTED_EDGE('',*,*,#11099,.F.);
#8891=ORIENTED_EDGE('',*,*,#11113,.F.);
#8892=ORIENTED_EDGE('',*,*,#10697,.F.);
#8893=ORIENTED_EDGE('',*,*,#11225,.T.);
#8894=ORIENTED_EDGE('',*,*,#11239,.F.);
#8895=ORIENTED_EDGE('',*,*,#10338,.F.);
#8896=ORIENTED_EDGE('',*,*,#10374,.F.);
#8897=ORIENTED_EDGE('',*,*,#10598,.F.);
#8898=ORIENTED_EDGE('',*,*,#11203,.F.);
#8899=ORIENTED_EDGE('',*,*,#11255,.T.);
#8900=ORIENTED_EDGE('',*,*,#10561,.F.);
#8901=ORIENTED_EDGE('',*,*,#10355,.F.);
#8902=ORIENTED_EDGE('',*,*,#9695,.F.);
#8903=ORIENTED_EDGE('',*,*,#10769,.F.);
#8904=ORIENTED_EDGE('',*,*,#10795,.T.);
#8905=ORIENTED_EDGE('',*,*,#11435,.F.);
#8906=ORIENTED_EDGE('',*,*,#11274,.F.);
#8907=ORIENTED_EDGE('',*,*,#9738,.F.);
#8908=ORIENTED_EDGE('',*,*,#10943,.F.);
#8909=ORIENTED_EDGE('',*,*,#11216,.F.);
#8910=ORIENTED_EDGE('',*,*,#11009,.F.);
#8911=ORIENTED_EDGE('',*,*,#10792,.T.);
#8912=ORIENTED_EDGE('',*,*,#10803,.T.);
#8913=ORIENTED_EDGE('',*,*,#10429,.F.);
#8914=ORIENTED_EDGE('',*,*,#10505,.F.);
#8915=ORIENTED_EDGE('',*,*,#10200,.T.);
#8916=ORIENTED_EDGE('',*,*,#10929,.T.);
#8917=ORIENTED_EDGE('',*,*,#10307,.T.);
#8918=ORIENTED_EDGE('',*,*,#10993,.F.);
#8919=ORIENTED_EDGE('',*,*,#10424,.F.);
#8920=ORIENTED_EDGE('',*,*,#9639,.F.);
#8921=ORIENTED_EDGE('',*,*,#11436,.T.);
#8922=ORIENTED_EDGE('',*,*,#10865,.F.);
#8923=ORIENTED_EDGE('',*,*,#11437,.F.);
#8924=ORIENTED_EDGE('',*,*,#11438,.F.);
#8925=ORIENTED_EDGE('',*,*,#10950,.F.);
#8926=ORIENTED_EDGE('',*,*,#10641,.F.);
#8927=ORIENTED_EDGE('',*,*,#10362,.F.);
#8928=ORIENTED_EDGE('',*,*,#10334,.F.);
#8929=ORIENTED_EDGE('',*,*,#10601,.F.);
#8930=ORIENTED_EDGE('',*,*,#10755,.F.);
#8931=ORIENTED_EDGE('',*,*,#9755,.F.);
#8932=ORIENTED_EDGE('',*,*,#11439,.F.);
#8933=ORIENTED_EDGE('',*,*,#9661,.T.);
#8934=ORIENTED_EDGE('',*,*,#10858,.T.);
#8935=ORIENTED_EDGE('',*,*,#11262,.T.);
#8936=ORIENTED_EDGE('',*,*,#10442,.T.);
#8937=ORIENTED_EDGE('',*,*,#10370,.T.);
#8938=ORIENTED_EDGE('',*,*,#10190,.T.);
#8939=ORIENTED_EDGE('',*,*,#11143,.T.);
#8940=ORIENTED_EDGE('',*,*,#10655,.T.);
#8941=ORIENTED_EDGE('',*,*,#11430,.T.);
#8942=ORIENTED_EDGE('',*,*,#10554,.F.);
#8943=ORIENTED_EDGE('',*,*,#11440,.T.);
#8944=ORIENTED_EDGE('',*,*,#10519,.T.);
#8945=ORIENTED_EDGE('',*,*,#9633,.T.);
#8946=ORIENTED_EDGE('',*,*,#11441,.F.);
#8947=ORIENTED_EDGE('',*,*,#10499,.F.);
#8948=ORIENTED_EDGE('',*,*,#11138,.F.);
#8949=ORIENTED_EDGE('',*,*,#10513,.T.);
#8950=ORIENTED_EDGE('',*,*,#10657,.T.);
#8951=ORIENTED_EDGE('',*,*,#9770,.T.);
#8952=ORIENTED_EDGE('',*,*,#10236,.F.);
#8953=ORIENTED_EDGE('',*,*,#10991,.F.);
#8954=ORIENTED_EDGE('',*,*,#10722,.F.);
#8955=ORIENTED_EDGE('',*,*,#11418,.T.);
#8956=ORIENTED_EDGE('',*,*,#9678,.T.);
#8957=ORIENTED_EDGE('',*,*,#11070,.T.);
#8958=ORIENTED_EDGE('',*,*,#10326,.F.);
#8959=ORIENTED_EDGE('',*,*,#10705,.F.);
#8960=ORIENTED_EDGE('',*,*,#11330,.F.);
#8961=ORIENTED_EDGE('',*,*,#11209,.F.);
#8962=ORIENTED_EDGE('',*,*,#10516,.F.);
#8963=ORIENTED_EDGE('',*,*,#11442,.F.);
#8964=ORIENTED_EDGE('',*,*,#11443,.F.);
#8965=ORIENTED_EDGE('',*,*,#10729,.F.);
#8966=ORIENTED_EDGE('',*,*,#11366,.F.);
#8967=ORIENTED_EDGE('',*,*,#10923,.F.);
#8968=ORIENTED_EDGE('',*,*,#10582,.F.);
#8969=ORIENTED_EDGE('',*,*,#10897,.F.);
#8970=ORIENTED_EDGE('',*,*,#10341,.F.);
#8971=ORIENTED_EDGE('',*,*,#10894,.F.);
#8972=ORIENTED_EDGE('',*,*,#11147,.F.);
#8973=ORIENTED_EDGE('',*,*,#11409,.F.);
#8974=ORIENTED_EDGE('',*,*,#11444,.F.);
#8975=ORIENTED_EDGE('',*,*,#11293,.F.);
#8976=ORIENTED_EDGE('',*,*,#10995,.F.);
#8977=ORIENTED_EDGE('',*,*,#10903,.F.);
#8978=ORIENTED_EDGE('',*,*,#11445,.F.);
#8979=ORIENTED_EDGE('',*,*,#10616,.F.);
#8980=ORIENTED_EDGE('',*,*,#10314,.F.);
#8981=ORIENTED_EDGE('',*,*,#11287,.F.);
#8982=ORIENTED_EDGE('',*,*,#10526,.F.);
#8983=ORIENTED_EDGE('',*,*,#10407,.F.);
#8984=ORIENTED_EDGE('',*,*,#11265,.F.);
#8985=ORIENTED_EDGE('',*,*,#11332,.F.);
#8986=ORIENTED_EDGE('',*,*,#11014,.F.);
#8987=ORIENTED_EDGE('',*,*,#10732,.F.);
#8988=ORIENTED_EDGE('',*,*,#11306,.T.);
#8989=ORIENTED_EDGE('',*,*,#11359,.T.);
#8990=ORIENTED_EDGE('',*,*,#10968,.T.);
#8991=ORIENTED_EDGE('',*,*,#11406,.T.);
#8992=ORIENTED_EDGE('',*,*,#11170,.T.);
#8993=ORIENTED_EDGE('',*,*,#10917,.T.);
#8994=ORIENTED_EDGE('',*,*,#10663,.T.);
#8995=ORIENTED_EDGE('',*,*,#9751,.T.);
#8996=ORIENTED_EDGE('',*,*,#11446,.F.);
#8997=ORIENTED_EDGE('',*,*,#9733,.F.);
#8998=ORIENTED_EDGE('',*,*,#10961,.F.);
#8999=ORIENTED_EDGE('',*,*,#11327,.T.);
#9000=ORIENTED_EDGE('',*,*,#10358,.T.);
#9001=ORIENTED_EDGE('',*,*,#10837,.T.);
#9002=ORIENTED_EDGE('',*,*,#10981,.T.);
#9003=ORIENTED_EDGE('',*,*,#10206,.T.);
#9004=ORIENTED_EDGE('',*,*,#10649,.T.);
#9005=ORIENTED_EDGE('',*,*,#10899,.T.);
#9006=ORIENTED_EDGE('',*,*,#11353,.T.);
#9007=ORIENTED_EDGE('',*,*,#9575,.T.);
#9008=ORIENTED_EDGE('',*,*,#9706,.T.);
#9009=ORIENTED_EDGE('',*,*,#11269,.T.);
#9010=ORIENTED_EDGE('',*,*,#10830,.T.);
#9011=ORIENTED_EDGE('',*,*,#10452,.T.);
#9012=ORIENTED_EDGE('',*,*,#11182,.T.);
#9013=ORIENTED_EDGE('',*,*,#10292,.T.);
#9014=ORIENTED_EDGE('',*,*,#10828,.T.);
#9015=ORIENTED_EDGE('',*,*,#10488,.T.);
#9016=ORIENTED_EDGE('',*,*,#11055,.T.);
#9017=ORIENTED_EDGE('',*,*,#11187,.T.);
#9018=ORIENTED_EDGE('',*,*,#10399,.T.);
#9019=ORIENTED_EDGE('',*,*,#11018,.T.);
#9020=ORIENTED_EDGE('',*,*,#11447,.T.);
#9021=ORIENTED_EDGE('',*,*,#11271,.T.);
#9022=ORIENTED_EDGE('',*,*,#11123,.T.);
#9023=ORIENTED_EDGE('',*,*,#10251,.T.);
#9024=ORIENTED_EDGE('',*,*,#10269,.T.);
#9025=ORIENTED_EDGE('',*,*,#10736,.T.);
#9026=ORIENTED_EDGE('',*,*,#11448,.T.);
#9027=ORIENTED_EDGE('',*,*,#10508,.T.);
#9028=ORIENTED_EDGE('',*,*,#10884,.T.);
#9029=ORIENTED_EDGE('',*,*,#10819,.T.);
#9030=ORIENTED_EDGE('',*,*,#11323,.T.);
#9031=ORIENTED_EDGE('',*,*,#11449,.T.);
#9032=ORIENTED_EDGE('',*,*,#10213,.T.);
#9033=ORIENTED_EDGE('',*,*,#9766,.T.);
#9034=ORIENTED_EDGE('',*,*,#10446,.T.);
#9035=ORIENTED_EDGE('',*,*,#11450,.T.);
#9036=ORIENTED_EDGE('',*,*,#9592,.T.);
#9037=ORIENTED_EDGE('',*,*,#10388,.T.);
#9038=ORIENTED_EDGE('',*,*,#10979,.T.);
#9039=ORIENTED_EDGE('',*,*,#11205,.T.);
#9040=ORIENTED_EDGE('',*,*,#11060,.T.);
#9041=ORIENTED_EDGE('',*,*,#11154,.T.);
#9042=ORIENTED_EDGE('',*,*,#10299,.T.);
#9043=ORIENTED_EDGE('',*,*,#10311,.T.);
#9044=ORIENTED_EDGE('',*,*,#11345,.T.);
#9045=ORIENTED_EDGE('',*,*,#10758,.T.);
#9046=ORIENTED_EDGE('',*,*,#11451,.T.);
#9047=ORIENTED_EDGE('',*,*,#9629,.T.);
#9048=ORIENTED_EDGE('',*,*,#11118,.T.);
#9049=ORIENTED_EDGE('',*,*,#11452,.T.);
#9050=ORIENTED_EDGE('',*,*,#11095,.T.);
#9051=ORIENTED_EDGE('',*,*,#10612,.T.);
#9052=ORIENTED_EDGE('',*,*,#10239,.T.);
#9053=ORIENTED_EDGE('',*,*,#10953,.T.);
#9054=ORIENTED_EDGE('',*,*,#11453,.T.);
#9055=ORIENTED_EDGE('',*,*,#11403,.T.);
#9056=ORIENTED_EDGE('',*,*,#10366,.T.);
#9057=ORIENTED_EDGE('',*,*,#10377,.T.);
#9058=ORIENTED_EDGE('',*,*,#11027,.T.);
#9059=ORIENTED_EDGE('',*,*,#10265,.T.);
#9060=ORIENTED_EDGE('',*,*,#10873,.T.);
#9061=ORIENTED_EDGE('',*,*,#10749,.T.);
#9062=ORIENTED_EDGE('',*,*,#10503,.T.);
#9063=ORIENTED_EDGE('',*,*,#11357,.T.);
#9064=ORIENTED_EDGE('',*,*,#9603,.T.);
#9065=ORIENTED_EDGE('',*,*,#11084,.T.);
#9066=ORIENTED_EDGE('',*,*,#11312,.T.);
#9067=ORIENTED_EDGE('',*,*,#10318,.T.);
#9068=ORIENTED_EDGE('',*,*,#11295,.T.);
#9069=ORIENTED_EDGE('',*,*,#9619,.T.);
#9070=ORIENTED_EDGE('',*,*,#11454,.T.);
#9071=ORIENTED_EDGE('',*,*,#11156,.T.);
#9072=ORIENTED_EDGE('',*,*,#10417,.T.);
#9073=ORIENTED_EDGE('',*,*,#11314,.T.);
#9074=ORIENTED_EDGE('',*,*,#10295,.T.);
#9075=ORIENTED_EDGE('',*,*,#10771,.T.);
#9076=ORIENTED_EDGE('',*,*,#10739,.T.);
#9077=ORIENTED_EDGE('',*,*,#11455,.T.);
#9078=ORIENTED_EDGE('',*,*,#11316,.T.);
#9079=ORIENTED_EDGE('',*,*,#10567,.T.);
#9080=ORIENTED_EDGE('',*,*,#10946,.T.);
#9081=ORIENTED_EDGE('',*,*,#11244,.T.);
#9082=ORIENTED_EDGE('',*,*,#11221,.T.);
#9083=ORIENTED_EDGE('',*,*,#9761,.T.);
#9084=ORIENTED_EDGE('',*,*,#10753,.T.);
#9085=ORIENTED_EDGE('',*,*,#10955,.T.);
#9086=ORIENTED_EDGE('',*,*,#11278,.T.);
#9087=ORIENTED_EDGE('',*,*,#11370,.T.);
#9088=ORIENTED_EDGE('',*,*,#10971,.T.);
#9089=ORIENTED_EDGE('',*,*,#10715,.T.);
#9090=ORIENTED_EDGE('',*,*,#10880,.T.);
#9091=ORIENTED_EDGE('',*,*,#11456,.T.);
#9092=ORIENTED_EDGE('',*,*,#10890,.T.);
#9093=ORIENTED_EDGE('',*,*,#10175,.T.);
#9094=ORIENTED_EDGE('',*,*,#10688,.T.);
#9095=ORIENTED_EDGE('',*,*,#11457,.T.);
#9096=ORIENTED_EDGE('',*,*,#11001,.T.);
#9097=ORIENTED_EDGE('',*,*,#10776,.T.);
#9098=ORIENTED_EDGE('',*,*,#9743,.T.);
#9099=ORIENTED_EDGE('',*,*,#11133,.T.);
#9100=ORIENTED_EDGE('',*,*,#10183,.T.);
#9101=ORIENTED_EDGE('',*,*,#11200,.T.);
#9102=ORIENTED_EDGE('',*,*,#10550,.T.);
#9103=ORIENTED_EDGE('',*,*,#9587,.T.);
#9104=ORIENTED_EDGE('',*,*,#11389,.T.);
#9105=ORIENTED_EDGE('',*,*,#10911,.T.);
#9106=ORIENTED_EDGE('',*,*,#10484,.T.);
#9107=ORIENTED_EDGE('',*,*,#11151,.T.);
#9108=ORIENTED_EDGE('',*,*,#11458,.T.);
#9109=ORIENTED_EDGE('',*,*,#9567,.T.);
#9110=ORIENTED_EDGE('',*,*,#10975,.T.);
#9111=ORIENTED_EDGE('',*,*,#11384,.T.);
#9112=ORIENTED_EDGE('',*,*,#11348,.T.);
#9113=ORIENTED_EDGE('',*,*,#11241,.T.);
#9114=ORIENTED_EDGE('',*,*,#10179,.T.);
#9115=ORIENTED_EDGE('',*,*,#11341,.T.);
#9116=ORIENTED_EDGE('',*,*,#10632,.T.);
#9117=ORIENTED_EDGE('',*,*,#11106,.T.);
#9118=ORIENTED_EDGE('',*,*,#10228,.T.);
#9119=ORIENTED_EDGE('',*,*,#11459,.T.);
#9120=ORIENTED_EDGE('',*,*,#10449,.T.);
#9121=ORIENTED_EDGE('',*,*,#11337,.T.);
#9122=ORIENTED_EDGE('',*,*,#11289,.T.);
#9123=ORIENTED_EDGE('',*,*,#10742,.T.);
#9124=ORIENTED_EDGE('',*,*,#9582,.T.);
#9125=ORIENTED_EDGE('',*,*,#10927,.T.);
#9126=ORIENTED_EDGE('',*,*,#10964,.T.);
#9127=ORIENTED_EDGE('',*,*,#11411,.T.);
#9128=ORIENTED_EDGE('',*,*,#11374,.T.);
#9129=ORIENTED_EDGE('',*,*,#11086,.T.);
#9130=ORIENTED_EDGE('',*,*,#10303,.T.);
#9131=ORIENTED_EDGE('',*,*,#11423,.T.);
#9132=ORIENTED_EDGE('',*,*,#11391,.T.);
#9133=ORIENTED_EDGE('',*,*,#10628,.T.);
#9134=ORIENTED_EDGE('',*,*,#11460,.T.);
#9135=ORIENTED_EDGE('',*,*,#10570,.T.);
#9136=ORIENTED_EDGE('',*,*,#10221,.T.);
#9137=ORIENTED_EDGE('',*,*,#11461,.T.);
#9138=ORIENTED_EDGE('',*,*,#11425,.T.);
#9139=ORIENTED_EDGE('',*,*,#11377,.T.);
#9140=ORIENTED_EDGE('',*,*,#11067,.T.);
#9141=ORIENTED_EDGE('',*,*,#11258,.T.);
#9142=ORIENTED_EDGE('',*,*,#10421,.T.);
#9143=ORIENTED_EDGE('',*,*,#11073,.T.);
#9144=ORIENTED_EDGE('',*,*,#11397,.T.);
#9145=ORIENTED_EDGE('',*,*,#11130,.T.);
#9146=ORIENTED_EDGE('',*,*,#11462,.T.);
#9147=ORIENTED_EDGE('',*,*,#9728,.T.);
#9148=ORIENTED_EDGE('',*,*,#11413,.T.);
#9149=ORIENTED_EDGE('',*,*,#11194,.T.);
#9150=ORIENTED_EDGE('',*,*,#10635,.T.);
#9151=ORIENTED_EDGE('',*,*,#10203,.T.);
#9152=ORIENTED_EDGE('',*,*,#9710,.T.);
#9153=ORIENTED_EDGE('',*,*,#10322,.T.);
#9154=ORIENTED_EDGE('',*,*,#11281,.T.);
#9155=ORIENTED_EDGE('',*,*,#11252,.T.);
#9156=ORIENTED_EDGE('',*,*,#11463,.T.);
#9157=ORIENTED_EDGE('',*,*,#10684,.T.);
#9158=ORIENTED_EDGE('',*,*,#10247,.T.);
#9159=ORIENTED_EDGE('',*,*,#10639,.T.);
#9160=ORIENTED_EDGE('',*,*,#11007,.T.);
#9161=ORIENTED_EDGE('',*,*,#11399,.T.);
#9162=ORIENTED_EDGE('',*,*,#11386,.T.);
#9163=ORIENTED_EDGE('',*,*,#10833,.T.);
#9164=ORIENTED_EDGE('',*,*,#10909,.T.);
#9165=ORIENTED_EDGE('',*,*,#10590,.T.);
#9166=ORIENTED_EDGE('',*,*,#11372,.T.);
#9167=ORIENTED_EDGE('',*,*,#11038,.T.);
#9168=ORIENTED_EDGE('',*,*,#11464,.T.);
#9169=ORIENTED_EDGE('',*,*,#10605,.T.);
#9170=ORIENTED_EDGE('',*,*,#11174,.T.);
#9171=ORIENTED_EDGE('',*,*,#11368,.T.);
#9172=ORIENTED_EDGE('',*,*,#10957,.T.);
#9173=ORIENTED_EDGE('',*,*,#10547,.T.);
#9174=ORIENTED_EDGE('',*,*,#11465,.T.);
#9175=ORIENTED_EDGE('',*,*,#11319,.T.);
#9176=ORIENTED_EDGE('',*,*,#11190,.T.);
#9177=ORIENTED_EDGE('',*,*,#11120,.T.);
#9178=ORIENTED_EDGE('',*,*,#10438,.T.);
#9179=ORIENTED_EDGE('',*,*,#10915,.T.);
#9180=ORIENTED_EDGE('',*,*,#11029,.T.);
#9181=ORIENTED_EDGE('',*,*,#10243,.T.);
#9182=ORIENTED_EDGE('',*,*,#9747,.T.);
#9183=ORIENTED_EDGE('',*,*,#10779,.T.);
#9184=ORIENTED_EDGE('',*,*,#10677,.T.);
#9185=ORIENTED_EDGE('',*,*,#11035,.T.);
#9186=ORIENTED_EDGE('',*,*,#10867,.T.);
#9187=ORIENTED_EDGE('',*,*,#10210,.T.);
#9188=ORIENTED_EDGE('',*,*,#10690,.T.);
#9189=ORIENTED_EDGE('',*,*,#10272,.T.);
#9190=ORIENTED_EDGE('',*,*,#11031,.T.);
#9191=ORIENTED_EDGE('',*,*,#10646,.T.);
#9192=ORIENTED_EDGE('',*,*,#11093,.T.);
#9193=ORIENTED_EDGE('',*,*,#10870,.T.);
#9194=CARTESIAN_POINT('',(-5.73326207131686E-006,-2.40934685001479,0.202476919448394));
#9195=DIRECTION('',(0.0,1.0,0.0));
#9196=DIRECTION('',(0.0,0.0,1.0));
#9197=SURFACE_STYLE_FILL_AREA(#11466);
#9198=ORIENTED_EDGE('',*,*,#10949,.T.);
#9199=ORIENTED_EDGE('',*,*,#11438,.T.);
#9200=ORIENTED_EDGE('',*,*,#11467,.T.);
#9201=ORIENTED_EDGE('',*,*,#9715,.T.);
#9202=CARTESIAN_POINT('',(1.39762925168516,-2.40147283426675,1.60011870906162));
#9203=DIRECTION('',(-0.0,-1.0,-0.0));
#9204=DIRECTION('',(-0.707033854371402,0.0,-0.707179700481228));
#9205=SURFACE_STYLE_FILL_AREA(#11468);
#9206=ORIENTED_EDGE('',*,*,#10151,.F.);
#9207=ORIENTED_EDGE('',*,*,#11404,.F.);
#9208=ORIENTED_EDGE('',*,*,#11453,.F.);
#9209=ORIENTED_EDGE('',*,*,#10952,.T.);
#9210=CARTESIAN_POINT('',(0.490695603013166,-2.212496456314,0.622153502732657));
#9211=DIRECTION('',(0.866025403784439,0.0,-0.499999999999999));
#9212=DIRECTION('',(0.0,1.0,0.0));
#9213=SURFACE_STYLE_FILL_AREA(#11469);
#9214=ORIENTED_EDGE('',*,*,#10117,.F.);
#9215=ORIENTED_EDGE('',*,*,#11279,.F.);
#9216=ORIENTED_EDGE('',*,*,#11456,.F.);
#9217=ORIENTED_EDGE('',*,*,#10879,.T.);
#9218=CARTESIAN_POINT('',(-0.913240080612727,-2.212496456314,0.866114969076388));
#9219=DIRECTION('',(-6.12303176911189E-017,-0.0,-1.0));
#9220=DIRECTION('',(0.0,-1.0,0.0));
#9221=SURFACE_STYLE_FILL_AREA(#11470);
#9222=ORIENTED_EDGE('',*,*,#9960,.T.);
#9223=ORIENTED_EDGE('',*,*,#10730,.F.);
#9224=ORIENTED_EDGE('',*,*,#11443,.T.);
#9225=ORIENTED_EDGE('',*,*,#11471,.T.);
#9226=CARTESIAN_POINT('',(1.21762873746741,-2.212496456314,-0.71559121254074));
#9227=DIRECTION('',(-6.12303176911189E-017,0.0,1.0));
#9228=DIRECTION('',(0.0,1.0,0.0));
#9229=SURFACE_STYLE_FILL_AREA(#11472);
#9230=ORIENTED_EDGE('',*,*,#10392,.T.);
#9231=ORIENTED_EDGE('',*,*,#9884,.T.);
#9232=ORIENTED_EDGE('',*,*,#10702,.F.);
#9233=ORIENTED_EDGE('',*,*,#11434,.T.);
#9234=CARTESIAN_POINT('',(-0.304417182378957,-2.212496456314,-0.891361702208532));
#9235=DIRECTION('',(-6.12303176911189E-017,0.0,1.0));
#9236=DIRECTION('',(0.0,1.0,0.0));
#9237=SURFACE_STYLE_FILL_AREA(#11473);
#9238=ORIENTED_EDGE('',*,*,#10794,.T.);
#9239=ORIENTED_EDGE('',*,*,#9798,.T.);
#9240=ORIENTED_EDGE('',*,*,#11275,.F.);
#9241=ORIENTED_EDGE('',*,*,#11435,.T.);
#9242=CARTESIAN_POINT('',(1.21762873746741,-2.212496456314,-0.364095149548614));
#9243=DIRECTION('',(-6.12303176911189E-017,0.0,1.0));
#9244=DIRECTION('',(0.0,1.0,0.0));
#9245=SURFACE_STYLE_FILL_AREA(#11474);
#9246=ORIENTED_EDGE('',*,*,#10707,.F.);
#9247=ORIENTED_EDGE('',*,*,#9643,.T.);
#9248=ORIENTED_EDGE('',*,*,#11078,.T.);
#9249=ORIENTED_EDGE('',*,*,#10815,.T.);
#9250=CARTESIAN_POINT('',(-1.41734177512098,-2.34241816284986,1.61978164203316));
#9251=DIRECTION('',(0.0,1.0,-0.0));
#9252=DIRECTION('',(-0.707106781186547,0.0,0.707106781186547));
#9253=SURFACE_STYLE_FILL_AREA(#11475);
#9254=ORIENTED_EDGE('',*,*,#11021,.T.);
#9255=ORIENTED_EDGE('',*,*,#9681,.T.);
#9256=ORIENTED_EDGE('',*,*,#9609,.F.);
#9257=ORIENTED_EDGE('',*,*,#10804,.T.);
#9258=CARTESIAN_POINT('',(1.38646287296673E-005,-2.69871692875494,-0.415668827749145));
#9259=DIRECTION('',(8.65927457071939E-017,-0.707106781186544,-0.707106781186551));
#9260=DIRECTION('',(-1.0,0.0,-1.22460635382238E-016));
#9261=SURFACE_STYLE_FILL_AREA(#11476);
#9262=ORIENTED_EDGE('',*,*,#10812,.T.);
#9263=ORIENTED_EDGE('',*,*,#11432,.T.);
#9264=ORIENTED_EDGE('',*,*,#10670,.T.);
#9265=ORIENTED_EDGE('',*,*,#9842,.T.);
#9266=CARTESIAN_POINT('',(0.18628415389628,-2.212496456314,-0.392932049868296));
#9267=DIRECTION('',(-0.866025403784439,0.0,-0.499999999999999));
#9268=DIRECTION('',(0.0,1.0,0.0));
#9269=SURFACE_STYLE_FILL_AREA(#11477);
#9270=ORIENTED_EDGE('',*,*,#10113,.F.);
#9271=ORIENTED_EDGE('',*,*,#11002,.F.);
#9272=ORIENTED_EDGE('',*,*,#11457,.F.);
#9273=ORIENTED_EDGE('',*,*,#10687,.T.);
#9274=CARTESIAN_POINT('',(-1.0313503168332,-2.212496456314,1.01303810204069));
#9275=DIRECTION('',(0.86602540378444,-0.0,0.499999999999999));
#9276=DIRECTION('',(0.0,1.0,0.0));
#9277=SURFACE_STYLE_FILL_AREA(#11478);
#9278=ORIENTED_EDGE('',*,*,#10052,.F.);
#9279=ORIENTED_EDGE('',*,*,#11426,.F.);
#9280=ORIENTED_EDGE('',*,*,#11461,.F.);
#9281=ORIENTED_EDGE('',*,*,#10220,.T.);
#9282=CARTESIAN_POINT('',(-0.118115969482544,-2.212496456314,0.837278068756707));
#9283=DIRECTION('',(0.86602540378444,-0.0,0.499999999999999));
#9284=DIRECTION('',(0.0,1.0,0.0));
#9285=SURFACE_STYLE_FILL_AREA(#11479);
#9286=ORIENTED_EDGE('',*,*,#10049,.F.);
#9287=ORIENTED_EDGE('',*,*,#10571,.F.);
#9288=ORIENTED_EDGE('',*,*,#11460,.F.);
#9289=ORIENTED_EDGE('',*,*,#11376,.T.);
#9290=CARTESIAN_POINT('',(0.118104502958401,-2.212496456314,0.973660022108587));
#9291=DIRECTION('',(-0.86602540378444,-0.0,-0.499999999999998));
#9292=DIRECTION('',(0.0,-1.0,0.0));
#9293=SURFACE_STYLE_FILL_AREA(#11480);
#9294=ORIENTED_EDGE('',*,*,#10055,.F.);
#9295=ORIENTED_EDGE('',*,*,#9729,.F.);
#9296=ORIENTED_EDGE('',*,*,#11462,.F.);
#9297=ORIENTED_EDGE('',*,*,#10202,.T.);
#9298=CARTESIAN_POINT('',(1.33573897368788,-2.212496456314,0.973641564532832));
#9299=DIRECTION('',(-0.86602540378444,-0.0,-0.499999999999998));
#9300=DIRECTION('',(0.0,-1.0,0.0));
#9301=SURFACE_STYLE_FILL_AREA(#11481);
#9302=ORIENTED_EDGE('',*,*,#10073,.F.);
#9303=ORIENTED_EDGE('',*,*,#10606,.F.);
#9304=ORIENTED_EDGE('',*,*,#11464,.F.);
#9305=ORIENTED_EDGE('',*,*,#11037,.T.);
#9306=CARTESIAN_POINT('',(0.18628415389628,-2.212496456314,1.14940159781682));
#9307=DIRECTION('',(0.866025403784439,0.0,-0.499999999999999));
#9308=DIRECTION('',(0.0,1.0,0.0));
#9309=SURFACE_STYLE_FILL_AREA(#11482);
#9310=ORIENTED_EDGE('',*,*,#10718,.F.);
#9311=ORIENTED_EDGE('',*,*,#10411,.F.);
#9312=ORIENTED_EDGE('',*,*,#10353,.F.);
#9313=ORIENTED_EDGE('',*,*,#11207,.F.);
#9314=ORIENTED_EDGE('',*,*,#9651,.F.);
#9315=ORIENTED_EDGE('',*,*,#11233,.F.);
#9316=ORIENTED_EDGE('',*,*,#11162,.F.);
#9317=ORIENTED_EDGE('',*,*,#11483,.F.);
#9318=CARTESIAN_POINT('',(0.70866563050523,-2.4880870074951,-0.0448590924417618));
#9319=DIRECTION('',(0.0,-1.0,0.0));
#9320=DIRECTION('',(1.0,0.0,0.0));
#9321=SURFACE_STYLE_FILL_AREA(#11484);
#9322=ORIENTED_EDGE('',*,*,#10061,.F.);
#9323=ORIENTED_EDGE('',*,*,#10685,.F.);
#9324=ORIENTED_EDGE('',*,*,#11463,.F.);
#9325=ORIENTED_EDGE('',*,*,#11251,.T.);
#9326=CARTESIAN_POINT('',(0.795107052130051,-2.212496456314,0.797897533632745));
#9327=DIRECTION('',(0.866025403784439,0.0,-0.499999999999999));
#9328=DIRECTION('',(0.0,1.0,0.0));
#9329=SURFACE_STYLE_FILL_AREA(#11485);
#9330=ORIENTED_EDGE('',*,*,#9750,.F.);
#9331=ORIENTED_EDGE('',*,*,#9938,.T.);
#9332=ORIENTED_EDGE('',*,*,#9734,.F.);
#9333=ORIENTED_EDGE('',*,*,#11446,.T.);
#9334=CARTESIAN_POINT('',(-0.490718395275371,-2.212496456314,0.134297587640115));
#9335=DIRECTION('',(0.86602540378444,0.0,-0.499999999999998));
#9336=DIRECTION('',(0.0,-1.0,0.0));
#9337=SURFACE_STYLE_FILL_AREA(#11486);
#9338=ORIENTED_EDGE('',*,*,#9874,.T.);
#9339=ORIENTED_EDGE('',*,*,#11168,.F.);
#9340=ORIENTED_EDGE('',*,*,#11433,.T.);
#9341=ORIENTED_EDGE('',*,*,#11420,.T.);
#9342=CARTESIAN_POINT('',(-0.186306946158485,-2.212496456314,-0.608056615892346));
#9343=DIRECTION('',(0.866025403784439,0.0,0.499999999999999));
#9344=DIRECTION('',(0.0,-1.0,0.0));
#9345=SURFACE_STYLE_FILL_AREA(#11487);
#9346=ORIENTED_EDGE('',*,*,#10168,.F.);
#9347=ORIENTED_EDGE('',*,*,#9593,.F.);
#9348=ORIENTED_EDGE('',*,*,#11450,.F.);
#9349=ORIENTED_EDGE('',*,*,#10445,.T.);
#9350=CARTESIAN_POINT('',(0.18628415389628,-2.212496456314,0.310027518480687));
#9351=DIRECTION('',(0.86602540378444,-0.0,0.499999999999999));
#9352=DIRECTION('',(0.0,1.0,0.0));
#9353=SURFACE_STYLE_FILL_AREA(#11488);
#9354=ORIENTED_EDGE('',*,*,#10939,.F.);
#9355=ORIENTED_EDGE('',*,*,#10854,.F.);
#9356=ORIENTED_EDGE('',*,*,#10940,.F.);
#9357=ORIENTED_EDGE('',*,*,#10171,.T.);
#9358=ORIENTED_EDGE('',*,*,#10170,.T.);
#9359=CARTESIAN_POINT('',(1.39762925168516,-1.89753582639274,-1.19514522410522));
#9360=DIRECTION('',(-0.0,1.0,0.0));
#9361=DIRECTION('',(1.0,0.0,0.0));
#9362=SURFACE_STYLE_FILL_AREA(#11489);
#9363=ORIENTED_EDGE('',*,*,#10022,.F.);
#9364=ORIENTED_EDGE('',*,*,#9568,.F.);
#9365=ORIENTED_EDGE('',*,*,#11458,.F.);
#9366=ORIENTED_EDGE('',*,*,#11150,.T.);
#9367=CARTESIAN_POINT('',(-0.726938867716316,-2.212496456314,1.32516408629266));
#9368=DIRECTION('',(0.866025403784439,0.0,-0.499999999999999));
#9369=DIRECTION('',(0.0,1.0,0.0));
#9370=SURFACE_STYLE_FILL_AREA(#11490);
#9371=ORIENTED_EDGE('',*,*,#10130,.F.);
#9372=ORIENTED_EDGE('',*,*,#11317,.F.);
#9373=ORIENTED_EDGE('',*,*,#11455,.F.);
#9374=ORIENTED_EDGE('',*,*,#10738,.T.);
#9375=CARTESIAN_POINT('',(-0.726938867716316,-2.212496456314,0.485790006956528));
#9376=DIRECTION('',(0.86602540378444,-0.0,0.499999999999999));
#9377=DIRECTION('',(0.0,1.0,0.0));
#9378=SURFACE_STYLE_FILL_AREA(#11491);
#9379=ORIENTED_EDGE('',*,*,#10156,.F.);
#9380=ORIENTED_EDGE('',*,*,#11346,.F.);
#9381=ORIENTED_EDGE('',*,*,#11452,.F.);
#9382=ORIENTED_EDGE('',*,*,#11117,.T.);
#9383=CARTESIAN_POINT('',(1.21762873746741,-2.212496456314,0.690336478216647));
#9384=DIRECTION('',(-6.12303176911189E-017,-0.0,-1.0));
#9385=DIRECTION('',(0.0,-1.0,0.0));
#9386=SURFACE_STYLE_FILL_AREA(#11492);
#9387=ORIENTED_EDGE('',*,*,#9903,.T.);
#9388=ORIENTED_EDGE('',*,*,#11231,.F.);
#9389=ORIENTED_EDGE('',*,*,#11164,.F.);
#9390=ORIENTED_EDGE('',*,*,#11080,.F.);
#9391=CARTESIAN_POINT('',(0.597400426864622,-2.26935338973999,-0.971745084050395));
#9392=DIRECTION('',(0.0,0.0,1.0));
#9393=DIRECTION('',(1.0,0.0,0.0));
#9394=SURFACE_STYLE_FILL_AREA(#11493);
#9395=ORIENTED_EDGE('',*,*,#11494,.T.);
#9396=ORIENTED_EDGE('',*,*,#11144,.T.);
#9397=ORIENTED_EDGE('',*,*,#11401,.T.);
#9398=ORIENTED_EDGE('',*,*,#10852,.T.);
#9399=CARTESIAN_POINT('',(1.39762925168516,-2.40934729670813,-1.19514522410522));
#9400=DIRECTION('',(-0.0,-1.0,-0.0));
#9401=DIRECTION('',(-1.0,0.0,0.0));
#9402=SURFACE_STYLE_FILL_AREA(#11495);
#9403=ORIENTED_EDGE('',*,*,#10137,.F.);
#9404=ORIENTED_EDGE('',*,*,#11157,.F.);
#9405=ORIENTED_EDGE('',*,*,#11454,.F.);
#9406=ORIENTED_EDGE('',*,*,#9618,.T.);
#9407=CARTESIAN_POINT('',(-0.304417182378957,-2.212496456314,0.241846998188551));
#9408=DIRECTION('',(6.12303176911189E-017,-0.0,1.0));
#9409=DIRECTION('',(0.0,1.0,0.0));
#9410=SURFACE_STYLE_FILL_AREA(#11496);
#9411=ORIENTED_EDGE('',*,*,#10985,.T.);
#9412=ORIENTED_EDGE('',*,*,#9662,.F.);
#9413=ORIENTED_EDGE('',*,*,#11439,.T.);
#9414=ORIENTED_EDGE('',*,*,#9757,.T.);
#9415=CARTESIAN_POINT('',(-1.56694829613525,-2.40147305606843,0.202458807387492));
#9416=DIRECTION('',(-0.707106781186548,-0.707106781186548,0.0));
#9417=DIRECTION('',(0.0,0.0,1.0));
#9418=SURFACE_STYLE_FILL_AREA(#11497);
#9419=ORIENTED_EDGE('',*,*,#9906,.T.);
#9420=ORIENTED_EDGE('',*,*,#11177,.T.);
#9421=ORIENTED_EDGE('',*,*,#10746,.F.);
#9422=ORIENTED_EDGE('',*,*,#11351,.F.);
#9423=CARTESIAN_POINT('',(-0.299207696801484,-0.516857326030731,-0.740502192495652));
#9424=DIRECTION('',(-1.0,0.0,0.0));
#9425=DIRECTION('',(0.0,-1.0,0.0));
#9426=SURFACE_STYLE_FILL_AREA(#11498);
#9427=ORIENTED_EDGE('',*,*,#10016,.F.);
#9428=ORIENTED_EDGE('',*,*,#11499,.F.);
#9429=ORIENTED_EDGE('',*,*,#11449,.F.);
#9430=ORIENTED_EDGE('',*,*,#11322,.T.);
#9431=CARTESIAN_POINT('',(-0.913240080612727,-2.212496456314,0.514618906084262));
#9432=DIRECTION('',(-6.12303176911189E-017,-0.0,-1.0));
#9433=DIRECTION('',(0.0,-1.0,0.0));
#9434=SURFACE_STYLE_FILL_AREA(#11500);
#9435=ORIENTED_EDGE('',*,*,#10015,.F.);
#9436=ORIENTED_EDGE('',*,*,#10509,.F.);
#9437=ORIENTED_EDGE('',*,*,#11448,.F.);
#9438=ORIENTED_EDGE('',*,*,#11499,.T.);
#9439=CARTESIAN_POINT('',(-0.795129844392255,-2.212496456314,0.446427929408321));
#9440=DIRECTION('',(-0.86602540378444,-0.0,-0.499999999999998));
#9441=DIRECTION('',(0.0,-1.0,0.0));
#9442=SURFACE_STYLE_FILL_AREA(#11501);
#9443=ORIENTED_EDGE('',*,*,#9632,.F.);
#9444=ORIENTED_EDGE('',*,*,#9923,.T.);
#9445=ORIENTED_EDGE('',*,*,#10500,.F.);
#9446=ORIENTED_EDGE('',*,*,#11441,.T.);
#9447=CARTESIAN_POINT('',(1.33573897368788,-2.212496456314,0.134324046407817));
#9448=DIRECTION('',(0.86602540378444,0.0,-0.499999999999998));
#9449=DIRECTION('',(0.0,-1.0,0.0));
#9450=SURFACE_STYLE_FILL_AREA(#11502);
#9451=ORIENTED_EDGE('',*,*,#10002,.F.);
#9452=ORIENTED_EDGE('',*,*,#11272,.F.);
#9453=ORIENTED_EDGE('',*,*,#11447,.F.);
#9454=ORIENTED_EDGE('',*,*,#10735,.T.);
#9455=CARTESIAN_POINT('',(-1.09954129350914,-2.212496456314,0.622179961500359));
#9456=DIRECTION('',(-0.86602540378444,-0.0,-0.499999999999998));
#9457=DIRECTION('',(0.0,-1.0,0.0));
#9458=SURFACE_STYLE_FILL_AREA(#11503);
#9459=ORIENTED_EDGE('',*,*,#10158,.F.);
#9460=ORIENTED_EDGE('',*,*,#9630,.F.);
#9461=ORIENTED_EDGE('',*,*,#11451,.F.);
#9462=ORIENTED_EDGE('',*,*,#10757,.T.);
#9463=CARTESIAN_POINT('',(1.21762873746741,-2.212496456314,0.417572571512886));
#9464=DIRECTION('',(6.12303176911189E-017,-0.0,1.0));
#9465=DIRECTION('',(0.0,1.0,0.0));
#9466=SURFACE_STYLE_FILL_AREA(#11504);
#9467=ORIENTED_EDGE('',*,*,#10863,.F.);
#9468=ORIENTED_EDGE('',*,*,#11436,.F.);
#9469=ORIENTED_EDGE('',*,*,#11429,.F.);
#9470=ORIENTED_EDGE('',*,*,#10762,.F.);
#9471=CARTESIAN_POINT('',(1.56691211186348,-2.4014747527311,0.202519995280103));
#9472=DIRECTION('',(-0.707106781188181,0.707106781181646,-2.14968145861198E-006));
#9473=DIRECTION('',(-1.52005433677903E-006,1.52005433677201E-006,0.99999999999769));
#9474=SURFACE_STYLE_FILL_AREA(#11505);
#9475=ORIENTED_EDGE('',*,*,#11483,.T.);
#9476=ORIENTED_EDGE('',*,*,#11165,.F.);
#9477=ORIENTED_EDGE('',*,*,#11230,.T.);
#9478=ORIENTED_EDGE('',*,*,#9652,.F.);
#9479=CARTESIAN_POINT('',(0.366723583549228,-2.48218149568407,-0.397523661954981));
#9480=DIRECTION('',(0.707106781186548,-0.707106781186547,0.0));
#9481=DIRECTION('',(0.0,0.0,-1.0));
#9482=SURFACE_STYLE_FILL_AREA(#11506);
#9483=ORIENTED_EDGE('',*,*,#11057,.T.);
#9484=ORIENTED_EDGE('',*,*,#11467,.F.);
#9485=ORIENTED_EDGE('',*,*,#11437,.T.);
#9486=ORIENTED_EDGE('',*,*,#10864,.F.);
#9487=CARTESIAN_POINT('',(0.985876052682627,-2.40147283426675,1.61417117482937));
#9488=DIRECTION('',(0.182775145693869,-0.707106787487006,0.683076304087904));
#9489=DIRECTION('',(0.965991374170125,-9.43938190905386E-005,-0.258574275825577));
#9490=SURFACE_STYLE_FILL_AREA(#11507);
#9491=ORIENTED_EDGE('',*,*,#11292,.F.);
#9492=ORIENTED_EDGE('',*,*,#11444,.T.);
#9493=ORIENTED_EDGE('',*,*,#10902,.F.);
#9494=ORIENTED_EDGE('',*,*,#9949,.T.);
#9495=CARTESIAN_POINT('',(-5.73326207131686E-006,-2.35029173190455,-1.19514522410522));
#9496=DIRECTION('',(-0.0,0.0,1.0));
#9497=DIRECTION('',(1.0,0.0,0.0));
#9498=SURFACE_STYLE_FILL_AREA(#11508);
#9499=ORIENTED_EDGE('',*,*,#11494,.F.);
#9500=ORIENTED_EDGE('',*,*,#10851,.T.);
#9501=ORIENTED_EDGE('',*,*,#10432,.T.);
#9502=ORIENTED_EDGE('',*,*,#10653,.T.);
#9503=ORIENTED_EDGE('',*,*,#11145,.T.);
#9504=CARTESIAN_POINT('',(1.39762925168516,-2.40934729670813,-1.19514522410522));
#9505=DIRECTION('',(-0.0,-1.0,-0.0));
#9506=DIRECTION('',(-1.0,0.0,0.0));
#9507=SURFACE_STYLE_FILL_AREA(#11509);
#9508=ORIENTED_EDGE('',*,*,#9961,.T.);
#9509=ORIENTED_EDGE('',*,*,#11471,.F.);
#9510=ORIENTED_EDGE('',*,*,#11442,.T.);
#9511=ORIENTED_EDGE('',*,*,#10515,.T.);
#9512=CARTESIAN_POINT('',(1.09951850124694,-2.212496456314,-0.783782189216681));
#9513=DIRECTION('',(-0.86602540378444,0.0,0.499999999999999));
#9514=DIRECTION('',(0.0,1.0,0.0));
#9515=SURFACE_STYLE_FILL_AREA(#11510);
#9516=ORIENTED_EDGE('',*,*,#10035,.F.);
#9517=ORIENTED_EDGE('',*,*,#10450,.F.);
#9518=ORIENTED_EDGE('',*,*,#11459,.F.);
#9519=ORIENTED_EDGE('',*,*,#10227,.T.);
#9520=CARTESIAN_POINT('',(-0.42252741859943,-2.212496456314,0.661534037856618));
#9521=DIRECTION('',(0.86602540378444,-0.0,0.499999999999999));
#9522=DIRECTION('',(0.0,1.0,0.0));
#9523=SURFACE_STYLE_FILL_AREA(#11511);
#9524=ORIENTED_EDGE('',*,*,#10553,.T.);
#9525=ORIENTED_EDGE('',*,*,#9925,.F.);
#9526=ORIENTED_EDGE('',*,*,#10520,.F.);
#9527=ORIENTED_EDGE('',*,*,#11440,.F.);
#9528=CARTESIAN_POINT('',(1.09951850124694,-2.212496456314,0.270649438548581));
#9529=DIRECTION('',(0.866025403784439,0.0,-0.499999999999999));
#9530=DIRECTION('',(0.0,1.0,0.0));
#9531=SURFACE_STYLE_FILL_AREA(#11512);
#9532=ORIENTED_EDGE('',*,*,#9956,.T.);
#9533=ORIENTED_EDGE('',*,*,#10617,.F.);
#9534=ORIENTED_EDGE('',*,*,#11445,.T.);
#9535=ORIENTED_EDGE('',*,*,#11286,.T.);
#9536=CARTESIAN_POINT('',(0.490695603013166,-2.212496456314,-1.13528625340076));
#9537=DIRECTION('',(-0.86602540378444,0.0,0.499999999999999));
#9538=DIRECTION('',(0.0,1.0,0.0));
#9539=SURFACE_STYLE_FILL_AREA(#11513);
#9540=ORIENTED_EDGE('',*,*,#10079,.F.);
#9541=ORIENTED_EDGE('',*,*,#11320,.F.);
#9542=ORIENTED_EDGE('',*,*,#11465,.F.);
#9543=ORIENTED_EDGE('',*,*,#10546,.T.);
#9544=CARTESIAN_POINT('',(0.18628415389628,-2.212496456314,1.50089766080895));
#9545=DIRECTION('',(0.866025403784439,0.0,-0.499999999999999));
#9546=DIRECTION('',(0.0,1.0,0.0));
#9547=SURFACE_STYLE_FILL_AREA(#11514);
#9548=ORIENTED_EDGE('',*,*,#10328,.F.);
#9549=ORIENTED_EDGE('',*,*,#9723,.F.);
#9550=ORIENTED_EDGE('',*,*,#11214,.F.);
#9551=ORIENTED_EDGE('',*,*,#10380,.F.);
#9552=ORIENTED_EDGE('',*,*,#11102,.F.);
#9553=ORIENTED_EDGE('',*,*,#11343,.F.);
#9554=ORIENTED_EDGE('',*,*,#10538,.F.);
#9555=ORIENTED_EDGE('',*,*,#10745,.F.);
#9556=CARTESIAN_POINT('',(0.70866563050523,-2.4880870074951,-0.0448590924417617));
#9557=DIRECTION('',(0.0,-1.0,0.0));
#9558=DIRECTION('',(1.0,0.0,0.0));
#9559=FILL_AREA_STYLE('',(#11515));
#9560=EDGE_CURVE('',#11516,#11517,#11518,.T.);
#9561=EDGE_CURVE('',#11517,#11519,#11520,.T.);
#9562=EDGE_CURVE('',#11521,#11519,#11522,.T.);
#9563=EDGE_CURVE('',#11521,#11516,#11523,.T.);
#9564=FILL_AREA_STYLE('',(#11524));
#9565=EDGE_CURVE('',#11525,#11526,#11527,.T.);
#9566=EDGE_CURVE('',#11528,#11525,#11529,.T.);
#9567=EDGE_CURVE('',#11530,#11528,#11531,.T.);
#9568=EDGE_CURVE('',#11530,#11526,#11532,.T.);
#9569=FILL_AREA_STYLE('',(#11533));
#9570=EDGE_CURVE('',#11534,#11535,#11536,.T.);
#9571=EDGE_CURVE('',#11537,#11535,#11538,.F.);
#9572=EDGE_CURVE('',#11539,#11537,#11540,.T.);
#9573=EDGE_CURVE('',#11534,#11539,#11541,.T.);
#9574=FILL_AREA_STYLE('',(#11542));
#9575=EDGE_CURVE('',#11543,#11544,#11545,.T.);
#9576=EDGE_CURVE('',#11543,#11546,#11547,.T.);
#9577=EDGE_CURVE('',#11548,#11546,#11549,.T.);
#9578=EDGE_CURVE('',#11544,#11548,#11550,.T.);
#9579=FILL_AREA_STYLE('',(#11551));
#9580=EDGE_CURVE('',#11552,#11553,#11554,.T.);
#9581=EDGE_CURVE('',#11555,#11552,#11556,.T.);
#9582=EDGE_CURVE('',#11557,#11555,#11558,.T.);
#9583=EDGE_CURVE('',#11557,#11553,#11559,.T.);
#9584=FILL_AREA_STYLE('',(#11560));
#9585=EDGE_CURVE('',#11561,#11562,#11563,.T.);
#9586=EDGE_CURVE('',#11564,#11561,#11565,.T.);
#9587=EDGE_CURVE('',#11566,#11564,#11567,.T.);
#9588=EDGE_CURVE('',#11566,#11562,#11568,.T.);
#9589=FILL_AREA_STYLE('',(#11569));
#9590=EDGE_CURVE('',#11570,#11571,#11572,.T.);
#9591=EDGE_CURVE('',#11573,#11570,#11574,.T.);
#9592=EDGE_CURVE('',#11575,#11573,#11576,.T.);
#9593=EDGE_CURVE('',#11575,#11571,#11577,.T.);
#9594=FILL_AREA_STYLE('',(#11578));
#9595=EDGE_CURVE('',#11579,#11580,#11581,.F.);
#9596=EDGE_CURVE('',#11579,#11582,#11583,.T.);
#9597=EDGE_CURVE('',#11582,#11584,#11585,.T.);
#9598=EDGE_CURVE('',#11586,#11584,#11587,.F.);
#9599=EDGE_CURVE('',#11586,#11580,#11588,.F.);
#9600=FILL_AREA_STYLE('',(#11589));
#9601=EDGE_CURVE('',#11590,#11591,#11592,.T.);
#9602=EDGE_CURVE('',#11593,#11590,#11594,.T.);
#9603=EDGE_CURVE('',#11595,#11593,#11596,.T.);
#9604=EDGE_CURVE('',#11595,#11591,#11597,.T.);
#9605=FILL_AREA_STYLE('',(#11598));
#9606=EDGE_CURVE('',#11599,#11600,#11601,.T.);
#9607=EDGE_CURVE('',#11600,#11602,#11603,.T.);
#9608=EDGE_CURVE('',#11602,#11604,#11605,.T.);
#9609=EDGE_CURVE('',#11604,#11606,#11607,.T.);
#9610=EDGE_CURVE('',#11606,#11599,#11608,.T.);
#9611=FILL_AREA_STYLE('',(#11609));
#9612=EDGE_CURVE('',#11610,#11611,#11612,.T.);
#9613=EDGE_CURVE('',#11582,#11611,#11613,.T.);
#9614=EDGE_CURVE('',#11614,#11579,#11615,.T.);
#9615=EDGE_CURVE('',#11610,#11614,#11616,.T.);
#9616=FILL_AREA_STYLE('',(#11617));
#9617=EDGE_CURVE('',#11618,#11619,#11620,.T.);
#9618=EDGE_CURVE('',#11621,#11618,#11622,.T.);
#9619=EDGE_CURVE('',#11623,#11621,#11624,.T.);
#9620=EDGE_CURVE('',#11623,#11619,#11625,.T.);
#9621=FILL_AREA_STYLE('',(#11626));
#9622=EDGE_CURVE('',#11627,#11628,#11629,.T.);
#9623=EDGE_CURVE('',#11628,#11630,#11631,.T.);
#9624=EDGE_CURVE('',#11630,#11632,#11633,.T.);
#9625=EDGE_CURVE('',#11632,#11627,#11634,.T.);
#9626=FILL_AREA_STYLE('',(#11635));
#9627=EDGE_CURVE('',#11636,#11637,#11638,.T.);
#9628=EDGE_CURVE('',#11639,#11636,#11640,.T.);
#9629=EDGE_CURVE('',#11641,#11639,#11642,.T.);
#9630=EDGE_CURVE('',#11641,#11637,#11643,.T.);
#9631=FILL_AREA_STYLE('',(#11644));
#9632=EDGE_CURVE('',#11645,#11646,#11647,.T.);
#9633=EDGE_CURVE('',#11648,#11646,#11649,.T.);
#9634=EDGE_CURVE('',#11648,#11650,#11651,.T.);
#9635=EDGE_CURVE('',#11645,#11650,#11652,.T.);
#9636=FILL_AREA_STYLE('',(#11653));
#9637=EDGE_CURVE('',#11654,#11655,#11656,.T.);
#9638=EDGE_CURVE('',#11657,#11655,#11658,.T.);
#9639=EDGE_CURVE('',#11657,#11659,#11660,.T.);
#9640=EDGE_CURVE('',#11659,#11654,#11661,.T.);
#9641=FILL_AREA_STYLE('',(#11662));
#9642=EDGE_CURVE('',#11663,#11664,#11665,.T.);
#9643=EDGE_CURVE('',#11666,#11663,#11667,.T.);
#9644=EDGE_CURVE('',#11668,#11666,#11669,.T.);
#9645=EDGE_CURVE('',#11584,#11668,#11670,.T.);
#9646=EDGE_CURVE('',#11611,#11671,#11672,.T.);
#9647=EDGE_CURVE('',#11664,#11671,#11673,.T.);
#9648=EDGE_CURVE('',#11674,#11675,#11676,.T.);
#9649=EDGE_CURVE('',#11675,#11674,#11677,.T.);
#9650=FILL_AREA_STYLE('',(#11678));
#9651=EDGE_CURVE('',#11679,#11680,#11681,.T.);
#9652=EDGE_CURVE('',#11680,#11682,#11683,.T.);
#9653=EDGE_CURVE('',#11682,#11684,#11685,.T.);
#9654=EDGE_CURVE('',#11684,#11679,#11686,.T.);
#9655=FILL_AREA_STYLE('',(#11687));
#9656=EDGE_CURVE('',#11688,#11689,#11690,.T.);
#9657=EDGE_CURVE('',#11689,#11691,#11692,.F.);
#9658=EDGE_CURVE('',#11691,#11693,#11694,.T.);
#9659=EDGE_CURVE('',#11688,#11693,#11695,.T.);
#9660=FILL_AREA_STYLE('',(#11696));
#9661=EDGE_CURVE('',#11697,#11698,#11699,.T.);
#9662=EDGE_CURVE('',#11697,#11700,#11701,.T.);
#9663=EDGE_CURVE('',#11702,#11700,#11703,.F.);
#9664=EDGE_CURVE('',#11698,#11702,#11704,.T.);
#9665=FILL_AREA_STYLE('',(#11705));
#9666=EDGE_CURVE('',#11706,#11707,#11708,.T.);
#9667=EDGE_CURVE('',#11707,#11709,#11710,.T.);
#9668=EDGE_CURVE('',#11709,#11711,#11712,.T.);
#9669=EDGE_CURVE('',#11711,#11706,#11713,.T.);
#9670=FILL_AREA_STYLE('',(#11714));
#9671=EDGE_CURVE('',#11715,#11716,#11717,.T.);
#9672=EDGE_CURVE('',#11716,#11718,#11719,.T.);
#9673=EDGE_CURVE('',#11718,#11720,#11721,.T.);
#9674=EDGE_CURVE('',#11720,#11715,#11722,.T.);
#9675=FILL_AREA_STYLE('',(#11723));
#9676=EDGE_CURVE('',#11724,#11725,#11726,.T.);
#9677=EDGE_CURVE('',#11727,#11724,#11728,.T.);
#9678=EDGE_CURVE('',#11729,#11727,#11730,.T.);
#9679=EDGE_CURVE('',#11729,#11725,#11731,.T.);
#9680=FILL_AREA_STYLE('',(#11732));
#9681=EDGE_CURVE('',#11733,#11606,#11734,.T.);
#9682=EDGE_CURVE('',#11735,#11733,#11736,.T.);
#9683=EDGE_CURVE('',#11737,#11735,#11738,.T.);
#9684=EDGE_CURVE('',#11739,#11737,#11740,.T.);
#9685=EDGE_CURVE('',#11599,#11739,#11741,.T.);
#9686=EDGE_CURVE('',#11742,#11743,#11744,.T.);
#9687=EDGE_CURVE('',#11745,#11742,#11746,.T.);
#9688=EDGE_CURVE('',#11747,#11745,#11748,.T.);
#9689=EDGE_CURVE('',#11749,#11747,#11750,.T.);
#9690=EDGE_CURVE('',#11751,#11749,#11752,.T.);
#9691=EDGE_CURVE('',#11743,#11751,#11753,.T.);
#9692=FILL_AREA_STYLE('',(#11754));
#9693=EDGE_CURVE('',#11755,#11756,#11757,.T.);
#9694=EDGE_CURVE('',#11758,#11756,#11759,.T.);
#9695=EDGE_CURVE('',#11758,#11760,#11761,.T.);
#9696=EDGE_CURVE('',#11760,#11755,#11762,.T.);
#9697=FILL_AREA_STYLE('',(#11763));
#9698=EDGE_CURVE('',#11764,#11765,#11766,.T.);
#9699=EDGE_CURVE('',#11765,#11767,#11768,.T.);
#9700=EDGE_CURVE('',#11767,#11769,#11770,.T.);
#9701=EDGE_CURVE('',#11769,#11764,#11771,.T.);
#9702=FILL_AREA_STYLE('',(#11772));
#9703=EDGE_CURVE('',#11773,#11774,#11775,.T.);
#9704=EDGE_CURVE('',#11776,#11774,#11777,.T.);
#9705=EDGE_CURVE('',#11776,#11778,#11779,.T.);
#9706=EDGE_CURVE('',#11773,#11778,#11780,.T.);
#9707=FILL_AREA_STYLE('',(#11781));
#9708=EDGE_CURVE('',#11782,#11783,#11784,.T.);
#9709=EDGE_CURVE('',#11785,#11782,#11786,.T.);
#9710=EDGE_CURVE('',#11787,#11785,#11788,.T.);
#9711=EDGE_CURVE('',#11787,#11783,#11789,.T.);
#9712=FILL_AREA_STYLE('',(#11790));
#9713=EDGE_CURVE('',#11791,#11792,#11793,.T.);
#9714=EDGE_CURVE('',#11794,#11792,#11795,.T.);
#9715=EDGE_CURVE('',#11796,#11794,#11797,.T.);
#9716=EDGE_CURVE('',#11798,#11796,#11799,.T.);
#9717=EDGE_CURVE('',#11791,#11798,#11800,.T.);
#9718=FILL_AREA_STYLE('',(#11801));
#9719=EDGE_CURVE('',#11802,#11803,#11804,.T.);
#9720=EDGE_CURVE('',#11803,#11805,#11806,.T.);
#9721=EDGE_CURVE('',#11805,#11807,#11808,.T.);
#9722=EDGE_CURVE('',#11809,#11807,#11810,.F.);
#9723=EDGE_CURVE('',#11809,#11811,#11812,.T.);
#9724=EDGE_CURVE('',#11802,#11811,#11813,.F.);
#9725=FILL_AREA_STYLE('',(#11814));
#9726=EDGE_CURVE('',#11815,#11816,#11817,.T.);
#9727=EDGE_CURVE('',#11818,#11815,#11819,.T.);
#9728=EDGE_CURVE('',#11820,#11818,#11821,.T.);
#9729=EDGE_CURVE('',#11820,#11816,#11822,.T.);
#9730=FILL_AREA_STYLE('',(#11823));
#9731=EDGE_CURVE('',#11824,#11825,#11826,.T.);
#9732=EDGE_CURVE('',#11827,#11825,#11828,.T.);
#9733=EDGE_CURVE('',#11827,#11829,#11830,.T.);
#9734=EDGE_CURVE('',#11829,#11824,#11831,.T.);
#9735=FILL_AREA_STYLE('',(#11832));
#9736=EDGE_CURVE('',#11833,#11834,#11835,.T.);
#9737=EDGE_CURVE('',#11836,#11834,#11837,.T.);
#9738=EDGE_CURVE('',#11836,#11838,#11839,.T.);
#9739=EDGE_CURVE('',#11838,#11833,#11840,.T.);
#9740=FILL_AREA_STYLE('',(#11841));
#9741=EDGE_CURVE('',#11842,#11561,#11843,.T.);
#9742=EDGE_CURVE('',#11844,#11842,#11845,.T.);
#9743=EDGE_CURVE('',#11564,#11844,#11846,.T.);
#9744=FILL_AREA_STYLE('',(#11847));
#9745=EDGE_CURVE('',#11848,#11849,#11850,.T.);
#9746=EDGE_CURVE('',#11851,#11848,#11852,.T.);
#9747=EDGE_CURVE('',#11853,#11851,#11854,.T.);
#9748=EDGE_CURVE('',#11853,#11849,#11855,.T.);
#9749=FILL_AREA_STYLE('',(#11856));
#9750=EDGE_CURVE('',#11857,#11858,#11859,.T.);
#9751=EDGE_CURVE('',#11860,#11858,#11861,.T.);
#9752=EDGE_CURVE('',#11860,#11862,#11863,.T.);
#9753=EDGE_CURVE('',#11857,#11862,#11864,.T.);
#9754=FILL_AREA_STYLE('',(#11865));
#9755=EDGE_CURVE('',#11866,#11867,#11868,.T.);
#9756=EDGE_CURVE('',#11867,#11579,#11869,.T.);
#9757=EDGE_CURVE('',#11866,#11580,#11870,.T.);
#9758=FILL_AREA_STYLE('',(#11871));
#9759=EDGE_CURVE('',#11872,#11873,#11874,.T.);
#9760=EDGE_CURVE('',#11875,#11872,#11876,.T.);
#9761=EDGE_CURVE('',#11877,#11875,#11878,.T.);
#9762=EDGE_CURVE('',#11877,#11873,#11879,.T.);
#9763=FILL_AREA_STYLE('',(#11880));
#9764=EDGE_CURVE('',#11881,#11882,#11883,.T.);
#9765=EDGE_CURVE('',#11884,#11881,#11885,.T.);
#9766=EDGE_CURVE('',#11886,#11884,#11887,.T.);
#9767=EDGE_CURVE('',#11886,#11882,#11888,.T.);
#9768=FILL_AREA_STYLE('',(#11889));
#9769=EDGE_CURVE('',#11890,#11891,#11892,.T.);
#9770=EDGE_CURVE('',#11893,#11891,#11894,.T.);
#9771=EDGE_CURVE('',#11893,#11895,#11896,.T.);
#9772=EDGE_CURVE('',#11890,#11895,#11897,.T.);
#9773=FILL_AREA_STYLE('',(#11898));
#9774=EDGE_CURVE('',#11899,#11602,#11900,.T.);
#9775=EDGE_CURVE('',#11901,#11600,#11902,.T.);
#9776=EDGE_CURVE('',#11901,#11903,#11904,.T.);
#9777=EDGE_CURVE('',#11903,#11905,#11906,.T.);
#9778=EDGE_CURVE('',#11907,#11905,#11908,.T.);
#9779=EDGE_CURVE('',#11909,#11907,#11910,.T.);
#9780=EDGE_CURVE('',#11911,#11909,#11912,.T.);
#9781=EDGE_CURVE('',#11911,#11913,#11914,.T.);
#9782=EDGE_CURVE('',#11915,#11913,#11916,.T.);
#9783=EDGE_CURVE('',#11899,#11915,#11917,.T.);
#9784=FILL_AREA_STYLE('',(#11918));
#9785=EDGE_CURVE('',#11919,#11920,#11921,.T.);
#9786=EDGE_CURVE('',#11922,#11919,#11923,.T.);
#9787=EDGE_CURVE('',#11924,#11922,#11925,.T.);
#9788=EDGE_CURVE('',#11920,#11924,#11926,.T.);
#9789=EDGE_CURVE('',#11764,#11927,#11928,.T.);
#9790=EDGE_CURVE('',#11929,#11769,#11930,.T.);
#9791=EDGE_CURVE('',#11931,#11929,#11932,.T.);
#9792=EDGE_CURVE('',#11927,#11931,#11933,.T.);
#9793=EDGE_CURVE('',#11934,#11935,#11936,.T.);
#9794=EDGE_CURVE('',#11937,#11934,#11938,.T.);
#9795=EDGE_CURVE('',#11939,#11937,#11940,.T.);
#9796=EDGE_CURVE('',#11834,#11939,#11941,.T.);
#9797=EDGE_CURVE('',#11942,#11833,#11943,.T.);
#9798=EDGE_CURVE('',#11935,#11942,#11944,.T.);
#9799=EDGE_CURVE('',#11945,#11946,#11947,.T.);
#9800=EDGE_CURVE('',#11948,#11945,#11949,.T.);
#9801=EDGE_CURVE('',#11950,#11948,#11951,.T.);
#9802=EDGE_CURVE('',#11952,#11950,#11953,.T.);
#9803=EDGE_CURVE('',#11954,#11952,#11955,.T.);
#9804=EDGE_CURVE('',#11956,#11954,#11957,.T.);
#9805=EDGE_CURVE('',#11946,#11956,#11958,.T.);
#9806=EDGE_CURVE('',#11959,#11960,#11961,.T.);
#9807=EDGE_CURVE('',#11756,#11959,#11962,.T.);
#9808=EDGE_CURVE('',#11963,#11755,#11964,.T.);
#9809=EDGE_CURVE('',#11965,#11963,#11966,.T.);
#9810=EDGE_CURVE('',#11960,#11965,#11967,.T.);
#9811=EDGE_CURVE('',#11968,#11969,#11970,.T.);
#9812=EDGE_CURVE('',#11971,#11968,#11972,.T.);
#9813=EDGE_CURVE('',#11973,#11971,#11974,.T.);
#9814=EDGE_CURVE('',#11975,#11973,#11976,.T.);
#9815=EDGE_CURVE('',#11977,#11975,#11978,.T.);
#9816=EDGE_CURVE('',#11979,#11977,#11980,.T.);
#9817=EDGE_CURVE('',#11969,#11979,#11981,.T.);
#9818=EDGE_CURVE('',#11706,#11982,#11983,.T.);
#9819=EDGE_CURVE('',#11984,#11711,#11985,.T.);
#9820=EDGE_CURVE('',#11986,#11984,#11987,.T.);
#9821=EDGE_CURVE('',#11988,#11986,#11989,.T.);
#9822=EDGE_CURVE('',#11990,#11988,#11991,.T.);
#9823=EDGE_CURVE('',#11982,#11990,#11992,.T.);
#9824=EDGE_CURVE('',#11993,#11994,#11995,.T.);
#9825=EDGE_CURVE('',#11996,#11993,#11997,.T.);
#9826=EDGE_CURVE('',#11998,#11996,#11999,.T.);
#9827=EDGE_CURVE('',#12000,#11998,#12001,.T.);
#9828=EDGE_CURVE('',#11994,#12000,#12002,.T.);
#9829=EDGE_CURVE('',#12003,#12004,#12005,.T.);
#9830=EDGE_CURVE('',#12006,#12003,#12007,.T.);
#9831=EDGE_CURVE('',#12008,#12006,#12009,.T.);
#9832=EDGE_CURVE('',#12010,#12008,#12011,.T.);
#9833=EDGE_CURVE('',#12012,#12010,#12013,.T.);
#9834=EDGE_CURVE('',#12004,#12012,#12014,.T.);
#9835=EDGE_CURVE('',#12015,#12016,#12017,.T.);
#9836=EDGE_CURVE('',#12018,#12015,#12019,.T.);
#9837=EDGE_CURVE('',#12020,#12018,#12021,.T.);
#9838=EDGE_CURVE('',#12022,#12020,#12023,.T.);
#9839=EDGE_CURVE('',#12024,#12022,#12025,.T.);
#9840=EDGE_CURVE('',#12016,#12024,#12026,.T.);
#9841=EDGE_CURVE('',#12027,#12028,#12029,.T.);
#9842=EDGE_CURVE('',#12030,#12027,#12031,.T.);
#9843=EDGE_CURVE('',#12032,#12030,#12033,.T.);
#9844=EDGE_CURVE('',#12028,#12032,#12034,.T.);
#9845=EDGE_CURVE('',#12035,#11903,#12036,.T.);
#9846=EDGE_CURVE('',#12037,#12035,#12038,.T.);
#9847=EDGE_CURVE('',#12039,#12037,#12040,.T.);
#9848=EDGE_CURVE('',#12041,#12039,#12042,.T.);
#9849=EDGE_CURVE('',#12043,#12041,#12044,.T.);
#9850=EDGE_CURVE('',#11905,#12043,#12045,.T.);
#9851=EDGE_CURVE('',#11715,#12046,#12047,.T.);
#9852=EDGE_CURVE('',#12048,#11720,#12049,.T.);
#9853=EDGE_CURVE('',#12050,#12048,#12051,.T.);
#9854=EDGE_CURVE('',#12052,#12050,#12053,.T.);
#9855=EDGE_CURVE('',#12046,#12052,#12054,.T.);
#9856=EDGE_CURVE('',#12055,#11911,#12056,.T.);
#9857=EDGE_CURVE('',#12057,#12055,#12058,.T.);
#9858=EDGE_CURVE('',#12059,#12057,#12060,.T.);
#9859=EDGE_CURVE('',#11913,#12059,#12061,.T.);
#9860=EDGE_CURVE('',#12062,#12063,#12064,.T.);
#9861=EDGE_CURVE('',#12065,#12062,#12066,.T.);
#9862=EDGE_CURVE('',#12067,#12065,#12068,.T.);
#9863=EDGE_CURVE('',#12063,#12067,#12069,.T.);
#9864=EDGE_CURVE('',#12070,#12071,#12072,.T.);
#9865=EDGE_CURVE('',#12073,#12070,#12074,.T.);
#9866=EDGE_CURVE('',#12075,#12073,#12076,.T.);
#9867=EDGE_CURVE('',#12077,#12075,#12078,.T.);
#9868=EDGE_CURVE('',#12079,#12077,#12080,.T.);
#9869=EDGE_CURVE('',#12081,#12079,#12082,.T.);
#9870=EDGE_CURVE('',#12071,#12081,#12083,.T.);
#9871=EDGE_CURVE('',#12084,#12085,#12086,.T.);
#9872=EDGE_CURVE('',#12087,#12084,#12088,.T.);
#9873=EDGE_CURVE('',#12089,#12087,#12090,.T.);
#9874=EDGE_CURVE('',#12091,#12089,#12092,.T.);
#9875=EDGE_CURVE('',#12085,#12091,#12093,.T.);
#9876=EDGE_CURVE('',#12094,#12095,#12096,.T.);
#9877=EDGE_CURVE('',#12097,#12094,#12098,.T.);
#9878=EDGE_CURVE('',#12099,#12097,#12100,.T.);
#9879=EDGE_CURVE('',#12095,#12099,#12101,.T.);
#9880=EDGE_CURVE('',#11627,#12102,#12103,.T.);
#9881=EDGE_CURVE('',#12104,#11632,#12105,.T.);
#9882=EDGE_CURVE('',#12106,#12104,#12107,.T.);
#9883=EDGE_CURVE('',#12108,#12106,#12109,.T.);
#9884=EDGE_CURVE('',#12110,#12108,#12111,.T.);
#9885=EDGE_CURVE('',#12102,#12110,#12112,.T.);
#9886=EDGE_CURVE('',#12113,#12114,#12115,.T.);
#9887=EDGE_CURVE('',#12116,#12113,#12117,.T.);
#9888=EDGE_CURVE('',#12118,#12116,#12119,.T.);
#9889=EDGE_CURVE('',#12114,#12118,#12120,.T.);
#9890=EDGE_CURVE('',#12121,#11517,#12122,.T.);
#9891=EDGE_CURVE('',#12123,#12121,#12124,.T.);
#9892=EDGE_CURVE('',#12125,#12123,#12126,.T.);
#9893=EDGE_CURVE('',#11519,#12125,#12127,.T.);
#9894=EDGE_CURVE('',#12128,#12129,#12130,.T.);
#9895=EDGE_CURVE('',#12131,#12128,#12132,.T.);
#9896=EDGE_CURVE('',#12133,#12131,#12134,.T.);
#9897=EDGE_CURVE('',#12135,#12133,#12136,.T.);
#9898=EDGE_CURVE('',#12137,#12135,#12138,.T.);
#9899=EDGE_CURVE('',#12129,#12137,#12139,.T.);
#9900=EDGE_CURVE('',#12140,#12141,#12142,.T.);
#9901=EDGE_CURVE('',#12143,#12140,#12144,.T.);
#9902=EDGE_CURVE('',#12145,#12143,#12146,.T.);
#9903=EDGE_CURVE('',#12141,#12145,#12147,.T.);
#9904=EDGE_CURVE('',#12148,#12149,#12150,.T.);
#9905=EDGE_CURVE('',#12151,#12148,#12152,.T.);
#9906=EDGE_CURVE('',#12153,#12151,#12154,.T.);
#9907=EDGE_CURVE('',#12149,#12153,#12155,.T.);
#9908=EDGE_CURVE('',#12156,#12157,#12158,.F.);
#9909=EDGE_CURVE('',#12157,#12159,#12160,.F.);
#9910=EDGE_CURVE('',#12159,#12156,#12161,.F.);
#9911=EDGE_CURVE('',#12162,#12163,#12164,.F.);
#9912=EDGE_CURVE('',#12165,#12163,#12166,.F.);
#9913=EDGE_CURVE('',#12167,#12165,#12168,.F.);
#9914=EDGE_CURVE('',#12169,#12167,#12170,.T.);
#9915=EDGE_CURVE('',#12169,#12171,#12172,.F.);
#9916=EDGE_CURVE('',#12171,#12173,#12174,.F.);
#9917=EDGE_CURVE('',#12175,#12173,#12176,.F.);
#9918=EDGE_CURVE('',#12175,#12177,#12178,.F.);
#9919=EDGE_CURVE('',#12177,#12179,#12180,.F.);
#9920=EDGE_CURVE('',#12179,#12181,#12182,.F.);
#9921=EDGE_CURVE('',#12183,#12181,#12184,.F.);
#9922=EDGE_CURVE('',#12162,#12183,#12185,.F.);
#9923=EDGE_CURVE('',#11645,#12186,#12187,.T.);
#9924=EDGE_CURVE('',#11650,#12188,#12189,.T.);
#9925=EDGE_CURVE('',#12188,#12190,#12191,.T.);
#9926=EDGE_CURVE('',#12192,#12190,#12193,.T.);
#9927=EDGE_CURVE('',#12186,#12192,#12194,.T.);
#9928=EDGE_CURVE('',#11890,#12195,#12196,.T.);
#9929=EDGE_CURVE('',#11895,#12197,#12198,.T.);
#9930=EDGE_CURVE('',#12197,#12199,#12200,.T.);
#9931=EDGE_CURVE('',#12201,#12199,#12202,.T.);
#9932=EDGE_CURVE('',#12195,#12201,#12203,.T.);
#9933=EDGE_CURVE('',#12204,#12205,#12206,.T.);
#9934=EDGE_CURVE('',#12204,#11724,#12207,.T.);
#9935=EDGE_CURVE('',#11725,#12208,#12209,.T.);
#9936=EDGE_CURVE('',#12210,#12208,#12211,.T.);
#9937=EDGE_CURVE('',#12205,#12210,#12212,.T.);
#9938=EDGE_CURVE('',#11857,#11824,#12213,.T.);
#9939=EDGE_CURVE('',#11862,#12214,#12215,.T.);
#9940=EDGE_CURVE('',#12214,#12216,#12217,.T.);
#9941=EDGE_CURVE('',#11825,#12216,#12218,.T.);
#9942=EDGE_CURVE('',#12219,#12220,#12221,.T.);
#9943=EDGE_CURVE('',#12222,#12219,#12223,.T.);
#9944=EDGE_CURVE('',#12224,#12222,#12225,.T.);
#9945=EDGE_CURVE('',#12226,#12224,#12227,.T.);
#9946=EDGE_CURVE('',#12228,#12226,#12229,.T.);
#9947=EDGE_CURVE('',#12230,#12228,#12231,.T.);
#9948=EDGE_CURVE('',#12220,#12230,#12232,.T.);
#9949=EDGE_CURVE('',#12233,#12234,#12235,.T.);
#9950=EDGE_CURVE('',#12236,#12233,#12237,.T.);
#9951=EDGE_CURVE('',#12238,#12236,#12239,.T.);
#9952=EDGE_CURVE('',#12234,#12238,#12240,.T.);
#9953=EDGE_CURVE('',#12241,#12242,#12243,.T.);
#9954=EDGE_CURVE('',#12244,#12241,#12245,.T.);
#9955=EDGE_CURVE('',#12246,#12244,#12247,.T.);
#9956=EDGE_CURVE('',#12242,#12246,#12248,.T.);
#9957=EDGE_CURVE('',#11691,#11689,#12249,.F.);
#9958=EDGE_CURVE('',#12250,#12251,#12252,.T.);
#9959=EDGE_CURVE('',#12253,#12250,#12254,.T.);
#9960=EDGE_CURVE('',#12255,#12253,#12256,.T.);
#9961=EDGE_CURVE('',#12257,#12255,#12258,.T.);
#9962=EDGE_CURVE('',#12259,#12257,#12260,.T.);
#9963=EDGE_CURVE('',#12261,#12259,#12262,.T.);
#9964=EDGE_CURVE('',#12251,#12261,#12263,.T.);
#9965=EDGE_CURVE('',#12264,#12265,#12266,.T.);
#9966=EDGE_CURVE('',#12267,#12264,#12268,.T.);
#9967=EDGE_CURVE('',#12269,#12267,#12270,.T.);
#9968=EDGE_CURVE('',#12271,#12269,#12272,.T.);
#9969=EDGE_CURVE('',#12273,#12271,#12274,.T.);
#9970=EDGE_CURVE('',#12275,#12273,#12276,.T.);
#9971=EDGE_CURVE('',#12265,#12275,#12277,.T.);
#9972=EDGE_CURVE('',#12278,#12279,#12280,.T.);
#9973=EDGE_CURVE('',#12281,#12278,#12282,.T.);
#9974=EDGE_CURVE('',#12283,#12281,#12284,.T.);
#9975=EDGE_CURVE('',#12285,#12283,#12286,.T.);
#9976=EDGE_CURVE('',#12287,#12285,#12288,.T.);
#9977=EDGE_CURVE('',#12279,#12287,#12289,.T.);
#9978=EDGE_CURVE('',#12290,#11654,#12291,.T.);
#9979=EDGE_CURVE('',#12292,#12290,#12293,.T.);
#9980=EDGE_CURVE('',#12292,#12294,#12295,.T.);
#9981=EDGE_CURVE('',#12294,#12296,#12297,.T.);
#9982=EDGE_CURVE('',#12296,#11655,#12298,.T.);
#9983=EDGE_CURVE('',#12299,#11548,#12300,.T.);
#9984=EDGE_CURVE('',#11546,#12301,#12302,.T.);
#9985=EDGE_CURVE('',#12301,#12303,#12304,.T.);
#9986=EDGE_CURVE('',#12303,#12305,#12306,.T.);
#9987=EDGE_CURVE('',#12305,#12307,#12308,.T.);
#9988=EDGE_CURVE('',#12307,#12299,#12309,.T.);
#9989=EDGE_CURVE('',#11774,#12310,#12311,.T.);
#9990=EDGE_CURVE('',#12310,#12312,#12313,.T.);
#9991=EDGE_CURVE('',#12312,#11776,#12314,.T.);
#9992=EDGE_CURVE('',#12315,#12316,#12317,.T.);
#9993=EDGE_CURVE('',#12316,#12318,#12319,.T.);
#9994=EDGE_CURVE('',#12318,#12320,#12321,.T.);
#9995=EDGE_CURVE('',#12320,#12315,#12322,.T.);
#9996=EDGE_CURVE('',#12323,#12324,#12325,.T.);
#9997=EDGE_CURVE('',#12324,#12326,#12327,.T.);
#9998=EDGE_CURVE('',#12326,#12328,#12329,.T.);
#9999=EDGE_CURVE('',#12328,#12323,#12330,.T.);
#10000=EDGE_CURVE('',#12331,#12332,#12333,.F.);
#10001=EDGE_CURVE('',#12332,#12331,#12334,.F.);
#10002=EDGE_CURVE('',#12335,#12336,#12337,.T.);
#10003=EDGE_CURVE('',#12336,#12338,#12339,.T.);
#10004=EDGE_CURVE('',#12338,#12340,#12341,.T.);
#10005=EDGE_CURVE('',#12340,#12342,#12343,.T.);
#10006=EDGE_CURVE('',#12342,#12344,#12345,.T.);
#10007=EDGE_CURVE('',#12344,#12335,#12346,.T.);
#10008=EDGE_CURVE('',#12347,#12348,#12349,.T.);
#10009=EDGE_CURVE('',#12348,#12350,#12351,.T.);
#10010=EDGE_CURVE('',#12350,#12352,#12353,.T.);
#10011=EDGE_CURVE('',#12352,#12354,#12355,.T.);
#10012=EDGE_CURVE('',#12354,#12356,#12357,.T.);
#10013=EDGE_CURVE('',#12356,#12358,#12359,.T.);
#10014=EDGE_CURVE('',#12358,#12347,#12360,.T.);
#10015=EDGE_CURVE('',#12361,#12362,#12363,.T.);
#10016=EDGE_CURVE('',#12362,#12364,#12365,.T.);
#10017=EDGE_CURVE('',#12364,#12366,#12367,.T.);
#10018=EDGE_CURVE('',#12366,#12368,#12369,.T.);
#10019=EDGE_CURVE('',#12368,#12370,#12371,.T.);
#10020=EDGE_CURVE('',#12370,#12361,#12372,.T.);
#10021=EDGE_CURVE('',#12373,#11525,#12374,.T.);
#10022=EDGE_CURVE('',#11526,#12375,#12376,.T.);
#10023=EDGE_CURVE('',#12375,#12377,#12378,.T.);
#10024=EDGE_CURVE('',#12377,#12379,#12380,.T.);
#10025=EDGE_CURVE('',#12379,#12373,#12381,.T.);
#10026=EDGE_CURVE('',#12382,#12383,#12384,.T.);
#10027=EDGE_CURVE('',#12383,#12385,#12386,.T.);
#10028=EDGE_CURVE('',#12385,#12387,#12388,.T.);
#10029=EDGE_CURVE('',#12387,#12389,#12390,.T.);
#10030=EDGE_CURVE('',#12389,#12391,#12392,.T.);
#10031=EDGE_CURVE('',#12391,#12382,#12393,.T.);
#10032=EDGE_CURVE('',#12394,#12395,#12396,.T.);
#10033=EDGE_CURVE('',#12395,#12397,#12398,.T.);
#10034=EDGE_CURVE('',#12397,#12399,#12400,.T.);
#10035=EDGE_CURVE('',#12399,#12401,#12402,.T.);
#10036=EDGE_CURVE('',#12401,#12403,#12404,.T.);
#10037=EDGE_CURVE('',#12403,#12394,#12405,.T.);
#10038=EDGE_CURVE('',#12406,#12407,#12408,.T.);
#10039=EDGE_CURVE('',#12407,#12409,#12410,.T.);
#10040=EDGE_CURVE('',#12409,#12411,#12412,.T.);
#10041=EDGE_CURVE('',#12411,#11552,#12413,.T.);
#10042=EDGE_CURVE('',#11553,#12406,#12414,.T.);
#10043=EDGE_CURVE('',#12415,#12416,#12417,.T.);
#10044=EDGE_CURVE('',#12416,#12418,#12419,.T.);
#10045=EDGE_CURVE('',#12418,#12420,#12421,.T.);
#10046=EDGE_CURVE('',#12420,#12422,#12423,.T.);
#10047=EDGE_CURVE('',#12422,#12424,#12425,.T.);
#10048=EDGE_CURVE('',#12424,#12415,#12426,.T.);
#10049=EDGE_CURVE('',#12427,#12428,#12429,.T.);
#10050=EDGE_CURVE('',#12428,#12430,#12431,.T.);
#10051=EDGE_CURVE('',#12430,#12432,#12433,.T.);
#10052=EDGE_CURVE('',#12432,#12434,#12435,.T.);
#10053=EDGE_CURVE('',#12434,#12436,#12437,.T.);
#10054=EDGE_CURVE('',#12436,#12427,#12438,.T.);
#10055=EDGE_CURVE('',#11816,#12439,#12440,.T.);
#10056=EDGE_CURVE('',#12439,#12441,#12442,.T.);
#10057=EDGE_CURVE('',#12441,#12443,#12444,.T.);
#10058=EDGE_CURVE('',#12443,#12445,#12446,.T.);
#10059=EDGE_CURVE('',#12445,#11815,#12447,.T.);
#10060=EDGE_CURVE('',#11783,#12448,#12449,.T.);
#10061=EDGE_CURVE('',#12448,#12450,#12451,.T.);
#10062=EDGE_CURVE('',#12450,#12452,#12453,.T.);
#10063=EDGE_CURVE('',#12452,#12454,#12455,.T.);
#10064=EDGE_CURVE('',#12454,#11782,#12456,.T.);
#10065=EDGE_CURVE('',#12457,#12458,#12459,.T.);
#10066=EDGE_CURVE('',#12458,#12460,#12461,.T.);
#10067=EDGE_CURVE('',#12460,#12462,#12463,.T.);
#10068=EDGE_CURVE('',#12462,#12464,#12465,.T.);
#10069=EDGE_CURVE('',#12464,#12466,#12467,.T.);
#10070=EDGE_CURVE('',#12466,#12457,#12468,.T.);
#10071=EDGE_CURVE('',#12469,#12470,#12471,.T.);
#10072=EDGE_CURVE('',#12470,#12472,#12473,.T.);
#10073=EDGE_CURVE('',#12472,#12474,#12475,.T.);
#10074=EDGE_CURVE('',#12474,#12476,#12477,.T.);
#10075=EDGE_CURVE('',#12476,#12478,#12479,.T.);
#10076=EDGE_CURVE('',#12478,#12469,#12480,.T.);
#10077=EDGE_CURVE('',#12481,#12482,#12483,.T.);
#10078=EDGE_CURVE('',#12482,#12484,#12485,.T.);
#10079=EDGE_CURVE('',#12484,#12486,#12487,.T.);
#10080=EDGE_CURVE('',#12486,#12488,#12489,.T.);
#10081=EDGE_CURVE('',#12488,#12490,#12491,.T.);
#10082=EDGE_CURVE('',#12490,#12481,#12492,.T.);
#10083=EDGE_CURVE('',#12493,#12494,#12495,.T.);
#10084=EDGE_CURVE('',#12494,#12496,#12497,.T.);
#10085=EDGE_CURVE('',#12496,#12498,#12499,.T.);
#10086=EDGE_CURVE('',#12498,#12500,#12501,.T.);
#10087=EDGE_CURVE('',#12500,#12502,#12503,.T.);
#10088=EDGE_CURVE('',#12502,#12493,#12504,.T.);
#10089=EDGE_CURVE('',#11849,#12505,#12506,.T.);
#10090=EDGE_CURVE('',#12505,#12507,#12508,.T.);
#10091=EDGE_CURVE('',#12507,#12509,#12510,.T.);
#10092=EDGE_CURVE('',#12509,#12511,#12512,.T.);
#10093=EDGE_CURVE('',#12511,#11848,#12513,.T.);
#10094=EDGE_CURVE('',#12514,#12515,#12516,.T.);
#10095=EDGE_CURVE('',#12515,#12517,#12518,.T.);
#10096=EDGE_CURVE('',#12517,#12519,#12520,.T.);
#10097=EDGE_CURVE('',#12519,#12521,#12522,.T.);
#10098=EDGE_CURVE('',#12521,#12523,#12524,.T.);
#10099=EDGE_CURVE('',#12523,#12514,#12525,.T.);
#10100=EDGE_CURVE('',#12526,#12527,#12528,.T.);
#10101=EDGE_CURVE('',#12527,#12529,#12530,.T.);
#10102=EDGE_CURVE('',#12529,#12531,#12532,.T.);
#10103=EDGE_CURVE('',#12531,#12533,#12534,.T.);
#10104=EDGE_CURVE('',#12533,#12535,#12536,.T.);
#10105=EDGE_CURVE('',#12535,#12526,#12537,.T.);
#10106=EDGE_CURVE('',#11562,#12538,#12539,.T.);
#10107=EDGE_CURVE('',#12538,#12540,#12541,.T.);
#10108=EDGE_CURVE('',#12540,#12542,#12543,.T.);
#10109=EDGE_CURVE('',#12542,#11842,#12544,.T.);
#10110=EDGE_CURVE('',#12545,#12546,#12547,.T.);
#10111=EDGE_CURVE('',#12546,#12548,#12549,.T.);
#10112=EDGE_CURVE('',#12548,#12550,#12551,.T.);
#10113=EDGE_CURVE('',#12550,#12552,#12553,.T.);
#10114=EDGE_CURVE('',#12552,#12554,#12555,.T.);
#10115=EDGE_CURVE('',#12554,#12545,#12556,.T.);
#10116=EDGE_CURVE('',#12557,#12558,#12559,.T.);
#10117=EDGE_CURVE('',#12558,#12560,#12561,.T.);
#10118=EDGE_CURVE('',#12560,#12562,#12563,.T.);
#10119=EDGE_CURVE('',#12562,#12564,#12565,.T.);
#10120=EDGE_CURVE('',#12564,#12566,#12567,.T.);
#10121=EDGE_CURVE('',#12566,#12557,#12568,.T.);
#10122=EDGE_CURVE('',#12569,#12570,#12571,.T.);
#10123=EDGE_CURVE('',#12570,#12572,#12573,.T.);
#10124=EDGE_CURVE('',#12572,#11872,#12574,.T.);
#10125=EDGE_CURVE('',#11873,#12575,#12576,.T.);
#10126=EDGE_CURVE('',#12575,#12569,#12577,.T.);
#10127=EDGE_CURVE('',#12578,#12579,#12580,.T.);
#10128=EDGE_CURVE('',#12579,#12581,#12582,.T.);
#10129=EDGE_CURVE('',#12581,#12583,#12584,.T.);
#10130=EDGE_CURVE('',#12583,#12585,#12586,.T.);
#10131=EDGE_CURVE('',#12585,#12587,#12588,.T.);
#10132=EDGE_CURVE('',#12587,#12578,#12589,.T.);
#10133=EDGE_CURVE('',#11619,#12590,#12591,.T.);
#10134=EDGE_CURVE('',#12590,#12592,#12593,.T.);
#10135=EDGE_CURVE('',#12592,#12594,#12595,.T.);
#10136=EDGE_CURVE('',#12594,#12596,#12597,.T.);
#10137=EDGE_CURVE('',#12596,#11618,#12598,.T.);
#10138=EDGE_CURVE('',#12599,#12600,#12601,.T.);
#10139=EDGE_CURVE('',#12600,#12602,#12603,.T.);
#10140=EDGE_CURVE('',#12602,#12604,#12605,.T.);
#10141=EDGE_CURVE('',#12604,#11590,#12606,.T.);
#10142=EDGE_CURVE('',#11591,#12599,#12607,.T.);
#10143=EDGE_CURVE('',#12608,#12609,#12610,.T.);
#10144=EDGE_CURVE('',#12609,#12611,#12612,.T.);
#10145=EDGE_CURVE('',#12611,#12613,#12614,.T.);
#10146=EDGE_CURVE('',#12613,#12615,#12616,.T.);
#10147=EDGE_CURVE('',#12615,#12617,#12618,.T.);
#10148=EDGE_CURVE('',#12617,#12608,#12619,.T.);
#10149=EDGE_CURVE('',#12620,#12621,#12622,.T.);
#10150=EDGE_CURVE('',#12621,#12623,#12624,.T.);
#10151=EDGE_CURVE('',#12623,#12625,#12626,.T.);
#10152=EDGE_CURVE('',#12625,#12627,#12628,.T.);
#10153=EDGE_CURVE('',#12627,#12629,#12630,.T.);
#10154=EDGE_CURVE('',#12629,#12620,#12631,.T.);
#10155=EDGE_CURVE('',#12632,#12633,#12634,.T.);
#10156=EDGE_CURVE('',#12633,#12635,#12636,.T.);
#10157=EDGE_CURVE('',#12635,#11636,#12637,.T.);
#10158=EDGE_CURVE('',#11637,#12638,#12639,.T.);
#10159=EDGE_CURVE('',#12638,#12632,#12640,.T.);
#10160=EDGE_CURVE('',#12641,#12642,#12643,.T.);
#10161=EDGE_CURVE('',#12642,#12644,#12645,.T.);
#10162=EDGE_CURVE('',#12644,#12646,#12647,.T.);
#10163=EDGE_CURVE('',#12646,#12648,#12649,.T.);
#10164=EDGE_CURVE('',#12648,#12650,#12651,.T.);
#10165=EDGE_CURVE('',#12650,#12641,#12652,.T.);
#10166=EDGE_CURVE('',#11882,#12653,#12654,.T.);
#10167=EDGE_CURVE('',#12653,#11570,#12655,.T.);
#10168=EDGE_CURVE('',#11571,#12656,#12657,.T.);
#10169=EDGE_CURVE('',#12656,#11881,#12658,.T.);
#10170=EDGE_CURVE('',#12659,#12660,#12661,.F.);
#10171=EDGE_CURVE('',#12662,#12659,#12663,.F.);
#10172=EDGE_CURVE('',#12660,#12662,#12664,.F.);
#10173=FILL_AREA_STYLE('',(#12665));
#10174=EDGE_CURVE('',#12666,#12554,#12667,.T.);
#10175=EDGE_CURVE('',#12668,#12666,#12669,.T.);
#10176=EDGE_CURVE('',#12668,#12545,#12670,.T.);
#10177=FILL_AREA_STYLE('',(#12671));
#10178=EDGE_CURVE('',#12672,#12385,#12673,.T.);
#10179=EDGE_CURVE('',#12674,#12672,#12675,.T.);
#10180=EDGE_CURVE('',#12674,#12387,#12676,.T.);
#10181=FILL_AREA_STYLE('',(#12677));
#10182=EDGE_CURVE('',#12678,#12540,#12679,.T.);
#10183=EDGE_CURVE('',#12680,#12678,#12681,.T.);
#10184=EDGE_CURVE('',#12680,#12542,#12682,.T.);
#10185=FILL_AREA_STYLE('',(#12683));
#10186=EDGE_CURVE('',#12684,#12137,#12685,.T.);
#10187=EDGE_CURVE('',#12686,#12684,#12687,.T.);
#10188=EDGE_CURVE('',#12129,#12686,#12688,.T.);
#10189=FILL_AREA_STYLE('',(#12689));
#10190=EDGE_CURVE('',#12690,#12691,#12692,.T.);
#10191=EDGE_CURVE('',#12693,#12690,#12694,.T.);
#10192=EDGE_CURVE('',#12695,#12693,#12696,.F.);
#10193=EDGE_CURVE('',#12691,#12695,#12697,.T.);
#10194=FILL_AREA_STYLE('',(#12698));
#10195=EDGE_CURVE('',#12699,#12073,#12700,.T.);
#10196=EDGE_CURVE('',#12699,#12701,#12702,.T.);
#10197=EDGE_CURVE('',#12701,#12075,#12703,.T.);
#10198=FILL_AREA_STYLE('',(#12704));
#10199=EDGE_CURVE('',#12705,#12296,#12706,.T.);
#10200=EDGE_CURVE('',#11657,#12705,#12707,.T.);
#10201=FILL_AREA_STYLE('',(#12708));
#10202=EDGE_CURVE('',#12709,#12439,#12710,.T.);
#10203=EDGE_CURVE('',#12711,#12709,#12712,.T.);
#10204=EDGE_CURVE('',#12711,#12441,#12713,.T.);
#10205=FILL_AREA_STYLE('',(#12714));
#10206=EDGE_CURVE('',#12715,#12716,#12717,.T.);
#10207=EDGE_CURVE('',#12715,#12307,#12718,.T.);
#10208=EDGE_CURVE('',#12716,#12305,#12719,.T.);
#10209=FILL_AREA_STYLE('',(#12720));
#10210=EDGE_CURVE('',#12721,#11853,#12722,.T.);
#10211=EDGE_CURVE('',#12721,#12505,#12723,.T.);
#10212=FILL_AREA_STYLE('',(#12724));
#10213=EDGE_CURVE('',#12725,#11886,#12726,.T.);
#10214=EDGE_CURVE('',#12725,#12653,#12727,.T.);
#10215=FILL_AREA_STYLE('',(#12728));
#10216=EDGE_CURVE('',#12729,#12077,#12730,.T.);
#10217=EDGE_CURVE('',#12729,#12731,#12732,.T.);
#10218=EDGE_CURVE('',#12731,#12079,#12733,.T.);
#10219=FILL_AREA_STYLE('',(#12734));
#10220=EDGE_CURVE('',#12735,#12434,#12736,.T.);
#10221=EDGE_CURVE('',#12737,#12735,#12738,.T.);
#10222=EDGE_CURVE('',#12737,#12436,#12739,.T.);
#10223=FILL_AREA_STYLE('',(#12740));
#10224=EDGE_CURVE('',#12731,#12741,#12742,.T.);
#10225=EDGE_CURVE('',#12741,#12081,#12743,.T.);
#10226=FILL_AREA_STYLE('',(#12744));
#10227=EDGE_CURVE('',#12745,#12401,#12746,.T.);
#10228=EDGE_CURVE('',#12747,#12745,#12748,.T.);
#10229=EDGE_CURVE('',#12747,#12403,#12749,.T.);
#10230=FILL_AREA_STYLE('',(#12750));
#10231=EDGE_CURVE('',#12751,#12114,#12752,.T.);
#10232=EDGE_CURVE('',#12118,#12753,#12754,.T.);
#10233=EDGE_CURVE('',#12753,#12751,#12755,.T.);
#10234=FILL_AREA_STYLE('',(#12756));
#10235=EDGE_CURVE('',#12757,#12195,#12758,.T.);
#10236=EDGE_CURVE('',#12757,#11891,#12759,.T.);
#10237=FILL_AREA_STYLE('',(#12760));
#10238=EDGE_CURVE('',#12761,#12627,#12762,.T.);
#10239=EDGE_CURVE('',#12763,#12761,#12764,.T.);
#10240=EDGE_CURVE('',#12763,#12629,#12765,.T.);
#10241=FILL_AREA_STYLE('',(#12766));
#10242=EDGE_CURVE('',#12767,#12494,#12768,.T.);
#10243=EDGE_CURVE('',#12769,#12767,#12770,.T.);
#10244=EDGE_CURVE('',#12769,#12496,#12771,.T.);
#10245=FILL_AREA_STYLE('',(#12772));
#10246=EDGE_CURVE('',#12773,#12457,#12774,.T.);
#10247=EDGE_CURVE('',#12775,#12773,#12776,.T.);
#10248=EDGE_CURVE('',#12775,#12458,#12777,.T.);
#10249=FILL_AREA_STYLE('',(#12778));
#10250=EDGE_CURVE('',#12779,#12340,#12780,.T.);
#10251=EDGE_CURVE('',#12781,#12779,#12782,.T.);
#10252=EDGE_CURVE('',#12781,#12342,#12783,.T.);
#10253=FILL_AREA_STYLE('',(#12784));
#10254=EDGE_CURVE('',#12785,#12786,#12787,.T.);
#10255=EDGE_CURVE('',#12788,#12785,#12789,.T.);
#10256=EDGE_CURVE('',#12788,#11791,#12790,.T.);
#10257=EDGE_CURVE('',#12791,#11798,#12792,.T.);
#10258=EDGE_CURVE('',#12793,#12791,#12794,.T.);
#10259=EDGE_CURVE('',#12795,#12793,#12796,.T.);
#10260=EDGE_CURVE('',#12786,#12795,#12797,.T.);
#10261=EDGE_CURVE('',#12798,#12799,#12800,.T.);
#10262=EDGE_CURVE('',#12799,#12798,#12801,.T.);
#10263=FILL_AREA_STYLE('',(#12802));
#10264=EDGE_CURVE('',#12803,#12613,#12804,.T.);
#10265=EDGE_CURVE('',#12805,#12803,#12806,.T.);
#10266=EDGE_CURVE('',#12805,#12615,#12807,.T.);
#10267=FILL_AREA_STYLE('',(#12808));
#10268=EDGE_CURVE('',#12809,#12338,#12810,.T.);
#10269=EDGE_CURVE('',#12779,#12809,#12811,.T.);
#10270=FILL_AREA_STYLE('',(#12812));
#10271=EDGE_CURVE('',#12813,#12523,#12814,.T.);
#10272=EDGE_CURVE('',#12815,#12813,#12816,.T.);
#10273=EDGE_CURVE('',#12815,#12514,#12817,.T.);
#10274=FILL_AREA_STYLE('',(#12818));
#10275=EDGE_CURVE('',#11993,#12819,#12820,.T.);
#10276=EDGE_CURVE('',#12819,#12821,#12822,.T.);
#10277=EDGE_CURVE('',#12821,#11996,#12823,.T.);
#10278=FILL_AREA_STYLE('',(#12824));
#10279=EDGE_CURVE('',#12165,#12825,#12826,.T.);
#10280=EDGE_CURVE('',#12827,#12825,#12828,.F.);
#10281=EDGE_CURVE('',#12827,#12167,#12829,.F.);
#10282=FILL_AREA_STYLE('',(#12830));
#10283=EDGE_CURVE('',#12831,#12116,#12832,.T.);
#10284=EDGE_CURVE('',#12831,#12753,#12833,.T.);
#10285=FILL_AREA_STYLE('',(#12834));
#10286=EDGE_CURVE('',#12084,#12835,#12836,.T.);
#10287=EDGE_CURVE('',#12835,#12837,#12838,.T.);
#10288=EDGE_CURVE('',#12837,#12087,#12839,.T.);
#10289=FILL_AREA_STYLE('',(#12840));
#10290=EDGE_CURVE('',#12315,#12841,#12842,.T.);
#10291=EDGE_CURVE('',#12843,#12320,#12844,.T.);
#10292=EDGE_CURVE('',#12841,#12843,#12845,.T.);
#10293=FILL_AREA_STYLE('',(#12846));
#10294=EDGE_CURVE('',#12847,#12578,#12848,.T.);
#10295=EDGE_CURVE('',#12849,#12847,#12850,.T.);
#10296=EDGE_CURVE('',#12849,#12579,#12851,.T.);
#10297=FILL_AREA_STYLE('',(#12852));
#10298=EDGE_CURVE('',#12853,#12644,#12854,.T.);
#10299=EDGE_CURVE('',#12855,#12853,#12856,.T.);
#10300=EDGE_CURVE('',#12855,#12646,#12857,.T.);
#10301=FILL_AREA_STYLE('',(#12858));
#10302=EDGE_CURVE('',#12859,#12422,#12860,.T.);
#10303=EDGE_CURVE('',#12861,#12859,#12862,.T.);
#10304=EDGE_CURVE('',#12861,#12424,#12863,.T.);
#10305=FILL_AREA_STYLE('',(#12864));
#10306=EDGE_CURVE('',#12865,#12292,#12866,.T.);
#10307=EDGE_CURVE('',#12867,#12865,#12868,.T.);
#10308=EDGE_CURVE('',#12867,#12294,#12869,.T.);
#10309=FILL_AREA_STYLE('',(#12870));
#10310=EDGE_CURVE('',#12871,#12642,#12872,.T.);
#10311=EDGE_CURVE('',#12853,#12871,#12873,.T.);
#10312=FILL_AREA_STYLE('',(#12874));
#10313=EDGE_CURVE('',#12241,#12875,#12876,.T.);
#10314=EDGE_CURVE('',#12875,#12877,#12878,.T.);
#10315=EDGE_CURVE('',#12877,#12244,#12879,.T.);
#10316=FILL_AREA_STYLE('',(#12880));
#10317=EDGE_CURVE('',#12881,#12600,#12882,.T.);
#10318=EDGE_CURVE('',#12883,#12881,#12884,.T.);
#10319=EDGE_CURVE('',#12883,#12602,#12885,.T.);
#10320=FILL_AREA_STYLE('',(#12886));
#10321=EDGE_CURVE('',#12887,#12454,#12888,.T.);
#10322=EDGE_CURVE('',#11785,#12887,#12889,.T.);
#10323=FILL_AREA_STYLE('',(#12890));
#10324=EDGE_CURVE('',#12204,#12891,#12892,.T.);
#10325=EDGE_CURVE('',#12893,#12205,#12894,.T.);
#10326=EDGE_CURVE('',#12893,#12891,#12895,.T.);
#10327=FILL_AREA_STYLE('',(#12896));
#10328=EDGE_CURVE('',#11811,#12897,#12898,.T.);
#10329=EDGE_CURVE('',#12899,#12897,#12900,.T.);
#10330=EDGE_CURVE('',#12899,#11802,#12901,.T.);
#10331=FILL_AREA_STYLE('',(#12902));
#10332=EDGE_CURVE('',#12903,#12904,#12905,.F.);
#10333=EDGE_CURVE('',#12906,#12904,#12907,.T.);
#10334=EDGE_CURVE('',#12906,#12908,#12909,.T.);
#10335=EDGE_CURVE('',#12903,#12908,#12910,.T.);
#10336=FILL_AREA_STYLE('',(#12911));
#10337=EDGE_CURVE('',#12912,#11975,#12913,.T.);
#10338=EDGE_CURVE('',#12912,#12914,#12915,.T.);
#10339=EDGE_CURVE('',#12914,#11977,#12916,.T.);
#10340=FILL_AREA_STYLE('',(#12917));
#10341=EDGE_CURVE('',#12918,#12919,#12920,.T.);
#10342=EDGE_CURVE('',#12919,#12228,#12921,.T.);
#10343=EDGE_CURVE('',#12918,#12226,#12922,.T.);
#10344=FILL_AREA_STYLE('',(#12923));
#10345=EDGE_CURVE('',#12924,#12925,#12926,.T.);
#10346=EDGE_CURVE('',#12925,#12927,#12928,.T.);
#10347=EDGE_CURVE('',#12927,#12929,#12930,.T.);
#10348=EDGE_CURVE('',#12929,#12924,#12931,.T.);
#10349=FILL_AREA_STYLE('',(#12932));
#10350=EDGE_CURVE('',#12933,#12934,#12935,.F.);
#10351=EDGE_CURVE('',#12934,#12936,#12937,.T.);
#10352=EDGE_CURVE('',#12938,#12936,#12939,.T.);
#10353=EDGE_CURVE('',#12938,#12933,#12940,.T.);
#10354=FILL_AREA_STYLE('',(#12941));
#10355=EDGE_CURVE('',#11760,#12942,#12943,.T.);
#10356=EDGE_CURVE('',#12942,#11963,#12944,.T.);
#10357=FILL_AREA_STYLE('',(#12945));
#10358=EDGE_CURVE('',#12946,#11860,#12947,.T.);
#10359=EDGE_CURVE('',#12946,#12214,#12948,.T.);
#10360=FILL_AREA_STYLE('',(#12949));
#10361=EDGE_CURVE('',#12950,#12903,#12951,.F.);
#10362=EDGE_CURVE('',#12908,#12952,#12953,.T.);
#10363=EDGE_CURVE('',#12950,#12952,#12954,.T.);
#10364=FILL_AREA_STYLE('',(#12955));
#10365=EDGE_CURVE('',#12956,#12608,#12957,.T.);
#10366=EDGE_CURVE('',#12958,#12956,#12959,.T.);
#10367=EDGE_CURVE('',#12958,#12609,#12960,.T.);
#10368=FILL_AREA_STYLE('',(#12961));
#10369=EDGE_CURVE('',#12693,#12962,#12963,.F.);
#10370=EDGE_CURVE('',#12964,#12690,#12965,.T.);
#10371=EDGE_CURVE('',#12962,#12964,#12966,.T.);
#10372=FILL_AREA_STYLE('',(#12967));
#10373=EDGE_CURVE('',#12968,#11973,#12969,.T.);
#10374=EDGE_CURVE('',#12968,#12912,#12970,.T.);
#10375=FILL_AREA_STYLE('',(#12971));
#10376=EDGE_CURVE('',#12972,#12617,#12973,.T.);
#10377=EDGE_CURVE('',#12956,#12972,#12974,.T.);
#10378=FILL_AREA_STYLE('',(#12975));
#10379=EDGE_CURVE('',#12976,#12899,#12977,.T.);
#10380=EDGE_CURVE('',#12897,#12978,#12979,.T.);
#10381=EDGE_CURVE('',#12978,#12976,#12980,.T.);
#10382=FILL_AREA_STYLE('',(#12981));
#10383=EDGE_CURVE('',#12982,#12983,#12984,.T.);
#10384=EDGE_CURVE('',#12985,#12982,#12986,.T.);
#10385=EDGE_CURVE('',#12987,#12985,#12988,.F.);
#10386=EDGE_CURVE('',#12983,#12987,#12989,.F.);
#10387=FILL_AREA_STYLE('',(#12990));
#10388=EDGE_CURVE('',#11573,#12725,#12991,.T.);
#10389=FILL_AREA_STYLE('',(#12992));
#10390=EDGE_CURVE('',#12063,#11803,#12993,.T.);
#10391=EDGE_CURVE('',#12102,#12899,#12994,.T.);
#10392=EDGE_CURVE('',#12995,#12110,#12996,.T.);
#10393=EDGE_CURVE('',#12835,#12995,#12997,.T.);
#10394=EDGE_CURVE('',#12998,#12085,#12999,.T.);
#10395=EDGE_CURVE('',#13000,#12998,#13001,.T.);
#10396=EDGE_CURVE('',#12062,#13000,#13002,.T.);
#10397=FILL_AREA_STYLE('',(#13003));
#10398=EDGE_CURVE('',#13004,#12328,#13005,.T.);
#10399=EDGE_CURVE('',#13006,#13004,#13007,.T.);
#10400=EDGE_CURVE('',#12323,#13006,#13008,.T.);
#10401=FILL_AREA_STYLE('',(#13009));
#10402=EDGE_CURVE('',#13010,#11952,#13011,.T.);
#10403=EDGE_CURVE('',#13010,#13012,#13013,.T.);
#10404=EDGE_CURVE('',#13012,#11954,#13014,.T.);
#10405=FILL_AREA_STYLE('',(#13015));
#10406=EDGE_CURVE('',#13016,#12287,#13017,.T.);
#10407=EDGE_CURVE('',#13016,#13018,#13019,.T.);
#10408=EDGE_CURVE('',#13018,#12279,#13020,.T.);
#10409=FILL_AREA_STYLE('',(#13021));
#10410=EDGE_CURVE('',#13022,#12934,#13023,.T.);
#10411=EDGE_CURVE('',#12933,#13024,#13025,.T.);
#10412=EDGE_CURVE('',#13026,#13024,#13027,.F.);
#10413=EDGE_CURVE('',#13026,#13028,#13029,.T.);
#10414=EDGE_CURVE('',#13028,#13022,#13030,.T.);
#10415=FILL_AREA_STYLE('',(#13031));
#10416=EDGE_CURVE('',#13032,#12592,#13033,.T.);
#10417=EDGE_CURVE('',#13034,#13032,#13035,.T.);
#10418=EDGE_CURVE('',#13034,#12594,#13036,.T.);
#10419=FILL_AREA_STYLE('',(#13037));
#10420=EDGE_CURVE('',#13038,#12533,#13039,.T.);
#10421=EDGE_CURVE('',#13040,#13038,#13041,.T.);
#10422=EDGE_CURVE('',#13040,#12535,#13042,.T.);
#10423=FILL_AREA_STYLE('',(#13043));
#10424=EDGE_CURVE('',#11659,#13044,#13045,.T.);
#10425=EDGE_CURVE('',#13044,#12290,#13046,.T.);
#10426=FILL_AREA_STYLE('',(#13047));
#10427=EDGE_CURVE('',#13048,#11924,#13049,.T.);
#10428=EDGE_CURVE('',#13050,#11922,#13051,.T.);
#10429=EDGE_CURVE('',#13050,#13048,#13052,.T.);
#10430=FILL_AREA_STYLE('',(#13053));
#10431=EDGE_CURVE('',#13054,#13055,#13056,.F.);
#10432=EDGE_CURVE('',#13057,#13055,#13058,.T.);
#10433=EDGE_CURVE('',#13059,#13057,#13060,.T.);
#10434=EDGE_CURVE('',#13059,#13061,#13062,.F.);
#10435=EDGE_CURVE('',#13054,#13061,#13063,.F.);
#10436=FILL_AREA_STYLE('',(#13064));
#10437=EDGE_CURVE('',#13065,#12500,#13066,.T.);
#10438=EDGE_CURVE('',#13067,#13065,#13068,.T.);
#10439=EDGE_CURVE('',#13067,#12502,#13069,.T.);
#10440=FILL_AREA_STYLE('',(#13070));
#10441=EDGE_CURVE('',#12962,#12929,#13071,.F.);
#10442=EDGE_CURVE('',#13072,#12964,#13073,.T.);
#10443=EDGE_CURVE('',#13072,#12929,#13074,.T.);
#10444=FILL_AREA_STYLE('',(#13075));
#10445=EDGE_CURVE('',#13076,#12656,#13077,.T.);
#10446=EDGE_CURVE('',#11884,#13076,#13078,.T.);
#10447=FILL_AREA_STYLE('',(#13079));
#10448=EDGE_CURVE('',#13080,#12397,#13081,.T.);
#10449=EDGE_CURVE('',#13082,#13080,#13083,.T.);
#10450=EDGE_CURVE('',#13082,#12399,#13084,.T.);
#10451=FILL_AREA_STYLE('',(#13085));
#10452=EDGE_CURVE('',#13086,#11773,#13087,.T.);
#10453=EDGE_CURVE('',#13086,#12310,#13088,.T.);
#10454=FILL_AREA_STYLE('',(#13089));
#10455=EDGE_CURVE('',#11684,#12140,#13090,.T.);
#10456=EDGE_CURVE('',#12143,#11682,#13091,.T.);
#10457=FILL_AREA_STYLE('',(#13092));
#10458=EDGE_CURVE('',#13028,#11920,#13093,.T.);
#10459=EDGE_CURVE('',#13094,#13026,#13095,.T.);
#10460=EDGE_CURVE('',#11946,#13094,#13096,.F.);
#10461=EDGE_CURVE('',#13097,#11956,#13098,.T.);
#10462=EDGE_CURVE('',#11765,#13097,#13099,.T.);
#10463=EDGE_CURVE('',#13100,#11927,#13101,.T.);
#10464=EDGE_CURVE('',#13102,#13100,#13103,.T.);
#10465=EDGE_CURVE('',#11919,#13102,#13104,.T.);
#10466=FILL_AREA_STYLE('',(#13105));
#10467=EDGE_CURVE('',#12149,#13106,#13107,.T.);
#10468=EDGE_CURVE('',#13108,#13106,#13109,.T.);
#10469=EDGE_CURVE('',#12148,#13108,#13110,.T.);
#10470=FILL_AREA_STYLE('',(#13111));
#10471=EDGE_CURVE('',#12015,#13112,#13113,.T.);
#10472=EDGE_CURVE('',#13112,#13114,#13115,.T.);
#10473=EDGE_CURVE('',#13114,#12018,#13116,.T.);
#10474=FILL_AREA_STYLE('',(#13117));
#10475=EDGE_CURVE('',#13118,#12927,#13119,.T.);
#10476=EDGE_CURVE('',#13118,#13120,#13121,.F.);
#10477=EDGE_CURVE('',#12962,#13120,#13122,.F.);
#10478=FILL_AREA_STYLE('',(#13123));
#10479=EDGE_CURVE('',#12686,#11745,#13124,.T.);
#10480=EDGE_CURVE('',#13125,#11742,#13126,.T.);
#10481=EDGE_CURVE('',#13125,#12686,#13127,.T.);
#10482=FILL_AREA_STYLE('',(#13128));
#10483=EDGE_CURVE('',#13129,#12377,#13130,.T.);
#10484=EDGE_CURVE('',#13131,#13129,#13132,.T.);
#10485=EDGE_CURVE('',#13131,#12379,#13133,.T.);
#10486=FILL_AREA_STYLE('',(#13134));
#10487=EDGE_CURVE('',#13135,#12316,#13136,.T.);
#10488=EDGE_CURVE('',#13137,#13135,#13138,.T.);
#10489=EDGE_CURVE('',#13137,#12318,#13139,.T.);
#10490=FILL_AREA_STYLE('',(#13140));
#10491=EDGE_CURVE('',#13141,#11948,#13142,.T.);
#10492=EDGE_CURVE('',#13141,#13143,#13144,.T.);
#10493=EDGE_CURVE('',#13143,#11950,#13145,.T.);
#10494=FILL_AREA_STYLE('',(#13146));
#10495=EDGE_CURVE('',#13147,#11743,#13148,.T.);
#10496=EDGE_CURVE('',#13147,#13125,#13149,.T.);
#10497=FILL_AREA_STYLE('',(#13150));
#10498=EDGE_CURVE('',#13151,#12192,#13152,.T.);
#10499=EDGE_CURVE('',#13151,#13153,#13154,.T.);
#10500=EDGE_CURVE('',#13153,#12186,#13155,.T.);
#10501=FILL_AREA_STYLE('',(#13156));
#10502=EDGE_CURVE('',#13157,#12599,#13158,.T.);
#10503=EDGE_CURVE('',#12881,#13157,#13159,.T.);
#10504=FILL_AREA_STYLE('',(#13160));
#10505=EDGE_CURVE('',#13102,#13050,#13161,.T.);
#10506=FILL_AREA_STYLE('',(#13162));
#10507=EDGE_CURVE('',#13163,#12370,#13164,.T.);
#10508=EDGE_CURVE('',#13165,#13163,#13166,.T.);
#10509=EDGE_CURVE('',#13165,#12361,#13167,.T.);
#10510=FILL_AREA_STYLE('',(#13168));
#10511=EDGE_CURVE('',#13169,#12199,#13170,.T.);
#10512=EDGE_CURVE('',#13171,#12197,#13172,.T.);
#10513=EDGE_CURVE('',#13169,#13171,#13173,.T.);
#10514=FILL_AREA_STYLE('',(#13174));
#10515=EDGE_CURVE('',#13175,#12257,#13176,.T.);
#10516=EDGE_CURVE('',#13175,#13177,#13178,.T.);
#10517=EDGE_CURVE('',#13177,#12259,#13179,.T.);
#10518=FILL_AREA_STYLE('',(#13180));
#10519=EDGE_CURVE('',#13181,#11648,#13182,.T.);
#10520=EDGE_CURVE('',#13181,#12188,#13183,.T.);
#10521=FILL_AREA_STYLE('',(#13184));
#10522=EDGE_CURVE('',#13185,#12039,#13186,.T.);
#10523=EDGE_CURVE('',#13185,#13187,#13188,.T.);
#10524=EDGE_CURVE('',#13187,#12041,#13189,.T.);
#10525=FILL_AREA_STYLE('',(#13190));
#10526=EDGE_CURVE('',#13018,#13191,#13192,.T.);
#10527=EDGE_CURVE('',#13191,#12278,#13193,.T.);
#10528=FILL_AREA_STYLE('',(#13194));
#10529=EDGE_CURVE('',#13195,#11899,#13196,.T.);
#10530=EDGE_CURVE('',#12070,#13195,#13197,.T.);
#10531=EDGE_CURVE('',#13198,#12071,#13199,.T.);
#10532=EDGE_CURVE('',#13200,#13198,#13201,.T.);
#10533=EDGE_CURVE('',#13200,#11604,#13202,.T.);
#10534=FILL_AREA_STYLE('',(#13203));
#10535=EDGE_CURVE('',#13204,#12125,#13205,.T.);
#10536=EDGE_CURVE('',#13204,#11521,#13206,.T.);
#10537=FILL_AREA_STYLE('',(#13207));
#10538=EDGE_CURVE('',#13208,#13209,#13210,.T.);
#10539=EDGE_CURVE('',#13209,#13106,#13211,.T.);
#10540=EDGE_CURVE('',#13106,#13212,#13213,.T.);
#10541=EDGE_CURVE('',#13208,#13212,#13214,.T.);
#10542=FILL_AREA_STYLE('',(#13215));
#10543=EDGE_CURVE('',#13216,#11747,#13217,.T.);
#10544=EDGE_CURVE('',#12684,#13216,#13218,.T.);
#10545=FILL_AREA_STYLE('',(#13219));
#10546=EDGE_CURVE('',#13220,#12486,#13221,.T.);
#10547=EDGE_CURVE('',#13222,#13220,#13223,.T.);
#10548=EDGE_CURVE('',#13222,#12488,#13224,.T.);
#10549=FILL_AREA_STYLE('',(#13225));
#10550=EDGE_CURVE('',#13226,#11566,#13227,.T.);
#10551=EDGE_CURVE('',#13226,#12538,#13228,.T.);
#10552=FILL_AREA_STYLE('',(#13229));
#10553=EDGE_CURVE('',#13230,#12190,#13231,.T.);
#10554=EDGE_CURVE('',#13230,#13151,#13232,.T.);
#10555=FILL_AREA_STYLE('',(#13233));
#10556=EDGE_CURVE('',#13234,#11929,#13235,.T.);
#10557=EDGE_CURVE('',#13234,#13236,#13237,.T.);
#10558=EDGE_CURVE('',#13236,#11931,#13238,.T.);
#10559=FILL_AREA_STYLE('',(#13239));
#10560=EDGE_CURVE('',#13240,#11965,#13241,.T.);
#10561=EDGE_CURVE('',#12942,#13240,#13242,.T.);
#10562=FILL_AREA_STYLE('',(#13243));
#10563=EDGE_CURVE('',#13244,#12785,#13245,.F.);
#10564=EDGE_CURVE('',#13246,#12786,#13247,.F.);
#10565=EDGE_CURVE('',#13246,#13244,#13248,.F.);
#10566=FILL_AREA_STYLE('',(#13249));
#10567=EDGE_CURVE('',#13250,#12849,#13251,.T.);
#10568=EDGE_CURVE('',#13250,#12581,#13252,.T.);
#10569=FILL_AREA_STYLE('',(#13253));
#10570=EDGE_CURVE('',#13254,#12737,#13255,.T.);
#10571=EDGE_CURVE('',#13254,#12427,#13256,.T.);
#10572=FILL_AREA_STYLE('',(#13257));
#10573=EDGE_CURVE('',#13258,#13259,#13260,.T.);
#10574=EDGE_CURVE('',#13261,#13258,#13262,.T.);
#10575=EDGE_CURVE('',#13263,#13261,#13264,.F.);
#10576=EDGE_CURVE('',#13259,#13263,#13265,.F.);
#10577=FILL_AREA_STYLE('',(#13266));
#10578=EDGE_CURVE('',#13267,#12131,#13268,.T.);
#10579=EDGE_CURVE('',#13125,#12128,#13269,.T.);
#10580=EDGE_CURVE('',#13267,#13147,#13270,.T.);
#10581=FILL_AREA_STYLE('',(#13271));
#10582=EDGE_CURVE('',#13272,#13273,#13274,.T.);
#10583=EDGE_CURVE('',#13273,#12220,#13275,.T.);
#10584=EDGE_CURVE('',#13272,#12230,#13276,.T.);
#10585=FILL_AREA_STYLE('',(#13277));
#10586=EDGE_CURVE('',#12171,#13259,#13278,.T.);
#10587=EDGE_CURVE('',#12173,#13263,#13279,.T.);
#10588=FILL_AREA_STYLE('',(#13280));
#10589=EDGE_CURVE('',#13281,#12478,#13282,.T.);
#10590=EDGE_CURVE('',#13283,#13281,#13284,.T.);
#10591=EDGE_CURVE('',#13283,#12469,#13285,.T.);
#10592=FILL_AREA_STYLE('',(#13286));
#10593=EDGE_CURVE('',#13287,#12004,#13288,.T.);
#10594=EDGE_CURVE('',#13289,#12012,#13290,.T.);
#10595=EDGE_CURVE('',#13289,#13287,#13291,.T.);
#10596=FILL_AREA_STYLE('',(#13292));
#10597=EDGE_CURVE('',#13293,#11971,#13294,.T.);
#10598=EDGE_CURVE('',#13293,#12968,#13295,.T.);
#10599=FILL_AREA_STYLE('',(#13296));
#10600=EDGE_CURVE('',#11614,#13297,#13298,.T.);
#10601=EDGE_CURVE('',#13297,#12906,#13299,.T.);
#10602=EDGE_CURVE('',#12904,#11610,#13300,.T.);
#10603=FILL_AREA_STYLE('',(#13301));
#10604=EDGE_CURVE('',#13302,#12470,#13303,.T.);
#10605=EDGE_CURVE('',#13304,#13302,#13305,.T.);
#10606=EDGE_CURVE('',#13304,#12472,#13306,.T.);
#10607=FILL_AREA_STYLE('',(#13307));
#10608=EDGE_CURVE('',#13308,#12050,#13309,.T.);
#10609=EDGE_CURVE('',#13308,#13310,#13311,.T.);
#10610=EDGE_CURVE('',#13310,#12052,#13312,.T.);
#10611=FILL_AREA_STYLE('',(#13313));
#10612=EDGE_CURVE('',#13314,#12763,#13315,.T.);
#10613=EDGE_CURVE('',#13314,#12620,#13316,.T.);
#10614=FILL_AREA_STYLE('',(#13317));
#10615=FILL_AREA_STYLE('',(#13318));
#10616=EDGE_CURVE('',#12877,#13319,#13320,.T.);
#10617=EDGE_CURVE('',#13319,#12246,#13321,.T.);
#10618=FILL_AREA_STYLE('',(#13322));
#10619=EDGE_CURVE('',#13000,#13323,#13324,.T.);
#10620=EDGE_CURVE('',#13323,#12065,#13325,.T.);
#10621=FILL_AREA_STYLE('',(#13326));
#10622=EDGE_CURVE('',#13327,#12693,#13328,.F.);
#10623=EDGE_CURVE('',#13120,#11537,#13329,.F.);
#10624=EDGE_CURVE('',#11537,#12175,#13330,.F.);
#10625=EDGE_CURVE('',#13263,#13327,#13331,.F.);
#10626=FILL_AREA_STYLE('',(#13332));
#10627=EDGE_CURVE('',#13333,#12416,#13334,.T.);
#10628=EDGE_CURVE('',#13335,#13333,#13336,.T.);
#10629=EDGE_CURVE('',#13335,#12418,#13337,.T.);
#10630=FILL_AREA_STYLE('',(#13338));
#10631=EDGE_CURVE('',#13339,#12394,#13340,.T.);
#10632=EDGE_CURVE('',#13341,#13339,#13342,.T.);
#10633=EDGE_CURVE('',#13341,#12395,#13343,.T.);
#10634=FILL_AREA_STYLE('',(#13344));
#10635=EDGE_CURVE('',#13345,#12711,#13346,.T.);
#10636=EDGE_CURVE('',#13345,#12443,#13347,.T.);
#10637=FILL_AREA_STYLE('',(#13348));
#10638=EDGE_CURVE('',#13349,#12466,#13350,.T.);
#10639=EDGE_CURVE('',#12773,#13349,#13351,.T.);
#10640=FILL_AREA_STYLE('',(#13352));
#10641=EDGE_CURVE('',#12952,#13353,#13354,.T.);
#10642=EDGE_CURVE('',#13353,#13355,#13356,.T.);
#10643=EDGE_CURVE('',#13355,#12950,#13357,.F.);
#10644=FILL_AREA_STYLE('',(#13358));
#10645=EDGE_CURVE('',#13359,#12519,#13360,.T.);
#10646=EDGE_CURVE('',#13361,#13359,#13362,.T.);
#10647=EDGE_CURVE('',#13361,#12521,#13363,.T.);
#10648=FILL_AREA_STYLE('',(#13364));
#10649=EDGE_CURVE('',#12716,#13365,#13366,.T.);
#10650=EDGE_CURVE('',#13365,#12303,#13367,.T.);
#10651=FILL_AREA_STYLE('',(#13368));
#10652=EDGE_CURVE('',#13369,#13370,#13371,.T.);
#10653=EDGE_CURVE('',#13055,#13369,#13372,.T.);
#10654=EDGE_CURVE('',#13373,#13055,#13374,.T.);
#10655=EDGE_CURVE('',#13370,#13373,#13375,.T.);
#10656=FILL_AREA_STYLE('',(#13376));
#10657=EDGE_CURVE('',#13171,#11893,#13377,.T.);
#10658=FILL_AREA_STYLE('',(#13378));
#10659=EDGE_CURVE('',#12798,#12157,#13379,.T.);
#10660=EDGE_CURVE('',#12159,#12799,#13380,.T.);
#10661=FILL_AREA_STYLE('',(#13381));
#10662=EDGE_CURVE('',#13382,#12350,#13383,.T.);
#10663=EDGE_CURVE('',#13384,#13382,#13385,.T.);
#10664=EDGE_CURVE('',#13384,#12352,#13386,.T.);
#10665=FILL_AREA_STYLE('',(#13387));
#10666=EDGE_CURVE('',#11709,#13388,#13389,.T.);
#10667=EDGE_CURVE('',#13388,#11984,#13390,.T.);
#10668=FILL_AREA_STYLE('',(#13391));
#10669=EDGE_CURVE('',#13392,#12032,#13393,.T.);
#10670=EDGE_CURVE('',#13394,#12030,#13395,.T.);
#10671=EDGE_CURVE('',#13394,#13392,#13396,.T.);
#10672=FILL_AREA_STYLE('',(#13397));
#10673=EDGE_CURVE('',#13216,#13398,#13399,.T.);
#10674=EDGE_CURVE('',#11749,#13398,#13400,.T.);
#10675=FILL_AREA_STYLE('',(#13401));
#10676=EDGE_CURVE('',#13402,#12509,#13403,.T.);
#10677=EDGE_CURVE('',#13404,#13402,#13405,.T.);
#10678=EDGE_CURVE('',#13404,#12511,#13406,.T.);
#10679=FILL_AREA_STYLE('',(#13407));
#10680=EDGE_CURVE('',#13408,#11986,#13409,.T.);
#10681=EDGE_CURVE('',#13408,#13410,#13411,.T.);
#10682=EDGE_CURVE('',#13410,#11988,#13412,.T.);
#10683=FILL_AREA_STYLE('',(#13413));
#10684=EDGE_CURVE('',#13414,#11787,#13415,.T.);
#10685=EDGE_CURVE('',#13414,#12448,#13416,.T.);
#10686=FILL_AREA_STYLE('',(#13417));
#10687=EDGE_CURVE('',#13418,#12552,#13419,.T.);
#10688=EDGE_CURVE('',#12666,#13418,#13420,.T.);
#10689=FILL_AREA_STYLE('',(#13421));
#10690=EDGE_CURVE('',#13422,#12815,#13423,.T.);
#10691=EDGE_CURVE('',#13422,#12515,#13424,.T.);
#10692=FILL_AREA_STYLE('',(#13425));
#10693=EDGE_CURVE('',#12982,#11534,#13426,.T.);
#10694=EDGE_CURVE('',#11535,#12983,#13427,.F.);
#10695=FILL_AREA_STYLE('',(#13428));
#10696=EDGE_CURVE('',#12003,#13429,#13430,.T.);
#10697=EDGE_CURVE('',#13429,#13431,#13432,.T.);
#10698=EDGE_CURVE('',#13431,#12006,#13433,.T.);
#10699=FILL_AREA_STYLE('',(#13434));
#10700=EDGE_CURVE('',#13435,#12106,#13436,.T.);
#10701=EDGE_CURVE('',#13435,#13437,#13438,.T.);
#10702=EDGE_CURVE('',#13437,#12108,#13439,.T.);
#10703=FILL_AREA_STYLE('',(#13440));
#10704=EDGE_CURVE('',#13441,#12210,#13442,.T.);
#10705=EDGE_CURVE('',#13441,#12893,#13443,.T.);
#10706=FILL_AREA_STYLE('',(#13444));
#10707=EDGE_CURVE('',#11666,#13445,#13446,.T.);
#10708=EDGE_CURVE('',#13445,#13447,#13448,.F.);
#10709=EDGE_CURVE('',#11668,#13447,#13449,.T.);
#10710=FILL_AREA_STYLE('',(#13450));
#10711=EDGE_CURVE('',#11674,#12332,#13451,.T.);
#10712=EDGE_CURVE('',#12331,#11675,#13452,.T.);
#10713=FILL_AREA_STYLE('',(#13453));
#10714=EDGE_CURVE('',#13454,#12562,#13455,.T.);
#10715=EDGE_CURVE('',#13456,#13454,#13457,.T.);
#10716=EDGE_CURVE('',#13456,#12564,#13458,.T.);
#10717=FILL_AREA_STYLE('',(#13459));
#10718=EDGE_CURVE('',#13024,#13460,#13461,.T.);
#10719=EDGE_CURVE('',#13094,#13460,#13462,.T.);
#10720=FILL_AREA_STYLE('',(#13463));
#10721=EDGE_CURVE('',#13464,#12208,#13465,.T.);
#10722=EDGE_CURVE('',#13464,#13441,#13466,.T.);
#10723=FILL_AREA_STYLE('',(#13467));
#10724=EDGE_CURVE('',#12269,#13468,#13469,.T.);
#10725=EDGE_CURVE('',#13468,#13470,#13471,.T.);
#10726=EDGE_CURVE('',#13470,#12271,#13472,.T.);
#10727=FILL_AREA_STYLE('',(#13473));
#10728=EDGE_CURVE('',#13474,#12250,#13475,.T.);
#10729=EDGE_CURVE('',#13474,#13476,#13477,.T.);
#10730=EDGE_CURVE('',#13476,#12253,#13478,.T.);
#10731=FILL_AREA_STYLE('',(#13479));
#10732=EDGE_CURVE('',#13191,#13480,#13481,.T.);
#10733=EDGE_CURVE('',#13480,#12281,#13482,.T.);
#10734=FILL_AREA_STYLE('',(#13483));
#10735=EDGE_CURVE('',#13484,#12336,#13485,.T.);
#10736=EDGE_CURVE('',#12809,#13484,#13486,.T.);
#10737=FILL_AREA_STYLE('',(#13487));
#10738=EDGE_CURVE('',#13488,#12585,#13489,.T.);
#10739=EDGE_CURVE('',#13490,#13488,#13491,.T.);
#10740=EDGE_CURVE('',#13490,#12587,#13492,.T.);
#10741=FILL_AREA_STYLE('',(#13493));
#10742=EDGE_CURVE('',#13494,#11557,#13495,.T.);
#10743=EDGE_CURVE('',#13494,#12406,#13496,.T.);
#10744=FILL_AREA_STYLE('',(#13497));
#10745=EDGE_CURVE('',#13498,#13208,#13499,.T.);
#10746=EDGE_CURVE('',#13212,#13500,#13501,.T.);
#10747=EDGE_CURVE('',#13498,#13500,#13502,.T.);
#10748=FILL_AREA_STYLE('',(#13503));
#10749=EDGE_CURVE('',#13504,#12958,#13505,.T.);
#10750=EDGE_CURVE('',#13504,#12611,#13506,.T.);
#10751=FILL_AREA_STYLE('',(#13507));
#10752=EDGE_CURVE('',#13508,#12572,#13509,.T.);
#10753=EDGE_CURVE('',#11875,#13508,#13510,.T.);
#10754=FILL_AREA_STYLE('',(#13511));
#10755=EDGE_CURVE('',#11867,#13297,#13512,.T.);
#10756=FILL_AREA_STYLE('',(#13513));
#10757=EDGE_CURVE('',#13514,#12638,#13515,.T.);
#10758=EDGE_CURVE('',#13516,#13514,#13517,.T.);
#10759=EDGE_CURVE('',#13516,#12632,#13518,.T.);
#10760=FILL_AREA_STYLE('',(#13519));
#10761=EDGE_CURVE('',#13520,#13521,#13522,.F.);
#10762=EDGE_CURVE('',#13520,#13054,#13523,.F.);
#10763=EDGE_CURVE('',#13061,#13524,#13525,.F.);
#10764=EDGE_CURVE('',#13524,#12169,#13526,.F.);
#10765=EDGE_CURVE('',#13527,#12827,#13528,.F.);
#10766=EDGE_CURVE('',#13521,#13527,#13529,.F.);
#10767=FILL_AREA_STYLE('',(#13530));
#10768=EDGE_CURVE('',#11959,#13531,#13532,.T.);
#10769=EDGE_CURVE('',#13531,#11758,#13533,.T.);
#10770=FILL_AREA_STYLE('',(#13534));
#10771=EDGE_CURVE('',#12847,#13490,#13535,.T.);
#10772=FILL_AREA_STYLE('',(#13536));
#10773=EDGE_CURVE('',#13524,#13259,#13537,.F.);
#10774=FILL_AREA_STYLE('',(#13538));
#10775=EDGE_CURVE('',#13539,#12546,#13540,.T.);
#10776=EDGE_CURVE('',#13541,#13539,#13542,.T.);
#10777=EDGE_CURVE('',#13541,#12548,#13543,.T.);
#10778=FILL_AREA_STYLE('',(#13544));
#10779=EDGE_CURVE('',#11851,#13404,#13545,.T.);
#10780=FILL_AREA_STYLE('',(#13546));
#10781=EDGE_CURVE('',#12133,#13547,#13548,.T.);
#10782=EDGE_CURVE('',#13398,#13547,#13549,.T.);
#10783=EDGE_CURVE('',#13398,#12135,#13550,.T.);
#10784=FILL_AREA_STYLE('',(#13551));
#10785=EDGE_CURVE('',#12183,#13445,#13552,.T.);
#10786=EDGE_CURVE('',#12181,#13447,#13553,.T.);
#10787=FILL_AREA_STYLE('',(#13554));
#10788=EDGE_CURVE('',#11960,#13555,#13556,.T.);
#10789=EDGE_CURVE('',#13557,#13555,#13558,.T.);
#10790=EDGE_CURVE('',#13559,#13557,#13560,.T.);
#10791=EDGE_CURVE('',#13559,#13561,#13562,.T.);
#10792=EDGE_CURVE('',#13563,#13561,#13564,.T.);
#10793=EDGE_CURVE('',#11934,#13563,#13565,.T.);
#10794=EDGE_CURVE('',#13566,#11935,#13567,.T.);
#10795=EDGE_CURVE('',#13531,#13566,#13568,.T.);
#10796=FILL_AREA_STYLE('',(#13569));
#10797=EDGE_CURVE('',#13195,#12699,#13570,.T.);
#10798=FILL_AREA_STYLE('',(#13571));
#10799=EDGE_CURVE('',#13572,#12055,#13573,.T.);
#10800=EDGE_CURVE('',#13572,#13574,#13575,.T.);
#10801=EDGE_CURVE('',#13574,#12057,#13576,.T.);
#10802=FILL_AREA_STYLE('',(#13577));
#10803=EDGE_CURVE('',#13561,#13048,#13578,.T.);
#10804=EDGE_CURVE('',#11604,#13559,#13579,.T.);
#10805=EDGE_CURVE('',#13580,#13200,#13581,.T.);
#10806=EDGE_CURVE('',#12094,#13580,#13582,.T.);
#10807=EDGE_CURVE('',#11805,#12095,#13583,.T.);
#10808=EDGE_CURVE('',#13584,#12067,#13585,.T.);
#10809=EDGE_CURVE('',#11716,#13584,#13586,.T.);
#10810=EDGE_CURVE('',#13587,#12046,#13588,.T.);
#10811=EDGE_CURVE('',#13589,#13587,#13590,.T.);
#10812=EDGE_CURVE('',#12027,#13589,#13591,.T.);
#10813=EDGE_CURVE('',#12028,#13022,#13592,.T.);
#10814=FILL_AREA_STYLE('',(#13593));
#10815=EDGE_CURVE('',#13594,#13445,#13595,.F.);
#10816=EDGE_CURVE('',#13594,#12162,#13596,.F.);
#10817=FILL_AREA_STYLE('',(#13597));
#10818=EDGE_CURVE('',#13598,#12366,#13599,.T.);
#10819=EDGE_CURVE('',#13600,#13598,#13601,.T.);
#10820=EDGE_CURVE('',#13600,#12368,#13602,.T.);
#10821=FILL_AREA_STYLE('',(#13603));
#10822=EDGE_CURVE('',#13604,#12010,#13605,.T.);
#10823=EDGE_CURVE('',#13604,#13289,#13606,.T.);
#10824=FILL_AREA_STYLE('',(#13607));
#10825=EDGE_CURVE('',#12827,#12793,#13608,.F.);
#10826=EDGE_CURVE('',#12791,#13527,#13609,.F.);
#10827=FILL_AREA_STYLE('',(#13610));
#10828=EDGE_CURVE('',#12843,#13137,#13611,.T.);
#10829=FILL_AREA_STYLE('',(#13612));
#10830=EDGE_CURVE('',#13613,#13086,#13614,.T.);
#10831=EDGE_CURVE('',#13613,#12312,#13615,.T.);
#10832=FILL_AREA_STYLE('',(#13616));
#10833=EDGE_CURVE('',#13617,#12775,#13618,.T.);
#10834=EDGE_CURVE('',#13617,#12460,#13619,.T.);
#10835=FILL_AREA_STYLE('',(#13620));
#10836=EDGE_CURVE('',#12299,#13621,#13622,.T.);
#10837=EDGE_CURVE('',#11544,#13621,#13623,.T.);
#10838=FILL_AREA_STYLE('',(#13624));
#10839=EDGE_CURVE('',#13625,#12048,#13626,.T.);
#10840=EDGE_CURVE('',#13625,#13308,#13627,.T.);
#10841=FILL_AREA_STYLE('',(#13628));
#10842=EDGE_CURVE('',#12795,#12825,#13629,.T.);
#10843=FILL_AREA_STYLE('',(#13630));
#10844=EDGE_CURVE('',#12177,#11535,#13631,.T.);
#10845=FILL_AREA_STYLE('',(#13632));
#10846=EDGE_CURVE('',#11739,#11901,#13633,.T.);
#10847=FILL_AREA_STYLE('',(#13634));
#10848=EDGE_CURVE('',#13635,#13261,#13636,.T.);
#10849=EDGE_CURVE('',#13258,#13637,#13638,.T.);
#10850=EDGE_CURVE('',#13637,#13059,#13639,.T.);
#10851=EDGE_CURVE('',#13640,#13057,#13641,.T.);
#10852=EDGE_CURVE('',#13642,#13640,#13643,.T.);
#10853=EDGE_CURVE('',#13642,#13635,#13644,.T.);
#10854=EDGE_CURVE('',#13645,#13646,#13647,.T.);
#10855=EDGE_CURVE('',#13646,#13645,#13648,.T.);
#10856=FILL_AREA_STYLE('',(#13649));
#10857=EDGE_CURVE('',#13650,#13651,#13652,.T.);
#10858=EDGE_CURVE('',#11698,#13651,#13653,.T.);
#10859=EDGE_CURVE('',#13650,#11702,#13654,.T.);
#10860=FILL_AREA_STYLE('',(#13655));
#10861=EDGE_CURVE('',#13143,#13010,#13656,.T.);
#10862=FILL_AREA_STYLE('',(#13657));
#10863=EDGE_CURVE('',#13658,#13520,#13659,.T.);
#10864=EDGE_CURVE('',#13521,#13660,#13661,.T.);
#10865=EDGE_CURVE('',#13660,#13658,#13662,.T.);
#10866=FILL_AREA_STYLE('',(#13663));
#10867=EDGE_CURVE('',#13664,#12721,#13665,.T.);
#10868=EDGE_CURVE('',#13664,#12507,#13666,.T.);
#10869=FILL_AREA_STYLE('',(#13667));
#10870=EDGE_CURVE('',#13668,#13422,#13669,.T.);
#10871=EDGE_CURVE('',#13668,#12517,#13670,.T.);
#10872=FILL_AREA_STYLE('',(#13671));
#10873=EDGE_CURVE('',#12803,#13504,#13672,.T.);
#10874=FILL_AREA_STYLE('',(#13673));
#10875=EDGE_CURVE('',#12035,#13674,#13675,.T.);
#10876=EDGE_CURVE('',#13674,#13676,#13677,.T.);
#10877=EDGE_CURVE('',#13676,#12037,#13678,.T.);
#10878=FILL_AREA_STYLE('',(#13679));
#10879=EDGE_CURVE('',#13680,#12560,#13681,.T.);
#10880=EDGE_CURVE('',#13454,#13680,#13682,.T.);
#10881=FILL_AREA_STYLE('',(#13683));
#10882=EDGE_CURVE('',#11539,#13118,#13684,.T.);
#10883=FILL_AREA_STYLE('',(#13685));
#10884=EDGE_CURVE('',#13163,#13600,#13686,.T.);
#10885=FILL_AREA_STYLE('',(#13687));
#10886=EDGE_CURVE('',#13688,#11998,#13689,.T.);
#10887=EDGE_CURVE('',#13688,#13690,#13691,.T.);
#10888=EDGE_CURVE('',#13690,#12000,#13692,.T.);
#10889=FILL_AREA_STYLE('',(#13693));
#10890=EDGE_CURVE('',#13539,#12668,#13694,.T.);
#10891=FILL_AREA_STYLE('',(#13695));
#10892=EDGE_CURVE('',#11693,#11688,#13696,.T.);
#10893=FILL_AREA_STYLE('',(#13697));
#10894=EDGE_CURVE('',#13698,#12918,#13699,.T.);
#10895=EDGE_CURVE('',#13698,#12224,#13700,.T.);
#10896=FILL_AREA_STYLE('',(#13701));
#10897=EDGE_CURVE('',#12919,#13272,#13702,.T.);
#10898=FILL_AREA_STYLE('',(#13703));
#10899=EDGE_CURVE('',#13365,#13704,#13705,.T.);
#10900=EDGE_CURVE('',#13704,#12301,#13706,.T.);
#10901=FILL_AREA_STYLE('',(#13707));
#10902=EDGE_CURVE('',#12233,#13708,#13709,.T.);
#10903=EDGE_CURVE('',#13708,#13710,#13711,.T.);
#10904=EDGE_CURVE('',#13710,#12236,#13712,.T.);
#10905=FILL_AREA_STYLE('',(#13713));
#10906=EDGE_CURVE('',#13355,#12788,#13714,.T.);
#10907=EDGE_CURVE('',#11792,#13355,#13715,.T.);
#10908=FILL_AREA_STYLE('',(#13716));
#10909=EDGE_CURVE('',#13302,#13283,#13717,.T.);
#10910=FILL_AREA_STYLE('',(#13718));
#10911=EDGE_CURVE('',#13719,#13131,#13720,.T.);
#10912=EDGE_CURVE('',#13719,#12373,#13721,.T.);
#10913=FILL_AREA_STYLE('',(#13722));
#10914=EDGE_CURVE('',#13723,#12498,#13724,.T.);
#10915=EDGE_CURVE('',#13065,#13723,#13725,.T.);
#10916=FILL_AREA_STYLE('',(#13726));
#10917=EDGE_CURVE('',#13727,#13384,#13728,.T.);
#10918=EDGE_CURVE('',#13727,#12354,#13729,.T.);
#10919=FILL_AREA_STYLE('',(#13730));
#10920=EDGE_CURVE('',#13470,#13731,#13732,.T.);
#10921=EDGE_CURVE('',#13731,#12273,#13733,.T.);
#10922=FILL_AREA_STYLE('',(#13734));
#10923=EDGE_CURVE('',#13273,#13735,#13736,.T.);
#10924=EDGE_CURVE('',#12219,#13735,#13737,.T.);
#10925=FILL_AREA_STYLE('',(#13738));
#10926=EDGE_CURVE('',#13739,#12411,#13740,.T.);
#10927=EDGE_CURVE('',#11555,#13739,#13741,.T.);
#10928=FILL_AREA_STYLE('',(#13742));
#10929=EDGE_CURVE('',#12705,#12867,#13743,.T.);
#10930=FILL_AREA_STYLE('',(#13744));
#10931=EDGE_CURVE('',#11909,#13572,#13745,.T.);
#10932=FILL_AREA_STYLE('',(#13746));
#10933=EDGE_CURVE('',#13747,#12925,#13748,.T.);
#10934=EDGE_CURVE('',#13747,#12985,#13749,.T.);
#10935=FILL_AREA_STYLE('',(#13750));
#10936=EDGE_CURVE('',#13574,#13751,#13752,.T.);
#10937=EDGE_CURVE('',#13751,#12059,#13753,.T.);
#10938=FILL_AREA_STYLE('',(#13754));
#10939=EDGE_CURVE('',#13646,#12660,#13755,.T.);
#10940=EDGE_CURVE('',#12662,#13645,#13756,.T.);
#10941=FILL_AREA_STYLE('',(#13757));
#10942=EDGE_CURVE('',#13758,#11939,#13759,.T.);
#10943=EDGE_CURVE('',#13758,#11836,#13760,.T.);
#10944=FILL_AREA_STYLE('',(#13761));
#10945=EDGE_CURVE('',#13762,#12569,#13763,.T.);
#10946=EDGE_CURVE('',#13764,#13762,#13765,.T.);
#10947=EDGE_CURVE('',#13764,#12570,#13766,.T.);
#10948=FILL_AREA_STYLE('',(#13767));
#10949=EDGE_CURVE('',#11794,#13768,#13769,.T.);
#10950=EDGE_CURVE('',#13353,#13768,#13770,.T.);
#10951=FILL_AREA_STYLE('',(#13771));
#10952=EDGE_CURVE('',#13772,#12625,#13773,.T.);
#10953=EDGE_CURVE('',#12761,#13772,#13774,.T.);
#10954=FILL_AREA_STYLE('',(#13775));
#10955=EDGE_CURVE('',#13508,#13764,#13776,.T.);
#10956=FILL_AREA_STYLE('',(#13777));
#10957=EDGE_CURVE('',#13778,#13222,#13779,.T.);
#10958=EDGE_CURVE('',#13778,#12490,#13780,.T.);
#10959=FILL_AREA_STYLE('',(#13781));
#10960=EDGE_CURVE('',#13782,#12216,#13783,.T.);
#10961=EDGE_CURVE('',#13782,#11827,#13784,.T.);
#10962=FILL_AREA_STYLE('',(#13785));
#10963=EDGE_CURVE('',#13786,#12409,#13787,.T.);
#10964=EDGE_CURVE('',#13739,#13786,#13788,.T.);
#10965=FILL_AREA_STYLE('',(#13789));
#10966=FILL_AREA_STYLE('',(#13790));
#10967=EDGE_CURVE('',#13791,#12358,#13792,.T.);
#10968=EDGE_CURVE('',#13793,#13791,#13794,.T.);
#10969=EDGE_CURVE('',#13793,#12347,#13795,.T.);
#10970=FILL_AREA_STYLE('',(#13796));
#10971=EDGE_CURVE('',#13797,#13456,#13798,.T.);
#10972=EDGE_CURVE('',#13797,#12566,#13799,.T.);
#10973=FILL_AREA_STYLE('',(#13800));
#10974=EDGE_CURVE('',#13801,#12382,#13802,.T.);
#10975=EDGE_CURVE('',#13803,#13801,#13804,.T.);
#10976=EDGE_CURVE('',#13803,#12383,#13805,.T.);
#10977=FILL_AREA_STYLE('',(#13806));
#10978=EDGE_CURVE('',#13807,#12641,#13808,.T.);
#10979=EDGE_CURVE('',#12871,#13807,#13809,.T.);
#10980=FILL_AREA_STYLE('',(#13810));
#10981=EDGE_CURVE('',#13621,#12715,#13811,.T.);
#10982=FILL_AREA_STYLE('',(#13812));
#10983=EDGE_CURVE('',#12179,#12983,#13813,.T.);
#10984=EDGE_CURVE('',#12987,#11700,#13814,.F.);
#10985=EDGE_CURVE('',#11580,#11700,#13815,.F.);
#10986=EDGE_CURVE('',#13447,#11586,#13816,.F.);
#10987=FILL_AREA_STYLE('',(#13817));
#10988=EDGE_CURVE('',#13244,#12950,#13818,.F.);
#10989=FILL_AREA_STYLE('',(#13819));
#10990=EDGE_CURVE('',#13820,#12201,#13821,.T.);
#10991=EDGE_CURVE('',#13820,#12757,#13822,.T.);
#10992=FILL_AREA_STYLE('',(#13823));
#10993=EDGE_CURVE('',#13044,#12865,#13824,.T.);
#10994=FILL_AREA_STYLE('',(#13825));
#10995=EDGE_CURVE('',#13710,#13826,#13827,.T.);
#10996=EDGE_CURVE('',#13826,#12238,#13828,.T.);
#10997=FILL_AREA_STYLE('',(#13829));
#10998=EDGE_CURVE('',#13830,#11990,#13831,.T.);
#10999=EDGE_CURVE('',#13410,#13830,#13832,.T.);
#11000=FILL_AREA_STYLE('',(#13833));
#11001=EDGE_CURVE('',#13834,#13541,#13835,.T.);
#11002=EDGE_CURVE('',#13834,#12550,#13836,.T.);
#11003=FILL_AREA_STYLE('',(#13837));
#11004=EDGE_CURVE('',#13012,#13097,#13838,.T.);
#11005=FILL_AREA_STYLE('',(#13839));
#11006=EDGE_CURVE('',#13840,#12464,#13841,.T.);
#11007=EDGE_CURVE('',#13349,#13840,#13842,.T.);
#11008=FILL_AREA_STYLE('',(#13843));
#11009=EDGE_CURVE('',#13563,#13844,#13845,.T.);
#11010=EDGE_CURVE('',#13844,#11937,#13846,.T.);
#11011=FILL_AREA_STYLE('',(#13847));
#11012=EDGE_CURVE('',#13310,#13587,#13848,.T.);
#11013=FILL_AREA_STYLE('',(#13849));
#11014=EDGE_CURVE('',#13480,#13850,#13851,.T.);
#11015=EDGE_CURVE('',#13850,#12283,#13852,.T.);
#11016=FILL_AREA_STYLE('',(#13853));
#11017=EDGE_CURVE('',#13854,#12326,#13855,.T.);
#11018=EDGE_CURVE('',#13004,#13854,#13856,.T.);
#11019=FILL_AREA_STYLE('',(#13857));
#11020=EDGE_CURVE('',#11735,#13557,#13858,.T.);
#11021=EDGE_CURVE('',#13559,#11733,#13859,.T.);
#11022=FILL_AREA_STYLE('',(#13860));
#11023=EDGE_CURVE('',#12903,#13861,#13862,.F.);
#11024=EDGE_CURVE('',#11664,#13861,#13863,.F.);
#11025=EDGE_CURVE('',#11671,#12904,#13864,.T.);
#11026=FILL_AREA_STYLE('',(#13865));
#11027=EDGE_CURVE('',#12972,#12805,#13866,.T.);
#11028=FILL_AREA_STYLE('',(#13867));
#11029=EDGE_CURVE('',#13723,#12769,#13868,.T.);
#11030=FILL_AREA_STYLE('',(#13869));
#11031=EDGE_CURVE('',#12813,#13361,#13870,.T.);
#11032=FILL_AREA_STYLE('',(#13871));
#11033=EDGE_CURVE('',#13236,#13100,#13872,.T.);
#11034=FILL_AREA_STYLE('',(#13873));
#11035=EDGE_CURVE('',#13402,#13664,#13874,.T.);
#11036=FILL_AREA_STYLE('',(#13875));
#11037=EDGE_CURVE('',#13876,#12474,#13877,.T.);
#11038=EDGE_CURVE('',#13878,#13876,#13879,.T.);
#11039=EDGE_CURVE('',#13878,#12476,#13880,.T.);
#11040=FILL_AREA_STYLE('',(#13881));
#11041=EDGE_CURVE('',#13882,#12275,#13883,.T.);
#11042=EDGE_CURVE('',#13882,#13884,#13885,.T.);
#11043=EDGE_CURVE('',#13884,#12265,#13886,.T.);
#11044=FILL_AREA_STYLE('',(#13887));
#11045=EDGE_CURVE('',#12936,#11982,#13888,.T.);
#11046=EDGE_CURVE('',#12819,#13392,#13889,.T.);
#11047=EDGE_CURVE('',#13890,#11994,#13891,.T.);
#11048=EDGE_CURVE('',#11707,#13890,#13892,.T.);
#11049=FILL_AREA_STYLE('',(#13893));
#11050=EDGE_CURVE('',#12936,#13094,#13894,.T.);
#11051=EDGE_CURVE('',#13895,#13830,#13896,.T.);
#11052=EDGE_CURVE('',#11945,#13895,#13897,.T.);
#11053=FILL_AREA_STYLE('',(#13898));
#11054=EDGE_CURVE('',#13899,#12324,#13900,.T.);
#11055=EDGE_CURVE('',#13854,#13899,#13901,.T.);
#11056=FILL_AREA_STYLE('',(#13902));
#11057=EDGE_CURVE('',#13521,#11796,#13903,.F.);
#11058=FILL_AREA_STYLE('',(#13904));
#11059=EDGE_CURVE('',#13905,#12648,#13906,.T.);
#11060=EDGE_CURVE('',#13907,#13905,#13908,.T.);
#11061=EDGE_CURVE('',#13907,#12650,#13909,.T.);
#11062=FILL_AREA_STYLE('',(#13910));
#11063=EDGE_CURVE('',#11737,#13911,#13912,.T.);
#11064=EDGE_CURVE('',#13911,#11901,#13913,.T.);
#11065=FILL_AREA_STYLE('',(#13914));
#11066=EDGE_CURVE('',#13915,#12526,#13916,.T.);
#11067=EDGE_CURVE('',#13917,#13915,#13918,.T.);
#11068=EDGE_CURVE('',#13917,#12527,#13919,.T.);
#11069=FILL_AREA_STYLE('',(#13920));
#11070=EDGE_CURVE('',#11727,#12891,#13921,.T.);
#11071=FILL_AREA_STYLE('',(#13922));
#11072=EDGE_CURVE('',#13923,#12531,#13924,.T.);
#11073=EDGE_CURVE('',#13038,#13923,#13925,.T.);
#11074=FILL_AREA_STYLE('',(#13926));
#11075=EDGE_CURVE('',#11751,#13547,#13927,.T.);
#11076=FILL_AREA_STYLE('',(#13928));
#11077=EDGE_CURVE('',#13861,#13594,#13929,.F.);
#11078=EDGE_CURVE('',#11663,#13594,#13930,.T.);
#11079=FILL_AREA_STYLE('',(#13931));
#11080=EDGE_CURVE('',#12141,#13932,#13933,.F.);
#11081=EDGE_CURVE('',#11684,#13932,#13934,.T.);
#11082=FILL_AREA_STYLE('',(#13935));
#11083=EDGE_CURVE('',#13936,#12604,#13937,.T.);
#11084=EDGE_CURVE('',#11593,#13936,#13938,.T.);
#11085=FILL_AREA_STYLE('',(#13939));
#11086=EDGE_CURVE('',#13940,#12861,#13941,.T.);
#11087=EDGE_CURVE('',#13940,#12415,#13942,.T.);
#11088=FILL_AREA_STYLE('',(#13943));
#11089=EDGE_CURVE('',#13690,#13890,#13944,.T.);
#11090=FILL_AREA_STYLE('',(#13945));
#11091=EDGE_CURVE('',#13327,#13635,#13946,.F.);
#11092=FILL_AREA_STYLE('',(#13947));
#11093=EDGE_CURVE('',#13359,#13668,#13948,.T.);
#11094=FILL_AREA_STYLE('',(#13949));
#11095=EDGE_CURVE('',#13950,#13314,#13951,.T.);
#11096=EDGE_CURVE('',#13950,#12621,#13952,.T.);
#11097=FILL_AREA_STYLE('',(#13953));
#11098=EDGE_CURVE('',#13954,#12008,#13955,.T.);
#11099=EDGE_CURVE('',#13954,#13604,#13956,.T.);
#11100=FILL_AREA_STYLE('',(#13957));
#11101=FILL_AREA_STYLE('',(#13958));
#11102=EDGE_CURVE('',#13959,#13498,#13960,.T.);
#11103=EDGE_CURVE('',#13500,#13108,#13961,.T.);
#11104=EDGE_CURVE('',#13108,#13959,#13962,.T.);
#11105=FILL_AREA_STYLE('',(#13963));
#11106=EDGE_CURVE('',#13339,#12747,#13964,.T.);
#11107=FILL_AREA_STYLE('',(#13965));
#11108=EDGE_CURVE('',#12163,#13246,#13966,.T.);
#11109=EDGE_CURVE('',#12825,#13246,#13967,.F.);
#11110=FILL_AREA_STYLE('',(#13968));
#11111=EDGE_CURVE('',#13751,#11915,#13969,.T.);
#11112=FILL_AREA_STYLE('',(#13970));
#11113=EDGE_CURVE('',#13431,#13954,#13971,.T.);
#11114=FILL_AREA_STYLE('',(#13972));
#11115=EDGE_CURVE('',#12821,#13688,#13973,.T.);
#11116=FILL_AREA_STYLE('',(#13974));
#11117=EDGE_CURVE('',#13975,#12635,#13976,.T.);
#11118=EDGE_CURVE('',#11639,#13975,#13977,.T.);
#11119=FILL_AREA_STYLE('',(#13978));
#11120=EDGE_CURVE('',#13979,#13067,#13980,.T.);
#11121=EDGE_CURVE('',#13979,#12493,#13981,.T.);
#11122=FILL_AREA_STYLE('',(#13982));
#11123=EDGE_CURVE('',#13983,#12781,#13984,.T.);
#11124=EDGE_CURVE('',#13983,#12344,#13985,.T.);
#11125=FILL_AREA_STYLE('',(#13986));
#11126=EDGE_CURVE('',#13987,#12016,#13988,.T.);
#11127=EDGE_CURVE('',#13989,#12024,#13990,.T.);
#11128=EDGE_CURVE('',#13989,#13987,#13991,.T.);
#11129=FILL_AREA_STYLE('',(#13992));
#11130=EDGE_CURVE('',#13993,#13917,#13994,.T.);
#11131=EDGE_CURVE('',#13993,#12529,#13995,.T.);
#11132=FILL_AREA_STYLE('',(#13996));
#11133=EDGE_CURVE('',#11844,#12680,#13997,.T.);
#11134=FILL_AREA_STYLE('',(#13998));
#11135=EDGE_CURVE('',#13999,#12043,#14000,.T.);
#11136=EDGE_CURVE('',#13999,#11907,#14001,.T.);
#11137=FILL_AREA_STYLE('',(#14002));
#11138=EDGE_CURVE('',#13169,#13820,#14003,.T.);
#11139=FILL_AREA_STYLE('',(#14004));
#11140=EDGE_CURVE('',#11630,#14005,#14006,.T.);
#11141=EDGE_CURVE('',#14005,#12104,#14007,.T.);
#11142=FILL_AREA_STYLE('',(#14008));
#11143=EDGE_CURVE('',#12691,#13370,#14009,.T.);
#11144=EDGE_CURVE('',#14010,#12695,#14011,.T.);
#11145=EDGE_CURVE('',#13369,#14010,#14012,.T.);
#11146=FILL_AREA_STYLE('',(#14013));
#11147=EDGE_CURVE('',#14014,#13698,#14015,.T.);
#11148=EDGE_CURVE('',#14014,#12222,#14016,.T.);
#11149=FILL_AREA_STYLE('',(#14017));
#11150=EDGE_CURVE('',#14018,#12375,#14019,.T.);
#11151=EDGE_CURVE('',#13129,#14018,#14020,.T.);
#11152=FILL_AREA_STYLE('',(#14021));
#11153=FILL_AREA_STYLE('',(#14022));
#11154=EDGE_CURVE('',#13905,#12855,#14023,.T.);
#11155=FILL_AREA_STYLE('',(#14024));
#11156=EDGE_CURVE('',#14025,#13034,#14026,.T.);
#11157=EDGE_CURVE('',#14025,#12596,#14027,.T.);
#11158=FILL_AREA_STYLE('',(#14028));
#11159=EDGE_CURVE('',#14029,#12022,#14030,.T.);
#11160=EDGE_CURVE('',#14029,#13989,#14031,.T.);
#11161=FILL_AREA_STYLE('',(#14032));
#11162=EDGE_CURVE('',#14033,#14034,#14035,.T.);
#11163=EDGE_CURVE('',#14034,#13932,#14036,.T.);
#11164=EDGE_CURVE('',#13932,#14037,#14038,.T.);
#11165=EDGE_CURVE('',#14037,#14033,#14039,.T.);
#11166=FILL_AREA_STYLE('',(#14040));
#11167=EDGE_CURVE('',#12837,#14041,#14042,.T.);
#11168=EDGE_CURVE('',#14041,#12089,#14043,.T.);
#11169=FILL_AREA_STYLE('',(#14044));
#11170=EDGE_CURVE('',#14045,#13727,#14046,.T.);
#11171=EDGE_CURVE('',#14045,#12356,#14047,.T.);
#11172=FILL_AREA_STYLE('',(#14048));
#11173=EDGE_CURVE('',#14049,#12481,#14050,.T.);
#11174=EDGE_CURVE('',#14051,#14049,#14052,.T.);
#11175=EDGE_CURVE('',#14051,#12482,#14053,.T.);
#11176=FILL_AREA_STYLE('',(#14054));
#11177=EDGE_CURVE('',#12151,#13500,#14055,.T.);
#11178=FILL_AREA_STYLE('',(#14056));
#11179=EDGE_CURVE('',#13187,#13999,#14057,.T.);
#11180=FILL_AREA_STYLE('',(#14058));
#11181=FILL_AREA_STYLE('',(#14059));
#11182=EDGE_CURVE('',#13135,#12841,#14060,.T.);
#11183=FILL_AREA_STYLE('',(#14061));
#11184=FILL_AREA_STYLE('',(#14062));
#11185=EDGE_CURVE('',#13524,#13637,#14063,.F.);
#11186=FILL_AREA_STYLE('',(#14064));
#11187=EDGE_CURVE('',#13899,#13006,#14065,.T.);
#11188=FILL_AREA_STYLE('',(#14066));
#11189=FILL_AREA_STYLE('',(#14067));
#11190=EDGE_CURVE('',#12767,#13979,#14068,.T.);
#11191=FILL_AREA_STYLE('',(#14069));
#11192=EDGE_CURVE('',#11702,#13747,#14070,.T.);
#11193=FILL_AREA_STYLE('',(#14071));
#11194=EDGE_CURVE('',#14072,#13345,#14073,.T.);
#11195=EDGE_CURVE('',#14072,#12445,#14074,.T.);
#11196=FILL_AREA_STYLE('',(#14075));
#11197=EDGE_CURVE('',#13114,#14076,#14077,.T.);
#11198=EDGE_CURVE('',#14076,#12020,#14078,.T.);
#11199=FILL_AREA_STYLE('',(#14079));
#11200=EDGE_CURVE('',#12678,#13226,#14080,.T.);
#11201=FILL_AREA_STYLE('',(#14081));
#11202=EDGE_CURVE('',#11968,#14082,#14083,.T.);
#11203=EDGE_CURVE('',#14082,#13293,#14084,.T.);
#11204=FILL_AREA_STYLE('',(#14085));
#11205=EDGE_CURVE('',#13807,#13907,#14086,.T.);
#11206=FILL_AREA_STYLE('',(#14087));
#11207=EDGE_CURVE('',#13460,#12938,#14088,.T.);
#11208=FILL_AREA_STYLE('',(#14089));
#11209=EDGE_CURVE('',#13177,#14090,#14091,.T.);
#11210=EDGE_CURVE('',#14090,#12261,#14092,.T.);
#11211=FILL_AREA_STYLE('',(#14093));
#11212=FILL_AREA_STYLE('',(#14094));
#11213=EDGE_CURVE('',#11807,#12976,#14095,.T.);
#11214=EDGE_CURVE('',#12978,#11809,#14096,.T.);
#11215=FILL_AREA_STYLE('',(#14097));
#11216=EDGE_CURVE('',#13844,#13758,#14098,.T.);
#11217=FILL_AREA_STYLE('',(#14099));
#11218=EDGE_CURVE('',#13323,#13584,#14100,.T.);
#11219=FILL_AREA_STYLE('',(#14101));
#11220=FILL_AREA_STYLE('',(#14102));
#11221=EDGE_CURVE('',#14103,#11877,#14104,.T.);
#11222=EDGE_CURVE('',#14103,#12575,#14105,.T.);
#11223=FILL_AREA_STYLE('',(#14106));
#11224=EDGE_CURVE('',#14107,#11979,#14108,.T.);
#11225=EDGE_CURVE('',#13429,#14107,#14109,.T.);
#11226=EDGE_CURVE('',#13112,#13287,#14110,.T.);
#11227=EDGE_CURVE('',#13674,#13987,#14111,.T.);
#11228=EDGE_CURVE('',#11969,#13911,#14112,.T.);
#11229=FILL_AREA_STYLE('',(#14113));
#11230=EDGE_CURVE('',#14037,#11682,#14114,.T.);
#11231=EDGE_CURVE('',#14037,#12145,#14115,.T.);
#11232=FILL_AREA_STYLE('',(#14116));
#11233=EDGE_CURVE('',#14034,#11679,#14117,.T.);
#11234=FILL_AREA_STYLE('',(#14118));
#11235=EDGE_CURVE('',#13547,#13267,#14119,.T.);
#11236=FILL_AREA_STYLE('',(#14120));
#11237=EDGE_CURVE('',#12701,#12729,#14121,.T.);
#11238=FILL_AREA_STYLE('',(#14122));
#11239=EDGE_CURVE('',#12914,#14107,#14123,.T.);
#11240=FILL_AREA_STYLE('',(#14124));
#11241=EDGE_CURVE('',#14125,#12674,#14126,.T.);
#11242=EDGE_CURVE('',#14125,#12389,#14127,.T.);
#11243=FILL_AREA_STYLE('',(#14128));
#11244=EDGE_CURVE('',#13762,#14103,#14129,.T.);
#11245=FILL_AREA_STYLE('',(#14130));
#11246=EDGE_CURVE('',#14076,#14029,#14131,.T.);
#11247=FILL_AREA_STYLE('',(#14132));
#11248=EDGE_CURVE('',#12113,#14133,#14134,.T.);
#11249=EDGE_CURVE('',#14133,#12831,#14135,.T.);
#11250=FILL_AREA_STYLE('',(#14136));
#11251=EDGE_CURVE('',#14137,#12450,#14138,.T.);
#11252=EDGE_CURVE('',#14139,#14137,#14140,.T.);
#11253=EDGE_CURVE('',#14139,#12452,#14141,.T.);
#11254=FILL_AREA_STYLE('',(#14142));
#11255=EDGE_CURVE('',#14082,#13240,#14143,.T.);
#11256=EDGE_CURVE('',#13555,#13911,#14144,.T.);
#11257=FILL_AREA_STYLE('',(#14145));
#11258=EDGE_CURVE('',#13915,#13040,#14146,.T.);
#11259=FILL_AREA_STYLE('',(#14147));
#11260=FILL_AREA_STYLE('',(#14148));
#11261=EDGE_CURVE('',#12924,#13650,#14149,.T.);
#11262=EDGE_CURVE('',#13651,#13072,#14150,.T.);
#11263=FILL_AREA_STYLE('',(#14151));
#11264=EDGE_CURVE('',#14152,#12285,#14153,.T.);
#11265=EDGE_CURVE('',#14152,#13016,#14154,.T.);
#11266=FILL_AREA_STYLE('',(#14155));
#11267=EDGE_CURVE('',#13731,#13882,#14156,.T.);
#11268=FILL_AREA_STYLE('',(#14157));
#11269=EDGE_CURVE('',#11778,#13613,#14158,.T.);
#11270=FILL_AREA_STYLE('',(#14159));
#11271=EDGE_CURVE('',#14160,#13983,#14161,.T.);
#11272=EDGE_CURVE('',#14160,#12335,#14162,.T.);
#11273=FILL_AREA_STYLE('',(#14163));
#11274=EDGE_CURVE('',#11838,#14164,#14165,.T.);
#11275=EDGE_CURVE('',#14164,#11942,#14166,.T.);
#11276=FILL_AREA_STYLE('',(#14167));
#11277=EDGE_CURVE('',#14168,#12557,#14169,.T.);
#11278=EDGE_CURVE('',#14170,#14168,#14171,.T.);
#11279=EDGE_CURVE('',#14170,#12558,#14172,.T.);
#11280=FILL_AREA_STYLE('',(#14173));
#11281=EDGE_CURVE('',#12887,#14139,#14174,.T.);
#11282=FILL_AREA_STYLE('',(#14175));
#11283=EDGE_CURVE('',#14176,#12264,#14177,.T.);
#11284=EDGE_CURVE('',#13884,#14176,#14178,.T.);
#11285=FILL_AREA_STYLE('',(#14179));
#11286=EDGE_CURVE('',#14180,#12242,#14181,.T.);
#11287=EDGE_CURVE('',#14180,#12875,#14182,.T.);
#11288=FILL_AREA_STYLE('',(#14183));
#11289=EDGE_CURVE('',#14184,#13494,#14185,.T.);
#11290=EDGE_CURVE('',#14184,#12407,#14186,.T.);
#11291=FILL_AREA_STYLE('',(#14187));
#11292=EDGE_CURVE('',#14188,#12234,#14189,.T.);
#11293=EDGE_CURVE('',#13826,#14188,#14190,.T.);
#11294=FILL_AREA_STYLE('',(#14191));
#11295=EDGE_CURVE('',#14192,#11623,#14193,.T.);
#11296=EDGE_CURVE('',#14192,#12590,#14194,.T.);
#11297=FILL_AREA_STYLE('',(#14195));
#11298=EDGE_CURVE('',#12267,#12976,#14196,.T.);
#11299=EDGE_CURVE('',#14133,#14176,#14197,.T.);
#11300=EDGE_CURVE('',#11628,#12751,#14198,.T.);
#11301=FILL_AREA_STYLE('',(#14199));
#11302=EDGE_CURVE('',#12741,#13198,#14200,.T.);
#11303=FILL_AREA_STYLE('',(#14201));
#11304=FILL_AREA_STYLE('',(#14202));
#11305=EDGE_CURVE('',#12348,#14203,#14204,.T.);
#11306=EDGE_CURVE('',#13382,#14203,#14205,.T.);
#11307=FILL_AREA_STYLE('',(#14206));
#11308=EDGE_CURVE('',#14005,#13435,#14207,.T.);
#11309=FILL_AREA_STYLE('',(#14208));
#11310=EDGE_CURVE('',#11718,#13625,#14209,.T.);
#11311=FILL_AREA_STYLE('',(#14210));
#11312=EDGE_CURVE('',#13936,#12883,#14211,.T.);
#11313=FILL_AREA_STYLE('',(#14212));
#11314=EDGE_CURVE('',#13032,#14192,#14213,.T.);
#11315=FILL_AREA_STYLE('',(#14214));
#11316=EDGE_CURVE('',#14215,#13250,#14216,.T.);
#11317=EDGE_CURVE('',#14215,#12583,#14217,.T.);
#11318=FILL_AREA_STYLE('',(#14218));
#11319=EDGE_CURVE('',#14219,#14051,#14220,.T.);
#11320=EDGE_CURVE('',#14219,#12484,#14221,.T.);
#11321=FILL_AREA_STYLE('',(#14222));
#11322=EDGE_CURVE('',#14223,#12364,#14224,.T.);
#11323=EDGE_CURVE('',#13598,#14223,#14225,.T.);
#11324=FILL_AREA_STYLE('',(#14226));
#11325=EDGE_CURVE('',#13676,#13185,#14227,.T.);
#11326=FILL_AREA_STYLE('',(#14228));
#11327=EDGE_CURVE('',#13782,#12946,#14229,.T.);
#11328=FILL_AREA_STYLE('',(#14230));
#11329=EDGE_CURVE('',#12251,#14231,#14232,.T.);
#11330=EDGE_CURVE('',#14090,#14231,#14233,.T.);
#11331=FILL_AREA_STYLE('',(#14234));
#11332=EDGE_CURVE('',#13850,#14152,#14235,.T.);
#11333=FILL_AREA_STYLE('',(#14236));
#11334=EDGE_CURVE('',#14237,#12123,#14238,.T.);
#11335=EDGE_CURVE('',#14237,#13204,#14239,.T.);
#11336=FILL_AREA_STYLE('',(#14240));
#11337=EDGE_CURVE('',#13080,#13341,#14241,.T.);
#11338=FILL_AREA_STYLE('',(#14242));
#11339=EDGE_CURVE('',#13895,#13141,#14243,.T.);
#11340=FILL_AREA_STYLE('',(#14244));
#11341=EDGE_CURVE('',#12672,#13803,#14245,.T.);
#11342=FILL_AREA_STYLE('',(#14246));
#11343=EDGE_CURVE('',#13209,#13959,#14247,.T.);
#11344=FILL_AREA_STYLE('',(#14248));
#11345=EDGE_CURVE('',#14249,#13516,#14250,.T.);
#11346=EDGE_CURVE('',#14249,#12633,#14251,.T.);
#11347=FILL_AREA_STYLE('',(#14252));
#11348=EDGE_CURVE('',#14253,#14125,#14254,.T.);
#11349=EDGE_CURVE('',#14253,#12391,#14255,.T.);
#11350=FILL_AREA_STYLE('',(#14256));
#11351=EDGE_CURVE('',#12153,#13212,#14257,.T.);
#11352=FILL_AREA_STYLE('',(#14258));
#11353=EDGE_CURVE('',#13704,#11543,#14259,.T.);
#11354=FILL_AREA_STYLE('',(#14260));
#11355=EDGE_CURVE('',#13388,#13408,#14261,.T.);
#11356=FILL_AREA_STYLE('',(#14262));
#11357=EDGE_CURVE('',#13157,#11595,#14263,.T.);
#11358=FILL_AREA_STYLE('',(#14264));
#11359=EDGE_CURVE('',#14203,#13793,#14265,.T.);
#11360=FILL_AREA_STYLE('',(#14266));
#11361=EDGE_CURVE('',#12121,#14267,#14268,.T.);
#11362=EDGE_CURVE('',#14267,#14237,#14269,.T.);
#11363=FILL_AREA_STYLE('',(#14270));
#11364=EDGE_CURVE('',#11767,#13234,#14271,.T.);
#11365=FILL_AREA_STYLE('',(#14272));
#11366=EDGE_CURVE('',#14231,#13474,#14273,.T.);
#11367=FILL_AREA_STYLE('',(#14274));
#11368=EDGE_CURVE('',#14049,#13778,#14275,.T.);
#11369=FILL_AREA_STYLE('',(#14276));
#11370=EDGE_CURVE('',#14168,#13797,#14277,.T.);
#11371=FILL_AREA_STYLE('',(#14278));
#11372=EDGE_CURVE('',#13281,#13878,#14279,.T.);
#11373=FILL_AREA_STYLE('',(#14280));
#11374=EDGE_CURVE('',#13333,#13940,#14281,.T.);
#11375=FILL_AREA_STYLE('',(#14282));
#11376=EDGE_CURVE('',#14283,#12428,#14284,.T.);
#11377=EDGE_CURVE('',#14285,#14283,#14286,.T.);
#11378=EDGE_CURVE('',#14285,#12430,#14287,.T.);
#11379=FILL_AREA_STYLE('',(#14288));
#11380=FILL_AREA_STYLE('',(#14289));
#11381=EDGE_CURVE('',#13580,#14290,#14291,.T.);
#11382=EDGE_CURVE('',#14290,#12097,#14292,.T.);
#11383=FILL_AREA_STYLE('',(#14293));
#11384=EDGE_CURVE('',#13801,#14253,#14294,.T.);
#11385=FILL_AREA_STYLE('',(#14295));
#11386=EDGE_CURVE('',#14296,#13617,#14297,.T.);
#11387=EDGE_CURVE('',#14296,#12462,#14298,.T.);
#11388=FILL_AREA_STYLE('',(#14299));
#11389=EDGE_CURVE('',#11528,#13719,#14300,.T.);
#11390=FILL_AREA_STYLE('',(#14301));
#11391=EDGE_CURVE('',#14302,#13335,#14303,.T.);
#11392=EDGE_CURVE('',#14302,#12420,#14304,.T.);
#11393=FILL_AREA_STYLE('',(#14305));
#11394=EDGE_CURVE('',#14306,#12099,#14307,.T.);
#11395=EDGE_CURVE('',#14290,#14306,#14308,.T.);
#11396=FILL_AREA_STYLE('',(#14309));
#11397=EDGE_CURVE('',#13923,#13993,#14310,.T.);
#11398=FILL_AREA_STYLE('',(#14311));
#11399=EDGE_CURVE('',#13840,#14296,#14312,.T.);
#11400=FILL_AREA_STYLE('',(#14313));
#11401=EDGE_CURVE('',#12695,#13642,#14314,.T.);
#11402=FILL_AREA_STYLE('',(#14315));
#11403=EDGE_CURVE('',#14316,#13950,#14317,.T.);
#11404=EDGE_CURVE('',#14316,#12623,#14318,.T.);
#11405=FILL_AREA_STYLE('',(#14319));
#11406=EDGE_CURVE('',#13791,#14045,#14320,.T.);
#11407=FILL_AREA_STYLE('',(#14321));
#11408=FILL_AREA_STYLE('',(#14322));
#11409=EDGE_CURVE('',#13735,#14014,#14323,.T.);
#11410=FILL_AREA_STYLE('',(#14324));
#11411=EDGE_CURVE('',#13786,#14184,#14325,.T.);
#11412=FILL_AREA_STYLE('',(#14326));
#11413=EDGE_CURVE('',#11818,#14072,#14327,.T.);
#11414=FILL_AREA_STYLE('',(#14328));
#11415=EDGE_CURVE('',#14267,#14306,#14329,.T.);
#11416=EDGE_CURVE('',#13468,#11516,#14330,.T.);
#11417=FILL_AREA_STYLE('',(#14331));
#11418=EDGE_CURVE('',#13464,#11729,#14332,.T.);
#11419=FILL_AREA_STYLE('',(#14333));
#11420=EDGE_CURVE('',#14334,#12091,#14335,.T.);
#11421=EDGE_CURVE('',#14334,#12998,#14336,.T.);
#11422=FILL_AREA_STYLE('',(#14337));
#11423=EDGE_CURVE('',#12859,#14302,#14338,.T.);
#11424=FILL_AREA_STYLE('',(#14339));
#11425=EDGE_CURVE('',#14340,#14285,#14341,.T.);
#11426=EDGE_CURVE('',#14340,#12432,#14342,.T.);
#11427=FILL_AREA_STYLE('',(#14343));
#11428=FILL_AREA_STYLE('',(#14344));
#11429=EDGE_CURVE('',#13054,#14345,#14346,.T.);
#11430=EDGE_CURVE('',#13373,#14345,#14347,.T.);
#11431=FILL_AREA_STYLE('',(#14348));
#11432=EDGE_CURVE('',#13589,#13394,#14349,.T.);
#11433=EDGE_CURVE('',#14041,#14334,#14350,.T.);
#11434=EDGE_CURVE('',#13437,#12995,#14351,.T.);
#11435=EDGE_CURVE('',#14164,#13566,#14352,.T.);
#11436=EDGE_CURVE('',#14345,#13658,#14353,.T.);
#11437=EDGE_CURVE('',#14354,#13660,#14355,.T.);
#11438=EDGE_CURVE('',#13768,#14354,#14356,.T.);
#11439=EDGE_CURVE('',#11697,#11866,#14357,.T.);
#11440=EDGE_CURVE('',#13230,#13181,#14358,.T.);
#11441=EDGE_CURVE('',#13153,#11646,#14359,.T.);
#11442=EDGE_CURVE('',#14360,#13175,#14361,.T.);
#11443=EDGE_CURVE('',#13476,#14360,#14362,.T.);
#11444=EDGE_CURVE('',#14188,#13708,#14363,.T.);
#11445=EDGE_CURVE('',#13319,#14180,#14364,.T.);
#11446=EDGE_CURVE('',#11829,#11858,#14365,.T.);
#11447=EDGE_CURVE('',#13484,#14160,#14366,.T.);
#11448=EDGE_CURVE('',#14367,#13165,#14368,.T.);
#11449=EDGE_CURVE('',#14223,#14367,#14369,.T.);
#11450=EDGE_CURVE('',#13076,#11575,#14370,.T.);
#11451=EDGE_CURVE('',#13514,#11641,#14371,.T.);
#11452=EDGE_CURVE('',#13975,#14249,#14372,.T.);
#11453=EDGE_CURVE('',#13772,#14316,#14373,.T.);
#11454=EDGE_CURVE('',#11621,#14025,#14374,.T.);
#11455=EDGE_CURVE('',#13488,#14215,#14375,.T.);
#11456=EDGE_CURVE('',#13680,#14170,#14376,.T.);
#11457=EDGE_CURVE('',#13418,#13834,#14377,.T.);
#11458=EDGE_CURVE('',#14018,#11530,#14378,.T.);
#11459=EDGE_CURVE('',#12745,#13082,#14379,.T.);
#11460=EDGE_CURVE('',#14283,#13254,#14380,.T.);
#11461=EDGE_CURVE('',#12735,#14340,#14381,.T.);
#11462=EDGE_CURVE('',#12709,#11820,#14382,.T.);
#11463=EDGE_CURVE('',#14137,#13414,#14383,.T.);
#11464=EDGE_CURVE('',#13876,#13304,#14384,.T.);
#11465=EDGE_CURVE('',#13220,#14219,#14385,.T.);
#11466=FILL_AREA_STYLE('',(#14386));
#11467=EDGE_CURVE('',#14354,#11796,#14387,.T.);
#11468=FILL_AREA_STYLE('',(#14388));
#11469=FILL_AREA_STYLE('',(#14389));
#11470=FILL_AREA_STYLE('',(#14390));
#11471=EDGE_CURVE('',#14360,#12255,#14391,.T.);
#11472=FILL_AREA_STYLE('',(#14392));
#11473=FILL_AREA_STYLE('',(#14393));
#11474=FILL_AREA_STYLE('',(#14394));
#11475=FILL_AREA_STYLE('',(#14395));
#11476=FILL_AREA_STYLE('',(#14396));
#11477=FILL_AREA_STYLE('',(#14397));
#11478=FILL_AREA_STYLE('',(#14398));
#11479=FILL_AREA_STYLE('',(#14399));
#11480=FILL_AREA_STYLE('',(#14400));
#11481=FILL_AREA_STYLE('',(#14401));
#11482=FILL_AREA_STYLE('',(#14402));
#11483=EDGE_CURVE('',#11680,#14033,#14403,.T.);
#11484=FILL_AREA_STYLE('',(#14404));
#11485=FILL_AREA_STYLE('',(#14405));
#11486=FILL_AREA_STYLE('',(#14406));
#11487=FILL_AREA_STYLE('',(#14407));
#11488=FILL_AREA_STYLE('',(#14408));
#11489=FILL_AREA_STYLE('',(#14409));
#11490=FILL_AREA_STYLE('',(#14410));
#11491=FILL_AREA_STYLE('',(#14411));
#11492=FILL_AREA_STYLE('',(#14412));
#11493=FILL_AREA_STYLE('',(#14413));
#11494=EDGE_CURVE('',#13640,#14010,#14414,.T.);
#11495=FILL_AREA_STYLE('',(#14415));
#11496=FILL_AREA_STYLE('',(#14416));
#11497=FILL_AREA_STYLE('',(#14417));
#11498=FILL_AREA_STYLE('',(#14418));
#11499=EDGE_CURVE('',#14367,#12362,#14419,.T.);
#11500=FILL_AREA_STYLE('',(#14420));
#11501=FILL_AREA_STYLE('',(#14421));
#11502=FILL_AREA_STYLE('',(#14422));
#11503=FILL_AREA_STYLE('',(#14423));
#11504=FILL_AREA_STYLE('',(#14424));
#11505=FILL_AREA_STYLE('',(#14425));
#11506=FILL_AREA_STYLE('',(#14426));
#11507=FILL_AREA_STYLE('',(#14427));
#11508=FILL_AREA_STYLE('',(#14428));
#11509=FILL_AREA_STYLE('',(#14429));
#11510=FILL_AREA_STYLE('',(#14430));
#11511=FILL_AREA_STYLE('',(#14431));
#11512=FILL_AREA_STYLE('',(#14432));
#11513=FILL_AREA_STYLE('',(#14433));
#11514=FILL_AREA_STYLE('',(#14434));
#11515=FILL_AREA_STYLE_COLOUR('',#14435);
#11516=VERTEX_POINT('',#14436);
#11517=VERTEX_POINT('',#14437);
#11518=LINE('',#14438,#14439);
#11519=VERTEX_POINT('',#14440);
#11520=LINE('',#14441,#14442);
#11521=VERTEX_POINT('',#14443);
#11522=LINE('',#14444,#14445);
#11523=LINE('',#14446,#14447);
#11524=FILL_AREA_STYLE_COLOUR('',#14448);
#11525=VERTEX_POINT('',#14449);
#11526=VERTEX_POINT('',#14450);
#11527=LINE('',#14451,#14452);
#11528=VERTEX_POINT('',#14453);
#11529=LINE('',#14454,#14455);
#11530=VERTEX_POINT('',#14456);
#11531=LINE('',#14457,#14458);
#11532=LINE('',#14459,#14460);
#11533=FILL_AREA_STYLE_COLOUR('',#14461);
#11534=VERTEX_POINT('',#14462);
#11535=VERTEX_POINT('',#14463);
#11536=LINE('',#14464,#14465);
#11537=VERTEX_POINT('',#14466);
#11538=CIRCLE('',#14467,0.15748031496063);
#11539=VERTEX_POINT('',#14468);
#11540=LINE('',#14469,#14470);
#11541=CIRCLE('',#14471,0.141732283464567);
#11542=FILL_AREA_STYLE_COLOUR('',#14472);
#11543=VERTEX_POINT('',#14473);
#11544=VERTEX_POINT('',#14474);
#11545=LINE('',#14475,#14476);
#11546=VERTEX_POINT('',#14477);
#11547=LINE('',#14478,#14479);
#11548=VERTEX_POINT('',#14480);
#11549=LINE('',#14481,#14482);
#11550=LINE('',#14483,#14484);
#11551=FILL_AREA_STYLE_COLOUR('',#14485);
#11552=VERTEX_POINT('',#14486);
#11553=VERTEX_POINT('',#14487);
#11554=LINE('',#14488,#14489);
#11555=VERTEX_POINT('',#14490);
#11556=LINE('',#14491,#14492);
#11557=VERTEX_POINT('',#14493);
#11558=LINE('',#14494,#14495);
#11559=LINE('',#14496,#14497);
#11560=FILL_AREA_STYLE_COLOUR('',#14498);
#11561=VERTEX_POINT('',#14499);
#11562=VERTEX_POINT('',#14500);
#11563=LINE('',#14501,#14502);
#11564=VERTEX_POINT('',#14503);
#11565=LINE('',#14504,#14505);
#11566=VERTEX_POINT('',#14506);
#11567=LINE('',#14507,#14508);
#11568=LINE('',#14509,#14510);
#11569=FILL_AREA_STYLE_COLOUR('',#14511);
#11570=VERTEX_POINT('',#14512);
#11571=VERTEX_POINT('',#14513);
#11572=LINE('',#14514,#14515);
#11573=VERTEX_POINT('',#14516);
#11574=LINE('',#14517,#14518);
#11575=VERTEX_POINT('',#14519);
#11576=LINE('',#14520,#14521);
#11577=LINE('',#14522,#14523);
#11578=FILL_AREA_STYLE_COLOUR('',#14524);
#11579=VERTEX_POINT('',#14525);
#11580=VERTEX_POINT('',#14526);
#11581=LINE('',#14527,#14528);
#11582=VERTEX_POINT('',#14529);
#11583=LINE('',#14530,#14531);
#11584=VERTEX_POINT('',#14532);
#11585=LINE('',#14533,#14534);
#11586=VERTEX_POINT('',#14535);
#11587=LINE('',#14536,#14537);
#11588=LINE('',#14538,#14539);
#11589=FILL_AREA_STYLE_COLOUR('',#14540);
#11590=VERTEX_POINT('',#14541);
#11591=VERTEX_POINT('',#14542);
#11592=LINE('',#14543,#14544);
#11593=VERTEX_POINT('',#14545);
#11594=LINE('',#14546,#14547);
#11595=VERTEX_POINT('',#14548);
#11596=LINE('',#14549,#14550);
#11597=LINE('',#14551,#14552);
#11598=FILL_AREA_STYLE_COLOUR('',#14553);
#11599=VERTEX_POINT('',#14554);
#11600=VERTEX_POINT('',#14555);
#11601=LINE('',#14556,#14557);
#11602=VERTEX_POINT('',#14558);
#11603=CIRCLE('',#14559,0.217680880318377);
#11604=VERTEX_POINT('',#14560);
#11605=CIRCLE('',#14561,0.217680880318377);
#11606=VERTEX_POINT('',#14562);
#11607=LINE('',#14563,#14564);
#11608=CIRCLE('',#14565,0.205869856696329);
#11609=FILL_AREA_STYLE_COLOUR('',#14566);
#11610=VERTEX_POINT('',#14567);
#11611=VERTEX_POINT('',#14568);
#11612=LINE('',#14569,#14570);
#11613=CIRCLE('',#14571,0.186023622047244);
#11614=VERTEX_POINT('',#14572);
#11615=CIRCLE('',#14573,0.186023622047244);
#11616=CIRCLE('',#14574,0.186023622047244);
#11617=FILL_AREA_STYLE_COLOUR('',#14575);
#11618=VERTEX_POINT('',#14576);
#11619=VERTEX_POINT('',#14577);
#11620=LINE('',#14578,#14579);
#11621=VERTEX_POINT('',#14580);
#11622=LINE('',#14581,#14582);
#11623=VERTEX_POINT('',#14583);
#11624=LINE('',#14584,#14585);
#11625=LINE('',#14586,#14587);
#11626=FILL_AREA_STYLE_COLOUR('',#14588);
#11627=VERTEX_POINT('',#14589);
#11628=VERTEX_POINT('',#14590);
#11629=LINE('',#14591,#14592);
#11630=VERTEX_POINT('',#14593);
#11631=LINE('',#14594,#14595);
#11632=VERTEX_POINT('',#14596);
#11633=LINE('',#14597,#14598);
#11634=LINE('',#14599,#14600);
#11635=FILL_AREA_STYLE_COLOUR('',#14601);
#11636=VERTEX_POINT('',#14602);
#11637=VERTEX_POINT('',#14603);
#11638=LINE('',#14604,#14605);
#11639=VERTEX_POINT('',#14606);
#11640=LINE('',#14607,#14608);
#11641=VERTEX_POINT('',#14609);
#11642=LINE('',#14610,#14611);
#11643=LINE('',#14612,#14613);
#11644=FILL_AREA_STYLE_COLOUR('',#14614);
#11645=VERTEX_POINT('',#14615);
#11646=VERTEX_POINT('',#14616);
#11647=LINE('',#14617,#14618);
#11648=VERTEX_POINT('',#14619);
#11649=LINE('',#14620,#14621);
#11650=VERTEX_POINT('',#14622);
#11651=LINE('',#14623,#14624);
#11652=LINE('',#14625,#14626);
#11653=FILL_AREA_STYLE_COLOUR('',#14627);
#11654=VERTEX_POINT('',#14628);
#11655=VERTEX_POINT('',#14629);
#11656=LINE('',#14630,#14631);
#11657=VERTEX_POINT('',#14632);
#11658=LINE('',#14633,#14634);
#11659=VERTEX_POINT('',#14635);
#11660=LINE('',#14636,#14637);
#11661=LINE('',#14638,#14639);
#11662=FILL_AREA_STYLE_COLOUR('',#14640);
#11663=VERTEX_POINT('',#14641);
#11664=VERTEX_POINT('',#14642);
#11665=LINE('',#14643,#14644);
#11666=VERTEX_POINT('',#14645);
#11667=CIRCLE('',#14646,0.141732283464567);
#11668=VERTEX_POINT('',#14647);
#11669=CIRCLE('',#14648,0.141732283464567);
#11670=LINE('',#14649,#14650);
#11671=VERTEX_POINT('',#14651);
#11672=CIRCLE('',#14652,0.186023622047244);
#11673=LINE('',#14653,#14654);
#11674=VERTEX_POINT('',#14655);
#11675=VERTEX_POINT('',#14656);
#11676=CIRCLE('',#14657,0.0915354330708662);
#11677=CIRCLE('',#14658,0.0915354330708662);
#11678=FILL_AREA_STYLE_COLOUR('',#14659);
#11679=VERTEX_POINT('',#14660);
#11680=VERTEX_POINT('',#14661);
#11681=LINE('',#14662,#14663);
#11682=VERTEX_POINT('',#14664);
#11683=LINE('',#14665,#14666);
#11684=VERTEX_POINT('',#14667);
#11685=LINE('',#14668,#14669);
#11686=LINE('',#14670,#14671);
#11687=FILL_AREA_STYLE_COLOUR('',#14672);
#11688=VERTEX_POINT('',#14673);
#11689=VERTEX_POINT('',#14674);
#11690=LINE('',#14675,#14676);
#11691=VERTEX_POINT('',#14677);
#11692=CIRCLE('',#14678,0.0915354330708662);
#11693=VERTEX_POINT('',#14679);
#11694=LINE('',#14680,#14681);
#11695=CIRCLE('',#14682,0.0915354330708662);
#11696=FILL_AREA_STYLE_COLOUR('',#14683);
#11697=VERTEX_POINT('',#14684);
#11698=VERTEX_POINT('',#14685);
#11699=LINE('',#14686,#14687);
#11700=VERTEX_POINT('',#14688);
#11701=LINE('',#14689,#14690);
#11702=VERTEX_POINT('',#14691);
#11703=LINE('',#14692,#14693);
#11704=(B_SPLINE_CURVE(2,(#14695,#14696,#14697),.UNSPECIFIED.,.F.,.F.)B_SPLINE_CURVE_WITH_KNOTS((3,3),(0.137830521034711,0.158622810706532),.UNSPECIFIED.)RATIONAL_B_SPLINE_CURVE((0.999825050242023,0.999818069580662,0.999812964118396))BOUNDED_CURVE()REPRESENTATION_ITEM('')GEOMETRIC_REPRESENTATION_ITEM()CURVE());
#11705=FILL_AREA_STYLE_COLOUR('',#14704);
#11706=VERTEX_POINT('',#14705);
#11707=VERTEX_POINT('',#14706);
#11708=LINE('',#14707,#14708);
#11709=VERTEX_POINT('',#14709);
#11710=LINE('',#14710,#14711);
#11711=VERTEX_POINT('',#14712);
#11712=LINE('',#14713,#14714);
#11713=LINE('',#14715,#14716);
#11714=FILL_AREA_STYLE_COLOUR('',#14717);
#11715=VERTEX_POINT('',#14718);
#11716=VERTEX_POINT('',#14719);
#11717=LINE('',#14720,#14721);
#11718=VERTEX_POINT('',#14722);
#11719=LINE('',#14723,#14724);
#11720=VERTEX_POINT('',#14725);
#11721=LINE('',#14726,#14727);
#11722=LINE('',#14728,#14729);
#11723=FILL_AREA_STYLE_COLOUR('',#14730);
#11724=VERTEX_POINT('',#14731);
#11725=VERTEX_POINT('',#14732);
#11726=LINE('',#14733,#14734);
#11727=VERTEX_POINT('',#14735);
#11728=LINE('',#14736,#14737);
#11729=VERTEX_POINT('',#14738);
#11730=LINE('',#14739,#14740);
#11731=LINE('',#14741,#14742);
#11732=FILL_AREA_STYLE_COLOUR('',#14743);
#11733=VERTEX_POINT('',#14744);
#11734=LINE('',#14745,#14746);
#11735=VERTEX_POINT('',#14747);
#11736=CIRCLE('',#14748,0.205869856696329);
#11737=VERTEX_POINT('',#14749);
#11738=CIRCLE('',#14750,0.205869856696329);
#11739=VERTEX_POINT('',#14751);
#11740=LINE('',#14752,#14753);
#11741=CIRCLE('',#14754,0.205869856696329);
#11742=VERTEX_POINT('',#14755);
#11743=VERTEX_POINT('',#14756);
#11744=CIRCLE('',#14757,0.18987309341213);
#11745=VERTEX_POINT('',#14758);
#11746=LINE('',#14759,#14760);
#11747=VERTEX_POINT('',#14761);
#11748=CIRCLE('',#14762,0.18987309341213);
#11749=VERTEX_POINT('',#14763);
#11750=CIRCLE('',#14764,0.18987309341213);
#11751=VERTEX_POINT('',#14765);
#11752=LINE('',#14766,#14767);
#11753=CIRCLE('',#14768,0.18987309341213);
#11754=FILL_AREA_STYLE_COLOUR('',#14769);
#11755=VERTEX_POINT('',#14770);
#11756=VERTEX_POINT('',#14771);
#11757=LINE('',#14772,#14773);
#11758=VERTEX_POINT('',#14774);
#11759=LINE('',#14775,#14776);
#11760=VERTEX_POINT('',#14777);
#11761=LINE('',#14778,#14779);
#11762=LINE('',#14780,#14781);
#11763=FILL_AREA_STYLE_COLOUR('',#14782);
#11764=VERTEX_POINT('',#14783);
#11765=VERTEX_POINT('',#14784);
#11766=LINE('',#14785,#14786);
#11767=VERTEX_POINT('',#14787);
#11768=LINE('',#14788,#14789);
#11769=VERTEX_POINT('',#14790);
#11770=LINE('',#14791,#14792);
#11771=LINE('',#14793,#14794);
#11772=FILL_AREA_STYLE_COLOUR('',#14795);
#11773=VERTEX_POINT('',#14796);
#11774=VERTEX_POINT('',#14797);
#11775=LINE('',#14798,#14799);
#11776=VERTEX_POINT('',#14800);
#11777=LINE('',#14801,#14802);
#11778=VERTEX_POINT('',#14803);
#11779=LINE('',#14804,#14805);
#11780=LINE('',#14806,#14807);
#11781=FILL_AREA_STYLE_COLOUR('',#14808);
#11782=VERTEX_POINT('',#14809);
#11783=VERTEX_POINT('',#14810);
#11784=LINE('',#14811,#14812);
#11785=VERTEX_POINT('',#14813);
#11786=LINE('',#14814,#14815);
#11787=VERTEX_POINT('',#14816);
#11788=LINE('',#14817,#14818);
#11789=LINE('',#14819,#14820);
#11790=FILL_AREA_STYLE_COLOUR('',#14821);
#11791=VERTEX_POINT('',#14822);
#11792=VERTEX_POINT('',#14823);
#11793=LINE('',#14824,#14825);
#11794=VERTEX_POINT('',#14826);
#11795=CIRCLE('',#14827,0.186023622047244);
#11796=VERTEX_POINT('',#14828);
#11797=CIRCLE('',#14829,0.186023622047244);
#11798=VERTEX_POINT('',#14830);
#11799=LINE('',#14831,#14832);
#11800=CIRCLE('',#14833,0.186023622047244);
#11801=FILL_AREA_STYLE_COLOUR('',#14834);
#11802=VERTEX_POINT('',#14835);
#11803=VERTEX_POINT('',#14836);
#11804=LINE('',#14837,#14838);
#11805=VERTEX_POINT('',#14839);
#11806=LINE('',#14840,#14841);
#11807=VERTEX_POINT('',#14842);
#11808=LINE('',#14843,#14844);
#11809=VERTEX_POINT('',#14845);
#11810=LINE('',#14846,#14847);
#11811=VERTEX_POINT('',#14848);
#11812=LINE('',#14849,#14850);
#11813=LINE('',#14851,#14852);
#11814=FILL_AREA_STYLE_COLOUR('',#14853);
#11815=VERTEX_POINT('',#14854);
#11816=VERTEX_POINT('',#14855);
#11817=LINE('',#14856,#14857);
#11818=VERTEX_POINT('',#14858);
#11819=LINE('',#14859,#14860);
#11820=VERTEX_POINT('',#14861);
#11821=LINE('',#14862,#14863);
#11822=LINE('',#14864,#14865);
#11823=FILL_AREA_STYLE_COLOUR('',#14866);
#11824=VERTEX_POINT('',#14867);
#11825=VERTEX_POINT('',#14868);
#11826=LINE('',#14869,#14870);
#11827=VERTEX_POINT('',#14871);
#11828=LINE('',#14872,#14873);
#11829=VERTEX_POINT('',#14874);
#11830=LINE('',#14875,#14876);
#11831=LINE('',#14877,#14878);
#11832=FILL_AREA_STYLE_COLOUR('',#14879);
#11833=VERTEX_POINT('',#14880);
#11834=VERTEX_POINT('',#14881);
#11835=LINE('',#14882,#14883);
#11836=VERTEX_POINT('',#14884);
#11837=LINE('',#14885,#14886);
#11838=VERTEX_POINT('',#14887);
#11839=LINE('',#14888,#14889);
#11840=LINE('',#14890,#14891);
#11841=FILL_AREA_STYLE_COLOUR('',#14892);
#11842=VERTEX_POINT('',#14893);
#11843=LINE('',#14894,#14895);
#11844=VERTEX_POINT('',#14896);
#11845=LINE('',#14897,#14898);
#11846=LINE('',#14899,#14900);
#11847=FILL_AREA_STYLE_COLOUR('',#14901);
#11848=VERTEX_POINT('',#14902);
#11849=VERTEX_POINT('',#14903);
#11850=LINE('',#14904,#14905);
#11851=VERTEX_POINT('',#14906);
#11852=LINE('',#14907,#14908);
#11853=VERTEX_POINT('',#14909);
#11854=LINE('',#14910,#14911);
#11855=LINE('',#14912,#14913);
#11856=FILL_AREA_STYLE_COLOUR('',#14914);
#11857=VERTEX_POINT('',#14915);
#11858=VERTEX_POINT('',#14916);
#11859=LINE('',#14917,#14918);
#11860=VERTEX_POINT('',#14919);
#11861=LINE('',#14920,#14921);
#11862=VERTEX_POINT('',#14922);
#11863=LINE('',#14923,#14924);
#11864=LINE('',#14925,#14926);
#11865=FILL_AREA_STYLE_COLOUR('',#14927);
#11866=VERTEX_POINT('',#14928);
#11867=VERTEX_POINT('',#14929);
#11868=LINE('',#14930,#14931);
#11869=(B_SPLINE_CURVE(2,(#14933,#14934,#14935),.UNSPECIFIED.,.F.,.F.)B_SPLINE_CURVE_WITH_KNOTS((3,3),(0.137830521034711,0.158622810706532),.UNSPECIFIED.)RATIONAL_B_SPLINE_CURVE((0.999825050242023,0.999818069580662,0.999812964118396))BOUNDED_CURVE()REPRESENTATION_ITEM('')GEOMETRIC_REPRESENTATION_ITEM()CURVE());
#11870=LINE('',#14942,#14943);
#11871=FILL_AREA_STYLE_COLOUR('',#14944);
#11872=VERTEX_POINT('',#14945);
#11873=VERTEX_POINT('',#14946);
#11874=LINE('',#14947,#14948);
#11875=VERTEX_POINT('',#14949);
#11876=LINE('',#14950,#14951);
#11877=VERTEX_POINT('',#14952);
#11878=LINE('',#14953,#14954);
#11879=LINE('',#14955,#14956);
#11880=FILL_AREA_STYLE_COLOUR('',#14957);
#11881=VERTEX_POINT('',#14958);
#11882=VERTEX_POINT('',#14959);
#11883=LINE('',#14960,#14961);
#11884=VERTEX_POINT('',#14962);
#11885=LINE('',#14963,#14964);
#11886=VERTEX_POINT('',#14965);
#11887=LINE('',#14966,#14967);
#11888=LINE('',#14968,#14969);
#11889=FILL_AREA_STYLE_COLOUR('',#14970);
#11890=VERTEX_POINT('',#14971);
#11891=VERTEX_POINT('',#14972);
#11892=LINE('',#14973,#14974);
#11893=VERTEX_POINT('',#14975);
#11894=LINE('',#14976,#14977);
#11895=VERTEX_POINT('',#14978);
#11896=LINE('',#14979,#14980);
#11897=LINE('',#14981,#14982);
#11898=FILL_AREA_STYLE_COLOUR('',#14983);
#11899=VERTEX_POINT('',#14984);
#11900=LINE('',#14985,#14986);
#11901=VERTEX_POINT('',#14987);
#11902=CIRCLE('',#14988,0.217680880318377);
#11903=VERTEX_POINT('',#14989);
#11904=LINE('',#14990,#14991);
#11905=VERTEX_POINT('',#14992);
#11906=CIRCLE('',#14993,0.217680880318377);
#11907=VERTEX_POINT('',#14994);
#11908=LINE('',#14995,#14996);
#11909=VERTEX_POINT('',#14997);
#11910=CIRCLE('',#14998,0.217680880318377);
#11911=VERTEX_POINT('',#14999);
#11912=LINE('',#15000,#15001);
#11913=VERTEX_POINT('',#15002);
#11914=CIRCLE('',#15003,0.217680880318377);
#11915=VERTEX_POINT('',#15004);
#11916=LINE('',#15005,#15006);
#11917=CIRCLE('',#15007,0.217680880318377);
#11918=FILL_AREA_STYLE_COLOUR('',#15008);
#11919=VERTEX_POINT('',#15009);
#11920=VERTEX_POINT('',#15010);
#11921=LINE('',#15011,#15012);
#11922=VERTEX_POINT('',#15013);
#11923=LINE('',#15014,#15015);
#11924=VERTEX_POINT('',#15016);
#11925=LINE('',#15017,#15018);
#11926=LINE('',#15019,#15020);
#11927=VERTEX_POINT('',#15021);
#11928=LINE('',#15022,#15023);
#11929=VERTEX_POINT('',#15024);
#11930=LINE('',#15025,#15026);
#11931=VERTEX_POINT('',#15027);
#11932=LINE('',#15028,#15029);
#11933=LINE('',#15030,#15031);
#11934=VERTEX_POINT('',#15032);
#11935=VERTEX_POINT('',#15033);
#11936=CIRCLE('',#15034,0.217680880318377);
#11937=VERTEX_POINT('',#15035);
#11938=LINE('',#15036,#15037);
#11939=VERTEX_POINT('',#15038);
#11940=LINE('',#15039,#15040);
#11941=LINE('',#15041,#15042);
#11942=VERTEX_POINT('',#15043);
#11943=LINE('',#15044,#15045);
#11944=LINE('',#15046,#15047);
#11945=VERTEX_POINT('',#15048);
#11946=VERTEX_POINT('',#15049);
#11947=LINE('',#15050,#15051);
#11948=VERTEX_POINT('',#15052);
#11949=LINE('',#15053,#15054);
#11950=VERTEX_POINT('',#15055);
#11951=LINE('',#15056,#15057);
#11952=VERTEX_POINT('',#15058);
#11953=LINE('',#15059,#15060);
#11954=VERTEX_POINT('',#15061);
#11955=LINE('',#15062,#15063);
#11956=VERTEX_POINT('',#15064);
#11957=LINE('',#15065,#15066);
#11958=LINE('',#15067,#15068);
#11959=VERTEX_POINT('',#15069);
#11960=VERTEX_POINT('',#15070);
#11961=CIRCLE('',#15071,0.217680880318377);
#11962=LINE('',#15072,#15073);
#11963=VERTEX_POINT('',#15074);
#11964=LINE('',#15075,#15076);
#11965=VERTEX_POINT('',#15077);
#11966=LINE('',#15078,#15079);
#11967=CIRCLE('',#15080,0.217680880318377);
#11968=VERTEX_POINT('',#15081);
#11969=VERTEX_POINT('',#15082);
#11970=CIRCLE('',#15083,0.217680880318377);
#11971=VERTEX_POINT('',#15084);
#11972=LINE('',#15085,#15086);
#11973=VERTEX_POINT('',#15087);
#11974=LINE('',#15088,#15089);
#11975=VERTEX_POINT('',#15090);
#11976=LINE('',#15091,#15092);
#11977=VERTEX_POINT('',#15093);
#11978=LINE('',#15094,#15095);
#11979=VERTEX_POINT('',#15096);
#11980=LINE('',#15097,#15098);
#11981=LINE('',#15099,#15100);
#11982=VERTEX_POINT('',#15101);
#11983=LINE('',#15102,#15103);
#11984=VERTEX_POINT('',#15104);
#11985=LINE('',#15105,#15106);
#11986=VERTEX_POINT('',#15107);
#11987=LINE('',#15108,#15109);
#11988=VERTEX_POINT('',#15110);
#11989=LINE('',#15111,#15112);
#11990=VERTEX_POINT('',#15113);
#11991=LINE('',#15114,#15115);
#11992=LINE('',#15116,#15117);
#11993=VERTEX_POINT('',#15118);
#11994=VERTEX_POINT('',#15119);
#11995=LINE('',#15120,#15121);
#11996=VERTEX_POINT('',#15122);
#11997=LINE('',#15123,#15124);
#11998=VERTEX_POINT('',#15125);
#11999=LINE('',#15126,#15127);
#12000=VERTEX_POINT('',#15128);
#12001=LINE('',#15129,#15130);
#12002=LINE('',#15131,#15132);
#12003=VERTEX_POINT('',#15133);
#12004=VERTEX_POINT('',#15134);
#12005=LINE('',#15135,#15136);
#12006=VERTEX_POINT('',#15137);
#12007=LINE('',#15138,#15139);
#12008=VERTEX_POINT('',#15140);
#12009=LINE('',#15141,#15142);
#12010=VERTEX_POINT('',#15143);
#12011=LINE('',#15144,#15145);
#12012=VERTEX_POINT('',#15146);
#12013=LINE('',#15147,#15148);
#12014=LINE('',#15149,#15150);
#12015=VERTEX_POINT('',#15151);
#12016=VERTEX_POINT('',#15152);
#12017=LINE('',#15153,#15154);
#12018=VERTEX_POINT('',#15155);
#12019=LINE('',#15156,#15157);
#12020=VERTEX_POINT('',#15158);
#12021=LINE('',#15159,#15160);
#12022=VERTEX_POINT('',#15161);
#12023=LINE('',#15162,#15163);
#12024=VERTEX_POINT('',#15164);
#12025=LINE('',#15165,#15166);
#12026=LINE('',#15167,#15168);
#12027=VERTEX_POINT('',#15169);
#12028=VERTEX_POINT('',#15170);
#12029=LINE('',#15171,#15172);
#12030=VERTEX_POINT('',#15173);
#12031=LINE('',#15174,#15175);
#12032=VERTEX_POINT('',#15176);
#12033=LINE('',#15177,#15178);
#12034=LINE('',#15179,#15180);
#12035=VERTEX_POINT('',#15181);
#12036=LINE('',#15182,#15183);
#12037=VERTEX_POINT('',#15184);
#12038=LINE('',#15185,#15186);
#12039=VERTEX_POINT('',#15187);
#12040=LINE('',#15188,#15189);
#12041=VERTEX_POINT('',#15190);
#12042=LINE('',#15191,#15192);
#12043=VERTEX_POINT('',#15193);
#12044=LINE('',#15194,#15195);
#12045=LINE('',#15196,#15197);
#12046=VERTEX_POINT('',#15198);
#12047=LINE('',#15199,#15200);
#12048=VERTEX_POINT('',#15201);
#12049=LINE('',#15202,#15203);
#12050=VERTEX_POINT('',#15204);
#12051=LINE('',#15205,#15206);
#12052=VERTEX_POINT('',#15207);
#12053=LINE('',#15208,#15209);
#12054=LINE('',#15210,#15211);
#12055=VERTEX_POINT('',#15212);
#12056=LINE('',#15213,#15214);
#12057=VERTEX_POINT('',#15215);
#12058=LINE('',#15216,#15217);
#12059=VERTEX_POINT('',#15218);
#12060=LINE('',#15219,#15220);
#12061=LINE('',#15221,#15222);
#12062=VERTEX_POINT('',#15223);
#12063=VERTEX_POINT('',#15224);
#12064=LINE('',#15225,#15226);
#12065=VERTEX_POINT('',#15227);
#12066=LINE('',#15228,#15229);
#12067=VERTEX_POINT('',#15230);
#12068=LINE('',#15231,#15232);
#12069=LINE('',#15233,#15234);
#12070=VERTEX_POINT('',#15235);
#12071=VERTEX_POINT('',#15236);
#12072=CIRCLE('',#15237,0.217680880318377);
#12073=VERTEX_POINT('',#15238);
#12074=LINE('',#15239,#15240);
#12075=VERTEX_POINT('',#15241);
#12076=LINE('',#15242,#15243);
#12077=VERTEX_POINT('',#15244);
#12078=LINE('',#15245,#15246);
#12079=VERTEX_POINT('',#15247);
#12080=LINE('',#15248,#15249);
#12081=VERTEX_POINT('',#15250);
#12082=LINE('',#15251,#15252);
#12083=LINE('',#15253,#15254);
#12084=VERTEX_POINT('',#15255);
#12085=VERTEX_POINT('',#15256);
#12086=LINE('',#15257,#15258);
#12087=VERTEX_POINT('',#15259);
#12088=LINE('',#15260,#15261);
#12089=VERTEX_POINT('',#15262);
#12090=LINE('',#15263,#15264);
#12091=VERTEX_POINT('',#15265);
#12092=LINE('',#15266,#15267);
#12093=LINE('',#15268,#15269);
#12094=VERTEX_POINT('',#15270);
#12095=VERTEX_POINT('',#15271);
#12096=LINE('',#15272,#15273);
#12097=VERTEX_POINT('',#15274);
#12098=LINE('',#15275,#15276);
#12099=VERTEX_POINT('',#15277);
#12100=LINE('',#15278,#15279);
#12101=LINE('',#15280,#15281);
#12102=VERTEX_POINT('',#15282);
#12103=LINE('',#15283,#15284);
#12104=VERTEX_POINT('',#15285);
#12105=LINE('',#15286,#15287);
#12106=VERTEX_POINT('',#15288);
#12107=LINE('',#15289,#15290);
#12108=VERTEX_POINT('',#15291);
#12109=LINE('',#15292,#15293);
#12110=VERTEX_POINT('',#15294);
#12111=LINE('',#15295,#15296);
#12112=LINE('',#15297,#15298);
#12113=VERTEX_POINT('',#15299);
#12114=VERTEX_POINT('',#15300);
#12115=LINE('',#15301,#15302);
#12116=VERTEX_POINT('',#15303);
#12117=LINE('',#15304,#15305);
#12118=VERTEX_POINT('',#15306);
#12119=LINE('',#15307,#15308);
#12120=LINE('',#15309,#15310);
#12121=VERTEX_POINT('',#15311);
#12122=LINE('',#15312,#15313);
#12123=VERTEX_POINT('',#15314);
#12124=LINE('',#15315,#15316);
#12125=VERTEX_POINT('',#15317);
#12126=LINE('',#15318,#15319);
#12127=LINE('',#15320,#15321);
#12128=VERTEX_POINT('',#15322);
#12129=VERTEX_POINT('',#15323);
#12130=LINE('',#15324,#15325);
#12131=VERTEX_POINT('',#15326);
#12132=CIRCLE('',#15327,0.178062069790083);
#12133=VERTEX_POINT('',#15328);
#12134=CIRCLE('',#15329,0.178062069790083);
#12135=VERTEX_POINT('',#15330);
#12136=LINE('',#15331,#15332);
#12137=VERTEX_POINT('',#15333);
#12138=CIRCLE('',#15334,0.178062069790083);
#12139=CIRCLE('',#15335,0.178062069790083);
#12140=VERTEX_POINT('',#15336);
#12141=VERTEX_POINT('',#15337);
#12142=LINE('',#15338,#15339);
#12143=VERTEX_POINT('',#15340);
#12144=LINE('',#15341,#15342);
#12145=VERTEX_POINT('',#15343);
#12146=LINE('',#15344,#15345);
#12147=LINE('',#15346,#15347);
#12148=VERTEX_POINT('',#15348);
#12149=VERTEX_POINT('',#15349);
#12150=LINE('',#15350,#15351);
#12151=VERTEX_POINT('',#15352);
#12152=LINE('',#15353,#15354);
#12153=VERTEX_POINT('',#15355);
#12154=LINE('',#15356,#15357);
#12155=LINE('',#15358,#15359);
#12156=VERTEX_POINT('',#15360);
#12157=VERTEX_POINT('',#15361);
#12158=CIRCLE('',#15362,0.0915354330708662);
#12159=VERTEX_POINT('',#15363);
#12160=CIRCLE('',#15364,0.0915354330708662);
#12161=CIRCLE('',#15365,0.0915354330708662);
#12162=VERTEX_POINT('',#15366);
#12163=VERTEX_POINT('',#15367);
#12164=LINE('',#15368,#15369);
#12165=VERTEX_POINT('',#15370);
#12166=CIRCLE('',#15371,0.15748031496063);
#12167=VERTEX_POINT('',#15372);
#12168=CIRCLE('',#15373,0.15748031496063);
#12169=VERTEX_POINT('',#15374);
#12170=LINE('',#15375,#15376);
#12171=VERTEX_POINT('',#15377);
#12172=CIRCLE('',#15378,0.15748031496063);
#12173=VERTEX_POINT('',#15379);
#12174=CIRCLE('',#15380,0.15748031496063);
#12175=VERTEX_POINT('',#15381);
#12176=LINE('',#15382,#15383);
#12177=VERTEX_POINT('',#15384);
#12178=CIRCLE('',#15385,0.15748031496063);
#12179=VERTEX_POINT('',#15386);
#12180=CIRCLE('',#15387,0.15748031496063);
#12181=VERTEX_POINT('',#15388);
#12182=LINE('',#15389,#15390);
#12183=VERTEX_POINT('',#15391);
#12184=CIRCLE('',#15392,0.15748031496063);
#12185=CIRCLE('',#15393,0.15748031496063);
#12186=VERTEX_POINT('',#15394);
#12187=LINE('',#15395,#15396);
#12188=VERTEX_POINT('',#15397);
#12189=LINE('',#15398,#15399);
#12190=VERTEX_POINT('',#15400);
#12191=LINE('',#15401,#15402);
#12192=VERTEX_POINT('',#15403);
#12193=LINE('',#15404,#15405);
#12194=LINE('',#15406,#15407);
#12195=VERTEX_POINT('',#15408);
#12196=LINE('',#15409,#15410);
#12197=VERTEX_POINT('',#15411);
#12198=LINE('',#15412,#15413);
#12199=VERTEX_POINT('',#15414);
#12200=LINE('',#15415,#15416);
#12201=VERTEX_POINT('',#15417);
#12202=LINE('',#15418,#15419);
#12203=LINE('',#15420,#15421);
#12204=VERTEX_POINT('',#15422);
#12205=VERTEX_POINT('',#15423);
#12206=LINE('',#15424,#15425);
#12207=LINE('',#15426,#15427);
#12208=VERTEX_POINT('',#15428);
#12209=LINE('',#15429,#15430);
#12210=VERTEX_POINT('',#15431);
#12211=LINE('',#15432,#15433);
#12212=LINE('',#15434,#15435);
#12213=LINE('',#15436,#15437);
#12214=VERTEX_POINT('',#15438);
#12215=LINE('',#15439,#15440);
#12216=VERTEX_POINT('',#15441);
#12217=LINE('',#15442,#15443);
#12218=LINE('',#15444,#15445);
#12219=VERTEX_POINT('',#15446);
#12220=VERTEX_POINT('',#15447);
#12221=LINE('',#15448,#15449);
#12222=VERTEX_POINT('',#15450);
#12223=LINE('',#15451,#15452);
#12224=VERTEX_POINT('',#15453);
#12225=LINE('',#15454,#15455);
#12226=VERTEX_POINT('',#15456);
#12227=LINE('',#15457,#15458);
#12228=VERTEX_POINT('',#15459);
#12229=LINE('',#15460,#15461);
#12230=VERTEX_POINT('',#15462);
#12231=LINE('',#15463,#15464);
#12232=LINE('',#15465,#15466);
#12233=VERTEX_POINT('',#15467);
#12234=VERTEX_POINT('',#15468);
#12235=LINE('',#15469,#15470);
#12236=VERTEX_POINT('',#15471);
#12237=LINE('',#15472,#15473);
#12238=VERTEX_POINT('',#15474);
#12239=LINE('',#15475,#15476);
#12240=LINE('',#15477,#15478);
#12241=VERTEX_POINT('',#15479);
#12242=VERTEX_POINT('',#15480);
#12243=LINE('',#15481,#15482);
#12244=VERTEX_POINT('',#15483);
#12245=LINE('',#15484,#15485);
#12246=VERTEX_POINT('',#15486);
#12247=LINE('',#15487,#15488);
#12248=LINE('',#15489,#15490);
#12249=CIRCLE('',#15491,0.0915354330708662);
#12250=VERTEX_POINT('',#15492);
#12251=VERTEX_POINT('',#15493);
#12252=LINE('',#15494,#15495);
#12253=VERTEX_POINT('',#15496);
#12254=LINE('',#15497,#15498);
#12255=VERTEX_POINT('',#15499);
#12256=LINE('',#15500,#15501);
#12257=VERTEX_POINT('',#15502);
#12258=LINE('',#15503,#15504);
#12259=VERTEX_POINT('',#15505);
#12260=LINE('',#15506,#15507);
#12261=VERTEX_POINT('',#15508);
#12262=LINE('',#15509,#15510);
#12263=LINE('',#15511,#15512);
#12264=VERTEX_POINT('',#15513);
#12265=VERTEX_POINT('',#15514);
#12266=LINE('',#15515,#15516);
#12267=VERTEX_POINT('',#15517);
#12268=LINE('',#15518,#15519);
#12269=VERTEX_POINT('',#15520);
#12270=LINE('',#15521,#15522);
#12271=VERTEX_POINT('',#15523);
#12272=LINE('',#15524,#15525);
#12273=VERTEX_POINT('',#15526);
#12274=LINE('',#15527,#15528);
#12275=VERTEX_POINT('',#15529);
#12276=LINE('',#15530,#15531);
#12277=LINE('',#15532,#15533);
#12278=VERTEX_POINT('',#15534);
#12279=VERTEX_POINT('',#15535);
#12280=LINE('',#15536,#15537);
#12281=VERTEX_POINT('',#15538);
#12282=LINE('',#15539,#15540);
#12283=VERTEX_POINT('',#15541);
#12284=LINE('',#15542,#15543);
#12285=VERTEX_POINT('',#15544);
#12286=LINE('',#15545,#15546);
#12287=VERTEX_POINT('',#15547);
#12288=LINE('',#15548,#15549);
#12289=LINE('',#15550,#15551);
#12290=VERTEX_POINT('',#15552);
#12291=LINE('',#15553,#15554);
#12292=VERTEX_POINT('',#15555);
#12293=LINE('',#15556,#15557);
#12294=VERTEX_POINT('',#15558);
#12295=LINE('',#15559,#15560);
#12296=VERTEX_POINT('',#15561);
#12297=LINE('',#15562,#15563);
#12298=LINE('',#15564,#15565);
#12299=VERTEX_POINT('',#15566);
#12300=LINE('',#15567,#15568);
#12301=VERTEX_POINT('',#15569);
#12302=LINE('',#15570,#15571);
#12303=VERTEX_POINT('',#15572);
#12304=LINE('',#15573,#15574);
#12305=VERTEX_POINT('',#15575);
#12306=LINE('',#15576,#15577);
#12307=VERTEX_POINT('',#15578);
#12308=LINE('',#15579,#15580);
#12309=LINE('',#15581,#15582);
#12310=VERTEX_POINT('',#15583);
#12311=LINE('',#15584,#15585);
#12312=VERTEX_POINT('',#15586);
#12313=LINE('',#15587,#15588);
#12314=LINE('',#15589,#15590);
#12315=VERTEX_POINT('',#15591);
#12316=VERTEX_POINT('',#15592);
#12317=LINE('',#15593,#15594);
#12318=VERTEX_POINT('',#15595);
#12319=LINE('',#15596,#15597);
#12320=VERTEX_POINT('',#15598);
#12321=LINE('',#15599,#15600);
#12322=LINE('',#15601,#15602);
#12323=VERTEX_POINT('',#15603);
#12324=VERTEX_POINT('',#15604);
#12325=LINE('',#15605,#15606);
#12326=VERTEX_POINT('',#15607);
#12327=LINE('',#15608,#15609);
#12328=VERTEX_POINT('',#15610);
#12329=LINE('',#15611,#15612);
#12330=LINE('',#15613,#15614);
#12331=VERTEX_POINT('',#15615);
#12332=VERTEX_POINT('',#15616);
#12333=CIRCLE('',#15617,0.0915354330708662);
#12334=CIRCLE('',#15618,0.0915354330708662);
#12335=VERTEX_POINT('',#15619);
#12336=VERTEX_POINT('',#15620);
#12337=LINE('',#15621,#15622);
#12338=VERTEX_POINT('',#15623);
#12339=LINE('',#15624,#15625);
#12340=VERTEX_POINT('',#15626);
#12341=LINE('',#15627,#15628);
#12342=VERTEX_POINT('',#15629);
#12343=LINE('',#15630,#15631);
#12344=VERTEX_POINT('',#15632);
#12345=LINE('',#15633,#15634);
#12346=LINE('',#15635,#15636);
#12347=VERTEX_POINT('',#15637);
#12348=VERTEX_POINT('',#15638);
#12349=LINE('',#15639,#15640);
#12350=VERTEX_POINT('',#15641);
#12351=LINE('',#15642,#15643);
#12352=VERTEX_POINT('',#15644);
#12353=LINE('',#15645,#15646);
#12354=VERTEX_POINT('',#15647);
#12355=LINE('',#15648,#15649);
#12356=VERTEX_POINT('',#15650);
#12357=LINE('',#15651,#15652);
#12358=VERTEX_POINT('',#15653);
#12359=LINE('',#15654,#15655);
#12360=LINE('',#15656,#15657);
#12361=VERTEX_POINT('',#15658);
#12362=VERTEX_POINT('',#15659);
#12363=LINE('',#15660,#15661);
#12364=VERTEX_POINT('',#15662);
#12365=LINE('',#15663,#15664);
#12366=VERTEX_POINT('',#15665);
#12367=LINE('',#15666,#15667);
#12368=VERTEX_POINT('',#15668);
#12369=LINE('',#15669,#15670);
#12370=VERTEX_POINT('',#15671);
#12371=LINE('',#15672,#15673);
#12372=LINE('',#15674,#15675);
#12373=VERTEX_POINT('',#15676);
#12374=LINE('',#15677,#15678);
#12375=VERTEX_POINT('',#15679);
#12376=LINE('',#15680,#15681);
#12377=VERTEX_POINT('',#15682);
#12378=LINE('',#15683,#15684);
#12379=VERTEX_POINT('',#15685);
#12380=LINE('',#15686,#15687);
#12381=LINE('',#15688,#15689);
#12382=VERTEX_POINT('',#15690);
#12383=VERTEX_POINT('',#15691);
#12384=LINE('',#15692,#15693);
#12385=VERTEX_POINT('',#15694);
#12386=LINE('',#15695,#15696);
#12387=VERTEX_POINT('',#15697);
#12388=LINE('',#15698,#15699);
#12389=VERTEX_POINT('',#15700);
#12390=LINE('',#15701,#15702);
#12391=VERTEX_POINT('',#15703);
#12392=LINE('',#15704,#15705);
#12393=LINE('',#15706,#15707);
#12394=VERTEX_POINT('',#15708);
#12395=VERTEX_POINT('',#15709);
#12396=LINE('',#15710,#15711);
#12397=VERTEX_POINT('',#15712);
#12398=LINE('',#15713,#15714);
#12399=VERTEX_POINT('',#15715);
#12400=LINE('',#15716,#15717);
#12401=VERTEX_POINT('',#15718);
#12402=LINE('',#15719,#15720);
#12403=VERTEX_POINT('',#15721);
#12404=LINE('',#15722,#15723);
#12405=LINE('',#15724,#15725);
#12406=VERTEX_POINT('',#15726);
#12407=VERTEX_POINT('',#15727);
#12408=LINE('',#15728,#15729);
#12409=VERTEX_POINT('',#15730);
#12410=LINE('',#15731,#15732);
#12411=VERTEX_POINT('',#15733);
#12412=LINE('',#15734,#15735);
#12413=LINE('',#15736,#15737);
#12414=LINE('',#15738,#15739);
#12415=VERTEX_POINT('',#15740);
#12416=VERTEX_POINT('',#15741);
#12417=LINE('',#15742,#15743);
#12418=VERTEX_POINT('',#15744);
#12419=LINE('',#15745,#15746);
#12420=VERTEX_POINT('',#15747);
#12421=LINE('',#15748,#15749);
#12422=VERTEX_POINT('',#15750);
#12423=LINE('',#15751,#15752);
#12424=VERTEX_POINT('',#15753);
#12425=LINE('',#15754,#15755);
#12426=LINE('',#15756,#15757);
#12427=VERTEX_POINT('',#15758);
#12428=VERTEX_POINT('',#15759);
#12429=LINE('',#15760,#15761);
#12430=VERTEX_POINT('',#15762);
#12431=LINE('',#15763,#15764);
#12432=VERTEX_POINT('',#15765);
#12433=LINE('',#15766,#15767);
#12434=VERTEX_POINT('',#15768);
#12435=LINE('',#15769,#15770);
#12436=VERTEX_POINT('',#15771);
#12437=LINE('',#15772,#15773);
#12438=LINE('',#15774,#15775);
#12439=VERTEX_POINT('',#15776);
#12440=LINE('',#15777,#15778);
#12441=VERTEX_POINT('',#15779);
#12442=LINE('',#15780,#15781);
#12443=VERTEX_POINT('',#15782);
#12444=LINE('',#15783,#15784);
#12445=VERTEX_POINT('',#15785);
#12446=LINE('',#15786,#15787);
#12447=LINE('',#15788,#15789);
#12448=VERTEX_POINT('',#15790);
#12449=LINE('',#15791,#15792);
#12450=VERTEX_POINT('',#15793);
#12451=LINE('',#15794,#15795);
#12452=VERTEX_POINT('',#15796);
#12453=LINE('',#15797,#15798);
#12454=VERTEX_POINT('',#15799);
#12455=LINE('',#15800,#15801);
#12456=LINE('',#15802,#15803);
#12457=VERTEX_POINT('',#15804);
#12458=VERTEX_POINT('',#15805);
#12459=LINE('',#15806,#15807);
#12460=VERTEX_POINT('',#15808);
#12461=LINE('',#15809,#15810);
#12462=VERTEX_POINT('',#15811);
#12463=LINE('',#15812,#15813);
#12464=VERTEX_POINT('',#15814);
#12465=LINE('',#15815,#15816);
#12466=VERTEX_POINT('',#15817);
#12467=LINE('',#15818,#15819);
#12468=LINE('',#15820,#15821);
#12469=VERTEX_POINT('',#15822);
#12470=VERTEX_POINT('',#15823);
#12471=LINE('',#15824,#15825);
#12472=VERTEX_POINT('',#15826);
#12473=LINE('',#15827,#15828);
#12474=VERTEX_POINT('',#15829);
#12475=LINE('',#15830,#15831);
#12476=VERTEX_POINT('',#15832);
#12477=LINE('',#15833,#15834);
#12478=VERTEX_POINT('',#15835);
#12479=LINE('',#15836,#15837);
#12480=LINE('',#15838,#15839);
#12481=VERTEX_POINT('',#15840);
#12482=VERTEX_POINT('',#15841);
#12483=LINE('',#15842,#15843);
#12484=VERTEX_POINT('',#15844);
#12485=LINE('',#15845,#15846);
#12486=VERTEX_POINT('',#15847);
#12487=LINE('',#15848,#15849);
#12488=VERTEX_POINT('',#15850);
#12489=LINE('',#15851,#15852);
#12490=VERTEX_POINT('',#15853);
#12491=LINE('',#15854,#15855);
#12492=LINE('',#15856,#15857);
#12493=VERTEX_POINT('',#15858);
#12494=VERTEX_POINT('',#15859);
#12495=LINE('',#15860,#15861);
#12496=VERTEX_POINT('',#15862);
#12497=LINE('',#15863,#15864);
#12498=VERTEX_POINT('',#15865);
#12499=LINE('',#15866,#15867);
#12500=VERTEX_POINT('',#15868);
#12501=LINE('',#15869,#15870);
#12502=VERTEX_POINT('',#15871);
#12503=LINE('',#15872,#15873);
#12504=LINE('',#15874,#15875);
#12505=VERTEX_POINT('',#15876);
#12506=LINE('',#15877,#15878);
#12507=VERTEX_POINT('',#15879);
#12508=LINE('',#15880,#15881);
#12509=VERTEX_POINT('',#15882);
#12510=LINE('',#15883,#15884);
#12511=VERTEX_POINT('',#15885);
#12512=LINE('',#15886,#15887);
#12513=LINE('',#15888,#15889);
#12514=VERTEX_POINT('',#15890);
#12515=VERTEX_POINT('',#15891);
#12516=LINE('',#15892,#15893);
#12517=VERTEX_POINT('',#15894);
#12518=LINE('',#15895,#15896);
#12519=VERTEX_POINT('',#15897);
#12520=LINE('',#15898,#15899);
#12521=VERTEX_POINT('',#15900);
#12522=LINE('',#15901,#15902);
#12523=VERTEX_POINT('',#15903);
#12524=LINE('',#15904,#15905);
#12525=LINE('',#15906,#15907);
#12526=VERTEX_POINT('',#15908);
#12527=VERTEX_POINT('',#15909);
#12528=LINE('',#15910,#15911);
#12529=VERTEX_POINT('',#15912);
#12530=LINE('',#15913,#15914);
#12531=VERTEX_POINT('',#15915);
#12532=LINE('',#15916,#15917);
#12533=VERTEX_POINT('',#15918);
#12534=LINE('',#15919,#15920);
#12535=VERTEX_POINT('',#15921);
#12536=LINE('',#15922,#15923);
#12537=LINE('',#15924,#15925);
#12538=VERTEX_POINT('',#15926);
#12539=LINE('',#15927,#15928);
#12540=VERTEX_POINT('',#15929);
#12541=LINE('',#15930,#15931);
#12542=VERTEX_POINT('',#15932);
#12543=LINE('',#15933,#15934);
#12544=LINE('',#15935,#15936);
#12545=VERTEX_POINT('',#15937);
#12546=VERTEX_POINT('',#15938);
#12547=LINE('',#15939,#15940);
#12548=VERTEX_POINT('',#15941);
#12549=LINE('',#15942,#15943);
#12550=VERTEX_POINT('',#15944);
#12551=LINE('',#15945,#15946);
#12552=VERTEX_POINT('',#15947);
#12553=LINE('',#15948,#15949);
#12554=VERTEX_POINT('',#15950);
#12555=LINE('',#15951,#15952);
#12556=LINE('',#15953,#15954);
#12557=VERTEX_POINT('',#15955);
#12558=VERTEX_POINT('',#15956);
#12559=LINE('',#15957,#15958);
#12560=VERTEX_POINT('',#15959);
#12561=LINE('',#15960,#15961);
#12562=VERTEX_POINT('',#15962);
#12563=LINE('',#15963,#15964);
#12564=VERTEX_POINT('',#15965);
#12565=LINE('',#15966,#15967);
#12566=VERTEX_POINT('',#15968);
#12567=LINE('',#15969,#15970);
#12568=LINE('',#15971,#15972);
#12569=VERTEX_POINT('',#15973);
#12570=VERTEX_POINT('',#15974);
#12571=LINE('',#15975,#15976);
#12572=VERTEX_POINT('',#15977);
#12573=LINE('',#15978,#15979);
#12574=LINE('',#15980,#15981);
#12575=VERTEX_POINT('',#15982);
#12576=LINE('',#15983,#15984);
#12577=LINE('',#15985,#15986);
#12578=VERTEX_POINT('',#15987);
#12579=VERTEX_POINT('',#15988);
#12580=LINE('',#15989,#15990);
#12581=VERTEX_POINT('',#15991);
#12582=LINE('',#15992,#15993);
#12583=VERTEX_POINT('',#15994);
#12584=LINE('',#15995,#15996);
#12585=VERTEX_POINT('',#15997);
#12586=LINE('',#15998,#15999);
#12587=VERTEX_POINT('',#16000);
#12588=LINE('',#16001,#16002);
#12589=LINE('',#16003,#16004);
#12590=VERTEX_POINT('',#16005);
#12591=LINE('',#16006,#16007);
#12592=VERTEX_POINT('',#16008);
#12593=LINE('',#16009,#16010);
#12594=VERTEX_POINT('',#16011);
#12595=LINE('',#16012,#16013);
#12596=VERTEX_POINT('',#16014);
#12597=LINE('',#16015,#16016);
#12598=LINE('',#16017,#16018);
#12599=VERTEX_POINT('',#16019);
#12600=VERTEX_POINT('',#16020);
#12601=LINE('',#16021,#16022);
#12602=VERTEX_POINT('',#16023);
#12603=LINE('',#16024,#16025);
#12604=VERTEX_POINT('',#16026);
#12605=LINE('',#16027,#16028);
#12606=LINE('',#16029,#16030);
#12607=LINE('',#16031,#16032);
#12608=VERTEX_POINT('',#16033);
#12609=VERTEX_POINT('',#16034);
#12610=LINE('',#16035,#16036);
#12611=VERTEX_POINT('',#16037);
#12612=LINE('',#16038,#16039);
#12613=VERTEX_POINT('',#16040);
#12614=LINE('',#16041,#16042);
#12615=VERTEX_POINT('',#16043);
#12616=LINE('',#16044,#16045);
#12617=VERTEX_POINT('',#16046);
#12618=LINE('',#16047,#16048);
#12619=LINE('',#16049,#16050);
#12620=VERTEX_POINT('',#16051);
#12621=VERTEX_POINT('',#16052);
#12622=LINE('',#16053,#16054);
#12623=VERTEX_POINT('',#16055);
#12624=LINE('',#16056,#16057);
#12625=VERTEX_POINT('',#16058);
#12626=LINE('',#16059,#16060);
#12627=VERTEX_POINT('',#16061);
#12628=LINE('',#16062,#16063);
#12629=VERTEX_POINT('',#16064);
#12630=LINE('',#16065,#16066);
#12631=LINE('',#16067,#16068);
#12632=VERTEX_POINT('',#16069);
#12633=VERTEX_POINT('',#16070);
#12634=LINE('',#16071,#16072);
#12635=VERTEX_POINT('',#16073);
#12636=LINE('',#16074,#16075);
#12637=LINE('',#16076,#16077);
#12638=VERTEX_POINT('',#16078);
#12639=LINE('',#16079,#16080);
#12640=LINE('',#16081,#16082);
#12641=VERTEX_POINT('',#16083);
#12642=VERTEX_POINT('',#16084);
#12643=LINE('',#16085,#16086);
#12644=VERTEX_POINT('',#16087);
#12645=LINE('',#16088,#16089);
#12646=VERTEX_POINT('',#16090);
#12647=LINE('',#16091,#16092);
#12648=VERTEX_POINT('',#16093);
#12649=LINE('',#16094,#16095);
#12650=VERTEX_POINT('',#16096);
#12651=LINE('',#16097,#16098);
#12652=LINE('',#16099,#16100);
#12653=VERTEX_POINT('',#16101);
#12654=LINE('',#16102,#16103);
#12655=LINE('',#16104,#16105);
#12656=VERTEX_POINT('',#16106);
#12657=LINE('',#16107,#16108);
#12658=LINE('',#16109,#16110);
#12659=VERTEX_POINT('',#16111);
#12660=VERTEX_POINT('',#16112);
#12661=CIRCLE('',#16113,0.0915354330708662);
#12662=VERTEX_POINT('',#16114);
#12663=CIRCLE('',#16115,0.0915354330708662);
#12664=CIRCLE('',#16116,0.0915354330708662);
#12665=FILL_AREA_STYLE_COLOUR('',#16117);
#12666=VERTEX_POINT('',#16118);
#12667=LINE('',#16119,#16120);
#12668=VERTEX_POINT('',#16121);
#12669=LINE('',#16122,#16123);
#12670=LINE('',#16124,#16125);
#12671=FILL_AREA_STYLE_COLOUR('',#16126);
#12672=VERTEX_POINT('',#16127);
#12673=LINE('',#16128,#16129);
#12674=VERTEX_POINT('',#16130);
#12675=LINE('',#16131,#16132);
#12676=LINE('',#16133,#16134);
#12677=FILL_AREA_STYLE_COLOUR('',#16135);
#12678=VERTEX_POINT('',#16136);
#12679=LINE('',#16137,#16138);
#12680=VERTEX_POINT('',#16139);
#12681=LINE('',#16140,#16141);
#12682=LINE('',#16142,#16143);
#12683=FILL_AREA_STYLE_COLOUR('',#16144);
#12684=VERTEX_POINT('',#16145);
#12685=LINE('',#16146,#16147);
#12686=VERTEX_POINT('',#16148);
#12687=CIRCLE('',#16149,0.178062069790083);
#12688=LINE('',#16150,#16151);
#12689=FILL_AREA_STYLE_COLOUR('',#16152);
#12690=VERTEX_POINT('',#16153);
#12691=VERTEX_POINT('',#16154);
#12692=LINE('',#16155,#16156);
#12693=VERTEX_POINT('',#16157);
#12694=LINE('',#16158,#16159);
#12695=VERTEX_POINT('',#16160);
#12696=LINE('',#16161,#16162);
#12697=(B_SPLINE_CURVE(2,(#16164,#16165,#16166),.UNSPECIFIED.,.F.,.F.)B_SPLINE_CURVE_WITH_KNOTS((3,3),(0.137806871692204,0.158599212985093),.UNSPECIFIED.)RATIONAL_B_SPLINE_CURVE((0.999999995043224,0.999999994845443,0.99999999470082))BOUNDED_CURVE()REPRESENTATION_ITEM('')GEOMETRIC_REPRESENTATION_ITEM()CURVE());
#12698=FILL_AREA_STYLE_COLOUR('',#16173);
#12699=VERTEX_POINT('',#16174);
#12700=LINE('',#16175,#16176);
#12701=VERTEX_POINT('',#16177);
#12702=LINE('',#16178,#16179);
#12703=LINE('',#16180,#16181);
#12704=FILL_AREA_STYLE_COLOUR('',#16182);
#12705=VERTEX_POINT('',#16183);
#12706=LINE('',#16184,#16185);
#12707=LINE('',#16186,#16187);
#12708=FILL_AREA_STYLE_COLOUR('',#16188);
#12709=VERTEX_POINT('',#16189);
#12710=LINE('',#16190,#16191);
#12711=VERTEX_POINT('',#16192);
#12712=LINE('',#16193,#16194);
#12713=LINE('',#16195,#16196);
#12714=FILL_AREA_STYLE_COLOUR('',#16197);
#12715=VERTEX_POINT('',#16198);
#12716=VERTEX_POINT('',#16199);
#12717=LINE('',#16200,#16201);
#12718=LINE('',#16202,#16203);
#12719=LINE('',#16204,#16205);
#12720=FILL_AREA_STYLE_COLOUR('',#16206);
#12721=VERTEX_POINT('',#16207);
#12722=LINE('',#16208,#16209);
#12723=LINE('',#16210,#16211);
#12724=FILL_AREA_STYLE_COLOUR('',#16212);
#12725=VERTEX_POINT('',#16213);
#12726=LINE('',#16214,#16215);
#12727=LINE('',#16216,#16217);
#12728=FILL_AREA_STYLE_COLOUR('',#16218);
#12729=VERTEX_POINT('',#16219);
#12730=LINE('',#16220,#16221);
#12731=VERTEX_POINT('',#16222);
#12732=LINE('',#16223,#16224);
#12733=LINE('',#16225,#16226);
#12734=FILL_AREA_STYLE_COLOUR('',#16227);
#12735=VERTEX_POINT('',#16228);
#12736=LINE('',#16229,#16230);
#12737=VERTEX_POINT('',#16231);
#12738=LINE('',#16232,#16233);
#12739=LINE('',#16234,#16235);
#12740=FILL_AREA_STYLE_COLOUR('',#16236);
#12741=VERTEX_POINT('',#16237);
#12742=LINE('',#16238,#16239);
#12743=LINE('',#16240,#16241);
#12744=FILL_AREA_STYLE_COLOUR('',#16242);
#12745=VERTEX_POINT('',#16243);
#12746=LINE('',#16244,#16245);
#12747=VERTEX_POINT('',#16246);
#12748=LINE('',#16247,#16248);
#12749=LINE('',#16249,#16250);
#12750=FILL_AREA_STYLE_COLOUR('',#16251);
#12751=VERTEX_POINT('',#16252);
#12752=LINE('',#16253,#16254);
#12753=VERTEX_POINT('',#16255);
#12754=LINE('',#16256,#16257);
#12755=LINE('',#16258,#16259);
#12756=FILL_AREA_STYLE_COLOUR('',#16260);
#12757=VERTEX_POINT('',#16261);
#12758=LINE('',#16262,#16263);
#12759=LINE('',#16264,#16265);
#12760=FILL_AREA_STYLE_COLOUR('',#16266);
#12761=VERTEX_POINT('',#16267);
#12762=LINE('',#16268,#16269);
#12763=VERTEX_POINT('',#16270);
#12764=LINE('',#16271,#16272);
#12765=LINE('',#16273,#16274);
#12766=FILL_AREA_STYLE_COLOUR('',#16275);
#12767=VERTEX_POINT('',#16276);
#12768=LINE('',#16277,#16278);
#12769=VERTEX_POINT('',#16279);
#12770=LINE('',#16280,#16281);
#12771=LINE('',#16282,#16283);
#12772=FILL_AREA_STYLE_COLOUR('',#16284);
#12773=VERTEX_POINT('',#16285);
#12774=LINE('',#16286,#16287);
#12775=VERTEX_POINT('',#16288);
#12776=LINE('',#16289,#16290);
#12777=LINE('',#16291,#16292);
#12778=FILL_AREA_STYLE_COLOUR('',#16293);
#12779=VERTEX_POINT('',#16294);
#12780=LINE('',#16295,#16296);
#12781=VERTEX_POINT('',#16297);
#12782=LINE('',#16298,#16299);
#12783=LINE('',#16300,#16301);
#12784=FILL_AREA_STYLE_COLOUR('',#16302);
#12785=VERTEX_POINT('',#16303);
#12786=VERTEX_POINT('',#16304);
#12787=LINE('',#16305,#16306);
#12788=VERTEX_POINT('',#16307);
#12789=LINE('',#16308,#16309);
#12790=CIRCLE('',#16310,0.186023622047244);
#12791=VERTEX_POINT('',#16311);
#12792=LINE('',#16312,#16313);
#12793=VERTEX_POINT('',#16314);
#12794=LINE('',#16315,#16316);
#12795=VERTEX_POINT('',#16317);
#12796=CIRCLE('',#16318,0.141732283464567);
#12797=CIRCLE('',#16319,0.141732283464567);
#12798=VERTEX_POINT('',#16320);
#12799=VERTEX_POINT('',#16321);
#12800=CIRCLE('',#16322,0.0915354330708662);
#12801=CIRCLE('',#16323,0.0915354330708662);
#12802=FILL_AREA_STYLE_COLOUR('',#16324);
#12803=VERTEX_POINT('',#16325);
#12804=LINE('',#16326,#16327);
#12805=VERTEX_POINT('',#16328);
#12806=LINE('',#16329,#16330);
#12807=LINE('',#16331,#16332);
#12808=FILL_AREA_STYLE_COLOUR('',#16333);
#12809=VERTEX_POINT('',#16334);
#12810=LINE('',#16335,#16336);
#12811=LINE('',#16337,#16338);
#12812=FILL_AREA_STYLE_COLOUR('',#16339);
#12813=VERTEX_POINT('',#16340);
#12814=LINE('',#16341,#16342);
#12815=VERTEX_POINT('',#16343);
#12816=LINE('',#16344,#16345);
#12817=LINE('',#16346,#16347);
#12818=FILL_AREA_STYLE_COLOUR('',#16348);
#12819=VERTEX_POINT('',#16349);
#12820=LINE('',#16350,#16351);
#12821=VERTEX_POINT('',#16352);
#12822=LINE('',#16353,#16354);
#12823=LINE('',#16355,#16356);
#12824=FILL_AREA_STYLE_COLOUR('',#16357);
#12825=VERTEX_POINT('',#16358);
#12826=LINE('',#16359,#16360);
#12827=VERTEX_POINT('',#16361);
#12828=CIRCLE('',#16362,0.15748031496063);
#12829=LINE('',#16363,#16364);
#12830=FILL_AREA_STYLE_COLOUR('',#16365);
#12831=VERTEX_POINT('',#16366);
#12832=LINE('',#16367,#16368);
#12833=LINE('',#16369,#16370);
#12834=FILL_AREA_STYLE_COLOUR('',#16371);
#12835=VERTEX_POINT('',#16372);
#12836=LINE('',#16373,#16374);
#12837=VERTEX_POINT('',#16375);
#12838=LINE('',#16376,#16377);
#12839=LINE('',#16378,#16379);
#12840=FILL_AREA_STYLE_COLOUR('',#16380);
#12841=VERTEX_POINT('',#16381);
#12842=LINE('',#16382,#16383);
#12843=VERTEX_POINT('',#16384);
#12844=LINE('',#16385,#16386);
#12845=LINE('',#16387,#16388);
#12846=FILL_AREA_STYLE_COLOUR('',#16389);
#12847=VERTEX_POINT('',#16390);
#12848=LINE('',#16391,#16392);
#12849=VERTEX_POINT('',#16393);
#12850=LINE('',#16394,#16395);
#12851=LINE('',#16396,#16397);
#12852=FILL_AREA_STYLE_COLOUR('',#16398);
#12853=VERTEX_POINT('',#16399);
#12854=LINE('',#16400,#16401);
#12855=VERTEX_POINT('',#16402);
#12856=LINE('',#16403,#16404);
#12857=LINE('',#16405,#16406);
#12858=FILL_AREA_STYLE_COLOUR('',#16407);
#12859=VERTEX_POINT('',#16408);
#12860=LINE('',#16409,#16410);
#12861=VERTEX_POINT('',#16411);
#12862=LINE('',#16412,#16413);
#12863=LINE('',#16414,#16415);
#12864=FILL_AREA_STYLE_COLOUR('',#16416);
#12865=VERTEX_POINT('',#16417);
#12866=LINE('',#16418,#16419);
#12867=VERTEX_POINT('',#16420);
#12868=LINE('',#16421,#16422);
#12869=LINE('',#16423,#16424);
#12870=FILL_AREA_STYLE_COLOUR('',#16425);
#12871=VERTEX_POINT('',#16426);
#12872=LINE('',#16427,#16428);
#12873=LINE('',#16429,#16430);
#12874=FILL_AREA_STYLE_COLOUR('',#16431);
#12875=VERTEX_POINT('',#16432);
#12876=LINE('',#16433,#16434);
#12877=VERTEX_POINT('',#16435);
#12878=LINE('',#16436,#16437);
#12879=LINE('',#16438,#16439);
#12880=FILL_AREA_STYLE_COLOUR('',#16440);
#12881=VERTEX_POINT('',#16441);
#12882=LINE('',#16442,#16443);
#12883=VERTEX_POINT('',#16444);
#12884=LINE('',#16445,#16446);
#12885=LINE('',#16447,#16448);
#12886=FILL_AREA_STYLE_COLOUR('',#16449);
#12887=VERTEX_POINT('',#16450);
#12888=LINE('',#16451,#16452);
#12889=LINE('',#16453,#16454);
#12890=FILL_AREA_STYLE_COLOUR('',#16455);
#12891=VERTEX_POINT('',#16456);
#12892=LINE('',#16457,#16458);
#12893=VERTEX_POINT('',#16459);
#12894=LINE('',#16460,#16461);
#12895=LINE('',#16462,#16463);
#12896=FILL_AREA_STYLE_COLOUR('',#16464);
#12897=VERTEX_POINT('',#16465);
#12898=LINE('',#16466,#16467);
#12899=VERTEX_POINT('',#16468);
#12900=LINE('',#16469,#16470);
#12901=LINE('',#16471,#16472);
#12902=FILL_AREA_STYLE_COLOUR('',#16473);
#12903=VERTEX_POINT('',#16474);
#12904=VERTEX_POINT('',#16475);
#12905=LINE('',#16476,#16477);
#12906=VERTEX_POINT('',#16478);
#12907=(B_SPLINE_CURVE(2,(#16480,#16481,#16482),.UNSPECIFIED.,.F.,.F.)B_SPLINE_CURVE_WITH_KNOTS((3,3),(0.137810736335077,0.158603518422236),.UNSPECIFIED.)RATIONAL_B_SPLINE_CURVE((1.00000689196328,1.00000716692209,1.00000736795962))BOUNDED_CURVE()REPRESENTATION_ITEM('')GEOMETRIC_REPRESENTATION_ITEM()CURVE());
#12908=VERTEX_POINT('',#16489);
#12909=LINE('',#16490,#16491);
#12910=LINE('',#16492,#16493);
#12911=FILL_AREA_STYLE_COLOUR('',#16494);
#12912=VERTEX_POINT('',#16495);
#12913=LINE('',#16496,#16497);
#12914=VERTEX_POINT('',#16498);
#12915=LINE('',#16499,#16500);
#12916=LINE('',#16501,#16502);
#12917=FILL_AREA_STYLE_COLOUR('',#16503);
#12918=VERTEX_POINT('',#16504);
#12919=VERTEX_POINT('',#16505);
#12920=LINE('',#16506,#16507);
#12921=LINE('',#16508,#16509);
#12922=LINE('',#16510,#16511);
#12923=FILL_AREA_STYLE_COLOUR('',#16512);
#12924=VERTEX_POINT('',#16513);
#12925=VERTEX_POINT('',#16514);
#12926=LINE('',#16515,#16516);
#12927=VERTEX_POINT('',#16517);
#12928=CIRCLE('',#16518,0.186023622047244);
#12929=VERTEX_POINT('',#16519);
#12930=LINE('',#16520,#16521);
#12931=CIRCLE('',#16522,0.186023622047244);
#12932=FILL_AREA_STYLE_COLOUR('',#16523);
#12933=VERTEX_POINT('',#16524);
#12934=VERTEX_POINT('',#16525);
#12935=LINE('',#16526,#16527);
#12936=VERTEX_POINT('',#16528);
#12937=LINE('',#16529,#16530);
#12938=VERTEX_POINT('',#16531);
#12939=LINE('',#16532,#16533);
#12940=LINE('',#16534,#16535);
#12941=FILL_AREA_STYLE_COLOUR('',#16536);
#12942=VERTEX_POINT('',#16537);
#12943=LINE('',#16538,#16539);
#12944=LINE('',#16540,#16541);
#12945=FILL_AREA_STYLE_COLOUR('',#16542);
#12946=VERTEX_POINT('',#16543);
#12947=LINE('',#16544,#16545);
#12948=LINE('',#16546,#16547);
#12949=FILL_AREA_STYLE_COLOUR('',#16548);
#12950=VERTEX_POINT('',#16549);
#12951=LINE('',#16550,#16551);
#12952=VERTEX_POINT('',#16552);
#12953=LINE('',#16553,#16554);
#12954=LINE('',#16555,#16556);
#12955=FILL_AREA_STYLE_COLOUR('',#16557);
#12956=VERTEX_POINT('',#16558);
#12957=LINE('',#16559,#16560);
#12958=VERTEX_POINT('',#16561);
#12959=LINE('',#16562,#16563);
#12960=LINE('',#16564,#16565);
#12961=FILL_AREA_STYLE_COLOUR('',#16566);
#12962=VERTEX_POINT('',#16567);
#12963=LINE('',#16568,#16569);
#12964=VERTEX_POINT('',#16570);
#12965=LINE('',#16571,#16572);
#12966=LINE('',#16573,#16574);
#12967=FILL_AREA_STYLE_COLOUR('',#16575);
#12968=VERTEX_POINT('',#16576);
#12969=LINE('',#16577,#16578);
#12970=LINE('',#16579,#16580);
#12971=FILL_AREA_STYLE_COLOUR('',#16581);
#12972=VERTEX_POINT('',#16582);
#12973=LINE('',#16583,#16584);
#12974=LINE('',#16585,#16586);
#12975=FILL_AREA_STYLE_COLOUR('',#16587);
#12976=VERTEX_POINT('',#16588);
#12977=LINE('',#16589,#16590);
#12978=VERTEX_POINT('',#16591);
#12979=LINE('',#16592,#16593);
#12980=LINE('',#16594,#16595);
#12981=FILL_AREA_STYLE_COLOUR('',#16596);
#12982=VERTEX_POINT('',#16597);
#12983=VERTEX_POINT('',#16598);
#12984=LINE('',#16599,#16600);
#12985=VERTEX_POINT('',#16601);
#12986=LINE('',#16602,#16603);
#12987=VERTEX_POINT('',#16604);
#12988=LINE('',#16605,#16606);
#12989=LINE('',#16607,#16608);
#12990=FILL_AREA_STYLE_COLOUR('',#16609);
#12991=LINE('',#16610,#16611);
#12992=FILL_AREA_STYLE_COLOUR('',#16612);
#12993=LINE('',#16613,#16614);
#12994=LINE('',#16615,#16616);
#12995=VERTEX_POINT('',#16617);
#12996=LINE('',#16618,#16619);
#12997=LINE('',#16620,#16621);
#12998=VERTEX_POINT('',#16622);
#12999=LINE('',#16623,#16624);
#13000=VERTEX_POINT('',#16625);
#13001=LINE('',#16626,#16627);
#13002=LINE('',#16628,#16629);
#13003=FILL_AREA_STYLE_COLOUR('',#16630);
#13004=VERTEX_POINT('',#16631);
#13005=LINE('',#16632,#16633);
#13006=VERTEX_POINT('',#16634);
#13007=LINE('',#16635,#16636);
#13008=LINE('',#16637,#16638);
#13009=FILL_AREA_STYLE_COLOUR('',#16639);
#13010=VERTEX_POINT('',#16640);
#13011=LINE('',#16641,#16642);
#13012=VERTEX_POINT('',#16643);
#13013=LINE('',#16644,#16645);
#13014=LINE('',#16646,#16647);
#13015=FILL_AREA_STYLE_COLOUR('',#16648);
#13016=VERTEX_POINT('',#16649);
#13017=LINE('',#16650,#16651);
#13018=VERTEX_POINT('',#16652);
#13019=LINE('',#16653,#16654);
#13020=LINE('',#16655,#16656);
#13021=FILL_AREA_STYLE_COLOUR('',#16657);
#13022=VERTEX_POINT('',#16658);
#13023=LINE('',#16659,#16660);
#13024=VERTEX_POINT('',#16661);
#13025=LINE('',#16662,#16663);
#13026=VERTEX_POINT('',#16664);
#13027=LINE('',#16665,#16666);
#13028=VERTEX_POINT('',#16667);
#13029=LINE('',#16668,#16669);
#13030=LINE('',#16670,#16671);
#13031=FILL_AREA_STYLE_COLOUR('',#16672);
#13032=VERTEX_POINT('',#16673);
#13033=LINE('',#16674,#16675);
#13034=VERTEX_POINT('',#16676);
#13035=LINE('',#16677,#16678);
#13036=LINE('',#16679,#16680);
#13037=FILL_AREA_STYLE_COLOUR('',#16681);
#13038=VERTEX_POINT('',#16682);
#13039=LINE('',#16683,#16684);
#13040=VERTEX_POINT('',#16685);
#13041=LINE('',#16686,#16687);
#13042=LINE('',#16688,#16689);
#13043=FILL_AREA_STYLE_COLOUR('',#16690);
#13044=VERTEX_POINT('',#16691);
#13045=LINE('',#16692,#16693);
#13046=LINE('',#16694,#16695);
#13047=FILL_AREA_STYLE_COLOUR('',#16696);
#13048=VERTEX_POINT('',#16697);
#13049=LINE('',#16698,#16699);
#13050=VERTEX_POINT('',#16700);
#13051=LINE('',#16701,#16702);
#13052=LINE('',#16703,#16704);
#13053=FILL_AREA_STYLE_COLOUR('',#16705);
#13054=VERTEX_POINT('',#16706);
#13055=VERTEX_POINT('',#16707);
#13056=LINE('',#16708,#16709);
#13057=VERTEX_POINT('',#16710);
#13058=LINE('',#16711,#16712);
#13059=VERTEX_POINT('',#16713);
#13060=LINE('',#16714,#16715);
#13061=VERTEX_POINT('',#16716);
#13062=LINE('',#16717,#16718);
#13063=LINE('',#16719,#16720);
#13064=FILL_AREA_STYLE_COLOUR('',#16721);
#13065=VERTEX_POINT('',#16722);
#13066=LINE('',#16723,#16724);
#13067=VERTEX_POINT('',#16725);
#13068=LINE('',#16726,#16727);
#13069=LINE('',#16728,#16729);
#13070=FILL_AREA_STYLE_COLOUR('',#16730);
#13071=LINE('',#16731,#16732);
#13072=VERTEX_POINT('',#16733);
#13073=LINE('',#16734,#16735);
#13074=(B_SPLINE_CURVE(2,(#16737,#16738,#16739),.UNSPECIFIED.,.F.,.F.)B_SPLINE_CURVE_WITH_KNOTS((3,3),(0.137810736335077,0.158603518422236),.UNSPECIFIED.)RATIONAL_B_SPLINE_CURVE((1.00000689196328,1.00000716692209,1.00000736795962))BOUNDED_CURVE()REPRESENTATION_ITEM('')GEOMETRIC_REPRESENTATION_ITEM()CURVE());
#13075=FILL_AREA_STYLE_COLOUR('',#16746);
#13076=VERTEX_POINT('',#16747);
#13077=LINE('',#16748,#16749);
#13078=LINE('',#16750,#16751);
#13079=FILL_AREA_STYLE_COLOUR('',#16752);
#13080=VERTEX_POINT('',#16753);
#13081=LINE('',#16754,#16755);
#13082=VERTEX_POINT('',#16756);
#13083=LINE('',#16757,#16758);
#13084=LINE('',#16759,#16760);
#13085=FILL_AREA_STYLE_COLOUR('',#16761);
#13086=VERTEX_POINT('',#16762);
#13087=LINE('',#16763,#16764);
#13088=LINE('',#16765,#16766);
#13089=FILL_AREA_STYLE_COLOUR('',#16767);
#13090=LINE('',#16768,#16769);
#13091=LINE('',#16770,#16771);
#13092=FILL_AREA_STYLE_COLOUR('',#16772);
#13093=LINE('',#16773,#16774);
#13094=VERTEX_POINT('',#16775);
#13095=LINE('',#16776,#16777);
#13096=LINE('',#16778,#16779);
#13097=VERTEX_POINT('',#16780);
#13098=LINE('',#16781,#16782);
#13099=LINE('',#16783,#16784);
#13100=VERTEX_POINT('',#16785);
#13101=LINE('',#16786,#16787);
#13102=VERTEX_POINT('',#16788);
#13103=LINE('',#16789,#16790);
#13104=LINE('',#16791,#16792);
#13105=FILL_AREA_STYLE_COLOUR('',#16793);
#13106=VERTEX_POINT('',#16794);
#13107=LINE('',#16795,#16796);
#13108=VERTEX_POINT('',#16797);
#13109=LINE('',#16798,#16799);
#13110=LINE('',#16800,#16801);
#13111=FILL_AREA_STYLE_COLOUR('',#16802);
#13112=VERTEX_POINT('',#16803);
#13113=LINE('',#16804,#16805);
#13114=VERTEX_POINT('',#16806);
#13115=LINE('',#16807,#16808);
#13116=LINE('',#16809,#16810);
#13117=FILL_AREA_STYLE_COLOUR('',#16811);
#13118=VERTEX_POINT('',#16812);
#13119=LINE('',#16813,#16814);
#13120=VERTEX_POINT('',#16815);
#13121=LINE('',#16816,#16817);
#13122=LINE('',#16818,#16819);
#13123=FILL_AREA_STYLE_COLOUR('',#16820);
#13124=LINE('',#16821,#16822);
#13125=VERTEX_POINT('',#16823);
#13126=LINE('',#16824,#16825);
#13127=LINE('',#16826,#16827);
#13128=FILL_AREA_STYLE_COLOUR('',#16828);
#13129=VERTEX_POINT('',#16829);
#13130=LINE('',#16830,#16831);
#13131=VERTEX_POINT('',#16832);
#13132=LINE('',#16833,#16834);
#13133=LINE('',#16835,#16836);
#13134=FILL_AREA_STYLE_COLOUR('',#16837);
#13135=VERTEX_POINT('',#16838);
#13136=LINE('',#16839,#16840);
#13137=VERTEX_POINT('',#16841);
#13138=LINE('',#16842,#16843);
#13139=LINE('',#16844,#16845);
#13140=FILL_AREA_STYLE_COLOUR('',#16846);
#13141=VERTEX_POINT('',#16847);
#13142=LINE('',#16848,#16849);
#13143=VERTEX_POINT('',#16850);
#13144=LINE('',#16851,#16852);
#13145=LINE('',#16853,#16854);
#13146=FILL_AREA_STYLE_COLOUR('',#16855);
#13147=VERTEX_POINT('',#16856);
#13148=LINE('',#16857,#16858);
#13149=CIRCLE('',#16859,0.178062069790083);
#13150=FILL_AREA_STYLE_COLOUR('',#16860);
#13151=VERTEX_POINT('',#16861);
#13152=LINE('',#16862,#16863);
#13153=VERTEX_POINT('',#16864);
#13154=LINE('',#16865,#16866);
#13155=LINE('',#16867,#16868);
#13156=FILL_AREA_STYLE_COLOUR('',#16869);
#13157=VERTEX_POINT('',#16870);
#13158=LINE('',#16871,#16872);
#13159=LINE('',#16873,#16874);
#13160=FILL_AREA_STYLE_COLOUR('',#16875);
#13161=LINE('',#16876,#16877);
#13162=FILL_AREA_STYLE_COLOUR('',#16878);
#13163=VERTEX_POINT('',#16879);
#13164=LINE('',#16880,#16881);
#13165=VERTEX_POINT('',#16882);
#13166=LINE('',#16883,#16884);
#13167=LINE('',#16885,#16886);
#13168=FILL_AREA_STYLE_COLOUR('',#16887);
#13169=VERTEX_POINT('',#16888);
#13170=LINE('',#16889,#16890);
#13171=VERTEX_POINT('',#16891);
#13172=LINE('',#16892,#16893);
#13173=LINE('',#16894,#16895);
#13174=FILL_AREA_STYLE_COLOUR('',#16896);
#13175=VERTEX_POINT('',#16897);
#13176=LINE('',#16898,#16899);
#13177=VERTEX_POINT('',#16900);
#13178=LINE('',#16901,#16902);
#13179=LINE('',#16903,#16904);
#13180=FILL_AREA_STYLE_COLOUR('',#16905);
#13181=VERTEX_POINT('',#16906);
#13182=LINE('',#16907,#16908);
#13183=LINE('',#16909,#16910);
#13184=FILL_AREA_STYLE_COLOUR('',#16911);
#13185=VERTEX_POINT('',#16912);
#13186=LINE('',#16913,#16914);
#13187=VERTEX_POINT('',#16915);
#13188=LINE('',#16916,#16917);
#13189=LINE('',#16918,#16919);
#13190=FILL_AREA_STYLE_COLOUR('',#16920);
#13191=VERTEX_POINT('',#16921);
#13192=LINE('',#16922,#16923);
#13193=LINE('',#16924,#16925);
#13194=FILL_AREA_STYLE_COLOUR('',#16926);
#13195=VERTEX_POINT('',#16927);
#13196=CIRCLE('',#16928,0.217680880318377);
#13197=LINE('',#16929,#16930);
#13198=VERTEX_POINT('',#16931);
#13199=LINE('',#16932,#16933);
#13200=VERTEX_POINT('',#16934);
#13201=CIRCLE('',#16935,0.217680880318377);
#13202=LINE('',#16936,#16937);
#13203=FILL_AREA_STYLE_COLOUR('',#16938);
#13204=VERTEX_POINT('',#16939);
#13205=LINE('',#16940,#16941);
#13206=LINE('',#16942,#16943);
#13207=FILL_AREA_STYLE_COLOUR('',#16944);
#13208=VERTEX_POINT('',#16945);
#13209=VERTEX_POINT('',#16946);
#13210=LINE('',#16947,#16948);
#13211=LINE('',#16949,#16950);
#13212=VERTEX_POINT('',#16951);
#13213=LINE('',#16952,#16953);
#13214=LINE('',#16954,#16955);
#13215=FILL_AREA_STYLE_COLOUR('',#16956);
#13216=VERTEX_POINT('',#16957);
#13217=LINE('',#16958,#16959);
#13218=CIRCLE('',#16960,0.178062069790083);
#13219=FILL_AREA_STYLE_COLOUR('',#16961);
#13220=VERTEX_POINT('',#16962);
#13221=LINE('',#16963,#16964);
#13222=VERTEX_POINT('',#16965);
#13223=LINE('',#16966,#16967);
#13224=LINE('',#16968,#16969);
#13225=FILL_AREA_STYLE_COLOUR('',#16970);
#13226=VERTEX_POINT('',#16971);
#13227=LINE('',#16972,#16973);
#13228=LINE('',#16974,#16975);
#13229=FILL_AREA_STYLE_COLOUR('',#16976);
#13230=VERTEX_POINT('',#16977);
#13231=LINE('',#16978,#16979);
#13232=LINE('',#16980,#16981);
#13233=FILL_AREA_STYLE_COLOUR('',#16982);
#13234=VERTEX_POINT('',#16983);
#13235=LINE('',#16984,#16985);
#13236=VERTEX_POINT('',#16986);
#13237=LINE('',#16987,#16988);
#13238=LINE('',#16989,#16990);
#13239=FILL_AREA_STYLE_COLOUR('',#16991);
#13240=VERTEX_POINT('',#16992);
#13241=LINE('',#16993,#16994);
#13242=LINE('',#16995,#16996);
#13243=FILL_AREA_STYLE_COLOUR('',#16997);
#13244=VERTEX_POINT('',#16998);
#13245=LINE('',#16999,#17000);
#13246=VERTEX_POINT('',#17001);
#13247=LINE('',#17002,#17003);
#13248=LINE('',#17004,#17005);
#13249=FILL_AREA_STYLE_COLOUR('',#17006);
#13250=VERTEX_POINT('',#17007);
#13251=LINE('',#17008,#17009);
#13252=LINE('',#17010,#17011);
#13253=FILL_AREA_STYLE_COLOUR('',#17012);
#13254=VERTEX_POINT('',#17013);
#13255=LINE('',#17014,#17015);
#13256=LINE('',#17016,#17017);
#13257=FILL_AREA_STYLE_COLOUR('',#17018);
#13258=VERTEX_POINT('',#17019);
#13259=VERTEX_POINT('',#17020);
#13260=LINE('',#17021,#17022);
#13261=VERTEX_POINT('',#17023);
#13262=CIRCLE('',#17024,0.141732283464567);
#13263=VERTEX_POINT('',#17025);
#13264=LINE('',#17026,#17027);
#13265=CIRCLE('',#17028,0.15748031496063);
#13266=FILL_AREA_STYLE_COLOUR('',#17029);
#13267=VERTEX_POINT('',#17030);
#13268=LINE('',#17031,#17032);
#13269=LINE('',#17033,#17034);
#13270=CIRCLE('',#17035,0.178062069790083);
#13271=FILL_AREA_STYLE_COLOUR('',#17036);
#13272=VERTEX_POINT('',#17037);
#13273=VERTEX_POINT('',#17038);
#13274=LINE('',#17039,#17040);
#13275=LINE('',#17041,#17042);
#13276=LINE('',#17043,#17044);
#13277=FILL_AREA_STYLE_COLOUR('',#17045);
#13278=LINE('',#17046,#17047);
#13279=LINE('',#17048,#17049);
#13280=FILL_AREA_STYLE_COLOUR('',#17050);
#13281=VERTEX_POINT('',#17051);
#13282=LINE('',#17052,#17053);
#13283=VERTEX_POINT('',#17054);
#13284=LINE('',#17055,#17056);
#13285=LINE('',#17057,#17058);
#13286=FILL_AREA_STYLE_COLOUR('',#17059);
#13287=VERTEX_POINT('',#17060);
#13288=LINE('',#17061,#17062);
#13289=VERTEX_POINT('',#17063);
#13290=LINE('',#17064,#17065);
#13291=LINE('',#17066,#17067);
#13292=FILL_AREA_STYLE_COLOUR('',#17068);
#13293=VERTEX_POINT('',#17069);
#13294=LINE('',#17070,#17071);
#13295=LINE('',#17072,#17073);
#13296=FILL_AREA_STYLE_COLOUR('',#17074);
#13297=VERTEX_POINT('',#17075);
#13298=LINE('',#17076,#17077);
#13299=CIRCLE('',#17078,0.201771653543307);
#13300=CIRCLE('',#17079,0.186023622047244);
#13301=FILL_AREA_STYLE_COLOUR('',#17080);
#13302=VERTEX_POINT('',#17081);
#13303=LINE('',#17082,#17083);
#13304=VERTEX_POINT('',#17084);
#13305=LINE('',#17085,#17086);
#13306=LINE('',#17087,#17088);
#13307=FILL_AREA_STYLE_COLOUR('',#17089);
#13308=VERTEX_POINT('',#17090);
#13309=LINE('',#17091,#17092);
#13310=VERTEX_POINT('',#17093);
#13311=LINE('',#17094,#17095);
#13312=LINE('',#17096,#17097);
#13313=FILL_AREA_STYLE_COLOUR('',#17098);
#13314=VERTEX_POINT('',#17099);
#13315=LINE('',#17100,#17101);
#13316=LINE('',#17102,#17103);
#13317=FILL_AREA_STYLE_COLOUR('',#17104);
#13318=FILL_AREA_STYLE_COLOUR('',#17105);
#13319=VERTEX_POINT('',#17106);
#13320=LINE('',#17107,#17108);
#13321=LINE('',#17109,#17110);
#13322=FILL_AREA_STYLE_COLOUR('',#17111);
#13323=VERTEX_POINT('',#17112);
#13324=LINE('',#17113,#17114);
#13325=LINE('',#17115,#17116);
#13326=FILL_AREA_STYLE_COLOUR('',#17117);
#13327=VERTEX_POINT('',#17118);
#13328=LINE('',#17119,#17120);
#13329=LINE('',#17121,#17122);
#13330=LINE('',#17123,#17124);
#13331=LINE('',#17125,#17126);
#13332=FILL_AREA_STYLE_COLOUR('',#17127);
#13333=VERTEX_POINT('',#17128);
#13334=LINE('',#17129,#17130);
#13335=VERTEX_POINT('',#17131);
#13336=LINE('',#17132,#17133);
#13337=LINE('',#17134,#17135);
#13338=FILL_AREA_STYLE_COLOUR('',#17136);
#13339=VERTEX_POINT('',#17137);
#13340=LINE('',#17138,#17139);
#13341=VERTEX_POINT('',#17140);
#13342=LINE('',#17141,#17142);
#13343=LINE('',#17143,#17144);
#13344=FILL_AREA_STYLE_COLOUR('',#17145);
#13345=VERTEX_POINT('',#17146);
#13346=LINE('',#17147,#17148);
#13347=LINE('',#17149,#17150);
#13348=FILL_AREA_STYLE_COLOUR('',#17151);
#13349=VERTEX_POINT('',#17152);
#13350=LINE('',#17153,#17154);
#13351=LINE('',#17155,#17156);
#13352=FILL_AREA_STYLE_COLOUR('',#17157);
#13353=VERTEX_POINT('',#17158);
#13354=LINE('',#17159,#17160);
#13355=VERTEX_POINT('',#17161);
#13356=(B_SPLINE_CURVE(2,(#17163,#17164,#17165),.UNSPECIFIED.,.F.,.F.)B_SPLINE_CURVE_WITH_KNOTS((3,3),(0.137806871692204,0.158599212985093),.UNSPECIFIED.)RATIONAL_B_SPLINE_CURVE((0.999999995043224,0.999999994845443,0.99999999470082))BOUNDED_CURVE()REPRESENTATION_ITEM('')GEOMETRIC_REPRESENTATION_ITEM()CURVE());
#13357=LINE('',#17172,#17173);
#13358=FILL_AREA_STYLE_COLOUR('',#17174);
#13359=VERTEX_POINT('',#17175);
#13360=LINE('',#17176,#17177);
#13361=VERTEX_POINT('',#17178);
#13362=LINE('',#17179,#17180);
#13363=LINE('',#17181,#17182);
#13364=FILL_AREA_STYLE_COLOUR('',#17183);
#13365=VERTEX_POINT('',#17184);
#13366=LINE('',#17185,#17186);
#13367=LINE('',#17187,#17188);
#13368=FILL_AREA_STYLE_COLOUR('',#17189);
#13369=VERTEX_POINT('',#17190);
#13370=VERTEX_POINT('',#17191);
#13371=LINE('',#17192,#17193);
#13372=CIRCLE('',#17194,0.186023622047244);
#13373=VERTEX_POINT('',#17195);
#13374=(B_SPLINE_CURVE(2,(#17197,#17198,#17199),.UNSPECIFIED.,.F.,.F.)B_SPLINE_CURVE_WITH_KNOTS((3,3),(0.137801411850239,0.158593253195726),.UNSPECIFIED.)RATIONAL_B_SPLINE_CURVE((0.999999992882143,0.999999992598087,0.999999992390354))BOUNDED_CURVE()REPRESENTATION_ITEM('')GEOMETRIC_REPRESENTATION_ITEM()CURVE());
#13375=CIRCLE('',#17206,0.201771653543307);
#13376=FILL_AREA_STYLE_COLOUR('',#17207);
#13377=LINE('',#17208,#17209);
#13378=FILL_AREA_STYLE_COLOUR('',#17210);
#13379=LINE('',#17211,#17212);
#13380=LINE('',#17213,#17214);
#13381=FILL_AREA_STYLE_COLOUR('',#17215);
#13382=VERTEX_POINT('',#17216);
#13383=LINE('',#17217,#17218);
#13384=VERTEX_POINT('',#17219);
#13385=LINE('',#17220,#17221);
#13386=LINE('',#17222,#17223);
#13387=FILL_AREA_STYLE_COLOUR('',#17224);
#13388=VERTEX_POINT('',#17225);
#13389=LINE('',#17226,#17227);
#13390=LINE('',#17228,#17229);
#13391=FILL_AREA_STYLE_COLOUR('',#17230);
#13392=VERTEX_POINT('',#17231);
#13393=LINE('',#17232,#17233);
#13394=VERTEX_POINT('',#17234);
#13395=LINE('',#17235,#17236);
#13396=LINE('',#17237,#17238);
#13397=FILL_AREA_STYLE_COLOUR('',#17239);
#13398=VERTEX_POINT('',#17240);
#13399=CIRCLE('',#17241,0.178062069790083);
#13400=LINE('',#17242,#17243);
#13401=FILL_AREA_STYLE_COLOUR('',#17244);
#13402=VERTEX_POINT('',#17245);
#13403=LINE('',#17246,#17247);
#13404=VERTEX_POINT('',#17248);
#13405=LINE('',#17249,#17250);
#13406=LINE('',#17251,#17252);
#13407=FILL_AREA_STYLE_COLOUR('',#17253);
#13408=VERTEX_POINT('',#17254);
#13409=LINE('',#17255,#17256);
#13410=VERTEX_POINT('',#17257);
#13411=LINE('',#17258,#17259);
#13412=LINE('',#17260,#17261);
#13413=FILL_AREA_STYLE_COLOUR('',#17262);
#13414=VERTEX_POINT('',#17263);
#13415=LINE('',#17264,#17265);
#13416=LINE('',#17266,#17267);
#13417=FILL_AREA_STYLE_COLOUR('',#17268);
#13418=VERTEX_POINT('',#17269);
#13419=LINE('',#17270,#17271);
#13420=LINE('',#17272,#17273);
#13421=FILL_AREA_STYLE_COLOUR('',#17274);
#13422=VERTEX_POINT('',#17275);
#13423=LINE('',#17276,#17277);
#13424=LINE('',#17278,#17279);
#13425=FILL_AREA_STYLE_COLOUR('',#17280);
#13426=CIRCLE('',#17281,0.141732283464567);
#13427=CIRCLE('',#17282,0.15748031496063);
#13428=FILL_AREA_STYLE_COLOUR('',#17283);
#13429=VERTEX_POINT('',#17284);
#13430=LINE('',#17285,#17286);
#13431=VERTEX_POINT('',#17287);
#13432=LINE('',#17288,#17289);
#13433=LINE('',#17290,#17291);
#13434=FILL_AREA_STYLE_COLOUR('',#17292);
#13435=VERTEX_POINT('',#17293);
#13436=LINE('',#17294,#17295);
#13437=VERTEX_POINT('',#17296);
#13438=LINE('',#17297,#17298);
#13439=LINE('',#17299,#17300);
#13440=FILL_AREA_STYLE_COLOUR('',#17301);
#13441=VERTEX_POINT('',#17302);
#13442=LINE('',#17303,#17304);
#13443=LINE('',#17305,#17306);
#13444=FILL_AREA_STYLE_COLOUR('',#17307);
#13445=VERTEX_POINT('',#17308);
#13446=LINE('',#17309,#17310);
#13447=VERTEX_POINT('',#17311);
#13448=CIRCLE('',#17312,0.15748031496063);
#13449=LINE('',#17313,#17314);
#13450=FILL_AREA_STYLE_COLOUR('',#17315);
#13451=LINE('',#17316,#17317);
#13452=LINE('',#17318,#17319);
#13453=FILL_AREA_STYLE_COLOUR('',#17320);
#13454=VERTEX_POINT('',#17321);
#13455=LINE('',#17322,#17323);
#13456=VERTEX_POINT('',#17324);
#13457=LINE('',#17325,#17326);
#13458=LINE('',#17327,#17328);
#13459=FILL_AREA_STYLE_COLOUR('',#17329);
#13460=VERTEX_POINT('',#17330);
#13461=LINE('',#17331,#17332);
#13462=LINE('',#17333,#17334);
#13463=FILL_AREA_STYLE_COLOUR('',#17335);
#13464=VERTEX_POINT('',#17336);
#13465=LINE('',#17337,#17338);
#13466=LINE('',#17339,#17340);
#13467=FILL_AREA_STYLE_COLOUR('',#17341);
#13468=VERTEX_POINT('',#17342);
#13469=LINE('',#17343,#17344);
#13470=VERTEX_POINT('',#17345);
#13471=LINE('',#17346,#17347);
#13472=LINE('',#17348,#17349);
#13473=FILL_AREA_STYLE_COLOUR('',#17350);
#13474=VERTEX_POINT('',#17351);
#13475=LINE('',#17352,#17353);
#13476=VERTEX_POINT('',#17354);
#13477=LINE('',#17355,#17356);
#13478=LINE('',#17357,#17358);
#13479=FILL_AREA_STYLE_COLOUR('',#17359);
#13480=VERTEX_POINT('',#17360);
#13481=LINE('',#17361,#17362);
#13482=LINE('',#17363,#17364);
#13483=FILL_AREA_STYLE_COLOUR('',#17365);
#13484=VERTEX_POINT('',#17366);
#13485=LINE('',#17367,#17368);
#13486=LINE('',#17369,#17370);
#13487=FILL_AREA_STYLE_COLOUR('',#17371);
#13488=VERTEX_POINT('',#17372);
#13489=LINE('',#17373,#17374);
#13490=VERTEX_POINT('',#17375);
#13491=LINE('',#17376,#17377);
#13492=LINE('',#17378,#17379);
#13493=FILL_AREA_STYLE_COLOUR('',#17380);
#13494=VERTEX_POINT('',#17381);
#13495=LINE('',#17382,#17383);
#13496=LINE('',#17384,#17385);
#13497=FILL_AREA_STYLE_COLOUR('',#17386);
#13498=VERTEX_POINT('',#17387);
#13499=LINE('',#17388,#17389);
#13500=VERTEX_POINT('',#17390);
#13501=LINE('',#17391,#17392);
#13502=LINE('',#17393,#17394);
#13503=FILL_AREA_STYLE_COLOUR('',#17395);
#13504=VERTEX_POINT('',#17396);
#13505=LINE('',#17397,#17398);
#13506=LINE('',#17399,#17400);
#13507=FILL_AREA_STYLE_COLOUR('',#17401);
#13508=VERTEX_POINT('',#17402);
#13509=LINE('',#17403,#17404);
#13510=LINE('',#17405,#17406);
#13511=FILL_AREA_STYLE_COLOUR('',#17407);
#13512=CIRCLE('',#17408,0.201771653543307);
#13513=FILL_AREA_STYLE_COLOUR('',#17409);
#13514=VERTEX_POINT('',#17410);
#13515=LINE('',#17411,#17412);
#13516=VERTEX_POINT('',#17413);
#13517=LINE('',#17414,#17415);
#13518=LINE('',#17416,#17417);
#13519=FILL_AREA_STYLE_COLOUR('',#17418);
#13520=VERTEX_POINT('',#17419);
#13521=VERTEX_POINT('',#17420);
#13522=LINE('',#17421,#17422);
#13523=LINE('',#17423,#17424);
#13524=VERTEX_POINT('',#17425);
#13525=LINE('',#17426,#17427);
#13526=LINE('',#17428,#17429);
#13527=VERTEX_POINT('',#17430);
#13528=LINE('',#17431,#17432);
#13529=LINE('',#17433,#17434);
#13530=FILL_AREA_STYLE_COLOUR('',#17435);
#13531=VERTEX_POINT('',#17436);
#13532=LINE('',#17437,#17438);
#13533=LINE('',#17439,#17440);
#13534=FILL_AREA_STYLE_COLOUR('',#17441);
#13535=LINE('',#17442,#17443);
#13536=FILL_AREA_STYLE_COLOUR('',#17444);
#13537=CIRCLE('',#17445,0.15748031496063);
#13538=FILL_AREA_STYLE_COLOUR('',#17446);
#13539=VERTEX_POINT('',#17447);
#13540=LINE('',#17448,#17449);
#13541=VERTEX_POINT('',#17450);
#13542=LINE('',#17451,#17452);
#13543=LINE('',#17453,#17454);
#13544=FILL_AREA_STYLE_COLOUR('',#17455);
#13545=LINE('',#17456,#17457);
#13546=FILL_AREA_STYLE_COLOUR('',#17458);
#13547=VERTEX_POINT('',#17459);
#13548=LINE('',#17460,#17461);
#13549=LINE('',#17462,#17463);
#13550=LINE('',#17464,#17465);
#13551=FILL_AREA_STYLE_COLOUR('',#17466);
#13552=LINE('',#17467,#17468);
#13553=LINE('',#17469,#17470);
#13554=FILL_AREA_STYLE_COLOUR('',#17471);
#13555=VERTEX_POINT('',#17472);
#13556=LINE('',#17473,#17474);
#13557=VERTEX_POINT('',#17475);
#13558=CIRCLE('',#17476,0.217680880318377);
#13559=VERTEX_POINT('',#17477);
#13560=CIRCLE('',#17478,0.217680880318377);
#13561=VERTEX_POINT('',#17479);
#13562=LINE('',#17480,#17481);
#13563=VERTEX_POINT('',#17482);
#13564=CIRCLE('',#17483,0.217680880318377);
#13565=LINE('',#17484,#17485);
#13566=VERTEX_POINT('',#17486);
#13567=LINE('',#17487,#17488);
#13568=CIRCLE('',#17489,0.217680880318377);
#13569=FILL_AREA_STYLE_COLOUR('',#17490);
#13570=LINE('',#17491,#17492);
#13571=FILL_AREA_STYLE_COLOUR('',#17493);
#13572=VERTEX_POINT('',#17494);
#13573=LINE('',#17495,#17496);
#13574=VERTEX_POINT('',#17497);
#13575=LINE('',#17498,#17499);
#13576=LINE('',#17500,#17501);
#13577=FILL_AREA_STYLE_COLOUR('',#17502);
#13578=LINE('',#17503,#17504);
#13579=LINE('',#17505,#17506);
#13580=VERTEX_POINT('',#17507);
#13581=LINE('',#17508,#17509);
#13582=LINE('',#17510,#17511);
#13583=LINE('',#17512,#17513);
#13584=VERTEX_POINT('',#17514);
#13585=LINE('',#17515,#17516);
#13586=LINE('',#17517,#17518);
#13587=VERTEX_POINT('',#17519);
#13588=LINE('',#17520,#17521);
#13589=VERTEX_POINT('',#17522);
#13590=LINE('',#17523,#17524);
#13591=LINE('',#17525,#17526);
#13592=LINE('',#17527,#17528);
#13593=FILL_AREA_STYLE_COLOUR('',#17529);
#13594=VERTEX_POINT('',#17530);
#13595=CIRCLE('',#17531,0.15748031496063);
#13596=LINE('',#17532,#17533);
#13597=FILL_AREA_STYLE_COLOUR('',#17534);
#13598=VERTEX_POINT('',#17535);
#13599=LINE('',#17536,#17537);
#13600=VERTEX_POINT('',#17538);
#13601=LINE('',#17539,#17540);
#13602=LINE('',#17541,#17542);
#13603=FILL_AREA_STYLE_COLOUR('',#17543);
#13604=VERTEX_POINT('',#17544);
#13605=LINE('',#17545,#17546);
#13606=LINE('',#17547,#17548);
#13607=FILL_AREA_STYLE_COLOUR('',#17549);
#13608=LINE('',#17550,#17551);
#13609=LINE('',#17552,#17553);
#13610=FILL_AREA_STYLE_COLOUR('',#17554);
#13611=LINE('',#17555,#17556);
#13612=FILL_AREA_STYLE_COLOUR('',#17557);
#13613=VERTEX_POINT('',#17558);
#13614=LINE('',#17559,#17560);
#13615=LINE('',#17561,#17562);
#13616=FILL_AREA_STYLE_COLOUR('',#17563);
#13617=VERTEX_POINT('',#17564);
#13618=LINE('',#17565,#17566);
#13619=LINE('',#17567,#17568);
#13620=FILL_AREA_STYLE_COLOUR('',#17569);
#13621=VERTEX_POINT('',#17570);
#13622=LINE('',#17571,#17572);
#13623=LINE('',#17573,#17574);
#13624=FILL_AREA_STYLE_COLOUR('',#17575);
#13625=VERTEX_POINT('',#17576);
#13626=LINE('',#17577,#17578);
#13627=LINE('',#17579,#17580);
#13628=FILL_AREA_STYLE_COLOUR('',#17581);
#13629=LINE('',#17582,#17583);
#13630=FILL_AREA_STYLE_COLOUR('',#17584);
#13631=LINE('',#17585,#17586);
#13632=FILL_AREA_STYLE_COLOUR('',#17587);
#13633=LINE('',#17588,#17589);
#13634=FILL_AREA_STYLE_COLOUR('',#17590);
#13635=VERTEX_POINT('',#17591);
#13636=LINE('',#17592,#17593);
#13637=VERTEX_POINT('',#17594);
#13638=CIRCLE('',#17595,0.141732283464567);
#13639=LINE('',#17596,#17597);
#13640=VERTEX_POINT('',#17598);
#13641=CIRCLE('',#17599,0.186023622047244);
#13642=VERTEX_POINT('',#17600);
#13643=CIRCLE('',#17601,0.186023622047244);
#13644=LINE('',#17602,#17603);
#13645=VERTEX_POINT('',#17604);
#13646=VERTEX_POINT('',#17605);
#13647=CIRCLE('',#17606,0.0915354330708662);
#13648=CIRCLE('',#17607,0.0915354330708662);
#13649=FILL_AREA_STYLE_COLOUR('',#17608);
#13650=VERTEX_POINT('',#17609);
#13651=VERTEX_POINT('',#17610);
#13652=LINE('',#17611,#17612);
#13653=CIRCLE('',#17613,0.201771653543307);
#13654=CIRCLE('',#17614,0.186023622047244);
#13655=FILL_AREA_STYLE_COLOUR('',#17615);
#13656=LINE('',#17616,#17617);
#13657=FILL_AREA_STYLE_COLOUR('',#17618);
#13658=VERTEX_POINT('',#17619);
#13659=LINE('',#17620,#17621);
#13660=VERTEX_POINT('',#17622);
#13661=LINE('',#17623,#17624);
#13662=LINE('',#17625,#17626);
#13663=FILL_AREA_STYLE_COLOUR('',#17627);
#13664=VERTEX_POINT('',#17628);
#13665=LINE('',#17629,#17630);
#13666=LINE('',#17631,#17632);
#13667=FILL_AREA_STYLE_COLOUR('',#17633);
#13668=VERTEX_POINT('',#17634);
#13669=LINE('',#17635,#17636);
#13670=LINE('',#17637,#17638);
#13671=FILL_AREA_STYLE_COLOUR('',#17639);
#13672=LINE('',#17640,#17641);
#13673=FILL_AREA_STYLE_COLOUR('',#17642);
#13674=VERTEX_POINT('',#17643);
#13675=LINE('',#17644,#17645);
#13676=VERTEX_POINT('',#17646);
#13677=LINE('',#17647,#17648);
#13678=LINE('',#17649,#17650);
#13679=FILL_AREA_STYLE_COLOUR('',#17651);
#13680=VERTEX_POINT('',#17652);
#13681=LINE('',#17653,#17654);
#13682=LINE('',#17655,#17656);
#13683=FILL_AREA_STYLE_COLOUR('',#17657);
#13684=LINE('',#17658,#17659);
#13685=FILL_AREA_STYLE_COLOUR('',#17660);
#13686=LINE('',#17661,#17662);
#13687=FILL_AREA_STYLE_COLOUR('',#17663);
#13688=VERTEX_POINT('',#17664);
#13689=LINE('',#17665,#17666);
#13690=VERTEX_POINT('',#17667);
#13691=LINE('',#17668,#17669);
#13692=LINE('',#17670,#17671);
#13693=FILL_AREA_STYLE_COLOUR('',#17672);
#13694=LINE('',#17673,#17674);
#13695=FILL_AREA_STYLE_COLOUR('',#17675);
#13696=CIRCLE('',#17676,0.0915354330708662);
#13697=FILL_AREA_STYLE_COLOUR('',#17677);
#13698=VERTEX_POINT('',#17678);
#13699=LINE('',#17679,#17680);
#13700=LINE('',#17681,#17682);
#13701=FILL_AREA_STYLE_COLOUR('',#17683);
#13702=LINE('',#17684,#17685);
#13703=FILL_AREA_STYLE_COLOUR('',#17686);
#13704=VERTEX_POINT('',#17687);
#13705=LINE('',#17688,#17689);
#13706=LINE('',#17690,#17691);
#13707=FILL_AREA_STYLE_COLOUR('',#17692);
#13708=VERTEX_POINT('',#17693);
#13709=LINE('',#17694,#17695);
#13710=VERTEX_POINT('',#17696);
#13711=LINE('',#17697,#17698);
#13712=LINE('',#17699,#17700);
#13713=FILL_AREA_STYLE_COLOUR('',#17701);
#13714=LINE('',#17702,#17703);
#13715=CIRCLE('',#17704,0.186023622047244);
#13716=FILL_AREA_STYLE_COLOUR('',#17705);
#13717=LINE('',#17706,#17707);
#13718=FILL_AREA_STYLE_COLOUR('',#17708);
#13719=VERTEX_POINT('',#17709);
#13720=LINE('',#17710,#17711);
#13721=LINE('',#17712,#17713);
#13722=FILL_AREA_STYLE_COLOUR('',#17714);
#13723=VERTEX_POINT('',#17715);
#13724=LINE('',#17716,#17717);
#13725=LINE('',#17718,#17719);
#13726=FILL_AREA_STYLE_COLOUR('',#17720);
#13727=VERTEX_POINT('',#17721);
#13728=LINE('',#17722,#17723);
#13729=LINE('',#17724,#17725);
#13730=FILL_AREA_STYLE_COLOUR('',#17726);
#13731=VERTEX_POINT('',#17727);
#13732=LINE('',#17728,#17729);
#13733=LINE('',#17730,#17731);
#13734=FILL_AREA_STYLE_COLOUR('',#17732);
#13735=VERTEX_POINT('',#17733);
#13736=LINE('',#17734,#17735);
#13737=LINE('',#17736,#17737);
#13738=FILL_AREA_STYLE_COLOUR('',#17738);
#13739=VERTEX_POINT('',#17739);
#13740=LINE('',#17740,#17741);
#13741=LINE('',#17742,#17743);
#13742=FILL_AREA_STYLE_COLOUR('',#17744);
#13743=LINE('',#17745,#17746);
#13744=FILL_AREA_STYLE_COLOUR('',#17747);
#13745=LINE('',#17748,#17749);
#13746=FILL_AREA_STYLE_COLOUR('',#17750);
#13747=VERTEX_POINT('',#17751);
#13748=CIRCLE('',#17752,0.186023622047244);
#13749=LINE('',#17753,#17754);
#13750=FILL_AREA_STYLE_COLOUR('',#17755);
#13751=VERTEX_POINT('',#17756);
#13752=LINE('',#17757,#17758);
#13753=LINE('',#17759,#17760);
#13754=FILL_AREA_STYLE_COLOUR('',#17761);
#13755=LINE('',#17762,#17763);
#13756=LINE('',#17764,#17765);
#13757=FILL_AREA_STYLE_COLOUR('',#17766);
#13758=VERTEX_POINT('',#17767);
#13759=LINE('',#17768,#17769);
#13760=LINE('',#17770,#17771);
#13761=FILL_AREA_STYLE_COLOUR('',#17772);
#13762=VERTEX_POINT('',#17773);
#13763=LINE('',#17774,#17775);
#13764=VERTEX_POINT('',#17776);
#13765=LINE('',#17777,#17778);
#13766=LINE('',#17779,#17780);
#13767=FILL_AREA_STYLE_COLOUR('',#17781);
#13768=VERTEX_POINT('',#17782);
#13769=LINE('',#17783,#17784);
#13770=CIRCLE('',#17785,0.201771653543307);
#13771=FILL_AREA_STYLE_COLOUR('',#17786);
#13772=VERTEX_POINT('',#17787);
#13773=LINE('',#17788,#17789);
#13774=LINE('',#17790,#17791);
#13775=FILL_AREA_STYLE_COLOUR('',#17792);
#13776=LINE('',#17793,#17794);
#13777=FILL_AREA_STYLE_COLOUR('',#17795);
#13778=VERTEX_POINT('',#17796);
#13779=LINE('',#17797,#17798);
#13780=LINE('',#17799,#17800);
#13781=FILL_AREA_STYLE_COLOUR('',#17801);
#13782=VERTEX_POINT('',#17802);
#13783=LINE('',#17803,#17804);
#13784=LINE('',#17805,#17806);
#13785=FILL_AREA_STYLE_COLOUR('',#17807);
#13786=VERTEX_POINT('',#17808);
#13787=LINE('',#17809,#17810);
#13788=LINE('',#17811,#17812);
#13789=FILL_AREA_STYLE_COLOUR('',#17813);
#13790=FILL_AREA_STYLE_COLOUR('',#17814);
#13791=VERTEX_POINT('',#17815);
#13792=LINE('',#17816,#17817);
#13793=VERTEX_POINT('',#17818);
#13794=LINE('',#17819,#17820);
#13795=LINE('',#17821,#17822);
#13796=FILL_AREA_STYLE_COLOUR('',#17823);
#13797=VERTEX_POINT('',#17824);
#13798=LINE('',#17825,#17826);
#13799=LINE('',#17827,#17828);
#13800=FILL_AREA_STYLE_COLOUR('',#17829);
#13801=VERTEX_POINT('',#17830);
#13802=LINE('',#17831,#17832);
#13803=VERTEX_POINT('',#17833);
#13804=LINE('',#17834,#17835);
#13805=LINE('',#17836,#17837);
#13806=FILL_AREA_STYLE_COLOUR('',#17838);
#13807=VERTEX_POINT('',#17839);
#13808=LINE('',#17840,#17841);
#13809=LINE('',#17842,#17843);
#13810=FILL_AREA_STYLE_COLOUR('',#17844);
#13811=LINE('',#17845,#17846);
#13812=FILL_AREA_STYLE_COLOUR('',#17847);
#13813=LINE('',#17848,#17849);
#13814=LINE('',#17850,#17851);
#13815=LINE('',#17852,#17853);
#13816=LINE('',#17854,#17855);
#13817=FILL_AREA_STYLE_COLOUR('',#17856);
#13818=LINE('',#17857,#17858);
#13819=FILL_AREA_STYLE_COLOUR('',#17859);
#13820=VERTEX_POINT('',#17860);
#13821=LINE('',#17861,#17862);
#13822=LINE('',#17863,#17864);
#13823=FILL_AREA_STYLE_COLOUR('',#17865);
#13824=LINE('',#17866,#17867);
#13825=FILL_AREA_STYLE_COLOUR('',#17868);
#13826=VERTEX_POINT('',#17869);
#13827=LINE('',#17870,#17871);
#13828=LINE('',#17872,#17873);
#13829=FILL_AREA_STYLE_COLOUR('',#17874);
#13830=VERTEX_POINT('',#17875);
#13831=LINE('',#17876,#17877);
#13832=LINE('',#17878,#17879);
#13833=FILL_AREA_STYLE_COLOUR('',#17880);
#13834=VERTEX_POINT('',#17881);
#13835=LINE('',#17882,#17883);
#13836=LINE('',#17884,#17885);
#13837=FILL_AREA_STYLE_COLOUR('',#17886);
#13838=LINE('',#17887,#17888);
#13839=FILL_AREA_STYLE_COLOUR('',#17889);
#13840=VERTEX_POINT('',#17890);
#13841=LINE('',#17891,#17892);
#13842=LINE('',#17893,#17894);
#13843=FILL_AREA_STYLE_COLOUR('',#17895);
#13844=VERTEX_POINT('',#17896);
#13845=LINE('',#17897,#17898);
#13846=LINE('',#17899,#17900);
#13847=FILL_AREA_STYLE_COLOUR('',#17901);
#13848=LINE('',#17902,#17903);
#13849=FILL_AREA_STYLE_COLOUR('',#17904);
#13850=VERTEX_POINT('',#17905);
#13851=LINE('',#17906,#17907);
#13852=LINE('',#17908,#17909);
#13853=FILL_AREA_STYLE_COLOUR('',#17910);
#13854=VERTEX_POINT('',#17911);
#13855=LINE('',#17912,#17913);
#13856=LINE('',#17914,#17915);
#13857=FILL_AREA_STYLE_COLOUR('',#17916);
#13858=LINE('',#17917,#17918);
#13859=LINE('',#17919,#17920);
#13860=FILL_AREA_STYLE_COLOUR('',#17921);
#13861=VERTEX_POINT('',#17922);
#13862=LINE('',#17923,#17924);
#13863=LINE('',#17925,#17926);
#13864=LINE('',#17927,#17928);
#13865=FILL_AREA_STYLE_COLOUR('',#17929);
#13866=LINE('',#17930,#17931);
#13867=FILL_AREA_STYLE_COLOUR('',#17932);
#13868=LINE('',#17933,#17934);
#13869=FILL_AREA_STYLE_COLOUR('',#17935);
#13870=LINE('',#17936,#17937);
#13871=FILL_AREA_STYLE_COLOUR('',#17938);
#13872=LINE('',#17939,#17940);
#13873=FILL_AREA_STYLE_COLOUR('',#17941);
#13874=LINE('',#17942,#17943);
#13875=FILL_AREA_STYLE_COLOUR('',#17944);
#13876=VERTEX_POINT('',#17945);
#13877=LINE('',#17946,#17947);
#13878=VERTEX_POINT('',#17948);
#13879=LINE('',#17949,#17950);
#13880=LINE('',#17951,#17952);
#13881=FILL_AREA_STYLE_COLOUR('',#17953);
#13882=VERTEX_POINT('',#17954);
#13883=LINE('',#17955,#17956);
#13884=VERTEX_POINT('',#17957);
#13885=LINE('',#17958,#17959);
#13886=LINE('',#17960,#17961);
#13887=FILL_AREA_STYLE_COLOUR('',#17962);
#13888=LINE('',#17963,#17964);
#13889=LINE('',#17965,#17966);
#13890=VERTEX_POINT('',#17967);
#13891=LINE('',#17968,#17969);
#13892=LINE('',#17970,#17971);
#13893=FILL_AREA_STYLE_COLOUR('',#17972);
#13894=LINE('',#17973,#17974);
#13895=VERTEX_POINT('',#17975);
#13896=LINE('',#17976,#17977);
#13897=LINE('',#17978,#17979);
#13898=FILL_AREA_STYLE_COLOUR('',#17980);
#13899=VERTEX_POINT('',#17981);
#13900=LINE('',#17982,#17983);
#13901=LINE('',#17984,#17985);
#13902=FILL_AREA_STYLE_COLOUR('',#17986);
#13903=LINE('',#17987,#17988);
#13904=FILL_AREA_STYLE_COLOUR('',#17989);
#13905=VERTEX_POINT('',#17990);
#13906=LINE('',#17991,#17992);
#13907=VERTEX_POINT('',#17993);
#13908=LINE('',#17994,#17995);
#13909=LINE('',#17996,#17997);
#13910=FILL_AREA_STYLE_COLOUR('',#17998);
#13911=VERTEX_POINT('',#17999);
#13912=LINE('',#18000,#18001);
#13913=LINE('',#18002,#18003);
#13914=FILL_AREA_STYLE_COLOUR('',#18004);
#13915=VERTEX_POINT('',#18005);
#13916=LINE('',#18006,#18007);
#13917=VERTEX_POINT('',#18008);
#13918=LINE('',#18009,#18010);
#13919=LINE('',#18011,#18012);
#13920=FILL_AREA_STYLE_COLOUR('',#18013);
#13921=LINE('',#18014,#18015);
#13922=FILL_AREA_STYLE_COLOUR('',#18016);
#13923=VERTEX_POINT('',#18017);
#13924=LINE('',#18018,#18019);
#13925=LINE('',#18020,#18021);
#13926=FILL_AREA_STYLE_COLOUR('',#18022);
#13927=LINE('',#18023,#18024);
#13928=FILL_AREA_STYLE_COLOUR('',#18025);
#13929=LINE('',#18026,#18027);
#13930=LINE('',#18028,#18029);
#13931=FILL_AREA_STYLE_COLOUR('',#18030);
#13932=VERTEX_POINT('',#18031);
#13933=LINE('',#18032,#18033);
#13934=LINE('',#18034,#18035);
#13935=FILL_AREA_STYLE_COLOUR('',#18036);
#13936=VERTEX_POINT('',#18037);
#13937=LINE('',#18038,#18039);
#13938=LINE('',#18040,#18041);
#13939=FILL_AREA_STYLE_COLOUR('',#18042);
#13940=VERTEX_POINT('',#18043);
#13941=LINE('',#18044,#18045);
#13942=LINE('',#18046,#18047);
#13943=FILL_AREA_STYLE_COLOUR('',#18048);
#13944=LINE('',#18049,#18050);
#13945=FILL_AREA_STYLE_COLOUR('',#18051);
#13946=LINE('',#18052,#18053);
#13947=FILL_AREA_STYLE_COLOUR('',#18054);
#13948=LINE('',#18055,#18056);
#13949=FILL_AREA_STYLE_COLOUR('',#18057);
#13950=VERTEX_POINT('',#18058);
#13951=LINE('',#18059,#18060);
#13952=LINE('',#18061,#18062);
#13953=FILL_AREA_STYLE_COLOUR('',#18063);
#13954=VERTEX_POINT('',#18064);
#13955=LINE('',#18065,#18066);
#13956=LINE('',#18067,#18068);
#13957=FILL_AREA_STYLE_COLOUR('',#18069);
#13958=FILL_AREA_STYLE_COLOUR('',#18070);
#13959=VERTEX_POINT('',#18071);
#13960=LINE('',#18072,#18073);
#13961=LINE('',#18074,#18075);
#13962=LINE('',#18076,#18077);
#13963=FILL_AREA_STYLE_COLOUR('',#18078);
#13964=LINE('',#18079,#18080);
#13965=FILL_AREA_STYLE_COLOUR('',#18081);
#13966=LINE('',#18082,#18083);
#13967=CIRCLE('',#18084,0.15748031496063);
#13968=FILL_AREA_STYLE_COLOUR('',#18085);
#13969=LINE('',#18086,#18087);
#13970=FILL_AREA_STYLE_COLOUR('',#18088);
#13971=LINE('',#18089,#18090);
#13972=FILL_AREA_STYLE_COLOUR('',#18091);
#13973=LINE('',#18092,#18093);
#13974=FILL_AREA_STYLE_COLOUR('',#18094);
#13975=VERTEX_POINT('',#18095);
#13976=LINE('',#18096,#18097);
#13977=LINE('',#18098,#18099);
#13978=FILL_AREA_STYLE_COLOUR('',#18100);
#13979=VERTEX_POINT('',#18101);
#13980=LINE('',#18102,#18103);
#13981=LINE('',#18104,#18105);
#13982=FILL_AREA_STYLE_COLOUR('',#18106);
#13983=VERTEX_POINT('',#18107);
#13984=LINE('',#18108,#18109);
#13985=LINE('',#18110,#18111);
#13986=FILL_AREA_STYLE_COLOUR('',#18112);
#13987=VERTEX_POINT('',#18113);
#13988=LINE('',#18114,#18115);
#13989=VERTEX_POINT('',#18116);
#13990=LINE('',#18117,#18118);
#13991=LINE('',#18119,#18120);
#13992=FILL_AREA_STYLE_COLOUR('',#18121);
#13993=VERTEX_POINT('',#18122);
#13994=LINE('',#18123,#18124);
#13995=LINE('',#18125,#18126);
#13996=FILL_AREA_STYLE_COLOUR('',#18127);
#13997=LINE('',#18128,#18129);
#13998=FILL_AREA_STYLE_COLOUR('',#18130);
#13999=VERTEX_POINT('',#18131);
#14000=LINE('',#18132,#18133);
#14001=LINE('',#18134,#18135);
#14002=FILL_AREA_STYLE_COLOUR('',#18136);
#14003=LINE('',#18137,#18138);
#14004=FILL_AREA_STYLE_COLOUR('',#18139);
#14005=VERTEX_POINT('',#18140);
#14006=LINE('',#18141,#18142);
#14007=LINE('',#18143,#18144);
#14008=FILL_AREA_STYLE_COLOUR('',#18145);
#14009=CIRCLE('',#18146,0.201771653543307);
#14010=VERTEX_POINT('',#18147);
#14011=CIRCLE('',#18148,0.186023622047244);
#14012=CIRCLE('',#18149,0.186023622047244);
#14013=FILL_AREA_STYLE_COLOUR('',#18150);
#14014=VERTEX_POINT('',#18151);
#14015=LINE('',#18152,#18153);
#14016=LINE('',#18154,#18155);
#14017=FILL_AREA_STYLE_COLOUR('',#18156);
#14018=VERTEX_POINT('',#18157);
#14019=LINE('',#18158,#18159);
#14020=LINE('',#18160,#18161);
#14021=FILL_AREA_STYLE_COLOUR('',#18162);
#14022=FILL_AREA_STYLE_COLOUR('',#18163);
#14023=LINE('',#18164,#18165);
#14024=FILL_AREA_STYLE_COLOUR('',#18166);
#14025=VERTEX_POINT('',#18167);
#14026=LINE('',#18168,#18169);
#14027=LINE('',#18170,#18171);
#14028=FILL_AREA_STYLE_COLOUR('',#18172);
#14029=VERTEX_POINT('',#18173);
#14030=LINE('',#18174,#18175);
#14031=LINE('',#18176,#18177);
#14032=FILL_AREA_STYLE_COLOUR('',#18178);
#14033=VERTEX_POINT('',#18179);
#14034=VERTEX_POINT('',#18180);
#14035=LINE('',#18181,#18182);
#14036=LINE('',#18183,#18184);
#14037=VERTEX_POINT('',#18185);
#14038=LINE('',#18186,#18187);
#14039=LINE('',#18188,#18189);
#14040=FILL_AREA_STYLE_COLOUR('',#18190);
#14041=VERTEX_POINT('',#18191);
#14042=LINE('',#18192,#18193);
#14043=LINE('',#18194,#18195);
#14044=FILL_AREA_STYLE_COLOUR('',#18196);
#14045=VERTEX_POINT('',#18197);
#14046=LINE('',#18198,#18199);
#14047=LINE('',#18200,#18201);
#14048=FILL_AREA_STYLE_COLOUR('',#18202);
#14049=VERTEX_POINT('',#18203);
#14050=LINE('',#18204,#18205);
#14051=VERTEX_POINT('',#18206);
#14052=LINE('',#18207,#18208);
#14053=LINE('',#18209,#18210);
#14054=FILL_AREA_STYLE_COLOUR('',#18211);
#14055=LINE('',#18212,#18213);
#14056=FILL_AREA_STYLE_COLOUR('',#18214);
#14057=LINE('',#18215,#18216);
#14058=FILL_AREA_STYLE_COLOUR('',#18217);
#14059=FILL_AREA_STYLE_COLOUR('',#18218);
#14060=LINE('',#18219,#18220);
#14061=FILL_AREA_STYLE_COLOUR('',#18221);
#14062=FILL_AREA_STYLE_COLOUR('',#18222);
#14063=LINE('',#18223,#18224);
#14064=FILL_AREA_STYLE_COLOUR('',#18225);
#14065=LINE('',#18226,#18227);
#14066=FILL_AREA_STYLE_COLOUR('',#18228);
#14067=FILL_AREA_STYLE_COLOUR('',#18229);
#14068=LINE('',#18230,#18231);
#14069=FILL_AREA_STYLE_COLOUR('',#18232);
#14070=LINE('',#18233,#18234);
#14071=FILL_AREA_STYLE_COLOUR('',#18235);
#14072=VERTEX_POINT('',#18236);
#14073=LINE('',#18237,#18238);
#14074=LINE('',#18239,#18240);
#14075=FILL_AREA_STYLE_COLOUR('',#18241);
#14076=VERTEX_POINT('',#18242);
#14077=LINE('',#18243,#18244);
#14078=LINE('',#18245,#18246);
#14079=FILL_AREA_STYLE_COLOUR('',#18247);
#14080=LINE('',#18248,#18249);
#14081=FILL_AREA_STYLE_COLOUR('',#18250);
#14082=VERTEX_POINT('',#18251);
#14083=LINE('',#18252,#18253);
#14084=LINE('',#18254,#18255);
#14085=FILL_AREA_STYLE_COLOUR('',#18256);
#14086=LINE('',#18257,#18258);
#14087=FILL_AREA_STYLE_COLOUR('',#18259);
#14088=LINE('',#18260,#18261);
#14089=FILL_AREA_STYLE_COLOUR('',#18262);
#14090=VERTEX_POINT('',#18263);
#14091=LINE('',#18264,#18265);
#14092=LINE('',#18266,#18267);
#14093=FILL_AREA_STYLE_COLOUR('',#18268);
#14094=FILL_AREA_STYLE_COLOUR('',#18269);
#14095=LINE('',#18270,#18271);
#14096=LINE('',#18272,#18273);
#14097=FILL_AREA_STYLE_COLOUR('',#18274);
#14098=LINE('',#18275,#18276);
#14099=FILL_AREA_STYLE_COLOUR('',#18277);
#14100=LINE('',#18278,#18279);
#14101=FILL_AREA_STYLE_COLOUR('',#18280);
#14102=FILL_AREA_STYLE_COLOUR('',#18281);
#14103=VERTEX_POINT('',#18282);
#14104=LINE('',#18283,#18284);
#14105=LINE('',#18285,#18286);
#14106=FILL_AREA_STYLE_COLOUR('',#18287);
#14107=VERTEX_POINT('',#18288);
#14108=LINE('',#18289,#18290);
#14109=LINE('',#18291,#18292);
#14110=LINE('',#18293,#18294);
#14111=LINE('',#18295,#18296);
#14112=LINE('',#18297,#18298);
#14113=FILL_AREA_STYLE_COLOUR('',#18299);
#14114=LINE('',#18300,#18301);
#14115=LINE('',#18302,#18303);
#14116=FILL_AREA_STYLE_COLOUR('',#18304);
#14117=LINE('',#18305,#18306);
#14118=FILL_AREA_STYLE_COLOUR('',#18307);
#14119=CIRCLE('',#18308,0.178062069790083);
#14120=FILL_AREA_STYLE_COLOUR('',#18309);
#14121=LINE('',#18310,#18311);
#14122=FILL_AREA_STYLE_COLOUR('',#18312);
#14123=LINE('',#18313,#18314);
#14124=FILL_AREA_STYLE_COLOUR('',#18315);
#14125=VERTEX_POINT('',#18316);
#14126=LINE('',#18317,#18318);
#14127=LINE('',#18319,#18320);
#14128=FILL_AREA_STYLE_COLOUR('',#18321);
#14129=LINE('',#18322,#18323);
#14130=FILL_AREA_STYLE_COLOUR('',#18324);
#14131=LINE('',#18325,#18326);
#14132=FILL_AREA_STYLE_COLOUR('',#18327);
#14133=VERTEX_POINT('',#18328);
#14134=LINE('',#18329,#18330);
#14135=LINE('',#18331,#18332);
#14136=FILL_AREA_STYLE_COLOUR('',#18333);
#14137=VERTEX_POINT('',#18334);
#14138=LINE('',#18335,#18336);
#14139=VERTEX_POINT('',#18337);
#14140=LINE('',#18338,#18339);
#14141=LINE('',#18340,#18341);
#14142=FILL_AREA_STYLE_COLOUR('',#18342);
#14143=CIRCLE('',#18343,0.217680880318377);
#14144=CIRCLE('',#18344,0.217680880318377);
#14145=FILL_AREA_STYLE_COLOUR('',#18345);
#14146=LINE('',#18346,#18347);
#14147=FILL_AREA_STYLE_COLOUR('',#18348);
#14148=FILL_AREA_STYLE_COLOUR('',#18349);
#14149=CIRCLE('',#18350,0.186023622047244);
#14150=CIRCLE('',#18351,0.201771653543307);
#14151=FILL_AREA_STYLE_COLOUR('',#18352);
#14152=VERTEX_POINT('',#18353);
#14153=LINE('',#18354,#18355);
#14154=LINE('',#18356,#18357);
#14155=FILL_AREA_STYLE_COLOUR('',#18358);
#14156=LINE('',#18359,#18360);
#14157=FILL_AREA_STYLE_COLOUR('',#18361);
#14158=LINE('',#18362,#18363);
#14159=FILL_AREA_STYLE_COLOUR('',#18364);
#14160=VERTEX_POINT('',#18365);
#14161=LINE('',#18366,#18367);
#14162=LINE('',#18368,#18369);
#14163=FILL_AREA_STYLE_COLOUR('',#18370);
#14164=VERTEX_POINT('',#18371);
#14165=LINE('',#18372,#18373);
#14166=LINE('',#18374,#18375);
#14167=FILL_AREA_STYLE_COLOUR('',#18376);
#14168=VERTEX_POINT('',#18377);
#14169=LINE('',#18378,#18379);
#14170=VERTEX_POINT('',#18380);
#14171=LINE('',#18381,#18382);
#14172=LINE('',#18383,#18384);
#14173=FILL_AREA_STYLE_COLOUR('',#18385);
#14174=LINE('',#18386,#18387);
#14175=FILL_AREA_STYLE_COLOUR('',#18388);
#14176=VERTEX_POINT('',#18389);
#14177=LINE('',#18390,#18391);
#14178=LINE('',#18392,#18393);
#14179=FILL_AREA_STYLE_COLOUR('',#18394);
#14180=VERTEX_POINT('',#18395);
#14181=LINE('',#18396,#18397);
#14182=LINE('',#18398,#18399);
#14183=FILL_AREA_STYLE_COLOUR('',#18400);
#14184=VERTEX_POINT('',#18401);
#14185=LINE('',#18402,#18403);
#14186=LINE('',#18404,#18405);
#14187=FILL_AREA_STYLE_COLOUR('',#18406);
#14188=VERTEX_POINT('',#18407);
#14189=LINE('',#18408,#18409);
#14190=LINE('',#18410,#18411);
#14191=FILL_AREA_STYLE_COLOUR('',#18412);
#14192=VERTEX_POINT('',#18413);
#14193=LINE('',#18414,#18415);
#14194=LINE('',#18416,#18417);
#14195=FILL_AREA_STYLE_COLOUR('',#18418);
#14196=LINE('',#18419,#18420);
#14197=LINE('',#18421,#18422);
#14198=LINE('',#18423,#18424);
#14199=FILL_AREA_STYLE_COLOUR('',#18425);
#14200=LINE('',#18426,#18427);
#14201=FILL_AREA_STYLE_COLOUR('',#18428);
#14202=FILL_AREA_STYLE_COLOUR('',#18429);
#14203=VERTEX_POINT('',#18430);
#14204=LINE('',#18431,#18432);
#14205=LINE('',#18433,#18434);
#14206=FILL_AREA_STYLE_COLOUR('',#18435);
#14207=LINE('',#18436,#18437);
#14208=FILL_AREA_STYLE_COLOUR('',#18438);
#14209=LINE('',#18439,#18440);
#14210=FILL_AREA_STYLE_COLOUR('',#18441);
#14211=LINE('',#18442,#18443);
#14212=FILL_AREA_STYLE_COLOUR('',#18444);
#14213=LINE('',#18445,#18446);
#14214=FILL_AREA_STYLE_COLOUR('',#18447);
#14215=VERTEX_POINT('',#18448);
#14216=LINE('',#18449,#18450);
#14217=LINE('',#18451,#18452);
#14218=FILL_AREA_STYLE_COLOUR('',#18453);
#14219=VERTEX_POINT('',#18454);
#14220=LINE('',#18455,#18456);
#14221=LINE('',#18457,#18458);
#14222=FILL_AREA_STYLE_COLOUR('',#18459);
#14223=VERTEX_POINT('',#18460);
#14224=LINE('',#18461,#18462);
#14225=LINE('',#18463,#18464);
#14226=FILL_AREA_STYLE_COLOUR('',#18465);
#14227=LINE('',#18466,#18467);
#14228=FILL_AREA_STYLE_COLOUR('',#18468);
#14229=LINE('',#18469,#18470);
#14230=FILL_AREA_STYLE_COLOUR('',#18471);
#14231=VERTEX_POINT('',#18472);
#14232=LINE('',#18473,#18474);
#14233=LINE('',#18475,#18476);
#14234=FILL_AREA_STYLE_COLOUR('',#18477);
#14235=LINE('',#18478,#18479);
#14236=FILL_AREA_STYLE_COLOUR('',#18480);
#14237=VERTEX_POINT('',#18481);
#14238=LINE('',#18482,#18483);
#14239=LINE('',#18484,#18485);
#14240=FILL_AREA_STYLE_COLOUR('',#18486);
#14241=LINE('',#18487,#18488);
#14242=FILL_AREA_STYLE_COLOUR('',#18489);
#14243=LINE('',#18490,#18491);
#14244=FILL_AREA_STYLE_COLOUR('',#18492);
#14245=LINE('',#18493,#18494);
#14246=FILL_AREA_STYLE_COLOUR('',#18495);
#14247=LINE('',#18496,#18497);
#14248=FILL_AREA_STYLE_COLOUR('',#18498);
#14249=VERTEX_POINT('',#18499);
#14250=LINE('',#18500,#18501);
#14251=LINE('',#18502,#18503);
#14252=FILL_AREA_STYLE_COLOUR('',#18504);
#14253=VERTEX_POINT('',#18505);
#14254=LINE('',#18506,#18507);
#14255=LINE('',#18508,#18509);
#14256=FILL_AREA_STYLE_COLOUR('',#18510);
#14257=LINE('',#18511,#18512);
#14258=FILL_AREA_STYLE_COLOUR('',#18513);
#14259=LINE('',#18514,#18515);
#14260=FILL_AREA_STYLE_COLOUR('',#18516);
#14261=LINE('',#18517,#18518);
#14262=FILL_AREA_STYLE_COLOUR('',#18519);
#14263=LINE('',#18520,#18521);
#14264=FILL_AREA_STYLE_COLOUR('',#18522);
#14265=LINE('',#18523,#18524);
#14266=FILL_AREA_STYLE_COLOUR('',#18525);
#14267=VERTEX_POINT('',#18526);
#14268=LINE('',#18527,#18528);
#14269=LINE('',#18529,#18530);
#14270=FILL_AREA_STYLE_COLOUR('',#18531);
#14271=LINE('',#18532,#18533);
#14272=FILL_AREA_STYLE_COLOUR('',#18534);
#14273=LINE('',#18535,#18536);
#14274=FILL_AREA_STYLE_COLOUR('',#18537);
#14275=LINE('',#18538,#18539);
#14276=FILL_AREA_STYLE_COLOUR('',#18540);
#14277=LINE('',#18541,#18542);
#14278=FILL_AREA_STYLE_COLOUR('',#18543);
#14279=LINE('',#18544,#18545);
#14280=FILL_AREA_STYLE_COLOUR('',#18546);
#14281=LINE('',#18547,#18548);
#14282=FILL_AREA_STYLE_COLOUR('',#18549);
#14283=VERTEX_POINT('',#18550);
#14284=LINE('',#18551,#18552);
#14285=VERTEX_POINT('',#18553);
#14286=LINE('',#18554,#18555);
#14287=LINE('',#18556,#18557);
#14288=FILL_AREA_STYLE_COLOUR('',#18558);
#14289=FILL_AREA_STYLE_COLOUR('',#18559);
#14290=VERTEX_POINT('',#18560);
#14291=LINE('',#18561,#18562);
#14292=LINE('',#18563,#18564);
#14293=FILL_AREA_STYLE_COLOUR('',#18565);
#14294=LINE('',#18566,#18567);
#14295=FILL_AREA_STYLE_COLOUR('',#18568);
#14296=VERTEX_POINT('',#18569);
#14297=LINE('',#18570,#18571);
#14298=LINE('',#18572,#18573);
#14299=FILL_AREA_STYLE_COLOUR('',#18574);
#14300=LINE('',#18575,#18576);
#14301=FILL_AREA_STYLE_COLOUR('',#18577);
#14302=VERTEX_POINT('',#18578);
#14303=LINE('',#18579,#18580);
#14304=LINE('',#18581,#18582);
#14305=FILL_AREA_STYLE_COLOUR('',#18583);
#14306=VERTEX_POINT('',#18584);
#14307=LINE('',#18585,#18586);
#14308=LINE('',#18587,#18588);
#14309=FILL_AREA_STYLE_COLOUR('',#18589);
#14310=LINE('',#18590,#18591);
#14311=FILL_AREA_STYLE_COLOUR('',#18592);
#14312=LINE('',#18593,#18594);
#14313=FILL_AREA_STYLE_COLOUR('',#18595);
#14314=LINE('',#18596,#18597);
#14315=FILL_AREA_STYLE_COLOUR('',#18598);
#14316=VERTEX_POINT('',#18599);
#14317=LINE('',#18600,#18601);
#14318=LINE('',#18602,#18603);
#14319=FILL_AREA_STYLE_COLOUR('',#18604);
#14320=LINE('',#18605,#18606);
#14321=FILL_AREA_STYLE_COLOUR('',#18607);
#14322=FILL_AREA_STYLE_COLOUR('',#18608);
#14323=LINE('',#18609,#18610);
#14324=FILL_AREA_STYLE_COLOUR('',#18611);
#14325=LINE('',#18612,#18613);
#14326=FILL_AREA_STYLE_COLOUR('',#18614);
#14327=LINE('',#18615,#18616);
#14328=FILL_AREA_STYLE_COLOUR('',#18617);
#14329=LINE('',#18618,#18619);
#14330=LINE('',#18620,#18621);
#14331=FILL_AREA_STYLE_COLOUR('',#18622);
#14332=LINE('',#18623,#18624);
#14333=FILL_AREA_STYLE_COLOUR('',#18625);
#14334=VERTEX_POINT('',#18626);
#14335=LINE('',#18627,#18628);
#14336=LINE('',#18629,#18630);
#14337=FILL_AREA_STYLE_COLOUR('',#18631);
#14338=LINE('',#18632,#18633);
#14339=FILL_AREA_STYLE_COLOUR('',#18634);
#14340=VERTEX_POINT('',#18635);
#14341=LINE('',#18636,#18637);
#14342=LINE('',#18638,#18639);
#14343=FILL_AREA_STYLE_COLOUR('',#18640);
#14344=FILL_AREA_STYLE_COLOUR('',#18641);
#14345=VERTEX_POINT('',#18642);
#14346=LINE('',#18643,#18644);
#14347=LINE('',#18645,#18646);
#14348=FILL_AREA_STYLE_COLOUR('',#18647);
#14349=LINE('',#18648,#18649);
#14350=LINE('',#18650,#18651);
#14351=LINE('',#18652,#18653);
#14352=LINE('',#18654,#18655);
#14353=LINE('',#18656,#18657);
#14354=VERTEX_POINT('',#18658);
#14355=LINE('',#18659,#18660);
#14356=CIRCLE('',#18661,0.201771653543307);
#14357=LINE('',#18662,#18663);
#14358=LINE('',#18664,#18665);
#14359=LINE('',#18666,#18667);
#14360=VERTEX_POINT('',#18668);
#14361=LINE('',#18669,#18670);
#14362=LINE('',#18671,#18672);
#14363=LINE('',#18673,#18674);
#14364=LINE('',#18675,#18676);
#14365=LINE('',#18677,#18678);
#14366=LINE('',#18679,#18680);
#14367=VERTEX_POINT('',#18681);
#14368=LINE('',#18682,#18683);
#14369=LINE('',#18684,#18685);
#14370=LINE('',#18686,#18687);
#14371=LINE('',#18688,#18689);
#14372=LINE('',#18690,#18691);
#14373=LINE('',#18692,#18693);
#14374=LINE('',#18694,#18695);
#14375=LINE('',#18696,#18697);
#14376=LINE('',#18698,#18699);
#14377=LINE('',#18700,#18701);
#14378=LINE('',#18702,#18703);
#14379=LINE('',#18704,#18705);
#14380=LINE('',#18706,#18707);
#14381=LINE('',#18708,#18709);
#14382=LINE('',#18710,#18711);
#14383=LINE('',#18712,#18713);
#14384=LINE('',#18714,#18715);
#14385=LINE('',#18716,#18717);
#14386=FILL_AREA_STYLE_COLOUR('',#18718);
#14387=(B_SPLINE_CURVE(2,(#18720,#18721,#18722),.UNSPECIFIED.,.F.,.F.)B_SPLINE_CURVE_WITH_KNOTS((3,3),(0.137801411850239,0.158593253195726),.UNSPECIFIED.)RATIONAL_B_SPLINE_CURVE((0.999999992882143,0.999999992598087,0.999999992390354))BOUNDED_CURVE()REPRESENTATION_ITEM('')GEOMETRIC_REPRESENTATION_ITEM()CURVE());
#14388=FILL_AREA_STYLE_COLOUR('',#18729);
#14389=FILL_AREA_STYLE_COLOUR('',#18730);
#14390=FILL_AREA_STYLE_COLOUR('',#18731);
#14391=LINE('',#18732,#18733);
#14392=FILL_AREA_STYLE_COLOUR('',#18734);
#14393=FILL_AREA_STYLE_COLOUR('',#18735);
#14394=FILL_AREA_STYLE_COLOUR('',#18736);
#14395=FILL_AREA_STYLE_COLOUR('',#18737);
#14396=FILL_AREA_STYLE_COLOUR('',#18738);
#14397=FILL_AREA_STYLE_COLOUR('',#18739);
#14398=FILL_AREA_STYLE_COLOUR('',#18740);
#14399=FILL_AREA_STYLE_COLOUR('',#18741);
#14400=FILL_AREA_STYLE_COLOUR('',#18742);
#14401=FILL_AREA_STYLE_COLOUR('',#18743);
#14402=FILL_AREA_STYLE_COLOUR('',#18744);
#14403=LINE('',#18745,#18746);
#14404=FILL_AREA_STYLE_COLOUR('',#18747);
#14405=FILL_AREA_STYLE_COLOUR('',#18748);
#14406=FILL_AREA_STYLE_COLOUR('',#18749);
#14407=FILL_AREA_STYLE_COLOUR('',#18750);
#14408=FILL_AREA_STYLE_COLOUR('',#18751);
#14409=FILL_AREA_STYLE_COLOUR('',#18752);
#14410=FILL_AREA_STYLE_COLOUR('',#18753);
#14411=FILL_AREA_STYLE_COLOUR('',#18754);
#14412=FILL_AREA_STYLE_COLOUR('',#18755);
#14413=FILL_AREA_STYLE_COLOUR('',#18756);
#14414=LINE('',#18757,#18758);
#14415=FILL_AREA_STYLE_COLOUR('',#18759);
#14416=FILL_AREA_STYLE_COLOUR('',#18760);
#14417=FILL_AREA_STYLE_COLOUR('',#18761);
#14418=FILL_AREA_STYLE_COLOUR('',#18762);
#14419=LINE('',#18763,#18764);
#14420=FILL_AREA_STYLE_COLOUR('',#18765);
#14421=FILL_AREA_STYLE_COLOUR('',#18766);
#14422=FILL_AREA_STYLE_COLOUR('',#18767);
#14423=FILL_AREA_STYLE_COLOUR('',#18768);
#14424=FILL_AREA_STYLE_COLOUR('',#18769);
#14425=FILL_AREA_STYLE_COLOUR('',#18770);
#14426=FILL_AREA_STYLE_COLOUR('',#18771);
#14427=FILL_AREA_STYLE_COLOUR('',#18772);
#14428=FILL_AREA_STYLE_COLOUR('',#18773);
#14429=FILL_AREA_STYLE_COLOUR('',#18774);
#14430=FILL_AREA_STYLE_COLOUR('',#18775);
#14431=FILL_AREA_STYLE_COLOUR('',#18776);
#14432=FILL_AREA_STYLE_COLOUR('',#18777);
#14433=FILL_AREA_STYLE_COLOUR('',#18778);
#14434=FILL_AREA_STYLE_COLOUR('',#18779);
#14435=COLOUR_RGB('',0.0,0.0,0.0);
#14436=CARTESIAN_POINT('',(-0.915209935929433,-2.40934685001479,-0.812637547112117));
#14437=CARTESIAN_POINT('',(-0.915209935929433,-2.29123661379431,-0.812637547112117));
#14438=CARTESIAN_POINT('',(-0.915209935929433,-0.955569393221574,-0.812637547112117));
#14439=VECTOR('',#18780,1.0);
#14440=CARTESIAN_POINT('',(-0.991980238093042,-2.29123661379431,-0.812637547112117));
#14441=CARTESIAN_POINT('',(-0.456622906937399,-2.29123661379431,-0.812637547112117));
#14442=VECTOR('',#18781,1.0);
#14443=CARTESIAN_POINT('',(-0.991980238093042,-2.40934685001479,-0.812637547112117));
#14444=CARTESIAN_POINT('',(-0.991980238093042,-2.212496456314,-0.812637547112117));
#14445=VECTOR('',#18782,1.0);
#14446=CARTESIAN_POINT('',(-0.456622906937399,-2.40934685001479,-0.812637547112117));
#14447=VECTOR('',#18783,1.0);
#14448=COLOUR_RGB('',0.0,0.0,0.0);
#14449=CARTESIAN_POINT('',(-0.530088474015528,-2.29123661379431,1.3933550629686));
#14450=CARTESIAN_POINT('',(-0.687568788976158,-2.29123661379431,1.3933550629686));
#14451=CARTESIAN_POINT('',(-0.304417182378957,-2.29123661379431,1.3933550629686));
#14452=VECTOR('',#18784,1.0);
#14453=CARTESIAN_POINT('',(-0.530088474015528,-2.40934685001479,1.3933550629686));
#14454=CARTESIAN_POINT('',(-0.530088474015528,-2.212496456314,1.3933550629686));
#14455=VECTOR('',#18785,1.0);
#14456=CARTESIAN_POINT('',(-0.687568788976158,-2.40934685001479,1.3933550629686));
#14457=CARTESIAN_POINT('',(-0.304417182378957,-2.40934685001479,1.3933550629686));
#14458=VECTOR('',#18786,1.0);
#14459=CARTESIAN_POINT('',(-0.687568788976158,-2.212496456314,1.3933550629686));
#14460=VECTOR('',#18787,1.0);
#14461=COLOUR_RGB('',0.0,0.0,0.0);
#14462=CARTESIAN_POINT('',(-1.51756163387183,-2.3502921785979,-1.31502801582761));
#14463=CARTESIAN_POINT('',(-1.52869717373303,-2.33454414710183,-1.32616355568882));
#14464=CARTESIAN_POINT('',(-1.52312940380243,-2.34241816284986,-1.32059578575822));
#14465=VECTOR('',#18788,1.0);
#14466=CARTESIAN_POINT('',(-1.41734177512098,-2.33454414710183,-1.37228847203739));
#14467=AXIS2_PLACEMENT_3D('',#18789,#18790,#18791);
#14468=CARTESIAN_POINT('',(-1.41734177512098,-2.3502921785979,-1.35654044054133));
#14469=CARTESIAN_POINT('',(-1.41734177512098,-2.34241816284986,-1.36441445628936));
#14470=VECTOR('',#18792,1.0);
#14471=AXIS2_PLACEMENT_3D('',#18793,#18794,#18795);
#14472=COLOUR_RGB('',0.0,0.0,0.0);
#14473=CARTESIAN_POINT('',(-1.37513184469024,-2.40934685001479,1.25698911200062));
#14474=CARTESIAN_POINT('',(-1.35968515464943,-2.40934685001479,1.28374356396007));
#14475=CARTESIAN_POINT('',(-1.41186462822931,-2.40934685001479,1.19336606460753));
#14476=VECTOR('',#18796,1.0);
#14477=CARTESIAN_POINT('',(-1.37513184469024,-2.29123661379431,1.25698911200062));
#14478=CARTESIAN_POINT('',(-1.37513184469024,-2.28297494032764,1.25698911200062));
#14479=VECTOR('',#18797,1.0);
#14480=CARTESIAN_POINT('',(-1.35968515464943,-2.29123661379431,1.28374356396007));
#14481=CARTESIAN_POINT('',(-1.41186462822931,-2.29123661379431,1.19336606460753));
#14482=VECTOR('',#18798,1.0);
#14483=CARTESIAN_POINT('',(-1.35968515464943,-2.31663333611609,1.28374356396007));
#14484=VECTOR('',#18799,1.0);
#14485=COLOUR_RGB('',0.0,0.0,0.0);
#14486=CARTESIAN_POINT('',(-0.383157339859272,-2.29123661379431,0.944839124172803));
#14487=CARTESIAN_POINT('',(-0.225677024898642,-2.29123661379431,0.944839124172803));
#14488=CARTESIAN_POINT('',(-0.152211457820514,-2.29123661379431,0.944839124172803));
#14489=VECTOR('',#18800,1.0);
#14490=CARTESIAN_POINT('',(-0.383157339859272,-2.40934685001479,0.944839124172803));
#14491=CARTESIAN_POINT('',(-0.383157339859272,-2.212496456314,0.944839124172803));
#14492=VECTOR('',#18801,1.0);
#14493=CARTESIAN_POINT('',(-0.225677024898642,-2.40934685001479,0.944839124172803));
#14494=CARTESIAN_POINT('',(-0.152211457820514,-2.40934685001479,0.944839124172803));
#14495=VECTOR('',#18802,1.0);
#14496=CARTESIAN_POINT('',(-0.225677024898642,-2.212496456314,0.944839124172803));
#14497=VECTOR('',#18803,1.0);
#14498=COLOUR_RGB('',0.0,0.0,0.0);
#14499=CARTESIAN_POINT('',(-0.834499923132412,-2.29123661379431,1.56910709506064));
#14500=CARTESIAN_POINT('',(-0.991980238093042,-2.29123661379431,1.56910709506064));
#14501=CARTESIAN_POINT('',(-0.456622906937399,-2.29123661379431,1.56910709506064));
#14502=VECTOR('',#18804,1.0);
#14503=CARTESIAN_POINT('',(-0.834499923132412,-2.40934685001479,1.56910709506064));
#14504=CARTESIAN_POINT('',(-0.834499923132412,-2.212496456314,1.56910709506064));
#14505=VECTOR('',#18805,1.0);
#14506=CARTESIAN_POINT('',(-0.991980238093042,-2.40934685001479,1.56910709506064));
#14507=CARTESIAN_POINT('',(-0.456622906937399,-2.40934685001479,1.56910709506064));
#14508=VECTOR('',#18806,1.0);
#14509=CARTESIAN_POINT('',(-0.991980238093042,-2.212496456314,1.56910709506064));
#14510=VECTOR('',#18807,1.0);
#14511=COLOUR_RGB('',0.0,0.0,0.0);
#14512=CARTESIAN_POINT('',(0.225654232636438,-2.29123661379431,0.514600448508508));
#14513=CARTESIAN_POINT('',(0.146914075156123,-2.29123661379431,0.378218495156627));
#14514=CARTESIAN_POINT('',(0.110184971207818,-2.29123661379431,0.314601821001685));
#14515=VECTOR('',#18808,1.0);
#14516=CARTESIAN_POINT('',(0.225654232636438,-2.40934685001479,0.514600448508508));
#14517=CARTESIAN_POINT('',(0.225654232636438,-2.212496456314,0.514600448508508));
#14518=VECTOR('',#18809,1.0);
#14519=CARTESIAN_POINT('',(0.146914075156123,-2.40934685001479,0.378218495156627));
#14520=CARTESIAN_POINT('',(0.110184971207818,-2.40934685001479,0.314601821001685));
#14521=VECTOR('',#18810,1.0);
#14522=CARTESIAN_POINT('',(0.146914075156123,-2.212496456314,0.378218495156627));
#14523=VECTOR('',#18811,1.0);
#14524=COLOUR_RGB('',0.0,0.0,0.0);
#14525=CARTESIAN_POINT('',(-1.53551598763774,-2.39359881851872,1.47522232001993));
#14526=CARTESIAN_POINT('',(-1.57482209008161,-2.39359926212207,1.46469927164518));
#14527=CARTESIAN_POINT('',(-1.2714536308733,-2.39359583834671,1.54591721932093));
#14528=VECTOR('',#18812,1.0);
#14529=CARTESIAN_POINT('',(-1.53551598763774,-2.3502921785979,1.47522232001993));
#14530=CARTESIAN_POINT('',(-1.53551598763774,-2.40934729670813,1.47522232001993));
#14531=VECTOR('',#18813,1.0);
#14532=CARTESIAN_POINT('',(-1.55907405858554,-2.3502921785979,1.46891534210083));
#14533=CARTESIAN_POINT('',(-1.46541413083553,-2.3502921785979,1.49399002234665));
#14534=VECTOR('',#18814,1.0);
#14535=CARTESIAN_POINT('',(-1.57482209008161,-2.33454414710183,1.46469927164518));
#14536=CARTESIAN_POINT('',(-1.58428900876899,-2.32507722841445,1.4621647836875));
#14537=VECTOR('',#18815,1.0);
#14538=CARTESIAN_POINT('',(-1.57482209008161,-2.35029195525122,1.46469927164518));
#14539=VECTOR('',#18816,1.0);
#14540=COLOUR_RGB('',0.0,0.0,0.0);
#14541=CARTESIAN_POINT('',(-0.0787458907423862,-2.29123661379431,0.41759102908864));
#14542=CARTESIAN_POINT('',(0.0787344242182436,-2.29123661379431,0.41759102908864));
#14543=CARTESIAN_POINT('',(-5.73326207131098E-006,-2.29123661379431,0.41759102908864));
#14544=VECTOR('',#18817,1.0);
#14545=CARTESIAN_POINT('',(-0.0787458907423862,-2.40934685001479,0.41759102908864));
#14546=CARTESIAN_POINT('',(-0.0787458907423862,-2.212496456314,0.41759102908864));
#14547=VECTOR('',#18818,1.0);
#14548=CARTESIAN_POINT('',(0.0787344242182436,-2.40934685001479,0.41759102908864));
#14549=CARTESIAN_POINT('',(-5.73326207131098E-006,-2.40934685001479,0.41759102908864));
#14550=VECTOR('',#18819,1.0);
#14551=CARTESIAN_POINT('',(0.0787344242182436,-2.212496456314,0.41759102908864));
#14552=VECTOR('',#18820,1.0);
#14553=COLOUR_RGB('',0.0,0.0,0.0);
#14554=CARTESIAN_POINT('',(-1.24218417711551,-2.70462244056597,-0.203893459241792));
#14555=CARTESIAN_POINT('',(-1.25399520073756,-2.69281141694392,-0.203893459241792));
#14556=CARTESIAN_POINT('',(-1.24808968892653,-2.69871692875494,-0.203893459241792));
#14557=VECTOR('',#18821,1.0);
#14558=CARTESIAN_POINT('',(-1.19023794702696,-2.69281141694392,-0.357817085849574));
#14559=AXIS2_PLACEMENT_3D('',#18822,#18823,#18824);
#14560=CARTESIAN_POINT('',(-1.03631432041918,-2.69281141694392,-0.421574339560169));
#14561=AXIS2_PLACEMENT_3D('',#18825,#18826,#18827);
#14562=CARTESIAN_POINT('',(-1.03631432041918,-2.70462244056597,-0.409763315938121));
#14563=CARTESIAN_POINT('',(-1.03631432041918,-2.69281141694392,-0.421574339560169));
#14564=VECTOR('',#18828,1.0);
#14565=AXIS2_PLACEMENT_3D('',#18829,#18830,#18831);
#14566=COLOUR_RGB('',0.0,0.0,0.0);
#14567=CARTESIAN_POINT('',(-1.2116112897973,-2.39359881851872,1.60009664443327));
#14568=CARTESIAN_POINT('',(-1.2116112897973,-2.3502921785979,1.60009664443327));
#14569=CARTESIAN_POINT('',(-1.2116112897973,-2.37194549855831,1.60009664443327));
#14570=VECTOR('',#18832,1.0);
#14571=AXIS2_PLACEMENT_3D('',#18833,#18834,#18835);
#14572=CARTESIAN_POINT('',(-1.26612171883547,-2.39359881851872,1.46853271311418));
#14573=AXIS2_PLACEMENT_3D('',#18836,#18837,#18838);
#14574=AXIS2_PLACEMENT_3D('',#18839,#18840,#18841);
#14575=COLOUR_RGB('',0.0,0.0,0.0);
#14576=CARTESIAN_POINT('',(-0.225677024898642,-2.29123661379431,0.241846998188551));
#14577=CARTESIAN_POINT('',(-0.146936867418327,-2.29123661379431,0.378228951540432));
#14578=CARTESIAN_POINT('',(-0.186306946158485,-2.29123661379431,0.310037974864492));
#14579=VECTOR('',#18842,1.0);
#14580=CARTESIAN_POINT('',(-0.225677024898642,-2.40934685001479,0.241846998188551));
#14581=CARTESIAN_POINT('',(-0.225677024898642,-2.212496456314,0.241846998188551));
#14582=VECTOR('',#18843,1.0);
#14583=CARTESIAN_POINT('',(-0.146936867418327,-2.40934685001479,0.378228951540432));
#14584=CARTESIAN_POINT('',(-0.186306946158485,-2.40934685001479,0.310037974864492));
#14585=VECTOR('',#18844,1.0);
#14586=CARTESIAN_POINT('',(-0.146936867418327,-2.212496456314,0.378228951540432));
#14587=VECTOR('',#18845,1.0);
#14588=COLOUR_RGB('',0.0,0.0,0.0);
#14589=CARTESIAN_POINT('',(-0.430153623039152,-2.29123661379431,-1.08272565867785));
#14590=CARTESIAN_POINT('',(-0.430153623039152,-2.40934685001479,-1.08272565867785));
#14591=CARTESIAN_POINT('',(-0.430153623039152,-0.955569393221574,-1.08272565867785));
#14592=VECTOR('',#18846,1.0);
#14593=CARTESIAN_POINT('',(-0.383157339859272,-2.40934685001479,-1.16412560891229));
#14594=CARTESIAN_POINT('',(-0.650830808510477,-2.40934685001479,-0.70050156137021));
#14595=VECTOR('',#18847,1.0);
#14596=CARTESIAN_POINT('',(-0.383157339859272,-2.29123661379431,-1.16412560891229));
#14597=CARTESIAN_POINT('',(-0.383157339859272,-2.212496456314,-1.16412560891229));
#14598=VECTOR('',#18848,1.0);
#14599=CARTESIAN_POINT('',(-0.650830808510477,-2.29123661379431,-0.70050156137021));
#14600=VECTOR('',#18849,1.0);
#14601=COLOUR_RGB('',0.0,0.0,0.0);
#14602=CARTESIAN_POINT('',(1.06014842250678,-2.29123661379431,0.553954524864767));
#14603=CARTESIAN_POINT('',(1.13888857998709,-2.29123661379431,0.417572571512886));
#14604=CARTESIAN_POINT('',(1.02341132619373,-2.29123661379431,0.617585042201523));
#14605=VECTOR('',#18850,0.999999999999999);
#14606=CARTESIAN_POINT('',(1.06014842250678,-2.40934685001479,0.553954524864767));
#14607=CARTESIAN_POINT('',(1.06014842250678,-2.212496456314,0.553954524864767));
#14608=VECTOR('',#18851,1.0);
#14609=CARTESIAN_POINT('',(1.13888857998709,-2.40934685001479,0.417572571512886));
#14610=CARTESIAN_POINT('',(1.02341132619373,-2.40934685001479,0.617585042201523));
#14611=VECTOR('',#18852,0.999999999999999);
#14612=CARTESIAN_POINT('',(1.13888857998709,-2.212496456314,0.417572571512886));
#14613=VECTOR('',#18853,1.0);
#14614=COLOUR_RGB('',0.0,0.0,0.0);
#14615=CARTESIAN_POINT('',(1.37509272461281,-2.29123661379431,0.202486742478199));
#14616=CARTESIAN_POINT('',(1.37509272461281,-2.40934685001479,0.202486742478199));
#14617=CARTESIAN_POINT('',(1.37509272461281,-3.56137019983746,0.202486742478199));
#14618=VECTOR('',#18854,1.0);
#14619=CARTESIAN_POINT('',(1.29636889494772,-2.40934685001479,0.338840415224521));
#14620=CARTESIAN_POINT('',(1.18353066866432,-2.40934685001479,0.534281956183325));
#14621=VECTOR('',#18855,1.0);
#14622=CARTESIAN_POINT('',(1.29636889494772,-2.29123661379431,0.338840415224521));
#14623=CARTESIAN_POINT('',(1.29636889494772,-2.212496456314,0.338840415224521));
#14624=VECTOR('',#18856,1.0);
#14625=CARTESIAN_POINT('',(1.18353066866432,-2.29123661379431,0.534281956183325));
#14626=VECTOR('',#18857,1.0);
#14627=COLOUR_RGB('',0.0,0.0,0.0);
#14628=CARTESIAN_POINT('',(-1.29639168720993,-2.29123661379431,0.0660986097722243));
#14629=CARTESIAN_POINT('',(-1.37513184469024,-2.29123661379431,0.202486742478199));
#14630=CARTESIAN_POINT('',(-1.18355950600939,-2.29123661379431,-0.129332460795929));
#14631=VECTOR('',#18858,1.0);
#14632=CARTESIAN_POINT('',(-1.37513184469024,-2.40934685001479,0.202486742478199));
#14633=CARTESIAN_POINT('',(-1.37513184469024,-2.212496456314,0.202492921832292));
#14634=VECTOR('',#18859,1.0);
#14635=CARTESIAN_POINT('',(-1.29639168720993,-2.40934685001479,0.0660986097722243));
#14636=CARTESIAN_POINT('',(-1.18355950600939,-2.40934685001479,-0.129332460795929));
#14637=VECTOR('',#18860,1.0);
#14638=CARTESIAN_POINT('',(-1.29639168720993,-2.212496456314,0.0660986097722243));
#14639=VECTOR('',#18861,1.0);
#14640=COLOUR_RGB('',0.0,0.0,0.0);
#14641=CARTESIAN_POINT('',(-1.41734177512098,-2.3502921785979,1.76151392549773));
#14642=CARTESIAN_POINT('',(-1.26638989349791,-2.3502921785979,1.76151392549773));
#14643=CARTESIAN_POINT('',(-1.04823091900224,-2.3502921785979,1.76151392549773));
#14644=VECTOR('',#18862,1.0);
#14645=CARTESIAN_POINT('',(-1.51756163387183,-2.3502921785979,1.72000150078401));
#14646=AXIS2_PLACEMENT_3D('',#18863,#18864,#18865);
#14647=CARTESIAN_POINT('',(-1.55907405858554,-2.3502921785979,1.61978164203316));
#14648=AXIS2_PLACEMENT_3D('',#18866,#18867,#18868);
#14649=CARTESIAN_POINT('',(-1.55907405858554,-2.3502921785979,1.25068718517182));
#14650=VECTOR('',#18869,1.0);
#14651=CARTESIAN_POINT('',(-1.27270186484415,-2.3502921785979,1.73792451435359));
#14652=AXIS2_PLACEMENT_3D('',#18870,#18871,#18872);
#14653=CARTESIAN_POINT('',(-1.29145165182677,-2.3502921785979,1.6678518841505));
#14654=VECTOR('',#18873,0.999999999999999);
#14655=CARTESIAN_POINT('',(-1.30609947877368,-2.3502921785979,1.60009664443327));
#14656=CARTESIAN_POINT('',(-1.48917034435245,-2.3502921785979,1.60010382296364));
#14657=AXIS2_PLACEMENT_3D('',#18874,#18875,#18876);
#14658=AXIS2_PLACEMENT_3D('',#18877,#18878,#18879);
#14659=COLOUR_RGB('',0.0,0.0,0.0);
#14660=CARTESIAN_POINT('',(0.833620516803319,-2.4880870074951,-0.437919855940246));
#14661=CARTESIAN_POINT('',(0.360818071738204,-2.4880870074951,-0.437919855940246));
#14662=CARTESIAN_POINT('',(0.653033028684926,-2.4880870074951,-0.437919855940246));
#14663=VECTOR('',#18880,1.0);
#14664=CARTESIAN_POINT('',(0.372629095360252,-2.47627598387305,-0.449730879562293));
#14665=CARTESIAN_POINT('',(0.360818071738204,-2.4880870074951,-0.437919855940246));
#14666=VECTOR('',#18881,1.0);
#14667=CARTESIAN_POINT('',(0.821809493181272,-2.47627598387305,-0.449730879562293));
#14668=CARTESIAN_POINT('',(0.653033028684926,-2.47627598387305,-0.449730879562293));
#14669=VECTOR('',#18882,1.0);
#14670=CARTESIAN_POINT('',(0.821809493181272,-2.47627598387305,-0.449730879562293));
#14671=VECTOR('',#18883,1.0);
#14672=COLOUR_RGB('',0.0,0.0,0.0);
#14673=CARTESIAN_POINT('',(-1.30609947877368,-2.3502921785979,-1.19512315947687));
#14674=CARTESIAN_POINT('',(-1.30609947877368,-2.29123661379431,-1.19512315947687));
#14675=CARTESIAN_POINT('',(-1.30609947877368,-2.3207643961961,-1.19512315947687));
#14676=VECTOR('',#18884,1.0);
#14677=CARTESIAN_POINT('',(-1.48917034435245,-2.29123661379431,-1.19513033800724));
#14678=AXIS2_PLACEMENT_3D('',#18885,#18886,#18887);
#14679=CARTESIAN_POINT('',(-1.48917034435245,-2.3502921785979,-1.19513033800724));
#14680=CARTESIAN_POINT('',(-1.48917034491541,-2.3207643961961,-1.19512315947687));
#14681=VECTOR('',#18888,1.0);
#14682=AXIS2_PLACEMENT_3D('',#18889,#18890,#18891);
#14683=COLOUR_RGB('',0.0,0.0,0.0);
#14684=CARTESIAN_POINT('',(-1.55907450218889,-2.40934685001479,-1.04763229356492));
#14685=CARTESIAN_POINT('',(-1.54047209586431,-2.40934685001479,-1.05261232117007));
#14686=CARTESIAN_POINT('',(-0.700119356619658,-2.40934685001479,-1.27758213241294));
#14687=VECTOR('',#18892,1.0);
#14688=CARTESIAN_POINT('',(-1.57482209008161,-2.39359926212207,-1.05972578668878));
#14689=CARTESIAN_POINT('',(-1.2915214968147,-2.67689985538898,-0.842162703377109));
#14690=VECTOR('',#18893,0.999999999999999);
#14691=CARTESIAN_POINT('',(-1.53551598763774,-2.39359881851872,-1.07024883506354));
#14692=CARTESIAN_POINT('',(-1.2714536308733,-2.39359583834671,-1.14094373436453));
#14693=VECTOR('',#18894,1.0);
#14695=CARTESIAN_POINT('',(-1.5404720958643,-2.40934685001478,-1.05261232117008));
#14696=CARTESIAN_POINT('',(-1.53805030935479,-2.40125653756926,-1.06163952618679));
#14697=CARTESIAN_POINT('',(-1.53551598763766,-2.39359881851848,-1.07024883506381));
#14704=COLOUR_RGB('',0.0,0.0,0.0);
#14705=CARTESIAN_POINT('',(0.316690272583284,-2.29123661379431,-0.891351245824727));
#14706=CARTESIAN_POINT('',(0.316690272583284,-2.40934685001479,-0.891351245824727));
#14707=CARTESIAN_POINT('',(0.316690272583284,-1.92580773797944,-0.891351245824727));
#14708=VECTOR('',#18895,1.0);
#14709=CARTESIAN_POINT('',(0.225654232636438,-2.40934685001479,-0.891351245824727));
#14710=CARTESIAN_POINT('',(0.152194328427341,-2.40934685001479,-0.891351245824727));
#14711=VECTOR('',#18896,1.0);
#14712=CARTESIAN_POINT('',(0.225654232636438,-2.29123661379431,-0.891351245824727));
#14713=CARTESIAN_POINT('',(0.225654232636438,-2.212496456314,-0.891351245824727));
#14714=VECTOR('',#18897,1.0);
#14715=CARTESIAN_POINT('',(0.152194328427341,-2.29123661379431,-0.891351245824727));
#14716=VECTOR('',#18898,1.0);
#14717=COLOUR_RGB('',0.0,0.0,0.0);
#14718=CARTESIAN_POINT('',(-0.111920860082028,-2.29123661379431,-0.421574339560169));
#14719=CARTESIAN_POINT('',(-0.111920860082028,-2.40934685001479,-0.421574339560169));
#14720=CARTESIAN_POINT('',(-0.111920860082028,-1.87832240908925,-0.421574339560169));
#14721=VECTOR('',#18899,1.0);
#14722=CARTESIAN_POINT('',(-0.157486048222701,-2.40934685001479,-0.50049556047625));
#14723=CARTESIAN_POINT('',(0.0340862904581541,-2.40934685001479,-0.168682536556214));
#14724=VECTOR('',#18900,0.999999999999999);
#14725=CARTESIAN_POINT('',(-0.157486048222701,-2.29123661379431,-0.50049556047625));
#14726=CARTESIAN_POINT('',(-0.157486048222701,-2.212496456314,-0.50049556047625));
#14727=VECTOR('',#18901,1.0);
#14728=CARTESIAN_POINT('',(0.0340862904581541,-2.29123661379431,-0.168682536556214));
#14729=VECTOR('',#18902,0.999999999999999);
#14730=COLOUR_RGB('',0.0,0.0,0.0);
#14731=CARTESIAN_POINT('',(0.0787344242182436,-2.29123661379431,0.338858872800275));
#14732=CARTESIAN_POINT('',(-0.0787458907423862,-2.29123661379431,0.338858872800275));
#14733=CARTESIAN_POINT('',(-5.73326207130851E-006,-2.29123661379431,0.338858872800275));
#14734=VECTOR('',#18903,1.0);
#14735=CARTESIAN_POINT('',(0.0787344242182436,-2.40934685001479,0.338858872800275));
#14736=CARTESIAN_POINT('',(0.0787344242182436,-2.212496456314,0.338858872800275));
#14737=VECTOR('',#18904,1.0);
#14738=CARTESIAN_POINT('',(-0.0787458907423862,-2.40934685001479,0.338858872800275));
#14739=CARTESIAN_POINT('',(-5.73326207130851E-006,-2.40934685001479,0.338858872800275));
#14740=VECTOR('',#18905,1.0);
#14741=CARTESIAN_POINT('',(-0.0787458907423862,-2.212496456314,0.338858872800275));
#14742=VECTOR('',#18906,1.0);
#14743=COLOUR_RGB('',0.0,0.0,0.0);
#14744=CARTESIAN_POINT('',(1.03634204967664,-2.70462244056597,-0.409763315938121));
#14745=CARTESIAN_POINT('',(1.38646287296666E-005,-2.70462244056597,-0.409763315938121));
#14746=VECTOR('',#18907,1.0);
#14747=CARTESIAN_POINT('',(1.24221190637297,-2.70462244056597,-0.203893462066433));
#14748=AXIS2_PLACEMENT_3D('',#18908,#18909,#18910);
#14749=CARTESIAN_POINT('',(1.03634204967664,-2.70462244056597,0.00197639745453762));
#14750=AXIS2_PLACEMENT_3D('',#18911,#18912,#18913);
#14751=CARTESIAN_POINT('',(-1.03631432041918,-2.70462244056597,0.00197639745453745));
#14752=CARTESIAN_POINT('',(0.492139848880697,-2.70462244056597,0.00197639745453762));
#14753=VECTOR('',#18914,1.0);
#14754=AXIS2_PLACEMENT_3D('',#18915,#18916,#18917);
#14755=CARTESIAN_POINT('',(-0.937267286862507,-2.70462244056597,-0.0140203672419822));
#14756=CARTESIAN_POINT('',(-1.12714038027464,-2.70462244056597,-0.203893460654112));
#14757=AXIS2_PLACEMENT_3D('',#18918,#18919,#18920);
#14758=CARTESIAN_POINT('',(0.937295016119966,-2.70462244056597,-0.014020367241982));
#14759=CARTESIAN_POINT('',(0.492139845262728,-2.70462244056597,-0.014020367241982));
#14760=VECTOR('',#18921,1.0);
#14761=CARTESIAN_POINT('',(1.1271681095321,-2.70462244056597,-0.203893460654112));
#14762=AXIS2_PLACEMENT_3D('',#18922,#18923,#18924);
#14763=CARTESIAN_POINT('',(0.937295016119966,-2.70462244056597,-0.393766554066243));
#14764=AXIS2_PLACEMENT_3D('',#18925,#18926,#18927);
#14765=CARTESIAN_POINT('',(-0.937267286862507,-2.70462244056597,-0.393766554066243));
#14766=CARTESIAN_POINT('',(1.38682466991452E-005,-2.70462244056597,-0.393766554066243));
#14767=VECTOR('',#18928,1.0);
#14768=AXIS2_PLACEMENT_3D('',#18929,#18930,#18931);
#14769=COLOUR_RGB('',0.0,0.0,0.0);
#14770=CARTESIAN_POINT('',(1.37510905242804,-2.29123661379431,-0.148981039908369));
#14771=CARTESIAN_POINT('',(1.29636889494772,-2.29123661379431,-0.28536299326025));
#14772=CARTESIAN_POINT('',(1.25963179863467,-2.29123661379431,-0.348993510597006));
#14773=VECTOR('',#18932,1.0);
#14774=CARTESIAN_POINT('',(1.29636889494772,-2.40934685001479,-0.28536299326025));
#14775=CARTESIAN_POINT('',(1.29636889494772,-2.212496456314,-0.28536299326025));
#14776=VECTOR('',#18933,1.0);
#14777=CARTESIAN_POINT('',(1.37510905242804,-2.40934685001479,-0.148981039908369));
#14778=CARTESIAN_POINT('',(1.25963179863467,-2.40934685001479,-0.348993510597006));
#14779=VECTOR('',#18934,1.0);
#14780=CARTESIAN_POINT('',(1.37510905242804,-2.212496456314,-0.148981039908369));
#14781=VECTOR('',#18935,1.0);
#14782=COLOUR_RGB('',0.0,0.0,0.0);
#14783=CARTESIAN_POINT('',(0.877748315958239,-2.29123661379431,-0.812611088344414));
#14784=CARTESIAN_POINT('',(0.877748315958239,-2.40934685001479,-0.812611088344414));
#14785=CARTESIAN_POINT('',(0.877748315958239,-1.92580773797944,-0.812611088344414));
#14786=VECTOR('',#18936,1.0);
#14787=CARTESIAN_POINT('',(0.991957445830838,-2.40934685001479,-0.812611088344414));
#14788=CARTESIAN_POINT('',(0.456605777544226,-2.40934685001479,-0.812611088344414));
#14789=VECTOR('',#18937,1.0);
#14790=CARTESIAN_POINT('',(0.991957445830838,-2.29123661379431,-0.812611088344414));
#14791=CARTESIAN_POINT('',(0.991957445830838,-2.212496456314,-0.812611088344414));
#14792=VECTOR('',#18938,1.0);
#14793=CARTESIAN_POINT('',(0.456605777544226,-2.29123661379431,-0.812611088344414));
#14794=VECTOR('',#18939,1.0);
#14795=COLOUR_RGB('',0.0,0.0,0.0);
#14796=CARTESIAN_POINT('',(-0.761487804079624,-2.40934685001479,1.60011870906162));
#14797=CARTESIAN_POINT('',(-0.761487804079624,-2.29123661379431,1.60011870906162));
#14798=CARTESIAN_POINT('',(-0.761487804079624,-2.28139409410927,1.60011870906162));
#14799=VECTOR('',#18940,1.0);
#14800=CARTESIAN_POINT('',(-0.456169458912063,-2.29123661379431,1.60011870906162));
#14801=CARTESIAN_POINT('',(-1.23368686892888E-005,-2.29123661379431,1.60011870906162));
#14802=VECTOR('',#18941,1.0);
#14803=CARTESIAN_POINT('',(-0.456169458912063,-2.40934685001479,1.60011870906162));
#14804=CARTESIAN_POINT('',(-0.456169458912063,-2.28139409410927,1.60011870906162));
#14805=VECTOR('',#18942,1.0);
#14806=CARTESIAN_POINT('',(-1.23368686892888E-005,-2.40934685001479,1.60011870906162));
#14807=VECTOR('',#18943,1.0);
#14808=COLOUR_RGB('',0.0,0.0,0.0);
#14809=CARTESIAN_POINT('',(1.07069760331115,-2.29123661379431,0.729706556956805));
#14810=CARTESIAN_POINT('',(0.991957445830838,-2.29123661379431,0.866088510308686));
#14811=CARTESIAN_POINT('',(1.03132321179701,-2.29123661379431,0.797905003576413));
#14812=VECTOR('',#18944,1.0);
#14813=CARTESIAN_POINT('',(1.07069760331115,-2.40934685001479,0.729706556956805));
#14814=CARTESIAN_POINT('',(1.07069760331115,-2.212496456314,0.729706556956805));
#14815=VECTOR('',#18945,1.0);
#14816=CARTESIAN_POINT('',(0.991957445830838,-2.40934685001479,0.866088510308686));
#14817=CARTESIAN_POINT('',(1.03132321179701,-2.40934685001479,0.797905003576413));
#14818=VECTOR('',#18946,1.0);
#14819=CARTESIAN_POINT('',(0.991957445830838,-2.212496456314,0.866088510308686));
#14820=VECTOR('',#18947,1.0);
#14821=COLOUR_RGB('',0.0,0.0,0.0);
#14822=CARTESIAN_POINT('',(1.21160562963791,-2.3502921785979,1.60011870906162));
#14823=CARTESIAN_POINT('',(1.21160562963791,-2.39359881851872,1.60011870906162));
#14824=CARTESIAN_POINT('',(1.21160562963791,-2.37194549855831,1.60011870906162));
#14825=VECTOR('',#18948,1.0);
#14826=CARTESIAN_POINT('',(1.26610425318496,-2.39359881851872,1.46856657973982));
#14827=AXIS2_PLACEMENT_3D('',#18949,#18950,#18951);
#14828=CARTESIAN_POINT('',(1.53551660652172,-2.39359881851872,1.4752513180592));
#14829=AXIS2_PLACEMENT_3D('',#18952,#18953,#18954);
#14830=CARTESIAN_POINT('',(1.53551660652172,-2.3502921785979,1.4752513180592));
#14831=CARTESIAN_POINT('',(1.53551660652172,-2.40934729670813,1.4752513180592));
#14832=VECTOR('',#18955,1.0);
#14833=AXIS2_PLACEMENT_3D('',#18956,#18957,#18958);
#14834=COLOUR_RGB('',0.0,0.0,0.0);
#14835=CARTESIAN_POINT('',(-0.230763003565045,-2.47627598387305,-0.445196386804263));
#14836=CARTESIAN_POINT('',(-0.230763003565045,-2.49989803111714,-0.421574339560168));
#14837=CARTESIAN_POINT('',(-0.230763003565045,-1.71689938673076,-1.20457298394655));
#14838=VECTOR('',#18959,1.0);
#14839=CARTESIAN_POINT('',(-0.915209935929433,-2.49989803111714,-0.421574339560169));
#14840=CARTESIAN_POINT('',(0.108276755440996,-2.49989803111714,-0.421574339560168));
#14841=VECTOR('',#18960,1.0);
#14842=CARTESIAN_POINT('',(-0.915209935929433,-2.47627598387305,-0.445196386804263));
#14843=CARTESIAN_POINT('',(-0.915209935929433,-1.71689938673076,-1.20457298394655));
#14844=VECTOR('',#18961,1.0);
#14845=CARTESIAN_POINT('',(-0.903398912307386,-2.4880870074951,-0.433385363182216));
#14846=CARTESIAN_POINT('',(-0.728002180897071,-2.66348373890541,-0.257988631771901));
#14847=VECTOR('',#18962,1.0);
#14848=CARTESIAN_POINT('',(-0.242574027187093,-2.4880870074951,-0.433385363182216));
#14849=CARTESIAN_POINT('',(0.108276755440996,-2.4880870074951,-0.433385363182216));
#14850=VECTOR('',#18963,1.0);
#14851=CARTESIAN_POINT('',(-0.190883016867996,-2.436395997176,-0.485076373501312));
#14852=VECTOR('',#18964,0.999999999999999);
#14853=COLOUR_RGB('',0.0,0.0,0.0);
#14854=CARTESIAN_POINT('',(1.29636889494772,-2.29123661379431,0.769068634505011));
#14855=CARTESIAN_POINT('',(1.37510905242804,-2.29123661379431,0.905450587856892));
#14856=CARTESIAN_POINT('',(1.03133640108837,-2.29123661379431,0.310018889483928));
#14857=VECTOR('',#18965,1.0);
#14858=CARTESIAN_POINT('',(1.29636889494772,-2.40934685001479,0.769068634505011));
#14859=CARTESIAN_POINT('',(1.29636889494772,-2.212496456314,0.769068634505011));
#14860=VECTOR('',#18966,1.0);
#14861=CARTESIAN_POINT('',(1.37510905242804,-2.40934685001479,0.905450587856892));
#14862=CARTESIAN_POINT('',(1.03133640108837,-2.40934685001479,0.310018889483928));
#14863=VECTOR('',#18967,1.0);
#14864=CARTESIAN_POINT('',(1.37510905242804,-2.212496456314,0.905450587856892));
#14865=VECTOR('',#18968,1.0);
#14866=COLOUR_RGB('',0.0,0.0,0.0);
#14867=CARTESIAN_POINT('',(-0.530088474015528,-2.29123661379431,0.0661066109641742));
#14868=CARTESIAN_POINT('',(-0.687568788976158,-2.29123661379431,0.0661066109641742));
#14869=CARTESIAN_POINT('',(-0.304417182378957,-2.29123661379431,0.0661066109641742));
#14870=VECTOR('',#18969,1.0);
#14871=CARTESIAN_POINT('',(-0.687568788976158,-2.40934685001479,0.0661066109641742));
#14872=CARTESIAN_POINT('',(-0.687568788976158,-2.212496456314,0.0661066109641742));
#14873=VECTOR('',#18970,1.0);
#14874=CARTESIAN_POINT('',(-0.530088474015528,-2.40934685001479,0.0661066109641742));
#14875=CARTESIAN_POINT('',(-0.304417182378957,-2.40934685001479,0.0661066109641742));
#14876=VECTOR('',#18971,1.0);
#14877=CARTESIAN_POINT('',(-0.530088474015528,-2.212496456314,0.0661066109641742));
#14878=VECTOR('',#18972,1.0);
#14879=COLOUR_RGB('',0.0,0.0,0.0);
#14880=CARTESIAN_POINT('',(1.37510905242804,-2.29123661379431,-0.500477102900495));
#14881=CARTESIAN_POINT('',(1.29636889494772,-2.29123661379431,-0.636859056252375));
#14882=CARTESIAN_POINT('',(1.33573292860502,-2.29123661379431,-0.568678549967084));
#14883=VECTOR('',#18973,1.0);
#14884=CARTESIAN_POINT('',(1.29636889494772,-2.40934685001479,-0.636859056252375));
#14885=CARTESIAN_POINT('',(1.29636889494772,-2.212496456314,-0.636859056252375));
#14886=VECTOR('',#18974,1.0);
#14887=CARTESIAN_POINT('',(1.37510905242804,-2.40934685001479,-0.500477102900495));
#14888=CARTESIAN_POINT('',(1.33573292860502,-2.40934685001479,-0.568678549967084));
#14889=VECTOR('',#18975,1.0);
#14890=CARTESIAN_POINT('',(1.37510905242804,-2.212496456314,-0.500477102900495));
#14891=VECTOR('',#18976,1.0);
#14892=COLOUR_RGB('',0.0,0.0,0.0);
#14893=CARTESIAN_POINT('',(-0.755759765652097,-2.29123661379431,1.43272514170876));
#14894=CARTESIAN_POINT('',(-0.414618997613894,-2.29123661379431,0.841851998933519));
#14895=VECTOR('',#18977,1.0);
#14896=CARTESIAN_POINT('',(-0.755759765652097,-2.40934685001479,1.43272514170876));
#14897=CARTESIAN_POINT('',(-0.755759765652097,-2.212496456314,1.43272514170876));
#14898=VECTOR('',#18978,1.0);
#14899=CARTESIAN_POINT('',(-0.414618997613894,-2.40934685001479,0.841851998933519));
#14900=VECTOR('',#18979,1.0);
#14901=COLOUR_RGB('',0.0,0.0,0.0);
#14902=CARTESIAN_POINT('',(1.07069760331115,-2.29123661379431,1.43269868294106));
#14903=CARTESIAN_POINT('',(0.991957445830838,-2.29123661379431,1.56908063629294));
#14904=CARTESIAN_POINT('',(1.18352547173771,-2.29123661379431,1.23727508231657));
#14905=VECTOR('',#18980,1.0);
#14906=CARTESIAN_POINT('',(1.07069760331115,-2.40934685001479,1.43269868294106));
#14907=CARTESIAN_POINT('',(1.07069760331115,-2.212496456314,1.43269868294106));
#14908=VECTOR('',#18981,1.0);
#14909=CARTESIAN_POINT('',(0.991957445830838,-2.40934685001479,1.56908063629294));
#14910=CARTESIAN_POINT('',(1.18352547173771,-2.40934685001479,1.23727508231657));
#14911=VECTOR('',#18982,1.0);
#14912=CARTESIAN_POINT('',(0.991957445830838,-2.212496456314,1.56908063629294));
#14913=VECTOR('',#18983,1.0);
#14914=COLOUR_RGB('',0.0,0.0,0.0);
#14915=CARTESIAN_POINT('',(-0.45134936837379,-2.29123661379431,0.202486742478199));
#14916=CARTESIAN_POINT('',(-0.45134936837379,-2.40934685001479,0.202486742478199));
#14917=CARTESIAN_POINT('',(-0.45134936837379,-3.56137019983746,0.202486742478199));
#14918=VECTOR('',#18984,1.0);
#14919=CARTESIAN_POINT('',(-0.530088474015528,-2.40934685001479,0.338866873992223));
#14920=CARTESIAN_POINT('',(-0.414613800687278,-2.40934685001479,0.138858872800274));
#14921=VECTOR('',#18985,1.0);
#14922=CARTESIAN_POINT('',(-0.530088474015528,-2.29123661379431,0.338866873992223));
#14923=CARTESIAN_POINT('',(-0.530088474015528,-2.212496456314,0.338866873992223));
#14924=VECTOR('',#18986,1.0);
#14925=CARTESIAN_POINT('',(-0.414613800687278,-2.29123661379431,0.138858872800274));
#14926=VECTOR('',#18987,1.0);
#14927=COLOUR_RGB('',0.0,0.0,0.0);
#14928=CARTESIAN_POINT('',(-1.55907450218889,-2.40934685001479,1.45260577852132));
#14929=CARTESIAN_POINT('',(-1.54047209586431,-2.40934685001479,1.45758580612647));
#14930=CARTESIAN_POINT('',(-0.700119356619658,-2.40934685001479,1.68255561736933));
#14931=VECTOR('',#18988,1.0);
#14933=CARTESIAN_POINT('',(-1.5404720958643,-2.40934685001478,1.45758580612648));
#14934=CARTESIAN_POINT('',(-1.53805030935479,-2.40125653756926,1.46661301114318));
#14935=CARTESIAN_POINT('',(-1.53551598763766,-2.39359881851848,1.47522232002021));
#14942=CARTESIAN_POINT('',(-1.2915214968147,-2.67689985538898,1.24713618833351));
#14943=VECTOR('',#18989,0.999999999999999);
#14944=COLOUR_RGB('',0.0,0.0,0.0);
#14945=CARTESIAN_POINT('',(-1.37513184469024,-2.29123661379431,0.905485047816545));
#14946=CARTESIAN_POINT('',(-1.29639168720993,-2.29123661379431,0.769103094464664));
#14947=CARTESIAN_POINT('',(-1.0313503168332,-2.29123661379431,0.310037974864492));
#14948=VECTOR('',#18990,0.999999999999999);
#14949=CARTESIAN_POINT('',(-1.37513184469024,-2.40934685001479,0.905485047816545));
#14950=CARTESIAN_POINT('',(-1.37513184469024,-2.212496456314,0.905485047816545));
#14951=VECTOR('',#18991,1.0);
#14952=CARTESIAN_POINT('',(-1.29639168720993,-2.40934685001479,0.769103094464664));
#14953=CARTESIAN_POINT('',(-1.0313503168332,-2.40934685001479,0.310037974864492));
#14954=VECTOR('',#18992,0.999999999999999);
#14955=CARTESIAN_POINT('',(-1.29639168720993,-2.212496456314,0.769103094464664));
#14956=VECTOR('',#18993,1.0);
#14957=COLOUR_RGB('',0.0,0.0,0.0);
#14958=CARTESIAN_POINT('',(0.383134547597067,-2.29123661379431,0.241836541804746));
#14959=CARTESIAN_POINT('',(0.461874705077382,-2.29123661379431,0.378218495156627));
#14960=CARTESIAN_POINT('',(0.346405443648763,-2.29123661379431,0.178219867649805));
#14961=VECTOR('',#18994,1.0);
#14962=CARTESIAN_POINT('',(0.383134547597067,-2.40934685001479,0.241836541804746));
#14963=CARTESIAN_POINT('',(0.383134547597067,-2.212496456314,0.241836541804746));
#14964=VECTOR('',#18995,1.0);
#14965=CARTESIAN_POINT('',(0.461874705077382,-2.40934685001479,0.378218495156627));
#14966=CARTESIAN_POINT('',(0.346405443648763,-2.40934685001479,0.178219867649805));
#14967=VECTOR('',#18996,1.0);
#14968=CARTESIAN_POINT('',(0.461874705077382,-2.212496456314,0.378218495156627));
#14969=VECTOR('',#18997,1.0);
#14970=COLOUR_RGB('',0.0,0.0,0.0);
#14971=CARTESIAN_POINT('',(0.766274445869362,-2.29123661379431,0.202486742478199));
#14972=CARTESIAN_POINT('',(0.766274445869362,-2.40934685001479,0.202486742478199));
#14973=CARTESIAN_POINT('',(0.766274445869362,-3.56137019983746,0.202486742478199));
#14974=VECTOR('',#18998,1.0);
#14975=CARTESIAN_POINT('',(0.687545996713953,-2.40934685001479,0.338848416416471));
#14976=CARTESIAN_POINT('',(0.650812365018646,-2.40934685001479,0.402472932859266));
#14977=VECTOR('',#18999,1.0);
#14978=CARTESIAN_POINT('',(0.687545996713953,-2.29123661379431,0.338848416416471));
#14979=CARTESIAN_POINT('',(0.687545996713953,-2.212496456314,0.338848416416471));
#14980=VECTOR('',#19000,1.0);
#14981=CARTESIAN_POINT('',(0.650812365018646,-2.29123661379431,0.402472932859266));
#14982=VECTOR('',#19001,1.0);
#14983=COLOUR_RGB('',0.0,0.0,0.0);
#14984=CARTESIAN_POINT('',(-1.19023794702696,-2.40934685001479,-0.357817085849574));
#14985=CARTESIAN_POINT('',(-1.19023794702696,-2.49202401536912,-0.357817085849574));
#14986=VECTOR('',#19002,1.0);
#14987=CARTESIAN_POINT('',(-1.03631432041918,-2.69281141694392,0.0137874210765847));
#14988=AXIS2_PLACEMENT_3D('',#19003,#19004,#19005);
#14989=CARTESIAN_POINT('',(-1.03631432041918,-2.29123661379431,0.0137874210765847));
#14990=CARTESIAN_POINT('',(-1.03631432041918,-1.5441483618645,0.0137874210765847));
#14991=VECTOR('',#19006,1.10581887201735);
#14992=CARTESIAN_POINT('',(-1.06234256926362,-2.29123661379431,0.012225711398564));
#14993=AXIS2_PLACEMENT_3D('',#19007,#19008,#19009);
#14994=CARTESIAN_POINT('',(-1.06234256926362,-2.40934685001479,0.012225711398564));
#14995=CARTESIAN_POINT('',(-1.06234256926362,-2.35029173190455,0.012225711398564));
#14996=VECTOR('',#19010,1.0);
#14997=CARTESIAN_POINT('',(-1.14025955330823,-2.40934685001479,-0.0126335465161407));
#14998=AXIS2_PLACEMENT_3D('',#19011,#19012,#19013);
#14999=CARTESIAN_POINT('',(-1.14025955330823,-2.29123661379431,-0.0126335465161407));
#15000=CARTESIAN_POINT('',(-1.14025955330823,-2.35029173190455,-0.0126335465161407));
#15001=VECTOR('',#19014,1.0);
#15002=CARTESIAN_POINT('',(-1.23816095680879,-2.29123661379431,-0.285397453219902));
#15003=AXIS2_PLACEMENT_3D('',#19015,#19016,#19017);
#15004=CARTESIAN_POINT('',(-1.23816095680879,-2.40934685001479,-0.285397453219902));
#15005=CARTESIAN_POINT('',(-1.23816095680879,-2.35029173190455,-0.285397453219902));
#15006=VECTOR('',#19018,1.0);
#15007=AXIS2_PLACEMENT_3D('',#19019,#19020,#19021);
#15008=COLOUR_RGB('',0.0,0.0,0.0);
#15009=CARTESIAN_POINT('',(0.877748315958239,-2.29123661379431,-0.461115025352288));
#15010=CARTESIAN_POINT('',(0.877748315958239,-2.29123661379431,-0.421574339560168));
#15011=CARTESIAN_POINT('',(0.87774831595824,-2.29123661379431,-0.457414239330686));
#15012=VECTOR('',#19022,1.0);
#15013=CARTESIAN_POINT('',(0.991957445830838,-2.29123661379431,-0.461115025352288));
#15014=CARTESIAN_POINT('',(0.456605777544226,-2.29123661379431,-0.461115025352288));
#15015=VECTOR('',#19023,1.0);
#15016=CARTESIAN_POINT('',(1.01478627141686,-2.29123661379431,-0.421574339560168));
#15017=CARTESIAN_POINT('',(1.03132321179701,-2.29123661379431,-0.392931518620016));
#15018=VECTOR('',#19024,1.0);
#15019=CARTESIAN_POINT('',(-9.00237200396576,-2.29123661379431,-0.42157433956017));
#15020=VECTOR('',#19025,1.0);
#15021=CARTESIAN_POINT('',(0.877748315958239,-2.29123661379431,-0.539847181640652));
#15022=CARTESIAN_POINT('',(0.87774831595824,-2.29123661379431,-0.457414239330686));
#15023=VECTOR('',#19026,1.0);
#15024=CARTESIAN_POINT('',(1.07069760331115,-2.29123661379431,-0.676229134992533));
#15025=CARTESIAN_POINT('',(1.10742434176736,-2.29123661379431,-0.612616557990094));
#15026=VECTOR('',#19027,1.0);
#15027=CARTESIAN_POINT('',(0.991957445830838,-2.29123661379431,-0.539847181640652));
#15028=CARTESIAN_POINT('',(0.726924951971488,-2.29123661379431,-0.0807974366195686));
#15029=VECTOR('',#19028,1.0);
#15030=CARTESIAN_POINT('',(0.456605777544226,-2.29123661379431,-0.539847181640652));
#15031=VECTOR('',#19029,1.0);
#15032=CARTESIAN_POINT('',(1.11396491879369,-2.29123661379431,-0.407264197046225));
#15033=CARTESIAN_POINT('',(1.18372042320561,-2.29123661379431,-0.364095149548614));
#15034=AXIS2_PLACEMENT_3D('',#19030,#19031,#19032);
#15035=CARTESIAN_POINT('',(1.06014842250678,-2.29123661379431,-0.500477102900495));
#15036=CARTESIAN_POINT('',(1.09951245616408,-2.29123661379431,-0.432296596615204));
#15037=VECTOR('',#19033,0.999999999999999);
#15038=CARTESIAN_POINT('',(1.13888857998709,-2.29123661379431,-0.636859056252375));
#15039=CARTESIAN_POINT('',(0.795115928647427,-2.29123661379431,-0.0414273578794111));
#15040=VECTOR('',#19034,1.0);
#15041=CARTESIAN_POINT('',(0.608811502102668,-2.29123661379431,-0.636859056252375));
#15042=VECTOR('',#19035,1.0);
#15043=CARTESIAN_POINT('',(1.29636889494772,-2.29123661379431,-0.364095149548614));
#15044=CARTESIAN_POINT('',(1.03133640108837,-2.29123661379431,0.0949545954724693));
#15045=VECTOR('',#19036,1.0);
#15046=CARTESIAN_POINT('',(0.608811502102668,-2.29123661379431,-0.364095149548614));
#15047=VECTOR('',#19037,1.0);
#15048=CARTESIAN_POINT('',(0.760949921378908,-2.29123661379431,-1.03675428875885));
#15049=CARTESIAN_POINT('',(0.877748315958239,-2.29123661379431,-1.03675428875885));
#15050=CARTESIAN_POINT('',(-8.45759317331702,-2.29123661379431,-1.03675428875885));
#15051=VECTOR('',#19038,1.0);
#15052=CARTESIAN_POINT('',(0.834477130870208,-2.29123661379431,-1.16410715133654));
#15053=CARTESIAN_POINT('',(0.414603349560193,-2.29123661379431,-0.436864429341527));
#15054=VECTOR('',#19039,1.0);
#15055=CARTESIAN_POINT('',(0.991957445830838,-2.29123661379431,-1.16410715133654));
#15056=CARTESIAN_POINT('',(0.456605777544226,-2.29123661379431,-1.16410715133654));
#15057=VECTOR('',#19040,1.0);
#15058=CARTESIAN_POINT('',(1.07069760331115,-2.29123661379431,-1.02772519798466));
#15059=CARTESIAN_POINT('',(1.18352547173771,-2.29123661379431,-0.832301597360173));
#15060=VECTOR('',#19041,1.0);
#15061=CARTESIAN_POINT('',(0.991957445830838,-2.29123661379431,-0.891343244632779));
#15062=CARTESIAN_POINT('',(0.650823822001139,-2.29123661379431,-0.300482475989647));
#15063=VECTOR('',#19042,1.0);
#15064=CARTESIAN_POINT('',(0.877748315958239,-2.29123661379431,-0.891343244632779));
#15065=CARTESIAN_POINT('',(0.456605777544226,-2.29123661379431,-0.891343244632779));
#15066=VECTOR('',#19043,1.0);
#15067=CARTESIAN_POINT('',(0.87774831595824,-2.29123661379431,-0.457414239330686));
#15068=VECTOR('',#19044,1.0);
#15069=CARTESIAN_POINT('',(1.23820259843058,-2.29123661379431,-0.28536299326025));
#15070=CARTESIAN_POINT('',(1.19026567628442,-2.29123661379431,-0.0499698354586513));
#15071=AXIS2_PLACEMENT_3D('',#19045,#19046,#19047);
#15072=CARTESIAN_POINT('',(0.608811502102668,-2.29123661379431,-0.28536299326025));
#15073=VECTOR('',#19048,1.0);
#15074=CARTESIAN_POINT('',(1.29636889494772,-2.29123661379431,-0.0125990865564887));
#15075=CARTESIAN_POINT('',(1.10743753105872,-2.29123661379431,0.314639634842547));
#15076=VECTOR('',#19049,1.0);
#15077=CARTESIAN_POINT('',(1.14022384574527,-2.29123661379431,-0.0125990865564887));
#15078=CARTESIAN_POINT('',(0.608811502102668,-2.29123661379431,-0.0125990865564887));
#15079=VECTOR('',#19050,1.0);
#15080=AXIS2_PLACEMENT_3D('',#19051,#19052,#19053);
#15081=CARTESIAN_POINT('',(1.0623087723634,-2.29123661379431,0.0122331095741044));
#15082=CARTESIAN_POINT('',(1.03634204967664,-2.29123661379431,0.0137874182519439));
#15083=AXIS2_PLACEMENT_3D('',#19054,#19055,#19056);
#15084=CARTESIAN_POINT('',(1.07069760331115,-2.29123661379431,0.0267629909917184));
#15085=CARTESIAN_POINT('',(0.955222081826659,-2.29123661379431,-0.173246479249938));
#15086=VECTOR('',#19057,1.0);
#15087=CARTESIAN_POINT('',(0.991957445830838,-2.29123661379431,0.163144944343599));
#15088=CARTESIAN_POINT('',(0.879127211912185,-2.29123661379431,0.358572642120588));
#15089=VECTOR('',#19058,1.0);
#15090=CARTESIAN_POINT('',(0.834477130870208,-2.29123661379431,0.163144944343599));
#15091=CARTESIAN_POINT('',(0.456605777544226,-2.29123661379431,0.163144944343599));
#15092=VECTOR('',#19059,1.0);
#15093=CARTESIAN_POINT('',(0.755736973389894,-2.29123661379431,0.0267629909917184));
#15094=CARTESIAN_POINT('',(0.719001609385714,-2.29123661379431,-0.0368645258980574));
#15095=VECTOR('',#19060,0.999999999999999);
#15096=CARTESIAN_POINT('',(0.763228423804092,-2.29123661379431,0.0137874182519439));
#15097=CARTESIAN_POINT('',(0.64290673947124,-2.29123661379431,0.222190688768708));
#15098=VECTOR('',#19061,1.0);
#15099=CARTESIAN_POINT('',(-8.51024601971379,-2.29123661379431,0.0137874182519439));
#15100=VECTOR('',#19062,1.0);
#15101=CARTESIAN_POINT('',(0.316690272583284,-2.29123661379431,-1.03675428875885));
#15102=CARTESIAN_POINT('',(0.316690272583285,-2.29123661379431,-0.457414239330686));
#15103=VECTOR('',#19063,1.0);
#15104=CARTESIAN_POINT('',(0.146914075156123,-2.29123661379431,-1.02773319917661));
#15105=CARTESIAN_POINT('',(0.414586695651083,-2.29123661379431,-0.564110620684232));
#15106=VECTOR('',#19064,0.999999999999999);
#15107=CARTESIAN_POINT('',(0.225654232636438,-2.29123661379431,-1.16411515252849));
#15108=CARTESIAN_POINT('',(-0.118118418703228,-2.29123661379431,-0.568683454155523));
#15109=VECTOR('',#19065,1.0);
#15110=CARTESIAN_POINT('',(0.383134547597067,-2.29123661379431,-1.16411515252849));
#15111=CARTESIAN_POINT('',(0.152194328427341,-2.29123661379431,-1.16411515252849));
#15112=VECTOR('',#19066,1.0);
#15113=CARTESIAN_POINT('',(0.456666376578693,-2.29123661379431,-1.03675428875885));
#15114=CARTESIAN_POINT('',(0.650807168092028,-2.29123661379431,-0.700492574036112));
#15115=VECTOR('',#19067,1.0);
#15116=CARTESIAN_POINT('',(-8.45759317331702,-2.29123661379431,-1.03675428875885));
#15117=VECTOR('',#19068,1.0);
#15118=CARTESIAN_POINT('',(0.316690272583284,-2.29123661379431,-0.539855182832601));
#15119=CARTESIAN_POINT('',(0.316690272583284,-2.29123661379431,-0.812619089536362));
#15120=CARTESIAN_POINT('',(0.316690272583285,-2.29123661379431,-0.457414239330686));
#15121=VECTOR('',#19069,1.0);
#15122=CARTESIAN_POINT('',(0.225654232636438,-2.29123661379431,-0.539855182832601));
#15123=CARTESIAN_POINT('',(0.152194328427341,-2.29123661379431,-0.539855182832601));
#15124=VECTOR('',#19070,1.0);
#15125=CARTESIAN_POINT('',(0.146914075156123,-2.29123661379431,-0.676237136184481));
#15126=CARTESIAN_POINT('',(0.338485565680734,-2.29123661379431,-0.344425581314153));
#15127=VECTOR('',#19071,0.999999999999999);
#15128=CARTESIAN_POINT('',(0.225654232636438,-2.29123661379431,-0.812619089536362));
#15129=CARTESIAN_POINT('',(-0.0420172887328794,-2.29123661379431,-0.348998414785445));
#15130=VECTOR('',#19072,1.0);
#15131=CARTESIAN_POINT('',(0.152194328427341,-2.29123661379431,-0.812619089536362));
#15132=VECTOR('',#19073,1.0);
#15133=CARTESIAN_POINT('',(0.454387874153509,-2.29123661379431,0.0137874182519439));
#15134=CARTESIAN_POINT('',(0.154400906079996,-2.29123661379431,0.0137874182519439));
#15135=CARTESIAN_POINT('',(-8.51024601971379,-2.29123661379431,0.0137874182519439));
#15136=VECTOR('',#19074,1.0);
#15137=CARTESIAN_POINT('',(0.461874705077382,-2.29123661379431,0.0267549897997703));
#15138=CARTESIAN_POINT('',(0.422503778180981,-2.29123661379431,-0.041437455925877));
#15139=VECTOR('',#19075,1.0);
#15140=CARTESIAN_POINT('',(0.383134547597067,-2.29123661379431,0.163136943151651));
#15141=CARTESIAN_POINT('',(0.346405443648763,-2.29123661379431,0.226753617306592));
#15142=VECTOR('',#19076,1.0);
#15143=CARTESIAN_POINT('',(0.225654232636438,-2.29123661379431,0.163136943151651));
#15144=CARTESIAN_POINT('',(0.152194328427341,-2.29123661379431,0.163136943151651));
#15145=VECTOR('',#19077,1.0);
#15146=CARTESIAN_POINT('',(0.146914075156123,-2.29123661379431,0.0267549897997703));
#15147=CARTESIAN_POINT('',(0.186283305740036,-2.29123661379431,0.0949444974260032));
#15148=VECTOR('',#19078,0.999999999999999);
#15149=CARTESIAN_POINT('',(0.110184971207818,-2.29123661379431,0.0903716639547121));
#15150=VECTOR('',#19079,1.0);
#15151=CARTESIAN_POINT('',(-0.154417661346196,-2.29123661379431,0.0137874182519439));
#15152=CARTESIAN_POINT('',(-0.454416703411718,-2.29123661379431,0.0137874182519439));
#15153=CARTESIAN_POINT('',(-8.51024601971379,-2.29123661379431,0.0137874182519439));
#15154=VECTOR('',#19080,1.0);
#15155=CARTESIAN_POINT('',(-0.146936867418327,-2.29123661379431,0.0267445334159653));
#15156=CARTESIAN_POINT('',(-0.110204083879264,-2.29123661379431,0.0903675808090536));
#15157=VECTOR('',#19081,1.0);
#15158=CARTESIAN_POINT('',(-0.225677024898642,-2.29123661379431,0.163126486767846));
#15159=CARTESIAN_POINT('',(-0.186306946158485,-2.29123661379431,0.0949355100919054));
#15160=VECTOR('',#19082,1.0);
#15161=CARTESIAN_POINT('',(-0.383157339859272,-2.29123661379431,0.163126486767846));
#15162=CARTESIAN_POINT('',(-0.152211457820514,-2.29123661379431,0.163126486767846));
#15163=VECTOR('',#19083,1.0);
#15164=CARTESIAN_POINT('',(-0.461897497339587,-2.29123661379431,0.0267445334159652));
#15165=CARTESIAN_POINT('',(-0.346424556320209,-2.29123661379431,0.226749534160934));
#15166=VECTOR('',#19084,0.999999999999999);
#15167=CARTESIAN_POINT('',(-0.42252741859943,-2.29123661379431,-0.0414464432599748));
#15168=VECTOR('',#19085,1.0);
#15169=CARTESIAN_POINT('',(0.20282078756009,-2.29123661379431,-0.421574339560168));
#15170=CARTESIAN_POINT('',(0.316690272583284,-2.29123661379431,-0.421574339560168));
#15171=CARTESIAN_POINT('',(-9.00237200396576,-2.29123661379431,-0.42157433956017));
#15172=VECTOR('',#19086,1.0);
#15173=CARTESIAN_POINT('',(0.225654232636438,-2.29123661379431,-0.461123026544237));
#15174=CARTESIAN_POINT('',(0.0340838412374694,-2.29123661379431,-0.129313375415367));
#15175=VECTOR('',#19087,1.0);
#15176=CARTESIAN_POINT('',(0.316690272583284,-2.29123661379431,-0.461123026544237));
#15177=CARTESIAN_POINT('',(0.152194328427341,-2.29123661379431,-0.461123026544237));
#15178=VECTOR('',#19088,1.0);
#15179=CARTESIAN_POINT('',(0.316690272583285,-2.29123661379431,-0.457414239330686));
#15180=VECTOR('',#19089,1.0);
#15181=CARTESIAN_POINT('',(-0.76323594008964,-2.29123661379431,0.0137874182519439));
#15182=CARTESIAN_POINT('',(-8.51024601971379,-2.29123661379431,0.0137874182519439));
#15183=VECTOR('',#19090,1.0);
#15184=CARTESIAN_POINT('',(-0.755759765652097,-2.29123661379431,0.0267365322240163));
#15185=CARTESIAN_POINT('',(-0.642922387524941,-2.29123661379431,0.222176604133113));
#15186=VECTOR('',#19091,1.0);
#15187=CARTESIAN_POINT('',(-0.834499923132412,-2.29123661379431,0.163118485575897));
#15188=CARTESIAN_POINT('',(-0.719028714421906,-2.29123661379431,-0.0368835147220907));
#15189=VECTOR('',#19092,1.0);
#15190=CARTESIAN_POINT('',(-0.991980238093042,-2.29123661379431,0.163118485575897));
#15191=CARTESIAN_POINT('',(-0.456622906937399,-2.29123661379431,0.163118485575897));
#15192=VECTOR('',#19093,1.0);
#15193=CARTESIAN_POINT('',(-1.07072039557336,-2.29123661379431,0.0267365322240163));
#15194=CARTESIAN_POINT('',(-0.879142859965886,-2.29123661379431,0.358558557484994));
#15195=VECTOR('',#19094,0.999999999999999);
#15196=CARTESIAN_POINT('',(-0.955249186862851,-2.29123661379431,-0.173265468073971));
#15197=VECTOR('',#19095,1.0);
#15198=CARTESIAN_POINT('',(0.111909393557885,-2.29123661379431,-0.421574339560169));
#15199=CARTESIAN_POINT('',(-9.00237200396576,-2.29123661379431,-0.42157433956017));
#15200=VECTOR('',#19096,1.0);
#15201=CARTESIAN_POINT('',(-0.0787458907423862,-2.29123661379431,-0.63687751382813));
#15202=CARTESIAN_POINT('',(-0.270318229423242,-2.29123661379431,-0.305064489908095));
#15203=VECTOR('',#19097,1.0);
#15204=CARTESIAN_POINT('',(0.0787344242182436,-2.29123661379431,-0.63687751382813));
#15205=CARTESIAN_POINT('',(-5.73326207128698E-006,-2.29123661379431,-0.63687751382813));
#15206=VECTOR('',#19098,1.0);
#15207=CARTESIAN_POINT('',(0.157474581698559,-2.29123661379431,-0.50049556047625));
#15208=CARTESIAN_POINT('',(0.270306762899099,-2.29123661379431,-0.305064489908094));
#15209=VECTOR('',#19099,1.0);
#15210=CARTESIAN_POINT('',(-0.0340977569822968,-2.29123661379431,-0.168682536556214));
#15211=VECTOR('',#19100,1.0);
#15212=CARTESIAN_POINT('',(-1.29639168720993,-2.29123661379431,-0.0126335465161407));
#15213=CARTESIAN_POINT('',(-0.608828631495841,-2.29123661379431,-0.0126335465161407));
#15214=VECTOR('',#19101,1.0);
#15215=CARTESIAN_POINT('',(-1.37513184469024,-2.29123661379431,-0.149015499868021));
#15216=CARTESIAN_POINT('',(-1.10745144680355,-2.29123661379431,0.314620549461984));
#15217=VECTOR('',#19102,0.999999999999999);
#15218=CARTESIAN_POINT('',(-1.29639168720993,-2.29123661379431,-0.285397453219902));
#15219=CARTESIAN_POINT('',(-1.25966063597974,-2.29123661379431,-0.349017500166008));
#15220=VECTOR('',#19103,1.0);
#15221=CARTESIAN_POINT('',(-0.608828631495841,-2.29123661379431,-0.285397453219902));
#15222=VECTOR('',#19104,1.0);
#15223=CARTESIAN_POINT('',(-0.230763003565045,-2.29123661379431,-0.461133482928042));
#15224=CARTESIAN_POINT('',(-0.230763003565045,-2.29123661379431,-0.421574339560169));
#15225=CARTESIAN_POINT('',(-0.230763003565045,-2.29123661379431,-0.447658270135181));
#15226=VECTOR('',#19105,1.0);
#15227=CARTESIAN_POINT('',(-0.225677024898642,-2.29123661379431,-0.461133482928042));
#15228=CARTESIAN_POINT('',(-0.152211457820514,-2.29123661379431,-0.461133482928042));
#15229=VECTOR('',#19106,1.0);
#15230=CARTESIAN_POINT('',(-0.20283754282629,-2.29123661379431,-0.421574339560169));
#15231=CARTESIAN_POINT('',(-0.0341029539089147,-2.29123661379431,-0.129317458561025));
#15232=VECTOR('',#19107,1.0);
#15233=CARTESIAN_POINT('',(-9.00237200396576,-2.29123661379431,-0.42157433956017));
#15234=VECTOR('',#19108,1.0);
#15235=CARTESIAN_POINT('',(-1.18365522378265,-2.29123661379431,-0.364129609508267));
#15236=CARTESIAN_POINT('',(-1.11402752898939,-2.29123661379431,-0.407229690322007));
#15237=AXIS2_PLACEMENT_3D('',#19109,#19110,#19111);
#15238=CARTESIAN_POINT('',(-1.29639168720993,-2.29123661379431,-0.364129609508267));
#15239=CARTESIAN_POINT('',(-0.608828631495841,-2.29123661379431,-0.364129609508267));
#15240=VECTOR('',#19112,1.0);
#15241=CARTESIAN_POINT('',(-1.37513184469024,-2.29123661379431,-0.500511562860148));
#15242=CARTESIAN_POINT('',(-1.0313503168332,-2.29123661379431,0.0949355100919054));
#15243=VECTOR('',#19113,0.999999999999999);
#15244=CARTESIAN_POINT('',(-1.29639168720993,-2.29123661379431,-0.636893516212028));
#15245=CARTESIAN_POINT('',(-1.33576176595008,-2.29123661379431,-0.568702539536087));
#15246=VECTOR('',#19114,1.0);
#15247=CARTESIAN_POINT('',(-1.1389113722493,-2.29123661379431,-0.636893516212028));
#15248=CARTESIAN_POINT('',(-0.608828631495841,-2.29123661379431,-0.636893516212028));
#15249=VECTOR('',#19115,1.0);
#15250=CARTESIAN_POINT('',(-1.06017121476898,-2.29123661379431,-0.500511562860148));
#15251=CARTESIAN_POINT('',(-0.795129844392255,-2.29123661379431,-0.0414464432599748));
#15252=VECTOR('',#19116,1.0);
#15253=CARTESIAN_POINT('',(-1.09954129350914,-2.29123661379431,-0.432320586184207));
#15254=VECTOR('',#19117,1.0);
#15255=CARTESIAN_POINT('',(-0.230763003565045,-2.29123661379431,-0.812629545920167));
#15256=CARTESIAN_POINT('',(-0.230763003565045,-2.29123661379431,-0.539865639216406));
#15257=CARTESIAN_POINT('',(-0.230763003565045,-2.29123661379431,-0.447658270135181));
#15258=VECTOR('',#19118,1.0);
#15259=CARTESIAN_POINT('',(-0.225677024898642,-2.29123661379431,-0.812629545920167));
#15260=CARTESIAN_POINT('',(-0.152211457820514,-2.29123661379431,-0.812629545920167));
#15261=VECTOR('',#19119,1.0);
#15262=CARTESIAN_POINT('',(-0.146936867418327,-2.29123661379431,-0.676247592568286));
#15263=CARTESIAN_POINT('',(0.0419981760614341,-2.29123661379431,-0.349002497931103));
#15264=VECTOR('',#19120,1.0);
#15265=CARTESIAN_POINT('',(-0.225677024898642,-2.29123661379431,-0.539865639216406));
#15266=CARTESIAN_POINT('',(-0.338509206099183,-2.29123661379431,-0.344434568648251));
#15267=VECTOR('',#19121,1.0);
#15268=CARTESIAN_POINT('',(-0.152211457820514,-2.29123661379431,-0.539865639216406));
#15269=VECTOR('',#19122,1.0);
#15270=CARTESIAN_POINT('',(-1.01482433965572,-2.29123661379431,-0.421574339560169));
#15271=CARTESIAN_POINT('',(-0.915209935929433,-2.29123661379431,-0.421574339560169));
#15272=CARTESIAN_POINT('',(-9.00237200396576,-2.29123661379431,-0.42157433956017));
#15273=VECTOR('',#19123,1.0);
#15274=CARTESIAN_POINT('',(-0.991980238093042,-2.29123661379431,-0.461141484119991));
#15275=CARTESIAN_POINT('',(-1.0313503168332,-2.29123661379431,-0.39295050744405));
#15276=VECTOR('',#19124,1.0);
#15277=CARTESIAN_POINT('',(-0.915209935929433,-2.29123661379431,-0.461141484119991));
#15278=CARTESIAN_POINT('',(-0.456622906937399,-2.29123661379431,-0.461141484119991));
#15279=VECTOR('',#19125,1.0);
#15280=CARTESIAN_POINT('',(-0.915209935929433,-2.29123661379431,-0.447658270135181));
#15281=VECTOR('',#19126,1.0);
#15282=CARTESIAN_POINT('',(-0.230763003565045,-2.29123661379431,-1.08272565867785));
#15283=CARTESIAN_POINT('',(-9.04280917902776,-2.29123661379431,-1.08272565867785));
#15284=VECTOR('',#19127,1.0);
#15285=CARTESIAN_POINT('',(-0.225677024898642,-2.29123661379431,-1.16412560891229));
#15286=CARTESIAN_POINT('',(-0.152211457820514,-2.29123661379431,-1.16412560891229));
#15287=VECTOR('',#19128,1.0);
#15288=CARTESIAN_POINT('',(-0.146936867418327,-2.29123661379431,-1.02774365556041));
#15289=CARTESIAN_POINT('',(0.118099306031783,-2.29123661379431,-0.568687537301182));
#15290=VECTOR('',#19129,1.0);
#15291=CARTESIAN_POINT('',(-0.225677024898642,-2.29123661379431,-0.891361702208532));
#15292=CARTESIAN_POINT('',(-0.414610336069532,-2.29123661379431,-0.56411960801833));
#15293=VECTOR('',#19130,1.0);
#15294=CARTESIAN_POINT('',(-0.230763003565045,-2.29123661379431,-0.891361702208532));
#15295=CARTESIAN_POINT('',(-0.152211457820514,-2.29123661379431,-0.891361702208532));
#15296=VECTOR('',#19131,1.0);
#15297=CARTESIAN_POINT('',(-0.230763003565045,-2.29123661379431,-0.447658270135181));
#15298=VECTOR('',#19132,1.0);
#15299=CARTESIAN_POINT('',(-0.696582337717947,-2.29123661379431,-1.08272565867785));
#15300=CARTESIAN_POINT('',(-0.521074925273739,-2.29123661379431,-1.08272565867785));
#15301=CARTESIAN_POINT('',(-9.04280917902776,-2.29123661379431,-1.08272565867785));
#15302=VECTOR('',#19133,1.0);
#15303=CARTESIAN_POINT('',(-0.761487804079624,-2.29123661379431,-1.19514522410522));
#15304=CARTESIAN_POINT('',(-0.346429753246827,-2.29123661379431,-0.47624359197231));
#15305=VECTOR('',#19134,0.999999999999999);
#15306=CARTESIAN_POINT('',(-0.456169458912063,-2.29123661379431,-1.19514522410522));
#15307=CARTESIAN_POINT('',(-1.23368686892888E-005,-2.29123661379431,-1.19514522410522));
#15308=VECTOR('',#19135,1.0);
#15309=CARTESIAN_POINT('',(-0.719021785186417,-2.29123661379431,-0.739871640110367));
#15310=VECTOR('',#19136,1.0);
#15311=CARTESIAN_POINT('',(-0.915209935929433,-2.29123661379431,-0.539873640408356));
#15312=CARTESIAN_POINT('',(-0.915209935929433,-2.29123661379431,-0.447658270135181));
#15313=VECTOR('',#19137,1.0);
#15314=CARTESIAN_POINT('',(-0.991980238093042,-2.29123661379431,-0.539873640408356));
#15315=CARTESIAN_POINT('',(-0.456622906937399,-2.29123661379431,-0.539873640408356));
#15316=VECTOR('',#19138,1.0);
#15317=CARTESIAN_POINT('',(-1.07072039557336,-2.29123661379431,-0.676255593760236));
#15318=CARTESIAN_POINT('',(-0.726940600025188,-2.29123661379431,-0.0808115212551636));
#15319=VECTOR('',#19139,0.999999999999999);
#15320=CARTESIAN_POINT('',(-1.10745144680355,-2.29123661379431,-0.612635546814128));
#15321=VECTOR('',#19140,1.0);
#15322=CARTESIAN_POINT('',(-0.937267286862507,-2.29123661379431,-0.0258313908640293));
#15323=CARTESIAN_POINT('',(0.937295016119966,-2.29123661379431,-0.0258313908640292));
#15324=CARTESIAN_POINT('',(-8.51024602333176,-2.29123661379431,-0.0258313908640292));
#15325=VECTOR('',#19141,1.0);
#15326=CARTESIAN_POINT('',(-1.06317618388319,-2.29123661379431,-0.329802357674792));
#15327=AXIS2_PLACEMENT_3D('',#19142,#19143,#19144);
#15328=CARTESIAN_POINT('',(-0.937267286862507,-2.29123661379431,-0.381955530444196));
#15329=AXIS2_PLACEMENT_3D('',#19145,#19146,#19147);
#15330=CARTESIAN_POINT('',(0.937295016119966,-2.29123661379431,-0.381955530444196));
#15331=CARTESIAN_POINT('',(-9.00237200034779,-2.29123661379431,-0.381955530444197));
#15332=VECTOR('',#19148,1.0);
#15333=CARTESIAN_POINT('',(1.06320391314065,-2.29123661379431,-0.0779845636334323));
#15334=AXIS2_PLACEMENT_3D('',#19149,#19150,#19151);
#15335=AXIS2_PLACEMENT_3D('',#19152,#19153,#19154);
#15336=CARTESIAN_POINT('',(0.821809493181272,-2.29123661379431,-0.449730879562293));
#15337=CARTESIAN_POINT('',(0.821809493181272,-2.29123661379431,-0.971745084050395));
#15338=CARTESIAN_POINT('',(0.821809493181272,-2.29123661379431,-0.452501289621455));
#15339=VECTOR('',#19155,1.0);
#15340=CARTESIAN_POINT('',(0.372629095360252,-2.29123661379431,-0.449730879562293));
#15341=CARTESIAN_POINT('',(-8.45761573072183,-2.29123661379431,-0.449730879562293));
#15342=VECTOR('',#19156,1.0);
#15343=CARTESIAN_POINT('',(0.372629095360252,-2.29123661379431,-0.971745084050395));
#15344=CARTESIAN_POINT('',(0.372629095360251,-2.29123661379431,-0.452501289621455));
#15345=VECTOR('',#19157,1.0);
#15346=CARTESIAN_POINT('',(-8.45761573072183,-2.29123661379431,-0.971745084050395));
#15347=VECTOR('',#19158,1.0);
#15348=CARTESIAN_POINT('',(-0.846765242692994,-2.29123661379431,-1.01428096544141));
#15349=CARTESIAN_POINT('',(-0.846765242692994,-2.29123661379431,-0.466723419549897));
#15350=CARTESIAN_POINT('',(-0.846765242692994,-2.29123661379431,-0.447658270135181));
#15351=VECTOR('',#19159,1.0);
#15352=CARTESIAN_POINT('',(-0.299207696801484,-2.29123661379431,-1.01428096544141));
#15353=CARTESIAN_POINT('',(-9.04280917902776,-2.29123661379431,-1.01428096544141));
#15354=VECTOR('',#19160,1.0);
#15355=CARTESIAN_POINT('',(-0.299207696801484,-2.29123661379431,-0.466723419549897));
#15356=CARTESIAN_POINT('',(-0.299207696801485,-2.29123661379431,-0.447658270135181));
#15357=VECTOR('',#19161,1.0);
#15358=CARTESIAN_POINT('',(-9.04280917902776,-2.29123661379431,-0.466723419549897));
#15359=VECTOR('',#19162,1.0);
#15360=CARTESIAN_POINT('',(1.41730389417037,-2.29123661379431,1.51072271390216));
#15361=CARTESIAN_POINT('',(1.48916468475602,-2.29123661379431,1.60011870906162));
#15362=AXIS2_PLACEMENT_3D('',#19163,#19164,#19165);
#15363=CARTESIAN_POINT('',(1.30609381861429,-2.29123661379431,1.60011870906162));
#15364=AXIS2_PLACEMENT_3D('',#19166,#19167,#19168);
#15365=AXIS2_PLACEMENT_3D('',#19169,#19170,#19171);
#15366=CARTESIAN_POINT('',(-1.41734177512098,-2.29123661379431,1.77726195699379));
#15367=CARTESIAN_POINT('',(1.41730389417036,-2.29123661379431,1.77726195699379));
#15368=CARTESIAN_POINT('',(-1.89404753072608E-005,-2.29123661379431,1.77726195699379));
#15369=VECTOR('',#19172,1.0);
#15370=CARTESIAN_POINT('',(1.52865929278242,-2.29123661379431,1.73113704064522));
#15371=AXIS2_PLACEMENT_3D('',#19173,#19174,#19175);
#15372=CARTESIAN_POINT('',(1.57478420913099,-2.29123661379431,1.61978164203316));
#15373=AXIS2_PLACEMENT_3D('',#19176,#19177,#19178);
#15374=CARTESIAN_POINT('',(1.57478420913099,-2.29123661379431,-1.21480815707676));
#15375=CARTESIAN_POINT('',(1.57478420913099,-2.29123661379431,0.202458807387492));
#15376=VECTOR('',#19179,1.0);
#15377=CARTESIAN_POINT('',(1.52865929278242,-2.29123661379431,-1.32616355568882));
#15378=AXIS2_PLACEMENT_3D('',#19180,#19181,#19182);
#15379=CARTESIAN_POINT('',(1.41730389417036,-2.29123661379431,-1.37228847203739));
#15380=AXIS2_PLACEMENT_3D('',#19183,#19184,#19185);
#15381=CARTESIAN_POINT('',(-1.41734177512098,-2.29123661379431,-1.37228847203739));
#15382=CARTESIAN_POINT('',(-1.89404753072608E-005,-2.29123661379431,-1.37228847203739));
#15383=VECTOR('',#19186,1.0);
#15384=CARTESIAN_POINT('',(-1.52869717373303,-2.29123661379431,-1.32616355568882));
#15385=AXIS2_PLACEMENT_3D('',#19187,#19188,#19189);
#15386=CARTESIAN_POINT('',(-1.57482209008161,-2.29123661379431,-1.21480815707676));
#15387=AXIS2_PLACEMENT_3D('',#19190,#19191,#19192);
#15388=CARTESIAN_POINT('',(-1.57482209008161,-2.29123661379431,1.61978164203316));
#15389=CARTESIAN_POINT('',(-1.57482209008161,-2.29123661379431,0.202458807387492));
#15390=VECTOR('',#19193,1.0);
#15391=CARTESIAN_POINT('',(-1.52869717373303,-2.29123661379431,1.73113704064522));
#15392=AXIS2_PLACEMENT_3D('',#19194,#19195,#19196);
#15393=AXIS2_PLACEMENT_3D('',#19197,#19198,#19199);
#15394=CARTESIAN_POINT('',(1.29636889494772,-2.29123661379431,0.0661330697318763));
#15395=CARTESIAN_POINT('',(1.18353066866432,-2.29123661379431,-0.129308471226928));
#15396=VECTOR('',#19200,1.0);
#15397=CARTESIAN_POINT('',(1.13888857998709,-2.29123661379431,0.338840415224521));
#15398=CARTESIAN_POINT('',(0.608811502102668,-2.29123661379431,0.338840415224521));
#15399=VECTOR('',#19201,1.0);
#15400=CARTESIAN_POINT('',(1.06016475032201,-2.29123661379431,0.202486742478199));
#15401=CARTESIAN_POINT('',(0.947318188588125,-2.29123661379431,0.00703076409565165));
#15402=VECTOR('',#19202,1.0);
#15403=CARTESIAN_POINT('',(1.13888857998709,-2.29123661379431,0.0661330697318763));
#15404=CARTESIAN_POINT('',(0.947318188588125,-2.29123661379431,0.397942720860746));
#15405=VECTOR('',#19203,1.0);
#15406=CARTESIAN_POINT('',(0.608811502102668,-2.29123661379431,0.0661330697318763));
#15407=VECTOR('',#19204,1.0);
#15408=CARTESIAN_POINT('',(0.687545996713953,-2.29123661379431,0.0661250685399264));
#15409=CARTESIAN_POINT('',(0.650812365018646,-2.29123661379431,0.00250055209713165));
#15410=VECTOR('',#19205,1.0);
#15411=CARTESIAN_POINT('',(0.530065681753323,-2.29123661379431,0.338848416416471));
#15412=CARTESIAN_POINT('',(0.304400052985784,-2.29123661379431,0.338848416416471));
#15413=VECTOR('',#19206,1.0);
#15414=CARTESIAN_POINT('',(0.451337232597914,-2.29123661379431,0.202486742478199));
#15415=CARTESIAN_POINT('',(0.414596420324704,-2.29123661379431,0.138849788909648));
#15416=VECTOR('',#19207,1.0);
#15417=CARTESIAN_POINT('',(0.530065681753323,-2.29123661379431,0.0661250685399264));
#15418=CARTESIAN_POINT('',(0.414596420324704,-2.29123661379431,0.266123696046749));
#15419=VECTOR('',#19208,1.0);
#15420=CARTESIAN_POINT('',(0.304400052985784,-2.29123661379431,0.0661250685399264));
#15421=VECTOR('',#19209,1.0);
#15422=CARTESIAN_POINT('',(0.157468910369657,-2.29123661379431,0.202486742478199));
#15423=CARTESIAN_POINT('',(0.0787344242182436,-2.29123661379431,0.0661146121561223));
#15424=CARTESIAN_POINT('',(0.118104502958401,-2.29123661379431,0.134305588832063));
#15425=VECTOR('',#19210,1.0);
#15426=CARTESIAN_POINT('',(0.118104502958401,-2.29123661379431,0.270667896124335));
#15427=VECTOR('',#19211,1.0);
#15428=CARTESIAN_POINT('',(-0.157480376893799,-2.29123661379431,0.202486742478199));
#15429=CARTESIAN_POINT('',(-0.118115969482544,-2.29123661379431,0.270667896124335));
#15430=VECTOR('',#19212,1.0);
#15431=CARTESIAN_POINT('',(-0.0787458907423862,-2.29123661379431,0.0661146121561223));
#15432=CARTESIAN_POINT('',(-0.118115969482544,-2.29123661379431,0.134305588832063));
#15433=VECTOR('',#19213,1.0);
#15434=CARTESIAN_POINT('',(-5.73326207130851E-006,-2.29123661379431,0.0661146121561223));
#15435=VECTOR('',#19214,1.0);
#15436=CARTESIAN_POINT('',(-0.414613800687278,-2.29123661379431,0.266114612156124));
#15437=VECTOR('',#19215,1.0);
#15438=CARTESIAN_POINT('',(-0.687568788976158,-2.29123661379431,0.338866873992223));
#15439=CARTESIAN_POINT('',(-0.304417182378957,-2.29123661379431,0.338866873992223));
#15440=VECTOR('',#19216,1.0);
#15441=CARTESIAN_POINT('',(-0.766307894617896,-2.29123661379431,0.202486742478199));
#15442=CARTESIAN_POINT('',(-0.650837737745967,-2.29123661379431,0.40248692093833));
#15443=VECTOR('',#19217,1.0);
#15444=CARTESIAN_POINT('',(-0.650837737745967,-2.29123661379431,0.00248656401806685));
#15445=VECTOR('',#19218,1.0);
#15446=CARTESIAN_POINT('',(-1.250057653257,-2.29123661379431,-0.988397580396104));
#15447=CARTESIAN_POINT('',(-1.35968515464943,-2.29123661379431,-0.878770079003674));
#15448=CARTESIAN_POINT('',(-1.22048489486363,-2.29123661379431,-1.01797033878948));
#15449=VECTOR('',#19219,1.0);
#15450=CARTESIAN_POINT('',(-1.1389113722493,-2.29123661379431,-0.988397580396104));
#15451=CARTESIAN_POINT('',(-0.608828631495841,-2.29123661379431,-0.988397580396104));
#15452=VECTOR('',#19220,1.0);
#15453=CARTESIAN_POINT('',(-1.06017121476898,-2.29123661379431,-0.852015627044224));
#15454=CARTESIAN_POINT('',(-0.719026982113034,-2.29123661379431,-0.261136483375022));
#15455=VECTOR('',#19221,1.0);
#15456=CARTESIAN_POINT('',(-1.1389113722493,-2.29123661379431,-0.715633673692343));
#15457=CARTESIAN_POINT('',(-1.17564415578836,-2.29123661379431,-0.652010626299254));
#15458=VECTOR('',#19222,1.0);
#15459=CARTESIAN_POINT('',(-1.29639168720993,-2.29123661379431,-0.715633673692343));
#15460=CARTESIAN_POINT('',(-0.608828631495841,-2.29123661379431,-0.715633673692343));
#15461=VECTOR('',#19223,1.0);
#15462=CARTESIAN_POINT('',(-1.37513184469024,-2.29123661379431,-0.852015627044224));
#15463=CARTESIAN_POINT('',(-0.955247454553979,-2.29123661379431,-0.124754530023142));
#15464=VECTOR('',#19224,0.999999999999999);
#15465=CARTESIAN_POINT('',(-1.41186462822931,-2.29123661379431,-0.788392579651134));
#15466=VECTOR('',#19225,1.0);
#15467=CARTESIAN_POINT('',(0.152658058812034,-2.29123661379431,-1.19514522410522));
#15468=CARTESIAN_POINT('',(-0.152669525336177,-2.29123661379431,-1.19514522410522));
#15469=CARTESIAN_POINT('',(-1.23368686892888E-005,-2.29123661379431,-1.19514522410522));
#15470=VECTOR('',#19226,1.0);
#15471=CARTESIAN_POINT('',(0.0787344242182436,-2.29123661379431,-1.06710573310862));
#15472=CARTESIAN_POINT('',(-0.186300016922995,-2.29123661379431,-0.608052615296371));
#15473=VECTOR('',#19227,1.0);
#15474=CARTESIAN_POINT('',(-0.0787458907423862,-2.29123661379431,-1.06710573310862));
#15475=CARTESIAN_POINT('',(-5.7332620712787E-006,-2.29123661379431,-1.06710573310862));
#15476=VECTOR('',#19228,1.0);
#15477=CARTESIAN_POINT('',(0.186288550398852,-2.29123661379431,-0.608052615296371));
#15478=VECTOR('',#19229,0.999999999999999);
#15479=CARTESIAN_POINT('',(0.761475668303748,-2.29123661379431,-1.19514522410522));
#15480=CARTESIAN_POINT('',(0.456136010163529,-2.29123661379431,-1.19514522410522));
#15481=CARTESIAN_POINT('',(-1.23368686892888E-005,-2.29123661379431,-1.19514522410522));
#15482=VECTOR('',#19230,1.0);
#15483=CARTESIAN_POINT('',(0.687545996713953,-2.29123661379431,-1.06709527672482));
#15484=CARTESIAN_POINT('',(0.346412372884253,-2.29123661379431,-0.476234508081685));
#15485=VECTOR('',#19231,1.0);
#15486=CARTESIAN_POINT('',(0.530065681753323,-2.29123661379431,-1.06709527672482));
#15487=CARTESIAN_POINT('',(0.304400052985784,-2.29123661379431,-1.06709527672482));
#15488=VECTOR('',#19232,1.0);
#15489=CARTESIAN_POINT('',(0.718996412459097,-2.29123661379431,-0.739857652031302));
#15490=VECTOR('',#19233,0.999999999999999);
#15491=AXIS2_PLACEMENT_3D('',#19234,#19235,#19236);
#15492=CARTESIAN_POINT('',(1.37510905242804,-2.29123661379431,-0.851973165892621));
#15493=CARTESIAN_POINT('',(1.35958888812956,-2.29123661379431,-0.878854878999407));
#15494=CARTESIAN_POINT('',(1.41183405857537,-2.29123661379431,-0.788363589337163));
#15495=VECTOR('',#19237,1.0);
#15496=CARTESIAN_POINT('',(1.29636889494772,-2.29123661379431,-0.71559121254074));
#15497=CARTESIAN_POINT('',(0.955235271118023,-2.29123661379431,-0.124730443897609));
#15498=VECTOR('',#19238,1.0);
#15499=CARTESIAN_POINT('',(1.13888857998709,-2.29123661379431,-0.71559121254074));
#15500=CARTESIAN_POINT('',(0.608811502102668,-2.29123661379431,-0.71559121254074));
#15501=VECTOR('',#19239,1.0);
#15502=CARTESIAN_POINT('',(1.06014842250678,-2.29123661379431,-0.851973165892621));
#15503=CARTESIAN_POINT('',(1.17561358613442,-2.29123661379431,-0.651981635985282));
#15504=VECTOR('',#19240,0.999999999999999);
#15505=CARTESIAN_POINT('',(1.13888857998709,-2.29123661379431,-0.988355119244501));
#15506=CARTESIAN_POINT('',(0.719014798677078,-2.29123661379431,-0.26111239724949));
#15507=VECTOR('',#19241,1.0);
#15508=CARTESIAN_POINT('',(1.25008864788446,-2.29123661379431,-0.988355119244501));
#15509=CARTESIAN_POINT('',(0.608811502102668,-2.29123661379431,-0.988355119244501));
#15510=VECTOR('',#19242,1.0);
#15511=CARTESIAN_POINT('',(1.22046682473287,-2.29123661379431,-1.0179769423961));
#15512=VECTOR('',#19243,1.0);
#15513=CARTESIAN_POINT('',(-0.787499020462207,-2.29123661379431,-1.08272565867785));
#15514=CARTESIAN_POINT('',(-0.834499923132412,-2.29123661379431,-1.16413361010424));
#15515=CARTESIAN_POINT('',(-0.414618997613894,-2.29123661379431,-0.436878513977122));
#15516=VECTOR('',#19244,1.0);
#15517=CARTESIAN_POINT('',(-0.915209935929433,-2.29123661379431,-1.08272565867785));
#15518=CARTESIAN_POINT('',(-9.04280917902776,-2.29123661379431,-1.08272565867785));
#15519=VECTOR('',#19245,1.0);
#15520=CARTESIAN_POINT('',(-0.915209935929433,-2.29123661379431,-0.891369703400481));
#15521=CARTESIAN_POINT('',(-0.915209935929433,-2.29123661379431,-0.447658270135181));
#15522=VECTOR('',#19246,1.0);
#15523=CARTESIAN_POINT('',(-0.991980238093042,-2.29123661379431,-0.891369703400481));
#15524=CARTESIAN_POINT('',(-0.456622906937399,-2.29123661379431,-0.891369703400481));
#15525=VECTOR('',#19247,1.0);
#15526=CARTESIAN_POINT('',(-1.07072039557336,-2.29123661379431,-1.02775165675236));
#15527=CARTESIAN_POINT('',(-0.650839470054839,-2.29123661379431,-0.300496560625242));
#15528=VECTOR('',#19248,0.999999999999999);
#15529=CARTESIAN_POINT('',(-0.991980238093042,-2.29123661379431,-1.16413361010424));
#15530=CARTESIAN_POINT('',(-1.1835525767739,-2.29123661379431,-0.832320586184206));
#15531=VECTOR('',#19249,1.0);
#15532=CARTESIAN_POINT('',(-0.456622906937399,-2.29123661379431,-1.16413361010424));
#15533=VECTOR('',#19250,1.0);
#15534=CARTESIAN_POINT('',(0.157474581698559,-2.29123661379431,-0.851991623468375));
#15535=CARTESIAN_POINT('',(0.0787344242182436,-2.29123661379431,-0.988373576820256));
#15536=CARTESIAN_POINT('',(0.346407892869448,-2.29123661379431,-0.524749529278173));
#15537=VECTOR('',#19251,1.0);
#15538=CARTESIAN_POINT('',(0.0787344242182436,-2.29123661379431,-0.715609670116494));
#15539=CARTESIAN_POINT('',(-0.110198886952646,-2.29123661379431,-0.388367575926292));
#15540=VECTOR('',#19252,1.0);
#15541=CARTESIAN_POINT('',(-0.0787458907423862,-2.29123661379431,-0.715609670116494));
#15542=CARTESIAN_POINT('',(-5.73326207128946E-006,-2.29123661379431,-0.715609670116494));
#15543=VECTOR('',#19253,1.0);
#15544=CARTESIAN_POINT('',(-0.157486048222701,-2.29123661379431,-0.851991623468375));
#15545=CARTESIAN_POINT('',(0.110187420428503,-2.29123661379431,-0.388367575926292));
#15546=VECTOR('',#19254,0.999999999999999);
#15547=CARTESIAN_POINT('',(-0.0787458907423862,-2.29123661379431,-0.988373576820256));
#15548=CARTESIAN_POINT('',(-0.346419359393591,-2.29123661379431,-0.524749529278173));
#15549=VECTOR('',#19255,1.0);
#15550=CARTESIAN_POINT('',(-5.73326207127622E-006,-2.29123661379431,-0.988373576820256));
#15551=VECTOR('',#19256,1.0);
#15552=CARTESIAN_POINT('',(-1.1389113722493,-2.29123661379431,0.0660986097722243));
#15553=CARTESIAN_POINT('',(-0.608828631495841,-2.29123661379431,0.0660986097722243));
#15554=VECTOR('',#19257,1.0);
#15555=CARTESIAN_POINT('',(-1.06017121476898,-2.29123661379431,0.202486742478199));
#15556=CARTESIAN_POINT('',(-0.947332104332953,-2.29123661379431,0.397923635480182));
#15557=VECTOR('',#19258,1.0);
#15558=CARTESIAN_POINT('',(-1.1389113722493,-2.29123661379431,0.338874875184173));
#15559=CARTESIAN_POINT('',(-0.947332104332953,-2.29123661379431,0.00704984947621484));
#15560=VECTOR('',#19259,1.0);
#15561=CARTESIAN_POINT('',(-1.29639168720993,-2.29123661379431,0.338874875184173));
#15562=CARTESIAN_POINT('',(-0.608828631495841,-2.29123661379431,0.338874875184173));
#15563=VECTOR('',#19260,1.0);
#15564=CARTESIAN_POINT('',(-1.18355950600939,-2.29123661379431,0.534305945752327));
#15565=VECTOR('',#19261,1.0);
#15566=CARTESIAN_POINT('',(-1.250057653257,-2.29123661379431,1.3933710653525));
#15567=CARTESIAN_POINT('',(-1.22048489486363,-2.29123661379431,1.42294382374588));
#15568=VECTOR('',#19262,1.0);
#15569=CARTESIAN_POINT('',(-1.29639168720993,-2.29123661379431,1.12060715864874));
#15570=CARTESIAN_POINT('',(-0.955247454553979,-2.29123661379431,0.529728014979539));
#15571=VECTOR('',#19263,0.999999999999999);
#15572=CARTESIAN_POINT('',(-1.1389113722493,-2.29123661379431,1.12060715864874));
#15573=CARTESIAN_POINT('',(-0.608828631495841,-2.29123661379431,1.12060715864874));
#15574=VECTOR('',#19264,1.0);
#15575=CARTESIAN_POINT('',(-1.06017121476898,-2.29123661379431,1.25698911200062));
#15576=CARTESIAN_POINT('',(-1.17564415578836,-2.29123661379431,1.05698411125565));
#15577=VECTOR('',#19265,1.0);
#15578=CARTESIAN_POINT('',(-1.1389113722493,-2.29123661379431,1.3933710653525));
#15579=CARTESIAN_POINT('',(-0.719026982113034,-2.29123661379431,0.66610996833142));
#15580=VECTOR('',#19266,1.0);
#15581=CARTESIAN_POINT('',(-0.608828631495841,-2.29123661379431,1.3933710653525));
#15582=VECTOR('',#19267,1.0);
#15583=CARTESIAN_POINT('',(-0.687568788976158,-2.29123661379431,1.47208721925697));
#15584=CARTESIAN_POINT('',(-0.346429753246827,-2.29123661379431,0.881217076928707));
#15585=VECTOR('',#19268,0.999999999999999);
#15586=CARTESIAN_POINT('',(-0.530088474015528,-2.29123661379431,1.47208721925697));
#15587=CARTESIAN_POINT('',(-0.304417182378957,-2.29123661379431,1.47208721925697));
#15588=VECTOR('',#19269,1.0);
#15589=CARTESIAN_POINT('',(-0.719021785186417,-2.29123661379431,1.14484512506676));
#15590=VECTOR('',#19270,1.0);
#15591=CARTESIAN_POINT('',(0.152658058812034,-2.29123661379431,1.60011870906162));
#15592=CARTESIAN_POINT('',(-0.152669525336177,-2.29123661379431,1.60011870906162));
#15593=CARTESIAN_POINT('',(-1.23368686892888E-005,-2.29123661379431,1.60011870906162));
#15594=VECTOR('',#19271,1.0);
#15595=CARTESIAN_POINT('',(-0.0787458907423862,-2.29123661379431,1.47207921806502));
#15596=CARTESIAN_POINT('',(0.186288550398852,-2.29123661379431,1.01302610025277));
#15597=VECTOR('',#19272,0.999999999999999);
#15598=CARTESIAN_POINT('',(0.0787344242182436,-2.29123661379431,1.47207921806502));
#15599=CARTESIAN_POINT('',(-5.7332620712787E-006,-2.29123661379431,1.47207921806502));
#15600=VECTOR('',#19273,1.0);
#15601=CARTESIAN_POINT('',(-0.186300016922995,-2.29123661379431,1.01302610025277));
#15602=VECTOR('',#19274,1.0);
#15603=CARTESIAN_POINT('',(0.761475668303748,-2.29123661379431,1.60011870906162));
#15604=CARTESIAN_POINT('',(0.456136010163529,-2.29123661379431,1.60011870906162));
#15605=CARTESIAN_POINT('',(-1.23368686892888E-005,-2.29123661379431,1.60011870906162));
#15606=VECTOR('',#19275,1.0);
#15607=CARTESIAN_POINT('',(0.530065681753323,-2.29123661379431,1.47206876168121));
#15608=CARTESIAN_POINT('',(0.718996412459097,-2.29123661379431,1.1448311369877));
#15609=VECTOR('',#19276,0.999999999999999);
#15610=CARTESIAN_POINT('',(0.687545996713953,-2.29123661379431,1.47206876168121));
#15611=CARTESIAN_POINT('',(0.304400052985784,-2.29123661379431,1.47206876168121));
#15612=VECTOR('',#19277,1.0);
#15613=CARTESIAN_POINT('',(0.346412372884253,-2.29123661379431,0.881207993038082));
#15614=VECTOR('',#19278,1.0);
#15615=CARTESIAN_POINT('',(-1.48917034435245,-2.29123661379431,1.60010382296364));
#15616=CARTESIAN_POINT('',(-1.30609947877368,-2.29123661379431,1.60009664443327));
#15617=AXIS2_PLACEMENT_3D('',#19279,#19280,#19281);
#15618=AXIS2_PLACEMENT_3D('',#19282,#19283,#19284);
#15619=CARTESIAN_POINT('',(-1.06017121476898,-2.29123661379431,0.553988984824419));
#15620=CARTESIAN_POINT('',(-1.1389113722493,-2.29123661379431,0.690370938176299));
#15621=CARTESIAN_POINT('',(-0.871230974362604,-2.29123661379431,0.226734888846293));
#15622=VECTOR('',#19285,1.0);
#15623=CARTESIAN_POINT('',(-1.29639168720993,-2.29123661379431,0.690370938176299));
#15624=CARTESIAN_POINT('',(-0.608828631495841,-2.29123661379431,0.690370938176299));
#15625=VECTOR('',#19286,1.0);
#15626=CARTESIAN_POINT('',(-1.37513184469024,-2.29123661379431,0.553988984824419));
#15627=CARTESIAN_POINT('',(-1.25966063597974,-2.29123661379431,0.753990985122405));
#15628=VECTOR('',#19287,1.0);
#15629=CARTESIAN_POINT('',(-1.29639168720993,-2.29123661379431,0.417607031472538));
#15630=CARTESIAN_POINT('',(-1.10745144680355,-2.29123661379431,0.0903529354944133));
#15631=VECTOR('',#19288,0.999999999999999);
#15632=CARTESIAN_POINT('',(-1.1389113722493,-2.29123661379431,0.417607031472538));
#15633=CARTESIAN_POINT('',(-0.608828631495841,-2.29123661379431,0.417607031472538));
#15634=VECTOR('',#19289,1.0);
#15635=CARTESIAN_POINT('',(-1.02344016353879,-2.29123661379431,0.617609031770525));
#15636=VECTOR('',#19290,1.0);
#15637=CARTESIAN_POINT('',(1.37510905242804,-2.29123661379431,1.25694665084902));
#15638=CARTESIAN_POINT('',(1.35958888812956,-2.29123661379431,1.2838283639558));
#15639=CARTESIAN_POINT('',(1.41183405857537,-2.29123661379431,1.19333707429356));
#15640=VECTOR('',#19291,1.0);
#15641=CARTESIAN_POINT('',(1.25008864788446,-2.29123661379431,1.3933286042009));
#15642=CARTESIAN_POINT('',(1.22046682473287,-2.29123661379431,1.4229504273525));
#15643=VECTOR('',#19292,1.0);
#15644=CARTESIAN_POINT('',(1.13888857998709,-2.29123661379431,1.3933286042009));
#15645=CARTESIAN_POINT('',(0.608811502102668,-2.29123661379431,1.3933286042009));
#15646=VECTOR('',#19293,1.0);
#15647=CARTESIAN_POINT('',(1.06014842250678,-2.29123661379431,1.25694665084902));
#15648=CARTESIAN_POINT('',(0.719014798677078,-2.29123661379431,0.666085882205887));
#15649=VECTOR('',#19294,1.0);
#15650=CARTESIAN_POINT('',(1.13888857998709,-2.29123661379431,1.12056469749714));
#15651=CARTESIAN_POINT('',(1.17561358613442,-2.29123661379431,1.05695512094168));
#15652=VECTOR('',#19295,0.999999999999999);
#15653=CARTESIAN_POINT('',(1.29636889494772,-2.29123661379431,1.12056469749714));
#15654=CARTESIAN_POINT('',(0.608811502102668,-2.29123661379431,1.12056469749714));
#15655=VECTOR('',#19296,1.0);
#15656=CARTESIAN_POINT('',(0.955235271118023,-2.29123661379431,0.529703928854007));
#15657=VECTOR('',#19297,1.0);
#15658=CARTESIAN_POINT('',(-0.755759765652097,-2.29123661379431,0.378236952732381));
#15659=CARTESIAN_POINT('',(-0.834499923132412,-2.29123661379431,0.514618906084262));
#15660=CARTESIAN_POINT('',(-0.642922387524941,-2.29123661379431,0.182796880823284));
#15661=VECTOR('',#19298,1.0);
#15662=CARTESIAN_POINT('',(-0.991980238093042,-2.29123661379431,0.514618906084262));
#15663=CARTESIAN_POINT('',(-0.456622906937399,-2.29123661379431,0.514618906084262));
#15664=VECTOR('',#19299,1.0);
#15665=CARTESIAN_POINT('',(-1.07072039557336,-2.29123661379431,0.378236952732381));
#15666=CARTESIAN_POINT('',(-0.955249186862851,-2.29123661379431,0.578238953030368));
#15667=VECTOR('',#19300,1.0);
#15668=CARTESIAN_POINT('',(-0.991980238093042,-2.29123661379431,0.2418549993805));
#15669=CARTESIAN_POINT('',(-0.879142859965886,-2.29123661379431,0.0464149274714037));
#15670=VECTOR('',#19301,0.999999999999999);
#15671=CARTESIAN_POINT('',(-0.834499923132412,-2.29123661379431,0.2418549993805));
#15672=CARTESIAN_POINT('',(-0.456622906937399,-2.29123661379431,0.2418549993805));
#15673=VECTOR('',#19302,1.0);
#15674=CARTESIAN_POINT('',(-0.719028714421906,-2.29123661379431,0.441856999678488));
#15675=VECTOR('',#19303,1.0);
#15676=CARTESIAN_POINT('',(-0.451348316535213,-2.29123661379431,1.25697310961672));
#15677=CARTESIAN_POINT('',(-0.186310410776231,-2.29123661379431,0.797913990910509));
#15678=VECTOR('',#19304,1.0);
#15679=CARTESIAN_POINT('',(-0.766308946456473,-2.29123661379431,1.25697310961672));
#15680=CARTESIAN_POINT('',(-0.879141127657013,-2.29123661379431,1.06154203904857));
#15681=VECTOR('',#19305,1.0);
#15682=CARTESIAN_POINT('',(-0.687568788976158,-2.29123661379431,1.12059115626484));
#15683=CARTESIAN_POINT('',(-0.422530883217176,-2.29123661379431,0.661532037558629));
#15684=VECTOR('',#19306,0.999999999999999);
#15685=CARTESIAN_POINT('',(-0.530088474015528,-2.29123661379431,1.12059115626484));
#15686=CARTESIAN_POINT('',(-0.304417182378957,-2.29123661379431,1.12059115626484));
#15687=VECTOR('',#19307,1.0);
#15688=CARTESIAN_POINT('',(-0.642920655216068,-2.29123661379431,0.925160085696686));
#15689=VECTOR('',#19308,1.0);
#15690=CARTESIAN_POINT('',(-0.451348316535213,-2.29123661379431,0.905477046624595));
#15691=CARTESIAN_POINT('',(-0.530088474015528,-2.29123661379431,1.04185899997648));
#15692=CARTESIAN_POINT('',(-0.26241154074658,-2.29123661379431,0.578228951540431));
#15693=VECTOR('',#19309,1.0);
#15694=CARTESIAN_POINT('',(-0.687568788976158,-2.29123661379431,1.04185899997648));
#15695=CARTESIAN_POINT('',(-0.304417182378957,-2.29123661379431,1.04185899997648));
#15696=VECTOR('',#19310,1.0);
#15697=CARTESIAN_POINT('',(-0.766308946456473,-2.29123661379431,0.905477046624595));
#15698=CARTESIAN_POINT('',(-0.803039997686664,-2.29123661379431,0.841856999678488));
#15699=VECTOR('',#19311,1.0);
#15700=CARTESIAN_POINT('',(-0.687568788976158,-2.29123661379431,0.769095093272714));
#15701=CARTESIAN_POINT('',(-0.498632013187525,-2.29123661379431,0.441846998188551));
#15702=VECTOR('',#19312,0.999999999999999);
#15703=CARTESIAN_POINT('',(-0.530088474015528,-2.29123661379431,0.769095093272714));
#15704=CARTESIAN_POINT('',(-0.304417182378957,-2.29123661379431,0.769095093272714));
#15705=VECTOR('',#19313,1.0);
#15706=CARTESIAN_POINT('',(-0.56681952524572,-2.29123661379431,0.705475046326608));
#15707=VECTOR('',#19314,1.0);
#15708=CARTESIAN_POINT('',(-0.146936867418327,-2.29123661379431,0.729725014532558));
#15709=CARTESIAN_POINT('',(-0.225677024898642,-2.29123661379431,0.866106967884439));
#15710=CARTESIAN_POINT('',(-0.0341029539089147,-2.29123661379431,0.534290943517422));
#15711=VECTOR('',#19315,1.0);
#15712=CARTESIAN_POINT('',(-0.383157339859272,-2.29123661379431,0.866106967884439));
#15713=CARTESIAN_POINT('',(-0.152211457820514,-2.29123661379431,0.866106967884439));
#15714=VECTOR('',#19316,1.0);
#15715=CARTESIAN_POINT('',(-0.461897497339587,-2.29123661379431,0.729725014532558));
#15716=CARTESIAN_POINT('',(-0.498628548569779,-2.29123661379431,0.666104967586451));
#15717=VECTOR('',#19317,1.0);
#15718=CARTESIAN_POINT('',(-0.383157339859272,-2.29123661379431,0.593343061180678));
#15719=CARTESIAN_POINT('',(-0.27032342634986,-2.29123661379431,0.397908990165542));
#15720=VECTOR('',#19318,0.999999999999999);
#15721=CARTESIAN_POINT('',(-0.225677024898642,-2.29123661379431,0.593343061180678));
#15722=CARTESIAN_POINT('',(-0.152211457820514,-2.29123661379431,0.593343061180678));
#15723=VECTOR('',#19319,1.0);
#15724=CARTESIAN_POINT('',(-0.262408076128834,-2.29123661379431,0.529723014234571));
#15725=VECTOR('',#19320,1.0);
#15726=CARTESIAN_POINT('',(-0.146936867418327,-2.29123661379431,1.08122107752468));
#15727=CARTESIAN_POINT('',(-0.225677024898642,-2.29123661379431,1.21760303087656));
#15728=CARTESIAN_POINT('',(0.0419981760614341,-2.29123661379431,0.7539759828875));
#15729=VECTOR('',#19321,1.0);
#15730=CARTESIAN_POINT('',(-0.383157339859272,-2.29123661379431,1.21760303087656));
#15731=CARTESIAN_POINT('',(-0.152211457820514,-2.29123661379431,1.21760303087656));
#15732=VECTOR('',#19322,1.0);
#15733=CARTESIAN_POINT('',(-0.461897497339587,-2.29123661379431,1.08122107752468));
#15734=CARTESIAN_POINT('',(-0.574729678540128,-2.29123661379431,0.885790006956529));
#15735=VECTOR('',#19323,1.0);
#15736=CARTESIAN_POINT('',(-0.194222296379511,-2.29123661379431,0.61759402953562));
#15737=VECTOR('',#19324,0.999999999999999);
#15738=CARTESIAN_POINT('',(-0.338509206099183,-2.29123661379431,0.749408053604649));
#15739=VECTOR('',#19325,1.0);
#15740=CARTESIAN_POINT('',(-0.146936867418327,-2.29123661379431,1.43271714051681));
#15741=CARTESIAN_POINT('',(-0.225677024898642,-2.29123661379431,1.56909909386869));
#15742=CARTESIAN_POINT('',(0.118099306031783,-2.29123661379431,0.973661022257579));
#15743=VECTOR('',#19326,1.0);
#15744=CARTESIAN_POINT('',(-0.383157339859272,-2.29123661379431,1.56909909386869));
#15745=CARTESIAN_POINT('',(-0.152211457820514,-2.29123661379431,1.56909909386869));
#15746=VECTOR('',#19327,1.0);
#15747=CARTESIAN_POINT('',(-0.461897497339587,-2.29123661379431,1.43271714051681));
#15748=CARTESIAN_POINT('',(-0.650830808510477,-2.29123661379431,1.10547504632661));
#15749=VECTOR('',#19328,1.0);
#15750=CARTESIAN_POINT('',(-0.383157339859272,-2.29123661379431,1.29633518716493));
#15751=CARTESIAN_POINT('',(-0.118121166409162,-2.29123661379431,0.837279068905699));
#15752=VECTOR('',#19329,0.999999999999999);
#15753=CARTESIAN_POINT('',(-0.225677024898642,-2.29123661379431,1.29633518716493));
#15754=CARTESIAN_POINT('',(-0.152211457820514,-2.29123661379431,1.29633518716493));
#15755=VECTOR('',#19330,1.0);
#15756=CARTESIAN_POINT('',(-0.414610336069532,-2.29123661379431,0.969093092974727));
#15757=VECTOR('',#19331,1.0);
#15758=CARTESIAN_POINT('',(0.157474581698559,-2.29123661379431,0.905469045432647));
#15759=CARTESIAN_POINT('',(0.0787344242182436,-2.29123661379431,1.04185099878453));
#15760=CARTESIAN_POINT('',(0.270306762899099,-2.29123661379431,0.710037974864492));
#15761=VECTOR('',#19332,1.0);
#15762=CARTESIAN_POINT('',(-0.0787458907423862,-2.29123661379431,1.04185099878453));
#15763=CARTESIAN_POINT('',(-5.73326207128698E-006,-2.29123661379431,1.04185099878453));
#15764=VECTOR('',#19333,1.0);
#15765=CARTESIAN_POINT('',(-0.157486048222701,-2.29123661379431,0.905469045432647));
#15766=CARTESIAN_POINT('',(-0.270318229423242,-2.29123661379431,0.710037974864492));
#15767=VECTOR('',#19334,1.0);
#15768=CARTESIAN_POINT('',(-0.0787458907423862,-2.29123661379431,0.769087092080766));
#15769=CARTESIAN_POINT('',(0.0340862904581541,-2.29123661379431,0.573656021512612));
#15770=VECTOR('',#19335,0.999999999999999);
#15771=CARTESIAN_POINT('',(0.0787344242182436,-2.29123661379431,0.769087092080766));
#15772=CARTESIAN_POINT('',(-5.73326207130022E-006,-2.29123661379431,0.769087092080766));
#15773=VECTOR('',#19336,1.0);
#15774=CARTESIAN_POINT('',(-0.0340977569822968,-2.29123661379431,0.573656021512612));
#15775=VECTOR('',#19337,1.0);
#15776=CARTESIAN_POINT('',(1.29636889494772,-2.29123661379431,1.04183254120877));
#15777=CARTESIAN_POINT('',(1.33573292860502,-2.29123661379431,0.973652034923482));
#15778=VECTOR('',#19338,1.0);
#15779=CARTESIAN_POINT('',(1.13888857998709,-2.29123661379431,1.04183254120877));
#15780=CARTESIAN_POINT('',(0.608811502102668,-2.29123661379431,1.04183254120877));
#15781=VECTOR('',#19339,1.0);
#15782=CARTESIAN_POINT('',(1.06014842250678,-2.29123661379431,0.905450587856892));
#15783=CARTESIAN_POINT('',(0.795115928647427,-2.29123661379431,0.446400842835808));
#15784=VECTOR('',#19340,1.0);
#15785=CARTESIAN_POINT('',(1.13888857998709,-2.29123661379431,0.769068634505011));
#15786=CARTESIAN_POINT('',(1.09951245616408,-2.29123661379431,0.837270081571601));
#15787=VECTOR('',#19341,0.999999999999999);
#15788=CARTESIAN_POINT('',(0.608811502102668,-2.29123661379431,0.769068634505011));
#15789=VECTOR('',#19342,1.0);
#15790=CARTESIAN_POINT('',(0.834477130870208,-2.29123661379431,0.866088510308686));
#15791=CARTESIAN_POINT('',(0.456605777544226,-2.29123661379431,0.866088510308686));
#15792=VECTOR('',#19343,1.0);
#15793=CARTESIAN_POINT('',(0.755736973389894,-2.29123661379431,0.729706556956805));
#15794=CARTESIAN_POINT('',(0.566805609500891,-2.29123661379431,0.402467835557768));
#15795=VECTOR('',#19344,1.0);
#15796=CARTESIAN_POINT('',(0.834477130870208,-2.29123661379431,0.593324603604924));
#15797=CARTESIAN_POINT('',(0.795102739356063,-2.29123661379431,0.661523050224533));
#15798=VECTOR('',#19345,0.999999999999999);
#15799=CARTESIAN_POINT('',(0.991957445830838,-2.29123661379431,0.593324603604924));
#15800=CARTESIAN_POINT('',(0.456605777544226,-2.29123661379431,0.593324603604924));
#15801=VECTOR('',#19346,1.0);
#15802=CARTESIAN_POINT('',(0.803026081941836,-2.29123661379431,0.266085882205888));
#15803=VECTOR('',#19347,1.0);
#15804=CARTESIAN_POINT('',(0.766286154194268,-2.29123661379431,0.905458589048842));
#15805=CARTESIAN_POINT('',(0.687545996713953,-2.29123661379431,1.04184054240072));
#15806=CARTESIAN_POINT('',(0.803014624959344,-2.29123661379431,0.841843011599422));
#15807=VECTOR('',#19348,1.0);
#15808=CARTESIAN_POINT('',(0.530065681753323,-2.29123661379431,1.04184054240072));
#15809=CARTESIAN_POINT('',(0.304400052985784,-2.29123661379431,1.04184054240072));
#15810=VECTOR('',#19349,1.0);
#15811=CARTESIAN_POINT('',(0.451325524273009,-2.29123661379431,0.905458589048842));
#15812=CARTESIAN_POINT('',(0.262394160384006,-2.29123661379431,0.578219867649805));
#15813=VECTOR('',#19350,1.0);
#15814=CARTESIAN_POINT('',(0.530065681753323,-2.29123661379431,0.769076635696961));
#15815=CARTESIAN_POINT('',(0.566794152518399,-2.29123661379431,0.705461058247542));
#15816=VECTOR('',#19351,0.999999999999999);
#15817=CARTESIAN_POINT('',(0.687545996713953,-2.29123661379431,0.769076635696961));
#15818=CARTESIAN_POINT('',(0.304400052985784,-2.29123661379431,0.769076635696961));
#15819=VECTOR('',#19352,1.0);
#15820=CARTESIAN_POINT('',(0.498614632824951,-2.29123661379431,0.441837914297925));
#15821=VECTOR('',#19353,1.0);
#15822=CARTESIAN_POINT('',(0.461874705077382,-2.29123661379431,1.08121062114088));
#15823=CARTESIAN_POINT('',(0.383134547597067,-2.29123661379431,1.21759257449276));
#15824=CARTESIAN_POINT('',(0.574706038121679,-2.29123661379431,0.885781019622431));
#15825=VECTOR('',#19354,1.0);
#15826=CARTESIAN_POINT('',(0.225654232636438,-2.29123661379431,1.21759257449276));
#15827=CARTESIAN_POINT('',(0.152194328427341,-2.29123661379431,1.21759257449276));
#15828=VECTOR('',#19355,1.0);
#15829=CARTESIAN_POINT('',(0.146914075156123,-2.29123661379431,1.08121062114088));
#15830=CARTESIAN_POINT('',(-0.0420172887328794,-2.29123661379431,0.753971899741842));
#15831=VECTOR('',#19356,1.0);
#15832=CARTESIAN_POINT('',(0.225654232636438,-2.29123661379431,0.944828667788998));
#15833=CARTESIAN_POINT('',(0.338485565680734,-2.29123661379431,0.749399066270551));
#15834=VECTOR('',#19357,0.999999999999999);
#15835=CARTESIAN_POINT('',(0.383134547597067,-2.29123661379431,0.944828667788998));
#15836=CARTESIAN_POINT('',(0.152194328427341,-2.29123661379431,0.944828667788998));
#15837=VECTOR('',#19358,1.0);
#15838=CARTESIAN_POINT('',(0.194203183708066,-2.29123661379431,0.617589946389962));
#15839=VECTOR('',#19359,1.0);
#15840=CARTESIAN_POINT('',(0.461874705077382,-2.29123661379431,1.432706684133));
#15841=CARTESIAN_POINT('',(0.383134547597067,-2.29123661379431,1.56908863748489));
#15842=CARTESIAN_POINT('',(0.650807168092028,-2.29123661379431,1.10546605899251));
#15843=VECTOR('',#19360,1.0);
#15844=CARTESIAN_POINT('',(0.225654232636438,-2.29123661379431,1.56908863748489));
#15845=CARTESIAN_POINT('',(0.152194328427341,-2.29123661379431,1.56908863748489));
#15846=VECTOR('',#19361,1.0);
#15847=CARTESIAN_POINT('',(0.146914075156123,-2.29123661379431,1.432706684133));
#15848=CARTESIAN_POINT('',(-0.118118418703228,-2.29123661379431,0.973656939111921));
#15849=VECTOR('',#19362,1.0);
#15850=CARTESIAN_POINT('',(0.225654232636438,-2.29123661379431,1.29632473078112));
#15851=CARTESIAN_POINT('',(0.414586695651083,-2.29123661379431,0.969084105640629));
#15852=VECTOR('',#19363,0.999999999999999);
#15853=CARTESIAN_POINT('',(0.383134547597067,-2.29123661379431,1.29632473078112));
#15854=CARTESIAN_POINT('',(0.152194328427341,-2.29123661379431,1.29632473078112));
#15855=VECTOR('',#19364,1.0);
#15856=CARTESIAN_POINT('',(0.118102053737717,-2.29123661379431,0.83727498576004));
#15857=VECTOR('',#19365,1.0);
#15858=CARTESIAN_POINT('',(0.766286154194268,-2.29123661379431,1.25695465204097));
#15859=CARTESIAN_POINT('',(0.687545996713953,-2.29123661379431,1.39333660539285));
#15860=CARTESIAN_POINT('',(0.879115754929693,-2.29123661379431,1.0615280509695));
#15861=VECTOR('',#19366,1.0);
#15862=CARTESIAN_POINT('',(0.530065681753323,-2.29123661379431,1.39333660539285));
#15863=CARTESIAN_POINT('',(0.304400052985784,-2.29123661379431,1.39333660539285));
#15864=VECTOR('',#19367,1.0);
#15865=CARTESIAN_POINT('',(0.451325524273009,-2.29123661379431,1.25695465204097));
#15866=CARTESIAN_POINT('',(0.186293030413657,-2.29123661379431,0.797904907019883));
#15867=VECTOR('',#19368,1.0);
#15868=CARTESIAN_POINT('',(0.530065681753323,-2.29123661379431,1.12057269868909));
#15869=CARTESIAN_POINT('',(0.642895282488748,-2.29123661379431,0.925146097617621));
#15870=VECTOR('',#19369,0.999999999999999);
#15871=CARTESIAN_POINT('',(0.687545996713953,-2.29123661379431,1.12057269868909));
#15872=CARTESIAN_POINT('',(0.304400052985784,-2.29123661379431,1.12057269868909));
#15873=VECTOR('',#19370,1.0);
#15874=CARTESIAN_POINT('',(0.422513502854602,-2.29123661379431,0.661522953668003));
#15875=VECTOR('',#19371,1.0);
#15876=CARTESIAN_POINT('',(0.834477130870208,-2.29123661379431,1.56908063629294));
#15877=CARTESIAN_POINT('',(0.456605777544226,-2.29123661379431,1.56908063629294));
#15878=VECTOR('',#19372,1.0);
#15879=CARTESIAN_POINT('',(0.755736973389894,-2.29123661379431,1.43269868294106));
#15880=CARTESIAN_POINT('',(0.414603349560193,-2.29123661379431,0.841837914297925));
#15881=VECTOR('',#19373,1.0);
#15882=CARTESIAN_POINT('',(0.834477130870208,-2.29123661379431,1.29631672958918));
#15883=CARTESIAN_POINT('',(0.947304999296761,-2.29123661379431,1.10089312896469));
#15884=VECTOR('',#19374,0.999999999999999);
#15885=CARTESIAN_POINT('',(0.991957445830838,-2.29123661379431,1.29631672958918));
#15886=CARTESIAN_POINT('',(0.456605777544226,-2.29123661379431,1.29631672958918));
#15887=VECTOR('',#19375,1.0);
#15888=CARTESIAN_POINT('',(0.650823822001139,-2.29123661379431,0.705455960946045));
#15889=VECTOR('',#19376,1.0);
#15890=CARTESIAN_POINT('',(1.07069760331115,-2.29123661379431,1.08120261994893));
#15891=CARTESIAN_POINT('',(0.991957445830838,-2.29123661379431,1.21758457330081));
#15892=CARTESIAN_POINT('',(1.10742434176736,-2.29123661379431,1.01759004294649));
#15893=VECTOR('',#19377,1.0);
#15894=CARTESIAN_POINT('',(0.834477130870208,-2.29123661379431,1.21758457330081));
#15895=CARTESIAN_POINT('',(0.456605777544226,-2.29123661379431,1.21758457330081));
#15896=VECTOR('',#19378,1.0);
#15897=CARTESIAN_POINT('',(0.755736973389894,-2.29123661379431,1.08120261994893));
#15898=CARTESIAN_POINT('',(0.490704479530542,-2.29123661379431,0.622152874927846));
#15899=VECTOR('',#19379,1.0);
#15900=CARTESIAN_POINT('',(0.834477130870208,-2.29123661379431,0.94482066659705));
#15901=CARTESIAN_POINT('',(0.871203869326412,-2.29123661379431,0.881208089594611));
#15902=VECTOR('',#19380,0.999999999999999);
#15903=CARTESIAN_POINT('',(0.991957445830838,-2.29123661379431,0.94482066659705));
#15904=CARTESIAN_POINT('',(0.456605777544226,-2.29123661379431,0.94482066659705));
#15905=VECTOR('',#19381,1.0);
#15906=CARTESIAN_POINT('',(0.726924951971488,-2.29123661379431,0.485770921575966));
#15907=VECTOR('',#19382,1.0);
#15908=CARTESIAN_POINT('',(0.157474581698559,-2.29123661379431,1.25696510842477));
#15909=CARTESIAN_POINT('',(0.0787344242182436,-2.29123661379431,1.39334706177665));
#15910=CARTESIAN_POINT('',(0.346407892869448,-2.29123661379431,0.92972301423457));
#15911=VECTOR('',#19383,1.0);
#15912=CARTESIAN_POINT('',(-0.0787458907423862,-2.29123661379431,1.39334706177665));
#15913=CARTESIAN_POINT('',(-5.73326207127622E-006,-2.29123661379431,1.39334706177665));
#15914=VECTOR('',#19384,1.0);
#15915=CARTESIAN_POINT('',(-0.157486048222701,-2.29123661379431,1.25696510842477));
#15916=CARTESIAN_POINT('',(-0.346419359393591,-2.29123661379431,0.92972301423457));
#15917=VECTOR('',#19385,1.0);
#15918=CARTESIAN_POINT('',(-0.0787458907423862,-2.29123661379431,1.12058315507289));
#15919=CARTESIAN_POINT('',(0.110187420428503,-2.29123661379431,0.79334106088269));
#15920=VECTOR('',#19386,0.999999999999999);
#15921=CARTESIAN_POINT('',(0.0787344242182436,-2.29123661379431,1.12058315507289));
#15922=CARTESIAN_POINT('',(-5.73326207128946E-006,-2.29123661379431,1.12058315507289));
#15923=VECTOR('',#19387,1.0);
#15924=CARTESIAN_POINT('',(-0.110198886952646,-2.29123661379431,0.79334106088269));
#15925=VECTOR('',#19388,1.0);
#15926=CARTESIAN_POINT('',(-1.07072039557336,-2.29123661379431,1.43272514170876));
#15927=CARTESIAN_POINT('',(-1.1835525767739,-2.29123661379431,1.2372940711406));
#15928=VECTOR('',#19389,1.0);
#15929=CARTESIAN_POINT('',(-0.991980238093042,-2.29123661379431,1.29634318835688));
#15930=CARTESIAN_POINT('',(-0.650839470054839,-2.29123661379431,0.705470045581639));
#15931=VECTOR('',#19390,0.999999999999999);
#15932=CARTESIAN_POINT('',(-0.834499923132412,-2.29123661379431,1.29634318835688));
#15933=CARTESIAN_POINT('',(-0.456622906937399,-2.29123661379431,1.29634318835688));
#15934=VECTOR('',#19391,1.0);
#15935=CARTESIAN_POINT('',(-0.947332104332953,-2.29123661379431,1.10091211778872));
#15936=VECTOR('',#19392,1.0);
#15937=CARTESIAN_POINT('',(-0.755759765652097,-2.29123661379431,1.08122907871663));
#15938=CARTESIAN_POINT('',(-0.834499923132412,-2.29123661379431,1.21761103206851));
#15939=CARTESIAN_POINT('',(-0.490720127584243,-2.29123661379431,0.622166959563441));
#15940=VECTOR('',#19393,1.0);
#15941=CARTESIAN_POINT('',(-0.991980238093042,-2.29123661379431,1.21761103206851));
#15942=CARTESIAN_POINT('',(-0.456622906937399,-2.29123661379431,1.21761103206851));
#15943=VECTOR('',#19394,1.0);
#15944=CARTESIAN_POINT('',(-1.07072039557336,-2.29123661379431,1.08122907871663));
#15945=CARTESIAN_POINT('',(-1.10745144680355,-2.29123661379431,1.01760903177053));
#15946=VECTOR('',#19395,1.0);
#15947=CARTESIAN_POINT('',(-0.991980238093042,-2.29123661379431,0.944847125364753));
#15948=CARTESIAN_POINT('',(-0.726940600025188,-2.29123661379431,0.485785006211561));
#15949=VECTOR('',#19396,0.999999999999999);
#15950=CARTESIAN_POINT('',(-0.834499923132412,-2.29123661379431,0.944847125364753));
#15951=CARTESIAN_POINT('',(-0.456622906937399,-2.29123661379431,0.944847125364753));
#15952=VECTOR('',#19397,1.0);
#15953=CARTESIAN_POINT('',(-0.871230974362604,-2.29123661379431,0.881227078418645));
#15954=VECTOR('',#19398,1.0);
#15955=CARTESIAN_POINT('',(-0.755759765652097,-2.29123661379431,0.729733015724507));
#15956=CARTESIAN_POINT('',(-0.834499923132412,-2.29123661379431,0.866114969076388));
#15957=CARTESIAN_POINT('',(-0.566821257554592,-2.29123661379431,0.402481920193362));
#15958=VECTOR('',#19399,1.0);
#15959=CARTESIAN_POINT('',(-0.991980238093042,-2.29123661379431,0.866114969076388));
#15960=CARTESIAN_POINT('',(-0.456622906937399,-2.29123661379431,0.866114969076388));
#15961=VECTOR('',#19400,1.0);
#15962=CARTESIAN_POINT('',(-1.07072039557336,-2.29123661379431,0.729733015724507));
#15963=CARTESIAN_POINT('',(-1.0313503168332,-2.29123661379431,0.797923992400447));
#15964=VECTOR('',#19401,1.0);
#15965=CARTESIAN_POINT('',(-0.991980238093042,-2.29123661379431,0.593351062372627));
#15966=CARTESIAN_POINT('',(-0.803041729995537,-2.29123661379431,0.266099966841482));
#15967=VECTOR('',#19402,0.999999999999999);
#15968=CARTESIAN_POINT('',(-0.834499923132412,-2.29123661379431,0.593351062372627));
#15969=CARTESIAN_POINT('',(-0.456622906937399,-2.29123661379431,0.593351062372627));
#15970=VECTOR('',#19403,1.0);
#15971=CARTESIAN_POINT('',(-0.795129844392255,-2.29123661379431,0.661542039048567));
#15972=VECTOR('',#19404,1.0);
#15973=CARTESIAN_POINT('',(-1.06017121476898,-2.29123661379431,0.905485047816545));
#15974=CARTESIAN_POINT('',(-1.1389113722493,-2.29123661379431,1.04186700116843));
#15975=CARTESIAN_POINT('',(-0.795129844392255,-2.29123661379431,0.446419928216372));
#15976=VECTOR('',#19405,1.0);
#15977=CARTESIAN_POINT('',(-1.29639168720993,-2.29123661379431,1.04186700116843));
#15978=CARTESIAN_POINT('',(-0.608828631495841,-2.29123661379431,1.04186700116843));
#15979=VECTOR('',#19406,1.0);
#15980=CARTESIAN_POINT('',(-1.33576176595008,-2.29123661379431,0.973676024492484));
#15981=VECTOR('',#19407,1.0);
#15982=CARTESIAN_POINT('',(-1.1389113722493,-2.29123661379431,0.769103094464664));
#15983=CARTESIAN_POINT('',(-0.608828631495841,-2.29123661379431,0.769103094464664));
#15984=VECTOR('',#19408,1.0);
#15985=CARTESIAN_POINT('',(-1.09954129350914,-2.29123661379431,0.837294071140604));
#15986=VECTOR('',#19409,1.0);
#15987=CARTESIAN_POINT('',(-0.451348316535213,-2.29123661379431,0.553980983632469));
#15988=CARTESIAN_POINT('',(-0.530088474015528,-2.29123661379431,0.690362936984349));
#15989=CARTESIAN_POINT('',(-0.338512670716929,-2.29123661379431,0.358543912170352));
#15990=VECTOR('',#19410,1.0);
#15991=CARTESIAN_POINT('',(-0.687568788976158,-2.29123661379431,0.690362936984349));
#15992=CARTESIAN_POINT('',(-0.304417182378957,-2.29123661379431,0.690362936984349));
#15993=VECTOR('',#19411,1.0);
#15994=CARTESIAN_POINT('',(-0.766308946456473,-2.29123661379431,0.553980983632469));
#15995=CARTESIAN_POINT('',(-0.726938867716316,-2.29123661379431,0.622171960308409));
#15996=VECTOR('',#19412,1.0);
#15997=CARTESIAN_POINT('',(-0.687568788976158,-2.29123661379431,0.417599030280588));
#15998=CARTESIAN_POINT('',(-0.574733143157874,-2.29123661379431,0.222161958818472));
#15999=VECTOR('',#19413,0.999999999999999);
#16000=CARTESIAN_POINT('',(-0.530088474015528,-2.29123661379431,0.417599030280588));
#16001=CARTESIAN_POINT('',(-0.304417182378957,-2.29123661379431,0.417599030280588));
#16002=VECTOR('',#19414,1.0);
#16003=CARTESIAN_POINT('',(-0.490718395275371,-2.29123661379431,0.485790006956529));
#16004=VECTOR('',#19415,1.0);
#16005=CARTESIAN_POINT('',(-0.225677024898642,-2.29123661379431,0.514610904892313));
#16006=CARTESIAN_POINT('',(-0.110204083879264,-2.29123661379431,0.314605904147344));
#16007=VECTOR('',#19416,1.0);
#16008=CARTESIAN_POINT('',(-0.383157339859272,-2.29123661379431,0.514610904892313));
#16009=CARTESIAN_POINT('',(-0.152211457820514,-2.29123661379431,0.514610904892313));
#16010=VECTOR('',#19417,1.0);
#16011=CARTESIAN_POINT('',(-0.461897497339587,-2.29123661379431,0.378228951540432));
#16012=CARTESIAN_POINT('',(-0.42252741859943,-2.29123661379431,0.446419928216372));
#16013=VECTOR('',#19418,1.0);
#16014=CARTESIAN_POINT('',(-0.383157339859272,-2.29123661379431,0.241846998188551));
#16015=CARTESIAN_POINT('',(-0.346424556320209,-2.29123661379431,0.178223950795464));
#16016=VECTOR('',#19419,0.999999999999999);
#16017=CARTESIAN_POINT('',(-0.152211457820514,-2.29123661379431,0.241846998188551));
#16018=VECTOR('',#19420,1.0);
#16019=CARTESIAN_POINT('',(0.157474581698559,-2.29123661379431,0.553972982440521));
#16020=CARTESIAN_POINT('',(0.0787344242182436,-2.29123661379431,0.690354935792401));
#16021=CARTESIAN_POINT('',(0.19420563292875,-2.29123661379431,0.490352935494413));
#16022=VECTOR('',#19421,1.0);
#16023=CARTESIAN_POINT('',(-0.0787458907423862,-2.29123661379431,0.690354935792401));
#16024=CARTESIAN_POINT('',(-5.73326207129775E-006,-2.29123661379431,0.690354935792401));
#16025=VECTOR('',#19422,1.0);
#16026=CARTESIAN_POINT('',(-0.157486048222701,-2.29123661379431,0.553972982440521));
#16027=CARTESIAN_POINT('',(-0.194217099452893,-2.29123661379431,0.490352935494413));
#16028=VECTOR('',#19423,1.0);
#16029=CARTESIAN_POINT('',(-0.0420148395121949,-2.29123661379431,0.353970982142533));
#16030=VECTOR('',#19424,0.999999999999999);
#16031=CARTESIAN_POINT('',(0.0420033729880522,-2.29123661379431,0.353970982142533));
#16032=VECTOR('',#19425,1.0);
#16033=CARTESIAN_POINT('',(0.461874705077382,-2.29123661379431,0.729714558148753));
#16034=CARTESIAN_POINT('',(0.383134547597067,-2.29123661379431,0.866096511500634));
#16035=CARTESIAN_POINT('',(0.49860490815133,-2.29123661379431,0.666095980252353));
#16036=VECTOR('',#19426,1.0);
#16037=CARTESIAN_POINT('',(0.225654232636438,-2.29123661379431,0.866096511500634));
#16038=CARTESIAN_POINT('',(0.152194328427341,-2.29123661379431,0.866096511500634));
#16039=VECTOR('',#19427,1.0);
#16040=CARTESIAN_POINT('',(0.146914075156123,-2.29123661379431,0.729714558148753));
#16041=CARTESIAN_POINT('',(0.0340838412374694,-2.29123661379431,0.534286860371764));
#16042=VECTOR('',#19428,1.0);
#16043=CARTESIAN_POINT('',(0.225654232636438,-2.29123661379431,0.593332604796873));
#16044=CARTESIAN_POINT('',(0.262384435710385,-2.29123661379431,0.529714026900473));
#16045=VECTOR('',#19429,0.999999999999999);
#16046=CARTESIAN_POINT('',(0.383134547597067,-2.29123661379431,0.593332604796873));
#16047=CARTESIAN_POINT('',(0.152194328427341,-2.29123661379431,0.593332604796873));
#16048=VECTOR('',#19430,1.0);
#16049=CARTESIAN_POINT('',(0.270304313678414,-2.29123661379431,0.397904907019884));
#16050=VECTOR('',#19431,1.0);
#16051=CARTESIAN_POINT('',(0.766286154194268,-2.29123661379431,0.553962526056716));
#16052=CARTESIAN_POINT('',(0.687545996713953,-2.29123661379431,0.690344479408597));
#16053=CARTESIAN_POINT('',(0.726913494988995,-2.29123661379431,0.622157972229344));
#16054=VECTOR('',#19432,1.0);
#16055=CARTESIAN_POINT('',(0.530065681753323,-2.29123661379431,0.690344479408597));
#16056=CARTESIAN_POINT('',(0.304400052985784,-2.29123661379431,0.690344479408597));
#16057=VECTOR('',#19433,1.0);
#16058=CARTESIAN_POINT('',(0.451325524273009,-2.29123661379431,0.553962526056716));
#16059=CARTESIAN_POINT('',(0.338495290354355,-2.29123661379431,0.358534828279727));
#16060=VECTOR('',#19434,1.0);
#16061=CARTESIAN_POINT('',(0.530065681753323,-2.29123661379431,0.417580572704836));
#16062=CARTESIAN_POINT('',(0.49069302254805,-2.29123661379431,0.485776018877464));
#16063=VECTOR('',#19435,0.999999999999999);
#16064=CARTESIAN_POINT('',(0.687545996713953,-2.29123661379431,0.417580572704836));
#16065=CARTESIAN_POINT('',(0.304400052985784,-2.29123661379431,0.417580572704836));
#16066=VECTOR('',#19436,1.0);
#16067=CARTESIAN_POINT('',(0.5747157627953,-2.29123661379431,0.222152874927847));
#16068=VECTOR('',#19437,1.0);
#16069=CARTESIAN_POINT('',(1.37510905242804,-2.29123661379431,0.553954524864767));
#16070=CARTESIAN_POINT('',(1.29636889494772,-2.29123661379431,0.690336478216647));
#16071=CARTESIAN_POINT('',(1.25963179863467,-2.29123661379431,0.753966995553403));
#16072=VECTOR('',#19438,1.0);
#16073=CARTESIAN_POINT('',(1.13888857998709,-2.29123661379431,0.690336478216647));
#16074=CARTESIAN_POINT('',(0.608811502102668,-2.29123661379431,0.690336478216647));
#16075=VECTOR('',#19439,1.0);
#16076=CARTESIAN_POINT('',(0.871217058617776,-2.29123661379431,0.22671580346573));
#16077=VECTOR('',#19440,1.0);
#16078=CARTESIAN_POINT('',(1.29636889494772,-2.29123661379431,0.417572571512886));
#16079=CARTESIAN_POINT('',(0.608811502102668,-2.29123661379431,0.417572571512886));
#16080=VECTOR('',#19441,1.0);
#16081=CARTESIAN_POINT('',(1.10743753105872,-2.29123661379431,0.0903338501138499));
#16082=VECTOR('',#19442,1.0);
#16083=CARTESIAN_POINT('',(1.07069760331115,-2.29123661379431,0.378210493964679));
#16084=CARTESIAN_POINT('',(0.991957445830838,-2.29123661379431,0.51459244731656));
#16085=CARTESIAN_POINT('',(0.955222081826659,-2.29123661379431,0.578219964206335));
#16086=VECTOR('',#19443,1.0);
#16087=CARTESIAN_POINT('',(0.834477130870208,-2.29123661379431,0.51459244731656));
#16088=CARTESIAN_POINT('',(0.456605777544226,-2.29123661379431,0.51459244731656));
#16089=VECTOR('',#19444,1.0);
#16090=CARTESIAN_POINT('',(0.755736973389894,-2.29123661379431,0.378210493964679));
#16091=CARTESIAN_POINT('',(0.64290673947124,-2.29123661379431,0.182782796187689));
#16092=VECTOR('',#19445,1.0);
#16093=CARTESIAN_POINT('',(0.834477130870208,-2.29123661379431,0.241828540612798));
#16094=CARTESIAN_POINT('',(0.719001609385714,-2.29123661379431,0.441838010854455));
#16095=VECTOR('',#19446,0.999999999999999);
#16096=CARTESIAN_POINT('',(0.991957445830838,-2.29123661379431,0.241828540612798));
#16097=CARTESIAN_POINT('',(0.456605777544226,-2.29123661379431,0.241828540612798));
#16098=VECTOR('',#19447,1.0);
#16099=CARTESIAN_POINT('',(0.879127211912185,-2.29123661379431,0.0464008428358091));
#16100=VECTOR('',#19448,1.0);
#16101=CARTESIAN_POINT('',(0.383134547597067,-2.29123661379431,0.514600448508508));
#16102=CARTESIAN_POINT('',(0.422503778180981,-2.29123661379431,0.446410940882274));
#16103=VECTOR('',#19449,1.0);
#16104=CARTESIAN_POINT('',(0.152194328427341,-2.29123661379431,0.514600448508508));
#16105=VECTOR('',#19450,1.0);
#16106=CARTESIAN_POINT('',(0.225654232636438,-2.29123661379431,0.241836541804746));
#16107=CARTESIAN_POINT('',(0.186283305740036,-2.29123661379431,0.310028987530394));
#16108=VECTOR('',#19451,0.999999999999999);
#16109=CARTESIAN_POINT('',(0.152194328427341,-2.29123661379431,0.241836541804746));
#16110=VECTOR('',#19452,1.0);
#16111=CARTESIAN_POINT('',(1.41730389417037,-2.29123661379431,-1.10574922894576));
#16112=CARTESIAN_POINT('',(1.48916468475602,-2.29123661379431,-1.19514522410522));
#16113=AXIS2_PLACEMENT_3D('',#19453,#19454,#19455);
#16114=CARTESIAN_POINT('',(1.30609381861429,-2.29123661379431,-1.19514522410522));
#16115=AXIS2_PLACEMENT_3D('',#19456,#19457,#19458);
#16116=AXIS2_PLACEMENT_3D('',#19459,#19460,#19461);
#16117=COLOUR_RGB('',0.0,0.0,0.0);
#16118=CARTESIAN_POINT('',(-0.834499923132412,-2.40934685001479,0.944847125364753));
#16119=CARTESIAN_POINT('',(-0.834499923132412,-2.212496456314,0.944847125364753));
#16120=VECTOR('',#19462,1.0);
#16121=CARTESIAN_POINT('',(-0.755759765652097,-2.40934685001479,1.08122907871663));
#16122=CARTESIAN_POINT('',(-0.871230974362604,-2.40934685001479,0.881227078418645));
#16123=VECTOR('',#19463,1.0);
#16124=CARTESIAN_POINT('',(-0.755759765652097,-2.212496456314,1.08122907871663));
#16125=VECTOR('',#19464,1.0);
#16126=COLOUR_RGB('',0.0,0.0,0.0);
#16127=CARTESIAN_POINT('',(-0.687568788976158,-2.40934685001479,1.04185899997648));
#16128=CARTESIAN_POINT('',(-0.687568788976158,-2.212496456314,1.04185899997648));
#16129=VECTOR('',#19465,1.0);
#16130=CARTESIAN_POINT('',(-0.766308946456473,-2.40934685001479,0.905477046624595));
#16131=CARTESIAN_POINT('',(-0.803039997686664,-2.40934685001479,0.841856999678488));
#16132=VECTOR('',#19466,1.0);
#16133=CARTESIAN_POINT('',(-0.766308946456473,-2.212496456314,0.905477046624595));
#16134=VECTOR('',#19467,1.0);
#16135=COLOUR_RGB('',0.0,0.0,0.0);
#16136=CARTESIAN_POINT('',(-0.991980238093042,-2.40934685001479,1.29634318835688));
#16137=CARTESIAN_POINT('',(-0.991980238093042,-2.212496456314,1.29634318835688));
#16138=VECTOR('',#19468,1.0);
#16139=CARTESIAN_POINT('',(-0.834499923132412,-2.40934685001479,1.29634318835688));
#16140=CARTESIAN_POINT('',(-0.456622906937399,-2.40934685001479,1.29634318835688));
#16141=VECTOR('',#19469,1.0);
#16142=CARTESIAN_POINT('',(-0.834499923132412,-2.212496456314,1.29634318835688));
#16143=VECTOR('',#19470,1.0);
#16144=COLOUR_RGB('',0.0,0.0,0.0);
#16145=CARTESIAN_POINT('',(1.06320391314065,-2.69281141694392,-0.0779845636334323));
#16146=CARTESIAN_POINT('',(1.06320391314065,-2.49202401536912,-0.0779845636334323));
#16147=VECTOR('',#19471,1.0);
#16148=CARTESIAN_POINT('',(0.937295016119966,-2.69281141694392,-0.0258313908640292));
#16149=AXIS2_PLACEMENT_3D('',#19472,#19473,#19474);
#16150=CARTESIAN_POINT('',(0.937295016119966,-0.854361676174073,-0.0258313908640292));
#16151=VECTOR('',#19475,0.904555314533622);
#16152=COLOUR_RGB('',0.0,0.0,0.0);
#16153=CARTESIAN_POINT('',(1.25011342862382,-2.40934685001479,-1.35653515661321));
#16154=CARTESIAN_POINT('',(1.25508839823574,-2.40934685001479,-1.33795245526496));
#16155=CARTESIAN_POINT('',(1.48002937750181,-2.40934685001479,-0.49774409928445));
#16156=VECTOR('',#19476,0.999999999999999);
#16157=CARTESIAN_POINT('',(1.26220404380298,-2.3935935345906,-1.37228847203739));
#16158=CARTESIAN_POINT('',(1.04484310188926,-2.67680124802178,-1.08908075860621));
#16159=VECTOR('',#19477,1.0);
#16160=CARTESIAN_POINT('',(1.2727186575961,-2.39359881851872,-1.33299344296892));
#16161=CARTESIAN_POINT('',(1.34339525586993,-2.39363433575908,-1.06886210745104));
#16162=VECTOR('',#19478,1.0);
#16164=CARTESIAN_POINT('',(1.25508839823575,-2.40934685001478,-1.33795245526496));
#16165=CARTESIAN_POINT('',(1.26411252230171,-2.40125647972444,-1.33552890120224));
#16166=CARTESIAN_POINT('',(1.27271865759637,-2.39359881851848,-1.33299344296884));
#16173=COLOUR_RGB('',0.0,0.0,0.0);
#16174=CARTESIAN_POINT('',(-1.29639168720993,-2.40934685001479,-0.364129609508267));
#16175=CARTESIAN_POINT('',(-1.29639168720993,-2.212496456314,-0.364129609508267));
#16176=VECTOR('',#19479,1.0);
#16177=CARTESIAN_POINT('',(-1.37513184469024,-2.40934685001479,-0.500511562860148));
#16178=CARTESIAN_POINT('',(-1.0313503168332,-2.40934685001479,0.0949355100919054));
#16179=VECTOR('',#19480,0.999999999999999);
#16180=CARTESIAN_POINT('',(-1.37513184469024,-2.212496456314,-0.500511562860148));
#16181=VECTOR('',#19481,1.0);
#16182=COLOUR_RGB('',0.0,0.0,0.0);
#16183=CARTESIAN_POINT('',(-1.29639168720993,-2.40934685001479,0.338874875184173));
#16184=CARTESIAN_POINT('',(-1.29639168720993,-2.212496456314,0.338874875184173));
#16185=VECTOR('',#19482,1.0);
#16186=CARTESIAN_POINT('',(-1.18355950600939,-2.40934685001479,0.534305945752327));
#16187=VECTOR('',#19483,1.0);
#16188=COLOUR_RGB('',0.0,0.0,0.0);
#16189=CARTESIAN_POINT('',(1.29636889494772,-2.40934685001479,1.04183254120877));
#16190=CARTESIAN_POINT('',(1.29636889494772,-2.212496456314,1.04183254120877));
#16191=VECTOR('',#19484,1.0);
#16192=CARTESIAN_POINT('',(1.13888857998709,-2.40934685001479,1.04183254120877));
#16193=CARTESIAN_POINT('',(0.608811502102668,-2.40934685001479,1.04183254120877));
#16194=VECTOR('',#19485,1.0);
#16195=CARTESIAN_POINT('',(1.13888857998709,-2.212496456314,1.04183254120877));
#16196=VECTOR('',#19486,1.0);
#16197=COLOUR_RGB('',0.0,0.0,0.0);
#16198=CARTESIAN_POINT('',(-1.1389113722493,-2.40934685001479,1.3933710653525));
#16199=CARTESIAN_POINT('',(-1.06017121476898,-2.40934685001479,1.25698911200062));
#16200=CARTESIAN_POINT('',(-0.719026982113034,-2.40934685001479,0.66610996833142));
#16201=VECTOR('',#19487,1.0);
#16202=CARTESIAN_POINT('',(-1.1389113722493,-2.28297494032764,1.3933710653525));
#16203=VECTOR('',#19488,1.0);
#16204=CARTESIAN_POINT('',(-1.06017121476898,-2.28297494032764,1.25698911200062));
#16205=VECTOR('',#19489,1.0);
#16206=COLOUR_RGB('',0.0,0.0,0.0);
#16207=CARTESIAN_POINT('',(0.834477130870208,-2.40934685001479,1.56908063629294));
#16208=CARTESIAN_POINT('',(0.456605777544226,-2.40934685001479,1.56908063629294));
#16209=VECTOR('',#19490,1.0);
#16210=CARTESIAN_POINT('',(0.834477130870208,-2.212496456314,1.56908063629294));
#16211=VECTOR('',#19491,1.0);
#16212=COLOUR_RGB('',0.0,0.0,0.0);
#16213=CARTESIAN_POINT('',(0.383134547597067,-2.40934685001479,0.514600448508508));
#16214=CARTESIAN_POINT('',(0.422503778180981,-2.40934685001479,0.446410940882274));
#16215=VECTOR('',#19492,1.0);
#16216=CARTESIAN_POINT('',(0.383134547597067,-2.212496456314,0.514600448508508));
#16217=VECTOR('',#19493,1.0);
#16218=COLOUR_RGB('',0.0,0.0,0.0);
#16219=CARTESIAN_POINT('',(-1.29639168720993,-2.40934685001479,-0.636893516212028));
#16220=CARTESIAN_POINT('',(-1.29639168720993,-2.212496456314,-0.636893516212028));
#16221=VECTOR('',#19494,1.0);
#16222=CARTESIAN_POINT('',(-1.1389113722493,-2.40934685001479,-0.636893516212028));
#16223=CARTESIAN_POINT('',(-0.608828631495841,-2.40934685001479,-0.636893516212028));
#16224=VECTOR('',#19495,1.0);
#16225=CARTESIAN_POINT('',(-1.1389113722493,-2.212496456314,-0.636893516212028));
#16226=VECTOR('',#19496,1.0);
#16227=COLOUR_RGB('',0.0,0.0,0.0);
#16228=CARTESIAN_POINT('',(-0.0787458907423862,-2.40934685001479,0.769087092080766));
#16229=CARTESIAN_POINT('',(-0.0787458907423862,-2.212496456314,0.769087092080766));
#16230=VECTOR('',#19497,1.0);
#16231=CARTESIAN_POINT('',(0.0787344242182436,-2.40934685001479,0.769087092080766));
#16232=CARTESIAN_POINT('',(-5.73326207130022E-006,-2.40934685001479,0.769087092080766));
#16233=VECTOR('',#19498,1.0);
#16234=CARTESIAN_POINT('',(0.0787344242182436,-2.212496456314,0.769087092080766));
#16235=VECTOR('',#19499,1.0);
#16236=COLOUR_RGB('',0.0,0.0,0.0);
#16237=CARTESIAN_POINT('',(-1.06017121476898,-2.40934685001479,-0.500511562860148));
#16238=CARTESIAN_POINT('',(-0.795129844392255,-2.40934685001479,-0.0414464432599748));
#16239=VECTOR('',#19500,1.0);
#16240=CARTESIAN_POINT('',(-1.06017121476898,-2.212496456314,-0.500511562860148));
#16241=VECTOR('',#19501,1.0);
#16242=COLOUR_RGB('',0.0,0.0,0.0);
#16243=CARTESIAN_POINT('',(-0.383157339859272,-2.40934685001479,0.593343061180678));
#16244=CARTESIAN_POINT('',(-0.383157339859272,-2.212496456314,0.593343061180678));
#16245=VECTOR('',#19502,1.0);
#16246=CARTESIAN_POINT('',(-0.225677024898642,-2.40934685001479,0.593343061180678));
#16247=CARTESIAN_POINT('',(-0.152211457820514,-2.40934685001479,0.593343061180678));
#16248=VECTOR('',#19503,1.0);
#16249=CARTESIAN_POINT('',(-0.225677024898642,-2.212496456314,0.593343061180678));
#16250=VECTOR('',#19504,1.0);
#16251=COLOUR_RGB('',0.0,0.0,0.0);
#16252=CARTESIAN_POINT('',(-0.521074925273739,-2.40934685001479,-1.08272565867785));
#16253=CARTESIAN_POINT('',(-0.521074925273739,-0.955569393221574,-1.08272565867785));
#16254=VECTOR('',#19505,1.0);
#16255=CARTESIAN_POINT('',(-0.456169458912063,-2.40934685001479,-1.19514522410522));
#16256=CARTESIAN_POINT('',(-0.456169458912063,-2.28139409410927,-1.19514522410522));
#16257=VECTOR('',#19506,1.0);
#16258=CARTESIAN_POINT('',(-0.719021785186417,-2.40934685001479,-0.739871640110367));
#16259=VECTOR('',#19507,1.0);
#16260=COLOUR_RGB('',0.0,0.0,0.0);
#16261=CARTESIAN_POINT('',(0.687545996713953,-2.40934685001479,0.0661250685399264));
#16262=CARTESIAN_POINT('',(0.687545996713953,-2.212496456314,0.0661250685399264));
#16263=VECTOR('',#19508,1.0);
#16264=CARTESIAN_POINT('',(0.650812365018646,-2.40934685001479,0.00250055209713165));
#16265=VECTOR('',#19509,1.0);
#16266=COLOUR_RGB('',0.0,0.0,0.0);
#16267=CARTESIAN_POINT('',(0.530065681753323,-2.40934685001479,0.417580572704836));
#16268=CARTESIAN_POINT('',(0.530065681753323,-2.212496456314,0.417580572704836));
#16269=VECTOR('',#19510,1.0);
#16270=CARTESIAN_POINT('',(0.687545996713953,-2.40934685001479,0.417580572704836));
#16271=CARTESIAN_POINT('',(0.304400052985784,-2.40934685001479,0.417580572704836));
#16272=VECTOR('',#19511,1.0);
#16273=CARTESIAN_POINT('',(0.687545996713953,-2.212496456314,0.417580572704836));
#16274=VECTOR('',#19512,1.0);
#16275=COLOUR_RGB('',0.0,0.0,0.0);
#16276=CARTESIAN_POINT('',(0.687545996713953,-2.40934685001479,1.39333660539285));
#16277=CARTESIAN_POINT('',(0.687545996713953,-2.212496456314,1.39333660539285));
#16278=VECTOR('',#19513,1.0);
#16279=CARTESIAN_POINT('',(0.530065681753323,-2.40934685001479,1.39333660539285));
#16280=CARTESIAN_POINT('',(0.304400052985784,-2.40934685001479,1.39333660539285));
#16281=VECTOR('',#19514,1.0);
#16282=CARTESIAN_POINT('',(0.530065681753323,-2.212496456314,1.39333660539285));
#16283=VECTOR('',#19515,1.0);
#16284=COLOUR_RGB('',0.0,0.0,0.0);
#16285=CARTESIAN_POINT('',(0.766286154194268,-2.40934685001479,0.905458589048842));
#16286=CARTESIAN_POINT('',(0.766286154194268,-2.212496456314,0.905458589048842));
#16287=VECTOR('',#19516,1.0);
#16288=CARTESIAN_POINT('',(0.687545996713953,-2.40934685001479,1.04184054240072));
#16289=CARTESIAN_POINT('',(0.803014624959344,-2.40934685001479,0.841843011599422));
#16290=VECTOR('',#19517,1.0);
#16291=CARTESIAN_POINT('',(0.687545996713953,-2.212496456314,1.04184054240072));
#16292=VECTOR('',#19518,1.0);
#16293=COLOUR_RGB('',0.0,0.0,0.0);
#16294=CARTESIAN_POINT('',(-1.37513184469024,-2.40934685001479,0.553988984824419));
#16295=CARTESIAN_POINT('',(-1.37513184469024,-2.212496456314,0.553988984824419));
#16296=VECTOR('',#19519,1.0);
#16297=CARTESIAN_POINT('',(-1.29639168720993,-2.40934685001479,0.417607031472538));
#16298=CARTESIAN_POINT('',(-1.10745144680355,-2.40934685001479,0.0903529354944133));
#16299=VECTOR('',#19520,0.999999999999999);
#16300=CARTESIAN_POINT('',(-1.29639168720993,-2.212496456314,0.417607031472538));
#16301=VECTOR('',#19521,1.0);
#16302=COLOUR_RGB('',0.0,0.0,0.0);
#16303=CARTESIAN_POINT('',(1.26641792343403,-2.3502921785979,1.76151392549773));
#16304=CARTESIAN_POINT('',(1.41730389417036,-2.3502921785979,1.76151392549773));
#16305=CARTESIAN_POINT('',(1.04821720364504,-2.3502921785979,1.76151392549773));
#16306=VECTOR('',#19522,1.0);
#16307=CARTESIAN_POINT('',(1.27271865869014,-2.3502921785979,1.73796692891668));
#16308=CARTESIAN_POINT('',(1.29152665321484,-2.3502921785979,1.66767802377023));
#16309=VECTOR('',#19523,1.0);
#16310=AXIS2_PLACEMENT_3D('',#19524,#19525,#19526);
#16311=CARTESIAN_POINT('',(1.55903617763493,-2.3502921785979,1.46895327591106));
#16312=CARTESIAN_POINT('',(1.46539651851642,-2.3502921785979,1.49402798994504));
#16313=VECTOR('',#19527,0.999999999999999);
#16314=CARTESIAN_POINT('',(1.55903617763493,-2.3502921785979,1.61978164203316));
#16315=CARTESIAN_POINT('',(1.55903617763493,-2.3502921785979,1.25070373364309));
#16316=VECTOR('',#19528,1.0);
#16317=CARTESIAN_POINT('',(1.51752375292121,-2.3502921785979,1.72000150078401));
#16318=AXIS2_PLACEMENT_3D('',#19529,#19530,#19531);
#16319=AXIS2_PLACEMENT_3D('',#19532,#19533,#19534);
#16320=CARTESIAN_POINT('',(1.48916468475602,-2.3502921785979,1.60011870906162));
#16321=CARTESIAN_POINT('',(1.30609381917726,-2.3502921785979,1.60012588759199));
#16322=AXIS2_PLACEMENT_3D('',#19535,#19536,#19537);
#16323=AXIS2_PLACEMENT_3D('',#19538,#19539,#19540);
#16324=COLOUR_RGB('',0.0,0.0,0.0);
#16325=CARTESIAN_POINT('',(0.146914075156123,-2.40934685001479,0.729714558148753));
#16326=CARTESIAN_POINT('',(0.146914075156123,-2.212496456314,0.729714558148753));
#16327=VECTOR('',#19541,1.0);
#16328=CARTESIAN_POINT('',(0.225654232636438,-2.40934685001479,0.593332604796873));
#16329=CARTESIAN_POINT('',(0.262384435710385,-2.40934685001479,0.529714026900473));
#16330=VECTOR('',#19542,0.999999999999999);
#16331=CARTESIAN_POINT('',(0.225654232636438,-2.212496456314,0.593332604796873));
#16332=VECTOR('',#19543,1.0);
#16333=COLOUR_RGB('',0.0,0.0,0.0);
#16334=CARTESIAN_POINT('',(-1.29639168720993,-2.40934685001479,0.690370938176299));
#16335=CARTESIAN_POINT('',(-1.29639168720993,-2.212496456314,0.690370938176299));
#16336=VECTOR('',#19544,1.0);
#16337=CARTESIAN_POINT('',(-1.25966063597974,-2.40934685001479,0.753990985122405));
#16338=VECTOR('',#19545,1.0);
#16339=COLOUR_RGB('',0.0,0.0,0.0);
#16340=CARTESIAN_POINT('',(0.991957445830838,-2.40934685001479,0.94482066659705));
#16341=CARTESIAN_POINT('',(0.991957445830838,-2.212496456314,0.94482066659705));
#16342=VECTOR('',#19546,1.0);
#16343=CARTESIAN_POINT('',(1.07069760331115,-2.40934685001479,1.08120261994893));
#16344=CARTESIAN_POINT('',(0.726924951971488,-2.40934685001479,0.485770921575966));
#16345=VECTOR('',#19547,1.0);
#16346=CARTESIAN_POINT('',(1.07069760331115,-2.212496456314,1.08120261994893));
#16347=VECTOR('',#19548,1.0);
#16348=COLOUR_RGB('',0.0,0.0,0.0);
#16349=CARTESIAN_POINT('',(0.316690272583284,-2.40934685001479,-0.539855182832601));
#16350=CARTESIAN_POINT('',(0.316690272583284,-1.92580773797944,-0.539855182832601));
#16351=VECTOR('',#19549,1.0);
#16352=CARTESIAN_POINT('',(0.225654232636438,-2.40934685001479,-0.539855182832601));
#16353=CARTESIAN_POINT('',(0.152194328427341,-2.40934685001479,-0.539855182832601));
#16354=VECTOR('',#19550,1.0);
#16355=CARTESIAN_POINT('',(0.225654232636438,-2.212496456314,-0.539855182832601));
#16356=VECTOR('',#19551,1.0);
#16357=COLOUR_RGB('',0.0,0.0,0.0);
#16358=CARTESIAN_POINT('',(1.52865929278242,-2.33454414710183,1.73113704064522));
#16359=CARTESIAN_POINT('',(1.52865929278242,-2.29123661379431,1.73113704064522));
#16360=VECTOR('',#19552,1.0);
#16361=CARTESIAN_POINT('',(1.57478420913099,-2.33454414710183,1.61978164203316));
#16362=AXIS2_PLACEMENT_3D('',#19553,#19554,#19555);
#16363=CARTESIAN_POINT('',(1.57478420913099,-2.29123661379431,1.61978164203316));
#16364=VECTOR('',#19556,1.0);
#16365=COLOUR_RGB('',0.0,0.0,0.0);
#16366=CARTESIAN_POINT('',(-0.761487804079624,-2.40934685001479,-1.19514522410522));
#16367=CARTESIAN_POINT('',(-0.761487804079624,-2.28139409410927,-1.19514522410522));
#16368=VECTOR('',#19557,1.0);
#16369=CARTESIAN_POINT('',(-1.23368686892888E-005,-2.40934685001479,-1.19514522410522));
#16370=VECTOR('',#19558,1.0);
#16371=COLOUR_RGB('',0.0,0.0,0.0);
#16372=CARTESIAN_POINT('',(-0.230763003565045,-2.40934685001479,-0.812629545920167));
#16373=CARTESIAN_POINT('',(-0.230763003565045,-0.955569393221574,-0.812629545920167));
#16374=VECTOR('',#19559,1.0);
#16375=CARTESIAN_POINT('',(-0.225677024898642,-2.40934685001479,-0.812629545920167));
#16376=CARTESIAN_POINT('',(-0.152211457820514,-2.40934685001479,-0.812629545920167));
#16377=VECTOR('',#19560,1.0);
#16378=CARTESIAN_POINT('',(-0.225677024898642,-2.212496456314,-0.812629545920167));
#16379=VECTOR('',#19561,1.0);
#16380=COLOUR_RGB('',0.0,0.0,0.0);
#16381=CARTESIAN_POINT('',(0.152658058812034,-2.40934685001479,1.60011870906162));
#16382=CARTESIAN_POINT('',(0.152658058812034,-2.28139409410927,1.60011870906162));
#16383=VECTOR('',#19562,1.0);
#16384=CARTESIAN_POINT('',(0.0787344242182436,-2.40934685001479,1.47207921806502));
#16385=CARTESIAN_POINT('',(0.0787344242182436,-2.212496456314,1.47207921806502));
#16386=VECTOR('',#19563,1.0);
#16387=CARTESIAN_POINT('',(-0.186300016922995,-2.40934685001479,1.01302610025277));
#16388=VECTOR('',#19564,1.0);
#16389=COLOUR_RGB('',0.0,0.0,0.0);
#16390=CARTESIAN_POINT('',(-0.451348316535213,-2.40934685001479,0.553980983632469));
#16391=CARTESIAN_POINT('',(-0.451348316535213,-2.212496456314,0.553980983632469));
#16392=VECTOR('',#19565,1.0);
#16393=CARTESIAN_POINT('',(-0.530088474015528,-2.40934685001479,0.690362936984349));
#16394=CARTESIAN_POINT('',(-0.338512670716929,-2.40934685001479,0.358543912170352));
#16395=VECTOR('',#19566,1.0);
#16396=CARTESIAN_POINT('',(-0.530088474015528,-2.212496456314,0.690362936984349));
#16397=VECTOR('',#19567,1.0);
#16398=COLOUR_RGB('',0.0,0.0,0.0);
#16399=CARTESIAN_POINT('',(0.834477130870208,-2.40934685001479,0.51459244731656));
#16400=CARTESIAN_POINT('',(0.834477130870208,-2.212496456314,0.51459244731656));
#16401=VECTOR('',#19568,1.0);
#16402=CARTESIAN_POINT('',(0.755736973389894,-2.40934685001479,0.378210493964679));
#16403=CARTESIAN_POINT('',(0.64290673947124,-2.40934685001479,0.182782796187689));
#16404=VECTOR('',#19569,1.0);
#16405=CARTESIAN_POINT('',(0.755736973389894,-2.212496456314,0.378210493964679));
#16406=VECTOR('',#19570,1.0);
#16407=COLOUR_RGB('',0.0,0.0,0.0);
#16408=CARTESIAN_POINT('',(-0.383157339859272,-2.40934685001479,1.29633518716493));
#16409=CARTESIAN_POINT('',(-0.383157339859272,-2.212496456314,1.29633518716493));
#16410=VECTOR('',#19571,1.0);
#16411=CARTESIAN_POINT('',(-0.225677024898642,-2.40934685001479,1.29633518716493));
#16412=CARTESIAN_POINT('',(-0.152211457820514,-2.40934685001479,1.29633518716493));
#16413=VECTOR('',#19572,1.0);
#16414=CARTESIAN_POINT('',(-0.225677024898642,-2.212496456314,1.29633518716493));
#16415=VECTOR('',#19573,1.0);
#16416=COLOUR_RGB('',0.0,0.0,0.0);
#16417=CARTESIAN_POINT('',(-1.06017121476898,-2.40934685001479,0.202486742478199));
#16418=CARTESIAN_POINT('',(-1.06017121476898,-2.212496456314,0.202492921832292));
#16419=VECTOR('',#19574,1.0);
#16420=CARTESIAN_POINT('',(-1.1389113722493,-2.40934685001479,0.338874875184173));
#16421=CARTESIAN_POINT('',(-0.947332104332953,-2.40934685001479,0.00704984947621484));
#16422=VECTOR('',#19575,1.0);
#16423=CARTESIAN_POINT('',(-1.1389113722493,-2.212496456314,0.338874875184173));
#16424=VECTOR('',#19576,1.0);
#16425=COLOUR_RGB('',0.0,0.0,0.0);
#16426=CARTESIAN_POINT('',(0.991957445830838,-2.40934685001479,0.51459244731656));
#16427=CARTESIAN_POINT('',(0.991957445830838,-2.212496456314,0.51459244731656));
#16428=VECTOR('',#19577,1.0);
#16429=CARTESIAN_POINT('',(0.456605777544226,-2.40934685001479,0.51459244731656));
#16430=VECTOR('',#19578,1.0);
#16431=COLOUR_RGB('',0.0,0.0,0.0);
#16432=CARTESIAN_POINT('',(0.761475668303748,-2.40934685001479,-1.19514522410522));
#16433=CARTESIAN_POINT('',(0.761475668303748,-2.28139409410927,-1.19514522410522));
#16434=VECTOR('',#19579,1.0);
#16435=CARTESIAN_POINT('',(0.687545996713953,-2.40934685001479,-1.06709527672482));
#16436=CARTESIAN_POINT('',(0.346412372884253,-2.40934685001479,-0.476234508081685));
#16437=VECTOR('',#19580,1.0);
#16438=CARTESIAN_POINT('',(0.687545996713953,-2.212496456314,-1.06709527672482));
#16439=VECTOR('',#19581,1.0);
#16440=COLOUR_RGB('',0.0,0.0,0.0);
#16441=CARTESIAN_POINT('',(0.0787344242182436,-2.40934685001479,0.690354935792401));
#16442=CARTESIAN_POINT('',(0.0787344242182436,-2.212496456314,0.690354935792401));
#16443=VECTOR('',#19582,1.0);
#16444=CARTESIAN_POINT('',(-0.0787458907423862,-2.40934685001479,0.690354935792401));
#16445=CARTESIAN_POINT('',(-5.73326207129775E-006,-2.40934685001479,0.690354935792401));
#16446=VECTOR('',#19583,1.0);
#16447=CARTESIAN_POINT('',(-0.0787458907423862,-2.212496456314,0.690354935792401));
#16448=VECTOR('',#19584,1.0);
#16449=COLOUR_RGB('',0.0,0.0,0.0);
#16450=CARTESIAN_POINT('',(0.991957445830838,-2.40934685001479,0.593324603604924));
#16451=CARTESIAN_POINT('',(0.991957445830838,-2.212496456314,0.593324603604924));
#16452=VECTOR('',#19585,1.0);
#16453=CARTESIAN_POINT('',(0.803026081941836,-2.40934685001479,0.266085882205888));
#16454=VECTOR('',#19586,1.0);
#16455=COLOUR_RGB('',0.0,0.0,0.0);
#16456=CARTESIAN_POINT('',(0.157468910369657,-2.40934685001479,0.202486742478199));
#16457=CARTESIAN_POINT('',(0.157468910369657,-3.56137019983746,0.202486742478199));
#16458=VECTOR('',#19587,1.0);
#16459=CARTESIAN_POINT('',(0.0787344242182436,-2.40934685001479,0.0661146121561223));
#16460=CARTESIAN_POINT('',(0.0787344242182436,-2.212496456314,0.0661146121561223));
#16461=VECTOR('',#19588,1.0);
#16462=CARTESIAN_POINT('',(0.118104502958401,-2.40934685001479,0.134305588832063));
#16463=VECTOR('',#19589,1.0);
#16464=COLOUR_RGB('',0.0,0.0,0.0);
#16465=CARTESIAN_POINT('',(-0.242574027187093,-2.4880870074951,-1.0709146350558));
#16466=CARTESIAN_POINT('',(-0.242574027187093,-2.4880870074951,-0.392680642468707));
#16467=VECTOR('',#19590,1.0);
#16468=CARTESIAN_POINT('',(-0.230763003565045,-2.47627598387305,-1.08272565867785));
#16469=CARTESIAN_POINT('',(-0.230763003565045,-2.47627598387305,-1.08272565867785));
#16470=VECTOR('',#19591,1.0);
#16471=CARTESIAN_POINT('',(-0.230763003565045,-2.47627598387305,-0.392680642468707));
#16472=VECTOR('',#19592,1.0);
#16473=COLOUR_RGB('',0.0,0.0,0.0);
#16474=CARTESIAN_POINT('',(-1.26217609083215,-2.3935935345906,1.77726195699379));
#16475=CARTESIAN_POINT('',(-1.27270186484415,-2.39359881851872,1.73792451435359));
#16476=CARTESIAN_POINT('',(-1.34333765511947,-2.39363427761546,1.47394094933208));
#16477=VECTOR('',#19593,0.999999999999999);
#16478=CARTESIAN_POINT('',(-1.25507229925053,-2.40934685001479,1.74288215372594));
#16480=CARTESIAN_POINT('',(-1.25507229925053,-2.40934685001478,1.74288215372594));
#16481=CARTESIAN_POINT('',(-1.26409605951962,-2.40125649713521,1.74045926753399));
#16482=CARTESIAN_POINT('',(-1.27270186484443,-2.39359881851848,1.73792451435351));
#16489=CARTESIAN_POINT('',(-1.25008569936637,-2.40934685001479,1.7615086415696));
#16490=CARTESIAN_POINT('',(-1.48002292567366,-2.40934685001479,0.902622215926355));
#16491=VECTOR('',#19594,1.0);
#16492=CARTESIAN_POINT('',(-1.04480489725771,-2.67681984584801,1.49403564573638));
#16493=VECTOR('',#19595,1.0);
#16494=COLOUR_RGB('',0.0,0.0,0.0);
#16495=CARTESIAN_POINT('',(0.834477130870208,-2.40934685001479,0.163144944343599));
#16496=CARTESIAN_POINT('',(0.834477130870208,-2.212496456314,0.163144944343599));
#16497=VECTOR('',#19596,1.0);
#16498=CARTESIAN_POINT('',(0.755736973389894,-2.40934685001479,0.0267629909917184));
#16499=CARTESIAN_POINT('',(0.719001609385714,-2.40934685001479,-0.0368645258980574));
#16500=VECTOR('',#19597,0.999999999999999);
#16501=CARTESIAN_POINT('',(0.755736973389894,-2.212496456314,0.0267629909917184));
#16502=VECTOR('',#19598,1.0);
#16503=COLOUR_RGB('',0.0,0.0,0.0);
#16504=CARTESIAN_POINT('',(-1.1389113722493,-2.40934685001479,-0.715633673692343));
#16505=CARTESIAN_POINT('',(-1.29639168720993,-2.40934685001479,-0.715633673692343));
#16506=CARTESIAN_POINT('',(-0.608828631495841,-2.40934685001479,-0.715633673692343));
#16507=VECTOR('',#19599,1.0);
#16508=CARTESIAN_POINT('',(-1.29639168720993,-2.28297494032764,-0.715633673692343));
#16509=VECTOR('',#19600,1.0);
#16510=CARTESIAN_POINT('',(-1.1389113722493,-2.28297494032764,-0.715633673692343));
#16511=VECTOR('',#19601,1.0);
#16512=COLOUR_RGB('',0.0,0.0,0.0);
#16513=CARTESIAN_POINT('',(-1.2116112897973,-2.39359881851872,-1.19512315947687));
#16514=CARTESIAN_POINT('',(-1.2116112897973,-2.3502921785979,-1.19512315947687));
#16515=CARTESIAN_POINT('',(-1.2116112897973,-2.37194549855831,-1.19512315947687));
#16516=VECTOR('',#19602,1.0);
#16517=CARTESIAN_POINT('',(-1.27270186484415,-2.3502921785979,-1.33295102939719));
#16518=AXIS2_PLACEMENT_3D('',#19603,#19604,#19605);
#16519=CARTESIAN_POINT('',(-1.27270186484415,-2.39359881851872,-1.33295102939719));
#16520=CARTESIAN_POINT('',(-1.27270186484415,-2.40934729670813,-1.33295102939719));
#16521=VECTOR('',#19606,1.0);
#16522=AXIS2_PLACEMENT_3D('',#19607,#19608,#19609);
#16523=COLOUR_RGB('',0.0,0.0,0.0);
#16524=CARTESIAN_POINT('',(0.328501296205332,-2.4880870074951,-0.433385363182216));
#16525=CARTESIAN_POINT('',(0.316690272583284,-2.47627598387305,-0.445196386804263));
#16526=CARTESIAN_POINT('',(0.296955331330942,-2.45654104262071,-0.464931328056604));
#16527=VECTOR('',#19610,1.0);
#16528=CARTESIAN_POINT('',(0.316690272583284,-2.47627598387305,-1.03675428875885));
#16529=CARTESIAN_POINT('',(0.316690272583284,-2.47627598387305,-0.402436611664212));
#16530=VECTOR('',#19611,1.0);
#16531=CARTESIAN_POINT('',(0.328501296205332,-2.4880870074951,-1.0249432651368));
#16532=CARTESIAN_POINT('',(0.328501296205332,-2.4880870074951,-1.0249432651368));
#16533=VECTOR('',#19612,1.0);
#16534=CARTESIAN_POINT('',(0.328501296205332,-2.4880870074951,-0.402436611664212));
#16535=VECTOR('',#19613,1.0);
#16536=COLOUR_RGB('',0.0,0.0,0.0);
#16537=CARTESIAN_POINT('',(1.29636889494772,-2.40934685001479,-0.0125990865564887));
#16538=CARTESIAN_POINT('',(1.10743753105872,-2.40934685001479,0.314639634842547));
#16539=VECTOR('',#19614,1.0);
#16540=CARTESIAN_POINT('',(1.29636889494772,-2.212496456314,-0.0125990865564887));
#16541=VECTOR('',#19615,1.0);
#16542=COLOUR_RGB('',0.0,0.0,0.0);
#16543=CARTESIAN_POINT('',(-0.687568788976158,-2.40934685001479,0.338866873992223));
#16544=CARTESIAN_POINT('',(-0.304417182378957,-2.40934685001479,0.338866873992223));
#16545=VECTOR('',#19616,1.0);
#16546=CARTESIAN_POINT('',(-0.687568788976158,-2.212496456314,0.338866873992223));
#16547=VECTOR('',#19617,1.0);
#16548=COLOUR_RGB('',0.0,0.0,0.0);
#16549=CARTESIAN_POINT('',(1.26220404380298,-2.3935935345906,1.77726195699379));
#16550=CARTESIAN_POINT('',(-1.89404753072608E-005,-2.3935935345906,1.77726195699379));
#16551=VECTOR('',#19618,1.0);
#16552=CARTESIAN_POINT('',(1.25011342862382,-2.40934685001479,1.7615086415696));
#16553=CARTESIAN_POINT('',(-1.89404753072608E-005,-2.40934685001479,1.7615086415696));
#16554=VECTOR('',#19619,1.0);
#16555=CARTESIAN_POINT('',(1.04484310188926,-2.67680124802178,1.49405424356261));
#16556=VECTOR('',#19620,1.0);
#16557=COLOUR_RGB('',0.0,0.0,0.0);
#16558=CARTESIAN_POINT('',(0.461874705077382,-2.40934685001479,0.729714558148753));
#16559=CARTESIAN_POINT('',(0.461874705077382,-2.212496456314,0.729714558148753));
#16560=VECTOR('',#19621,1.0);
#16561=CARTESIAN_POINT('',(0.383134547597067,-2.40934685001479,0.866096511500634));
#16562=CARTESIAN_POINT('',(0.49860490815133,-2.40934685001479,0.666095980252353));
#16563=VECTOR('',#19622,1.0);
#16564=CARTESIAN_POINT('',(0.383134547597067,-2.212496456314,0.866096511500634));
#16565=VECTOR('',#19623,1.0);
#16566=COLOUR_RGB('',0.0,0.0,0.0);
#16567=CARTESIAN_POINT('',(-1.26217609083215,-2.3935935345906,-1.37228847203739));
#16568=CARTESIAN_POINT('',(-1.89404753072608E-005,-2.3935935345906,-1.37228847203739));
#16569=VECTOR('',#19624,1.0);
#16570=CARTESIAN_POINT('',(-1.25008569936637,-2.40934685001479,-1.35653515661321));
#16571=CARTESIAN_POINT('',(-1.89404753072608E-005,-2.40934685001479,-1.35653515661321));
#16572=VECTOR('',#19625,1.0);
#16573=CARTESIAN_POINT('',(-1.04480489725771,-2.67681984584801,-1.08906216077998));
#16574=VECTOR('',#19626,1.0);
#16575=COLOUR_RGB('',0.0,0.0,0.0);
#16576=CARTESIAN_POINT('',(0.991957445830838,-2.40934685001479,0.163144944343599));
#16577=CARTESIAN_POINT('',(0.991957445830838,-2.212496456314,0.163144944343599));
#16578=VECTOR('',#19627,1.0);
#16579=CARTESIAN_POINT('',(0.456605777544226,-2.40934685001479,0.163144944343599));
#16580=VECTOR('',#19628,1.0);
#16581=COLOUR_RGB('',0.0,0.0,0.0);
#16582=CARTESIAN_POINT('',(0.383134547597067,-2.40934685001479,0.593332604796873));
#16583=CARTESIAN_POINT('',(0.383134547597067,-2.212496456314,0.593332604796873));
#16584=VECTOR('',#19629,1.0);
#16585=CARTESIAN_POINT('',(0.270304313678414,-2.40934685001479,0.397904907019884));
#16586=VECTOR('',#19630,1.0);
#16587=COLOUR_RGB('',0.0,0.0,0.0);
#16588=CARTESIAN_POINT('',(-0.915209935929433,-2.47627598387305,-1.08272565867785));
#16589=CARTESIAN_POINT('',(0.0678395803789955,-2.47627598387305,-1.08272565867785));
#16590=VECTOR('',#19631,1.0);
#16591=CARTESIAN_POINT('',(-0.903398912307386,-2.4880870074951,-1.0709146350558));
#16592=CARTESIAN_POINT('',(0.0678395803789955,-2.4880870074951,-1.0709146350558));
#16593=VECTOR('',#19632,1.0);
#16594=CARTESIAN_POINT('',(-0.903398912307386,-2.4880870074951,-1.0709146350558));
#16595=VECTOR('',#19633,1.0);
#16596=COLOUR_RGB('',0.0,0.0,0.0);
#16597=CARTESIAN_POINT('',(-1.55907405858554,-2.3502921785979,-1.21480815707676));
#16598=CARTESIAN_POINT('',(-1.57482209008161,-2.33454414710183,-1.21480815707676));
#16599=CARTESIAN_POINT('',(-1.56694807433358,-2.34241816284986,-1.21480815707676));
#16600=VECTOR('',#19634,1.0);
#16601=CARTESIAN_POINT('',(-1.55907405858554,-2.3502921785979,-1.06394185714443));
#16602=CARTESIAN_POINT('',(-1.55907405858554,-2.3502921785979,-0.845713700215425));
#16603=VECTOR('',#19635,1.0);
#16604=CARTESIAN_POINT('',(-1.57482209008161,-2.33454414710183,-1.05972578668878));
#16605=CARTESIAN_POINT('',(-1.58428900876899,-2.32507722841445,-1.05719129873111));
#16606=VECTOR('',#19636,1.0);
#16607=CARTESIAN_POINT('',(-1.57482209008161,-2.33454414710183,-0.146894781692538));
#16608=VECTOR('',#19637,1.0);
#16609=COLOUR_RGB('',0.0,0.0,0.0);
#16610=CARTESIAN_POINT('',(0.152194328427341,-2.40934685001479,0.514600448508508));
#16611=VECTOR('',#19638,1.0);
#16612=COLOUR_RGB('',0.0,0.0,0.0);
#16613=CARTESIAN_POINT('',(-0.230763003565045,-0.621395345996825,-0.421574339560169));
#16614=VECTOR('',#19639,1.0);
#16615=CARTESIAN_POINT('',(-0.230763003565045,0.30135766987085,-1.08272565867785));
#16616=VECTOR('',#19640,1.25);
#16617=CARTESIAN_POINT('',(-0.230763003565045,-2.40934685001479,-0.891361702208532));
#16618=CARTESIAN_POINT('',(-0.230763003565045,-0.955569393221574,-0.891361702208532));
#16619=VECTOR('',#19641,1.0);
#16620=CARTESIAN_POINT('',(-0.230763003565045,-2.40934685001479,-0.269012636523629));
#16621=VECTOR('',#19642,1.0);
#16622=CARTESIAN_POINT('',(-0.230763003565045,-2.40934685001479,-0.539865639216406));
#16623=CARTESIAN_POINT('',(-0.230763003565045,-0.955569393221574,-0.539865639216406));
#16624=VECTOR('',#19643,1.0);
#16625=CARTESIAN_POINT('',(-0.230763003565045,-2.40934685001479,-0.461133482928042));
#16626=CARTESIAN_POINT('',(-0.230763003565045,-2.40934685001479,-0.269012636523629));
#16627=VECTOR('',#19644,1.0);
#16628=CARTESIAN_POINT('',(-0.230763003565045,-0.955569393221574,-0.461133482928042));
#16629=VECTOR('',#19645,1.0);
#16630=COLOUR_RGB('',0.0,0.0,0.0);
#16631=CARTESIAN_POINT('',(0.687545996713953,-2.40934685001479,1.47206876168121));
#16632=CARTESIAN_POINT('',(0.687545996713953,-2.212496456314,1.47206876168121));
#16633=VECTOR('',#19646,1.0);
#16634=CARTESIAN_POINT('',(0.761475668303748,-2.40934685001479,1.60011870906162));
#16635=CARTESIAN_POINT('',(0.346412372884253,-2.40934685001479,0.881207993038082));
#16636=VECTOR('',#19647,1.0);
#16637=CARTESIAN_POINT('',(0.761475668303748,-2.28139409410927,1.60011870906162));
#16638=VECTOR('',#19648,1.0);
#16639=COLOUR_RGB('',0.0,0.0,0.0);
#16640=CARTESIAN_POINT('',(1.07069760331115,-2.40934685001479,-1.02772519798466));
#16641=CARTESIAN_POINT('',(1.07069760331115,-2.212496456314,-1.02772519798466));
#16642=VECTOR('',#19649,1.0);
#16643=CARTESIAN_POINT('',(0.991957445830838,-2.40934685001479,-0.891343244632779));
#16644=CARTESIAN_POINT('',(0.650823822001139,-2.40934685001479,-0.300482475989647));
#16645=VECTOR('',#19650,1.0);
#16646=CARTESIAN_POINT('',(0.991957445830838,-2.212496456314,-0.891343244632779));
#16647=VECTOR('',#19651,1.0);
#16648=COLOUR_RGB('',0.0,0.0,0.0);
#16649=CARTESIAN_POINT('',(-0.0787458907423862,-2.40934685001479,-0.988373576820256));
#16650=CARTESIAN_POINT('',(-0.0787458907423862,-2.212496456314,-0.988373576820256));
#16651=VECTOR('',#19652,1.0);
#16652=CARTESIAN_POINT('',(0.0787344242182436,-2.40934685001479,-0.988373576820256));
#16653=CARTESIAN_POINT('',(-5.73326207127622E-006,-2.40934685001479,-0.988373576820256));
#16654=VECTOR('',#19653,1.0);
#16655=CARTESIAN_POINT('',(0.0787344242182436,-2.212496456314,-0.988373576820256));
#16656=VECTOR('',#19654,1.0);
#16657=COLOUR_RGB('',0.0,0.0,0.0);
#16658=CARTESIAN_POINT('',(0.316690272583284,-2.49989803111714,-0.421574339560168));
#16659=CARTESIAN_POINT('',(0.316690272583284,-2.19714057451194,-0.72433179616537));
#16660=VECTOR('',#19655,1.0);
#16661=CARTESIAN_POINT('',(0.865937292336192,-2.4880870074951,-0.433385363182215));
#16662=CARTESIAN_POINT('',(0.108276755440996,-2.4880870074951,-0.433385363182216));
#16663=VECTOR('',#19656,1.0);
#16664=CARTESIAN_POINT('',(0.877748315958239,-2.47627598387305,-0.445196386804263));
#16665=CARTESIAN_POINT('',(0.734502410933991,-2.6195218888973,-0.301950481780016));
#16666=VECTOR('',#19657,1.0);
#16667=CARTESIAN_POINT('',(0.877748315958239,-2.49989803111714,-0.421574339560168));
#16668=CARTESIAN_POINT('',(0.877748315958239,-2.19714057451194,-0.72433179616537));
#16669=VECTOR('',#19658,1.0);
#16670=CARTESIAN_POINT('',(0.108276755440996,-2.49989803111714,-0.421574339560168));
#16671=VECTOR('',#19659,1.0);
#16672=COLOUR_RGB('',0.0,0.0,0.0);
#16673=CARTESIAN_POINT('',(-0.383157339859272,-2.40934685001479,0.514610904892313));
#16674=CARTESIAN_POINT('',(-0.383157339859272,-2.212496456314,0.514610904892313));
#16675=VECTOR('',#19660,1.0);
#16676=CARTESIAN_POINT('',(-0.461897497339587,-2.40934685001479,0.378228951540432));
#16677=CARTESIAN_POINT('',(-0.42252741859943,-2.40934685001479,0.446419928216372));
#16678=VECTOR('',#19661,1.0);
#16679=CARTESIAN_POINT('',(-0.461897497339587,-2.212496456314,0.378228951540432));
#16680=VECTOR('',#19662,1.0);
#16681=COLOUR_RGB('',0.0,0.0,0.0);
#16682=CARTESIAN_POINT('',(-0.0787458907423862,-2.40934685001479,1.12058315507289));
#16683=CARTESIAN_POINT('',(-0.0787458907423862,-2.212496456314,1.12058315507289));
#16684=VECTOR('',#19663,1.0);
#16685=CARTESIAN_POINT('',(0.0787344242182436,-2.40934685001479,1.12058315507289));
#16686=CARTESIAN_POINT('',(-5.73326207128946E-006,-2.40934685001479,1.12058315507289));
#16687=VECTOR('',#19664,1.0);
#16688=CARTESIAN_POINT('',(0.0787344242182436,-2.212496456314,1.12058315507289));
#16689=VECTOR('',#19665,1.0);
#16690=COLOUR_RGB('',0.0,0.0,0.0);
#16691=CARTESIAN_POINT('',(-1.1389113722493,-2.40934685001479,0.0660986097722243));
#16692=CARTESIAN_POINT('',(-0.608828631495841,-2.40934685001479,0.0660986097722243));
#16693=VECTOR('',#19666,1.0);
#16694=CARTESIAN_POINT('',(-1.1389113722493,-2.212496456314,0.0660986097722243));
#16695=VECTOR('',#19667,1.0);
#16696=COLOUR_RGB('',0.0,0.0,0.0);
#16697=CARTESIAN_POINT('',(1.01478627141686,-2.40934685001479,-0.421574339560168));
#16698=CARTESIAN_POINT('',(1.01478627141686,-1.87832240908925,-0.421574339560168));
#16699=VECTOR('',#19668,1.0);
#16700=CARTESIAN_POINT('',(0.991957445830838,-2.40934685001479,-0.461115025352288));
#16701=CARTESIAN_POINT('',(0.991957445830838,-2.212496456314,-0.461115025352288));
#16702=VECTOR('',#19669,1.0);
#16703=CARTESIAN_POINT('',(1.03132321179701,-2.40934685001479,-0.392931518620016));
#16704=VECTOR('',#19670,1.0);
#16705=COLOUR_RGB('',0.0,0.0,0.0);
#16706=CARTESIAN_POINT('',(1.57478420913099,-2.39360649294039,-1.05976280223344));
#16707=CARTESIAN_POINT('',(1.53551660652172,-2.39359881851872,-1.0702778331028));
#16708=CARTESIAN_POINT('',(1.2715412461634,-2.39354722743366,-1.1409648340521));
#16709=VECTOR('',#19671,1.0);
#16710=CARTESIAN_POINT('',(1.53551660652172,-2.3502921785979,-1.0702778331028));
#16711=CARTESIAN_POINT('',(1.53551660652172,-2.40934729670813,-1.0702778331028));
#16712=VECTOR('',#19672,1.0);
#16713=CARTESIAN_POINT('',(1.55903617763493,-2.3502921785979,-1.06397979095466));
#16714=CARTESIAN_POINT('',(1.46539651851642,-2.3502921785979,-1.08905450498865));
#16715=VECTOR('',#19673,0.999999999999999);
#16716=CARTESIAN_POINT('',(1.57478420913099,-2.33454414710183,-1.05976280223344));
#16717=CARTESIAN_POINT('',(1.5842625922283,-2.32506576400453,-1.05722469233528));
#16718=VECTOR('',#19674,1.0);
#16719=CARTESIAN_POINT('',(1.57478420913099,-2.35029195525122,-1.05976280223344));
#16720=VECTOR('',#19675,1.0);
#16721=COLOUR_RGB('',0.0,0.0,0.0);
#16722=CARTESIAN_POINT('',(0.530065681753323,-2.40934685001479,1.12057269868909));
#16723=CARTESIAN_POINT('',(0.530065681753323,-2.212496456314,1.12057269868909));
#16724=VECTOR('',#19676,1.0);
#16725=CARTESIAN_POINT('',(0.687545996713953,-2.40934685001479,1.12057269868909));
#16726=CARTESIAN_POINT('',(0.304400052985784,-2.40934685001479,1.12057269868909));
#16727=VECTOR('',#19677,1.0);
#16728=CARTESIAN_POINT('',(0.687545996713953,-2.212496456314,1.12057269868909));
#16729=VECTOR('',#19678,1.0);
#16730=COLOUR_RGB('',0.0,0.0,0.0);
#16731=CARTESIAN_POINT('',(-1.34333765511947,-2.39363427761546,-1.06896746437568));
#16732=VECTOR('',#19679,0.999999999999999);
#16733=CARTESIAN_POINT('',(-1.25507229925053,-2.40934685001479,-1.33790866876954));
#16734=CARTESIAN_POINT('',(-1.48002292567366,-2.40934685001479,-0.497648730969957));
#16735=VECTOR('',#19680,1.0);
#16737=CARTESIAN_POINT('',(-1.25507229925053,-2.40934685001478,-1.33790866876954));
#16738=CARTESIAN_POINT('',(-1.26409605951962,-2.40125649713521,-1.33548578257759));
#16739=CARTESIAN_POINT('',(-1.27270186484443,-2.39359881851848,-1.33295102939711));
#16746=COLOUR_RGB('',0.0,0.0,0.0);
#16747=CARTESIAN_POINT('',(0.225654232636438,-2.40934685001479,0.241836541804746));
#16748=CARTESIAN_POINT('',(0.225654232636438,-2.212496456314,0.241836541804746));
#16749=VECTOR('',#19681,1.0);
#16750=CARTESIAN_POINT('',(0.152194328427341,-2.40934685001479,0.241836541804746));
#16751=VECTOR('',#19682,1.0);
#16752=COLOUR_RGB('',0.0,0.0,0.0);
#16753=CARTESIAN_POINT('',(-0.383157339859272,-2.40934685001479,0.866106967884439));
#16754=CARTESIAN_POINT('',(-0.383157339859272,-2.212496456314,0.866106967884439));
#16755=VECTOR('',#19683,1.0);
#16756=CARTESIAN_POINT('',(-0.461897497339587,-2.40934685001479,0.729725014532558));
#16757=CARTESIAN_POINT('',(-0.498628548569779,-2.40934685001479,0.666104967586451));
#16758=VECTOR('',#19684,1.0);
#16759=CARTESIAN_POINT('',(-0.461897497339587,-2.212496456314,0.729725014532558));
#16760=VECTOR('',#19685,1.0);
#16761=COLOUR_RGB('',0.0,0.0,0.0);
#16762=CARTESIAN_POINT('',(-0.687568788976158,-2.40934685001479,1.47208721925697));
#16763=CARTESIAN_POINT('',(-0.346429753246827,-2.40934685001479,0.881217076928707));
#16764=VECTOR('',#19686,0.999999999999999);
#16765=CARTESIAN_POINT('',(-0.687568788976158,-2.212496456314,1.47208721925697));
#16766=VECTOR('',#19687,1.0);
#16767=COLOUR_RGB('',0.0,0.0,0.0);
#16768=CARTESIAN_POINT('',(0.821809493181272,-2.26935338973999,-0.449730879562293));
#16769=VECTOR('',#19688,1.0);
#16770=CARTESIAN_POINT('',(0.372629095360252,-2.26935338973999,-0.449730879562293));
#16771=VECTOR('',#19689,1.0);
#16772=COLOUR_RGB('',0.0,0.0,0.0);
#16773=CARTESIAN_POINT('',(0.877748315958239,-1.59163369075469,-0.421574339560168));
#16774=VECTOR('',#19690,1.0);
#16775=CARTESIAN_POINT('',(0.877748315958239,-2.47627598387305,-1.03675428875885));
#16776=CARTESIAN_POINT('',(0.877748315958239,-2.47627598387305,-0.402436611664212));
#16777=VECTOR('',#19691,1.0);
#16778=CARTESIAN_POINT('',(0.877748315958239,-1.63911901964488,-1.03675428875885));
#16779=VECTOR('',#19692,1.24907063197026);
#16780=CARTESIAN_POINT('',(0.877748315958239,-2.40934685001479,-0.891343244632779));
#16781=CARTESIAN_POINT('',(0.877748315958239,-1.92580773797944,-0.891343244632779));
#16782=VECTOR('',#19693,1.0);
#16783=CARTESIAN_POINT('',(0.877748315958239,-2.40934685001479,-0.278768605719134));
#16784=VECTOR('',#19694,1.0);
#16785=CARTESIAN_POINT('',(0.877748315958239,-2.40934685001479,-0.539847181640652));
#16786=CARTESIAN_POINT('',(0.877748315958239,-1.92580773797944,-0.539847181640652));
#16787=VECTOR('',#19695,1.0);
#16788=CARTESIAN_POINT('',(0.877748315958239,-2.40934685001479,-0.461115025352288));
#16789=CARTESIAN_POINT('',(0.877748315958239,-2.40934685001479,-0.278768605719134));
#16790=VECTOR('',#19696,1.0);
#16791=CARTESIAN_POINT('',(0.877748315958239,-1.92580773797944,-0.461115025352288));
#16792=VECTOR('',#19697,1.0);
#16793=COLOUR_RGB('',0.0,0.0,0.0);
#16794=CARTESIAN_POINT('',(-0.846765242692994,-2.47627598387305,-0.466723419549897));
#16795=CARTESIAN_POINT('',(-0.846765242692994,-0.516857326030731,-0.466723419549897));
#16796=VECTOR('',#19698,1.0);
#16797=CARTESIAN_POINT('',(-0.846765242692994,-2.47627598387305,-1.01428096544141));
#16798=CARTESIAN_POINT('',(-0.846765242692994,-2.47627598387305,-0.392680642468707));
#16799=VECTOR('',#19699,1.0);
#16800=CARTESIAN_POINT('',(-0.846765242692994,-0.516857326030731,-1.01428096544141));
#16801=VECTOR('',#19700,1.0);
#16802=COLOUR_RGB('',0.0,0.0,0.0);
#16803=CARTESIAN_POINT('',(-0.154417661346196,-2.40934685001479,0.0137874182519439));
#16804=CARTESIAN_POINT('',(-0.154417661346196,-1.87832240908925,0.0137874182519439));
#16805=VECTOR('',#19701,1.0);
#16806=CARTESIAN_POINT('',(-0.146936867418327,-2.40934685001479,0.0267445334159653));
#16807=CARTESIAN_POINT('',(-0.110204083879264,-2.40934685001479,0.0903675808090536));
#16808=VECTOR('',#19702,1.0);
#16809=CARTESIAN_POINT('',(-0.146936867418327,-2.212496456314,0.0267445334159653));
#16810=VECTOR('',#19703,1.0);
#16811=COLOUR_RGB('',0.0,0.0,0.0);
#16812=CARTESIAN_POINT('',(-1.26638989349791,-2.3502921785979,-1.35654044054133));
#16813=CARTESIAN_POINT('',(-1.29145165182677,-2.3502921785979,-1.2628783991941));
#16814=VECTOR('',#19704,0.999999999999999);
#16815=CARTESIAN_POINT('',(-1.26217609083215,-2.33454414710183,-1.37228847203739));
#16816=CARTESIAN_POINT('',(-1.25965017527331,-2.32510417068808,-1.38172844845114));
#16817=VECTOR('',#19705,1.0);
#16818=CARTESIAN_POINT('',(-1.26217609083215,-2.35029195525122,-1.37228847203739));
#16819=VECTOR('',#19706,1.0);
#16820=COLOUR_RGB('',0.0,0.0,0.0);
#16821=CARTESIAN_POINT('',(0.937295016119966,-2.69281141694392,-0.0258313908640292));
#16822=VECTOR('',#19707,1.0);
#16823=CARTESIAN_POINT('',(-0.937267286862507,-2.69281141694392,-0.0258313908640293));
#16824=CARTESIAN_POINT('',(-0.937267286862507,-2.69281141694392,-0.0258313908640293));
#16825=VECTOR('',#19708,1.0);
#16826=CARTESIAN_POINT('',(0.492139845262728,-2.69281141694392,-0.0258313908640292));
#16827=VECTOR('',#19709,1.0);
#16828=COLOUR_RGB('',0.0,0.0,0.0);
#16829=CARTESIAN_POINT('',(-0.687568788976158,-2.40934685001479,1.12059115626484));
#16830=CARTESIAN_POINT('',(-0.687568788976158,-2.212496456314,1.12059115626484));
#16831=VECTOR('',#19710,1.0);
#16832=CARTESIAN_POINT('',(-0.530088474015528,-2.40934685001479,1.12059115626484));
#16833=CARTESIAN_POINT('',(-0.304417182378957,-2.40934685001479,1.12059115626484));
#16834=VECTOR('',#19711,1.0);
#16835=CARTESIAN_POINT('',(-0.530088474015528,-2.212496456314,1.12059115626484));
#16836=VECTOR('',#19712,1.0);
#16837=COLOUR_RGB('',0.0,0.0,0.0);
#16838=CARTESIAN_POINT('',(-0.152669525336177,-2.40934685001479,1.60011870906162));
#16839=CARTESIAN_POINT('',(-0.152669525336177,-2.28139409410927,1.60011870906162));
#16840=VECTOR('',#19713,1.0);
#16841=CARTESIAN_POINT('',(-0.0787458907423862,-2.40934685001479,1.47207921806502));
#16842=CARTESIAN_POINT('',(0.186288550398852,-2.40934685001479,1.01302610025277));
#16843=VECTOR('',#19714,0.999999999999999);
#16844=CARTESIAN_POINT('',(-0.0787458907423862,-2.212496456314,1.47207921806502));
#16845=VECTOR('',#19715,1.0);
#16846=COLOUR_RGB('',0.0,0.0,0.0);
#16847=CARTESIAN_POINT('',(0.834477130870208,-2.40934685001479,-1.16410715133654));
#16848=CARTESIAN_POINT('',(0.834477130870208,-2.212496456314,-1.16410715133654));
#16849=VECTOR('',#19716,1.0);
#16850=CARTESIAN_POINT('',(0.991957445830838,-2.40934685001479,-1.16410715133654));
#16851=CARTESIAN_POINT('',(0.456605777544226,-2.40934685001479,-1.16410715133654));
#16852=VECTOR('',#19717,1.0);
#16853=CARTESIAN_POINT('',(0.991957445830838,-2.212496456314,-1.16410715133654));
#16854=VECTOR('',#19718,1.0);
#16855=COLOUR_RGB('',0.0,0.0,0.0);
#16856=CARTESIAN_POINT('',(-1.11532935665259,-2.69281141694392,-0.203893460654112));
#16857=CARTESIAN_POINT('',(-1.12123486846361,-2.69871692875494,-0.203893460654112));
#16858=VECTOR('',#19719,1.0);
#16859=AXIS2_PLACEMENT_3D('',#19720,#19721,#19722);
#16860=COLOUR_RGB('',0.0,0.0,0.0);
#16861=CARTESIAN_POINT('',(1.13888857998709,-2.40934685001479,0.0661330697318763));
#16862=CARTESIAN_POINT('',(1.13888857998709,-2.212496456314,0.0661330697318763));
#16863=VECTOR('',#19723,1.0);
#16864=CARTESIAN_POINT('',(1.29636889494772,-2.40934685001479,0.0661330697318763));
#16865=CARTESIAN_POINT('',(0.608811502102668,-2.40934685001479,0.0661330697318763));
#16866=VECTOR('',#19724,1.0);
#16867=CARTESIAN_POINT('',(1.29636889494772,-2.212496456314,0.0661330697318763));
#16868=VECTOR('',#19725,1.0);
#16869=COLOUR_RGB('',0.0,0.0,0.0);
#16870=CARTESIAN_POINT('',(0.157474581698559,-2.40934685001479,0.553972982440521));
#16871=CARTESIAN_POINT('',(0.157474581698559,-2.212496456314,0.553972982440521));
#16872=VECTOR('',#19726,1.0);
#16873=CARTESIAN_POINT('',(0.19420563292875,-2.40934685001479,0.490352935494413));
#16874=VECTOR('',#19727,1.0);
#16875=COLOUR_RGB('',0.0,0.0,0.0);
#16876=CARTESIAN_POINT('',(0.456605777544226,-2.40934685001479,-0.461115025352288));
#16877=VECTOR('',#19728,1.0);
#16878=COLOUR_RGB('',0.0,0.0,0.0);
#16879=CARTESIAN_POINT('',(-0.834499923132412,-2.40934685001479,0.2418549993805));
#16880=CARTESIAN_POINT('',(-0.834499923132412,-2.212496456314,0.2418549993805));
#16881=VECTOR('',#19729,1.0);
#16882=CARTESIAN_POINT('',(-0.755759765652097,-2.40934685001479,0.378236952732381));
#16883=CARTESIAN_POINT('',(-0.719028714421906,-2.40934685001479,0.441856999678488));
#16884=VECTOR('',#19730,1.0);
#16885=CARTESIAN_POINT('',(-0.755759765652097,-2.212496456314,0.378236952732381));
#16886=VECTOR('',#19731,1.0);
#16887=COLOUR_RGB('',0.0,0.0,0.0);
#16888=CARTESIAN_POINT('',(0.451337232597914,-2.40934685001479,0.202486742478199));
#16889=CARTESIAN_POINT('',(0.451337232597914,-3.56137019983746,0.202486742478199));
#16890=VECTOR('',#19732,1.0);
#16891=CARTESIAN_POINT('',(0.530065681753323,-2.40934685001479,0.338848416416471));
#16892=CARTESIAN_POINT('',(0.530065681753323,-2.212496456314,0.338848416416471));
#16893=VECTOR('',#19733,1.0);
#16894=CARTESIAN_POINT('',(0.414596420324704,-2.40934685001479,0.138849788909648));
#16895=VECTOR('',#19734,1.0);
#16896=COLOUR_RGB('',0.0,0.0,0.0);
#16897=CARTESIAN_POINT('',(1.06014842250678,-2.40934685001479,-0.851973165892621));
#16898=CARTESIAN_POINT('',(1.06014842250678,-2.212496456314,-0.851973165892621));
#16899=VECTOR('',#19735,1.0);
#16900=CARTESIAN_POINT('',(1.13888857998709,-2.40934685001479,-0.988355119244501));
#16901=CARTESIAN_POINT('',(0.719014798677078,-2.40934685001479,-0.26111239724949));
#16902=VECTOR('',#19736,1.0);
#16903=CARTESIAN_POINT('',(1.13888857998709,-2.212496456314,-0.988355119244501));
#16904=VECTOR('',#19737,1.0);
#16905=COLOUR_RGB('',0.0,0.0,0.0);
#16906=CARTESIAN_POINT('',(1.13888857998709,-2.40934685001479,0.338840415224521));
#16907=CARTESIAN_POINT('',(0.608811502102668,-2.40934685001479,0.338840415224521));
#16908=VECTOR('',#19738,1.0);
#16909=CARTESIAN_POINT('',(1.13888857998709,-2.212496456314,0.338840415224521));
#16910=VECTOR('',#19739,1.0);
#16911=COLOUR_RGB('',0.0,0.0,0.0);
#16912=CARTESIAN_POINT('',(-0.834499923132412,-2.40934685001479,0.163118485575897));
#16913=CARTESIAN_POINT('',(-0.834499923132412,-2.212496456314,0.163118485575897));
#16914=VECTOR('',#19740,1.0);
#16915=CARTESIAN_POINT('',(-0.991980238093042,-2.40934685001479,0.163118485575897));
#16916=CARTESIAN_POINT('',(-0.456622906937399,-2.40934685001479,0.163118485575897));
#16917=VECTOR('',#19741,1.0);
#16918=CARTESIAN_POINT('',(-0.991980238093042,-2.212496456314,0.163118485575897));
#16919=VECTOR('',#19742,1.0);
#16920=COLOUR_RGB('',0.0,0.0,0.0);
#16921=CARTESIAN_POINT('',(0.157474581698559,-2.40934685001479,-0.851991623468375));
#16922=CARTESIAN_POINT('',(0.346407892869448,-2.40934685001479,-0.524749529278173));
#16923=VECTOR('',#19743,1.0);
#16924=CARTESIAN_POINT('',(0.157474581698559,-2.212496456314,-0.851991623468375));
#16925=VECTOR('',#19744,1.0);
#16926=COLOUR_RGB('',0.0,0.0,0.0);
#16927=CARTESIAN_POINT('',(-1.18365522378265,-2.40934685001479,-0.364129609508267));
#16928=AXIS2_PLACEMENT_3D('',#19745,#19746,#19747);
#16929=CARTESIAN_POINT('',(-1.18365522378265,-2.35029173190455,-0.364129609508267));
#16930=VECTOR('',#19748,1.0);
#16931=CARTESIAN_POINT('',(-1.11402752898939,-2.40934685001479,-0.407229690322007));
#16932=CARTESIAN_POINT('',(-1.11402752898939,-2.35029173190455,-0.407229690322007));
#16933=VECTOR('',#19749,1.0);
#16934=CARTESIAN_POINT('',(-1.03631432041918,-2.40934685001479,-0.421574339560169));
#16935=AXIS2_PLACEMENT_3D('',#19750,#19751,#19752);
#16936=CARTESIAN_POINT('',(-1.03631432041918,-1.5441483618645,-0.421574339560169));
#16937=VECTOR('',#19753,1.10581887201735);
#16938=COLOUR_RGB('',0.0,0.0,0.0);
#16939=CARTESIAN_POINT('',(-1.07072039557336,-2.40934685001479,-0.676255593760236));
#16940=CARTESIAN_POINT('',(-1.07072039557336,-2.212496456314,-0.676255593760236));
#16941=VECTOR('',#19754,1.0);
#16942=CARTESIAN_POINT('',(-1.10745144680355,-2.40934685001479,-0.612635546814128));
#16943=VECTOR('',#19755,1.0);
#16944=COLOUR_RGB('',0.0,0.0,0.0);
#16945=CARTESIAN_POINT('',(-0.287396673179437,-2.4880870074951,-0.45491239592785));
#16946=CARTESIAN_POINT('',(-0.858576266315041,-2.4880870074951,-0.45491239592785));
#16947=CARTESIAN_POINT('',(0.0678395803789955,-2.4880870074951,-0.45491239592785));
#16948=VECTOR('',#19756,1.0);
#16949=CARTESIAN_POINT('',(-0.858576266315041,-2.4880870074951,-0.45491239592785));
#16950=VECTOR('',#19757,1.0);
#16951=CARTESIAN_POINT('',(-0.299207696801484,-2.47627598387305,-0.466723419549897));
#16952=CARTESIAN_POINT('',(0.0678395803789955,-2.47627598387305,-0.466723419549897));
#16953=VECTOR('',#19758,1.0);
#16954=CARTESIAN_POINT('',(-0.287396673179437,-2.4880870074951,-0.45491239592785));
#16955=VECTOR('',#19759,1.0);
#16956=COLOUR_RGB('',0.0,0.0,0.0);
#16957=CARTESIAN_POINT('',(1.11535708591005,-2.69281141694392,-0.203893460654112));
#16958=CARTESIAN_POINT('',(1.12126259772107,-2.69871692875494,-0.203893460654112));
#16959=VECTOR('',#19760,1.0);
#16960=AXIS2_PLACEMENT_3D('',#19761,#19762,#19763);
#16961=COLOUR_RGB('',0.0,0.0,0.0);
#16962=CARTESIAN_POINT('',(0.146914075156123,-2.40934685001479,1.432706684133));
#16963=CARTESIAN_POINT('',(0.146914075156123,-2.212496456314,1.432706684133));
#16964=VECTOR('',#19764,1.0);
#16965=CARTESIAN_POINT('',(0.225654232636438,-2.40934685001479,1.29632473078112));
#16966=CARTESIAN_POINT('',(0.414586695651083,-2.40934685001479,0.969084105640629));
#16967=VECTOR('',#19765,0.999999999999999);
#16968=CARTESIAN_POINT('',(0.225654232636438,-2.212496456314,1.29632473078112));
#16969=VECTOR('',#19766,1.0);
#16970=COLOUR_RGB('',0.0,0.0,0.0);
#16971=CARTESIAN_POINT('',(-1.07072039557336,-2.40934685001479,1.43272514170876));
#16972=CARTESIAN_POINT('',(-1.1835525767739,-2.40934685001479,1.2372940711406));
#16973=VECTOR('',#19767,1.0);
#16974=CARTESIAN_POINT('',(-1.07072039557336,-2.212496456314,1.43272514170876));
#16975=VECTOR('',#19768,1.0);
#16976=COLOUR_RGB('',0.0,0.0,0.0);
#16977=CARTESIAN_POINT('',(1.06016475032201,-2.40934685001479,0.202486742478199));
#16978=CARTESIAN_POINT('',(1.06016475032201,-3.56137019983746,0.202486742478199));
#16979=VECTOR('',#19769,1.0);
#16980=CARTESIAN_POINT('',(0.947318188588125,-2.40934685001479,0.397942720860746));
#16981=VECTOR('',#19770,1.0);
#16982=COLOUR_RGB('',0.0,0.0,0.0);
#16983=CARTESIAN_POINT('',(1.07069760331115,-2.40934685001479,-0.676229134992533));
#16984=CARTESIAN_POINT('',(1.07069760331115,-2.212496456314,-0.676229134992533));
#16985=VECTOR('',#19771,1.0);
#16986=CARTESIAN_POINT('',(0.991957445830838,-2.40934685001479,-0.539847181640652));
#16987=CARTESIAN_POINT('',(0.726924951971488,-2.40934685001479,-0.0807974366195686));
#16988=VECTOR('',#19772,1.0);
#16989=CARTESIAN_POINT('',(0.991957445830838,-2.212496456314,-0.539847181640652));
#16990=VECTOR('',#19773,1.0);
#16991=COLOUR_RGB('',0.0,0.0,0.0);
#16992=CARTESIAN_POINT('',(1.14022384574527,-2.40934685001479,-0.0125990865564887));
#16993=CARTESIAN_POINT('',(1.14022384574527,-2.35029173190455,-0.0125990865564887));
#16994=VECTOR('',#19774,1.0);
#16995=CARTESIAN_POINT('',(0.608811502102668,-2.40934685001479,-0.0125990865564887));
#16996=VECTOR('',#19775,1.0);
#16997=COLOUR_RGB('',0.0,0.0,0.0);
#16998=CARTESIAN_POINT('',(1.26220404565643,-2.33454414710183,1.77726195699379));
#16999=CARTESIAN_POINT('',(1.2597031237432,-2.32519774477664,1.78660835931898));
#17000=VECTOR('',#19776,1.0);
#17001=CARTESIAN_POINT('',(1.41730389417036,-2.33454414710183,1.77726195699379));
#17002=CARTESIAN_POINT('',(1.41730389417036,-2.34241816284986,1.76938794124576));
#17003=VECTOR('',#19777,1.0);
#17004=CARTESIAN_POINT('',(0.34939310756481,-2.33454414710183,1.77726195699379));
#17005=VECTOR('',#19778,1.0);
#17006=COLOUR_RGB('',0.0,0.0,0.0);
#17007=CARTESIAN_POINT('',(-0.687568788976158,-2.40934685001479,0.690362936984349));
#17008=CARTESIAN_POINT('',(-0.304417182378957,-2.40934685001479,0.690362936984349));
#17009=VECTOR('',#19779,1.0);
#17010=CARTESIAN_POINT('',(-0.687568788976158,-2.212496456314,0.690362936984349));
#17011=VECTOR('',#19780,1.0);
#17012=COLOUR_RGB('',0.0,0.0,0.0);
#17013=CARTESIAN_POINT('',(0.157474581698559,-2.40934685001479,0.905469045432647));
#17014=CARTESIAN_POINT('',(-0.0340977569822968,-2.40934685001479,0.573656021512612));
#17015=VECTOR('',#19781,1.0);
#17016=CARTESIAN_POINT('',(0.157474581698559,-2.212496456314,0.905469045432647));
#17017=VECTOR('',#19782,1.0);
#17018=COLOUR_RGB('',0.0,0.0,0.0);
#17019=CARTESIAN_POINT('',(1.51752375292121,-2.3502921785979,-1.31502801582761));
#17020=CARTESIAN_POINT('',(1.52865929278242,-2.33454414710183,-1.32616355568882));
#17021=CARTESIAN_POINT('',(1.52309152285182,-2.34241816284986,-1.32059578575822));
#17022=VECTOR('',#19783,1.0);
#17023=CARTESIAN_POINT('',(1.41730389417036,-2.3502921785979,-1.35654044054133));
#17024=AXIS2_PLACEMENT_3D('',#19784,#19785,#19786);
#17025=CARTESIAN_POINT('',(1.41730389417036,-2.33454414710183,-1.37228847203739));
#17026=CARTESIAN_POINT('',(1.41730389417036,-2.34241816284986,-1.36441445628936));
#17027=VECTOR('',#19787,1.0);
#17028=AXIS2_PLACEMENT_3D('',#19788,#19789,#19790);
#17029=COLOUR_RGB('',0.0,0.0,0.0);
#17030=CARTESIAN_POINT('',(-1.06317618388319,-2.69281141694392,-0.329802357674792));
#17031=CARTESIAN_POINT('',(-1.06317618388319,-2.49202401536912,-0.329802357674792));
#17032=VECTOR('',#19791,1.0);
#17033=CARTESIAN_POINT('',(-0.937267286862507,-0.854361676174073,-0.0258313908640293));
#17034=VECTOR('',#19792,0.904555314533622);
#17035=AXIS2_PLACEMENT_3D('',#19793,#19794,#19795);
#17036=COLOUR_RGB('',0.0,0.0,0.0);
#17037=CARTESIAN_POINT('',(-1.37513184469024,-2.40934685001479,-0.852015627044224));
#17038=CARTESIAN_POINT('',(-1.35968515464943,-2.40934685001479,-0.878770079003673));
#17039=CARTESIAN_POINT('',(-1.41186462822931,-2.40934685001479,-0.788392579651134));
#17040=VECTOR('',#19796,1.0);
#17041=CARTESIAN_POINT('',(-1.35968515464943,-2.31663333611609,-0.878770079003674));
#17042=VECTOR('',#19797,1.0);
#17043=CARTESIAN_POINT('',(-1.37513184469024,-2.28297494032764,-0.852015627044224));
#17044=VECTOR('',#19798,1.0);
#17045=COLOUR_RGB('',0.0,0.0,0.0);
#17046=CARTESIAN_POINT('',(1.52865929278242,-2.29123661379431,-1.32616355568882));
#17047=VECTOR('',#19799,1.0);
#17048=CARTESIAN_POINT('',(1.41730389417036,-2.29123661379431,-1.37228847203739));
#17049=VECTOR('',#19800,1.0);
#17050=COLOUR_RGB('',0.0,0.0,0.0);
#17051=CARTESIAN_POINT('',(0.383134547597067,-2.40934685001479,0.944828667788998));
#17052=CARTESIAN_POINT('',(0.383134547597067,-2.212496456314,0.944828667788998));
#17053=VECTOR('',#19801,1.0);
#17054=CARTESIAN_POINT('',(0.461874705077382,-2.40934685001479,1.08121062114088));
#17055=CARTESIAN_POINT('',(0.194203183708066,-2.40934685001479,0.617589946389962));
#17056=VECTOR('',#19802,1.0);
#17057=CARTESIAN_POINT('',(0.461874705077382,-2.212496456314,1.08121062114088));
#17058=VECTOR('',#19803,1.0);
#17059=COLOUR_RGB('',0.0,0.0,0.0);
#17060=CARTESIAN_POINT('',(0.154400906079996,-2.40934685001479,0.0137874182519439));
#17061=CARTESIAN_POINT('',(0.154400906079996,-1.87832240908925,0.0137874182519439));
#17062=VECTOR('',#19804,1.0);
#17063=CARTESIAN_POINT('',(0.146914075156123,-2.40934685001479,0.0267549897997703));
#17064=CARTESIAN_POINT('',(0.146914075156123,-2.212496456314,0.0267549897997703));
#17065=VECTOR('',#19805,1.0);
#17066=CARTESIAN_POINT('',(0.110184971207818,-2.40934685001479,0.0903716639547121));
#17067=VECTOR('',#19806,1.0);
#17068=COLOUR_RGB('',0.0,0.0,0.0);
#17069=CARTESIAN_POINT('',(1.07069760331115,-2.40934685001479,0.0267629909917184));
#17070=CARTESIAN_POINT('',(1.07069760331115,-2.212496456314,0.0267629909917184));
#17071=VECTOR('',#19807,1.0);
#17072=CARTESIAN_POINT('',(0.879127211912185,-2.40934685001479,0.358572642120588));
#17073=VECTOR('',#19808,1.0);
#17074=COLOUR_RGB('',0.0,0.0,0.0);
#17075=CARTESIAN_POINT('',(-1.2549883268347,-2.40934685001479,1.45739502580674));
#17076=CARTESIAN_POINT('',(-1.26055502283508,-2.40147283426675,1.46296386946046));
#17077=VECTOR('',#19809,1.0);
#17078=AXIS2_PLACEMENT_3D('',#19810,#19811,#19812);
#17079=AXIS2_PLACEMENT_3D('',#19813,#19814,#19815);
#17080=COLOUR_RGB('',0.0,0.0,0.0);
#17081=CARTESIAN_POINT('',(0.383134547597067,-2.40934685001479,1.21759257449276));
#17082=CARTESIAN_POINT('',(0.383134547597067,-2.212496456314,1.21759257449276));
#17083=VECTOR('',#19816,1.0);
#17084=CARTESIAN_POINT('',(0.225654232636438,-2.40934685001479,1.21759257449276));
#17085=CARTESIAN_POINT('',(0.152194328427341,-2.40934685001479,1.21759257449276));
#17086=VECTOR('',#19817,1.0);
#17087=CARTESIAN_POINT('',(0.225654232636438,-2.212496456314,1.21759257449276));
#17088=VECTOR('',#19818,1.0);
#17089=COLOUR_RGB('',0.0,0.0,0.0);
#17090=CARTESIAN_POINT('',(0.0787344242182436,-2.40934685001479,-0.63687751382813));
#17091=CARTESIAN_POINT('',(0.0787344242182436,-2.212496456314,-0.63687751382813));
#17092=VECTOR('',#19819,1.0);
#17093=CARTESIAN_POINT('',(0.157474581698559,-2.40934685001479,-0.50049556047625));
#17094=CARTESIAN_POINT('',(0.270306762899099,-2.40934685001479,-0.305064489908094));
#17095=VECTOR('',#19820,1.0);
#17096=CARTESIAN_POINT('',(0.157474581698559,-2.212496456314,-0.50049556047625));
#17097=VECTOR('',#19821,1.0);
#17098=COLOUR_RGB('',0.0,0.0,0.0);
#17099=CARTESIAN_POINT('',(0.766286154194268,-2.40934685001479,0.553962526056716));
#17100=CARTESIAN_POINT('',(0.5747157627953,-2.40934685001479,0.222152874927847));
#17101=VECTOR('',#19822,1.0);
#17102=CARTESIAN_POINT('',(0.766286154194268,-2.212496456314,0.553962526056716));
#17103=VECTOR('',#19823,1.0);
#17104=COLOUR_RGB('',0.0,0.0,0.0);
#17105=COLOUR_RGB('',0.0,0.0,0.0);
#17106=CARTESIAN_POINT('',(0.530065681753323,-2.40934685001479,-1.06709527672482));
#17107=CARTESIAN_POINT('',(0.304400052985784,-2.40934685001479,-1.06709527672482));
#17108=VECTOR('',#19824,1.0);
#17109=CARTESIAN_POINT('',(0.530065681753323,-2.212496456314,-1.06709527672482));
#17110=VECTOR('',#19825,1.0);
#17111=COLOUR_RGB('',0.0,0.0,0.0);
#17112=CARTESIAN_POINT('',(-0.225677024898642,-2.40934685001479,-0.461133482928042));
#17113=CARTESIAN_POINT('',(-0.152211457820514,-2.40934685001479,-0.461133482928042));
#17114=VECTOR('',#19826,1.0);
#17115=CARTESIAN_POINT('',(-0.225677024898642,-2.212496456314,-0.461133482928042));
#17116=VECTOR('',#19827,1.0);
#17117=COLOUR_RGB('',0.0,0.0,0.0);
#17118=CARTESIAN_POINT('',(1.26220404565643,-2.33454414710183,-1.37228847203739));
#17119=CARTESIAN_POINT('',(1.26220404516213,-2.35029200105853,-1.37228847203739));
#17120=VECTOR('',#19828,1.0);
#17121=CARTESIAN_POINT('',(-0.349422933317617,-2.33454414710183,-1.37228847203739));
#17122=VECTOR('',#19829,1.0);
#17123=CARTESIAN_POINT('',(-1.41734177512098,-2.29123661379431,-1.37228847203739));
#17124=VECTOR('',#19830,1.0);
#17125=CARTESIAN_POINT('',(0.34939310756481,-2.33454414710183,-1.37228847203739));
#17126=VECTOR('',#19831,1.0);
#17127=COLOUR_RGB('',0.0,0.0,0.0);
#17128=CARTESIAN_POINT('',(-0.225677024898642,-2.40934685001479,1.56909909386869));
#17129=CARTESIAN_POINT('',(-0.225677024898642,-2.212496456314,1.56909909386869));
#17130=VECTOR('',#19832,1.0);
#17131=CARTESIAN_POINT('',(-0.383157339859272,-2.40934685001479,1.56909909386869));
#17132=CARTESIAN_POINT('',(-0.152211457820514,-2.40934685001479,1.56909909386869));
#17133=VECTOR('',#19833,1.0);
#17134=CARTESIAN_POINT('',(-0.383157339859272,-2.212496456314,1.56909909386869));
#17135=VECTOR('',#19834,1.0);
#17136=COLOUR_RGB('',0.0,0.0,0.0);
#17137=CARTESIAN_POINT('',(-0.146936867418327,-2.40934685001479,0.729725014532558));
#17138=CARTESIAN_POINT('',(-0.146936867418327,-2.212496456314,0.729725014532558));
#17139=VECTOR('',#19835,1.0);
#17140=CARTESIAN_POINT('',(-0.225677024898642,-2.40934685001479,0.866106967884439));
#17141=CARTESIAN_POINT('',(-0.0341029539089147,-2.40934685001479,0.534290943517422));
#17142=VECTOR('',#19836,1.0);
#17143=CARTESIAN_POINT('',(-0.225677024898642,-2.212496456314,0.866106967884439));
#17144=VECTOR('',#19837,1.0);
#17145=COLOUR_RGB('',0.0,0.0,0.0);
#17146=CARTESIAN_POINT('',(1.06014842250678,-2.40934685001479,0.905450587856892));
#17147=CARTESIAN_POINT('',(0.795115928647427,-2.40934685001479,0.446400842835808));
#17148=VECTOR('',#19838,1.0);
#17149=CARTESIAN_POINT('',(1.06014842250678,-2.212496456314,0.905450587856892));
#17150=VECTOR('',#19839,1.0);
#17151=COLOUR_RGB('',0.0,0.0,0.0);
#17152=CARTESIAN_POINT('',(0.687545996713953,-2.40934685001479,0.769076635696961));
#17153=CARTESIAN_POINT('',(0.687545996713953,-2.212496456314,0.769076635696961));
#17154=VECTOR('',#19840,1.0);
#17155=CARTESIAN_POINT('',(0.498614632824951,-2.40934685001479,0.441837914297925));
#17156=VECTOR('',#19841,1.0);
#17157=COLOUR_RGB('',0.0,0.0,0.0);
#17158=CARTESIAN_POINT('',(1.25508839823574,-2.40934685001479,1.74292594022136));
#17159=CARTESIAN_POINT('',(1.48002937750181,-2.40934685001479,0.902717584240848));
#17160=VECTOR('',#19842,0.999999999999999);
#17161=CARTESIAN_POINT('',(1.2727186575961,-2.39359881851872,1.73796692792532));
#17163=CARTESIAN_POINT('',(1.25508839823575,-2.40934685001478,1.74292594022136));
#17164=CARTESIAN_POINT('',(1.26411252230171,-2.40125647972444,1.74050238615864));
#17165=CARTESIAN_POINT('',(1.27271865759637,-2.39359881851848,1.73796692792524));
#17172=CARTESIAN_POINT('',(1.34339525586993,-2.39363433575908,1.47383559240743));
#17173=VECTOR('',#19843,1.0);
#17174=COLOUR_RGB('',0.0,0.0,0.0);
#17175=CARTESIAN_POINT('',(0.755736973389894,-2.40934685001479,1.08120261994893));
#17176=CARTESIAN_POINT('',(0.755736973389894,-2.212496456314,1.08120261994893));
#17177=VECTOR('',#19844,1.0);
#17178=CARTESIAN_POINT('',(0.834477130870208,-2.40934685001479,0.94482066659705));
#17179=CARTESIAN_POINT('',(0.871203869326412,-2.40934685001479,0.881208089594611));
#17180=VECTOR('',#19845,0.999999999999999);
#17181=CARTESIAN_POINT('',(0.834477130870208,-2.212496456314,0.94482066659705));
#17182=VECTOR('',#19846,1.0);
#17183=COLOUR_RGB('',0.0,0.0,0.0);
#17184=CARTESIAN_POINT('',(-1.1389113722493,-2.40934685001479,1.12060715864874));
#17185=CARTESIAN_POINT('',(-1.17564415578836,-2.40934685001479,1.05698411125565));
#17186=VECTOR('',#19847,1.0);
#17187=CARTESIAN_POINT('',(-1.1389113722493,-2.28297494032764,1.12060715864874));
#17188=VECTOR('',#19848,1.0);
#17189=COLOUR_RGB('',0.0,0.0,0.0);
#17190=CARTESIAN_POINT('',(1.26610425318496,-2.39359881851872,-1.06359309478342));
#17191=CARTESIAN_POINT('',(1.25496986177754,-2.40934685001479,-1.05245640658686));
#17192=CARTESIAN_POINT('',(1.26053705748125,-2.40147283426675,-1.05802475068514));
#17193=VECTOR('',#19849,1.0);
#17194=AXIS2_PLACEMENT_3D('',#19850,#19851,#19852);
#17195=CARTESIAN_POINT('',(1.54047977903085,-2.40934685001479,-1.05264776093251));
#17197=CARTESIAN_POINT('',(1.54047977903085,-2.40934685001478,-1.05264776093252));
#17198=CARTESIAN_POINT('',(1.53805412256536,-2.40125645734583,-1.06167182053851));
#17199=CARTESIAN_POINT('',(1.53551660652164,-2.39359881851848,-1.07027783310308));
#17206=AXIS2_PLACEMENT_3D('',#19853,#19854,#19855);
#17207=COLOUR_RGB('',0.0,0.0,0.0);
#17208=CARTESIAN_POINT('',(0.304400052985784,-2.40934685001479,0.338848416416471));
#17209=VECTOR('',#19856,1.0);
#17210=COLOUR_RGB('',0.0,0.0,0.0);
#17211=CARTESIAN_POINT('',(1.48916468475602,-2.3207643961961,1.60011870906162));
#17212=VECTOR('',#19857,1.0);
#17213=CARTESIAN_POINT('',(1.30609381861429,-2.3207643961961,1.60011870906162));
#17214=VECTOR('',#19858,1.0);
#17215=COLOUR_RGB('',0.0,0.0,0.0);
#17216=CARTESIAN_POINT('',(1.25008864788446,-2.40934685001479,1.3933286042009));
#17217=CARTESIAN_POINT('',(1.25008864788446,-2.28139409410927,1.3933286042009));
#17218=VECTOR('',#19859,1.0);
#17219=CARTESIAN_POINT('',(1.13888857998709,-2.40934685001479,1.3933286042009));
#17220=CARTESIAN_POINT('',(0.608811502102668,-2.40934685001479,1.3933286042009));
#17221=VECTOR('',#19860,1.0);
#17222=CARTESIAN_POINT('',(1.13888857998709,-2.212496456314,1.3933286042009));
#17223=VECTOR('',#19861,1.0);
#17224=COLOUR_RGB('',0.0,0.0,0.0);
#17225=CARTESIAN_POINT('',(0.146914075156123,-2.40934685001479,-1.02773319917661));
#17226=CARTESIAN_POINT('',(0.414586695651083,-2.40934685001479,-0.564110620684232));
#17227=VECTOR('',#19862,0.999999999999999);
#17228=CARTESIAN_POINT('',(0.146914075156123,-2.212496456314,-1.02773319917661));
#17229=VECTOR('',#19863,1.0);
#17230=COLOUR_RGB('',0.0,0.0,0.0);
#17231=CARTESIAN_POINT('',(0.316690272583284,-2.40934685001479,-0.461123026544237));
#17232=CARTESIAN_POINT('',(0.316690272583284,-1.92580773797944,-0.461123026544237));
#17233=VECTOR('',#19864,1.0);
#17234=CARTESIAN_POINT('',(0.225654232636438,-2.40934685001479,-0.461123026544237));
#17235=CARTESIAN_POINT('',(0.225654232636438,-2.212496456314,-0.461123026544237));
#17236=VECTOR('',#19865,1.0);
#17237=CARTESIAN_POINT('',(0.152194328427341,-2.40934685001479,-0.461123026544237));
#17238=VECTOR('',#19866,1.0);
#17239=COLOUR_RGB('',0.0,0.0,0.0);
#17240=CARTESIAN_POINT('',(0.937295016119966,-2.69281141694392,-0.381955530444196));
#17241=AXIS2_PLACEMENT_3D('',#19867,#19868,#19869);
#17242=CARTESIAN_POINT('',(0.937295016119966,-2.70462244056597,-0.393766554066243));
#17243=VECTOR('',#19870,1.0);
#17244=COLOUR_RGB('',0.0,0.0,0.0);
#17245=CARTESIAN_POINT('',(0.834477130870208,-2.40934685001479,1.29631672958918));
#17246=CARTESIAN_POINT('',(0.834477130870208,-2.212496456314,1.29631672958918));
#17247=VECTOR('',#19871,1.0);
#17248=CARTESIAN_POINT('',(0.991957445830838,-2.40934685001479,1.29631672958918));
#17249=CARTESIAN_POINT('',(0.456605777544226,-2.40934685001479,1.29631672958918));
#17250=VECTOR('',#19872,1.0);
#17251=CARTESIAN_POINT('',(0.991957445830838,-2.212496456314,1.29631672958918));
#17252=VECTOR('',#19873,1.0);
#17253=COLOUR_RGB('',0.0,0.0,0.0);
#17254=CARTESIAN_POINT('',(0.225654232636438,-2.40934685001479,-1.16411515252849));
#17255=CARTESIAN_POINT('',(0.225654232636438,-2.212496456314,-1.16411515252849));
#17256=VECTOR('',#19874,1.0);
#17257=CARTESIAN_POINT('',(0.383134547597067,-2.40934685001479,-1.16411515252849));
#17258=CARTESIAN_POINT('',(0.152194328427341,-2.40934685001479,-1.16411515252849));
#17259=VECTOR('',#19875,1.0);
#17260=CARTESIAN_POINT('',(0.383134547597067,-2.212496456314,-1.16411515252849));
#17261=VECTOR('',#19876,1.0);
#17262=COLOUR_RGB('',0.0,0.0,0.0);
#17263=CARTESIAN_POINT('',(0.834477130870208,-2.40934685001479,0.866088510308686));
#17264=CARTESIAN_POINT('',(0.456605777544226,-2.40934685001479,0.866088510308686));
#17265=VECTOR('',#19877,1.0);
#17266=CARTESIAN_POINT('',(0.834477130870208,-2.212496456314,0.866088510308686));
#17267=VECTOR('',#19878,1.0);
#17268=COLOUR_RGB('',0.0,0.0,0.0);
#17269=CARTESIAN_POINT('',(-0.991980238093042,-2.40934685001479,0.944847125364753));
#17270=CARTESIAN_POINT('',(-0.991980238093042,-2.212496456314,0.944847125364753));
#17271=VECTOR('',#19879,1.0);
#17272=CARTESIAN_POINT('',(-0.456622906937399,-2.40934685001479,0.944847125364753));
#17273=VECTOR('',#19880,1.0);
#17274=COLOUR_RGB('',0.0,0.0,0.0);
#17275=CARTESIAN_POINT('',(0.991957445830838,-2.40934685001479,1.21758457330081));
#17276=CARTESIAN_POINT('',(1.10742434176736,-2.40934685001479,1.01759004294649));
#17277=VECTOR('',#19881,1.0);
#17278=CARTESIAN_POINT('',(0.991957445830838,-2.212496456314,1.21758457330081));
#17279=VECTOR('',#19882,1.0);
#17280=COLOUR_RGB('',0.0,0.0,0.0);
#17281=AXIS2_PLACEMENT_3D('',#19883,#19884,#19885);
#17282=AXIS2_PLACEMENT_3D('',#19886,#19887,#19888);
#17283=COLOUR_RGB('',0.0,0.0,0.0);
#17284=CARTESIAN_POINT('',(0.454387874153509,-2.40934685001479,0.0137874182519439));
#17285=CARTESIAN_POINT('',(0.454387874153509,-1.87832240908925,0.0137874182519439));
#17286=VECTOR('',#19889,1.0);
#17287=CARTESIAN_POINT('',(0.461874705077382,-2.40934685001479,0.0267549897997703));
#17288=CARTESIAN_POINT('',(0.422503778180981,-2.40934685001479,-0.041437455925877));
#17289=VECTOR('',#19890,1.0);
#17290=CARTESIAN_POINT('',(0.461874705077382,-2.212496456314,0.0267549897997703));
#17291=VECTOR('',#19891,1.0);
#17292=COLOUR_RGB('',0.0,0.0,0.0);
#17293=CARTESIAN_POINT('',(-0.146936867418327,-2.40934685001479,-1.02774365556041));
#17294=CARTESIAN_POINT('',(-0.146936867418327,-2.212496456314,-1.02774365556041));
#17295=VECTOR('',#19892,1.0);
#17296=CARTESIAN_POINT('',(-0.225677024898642,-2.40934685001479,-0.891361702208532));
#17297=CARTESIAN_POINT('',(-0.414610336069532,-2.40934685001479,-0.56411960801833));
#17298=VECTOR('',#19893,1.0);
#17299=CARTESIAN_POINT('',(-0.225677024898642,-2.212496456314,-0.891361702208532));
#17300=VECTOR('',#19894,1.0);
#17301=COLOUR_RGB('',0.0,0.0,0.0);
#17302=CARTESIAN_POINT('',(-0.0787458907423862,-2.40934685001479,0.0661146121561223));
#17303=CARTESIAN_POINT('',(-0.0787458907423862,-2.212496456314,0.0661146121561223));
#17304=VECTOR('',#19895,1.0);
#17305=CARTESIAN_POINT('',(-5.73326207130851E-006,-2.40934685001479,0.0661146121561223));
#17306=VECTOR('',#19896,1.0);
#17307=COLOUR_RGB('',0.0,0.0,0.0);
#17308=CARTESIAN_POINT('',(-1.52869717373303,-2.33454414710183,1.73113704064522));
#17309=CARTESIAN_POINT('',(-1.52312940380243,-2.34241816284986,1.72556927071461));
#17310=VECTOR('',#19897,1.0);
#17311=CARTESIAN_POINT('',(-1.57482209008161,-2.33454414710183,1.61978164203316));
#17312=AXIS2_PLACEMENT_3D('',#19898,#19899,#19900);
#17313=CARTESIAN_POINT('',(-1.56694807433358,-2.34241816284986,1.61978164203316));
#17314=VECTOR('',#19901,1.0);
#17315=COLOUR_RGB('',0.0,0.0,0.0);
#17316=CARTESIAN_POINT('',(-1.30609947877368,-2.3207643961961,1.60009664443327));
#17317=VECTOR('',#19902,1.0);
#17318=CARTESIAN_POINT('',(-1.48917034491541,-2.3207643961961,1.60009664443327));
#17319=VECTOR('',#19903,1.0);
#17320=COLOUR_RGB('',0.0,0.0,0.0);
#17321=CARTESIAN_POINT('',(-1.07072039557336,-2.40934685001479,0.729733015724507));
#17322=CARTESIAN_POINT('',(-1.07072039557336,-2.212496456314,0.729733015724507));
#17323=VECTOR('',#19904,1.0);
#17324=CARTESIAN_POINT('',(-0.991980238093042,-2.40934685001479,0.593351062372627));
#17325=CARTESIAN_POINT('',(-0.803041729995537,-2.40934685001479,0.266099966841482));
#17326=VECTOR('',#19905,0.999999999999999);
#17327=CARTESIAN_POINT('',(-0.991980238093042,-2.212496456314,0.593351062372627));
#17328=VECTOR('',#19906,1.0);
#17329=COLOUR_RGB('',0.0,0.0,0.0);
#17330=CARTESIAN_POINT('',(0.865937292336192,-2.4880870074951,-1.0249432651368));
#17331=CARTESIAN_POINT('',(0.865937292336192,-2.4880870074951,-0.402436611664212));
#17332=VECTOR('',#19907,1.0);
#17333=CARTESIAN_POINT('',(0.877748315958239,-2.47627598387305,-1.03675428875885));
#17334=VECTOR('',#19908,1.0);
#17335=COLOUR_RGB('',0.0,0.0,0.0);
#17336=CARTESIAN_POINT('',(-0.157480376893799,-2.40934685001479,0.202486742478199));
#17337=CARTESIAN_POINT('',(-0.157480376893799,-3.56137019983746,0.202486742478199));
#17338=VECTOR('',#19909,1.0);
#17339=CARTESIAN_POINT('',(-0.118115969482544,-2.40934685001479,0.134305588832063));
#17340=VECTOR('',#19910,1.0);
#17341=COLOUR_RGB('',0.0,0.0,0.0);
#17342=CARTESIAN_POINT('',(-0.915209935929433,-2.40934685001479,-0.891369703400481));
#17343=CARTESIAN_POINT('',(-0.915209935929433,-0.955569393221574,-0.891369703400481));
#17344=VECTOR('',#19911,1.0);
#17345=CARTESIAN_POINT('',(-0.991980238093042,-2.40934685001479,-0.891369703400481));
#17346=CARTESIAN_POINT('',(-0.456622906937399,-2.40934685001479,-0.891369703400481));
#17347=VECTOR('',#19912,1.0);
#17348=CARTESIAN_POINT('',(-0.991980238093042,-2.212496456314,-0.891369703400481));
#17349=VECTOR('',#19913,1.0);
#17350=COLOUR_RGB('',0.0,0.0,0.0);
#17351=CARTESIAN_POINT('',(1.37510905242804,-2.40934685001479,-0.851973165892621));
#17352=CARTESIAN_POINT('',(1.37510905242804,-2.212496456314,-0.851973165892621));
#17353=VECTOR('',#19914,1.0);
#17354=CARTESIAN_POINT('',(1.29636889494772,-2.40934685001479,-0.71559121254074));
#17355=CARTESIAN_POINT('',(0.955235271118023,-2.40934685001479,-0.124730443897609));
#17356=VECTOR('',#19915,1.0);
#17357=CARTESIAN_POINT('',(1.29636889494772,-2.212496456314,-0.71559121254074));
#17358=VECTOR('',#19916,1.0);
#17359=COLOUR_RGB('',0.0,0.0,0.0);
#17360=CARTESIAN_POINT('',(0.0787344242182436,-2.40934685001479,-0.715609670116494));
#17361=CARTESIAN_POINT('',(-0.110198886952646,-2.40934685001479,-0.388367575926292));
#17362=VECTOR('',#19917,1.0);
#17363=CARTESIAN_POINT('',(0.0787344242182436,-2.212496456314,-0.715609670116494));
#17364=VECTOR('',#19918,1.0);
#17365=COLOUR_RGB('',0.0,0.0,0.0);
#17366=CARTESIAN_POINT('',(-1.1389113722493,-2.40934685001479,0.690370938176299));
#17367=CARTESIAN_POINT('',(-1.1389113722493,-2.212496456314,0.690370938176299));
#17368=VECTOR('',#19919,1.0);
#17369=CARTESIAN_POINT('',(-0.608828631495841,-2.40934685001479,0.690370938176299));
#17370=VECTOR('',#19920,1.0);
#17371=COLOUR_RGB('',0.0,0.0,0.0);
#17372=CARTESIAN_POINT('',(-0.687568788976158,-2.40934685001479,0.417599030280588));
#17373=CARTESIAN_POINT('',(-0.687568788976158,-2.212496456314,0.417599030280588));
#17374=VECTOR('',#19921,1.0);
#17375=CARTESIAN_POINT('',(-0.530088474015528,-2.40934685001479,0.417599030280588));
#17376=CARTESIAN_POINT('',(-0.304417182378957,-2.40934685001479,0.417599030280588));
#17377=VECTOR('',#19922,1.0);
#17378=CARTESIAN_POINT('',(-0.530088474015528,-2.212496456314,0.417599030280588));
#17379=VECTOR('',#19923,1.0);
#17380=COLOUR_RGB('',0.0,0.0,0.0);
#17381=CARTESIAN_POINT('',(-0.146936867418327,-2.40934685001479,1.08122107752468));
#17382=CARTESIAN_POINT('',(-0.338509206099183,-2.40934685001479,0.749408053604649));
#17383=VECTOR('',#19924,1.0);
#17384=CARTESIAN_POINT('',(-0.146936867418327,-2.212496456314,1.08122107752468));
#17385=VECTOR('',#19925,1.0);
#17386=COLOUR_RGB('',0.0,0.0,0.0);
#17387=CARTESIAN_POINT('',(-0.287396673179437,-2.4880870074951,-1.02609198906345));
#17388=CARTESIAN_POINT('',(-0.287396673179437,-2.4880870074951,-0.392680642468707));
#17389=VECTOR('',#19926,1.0);
#17390=CARTESIAN_POINT('',(-0.299207696801484,-2.47627598387305,-1.01428096544141));
#17391=CARTESIAN_POINT('',(-0.299207696801484,-2.47627598387305,-0.392680642468707));
#17392=VECTOR('',#19927,1.0);
#17393=CARTESIAN_POINT('',(-0.287396673179437,-2.4880870074951,-1.02609198906345));
#17394=VECTOR('',#19928,1.0);
#17395=COLOUR_RGB('',0.0,0.0,0.0);
#17396=CARTESIAN_POINT('',(0.225654232636438,-2.40934685001479,0.866096511500634));
#17397=CARTESIAN_POINT('',(0.152194328427341,-2.40934685001479,0.866096511500634));
#17398=VECTOR('',#19929,1.0);
#17399=CARTESIAN_POINT('',(0.225654232636438,-2.212496456314,0.866096511500634));
#17400=VECTOR('',#19930,1.0);
#17401=COLOUR_RGB('',0.0,0.0,0.0);
#17402=CARTESIAN_POINT('',(-1.29639168720993,-2.40934685001479,1.04186700116843));
#17403=CARTESIAN_POINT('',(-1.29639168720993,-2.212496456314,1.04186700116843));
#17404=VECTOR('',#19931,1.0);
#17405=CARTESIAN_POINT('',(-1.33576176595008,-2.40934685001479,0.973676024492484));
#17406=VECTOR('',#19932,1.0);
#17407=COLOUR_RGB('',0.0,0.0,0.0);
#17408=AXIS2_PLACEMENT_3D('',#19933,#19934,#19935);
#17409=COLOUR_RGB('',0.0,0.0,0.0);
#17410=CARTESIAN_POINT('',(1.29636889494772,-2.40934685001479,0.417572571512886));
#17411=CARTESIAN_POINT('',(1.29636889494772,-2.212496456314,0.417572571512886));
#17412=VECTOR('',#19936,1.0);
#17413=CARTESIAN_POINT('',(1.37510905242804,-2.40934685001479,0.553954524864767));
#17414=CARTESIAN_POINT('',(1.10743753105872,-2.40934685001479,0.0903338501138499));
#17415=VECTOR('',#19937,1.0);
#17416=CARTESIAN_POINT('',(1.37510905242804,-2.212496456314,0.553954524864767));
#17417=VECTOR('',#19938,1.0);
#17418=COLOUR_RGB('',0.0,0.0,0.0);
#17419=CARTESIAN_POINT('',(1.57478420913099,-2.3936026555646,0.202486742478199));
#17420=CARTESIAN_POINT('',(1.57478420913099,-2.39360649294039,1.46473628718984));
#17421=CARTESIAN_POINT('',(1.57478420913099,-2.39360265547116,0.202456004895963));
#17422=VECTOR('',#19939,1.0);
#17423=CARTESIAN_POINT('',(1.57478420913099,-2.39360265547116,0.202517480060434));
#17424=VECTOR('',#19940,1.0);
#17425=CARTESIAN_POINT('',(1.57478420913099,-2.33454414710183,-1.21480815707676));
#17426=CARTESIAN_POINT('',(1.57478420913099,-2.33454414710183,-0.146900297849626));
#17427=VECTOR('',#19941,1.0);
#17428=CARTESIAN_POINT('',(1.57478420913099,-2.29123661379431,-1.21480815707676));
#17429=VECTOR('',#19942,1.0);
#17430=CARTESIAN_POINT('',(1.57478420913099,-2.33454414710183,1.46473628718984));
#17431=CARTESIAN_POINT('',(1.57478420913099,-2.33454414710183,0.551873782806024));
#17432=VECTOR('',#19943,1.0);
#17433=CARTESIAN_POINT('',(1.57478420913099,-2.35029195525122,1.46473628718984));
#17434=VECTOR('',#19944,1.0);
#17435=COLOUR_RGB('',0.0,0.0,0.0);
#17436=CARTESIAN_POINT('',(1.23820259843058,-2.40934685001479,-0.28536299326025));
#17437=CARTESIAN_POINT('',(1.23820259843058,-2.35029173190455,-0.28536299326025));
#17438=VECTOR('',#19945,1.0);
#17439=CARTESIAN_POINT('',(0.608811502102668,-2.40934685001479,-0.28536299326025));
#17440=VECTOR('',#19946,1.0);
#17441=COLOUR_RGB('',0.0,0.0,0.0);
#17442=CARTESIAN_POINT('',(-0.490718395275371,-2.40934685001479,0.485790006956529));
#17443=VECTOR('',#19947,1.0);
#17444=COLOUR_RGB('',0.0,0.0,0.0);
#17445=AXIS2_PLACEMENT_3D('',#19948,#19949,#19950);
#17446=COLOUR_RGB('',0.0,0.0,0.0);
#17447=CARTESIAN_POINT('',(-0.834499923132412,-2.40934685001479,1.21761103206851));
#17448=CARTESIAN_POINT('',(-0.834499923132412,-2.212496456314,1.21761103206851));
#17449=VECTOR('',#19951,1.0);
#17450=CARTESIAN_POINT('',(-0.991980238093042,-2.40934685001479,1.21761103206851));
#17451=CARTESIAN_POINT('',(-0.456622906937399,-2.40934685001479,1.21761103206851));
#17452=VECTOR('',#19952,1.0);
#17453=CARTESIAN_POINT('',(-0.991980238093042,-2.212496456314,1.21761103206851));
#17454=VECTOR('',#19953,1.0);
#17455=COLOUR_RGB('',0.0,0.0,0.0);
#17456=CARTESIAN_POINT('',(0.650823822001139,-2.40934685001479,0.705455960946045));
#17457=VECTOR('',#19954,1.0);
#17458=COLOUR_RGB('',0.0,0.0,0.0);
#17459=CARTESIAN_POINT('',(-0.937267286862507,-2.69281141694392,-0.381955530444196));
#17460=CARTESIAN_POINT('',(-0.937267286862507,-0.854361676174073,-0.381955530444196));
#17461=VECTOR('',#19955,0.904555314533622);
#17462=CARTESIAN_POINT('',(1.38682466991437E-005,-2.69281141694392,-0.381955530444195));
#17463=VECTOR('',#19956,1.0);
#17464=CARTESIAN_POINT('',(0.937295016119966,-0.854361676174073,-0.381955530444196));
#17465=VECTOR('',#19957,0.904555314533622);
#17466=COLOUR_RGB('',0.0,0.0,0.0);
#17467=CARTESIAN_POINT('',(-1.52869717373303,-2.29123661379431,1.73113704064522));
#17468=VECTOR('',#19958,1.0);
#17469=CARTESIAN_POINT('',(-1.57482209008161,-2.29123661379431,1.61978164203316));
#17470=VECTOR('',#19959,1.0);
#17471=COLOUR_RGB('',0.0,0.0,0.0);
#17472=CARTESIAN_POINT('',(1.19026567628442,-2.69281141694392,-0.0499698354586513));
#17473=CARTESIAN_POINT('',(1.19026567628442,-2.49202401536912,-0.0499698354586513));
#17474=VECTOR('',#19960,1.0);
#17475=CARTESIAN_POINT('',(1.25402292999502,-2.69281141694392,-0.203893462066433));
#17476=AXIS2_PLACEMENT_3D('',#19961,#19962,#19963);
#17477=CARTESIAN_POINT('',(1.03634204967664,-2.69281141694392,-0.42157434238481));
#17478=AXIS2_PLACEMENT_3D('',#19964,#19965,#19966);
#17479=CARTESIAN_POINT('',(1.03634204967664,-2.40934685001479,-0.42157434238481));
#17480=CARTESIAN_POINT('',(1.03634204967664,-1.5441483618645,-0.42157434238481));
#17481=VECTOR('',#19967,1.10581887201735);
#17482=CARTESIAN_POINT('',(1.11396491879369,-2.40934685001479,-0.407264197046225));
#17483=AXIS2_PLACEMENT_3D('',#19968,#19969,#19970);
#17484=CARTESIAN_POINT('',(1.11396491879369,-2.35029173190455,-0.407264197046225));
#17485=VECTOR('',#19971,1.0);
#17486=CARTESIAN_POINT('',(1.18372042320561,-2.40934685001479,-0.364095149548614));
#17487=CARTESIAN_POINT('',(1.18372042320561,-2.35029173190455,-0.364095149548614));
#17488=VECTOR('',#19972,1.0);
#17489=AXIS2_PLACEMENT_3D('',#19973,#19974,#19975);
#17490=COLOUR_RGB('',0.0,0.0,0.0);
#17491=CARTESIAN_POINT('',(-0.608828631495841,-2.40934685001479,-0.364129609508267));
#17492=VECTOR('',#19976,1.0);
#17493=COLOUR_RGB('',0.0,0.0,0.0);
#17494=CARTESIAN_POINT('',(-1.29639168720993,-2.40934685001479,-0.0126335465161407));
#17495=CARTESIAN_POINT('',(-1.29639168720993,-2.212496456314,-0.0126335465161407));
#17496=VECTOR('',#19977,1.0);
#17497=CARTESIAN_POINT('',(-1.37513184469024,-2.40934685001479,-0.149015499868021));
#17498=CARTESIAN_POINT('',(-1.10745144680355,-2.40934685001479,0.314620549461984));
#17499=VECTOR('',#19978,0.999999999999999);
#17500=CARTESIAN_POINT('',(-1.37513184469024,-2.212496456314,-0.149015499868021));
#17501=VECTOR('',#19979,1.0);
#17502=COLOUR_RGB('',0.0,0.0,0.0);
#17503=CARTESIAN_POINT('',(-0.246058926442655,-2.40934685001479,-0.421574339560169));
#17504=VECTOR('',#19980,1.0);
#17505=CARTESIAN_POINT('',(1.3864628729668E-005,-2.69281141694392,-0.421574339560168));
#17506=VECTOR('',#19981,1.0);
#17507=CARTESIAN_POINT('',(-1.01482433965572,-2.40934685001479,-0.421574339560169));
#17508=CARTESIAN_POINT('',(-0.246058926442655,-2.40934685001479,-0.421574339560169));
#17509=VECTOR('',#19982,1.0);
#17510=CARTESIAN_POINT('',(-1.01482433965572,-1.87832240908925,-0.421574339560169));
#17511=VECTOR('',#19983,1.0);
#17512=CARTESIAN_POINT('',(-0.915209935929433,-0.621395345996825,-0.421574339560169));
#17513=VECTOR('',#19984,1.0);
#17514=CARTESIAN_POINT('',(-0.20283754282629,-2.40934685001479,-0.421574339560169));
#17515=CARTESIAN_POINT('',(-0.20283754282629,-1.87832240908925,-0.421574339560169));
#17516=VECTOR('',#19985,1.0);
#17517=CARTESIAN_POINT('',(-0.246058926442655,-2.40934685001479,-0.421574339560169));
#17518=VECTOR('',#19986,1.0);
#17519=CARTESIAN_POINT('',(0.111909393557885,-2.40934685001479,-0.421574339560169));
#17520=CARTESIAN_POINT('',(0.111909393557885,-1.87832240908925,-0.421574339560169));
#17521=VECTOR('',#19987,1.0);
#17522=CARTESIAN_POINT('',(0.20282078756009,-2.40934685001479,-0.421574339560168));
#17523=CARTESIAN_POINT('',(-0.246058926442655,-2.40934685001479,-0.421574339560169));
#17524=VECTOR('',#19988,1.0);
#17525=CARTESIAN_POINT('',(0.20282078756009,-1.87832240908925,-0.421574339560169));
#17526=VECTOR('',#19989,1.0);
#17527=CARTESIAN_POINT('',(0.316690272583284,-1.59163369075469,-0.421574339560168));
#17528=VECTOR('',#19990,1.0);
#17529=COLOUR_RGB('',0.0,0.0,0.0);
#17530=CARTESIAN_POINT('',(-1.41734177512098,-2.33454414710183,1.77726195699379));
#17531=AXIS2_PLACEMENT_3D('',#19991,#19992,#19993);
#17532=CARTESIAN_POINT('',(-1.41734177512098,-2.29123661379431,1.77726195699379));
#17533=VECTOR('',#19994,1.0);
#17534=COLOUR_RGB('',0.0,0.0,0.0);
#17535=CARTESIAN_POINT('',(-1.07072039557336,-2.40934685001479,0.378236952732381));
#17536=CARTESIAN_POINT('',(-1.07072039557336,-2.212496456314,0.378236952732381));
#17537=VECTOR('',#19995,1.0);
#17538=CARTESIAN_POINT('',(-0.991980238093042,-2.40934685001479,0.2418549993805));
#17539=CARTESIAN_POINT('',(-0.879142859965886,-2.40934685001479,0.0464149274714037));
#17540=VECTOR('',#19996,0.999999999999999);
#17541=CARTESIAN_POINT('',(-0.991980238093042,-2.212496456314,0.2418549993805));
#17542=VECTOR('',#19997,1.0);
#17543=COLOUR_RGB('',0.0,0.0,0.0);
#17544=CARTESIAN_POINT('',(0.225654232636438,-2.40934685001479,0.163136943151651));
#17545=CARTESIAN_POINT('',(0.225654232636438,-2.212496456314,0.163136943151651));
#17546=VECTOR('',#19998,1.0);
#17547=CARTESIAN_POINT('',(0.186283305740036,-2.40934685001479,0.0949444974260032));
#17548=VECTOR('',#19999,0.999999999999999);
#17549=COLOUR_RGB('',0.0,0.0,0.0);
#17550=CARTESIAN_POINT('',(1.56691019338296,-2.34241816284986,1.61978164203316));
#17551=VECTOR('',#20000,1.0);
#17552=CARTESIAN_POINT('',(1.5842625922283,-2.32506576400453,1.46219817729167));
#17553=VECTOR('',#20001,1.0);
#17554=COLOUR_RGB('',0.0,0.0,0.0);
#17555=CARTESIAN_POINT('',(-5.7332620712787E-006,-2.40934685001479,1.47207921806502));
#17556=VECTOR('',#20002,1.0);
#17557=COLOUR_RGB('',0.0,0.0,0.0);
#17558=CARTESIAN_POINT('',(-0.530088474015528,-2.40934685001479,1.47208721925697));
#17559=CARTESIAN_POINT('',(-0.304417182378957,-2.40934685001479,1.47208721925697));
#17560=VECTOR('',#20003,1.0);
#17561=CARTESIAN_POINT('',(-0.530088474015528,-2.212496456314,1.47208721925697));
#17562=VECTOR('',#20004,1.0);
#17563=COLOUR_RGB('',0.0,0.0,0.0);
#17564=CARTESIAN_POINT('',(0.530065681753323,-2.40934685001479,1.04184054240072));
#17565=CARTESIAN_POINT('',(0.304400052985784,-2.40934685001479,1.04184054240072));
#17566=VECTOR('',#20005,1.0);
#17567=CARTESIAN_POINT('',(0.530065681753323,-2.212496456314,1.04184054240072));
#17568=VECTOR('',#20006,1.0);
#17569=COLOUR_RGB('',0.0,0.0,0.0);
#17570=CARTESIAN_POINT('',(-1.250057653257,-2.40934685001479,1.3933710653525));
#17571=CARTESIAN_POINT('',(-1.250057653257,-2.31663333611609,1.3933710653525));
#17572=VECTOR('',#20007,1.0);
#17573=CARTESIAN_POINT('',(-1.22048489486363,-2.40934685001479,1.42294382374588));
#17574=VECTOR('',#20008,1.0);
#17575=COLOUR_RGB('',0.0,0.0,0.0);
#17576=CARTESIAN_POINT('',(-0.0787458907423862,-2.40934685001479,-0.63687751382813));
#17577=CARTESIAN_POINT('',(-0.0787458907423862,-2.212496456314,-0.63687751382813));
#17578=VECTOR('',#20009,1.0);
#17579=CARTESIAN_POINT('',(-5.73326207128698E-006,-2.40934685001479,-0.63687751382813));
#17580=VECTOR('',#20010,1.0);
#17581=COLOUR_RGB('',0.0,0.0,0.0);
#17582=CARTESIAN_POINT('',(1.52309152285182,-2.34241816284986,1.72556927071461));
#17583=VECTOR('',#20011,1.0);
#17584=COLOUR_RGB('',0.0,0.0,0.0);
#17585=CARTESIAN_POINT('',(-1.52869717373303,-2.29123661379431,-1.32616355568882));
#17586=VECTOR('',#20012,1.0);
#17587=COLOUR_RGB('',0.0,0.0,0.0);
#17588=CARTESIAN_POINT('',(-1.03631432041918,-2.70462244056597,0.00197639745453745));
#17589=VECTOR('',#20013,1.0);
#17590=COLOUR_RGB('',0.0,0.0,0.0);
#17591=CARTESIAN_POINT('',(1.26641792343403,-2.3502921785979,-1.35654044054133));
#17592=CARTESIAN_POINT('',(1.04821720364504,-2.3502921785979,-1.35654044054133));
#17593=VECTOR('',#20014,1.0);
#17594=CARTESIAN_POINT('',(1.55903617763493,-2.3502921785979,-1.21480815707676));
#17595=AXIS2_PLACEMENT_3D('',#20015,#20016,#20017);
#17596=CARTESIAN_POINT('',(1.55903617763493,-2.3502921785979,-0.84573024868669));
#17597=VECTOR('',#20018,1.0);
#17598=CARTESIAN_POINT('',(1.21160562963791,-2.3502921785979,-1.19514522410522));
#17599=AXIS2_PLACEMENT_3D('',#20019,#20020,#20021);
#17600=CARTESIAN_POINT('',(1.27271865869014,-2.3502921785979,-1.33299344396028));
#17601=AXIS2_PLACEMENT_3D('',#20022,#20023,#20024);
#17602=CARTESIAN_POINT('',(1.29152665321484,-2.3502921785979,-1.26270453881383));
#17603=VECTOR('',#20025,1.0);
#17604=CARTESIAN_POINT('',(1.30609381917726,-2.3502921785979,-1.19515240263559));
#17605=CARTESIAN_POINT('',(1.48916468475602,-2.3502921785979,-1.19514522410522));
#17606=AXIS2_PLACEMENT_3D('',#20026,#20027,#20028);
#17607=AXIS2_PLACEMENT_3D('',#20029,#20030,#20031);
#17608=COLOUR_RGB('',0.0,0.0,0.0);
#17609=CARTESIAN_POINT('',(-1.26612171883547,-2.39359881851872,-1.06355922815778));
#17610=CARTESIAN_POINT('',(-1.2549883268347,-2.40934685001479,-1.05242154085035));
#17611=CARTESIAN_POINT('',(-1.26055502283508,-2.40147283426675,-1.05799038450407));
#17612=VECTOR('',#20032,1.0);
#17613=AXIS2_PLACEMENT_3D('',#20033,#20034,#20035);
#17614=AXIS2_PLACEMENT_3D('',#20036,#20037,#20038);
#17615=COLOUR_RGB('',0.0,0.0,0.0);
#17616=CARTESIAN_POINT('',(1.18352547173771,-2.40934685001479,-0.832301597360173));
#17617=VECTOR('',#20039,1.0);
#17618=COLOUR_RGB('',0.0,0.0,0.0);
#17619=CARTESIAN_POINT('',(1.55904001468096,-2.40934685001479,0.202486742478199));
#17620=CARTESIAN_POINT('',(0.627149027643588,-3.34123783706077,0.202486742478199));
#17621=VECTOR('',#20040,1.0);
#17622=CARTESIAN_POINT('',(1.55904381532512,-2.40934685001479,1.45265394660178));
#17623=CARTESIAN_POINT('',(1.2915433992854,-2.67684664182063,1.24732038418268));
#17624=VECTOR('',#20041,1.0);
#17625=CARTESIAN_POINT('',(1.55904001458078,-2.40934685001479,0.202453790643583));
#17626=VECTOR('',#20042,1.0);
#17627=COLOUR_RGB('',0.0,0.0,0.0);
#17628=CARTESIAN_POINT('',(0.755736973389894,-2.40934685001479,1.43269868294106));
#17629=CARTESIAN_POINT('',(0.414603349560193,-2.40934685001479,0.841837914297925));
#17630=VECTOR('',#20043,1.0);
#17631=CARTESIAN_POINT('',(0.755736973389894,-2.212496456314,1.43269868294106));
#17632=VECTOR('',#20044,1.0);
#17633=COLOUR_RGB('',0.0,0.0,0.0);
#17634=CARTESIAN_POINT('',(0.834477130870208,-2.40934685001479,1.21758457330081));
#17635=CARTESIAN_POINT('',(0.456605777544226,-2.40934685001479,1.21758457330081));
#17636=VECTOR('',#20045,1.0);
#17637=CARTESIAN_POINT('',(0.834477130870208,-2.212496456314,1.21758457330081));
#17638=VECTOR('',#20046,1.0);
#17639=COLOUR_RGB('',0.0,0.0,0.0);
#17640=CARTESIAN_POINT('',(0.0340838412374694,-2.40934685001479,0.534286860371764));
#17641=VECTOR('',#20047,1.0);
#17642=COLOUR_RGB('',0.0,0.0,0.0);
#17643=CARTESIAN_POINT('',(-0.76323594008964,-2.40934685001479,0.0137874182519439));
#17644=CARTESIAN_POINT('',(-0.76323594008964,-1.87832240908925,0.0137874182519439));
#17645=VECTOR('',#20048,1.0);
#17646=CARTESIAN_POINT('',(-0.755759765652097,-2.40934685001479,0.0267365322240163));
#17647=CARTESIAN_POINT('',(-0.642922387524941,-2.40934685001479,0.222176604133113));
#17648=VECTOR('',#20049,1.0);
#17649=CARTESIAN_POINT('',(-0.755759765652097,-2.212496456314,0.0267365322240163));
#17650=VECTOR('',#20050,1.0);
#17651=COLOUR_RGB('',0.0,0.0,0.0);
#17652=CARTESIAN_POINT('',(-0.991980238093042,-2.40934685001479,0.866114969076388));
#17653=CARTESIAN_POINT('',(-0.991980238093042,-2.212496456314,0.866114969076388));
#17654=VECTOR('',#20051,1.0);
#17655=CARTESIAN_POINT('',(-1.0313503168332,-2.40934685001479,0.797923992400447));
#17656=VECTOR('',#20052,1.0);
#17657=COLOUR_RGB('',0.0,0.0,0.0);
#17658=CARTESIAN_POINT('',(-1.04823091900224,-2.3502921785979,-1.35654044054133));
#17659=VECTOR('',#20053,1.0);
#17660=COLOUR_RGB('',0.0,0.0,0.0);
#17661=CARTESIAN_POINT('',(-0.456622906937399,-2.40934685001479,0.2418549993805));
#17662=VECTOR('',#20054,1.0);
#17663=COLOUR_RGB('',0.0,0.0,0.0);
#17664=CARTESIAN_POINT('',(0.146914075156123,-2.40934685001479,-0.676237136184481));
#17665=CARTESIAN_POINT('',(0.146914075156123,-2.212496456314,-0.676237136184481));
#17666=VECTOR('',#20055,1.0);
#17667=CARTESIAN_POINT('',(0.225654232636438,-2.40934685001479,-0.812619089536362));
#17668=CARTESIAN_POINT('',(-0.0420172887328794,-2.40934685001479,-0.348998414785445));
#17669=VECTOR('',#20056,1.0);
#17670=CARTESIAN_POINT('',(0.225654232636438,-2.212496456314,-0.812619089536362));
#17671=VECTOR('',#20057,1.0);
#17672=COLOUR_RGB('',0.0,0.0,0.0);
#17673=CARTESIAN_POINT('',(-0.490720127584243,-2.40934685001479,0.622166959563441));
#17674=VECTOR('',#20058,1.0);
#17675=COLOUR_RGB('',0.0,0.0,0.0);
#17676=AXIS2_PLACEMENT_3D('',#20059,#20060,#20061);
#17677=COLOUR_RGB('',0.0,0.0,0.0);
#17678=CARTESIAN_POINT('',(-1.06017121476898,-2.40934685001479,-0.852015627044224));
#17679=CARTESIAN_POINT('',(-1.17564415578836,-2.40934685001479,-0.652010626299254));
#17680=VECTOR('',#20062,1.0);
#17681=CARTESIAN_POINT('',(-1.06017121476898,-2.28297494032764,-0.852015627044224));
#17682=VECTOR('',#20063,1.0);
#17683=COLOUR_RGB('',0.0,0.0,0.0);
#17684=CARTESIAN_POINT('',(-0.955247454553979,-2.40934685001479,-0.124754530023142));
#17685=VECTOR('',#20064,0.999999999999999);
#17686=COLOUR_RGB('',0.0,0.0,0.0);
#17687=CARTESIAN_POINT('',(-1.29639168720993,-2.40934685001479,1.12060715864874));
#17688=CARTESIAN_POINT('',(-0.608828631495841,-2.40934685001479,1.12060715864874));
#17689=VECTOR('',#20065,1.0);
#17690=CARTESIAN_POINT('',(-1.29639168720993,-2.28297494032764,1.12060715864874));
#17691=VECTOR('',#20066,1.0);
#17692=COLOUR_RGB('',0.0,0.0,0.0);
#17693=CARTESIAN_POINT('',(0.152658058812034,-2.40934685001479,-1.19514522410522));
#17694=CARTESIAN_POINT('',(0.152658058812034,-2.28139409410927,-1.19514522410522));
#17695=VECTOR('',#20067,1.0);
#17696=CARTESIAN_POINT('',(0.0787344242182436,-2.40934685001479,-1.06710573310862));
#17697=CARTESIAN_POINT('',(-0.186300016922995,-2.40934685001479,-0.608052615296371));
#17698=VECTOR('',#20068,1.0);
#17699=CARTESIAN_POINT('',(0.0787344242182436,-2.212496456314,-1.06710573310862));
#17700=VECTOR('',#20069,1.0);
#17701=COLOUR_RGB('',0.0,0.0,0.0);
#17702=CARTESIAN_POINT('',(1.27271865814312,-2.37194549855831,1.737966928421));
#17703=VECTOR('',#20070,1.0);
#17704=AXIS2_PLACEMENT_3D('',#20071,#20072,#20073);
#17705=COLOUR_RGB('',0.0,0.0,0.0);
#17706=CARTESIAN_POINT('',(0.574706038121679,-2.40934685001479,0.885781019622431));
#17707=VECTOR('',#20074,1.0);
#17708=COLOUR_RGB('',0.0,0.0,0.0);
#17709=CARTESIAN_POINT('',(-0.451348316535213,-2.40934685001479,1.25697310961672));
#17710=CARTESIAN_POINT('',(-0.642920655216068,-2.40934685001479,0.925160085696686));
#17711=VECTOR('',#20075,1.0);
#17712=CARTESIAN_POINT('',(-0.451348316535213,-2.212496456314,1.25697310961672));
#17713=VECTOR('',#20076,1.0);
#17714=COLOUR_RGB('',0.0,0.0,0.0);
#17715=CARTESIAN_POINT('',(0.451325524273009,-2.40934685001479,1.25695465204097));
#17716=CARTESIAN_POINT('',(0.451325524273009,-2.212496456314,1.25695465204097));
#17717=VECTOR('',#20077,1.0);
#17718=CARTESIAN_POINT('',(0.642895282488748,-2.40934685001479,0.925146097617621));
#17719=VECTOR('',#20078,0.999999999999999);
#17720=COLOUR_RGB('',0.0,0.0,0.0);
#17721=CARTESIAN_POINT('',(1.06014842250678,-2.40934685001479,1.25694665084902));
#17722=CARTESIAN_POINT('',(0.719014798677078,-2.40934685001479,0.666085882205887));
#17723=VECTOR('',#20079,1.0);
#17724=CARTESIAN_POINT('',(1.06014842250678,-2.212496456314,1.25694665084902));
#17725=VECTOR('',#20080,1.0);
#17726=COLOUR_RGB('',0.0,0.0,0.0);
#17727=CARTESIAN_POINT('',(-1.07072039557336,-2.40934685001479,-1.02775165675236));
#17728=CARTESIAN_POINT('',(-0.650839470054839,-2.40934685001479,-0.300496560625242));
#17729=VECTOR('',#20081,0.999999999999999);
#17730=CARTESIAN_POINT('',(-1.07072039557336,-2.212496456314,-1.02775165675236));
#17731=VECTOR('',#20082,1.0);
#17732=COLOUR_RGB('',0.0,0.0,0.0);
#17733=CARTESIAN_POINT('',(-1.250057653257,-2.40934685001479,-0.988397580396104));
#17734=CARTESIAN_POINT('',(-1.22048489486363,-2.40934685001479,-1.01797033878948));
#17735=VECTOR('',#20083,1.0);
#17736=CARTESIAN_POINT('',(-1.250057653257,-2.31663333611609,-0.988397580396104));
#17737=VECTOR('',#20084,1.0);
#17738=COLOUR_RGB('',0.0,0.0,0.0);
#17739=CARTESIAN_POINT('',(-0.461897497339587,-2.40934685001479,1.08122107752468));
#17740=CARTESIAN_POINT('',(-0.461897497339587,-2.212496456314,1.08122107752468));
#17741=VECTOR('',#20085,1.0);
#17742=CARTESIAN_POINT('',(-0.194222296379511,-2.40934685001479,0.61759402953562));
#17743=VECTOR('',#20086,0.999999999999999);
#17744=COLOUR_RGB('',0.0,0.0,0.0);
#17745=CARTESIAN_POINT('',(-0.608828631495841,-2.40934685001479,0.338874875184173));
#17746=VECTOR('',#20087,1.0);
#17747=COLOUR_RGB('',0.0,0.0,0.0);
#17748=CARTESIAN_POINT('',(-0.608828631495841,-2.40934685001479,-0.0126335465161407));
#17749=VECTOR('',#20088,1.0);
#17750=COLOUR_RGB('',0.0,0.0,0.0);
#17751=CARTESIAN_POINT('',(-1.53551598763774,-2.3502921785979,-1.07024883506354));
#17752=AXIS2_PLACEMENT_3D('',#20089,#20090,#20091);
#17753=CARTESIAN_POINT('',(-1.46541413083553,-2.3502921785979,-1.08901653739025));
#17754=VECTOR('',#20092,1.0);
#17755=COLOUR_RGB('',0.0,0.0,0.0);
#17756=CARTESIAN_POINT('',(-1.29639168720993,-2.40934685001479,-0.285397453219902));
#17757=CARTESIAN_POINT('',(-1.25966063597974,-2.40934685001479,-0.349017500166008));
#17758=VECTOR('',#20093,1.0);
#17759=CARTESIAN_POINT('',(-1.29639168720993,-2.212496456314,-0.285397453219902));
#17760=VECTOR('',#20094,1.0);
#17761=COLOUR_RGB('',0.0,0.0,0.0);
#17762=CARTESIAN_POINT('',(1.48916468475602,-2.3207643961961,-1.19514522410522));
#17763=VECTOR('',#20095,1.0);
#17764=CARTESIAN_POINT('',(1.30609381861429,-2.3207643961961,-1.19514522410522));
#17765=VECTOR('',#20096,1.0);
#17766=COLOUR_RGB('',0.0,0.0,0.0);
#17767=CARTESIAN_POINT('',(1.13888857998709,-2.40934685001479,-0.636859056252375));
#17768=CARTESIAN_POINT('',(1.13888857998709,-2.212496456314,-0.636859056252375));
#17769=VECTOR('',#20097,1.0);
#17770=CARTESIAN_POINT('',(0.608811502102668,-2.40934685001479,-0.636859056252375));
#17771=VECTOR('',#20098,1.0);
#17772=COLOUR_RGB('',0.0,0.0,0.0);
#17773=CARTESIAN_POINT('',(-1.06017121476898,-2.40934685001479,0.905485047816545));
#17774=CARTESIAN_POINT('',(-1.06017121476898,-2.212496456314,0.905485047816545));
#17775=VECTOR('',#20099,1.0);
#17776=CARTESIAN_POINT('',(-1.1389113722493,-2.40934685001479,1.04186700116843));
#17777=CARTESIAN_POINT('',(-0.795129844392255,-2.40934685001479,0.446419928216372));
#17778=VECTOR('',#20100,1.0);
#17779=CARTESIAN_POINT('',(-1.1389113722493,-2.212496456314,1.04186700116843));
#17780=VECTOR('',#20101,1.0);
#17781=COLOUR_RGB('',0.0,0.0,0.0);
#17782=CARTESIAN_POINT('',(1.25496986177754,-2.40934685001479,1.45742989154326));
#17783=CARTESIAN_POINT('',(1.26053705748125,-2.40147283426675,1.46299823564154));
#17784=VECTOR('',#20102,1.0);
#17785=AXIS2_PLACEMENT_3D('',#20103,#20104,#20105);
#17786=COLOUR_RGB('',0.0,0.0,0.0);
#17787=CARTESIAN_POINT('',(0.451325524273009,-2.40934685001479,0.553962526056716));
#17788=CARTESIAN_POINT('',(0.451325524273009,-2.212496456314,0.553962526056716));
#17789=VECTOR('',#20106,1.0);
#17790=CARTESIAN_POINT('',(0.49069302254805,-2.40934685001479,0.485776018877464));
#17791=VECTOR('',#20107,0.999999999999999);
#17792=COLOUR_RGB('',0.0,0.0,0.0);
#17793=CARTESIAN_POINT('',(-0.608828631495841,-2.40934685001479,1.04186700116843));
#17794=VECTOR('',#20108,1.0);
#17795=COLOUR_RGB('',0.0,0.0,0.0);
#17796=CARTESIAN_POINT('',(0.383134547597067,-2.40934685001479,1.29632473078112));
#17797=CARTESIAN_POINT('',(0.152194328427341,-2.40934685001479,1.29632473078112));
#17798=VECTOR('',#20109,1.0);
#17799=CARTESIAN_POINT('',(0.383134547597067,-2.212496456314,1.29632473078112));
#17800=VECTOR('',#20110,1.0);
#17801=COLOUR_RGB('',0.0,0.0,0.0);
#17802=CARTESIAN_POINT('',(-0.766307894617896,-2.40934685001479,0.202486742478199));
#17803=CARTESIAN_POINT('',(-0.766307894617896,-3.56137019983746,0.202486742478199));
#17804=VECTOR('',#20111,1.0);
#17805=CARTESIAN_POINT('',(-0.650837737745967,-2.40934685001479,0.00248656401806685));
#17806=VECTOR('',#20112,1.0);
#17807=COLOUR_RGB('',0.0,0.0,0.0);
#17808=CARTESIAN_POINT('',(-0.383157339859272,-2.40934685001479,1.21760303087656));
#17809=CARTESIAN_POINT('',(-0.383157339859272,-2.212496456314,1.21760303087656));
#17810=VECTOR('',#20113,1.0);
#17811=CARTESIAN_POINT('',(-0.574729678540128,-2.40934685001479,0.885790006956529));
#17812=VECTOR('',#20114,1.0);
#17813=COLOUR_RGB('',0.0,0.0,0.0);
#17814=COLOUR_RGB('',0.0,0.0,0.0);
#17815=CARTESIAN_POINT('',(1.29636889494772,-2.40934685001479,1.12056469749714));
#17816=CARTESIAN_POINT('',(1.29636889494772,-2.212496456314,1.12056469749714));
#17817=VECTOR('',#20115,1.0);
#17818=CARTESIAN_POINT('',(1.37510905242804,-2.40934685001479,1.25694665084902));
#17819=CARTESIAN_POINT('',(0.955235271118023,-2.40934685001479,0.529703928854007));
#17820=VECTOR('',#20116,1.0);
#17821=CARTESIAN_POINT('',(1.37510905242804,-2.212496456314,1.25694665084902));
#17822=VECTOR('',#20117,1.0);
#17823=COLOUR_RGB('',0.0,0.0,0.0);
#17824=CARTESIAN_POINT('',(-0.834499923132412,-2.40934685001479,0.593351062372627));
#17825=CARTESIAN_POINT('',(-0.456622906937399,-2.40934685001479,0.593351062372627));
#17826=VECTOR('',#20118,1.0);
#17827=CARTESIAN_POINT('',(-0.834499923132412,-2.212496456314,0.593351062372627));
#17828=VECTOR('',#20119,1.0);
#17829=COLOUR_RGB('',0.0,0.0,0.0);
#17830=CARTESIAN_POINT('',(-0.451348316535213,-2.40934685001479,0.905477046624595));
#17831=CARTESIAN_POINT('',(-0.451348316535213,-2.212496456314,0.905477046624595));
#17832=VECTOR('',#20120,1.0);
#17833=CARTESIAN_POINT('',(-0.530088474015528,-2.40934685001479,1.04185899997648));
#17834=CARTESIAN_POINT('',(-0.26241154074658,-2.40934685001479,0.578228951540431));
#17835=VECTOR('',#20121,1.0);
#17836=CARTESIAN_POINT('',(-0.530088474015528,-2.212496456314,1.04185899997648));
#17837=VECTOR('',#20122,1.0);
#17838=COLOUR_RGB('',0.0,0.0,0.0);
#17839=CARTESIAN_POINT('',(1.07069760331115,-2.40934685001479,0.378210493964679));
#17840=CARTESIAN_POINT('',(1.07069760331115,-2.212496456314,0.378210493964679));
#17841=VECTOR('',#20123,1.0);
#17842=CARTESIAN_POINT('',(0.955222081826659,-2.40934685001479,0.578219964206335));
#17843=VECTOR('',#20124,1.0);
#17844=COLOUR_RGB('',0.0,0.0,0.0);
#17845=CARTESIAN_POINT('',(-0.608828631495841,-2.40934685001479,1.3933710653525));
#17846=VECTOR('',#20125,1.0);
#17847=COLOUR_RGB('',0.0,0.0,0.0);
#17848=CARTESIAN_POINT('',(-1.57482209008161,-2.29123661379431,-1.21480815707676));
#17849=VECTOR('',#20126,1.0);
#17850=CARTESIAN_POINT('',(-1.57482209008161,-2.35029195525122,-1.05972578668878));
#17851=VECTOR('',#20127,1.0);
#17852=CARTESIAN_POINT('',(-1.57482209008161,-2.39359926212207,0.202458807387492));
#17853=VECTOR('',#20128,1.0);
#17854=CARTESIAN_POINT('',(-1.57482209008161,-2.33454414710183,0.551868266648935));
#17855=VECTOR('',#20129,1.0);
#17856=COLOUR_RGB('',0.0,0.0,0.0);
#17857=CARTESIAN_POINT('',(1.26220404516213,-2.35029200105853,1.77726195699379));
#17858=VECTOR('',#20130,1.0);
#17859=COLOUR_RGB('',0.0,0.0,0.0);
#17860=CARTESIAN_POINT('',(0.530065681753323,-2.40934685001479,0.0661250685399264));
#17861=CARTESIAN_POINT('',(0.530065681753323,-2.212496456314,0.0661250685399264));
#17862=VECTOR('',#20131,1.0);
#17863=CARTESIAN_POINT('',(0.304400052985784,-2.40934685001479,0.0661250685399264));
#17864=VECTOR('',#20132,1.0);
#17865=COLOUR_RGB('',0.0,0.0,0.0);
#17866=CARTESIAN_POINT('',(-0.947332104332953,-2.40934685001479,0.397923635480182));
#17867=VECTOR('',#20133,1.0);
#17868=COLOUR_RGB('',0.0,0.0,0.0);
#17869=CARTESIAN_POINT('',(-0.0787458907423862,-2.40934685001479,-1.06710573310862));
#17870=CARTESIAN_POINT('',(-5.7332620712787E-006,-2.40934685001479,-1.06710573310862));
#17871=VECTOR('',#20134,1.0);
#17872=CARTESIAN_POINT('',(-0.0787458907423862,-2.212496456314,-1.06710573310862));
#17873=VECTOR('',#20135,1.0);
#17874=COLOUR_RGB('',0.0,0.0,0.0);
#17875=CARTESIAN_POINT('',(0.456666376578693,-2.40934685001479,-1.03675428875885));
#17876=CARTESIAN_POINT('',(0.456666376578693,-1.92580773797944,-1.03675428875885));
#17877=VECTOR('',#20136,1.0);
#17878=CARTESIAN_POINT('',(0.650807168092028,-2.40934685001479,-0.700492574036112));
#17879=VECTOR('',#20137,1.0);
#17880=COLOUR_RGB('',0.0,0.0,0.0);
#17881=CARTESIAN_POINT('',(-1.07072039557336,-2.40934685001479,1.08122907871663));
#17882=CARTESIAN_POINT('',(-1.10745144680355,-2.40934685001479,1.01760903177053));
#17883=VECTOR('',#20138,1.0);
#17884=CARTESIAN_POINT('',(-1.07072039557336,-2.212496456314,1.08122907871663));
#17885=VECTOR('',#20139,1.0);
#17886=COLOUR_RGB('',0.0,0.0,0.0);
#17887=CARTESIAN_POINT('',(0.456605777544226,-2.40934685001479,-0.891343244632779));
#17888=VECTOR('',#20140,1.0);
#17889=COLOUR_RGB('',0.0,0.0,0.0);
#17890=CARTESIAN_POINT('',(0.530065681753323,-2.40934685001479,0.769076635696961));
#17891=CARTESIAN_POINT('',(0.530065681753323,-2.212496456314,0.769076635696961));
#17892=VECTOR('',#20141,1.0);
#17893=CARTESIAN_POINT('',(0.304400052985784,-2.40934685001479,0.769076635696961));
#17894=VECTOR('',#20142,1.0);
#17895=COLOUR_RGB('',0.0,0.0,0.0);
#17896=CARTESIAN_POINT('',(1.06014842250678,-2.40934685001479,-0.500477102900495));
#17897=CARTESIAN_POINT('',(1.09951245616408,-2.40934685001479,-0.432296596615204));
#17898=VECTOR('',#20143,0.999999999999999);
#17899=CARTESIAN_POINT('',(1.06014842250678,-2.212496456314,-0.500477102900495));
#17900=VECTOR('',#20144,1.0);
#17901=COLOUR_RGB('',0.0,0.0,0.0);
#17902=CARTESIAN_POINT('',(-0.0340977569822968,-2.40934685001479,-0.168682536556214));
#17903=VECTOR('',#20145,1.0);
#17904=COLOUR_RGB('',0.0,0.0,0.0);
#17905=CARTESIAN_POINT('',(-0.0787458907423862,-2.40934685001479,-0.715609670116494));
#17906=CARTESIAN_POINT('',(-5.73326207128946E-006,-2.40934685001479,-0.715609670116494));
#17907=VECTOR('',#20146,1.0);
#17908=CARTESIAN_POINT('',(-0.0787458907423862,-2.212496456314,-0.715609670116494));
#17909=VECTOR('',#20147,1.0);
#17910=COLOUR_RGB('',0.0,0.0,0.0);
#17911=CARTESIAN_POINT('',(0.530065681753323,-2.40934685001479,1.47206876168121));
#17912=CARTESIAN_POINT('',(0.530065681753323,-2.212496456314,1.47206876168121));
#17913=VECTOR('',#20148,1.0);
#17914=CARTESIAN_POINT('',(0.304400052985784,-2.40934685001479,1.47206876168121));
#17915=VECTOR('',#20149,1.0);
#17916=COLOUR_RGB('',0.0,0.0,0.0);
#17917=CARTESIAN_POINT('',(1.24811741818399,-2.69871692875494,-0.203893462066433));
#17918=VECTOR('',#20150,1.0);
#17919=CARTESIAN_POINT('',(1.03634204967664,-2.69281141694392,-0.42157434238481));
#17920=VECTOR('',#20151,1.0);
#17921=COLOUR_RGB('',0.0,0.0,0.0);
#17922=CARTESIAN_POINT('',(-1.26217609083215,-2.33454414710183,1.77726195699379));
#17923=CARTESIAN_POINT('',(-1.26217609083215,-2.35029195525122,1.77726195699379));
#17924=VECTOR('',#20152,1.0);
#17925=CARTESIAN_POINT('',(-1.25965017527331,-2.32510417068808,1.78670193340754));
#17926=VECTOR('',#20153,1.0);
#17927=CARTESIAN_POINT('',(-1.27270186484415,-2.40934729670813,1.73792451435359));
#17928=VECTOR('',#20154,1.0);
#17929=COLOUR_RGB('',0.0,0.0,0.0);
#17930=CARTESIAN_POINT('',(0.152194328427341,-2.40934685001479,0.593332604796873));
#17931=VECTOR('',#20155,1.0);
#17932=COLOUR_RGB('',0.0,0.0,0.0);
#17933=CARTESIAN_POINT('',(0.186293030413657,-2.40934685001479,0.797904907019883));
#17934=VECTOR('',#20156,1.0);
#17935=COLOUR_RGB('',0.0,0.0,0.0);
#17936=CARTESIAN_POINT('',(0.456605777544226,-2.40934685001479,0.94482066659705));
#17937=VECTOR('',#20157,1.0);
#17938=COLOUR_RGB('',0.0,0.0,0.0);
#17939=CARTESIAN_POINT('',(0.456605777544226,-2.40934685001479,-0.539847181640652));
#17940=VECTOR('',#20158,1.0);
#17941=COLOUR_RGB('',0.0,0.0,0.0);
#17942=CARTESIAN_POINT('',(0.947304999296761,-2.40934685001479,1.10089312896469));
#17943=VECTOR('',#20159,0.999999999999999);
#17944=COLOUR_RGB('',0.0,0.0,0.0);
#17945=CARTESIAN_POINT('',(0.146914075156123,-2.40934685001479,1.08121062114088));
#17946=CARTESIAN_POINT('',(0.146914075156123,-2.212496456314,1.08121062114088));
#17947=VECTOR('',#20160,1.0);
#17948=CARTESIAN_POINT('',(0.225654232636438,-2.40934685001479,0.944828667788998));
#17949=CARTESIAN_POINT('',(0.338485565680734,-2.40934685001479,0.749399066270551));
#17950=VECTOR('',#20161,0.999999999999999);
#17951=CARTESIAN_POINT('',(0.225654232636438,-2.212496456314,0.944828667788998));
#17952=VECTOR('',#20162,1.0);
#17953=COLOUR_RGB('',0.0,0.0,0.0);
#17954=CARTESIAN_POINT('',(-0.991980238093042,-2.40934685001479,-1.16413361010424));
#17955=CARTESIAN_POINT('',(-0.991980238093042,-2.212496456314,-1.16413361010424));
#17956=VECTOR('',#20163,1.0);
#17957=CARTESIAN_POINT('',(-0.834499923132412,-2.40934685001479,-1.16413361010424));
#17958=CARTESIAN_POINT('',(-0.456622906937399,-2.40934685001479,-1.16413361010424));
#17959=VECTOR('',#20164,1.0);
#17960=CARTESIAN_POINT('',(-0.834499923132412,-2.212496456314,-1.16413361010424));
#17961=VECTOR('',#20165,1.0);
#17962=COLOUR_RGB('',0.0,0.0,0.0);
#17963=CARTESIAN_POINT('',(0.316690272583284,-1.63911901964488,-1.03675428875885));
#17964=VECTOR('',#20166,1.24907063197026);
#17965=CARTESIAN_POINT('',(0.316690272583284,-2.40934685001479,-0.278768605719134));
#17966=VECTOR('',#20167,1.0);
#17967=CARTESIAN_POINT('',(0.316690272583284,-2.40934685001479,-0.812619089536362));
#17968=CARTESIAN_POINT('',(0.316690272583284,-1.92580773797944,-0.812619089536362));
#17969=VECTOR('',#20168,1.0);
#17970=CARTESIAN_POINT('',(0.316690272583284,-2.40934685001479,-0.278768605719134));
#17971=VECTOR('',#20169,1.0);
#17972=COLOUR_RGB('',0.0,0.0,0.0);
#17973=CARTESIAN_POINT('',(0.653055586089738,-2.47627598387305,-1.03675428875885));
#17974=VECTOR('',#20170,1.0);
#17975=CARTESIAN_POINT('',(0.760949921378908,-2.40934685001479,-1.03675428875885));
#17976=CARTESIAN_POINT('',(0.298719904206087,-2.40934685001479,-1.03675428875885));
#17977=VECTOR('',#20171,1.0);
#17978=CARTESIAN_POINT('',(0.760949921378908,-1.92580773797944,-1.03675428875885));
#17979=VECTOR('',#20172,1.0);
#17980=COLOUR_RGB('',0.0,0.0,0.0);
#17981=CARTESIAN_POINT('',(0.456136010163529,-2.40934685001479,1.60011870906162));
#17982=CARTESIAN_POINT('',(0.456136010163529,-2.28139409410927,1.60011870906162));
#17983=VECTOR('',#20173,1.0);
#17984=CARTESIAN_POINT('',(0.718996412459097,-2.40934685001479,1.1448311369877));
#17985=VECTOR('',#20174,0.999999999999999);
#17986=COLOUR_RGB('',0.0,0.0,0.0);
#17987=CARTESIAN_POINT('',(1.2715412461634,-2.39354722743366,1.5459383190085));
#17988=VECTOR('',#20175,1.0);
#17989=COLOUR_RGB('',0.0,0.0,0.0);
#17990=CARTESIAN_POINT('',(0.834477130870208,-2.40934685001479,0.241828540612798));
#17991=CARTESIAN_POINT('',(0.834477130870208,-2.212496456314,0.241828540612798));
#17992=VECTOR('',#20176,1.0);
#17993=CARTESIAN_POINT('',(0.991957445830838,-2.40934685001479,0.241828540612798));
#17994=CARTESIAN_POINT('',(0.456605777544226,-2.40934685001479,0.241828540612798));
#17995=VECTOR('',#20177,1.0);
#17996=CARTESIAN_POINT('',(0.991957445830838,-2.212496456314,0.241828540612798));
#17997=VECTOR('',#20178,1.0);
#17998=COLOUR_RGB('',0.0,0.0,0.0);
#17999=CARTESIAN_POINT('',(1.03634204967664,-2.69281141694392,0.0137874182519439));
#18000=CARTESIAN_POINT('',(1.03634204967664,-2.70462244056597,0.00197639745453762));
#18001=VECTOR('',#20179,1.0);
#18002=CARTESIAN_POINT('',(0.492139848880697,-2.69281141694392,0.0137874182519439));
#18003=VECTOR('',#20180,1.0);
#18004=COLOUR_RGB('',0.0,0.0,0.0);
#18005=CARTESIAN_POINT('',(0.157474581698559,-2.40934685001479,1.25696510842477));
#18006=CARTESIAN_POINT('',(0.157474581698559,-2.212496456314,1.25696510842477));
#18007=VECTOR('',#20181,1.0);
#18008=CARTESIAN_POINT('',(0.0787344242182436,-2.40934685001479,1.39334706177665));
#18009=CARTESIAN_POINT('',(0.346407892869448,-2.40934685001479,0.92972301423457));
#18010=VECTOR('',#20182,1.0);
#18011=CARTESIAN_POINT('',(0.0787344242182436,-2.212496456314,1.39334706177665));
#18012=VECTOR('',#20183,1.0);
#18013=COLOUR_RGB('',0.0,0.0,0.0);
#18014=CARTESIAN_POINT('',(0.118104502958401,-2.40934685001479,0.270667896124335));
#18015=VECTOR('',#20184,1.0);
#18016=COLOUR_RGB('',0.0,0.0,0.0);
#18017=CARTESIAN_POINT('',(-0.157486048222701,-2.40934685001479,1.25696510842477));
#18018=CARTESIAN_POINT('',(-0.157486048222701,-2.212496456314,1.25696510842477));
#18019=VECTOR('',#20185,1.0);
#18020=CARTESIAN_POINT('',(0.110187420428503,-2.40934685001479,0.79334106088269));
#18021=VECTOR('',#20186,0.999999999999999);
#18022=COLOUR_RGB('',0.0,0.0,0.0);
#18023=CARTESIAN_POINT('',(-0.937267286862507,-2.70462244056597,-0.393766554066243));
#18024=VECTOR('',#20187,1.0);
#18025=COLOUR_RGB('',0.0,0.0,0.0);
#18026=CARTESIAN_POINT('',(-0.349422933317617,-2.33454414710183,1.77726195699379));
#18027=VECTOR('',#20188,1.0);
#18028=CARTESIAN_POINT('',(-1.41734177512098,-2.34241816284986,1.76938794124576));
#18029=VECTOR('',#20189,1.0);
#18030=COLOUR_RGB('',0.0,0.0,0.0);
#18031=CARTESIAN_POINT('',(0.821809493181272,-2.47627598387305,-0.971745084050395));
#18032=CARTESIAN_POINT('',(0.821809493181272,-2.26935338973999,-0.971745084050395));
#18033=VECTOR('',#20190,1.0);
#18034=CARTESIAN_POINT('',(0.821809493181272,-2.47627598387305,-0.397523661954981));
#18035=VECTOR('',#20191,1.0);
#18036=COLOUR_RGB('',0.0,0.0,0.0);
#18037=CARTESIAN_POINT('',(-0.157486048222701,-2.40934685001479,0.553972982440521));
#18038=CARTESIAN_POINT('',(-0.157486048222701,-2.212496456314,0.553972982440521));
#18039=VECTOR('',#20192,1.0);
#18040=CARTESIAN_POINT('',(-0.0420148395121949,-2.40934685001479,0.353970982142533));
#18041=VECTOR('',#20193,0.999999999999999);
#18042=COLOUR_RGB('',0.0,0.0,0.0);
#18043=CARTESIAN_POINT('',(-0.146936867418327,-2.40934685001479,1.43271714051681));
#18044=CARTESIAN_POINT('',(-0.414610336069532,-2.40934685001479,0.969093092974727));
#18045=VECTOR('',#20194,1.0);
#18046=CARTESIAN_POINT('',(-0.146936867418327,-2.212496456314,1.43271714051681));
#18047=VECTOR('',#20195,1.0);
#18048=COLOUR_RGB('',0.0,0.0,0.0);
#18049=CARTESIAN_POINT('',(0.152194328427341,-2.40934685001479,-0.812619089536362));
#18050=VECTOR('',#20196,1.0);
#18051=COLOUR_RGB('',0.0,0.0,0.0);
#18052=CARTESIAN_POINT('',(1.2597031237432,-2.32519774477664,-1.38163487436259));
#18053=VECTOR('',#20197,1.0);
#18054=COLOUR_RGB('',0.0,0.0,0.0);
#18055=CARTESIAN_POINT('',(0.490704479530542,-2.40934685001479,0.622152874927846));
#18056=VECTOR('',#20198,1.0);
#18057=COLOUR_RGB('',0.0,0.0,0.0);
#18058=CARTESIAN_POINT('',(0.687545996713953,-2.40934685001479,0.690344479408597));
#18059=CARTESIAN_POINT('',(0.726913494988995,-2.40934685001479,0.622157972229344));
#18060=VECTOR('',#20199,1.0);
#18061=CARTESIAN_POINT('',(0.687545996713953,-2.212496456314,0.690344479408597));
#18062=VECTOR('',#20200,1.0);
#18063=COLOUR_RGB('',0.0,0.0,0.0);
#18064=CARTESIAN_POINT('',(0.383134547597067,-2.40934685001479,0.163136943151651));
#18065=CARTESIAN_POINT('',(0.383134547597067,-2.212496456314,0.163136943151651));
#18066=VECTOR('',#20201,1.0);
#18067=CARTESIAN_POINT('',(0.152194328427341,-2.40934685001479,0.163136943151651));
#18068=VECTOR('',#20202,1.0);
#18069=COLOUR_RGB('',0.0,0.0,0.0);
#18070=COLOUR_RGB('',0.0,0.0,0.0);
#18071=CARTESIAN_POINT('',(-0.858576266315041,-2.4880870074951,-1.02609198906345));
#18072=CARTESIAN_POINT('',(0.0678395803789955,-2.4880870074951,-1.02609198906345));
#18073=VECTOR('',#20203,1.0);
#18074=CARTESIAN_POINT('',(0.0678395803789955,-2.47627598387305,-1.01428096544141));
#18075=VECTOR('',#20204,1.0);
#18076=CARTESIAN_POINT('',(-0.846765242692994,-2.47627598387305,-1.01428096544141));
#18077=VECTOR('',#20205,1.0);
#18078=COLOUR_RGB('',0.0,0.0,0.0);
#18079=CARTESIAN_POINT('',(-0.262408076128834,-2.40934685001479,0.529723014234571));
#18080=VECTOR('',#20206,1.0);
#18081=COLOUR_RGB('',0.0,0.0,0.0);
#18082=CARTESIAN_POINT('',(1.41730389417036,-2.29123661379431,1.77726195699379));
#18083=VECTOR('',#20207,1.0);
#18084=AXIS2_PLACEMENT_3D('',#20208,#20209,#20210);
#18085=COLOUR_RGB('',0.0,0.0,0.0);
#18086=CARTESIAN_POINT('',(-0.608828631495841,-2.40934685001479,-0.285397453219902));
#18087=VECTOR('',#20211,1.0);
#18088=COLOUR_RGB('',0.0,0.0,0.0);
#18089=CARTESIAN_POINT('',(0.346405443648763,-2.40934685001479,0.226753617306592));
#18090=VECTOR('',#20212,1.0);
#18091=COLOUR_RGB('',0.0,0.0,0.0);
#18092=CARTESIAN_POINT('',(0.338485565680734,-2.40934685001479,-0.344425581314153));
#18093=VECTOR('',#20213,0.999999999999999);
#18094=COLOUR_RGB('',0.0,0.0,0.0);
#18095=CARTESIAN_POINT('',(1.13888857998709,-2.40934685001479,0.690336478216647));
#18096=CARTESIAN_POINT('',(1.13888857998709,-2.212496456314,0.690336478216647));
#18097=VECTOR('',#20214,1.0);
#18098=CARTESIAN_POINT('',(0.871217058617776,-2.40934685001479,0.22671580346573));
#18099=VECTOR('',#20215,1.0);
#18100=COLOUR_RGB('',0.0,0.0,0.0);
#18101=CARTESIAN_POINT('',(0.766286154194268,-2.40934685001479,1.25695465204097));
#18102=CARTESIAN_POINT('',(0.422513502854602,-2.40934685001479,0.661522953668003));
#18103=VECTOR('',#20216,1.0);
#18104=CARTESIAN_POINT('',(0.766286154194268,-2.212496456314,1.25695465204097));
#18105=VECTOR('',#20217,1.0);
#18106=COLOUR_RGB('',0.0,0.0,0.0);
#18107=CARTESIAN_POINT('',(-1.1389113722493,-2.40934685001479,0.417607031472538));
#18108=CARTESIAN_POINT('',(-0.608828631495841,-2.40934685001479,0.417607031472538));
#18109=VECTOR('',#20218,1.0);
#18110=CARTESIAN_POINT('',(-1.1389113722493,-2.212496456314,0.417607031472538));
#18111=VECTOR('',#20219,1.0);
#18112=COLOUR_RGB('',0.0,0.0,0.0);
#18113=CARTESIAN_POINT('',(-0.454416703411718,-2.40934685001479,0.0137874182519439));
#18114=CARTESIAN_POINT('',(-0.454416703411718,-1.87832240908925,0.0137874182519439));
#18115=VECTOR('',#20220,1.0);
#18116=CARTESIAN_POINT('',(-0.461897497339587,-2.40934685001479,0.0267445334159652));
#18117=CARTESIAN_POINT('',(-0.461897497339587,-2.212496456314,0.0267445334159652));
#18118=VECTOR('',#20221,1.0);
#18119=CARTESIAN_POINT('',(-0.42252741859943,-2.40934685001479,-0.0414464432599748));
#18120=VECTOR('',#20222,1.0);
#18121=COLOUR_RGB('',0.0,0.0,0.0);
#18122=CARTESIAN_POINT('',(-0.0787458907423862,-2.40934685001479,1.39334706177665));
#18123=CARTESIAN_POINT('',(-5.73326207127622E-006,-2.40934685001479,1.39334706177665));
#18124=VECTOR('',#20223,1.0);
#18125=CARTESIAN_POINT('',(-0.0787458907423862,-2.212496456314,1.39334706177665));
#18126=VECTOR('',#20224,1.0);
#18127=COLOUR_RGB('',0.0,0.0,0.0);
#18128=CARTESIAN_POINT('',(-0.947332104332953,-2.40934685001479,1.10091211778872));
#18129=VECTOR('',#20225,1.0);
#18130=COLOUR_RGB('',0.0,0.0,0.0);
#18131=CARTESIAN_POINT('',(-1.07072039557336,-2.40934685001479,0.0267365322240163));
#18132=CARTESIAN_POINT('',(-1.07072039557336,-2.212496456314,0.0267365322240163));
#18133=VECTOR('',#20226,1.0);
#18134=CARTESIAN_POINT('',(-0.955249186862851,-2.40934685001479,-0.173265468073971));
#18135=VECTOR('',#20227,1.0);
#18136=COLOUR_RGB('',0.0,0.0,0.0);
#18137=CARTESIAN_POINT('',(0.414596420324704,-2.40934685001479,0.266123696046749));
#18138=VECTOR('',#20228,1.0);
#18139=COLOUR_RGB('',0.0,0.0,0.0);
#18140=CARTESIAN_POINT('',(-0.225677024898642,-2.40934685001479,-1.16412560891229));
#18141=CARTESIAN_POINT('',(-0.152211457820514,-2.40934685001479,-1.16412560891229));
#18142=VECTOR('',#20229,1.0);
#18143=CARTESIAN_POINT('',(-0.225677024898642,-2.212496456314,-1.16412560891229));
#18144=VECTOR('',#20230,1.0);
#18145=COLOUR_RGB('',0.0,0.0,0.0);
#18146=AXIS2_PLACEMENT_3D('',#20231,#20232,#20233);
#18147=CARTESIAN_POINT('',(1.21160562963791,-2.39359881851872,-1.19514522410522));
#18148=AXIS2_PLACEMENT_3D('',#20234,#20235,#20236);
#18149=AXIS2_PLACEMENT_3D('',#20237,#20238,#20239);
#18150=COLOUR_RGB('',0.0,0.0,0.0);
#18151=CARTESIAN_POINT('',(-1.1389113722493,-2.40934685001479,-0.988397580396104));
#18152=CARTESIAN_POINT('',(-0.719026982113034,-2.40934685001479,-0.261136483375022));
#18153=VECTOR('',#20240,1.0);
#18154=CARTESIAN_POINT('',(-1.1389113722493,-2.28297494032764,-0.988397580396104));
#18155=VECTOR('',#20241,1.0);
#18156=COLOUR_RGB('',0.0,0.0,0.0);
#18157=CARTESIAN_POINT('',(-0.766308946456473,-2.40934685001479,1.25697310961672));
#18158=CARTESIAN_POINT('',(-0.766308946456473,-2.212496456314,1.25697310961672));
#18159=VECTOR('',#20242,1.0);
#18160=CARTESIAN_POINT('',(-0.422530883217176,-2.40934685001479,0.661532037558629));
#18161=VECTOR('',#20243,0.999999999999999);
#18162=COLOUR_RGB('',0.0,0.0,0.0);
#18163=COLOUR_RGB('',0.0,0.0,0.0);
#18164=CARTESIAN_POINT('',(0.719001609385714,-2.40934685001479,0.441838010854455));
#18165=VECTOR('',#20244,0.999999999999999);
#18166=COLOUR_RGB('',0.0,0.0,0.0);
#18167=CARTESIAN_POINT('',(-0.383157339859272,-2.40934685001479,0.241846998188551));
#18168=CARTESIAN_POINT('',(-0.346424556320209,-2.40934685001479,0.178223950795464));
#18169=VECTOR('',#20245,0.999999999999999);
#18170=CARTESIAN_POINT('',(-0.383157339859272,-2.212496456314,0.241846998188551));
#18171=VECTOR('',#20246,1.0);
#18172=COLOUR_RGB('',0.0,0.0,0.0);
#18173=CARTESIAN_POINT('',(-0.383157339859272,-2.40934685001479,0.163126486767846));
#18174=CARTESIAN_POINT('',(-0.383157339859272,-2.212496456314,0.163126486767846));
#18175=VECTOR('',#20247,1.0);
#18176=CARTESIAN_POINT('',(-0.346424556320209,-2.40934685001479,0.226749534160934));
#18177=VECTOR('',#20248,0.999999999999999);
#18178=COLOUR_RGB('',0.0,0.0,0.0);
#18179=CARTESIAN_POINT('',(0.360818071738204,-2.4880870074951,-0.983556107672442));
#18180=CARTESIAN_POINT('',(0.833620516803319,-2.4880870074951,-0.983556107672442));
#18181=CARTESIAN_POINT('',(0.653033028684926,-2.4880870074951,-0.983556107672442));
#18182=VECTOR('',#20249,1.0);
#18183=CARTESIAN_POINT('',(0.833620516803319,-2.4880870074951,-0.983556107672442));
#18184=VECTOR('',#20250,1.0);
#18185=CARTESIAN_POINT('',(0.372629095360252,-2.47627598387305,-0.971745084050395));
#18186=CARTESIAN_POINT('',(0.653033028684926,-2.47627598387305,-0.971745084050395));
#18187=VECTOR('',#20251,1.0);
#18188=CARTESIAN_POINT('',(0.372629095360252,-2.47627598387305,-0.971745084050395));
#18189=VECTOR('',#20252,1.0);
#18190=COLOUR_RGB('',0.0,0.0,0.0);
#18191=CARTESIAN_POINT('',(-0.146936867418327,-2.40934685001479,-0.676247592568286));
#18192=CARTESIAN_POINT('',(0.0419981760614341,-2.40934685001479,-0.349002497931103));
#18193=VECTOR('',#20253,1.0);
#18194=CARTESIAN_POINT('',(-0.146936867418327,-2.212496456314,-0.676247592568286));
#18195=VECTOR('',#20254,1.0);
#18196=COLOUR_RGB('',0.0,0.0,0.0);
#18197=CARTESIAN_POINT('',(1.13888857998709,-2.40934685001479,1.12056469749714));
#18198=CARTESIAN_POINT('',(1.17561358613442,-2.40934685001479,1.05695512094168));
#18199=VECTOR('',#20255,0.999999999999999);
#18200=CARTESIAN_POINT('',(1.13888857998709,-2.212496456314,1.12056469749714));
#18201=VECTOR('',#20256,1.0);
#18202=COLOUR_RGB('',0.0,0.0,0.0);
#18203=CARTESIAN_POINT('',(0.461874705077382,-2.40934685001479,1.432706684133));
#18204=CARTESIAN_POINT('',(0.461874705077382,-2.212496456314,1.432706684133));
#18205=VECTOR('',#20257,1.0);
#18206=CARTESIAN_POINT('',(0.383134547597067,-2.40934685001479,1.56908863748489));
#18207=CARTESIAN_POINT('',(0.650807168092028,-2.40934685001479,1.10546605899251));
#18208=VECTOR('',#20258,1.0);
#18209=CARTESIAN_POINT('',(0.383134547597067,-2.212496456314,1.56908863748489));
#18210=VECTOR('',#20259,1.0);
#18211=COLOUR_RGB('',0.0,0.0,0.0);
#18212=CARTESIAN_POINT('',(-0.299207696801484,-0.516857326030731,-1.01428096544141));
#18213=VECTOR('',#20260,1.0);
#18214=COLOUR_RGB('',0.0,0.0,0.0);
#18215=CARTESIAN_POINT('',(-0.879142859965886,-2.40934685001479,0.358558557484994));
#18216=VECTOR('',#20261,0.999999999999999);
#18217=COLOUR_RGB('',0.0,0.0,0.0);
#18218=COLOUR_RGB('',0.0,0.0,0.0);
#18219=CARTESIAN_POINT('',(-1.23368686892888E-005,-2.40934685001479,1.60011870906162));
#18220=VECTOR('',#20262,1.0);
#18221=COLOUR_RGB('',0.0,0.0,0.0);
#18222=COLOUR_RGB('',0.0,0.0,0.0);
#18223=CARTESIAN_POINT('',(1.56691019338296,-2.34241816284986,-1.21480815707676));
#18224=VECTOR('',#20263,1.0);
#18225=COLOUR_RGB('',0.0,0.0,0.0);
#18226=CARTESIAN_POINT('',(-1.23368686892888E-005,-2.40934685001479,1.60011870906162));
#18227=VECTOR('',#20264,1.0);
#18228=COLOUR_RGB('',0.0,0.0,0.0);
#18229=COLOUR_RGB('',0.0,0.0,0.0);
#18230=CARTESIAN_POINT('',(0.879115754929693,-2.40934685001479,1.0615280509695));
#18231=VECTOR('',#20265,1.0);
#18232=COLOUR_RGB('',0.0,0.0,0.0);
#18233=CARTESIAN_POINT('',(-1.53551598763774,-2.40934729670813,-1.07024883506354));
#18234=VECTOR('',#20266,1.0);
#18235=COLOUR_RGB('',0.0,0.0,0.0);
#18236=CARTESIAN_POINT('',(1.13888857998709,-2.40934685001479,0.769068634505011));
#18237=CARTESIAN_POINT('',(1.09951245616408,-2.40934685001479,0.837270081571601));
#18238=VECTOR('',#20267,0.999999999999999);
#18239=CARTESIAN_POINT('',(1.13888857998709,-2.212496456314,0.769068634505011));
#18240=VECTOR('',#20268,1.0);
#18241=COLOUR_RGB('',0.0,0.0,0.0);
#18242=CARTESIAN_POINT('',(-0.225677024898642,-2.40934685001479,0.163126486767846));
#18243=CARTESIAN_POINT('',(-0.186306946158485,-2.40934685001479,0.0949355100919054));
#18244=VECTOR('',#20269,1.0);
#18245=CARTESIAN_POINT('',(-0.225677024898642,-2.212496456314,0.163126486767846));
#18246=VECTOR('',#20270,1.0);
#18247=COLOUR_RGB('',0.0,0.0,0.0);
#18248=CARTESIAN_POINT('',(-0.650839470054839,-2.40934685001479,0.705470045581639));
#18249=VECTOR('',#20271,0.999999999999999);
#18250=COLOUR_RGB('',0.0,0.0,0.0);
#18251=CARTESIAN_POINT('',(1.0623087723634,-2.40934685001479,0.0122331095741044));
#18252=CARTESIAN_POINT('',(1.0623087723634,-2.35029173190455,0.0122331095741044));
#18253=VECTOR('',#20272,1.0);
#18254=CARTESIAN_POINT('',(0.955222081826659,-2.40934685001479,-0.173246479249938));
#18255=VECTOR('',#20273,1.0);
#18256=COLOUR_RGB('',0.0,0.0,0.0);
#18257=CARTESIAN_POINT('',(0.879127211912185,-2.40934685001479,0.0464008428358091));
#18258=VECTOR('',#20274,1.0);
#18259=COLOUR_RGB('',0.0,0.0,0.0);
#18260=CARTESIAN_POINT('',(0.653055586089738,-2.4880870074951,-1.0249432651368));
#18261=VECTOR('',#20275,1.0);
#18262=COLOUR_RGB('',0.0,0.0,0.0);
#18263=CARTESIAN_POINT('',(1.25008864788446,-2.40934685001479,-0.988355119244501));
#18264=CARTESIAN_POINT('',(0.608811502102668,-2.40934685001479,-0.988355119244501));
#18265=VECTOR('',#20276,1.0);
#18266=CARTESIAN_POINT('',(1.25008864788446,-2.28139409410927,-0.988355119244501));
#18267=VECTOR('',#20277,1.0);
#18268=COLOUR_RGB('',0.0,0.0,0.0);
#18269=COLOUR_RGB('',0.0,0.0,0.0);
#18270=CARTESIAN_POINT('',(-0.915209935929433,-2.47627598387305,-0.392680642468707));
#18271=VECTOR('',#20278,1.0);
#18272=CARTESIAN_POINT('',(-0.903398912307386,-2.4880870074951,-0.392680642468707));
#18273=VECTOR('',#20279,1.0);
#18274=COLOUR_RGB('',0.0,0.0,0.0);
#18275=CARTESIAN_POINT('',(0.795115928647427,-2.40934685001479,-0.0414273578794111));
#18276=VECTOR('',#20280,1.0);
#18277=COLOUR_RGB('',0.0,0.0,0.0);
#18278=CARTESIAN_POINT('',(-0.0341029539089147,-2.40934685001479,-0.129317458561025));
#18279=VECTOR('',#20281,1.0);
#18280=COLOUR_RGB('',0.0,0.0,0.0);
#18281=COLOUR_RGB('',0.0,0.0,0.0);
#18282=CARTESIAN_POINT('',(-1.1389113722493,-2.40934685001479,0.769103094464664));
#18283=CARTESIAN_POINT('',(-0.608828631495841,-2.40934685001479,0.769103094464664));
#18284=VECTOR('',#20282,1.0);
#18285=CARTESIAN_POINT('',(-1.1389113722493,-2.212496456314,0.769103094464664));
#18286=VECTOR('',#20283,1.0);
#18287=COLOUR_RGB('',0.0,0.0,0.0);
#18288=CARTESIAN_POINT('',(0.763228423804092,-2.40934685001479,0.0137874182519439));
#18289=CARTESIAN_POINT('',(0.763228423804092,-1.87832240908925,0.0137874182519439));
#18290=VECTOR('',#20284,1.0);
#18291=CARTESIAN_POINT('',(0.246067057809313,-2.40934685001479,0.0137874182519439));
#18292=VECTOR('',#20285,1.0);
#18293=CARTESIAN_POINT('',(0.246067057809313,-2.40934685001479,0.0137874182519439));
#18294=VECTOR('',#20286,1.0);
#18295=CARTESIAN_POINT('',(0.246067057809313,-2.40934685001479,0.0137874182519439));
#18296=VECTOR('',#20287,1.0);
#18297=CARTESIAN_POINT('',(1.03634204967664,-1.5441483618645,0.0137874182519439));
#18298=VECTOR('',#20288,1.10581887201735);
#18299=COLOUR_RGB('',0.0,0.0,0.0);
#18300=CARTESIAN_POINT('',(0.372629095360252,-2.47627598387305,-0.397523661954981));
#18301=VECTOR('',#20289,1.0);
#18302=CARTESIAN_POINT('',(0.372629095360252,-2.26935338973999,-0.971745084050395));
#18303=VECTOR('',#20290,1.0);
#18304=COLOUR_RGB('',0.0,0.0,0.0);
#18305=CARTESIAN_POINT('',(0.833620516803319,-2.4880870074951,-0.397523661954981));
#18306=VECTOR('',#20291,1.0);
#18307=COLOUR_RGB('',0.0,0.0,0.0);
#18308=AXIS2_PLACEMENT_3D('',#20292,#20293,#20294);
#18309=COLOUR_RGB('',0.0,0.0,0.0);
#18310=CARTESIAN_POINT('',(-1.33576176595008,-2.40934685001479,-0.568702539536087));
#18311=VECTOR('',#20295,1.0);
#18312=COLOUR_RGB('',0.0,0.0,0.0);
#18313=CARTESIAN_POINT('',(0.64290673947124,-2.40934685001479,0.222190688768708));
#18314=VECTOR('',#20296,1.0);
#18315=COLOUR_RGB('',0.0,0.0,0.0);
#18316=CARTESIAN_POINT('',(-0.687568788976158,-2.40934685001479,0.769095093272714));
#18317=CARTESIAN_POINT('',(-0.498632013187525,-2.40934685001479,0.441846998188551));
#18318=VECTOR('',#20297,0.999999999999999);
#18319=CARTESIAN_POINT('',(-0.687568788976158,-2.212496456314,0.769095093272714));
#18320=VECTOR('',#20298,1.0);
#18321=COLOUR_RGB('',0.0,0.0,0.0);
#18322=CARTESIAN_POINT('',(-1.09954129350914,-2.40934685001479,0.837294071140604));
#18323=VECTOR('',#20299,1.0);
#18324=COLOUR_RGB('',0.0,0.0,0.0);
#18325=CARTESIAN_POINT('',(-0.152211457820514,-2.40934685001479,0.163126486767846));
#18326=VECTOR('',#20300,1.0);
#18327=COLOUR_RGB('',0.0,0.0,0.0);
#18328=CARTESIAN_POINT('',(-0.696582337717947,-2.40934685001479,-1.08272565867785));
#18329=CARTESIAN_POINT('',(-0.696582337717947,-0.955569393221574,-1.08272565867785));
#18330=VECTOR('',#20301,1.0);
#18331=CARTESIAN_POINT('',(-0.346429753246827,-2.40934685001479,-0.47624359197231));
#18332=VECTOR('',#20302,0.999999999999999);
#18333=COLOUR_RGB('',0.0,0.0,0.0);
#18334=CARTESIAN_POINT('',(0.755736973389894,-2.40934685001479,0.729706556956805));
#18335=CARTESIAN_POINT('',(0.755736973389894,-2.212496456314,0.729706556956805));
#18336=VECTOR('',#20303,1.0);
#18337=CARTESIAN_POINT('',(0.834477130870208,-2.40934685001479,0.593324603604924));
#18338=CARTESIAN_POINT('',(0.795102739356063,-2.40934685001479,0.661523050224533));
#18339=VECTOR('',#20304,0.999999999999999);
#18340=CARTESIAN_POINT('',(0.834477130870208,-2.212496456314,0.593324603604924));
#18341=VECTOR('',#20305,1.0);
#18342=COLOUR_RGB('',0.0,0.0,0.0);
#18343=AXIS2_PLACEMENT_3D('',#20306,#20307,#20308);
#18344=AXIS2_PLACEMENT_3D('',#20309,#20310,#20311);
#18345=COLOUR_RGB('',0.0,0.0,0.0);
#18346=CARTESIAN_POINT('',(-0.110198886952646,-2.40934685001479,0.79334106088269));
#18347=VECTOR('',#20312,1.0);
#18348=COLOUR_RGB('',0.0,0.0,0.0);
#18349=COLOUR_RGB('',0.0,0.0,0.0);
#18350=AXIS2_PLACEMENT_3D('',#20313,#20314,#20315);
#18351=AXIS2_PLACEMENT_3D('',#20316,#20317,#20318);
#18352=COLOUR_RGB('',0.0,0.0,0.0);
#18353=CARTESIAN_POINT('',(-0.157486048222701,-2.40934685001479,-0.851991623468375));
#18354=CARTESIAN_POINT('',(-0.157486048222701,-2.212496456314,-0.851991623468375));
#18355=VECTOR('',#20319,1.0);
#18356=CARTESIAN_POINT('',(-0.346419359393591,-2.40934685001479,-0.524749529278173));
#18357=VECTOR('',#20320,1.0);
#18358=COLOUR_RGB('',0.0,0.0,0.0);
#18359=CARTESIAN_POINT('',(-1.1835525767739,-2.40934685001479,-0.832320586184206));
#18360=VECTOR('',#20321,1.0);
#18361=COLOUR_RGB('',0.0,0.0,0.0);
#18362=CARTESIAN_POINT('',(-0.719021785186417,-2.40934685001479,1.14484512506676));
#18363=VECTOR('',#20322,1.0);
#18364=COLOUR_RGB('',0.0,0.0,0.0);
#18365=CARTESIAN_POINT('',(-1.06017121476898,-2.40934685001479,0.553988984824419));
#18366=CARTESIAN_POINT('',(-1.02344016353879,-2.40934685001479,0.617609031770525));
#18367=VECTOR('',#20323,1.0);
#18368=CARTESIAN_POINT('',(-1.06017121476898,-2.212496456314,0.553988984824419));
#18369=VECTOR('',#20324,1.0);
#18370=COLOUR_RGB('',0.0,0.0,0.0);
#18371=CARTESIAN_POINT('',(1.29636889494772,-2.40934685001479,-0.364095149548614));
#18372=CARTESIAN_POINT('',(1.03133640108837,-2.40934685001479,0.0949545954724693));
#18373=VECTOR('',#20325,1.0);
#18374=CARTESIAN_POINT('',(1.29636889494772,-2.212496456314,-0.364095149548614));
#18375=VECTOR('',#20326,1.0);
#18376=COLOUR_RGB('',0.0,0.0,0.0);
#18377=CARTESIAN_POINT('',(-0.755759765652097,-2.40934685001479,0.729733015724507));
#18378=CARTESIAN_POINT('',(-0.755759765652097,-2.212496456314,0.729733015724507));
#18379=VECTOR('',#20327,1.0);
#18380=CARTESIAN_POINT('',(-0.834499923132412,-2.40934685001479,0.866114969076388));
#18381=CARTESIAN_POINT('',(-0.566821257554592,-2.40934685001479,0.402481920193362));
#18382=VECTOR('',#20328,1.0);
#18383=CARTESIAN_POINT('',(-0.834499923132412,-2.212496456314,0.866114969076388));
#18384=VECTOR('',#20329,1.0);
#18385=COLOUR_RGB('',0.0,0.0,0.0);
#18386=CARTESIAN_POINT('',(0.456605777544226,-2.40934685001479,0.593324603604924));
#18387=VECTOR('',#20330,1.0);
#18388=COLOUR_RGB('',0.0,0.0,0.0);
#18389=CARTESIAN_POINT('',(-0.787499020462207,-2.40934685001479,-1.08272565867785));
#18390=CARTESIAN_POINT('',(-0.787499020462207,-0.955569393221574,-1.08272565867785));
#18391=VECTOR('',#20331,1.0);
#18392=CARTESIAN_POINT('',(-0.414618997613894,-2.40934685001479,-0.436878513977122));
#18393=VECTOR('',#20332,1.0);
#18394=COLOUR_RGB('',0.0,0.0,0.0);
#18395=CARTESIAN_POINT('',(0.456136010163529,-2.40934685001479,-1.19514522410522));
#18396=CARTESIAN_POINT('',(0.456136010163529,-2.28139409410927,-1.19514522410522));
#18397=VECTOR('',#20333,1.0);
#18398=CARTESIAN_POINT('',(-1.23368686892888E-005,-2.40934685001479,-1.19514522410522));
#18399=VECTOR('',#20334,1.0);
#18400=COLOUR_RGB('',0.0,0.0,0.0);
#18401=CARTESIAN_POINT('',(-0.225677024898642,-2.40934685001479,1.21760303087656));
#18402=CARTESIAN_POINT('',(0.0419981760614341,-2.40934685001479,0.7539759828875));
#18403=VECTOR('',#20335,1.0);
#18404=CARTESIAN_POINT('',(-0.225677024898642,-2.212496456314,1.21760303087656));
#18405=VECTOR('',#20336,1.0);
#18406=COLOUR_RGB('',0.0,0.0,0.0);
#18407=CARTESIAN_POINT('',(-0.152669525336177,-2.40934685001479,-1.19514522410522));
#18408=CARTESIAN_POINT('',(-0.152669525336177,-2.28139409410927,-1.19514522410522));
#18409=VECTOR('',#20337,1.0);
#18410=CARTESIAN_POINT('',(0.186288550398852,-2.40934685001479,-0.608052615296371));
#18411=VECTOR('',#20338,0.999999999999999);
#18412=COLOUR_RGB('',0.0,0.0,0.0);
#18413=CARTESIAN_POINT('',(-0.225677024898642,-2.40934685001479,0.514610904892313));
#18414=CARTESIAN_POINT('',(-0.110204083879264,-2.40934685001479,0.314605904147344));
#18415=VECTOR('',#20339,1.0);
#18416=CARTESIAN_POINT('',(-0.225677024898642,-2.212496456314,0.514610904892313));
#18417=VECTOR('',#20340,1.0);
#18418=COLOUR_RGB('',0.0,0.0,0.0);
#18419=CARTESIAN_POINT('',(-0.915209935929433,0.30135766987085,-1.08272565867785));
#18420=VECTOR('',#20341,1.25);
#18421=CARTESIAN_POINT('',(-0.286496101504655,-2.40934685001479,-1.08272565867785));
#18422=VECTOR('',#20342,1.0);
#18423=CARTESIAN_POINT('',(-0.286496101504655,-2.40934685001479,-1.08272565867785));
#18424=VECTOR('',#20343,1.0);
#18425=COLOUR_RGB('',0.0,0.0,0.0);
#18426=CARTESIAN_POINT('',(-1.09954129350914,-2.40934685001479,-0.432320586184207));
#18427=VECTOR('',#20344,1.0);
#18428=COLOUR_RGB('',0.0,0.0,0.0);
#18429=COLOUR_RGB('',0.0,0.0,0.0);
#18430=CARTESIAN_POINT('',(1.35958888812956,-2.40934685001479,1.2838283639558));
#18431=CARTESIAN_POINT('',(1.35958888812956,-2.28139409410927,1.2838283639558));
#18432=VECTOR('',#20345,1.0);
#18433=CARTESIAN_POINT('',(1.22046682473287,-2.40934685001479,1.4229504273525));
#18434=VECTOR('',#20346,1.0);
#18435=COLOUR_RGB('',0.0,0.0,0.0);
#18436=CARTESIAN_POINT('',(0.118099306031783,-2.40934685001479,-0.568687537301182));
#18437=VECTOR('',#20347,1.0);
#18438=COLOUR_RGB('',0.0,0.0,0.0);
#18439=CARTESIAN_POINT('',(-0.270318229423242,-2.40934685001479,-0.305064489908095));
#18440=VECTOR('',#20348,1.0);
#18441=COLOUR_RGB('',0.0,0.0,0.0);
#18442=CARTESIAN_POINT('',(-0.194217099452893,-2.40934685001479,0.490352935494413));
#18443=VECTOR('',#20349,1.0);
#18444=COLOUR_RGB('',0.0,0.0,0.0);
#18445=CARTESIAN_POINT('',(-0.152211457820514,-2.40934685001479,0.514610904892313));
#18446=VECTOR('',#20350,1.0);
#18447=COLOUR_RGB('',0.0,0.0,0.0);
#18448=CARTESIAN_POINT('',(-0.766308946456473,-2.40934685001479,0.553980983632469));
#18449=CARTESIAN_POINT('',(-0.726938867716316,-2.40934685001479,0.622171960308409));
#18450=VECTOR('',#20351,1.0);
#18451=CARTESIAN_POINT('',(-0.766308946456473,-2.212496456314,0.553980983632469));
#18452=VECTOR('',#20352,1.0);
#18453=COLOUR_RGB('',0.0,0.0,0.0);
#18454=CARTESIAN_POINT('',(0.225654232636438,-2.40934685001479,1.56908863748489));
#18455=CARTESIAN_POINT('',(0.152194328427341,-2.40934685001479,1.56908863748489));
#18456=VECTOR('',#20353,1.0);
#18457=CARTESIAN_POINT('',(0.225654232636438,-2.212496456314,1.56908863748489));
#18458=VECTOR('',#20354,1.0);
#18459=COLOUR_RGB('',0.0,0.0,0.0);
#18460=CARTESIAN_POINT('',(-0.991980238093042,-2.40934685001479,0.514618906084262));
#18461=CARTESIAN_POINT('',(-0.991980238093042,-2.212496456314,0.514618906084262));
#18462=VECTOR('',#20355,1.0);
#18463=CARTESIAN_POINT('',(-0.955249186862851,-2.40934685001479,0.578238953030368));
#18464=VECTOR('',#20356,1.0);
#18465=COLOUR_RGB('',0.0,0.0,0.0);
#18466=CARTESIAN_POINT('',(-0.719028714421906,-2.40934685001479,-0.0368835147220907));
#18467=VECTOR('',#20357,1.0);
#18468=COLOUR_RGB('',0.0,0.0,0.0);
#18469=CARTESIAN_POINT('',(-0.650837737745967,-2.40934685001479,0.40248692093833));
#18470=VECTOR('',#20358,1.0);
#18471=COLOUR_RGB('',0.0,0.0,0.0);
#18472=CARTESIAN_POINT('',(1.35958888812956,-2.40934685001479,-0.878854878999406));
#18473=CARTESIAN_POINT('',(1.35958888812956,-2.28139409410927,-0.878854878999407));
#18474=VECTOR('',#20359,1.0);
#18475=CARTESIAN_POINT('',(1.22046682473287,-2.40934685001479,-1.0179769423961));
#18476=VECTOR('',#20360,1.0);
#18477=COLOUR_RGB('',0.0,0.0,0.0);
#18478=CARTESIAN_POINT('',(0.110187420428503,-2.40934685001479,-0.388367575926292));
#18479=VECTOR('',#20361,0.999999999999999);
#18480=COLOUR_RGB('',0.0,0.0,0.0);
#18481=CARTESIAN_POINT('',(-0.991980238093042,-2.40934685001479,-0.539873640408356));
#18482=CARTESIAN_POINT('',(-0.991980238093042,-2.212496456314,-0.539873640408356));
#18483=VECTOR('',#20362,1.0);
#18484=CARTESIAN_POINT('',(-0.726940600025188,-2.40934685001479,-0.0808115212551636));
#18485=VECTOR('',#20363,0.999999999999999);
#18486=COLOUR_RGB('',0.0,0.0,0.0);
#18487=CARTESIAN_POINT('',(-0.152211457820514,-2.40934685001479,0.866106967884439));
#18488=VECTOR('',#20364,1.0);
#18489=COLOUR_RGB('',0.0,0.0,0.0);
#18490=CARTESIAN_POINT('',(0.414603349560193,-2.40934685001479,-0.436864429341527));
#18491=VECTOR('',#20365,1.0);
#18492=COLOUR_RGB('',0.0,0.0,0.0);
#18493=CARTESIAN_POINT('',(-0.304417182378957,-2.40934685001479,1.04185899997648));
#18494=VECTOR('',#20366,1.0);
#18495=COLOUR_RGB('',0.0,0.0,0.0);
#18496=CARTESIAN_POINT('',(-0.858576266315041,-2.4880870074951,-0.392680642468707));
#18497=VECTOR('',#20367,1.0);
#18498=COLOUR_RGB('',0.0,0.0,0.0);
#18499=CARTESIAN_POINT('',(1.29636889494772,-2.40934685001479,0.690336478216647));
#18500=CARTESIAN_POINT('',(1.25963179863467,-2.40934685001479,0.753966995553403));
#18501=VECTOR('',#20368,1.0);
#18502=CARTESIAN_POINT('',(1.29636889494772,-2.212496456314,0.690336478216647));
#18503=VECTOR('',#20369,1.0);
#18504=COLOUR_RGB('',0.0,0.0,0.0);
#18505=CARTESIAN_POINT('',(-0.530088474015528,-2.40934685001479,0.769095093272714));
#18506=CARTESIAN_POINT('',(-0.304417182378957,-2.40934685001479,0.769095093272714));
#18507=VECTOR('',#20370,1.0);
#18508=CARTESIAN_POINT('',(-0.530088474015528,-2.212496456314,0.769095093272714));
#18509=VECTOR('',#20371,1.0);
#18510=COLOUR_RGB('',0.0,0.0,0.0);
#18511=CARTESIAN_POINT('',(-0.299207696801484,-0.516857326030731,-0.466723419549897));
#18512=VECTOR('',#20372,1.0);
#18513=COLOUR_RGB('',0.0,0.0,0.0);
#18514=CARTESIAN_POINT('',(-0.955247454553979,-2.40934685001479,0.529728014979539));
#18515=VECTOR('',#20373,0.999999999999999);
#18516=COLOUR_RGB('',0.0,0.0,0.0);
#18517=CARTESIAN_POINT('',(-0.118118418703228,-2.40934685001479,-0.568683454155523));
#18518=VECTOR('',#20374,1.0);
#18519=COLOUR_RGB('',0.0,0.0,0.0);
#18520=CARTESIAN_POINT('',(0.0420033729880522,-2.40934685001479,0.353970982142533));
#18521=VECTOR('',#20375,1.0);
#18522=COLOUR_RGB('',0.0,0.0,0.0);
#18523=CARTESIAN_POINT('',(1.41183405857537,-2.40934685001479,1.19333707429356));
#18524=VECTOR('',#20376,1.0);
#18525=COLOUR_RGB('',0.0,0.0,0.0);
#18526=CARTESIAN_POINT('',(-0.915209935929433,-2.40934685001479,-0.539873640408356));
#18527=CARTESIAN_POINT('',(-0.915209935929433,-0.955569393221574,-0.539873640408356));
#18528=VECTOR('',#20377,1.0);
#18529=CARTESIAN_POINT('',(-0.456622906937399,-2.40934685001479,-0.539873640408356));
#18530=VECTOR('',#20378,1.0);
#18531=COLOUR_RGB('',0.0,0.0,0.0);
#18532=CARTESIAN_POINT('',(1.10742434176736,-2.40934685001479,-0.612616557990094));
#18533=VECTOR('',#20379,1.0);
#18534=COLOUR_RGB('',0.0,0.0,0.0);
#18535=CARTESIAN_POINT('',(1.41183405857537,-2.40934685001479,-0.788363589337163));
#18536=VECTOR('',#20380,1.0);
#18537=COLOUR_RGB('',0.0,0.0,0.0);
#18538=CARTESIAN_POINT('',(0.118102053737717,-2.40934685001479,0.83727498576004));
#18539=VECTOR('',#20381,1.0);
#18540=COLOUR_RGB('',0.0,0.0,0.0);
#18541=CARTESIAN_POINT('',(-0.795129844392255,-2.40934685001479,0.661542039048567));
#18542=VECTOR('',#20382,1.0);
#18543=COLOUR_RGB('',0.0,0.0,0.0);
#18544=CARTESIAN_POINT('',(0.152194328427341,-2.40934685001479,0.944828667788998));
#18545=VECTOR('',#20383,1.0);
#18546=COLOUR_RGB('',0.0,0.0,0.0);
#18547=CARTESIAN_POINT('',(0.118099306031783,-2.40934685001479,0.973661022257579));
#18548=VECTOR('',#20384,1.0);
#18549=COLOUR_RGB('',0.0,0.0,0.0);
#18550=CARTESIAN_POINT('',(0.0787344242182436,-2.40934685001479,1.04185099878453));
#18551=CARTESIAN_POINT('',(0.0787344242182436,-2.212496456314,1.04185099878453));
#18552=VECTOR('',#20385,1.0);
#18553=CARTESIAN_POINT('',(-0.0787458907423862,-2.40934685001479,1.04185099878453));
#18554=CARTESIAN_POINT('',(-5.73326207128698E-006,-2.40934685001479,1.04185099878453));
#18555=VECTOR('',#20386,1.0);
#18556=CARTESIAN_POINT('',(-0.0787458907423862,-2.212496456314,1.04185099878453));
#18557=VECTOR('',#20387,1.0);
#18558=COLOUR_RGB('',0.0,0.0,0.0);
#18559=COLOUR_RGB('',0.0,0.0,0.0);
#18560=CARTESIAN_POINT('',(-0.991980238093042,-2.40934685001479,-0.461141484119991));
#18561=CARTESIAN_POINT('',(-1.0313503168332,-2.40934685001479,-0.39295050744405));
#18562=VECTOR('',#20388,1.0);
#18563=CARTESIAN_POINT('',(-0.991980238093042,-2.212496456314,-0.461141484119991));
#18564=VECTOR('',#20389,1.0);
#18565=COLOUR_RGB('',0.0,0.0,0.0);
#18566=CARTESIAN_POINT('',(-0.56681952524572,-2.40934685001479,0.705475046326608));
#18567=VECTOR('',#20390,1.0);
#18568=COLOUR_RGB('',0.0,0.0,0.0);
#18569=CARTESIAN_POINT('',(0.451325524273009,-2.40934685001479,0.905458589048842));
#18570=CARTESIAN_POINT('',(0.262394160384006,-2.40934685001479,0.578219867649805));
#18571=VECTOR('',#20391,1.0);
#18572=CARTESIAN_POINT('',(0.451325524273009,-2.212496456314,0.905458589048842));
#18573=VECTOR('',#20392,1.0);
#18574=COLOUR_RGB('',0.0,0.0,0.0);
#18575=CARTESIAN_POINT('',(-0.186310410776231,-2.40934685001479,0.797913990910509));
#18576=VECTOR('',#20393,1.0);
#18577=COLOUR_RGB('',0.0,0.0,0.0);
#18578=CARTESIAN_POINT('',(-0.461897497339587,-2.40934685001479,1.43271714051681));
#18579=CARTESIAN_POINT('',(-0.650830808510477,-2.40934685001479,1.10547504632661));
#18580=VECTOR('',#20394,1.0);
#18581=CARTESIAN_POINT('',(-0.461897497339587,-2.212496456314,1.43271714051681));
#18582=VECTOR('',#20395,1.0);
#18583=COLOUR_RGB('',0.0,0.0,0.0);
#18584=CARTESIAN_POINT('',(-0.915209935929433,-2.40934685001479,-0.461141484119991));
#18585=CARTESIAN_POINT('',(-0.915209935929433,-0.955569393221574,-0.461141484119991));
#18586=VECTOR('',#20396,1.0);
#18587=CARTESIAN_POINT('',(-0.456622906937399,-2.40934685001479,-0.461141484119991));
#18588=VECTOR('',#20397,1.0);
#18589=COLOUR_RGB('',0.0,0.0,0.0);
#18590=CARTESIAN_POINT('',(-0.346419359393591,-2.40934685001479,0.92972301423457));
#18591=VECTOR('',#20398,1.0);
#18592=COLOUR_RGB('',0.0,0.0,0.0);
#18593=CARTESIAN_POINT('',(0.566794152518399,-2.40934685001479,0.705461058247542));
#18594=VECTOR('',#20399,0.999999999999999);
#18595=COLOUR_RGB('',0.0,0.0,0.0);
#18596=CARTESIAN_POINT('',(1.27271865814312,-2.37194549855831,-1.3329934434646));
#18597=VECTOR('',#20400,1.0);
#18598=COLOUR_RGB('',0.0,0.0,0.0);
#18599=CARTESIAN_POINT('',(0.530065681753323,-2.40934685001479,0.690344479408597));
#18600=CARTESIAN_POINT('',(0.304400052985784,-2.40934685001479,0.690344479408597));
#18601=VECTOR('',#20401,1.0);
#18602=CARTESIAN_POINT('',(0.530065681753323,-2.212496456314,0.690344479408597));
#18603=VECTOR('',#20402,1.0);
#18604=COLOUR_RGB('',0.0,0.0,0.0);
#18605=CARTESIAN_POINT('',(0.608811502102668,-2.40934685001479,1.12056469749714));
#18606=VECTOR('',#20403,1.0);
#18607=COLOUR_RGB('',0.0,0.0,0.0);
#18608=COLOUR_RGB('',0.0,0.0,0.0);
#18609=CARTESIAN_POINT('',(-0.608828631495841,-2.40934685001479,-0.988397580396104));
#18610=VECTOR('',#20404,1.0);
#18611=COLOUR_RGB('',0.0,0.0,0.0);
#18612=CARTESIAN_POINT('',(-0.152211457820514,-2.40934685001479,1.21760303087656));
#18613=VECTOR('',#20405,1.0);
#18614=COLOUR_RGB('',0.0,0.0,0.0);
#18615=CARTESIAN_POINT('',(0.608811502102668,-2.40934685001479,0.769068634505011));
#18616=VECTOR('',#20406,1.0);
#18617=COLOUR_RGB('',0.0,0.0,0.0);
#18618=CARTESIAN_POINT('',(-0.915209935929433,-2.40934685001479,-0.269012636523629));
#18619=VECTOR('',#20407,1.0);
#18620=CARTESIAN_POINT('',(-0.915209935929433,-2.40934685001479,-0.269012636523629));
#18621=VECTOR('',#20408,1.0);
#18622=COLOUR_RGB('',0.0,0.0,0.0);
#18623=CARTESIAN_POINT('',(-0.118115969482544,-2.40934685001479,0.270667896124335));
#18624=VECTOR('',#20409,1.0);
#18625=COLOUR_RGB('',0.0,0.0,0.0);
#18626=CARTESIAN_POINT('',(-0.225677024898642,-2.40934685001479,-0.539865639216406));
#18627=CARTESIAN_POINT('',(-0.225677024898642,-2.212496456314,-0.539865639216406));
#18628=VECTOR('',#20410,1.0);
#18629=CARTESIAN_POINT('',(-0.152211457820514,-2.40934685001479,-0.539865639216406));
#18630=VECTOR('',#20411,1.0);
#18631=COLOUR_RGB('',0.0,0.0,0.0);
#18632=CARTESIAN_POINT('',(-0.118121166409162,-2.40934685001479,0.837279068905699));
#18633=VECTOR('',#20412,0.999999999999999);
#18634=COLOUR_RGB('',0.0,0.0,0.0);
#18635=CARTESIAN_POINT('',(-0.157486048222701,-2.40934685001479,0.905469045432647));
#18636=CARTESIAN_POINT('',(-0.270318229423242,-2.40934685001479,0.710037974864492));
#18637=VECTOR('',#20413,1.0);
#18638=CARTESIAN_POINT('',(-0.157486048222701,-2.212496456314,0.905469045432647));
#18639=VECTOR('',#20414,1.0);
#18640=COLOUR_RGB('',0.0,0.0,0.0);
#18641=COLOUR_RGB('',0.0,0.0,0.0);
#18642=CARTESIAN_POINT('',(1.55904381532512,-2.40934685001479,-1.04768046164538));
#18643=CARTESIAN_POINT('',(1.2915433992854,-2.67684664182063,-0.842346899226279));
#18644=VECTOR('',#20415,1.0);
#18645=CARTESIAN_POINT('',(0.700080212355465,-2.40934685001479,-1.2775189097645));
#18646=VECTOR('',#20416,0.999999999999999);
#18647=COLOUR_RGB('',0.0,0.0,0.0);
#18648=CARTESIAN_POINT('',(0.0340838412374694,-2.40934685001479,-0.129313375415367));
#18649=VECTOR('',#20417,1.0);
#18650=CARTESIAN_POINT('',(-0.338509206099183,-2.40934685001479,-0.344434568648251));
#18651=VECTOR('',#20418,1.0);
#18652=CARTESIAN_POINT('',(-0.152211457820514,-2.40934685001479,-0.891361702208532));
#18653=VECTOR('',#20419,1.0);
#18654=CARTESIAN_POINT('',(0.608811502102668,-2.40934685001479,-0.364095149548614));
#18655=VECTOR('',#20420,1.0);
#18656=CARTESIAN_POINT('',(1.55904001458078,-2.40934685001479,0.202519694312814));
#18657=VECTOR('',#20421,1.0);
#18658=CARTESIAN_POINT('',(1.54047977903085,-2.40934685001479,1.45762124588891));
#18659=CARTESIAN_POINT('',(0.700080212355465,-2.40934685001479,1.6824923947209));
#18660=VECTOR('',#20422,0.999999999999999);
#18661=AXIS2_PLACEMENT_3D('',#20423,#20424,#20425);
#18662=CARTESIAN_POINT('',(-1.55907450218889,-2.40934685001479,0.202458807387492));
#18663=VECTOR('',#20426,1.0);
#18664=CARTESIAN_POINT('',(0.947318188588125,-2.40934685001479,0.00703076409565165));
#18665=VECTOR('',#20427,1.0);
#18666=CARTESIAN_POINT('',(1.18353066866432,-2.40934685001479,-0.129308471226928));
#18667=VECTOR('',#20428,1.0);
#18668=CARTESIAN_POINT('',(1.13888857998709,-2.40934685001479,-0.71559121254074));
#18669=CARTESIAN_POINT('',(1.17561358613442,-2.40934685001479,-0.651981635985282));
#18670=VECTOR('',#20429,0.999999999999999);
#18671=CARTESIAN_POINT('',(0.608811502102668,-2.40934685001479,-0.71559121254074));
#18672=VECTOR('',#20430,1.0);
#18673=CARTESIAN_POINT('',(-1.23368686892888E-005,-2.40934685001479,-1.19514522410522));
#18674=VECTOR('',#20431,1.0);
#18675=CARTESIAN_POINT('',(0.718996412459097,-2.40934685001479,-0.739857652031302));
#18676=VECTOR('',#20432,0.999999999999999);
#18677=CARTESIAN_POINT('',(-0.414613800687278,-2.40934685001479,0.266114612156124));
#18678=VECTOR('',#20433,1.0);
#18679=CARTESIAN_POINT('',(-0.871230974362604,-2.40934685001479,0.226734888846293));
#18680=VECTOR('',#20434,1.0);
#18681=CARTESIAN_POINT('',(-0.834499923132412,-2.40934685001479,0.514618906084262));
#18682=CARTESIAN_POINT('',(-0.642922387524941,-2.40934685001479,0.182796880823284));
#18683=VECTOR('',#20435,1.0);
#18684=CARTESIAN_POINT('',(-0.456622906937399,-2.40934685001479,0.514618906084262));
#18685=VECTOR('',#20436,1.0);
#18686=CARTESIAN_POINT('',(0.186283305740036,-2.40934685001479,0.310028987530394));
#18687=VECTOR('',#20437,0.999999999999999);
#18688=CARTESIAN_POINT('',(0.608811502102668,-2.40934685001479,0.417572571512886));
#18689=VECTOR('',#20438,1.0);
#18690=CARTESIAN_POINT('',(0.608811502102668,-2.40934685001479,0.690336478216647));
#18691=VECTOR('',#20439,1.0);
#18692=CARTESIAN_POINT('',(0.338495290354355,-2.40934685001479,0.358534828279727));
#18693=VECTOR('',#20440,1.0);
#18694=CARTESIAN_POINT('',(-0.152211457820514,-2.40934685001479,0.241846998188551));
#18695=VECTOR('',#20441,1.0);
#18696=CARTESIAN_POINT('',(-0.574733143157874,-2.40934685001479,0.222161958818472));
#18697=VECTOR('',#20442,0.999999999999999);
#18698=CARTESIAN_POINT('',(-0.456622906937399,-2.40934685001479,0.866114969076388));
#18699=VECTOR('',#20443,1.0);
#18700=CARTESIAN_POINT('',(-0.726940600025188,-2.40934685001479,0.485785006211561));
#18701=VECTOR('',#20444,0.999999999999999);
#18702=CARTESIAN_POINT('',(-0.879141127657013,-2.40934685001479,1.06154203904857));
#18703=VECTOR('',#20445,1.0);
#18704=CARTESIAN_POINT('',(-0.27032342634986,-2.40934685001479,0.397908990165542));
#18705=VECTOR('',#20446,0.999999999999999);
#18706=CARTESIAN_POINT('',(0.270306762899099,-2.40934685001479,0.710037974864492));
#18707=VECTOR('',#20447,1.0);
#18708=CARTESIAN_POINT('',(0.0340862904581541,-2.40934685001479,0.573656021512612));
#18709=VECTOR('',#20448,0.999999999999999);
#18710=CARTESIAN_POINT('',(1.33573292860502,-2.40934685001479,0.973652034923482));
#18711=VECTOR('',#20449,1.0);
#18712=CARTESIAN_POINT('',(0.566805609500891,-2.40934685001479,0.402467835557768));
#18713=VECTOR('',#20450,1.0);
#18714=CARTESIAN_POINT('',(-0.0420172887328794,-2.40934685001479,0.753971899741842));
#18715=VECTOR('',#20451,1.0);
#18716=CARTESIAN_POINT('',(-0.118118418703228,-2.40934685001479,0.973656939111921));
#18717=VECTOR('',#20452,1.0);
#18718=COLOUR_RGB('',0.0,0.0,0.0);
#18720=CARTESIAN_POINT('',(1.54047977903085,-2.40934685001478,1.45762124588891));
#18721=CARTESIAN_POINT('',(1.53805412256536,-2.40125645734583,1.46664530549491));
#18722=CARTESIAN_POINT('',(1.53551660652164,-2.39359881851848,1.47525131805947));
#18729=COLOUR_RGB('',0.0,0.0,0.0);
#18730=COLOUR_RGB('',0.0,0.0,0.0);
#18731=COLOUR_RGB('',0.0,0.0,0.0);
#18732=CARTESIAN_POINT('',(1.13888857998709,-2.212496456314,-0.71559121254074));
#18733=VECTOR('',#20453,1.0);
#18734=COLOUR_RGB('',0.0,0.0,0.0);
#18735=COLOUR_RGB('',0.0,0.0,0.0);
#18736=COLOUR_RGB('',0.0,0.0,0.0);
#18737=COLOUR_RGB('',0.0,0.0,0.0);
#18738=COLOUR_RGB('',0.0,0.0,0.0);
#18739=COLOUR_RGB('',0.0,0.0,0.0);
#18740=COLOUR_RGB('',0.0,0.0,0.0);
#18741=COLOUR_RGB('',0.0,0.0,0.0);
#18742=COLOUR_RGB('',0.0,0.0,0.0);
#18743=COLOUR_RGB('',0.0,0.0,0.0);
#18744=COLOUR_RGB('',0.0,0.0,0.0);
#18745=CARTESIAN_POINT('',(0.360818071738204,-2.4880870074951,-0.397523661954981));
#18746=VECTOR('',#20454,1.0);
#18747=COLOUR_RGB('',0.0,0.0,0.0);
#18748=COLOUR_RGB('',0.0,0.0,0.0);
#18749=COLOUR_RGB('',0.0,0.0,0.0);
#18750=COLOUR_RGB('',0.0,0.0,0.0);
#18751=COLOUR_RGB('',0.0,0.0,0.0);
#18752=COLOUR_RGB('',0.0,0.0,0.0);
#18753=COLOUR_RGB('',0.0,0.0,0.0);
#18754=COLOUR_RGB('',0.0,0.0,0.0);
#18755=COLOUR_RGB('',0.0,0.0,0.0);
#18756=COLOUR_RGB('',0.0,0.0,0.0);
#18757=CARTESIAN_POINT('',(1.21160562963791,-2.37194549855831,-1.19514522410522));
#18758=VECTOR('',#20455,1.0);
#18759=COLOUR_RGB('',0.0,0.0,0.0);
#18760=COLOUR_RGB('',0.0,0.0,0.0);
#18761=COLOUR_RGB('',0.0,0.0,0.0);
#18762=COLOUR_RGB('',0.0,0.0,0.0);
#18763=CARTESIAN_POINT('',(-0.834499923132412,-2.212496456314,0.514618906084262));
#18764=VECTOR('',#20456,1.0);
#18765=COLOUR_RGB('',0.0,0.0,0.0);
#18766=COLOUR_RGB('',0.0,0.0,0.0);
#18767=COLOUR_RGB('',0.0,0.0,0.0);
#18768=COLOUR_RGB('',0.0,0.0,0.0);
#18769=COLOUR_RGB('',0.0,0.0,0.0);
#18770=COLOUR_RGB('',0.0,0.0,0.0);
#18771=COLOUR_RGB('',0.0,0.0,0.0);
#18772=COLOUR_RGB('',0.0,0.0,0.0);
#18773=COLOUR_RGB('',0.0,0.0,0.0);
#18774=COLOUR_RGB('',0.0,0.0,0.0);
#18775=COLOUR_RGB('',0.0,0.0,0.0);
#18776=COLOUR_RGB('',0.0,0.0,0.0);
#18777=COLOUR_RGB('',0.0,0.0,0.0);
#18778=COLOUR_RGB('',0.0,0.0,0.0);
#18779=COLOUR_RGB('',0.0,0.0,0.0);
#18780=DIRECTION('',(0.0,1.0,0.0));
#18781=DIRECTION('',(-1.0,0.0,-6.12303176911189E-017));
#18782=DIRECTION('',(0.0,1.0,0.0));
#18783=DIRECTION('',(1.0,0.0,6.12303176911189E-017));
#18784=DIRECTION('',(-1.0,0.0,6.12303176911189E-017));
#18785=DIRECTION('',(0.0,1.0,0.0));
#18786=DIRECTION('',(1.0,0.0,-6.12303176911189E-017));
#18787=DIRECTION('',(0.0,1.0,0.0));
#18788=DIRECTION('',(-0.499999999999999,0.707106781186548,-0.5));
#18789=CARTESIAN_POINT('',(-1.41734177512098,-2.33454414710183,-1.21480815707676));
#18790=DIRECTION('',(0.0,-1.0,-0.0));
#18791=DIRECTION('',(-0.707106781186547,0.0,-0.707106781186547));
#18792=DIRECTION('',(0.0,0.707106781186547,-0.707106781186548));
#18793=CARTESIAN_POINT('',(-1.41734177512098,-2.3502921785979,-1.21480815707676));
#18794=DIRECTION('',(0.0,-1.0,-0.0));
#18795=DIRECTION('',(-0.707106781186548,0.0,-0.707106781186548));
#18796=DIRECTION('',(0.499999999999999,0.0,0.866025403784439));
#18797=DIRECTION('',(0.0,1.0,0.0));
#18798=DIRECTION('',(-0.499999999999999,-0.0,-0.866025403784439));
#18799=DIRECTION('',(0.0,1.0,0.0));
#18800=DIRECTION('',(1.0,0.0,-6.12303176911189E-017));
#18801=DIRECTION('',(0.0,1.0,0.0));
#18802=DIRECTION('',(-1.0,0.0,6.12303176911189E-017));
#18803=DIRECTION('',(0.0,1.0,0.0));
#18804=DIRECTION('',(-1.0,0.0,6.12303176911189E-017));
#18805=DIRECTION('',(0.0,1.0,0.0));
#18806=DIRECTION('',(1.0,0.0,-6.12303176911189E-017));
#18807=DIRECTION('',(0.0,1.0,0.0));
#18808=DIRECTION('',(-0.499999999999999,-0.0,-0.866025403784439));
#18809=DIRECTION('',(0.0,1.0,0.0));
#18810=DIRECTION('',(0.499999999999999,0.0,0.866025403784439));
#18811=DIRECTION('',(0.0,1.0,0.0));
#18812=DIRECTION('',(0.965981038668749,1.09019312438933E-005,0.258612901483266));
#18813=DIRECTION('',(0.0,1.0,0.0));
#18814=DIRECTION('',(-0.965981038726153,0.0,-0.258612901498634));
#18815=DIRECTION('',(-0.694767133749558,0.694767133749558,-0.186003386320918));
#18816=DIRECTION('',(0.0,1.0,0.0));
#18817=DIRECTION('',(1.0,0.0,-6.12303176911189E-017));
#18818=DIRECTION('',(0.0,1.0,0.0));
#18819=DIRECTION('',(-1.0,0.0,6.12303176911189E-017));
#18820=DIRECTION('',(0.0,1.0,0.0));
#18821=DIRECTION('',(-0.707106781186548,0.707106781186547,-2.78023207399577E-016));
#18822=CARTESIAN_POINT('',(-1.03631432041918,-2.69281141694392,-0.203893459241792));
#18823=DIRECTION('',(0.0,-1.0,-0.0));
#18824=DIRECTION('',(-1.0,0.0,-2.55011607588448E-016));
#18825=CARTESIAN_POINT('',(-1.03631432041918,-2.69281141694392,-0.203893459241792));
#18826=DIRECTION('',(0.0,-1.0,-0.0));
#18827=DIRECTION('',(-1.0,0.0,-2.55011607588448E-016));
#18828=DIRECTION('',(0.0,-0.707106781186548,0.707106781186548));
#18829=CARTESIAN_POINT('',(-1.03631432041918,-2.70462244056597,-0.203893459241792));
#18830=DIRECTION('',(0.0,1.0,0.0));
#18831=DIRECTION('',(-1.0,0.0,-2.55011607588448E-016));
#18832=DIRECTION('',(0.0,1.0,0.0));
#18833=CARTESIAN_POINT('',(-1.39763491184455,-2.3502921785979,1.60009664443327));
#18834=DIRECTION('',(-0.0,-1.0,-0.0));
#18835=DIRECTION('',(-1.0,0.0,0.0));
#18836=CARTESIAN_POINT('',(-1.39763491184455,-2.39359881851872,1.60009664443327));
#18837=DIRECTION('',(0.0,1.0,0.0));
#18838=DIRECTION('',(-1.0,0.0,0.0));
#18839=CARTESIAN_POINT('',(-1.39763491184455,-2.39359881851872,1.60009664443327));
#18840=DIRECTION('',(0.0,1.0,0.0));
#18841=DIRECTION('',(-1.0,0.0,0.0));
#18842=DIRECTION('',(0.499999999999999,0.0,0.86602540378444));
#18843=DIRECTION('',(0.0,1.0,0.0));
#18844=DIRECTION('',(-0.499999999999999,0.0,-0.86602540378444));
#18845=DIRECTION('',(0.0,1.0,0.0));
#18846=DIRECTION('',(0.0,-1.0,0.0));
#18847=DIRECTION('',(0.499999999999999,0.0,-0.866025403784439));
#18848=DIRECTION('',(0.0,1.0,0.0));
#18849=DIRECTION('',(-0.499999999999999,0.0,0.866025403784439));
#18850=DIRECTION('',(0.499999999999998,0.0,-0.866025403784439));
#18851=DIRECTION('',(0.0,1.0,0.0));
#18852=DIRECTION('',(-0.499999999999998,0.0,0.866025403784439));
#18853=DIRECTION('',(0.0,1.0,0.0));
#18854=DIRECTION('',(0.0,-1.0,0.0));
#18855=DIRECTION('',(0.499999999999998,0.0,-0.86602540378444));
#18856=DIRECTION('',(0.0,1.0,0.0));
#18857=DIRECTION('',(-0.499999999999998,0.0,0.86602540378444));
#18858=DIRECTION('',(-0.499999999999999,0.0,0.866025403784439));
#18859=DIRECTION('',(0.0,1.0,0.0));
#18860=DIRECTION('',(0.499999999999999,0.0,-0.866025403784439));
#18861=DIRECTION('',(0.0,1.0,0.0));
#18862=DIRECTION('',(1.0,0.0,0.0));
#18863=CARTESIAN_POINT('',(-1.41734177512098,-2.3502921785979,1.61978164203316));
#18864=DIRECTION('',(0.0,1.0,0.0));
#18865=DIRECTION('',(-0.707106781186548,0.0,0.707106781186548));
#18866=CARTESIAN_POINT('',(-1.41734177512098,-2.3502921785979,1.61978164203316));
#18867=DIRECTION('',(0.0,1.0,0.0));
#18868=DIRECTION('',(-0.707106781186548,0.0,0.707106781186548));
#18869=DIRECTION('',(0.0,0.0,1.0));
#18870=CARTESIAN_POINT('',(-1.39763491184455,-2.3502921785979,1.60009664443327));
#18871=DIRECTION('',(-0.0,-1.0,-0.0));
#18872=DIRECTION('',(-1.0,0.0,0.0));
#18873=DIRECTION('',(-0.258483092208123,0.0,-0.966015781984191));
#18874=CARTESIAN_POINT('',(-1.39763491184455,-2.3502921785979,1.60009664443327));
#18875=DIRECTION('',(0.0,-1.0,0.0));
#18876=DIRECTION('',(1.0,0.0,0.0));
#18877=CARTESIAN_POINT('',(-1.39763491184455,-2.3502921785979,1.60009664443327));
#18878=DIRECTION('',(0.0,-1.0,0.0));
#18879=DIRECTION('',(1.0,0.0,0.0));
#18880=DIRECTION('',(-1.0,0.0,0.0));
#18881=DIRECTION('',(0.577350269189625,0.577350269189626,-0.577350269189627));
#18882=DIRECTION('',(1.0,0.0,0.0));
#18883=DIRECTION('',(0.577350269189626,-0.577350269189625,0.577350269189626));
#18884=DIRECTION('',(-0.0,1.0,-0.0));
#18885=CARTESIAN_POINT('',(-1.39763491184455,-2.29123661379431,-1.19512315947687));
#18886=DIRECTION('',(0.0,-1.0,0.0));
#18887=DIRECTION('',(1.0,0.0,0.0));
#18888=DIRECTION('',(-0.0,-1.0,0.0));
#18889=CARTESIAN_POINT('',(-1.39763491184455,-2.3502921785979,-1.19512315947687));
#18890=DIRECTION('',(-0.0,1.0,0.0));
#18891=DIRECTION('',(1.0,0.0,0.0));
#18892=DIRECTION('',(0.965983859283176,0.0,-0.258602365813581));
#18893=DIRECTION('',(-0.621398536394791,0.621398536394791,-0.477208254258897));
#18894=DIRECTION('',(0.965981038668749,1.09019312438933E-005,-0.258612901483266));
#18895=DIRECTION('',(0.0,-1.0,0.0));
#18896=DIRECTION('',(-1.0,0.0,-6.12303176911189E-017));
#18897=DIRECTION('',(0.0,1.0,0.0));
#18898=DIRECTION('',(1.0,0.0,6.12303176911189E-017));
#18899=DIRECTION('',(0.0,-1.0,0.0));
#18900=DIRECTION('',(-0.499999999999998,0.0,-0.866025403784439));
#18901=DIRECTION('',(0.0,1.0,0.0));
#18902=DIRECTION('',(0.499999999999998,0.0,0.866025403784439));
#18903=DIRECTION('',(-1.0,0.0,6.12303176911189E-017));
#18904=DIRECTION('',(0.0,1.0,0.0));
#18905=DIRECTION('',(1.0,0.0,-6.12303176911189E-017));
#18906=DIRECTION('',(0.0,1.0,0.0));
#18907=DIRECTION('',(-1.0,-0.0,-1.22460635382238E-016));
#18908=CARTESIAN_POINT('',(1.03634204967664,-2.70462244056597,-0.203893462066433));
#18909=DIRECTION('',(-0.0,1.0,0.0));
#18910=DIRECTION('',(1.0,0.0,0.0));
#18911=CARTESIAN_POINT('',(1.03634204967664,-2.70462244056597,-0.203893462066433));
#18912=DIRECTION('',(-0.0,1.0,0.0));
#18913=DIRECTION('',(1.0,0.0,0.0));
#18914=DIRECTION('',(1.0,0.0,0.0));
#18915=CARTESIAN_POINT('',(-1.03631432041918,-2.70462244056597,-0.203893459241792));
#18916=DIRECTION('',(0.0,1.0,0.0));
#18917=DIRECTION('',(-1.0,0.0,-2.55011607588448E-016));
#18918=CARTESIAN_POINT('',(-0.937267286862507,-2.70462244056597,-0.203893460654112));
#18919=DIRECTION('',(0.0,-1.0,-0.0));
#18920=DIRECTION('',(-1.0,0.0,-3.11751690276878E-016));
#18921=DIRECTION('',(-1.0,-0.0,-0.0));
#18922=CARTESIAN_POINT('',(0.937295016119966,-2.70462244056597,-0.203893460654112));
#18923=DIRECTION('',(0.0,-1.0,0.0));
#18924=DIRECTION('',(1.0,0.0,0.0));
#18925=CARTESIAN_POINT('',(0.937295016119966,-2.70462244056597,-0.203893460654112));
#18926=DIRECTION('',(0.0,-1.0,0.0));
#18927=DIRECTION('',(1.0,0.0,0.0));
#18928=DIRECTION('',(1.0,0.0,1.22460635382238E-016));
#18929=CARTESIAN_POINT('',(-0.937267286862507,-2.70462244056597,-0.203893460654112));
#18930=DIRECTION('',(0.0,-1.0,-0.0));
#18931=DIRECTION('',(-1.0,0.0,-3.11751690276878E-016));
#18932=DIRECTION('',(-0.499999999999998,0.0,-0.86602540378444));
#18933=DIRECTION('',(0.0,1.0,0.0));
#18934=DIRECTION('',(0.499999999999998,0.0,0.86602540378444));
#18935=DIRECTION('',(0.0,1.0,0.0));
#18936=DIRECTION('',(0.0,-1.0,0.0));
#18937=DIRECTION('',(1.0,0.0,6.12303176911189E-017));
#18938=DIRECTION('',(0.0,1.0,0.0));
#18939=DIRECTION('',(-1.0,0.0,-6.12303176911189E-017));
#18940=DIRECTION('',(0.0,1.0,0.0));
#18941=DIRECTION('',(-1.0,0.0,0.0));
#18942=DIRECTION('',(0.0,-1.0,0.0));
#18943=DIRECTION('',(1.0,0.0,0.0));
#18944=DIRECTION('',(-0.499999999999998,0.0,0.86602540378444));
#18945=DIRECTION('',(0.0,1.0,0.0));
#18946=DIRECTION('',(0.499999999999998,0.0,-0.86602540378444));
#18947=DIRECTION('',(0.0,1.0,0.0));
#18948=DIRECTION('',(0.0,-1.0,-0.0));
#18949=CARTESIAN_POINT('',(1.39762925168516,-2.39359881851872,1.60011870906162));
#18950=DIRECTION('',(0.0,1.0,0.0));
#18951=DIRECTION('',(-1.0,0.0,0.0));
#18952=CARTESIAN_POINT('',(1.39762925168516,-2.39359881851872,1.60011870906162));
#18953=DIRECTION('',(0.0,1.0,0.0));
#18954=DIRECTION('',(-1.0,0.0,0.0));
#18955=DIRECTION('',(-0.0,-1.0,-0.0));
#18956=CARTESIAN_POINT('',(1.39762925168516,-2.3502921785979,1.60011870906162));
#18957=DIRECTION('',(-0.0,-1.0,-0.0));
#18958=DIRECTION('',(-1.0,0.0,0.0));
#18959=DIRECTION('',(0.0,-0.707106781186548,0.707106781186548));
#18960=DIRECTION('',(-1.0,0.0,-1.22460635382238E-016));
#18961=DIRECTION('',(0.0,0.707106781186548,-0.707106781186548));
#18962=DIRECTION('',(0.577350269189626,-0.577350269189626,0.577350269189626));
#18963=DIRECTION('',(1.0,0.0,1.22460635382238E-016));
#18964=DIRECTION('',(0.577350269189626,0.577350269189626,-0.577350269189626));
#18965=DIRECTION('',(0.499999999999999,0.0,0.86602540378444));
#18966=DIRECTION('',(0.0,1.0,0.0));
#18967=DIRECTION('',(-0.499999999999999,0.0,-0.86602540378444));
#18968=DIRECTION('',(0.0,1.0,0.0));
#18969=DIRECTION('',(-1.0,0.0,-6.12303176911189E-017));
#18970=DIRECTION('',(0.0,1.0,0.0));
#18971=DIRECTION('',(1.0,0.0,6.12303176911189E-017));
#18972=DIRECTION('',(0.0,1.0,0.0));
#18973=DIRECTION('',(-0.499999999999998,0.0,-0.86602540378444));
#18974=DIRECTION('',(0.0,1.0,0.0));
#18975=DIRECTION('',(0.499999999999998,0.0,0.86602540378444));
#18976=DIRECTION('',(0.0,1.0,0.0));
#18977=DIRECTION('',(-0.499999999999998,0.0,0.86602540378444));
#18978=DIRECTION('',(0.0,1.0,0.0));
#18979=DIRECTION('',(0.499999999999998,0.0,-0.86602540378444));
#18980=DIRECTION('',(-0.499999999999998,0.0,0.86602540378444));
#18981=DIRECTION('',(0.0,1.0,0.0));
#18982=DIRECTION('',(0.499999999999998,0.0,-0.86602540378444));
#18983=DIRECTION('',(0.0,1.0,0.0));
#18984=DIRECTION('',(0.0,-1.0,0.0));
#18985=DIRECTION('',(0.499999999999998,0.0,-0.86602540378444));
#18986=DIRECTION('',(0.0,1.0,0.0));
#18987=DIRECTION('',(-0.499999999999998,0.0,0.86602540378444));
#18988=DIRECTION('',(0.965983859283176,0.0,0.258602365813581));
#18989=DIRECTION('',(-0.621398536394791,0.621398536394791,0.477208254258897));
#18990=DIRECTION('',(0.499999999999998,0.0,-0.866025403784439));
#18991=DIRECTION('',(0.0,1.0,0.0));
#18992=DIRECTION('',(-0.499999999999998,0.0,0.866025403784439));
#18993=DIRECTION('',(0.0,1.0,0.0));
#18994=DIRECTION('',(0.499999999999999,0.0,0.86602540378444));
#18995=DIRECTION('',(0.0,1.0,0.0));
#18996=DIRECTION('',(-0.499999999999999,0.0,-0.86602540378444));
#18997=DIRECTION('',(0.0,1.0,0.0));
#18998=DIRECTION('',(0.0,-1.0,0.0));
#18999=DIRECTION('',(0.499999999999998,0.0,-0.86602540378444));
#19000=DIRECTION('',(0.0,1.0,0.0));
#19001=DIRECTION('',(-0.499999999999998,0.0,0.86602540378444));
#19002=DIRECTION('',(0.0,-1.0,0.0));
#19003=CARTESIAN_POINT('',(-1.03631432041918,-2.69281141694392,-0.203893459241792));
#19004=DIRECTION('',(0.0,-1.0,-0.0));
#19005=DIRECTION('',(-1.0,0.0,-2.55011607588448E-016));
#19006=DIRECTION('',(0.0,1.0,0.0));
#19007=CARTESIAN_POINT('',(-1.03631432041918,-2.29123661379431,-0.203893459241792));
#19008=DIRECTION('',(0.0,-1.0,-0.0));
#19009=DIRECTION('',(-0.707106781186547,0.0,-0.707106781186548));
#19010=DIRECTION('',(0.0,1.0,0.0));
#19011=CARTESIAN_POINT('',(-1.03631432041918,-2.40934685001479,-0.203893459241792));
#19012=DIRECTION('',(0.0,1.0,0.0));
#19013=DIRECTION('',(-0.707106781186547,0.0,-0.707106781186548));
#19014=DIRECTION('',(0.0,-1.0,0.0));
#19015=CARTESIAN_POINT('',(-1.03631432041918,-2.29123661379431,-0.203893459241792));
#19016=DIRECTION('',(0.0,-1.0,-0.0));
#19017=DIRECTION('',(-0.707106781186547,0.0,-0.707106781186548));
#19018=DIRECTION('',(0.0,1.0,0.0));
#19019=CARTESIAN_POINT('',(-1.03631432041918,-2.40934685001479,-0.203893459241792));
#19020=DIRECTION('',(0.0,1.0,0.0));
#19021=DIRECTION('',(-0.707106781186547,0.0,-0.707106781186548));
#19022=DIRECTION('',(0.0,0.0,1.0));
#19023=DIRECTION('',(-1.0,0.0,-6.12303176911189E-017));
#19024=DIRECTION('',(-0.499999999999998,0.0,-0.86602540378444));
#19025=DIRECTION('',(1.0,0.0,1.22460635382238E-016));
#19026=DIRECTION('',(0.0,0.0,1.0));
#19027=DIRECTION('',(-0.499999999999998,0.0,-0.86602540378444));
#19028=DIRECTION('',(0.499999999999999,0.0,-0.86602540378444));
#19029=DIRECTION('',(1.0,0.0,6.12303176911189E-017));
#19030=CARTESIAN_POINT('',(1.03634204967664,-2.29123661379431,-0.203893462066433));
#19031=DIRECTION('',(0.0,-1.0,0.0));
#19032=DIRECTION('',(0.707106781186547,0.0,0.707106781186548));
#19033=DIRECTION('',(0.499999999999998,0.0,0.866025403784439));
#19034=DIRECTION('',(-0.499999999999999,0.0,0.866025403784439));
#19035=DIRECTION('',(-1.0,0.0,-6.12303176911189E-017));
#19036=DIRECTION('',(0.499999999999999,0.0,-0.86602540378444));
#19037=DIRECTION('',(1.0,0.0,6.12303176911189E-017));
#19038=DIRECTION('',(1.0,0.0,0.0));
#19039=DIRECTION('',(-0.499999999999999,0.0,0.866025403784439));
#19040=DIRECTION('',(-1.0,0.0,-6.12303176911189E-017));
#19041=DIRECTION('',(-0.499999999999998,0.0,-0.86602540378444));
#19042=DIRECTION('',(0.499999999999999,0.0,-0.86602540378444));
#19043=DIRECTION('',(1.0,0.0,6.12303176911189E-017));
#19044=DIRECTION('',(0.0,0.0,1.0));
#19045=CARTESIAN_POINT('',(1.03634204967664,-2.29123661379431,-0.203893462066433));
#19046=DIRECTION('',(0.0,-1.0,0.0));
#19047=DIRECTION('',(0.707106781186547,0.0,0.707106781186548));
#19048=DIRECTION('',(-1.0,0.0,-6.12303176911189E-017));
#19049=DIRECTION('',(0.499999999999999,0.0,-0.86602540378444));
#19050=DIRECTION('',(1.0,0.0,6.12303176911189E-017));
#19051=CARTESIAN_POINT('',(1.03634204967664,-2.29123661379431,-0.203893462066433));
#19052=DIRECTION('',(0.0,-1.0,0.0));
#19053=DIRECTION('',(0.707106781186547,0.0,0.707106781186548));
#19054=CARTESIAN_POINT('',(1.03634204967664,-2.29123661379431,-0.203893462066433));
#19055=DIRECTION('',(0.0,-1.0,0.0));
#19056=DIRECTION('',(0.707106781186547,0.0,0.707106781186548));
#19057=DIRECTION('',(-0.499999999999998,0.0,-0.86602540378444));
#19058=DIRECTION('',(0.499999999999999,0.0,-0.86602540378444));
#19059=DIRECTION('',(1.0,0.0,6.12303176911189E-017));
#19060=DIRECTION('',(0.499999999999998,0.0,0.866025403784439));
#19061=DIRECTION('',(-0.499999999999999,0.0,0.866025403784439));
#19062=DIRECTION('',(-1.0,0.0,0.0));
#19063=DIRECTION('',(0.0,0.0,-1.0));
#19064=DIRECTION('',(0.499999999999998,0.0,0.866025403784439));
#19065=DIRECTION('',(-0.499999999999999,0.0,0.866025403784439));
#19066=DIRECTION('',(-1.0,0.0,-6.12303176911189E-017));
#19067=DIRECTION('',(-0.499999999999998,0.0,-0.86602540378444));
#19068=DIRECTION('',(1.0,0.0,0.0));
#19069=DIRECTION('',(0.0,0.0,-1.0));
#19070=DIRECTION('',(1.0,0.0,6.12303176911189E-017));
#19071=DIRECTION('',(0.499999999999998,0.0,0.866025403784439));
#19072=DIRECTION('',(-0.499999999999999,0.0,0.866025403784439));
#19073=DIRECTION('',(-1.0,0.0,-6.12303176911189E-017));
#19074=DIRECTION('',(-1.0,0.0,0.0));
#19075=DIRECTION('',(-0.499999999999998,0.0,-0.86602540378444));
#19076=DIRECTION('',(0.499999999999999,0.0,-0.86602540378444));
#19077=DIRECTION('',(1.0,0.0,6.12303176911189E-017));
#19078=DIRECTION('',(0.499999999999998,0.0,0.866025403784439));
#19079=DIRECTION('',(-0.499999999999999,0.0,0.866025403784439));
#19080=DIRECTION('',(-1.0,0.0,0.0));
#19081=DIRECTION('',(-0.499999999999998,0.0,-0.86602540378444));
#19082=DIRECTION('',(0.499999999999999,0.0,-0.86602540378444));
#19083=DIRECTION('',(1.0,0.0,6.12303176911189E-017));
#19084=DIRECTION('',(0.499999999999998,0.0,0.866025403784439));
#19085=DIRECTION('',(-0.499999999999999,0.0,0.866025403784439));
#19086=DIRECTION('',(1.0,0.0,1.22460635382238E-016));
#19087=DIRECTION('',(-0.499999999999999,0.0,0.866025403784439));
#19088=DIRECTION('',(-1.0,0.0,-6.12303176911189E-017));
#19089=DIRECTION('',(0.0,0.0,-1.0));
#19090=DIRECTION('',(-1.0,0.0,0.0));
#19091=DIRECTION('',(-0.499999999999998,0.0,-0.86602540378444));
#19092=DIRECTION('',(0.499999999999999,0.0,-0.86602540378444));
#19093=DIRECTION('',(1.0,0.0,6.12303176911189E-017));
#19094=DIRECTION('',(0.499999999999998,0.0,0.866025403784439));
#19095=DIRECTION('',(-0.499999999999999,0.0,0.866025403784439));
#19096=DIRECTION('',(1.0,0.0,1.22460635382238E-016));
#19097=DIRECTION('',(-0.499999999999999,0.0,0.866025403784439));
#19098=DIRECTION('',(-1.0,0.0,-6.12303176911189E-017));
#19099=DIRECTION('',(-0.499999999999998,0.0,-0.86602540378444));
#19100=DIRECTION('',(0.499999999999999,0.0,-0.86602540378444));
#19101=DIRECTION('',(1.0,0.0,6.12303176911189E-017));
#19102=DIRECTION('',(0.499999999999998,0.0,0.866025403784439));
#19103=DIRECTION('',(-0.499999999999999,0.0,0.866025403784439));
#19104=DIRECTION('',(-1.0,0.0,-6.12303176911189E-017));
#19105=DIRECTION('',(0.0,0.0,1.0));
#19106=DIRECTION('',(-1.0,0.0,-6.12303176911189E-017));
#19107=DIRECTION('',(-0.499999999999998,0.0,-0.86602540378444));
#19108=DIRECTION('',(1.0,0.0,1.22460635382238E-016));
#19109=CARTESIAN_POINT('',(-1.03631432041918,-2.29123661379431,-0.203893459241792));
#19110=DIRECTION('',(0.0,-1.0,-0.0));
#19111=DIRECTION('',(-0.707106781186547,0.0,-0.707106781186548));
#19112=DIRECTION('',(1.0,0.0,6.12303176911189E-017));
#19113=DIRECTION('',(0.499999999999998,0.0,0.866025403784439));
#19114=DIRECTION('',(-0.499999999999999,0.0,0.866025403784439));
#19115=DIRECTION('',(-1.0,0.0,-6.12303176911189E-017));
#19116=DIRECTION('',(-0.499999999999998,0.0,-0.86602540378444));
#19117=DIRECTION('',(0.499999999999999,0.0,-0.86602540378444));
#19118=DIRECTION('',(0.0,0.0,1.0));
#19119=DIRECTION('',(-1.0,0.0,-6.12303176911189E-017));
#19120=DIRECTION('',(-0.499999999999998,0.0,-0.86602540378444));
#19121=DIRECTION('',(0.499999999999999,0.0,-0.86602540378444));
#19122=DIRECTION('',(1.0,0.0,6.12303176911189E-017));
#19123=DIRECTION('',(1.0,0.0,1.22460635382238E-016));
#19124=DIRECTION('',(-0.499999999999999,0.0,0.866025403784439));
#19125=DIRECTION('',(-1.0,0.0,-6.12303176911189E-017));
#19126=DIRECTION('',(0.0,0.0,-1.0));
#19127=DIRECTION('',(1.0,0.0,0.0));
#19128=DIRECTION('',(-1.0,0.0,-6.12303176911189E-017));
#19129=DIRECTION('',(-0.499999999999998,0.0,-0.86602540378444));
#19130=DIRECTION('',(0.499999999999999,0.0,-0.86602540378444));
#19131=DIRECTION('',(1.0,0.0,6.12303176911189E-017));
#19132=DIRECTION('',(0.0,0.0,1.0));
#19133=DIRECTION('',(1.0,0.0,0.0));
#19134=DIRECTION('',(0.499999999999998,0.0,0.866025403784439));
#19135=DIRECTION('',(-1.0,0.0,0.0));
#19136=DIRECTION('',(0.499999999999999,0.0,-0.86602540378444));
#19137=DIRECTION('',(0.0,0.0,-1.0));
#19138=DIRECTION('',(1.0,0.0,6.12303176911189E-017));
#19139=DIRECTION('',(0.499999999999998,0.0,0.866025403784439));
#19140=DIRECTION('',(-0.499999999999999,0.0,0.866025403784439));
#19141=DIRECTION('',(1.0,0.0,0.0));
#19142=CARTESIAN_POINT('',(-0.937267286862507,-2.29123661379431,-0.203893460654112));
#19143=DIRECTION('',(0.0,1.0,0.0));
#19144=DIRECTION('',(-0.707106781186547,0.0,-0.707106781186548));
#19145=CARTESIAN_POINT('',(-0.937267286862507,-2.29123661379431,-0.203893460654112));
#19146=DIRECTION('',(0.0,1.0,0.0));
#19147=DIRECTION('',(-0.707106781186547,0.0,-0.707106781186548));
#19148=DIRECTION('',(-1.0,0.0,-1.22460635382238E-016));
#19149=CARTESIAN_POINT('',(0.937295016119966,-2.29123661379431,-0.203893460654112));
#19150=DIRECTION('',(-0.0,1.0,0.0));
#19151=DIRECTION('',(0.707106781186547,0.0,0.707106781186548));
#19152=CARTESIAN_POINT('',(0.937295016119966,-2.29123661379431,-0.203893460654112));
#19153=DIRECTION('',(-0.0,1.0,0.0));
#19154=DIRECTION('',(0.707106781186547,0.0,0.707106781186548));
#19155=DIRECTION('',(0.0,0.0,-1.0));
#19156=DIRECTION('',(1.0,0.0,0.0));
#19157=DIRECTION('',(0.0,0.0,1.0));
#19158=DIRECTION('',(-1.0,0.0,0.0));
#19159=DIRECTION('',(0.0,0.0,1.0));
#19160=DIRECTION('',(-1.0,0.0,0.0));
#19161=DIRECTION('',(0.0,0.0,-1.0));
#19162=DIRECTION('',(1.0,0.0,0.0));
#19163=CARTESIAN_POINT('',(1.39762925168516,-2.29123661379431,1.60011870906162));
#19164=DIRECTION('',(-0.0,1.0,0.0));
#19165=DIRECTION('',(1.0,0.0,0.0));
#19166=CARTESIAN_POINT('',(1.39762925168516,-2.29123661379431,1.60011870906162));
#19167=DIRECTION('',(-0.0,1.0,0.0));
#19168=DIRECTION('',(1.0,0.0,0.0));
#19169=CARTESIAN_POINT('',(1.39762925168516,-2.29123661379431,1.60011870906162));
#19170=DIRECTION('',(-0.0,1.0,0.0));
#19171=DIRECTION('',(1.0,0.0,0.0));
#19172=DIRECTION('',(-1.0,0.0,0.0));
#19173=CARTESIAN_POINT('',(1.41730389417036,-2.29123661379431,1.61978164203316));
#19174=DIRECTION('',(-0.0,1.0,0.0));
#19175=DIRECTION('',(0.707106781186547,0.0,0.707106781186547));
#19176=CARTESIAN_POINT('',(1.41730389417036,-2.29123661379431,1.61978164203316));
#19177=DIRECTION('',(-0.0,1.0,0.0));
#19178=DIRECTION('',(0.707106781186547,0.0,0.707106781186547));
#19179=DIRECTION('',(0.0,0.0,1.0));
#19180=CARTESIAN_POINT('',(1.41730389417036,-2.29123661379431,-1.21480815707676));
#19181=DIRECTION('',(0.0,-1.0,-0.0));
#19182=DIRECTION('',(0.707106781186547,0.0,-0.707106781186547));
#19183=CARTESIAN_POINT('',(1.41730389417036,-2.29123661379431,-1.21480815707676));
#19184=DIRECTION('',(0.0,-1.0,-0.0));
#19185=DIRECTION('',(0.707106781186547,0.0,-0.707106781186547));
#19186=DIRECTION('',(-1.0,0.0,0.0));
#19187=CARTESIAN_POINT('',(-1.41734177512098,-2.29123661379431,-1.21480815707676));
#19188=DIRECTION('',(0.0,-1.0,-0.0));
#19189=DIRECTION('',(-0.707106781186547,0.0,-0.707106781186547));
#19190=CARTESIAN_POINT('',(-1.41734177512098,-2.29123661379431,-1.21480815707676));
#19191=DIRECTION('',(0.0,-1.0,-0.0));
#19192=DIRECTION('',(-0.707106781186547,0.0,-0.707106781186547));
#19193=DIRECTION('',(0.0,0.0,-1.0));
#19194=CARTESIAN_POINT('',(-1.41734177512098,-2.29123661379431,1.61978164203316));
#19195=DIRECTION('',(0.0,1.0,0.0));
#19196=DIRECTION('',(-0.707106781186547,0.0,0.707106781186547));
#19197=CARTESIAN_POINT('',(-1.41734177512098,-2.29123661379431,1.61978164203316));
#19198=DIRECTION('',(0.0,1.0,0.0));
#19199=DIRECTION('',(-0.707106781186547,0.0,0.707106781186547));
#19200=DIRECTION('',(-0.499999999999998,0.0,-0.86602540378444));
#19201=DIRECTION('',(-1.0,0.0,6.12303176911189E-017));
#19202=DIRECTION('',(-0.499999999999999,-0.0,-0.866025403784439));
#19203=DIRECTION('',(-0.499999999999999,0.0,0.866025403784439));
#19204=DIRECTION('',(-1.0,0.0,-6.12303176911189E-017));
#19205=DIRECTION('',(-0.499999999999998,0.0,-0.86602540378444));
#19206=DIRECTION('',(-1.0,0.0,6.12303176911189E-017));
#19207=DIRECTION('',(-0.499999999999999,-0.0,-0.866025403784439));
#19208=DIRECTION('',(-0.499999999999999,0.0,0.866025403784439));
#19209=DIRECTION('',(-1.0,0.0,-6.12303176911189E-017));
#19210=DIRECTION('',(-0.499999999999998,0.0,-0.86602540378444));
#19211=DIRECTION('',(-0.499999999999998,0.0,0.86602540378444));
#19212=DIRECTION('',(-0.499999999999999,-0.0,-0.866025403784439));
#19213=DIRECTION('',(-0.499999999999999,0.0,0.866025403784439));
#19214=DIRECTION('',(-1.0,0.0,-6.12303176911189E-017));
#19215=DIRECTION('',(-0.499999999999998,0.0,-0.86602540378444));
#19216=DIRECTION('',(-1.0,0.0,6.12303176911189E-017));
#19217=DIRECTION('',(-0.499999999999999,-0.0,-0.866025403784439));
#19218=DIRECTION('',(-0.499999999999999,0.0,0.866025403784439));
#19219=DIRECTION('',(-0.707106781186548,0.0,0.707106781186548));
#19220=DIRECTION('',(-1.0,0.0,-6.12303176911189E-017));
#19221=DIRECTION('',(-0.499999999999998,0.0,-0.86602540378444));
#19222=DIRECTION('',(0.499999999999999,0.0,-0.86602540378444));
#19223=DIRECTION('',(1.0,0.0,6.12303176911189E-017));
#19224=DIRECTION('',(0.499999999999998,0.0,0.866025403784439));
#19225=DIRECTION('',(-0.499999999999999,0.0,0.866025403784439));
#19226=DIRECTION('',(-1.0,0.0,0.0));
#19227=DIRECTION('',(0.499999999999999,0.0,-0.86602540378444));
#19228=DIRECTION('',(1.0,0.0,6.12303176911189E-017));
#19229=DIRECTION('',(0.499999999999998,0.0,0.866025403784439));
#19230=DIRECTION('',(-1.0,0.0,0.0));
#19231=DIRECTION('',(0.499999999999999,0.0,-0.86602540378444));
#19232=DIRECTION('',(1.0,0.0,6.12303176911189E-017));
#19233=DIRECTION('',(0.499999999999998,0.0,0.866025403784439));
#19234=CARTESIAN_POINT('',(-1.39763491184455,-2.29123661379431,-1.19512315947687));
#19235=DIRECTION('',(0.0,-1.0,0.0));
#19236=DIRECTION('',(1.0,0.0,0.0));
#19237=DIRECTION('',(-0.499999999999998,0.0,-0.86602540378444));
#19238=DIRECTION('',(0.499999999999999,0.0,-0.86602540378444));
#19239=DIRECTION('',(1.0,0.0,6.12303176911189E-017));
#19240=DIRECTION('',(0.499999999999998,0.0,0.866025403784439));
#19241=DIRECTION('',(-0.499999999999999,0.0,0.866025403784439));
#19242=DIRECTION('',(-1.0,0.0,-6.12303176911189E-017));
#19243=DIRECTION('',(-0.707106781186548,0.0,-0.707106781186548));
#19244=DIRECTION('',(-0.499999999999998,0.0,-0.86602540378444));
#19245=DIRECTION('',(1.0,0.0,0.0));
#19246=DIRECTION('',(0.0,0.0,-1.0));
#19247=DIRECTION('',(1.0,0.0,6.12303176911189E-017));
#19248=DIRECTION('',(0.499999999999998,0.0,0.866025403784439));
#19249=DIRECTION('',(-0.499999999999999,0.0,0.866025403784439));
#19250=DIRECTION('',(-1.0,0.0,-6.12303176911189E-017));
#19251=DIRECTION('',(-0.499999999999998,0.0,-0.86602540378444));
#19252=DIRECTION('',(0.499999999999999,0.0,-0.86602540378444));
#19253=DIRECTION('',(1.0,0.0,6.12303176911189E-017));
#19254=DIRECTION('',(0.499999999999998,0.0,0.866025403784439));
#19255=DIRECTION('',(-0.499999999999999,0.0,0.866025403784439));
#19256=DIRECTION('',(-1.0,0.0,-6.12303176911189E-017));
#19257=DIRECTION('',(-1.0,0.0,-6.12303176911189E-017));
#19258=DIRECTION('',(-0.499999999999998,0.0,-0.86602540378444));
#19259=DIRECTION('',(-0.499999999999998,0.0,0.86602540378444));
#19260=DIRECTION('',(-1.0,0.0,6.12303176911189E-017));
#19261=DIRECTION('',(-0.499999999999999,-0.0,-0.866025403784439));
#19262=DIRECTION('',(-0.707106781186548,0.0,-0.707106781186548));
#19263=DIRECTION('',(0.499999999999998,0.0,-0.866025403784439));
#19264=DIRECTION('',(1.0,0.0,-6.12303176911189E-017));
#19265=DIRECTION('',(0.499999999999999,0.0,0.86602540378444));
#19266=DIRECTION('',(-0.499999999999998,0.0,0.86602540378444));
#19267=DIRECTION('',(-1.0,0.0,6.12303176911189E-017));
#19268=DIRECTION('',(0.499999999999998,0.0,-0.866025403784439));
#19269=DIRECTION('',(1.0,0.0,-6.12303176911189E-017));
#19270=DIRECTION('',(0.499999999999999,0.0,0.86602540378444));
#19271=DIRECTION('',(-1.0,0.0,0.0));
#19272=DIRECTION('',(0.499999999999998,0.0,-0.866025403784439));
#19273=DIRECTION('',(1.0,0.0,-6.12303176911189E-017));
#19274=DIRECTION('',(0.499999999999999,0.0,0.86602540378444));
#19275=DIRECTION('',(-1.0,0.0,0.0));
#19276=DIRECTION('',(0.499999999999998,0.0,-0.866025403784439));
#19277=DIRECTION('',(1.0,0.0,-6.12303176911189E-017));
#19278=DIRECTION('',(0.499999999999999,0.0,0.86602540378444));
#19279=CARTESIAN_POINT('',(-1.39763491184455,-2.29123661379431,1.60009664443327));
#19280=DIRECTION('',(-0.0,1.0,0.0));
#19281=DIRECTION('',(1.0,0.0,0.0));
#19282=CARTESIAN_POINT('',(-1.39763491184455,-2.29123661379431,1.60009664443327));
#19283=DIRECTION('',(-0.0,1.0,0.0));
#19284=DIRECTION('',(1.0,0.0,0.0));
#19285=DIRECTION('',(-0.499999999999998,0.0,0.86602540378444));
#19286=DIRECTION('',(-1.0,0.0,6.12303176911189E-017));
#19287=DIRECTION('',(-0.499999999999999,-0.0,-0.866025403784439));
#19288=DIRECTION('',(0.499999999999998,0.0,-0.866025403784439));
#19289=DIRECTION('',(1.0,0.0,-6.12303176911189E-017));
#19290=DIRECTION('',(0.499999999999999,0.0,0.86602540378444));
#19291=DIRECTION('',(-0.499999999999998,0.0,0.86602540378444));
#19292=DIRECTION('',(-0.707106781186548,0.0,0.707106781186548));
#19293=DIRECTION('',(-1.0,0.0,6.12303176911189E-017));
#19294=DIRECTION('',(-0.499999999999999,-0.0,-0.866025403784439));
#19295=DIRECTION('',(0.499999999999998,0.0,-0.866025403784439));
#19296=DIRECTION('',(1.0,0.0,-6.12303176911189E-017));
#19297=DIRECTION('',(0.499999999999999,0.0,0.86602540378444));
#19298=DIRECTION('',(-0.499999999999998,0.0,0.86602540378444));
#19299=DIRECTION('',(-1.0,0.0,6.12303176911189E-017));
#19300=DIRECTION('',(-0.499999999999999,-0.0,-0.866025403784439));
#19301=DIRECTION('',(0.499999999999998,0.0,-0.866025403784439));
#19302=DIRECTION('',(1.0,0.0,-6.12303176911189E-017));
#19303=DIRECTION('',(0.499999999999999,0.0,0.86602540378444));
#19304=DIRECTION('',(-0.499999999999998,0.0,0.86602540378444));
#19305=DIRECTION('',(-0.499999999999999,-0.0,-0.866025403784439));
#19306=DIRECTION('',(0.499999999999998,0.0,-0.866025403784439));
#19307=DIRECTION('',(1.0,0.0,-6.12303176911189E-017));
#19308=DIRECTION('',(0.499999999999999,0.0,0.86602540378444));
#19309=DIRECTION('',(-0.499999999999998,0.0,0.86602540378444));
#19310=DIRECTION('',(-1.0,0.0,6.12303176911189E-017));
#19311=DIRECTION('',(-0.499999999999999,-0.0,-0.866025403784439));
#19312=DIRECTION('',(0.499999999999998,0.0,-0.866025403784439));
#19313=DIRECTION('',(1.0,0.0,-6.12303176911189E-017));
#19314=DIRECTION('',(0.499999999999999,0.0,0.86602540378444));
#19315=DIRECTION('',(-0.499999999999998,0.0,0.86602540378444));
#19316=DIRECTION('',(-1.0,0.0,6.12303176911189E-017));
#19317=DIRECTION('',(-0.499999999999999,-0.0,-0.866025403784439));
#19318=DIRECTION('',(0.499999999999998,0.0,-0.866025403784439));
#19319=DIRECTION('',(1.0,0.0,-6.12303176911189E-017));
#19320=DIRECTION('',(0.499999999999999,0.0,0.86602540378444));
#19321=DIRECTION('',(-0.499999999999998,0.0,0.86602540378444));
#19322=DIRECTION('',(-1.0,0.0,6.12303176911189E-017));
#19323=DIRECTION('',(-0.499999999999999,-0.0,-0.866025403784439));
#19324=DIRECTION('',(0.499999999999998,0.0,-0.866025403784439));
#19325=DIRECTION('',(0.499999999999999,0.0,0.86602540378444));
#19326=DIRECTION('',(-0.499999999999998,0.0,0.86602540378444));
#19327=DIRECTION('',(-1.0,0.0,6.12303176911189E-017));
#19328=DIRECTION('',(-0.499999999999999,-0.0,-0.866025403784439));
#19329=DIRECTION('',(0.499999999999998,0.0,-0.866025403784439));
#19330=DIRECTION('',(1.0,0.0,-6.12303176911189E-017));
#19331=DIRECTION('',(0.499999999999999,0.0,0.86602540378444));
#19332=DIRECTION('',(-0.499999999999998,0.0,0.86602540378444));
#19333=DIRECTION('',(-1.0,0.0,6.12303176911189E-017));
#19334=DIRECTION('',(-0.499999999999999,-0.0,-0.866025403784439));
#19335=DIRECTION('',(0.499999999999998,0.0,-0.866025403784439));
#19336=DIRECTION('',(1.0,0.0,-6.12303176911189E-017));
#19337=DIRECTION('',(0.499999999999999,0.0,0.86602540378444));
#19338=DIRECTION('',(-0.499999999999998,0.0,0.86602540378444));
#19339=DIRECTION('',(-1.0,0.0,6.12303176911189E-017));
#19340=DIRECTION('',(-0.499999999999999,-0.0,-0.866025403784439));
#19341=DIRECTION('',(0.499999999999998,0.0,-0.866025403784439));
#19342=DIRECTION('',(1.0,0.0,-6.12303176911189E-017));
#19343=DIRECTION('',(-1.0,0.0,6.12303176911189E-017));
#19344=DIRECTION('',(-0.499999999999999,-0.0,-0.866025403784439));
#19345=DIRECTION('',(0.499999999999998,0.0,-0.866025403784439));
#19346=DIRECTION('',(1.0,0.0,-6.12303176911189E-017));
#19347=DIRECTION('',(0.499999999999999,0.0,0.86602540378444));
#19348=DIRECTION('',(-0.499999999999998,0.0,0.86602540378444));
#19349=DIRECTION('',(-1.0,0.0,6.12303176911189E-017));
#19350=DIRECTION('',(-0.499999999999999,-0.0,-0.866025403784439));
#19351=DIRECTION('',(0.499999999999998,0.0,-0.866025403784439));
#19352=DIRECTION('',(1.0,0.0,-6.12303176911189E-017));
#19353=DIRECTION('',(0.499999999999999,0.0,0.86602540378444));
#19354=DIRECTION('',(-0.499999999999998,0.0,0.86602540378444));
#19355=DIRECTION('',(-1.0,0.0,6.12303176911189E-017));
#19356=DIRECTION('',(-0.499999999999999,-0.0,-0.866025403784439));
#19357=DIRECTION('',(0.499999999999998,0.0,-0.866025403784439));
#19358=DIRECTION('',(1.0,0.0,-6.12303176911189E-017));
#19359=DIRECTION('',(0.499999999999999,0.0,0.86602540378444));
#19360=DIRECTION('',(-0.499999999999998,0.0,0.86602540378444));
#19361=DIRECTION('',(-1.0,0.0,6.12303176911189E-017));
#19362=DIRECTION('',(-0.499999999999999,-0.0,-0.866025403784439));
#19363=DIRECTION('',(0.499999999999998,0.0,-0.866025403784439));
#19364=DIRECTION('',(1.0,0.0,-6.12303176911189E-017));
#19365=DIRECTION('',(0.499999999999999,0.0,0.86602540378444));
#19366=DIRECTION('',(-0.499999999999998,0.0,0.86602540378444));
#19367=DIRECTION('',(-1.0,0.0,6.12303176911189E-017));
#19368=DIRECTION('',(-0.499999999999999,-0.0,-0.866025403784439));
#19369=DIRECTION('',(0.499999999999998,0.0,-0.866025403784439));
#19370=DIRECTION('',(1.0,0.0,-6.12303176911189E-017));
#19371=DIRECTION('',(0.499999999999999,0.0,0.86602540378444));
#19372=DIRECTION('',(-1.0,0.0,6.12303176911189E-017));
#19373=DIRECTION('',(-0.499999999999999,-0.0,-0.866025403784439));
#19374=DIRECTION('',(0.499999999999998,0.0,-0.866025403784439));
#19375=DIRECTION('',(1.0,0.0,-6.12303176911189E-017));
#19376=DIRECTION('',(0.499999999999999,0.0,0.86602540378444));
#19377=DIRECTION('',(-0.499999999999998,0.0,0.86602540378444));
#19378=DIRECTION('',(-1.0,0.0,6.12303176911189E-017));
#19379=DIRECTION('',(-0.499999999999999,-0.0,-0.866025403784439));
#19380=DIRECTION('',(0.499999999999998,0.0,-0.866025403784439));
#19381=DIRECTION('',(1.0,0.0,-6.12303176911189E-017));
#19382=DIRECTION('',(0.499999999999999,0.0,0.86602540378444));
#19383=DIRECTION('',(-0.499999999999998,0.0,0.86602540378444));
#19384=DIRECTION('',(-1.0,0.0,6.12303176911189E-017));
#19385=DIRECTION('',(-0.499999999999999,-0.0,-0.866025403784439));
#19386=DIRECTION('',(0.499999999999998,0.0,-0.866025403784439));
#19387=DIRECTION('',(1.0,0.0,-6.12303176911189E-017));
#19388=DIRECTION('',(0.499999999999999,0.0,0.86602540378444));
#19389=DIRECTION('',(-0.499999999999999,-0.0,-0.866025403784439));
#19390=DIRECTION('',(0.499999999999998,0.0,-0.866025403784439));
#19391=DIRECTION('',(1.0,0.0,-6.12303176911189E-017));
#19392=DIRECTION('',(0.499999999999999,0.0,0.86602540378444));
#19393=DIRECTION('',(-0.499999999999998,0.0,0.86602540378444));
#19394=DIRECTION('',(-1.0,0.0,6.12303176911189E-017));
#19395=DIRECTION('',(-0.499999999999999,-0.0,-0.866025403784439));
#19396=DIRECTION('',(0.499999999999998,0.0,-0.866025403784439));
#19397=DIRECTION('',(1.0,0.0,-6.12303176911189E-017));
#19398=DIRECTION('',(0.499999999999999,0.0,0.86602540378444));
#19399=DIRECTION('',(-0.499999999999998,0.0,0.86602540378444));
#19400=DIRECTION('',(-1.0,0.0,6.12303176911189E-017));
#19401=DIRECTION('',(-0.499999999999999,-0.0,-0.866025403784439));
#19402=DIRECTION('',(0.499999999999998,0.0,-0.866025403784439));
#19403=DIRECTION('',(1.0,0.0,-6.12303176911189E-017));
#19404=DIRECTION('',(0.499999999999999,0.0,0.86602540378444));
#19405=DIRECTION('',(-0.499999999999998,0.0,0.86602540378444));
#19406=DIRECTION('',(-1.0,0.0,6.12303176911189E-017));
#19407=DIRECTION('',(-0.499999999999999,-0.0,-0.866025403784439));
#19408=DIRECTION('',(1.0,0.0,-6.12303176911189E-017));
#19409=DIRECTION('',(0.499999999999999,0.0,0.86602540378444));
#19410=DIRECTION('',(-0.499999999999998,0.0,0.86602540378444));
#19411=DIRECTION('',(-1.0,0.0,6.12303176911189E-017));
#19412=DIRECTION('',(-0.499999999999999,-0.0,-0.866025403784439));
#19413=DIRECTION('',(0.499999999999998,0.0,-0.866025403784439));
#19414=DIRECTION('',(1.0,0.0,-6.12303176911189E-017));
#19415=DIRECTION('',(0.499999999999999,0.0,0.86602540378444));
#19416=DIRECTION('',(-0.499999999999998,0.0,0.86602540378444));
#19417=DIRECTION('',(-1.0,0.0,6.12303176911189E-017));
#19418=DIRECTION('',(-0.499999999999999,-0.0,-0.866025403784439));
#19419=DIRECTION('',(0.499999999999998,0.0,-0.866025403784439));
#19420=DIRECTION('',(1.0,0.0,-6.12303176911189E-017));
#19421=DIRECTION('',(-0.499999999999998,0.0,0.86602540378444));
#19422=DIRECTION('',(-1.0,0.0,6.12303176911189E-017));
#19423=DIRECTION('',(-0.499999999999999,-0.0,-0.866025403784439));
#19424=DIRECTION('',(0.499999999999998,0.0,-0.866025403784439));
#19425=DIRECTION('',(0.499999999999999,0.0,0.86602540378444));
#19426=DIRECTION('',(-0.499999999999998,0.0,0.86602540378444));
#19427=DIRECTION('',(-1.0,0.0,6.12303176911189E-017));
#19428=DIRECTION('',(-0.499999999999999,-0.0,-0.866025403784439));
#19429=DIRECTION('',(0.499999999999998,0.0,-0.866025403784439));
#19430=DIRECTION('',(1.0,0.0,-6.12303176911189E-017));
#19431=DIRECTION('',(0.499999999999999,0.0,0.86602540378444));
#19432=DIRECTION('',(-0.499999999999998,0.0,0.86602540378444));
#19433=DIRECTION('',(-1.0,0.0,6.12303176911189E-017));
#19434=DIRECTION('',(-0.499999999999999,-0.0,-0.866025403784439));
#19435=DIRECTION('',(0.499999999999998,0.0,-0.866025403784439));
#19436=DIRECTION('',(1.0,0.0,-6.12303176911189E-017));
#19437=DIRECTION('',(0.499999999999999,0.0,0.86602540378444));
#19438=DIRECTION('',(-0.499999999999998,0.0,0.86602540378444));
#19439=DIRECTION('',(-1.0,0.0,6.12303176911189E-017));
#19440=DIRECTION('',(-0.499999999999999,-0.0,-0.866025403784439));
#19441=DIRECTION('',(1.0,0.0,-6.12303176911189E-017));
#19442=DIRECTION('',(0.499999999999999,0.0,0.86602540378444));
#19443=DIRECTION('',(-0.499999999999998,0.0,0.86602540378444));
#19444=DIRECTION('',(-1.0,0.0,6.12303176911189E-017));
#19445=DIRECTION('',(-0.499999999999999,-0.0,-0.866025403784439));
#19446=DIRECTION('',(0.499999999999998,0.0,-0.866025403784439));
#19447=DIRECTION('',(1.0,0.0,-6.12303176911189E-017));
#19448=DIRECTION('',(0.499999999999999,0.0,0.86602540378444));
#19449=DIRECTION('',(-0.499999999999998,0.0,0.86602540378444));
#19450=DIRECTION('',(-1.0,0.0,6.12303176911189E-017));
#19451=DIRECTION('',(0.499999999999998,0.0,-0.866025403784439));
#19452=DIRECTION('',(1.0,0.0,-6.12303176911189E-017));
#19453=CARTESIAN_POINT('',(1.39762925168516,-2.29123661379431,-1.19514522410522));
#19454=DIRECTION('',(0.0,-1.0,0.0));
#19455=DIRECTION('',(1.0,0.0,0.0));
#19456=CARTESIAN_POINT('',(1.39762925168516,-2.29123661379431,-1.19514522410522));
#19457=DIRECTION('',(0.0,-1.0,0.0));
#19458=DIRECTION('',(1.0,0.0,0.0));
#19459=CARTESIAN_POINT('',(1.39762925168516,-2.29123661379431,-1.19514522410522));
#19460=DIRECTION('',(0.0,-1.0,0.0));
#19461=DIRECTION('',(1.0,0.0,0.0));
#19462=DIRECTION('',(0.0,1.0,0.0));
#19463=DIRECTION('',(-0.499999999999999,0.0,-0.86602540378444));
#19464=DIRECTION('',(0.0,1.0,0.0));
#19465=DIRECTION('',(0.0,1.0,0.0));
#19466=DIRECTION('',(0.499999999999999,0.0,0.866025403784439));
#19467=DIRECTION('',(0.0,1.0,0.0));
#19468=DIRECTION('',(0.0,1.0,0.0));
#19469=DIRECTION('',(-1.0,0.0,6.12303176911189E-017));
#19470=DIRECTION('',(0.0,1.0,0.0));
#19471=DIRECTION('',(-0.0,1.0,-0.0));
#19472=CARTESIAN_POINT('',(0.937295016119966,-2.69281141694392,-0.203893460654112));
#19473=DIRECTION('',(-0.0,1.0,0.0));
#19474=DIRECTION('',(1.0,0.0,0.0));
#19475=DIRECTION('',(0.0,-1.0,0.0));
#19476=DIRECTION('',(0.258612901498634,0.0,0.965981038726153));
#19477=DIRECTION('',(-0.476986548217291,-0.621483641305125,0.621483641305125));
#19478=DIRECTION('',(0.258487417978159,-0.000129898155527318,0.966014615765959));
#19479=DIRECTION('',(0.0,1.0,0.0));
#19480=DIRECTION('',(-0.499999999999998,0.0,-0.866025403784439));
#19481=DIRECTION('',(0.0,1.0,0.0));
#19482=DIRECTION('',(0.0,1.0,0.0));
#19483=DIRECTION('',(0.499999999999999,0.0,0.866025403784439));
#19484=DIRECTION('',(0.0,1.0,0.0));
#19485=DIRECTION('',(1.0,0.0,-6.12303176911189E-017));
#19486=DIRECTION('',(0.0,1.0,0.0));
#19487=DIRECTION('',(0.499999999999998,0.0,-0.86602540378444));
#19488=DIRECTION('',(0.0,1.0,0.0));
#19489=DIRECTION('',(0.0,1.0,0.0));
#19490=DIRECTION('',(1.0,0.0,-6.12303176911189E-017));
#19491=DIRECTION('',(0.0,1.0,0.0));
#19492=DIRECTION('',(0.499999999999998,0.0,-0.86602540378444));
#19493=DIRECTION('',(0.0,1.0,0.0));
#19494=DIRECTION('',(0.0,1.0,0.0));
#19495=DIRECTION('',(1.0,0.0,6.12303176911189E-017));
#19496=DIRECTION('',(0.0,1.0,0.0));
#19497=DIRECTION('',(0.0,1.0,0.0));
#19498=DIRECTION('',(-1.0,0.0,6.12303176911189E-017));
#19499=DIRECTION('',(0.0,1.0,0.0));
#19500=DIRECTION('',(0.499999999999998,0.0,0.86602540378444));
#19501=DIRECTION('',(0.0,1.0,0.0));
#19502=DIRECTION('',(0.0,1.0,0.0));
#19503=DIRECTION('',(-1.0,0.0,6.12303176911189E-017));
#19504=DIRECTION('',(0.0,1.0,0.0));
#19505=DIRECTION('',(0.0,1.0,0.0));
#19506=DIRECTION('',(0.0,-1.0,0.0));
#19507=DIRECTION('',(-0.499999999999999,0.0,0.86602540378444));
#19508=DIRECTION('',(0.0,1.0,0.0));
#19509=DIRECTION('',(0.499999999999998,0.0,0.86602540378444));
#19510=DIRECTION('',(0.0,1.0,0.0));
#19511=DIRECTION('',(-1.0,0.0,6.12303176911189E-017));
#19512=DIRECTION('',(0.0,1.0,0.0));
#19513=DIRECTION('',(0.0,1.0,0.0));
#19514=DIRECTION('',(1.0,0.0,-6.12303176911189E-017));
#19515=DIRECTION('',(0.0,1.0,0.0));
#19516=DIRECTION('',(0.0,1.0,0.0));
#19517=DIRECTION('',(0.499999999999998,0.0,-0.86602540378444));
#19518=DIRECTION('',(0.0,1.0,0.0));
#19519=DIRECTION('',(0.0,1.0,0.0));
#19520=DIRECTION('',(-0.499999999999998,0.0,0.866025403784439));
#19521=DIRECTION('',(0.0,1.0,0.0));
#19522=DIRECTION('',(1.0,0.0,0.0));
#19523=DIRECTION('',(-0.258487420162762,0.0,0.96601462391498));
#19524=CARTESIAN_POINT('',(1.39762925168516,-2.3502921785979,1.60011870906162));
#19525=DIRECTION('',(-0.0,-1.0,-0.0));
#19526=DIRECTION('',(-1.0,0.0,0.0));
#19527=DIRECTION('',(-0.965966966356928,0.0,0.258665459439781));
#19528=DIRECTION('',(0.0,0.0,-1.0));
#19529=CARTESIAN_POINT('',(1.41730389417036,-2.3502921785979,1.61978164203316));
#19530=DIRECTION('',(-0.0,1.0,0.0));
#19531=DIRECTION('',(0.707106781186548,0.0,0.707106781186548));
#19532=CARTESIAN_POINT('',(1.41730389417036,-2.3502921785979,1.61978164203316));
#19533=DIRECTION('',(-0.0,1.0,0.0));
#19534=DIRECTION('',(0.707106781186548,0.0,0.707106781186548));
#19535=CARTESIAN_POINT('',(1.39762925168516,-2.3502921785979,1.60011870906162));
#19536=DIRECTION('',(0.0,-1.0,0.0));
#19537=DIRECTION('',(1.0,0.0,0.0));
#19538=CARTESIAN_POINT('',(1.39762925168516,-2.3502921785979,1.60011870906162));
#19539=DIRECTION('',(0.0,-1.0,0.0));
#19540=DIRECTION('',(1.0,0.0,0.0));
#19541=DIRECTION('',(0.0,1.0,0.0));
#19542=DIRECTION('',(-0.499999999999998,0.0,0.866025403784439));
#19543=DIRECTION('',(0.0,1.0,0.0));
#19544=DIRECTION('',(0.0,1.0,0.0));
#19545=DIRECTION('',(0.499999999999999,0.0,0.866025403784439));
#19546=DIRECTION('',(0.0,1.0,0.0));
#19547=DIRECTION('',(-0.499999999999999,0.0,-0.86602540378444));
#19548=DIRECTION('',(0.0,1.0,0.0));
#19549=DIRECTION('',(0.0,-1.0,0.0));
#19550=DIRECTION('',(-1.0,0.0,-6.12303176911189E-017));
#19551=DIRECTION('',(0.0,1.0,0.0));
#19552=DIRECTION('',(0.0,-1.0,0.0));
#19553=CARTESIAN_POINT('',(1.41730389417036,-2.33454414710183,1.61978164203316));
#19554=DIRECTION('',(-0.0,1.0,0.0));
#19555=DIRECTION('',(0.707106781186547,0.0,0.707106781186547));
#19556=DIRECTION('',(0.0,-1.0,0.0));
#19557=DIRECTION('',(0.0,1.0,0.0));
#19558=DIRECTION('',(1.0,0.0,0.0));
#19559=DIRECTION('',(0.0,-1.0,0.0));
#19560=DIRECTION('',(1.0,0.0,6.12303176911189E-017));
#19561=DIRECTION('',(0.0,1.0,0.0));
#19562=DIRECTION('',(0.0,-1.0,0.0));
#19563=DIRECTION('',(0.0,1.0,0.0));
#19564=DIRECTION('',(-0.499999999999999,0.0,-0.86602540378444));
#19565=DIRECTION('',(0.0,1.0,0.0));
#19566=DIRECTION('',(0.499999999999998,0.0,-0.86602540378444));
#19567=DIRECTION('',(0.0,1.0,0.0));
#19568=DIRECTION('',(0.0,1.0,0.0));
#19569=DIRECTION('',(0.499999999999999,0.0,0.866025403784439));
#19570=DIRECTION('',(0.0,1.0,0.0));
#19571=DIRECTION('',(0.0,1.0,0.0));
#19572=DIRECTION('',(-1.0,0.0,6.12303176911189E-017));
#19573=DIRECTION('',(0.0,1.0,0.0));
#19574=DIRECTION('',(0.0,1.0,0.0));
#19575=DIRECTION('',(0.499999999999998,0.0,-0.86602540378444));
#19576=DIRECTION('',(0.0,1.0,0.0));
#19577=DIRECTION('',(0.0,1.0,0.0));
#19578=DIRECTION('',(1.0,0.0,-6.12303176911189E-017));
#19579=DIRECTION('',(0.0,-1.0,0.0));
#19580=DIRECTION('',(-0.499999999999999,0.0,0.86602540378444));
#19581=DIRECTION('',(0.0,1.0,0.0));
#19582=DIRECTION('',(0.0,1.0,0.0));
#19583=DIRECTION('',(1.0,0.0,-6.12303176911189E-017));
#19584=DIRECTION('',(0.0,1.0,0.0));
#19585=DIRECTION('',(0.0,1.0,0.0));
#19586=DIRECTION('',(-0.499999999999999,0.0,-0.86602540378444));
#19587=DIRECTION('',(0.0,-1.0,0.0));
#19588=DIRECTION('',(0.0,1.0,0.0));
#19589=DIRECTION('',(0.499999999999998,0.0,0.86602540378444));
#19590=DIRECTION('',(0.0,0.0,-1.0));
#19591=DIRECTION('',(-0.577350269189626,-0.577350269189626,0.577350269189626));
#19592=DIRECTION('',(0.0,0.0,1.0));
#19593=DIRECTION('',(0.258483090032056,0.000129758255110123,0.966015773851688));
#19594=DIRECTION('',(0.258608436392804,0.0,0.965982234115343));
#19595=DIRECTION('',(0.476979730455344,-0.621486257585294,-0.621486257585294));
#19596=DIRECTION('',(0.0,1.0,0.0));
#19597=DIRECTION('',(-0.499999999999998,0.0,-0.866025403784439));
#19598=DIRECTION('',(0.0,1.0,0.0));
#19599=DIRECTION('',(-1.0,0.0,-6.12303176911189E-017));
#19600=DIRECTION('',(0.0,1.0,0.0));
#19601=DIRECTION('',(0.0,1.0,0.0));
#19602=DIRECTION('',(0.0,1.0,0.0));
#19603=CARTESIAN_POINT('',(-1.39763491184455,-2.3502921785979,-1.19512315947687));
#19604=DIRECTION('',(0.0,1.0,0.0));
#19605=DIRECTION('',(-1.0,0.0,0.0));
#19606=DIRECTION('',(0.0,-1.0,0.0));
#19607=CARTESIAN_POINT('',(-1.39763491184455,-2.39359881851872,-1.19512315947687));
#19608=DIRECTION('',(-0.0,-1.0,-0.0));
#19609=DIRECTION('',(-1.0,0.0,0.0));
#19610=DIRECTION('',(0.57735026918963,-0.577350269189625,0.577350269189622));
#19611=DIRECTION('',(-0.0,-0.0,-1.0));
#19612=DIRECTION('',(-0.577350269189629,0.577350269189621,-0.577350269189627));
#19613=DIRECTION('',(0.0,0.0,1.0));
#19614=DIRECTION('',(-0.499999999999999,0.0,0.86602540378444));
#19615=DIRECTION('',(0.0,1.0,0.0));
#19616=DIRECTION('',(1.0,0.0,-6.12303176911189E-017));
#19617=DIRECTION('',(0.0,1.0,0.0));
#19618=DIRECTION('',(1.0,0.0,0.0));
#19619=DIRECTION('',(1.0,0.0,0.0));
#19620=DIRECTION('',(-0.476986548217291,-0.621483641305125,-0.621483641305125));
#19621=DIRECTION('',(0.0,1.0,0.0));
#19622=DIRECTION('',(0.499999999999998,0.0,-0.86602540378444));
#19623=DIRECTION('',(0.0,1.0,0.0));
#19624=DIRECTION('',(1.0,0.0,0.0));
#19625=DIRECTION('',(1.0,0.0,0.0));
#19626=DIRECTION('',(0.476979730455344,-0.621486257585294,0.621486257585294));
#19627=DIRECTION('',(0.0,1.0,0.0));
#19628=DIRECTION('',(-1.0,0.0,-6.12303176911189E-017));
#19629=DIRECTION('',(0.0,1.0,0.0));
#19630=DIRECTION('',(-0.499999999999999,0.0,-0.86602540378444));
#19631=DIRECTION('',(1.0,0.0,0.0));
#19632=DIRECTION('',(-1.0,0.0,0.0));
#19633=DIRECTION('',(-0.577350269189626,0.577350269189626,-0.577350269189626));
#19634=DIRECTION('',(-0.707106781186548,0.707106781186547,0.0));
#19635=DIRECTION('',(0.0,0.0,-1.0));
#19636=DIRECTION('',(-0.694767133749558,0.694767133749558,0.186003386320918));
#19637=DIRECTION('',(0.0,0.0,-1.0));
#19638=DIRECTION('',(1.0,0.0,-6.12303176911189E-017));
#19639=DIRECTION('',(0.0,-1.0,0.0));
#19640=DIRECTION('',(0.0,-1.0,0.0));
#19641=DIRECTION('',(0.0,1.0,0.0));
#19642=DIRECTION('',(0.0,0.0,-1.0));
#19643=DIRECTION('',(0.0,1.0,0.0));
#19644=DIRECTION('',(0.0,0.0,-1.0));
#19645=DIRECTION('',(0.0,-1.0,0.0));
#19646=DIRECTION('',(0.0,1.0,0.0));
#19647=DIRECTION('',(-0.499999999999999,0.0,-0.86602540378444));
#19648=DIRECTION('',(0.0,-1.0,0.0));
#19649=DIRECTION('',(0.0,1.0,0.0));
#19650=DIRECTION('',(-0.499999999999999,0.0,0.86602540378444));
#19651=DIRECTION('',(0.0,1.0,0.0));
#19652=DIRECTION('',(0.0,1.0,0.0));
#19653=DIRECTION('',(1.0,0.0,6.12303176911189E-017));
#19654=DIRECTION('',(0.0,1.0,0.0));
#19655=DIRECTION('',(0.0,0.707106781186549,-0.707106781186546));
#19656=DIRECTION('',(1.0,0.0,1.22460635382238E-016));
#19657=DIRECTION('',(0.577350269189629,0.577350269189626,-0.577350269189623));
#19658=DIRECTION('',(0.0,-0.707106781186549,0.707106781186546));
#19659=DIRECTION('',(-1.0,-0.0,-1.22460635382238E-016));
#19660=DIRECTION('',(0.0,1.0,0.0));
#19661=DIRECTION('',(0.499999999999999,0.0,0.866025403784439));
#19662=DIRECTION('',(0.0,1.0,0.0));
#19663=DIRECTION('',(0.0,1.0,0.0));
#19664=DIRECTION('',(-1.0,0.0,6.12303176911189E-017));
#19665=DIRECTION('',(0.0,1.0,0.0));
#19666=DIRECTION('',(1.0,0.0,6.12303176911189E-017));
#19667=DIRECTION('',(0.0,1.0,0.0));
#19668=DIRECTION('',(0.0,1.0,0.0));
#19669=DIRECTION('',(0.0,1.0,0.0));
#19670=DIRECTION('',(0.499999999999998,0.0,0.86602540378444));
#19671=DIRECTION('',(0.965966949143025,-0.000188787631452496,0.258665454830262));
#19672=DIRECTION('',(0.0,-1.0,0.0));
#19673=DIRECTION('',(-0.965966966356928,0.0,-0.258665459439781));
#19674=DIRECTION('',(-0.694761897940567,-0.694761897940567,-0.186042496059484));
#19675=DIRECTION('',(0.0,-1.0,0.0));
#19676=DIRECTION('',(0.0,1.0,0.0));
#19677=DIRECTION('',(-1.0,0.0,6.12303176911189E-017));
#19678=DIRECTION('',(0.0,1.0,0.0));
#19679=DIRECTION('',(0.258483090032056,0.000129758255110123,-0.966015773851688));
#19680=DIRECTION('',(0.258608436392804,0.0,-0.965982234115343));
#19681=DIRECTION('',(0.0,1.0,0.0));
#19682=DIRECTION('',(-1.0,0.0,6.12303176911189E-017));
#19683=DIRECTION('',(0.0,1.0,0.0));
#19684=DIRECTION('',(0.499999999999999,0.0,0.866025403784439));
#19685=DIRECTION('',(0.0,1.0,0.0));
#19686=DIRECTION('',(-0.499999999999998,0.0,0.866025403784439));
#19687=DIRECTION('',(0.0,1.0,0.0));
#19688=DIRECTION('',(0.0,1.0,0.0));
#19689=DIRECTION('',(0.0,-1.0,0.0));
#19690=DIRECTION('',(0.0,1.0,0.0));
#19691=DIRECTION('',(0.0,0.0,1.0));
#19692=DIRECTION('',(0.0,1.0,0.0));
#19693=DIRECTION('',(0.0,1.0,0.0));
#19694=DIRECTION('',(0.0,0.0,-1.0));
#19695=DIRECTION('',(0.0,1.0,0.0));
#19696=DIRECTION('',(0.0,0.0,-1.0));
#19697=DIRECTION('',(0.0,-1.0,0.0));
#19698=DIRECTION('',(0.0,-1.0,0.0));
#19699=DIRECTION('',(0.0,0.0,1.0));
#19700=DIRECTION('',(0.0,-1.0,0.0));
#19701=DIRECTION('',(-0.0,-1.0,-0.0));
#19702=DIRECTION('',(0.499999999999998,0.0,0.86602540378444));
#19703=DIRECTION('',(0.0,1.0,0.0));
#19704=DIRECTION('',(-0.258483092208123,0.0,0.966015781984191));
#19705=DIRECTION('',(-0.185906795367409,-0.694780059960064,0.694780059960064));
#19706=DIRECTION('',(0.0,-1.0,0.0));
#19707=DIRECTION('',(0.0,-0.707106781186548,0.707106781186547));
#19708=DIRECTION('',(0.0,-0.707106781186553,0.707106781186542));
#19709=DIRECTION('',(1.0,0.0,0.0));
#19710=DIRECTION('',(0.0,1.0,0.0));
#19711=DIRECTION('',(-1.0,0.0,6.12303176911189E-017));
#19712=DIRECTION('',(0.0,1.0,0.0));
#19713=DIRECTION('',(0.0,1.0,0.0));
#19714=DIRECTION('',(-0.499999999999998,0.0,0.866025403784439));
#19715=DIRECTION('',(0.0,1.0,0.0));
#19716=DIRECTION('',(0.0,1.0,0.0));
#19717=DIRECTION('',(1.0,0.0,6.12303176911189E-017));
#19718=DIRECTION('',(0.0,1.0,0.0));
#19719=DIRECTION('',(-0.707106781186542,-0.707106781186554,-1.06682685953344E-016));
#19720=CARTESIAN_POINT('',(-0.937267286862507,-2.69281141694392,-0.203893460654112));
#19721=DIRECTION('',(0.0,1.0,0.0));
#19722=DIRECTION('',(-1.0,0.0,-3.11751690276878E-016));
#19723=DIRECTION('',(0.0,1.0,0.0));
#19724=DIRECTION('',(1.0,0.0,6.12303176911189E-017));
#19725=DIRECTION('',(0.0,1.0,0.0));
#19726=DIRECTION('',(0.0,1.0,0.0));
#19727=DIRECTION('',(0.499999999999998,0.0,-0.86602540378444));
#19728=DIRECTION('',(1.0,0.0,6.12303176911189E-017));
#19729=DIRECTION('',(0.0,1.0,0.0));
#19730=DIRECTION('',(-0.499999999999999,0.0,-0.86602540378444));
#19731=DIRECTION('',(0.0,1.0,0.0));
#19732=DIRECTION('',(0.0,1.0,0.0));
#19733=DIRECTION('',(0.0,1.0,0.0));
#19734=DIRECTION('',(0.499999999999999,0.0,0.866025403784439));
#19735=DIRECTION('',(0.0,1.0,0.0));
#19736=DIRECTION('',(0.499999999999999,0.0,-0.866025403784439));
#19737=DIRECTION('',(0.0,1.0,0.0));
#19738=DIRECTION('',(1.0,0.0,-6.12303176911189E-017));
#19739=DIRECTION('',(0.0,1.0,0.0));
#19740=DIRECTION('',(0.0,1.0,0.0));
#19741=DIRECTION('',(-1.0,0.0,-6.12303176911189E-017));
#19742=DIRECTION('',(0.0,1.0,0.0));
#19743=DIRECTION('',(0.499999999999998,0.0,0.86602540378444));
#19744=DIRECTION('',(0.0,1.0,0.0));
#19745=CARTESIAN_POINT('',(-1.03631432041918,-2.40934685001479,-0.203893459241792));
#19746=DIRECTION('',(0.0,1.0,0.0));
#19747=DIRECTION('',(-0.707106781186547,0.0,-0.707106781186548));
#19748=DIRECTION('',(0.0,-1.0,0.0));
#19749=DIRECTION('',(0.0,1.0,0.0));
#19750=CARTESIAN_POINT('',(-1.03631432041918,-2.40934685001479,-0.203893459241792));
#19751=DIRECTION('',(0.0,1.0,0.0));
#19752=DIRECTION('',(-0.707106781186547,0.0,-0.707106781186548));
#19753=DIRECTION('',(0.0,-1.0,0.0));
#19754=DIRECTION('',(0.0,1.0,0.0));
#19755=DIRECTION('',(0.499999999999999,0.0,-0.866025403784439));
#19756=DIRECTION('',(-1.0,-0.0,-0.0));
#19757=DIRECTION('',(0.577350269189626,0.577350269189626,-0.577350269189626));
#19758=DIRECTION('',(1.0,0.0,0.0));
#19759=DIRECTION('',(-0.577350269189626,0.577350269189626,-0.577350269189626));
#19760=DIRECTION('',(0.707106781186547,-0.707106781186548,-2.13365371906689E-016));
#19761=CARTESIAN_POINT('',(0.937295016119966,-2.69281141694392,-0.203893460654112));
#19762=DIRECTION('',(-0.0,1.0,0.0));
#19763=DIRECTION('',(1.0,0.0,0.0));
#19764=DIRECTION('',(0.0,1.0,0.0));
#19765=DIRECTION('',(-0.499999999999998,0.0,0.866025403784439));
#19766=DIRECTION('',(0.0,1.0,0.0));
#19767=DIRECTION('',(0.499999999999999,0.0,0.866025403784439));
#19768=DIRECTION('',(0.0,1.0,0.0));
#19769=DIRECTION('',(0.0,1.0,0.0));
#19770=DIRECTION('',(0.499999999999999,0.0,-0.866025403784439));
#19771=DIRECTION('',(0.0,1.0,0.0));
#19772=DIRECTION('',(-0.499999999999999,0.0,0.86602540378444));
#19773=DIRECTION('',(0.0,1.0,0.0));
#19774=DIRECTION('',(0.0,1.0,0.0));
#19775=DIRECTION('',(-1.0,0.0,-6.12303176911189E-017));
#19776=DIRECTION('',(-0.185909994658667,0.69477963192872,0.69477963192872));
#19777=DIRECTION('',(0.0,0.707106781186547,0.707106781186548));
#19778=DIRECTION('',(1.0,0.0,0.0));
#19779=DIRECTION('',(1.0,0.0,-6.12303176911189E-017));
#19780=DIRECTION('',(0.0,1.0,0.0));
#19781=DIRECTION('',(-0.499999999999999,0.0,-0.86602540378444));
#19782=DIRECTION('',(0.0,1.0,0.0));
#19783=DIRECTION('',(0.499999999999999,0.707106781186549,-0.499999999999998));
#19784=CARTESIAN_POINT('',(1.41730389417036,-2.3502921785979,-1.21480815707676));
#19785=DIRECTION('',(0.0,-1.0,-0.0));
#19786=DIRECTION('',(0.707106781186548,0.0,-0.707106781186548));
#19787=DIRECTION('',(0.0,0.707106781186547,-0.707106781186548));
#19788=CARTESIAN_POINT('',(1.41730389417036,-2.33454414710183,-1.21480815707676));
#19789=DIRECTION('',(0.0,-1.0,-0.0));
#19790=DIRECTION('',(0.707106781186547,0.0,-0.707106781186547));
#19791=DIRECTION('',(0.0,1.0,0.0));
#19792=DIRECTION('',(0.0,1.0,0.0));
#19793=CARTESIAN_POINT('',(-0.937267286862507,-2.69281141694392,-0.203893460654112));
#19794=DIRECTION('',(0.0,1.0,0.0));
#19795=DIRECTION('',(-1.0,0.0,-3.11751690276878E-016));
#19796=DIRECTION('',(0.499999999999999,0.0,-0.866025403784439));
#19797=DIRECTION('',(0.0,1.0,0.0));
#19798=DIRECTION('',(0.0,1.0,0.0));
#19799=DIRECTION('',(-0.0,-1.0,-0.0));
#19800=DIRECTION('',(0.0,-1.0,0.0));
#19801=DIRECTION('',(0.0,1.0,0.0));
#19802=DIRECTION('',(-0.499999999999999,0.0,-0.86602540378444));
#19803=DIRECTION('',(0.0,1.0,0.0));
#19804=DIRECTION('',(0.0,1.0,0.0));
#19805=DIRECTION('',(0.0,1.0,0.0));
#19806=DIRECTION('',(0.499999999999999,0.0,-0.866025403784439));
#19807=DIRECTION('',(0.0,1.0,0.0));
#19808=DIRECTION('',(-0.499999999999999,0.0,0.86602540378444));
#19809=DIRECTION('',(0.499903558315814,-0.707106781186549,-0.500096423085774));
#19810=CARTESIAN_POINT('',(-1.39763491184455,-2.40934685001479,1.60009664443327));
#19811=DIRECTION('',(0.0,-1.0,-0.0));
#19812=DIRECTION('',(0.706970392048795,0.0,-0.707243144022176));
#19813=CARTESIAN_POINT('',(-1.39763491184455,-2.39359881851872,1.60009664443327));
#19814=DIRECTION('',(0.0,1.0,0.0));
#19815=DIRECTION('',(-1.0,0.0,0.0));
#19816=DIRECTION('',(0.0,1.0,0.0));
#19817=DIRECTION('',(1.0,0.0,-6.12303176911189E-017));
#19818=DIRECTION('',(0.0,1.0,0.0));
#19819=DIRECTION('',(0.0,1.0,0.0));
#19820=DIRECTION('',(0.499999999999998,0.0,0.86602540378444));
#19821=DIRECTION('',(0.0,1.0,0.0));
#19822=DIRECTION('',(-0.499999999999999,0.0,-0.86602540378444));
#19823=DIRECTION('',(0.0,1.0,0.0));
#19824=DIRECTION('',(-1.0,0.0,-6.12303176911189E-017));
#19825=DIRECTION('',(0.0,1.0,0.0));
#19826=DIRECTION('',(1.0,0.0,6.12303176911189E-017));
#19827=DIRECTION('',(0.0,1.0,0.0));
#19828=DIRECTION('',(3.13880911897078E-008,1.0,0.0));
#19829=DIRECTION('',(1.0,0.0,0.0));
#19830=DIRECTION('',(0.0,-1.0,0.0));
#19831=DIRECTION('',(1.0,0.0,0.0));
#19832=DIRECTION('',(0.0,1.0,0.0));
#19833=DIRECTION('',(1.0,0.0,-6.12303176911189E-017));
#19834=DIRECTION('',(0.0,1.0,0.0));
#19835=DIRECTION('',(0.0,1.0,0.0));
#19836=DIRECTION('',(0.499999999999998,0.0,-0.86602540378444));
#19837=DIRECTION('',(0.0,1.0,0.0));
#19838=DIRECTION('',(0.499999999999999,0.0,0.866025403784439));
#19839=DIRECTION('',(0.0,1.0,0.0));
#19840=DIRECTION('',(0.0,1.0,0.0));
#19841=DIRECTION('',(-0.499999999999999,0.0,-0.86602540378444));
#19842=DIRECTION('',(0.258612901498634,0.0,-0.965981038726153));
#19843=DIRECTION('',(0.258487417978159,-0.000129898155527318,-0.966014615765959));
#19844=DIRECTION('',(0.0,1.0,0.0));
#19845=DIRECTION('',(-0.499999999999998,0.0,0.866025403784439));
#19846=DIRECTION('',(0.0,1.0,0.0));
#19847=DIRECTION('',(-0.499999999999999,0.0,-0.86602540378444));
#19848=DIRECTION('',(0.0,1.0,0.0));
#19849=DIRECTION('',(-0.499948432954479,-0.707106781186549,0.500051561727747));
#19850=CARTESIAN_POINT('',(1.39762925168516,-2.39359881851872,-1.19514522410522));
#19851=DIRECTION('',(-0.0,-1.0,-0.0));
#19852=DIRECTION('',(-1.0,0.0,0.0));
#19853=CARTESIAN_POINT('',(1.39762925168516,-2.40934685001479,-1.19514522410522));
#19854=DIRECTION('',(0.0,1.0,0.0));
#19855=DIRECTION('',(-0.707033854371402,0.0,0.707179700481228));
#19856=DIRECTION('',(1.0,0.0,-6.12303176911189E-017));
#19857=DIRECTION('',(-0.0,1.0,-0.0));
#19858=DIRECTION('',(-0.0,-1.0,0.0));
#19859=DIRECTION('',(0.0,1.0,0.0));
#19860=DIRECTION('',(1.0,0.0,-6.12303176911189E-017));
#19861=DIRECTION('',(0.0,1.0,0.0));
#19862=DIRECTION('',(-0.499999999999998,0.0,-0.866025403784439));
#19863=DIRECTION('',(0.0,1.0,0.0));
#19864=DIRECTION('',(0.0,1.0,0.0));
#19865=DIRECTION('',(0.0,1.0,0.0));
#19866=DIRECTION('',(1.0,0.0,6.12303176911189E-017));
#19867=CARTESIAN_POINT('',(0.937295016119966,-2.69281141694392,-0.203893460654112));
#19868=DIRECTION('',(-0.0,1.0,0.0));
#19869=DIRECTION('',(1.0,0.0,0.0));
#19870=DIRECTION('',(0.0,0.707106781186551,0.707106781186544));
#19871=DIRECTION('',(0.0,1.0,0.0));
#19872=DIRECTION('',(-1.0,0.0,6.12303176911189E-017));
#19873=DIRECTION('',(0.0,1.0,0.0));
#19874=DIRECTION('',(0.0,1.0,0.0));
#19875=DIRECTION('',(1.0,0.0,6.12303176911189E-017));
#19876=DIRECTION('',(0.0,1.0,0.0));
#19877=DIRECTION('',(1.0,0.0,-6.12303176911189E-017));
#19878=DIRECTION('',(0.0,1.0,0.0));
#19879=DIRECTION('',(0.0,1.0,0.0));
#19880=DIRECTION('',(-1.0,0.0,6.12303176911189E-017));
#19881=DIRECTION('',(0.499999999999998,0.0,-0.86602540378444));
#19882=DIRECTION('',(0.0,1.0,0.0));
#19883=CARTESIAN_POINT('',(-1.41734177512098,-2.3502921785979,-1.21480815707676));
#19884=DIRECTION('',(0.0,-1.0,-0.0));
#19885=DIRECTION('',(-0.707106781186548,0.0,-0.707106781186548));
#19886=CARTESIAN_POINT('',(-1.41734177512098,-2.33454414710183,-1.21480815707676));
#19887=DIRECTION('',(0.0,-1.0,-0.0));
#19888=DIRECTION('',(-0.707106781186547,0.0,-0.707106781186547));
#19889=DIRECTION('',(-0.0,-1.0,-0.0));
#19890=DIRECTION('',(0.499999999999998,0.0,0.86602540378444));
#19891=DIRECTION('',(0.0,1.0,0.0));
#19892=DIRECTION('',(0.0,1.0,0.0));
#19893=DIRECTION('',(-0.499999999999999,0.0,0.86602540378444));
#19894=DIRECTION('',(0.0,1.0,0.0));
#19895=DIRECTION('',(0.0,1.0,0.0));
#19896=DIRECTION('',(1.0,0.0,6.12303176911189E-017));
#19897=DIRECTION('',(-0.499999999999999,0.707106781186548,0.5));
#19898=CARTESIAN_POINT('',(-1.41734177512098,-2.33454414710183,1.61978164203316));
#19899=DIRECTION('',(0.0,1.0,0.0));
#19900=DIRECTION('',(-0.707106781186547,0.0,0.707106781186547));
#19901=DIRECTION('',(-0.707106781186548,0.707106781186547,0.0));
#19902=DIRECTION('',(-0.0,1.0,-0.0));
#19903=DIRECTION('',(-0.0,-1.0,0.0));
#19904=DIRECTION('',(0.0,1.0,0.0));
#19905=DIRECTION('',(-0.499999999999998,0.0,0.866025403784439));
#19906=DIRECTION('',(0.0,1.0,0.0));
#19907=DIRECTION('',(0.0,0.0,-1.0));
#19908=DIRECTION('',(-0.577350269189628,-0.577350269189622,0.577350269189628));
#19909=DIRECTION('',(0.0,1.0,0.0));
#19910=DIRECTION('',(0.499999999999999,0.0,-0.866025403784439));
#19911=DIRECTION('',(0.0,-1.0,0.0));
#19912=DIRECTION('',(-1.0,0.0,-6.12303176911189E-017));
#19913=DIRECTION('',(0.0,1.0,0.0));
#19914=DIRECTION('',(0.0,1.0,0.0));
#19915=DIRECTION('',(-0.499999999999999,0.0,0.86602540378444));
#19916=DIRECTION('',(0.0,1.0,0.0));
#19917=DIRECTION('',(-0.499999999999999,0.0,0.86602540378444));
#19918=DIRECTION('',(0.0,1.0,0.0));
#19919=DIRECTION('',(0.0,1.0,0.0));
#19920=DIRECTION('',(1.0,0.0,-6.12303176911189E-017));
#19921=DIRECTION('',(0.0,1.0,0.0));
#19922=DIRECTION('',(-1.0,0.0,6.12303176911189E-017));
#19923=DIRECTION('',(0.0,1.0,0.0));
#19924=DIRECTION('',(-0.499999999999999,0.0,-0.86602540378444));
#19925=DIRECTION('',(0.0,1.0,0.0));
#19926=DIRECTION('',(0.0,0.0,1.0));
#19927=DIRECTION('',(0.0,0.0,-1.0));
#19928=DIRECTION('',(-0.577350269189626,0.577350269189626,0.577350269189626));
#19929=DIRECTION('',(1.0,0.0,-6.12303176911189E-017));
#19930=DIRECTION('',(0.0,1.0,0.0));
#19931=DIRECTION('',(0.0,1.0,0.0));
#19932=DIRECTION('',(0.499999999999999,0.0,0.866025403784439));
#19933=CARTESIAN_POINT('',(-1.39763491184455,-2.40934685001479,1.60009664443327));
#19934=DIRECTION('',(0.0,-1.0,-0.0));
#19935=DIRECTION('',(0.706970392048795,0.0,-0.707243144022176));
#19936=DIRECTION('',(0.0,1.0,0.0));
#19937=DIRECTION('',(-0.499999999999999,0.0,-0.86602540378444));
#19938=DIRECTION('',(0.0,1.0,0.0));
#19939=DIRECTION('',(0.0,3.04010867355806E-006,-0.999999999995379));
#19940=DIRECTION('',(0.0,3.04010867355806E-006,0.999999999995379));
#19941=DIRECTION('',(0.0,0.0,1.0));
#19942=DIRECTION('',(0.0,-1.0,0.0));
#19943=DIRECTION('',(0.0,0.0,-1.0));
#19944=DIRECTION('',(0.0,-1.0,0.0));
#19945=DIRECTION('',(0.0,-1.0,0.0));
#19946=DIRECTION('',(1.0,0.0,6.12303176911189E-017));
#19947=DIRECTION('',(-0.499999999999999,0.0,-0.86602540378444));
#19948=CARTESIAN_POINT('',(1.41730389417036,-2.33454414710183,-1.21480815707676));
#19949=DIRECTION('',(0.0,-1.0,-0.0));
#19950=DIRECTION('',(0.707106781186547,0.0,-0.707106781186547));
#19951=DIRECTION('',(0.0,1.0,0.0));
#19952=DIRECTION('',(1.0,0.0,-6.12303176911189E-017));
#19953=DIRECTION('',(0.0,1.0,0.0));
#19954=DIRECTION('',(-0.499999999999999,0.0,-0.86602540378444));
#19955=DIRECTION('',(0.0,-1.0,0.0));
#19956=DIRECTION('',(-1.0,0.0,-1.22460635382238E-016));
#19957=DIRECTION('',(0.0,1.0,0.0));
#19958=DIRECTION('',(0.0,-1.0,0.0));
#19959=DIRECTION('',(0.0,-1.0,0.0));
#19960=DIRECTION('',(0.0,-1.0,0.0));
#19961=CARTESIAN_POINT('',(1.03634204967664,-2.69281141694392,-0.203893462066433));
#19962=DIRECTION('',(0.0,-1.0,0.0));
#19963=DIRECTION('',(1.0,0.0,0.0));
#19964=CARTESIAN_POINT('',(1.03634204967664,-2.69281141694392,-0.203893462066433));
#19965=DIRECTION('',(0.0,-1.0,0.0));
#19966=DIRECTION('',(1.0,0.0,0.0));
#19967=DIRECTION('',(0.0,1.0,0.0));
#19968=CARTESIAN_POINT('',(1.03634204967664,-2.40934685001479,-0.203893462066433));
#19969=DIRECTION('',(-0.0,1.0,0.0));
#19970=DIRECTION('',(0.707106781186547,0.0,0.707106781186548));
#19971=DIRECTION('',(0.0,-1.0,0.0));
#19972=DIRECTION('',(0.0,1.0,0.0));
#19973=CARTESIAN_POINT('',(1.03634204967664,-2.40934685001479,-0.203893462066433));
#19974=DIRECTION('',(-0.0,1.0,0.0));
#19975=DIRECTION('',(0.707106781186547,0.0,0.707106781186548));
#19976=DIRECTION('',(-1.0,0.0,-6.12303176911189E-017));
#19977=DIRECTION('',(0.0,1.0,0.0));
#19978=DIRECTION('',(-0.499999999999998,0.0,-0.866025403784439));
#19979=DIRECTION('',(0.0,1.0,0.0));
#19980=DIRECTION('',(-1.0,0.0,-1.22460635382238E-016));
#19981=DIRECTION('',(1.0,0.0,1.22460635382238E-016));
#19982=DIRECTION('',(-1.0,0.0,-1.22460635382238E-016));
#19983=DIRECTION('',(0.0,-1.0,0.0));
#19984=DIRECTION('',(0.0,1.0,0.0));
#19985=DIRECTION('',(0.0,1.0,0.0));
#19986=DIRECTION('',(-1.0,0.0,-1.22460635382238E-016));
#19987=DIRECTION('',(0.0,1.0,0.0));
#19988=DIRECTION('',(-1.0,0.0,-1.22460635382238E-016));
#19989=DIRECTION('',(0.0,-1.0,0.0));
#19990=DIRECTION('',(0.0,-1.0,0.0));
#19991=CARTESIAN_POINT('',(-1.41734177512098,-2.33454414710183,1.61978164203316));
#19992=DIRECTION('',(0.0,1.0,0.0));
#19993=DIRECTION('',(-0.707106781186547,0.0,0.707106781186547));
#19994=DIRECTION('',(0.0,-1.0,0.0));
#19995=DIRECTION('',(0.0,1.0,0.0));
#19996=DIRECTION('',(-0.499999999999998,0.0,0.866025403784439));
#19997=DIRECTION('',(0.0,1.0,0.0));
#19998=DIRECTION('',(0.0,1.0,0.0));
#19999=DIRECTION('',(-0.499999999999998,0.0,-0.866025403784439));
#20000=DIRECTION('',(0.707106781186548,0.707106781186547,0.0));
#20001=DIRECTION('',(-0.694761897940567,-0.694761897940567,0.186042496059484));
#20002=DIRECTION('',(-1.0,0.0,6.12303176911189E-017));
#20003=DIRECTION('',(-1.0,0.0,6.12303176911189E-017));
#20004=DIRECTION('',(0.0,1.0,0.0));
#20005=DIRECTION('',(1.0,0.0,-6.12303176911189E-017));
#20006=DIRECTION('',(0.0,1.0,0.0));
#20007=DIRECTION('',(0.0,-1.0,0.0));
#20008=DIRECTION('',(0.707106781186548,0.0,0.707106781186548));
#20009=DIRECTION('',(0.0,1.0,0.0));
#20010=DIRECTION('',(1.0,0.0,6.12303176911189E-017));
#20011=DIRECTION('',(0.499999999999999,0.707106781186549,0.499999999999998));
#20012=DIRECTION('',(-0.0,-1.0,-0.0));
#20013=DIRECTION('',(0.0,0.707106781186547,0.707106781186548));
#20014=DIRECTION('',(1.0,0.0,0.0));
#20015=CARTESIAN_POINT('',(1.41730389417036,-2.3502921785979,-1.21480815707676));
#20016=DIRECTION('',(0.0,-1.0,-0.0));
#20017=DIRECTION('',(0.707106781186548,0.0,-0.707106781186548));
#20018=DIRECTION('',(0.0,0.0,1.0));
#20019=CARTESIAN_POINT('',(1.39762925168516,-2.3502921785979,-1.19514522410522));
#20020=DIRECTION('',(0.0,1.0,0.0));
#20021=DIRECTION('',(-1.0,0.0,0.0));
#20022=CARTESIAN_POINT('',(1.39762925168516,-2.3502921785979,-1.19514522410522));
#20023=DIRECTION('',(0.0,1.0,0.0));
#20024=DIRECTION('',(-1.0,0.0,0.0));
#20025=DIRECTION('',(-0.258487420162762,0.0,-0.96601462391498));
#20026=CARTESIAN_POINT('',(1.39762925168516,-2.3502921785979,-1.19514522410522));
#20027=DIRECTION('',(-0.0,1.0,0.0));
#20028=DIRECTION('',(1.0,0.0,0.0));
#20029=CARTESIAN_POINT('',(1.39762925168516,-2.3502921785979,-1.19514522410522));
#20030=DIRECTION('',(-0.0,1.0,0.0));
#20031=DIRECTION('',(1.0,0.0,0.0));
#20032=DIRECTION('',(0.499903558315814,-0.707106781186549,0.500096423085774));
#20033=CARTESIAN_POINT('',(-1.39763491184455,-2.40934685001479,-1.19512315947687));
#20034=DIRECTION('',(-0.0,1.0,0.0));
#20035=DIRECTION('',(0.706970392048795,0.0,0.707243144022176));
#20036=CARTESIAN_POINT('',(-1.39763491184455,-2.39359881851872,-1.19512315947687));
#20037=DIRECTION('',(-0.0,-1.0,-0.0));
#20038=DIRECTION('',(-1.0,0.0,0.0));
#20039=DIRECTION('',(0.499999999999998,0.0,0.86602540378444));
#20040=DIRECTION('',(0.70710678118328,0.707106781189815,0.0));
#20041=DIRECTION('',(-0.621464974071433,-0.621463523832616,-0.477037078797802));
#20042=DIRECTION('',(-3.04010867352997E-006,0.0,-0.999999999995379));
#20043=DIRECTION('',(0.499999999999999,0.0,0.866025403784439));
#20044=DIRECTION('',(0.0,1.0,0.0));
#20045=DIRECTION('',(1.0,0.0,-6.12303176911189E-017));
#20046=DIRECTION('',(0.0,1.0,0.0));
#20047=DIRECTION('',(0.499999999999999,0.0,0.866025403784439));
#20048=DIRECTION('',(-0.0,-1.0,-0.0));
#20049=DIRECTION('',(0.499999999999998,0.0,0.86602540378444));
#20050=DIRECTION('',(0.0,1.0,0.0));
#20051=DIRECTION('',(0.0,1.0,0.0));
#20052=DIRECTION('',(0.499999999999999,0.0,0.866025403784439));
#20053=DIRECTION('',(1.0,0.0,0.0));
#20054=DIRECTION('',(-1.0,0.0,6.12303176911189E-017));
#20055=DIRECTION('',(0.0,1.0,0.0));
#20056=DIRECTION('',(0.499999999999999,0.0,-0.866025403784439));
#20057=DIRECTION('',(0.0,1.0,0.0));
#20058=DIRECTION('',(0.499999999999998,0.0,-0.86602540378444));
#20059=CARTESIAN_POINT('',(-1.39763491184455,-2.3502921785979,-1.19512315947687));
#20060=DIRECTION('',(-0.0,1.0,0.0));
#20061=DIRECTION('',(1.0,0.0,0.0));
#20062=DIRECTION('',(-0.499999999999999,0.0,0.86602540378444));
#20063=DIRECTION('',(0.0,1.0,0.0));
#20064=DIRECTION('',(-0.499999999999998,0.0,-0.866025403784439));
#20065=DIRECTION('',(-1.0,0.0,6.12303176911189E-017));
#20066=DIRECTION('',(0.0,1.0,0.0));
#20067=DIRECTION('',(0.0,-1.0,0.0));
#20068=DIRECTION('',(-0.499999999999999,0.0,0.86602540378444));
#20069=DIRECTION('',(0.0,1.0,0.0));
#20070=DIRECTION('',(2.52627027220419E-008,0.999999999999999,2.28916933919074E-008));
#20071=CARTESIAN_POINT('',(1.39762925168516,-2.39359881851872,1.60011870906162));
#20072=DIRECTION('',(0.0,1.0,0.0));
#20073=DIRECTION('',(-1.0,0.0,0.0));
#20074=DIRECTION('',(0.499999999999998,0.0,-0.86602540378444));
#20075=DIRECTION('',(-0.499999999999999,0.0,-0.86602540378444));
#20076=DIRECTION('',(0.0,1.0,0.0));
#20077=DIRECTION('',(0.0,1.0,0.0));
#20078=DIRECTION('',(-0.499999999999998,0.0,0.866025403784439));
#20079=DIRECTION('',(0.499999999999999,0.0,0.866025403784439));
#20080=DIRECTION('',(0.0,1.0,0.0));
#20081=DIRECTION('',(-0.499999999999998,0.0,-0.866025403784439));
#20082=DIRECTION('',(0.0,1.0,0.0));
#20083=DIRECTION('',(0.707106781186548,0.0,-0.707106781186548));
#20084=DIRECTION('',(0.0,-1.0,0.0));
#20085=DIRECTION('',(0.0,1.0,0.0));
#20086=DIRECTION('',(-0.499999999999998,0.0,0.866025403784439));
#20087=DIRECTION('',(1.0,0.0,-6.12303176911189E-017));
#20088=DIRECTION('',(-1.0,0.0,-6.12303176911189E-017));
#20089=CARTESIAN_POINT('',(-1.39763491184455,-2.3502921785979,-1.19512315947687));
#20090=DIRECTION('',(0.0,1.0,0.0));
#20091=DIRECTION('',(-1.0,0.0,0.0));
#20092=DIRECTION('',(-0.965981038726153,0.0,0.258612901498634));
#20093=DIRECTION('',(0.499999999999999,0.0,-0.866025403784439));
#20094=DIRECTION('',(0.0,1.0,0.0));
#20095=DIRECTION('',(-0.0,1.0,-0.0));
#20096=DIRECTION('',(-0.0,-1.0,0.0));
#20097=DIRECTION('',(0.0,1.0,0.0));
#20098=DIRECTION('',(1.0,0.0,6.12303176911189E-017));
#20099=DIRECTION('',(0.0,1.0,0.0));
#20100=DIRECTION('',(0.499999999999998,0.0,-0.86602540378444));
#20101=DIRECTION('',(0.0,1.0,0.0));
#20102=DIRECTION('',(-0.499948432954479,-0.707106781186549,-0.500051561727747));
#20103=CARTESIAN_POINT('',(1.39762925168516,-2.40934685001479,1.60011870906162));
#20104=DIRECTION('',(0.0,-1.0,-0.0));
#20105=DIRECTION('',(-0.707033854371402,0.0,-0.707179700481228));
#20106=DIRECTION('',(0.0,1.0,0.0));
#20107=DIRECTION('',(-0.499999999999998,0.0,0.866025403784439));
#20108=DIRECTION('',(1.0,0.0,-6.12303176911189E-017));
#20109=DIRECTION('',(-1.0,0.0,6.12303176911189E-017));
#20110=DIRECTION('',(0.0,1.0,0.0));
#20111=DIRECTION('',(0.0,1.0,0.0));
#20112=DIRECTION('',(0.499999999999999,0.0,-0.866025403784439));
#20113=DIRECTION('',(0.0,1.0,0.0));
#20114=DIRECTION('',(0.499999999999999,0.0,0.866025403784439));
#20115=DIRECTION('',(0.0,1.0,0.0));
#20116=DIRECTION('',(-0.499999999999999,0.0,-0.86602540378444));
#20117=DIRECTION('',(0.0,1.0,0.0));
#20118=DIRECTION('',(-1.0,0.0,6.12303176911189E-017));
#20119=DIRECTION('',(0.0,1.0,0.0));
#20120=DIRECTION('',(0.0,1.0,0.0));
#20121=DIRECTION('',(0.499999999999998,0.0,-0.86602540378444));
#20122=DIRECTION('',(0.0,1.0,0.0));
#20123=DIRECTION('',(0.0,1.0,0.0));
#20124=DIRECTION('',(0.499999999999998,0.0,-0.86602540378444));
#20125=DIRECTION('',(1.0,0.0,-6.12303176911189E-017));
#20126=DIRECTION('',(0.0,-1.0,0.0));
#20127=DIRECTION('',(0.0,1.0,0.0));
#20128=DIRECTION('',(0.0,0.0,1.0));
#20129=DIRECTION('',(0.0,0.0,1.0));
#20130=DIRECTION('',(3.13880911897078E-008,1.0,0.0));
#20131=DIRECTION('',(0.0,1.0,0.0));
#20132=DIRECTION('',(1.0,0.0,6.12303176911189E-017));
#20133=DIRECTION('',(0.499999999999998,0.0,0.86602540378444));
#20134=DIRECTION('',(-1.0,0.0,-6.12303176911189E-017));
#20135=DIRECTION('',(0.0,1.0,0.0));
#20136=DIRECTION('',(0.0,1.0,0.0));
#20137=DIRECTION('',(0.499999999999998,0.0,0.86602540378444));
#20138=DIRECTION('',(0.499999999999999,0.0,0.866025403784439));
#20139=DIRECTION('',(0.0,1.0,0.0));
#20140=DIRECTION('',(-1.0,0.0,-6.12303176911189E-017));
#20141=DIRECTION('',(0.0,1.0,0.0));
#20142=DIRECTION('',(-1.0,0.0,6.12303176911189E-017));
#20143=DIRECTION('',(-0.499999999999998,0.0,-0.866025403784439));
#20144=DIRECTION('',(0.0,1.0,0.0));
#20145=DIRECTION('',(-0.499999999999999,0.0,0.86602540378444));
#20146=DIRECTION('',(-1.0,0.0,-6.12303176911189E-017));
#20147=DIRECTION('',(0.0,1.0,0.0));
#20148=DIRECTION('',(0.0,1.0,0.0));
#20149=DIRECTION('',(-1.0,0.0,6.12303176911189E-017));
#20150=DIRECTION('',(0.707106781186548,0.707106781186547,1.85348804933051E-016));
#20151=DIRECTION('',(0.0,-0.707106696633218,0.707106865739867));
#20152=DIRECTION('',(0.0,-1.0,0.0));
#20153=DIRECTION('',(-0.185906795367409,-0.694780059960064,-0.694780059960064));
#20154=DIRECTION('',(-0.0,-1.0,-0.0));
#20155=DIRECTION('',(-1.0,0.0,6.12303176911189E-017));
#20156=DIRECTION('',(0.499999999999999,0.0,0.866025403784439));
#20157=DIRECTION('',(-1.0,0.0,6.12303176911189E-017));
#20158=DIRECTION('',(-1.0,0.0,-6.12303176911189E-017));
#20159=DIRECTION('',(-0.499999999999998,0.0,0.866025403784439));
#20160=DIRECTION('',(0.0,1.0,0.0));
#20161=DIRECTION('',(-0.499999999999998,0.0,0.866025403784439));
#20162=DIRECTION('',(0.0,1.0,0.0));
#20163=DIRECTION('',(0.0,1.0,0.0));
#20164=DIRECTION('',(1.0,0.0,6.12303176911189E-017));
#20165=DIRECTION('',(0.0,1.0,0.0));
#20166=DIRECTION('',(0.0,1.0,0.0));
#20167=DIRECTION('',(0.0,0.0,1.0));
#20168=DIRECTION('',(0.0,1.0,0.0));
#20169=DIRECTION('',(0.0,0.0,1.0));
#20170=DIRECTION('',(1.0,0.0,0.0));
#20171=DIRECTION('',(-1.0,0.0,0.0));
#20172=DIRECTION('',(0.0,-1.0,0.0));
#20173=DIRECTION('',(0.0,1.0,0.0));
#20174=DIRECTION('',(-0.499999999999998,0.0,0.866025403784439));
#20175=DIRECTION('',(0.965966949143025,-0.000188787631452496,-0.258665454830262));
#20176=DIRECTION('',(0.0,1.0,0.0));
#20177=DIRECTION('',(-1.0,0.0,6.12303176911189E-017));
#20178=DIRECTION('',(0.0,1.0,0.0));
#20179=DIRECTION('',(0.0,0.70710686573987,0.707106696633215));
#20180=DIRECTION('',(-1.0,0.0,0.0));
#20181=DIRECTION('',(0.0,1.0,0.0));
#20182=DIRECTION('',(0.499999999999998,0.0,-0.86602540378444));
#20183=DIRECTION('',(0.0,1.0,0.0));
#20184=DIRECTION('',(0.499999999999998,0.0,-0.86602540378444));
#20185=DIRECTION('',(0.0,1.0,0.0));
#20186=DIRECTION('',(-0.499999999999998,0.0,0.866025403784439));
#20187=DIRECTION('',(0.0,0.707106781186554,0.707106781186541));
#20188=DIRECTION('',(1.0,0.0,0.0));
#20189=DIRECTION('',(0.0,0.707106781186547,0.707106781186548));
#20190=DIRECTION('',(0.0,1.0,0.0));
#20191=DIRECTION('',(0.0,0.0,-1.0));
#20192=DIRECTION('',(0.0,1.0,0.0));
#20193=DIRECTION('',(-0.499999999999998,0.0,0.866025403784439));
#20194=DIRECTION('',(-0.499999999999999,0.0,-0.86602540378444));
#20195=DIRECTION('',(0.0,1.0,0.0));
#20196=DIRECTION('',(1.0,0.0,6.12303176911189E-017));
#20197=DIRECTION('',(-0.185909994658667,0.69477963192872,-0.69477963192872));
#20198=DIRECTION('',(0.499999999999999,0.0,0.866025403784439));
#20199=DIRECTION('',(0.499999999999998,0.0,-0.86602540378444));
#20200=DIRECTION('',(0.0,1.0,0.0));
#20201=DIRECTION('',(0.0,1.0,0.0));
#20202=DIRECTION('',(-1.0,0.0,-6.12303176911189E-017));
#20203=DIRECTION('',(1.0,0.0,0.0));
#20204=DIRECTION('',(-1.0,0.0,0.0));
#20205=DIRECTION('',(-0.577350269189626,-0.577350269189626,-0.577350269189626));
#20206=DIRECTION('',(-0.499999999999999,0.0,-0.86602540378444));
#20207=DIRECTION('',(0.0,-1.0,0.0));
#20208=CARTESIAN_POINT('',(1.41730389417036,-2.33454414710183,1.61978164203316));
#20209=DIRECTION('',(-0.0,1.0,0.0));
#20210=DIRECTION('',(0.707106781186547,0.0,0.707106781186547));
#20211=DIRECTION('',(1.0,0.0,6.12303176911189E-017));
#20212=DIRECTION('',(-0.499999999999999,0.0,0.86602540378444));
#20213=DIRECTION('',(-0.499999999999998,0.0,-0.866025403784439));
#20214=DIRECTION('',(0.0,1.0,0.0));
#20215=DIRECTION('',(0.499999999999999,0.0,0.866025403784439));
#20216=DIRECTION('',(-0.499999999999999,0.0,-0.86602540378444));
#20217=DIRECTION('',(0.0,1.0,0.0));
#20218=DIRECTION('',(-1.0,0.0,6.12303176911189E-017));
#20219=DIRECTION('',(0.0,1.0,0.0));
#20220=DIRECTION('',(0.0,1.0,0.0));
#20221=DIRECTION('',(0.0,1.0,0.0));
#20222=DIRECTION('',(0.499999999999999,0.0,-0.866025403784439));
#20223=DIRECTION('',(1.0,0.0,-6.12303176911189E-017));
#20224=DIRECTION('',(0.0,1.0,0.0));
#20225=DIRECTION('',(-0.499999999999999,0.0,-0.86602540378444));
#20226=DIRECTION('',(0.0,1.0,0.0));
#20227=DIRECTION('',(0.499999999999999,0.0,-0.866025403784439));
#20228=DIRECTION('',(0.499999999999999,0.0,-0.866025403784439));
#20229=DIRECTION('',(1.0,0.0,6.12303176911189E-017));
#20230=DIRECTION('',(0.0,1.0,0.0));
#20231=CARTESIAN_POINT('',(1.39762925168516,-2.40934685001479,-1.19514522410522));
#20232=DIRECTION('',(0.0,1.0,0.0));
#20233=DIRECTION('',(-0.707033854371402,0.0,0.707179700481228));
#20234=CARTESIAN_POINT('',(1.39762925168516,-2.39359881851872,-1.19514522410522));
#20235=DIRECTION('',(-0.0,-1.0,-0.0));
#20236=DIRECTION('',(-1.0,0.0,0.0));
#20237=CARTESIAN_POINT('',(1.39762925168516,-2.39359881851872,-1.19514522410522));
#20238=DIRECTION('',(-0.0,-1.0,-0.0));
#20239=DIRECTION('',(-1.0,0.0,0.0));
#20240=DIRECTION('',(0.499999999999998,0.0,0.86602540378444));
#20241=DIRECTION('',(0.0,1.0,0.0));
#20242=DIRECTION('',(0.0,1.0,0.0));
#20243=DIRECTION('',(-0.499999999999998,0.0,0.866025403784439));
#20244=DIRECTION('',(-0.499999999999998,0.0,0.866025403784439));
#20245=DIRECTION('',(-0.499999999999998,0.0,0.866025403784439));
#20246=DIRECTION('',(0.0,1.0,0.0));
#20247=DIRECTION('',(0.0,1.0,0.0));
#20248=DIRECTION('',(-0.499999999999998,0.0,-0.866025403784439));
#20249=DIRECTION('',(1.0,0.0,0.0));
#20250=DIRECTION('',(-0.577350269189626,0.577350269189625,0.577350269189626));
#20251=DIRECTION('',(-1.0,0.0,0.0));
#20252=DIRECTION('',(-0.577350269189625,-0.577350269189626,-0.577350269189627));
#20253=DIRECTION('',(0.499999999999998,0.0,0.86602540378444));
#20254=DIRECTION('',(0.0,1.0,0.0));
#20255=DIRECTION('',(-0.499999999999998,0.0,0.866025403784439));
#20256=DIRECTION('',(0.0,1.0,0.0));
#20257=DIRECTION('',(0.0,1.0,0.0));
#20258=DIRECTION('',(0.499999999999998,0.0,-0.86602540378444));
#20259=DIRECTION('',(0.0,1.0,0.0));
#20260=DIRECTION('',(0.0,-1.0,0.0));
#20261=DIRECTION('',(-0.499999999999998,0.0,-0.866025403784439));
#20262=DIRECTION('',(1.0,0.0,0.0));
#20263=DIRECTION('',(0.707106781186548,0.707106781186547,0.0));
#20264=DIRECTION('',(1.0,0.0,0.0));
#20265=DIRECTION('',(0.499999999999998,0.0,-0.86602540378444));
#20266=DIRECTION('',(0.0,1.0,0.0));
#20267=DIRECTION('',(-0.499999999999998,0.0,0.866025403784439));
#20268=DIRECTION('',(0.0,1.0,0.0));
#20269=DIRECTION('',(-0.499999999999999,0.0,0.86602540378444));
#20270=DIRECTION('',(0.0,1.0,0.0));
#20271=DIRECTION('',(-0.499999999999998,0.0,0.866025403784439));
#20272=DIRECTION('',(0.0,-1.0,0.0));
#20273=DIRECTION('',(0.499999999999998,0.0,0.86602540378444));
#20274=DIRECTION('',(-0.499999999999999,0.0,-0.86602540378444));
#20275=DIRECTION('',(-1.0,0.0,0.0));
#20276=DIRECTION('',(1.0,0.0,6.12303176911189E-017));
#20277=DIRECTION('',(0.0,1.0,0.0));
#20278=DIRECTION('',(-0.0,-0.0,-1.0));
#20279=DIRECTION('',(0.0,0.0,1.0));
#20280=DIRECTION('',(0.499999999999999,0.0,-0.866025403784439));
#20281=DIRECTION('',(0.499999999999998,0.0,0.86602540378444));
#20282=DIRECTION('',(-1.0,0.0,6.12303176911189E-017));
#20283=DIRECTION('',(0.0,1.0,0.0));
#20284=DIRECTION('',(0.0,1.0,0.0));
#20285=DIRECTION('',(1.0,0.0,0.0));
#20286=DIRECTION('',(1.0,0.0,0.0));
#20287=DIRECTION('',(1.0,0.0,0.0));
#20288=DIRECTION('',(0.0,-1.0,0.0));
#20289=DIRECTION('',(0.0,0.0,1.0));
#20290=DIRECTION('',(0.0,1.0,0.0));
#20291=DIRECTION('',(0.0,0.0,1.0));
#20292=CARTESIAN_POINT('',(-0.937267286862507,-2.69281141694392,-0.203893460654112));
#20293=DIRECTION('',(0.0,1.0,0.0));
#20294=DIRECTION('',(-1.0,0.0,-3.11751690276878E-016));
#20295=DIRECTION('',(0.499999999999999,0.0,-0.866025403784439));
#20296=DIRECTION('',(0.499999999999999,0.0,-0.866025403784439));
#20297=DIRECTION('',(-0.499999999999998,0.0,0.866025403784439));
#20298=DIRECTION('',(0.0,1.0,0.0));
#20299=DIRECTION('',(-0.499999999999999,0.0,-0.86602540378444));
#20300=DIRECTION('',(-1.0,0.0,-6.12303176911189E-017));
#20301=DIRECTION('',(0.0,-1.0,0.0));
#20302=DIRECTION('',(-0.499999999999998,0.0,-0.866025403784439));
#20303=DIRECTION('',(0.0,1.0,0.0));
#20304=DIRECTION('',(-0.499999999999998,0.0,0.866025403784439));
#20305=DIRECTION('',(0.0,1.0,0.0));
#20306=CARTESIAN_POINT('',(1.03634204967664,-2.40934685001479,-0.203893462066433));
#20307=DIRECTION('',(-0.0,1.0,0.0));
#20308=DIRECTION('',(0.707106781186547,0.0,0.707106781186548));
#20309=CARTESIAN_POINT('',(1.03634204967664,-2.69281141694392,-0.203893462066433));
#20310=DIRECTION('',(0.0,-1.0,0.0));
#20311=DIRECTION('',(1.0,0.0,0.0));
#20312=DIRECTION('',(-0.499999999999999,0.0,-0.86602540378444));
#20313=CARTESIAN_POINT('',(-1.39763491184455,-2.39359881851872,-1.19512315947687));
#20314=DIRECTION('',(-0.0,-1.0,-0.0));
#20315=DIRECTION('',(-1.0,0.0,0.0));
#20316=CARTESIAN_POINT('',(-1.39763491184455,-2.40934685001479,-1.19512315947687));
#20317=DIRECTION('',(-0.0,1.0,0.0));
#20318=DIRECTION('',(0.706970392048795,0.0,0.707243144022176));
#20319=DIRECTION('',(0.0,1.0,0.0));
#20320=DIRECTION('',(0.499999999999999,0.0,-0.866025403784439));
#20321=DIRECTION('',(0.499999999999999,0.0,-0.866025403784439));
#20322=DIRECTION('',(-0.499999999999999,0.0,-0.86602540378444));
#20323=DIRECTION('',(-0.499999999999999,0.0,-0.86602540378444));
#20324=DIRECTION('',(0.0,1.0,0.0));
#20325=DIRECTION('',(-0.499999999999999,0.0,0.86602540378444));
#20326=DIRECTION('',(0.0,1.0,0.0));
#20327=DIRECTION('',(0.0,1.0,0.0));
#20328=DIRECTION('',(0.499999999999998,0.0,-0.86602540378444));
#20329=DIRECTION('',(0.0,1.0,0.0));
#20330=DIRECTION('',(-1.0,0.0,6.12303176911189E-017));
#20331=DIRECTION('',(0.0,1.0,0.0));
#20332=DIRECTION('',(0.499999999999998,0.0,0.86602540378444));
#20333=DIRECTION('',(0.0,1.0,0.0));
#20334=DIRECTION('',(1.0,0.0,0.0));
#20335=DIRECTION('',(0.499999999999998,0.0,-0.86602540378444));
#20336=DIRECTION('',(0.0,1.0,0.0));
#20337=DIRECTION('',(0.0,1.0,0.0));
#20338=DIRECTION('',(-0.499999999999998,0.0,-0.866025403784439));
#20339=DIRECTION('',(0.499999999999998,0.0,-0.86602540378444));
#20340=DIRECTION('',(0.0,1.0,0.0));
#20341=DIRECTION('',(0.0,-1.0,0.0));
#20342=DIRECTION('',(-1.0,0.0,0.0));
#20343=DIRECTION('',(-1.0,0.0,0.0));
#20344=DIRECTION('',(-0.499999999999999,0.0,0.86602540378444));
#20345=DIRECTION('',(0.0,-1.0,0.0));
#20346=DIRECTION('',(0.707106781186548,0.0,-0.707106781186548));
#20347=DIRECTION('',(0.499999999999998,0.0,0.86602540378444));
#20348=DIRECTION('',(0.499999999999999,0.0,-0.866025403784439));
#20349=DIRECTION('',(0.499999999999999,0.0,0.866025403784439));
#20350=DIRECTION('',(1.0,0.0,-6.12303176911189E-017));
#20351=DIRECTION('',(0.499999999999999,0.0,0.866025403784439));
#20352=DIRECTION('',(0.0,1.0,0.0));
#20353=DIRECTION('',(1.0,0.0,-6.12303176911189E-017));
#20354=DIRECTION('',(0.0,1.0,0.0));
#20355=DIRECTION('',(0.0,1.0,0.0));
#20356=DIRECTION('',(0.499999999999999,0.0,0.866025403784439));
#20357=DIRECTION('',(-0.499999999999999,0.0,0.86602540378444));
#20358=DIRECTION('',(0.499999999999999,0.0,0.866025403784439));
#20359=DIRECTION('',(0.0,-1.0,0.0));
#20360=DIRECTION('',(0.707106781186548,0.0,0.707106781186548));
#20361=DIRECTION('',(-0.499999999999998,0.0,-0.866025403784439));
#20362=DIRECTION('',(0.0,1.0,0.0));
#20363=DIRECTION('',(-0.499999999999998,0.0,-0.866025403784439));
#20364=DIRECTION('',(1.0,0.0,-6.12303176911189E-017));
#20365=DIRECTION('',(0.499999999999999,0.0,-0.866025403784439));
#20366=DIRECTION('',(1.0,0.0,-6.12303176911189E-017));
#20367=DIRECTION('',(0.0,0.0,-1.0));
#20368=DIRECTION('',(0.499999999999998,0.0,-0.86602540378444));
#20369=DIRECTION('',(0.0,1.0,0.0));
#20370=DIRECTION('',(-1.0,0.0,6.12303176911189E-017));
#20371=DIRECTION('',(0.0,1.0,0.0));
#20372=DIRECTION('',(0.0,-1.0,0.0));
#20373=DIRECTION('',(-0.499999999999998,0.0,0.866025403784439));
#20374=DIRECTION('',(0.499999999999999,0.0,-0.866025403784439));
#20375=DIRECTION('',(-0.499999999999999,0.0,-0.86602540378444));
#20376=DIRECTION('',(0.499999999999998,0.0,-0.86602540378444));
#20377=DIRECTION('',(0.0,-1.0,0.0));
#20378=DIRECTION('',(-1.0,0.0,-6.12303176911189E-017));
#20379=DIRECTION('',(0.499999999999998,0.0,0.86602540378444));
#20380=DIRECTION('',(0.499999999999998,0.0,0.86602540378444));
#20381=DIRECTION('',(-0.499999999999999,0.0,-0.86602540378444));
#20382=DIRECTION('',(-0.499999999999999,0.0,-0.86602540378444));
#20383=DIRECTION('',(-1.0,0.0,6.12303176911189E-017));
#20384=DIRECTION('',(0.499999999999998,0.0,-0.86602540378444));
#20385=DIRECTION('',(0.0,1.0,0.0));
#20386=DIRECTION('',(1.0,0.0,-6.12303176911189E-017));
#20387=DIRECTION('',(0.0,1.0,0.0));
#20388=DIRECTION('',(0.499999999999999,0.0,-0.866025403784439));
#20389=DIRECTION('',(0.0,1.0,0.0));
#20390=DIRECTION('',(-0.499999999999999,0.0,-0.86602540378444));
#20391=DIRECTION('',(0.499999999999999,0.0,0.866025403784439));
#20392=DIRECTION('',(0.0,1.0,0.0));
#20393=DIRECTION('',(0.499999999999998,0.0,-0.86602540378444));
#20394=DIRECTION('',(0.499999999999999,0.0,0.866025403784439));
#20395=DIRECTION('',(0.0,1.0,0.0));
#20396=DIRECTION('',(0.0,1.0,0.0));
#20397=DIRECTION('',(1.0,0.0,6.12303176911189E-017));
#20398=DIRECTION('',(0.499999999999999,0.0,0.866025403784439));
#20399=DIRECTION('',(-0.499999999999998,0.0,0.866025403784439));
#20400=DIRECTION('',(2.52627027220419E-008,0.999999999999999,-2.28916933919074E-008));
#20401=DIRECTION('',(1.0,0.0,-6.12303176911189E-017));
#20402=DIRECTION('',(0.0,1.0,0.0));
#20403=DIRECTION('',(-1.0,0.0,6.12303176911189E-017));
#20404=DIRECTION('',(1.0,0.0,6.12303176911189E-017));
#20405=DIRECTION('',(1.0,0.0,-6.12303176911189E-017));
#20406=DIRECTION('',(-1.0,0.0,6.12303176911189E-017));
#20407=DIRECTION('',(0.0,0.0,1.0));
#20408=DIRECTION('',(0.0,0.0,1.0));
#20409=DIRECTION('',(0.499999999999999,0.0,0.866025403784439));
#20410=DIRECTION('',(0.0,1.0,0.0));
#20411=DIRECTION('',(-1.0,0.0,-6.12303176911189E-017));
#20412=DIRECTION('',(-0.499999999999998,0.0,0.866025403784439));
#20413=DIRECTION('',(0.499999999999999,0.0,0.866025403784439));
#20414=DIRECTION('',(0.0,1.0,0.0));
#20415=DIRECTION('',(-0.621464974071433,-0.621463523832616,0.477037078797802));
#20416=DIRECTION('',(0.966015781984191,0.0,0.258483092208123));
#20417=DIRECTION('',(0.499999999999999,0.0,-0.866025403784439));
#20418=DIRECTION('',(-0.499999999999999,0.0,0.86602540378444));
#20419=DIRECTION('',(-1.0,0.0,-6.12303176911189E-017));
#20420=DIRECTION('',(-1.0,0.0,-6.12303176911189E-017));
#20421=DIRECTION('',(-3.04010867352997E-006,0.0,0.999999999995379));
#20422=DIRECTION('',(0.966015781984191,0.0,-0.258483092208123));
#20423=CARTESIAN_POINT('',(1.39762925168516,-2.40934685001479,1.60011870906162));
#20424=DIRECTION('',(0.0,-1.0,-0.0));
#20425=DIRECTION('',(-0.707033854371402,0.0,-0.707179700481228));
#20426=DIRECTION('',(0.0,0.0,1.0));
#20427=DIRECTION('',(0.499999999999999,0.0,0.866025403784439));
#20428=DIRECTION('',(0.499999999999998,0.0,0.86602540378444));
#20429=DIRECTION('',(-0.499999999999998,0.0,-0.866025403784439));
#20430=DIRECTION('',(-1.0,0.0,-6.12303176911189E-017));
#20431=DIRECTION('',(1.0,0.0,0.0));
#20432=DIRECTION('',(-0.499999999999998,0.0,-0.866025403784439));
#20433=DIRECTION('',(0.499999999999998,0.0,0.86602540378444));
#20434=DIRECTION('',(0.499999999999998,0.0,-0.86602540378444));
#20435=DIRECTION('',(0.499999999999998,0.0,-0.86602540378444));
#20436=DIRECTION('',(1.0,0.0,-6.12303176911189E-017));
#20437=DIRECTION('',(-0.499999999999998,0.0,0.866025403784439));
#20438=DIRECTION('',(-1.0,0.0,6.12303176911189E-017));
#20439=DIRECTION('',(1.0,0.0,-6.12303176911189E-017));
#20440=DIRECTION('',(0.499999999999999,0.0,0.866025403784439));
#20441=DIRECTION('',(-1.0,0.0,6.12303176911189E-017));
#20442=DIRECTION('',(-0.499999999999998,0.0,0.866025403784439));
#20443=DIRECTION('',(1.0,0.0,-6.12303176911189E-017));
#20444=DIRECTION('',(-0.499999999999998,0.0,0.866025403784439));
#20445=DIRECTION('',(0.499999999999999,0.0,0.866025403784439));
#20446=DIRECTION('',(-0.499999999999998,0.0,0.866025403784439));
#20447=DIRECTION('',(0.499999999999998,0.0,-0.86602540378444));
#20448=DIRECTION('',(-0.499999999999998,0.0,0.866025403784439));
#20449=DIRECTION('',(0.499999999999998,0.0,-0.86602540378444));
#20450=DIRECTION('',(0.499999999999999,0.0,0.866025403784439));
#20451=DIRECTION('',(0.499999999999999,0.0,0.866025403784439));
#20452=DIRECTION('',(0.499999999999999,0.0,0.866025403784439));
#20453=DIRECTION('',(0.0,1.0,0.0));
#20454=DIRECTION('',(0.0,0.0,-1.0));
#20455=DIRECTION('',(-0.0,-1.0,-0.0));
#20456=DIRECTION('',(0.0,1.0,0.0));
#20457=PRESENTATION_LAYER_ASSIGNMENT('Layer1','',(#819));
ENDSEC;
END-ISO-10303-21;
