ISO-10303-21;
HEADER;
FILE_DESCRIPTION (( 'STEP AP214' ),
    '1' );
FILE_NAME ('Back_Fan_Plate.STEP',
    '2019-01-10T18:27:10',
    ( '' ),
    ( '' ),
    'SwSTEP 2.0',
    'SolidWorks 2017',
    '' );
FILE_SCHEMA (( 'AUTOMOTIVE_DESIGN' ));
ENDSEC;

DATA;
#1 = LINE ( 'NONE', #1985, #92 ) ;
#2 = EDGE_LOOP ( 'NONE', ( #3499, #16, #3495, #676, #537, #2936 ) ) ;
#3 = VERTEX_POINT ( 'NONE', #995 ) ;
#4 = DIRECTION ( 'NONE',  ( 0.0000000000000000000, 0.0000000000000000000, 1.000000000000000000 ) ) ;
#5 = VERTEX_POINT ( 'NONE', #2924 ) ;
#6 = CARTESIAN_POINT ( 'NONE',  ( -71.04602967032580800, 39.25337060386650700, 8.499999999999840100 ) ) ;
#7 = DIRECTION ( 'NONE',  ( 1.000000000000000000, -0.0000000000000000000, -0.0000000000000000000 ) ) ;
#8 = ORIENTED_EDGE ( 'NONE', *, *, #962, .T. ) ;
#9 = DIRECTION ( 'NONE',  ( 1.000000000000000000, -0.0000000000000000000, 0.0000000000000000000 ) ) ;
#10 = ADVANCED_FACE ( 'NONE', ( #278 ), #3003, .F. ) ;
#11 = EDGE_CURVE ( 'NONE', #1501, #1063, #618, .T. ) ;
#12 = CARTESIAN_POINT ( 'NONE',  ( -74.04602967032580800, 39.25337060386669200, 48.49999999999985800 ) ) ;
#13 = DIRECTION ( 'NONE',  ( 0.0000000000000000000, -0.7071067811865475700, 0.7071067811865475700 ) ) ;
#14 = EDGE_LOOP ( 'NONE', ( #803, #1005, #437, #2393 ) ) ;
#15 = DIRECTION ( 'NONE',  ( -1.000000000000000000, -0.0000000000000000000, -0.0000000000000000000 ) ) ;
#16 = ORIENTED_EDGE ( 'NONE', *, *, #1476, .T. ) ;
#17 = VECTOR ( 'NONE', #2157, 1000.000000000000100 ) ;
#18 = CARTESIAN_POINT ( 'NONE',  ( -71.04602967032580800, 12.32208572808644800, 22.62937529599940600 ) ) ;
#19 = EDGE_CURVE ( 'NONE', #1591, #2488, #968, .T. ) ;
#20 = DIRECTION ( 'NONE',  ( 1.000000000000000000, -0.0000000000000000000, -0.0000000000000000000 ) ) ;
#21 = CARTESIAN_POINT ( 'NONE',  ( -71.04602967032580800, -0.7466293961333470000, 46.95230445169691800 ) ) ;
#22 = CARTESIAN_POINT ( 'NONE',  ( -74.04602967032580800, 39.25337060386669200, 48.49999999999985800 ) ) ;
#23 = LINE ( 'NONE', #2271, #2860 ) ;
#24 = AXIS2_PLACEMENT_3D ( 'NONE', #2185, #1897, #1585 ) ;
#25 = CARTESIAN_POINT ( 'NONE',  ( 63.16044702067369300, 61.80992920665785600, 7.000000000000002700 ) ) ;
#26 = ORIENTED_EDGE ( 'NONE', *, *, #1907, .F. ) ;
#27 = VERTEX_POINT ( 'NONE', #737 ) ;
#28 = LINE ( 'NONE', #677, #3089 ) ;
#29 = ADVANCED_FACE ( 'NONE', ( #196 ), #3173, .T. ) ;
#30 = DIRECTION ( 'NONE',  ( 0.0000000000000000000, 0.0000000000000000000, 1.000000000000000000 ) ) ;
#31 = CIRCLE ( 'NONE', #768, 24.50000000000000000 ) ;
#32 = CARTESIAN_POINT ( 'NONE',  ( -71.04602967032580800, 21.47004288516074100, 29.65601210951410500 ) ) ;
#33 = EDGE_CURVE ( 'NONE', #892, #689, #2687, .T. ) ;
#34 = EDGE_CURVE ( 'NONE', #27, #569, #1704, .T. ) ;
#35 = DIRECTION ( 'NONE',  ( 0.0000000000000000000, 0.0000000000000000000, -1.000000000000000000 ) ) ;
#36 = FACE_BOUND ( 'NONE', #2, .T. ) ;
#37 = ORIENTED_EDGE ( 'NONE', *, *, #2031, .T. ) ;
#38 = DIRECTION ( 'NONE',  ( 1.000000000000000000, -0.0000000000000000000, 0.0000000000000000000 ) ) ;
#39 = AXIS2_PLACEMENT_3D ( 'NONE', #1115, #3073, #839 ) ;
#40 = AXIS2_PLACEMENT_3D ( 'NONE', #870, #3031, #3350 ) ;
#41 = ORIENTED_EDGE ( 'NONE', *, *, #267, .T. ) ;
#42 = LINE ( 'NONE', #1832, #2790 ) ;
#43 = DIRECTION ( 'NONE',  ( 0.0000000000000000000, 0.7071067811865495700, 0.7071067811865455700 ) ) ;
#44 = EDGE_CURVE ( 'NONE', #1591, #2037, #2514, .T. ) ;
#45 = EDGE_LOOP ( 'NONE', ( #182, #213, #192, #2885 ) ) ;
#46 = CIRCLE ( 'NONE', #89, 2.499999999999998700 ) ;
#47 = VERTEX_POINT ( 'NONE', #2741 ) ;
#48 = DIRECTION ( 'NONE',  ( -1.000000000000000000, 0.0000000000000000000, 0.0000000000000000000 ) ) ;
#49 = CARTESIAN_POINT ( 'NONE',  ( -74.04602967032580800, 1.407043578730223600, 45.28566685335675100 ) ) ;
#50 = ORIENTED_EDGE ( 'NONE', *, *, #955, .F. ) ;
#51 = DIRECTION ( 'NONE',  ( -1.000000000000000000, 0.0000000000000000000, 0.0000000000000000000 ) ) ;
#52 = ORIENTED_EDGE ( 'NONE', *, *, #309, .F. ) ;
#53 = VERTEX_POINT ( 'NONE', #230 ) ;
#54 = ADVANCED_FACE ( 'NONE', ( #361 ), #1618, .T. ) ;
#55 = CARTESIAN_POINT ( 'NONE',  ( -74.04602967032580800, 19.25337060386682400, 28.50000000000001400 ) ) ;
#56 = VERTEX_POINT ( 'NONE', #1643 ) ;
#57 = CARTESIAN_POINT ( 'NONE',  ( -74.04602967032580800, 13.38274589986623500, 21.56871512421959000 ) ) ;
#58 = DIRECTION ( 'NONE',  ( 0.0000000000000000000, 0.0000000000000000000, 1.000000000000000000 ) ) ;
#59 = STYLED_ITEM ( 'NONE', ( #3235 ), #519 ) ;
#60 = CARTESIAN_POINT ( 'NONE',  ( -74.04602967032580800, 19.25337060386682400, 28.50000000000001400 ) ) ;
#61 = DIRECTION ( 'NONE',  ( 0.0000000000000000000, 0.0000000000000000000, -1.000000000000000000 ) ) ;
#62 = VERTEX_POINT ( 'NONE', #494 ) ;
#63 = ORIENTED_EDGE ( 'NONE', *, *, #2005, .T. ) ;
#64 = DIRECTION ( 'NONE',  ( 0.0000000000000000000, 0.0000000000000000000, -1.000000000000000000 ) ) ;
#65 = CARTESIAN_POINT ( 'NONE',  ( 63.16044702067369300, -23.95501194873044100, 5.000000000000000000 ) ) ;
#66 = DIRECTION ( 'NONE',  ( 1.000000000000000000, -0.0000000000000000000, -0.0000000000000000000 ) ) ;
#67 = CYLINDRICAL_SURFACE ( 'NONE', #1825, 3.000000000000002700 ) ;
#68 = DIRECTION ( 'NONE',  ( 0.0000000000000000000, 0.0000000000000000000, -1.000000000000000000 ) ) ;
#69 = AXIS2_PLACEMENT_3D ( 'NONE', #3487, #2893, #2937 ) ;
#70 = ADVANCED_FACE ( 'NONE', ( #2723 ), #3543, .F. ) ;
#71 = ORIENTED_EDGE ( 'NONE', *, *, #1431, .T. ) ;
#72 = ORIENTED_EDGE ( 'NONE', *, *, #265, .F. ) ;
#73 = ORIENTED_EDGE ( 'NONE', *, *, #2684, .F. ) ;
#74 = LINE ( 'NONE', #712, #3528 ) ;
#75 = ORIENTED_EDGE ( 'NONE', *, *, #2391, .T. ) ;
#76 = VECTOR ( 'NONE', #2650, 1000.000000000000000 ) ;
#77 = DIRECTION ( 'NONE',  ( 1.000000000000000000, -0.0000000000000000000, -0.0000000000000000000 ) ) ;
#78 = VECTOR ( 'NONE', #1904, 1000.000000000000000 ) ;
#79 = VERTEX_POINT ( 'NONE', #1081 ) ;
#80 = CARTESIAN_POINT ( 'NONE',  ( -74.04602967032580800, 19.25337060386682400, 28.50000000000001400 ) ) ;
#81 = ORIENTED_EDGE ( 'NONE', *, *, #697, .T. ) ;
#82 = VECTOR ( 'NONE', #2253, 1000.000000000000000 ) ;
#83 = EDGE_CURVE ( 'NONE', #3075, #352, #1916, .T. ) ;
#84 = EDGE_CURVE ( 'NONE', #1853, #1637, #1433, .T. ) ;
#85 = VERTEX_POINT ( 'NONE', #783 ) ;
#86 = ADVANCED_FACE ( 'NONE', ( #1133 ), #2264, .F. ) ;
#88 = DIRECTION ( 'NONE',  ( -1.000000000000000000, 0.0000000000000000000, 0.0000000000000000000 ) ) ;
#87 = LINE ( 'NONE', #2963, #640 ) ;
#89 = AXIS2_PLACEMENT_3D ( 'NONE', #1605, #275, #2734 ) ;
#90 = FACE_OUTER_BOUND ( 'NONE', #2969, .T. ) ;
#91 = ORIENTED_EDGE ( 'NONE', *, *, #2020, .T. ) ;
#92 = VECTOR ( 'NONE', #3354, 1000.000000000000000 ) ;
#93 = EDGE_CURVE ( 'NONE', #2418, #1316, #1265, .T. ) ;
#94 = VERTEX_POINT ( 'NONE', #2998 ) ;
#95 = DIRECTION ( 'NONE',  ( 1.000000000000000000, -0.0000000000000000000, -0.0000000000000000000 ) ) ;
#96 = VERTEX_POINT ( 'NONE', #1633 ) ;
#97 = AXIS2_PLACEMENT_3D ( 'NONE', #1718, #1473, #902 ) ;
#98 = ORIENTED_EDGE ( 'NONE', *, *, #457, .T. ) ;
#99 =( NAMED_UNIT ( * ) SI_UNIT ( $, .STERADIAN. ) SOLID_ANGLE_UNIT ( ) );
#100 = CARTESIAN_POINT ( 'NONE',  ( -71.04602967032580800, 19.25337060386682400, 28.50000000000001400 ) ) ;
#101 = CARTESIAN_POINT ( 'NONE',  ( -71.04602967032580800, 19.25337060386682400, 28.50000000000001400 ) ) ;
#102 = AXIS2_PLACEMENT_3D ( 'NONE', #2208, #542, #1381 ) ;
#103 = ADVANCED_FACE ( 'NONE', ( #1790 ), #878, .F. ) ;
#104 = EDGE_CURVE ( 'NONE', #2244, #471, #533, .T. ) ;
#105 = EDGE_CURVE ( 'NONE', #2054, #3, #707, .T. ) ;
#106 = DIRECTION ( 'NONE',  ( 0.0000000000000000000, 0.0000000000000000000, -1.000000000000000000 ) ) ;
#107 = VERTEX_POINT ( 'NONE', #2727 ) ;
#108 = ORIENTED_EDGE ( 'NONE', *, *, #744, .F. ) ;
#109 = VECTOR ( 'NONE', #3286, 1000.000000000000000 ) ;
#110 = CIRCLE ( 'NONE', #1893, 16.41666666666667100 ) ;
#111 = DIRECTION ( 'NONE',  ( -1.000000000000000000, 0.0000000000000000000, 0.0000000000000000000 ) ) ;
#112 = EDGE_CURVE ( 'NONE', #107, #2117, #789, .T. ) ;
#113 = ORIENTED_EDGE ( 'NONE', *, *, #750, .T. ) ;
#114 = ORIENTED_EDGE ( 'NONE', *, *, #1113, .F. ) ;
#115 = DIRECTION ( 'NONE',  ( 1.000000000000000000, -0.0000000000000000000, 0.0000000000000000000 ) ) ;
#116 = CYLINDRICAL_SURFACE ( 'NONE', #1539, 1.899999999999999000 ) ;
#117 = LINE ( 'NONE', #449, #2518 ) ;
#118 = DIRECTION ( 'NONE',  ( 0.0000000000000000000, 0.0000000000000000000, 1.000000000000000000 ) ) ;
#119 = VECTOR ( 'NONE', #1406, 1000.000000000000000 ) ;
#120 = ADVANCED_FACE ( 'NONE', ( #3562 ), #448, .F. ) ;
#121 = CARTESIAN_POINT ( 'NONE',  ( -74.04602967032580800, 67.23011617120124600, 57.99999999999999300 ) ) ;
#122 = DIRECTION ( 'NONE',  ( 1.000000000000000000, -0.0000000000000000000, -0.0000000000000000000 ) ) ;
#123 = FACE_OUTER_BOUND ( 'NONE', #3371, .T. ) ;
#124 = PRESENTATION_LAYER_ASSIGNMENT (  '', '', ( #59 ) ) ;
#125 = VERTEX_POINT ( 'NONE', #271 ) ;
#126 = ORIENTED_EDGE ( 'NONE', *, *, #2181, .T. ) ;
#127 = FACE_OUTER_BOUND ( 'NONE', #382, .T. ) ;
#128 = DIRECTION ( 'NONE',  ( 1.000000000000000000, -0.0000000000000000000, -0.0000000000000000000 ) ) ;
#129 = VERTEX_POINT ( 'NONE', #2525 ) ;
#130 = EDGE_CURVE ( 'NONE', #1268, #2842, #1527, .T. ) ;
#131 = CYLINDRICAL_SURFACE ( 'NONE', #283, 24.50000000000000000 ) ;
#132 = CIRCLE ( 'NONE', #3551, 2.999999999999999100 ) ;
#133 = CARTESIAN_POINT ( 'NONE',  ( -74.04602967032580800, 39.25337060386650700, 6.952304451696687900 ) ) ;
#134 = CARTESIAN_POINT ( 'NONE',  ( -71.04602967032580800, -4.092984612176676000, 4.092984612176659100 ) ) ;
#135 = ORIENTED_EDGE ( 'NONE', *, *, #2231, .T. ) ;
#136 = DIRECTION ( 'NONE',  ( 0.0000000000000000000, 0.0000000000000000000, -1.000000000000000000 ) ) ;
#137 = ORIENTED_EDGE ( 'NONE', *, *, #3112, .F. ) ;
#138 = CARTESIAN_POINT ( 'NONE',  ( -74.04602967032580800, -5.153644783956427700, 5.153644783956384100 ) ) ;
#139 = AXIS2_PLACEMENT_3D ( 'NONE', #1615, #748, #2123 ) ;
#140 = ORIENTED_EDGE ( 'NONE', *, *, #2945, .T. ) ;
#141 = PLANE ( 'NONE',  #433 ) ;
#142 = ORIENTED_EDGE ( 'NONE', *, *, #2849, .F. ) ;
#143 = CARTESIAN_POINT ( 'NONE',  ( -71.04602967032580800, -0.7466293961333470000, 48.50000000000007100 ) ) ;
#144 = CARTESIAN_POINT ( 'NONE',  ( -74.04602967032580800, 39.25337060386650700, 6.952304451696687900 ) ) ;
#145 = CARTESIAN_POINT ( 'NONE',  ( -71.04602967032580800, 27.24843258194296800, 35.43440180629632900 ) ) ;
#146 = ORIENTED_EDGE ( 'NONE', *, *, #1314, .T. ) ;
#147 = DIRECTION ( 'NONE',  ( 0.0000000000000000000, -0.7071067811865465700, 0.7071067811865484600 ) ) ;
#148 = DIRECTION ( 'NONE',  ( 0.0000000000000000000, 0.0000000000000000000, -1.000000000000000000 ) ) ;
#149 = PLANE ( 'NONE',  #2281 ) ;
#150 = ORIENTED_EDGE ( 'NONE', *, *, #356, .F. ) ;
#151 = VERTEX_POINT ( 'NONE', #3030 ) ;
#152 = EDGE_CURVE ( 'NONE', #364, #2171, #2640, .T. ) ;
#153 = EDGE_CURVE ( 'NONE', #2385, #1929, #3385, .T. ) ;
#154 = LINE ( 'NONE', #1521, #1653 ) ;
#155 = ORIENTED_EDGE ( 'NONE', *, *, #3042, .F. ) ;
#156 = CARTESIAN_POINT ( 'NONE',  ( -74.04602967032580800, 0.0000000000000000000, 0.0000000000000000000 ) ) ;
#157 = AXIS2_PLACEMENT_3D ( 'NONE', #1158, #2760, #64 ) ;
#158 = ORIENTED_EDGE ( 'NONE', *, *, #2843, .F. ) ;
#159 = CARTESIAN_POINT ( 'NONE',  ( -71.04602967032580800, -5.153644783956430300, 5.153644783956392100 ) ) ;
#160 = DIRECTION ( 'NONE',  ( 1.000000000000000000, -0.0000000000000000000, 0.0000000000000000000 ) ) ;
#161 = ORIENTED_EDGE ( 'NONE', *, *, #1253, .T. ) ;
#162 = LINE ( 'NONE', #1754, #281 ) ;
#163 = EDGE_CURVE ( 'NONE', #2307, #666, #2816, .T. ) ;
#164 = AXIS2_PLACEMENT_3D ( 'NONE', #2207, #1417, #833 ) ;
#165 = DIRECTION ( 'NONE',  ( 0.0000000000000000000, -0.7071067811865474600, -0.7071067811865474600 ) ) ;
#166 = LINE ( 'NONE', #986, #1275 ) ;
#167 = LINE ( 'NONE', #1348, #718 ) ;
#168 = DIRECTION ( 'NONE',  ( 1.000000000000000000, -0.0000000000000000000, -0.0000000000000000000 ) ) ;
#169 = ORIENTED_EDGE ( 'NONE', *, *, #2278, .T. ) ;
#170 = ADVANCED_FACE ( 'NONE', ( #3216 ), #1835, .F. ) ;
#171 = EDGE_LOOP ( 'NONE', ( #2642, #1614, #953, #2453 ) ) ;
#172 = CARTESIAN_POINT ( 'NONE',  ( -71.04602967032580800, 21.47004288516073000, 27.34398789048590200 ) ) ;
#173 = DIRECTION ( 'NONE',  ( 0.0000000000000000000, 0.0000000000000000000, -1.000000000000000000 ) ) ;
#174 = CARTESIAN_POINT ( 'NONE',  ( -71.04602967032580800, 67.23011617120124600, 59.00000000000000000 ) ) ;
#175 = CARTESIAN_POINT ( 'NONE',  ( -71.04602967032580800, -28.37519891327388400, 61.00000000000000000 ) ) ;
#176 = CARTESIAN_POINT ( 'NONE',  ( -71.04602967032580800, 23.34635521604348400, 23.34635521604354500 ) ) ;
#177 = ORIENTED_EDGE ( 'NONE', *, *, #1429, .T. ) ;
#178 = FACE_OUTER_BOUND ( 'NONE', #3167, .T. ) ;
#179 = CARTESIAN_POINT ( 'NONE',  ( -70.04602967032580800, -24.07254137103627700, 37.50000000000000700 ) ) ;
#180 = ORIENTED_EDGE ( 'NONE', *, *, #2224, .F. ) ;
#181 = CARTESIAN_POINT ( 'NONE',  ( -74.04602967032580800, 27.24843258194296800, 35.43440180629632900 ) ) ;
#182 = ORIENTED_EDGE ( 'NONE', *, *, #384, .F. ) ;
#183 = VERTEX_POINT ( 'NONE', #1664 ) ;
#184 = EDGE_CURVE ( 'NONE', #924, #3255, #2178, .T. ) ;
#185 = DIRECTION ( 'NONE',  ( 1.000000000000000000, -0.0000000000000000000, -0.0000000000000000000 ) ) ;
#186 = CARTESIAN_POINT ( 'NONE',  ( -71.04602967032580800, -23.95501194873044100, 7.000000000000002700 ) ) ;
#187 = VERTEX_POINT ( 'NONE', #1946 ) ;
#188 = DIRECTION ( 'NONE',  ( 0.0000000000000000000, 1.000000000000000000, 0.0000000000000000000 ) ) ;
#189 = DIRECTION ( 'NONE',  ( 1.000000000000000000, -0.0000000000000000000, -0.0000000000000000000 ) ) ;
#190 = ORIENTED_EDGE ( 'NONE', *, *, #1296, .F. ) ;
#191 = DIRECTION ( 'NONE',  ( 0.0000000000000000000, 0.7071067811865472400, 0.7071067811865479100 ) ) ;
#192 = ORIENTED_EDGE ( 'NONE', *, *, #2978, .F. ) ;
#193 = LINE ( 'NONE', #2709, #2133 ) ;
#194 = CARTESIAN_POINT ( 'NONE',  ( -71.04602967032580800, 28.25337060386681600, -1.089150783600016600E-014 ) ) ;
#195 = CARTESIAN_POINT ( 'NONE',  ( 63.16044702067369300, -26.37519891327379200, 50.10000000000002300 ) ) ;
#196 = FACE_OUTER_BOUND ( 'NONE', #1939, .T. ) ;
#197 = EDGE_CURVE ( 'NONE', #471, #873, #1745, .T. ) ;
#198 = CARTESIAN_POINT ( 'NONE',  ( -71.04602967032580800, 19.25337060386682400, 28.50000000000001400 ) ) ;
#199 = EDGE_LOOP ( 'NONE', ( #646, #1881, #843, #3207 ) ) ;
#200 = FACE_BOUND ( 'NONE', #576, .T. ) ;
#201 = ORIENTED_EDGE ( 'NONE', *, *, #2246, .F. ) ;
#202 = DIRECTION ( 'NONE',  ( 0.0000000000000000000, 0.0000000000000000000, -1.000000000000000000 ) ) ;
#203 = AXIS2_PLACEMENT_3D ( 'NONE', #946, #2831, #118 ) ;
#204 = LINE ( 'NONE', #988, #3048 ) ;
#205 = CIRCLE ( 'NONE', #203, 52.92058191901602300 ) ;
#206 = DIRECTION ( 'NONE',  ( 0.0000000000000000000, -0.7071067811865477900, 0.7071067811865473500 ) ) ;
#207 = EDGE_CURVE ( 'NONE', #2451, #2211, #3126, .T. ) ;
#208 = FACE_OUTER_BOUND ( 'NONE', #1287, .T. ) ;
#209 = AXIS2_PLACEMENT_3D ( 'NONE', #3567, #1339, #2908 ) ;
#210 = LINE ( 'NONE', #176, #3227 ) ;
#211 = ORIENTED_EDGE ( 'NONE', *, *, #1323, .T. ) ;
#212 = DIRECTION ( 'NONE',  ( 0.0000000000000000000, 0.0000000000000000000, 1.000000000000000000 ) ) ;
#213 = ORIENTED_EDGE ( 'NONE', *, *, #1627, .T. ) ;
#214 = CYLINDRICAL_SURFACE ( 'NONE', #654, 2.000000000000001800 ) ;
#215 = CARTESIAN_POINT ( 'NONE',  ( -71.04602967032580800, 19.25337060386682400, 28.50000000000001400 ) ) ;
#216 = ORIENTED_EDGE ( 'NONE', *, *, #3112, .T. ) ;
#217 = CARTESIAN_POINT ( 'NONE',  ( -71.04602967032580800, 24.40701538782333900, 24.40701538782330700 ) ) ;
#218 = DIRECTION ( 'NONE',  ( 0.0000000000000000000, 0.0000000000000000000, -1.000000000000000000 ) ) ;
#219 = CYLINDRICAL_SURFACE ( 'NONE', #2725, 17.91666666666664300 ) ;
#220 = EDGE_LOOP ( 'NONE', ( #1470, #1518, #2320, #1168 ) ) ;
#221 = EDGE_CURVE ( 'NONE', #2257, #3, #705, .T. ) ;
#222 = EDGE_CURVE ( 'NONE', #1555, #621, #2636, .T. ) ;
#223 = VERTEX_POINT ( 'NONE', #18 ) ;
#224 = ORIENTED_EDGE ( 'NONE', *, *, #2416, .T. ) ;
#225 = CARTESIAN_POINT ( 'NONE',  ( -70.04602967032580800, -24.07254137103635500, 37.50000000000000700 ) ) ;
#226 = AXIS2_PLACEMENT_3D ( 'NONE', #2075, #2344, #1247 ) ;
#227 = AXIS2_PLACEMENT_3D ( 'NONE', #1051, #2731, #3274 ) ;
#228 = VERTEX_POINT ( 'NONE', #565 ) ;
#229 = DIRECTION ( 'NONE',  ( 0.0000000000000000000, -0.7071067811865465700, 0.7071067811865484600 ) ) ;
#230 = CARTESIAN_POINT ( 'NONE',  ( -74.04602967032580800, 8.187484831890765600, 40.62654594375590700 ) ) ;
#231 = EDGE_CURVE ( 'NONE', #2696, #1498, #2304, .T. ) ;
#232 = DIRECTION ( 'NONE',  ( 0.0000000000000000000, 0.0000000000000000000, -1.000000000000000000 ) ) ;
#233 = DIRECTION ( 'NONE',  ( -1.000000000000000000, 0.0000000000000000000, 0.0000000000000000000 ) ) ;
#234 = CARTESIAN_POINT ( 'NONE',  ( -74.04602967032580800, 26.18465547964720100, 22.62937529599941300 ) ) ;
#235 = AXIS2_PLACEMENT_3D ( 'NONE', #561, #2485, #2205 ) ;
#236 = ORIENTED_EDGE ( 'NONE', *, *, #1001, .F. ) ;
#237 = ORIENTED_EDGE ( 'NONE', *, *, #938, .F. ) ;
#238 = ORIENTED_EDGE ( 'NONE', *, *, #2877, .T. ) ;
#239 = VECTOR ( 'NONE', #2280, 1000.000000000000000 ) ;
#240 = DIRECTION ( 'NONE',  ( 1.000000000000000000, -0.0000000000000000000, -0.0000000000000000000 ) ) ;
#241 = DIRECTION ( 'NONE',  ( 0.0000000000000000000, 0.0000000000000000000, -1.000000000000000000 ) ) ;
#242 = DIRECTION ( 'NONE',  ( 1.000000000000000000, -0.0000000000000000000, 0.0000000000000000000 ) ) ;
#243 = CARTESIAN_POINT ( 'NONE',  ( 63.16044702067369300, 61.80992920665785600, 5.000000000000000000 ) ) ;
#244 = VECTOR ( 'NONE', #3260, 1000.000000000000000 ) ;
#245 = ORIENTED_EDGE ( 'NONE', *, *, #1214, .T. ) ;
#246 = CYLINDRICAL_SURFACE ( 'NONE', #2095, 3.000000000000002700 ) ;
#247 = CYLINDRICAL_SURFACE ( 'NONE', #3273, 9.083333333333317900 ) ;
#248 = FACE_OUTER_BOUND ( 'NONE', #2670, .T. ) ;
#249 =( GEOMETRIC_REPRESENTATION_CONTEXT ( 3 ) GLOBAL_UNCERTAINTY_ASSIGNED_CONTEXT ( ( #2764 ) ) GLOBAL_UNIT_ASSIGNED_CONTEXT ( ( #406, #1249, #695 ) ) REPRESENTATION_CONTEXT ( 'NONE', 'WORKASPACE' ) );
#250 = DIRECTION ( 'NONE',  ( 1.000000000000000000, -0.0000000000000000000, -0.0000000000000000000 ) ) ;
#251 = CARTESIAN_POINT ( 'NONE',  ( -74.04602967032580800, 19.25337060386682400, 28.50000000000001400 ) ) ;
#252 = FACE_OUTER_BOUND ( 'NONE', #3066, .T. ) ;
#253 = ORIENTED_EDGE ( 'NONE', *, *, #104, .T. ) ;
#254 = ORIENTED_EDGE ( 'NONE', *, *, #1129, .F. ) ;
#255 = ORIENTED_EDGE ( 'NONE', *, *, #1252, .F. ) ;
#256 = CIRCLE ( 'NONE', #2139, 17.91666666666664300 ) ;
#257 = EDGE_LOOP ( 'NONE', ( #491, #190, #75, #3088 ) ) ;
#258 = CIRCLE ( 'NONE', #3018, 2.999999999999999100 ) ;
#259 = PLANE ( 'NONE',  #24 ) ;
#260 = DIRECTION ( 'NONE',  ( 1.000000000000000000, -0.0000000000000000000, 0.0000000000000000000 ) ) ;
#261 = ORIENTED_EDGE ( 'NONE', *, *, #1949, .F. ) ;
#262 = CARTESIAN_POINT ( 'NONE',  ( -74.04602967032580800, 17.03669832257290700, 29.65601210951410500 ) ) ;
#263 = CARTESIAN_POINT ( 'NONE',  ( -74.04602967032580800, 23.34635521604348400, 23.34635521604354500 ) ) ;
#264 = ORIENTED_EDGE ( 'NONE', *, *, #2929, .T. ) ;
#265 = EDGE_CURVE ( 'NONE', #1260, #53, #110, .T. ) ;
#266 = ADVANCED_FACE ( 'NONE', ( #663 ), #2954, .F. ) ;
#267 = EDGE_CURVE ( 'NONE', #2594, #2696, #404, .T. ) ;
#268 = AXIS2_PLACEMENT_3D ( 'NONE', #1511, #2058, #2337 ) ;
#269 = CARTESIAN_POINT ( 'NONE',  ( -74.04602967032580800, -30.37519891327388400, 59.00000000000000000 ) ) ;
#270 = ORIENTED_EDGE ( 'NONE', *, *, #446, .T. ) ;
#271 = CARTESIAN_POINT ( 'NONE',  ( -74.04602967032580800, 61.92745862896372000, 40.49999999999999300 ) ) ;
#272 = EDGE_CURVE ( 'NONE', #840, #2443, #1700, .T. ) ;
#273 = DIRECTION ( 'NONE',  ( 0.0000000000000000000, 0.0000000000000000000, -1.000000000000000000 ) ) ;
#274 = CARTESIAN_POINT ( 'NONE',  ( -74.04602967032580800, -26.37519891327379200, 53.90000000000002000 ) ) ;
#275 = DIRECTION ( 'NONE',  ( 1.000000000000000000, -0.0000000000000000000, 0.0000000000000000000 ) ) ;
#276 = ORIENTED_EDGE ( 'NONE', *, *, #3408, .T. ) ;
#277 = CYLINDRICAL_SURFACE ( 'NONE', #209, 2.499999999999998700 ) ;
#278 = FACE_OUTER_BOUND ( 'NONE', #411, .T. ) ;
#279 = CARTESIAN_POINT ( 'NONE',  ( -74.04602967032580800, 2.467703750510071600, 10.65367297486343300 ) ) ;
#280 = ORIENTED_EDGE ( 'NONE', *, *, #1566, .T. ) ;
#281 = VECTOR ( 'NONE', #2038, 1000.000000000000000 ) ;
#282 = DIRECTION ( 'NONE',  ( 1.000000000000000000, -0.0000000000000000000, -0.0000000000000000000 ) ) ;
#283 = AXIS2_PLACEMENT_3D ( 'NONE', #2757, #3079, #3043 ) ;
#284 = VECTOR ( 'NONE', #691, 1000.000000000000000 ) ;
#285 = EDGE_CURVE ( 'NONE', #648, #125, #2088, .T. ) ;
#286 = EDGE_CURVE ( 'NONE', #2044, #950, #1304, .T. ) ;
#287 = CIRCLE ( 'NONE', #381, 1.547695548303154500 ) ;
#288 = VECTOR ( 'NONE', #2090, 1000.000000000000000 ) ;
#289 = DIRECTION ( 'NONE',  ( 1.000000000000000000, -0.0000000000000000000, -0.0000000000000000000 ) ) ;
#290 = AXIS2_PLACEMENT_3D ( 'NONE', #55, #3401, #2541 ) ;
#291 = FACE_OUTER_BOUND ( 'NONE', #1983, .T. ) ;
#292 = EDGE_CURVE ( 'NONE', #3034, #3190, #317, .T. ) ;
#293 = CARTESIAN_POINT ( 'NONE',  ( -74.04602967032580800, 64.92745862896372000, 23.50000000000000000 ) ) ;
#294 = LINE ( 'NONE', #348, #82 ) ;
#295 = ORIENTED_EDGE ( 'NONE', *, *, #2606, .F. ) ;
#296 = CARTESIAN_POINT ( 'NONE',  ( -71.04602967032580800, -0.7466293961333470000, 48.50000000000007100 ) ) ;
#297 = LINE ( 'NONE', #3161, #2970 ) ;
#298 = EDGE_LOOP ( 'NONE', ( #1719, #3258 ) ) ;
#299 = CIRCLE ( 'NONE', #3264, 9.083333333333342800 ) ;
#301 = CARTESIAN_POINT ( 'NONE',  ( -74.04602967032580800, -28.37519891327388400, 61.00000000000000000 ) ) ;
#300 = FACE_OUTER_BOUND ( 'NONE', #45, .T. ) ;
#302 = ORIENTED_EDGE ( 'NONE', *, *, #1186, .F. ) ;
#303 = ORIENTED_EDGE ( 'NONE', *, *, #3513, .T. ) ;
#304 = ORIENTED_EDGE ( 'NONE', *, *, #1186, .T. ) ;
#305 = AXIS2_PLACEMENT_3D ( 'NONE', #860, #2781, #3071 ) ;
#306 = DIRECTION ( 'NONE',  ( 0.0000000000000000000, 0.0000000000000000000, -1.000000000000000000 ) ) ;
#307 = VERTEX_POINT ( 'NONE', #2006 ) ;
#308 = DIRECTION ( 'NONE',  ( 0.0000000000000000000, -0.7071067811865454600, -0.7071067811865496800 ) ) ;
#309 = EDGE_CURVE ( 'NONE', #1517, #1979, #1572, .T. ) ;
#310 = CARTESIAN_POINT ( 'NONE',  ( -74.04602967032580800, 36.03903745722353600, 46.34632702513665200 ) ) ;
#311 = ORIENTED_EDGE ( 'NONE', *, *, #2435, .T. ) ;
#312 = AXIS2_PLACEMENT_3D ( 'NONE', #100, #665, #3420 ) ;
#313 = EDGE_LOOP ( 'NONE', ( #2822, #1707, #1116, #2069 ) ) ;
#314 = EDGE_LOOP ( 'NONE', ( #817, #3093, #3433, #1297 ) ) ;
#315 = ADVANCED_FACE ( 'NONE', ( #1264 ), #1474, .F. ) ;
#316 = DIRECTION ( 'NONE',  ( 0.0000000000000000000, 0.0000000000000000000, -1.000000000000000000 ) ) ;
#317 = CIRCLE ( 'NONE', #1376, 2.999999999999999100 ) ;
#318 = CARTESIAN_POINT ( 'NONE',  ( -74.04602967032580800, 32.44159238712173000, 16.37243838852488100 ) ) ;
#319 = ORIENTED_EDGE ( 'NONE', *, *, #326, .T. ) ;
#320 = DIRECTION ( 'NONE',  ( 1.000000000000000000, -0.0000000000000000000, -0.0000000000000000000 ) ) ;
#321 = ORIENTED_EDGE ( 'NONE', *, *, #3529, .F. ) ;
#322 = CIRCLE ( 'NONE', #1484, 16.41666666666667100 ) ;
#323 = VECTOR ( 'NONE', #2661, 1000.000000000000000 ) ;
#324 = FILL_AREA_STYLE ('',( #351 ) ) ;
#325 = CYLINDRICAL_SURFACE ( 'NONE', #582, 24.50000000000000000 ) ;
#326 = EDGE_CURVE ( 'NONE', #2981, #1651, #3382, .T. ) ;
#327 = EDGE_CURVE ( 'NONE', #2211, #734, #838, .T. ) ;
#328 = DIRECTION ( 'NONE',  ( 0.0000000000000000000, -0.7071067811865451300, -0.7071067811865499000 ) ) ;
#329 = FACE_OUTER_BOUND ( 'NONE', #2583, .T. ) ;
#330 = ADVANCED_FACE ( 'NONE', ( #2215 ), #1131, .T. ) ;
#331 = VERTEX_POINT ( 'NONE', #1992 ) ;
#332 = DIRECTION ( 'NONE',  ( 0.0000000000000000000, -0.7071067811865470200, 0.7071067811865480200 ) ) ;
#333 = DIRECTION ( 'NONE',  ( 0.0000000000000000000, 0.0000000000000000000, 1.000000000000000000 ) ) ;
#334 = DIRECTION ( 'NONE',  ( 1.000000000000000000, -0.0000000000000000000, -0.0000000000000000000 ) ) ;
#335 = VERTEX_POINT ( 'NONE', #1738 ) ;
#336 = CIRCLE ( 'NONE', #2497, 1.547695548303154500 ) ;
#337 = PLANE ( 'NONE',  #1076 ) ;
#338 = EDGE_CURVE ( 'NONE', #2036, #223, #23, .T. ) ;
#339 = SHAPE_DEFINITION_REPRESENTATION ( #1078, #519 ) ;
#340 = DIRECTION ( 'NONE',  ( 1.000000000000000000, -0.0000000000000000000, 0.0000000000000000000 ) ) ;
#341 = CIRCLE ( 'NONE', #3132, 1.899999999999999000 ) ;
#342 = ORIENTED_EDGE ( 'NONE', *, *, #1121, .T. ) ;
#343 = CARTESIAN_POINT ( 'NONE',  ( -74.04602967032580800, 12.32208572808640500, 34.37062470400059100 ) ) ;
#344 = VERTEX_POINT ( 'NONE', #416 ) ;
#345 = VERTEX_POINT ( 'NONE', #371 ) ;
#346 = CARTESIAN_POINT ( 'NONE',  ( -74.04602967032580800, 65.77688079219176100, 57.99999999999999300 ) ) ;
#347 = ORIENTED_EDGE ( 'NONE', *, *, #1634, .F. ) ;
#348 = CARTESIAN_POINT ( 'NONE',  ( -71.04602967032580800, 36.75337060386684100, 0.0000000000000000000 ) ) ;
#349 = CARTESIAN_POINT ( 'NONE',  ( -74.04602967032580800, 12.31896879757050200, 20.50493802192387300 ) ) ;
#350 = ADVANCED_FACE ( 'NONE', ( #3561 ), #2318, .T. ) ;
#351 = FILL_AREA_STYLE_COLOUR ( '', #2070 ) ;
#352 = VERTEX_POINT ( 'NONE', #678 ) ;
#353 = AXIS2_PLACEMENT_3D ( 'NONE', #1082, #242, #806 ) ;
#354 = CARTESIAN_POINT ( 'NONE',  ( -74.04602967032580800, 19.25337060386682400, 28.50000000000001400 ) ) ;
#355 = CARTESIAN_POINT ( 'NONE',  ( -74.04602967032580800, 19.25337060386682400, 28.50000000000001400 ) ) ;
#356 = EDGE_CURVE ( 'NONE', #2389, #557, #745, .T. ) ;
#357 = ORIENTED_EDGE ( 'NONE', *, *, #3388, .T. ) ;
#358 = VECTOR ( 'NONE', #3196, 1000.000000000000000 ) ;
#359 = ADVANCED_FACE ( 'NONE', ( #788 ), #2703, .F. ) ;
#360 = CARTESIAN_POINT ( 'NONE',  ( -74.04602967032580800, -25.95501194873044100, -6.938893903907228400E-015 ) ) ;
#361 = FACE_OUTER_BOUND ( 'NONE', #573, .T. ) ;
#362 = DIRECTION ( 'NONE',  ( 1.000000000000000000, -0.0000000000000000000, 0.0000000000000000000 ) ) ;
#363 = ORIENTED_EDGE ( 'NONE', *, *, #1690, .T. ) ;
#364 = VERTEX_POINT ( 'NONE', #2994 ) ;
#365 = CIRCLE ( 'NONE', #683, 2.000000000000002700 ) ;
#366 = ADVANCED_FACE ( 'NONE', ( #1874 ), #259, .F. ) ;
#367 = CARTESIAN_POINT ( 'NONE',  ( -74.04602967032580800, -23.95501194873044100, 5.000000000000000000 ) ) ;
#368 = LINE ( 'NONE', #2882, #1582 ) ;
#369 = LINE ( 'NONE', #2128, #1530 ) ;
#370 = CIRCLE ( 'NONE', #517, 10.58333333333333400 ) ;
#371 = CARTESIAN_POINT ( 'NONE',  ( -71.04602967032580800, -21.07254137103627300, 23.49999999999999300 ) ) ;
#372 = DIRECTION ( 'NONE',  ( 1.000000000000000000, -0.0000000000000000000, 0.0000000000000000000 ) ) ;
#373 = LINE ( 'NONE', #442, #673 ) ;
#374 = EDGE_CURVE ( 'NONE', #3255, #2244, #2770, .T. ) ;
#375 = CARTESIAN_POINT ( 'NONE',  ( -74.04602967032580800, 27.24843258194296800, 35.43440180629632900 ) ) ;
#376 = ADVANCED_FACE ( 'NONE', ( #3170 ), #67, .F. ) ;
#377 = ORIENTED_EDGE ( 'NONE', *, *, #2079, .T. ) ;
#379 = DIRECTION ( 'NONE',  ( -1.000000000000000000, 0.0000000000000000000, 0.0000000000000000000 ) ) ;
#378 = LINE ( 'NONE', #694, #1638 ) ;
#380 = DIRECTION ( 'NONE',  ( 1.000000000000000000, 0.0000000000000000000, 0.0000000000000000000 ) ) ;
#381 = AXIS2_PLACEMENT_3D ( 'NONE', #143, #2066, #966 ) ;
#382 = EDGE_LOOP ( 'NONE', ( #2677, #1095, #2833, #1577 ) ) ;
#383 = VECTOR ( 'NONE', #2469, 1000.000000000000000 ) ;
#384 = EDGE_CURVE ( 'NONE', #47, #692, #1390, .T. ) ;
#385 = ORIENTED_EDGE ( 'NONE', *, *, #629, .F. ) ;
#386 = ADVANCED_FACE ( 'NONE', ( #1345 ), #2227, .F. ) ;
#387 = DIRECTION ( 'NONE',  ( -1.000000000000000000, 0.0000000000000000000, 0.0000000000000000000 ) ) ;
#388 = EDGE_LOOP ( 'NONE', ( #3007, #1386, #2291, #2097 ) ) ;
#389 = AXIS2_PLACEMENT_3D ( 'NONE', #2197, #3284, #1338 ) ;
#390 = ORIENTED_EDGE ( 'NONE', *, *, #1384, .F. ) ;
#391 = ORIENTED_EDGE ( 'NONE', *, *, #2065, .F. ) ;
#392 = DIRECTION ( 'NONE',  ( 1.000000000000000000, -0.0000000000000000000, -0.0000000000000000000 ) ) ;
#393 = CARTESIAN_POINT ( 'NONE',  ( -74.04602967032580800, 19.25337060386682400, 28.50000000000001400 ) ) ;
#394 = EDGE_CURVE ( 'NONE', #2412, #183, #1430, .T. ) ;
#395 = EDGE_CURVE ( 'NONE', #2081, #1768, #3431, .T. ) ;
#396 = ORIENTED_EDGE ( 'NONE', *, *, #2490, .F. ) ;
#397 = VERTEX_POINT ( 'NONE', #2454 ) ;
#398 = PLANE ( 'NONE',  #1415 ) ;
#399 = ORIENTED_EDGE ( 'NONE', *, *, #1177, .F. ) ;
#400 = CARTESIAN_POINT ( 'NONE',  ( -74.04602967032580800, 39.25337060386669200, 50.04769554830301100 ) ) ;
#401 = AXIS2_PLACEMENT_3D ( 'NONE', #2710, #1604, #1562 ) ;
#402 = AXIS2_PLACEMENT_3D ( 'NONE', #1097, #1372, #2515 ) ;
#403 = PLANE ( 'NONE',  #268 ) ;
#404 = LINE ( 'NONE', #360, #2049 ) ;
#405 = CARTESIAN_POINT ( 'NONE',  ( -71.04602967032580800, 25.12399530786742500, 35.43128487578045600 ) ) ;
#406 =( LENGTH_UNIT ( ) NAMED_UNIT ( * ) SI_UNIT ( .MILLI., .METRE. ) );
#407 = CARTESIAN_POINT ( 'NONE',  ( -74.04602967032580800, 23.34635521604355200, 23.34635521604348800 ) ) ;
#408 = EDGE_CURVE ( 'NONE', #749, #1862, #2136, .T. ) ;
#409 = ORIENTED_EDGE ( 'NONE', *, *, #813, .F. ) ;
#410 = AXIS2_PLACEMENT_3D ( 'NONE', #1842, #189, #2121 ) ;
#411 = EDGE_LOOP ( 'NONE', ( #3076, #2571, #1683, #709 ) ) ;
#412 = CIRCLE ( 'NONE', #3335, 24.50000000000000000 ) ;
#413 = LINE ( 'NONE', #2562, #1844 ) ;
#414 = ORIENTED_EDGE ( 'NONE', *, *, #44, .T. ) ;
#415 = DIRECTION ( 'NONE',  ( 0.0000000000000000000, 0.0000000000000000000, -1.000000000000000000 ) ) ;
#416 = CARTESIAN_POINT ( 'NONE',  ( -74.04602967032580800, -23.95501194873044100, 2.999999999999997800 ) ) ;
#417 = LINE ( 'NONE', #931, #1141 ) ;
#418 = DIRECTION ( 'NONE',  ( 0.0000000000000000000, 0.0000000000000000000, -1.000000000000000000 ) ) ;
#419 = CIRCLE ( 'NONE', #3248, 1.547695548303152900 ) ;
#420 = ORIENTED_EDGE ( 'NONE', *, *, #1161, .F. ) ;
#421 = VERTEX_POINT ( 'NONE', #279 ) ;
#422 = CARTESIAN_POINT ( 'NONE',  ( -74.04602967032580800, 31.38093221534184700, 41.68822178325493200 ) ) ;
#423 = CIRCLE ( 'NONE', #3383, 10.58333333333333400 ) ;
#424 = CARTESIAN_POINT ( 'NONE',  ( -71.04602967032580800, 18.09735849435273600, 26.28332771870609400 ) ) ;
#425 = ORIENTED_EDGE ( 'NONE', *, *, #112, .F. ) ;
#426 = CIRCLE ( 'NONE', #3470, 2.999999999999999100 ) ;
#427 = DIRECTION ( 'NONE',  ( 1.000000000000000000, -0.0000000000000000000, 0.0000000000000000000 ) ) ;
#428 = ORIENTED_EDGE ( 'NONE', *, *, #3230, .T. ) ;
#429 = CARTESIAN_POINT ( 'NONE',  ( -74.04602967032580800, 12.32208572808644800, 22.62937529599940600 ) ) ;
#430 = CARTESIAN_POINT ( 'NONE',  ( -71.04602967032580800, 36.75337060386684100, 53.49999999999997900 ) ) ;
#431 = ORIENTED_EDGE ( 'NONE', *, *, #374, .F. ) ;
#432 = CARTESIAN_POINT ( 'NONE',  ( -71.04602967032580800, 19.25337060386682400, 28.50000000000001400 ) ) ;
#433 = AXIS2_PLACEMENT_3D ( 'NONE', #407, #2060, #684 ) ;
#434 = ORIENTED_EDGE ( 'NONE', *, *, #2425, .F. ) ;
#435 = DIRECTION ( 'NONE',  ( 0.0000000000000000000, 0.0000000000000000000, 1.000000000000000000 ) ) ;
#436 = ADVANCED_FACE ( 'NONE', ( #3333 ), #2241, .T. ) ;
#437 = ORIENTED_EDGE ( 'NONE', *, *, #1880, .T. ) ;
#438 = DIRECTION ( 'NONE',  ( 0.0000000000000000000, 0.0000000000000000000, -1.000000000000000000 ) ) ;
#439 = ORIENTED_EDGE ( 'NONE', *, *, #540, .F. ) ;
#440 = CARTESIAN_POINT ( 'NONE',  ( -71.04602967032580800, 66.23011617120124600, 59.00000000000000000 ) ) ;
#441 = CARTESIAN_POINT ( 'NONE',  ( -74.04602967032580800, -4.092984612176681300, 4.092984612176681300 ) ) ;
#442 = CARTESIAN_POINT ( 'NONE',  ( -74.04602967032580800, 24.40701538782336800, 24.40701538782325400 ) ) ;
#443 = EDGE_LOOP ( 'NONE', ( #2930, #2158, #91, #2212 ) ) ;
#444 = EDGE_CURVE ( 'NONE', #1246, #984, #2596, .T. ) ;
#445 = VECTOR ( 'NONE', #680, 1000.000000000000000 ) ;
#446 = EDGE_CURVE ( 'NONE', #2285, #1193, #967, .T. ) ;
#447 = DIRECTION ( 'NONE',  ( 1.000000000000000000, -0.0000000000000000000, 0.0000000000000000000 ) ) ;
#448 = CYLINDRICAL_SURFACE ( 'NONE', #1516, 3.000000000000002700 ) ;
#449 = CARTESIAN_POINT ( 'NONE',  ( -74.04602967032580800, 2.467703750510065400, 10.65367297486343300 ) ) ;
#450 = AXIS2_PLACEMENT_3D ( 'NONE', #3440, #185, #418 ) ;
#451 = ORIENTED_EDGE ( 'NONE', *, *, #2407, .T. ) ;
#452 = CARTESIAN_POINT ( 'NONE',  ( -74.04602967032580800, -27.07254137103635500, 40.50000000000005000 ) ) ;
#453 = CARTESIAN_POINT ( 'NONE',  ( -74.04602967032580800, 19.25337060386682400, 28.50000000000001400 ) ) ;
#454 = CARTESIAN_POINT ( 'NONE',  ( -74.04602967032580800, -27.07254137103635500, 37.50000000000000700 ) ) ;
#455 = ORIENTED_EDGE ( 'NONE', *, *, #231, .T. ) ;
#456 = FACE_BOUND ( 'NONE', #1774, .T. ) ;
#457 = EDGE_CURVE ( 'NONE', #471, #648, #489, .T. ) ;
#458 = AXIS2_PLACEMENT_3D ( 'NONE', #3291, #1091, #1103 ) ;
#459 = VECTOR ( 'NONE', #3171, 1000.000000000000000 ) ;
#460 = FACE_OUTER_BOUND ( 'NONE', #2983, .T. ) ;
#461 = LINE ( 'NONE', #1396, #3140 ) ;
#462 = EDGE_LOOP ( 'NONE', ( #1463, #1608, #535, #2267 ) ) ;
#463 = CYLINDRICAL_SURFACE ( 'NONE', #868, 16.41666666666667100 ) ;
#464 = CARTESIAN_POINT ( 'NONE',  ( -71.04602967032580800, 37.09969762900337300, 11.71433314664321800 ) ) ;
#465 = DIRECTION ( 'NONE',  ( -1.000000000000000000, 0.0000000000000000000, 0.0000000000000000000 ) ) ;
#466 = DIRECTION ( 'NONE',  ( 0.0000000000000000000, -0.7071067811865483500, 0.7071067811865465700 ) ) ;
#467 = ORIENTED_EDGE ( 'NONE', *, *, #395, .T. ) ;
#468 = AXIS2_PLACEMENT_3D ( 'NONE', #3090, #2574, #1154 ) ;
#469 = EDGE_CURVE ( 'NONE', #1773, #1591, #1222, .T. ) ;
#470 = VECTOR ( 'NONE', #1551, 1000.000000000000000 ) ;
#471 = VERTEX_POINT ( 'NONE', #1424 ) ;
#472 = CIRCLE ( 'NONE', #3064, 1.547695548303154500 ) ;
#473 = DIRECTION ( 'NONE',  ( -1.000000000000000000, 0.0000000000000000000, -0.0000000000000000000 ) ) ;
#474 = FACE_OUTER_BOUND ( 'NONE', #2579, .T. ) ;
#475 = ORIENTED_EDGE ( 'NONE', *, *, #2328, .T. ) ;
#476 = AXIS2_PLACEMENT_3D ( 'NONE', #1181, #1723, #2801 ) ;
#477 = DIRECTION ( 'NONE',  ( 1.000000000000000000, -0.0000000000000000000, -0.0000000000000000000 ) ) ;
#478 = ORIENTED_EDGE ( 'NONE', *, *, #1761, .T. ) ;
#479 = VERTEX_POINT ( 'NONE', #622 ) ;
#480 = EDGE_CURVE ( 'NONE', #483, #2036, #1047, .T. ) ;
#481 = DIRECTION ( 'NONE',  ( 1.000000000000000000, -0.0000000000000000000, -0.0000000000000000000 ) ) ;
#482 = PLANE ( 'NONE',  #2750 ) ;
#483 = VERTEX_POINT ( 'NONE', #3365 ) ;
#484 = CARTESIAN_POINT ( 'NONE',  ( -74.04602967032580800, 19.25337060386682400, 28.50000000000001400 ) ) ;
#485 = EDGE_LOOP ( 'NONE', ( #1899, #319 ) ) ;
#486 = ORIENTED_EDGE ( 'NONE', *, *, #3021, .T. ) ;
#487 = AXIS2_PLACEMENT_3D ( 'NONE', #1665, #20, #1947 ) ;
#488 = CARTESIAN_POINT ( 'NONE',  ( -74.04602967032580800, 19.25337060386682400, 17.91666666666668200 ) ) ;
#489 = LINE ( 'NONE', #3086, #2003 ) ;
#490 = EDGE_CURVE ( 'NONE', #735, #3213, #1522, .T. ) ;
#491 = ORIENTED_EDGE ( 'NONE', *, *, #3246, .F. ) ;
#492 = ORIENTED_EDGE ( 'NONE', *, *, #865, .F. ) ;
#493 = AXIS2_PLACEMENT_3D ( 'NONE', #2698, #3266, #466 ) ;
#494 = CARTESIAN_POINT ( 'NONE',  ( -71.04602967032580800, 10.25337060386683800, 51.28705773021170700 ) ) ;
#495 = LINE ( 'NONE', #1519, #1227 ) ;
#496 = FACE_OUTER_BOUND ( 'NONE', #3063, .T. ) ;
#497 = CARTESIAN_POINT ( 'NONE',  ( -74.04602967032580800, 7.126824660110981000, 17.43411422802389400 ) ) ;
#498 = CARTESIAN_POINT ( 'NONE',  ( -74.04602967032580800, 18.09735849435273600, 26.28332771870609400 ) ) ;
#499 = FACE_OUTER_BOUND ( 'NONE', #2812, .T. ) ;
#500 = LINE ( 'NONE', #3387, #2784 ) ;
#501 = EDGE_LOOP ( 'NONE', ( #155, #1611, #3045, #1777 ) ) ;
#502 = ORIENTED_EDGE ( 'NONE', *, *, #3484, .T. ) ;
#503 = FACE_OUTER_BOUND ( 'NONE', #1914, .T. ) ;
#504 = DIRECTION ( 'NONE',  ( 0.0000000000000000000, 0.0000000000000000000, -1.000000000000000000 ) ) ;
#505 = CARTESIAN_POINT ( 'NONE',  ( 63.16044702067369300, -23.95501194873044100, 2.999999999999997800 ) ) ;
#506 = CARTESIAN_POINT ( 'NONE',  ( -71.04602967032580800, 19.25337060386682400, 12.08333333333334500 ) ) ;
#507 = ORIENTED_EDGE ( 'NONE', *, *, #1428, .F. ) ;
#508 = DIRECTION ( 'NONE',  ( 0.0000000000000000000, 0.0000000000000000000, -1.000000000000000000 ) ) ;
#509 = VECTOR ( 'NONE', #1706, 1000.000000000000000 ) ;
#510 = DIRECTION ( 'NONE',  ( 1.000000000000000000, -0.0000000000000000000, 0.0000000000000000000 ) ) ;
#511 = CYLINDRICAL_SURFACE ( 'NONE', #1182, 24.50000000000000000 ) ;
#512 = ORIENTED_EDGE ( 'NONE', *, *, #3288, .F. ) ;
#513 = CARTESIAN_POINT ( 'NONE',  ( -74.04602967032580800, 0.0000000000000000000, 55.49999999999997900 ) ) ;
#514 = EDGE_CURVE ( 'NONE', #3356, #2472, #1787, .T. ) ;
#515 = EDGE_LOOP ( 'NONE', ( #1695, #733, #1203, #2506 ) ) ;
#516 = ORIENTED_EDGE ( 'NONE', *, *, #1789, .T. ) ;
#517 = AXIS2_PLACEMENT_3D ( 'NONE', #3024, #2717, #2177 ) ;
#518 = EDGE_LOOP ( 'NONE', ( #3272, #1290, #3097, #872 ) ) ;
#519 = ADVANCED_BREP_SHAPE_REPRESENTATION ( 'Back_Fan_Plate', ( #738, #1040 ), #3152 ) ;
#520 = EDGE_CURVE ( 'NONE', #2052, #749, #2345, .T. ) ;
#521 = DIRECTION ( 'NONE',  ( 0.0000000000000000000, 0.0000000000000000000, -1.000000000000000000 ) ) ;
#522 = CARTESIAN_POINT ( 'NONE',  ( -74.04602967032580800, 19.25337060386682400, 28.50000000000001400 ) ) ;
#523 = DIRECTION ( 'NONE',  ( 0.0000000000000000000, 0.0000000000000000000, -1.000000000000000000 ) ) ;
#524 = AXIS2_PLACEMENT_3D ( 'NONE', #1015, #3242, #1347 ) ;
#525 = ORIENTED_EDGE ( 'NONE', *, *, #2065, .T. ) ;
#526 = ORIENTED_EDGE ( 'NONE', *, *, #163, .T. ) ;
#527 = ORIENTED_EDGE ( 'NONE', *, *, #1580, .T. ) ;
#528 = LINE ( 'NONE', #2522, #2903 ) ;
#529 = DIRECTION ( 'NONE',  ( 1.000000000000000000, -0.0000000000000000000, -0.0000000000000000000 ) ) ;
#530 = CARTESIAN_POINT ( 'NONE',  ( -74.04602967032580800, 30.31925637584285100, 40.62654594375592900 ) ) ;
#531 = CARTESIAN_POINT ( 'NONE',  ( -74.04602967032580800, 21.47004288516074100, 29.65601210951410500 ) ) ;
#532 = EDGE_CURVE ( 'NONE', #895, #2418, #528, .T. ) ;
#533 = CIRCLE ( 'NONE', #591, 3.000000000000002700 ) ;
#534 = ORIENTED_EDGE ( 'NONE', *, *, #3205, .F. ) ;
#535 = ORIENTED_EDGE ( 'NONE', *, *, #836, .T. ) ;
#536 = VECTOR ( 'NONE', #1779, 1000.000000000000000 ) ;
#537 = ORIENTED_EDGE ( 'NONE', *, *, #762, .F. ) ;
#538 = LINE ( 'NONE', #974, #2647 ) ;
#539 = FACE_OUTER_BOUND ( 'NONE', #515, .T. ) ;
#540 = EDGE_CURVE ( 'NONE', #1351, #1064, #1617, .T. ) ;
#541 = CARTESIAN_POINT ( 'NONE',  ( -74.04602967032580800, 0.0000000000000000000, 61.00000000000000000 ) ) ;
#542 = DIRECTION ( 'NONE',  ( 1.000000000000000000, 0.0000000000000000000, 0.0000000000000000000 ) ) ;
#543 = LINE ( 'NONE', #310, #3186 ) ;
#544 = ORIENTED_EDGE ( 'NONE', *, *, #3353, .T. ) ;
#545 = DIRECTION ( 'NONE',  ( 1.000000000000000000, -0.0000000000000000000, -0.0000000000000000000 ) ) ;
#546 = LINE ( 'NONE', #2520, #1668 ) ;
#547 = ADVANCED_FACE ( 'NONE', ( #3257 ), #337, .T. ) ;
#548 = EDGE_LOOP ( 'NONE', ( #708, #2949, #1156, #2419 ) ) ;
#549 = ORIENTED_EDGE ( 'NONE', *, *, #3105, .T. ) ;
#550 = LINE ( 'NONE', #1821, #2283 ) ;
#551 = CARTESIAN_POINT ( 'NONE',  ( -74.04602967032580800, 1.407043578730223600, 45.28566685335675100 ) ) ;
#552 = ORIENTED_EDGE ( 'NONE', *, *, #2587, .F. ) ;
#553 = VECTOR ( 'NONE', #3025, 1000.000000000000000 ) ;
#554 = ORIENTED_EDGE ( 'NONE', *, *, #2292, .F. ) ;
#555 = CARTESIAN_POINT ( 'NONE',  ( -71.04602967032580800, -0.7466293961335341800, 10.04769554830321000 ) ) ;
#556 = CARTESIAN_POINT ( 'NONE',  ( -74.04602967032580800, 19.25337060386682400, 28.50000000000001400 ) ) ;
#557 = VERTEX_POINT ( 'NONE', #2649 ) ;
#558 = ORIENTED_EDGE ( 'NONE', *, *, #1066, .T. ) ;
#559 = EDGE_CURVE ( 'NONE', #1829, #1963, #2997, .T. ) ;
#560 = CARTESIAN_POINT ( 'NONE',  ( -74.04602967032580800, 1.753370603866835500, 53.49999999999997900 ) ) ;
#561 = CARTESIAN_POINT ( 'NONE',  ( -74.04602967032580800, -24.07254137103636200, 23.49999999999999600 ) ) ;
#562 = AXIS2_PLACEMENT_3D ( 'NONE', #2646, #427, #2118 ) ;
#563 = DIRECTION ( 'NONE',  ( 0.0000000000000000000, 0.0000000000000000000, -1.000000000000000000 ) ) ;
#564 = ADVANCED_FACE ( 'NONE', ( #3080 ), #2130, .F. ) ;
#565 = CARTESIAN_POINT ( 'NONE',  ( -74.04602967032580800, 63.80992920665785600, 0.0000000000000000000 ) ) ;
#566 = EDGE_CURVE ( 'NONE', #3329, #3175, #1088, .T. ) ;
#567 = DIRECTION ( 'NONE',  ( 1.000000000000000000, -0.0000000000000000000, -0.0000000000000000000 ) ) ;
#568 = EDGE_LOOP ( 'NONE', ( #1724, #2534 ) ) ;
#569 = VERTEX_POINT ( 'NONE', #1548 ) ;
#570 = ORIENTED_EDGE ( 'NONE', *, *, #1634, .T. ) ;
#571 = VECTOR ( 'NONE', #387, 1000.000000000000000 ) ;
#572 = DIRECTION ( 'NONE',  ( 0.0000000000000000000, 0.0000000000000000000, -1.000000000000000000 ) ) ;
#573 = EDGE_LOOP ( 'NONE', ( #2909, #236, #2660, #2240 ) ) ;
#574 = CARTESIAN_POINT ( 'NONE',  ( -74.04602967032580800, 19.25337060386682400, 28.50000000000001400 ) ) ;
#575 = EDGE_CURVE ( 'NONE', #840, #711, #1472, .T. ) ;
#576 = EDGE_LOOP ( 'NONE', ( #2631, #3147 ) ) ;
#577 = EDGE_CURVE ( 'NONE', #569, #2064, #2855, .T. ) ;
#578 = CARTESIAN_POINT ( 'NONE',  ( -74.04602967032580800, -5.153644783956432100, 5.153644783956397500 ) ) ;
#579 = LINE ( 'NONE', #3464, #1057 ) ;
#580 = FACE_OUTER_BOUND ( 'NONE', #3348, .T. ) ;
#581 = ORIENTED_EDGE ( 'NONE', *, *, #750, .F. ) ;
#582 = AXIS2_PLACEMENT_3D ( 'NONE', #2910, #714, #136 ) ;
#583 = AXIS2_PLACEMENT_3D ( 'NONE', #1002, #1276, #2377 ) ;
#584 = CYLINDRICAL_SURFACE ( 'NONE', #450, 1.547695548303152900 ) ;
#585 = DIRECTION ( 'NONE',  ( 0.0000000000000000000, -0.7071067811865455700, 0.7071067811865495700 ) ) ;
#586 = DIRECTION ( 'NONE',  ( 1.000000000000000000, -0.0000000000000000000, -0.0000000000000000000 ) ) ;
#587 = EDGE_CURVE ( 'NONE', #666, #2307, #1831, .T. ) ;
#588 = LINE ( 'NONE', #1712, #3447 ) ;
#589 = ORIENTED_EDGE ( 'NONE', *, *, #1161, .T. ) ;
#590 = CARTESIAN_POINT ( 'NONE',  ( -71.04602967032580800, 17.29239248953931700, 30.50000000000000400 ) ) ;
#591 = AXIS2_PLACEMENT_3D ( 'NONE', #2714, #1368, #1919 ) ;
#592 = VERTEX_POINT ( 'NONE', #464 ) ;
#593 = DIRECTION ( 'NONE',  ( 1.000000000000000000, -0.0000000000000000000, -0.0000000000000000000 ) ) ;
#594 = FACE_OUTER_BOUND ( 'NONE', #501, .T. ) ;
#595 = EDGE_LOOP ( 'NONE', ( #1449, #2112, #304, #679 ) ) ;
#596 = VECTOR ( 'NONE', #48, 1000.000000000000000 ) ;
#597 = FACE_OUTER_BOUND ( 'NONE', #2617, .T. ) ;
#598 = VERTEX_POINT ( 'NONE', #2675 ) ;
#599 = DIRECTION ( 'NONE',  ( 0.0000000000000000000, 0.0000000000000000000, -1.000000000000000000 ) ) ;
#600 = ORIENTED_EDGE ( 'NONE', *, *, #3057, .F. ) ;
#601 = CARTESIAN_POINT ( 'NONE',  ( -71.04602967032580800, -5.153644783956397500, 5.153644783956351300 ) ) ;
#602 = ORIENTED_EDGE ( 'NONE', *, *, #2425, .T. ) ;
#603 = ADVANCED_FACE ( 'NONE', ( #662 ), #1083, .F. ) ;
#604 = DIRECTION ( 'NONE',  ( 0.0000000000000000000, 0.0000000000000000000, -1.000000000000000000 ) ) ;
#605 = EDGE_LOOP ( 'NONE', ( #2203, #1293, #1360, #1238, #1490, #2350 ) ) ;
#606 = DIRECTION ( 'NONE',  ( 1.000000000000000000, -0.0000000000000000000, 0.0000000000000000000 ) ) ;
#607 = DIRECTION ( 'NONE',  ( 1.000000000000000000, -0.0000000000000000000, -0.0000000000000000000 ) ) ;
#608 = CARTESIAN_POINT ( 'NONE',  ( -74.04602967032580800, 37.09969762900340800, 45.28566685335677300 ) ) ;
#609 = CARTESIAN_POINT ( 'NONE',  ( -71.04602967032580800, 27.24843258194294300, 21.56559819370366800 ) ) ;
#610 = ORIENTED_EDGE ( 'NONE', *, *, #2999, .T. ) ;
#611 = DIRECTION ( 'NONE',  ( 1.000000000000000000, -0.0000000000000000000, -0.0000000000000000000 ) ) ;
#612 = MECHANICAL_DESIGN_GEOMETRIC_PRESENTATION_REPRESENTATION (  '', ( #2481 ), #249 ) ;
#613 = ORIENTED_EDGE ( 'NONE', *, *, #207, .F. ) ;
#614 = DIRECTION ( 'NONE',  ( 0.0000000000000000000, 0.0000000000000000000, -1.000000000000000000 ) ) ;
#615 = DIRECTION ( 'NONE',  ( 0.0000000000000000000, 0.0000000000000000000, -1.000000000000000000 ) ) ;
#616 = VECTOR ( 'NONE', #2791, 1000.000000000000000 ) ;
#617 = ADVANCED_FACE ( 'NONE', ( #3214 ), #2045, .F. ) ;
#618 = CIRCLE ( 'NONE', #410, 2.000000000000002700 ) ;
#619 = CARTESIAN_POINT ( 'NONE',  ( -74.04602967032580800, -0.7466293961335344100, 8.500000000000056800 ) ) ;
#620 = CARTESIAN_POINT ( 'NONE',  ( -74.04602967032580800, 28.25337060386681600, -1.089150783600016600E-014 ) ) ;
#621 = VERTEX_POINT ( 'NONE', #2460 ) ;
#622 = CARTESIAN_POINT ( 'NONE',  ( -74.04602967032580800, 25.12399530786740000, 21.56871512421962200 ) ) ;
#623 = VERTEX_POINT ( 'NONE', #262 ) ;
#624 = FACE_BOUND ( 'NONE', #2738, .T. ) ;
#625 = VERTEX_POINT ( 'NONE', #506 ) ;
#626 = CARTESIAN_POINT ( 'NONE',  ( 63.16044702067369300, -26.37519891327379200, 53.90000000000002000 ) ) ;
#627 = CARTESIAN_POINT ( 'NONE',  ( 0.0000000000000000000, 0.0000000000000000000, 0.0000000000000000000 ) ) ;
#628 = LINE ( 'NONE', #1132, #3306 ) ;
#629 = EDGE_CURVE ( 'NONE', #1260, #1533, #743, .T. ) ;
#630 = EDGE_CURVE ( 'NONE', #623, #3357, #832, .T. ) ;
#631 = ADVANCED_FACE ( 'NONE', ( #1915 ), #916, .T. ) ;
#632 = CIRCLE ( 'NONE', #2496, 16.41666666666667100 ) ;
#633 = ORIENTED_EDGE ( 'NONE', *, *, #577, .T. ) ;
#634 = AXIS2_PLACEMENT_3D ( 'NONE', #3256, #510, #3002 ) ;
#635 = LINE ( 'NONE', #2943, #1105 ) ;
#636 = EDGE_CURVE ( 'NONE', #964, #2171, #193, .T. ) ;
#637 = ORIENTED_EDGE ( 'NONE', *, *, #2126, .T. ) ;
#638 = ADVANCED_FACE ( 'NONE', ( #3518 ), #1061, .F. ) ;
#639 = DIRECTION ( 'NONE',  ( -1.000000000000000000, 0.0000000000000000000, 0.0000000000000000000 ) ) ;
#640 = VECTOR ( 'NONE', #206, 1000.000000000000000 ) ;
#641 = AXIS2_PLACEMENT_3D ( 'NONE', #1173, #340, #925 ) ;
#642 = CARTESIAN_POINT ( 'NONE',  ( -74.04602967032580800, -4.092984612176676000, 4.092984612176659100 ) ) ;
#643 = CIRCLE ( 'NONE', #2447, 24.50000000000000000 ) ;
#644 = LINE ( 'NONE', #498, #1941 ) ;
#645 = DIRECTION ( 'NONE',  ( 0.0000000000000000000, -0.7071067811865474600, -0.7071067811865474600 ) ) ;
#646 = ORIENTED_EDGE ( 'NONE', *, *, #3318, .F. ) ;
#647 = ORIENTED_EDGE ( 'NONE', *, *, #184, .F. ) ;
#648 = VERTEX_POINT ( 'NONE', #3275 ) ;
#649 = DIRECTION ( 'NONE',  ( 0.0000000000000000000, 0.0000000000000000000, -1.000000000000000000 ) ) ;
#650 = ADVANCED_FACE ( 'NONE', ( #1171 ), #2952, .F. ) ;
#651 = EDGE_CURVE ( 'NONE', #1286, #223, #2552, .T. ) ;
#652 = DIRECTION ( 'NONE',  ( 1.000000000000000000, -0.0000000000000000000, -0.0000000000000000000 ) ) ;
#653 = DIRECTION ( 'NONE',  ( 1.000000000000000000, -0.0000000000000000000, -0.0000000000000000000 ) ) ;
#654 = AXIS2_PLACEMENT_3D ( 'NONE', #2591, #380, #3150 ) ;
#655 = ADVANCED_FACE ( 'NONE', ( #1570 ), #277, .T. ) ;
#656 = DIRECTION ( 'NONE',  ( 0.0000000000000000000, 0.0000000000000000000, -1.000000000000000000 ) ) ;
#657 = DIRECTION ( 'NONE',  ( 0.0000000000000000000, -0.7071067811865501300, 0.7071067811865449100 ) ) ;
#658 = DIRECTION ( 'NONE',  ( 0.0000000000000000000, 0.0000000000000000000, -1.000000000000000000 ) ) ;
#659 = EDGE_CURVE ( 'NONE', #3055, #1178, #1740, .T. ) ;
#660 = ORIENTED_EDGE ( 'NONE', *, *, #2206, .T. ) ;
#661 = ORIENTED_EDGE ( 'NONE', *, *, #532, .T. ) ;
#662 = FACE_OUTER_BOUND ( 'NONE', #3507, .T. ) ;
#663 = FACE_OUTER_BOUND ( 'NONE', #2537, .T. ) ;
#664 = ORIENTED_EDGE ( 'NONE', *, *, #2292, .T. ) ;
#665 = DIRECTION ( 'NONE',  ( 1.000000000000000000, -0.0000000000000000000, 0.0000000000000000000 ) ) ;
#666 = VERTEX_POINT ( 'NONE', #970 ) ;
#667 = DIRECTION ( 'NONE',  ( 1.000000000000000000, -0.0000000000000000000, -0.0000000000000000000 ) ) ;
#668 = CARTESIAN_POINT ( 'NONE',  ( -74.04602967032580800, -26.37519891327379200, 52.00000000000002100 ) ) ;
#669 = DIRECTION ( 'NONE',  ( 0.0000000000000000000, -0.7071067811865465700, 0.7071067811865484600 ) ) ;
#670 = VECTOR ( 'NONE', #725, 1000.000000000000000 ) ;
#671 = FACE_OUTER_BOUND ( 'NONE', #1606, .T. ) ;
#672 = UNCERTAINTY_MEASURE_WITH_UNIT (LENGTH_MEASURE( 1.000000000000000100E-005 ), #2852, 'distance_accuracy_value', 'NONE');
#673 = VECTOR ( 'NONE', #1833, 1000.000000000000100 ) ;
#674 = CARTESIAN_POINT ( 'NONE',  ( -74.04602967032580800, -4.092984612176678600, 4.092984612176678600 ) ) ;
#675 = EDGE_CURVE ( 'NONE', #557, #1768, #2465, .T. ) ;
#676 = ORIENTED_EDGE ( 'NONE', *, *, #2720, .F. ) ;
#677 = CARTESIAN_POINT ( 'NONE',  ( -74.04602967032580800, 2.467703750510079200, 46.34632702513661000 ) ) ;
#678 = CARTESIAN_POINT ( 'NONE',  ( -71.04602967032580800, 7.126824660110918000, 39.56588577197606300 ) ) ;
#679 = ORIENTED_EDGE ( 'NONE', *, *, #762, .T. ) ;
#680 = DIRECTION ( 'NONE',  ( 0.0000000000000000000, -0.7071067811865465700, 0.7071067811865484600 ) ) ;
#681 = CIRCLE ( 'NONE', #2074, 9.083333333333317900 ) ;
#682 = CARTESIAN_POINT ( 'NONE',  ( -71.04602967032580800, 58.92745862896372000, 23.50000000000000000 ) ) ;
#683 = AXIS2_PLACEMENT_3D ( 'NONE', #934, #2876, #1808 ) ;
#684 = DIRECTION ( 'NONE',  ( 0.0000000000000000000, -0.7071067811865465700, 0.7071067811865484600 ) ) ;
#685 = FACE_OUTER_BOUND ( 'NONE', #2773, .T. ) ;
#686 = VECTOR ( 'NONE', #3475, 1000.000000000000000 ) ;
#687 = VERTEX_POINT ( 'NONE', #2859 ) ;
#688 = ORIENTED_EDGE ( 'NONE', *, *, #3105, .F. ) ;
#689 = VERTEX_POINT ( 'NONE', #172 ) ;
#690 = CARTESIAN_POINT ( 'NONE',  ( -74.04602967032580800, -5.153644783956427700, 5.153644783956384100 ) ) ;
#691 = DIRECTION ( 'NONE',  ( 1.000000000000000000, -0.0000000000000000000, -0.0000000000000000000 ) ) ;
#692 = VERTEX_POINT ( 'NONE', #121 ) ;
#693 = DIRECTION ( 'NONE',  ( 0.0000000000000000000, 0.0000000000000000000, -1.000000000000000000 ) ) ;
#694 = CARTESIAN_POINT ( 'NONE',  ( 63.16044702067369300, 64.23011617120123200, 53.90000000000002000 ) ) ;
#695 =( NAMED_UNIT ( * ) SI_UNIT ( $, .STERADIAN. ) SOLID_ANGLE_UNIT ( ) );
#696 = DIRECTION ( 'NONE',  ( 0.0000000000000000000, 0.0000000000000000000, -1.000000000000000000 ) ) ;
#697 = EDGE_CURVE ( 'NONE', #27, #352, #3036, .T. ) ;
#698 = ORIENTED_EDGE ( 'NONE', *, *, #1649, .F. ) ;
#699 = DIRECTION ( 'NONE',  ( 1.000000000000000000, -0.0000000000000000000, -0.0000000000000000000 ) ) ;
#700 = ORIENTED_EDGE ( 'NONE', *, *, #1466, .T. ) ;
#701 = CARTESIAN_POINT ( 'NONE',  ( -71.04602967032580800, 19.25337060386682400, 28.50000000000001400 ) ) ;
#702 = ADVANCED_FACE ( 'NONE', ( #1274 ), #1257, .F. ) ;
#703 = AXIS2_PLACEMENT_3D ( 'NONE', #2169, #3547, #3502 ) ;
#704 = DIRECTION ( 'NONE',  ( 1.000000000000000000, -0.0000000000000000000, -0.0000000000000000000 ) ) ;
#705 = CIRCLE ( 'NONE', #942, 24.50000000000000000 ) ;
#706 = EDGE_CURVE ( 'NONE', #2704, #1482, #3395, .T. ) ;
#707 = LINE ( 'NONE', #3564, #2905 ) ;
#708 = ORIENTED_EDGE ( 'NONE', *, *, #1487, .T. ) ;
#709 = ORIENTED_EDGE ( 'NONE', *, *, #1834, .F. ) ;
#710 = VECTOR ( 'NONE', #3163, 1000.000000000000000 ) ;
#711 = VERTEX_POINT ( 'NONE', #1512 ) ;
#712 = CARTESIAN_POINT ( 'NONE',  ( -74.04602967032580800, 8.187484831890767400, 16.37345405624412800 ) ) ;
#713 = LINE ( 'NONE', #2276, #2057 ) ;
#714 = DIRECTION ( 'NONE',  ( 1.000000000000000000, -0.0000000000000000000, -0.0000000000000000000 ) ) ;
#715 = DIRECTION ( 'NONE',  ( 1.000000000000000000, -0.0000000000000000000, -0.0000000000000000000 ) ) ;
#716 = CARTESIAN_POINT ( 'NONE',  ( -71.04602967032580800, 19.25337060386682400, 28.50000000000001400 ) ) ;
#717 = DIRECTION ( 'NONE',  ( 0.0000000000000000000, 0.0000000000000000000, -1.000000000000000000 ) ) ;
#718 = VECTOR ( 'NONE', #2744, 1000.000000000000000 ) ;
#719 = ORIENTED_EDGE ( 'NONE', *, *, #2606, .T. ) ;
#720 = EDGE_CURVE ( 'NONE', #2044, #345, #3222, .T. ) ;
#721 = LINE ( 'NONE', #1748, #758 ) ;
#722 = CARTESIAN_POINT ( 'NONE',  ( -71.04602967032580800, 11.25830862579067200, 35.43440180629631400 ) ) ;
#723 = EDGE_LOOP ( 'NONE', ( #688, #3027 ) ) ;
#724 = LINE ( 'NONE', #947, #1810 ) ;
#725 = DIRECTION ( 'NONE',  ( 0.0000000000000000000, -1.000000000000000000, 0.0000000000000000000 ) ) ;
#726 = DIRECTION ( 'NONE',  ( 1.000000000000000000, -0.0000000000000000000, -0.0000000000000000000 ) ) ;
#727 = EDGE_CURVE ( 'NONE', #790, #1935, #3305, .T. ) ;
#728 = CARTESIAN_POINT ( 'NONE',  ( -74.04602967032580800, 19.25337060386682400, 28.50000000000001400 ) ) ;
#729 = VECTOR ( 'NONE', #2559, 1000.000000000000000 ) ;
#730 = CARTESIAN_POINT ( 'NONE',  ( -74.04602967032580800, 30.31925637584288700, 16.37345405624413200 ) ) ;
#731 = LINE ( 'NONE', #1878, #553 ) ;
#732 = DIRECTION ( 'NONE',  ( 0.0000000000000000000, 0.0000000000000000000, -1.000000000000000000 ) ) ;
#733 = ORIENTED_EDGE ( 'NONE', *, *, #1502, .F. ) ;
#734 = VERTEX_POINT ( 'NONE', #730 ) ;
#735 = VERTEX_POINT ( 'NONE', #3455 ) ;
#736 = DIRECTION ( 'NONE',  ( -1.000000000000000000, 0.0000000000000000000, 0.0000000000000000000 ) ) ;
#737 = CARTESIAN_POINT ( 'NONE',  ( -74.04602967032580800, 7.126824660110921500, 39.56588577197606300 ) ) ;
#738 = MANIFOLD_SOLID_BREP ( 'CoverBackFan', #2593 ) ;
#739 = DIRECTION ( 'NONE',  ( 1.000000000000000000, -0.0000000000000000000, -0.0000000000000000000 ) ) ;
#740 = CARTESIAN_POINT ( 'NONE',  ( 63.16044702067369300, 61.80992920665785600, 2.999999999999997800 ) ) ;
#741 = ORIENTED_EDGE ( 'NONE', *, *, #1973, .T. ) ;
#742 = EDGE_LOOP ( 'NONE', ( #2152, #492, #3451, #2740 ) ) ;
#743 = LINE ( 'NONE', #530, #1388 ) ;
#744 = EDGE_CURVE ( 'NONE', #2078, #2235, #204, .T. ) ;
#745 = LINE ( 'NONE', #2151, #2815 ) ;
#746 = DIRECTION ( 'NONE',  ( 0.0000000000000000000, 0.7071067811865492400, 0.7071067811865458000 ) ) ;
#747 = AXIS2_PLACEMENT_3D ( 'NONE', #2083, #477, #202 ) ;
#748 = DIRECTION ( 'NONE',  ( 1.000000000000000000, -0.0000000000000000000, -0.0000000000000000000 ) ) ;
#749 = VERTEX_POINT ( 'NONE', #175 ) ;
#750 = EDGE_CURVE ( 'NONE', #964, #3517, #538, .T. ) ;
#751 = ORIENTED_EDGE ( 'NONE', *, *, #197, .T. ) ;
#752 = AXIS2_PLACEMENT_3D ( 'NONE', #3334, #13, #1079 ) ;
#753 = CIRCLE ( 'NONE', #1118, 24.50000000000000000 ) ;
#754 = CARTESIAN_POINT ( 'NONE',  ( -74.04602967032580800, 0.0000000000000000000, 0.0000000000000000000 ) ) ;
#755 = CIRCLE ( 'NONE', #1631, 17.91666666666668600 ) ;
#756 = DIRECTION ( 'NONE',  ( 0.0000000000000000000, 0.0000000000000000000, -1.000000000000000000 ) ) ;
#757 = CARTESIAN_POINT ( 'NONE',  ( -71.04602967032580800, 19.25337060386682400, 28.50000000000001400 ) ) ;
#758 = VECTOR ( 'NONE', #2030, 1000.000000000000000 ) ;
#759 = ORIENTED_EDGE ( 'NONE', *, *, #879, .F. ) ;
#760 = VERTEX_POINT ( 'NONE', #1807 ) ;
#761 = EDGE_CURVE ( 'NONE', #3234, #129, #412, .T. ) ;
#762 = EDGE_CURVE ( 'NONE', #711, #3407, #1925, .T. ) ;
#763 = FACE_OUTER_BOUND ( 'NONE', #388, .T. ) ;
#764 = VERTEX_POINT ( 'NONE', #3183 ) ;
#765 = VECTOR ( 'NONE', #1635, 1000.000000000000000 ) ;
#766 = LINE ( 'NONE', #159, #686 ) ;
#767 = CARTESIAN_POINT ( 'NONE',  ( -70.04602967032580800, -21.07254137103627700, 40.49999999999996400 ) ) ;
#768 = AXIS2_PLACEMENT_3D ( 'NONE', #1685, #38, #866 ) ;
#769 = ORIENTED_EDGE ( 'NONE', *, *, #2363, .F. ) ;
#770 = AXIS2_PLACEMENT_3D ( 'NONE', #367, #320, #333 ) ;
#771 = CARTESIAN_POINT ( 'NONE',  ( -74.04602967032580800, 36.75337060386684100, 0.0000000000000000000 ) ) ;
#772 = VERTEX_POINT ( 'NONE', #2898 ) ;
#773 = DIRECTION ( 'NONE',  ( 1.000000000000000000, -0.0000000000000000000, 0.0000000000000000000 ) ) ;
#774 = ORIENTED_EDGE ( 'NONE', *, *, #1066, .F. ) ;
#775 = EDGE_CURVE ( 'NONE', #1974, #1684, #1100, .T. ) ;
#776 = DIRECTION ( 'NONE',  ( 0.0000000000000000000, 0.0000000000000000000, -1.000000000000000000 ) ) ;
#777 = DIRECTION ( 'NONE',  ( 1.000000000000000000, -0.0000000000000000000, -0.0000000000000000000 ) ) ;
#778 = CARTESIAN_POINT ( 'NONE',  ( -71.04602967032580800, 19.25337060386682400, 26.00000000000001800 ) ) ;
#779 = AXIS2_PLACEMENT_3D ( 'NONE', #2466, #260, #2188 ) ;
#780 = VERTEX_POINT ( 'NONE', #1032 ) ;
#781 = EDGE_LOOP ( 'NONE', ( #1278, #1471 ) ) ;
#782 = DIRECTION ( 'NONE',  ( -1.000000000000000000, 0.0000000000000000000, 0.0000000000000000000 ) ) ;
#783 = CARTESIAN_POINT ( 'NONE',  ( -74.04602967032580800, 64.23011617120123200, 50.10000000000002300 ) ) ;
#784 = ORIENTED_EDGE ( 'NONE', *, *, #3554, .F. ) ;
#785 = CARTESIAN_POINT ( 'NONE',  ( -74.04602967032580800, 26.18777241016313100, 36.49506197807617300 ) ) ;
#786 = EDGE_LOOP ( 'NONE', ( #751, #3276, #2289, #2841, #2551, #253 ) ) ;
#787 = DIRECTION ( 'NONE',  ( 1.000000000000000000, -0.0000000000000000000, -0.0000000000000000000 ) ) ;
#788 = FACE_OUTER_BOUND ( 'NONE', #1977, .T. ) ;
#789 = CIRCLE ( 'NONE', #779, 17.91666666666667100 ) ;
#790 = VERTEX_POINT ( 'NONE', #2082 ) ;
#791 = AXIS2_PLACEMENT_3D ( 'NONE', #1478, #1179, #1219 ) ;
#792 = CARTESIAN_POINT ( 'NONE',  ( -71.04602967032580800, 19.25337060386682400, 28.50000000000001400 ) ) ;
#793 = ORIENTED_EDGE ( 'NONE', *, *, #1580, .F. ) ;
#794 = FACE_OUTER_BOUND ( 'NONE', #3100, .T. ) ;
#795 = DIRECTION ( 'NONE',  ( 1.000000000000000000, -0.0000000000000000000, -0.0000000000000000000 ) ) ;
#796 = CARTESIAN_POINT ( 'NONE',  ( -74.04602967032580800, 63.80992920665785600, 0.0000000000000000000 ) ) ;
#797 = DIRECTION ( 'NONE',  ( 1.000000000000000000, -0.0000000000000000000, -0.0000000000000000000 ) ) ;
#798 = ORIENTED_EDGE ( 'NONE', *, *, #2866, .F. ) ;
#799 = VECTOR ( 'NONE', #997, 1000.000000000000100 ) ;
#800 = ADVANCED_FACE ( 'NONE', ( #1843 ), #398, .T. ) ;
#801 = LINE ( 'NONE', #2422, #1102 ) ;
#802 = ORIENTED_EDGE ( 'NONE', *, *, #1628, .F. ) ;
#803 = ORIENTED_EDGE ( 'NONE', *, *, #1776, .F. ) ;
#804 = CIRCLE ( 'NONE', #2457, 17.91666666666667100 ) ;
#805 = CARTESIAN_POINT ( 'NONE',  ( -74.04602967032580800, 19.25337060386682400, 28.50000000000001400 ) ) ;
#806 = DIRECTION ( 'NONE',  ( 0.0000000000000000000, 0.0000000000000000000, -1.000000000000000000 ) ) ;
#807 = DIRECTION ( 'NONE',  ( 0.0000000000000000000, 0.0000000000000000000, 1.000000000000000000 ) ) ;
#808 = EDGE_LOOP ( 'NONE', ( #3525, #1630 ) ) ;
#809 = DIRECTION ( 'NONE',  ( 1.000000000000000000, -0.0000000000000000000, 0.0000000000000000000 ) ) ;
#810 = CARTESIAN_POINT ( 'NONE',  ( -71.04602967032580800, 19.25337060386682400, 28.50000000000001400 ) ) ;
#811 = CYLINDRICAL_SURFACE ( 'NONE', #290, 9.083333333333314400 ) ;
#812 = EDGE_CURVE ( 'NONE', #1350, #1351, #1797, .T. ) ;
#813 = EDGE_CURVE ( 'NONE', #1651, #1815, #2603, .T. ) ;
#814 = FACE_OUTER_BOUND ( 'NONE', #1170, .T. ) ;
#815 = VERTEX_POINT ( 'NONE', #2068 ) ;
#816 = CIRCLE ( 'NONE', #1366, 2.000000000000002700 ) ;
#817 = ORIENTED_EDGE ( 'NONE', *, *, #1384, .T. ) ;
#818 = CARTESIAN_POINT ( 'NONE',  ( -74.04602967032580800, 67.23011617120124600, 59.00000000000000000 ) ) ;
#819 = AXIS2_PLACEMENT_3D ( 'NONE', #1029, #233, #2951 ) ;
#820 = EDGE_LOOP ( 'NONE', ( #867, #1986, #1957, #303 ) ) ;
#821 = DIRECTION ( 'NONE',  ( 0.0000000000000000000, 0.0000000000000000000, -1.000000000000000000 ) ) ;
#822 = ADVANCED_FACE ( 'NONE', ( #2867 ), #1778, .F. ) ;
#823 = CARTESIAN_POINT ( 'NONE',  ( -74.04602967032580800, 0.0000000000000000000, 53.49999999999997900 ) ) ;
#824 = EDGE_CURVE ( 'NONE', #2076, #569, #2055, .T. ) ;
#825 = CARTESIAN_POINT ( 'NONE',  ( -71.04602967032580800, 63.80992920665785600, 0.0000000000000000000 ) ) ;
#826 = DIRECTION ( 'NONE',  ( 1.000000000000000000, -0.0000000000000000000, -0.0000000000000000000 ) ) ;
#827 = CARTESIAN_POINT ( 'NONE',  ( -71.04602967032580800, 12.32208572808640800, 34.37062470400059100 ) ) ;
#828 = ORIENTED_EDGE ( 'NONE', *, *, #2500, .T. ) ;
#829 = ORIENTED_EDGE ( 'NONE', *, *, #1741, .T. ) ;
#830 = CARTESIAN_POINT ( 'NONE',  ( -71.04602967032580800, -24.07254137103631200, 40.50000000000000700 ) ) ;
#831 = ORIENTED_EDGE ( 'NONE', *, *, #2456, .T. ) ;
#832 = LINE ( 'NONE', #2986, #2213 ) ;
#833 = DIRECTION ( 'NONE',  ( 0.0000000000000000000, 0.0000000000000000000, 1.000000000000000000 ) ) ;
#834 = CARTESIAN_POINT ( 'NONE',  ( -74.04602967032580800, 61.92745862896372700, 40.49999999999999300 ) ) ;
#835 = DIRECTION ( 'NONE',  ( 0.0000000000000000000, -0.7071067811865474600, 0.7071067811865474600 ) ) ;
#836 = EDGE_CURVE ( 'NONE', #1090, #53, #368, .T. ) ;
#837 = DIRECTION ( 'NONE',  ( 0.0000000000000000000, 0.0000000000000000000, 1.000000000000000000 ) ) ;
#838 = CIRCLE ( 'NONE', #641, 16.41666666666667100 ) ;
#839 = DIRECTION ( 'NONE',  ( 0.0000000000000000000, 0.0000000000000000000, 1.000000000000000000 ) ) ;
#840 = VERTEX_POINT ( 'NONE', #424 ) ;
#841 = AXIS2_PLACEMENT_3D ( 'NONE', #2601, #1757, #3135 ) ;
#842 = ORIENTED_EDGE ( 'NONE', *, *, #1589, .T. ) ;
#843 = ORIENTED_EDGE ( 'NONE', *, *, #1027, .T. ) ;
#844 = FACE_BOUND ( 'NONE', #2182, .T. ) ;
#845 = LINE ( 'NONE', #1322, #1138 ) ;
#846 = EDGE_CURVE ( 'NONE', #1929, #760, #579, .T. ) ;
#847 = DIRECTION ( 'NONE',  ( 0.0000000000000000000, 0.0000000000000000000, -1.000000000000000000 ) ) ;
#848 = CARTESIAN_POINT ( 'NONE',  ( -71.04602967032580800, 19.25337060386682400, 28.50000000000001400 ) ) ;
#849 = DIRECTION ( 'NONE',  ( 1.000000000000000000, 0.0000000000000000000, 0.0000000000000000000 ) ) ;
#850 = LINE ( 'NONE', #2768, #1447 ) ;
#851 = DIRECTION ( 'NONE',  ( 0.0000000000000000000, 0.0000000000000000000, -1.000000000000000000 ) ) ;
#852 = DIRECTION ( 'NONE',  ( 1.000000000000000000, -0.0000000000000000000, -0.0000000000000000000 ) ) ;
#853 = FACE_OUTER_BOUND ( 'NONE', #1641, .T. ) ;
#854 = ORIENTED_EDGE ( 'NONE', *, *, #2864, .T. ) ;
#855 = DIRECTION ( 'NONE',  ( 1.000000000000000000, -0.0000000000000000000, -0.0000000000000000000 ) ) ;
#856 = ORIENTED_EDGE ( 'NONE', *, *, #2247, .F. ) ;
#857 = FACE_OUTER_BOUND ( 'NONE', #2753, .T. ) ;
#858 = VECTOR ( 'NONE', #316, 1000.000000000000000 ) ;
#859 = ORIENTED_EDGE ( 'NONE', *, *, #2316, .F. ) ;
#860 = CARTESIAN_POINT ( 'NONE',  ( -71.04602967032580800, -26.37519891327379200, 52.00000000000002100 ) ) ;
#861 = DIRECTION ( 'NONE',  ( 0.0000000000000000000, 0.0000000000000000000, -1.000000000000000000 ) ) ;
#862 = CARTESIAN_POINT ( 'NONE',  ( -71.04602967032580800, 18.09735849435271900, 30.71667228129392800 ) ) ;
#863 = ORIENTED_EDGE ( 'NONE', *, *, #338, .F. ) ;
#864 = EDGE_LOOP ( 'NONE', ( #2010, #385, #1694, #1865 ) ) ;
#865 = EDGE_CURVE ( 'NONE', #3250, #1178, #495, .T. ) ;
#866 = DIRECTION ( 'NONE',  ( 0.0000000000000000000, 0.0000000000000000000, -1.000000000000000000 ) ) ;
#867 = ORIENTED_EDGE ( 'NONE', *, *, #1204, .F. ) ;
#868 = AXIS2_PLACEMENT_3D ( 'NONE', #2805, #1413, #3074 ) ;
#869 = DIRECTION ( 'NONE',  ( 0.0000000000000000000, 0.0000000000000000000, 1.000000000000000000 ) ) ;
#870 = CARTESIAN_POINT ( 'NONE',  ( -74.04602967032580800, -24.07254137103627700, 37.50000000000000700 ) ) ;
#871 = VERTEX_POINT ( 'NONE', #2353 ) ;
#872 = ORIENTED_EDGE ( 'NONE', *, *, #3224, .T. ) ;
#873 = VERTEX_POINT ( 'NONE', #2624 ) ;
#874 = PLANE ( 'NONE',  #2923 ) ;
#875 = DIRECTION ( 'NONE',  ( 0.0000000000000000000, -0.7071067811865465700, 0.7071067811865484600 ) ) ;
#876 = CYLINDRICAL_SURFACE ( 'NONE', #2846, 2.999999999999999100 ) ;
#877 = DIRECTION ( 'NONE',  ( 0.0000000000000000000, 0.0000000000000000000, 1.000000000000000000 ) ) ;
#878 = CYLINDRICAL_SURFACE ( 'NONE', #389, 9.083333333333317900 ) ;
#879 = EDGE_CURVE ( 'NONE', #790, #1600, #2689, .T. ) ;
#880 = EDGE_LOOP ( 'NONE', ( #3331, #1332, #2298, #549 ) ) ;
#881 = EDGE_CURVE ( 'NONE', #984, #2418, #322, .T. ) ;
#882 = VERTEX_POINT ( 'NONE', #1812 ) ;
#883 = LINE ( 'NONE', #375, #3304 ) ;
#884 = CARTESIAN_POINT ( 'NONE',  ( -74.04602967032580800, 11.25830862579071300, 21.56559819370366400 ) ) ;
#885 = AXIS2_PLACEMENT_3D ( 'NONE', #12, #1432, #2263 ) ;
#886 = DIRECTION ( 'NONE',  ( 1.000000000000000000, -0.0000000000000000000, -0.0000000000000000000 ) ) ;
#887 = LINE ( 'NONE', #2040, #2016 ) ;
#888 = CARTESIAN_POINT ( 'NONE',  ( -71.04602967032580800, -24.07254137103623700, 40.50000000000000700 ) ) ;
#889 = EDGE_CURVE ( 'NONE', #1929, #1829, #1708, .T. ) ;
#890 = CIRCLE ( 'NONE', #2871, 1.547695548303154500 ) ;
#891 = ADVANCED_FACE ( 'NONE', ( #3341 ), #246, .F. ) ;
#892 = VERTEX_POINT ( 'NONE', #992 ) ;
#893 = DIRECTION ( 'NONE',  ( 0.0000000000000000000, -0.7071067811865479100, 0.7071067811865472400 ) ) ;
#894 = FACE_OUTER_BOUND ( 'NONE', #313, .T. ) ;
#895 = VERTEX_POINT ( 'NONE', #2111 ) ;
#897 = CARTESIAN_POINT ( 'NONE',  ( -74.04602967032580800, 17.29239248953931700, 30.50000000000000400 ) ) ;
#896 = CIRCLE ( 'NONE', #1135, 10.58333333333333000 ) ;
#898 = DIRECTION ( 'NONE',  ( 0.0000000000000000000, -3.854941057726234200E-016, -1.000000000000000000 ) ) ;
#899 = ORIENTED_EDGE ( 'NONE', *, *, #2849, .T. ) ;
#900 = AXIS2_PLACEMENT_3D ( 'NONE', #2502, #849, #61 ) ;
#901 = EDGE_CURVE ( 'NONE', #2389, #2172, #975, .T. ) ;
#902 = DIRECTION ( 'NONE',  ( 0.0000000000000000000, 0.0000000000000000000, -1.000000000000000000 ) ) ;
#903 = EDGE_LOOP ( 'NONE', ( #2632, #774, #1292, #140, #475, #399, #3009, #1037, #2536, #169, #3067, #1126 ) ) ;
#904 = DIRECTION ( 'NONE',  ( 0.0000000000000000000, 0.0000000000000000000, 1.000000000000000000 ) ) ;
#905 = CARTESIAN_POINT ( 'NONE',  ( -74.04602967032580800, -4.092984612176683100, 4.092984612176683100 ) ) ;
#906 = AXIS2_PLACEMENT_3D ( 'NONE', #65, #2823, #1159 ) ;
#907 = ADVANCED_FACE ( 'NONE', ( #1661 ), #2424, .F. ) ;
#908 = CARTESIAN_POINT ( 'NONE',  ( -71.04602967032580800, -5.153644783956432100, 5.153644783956397500 ) ) ;
#909 = CARTESIAN_POINT ( 'NONE',  ( -71.04602967032580800, -25.95501194873044100, -6.938893903907228400E-015 ) ) ;
#910 = EDGE_CURVE ( 'NONE', #1815, #2043, #287, .T. ) ;
#911 = ORIENTED_EDGE ( 'NONE', *, *, #901, .T. ) ;
#912 = DIRECTION ( 'NONE',  ( 0.0000000000000000000, 0.0000000000000000000, 1.000000000000000000 ) ) ;
#913 = DIRECTION ( 'NONE',  ( 0.0000000000000000000, 0.0000000000000000000, -1.000000000000000000 ) ) ;
#914 = ORIENTED_EDGE ( 'NONE', *, *, #2020, .F. ) ;
#915 = ORIENTED_EDGE ( 'NONE', *, *, #2479, .T. ) ;
#916 = CYLINDRICAL_SURFACE ( 'NONE', #2851, 2.499999999999998700 ) ;
#917 = DIRECTION ( 'NONE',  ( 1.000000000000000000, -0.0000000000000000000, -0.0000000000000000000 ) ) ;
#918 = VERTEX_POINT ( 'NONE', #3461 ) ;
#919 = CARTESIAN_POINT ( 'NONE',  ( -71.04602967032580800, 30.31925637584288700, 16.37345405624412800 ) ) ;
#920 = DIRECTION ( 'NONE',  ( 1.000000000000000000, -0.0000000000000000000, -0.0000000000000000000 ) ) ;
#921 = EDGE_LOOP ( 'NONE', ( #1908, #1493, #856, #2282 ) ) ;
#922 = CIRCLE ( 'NONE', #1728, 24.50000000000000000 ) ;
#923 = ADVANCED_FACE ( 'NONE', ( #1883 ), #1687, .T. ) ;
#924 = VERTEX_POINT ( 'NONE', #3005 ) ;
#925 = DIRECTION ( 'NONE',  ( 0.0000000000000000000, 0.0000000000000000000, -1.000000000000000000 ) ) ;
#926 = FACE_OUTER_BOUND ( 'NONE', #2854, .T. ) ;
#927 = FACE_OUTER_BOUND ( 'NONE', #1737, .T. ) ;
#928 = EDGE_CURVE ( 'NONE', #2076, #3325, #1184, .T. ) ;
#929 = DIRECTION ( 'NONE',  ( 1.000000000000000000, -0.0000000000000000000, -0.0000000000000000000 ) ) ;
#930 = LINE ( 'NONE', #217, #2017 ) ;
#931 = CARTESIAN_POINT ( 'NONE',  ( -74.04602967032580800, 19.25337060386682400, 4.000000000000014200 ) ) ;
#932 = CARTESIAN_POINT ( 'NONE',  ( -74.04602967032580800, 39.25337060386669200, 46.95230445169669800 ) ) ;
#933 = AXIS2_PLACEMENT_3D ( 'NONE', #484, #240, #1866 ) ;
#934 = CARTESIAN_POINT ( 'NONE',  ( -71.04602967032580800, 61.80992920665785600, 5.000000000000000000 ) ) ;
#935 = CIRCLE ( 'NONE', #2592, 2.499999999999998700 ) ;
#936 = ORIENTED_EDGE ( 'NONE', *, *, #2328, .F. ) ;
#937 = ADVANCED_FACE ( 'NONE', ( #926 ), #116, .F. ) ;
#938 = EDGE_CURVE ( 'NONE', #2117, #1193, #2313, .T. ) ;
#939 = VERTEX_POINT ( 'NONE', #3128 ) ;
#940 = DIRECTION ( 'NONE',  ( 1.000000000000000000, -0.0000000000000000000, -0.0000000000000000000 ) ) ;
#941 = CIRCLE ( 'NONE', #1319, 2.499999999999998700 ) ;
#942 = AXIS2_PLACEMENT_3D ( 'NONE', #848, #2501, #604 ) ;
#943 = ORIENTED_EDGE ( 'NONE', *, *, #2795, .F. ) ;
#944 = VECTOR ( 'NONE', #529, 1000.000000000000000 ) ;
#945 = VECTOR ( 'NONE', #787, 1000.000000000000000 ) ;
#946 = CARTESIAN_POINT ( 'NONE',  ( -71.04602967032580800, 20.56252476838794900, 30.50000000000000400 ) ) ;
#947 = CARTESIAN_POINT ( 'NONE',  ( -74.04602967032580800, 19.25337060386682400, 19.41666666666669600 ) ) ;
#948 = ORIENTED_EDGE ( 'NONE', *, *, #1679, .T. ) ;
#949 = EDGE_LOOP ( 'NONE', ( #2336, #1188, #180, #2600, #486, #859 ) ) ;
#950 = VERTEX_POINT ( 'NONE', #1532 ) ;
#951 = ORIENTED_EDGE ( 'NONE', *, *, #83, .T. ) ;
#952 = CARTESIAN_POINT ( 'NONE',  ( -70.04602967032580800, -24.07254137103626900, 23.49999999999999300 ) ) ;
#953 = ORIENTED_EDGE ( 'NONE', *, *, #1139, .T. ) ;
#954 = EDGE_CURVE ( 'NONE', #2410, #2299, #3489, .T. ) ;
#955 = EDGE_CURVE ( 'NONE', #2612, #3526, #2221, .T. ) ;
#956 = DIRECTION ( 'NONE',  ( 1.000000000000000000, -0.0000000000000000000, -0.0000000000000000000 ) ) ;
#957 = ADVANCED_FACE ( 'NONE', ( #2174 ), #2042, .F. ) ;
#958 = AXIS2_PLACEMENT_3D ( 'NONE', #897, #2844, #1198 ) ;
#959 = ORIENTED_EDGE ( 'NONE', *, *, #1726, .F. ) ;
#960 = CARTESIAN_POINT ( 'NONE',  ( -74.04602967032580800, 61.80992920665785600, 2.999999999999997800 ) ) ;
#961 = CARTESIAN_POINT ( 'NONE',  ( -71.04602967032580800, 0.0000000000000000000, 57.99999999999999300 ) ) ;
#962 = EDGE_CURVE ( 'NONE', #1000, #2472, #3294, .T. ) ;
#963 = ORIENTED_EDGE ( 'NONE', *, *, #2866, .T. ) ;
#964 = VERTEX_POINT ( 'NONE', #2928 ) ;
#965 = AXIS2_PLACEMENT_3D ( 'NONE', #3069, #1931, #1380 ) ;
#966 = DIRECTION ( 'NONE',  ( 0.0000000000000000000, 0.0000000000000000000, -1.000000000000000000 ) ) ;
#967 = LINE ( 'NONE', #2216, #1962 ) ;
#968 = LINE ( 'NONE', #2390, #2349 ) ;
#969 = CARTESIAN_POINT ( 'NONE',  ( -71.04602967032580800, 32.44159238712175900, 40.62756161147513000 ) ) ;
#970 = CARTESIAN_POINT ( 'NONE',  ( -74.04602967032580800, 61.80992920665785600, 7.000000000000002700 ) ) ;
#971 = ORIENTED_EDGE ( 'NONE', *, *, #2676, .T. ) ;
#972 = PLANE ( 'NONE',  #226 ) ;
#973 = CARTESIAN_POINT ( 'NONE',  ( -74.04602967032580800, 10.25337060386677900, -1.185784179627879500E-014 ) ) ;
#974 = CARTESIAN_POINT ( 'NONE',  ( -74.04602967032580800, 7.125808992391718300, 41.68822178325496000 ) ) ;
#975 = LINE ( 'NONE', #513, #3442 ) ;
#976 = FACE_BOUND ( 'NONE', #2794, .T. ) ;
#977 = DIRECTION ( 'NONE',  ( 0.0000000000000000000, -0.7071067811865474600, -0.7071067811865474600 ) ) ;
#978 = LINE ( 'NONE', #25, #1799 ) ;
#979 = LINE ( 'NONE', #1294, #3572 ) ;
#980 = CARTESIAN_POINT ( 'NONE',  ( -74.04602967032580800, 17.29239248953931700, 30.50000000000000400 ) ) ;
#981 = ORIENTED_EDGE ( 'NONE', *, *, #1814, .F. ) ;
#982 = DIRECTION ( 'NONE',  ( 0.0000000000000000000, -0.7071067811865443500, -0.7071067811865506800 ) ) ;
#983 = ORIENTED_EDGE ( 'NONE', *, *, #2966, .F. ) ;
#984 = VERTEX_POINT ( 'NONE', #1446 ) ;
#986 = CARTESIAN_POINT ( 'NONE',  ( -74.04602967032580800, 39.25337060386669200, 46.95230445169669800 ) ) ;
#985 = VECTOR ( 'NONE', #1922, 1000.000000000000000 ) ;
#987 = DIRECTION ( 'NONE',  ( 1.000000000000000000, -0.0000000000000000000, 0.0000000000000000000 ) ) ;
#988 = CARTESIAN_POINT ( 'NONE',  ( -74.04602967032580800, 32.44159238712173000, 16.37243838852488100 ) ) ;
#989 = CARTESIAN_POINT ( 'NONE',  ( -74.04602967032580800, 58.92745862896372000, 40.49999999999999300 ) ) ;
#990 = ORIENTED_EDGE ( 'NONE', *, *, #2730, .T. ) ;
#991 = FACE_OUTER_BOUND ( 'NONE', #2195, .T. ) ;
#992 = CARTESIAN_POINT ( 'NONE',  ( -71.04602967032580800, 26.18465547964721200, 22.62937529599940600 ) ) ;
#993 = EDGE_LOOP ( 'NONE', ( #1786, #431, #647, #3116 ) ) ;
#994 = ADVANCED_FACE ( 'NONE', ( #1006 ), #876, .F. ) ;
#995 = CARTESIAN_POINT ( 'NONE',  ( -71.04602967032580800, 1.407043578730313900, 11.71433314664318500 ) ) ;
#996 = VERTEX_POINT ( 'NONE', #1965 ) ;
#997 = DIRECTION ( 'NONE',  ( 0.0000000000000000000, -0.7071067811865454600, -0.7071067811865496800 ) ) ;
#998 = DIRECTION ( 'NONE',  ( 0.0000000000000000000, 0.0000000000000000000, -1.000000000000000000 ) ) ;
#999 = DIRECTION ( 'NONE',  ( 1.000000000000000000, -0.0000000000000000000, 0.0000000000000000000 ) ) ;
#1000 = VERTEX_POINT ( 'NONE', #422 ) ;
#1001 = EDGE_CURVE ( 'NONE', #2887, #1080, #2553, .T. ) ;
#1002 = CARTESIAN_POINT ( 'NONE',  ( -74.04602967032580800, 23.34635521604347700, 23.34635521604355500 ) ) ;
#1003 = AXIS2_PLACEMENT_3D ( 'NONE', #1462, #379, #1483 ) ;
#1004 = CARTESIAN_POINT ( 'NONE',  ( -74.04602967032580800, -0.7466293961335344100, 8.500000000000056800 ) ) ;
#1005 = ORIENTED_EDGE ( 'NONE', *, *, #3174, .F. ) ;
#1006 = FACE_OUTER_BOUND ( 'NONE', #1542, .T. ) ;
#1007 = CARTESIAN_POINT ( 'NONE',  ( -71.04602967032580800, 19.25337060386682400, 28.50000000000001400 ) ) ;
#1008 = EDGE_CURVE ( 'NONE', #882, #2410, #154, .T. ) ;
#1009 = ORIENTED_EDGE ( 'NONE', *, *, #2278, .F. ) ;
#1010 = AXIS2_PLACEMENT_3D ( 'NONE', #767, #2173, #1336 ) ;
#1011 = ORIENTED_EDGE ( 'NONE', *, *, #3574, .F. ) ;
#1012 = VECTOR ( 'NONE', #1235, 999.9999999999998900 ) ;
#1013 = CARTESIAN_POINT ( 'NONE',  ( -71.04602967032580800, -23.95501194873044100, 2.999999999999997800 ) ) ;
#1014 = CIRCLE ( 'NONE', #69, 17.91666666666667100 ) ;
#1015 = CARTESIAN_POINT ( 'NONE',  ( -74.04602967032580800, 61.80992920665785600, 5.000000000000000000 ) ) ;
#1016 = DIRECTION ( 'NONE',  ( 1.000000000000000000, -0.0000000000000000000, -0.0000000000000000000 ) ) ;
#1017 = CARTESIAN_POINT ( 'NONE',  ( -71.04602967032580800, 36.75337060386684100, 55.49999999999997900 ) ) ;
#1018 = DIRECTION ( 'NONE',  ( 1.000000000000000000, -0.0000000000000000000, 0.0000000000000000000 ) ) ;
#1019 = CYLINDRICAL_SURFACE ( 'NONE', #2802, 10.58333333333333400 ) ;
#1020 = EDGE_CURVE ( 'NONE', #2081, #1237, #1486, .T. ) ;
#1021 = EDGE_CURVE ( 'NONE', #228, #2594, #3223, .T. ) ;
#1022 = FACE_BOUND ( 'NONE', #723, .T. ) ;
#1023 = CARTESIAN_POINT ( 'NONE',  ( -74.04602967032580800, 26.18777241016315200, 20.50493802192388100 ) ) ;
#1024 = AXIS2_PLACEMENT_3D ( 'NONE', #3515, #2449, #2718 ) ;
#1025 = VERTEX_POINT ( 'NONE', #181 ) ;
#1026 = FACE_OUTER_BOUND ( 'NONE', #2442, .T. ) ;
#1027 = EDGE_CURVE ( 'NONE', #1501, #56, #1399, .T. ) ;
#1028 = ORIENTED_EDGE ( 'NONE', *, *, #901, .F. ) ;
#1029 = CARTESIAN_POINT ( 'NONE',  ( 63.16044702067369300, -26.37519891327379200, 52.00000000000002100 ) ) ;
#1030 = CIRCLE ( 'NONE', #402, 1.899999999999999000 ) ;
#1031 = DIRECTION ( 'NONE',  ( 1.000000000000000000, -0.0000000000000000000, 0.0000000000000000000 ) ) ;
#1032 = CARTESIAN_POINT ( 'NONE',  ( -71.04602967032580800, 2.467703750510079200, 46.34632702513661000 ) ) ;
#1033 = FACE_BOUND ( 'NONE', #820, .T. ) ;
#1034 = VERTEX_POINT ( 'NONE', #969 ) ;
#1035 = ORIENTED_EDGE ( 'NONE', *, *, #3352, .F. ) ;
#1036 = ORIENTED_EDGE ( 'NONE', *, *, #1344, .T. ) ;
#1037 = ORIENTED_EDGE ( 'NONE', *, *, #1670, .F. ) ;
#1038 = CARTESIAN_POINT ( 'NONE',  ( -71.04602967032580800, -24.07254137103636500, 20.49999999999999600 ) ) ;
#1039 = DIRECTION ( 'NONE',  ( 1.000000000000000000, -0.0000000000000000000, 0.0000000000000000000 ) ) ;
#1040 = AXIS2_PLACEMENT_3D ( 'NONE', #627, #904, #1175 ) ;
#1041 = CARTESIAN_POINT ( 'NONE',  ( -74.04602967032580800, 37.09969762900337300, 11.71433314664321700 ) ) ;
#1042 = ORIENTED_EDGE ( 'NONE', *, *, #1431, .F. ) ;
#1043 = EDGE_LOOP ( 'NONE', ( #1733, #2333, #3202, #1895 ) ) ;
#1044 = ORIENTED_EDGE ( 'NONE', *, *, #1370, .F. ) ;
#1045 = EDGE_CURVE ( 'NONE', #96, #1920, #1014, .T. ) ;
#1046 = DIRECTION ( 'NONE',  ( 1.000000000000000000, -0.0000000000000000000, -0.0000000000000000000 ) ) ;
#1047 = LINE ( 'NONE', #2545, #3476 ) ;
#1048 = CARTESIAN_POINT ( 'NONE',  ( -71.04602967032580800, 13.38274589986622900, 35.43128487578042800 ) ) ;
#1049 = AXIS2_PLACEMENT_3D ( 'NONE', #701, #3501, #2625 ) ;
#1050 = DIRECTION ( 'NONE',  ( 1.000000000000000000, -0.0000000000000000000, -0.0000000000000000000 ) ) ;
#1051 = CARTESIAN_POINT ( 'NONE',  ( -74.04602967032580800, -5.153644783956397500, 5.153644783956351300 ) ) ;
#1052 = CARTESIAN_POINT ( 'NONE',  ( -71.04602967032580800, 1.753370603866835500, 53.49999999999997900 ) ) ;
#1053 = CARTESIAN_POINT ( 'NONE',  ( -71.04602967032580800, 10.25337060386683600, 53.49999999999997900 ) ) ;
#1054 = ORIENTED_EDGE ( 'NONE', *, *, #812, .T. ) ;
#1055 = CARTESIAN_POINT ( 'NONE',  ( -74.04602967032580800, 23.34635521604348800, 23.34635521604350900 ) ) ;
#1056 = ORIENTED_EDGE ( 'NONE', *, *, #3508, .F. ) ;
#1057 = VECTOR ( 'NONE', #1802, 1000.000000000000000 ) ;
#1058 = LINE ( 'NONE', #1245, #3443 ) ;
#1059 = FACE_BOUND ( 'NONE', #298, .T. ) ;
#1060 = FACE_OUTER_BOUND ( 'NONE', #2634, .T. ) ;
#1061 = PLANE ( 'NONE',  #2375 ) ;
#1062 = DIRECTION ( 'NONE',  ( -1.000000000000000000, 0.0000000000000000000, 0.0000000000000000000 ) ) ;
#1063 = VERTEX_POINT ( 'NONE', #1013 ) ;
#1064 = VERTEX_POINT ( 'NONE', #2947 ) ;
#1065 = EDGE_CURVE ( 'NONE', #421, #2378, #117, .T. ) ;
#1066 = EDGE_CURVE ( 'NONE', #3356, #2129, #1798, .T. ) ;
#1067 = CIRCLE ( 'NONE', #2323, 17.91666666666668600 ) ;
#1068 = CIRCLE ( 'NONE', #1699, 1.899999999999999000 ) ;
#1069 = DIRECTION ( 'NONE',  ( -1.000000000000000000, 0.0000000000000000000, 0.0000000000000000000 ) ) ;
#1070 = AXIS2_PLACEMENT_3D ( 'NONE', #1868, #1846, #2414 ) ;
#1071 = ORIENTED_EDGE ( 'NONE', *, *, #1428, .T. ) ;
#1072 = ORIENTED_EDGE ( 'NONE', *, *, #446, .F. ) ;
#1073 = EDGE_CURVE ( 'NONE', #1268, #3034, #1058, .T. ) ;
#1074 = CARTESIAN_POINT ( 'NONE',  ( -71.04602967032580800, 8.187484831890765600, 40.62654594375590700 ) ) ;
#1075 = CARTESIAN_POINT ( 'NONE',  ( -74.04602967032580800, -27.07254137103635800, 23.49999999999999600 ) ) ;
#1076 = AXIS2_PLACEMENT_3D ( 'NONE', #3099, #1438, #3345 ) ;
#1077 = ORIENTED_EDGE ( 'NONE', *, *, #2046, .F. ) ;
#1078 = PRODUCT_DEFINITION_SHAPE ( 'NONE', 'NONE',  #1151 ) ;
#1079 = DIRECTION ( 'NONE',  ( 0.0000000000000000000, -0.7071067811865474600, -0.7071067811865474600 ) ) ;
#1080 = VERTEX_POINT ( 'NONE', #1558 ) ;
#1081 = CARTESIAN_POINT ( 'NONE',  ( -74.04602967032580800, -30.37519891327388400, 59.00000000000000000 ) ) ;
#1082 = CARTESIAN_POINT ( 'NONE',  ( -71.04602967032580800, 39.25337060386669200, 48.49999999999985800 ) ) ;
#1083 = PLANE ( 'NONE',  #1190 ) ;
#1084 = DIRECTION ( 'NONE',  ( 1.000000000000000000, -0.0000000000000000000, 0.0000000000000000000 ) ) ;
#1085 = EDGE_CURVE ( 'NONE', #53, #1873, #2690, .T. ) ;
#1086 = DIRECTION ( 'NONE',  ( 1.000000000000000000, -0.0000000000000000000, -0.0000000000000000000 ) ) ;
#1087 = ORIENTED_EDGE ( 'NONE', *, *, #2479, .F. ) ;
#1088 = LINE ( 'NONE', #3206, #2766 ) ;
#1089 = AXIS2_PLACEMENT_3D ( 'NONE', #3477, #715, #3208 ) ;
#1090 = VERTEX_POINT ( 'NONE', #3465 ) ;
#1091 = DIRECTION ( 'NONE',  ( 0.0000000000000000000, 0.7071067811865484600, 0.7071067811865465700 ) ) ;
#1092 = EDGE_CURVE ( 'NONE', #1533, #1873, #3008, .T. ) ;
#1093 = ORIENTED_EDGE ( 'NONE', *, *, #3418, .T. ) ;
#1094 = DIRECTION ( 'NONE',  ( 0.0000000000000000000, 0.0000000000000000000, -1.000000000000000000 ) ) ;
#1095 = ORIENTED_EDGE ( 'NONE', *, *, #3318, .T. ) ;
#1096 = FACE_OUTER_BOUND ( 'NONE', #2913, .T. ) ;
#1097 = CARTESIAN_POINT ( 'NONE',  ( -74.04602967032580800, 64.23011617120123200, 52.00000000000002100 ) ) ;
#1098 = ORIENTED_EDGE ( 'NONE', *, *, #2046, .T. ) ;
#1099 = DIRECTION ( 'NONE',  ( 1.000000000000000000, -0.0000000000000000000, 0.0000000000000000000 ) ) ;
#1100 = LINE ( 'NONE', #3478, #3527 ) ;
#1101 = VECTOR ( 'NONE', #3217, 1000.000000000000000 ) ;
#1102 = VECTOR ( 'NONE', #1327, 1000.000000000000000 ) ;
#1103 = DIRECTION ( 'NONE',  ( 0.0000000000000000000, -0.7071067811865465700, 0.7071067811865484600 ) ) ;
#1104 = CARTESIAN_POINT ( 'NONE',  ( -74.04602967032580800, -29.37519891327388100, 57.99999999999999300 ) ) ;
#1105 = VECTOR ( 'NONE', #1270, 1000.000000000000000 ) ;
#1106 = ORIENTED_EDGE ( 'NONE', *, *, #2053, .F. ) ;
#1107 = ADVANCED_FACE ( 'NONE', ( #580 ), #1228, .F. ) ;
#1108 = CARTESIAN_POINT ( 'NONE',  ( -74.04602967032580800, 19.25337060386682400, 28.50000000000001400 ) ) ;
#1109 = ORIENTED_EDGE ( 'NONE', *, *, #3205, .T. ) ;
#1110 = DIRECTION ( 'NONE',  ( 1.000000000000000000, -0.0000000000000000000, 0.0000000000000000000 ) ) ;
#1111 = CARTESIAN_POINT ( 'NONE',  ( -74.04602967032580800, 19.25337060386682400, 28.50000000000001400 ) ) ;
#1112 = ORIENTED_EDGE ( 'NONE', *, *, #1008, .T. ) ;
#1113 = EDGE_CURVE ( 'NONE', #692, #2217, #1310, .T. ) ;
#1115 = CARTESIAN_POINT ( 'NONE',  ( -71.04602967032580800, -24.07254137103636200, 23.49999999999999600 ) ) ;
#1114 = FACE_OUTER_BOUND ( 'NONE', #1412, .T. ) ;
#1116 = ORIENTED_EDGE ( 'NONE', *, *, #1021, .F. ) ;
#1117 = EDGE_LOOP ( 'NONE', ( #2817, #2395, #1811, #1956 ) ) ;
#1118 = AXIS2_PLACEMENT_3D ( 'NONE', #215, #2683, #2141 ) ;
#1119 = ORIENTED_EDGE ( 'NONE', *, *, #356, .T. ) ;
#1120 = DIRECTION ( 'NONE',  ( 1.000000000000000000, -0.0000000000000000000, -0.0000000000000000000 ) ) ;
#1121 = EDGE_CURVE ( 'NONE', #2974, #1000, #369, .T. ) ;
#1122 = EDGE_LOOP ( 'NONE', ( #943, #3122, #2664, #3557 ) ) ;
#1123 = CARTESIAN_POINT ( 'NONE',  ( -74.04602967032580800, -25.95501194873044100, -6.938893903907228400E-015 ) ) ;
#1124 = CARTESIAN_POINT ( 'NONE',  ( -71.04602967032580800, 7.126824660110981000, 17.43411422802389400 ) ) ;
#1125 = ORIENTED_EDGE ( 'NONE', *, *, #910, .F. ) ;
#1126 = ORIENTED_EDGE ( 'NONE', *, *, #3430, .F. ) ;
#1127 = ORIENTED_EDGE ( 'NONE', *, *, #1589, .F. ) ;
#1128 = DIRECTION ( 'NONE',  ( 0.0000000000000000000, -0.7071067811865474600, 0.7071067811865474600 ) ) ;
#1129 = EDGE_CURVE ( 'NONE', #749, #2612, #1967, .T. ) ;
#1130 = EDGE_CURVE ( 'NONE', #2451, #2488, #74, .T. ) ;
#1131 = CYLINDRICAL_SURFACE ( 'NONE', #2438, 10.58333333333333400 ) ;
#1132 = CARTESIAN_POINT ( 'NONE',  ( -74.04602967032580800, 21.47004288516073000, 27.34398789048590200 ) ) ;
#1133 = FACE_OUTER_BOUND ( 'NONE', #880, .T. ) ;
#1134 = AXIS2_PLACEMENT_3D ( 'NONE', #440, #2369, #2940 ) ;
#1135 = AXIS2_PLACEMENT_3D ( 'NONE', #2567, #3109, #1451 ) ;
#1136 = DIRECTION ( 'NONE',  ( 0.0000000000000000000, 0.0000000000000000000, -1.000000000000000000 ) ) ;
#1137 = ORIENTED_EDGE ( 'NONE', *, *, #1487, .F. ) ;
#1138 = VECTOR ( 'NONE', #2432, 1000.000000000000000 ) ;
#1139 = EDGE_CURVE ( 'NONE', #2939, #2078, #3138, .T. ) ;
#1140 = CARTESIAN_POINT ( 'NONE',  ( -71.04602967032580800, 0.0000000000000000000, 53.49999999999997900 ) ) ;
#1141 = VECTOR ( 'NONE', #917, 1000.000000000000000 ) ;
#1142 = DIRECTION ( 'NONE',  ( -1.000000000000000000, 0.0000000000000000000, -0.0000000000000000000 ) ) ;
#1143 = CIRCLE ( 'NONE', #1254, 2.999999999999999100 ) ;
#1144 = EDGE_LOOP ( 'NONE', ( #1125, #1306 ) ) ;
#1145 = CARTESIAN_POINT ( 'NONE',  ( -71.04602967032580800, 17.03669832257291700, 27.34398789048591300 ) ) ;
#1146 = DIRECTION ( 'NONE',  ( 0.0000000000000000000, -0.7071067811865462400, -0.7071067811865489100 ) ) ;
#1147 = DIRECTION ( 'NONE',  ( -1.000000000000000000, 0.0000000000000000000, 0.0000000000000000000 ) ) ;
#1148 = EDGE_LOOP ( 'NONE', ( #2404, #2516, #3279, #2150 ) ) ;
#1149 = VECTOR ( 'NONE', #15, 1000.000000000000000 ) ;
#1150 = CARTESIAN_POINT ( 'NONE',  ( -71.04602967032580800, 39.25337060386650700, 8.499999999999840100 ) ) ;
#1151 = PRODUCT_DEFINITION ( 'UNKNOWN', '', #2944, #3107 ) ;
#1152 = LINE ( 'NONE', #2322, #2405 ) ;
#1153 = ORIENTED_EDGE ( 'NONE', *, *, #286, .F. ) ;
#1154 = DIRECTION ( 'NONE',  ( 0.0000000000000000000, 0.0000000000000000000, -1.000000000000000000 ) ) ;
#1155 = ORIENTED_EDGE ( 'NONE', *, *, #514, .F. ) ;
#1156 = ORIENTED_EDGE ( 'NONE', *, *, #1880, .F. ) ;
#1157 = ADVANCED_FACE ( 'NONE', ( #496 ), #1308, .T. ) ;
#1158 = CARTESIAN_POINT ( 'NONE',  ( -74.04602967032580800, 20.56252476838794900, 30.50000000000000400 ) ) ;
#1159 = DIRECTION ( 'NONE',  ( 0.0000000000000000000, 0.0000000000000000000, 1.000000000000000000 ) ) ;
#1160 = ORIENTED_EDGE ( 'NONE', *, *, #3056, .F. ) ;
#1161 = EDGE_CURVE ( 'NONE', #2842, #187, #2222, .T. ) ;
#1162 = CARTESIAN_POINT ( 'NONE',  ( -74.04602967032580800, 31.37991654762269200, 17.43411422802391900 ) ) ;
#1163 = PRESENTATION_LAYER_ASSIGNMENT (  '', '', ( #2481 ) ) ;
#1164 = DIRECTION ( 'NONE',  ( 0.0000000000000000000, 0.0000000000000000000, -1.000000000000000000 ) ) ;
#1165 = CARTESIAN_POINT ( 'NONE',  ( -74.04602967032580800, 19.25337060386682400, 28.50000000000001400 ) ) ;
#1166 = CARTESIAN_POINT ( 'NONE',  ( -70.04602967032580800, 61.92745862896372000, 23.50000000000000000 ) ) ;
#1167 = ORIENTED_EDGE ( 'NONE', *, *, #1514, .F. ) ;
#1168 = ORIENTED_EDGE ( 'NONE', *, *, #469, .F. ) ;
#1169 = PLANE ( 'NONE',  #2826 ) ;
#1170 = EDGE_LOOP ( 'NONE', ( #3077, #2818, #3293, #2839 ) ) ;
#1171 = FACE_OUTER_BOUND ( 'NONE', #2895, .T. ) ;
#1172 = ADVANCED_FACE ( 'NONE', ( #794 ), #247, .F. ) ;
#1173 = CARTESIAN_POINT ( 'NONE',  ( -74.04602967032580800, 19.25337060386682400, 28.50000000000001400 ) ) ;
#1174 = VECTOR ( 'NONE', #2259, 1000.000000000000000 ) ;
#1175 = DIRECTION ( 'NONE',  ( 1.000000000000000000, 0.0000000000000000000, 0.0000000000000000000 ) ) ;
#1176 = VERTEX_POINT ( 'NONE', #2984 ) ;
#1177 = EDGE_CURVE ( 'NONE', #62, #780, #753, .T. ) ;
#1178 = VERTEX_POINT ( 'NONE', #1048 ) ;
#1179 = DIRECTION ( 'NONE',  ( 0.0000000000000000000, 0.0000000000000000000, -1.000000000000000000 ) ) ;
#1180 = LINE ( 'NONE', #2862, #1012 ) ;
#1181 = CARTESIAN_POINT ( 'NONE',  ( -74.04602967032580800, 19.25337060386682400, 28.50000000000001400 ) ) ;
#1182 = AXIS2_PLACEMENT_3D ( 'NONE', #3323, #593, #3046 ) ;
#1183 = CARTESIAN_POINT ( 'NONE',  ( -71.04602967032580800, 0.0000000000000000000, 53.49999999999997900 ) ) ;
#1184 = LINE ( 'NONE', #3446, #3137 ) ;
#1185 = LINE ( 'NONE', #908, #2148 ) ;
#1186 = EDGE_CURVE ( 'NONE', #1600, #711, #2475, .T. ) ;
#1187 = CIRCLE ( 'NONE', #703, 2.499999999999998700 ) ;
#1188 = ORIENTED_EDGE ( 'NONE', *, *, #1882, .T. ) ;
#1189 = DIRECTION ( 'NONE',  ( 0.0000000000000000000, 0.0000000000000000000, 1.000000000000000000 ) ) ;
#1190 = AXIS2_PLACEMENT_3D ( 'NONE', #1624, #807, #2694 ) ;
#1191 = CARTESIAN_POINT ( 'NONE',  ( -74.04602967032580800, 23.34635521604348800, 23.34635521604350900 ) ) ;
#1192 = FACE_BOUND ( 'NONE', #2957, .T. ) ;
#1193 = VERTEX_POINT ( 'NONE', #1875 ) ;
#1194 = CARTESIAN_POINT ( 'NONE',  ( -74.04602967032580800, 31.37991654762269200, 17.43411422802391900 ) ) ;
#1195 = VERTEX_POINT ( 'NONE', #1038 ) ;
#1196 = ADVANCED_FACE ( 'NONE', ( #3177 ), #1622, .F. ) ;
#1198 = DIRECTION ( 'NONE',  ( 0.0000000000000000000, 0.0000000000000000000, -1.000000000000000000 ) ) ;
#1197 = CIRCLE ( 'NONE', #476, 10.58333333333333400 ) ;
#1199 = CARTESIAN_POINT ( 'NONE',  ( -74.04602967032580800, 19.25337060386682400, 28.50000000000001400 ) ) ;
#1200 = ORIENTED_EDGE ( 'NONE', *, *, #2730, .F. ) ;
#1201 = CYLINDRICAL_SURFACE ( 'NONE', #487, 16.41666666666667100 ) ;
#1202 = CIRCLE ( 'NONE', #2186, 1.547695548303154500 ) ;
#1203 = ORIENTED_EDGE ( 'NONE', *, *, #1204, .T. ) ;
#1204 = EDGE_CURVE ( 'NONE', #3065, #3250, #2398, .T. ) ;
#1205 = EDGE_CURVE ( 'NONE', #1773, #2451, #845, .T. ) ;
#1206 = CARTESIAN_POINT ( 'NONE',  ( -74.04602967032580800, 61.92745862896372000, 37.49999999999999300 ) ) ;
#1207 = ORIENTED_EDGE ( 'NONE', *, *, #1130, .T. ) ;
#1208 = ORIENTED_EDGE ( 'NONE', *, *, #3230, .F. ) ;
#1209 = DIRECTION ( 'NONE',  ( 1.000000000000000000, -0.0000000000000000000, 0.0000000000000000000 ) ) ;
#1210 = DIRECTION ( 'NONE',  ( -1.000000000000000000, 0.0000000000000000000, 0.0000000000000000000 ) ) ;
#1211 = DIRECTION ( 'NONE',  ( 0.0000000000000000000, 0.0000000000000000000, 1.000000000000000000 ) ) ;
#1212 = CARTESIAN_POINT ( 'NONE',  ( -74.04602967032580800, 65.77688079219176100, 57.99999999999999300 ) ) ;
#1213 = DIRECTION ( 'NONE',  ( 1.000000000000000000, 0.0000000000000000000, 0.0000000000000000000 ) ) ;
#1214 = EDGE_CURVE ( 'NONE', #2172, #2410, #2914, .T. ) ;
#1215 = ADVANCED_FACE ( 'NONE', ( #1662 ), #3397, .F. ) ;
#1216 = ORIENTED_EDGE ( 'NONE', *, *, #384, .T. ) ;
#1217 = ORIENTED_EDGE ( 'NONE', *, *, #3332, .F. ) ;
#1218 = ORIENTED_EDGE ( 'NONE', *, *, #1391, .F. ) ;
#1219 = DIRECTION ( 'NONE',  ( -1.000000000000000000, 0.0000000000000000000, -0.0000000000000000000 ) ) ;
#1220 = CARTESIAN_POINT ( 'NONE',  ( -71.04602967032580800, 61.92745862896372000, 23.50000000000000000 ) ) ;
#1221 = DIRECTION ( 'NONE',  ( 1.000000000000000000, -0.0000000000000000000, -0.0000000000000000000 ) ) ;
#1222 = LINE ( 'NONE', #349, #2509 ) ;
#1223 = DIRECTION ( 'NONE',  ( 0.0000000000000000000, -0.7071067811865449100, -0.7071067811865501300 ) ) ;
#1224 = ORIENTED_EDGE ( 'NONE', *, *, #480, .F. ) ;
#1225 = ADVANCED_FACE ( 'NONE', ( #927 ), #2411, .F. ) ;
#1226 = ORIENTED_EDGE ( 'NONE', *, *, #2374, .F. ) ;
#1227 = VECTOR ( 'NONE', #699, 1000.000000000000000 ) ;
#1228 = CYLINDRICAL_SURFACE ( 'NONE', #747, 1.547695548303154500 ) ;
#1229 = EDGE_CURVE ( 'NONE', #1482, #3426, #205, .T. ) ;
#1230 = CARTESIAN_POINT ( 'NONE',  ( -71.04602967032580800, 19.25337060386682400, 28.50000000000001400 ) ) ;
#1231 = CYLINDRICAL_SURFACE ( 'NONE', #157, 52.92058191901601600 ) ;
#1232 = DIRECTION ( 'NONE',  ( 0.0000000000000000000, 0.0000000000000000000, -1.000000000000000000 ) ) ;
#1233 = CARTESIAN_POINT ( 'NONE',  ( -74.04602967032580800, 19.25337060386682400, 28.50000000000001400 ) ) ;
#1234 = AXIS2_PLACEMENT_3D ( 'NONE', #2373, #2653, #717 ) ;
#1235 = DIRECTION ( 'NONE',  ( 0.0000000000000000000, -0.7071067811865472400, 0.7071067811865479100 ) ) ;
#1236 = LINE ( 'NONE', #195, #3533 ) ;
#1237 = VERTEX_POINT ( 'NONE', #2673 ) ;
#1238 = ORIENTED_EDGE ( 'NONE', *, *, #879, .T. ) ;
#1239 = CIRCLE ( 'NONE', #3571, 24.50000000000000000 ) ;
#1240 = ORIENTED_EDGE ( 'NONE', *, *, #1303, .T. ) ;
#1241 = DIRECTION ( 'NONE',  ( 0.0000000000000000000, -0.7071067811865470200, 0.7071067811865480200 ) ) ;
#1242 = ORIENTED_EDGE ( 'NONE', *, *, #2491, .T. ) ;
#1243 = VECTOR ( 'NONE', #2009, 1000.000000000000000 ) ;
#1244 = FACE_OUTER_BOUND ( 'NONE', #3165, .T. ) ;
#1245 = CARTESIAN_POINT ( 'NONE',  ( -74.04602967032580800, 61.92745862896372000, 20.50000000000000400 ) ) ;
#1246 = VERTEX_POINT ( 'NONE', #1194 ) ;
#1247 = DIRECTION ( 'NONE',  ( 0.0000000000000000000, 0.0000000000000000000, 1.000000000000000000 ) ) ;
#1248 = ORIENTED_EDGE ( 'NONE', *, *, #2491, .F. ) ;
#1249 =( NAMED_UNIT ( * ) PLANE_ANGLE_UNIT ( ) SI_UNIT ( $, .RADIAN. ) );
#1250 = ORIENTED_EDGE ( 'NONE', *, *, #675, .T. ) ;
#1251 = EDGE_LOOP ( 'NONE', ( #2713, #963, #3366, #2726 ) ) ;
#1252 = EDGE_CURVE ( 'NONE', #598, #1555, #2868, .T. ) ;
#1253 = EDGE_CURVE ( 'NONE', #2219, #2679, #3049, .T. ) ;
#1254 = AXIS2_PLACEMENT_3D ( 'NONE', #2191, #1948, #1912 ) ;
#1255 = ORIENTED_EDGE ( 'NONE', *, *, #824, .F. ) ;
#1256 = CARTESIAN_POINT ( 'NONE',  ( -74.04602967032580800, 36.03903745722358600, 10.65367297486344400 ) ) ;
#1257 = PLANE ( 'NONE',  #1994 ) ;
#1258 = CARTESIAN_POINT ( 'NONE',  ( -71.04602967032580800, 30.31925637584285100, 40.62654594375593600 ) ) ;
#1259 = EDGE_CURVE ( 'NONE', #3155, #1729, #1709, .T. ) ;
#1260 = VERTEX_POINT ( 'NONE', #3117 ) ;
#1261 = AXIS2_PLACEMENT_3D ( 'NONE', #3466, #2599, #1128 ) ;
#1262 = DIRECTION ( 'NONE',  ( 0.0000000000000000000, 0.0000000000000000000, -1.000000000000000000 ) ) ;
#1263 = ORIENTED_EDGE ( 'NONE', *, *, #2361, .T. ) ;
#1264 = FACE_OUTER_BOUND ( 'NONE', #3197, .T. ) ;
#1265 = LINE ( 'NONE', #1610, #2428 ) ;
#1266 = DIRECTION ( 'NONE',  ( 0.0000000000000000000, 1.000000000000000000, 0.0000000000000000000 ) ) ;
#1267 = DIRECTION ( 'NONE',  ( 1.000000000000000000, -0.0000000000000000000, -0.0000000000000000000 ) ) ;
#1268 = VERTEX_POINT ( 'NONE', #1742 ) ;
#1269 = CARTESIAN_POINT ( 'NONE',  ( -71.04602967032580800, 19.25337060386682400, 28.50000000000001400 ) ) ;
#1270 = DIRECTION ( 'NONE',  ( 1.000000000000000000, -0.0000000000000000000, -0.0000000000000000000 ) ) ;
#1271 = ORIENTED_EDGE ( 'NONE', *, *, #630, .F. ) ;
#1272 = VECTOR ( 'NONE', #2602, 1000.000000000000000 ) ;
#1273 = EDGE_CURVE ( 'NONE', #2171, #780, #28, .T. ) ;
#1274 = FACE_OUTER_BOUND ( 'NONE', #2084, .T. ) ;
#1275 = VECTOR ( 'NONE', #2896, 1000.000000000000000 ) ;
#1276 = DIRECTION ( 'NONE',  ( 0.0000000000000000000, 0.7071067811865463500, 0.7071067811865487900 ) ) ;
#1277 = CYLINDRICAL_SURFACE ( 'NONE', #2138, 17.91666666666667100 ) ;
#1278 = ORIENTED_EDGE ( 'NONE', *, *, #3482, .T. ) ;
#1279 = CARTESIAN_POINT ( 'NONE',  ( -74.04602967032580800, 0.0000000000000000000, 53.49999999999997900 ) ) ;
#1280 = EDGE_CURVE ( 'NONE', #2719, #335, #2604, .T. ) ;
#1281 = VECTOR ( 'NONE', #2543, 1000.000000000000000 ) ;
#1282 = CARTESIAN_POINT ( 'NONE',  ( -74.04602967032580800, 23.34635521604350600, 23.34635521604352000 ) ) ;
#1283 = CARTESIAN_POINT ( 'NONE',  ( -71.04602967032580800, 24.40701538782334600, 24.40701538782328200 ) ) ;
#1284 = DIRECTION ( 'NONE',  ( 0.0000000000000000000, 0.0000000000000000000, -1.000000000000000000 ) ) ;
#1285 = CARTESIAN_POINT ( 'NONE',  ( -74.04602967032580800, 23.34635521604353100, 23.34635521604351300 ) ) ;
#1286 = VERTEX_POINT ( 'NONE', #3450 ) ;
#1287 = EDGE_LOOP ( 'NONE', ( #2657, #2524, #990, #1036 ) ) ;
#1288 = FACE_OUTER_BOUND ( 'NONE', #1642, .T. ) ;
#1289 = VECTOR ( 'NONE', #1086, 1000.000000000000000 ) ;
#1290 = ORIENTED_EDGE ( 'NONE', *, *, #1273, .F. ) ;
#1291 = CARTESIAN_POINT ( 'NONE',  ( 63.16044702067369300, -23.95501194873044100, 7.000000000000002700 ) ) ;
#1292 = ORIENTED_EDGE ( 'NONE', *, *, #514, .T. ) ;
#1293 = ORIENTED_EDGE ( 'NONE', *, *, #1761, .F. ) ;
#1294 = CARTESIAN_POINT ( 'NONE',  ( -74.04602967032580800, -24.07254137103627300, 20.49999999999999300 ) ) ;
#1295 = CARTESIAN_POINT ( 'NONE',  ( -71.04602967032580800, 19.25337060386682400, 28.50000000000001400 ) ) ;
#1296 = EDGE_CURVE ( 'NONE', #2087, #2483, #413, .T. ) ;
#1297 = ORIENTED_EDGE ( 'NONE', *, *, #2546, .T. ) ;
#1298 = CARTESIAN_POINT ( 'NONE',  ( -74.04602967032580800, 58.92745862896372000, 23.50000000000000000 ) ) ;
#1299 = AXIS2_PLACEMENT_3D ( 'NONE', #2775, #43, #585 ) ;
#1300 = ORIENTED_EDGE ( 'NONE', *, *, #559, .T. ) ;
#1301 = ORIENTED_EDGE ( 'NONE', *, *, #2031, .F. ) ;
#1302 = DIRECTION ( 'NONE',  ( 1.000000000000000000, -0.0000000000000000000, 0.0000000000000000000 ) ) ;
#1303 = EDGE_CURVE ( 'NONE', #625, #2763, #2352, .T. ) ;
#1304 = LINE ( 'NONE', #2290, #2682 ) ;
#1305 = DIRECTION ( 'NONE',  ( 1.000000000000000000, -0.0000000000000000000, 0.0000000000000000000 ) ) ;
#1306 = ORIENTED_EDGE ( 'NONE', *, *, #1889, .F. ) ;
#1307 = ORIENTED_EDGE ( 'NONE', *, *, #761, .T. ) ;
#1308 = PLANE ( 'NONE',  #2706 ) ;
#1309 = VECTOR ( 'NONE', #1788, 1000.000000000000100 ) ;
#1310 = LINE ( 'NONE', #2366, #323 ) ;
#1311 = CARTESIAN_POINT ( 'NONE',  ( -71.04602967032580800, 19.25337060386682400, 28.50000000000001400 ) ) ;
#1312 = CARTESIAN_POINT ( 'NONE',  ( -71.04602967032580800, 31.37991654762271300, 39.56588577197607000 ) ) ;
#1313 = CYLINDRICAL_SURFACE ( 'NONE', #958, 52.92058191901593000 ) ;
#1314 = EDGE_CURVE ( 'NONE', #2719, #331, #2056, .T. ) ;
#1315 = VECTOR ( 'NONE', #2096, 1000.000000000000000 ) ;
#1316 = VERTEX_POINT ( 'NONE', #145 ) ;
#1317 = DIRECTION ( 'NONE',  ( 0.0000000000000000000, 0.0000000000000000000, -1.000000000000000000 ) ) ;
#1318 = AXIS2_PLACEMENT_3D ( 'NONE', #1349, #1646, #2170 ) ;
#1319 = AXIS2_PLACEMENT_3D ( 'NONE', #1697, #3083, #3375 ) ;
#1320 = EDGE_LOOP ( 'NONE', ( #2417, #600, #3381, #1404 ) ) ;
#1321 = CIRCLE ( 'NONE', #1839, 9.083333333333342800 ) ;
#1322 = CARTESIAN_POINT ( 'NONE',  ( -74.04602967032580800, -4.092984612176671500, 4.092984612176662700 ) ) ;
#1323 = EDGE_CURVE ( 'NONE', #2441, #62, #162, .T. ) ;
#1324 = CARTESIAN_POINT ( 'NONE',  ( -74.04602967032580800, 19.25337060386682400, 4.000000000000014200 ) ) ;
#1325 = DIRECTION ( 'NONE',  ( 0.0000000000000000000, 0.0000000000000000000, -1.000000000000000000 ) ) ;
#1326 = VERTEX_POINT ( 'NONE', #3434 ) ;
#1327 = DIRECTION ( 'NONE',  ( 0.0000000000000000000, -0.7071067811865449100, -0.7071067811865501300 ) ) ;
#1328 = VECTOR ( 'NONE', #1346, 1000.000000000000000 ) ;
#1329 = CARTESIAN_POINT ( 'NONE',  ( -74.04602967032580800, 36.75337060386684100, 53.49999999999997900 ) ) ;
#1330 = LINE ( 'NONE', #3287, #383 ) ;
#1331 = AXIS2_PLACEMENT_3D ( 'NONE', #1004, #726, #3251 ) ;
#1332 = ORIENTED_EDGE ( 'NONE', *, *, #3482, .F. ) ;
#1333 = DIRECTION ( 'NONE',  ( 0.0000000000000000000, -0.7071067811865479100, 0.7071067811865472400 ) ) ;
#1334 = EDGE_LOOP ( 'NONE', ( #261, #2991, #1054, #1387 ) ) ;
#1335 = ORIENTED_EDGE ( 'NONE', *, *, #2165, .F. ) ;
#1336 = DIRECTION ( 'NONE',  ( 0.0000000000000000000, -3.469446951953619100E-016, 1.000000000000000000 ) ) ;
#1337 = ORIENTED_EDGE ( 'NONE', *, *, #812, .F. ) ;
#1338 = DIRECTION ( 'NONE',  ( 0.0000000000000000000, 0.0000000000000000000, -1.000000000000000000 ) ) ;
#1339 = DIRECTION ( 'NONE',  ( 1.000000000000000000, -0.0000000000000000000, -0.0000000000000000000 ) ) ;
#1340 = CARTESIAN_POINT ( 'NONE',  ( -74.04602967032580800, 39.25337060386650700, 8.499999999999840100 ) ) ;
#1341 = CARTESIAN_POINT ( 'NONE',  ( -74.04602967032580800, 12.31896879757050600, 36.49506197807615800 ) ) ;
#1342 = ORIENTED_EDGE ( 'NONE', *, *, #326, .F. ) ;
#1343 = ORIENTED_EDGE ( 'NONE', *, *, #651, .T. ) ;
#1344 = EDGE_CURVE ( 'NONE', #1025, #1316, #883, .T. ) ;
#1345 = FACE_OUTER_BOUND ( 'NONE', #2192, .T. ) ;
#1346 = DIRECTION ( 'NONE',  ( 1.000000000000000000, -0.0000000000000000000, -0.0000000000000000000 ) ) ;
#1347 = DIRECTION ( 'NONE',  ( 0.0000000000000000000, 0.0000000000000000000, 1.000000000000000000 ) ) ;
#1348 = CARTESIAN_POINT ( 'NONE',  ( -74.04602967032580800, 67.23011617120124600, 57.99999999999999300 ) ) ;
#1349 = CARTESIAN_POINT ( 'NONE',  ( -74.04602967032580800, 20.56252476838794900, 30.50000000000000400 ) ) ;
#1350 = VERTEX_POINT ( 'NONE', #133 ) ;
#1351 = VERTEX_POINT ( 'NONE', #3168 ) ;
#1352 = ORIENTED_EDGE ( 'NONE', *, *, #2607, .F. ) ;
#1353 = CYLINDRICAL_SURFACE ( 'NONE', #3532, 2.999999999999999100 ) ;
#1354 = ORIENTED_EDGE ( 'NONE', *, *, #3185, .T. ) ;
#1355 = CYLINDRICAL_SURFACE ( 'NONE', #1435, 10.58333333333333000 ) ;
#1356 = CARTESIAN_POINT ( 'NONE',  ( -74.04602967032580800, -0.7466293961335344100, 8.500000000000056800 ) ) ;
#1357 = CARTESIAN_POINT ( 'NONE',  ( -74.04602967032580800, 28.25337060386683800, 51.28705773021169300 ) ) ;
#1358 = CIRCLE ( 'NONE', #3110, 10.58333333333333400 ) ;
#1359 = CARTESIAN_POINT ( 'NONE',  ( -74.04602967032580800, 19.25337060386682400, 10.58333333333334500 ) ) ;
#1360 = ORIENTED_EDGE ( 'NONE', *, *, #727, .F. ) ;
#1361 = FACE_BOUND ( 'NONE', #2993, .T. ) ;
#1362 = EDGE_LOOP ( 'NONE', ( #2538, #2892, #391, #276 ) ) ;
#1363 = EDGE_CURVE ( 'NONE', #3322, #1853, #2645, .T. ) ;
#1364 = ORIENTED_EDGE ( 'NONE', *, *, #566, .F. ) ;
#1365 = CIRCLE ( 'NONE', #3552, 2.000000000000001800 ) ;
#1366 = AXIS2_PLACEMENT_3D ( 'NONE', #2759, #1656, #837 ) ;
#1367 = DIRECTION ( 'NONE',  ( 1.000000000000000000, -0.0000000000000000000, 0.0000000000000000000 ) ) ;
#1368 = DIRECTION ( 'NONE',  ( -1.000000000000000000, 0.0000000000000000000, 0.0000000000000000000 ) ) ;
#1369 = FACE_BOUND ( 'NONE', #3565, .T. ) ;
#1370 = EDGE_CURVE ( 'NONE', #2594, #2979, #2819, .T. ) ;
#1371 = ORIENTED_EDGE ( 'NONE', *, *, #577, .F. ) ;
#1372 = DIRECTION ( 'NONE',  ( 1.000000000000000000, -0.0000000000000000000, -0.0000000000000000000 ) ) ;
#1373 = DIRECTION ( 'NONE',  ( 1.000000000000000000, -0.0000000000000000000, -0.0000000000000000000 ) ) ;
#1374 = DIRECTION ( 'NONE',  ( 0.0000000000000000000, 0.0000000000000000000, -1.000000000000000000 ) ) ;
#1375 = ORIENTED_EDGE ( 'NONE', *, *, #2990, .F. ) ;
#1376 = AXIS2_PLACEMENT_3D ( 'NONE', #2548, #652, #912 ) ;
#1377 = ORIENTED_EDGE ( 'NONE', *, *, #1045, .T. ) ;
#1378 = ADVANCED_FACE ( 'NONE', ( #3130 ), #1353, .F. ) ;
#1379 = CARTESIAN_POINT ( 'NONE',  ( -74.04602967032580800, -0.7466293961335344100, 6.952304451696901900 ) ) ;
#1380 = DIRECTION ( 'NONE',  ( 0.0000000000000000000, 0.0000000000000000000, -1.000000000000000000 ) ) ;
#1381 = DIRECTION ( 'NONE',  ( 0.0000000000000000000, 0.0000000000000000000, -1.000000000000000000 ) ) ;
#1382 = CARTESIAN_POINT ( 'NONE',  ( -74.04602967032580800, 6.065148820611866200, 40.62756161147511600 ) ) ;
#1383 = EDGE_CURVE ( 'NONE', #1552, #1461, #1440, .T. ) ;
#1384 = EDGE_CURVE ( 'NONE', #2763, #1729, #2012, .T. ) ;
#1385 = CARTESIAN_POINT ( 'NONE',  ( -74.04602967032580800, -4.092984612176676000, 4.092984612176659100 ) ) ;
#1386 = ORIENTED_EDGE ( 'NONE', *, *, #520, .T. ) ;
#1387 = ORIENTED_EDGE ( 'NONE', *, *, #540, .T. ) ;
#1388 = VECTOR ( 'NONE', #2732, 1000.000000000000000 ) ;
#1389 = AXIS2_PLACEMENT_3D ( 'NONE', #2582, #111, #1496 ) ;
#1390 = CIRCLE ( 'NONE', #2305, 1.000000000000000900 ) ;
#1391 = EDGE_CURVE ( 'NONE', #2376, #3314, #365, .T. ) ;
#1392 = ADVANCED_FACE ( 'NONE', ( #1096 ), #2098, .F. ) ;
#1393 = CARTESIAN_POINT ( 'NONE',  ( -71.04602967032580800, 39.25337060386669200, 48.49999999999985800 ) ) ;
#1394 = EDGE_LOOP ( 'NONE', ( #507, #478, #1861, #1990 ) ) ;
#1395 = DIRECTION ( 'NONE',  ( 1.000000000000000000, -0.0000000000000000000, -0.0000000000000000000 ) ) ;
#1396 = CARTESIAN_POINT ( 'NONE',  ( -71.04602967032580800, -5.153644783956440100, 5.153644783956409900 ) ) ;
#1397 = ORIENTED_EDGE ( 'NONE', *, *, #3288, .T. ) ;
#1398 = SURFACE_STYLE_FILL_AREA ( #2638 ) ;
#1399 = LINE ( 'NONE', #1291, #2268 ) ;
#1400 = CARTESIAN_POINT ( 'NONE',  ( -71.04602967032580800, -24.07254137103627700, 37.50000000000000700 ) ) ;
#1401 = CIRCLE ( 'NONE', #1818, 24.50000000000000000 ) ;
#1402 = DIRECTION ( 'NONE',  ( 1.000000000000000000, -0.0000000000000000000, -0.0000000000000000000 ) ) ;
#1403 = CYLINDRICAL_SURFACE ( 'NONE', #1234, 17.91666666666667100 ) ;
#1404 = ORIENTED_EDGE ( 'NONE', *, *, #520, .F. ) ;
#1405 = ORIENTED_EDGE ( 'NONE', *, *, #938, .T. ) ;
#1406 = DIRECTION ( 'NONE',  ( 1.000000000000000000, -0.0000000000000000000, -0.0000000000000000000 ) ) ;
#1407 = FACE_OUTER_BOUND ( 'NONE', #1320, .T. ) ;
#1408 = EDGE_CURVE ( 'NONE', #2378, #3234, #922, .T. ) ;
#1409 = VECTOR ( 'NONE', #282, 1000.000000000000000 ) ;
#1411 = CARTESIAN_POINT ( 'NONE',  ( -74.04602967032580800, 19.25337060386682400, 28.50000000000001400 ) ) ;
#1410 = LINE ( 'NONE', #3548, #945 ) ;
#1412 = EDGE_LOOP ( 'NONE', ( #2743, #2655, #2622, #113 ) ) ;
#1413 = DIRECTION ( 'NONE',  ( 1.000000000000000000, -0.0000000000000000000, -0.0000000000000000000 ) ) ;
#1414 = ORIENTED_EDGE ( 'NONE', *, *, #2301, .F. ) ;
#1415 = AXIS2_PLACEMENT_3D ( 'NONE', #2334, #3432, #3448 ) ;
#1416 = ORIENTED_EDGE ( 'NONE', *, *, #720, .F. ) ;
#1417 = DIRECTION ( 'NONE',  ( -1.000000000000000000, 0.0000000000000000000, 0.0000000000000000000 ) ) ;
#1418 = ORIENTED_EDGE ( 'NONE', *, *, #2471, .F. ) ;
#1419 = DIRECTION ( 'NONE',  ( 0.0000000000000000000, 0.0000000000000000000, -1.000000000000000000 ) ) ;
#1420 = DIRECTION ( 'NONE',  ( 0.0000000000000000000, -0.7071067811865489100, 0.7071067811865462400 ) ) ;
#1421 = CARTESIAN_POINT ( 'NONE',  ( -71.04602967032580800, 61.80992920665785600, 7.000000000000002700 ) ) ;
#1422 = CARTESIAN_POINT ( 'NONE',  ( -71.04602967032580800, 64.23011617120123200, 52.00000000000002100 ) ) ;
#1423 = EDGE_LOOP ( 'NONE', ( #951, #2164, #1056, #660 ) ) ;
#1424 = CARTESIAN_POINT ( 'NONE',  ( -71.04602967032580800, 64.92745862896372000, 37.49999999999999300 ) ) ;
#1425 = ORIENTED_EDGE ( 'NONE', *, *, #3124, .F. ) ;
#1426 = ADVANCED_FACE ( 'NONE', ( #1921 ), #141, .F. ) ;
#1427 = APPLICATION_PROTOCOL_DEFINITION ( 'draft international standard', 'automotive_design', 1998, #3115 ) ;
#1428 = EDGE_CURVE ( 'NONE', #1935, #2443, #2557, .T. ) ;
#1429 = EDGE_CURVE ( 'NONE', #483, #1286, #3392, .T. ) ;
#1430 = CIRCLE ( 'NONE', #235, 2.999999999999999100 ) ;
#1431 = EDGE_CURVE ( 'NONE', #2979, #764, #1750, .T. ) ;
#1432 = DIRECTION ( 'NONE',  ( 1.000000000000000000, -0.0000000000000000000, -0.0000000000000000000 ) ) ;
#1433 = CIRCLE ( 'NONE', #1567, 1.547695548303154500 ) ;
#1434 = DIRECTION ( 'NONE',  ( 1.000000000000000000, -0.0000000000000000000, 0.0000000000000000000 ) ) ;
#1435 = AXIS2_PLACEMENT_3D ( 'NONE', #2508, #855, #2772 ) ;
#1436 = CARTESIAN_POINT ( 'NONE',  ( -71.04602967032580800, -0.7466293961335344100, 6.952304451696901900 ) ) ;
#1437 = EDGE_LOOP ( 'NONE', ( #2131, #3427, #1255, #983 ) ) ;
#1438 = DIRECTION ( 'NONE',  ( 0.0000000000000000000, -1.000000000000000000, -0.0000000000000000000 ) ) ;
#1439 = ORIENTED_EDGE ( 'NONE', *, *, #3042, .T. ) ;
#1440 = LINE ( 'NONE', #2348, #2309 ) ;
#1441 = EDGE_CURVE ( 'NONE', #129, #1176, #1180, .T. ) ;
#1442 = ORIENTED_EDGE ( 'NONE', *, *, #163, .F. ) ;
#1443 = DIRECTION ( 'NONE',  ( 1.000000000000000000, -0.0000000000000000000, 0.0000000000000000000 ) ) ;
#1444 = AXIS2_PLACEMENT_3D ( 'NONE', #1282, #191, #3522 ) ;
#1445 = LINE ( 'NONE', #1756, #2439 ) ;
#1446 = CARTESIAN_POINT ( 'NONE',  ( -71.04602967032580800, 31.37991654762268500, 17.43411422802392600 ) ) ;
#1447 = VECTOR ( 'NONE', #826, 1000.000000000000000 ) ;
#1448 = ADVANCED_FACE ( 'NONE', ( #2473, #1659, #456, #200, #3041, #1576, #3566, #624, #3486, #2729, #1838, #36, #1361, #3313, #1972, #1543, #3346, #1758, #3402, #1022, #2570, #1590, #2104 ), #149, .F. ) ;
#1449 = ORIENTED_EDGE ( 'NONE', *, *, #2676, .F. ) ;
#1450 = CARTESIAN_POINT ( 'NONE',  ( -71.04602967032580800, 19.25337060386682400, 28.50000000000001400 ) ) ;
#1451 = DIRECTION ( 'NONE',  ( 0.0000000000000000000, 0.0000000000000000000, -1.000000000000000000 ) ) ;
#1452 = DIRECTION ( 'NONE',  ( 0.0000000000000000000, -1.000000000000000000, 3.854941057726234200E-016 ) ) ;
#1453 = ORIENTED_EDGE ( 'NONE', *, *, #1556, .F. ) ;
#1454 = CIRCLE ( 'NONE', #2972, 9.083333333333317900 ) ;
#1455 = ORIENTED_EDGE ( 'NONE', *, *, #2426, .F. ) ;
#1456 = VECTOR ( 'NONE', #3095, 1000.000000000000000 ) ;
#1457 = APPLICATION_CONTEXT ( 'automotive_design' ) ;
#1458 = CIRCLE ( 'NONE', #1526, 2.499999999999998700 ) ;
#1459 = CIRCLE ( 'NONE', #1318, 52.92058191901602300 ) ;
#1460 = CARTESIAN_POINT ( 'NONE',  ( -71.04602967032580800, 64.23011617120123200, 52.00000000000002100 ) ) ;
#1461 = VERTEX_POINT ( 'NONE', #1525 ) ;
#1462 = CARTESIAN_POINT ( 'NONE',  ( -74.04602967032580800, 66.23011617120124600, 59.00000000000000000 ) ) ;
#1463 = ORIENTED_EDGE ( 'NONE', *, *, #1789, .F. ) ;
#1464 = ORIENTED_EDGE ( 'NONE', *, *, #1021, .T. ) ;
#1465 = DIRECTION ( 'NONE',  ( 0.0000000000000000000, 1.000000000000000000, 0.0000000000000000000 ) ) ;
#1466 = EDGE_CURVE ( 'NONE', #3314, #2376, #3016, .T. ) ;
#1467 = ADVANCED_FACE ( 'NONE', ( #1849 ), #2279, .F. ) ;
#1468 = DIRECTION ( 'NONE',  ( 0.0000000000000000000, 0.0000000000000000000, -1.000000000000000000 ) ) ;
#1469 = DIRECTION ( 'NONE',  ( 1.000000000000000000, -0.0000000000000000000, -0.0000000000000000000 ) ) ;
#1470 = ORIENTED_EDGE ( 'NONE', *, *, #1907, .T. ) ;
#1471 = ORIENTED_EDGE ( 'NONE', *, *, #2745, .T. ) ;
#1472 = LINE ( 'NONE', #2686, #17 ) ;
#1473 = DIRECTION ( 'NONE',  ( 1.000000000000000000, -0.0000000000000000000, -0.0000000000000000000 ) ) ;
#1474 = CYLINDRICAL_SURFACE ( 'NONE', #97, 9.083333333333317900 ) ;
#1475 =( NAMED_UNIT ( * ) PLANE_ANGLE_UNIT ( ) SI_UNIT ( $, .RADIAN. ) );
#1476 = EDGE_CURVE ( 'NONE', #2443, #3483, #935, .T. ) ;
#1477 = ORIENTED_EDGE ( 'NONE', *, *, #2658, .F. ) ;
#1478 = CARTESIAN_POINT ( 'NONE',  ( -74.04602967032580800, 0.0000000000000000000, 53.49999999999997900 ) ) ;
#1479 = CARTESIAN_POINT ( 'NONE',  ( -71.04602967032580800, 64.23011617120123200, 53.90000000000002000 ) ) ;
#1480 = ADVANCED_FACE ( 'NONE', ( #2693 ), #3497, .F. ) ;
#1481 = ORIENTED_EDGE ( 'NONE', *, *, #395, .F. ) ;
#1482 = VERTEX_POINT ( 'NONE', #2108 ) ;
#1483 = DIRECTION ( 'NONE',  ( 0.0000000000000000000, 0.0000000000000000000, 1.000000000000000000 ) ) ;
#1484 = AXIS2_PLACEMENT_3D ( 'NONE', #2902, #3471, #438 ) ;
#1485 = CARTESIAN_POINT ( 'NONE',  ( -71.04602967032580800, 19.25337060386682400, 28.50000000000001400 ) ) ;
#1486 = LINE ( 'NONE', #1279, #3261 ) ;
#1487 = EDGE_CURVE ( 'NONE', #815, #2257, #210, .T. ) ;
#1488 = CIRCLE ( 'NONE', #1003, 2.000000000000001800 ) ;
#1489 = CYLINDRICAL_SURFACE ( 'NONE', #3087, 16.41666666666667100 ) ;
#1490 = ORIENTED_EDGE ( 'NONE', *, *, #1762, .T. ) ;
#1491 = CARTESIAN_POINT ( 'NONE',  ( -74.04602967032580800, -0.7466293961335341800, 10.04769554830321000 ) ) ;
#1492 = DIRECTION ( 'NONE',  ( 0.0000000000000000000, 0.0000000000000000000, 1.000000000000000000 ) ) ;
#1493 = ORIENTED_EDGE ( 'NONE', *, *, #105, .F. ) ;
#1495 = CARTESIAN_POINT ( 'NONE',  ( -74.04602967032580800, 19.25337060386682400, 12.08333333333334500 ) ) ;
#1494 = LINE ( 'NONE', #3421, #3500 ) ;
#1496 = DIRECTION ( 'NONE',  ( 0.0000000000000000000, 0.0000000000000000000, 1.000000000000000000 ) ) ;
#1497 = CARTESIAN_POINT ( 'NONE',  ( -74.04602967032580800, 0.0000000000000000000, 57.99999999999999300 ) ) ;
#1498 = VERTEX_POINT ( 'NONE', #2381 ) ;
#1499 = LINE ( 'NONE', #1191, #1550 ) ;
#1500 = LINE ( 'NONE', #2746, #2702 ) ;
#1501 = VERTEX_POINT ( 'NONE', #186 ) ;
#1502 = EDGE_CURVE ( 'NONE', #3065, #3055, #635, .T. ) ;
#1503 = EDGE_CURVE ( 'NONE', #648, #3190, #2482, .T. ) ;
#1504 = ORIENTED_EDGE ( 'NONE', *, *, #2500, .F. ) ;
#1505 = ORIENTED_EDGE ( 'NONE', *, *, #408, .T. ) ;
#1506 = DIRECTION ( 'NONE',  ( 1.000000000000000000, -0.0000000000000000000, -0.0000000000000000000 ) ) ;
#1507 = AXIS2_PLACEMENT_3D ( 'NONE', #1400, #3081, #2787 ) ;
#1508 = AXIS2_PLACEMENT_3D ( 'NONE', #1806, #657, #1223 ) ;
#1509 = ORIENTED_EDGE ( 'NONE', *, *, #1955, .F. ) ;
#1510 = DIRECTION ( 'NONE',  ( 1.000000000000000000, -0.0000000000000000000, -0.0000000000000000000 ) ) ;
#1511 = CARTESIAN_POINT ( 'NONE',  ( -74.04602967032580800, 24.40701538782334600, 24.40701538782328200 ) ) ;
#1512 = CARTESIAN_POINT ( 'NONE',  ( -71.04602967032580800, 13.38274589986623500, 21.56871512421959000 ) ) ;
#1513 = CARTESIAN_POINT ( 'NONE',  ( -74.04602967032580800, -5.153644783956434800, 5.153644783956396600 ) ) ;
#1514 = EDGE_CURVE ( 'NONE', #187, #924, #2926, .T. ) ;
#1515 = ADVANCED_FACE ( 'NONE', ( #2656 ), #1403, .T. ) ;
#1516 = AXIS2_PLACEMENT_3D ( 'NONE', #1601, #2445, #3576 ) ;
#1517 = VERTEX_POINT ( 'NONE', #3492 ) ;
#1518 = ORIENTED_EDGE ( 'NONE', *, *, #1932, .T. ) ;
#1519 = CARTESIAN_POINT ( 'NONE',  ( -74.04602967032580800, 13.38274589986622900, 35.43128487578042800 ) ) ;
#1520 = EDGE_LOOP ( 'NONE', ( #1945, #137, #784, #1763 ) ) ;
#1521 = CARTESIAN_POINT ( 'NONE',  ( -74.04602967032580800, 0.0000000000000000000, 53.49999999999997900 ) ) ;
#1522 = LINE ( 'NONE', #888, #2427 ) ;
#1523 = PLANE ( 'NONE',  #841 ) ;
#1524 = DIRECTION ( 'NONE',  ( 0.0000000000000000000, 0.0000000000000000000, -1.000000000000000000 ) ) ;
#1525 = CARTESIAN_POINT ( 'NONE',  ( -71.04602967032580800, -27.07254137103635500, 37.50000000000000700 ) ) ;
#1526 = AXIS2_PLACEMENT_3D ( 'NONE', #80, #372, #2306 ) ;
#1527 = CIRCLE ( 'NONE', #164, 2.999999999999999100 ) ;
#1528 = EDGE_LOOP ( 'NONE', ( #2804, #2992, #2774, #420 ) ) ;
#1529 = ORIENTED_EDGE ( 'NONE', *, *, #2317, .T. ) ;
#1530 = VECTOR ( 'NONE', #982, 1000.000000000000000 ) ;
#1531 = CARTESIAN_POINT ( 'NONE',  ( -74.04602967032580800, 66.23011617120124600, 61.00000000000000000 ) ) ;
#1532 = CARTESIAN_POINT ( 'NONE',  ( -74.04602967032580800, -21.07254137103627700, 37.50000000000000700 ) ) ;
#1533 = VERTEX_POINT ( 'NONE', #1258 ) ;
#1534 = ADVANCED_FACE ( 'NONE', ( #2403 ), #2912, .F. ) ;
#1535 = CIRCLE ( 'NONE', #1586, 24.50000000000000000 ) ;
#1536 = EDGE_CURVE ( 'NONE', #2235, #1034, #804, .T. ) ;
#1537 = CARTESIAN_POINT ( 'NONE',  ( -74.04602967032580800, -5.153644783956440100, 5.153644783956409900 ) ) ;
#1538 = DIRECTION ( 'NONE',  ( 0.0000000000000000000, -1.156482317317871300E-015, -1.000000000000000000 ) ) ;
#1539 = AXIS2_PLACEMENT_3D ( 'NONE', #3326, #2223, #58 ) ;
#1540 = DIRECTION ( 'NONE',  ( 0.0000000000000000000, 0.7071067811865479100, 0.7071067811865472400 ) ) ;
#1541 = LINE ( 'NONE', #2489, #78 ) ;
#1542 = EDGE_LOOP ( 'NONE', ( #1997, #1477, #2002, #1657 ) ) ;
#1543 = FACE_BOUND ( 'NONE', #1117, .T. ) ;
#1544 = ORIENTED_EDGE ( 'NONE', *, *, #2546, .F. ) ;
#1545 = VECTOR ( 'NONE', #1538, 1000.000000000000000 ) ;
#1546 = CARTESIAN_POINT ( 'NONE',  ( -74.04602967032580800, 20.40938271338092100, 30.71667228129392400 ) ) ;
#1547 = CARTESIAN_POINT ( 'NONE',  ( -74.04602967032580800, 19.25337060386682400, 28.50000000000001400 ) ) ;
#1548 = CARTESIAN_POINT ( 'NONE',  ( -74.04602967032580800, 7.126824660110980100, 17.43411422802389400 ) ) ;
#1549 = DIRECTION ( 'NONE',  ( 0.0000000000000000000, 1.000000000000000000, 0.0000000000000000000 ) ) ;
#1550 = VECTOR ( 'NONE', #893, 1000.000000000000000 ) ;
#1551 = DIRECTION ( 'NONE',  ( 0.0000000000000000000, -1.000000000000000000, 0.0000000000000000000 ) ) ;
#1552 = VERTEX_POINT ( 'NONE', #454 ) ;
#1553 = VECTOR ( 'NONE', #1625, 1000.000000000000000 ) ;
#1554 = EDGE_LOOP ( 'NONE', ( #2184, #2507, #3411, #554 ) ) ;
#1555 = VERTEX_POINT ( 'NONE', #3506 ) ;
#1556 = EDGE_CURVE ( 'NONE', #2385, #939, #373, .T. ) ;
#1557 = DIRECTION ( 'NONE',  ( 0.0000000000000000000, 0.0000000000000000000, -1.000000000000000000 ) ) ;
#1558 = CARTESIAN_POINT ( 'NONE',  ( -71.04602967032580800, 20.40938271338091800, 30.71667228129392400 ) ) ;
#1559 = AXIS2_PLACEMENT_3D ( 'NONE', #3033, #1374, #1142 ) ;
#1560 = DIRECTION ( 'NONE',  ( 0.0000000000000000000, 0.0000000000000000000, -1.000000000000000000 ) ) ;
#1561 = ORIENTED_EDGE ( 'NONE', *, *, #272, .F. ) ;
#1562 = DIRECTION ( 'NONE',  ( 1.000000000000000000, 0.0000000000000000000, -0.0000000000000000000 ) ) ;
#1563 = DIRECTION ( 'NONE',  ( 0.0000000000000000000, 0.0000000000000000000, -1.000000000000000000 ) ) ;
#1564 = DIRECTION ( 'NONE',  ( 0.0000000000000000000, -0.7071067811865475700, 0.7071067811865475700 ) ) ;
#1565 = DIRECTION ( 'NONE',  ( 0.0000000000000000000, -0.7071067811865472400, 0.7071067811865479100 ) ) ;
#1566 = EDGE_CURVE ( 'NONE', #772, #3111, #1236, .T. ) ;
#1567 = AXIS2_PLACEMENT_3D ( 'NONE', #2458, #773, #504 ) ;
#1568 = ORIENTED_EDGE ( 'NONE', *, *, #575, .T. ) ;
#1569 = ORIENTED_EDGE ( 'NONE', *, *, #3246, .T. ) ;
#1570 = FACE_OUTER_BOUND ( 'NONE', #443, .T. ) ;
#1571 = CARTESIAN_POINT ( 'NONE',  ( -74.04602967032580800, 19.25337060386682400, 28.50000000000001400 ) ) ;
#1572 = LINE ( 'NONE', #626, #571 ) ;
#1573 = DIRECTION ( 'NONE',  ( 1.000000000000000000, -0.0000000000000000000, -0.0000000000000000000 ) ) ;
#1574 = DIRECTION ( 'NONE',  ( 1.000000000000000000, -0.0000000000000000000, 0.0000000000000000000 ) ) ;
#1575 = ORIENTED_EDGE ( 'NONE', *, *, #2005, .F. ) ;
#1576 = FACE_BOUND ( 'NONE', #568, .T. ) ;
#1577 = ORIENTED_EDGE ( 'NONE', *, *, #1027, .F. ) ;
#1578 = EDGE_CURVE ( 'NONE', #3047, #2299, #294, .T. ) ;
#1579 = EDGE_LOOP ( 'NONE', ( #3156, #1599, #1112, #1995, #1028, #719, #2137, #264, #1730, #2166, #1767, #2921 ) ) ;
#1580 = EDGE_CURVE ( 'NONE', #3325, #2064, #2023, .T. ) ;
#1581 = EDGE_LOOP ( 'NONE', ( #544, #3195 ) ) ;
#1582 = VECTOR ( 'NONE', #1241, 1000.000000000000000 ) ;
#1583 = VECTOR ( 'NONE', #782, 1000.000000000000000 ) ;
#1584 = DIRECTION ( 'NONE',  ( -1.000000000000000000, 0.0000000000000000000, 0.0000000000000000000 ) ) ;
#1585 = DIRECTION ( 'NONE',  ( 0.0000000000000000000, -0.0000000000000000000, 1.000000000000000000 ) ) ;
#1586 = AXIS2_PLACEMENT_3D ( 'NONE', #3119, #3384, #1232 ) ;
#1587 = AXIS2_PLACEMENT_3D ( 'NONE', #754, #3225, #3530 ) ;
#1588 = CIRCLE ( 'NONE', #1070, 9.083333333333317900 ) ;
#1589 = EDGE_CURVE ( 'NONE', #3314, #2307, #2194, .T. ) ;
#1590 = FACE_BOUND ( 'NONE', #3060, .T. ) ;
#1591 = VERTEX_POINT ( 'NONE', #3120 ) ;
#1592 = CARTESIAN_POINT ( 'NONE',  ( -74.04602967032580800, -0.7466293961333467800, 50.04769554830322400 ) ) ;
#1593 = EDGE_LOOP ( 'NONE', ( #2332, #899 ) ) ;
#1594 = CIRCLE ( 'NONE', #3362, 1.000000000000000900 ) ;
#1595 = ORIENTED_EDGE ( 'NONE', *, *, #1065, .F. ) ;
#1596 = VECTOR ( 'NONE', #7, 1000.000000000000000 ) ;
#1597 = DIRECTION ( 'NONE',  ( 1.000000000000000000, -0.0000000000000000000, 0.0000000000000000000 ) ) ;
#1598 = VECTOR ( 'NONE', #328, 1000.000000000000100 ) ;
#1599 = ORIENTED_EDGE ( 'NONE', *, *, #2633, .F. ) ;
#1600 = VERTEX_POINT ( 'NONE', #57 ) ;
#1601 = CARTESIAN_POINT ( 'NONE',  ( -70.04602967032580800, 61.92745862896372000, 37.49999999999999300 ) ) ;
#1602 = ORIENTED_EDGE ( 'NONE', *, *, #2126, .F. ) ;
#1603 = DIRECTION ( 'NONE',  ( 1.000000000000000000, -0.0000000000000000000, 0.0000000000000000000 ) ) ;
#1604 = DIRECTION ( 'NONE',  ( 0.0000000000000000000, 0.0000000000000000000, 1.000000000000000000 ) ) ;
#1605 = CARTESIAN_POINT ( 'NONE',  ( -71.04602967032580800, 19.25337060386682400, 28.50000000000001400 ) ) ;
#1606 = EDGE_LOOP ( 'NONE', ( #558, #1217, #2950, #37 ) ) ;
#1607 = EDGE_CURVE ( 'NONE', #1193, #1176, #2061, .T. ) ;
#1608 = ORIENTED_EDGE ( 'NONE', *, *, #2435, .F. ) ;
#1609 = CARTESIAN_POINT ( 'NONE',  ( -74.04602967032580800, 13.38274589986623500, 21.56871512421959000 ) ) ;
#1610 = CARTESIAN_POINT ( 'NONE',  ( -71.04602967032580800, -4.092984612176678600, 4.092984612176678600 ) ) ;
#1611 = ORIENTED_EDGE ( 'NONE', *, *, #3290, .F. ) ;
#1612 = CARTESIAN_POINT ( 'NONE',  ( -74.04602967032580800, -0.7466293961333470000, 48.50000000000007100 ) ) ;
#1613 = DIRECTION ( 'NONE',  ( 0.0000000000000000000, 0.0000000000000000000, -1.000000000000000000 ) ) ;
#1614 = ORIENTED_EDGE ( 'NONE', *, *, #3408, .F. ) ;
#1615 = CARTESIAN_POINT ( 'NONE',  ( -74.04602967032580800, 61.92745862896372700, 37.49999999999999300 ) ) ;
#1616 = DIRECTION ( 'NONE',  ( 0.0000000000000000000, -0.7071067811865474600, -0.7071067811865474600 ) ) ;
#1617 = CIRCLE ( 'NONE', #2193, 1.547695548303152900 ) ;
#1618 = CYLINDRICAL_SURFACE ( 'NONE', #2549, 2.499999999999998700 ) ;
#1619 = ORIENTED_EDGE ( 'NONE', *, *, #19, .F. ) ;
#1620 = DIRECTION ( 'NONE',  ( 0.0000000000000000000, 0.0000000000000000000, -1.000000000000000000 ) ) ;
#1621 = ORIENTED_EDGE ( 'NONE', *, *, #1776, .T. ) ;
#1622 = CYLINDRICAL_SURFACE ( 'NONE', #933, 9.083333333333342800 ) ;
#1623 = CARTESIAN_POINT ( 'NONE',  ( -74.04602967032580800, 13.38274589986622900, 35.43128487578042800 ) ) ;
#1624 = CARTESIAN_POINT ( 'NONE',  ( -74.04602967032580800, 0.0000000000000000000, 57.99999999999999300 ) ) ;
#1625 = DIRECTION ( 'NONE',  ( 0.0000000000000000000, 3.469446951953616200E-016, 1.000000000000000000 ) ) ;
#1626 = FACE_OUTER_BOUND ( 'NONE', #2789, .T. ) ;
#1627 = EDGE_CURVE ( 'NONE', #47, #5, #500, .T. ) ;
#1628 = EDGE_CURVE ( 'NONE', #892, #760, #1454, .T. ) ;
#1629 = LINE ( 'NONE', #2146, #3226 ) ;
#1630 = ORIENTED_EDGE ( 'NONE', *, *, #3312, .T. ) ;
#1631 = AXIS2_PLACEMENT_3D ( 'NONE', #1450, #1744, #2013 ) ;
#1632 = LINE ( 'NONE', #269, #1894 ) ;
#1633 = CARTESIAN_POINT ( 'NONE',  ( -71.04602967032580800, 7.125808992391703200, 15.31177821674508300 ) ) ;
#1634 = EDGE_CURVE ( 'NONE', #307, #1461, #546, .T. ) ;
#1635 = DIRECTION ( 'NONE',  ( -1.000000000000000000, 0.0000000000000000000, 0.0000000000000000000 ) ) ;
#1636 = DIRECTION ( 'NONE',  ( 1.000000000000000000, -0.0000000000000000000, -0.0000000000000000000 ) ) ;
#1637 = VERTEX_POINT ( 'NONE', #1436 ) ;
#1638 = VECTOR ( 'NONE', #2614, 1000.000000000000000 ) ;
#1639 = AXIS2_PLACEMENT_3D ( 'NONE', #792, #1888, #241 ) ;
#1640 = ADVANCED_FACE ( 'NONE', ( #2319 ), #1169, .T. ) ;
#1641 = EDGE_LOOP ( 'NONE', ( #1871, #1803, #72, #2486 ) ) ;
#1642 = EDGE_LOOP ( 'NONE', ( #793, #1837, #2341, #633 ) ) ;
#1643 = CARTESIAN_POINT ( 'NONE',  ( -74.04602967032580800, -23.95501194873044100, 7.000000000000002700 ) ) ;
#1644 = DIRECTION ( 'NONE',  ( 1.000000000000000000, -0.0000000000000000000, 0.0000000000000000000 ) ) ;
#1645 = EDGE_CURVE ( 'NONE', #734, #3155, #3575, .T. ) ;
#1646 = DIRECTION ( 'NONE',  ( -1.000000000000000000, 0.0000000000000000000, 0.0000000000000000000 ) ) ;
#1647 = ORIENTED_EDGE ( 'NONE', *, *, #1020, .F. ) ;
#1648 = CARTESIAN_POINT ( 'NONE',  ( -71.04602967032580800, -28.37519891327388400, 59.00000000000000000 ) ) ;
#1649 = EDGE_CURVE ( 'NONE', #871, #1350, #3052, .T. ) ;
#1650 = ORIENTED_EDGE ( 'NONE', *, *, #3493, .T. ) ;
#1651 = VERTEX_POINT ( 'NONE', #3376 ) ;
#1652 = ADVANCED_FACE ( 'NONE', ( #853 ), #463, .F. ) ;
#1653 = VECTOR ( 'NONE', #1266, 1000.000000000000000 ) ;
#1654 = DIRECTION ( 'NONE',  ( 1.000000000000000000, -0.0000000000000000000, 0.0000000000000000000 ) ) ;
#1655 = CARTESIAN_POINT ( 'NONE',  ( -74.04602967032580800, 12.32208572808640500, 34.37062470400059100 ) ) ;
#1656 = DIRECTION ( 'NONE',  ( 1.000000000000000000, -0.0000000000000000000, -0.0000000000000000000 ) ) ;
#1657 = ORIENTED_EDGE ( 'NONE', *, *, #292, .F. ) ;
#1658 = ORIENTED_EDGE ( 'NONE', *, *, #2091, .F. ) ;
#1659 = FACE_BOUND ( 'NONE', #2798, .T. ) ;
#1660 = ORIENTED_EDGE ( 'NONE', *, *, #1751, .T. ) ;
#1661 = FACE_OUTER_BOUND ( 'NONE', #1423, .T. ) ;
#1662 = FACE_OUTER_BOUND ( 'NONE', #2413, .T. ) ;
#1663 = DIRECTION ( 'NONE',  ( 1.000000000000000000, -0.0000000000000000000, 0.0000000000000000000 ) ) ;
#1664 = CARTESIAN_POINT ( 'NONE',  ( -74.04602967032580800, -24.07254137103636500, 20.49999999999999600 ) ) ;
#1665 = CARTESIAN_POINT ( 'NONE',  ( -74.04602967032580800, 19.25337060386682400, 28.50000000000001400 ) ) ;
#1666 = LINE ( 'NONE', #1359, #2654 ) ;
#1667 = DIRECTION ( 'NONE',  ( 0.0000000000000000000, 0.0000000000000000000, -1.000000000000000000 ) ) ;
#1668 = VECTOR ( 'NONE', #2277, 1000.000000000000000 ) ;
#1669 = ADVANCED_FACE ( 'NONE', ( #123 ), #1489, .F. ) ;
#1670 = EDGE_CURVE ( 'NONE', #1768, #2441, #2965, .T. ) ;
#1671 = ORIENTED_EDGE ( 'NONE', *, *, #587, .T. ) ;
#1672 = ORIENTED_EDGE ( 'NONE', *, *, #1813, .F. ) ;
#1673 = CIRCLE ( 'NONE', #2430, 9.083333333333317900 ) ;
#1674 = AXIS2_PLACEMENT_3D ( 'NONE', #1460, #2308, #2335 ) ;
#1675 = ORIENTED_EDGE ( 'NONE', *, *, #3529, .T. ) ;
#1676 = LINE ( 'NONE', #3555, #1328 ) ;
#1677 = DIRECTION ( 'NONE',  ( 1.000000000000000000, -0.0000000000000000000, 0.0000000000000000000 ) ) ;
#1678 = FACE_BOUND ( 'NONE', #14, .T. ) ;
#1679 = EDGE_CURVE ( 'NONE', #2052, #3526, #721, .T. ) ;
#1680 = ORIENTED_EDGE ( 'NONE', *, *, #207, .T. ) ;
#1681 = DIRECTION ( 'NONE',  ( 1.000000000000000000, -0.0000000000000000000, -0.0000000000000000000 ) ) ;
#1682 = DIRECTION ( 'NONE',  ( 0.0000000000000000000, -0.7071067811865462400, -0.7071067811865489100 ) ) ;
#1683 = ORIENTED_EDGE ( 'NONE', *, *, #84, .T. ) ;
#1684 = VERTEX_POINT ( 'NONE', #609 ) ;
#1685 = CARTESIAN_POINT ( 'NONE',  ( -74.04602967032580800, 19.25337060386682400, 28.50000000000001400 ) ) ;
#1686 = ORIENTED_EDGE ( 'NONE', *, *, #2989, .F. ) ;
#1687 = PLANE ( 'NONE',  #1299 ) ;
#1688 = CARTESIAN_POINT ( 'NONE',  ( -74.04602967032580800, 1.753370603866835500, 53.49999999999997900 ) ) ;
#1689 = CARTESIAN_POINT ( 'NONE',  ( -71.04602967032580800, 20.40938271338092100, 26.28332771870610400 ) ) ;
#1690 = EDGE_CURVE ( 'NONE', #2211, #625, #588, .T. ) ;
#1691 = EDGE_CURVE ( 'NONE', #352, #2064, #2737, .T. ) ;
#1692 = CARTESIAN_POINT ( 'NONE',  ( -71.04602967032580800, -24.07254137103626900, 23.49999999999999300 ) ) ;
#1693 = ORIENTED_EDGE ( 'NONE', *, *, #1344, .F. ) ;
#1694 = ORIENTED_EDGE ( 'NONE', *, *, #2595, .T. ) ;
#1695 = ORIENTED_EDGE ( 'NONE', *, *, #659, .F. ) ;
#1696 = CARTESIAN_POINT ( 'NONE',  ( -74.04602967032580800, 28.25337060386683800, 53.49999999999997900 ) ) ;
#1697 = CARTESIAN_POINT ( 'NONE',  ( -71.04602967032580800, 19.25337060386682400, 28.50000000000001400 ) ) ;
#1698 = AXIS2_PLACEMENT_3D ( 'NONE', #1269, #3169, #1830 ) ;
#1699 = AXIS2_PLACEMENT_3D ( 'NONE', #668, #2077, #3182 ) ;
#1700 = CIRCLE ( 'NONE', #1705, 2.499999999999998700 ) ;
#1701 = DIRECTION ( 'NONE',  ( 1.000000000000000000, -0.0000000000000000000, -0.0000000000000000000 ) ) ;
#1702 = EDGE_CURVE ( 'NONE', #125, #924, #2440, .T. ) ;
#1703 = CARTESIAN_POINT ( 'NONE',  ( -71.04602967032580800, 64.92745862896372000, 0.0000000000000000000 ) ) ;
#1704 = CIRCLE ( 'NONE', #3370, 16.41666666666667500 ) ;
#1705 = AXIS2_PLACEMENT_3D ( 'NONE', #2850, #1443, #2021 ) ;
#1706 = DIRECTION ( 'NONE',  ( 0.0000000000000000000, 1.000000000000000000, 0.0000000000000000000 ) ) ;
#1707 = ORIENTED_EDGE ( 'NONE', *, *, #267, .F. ) ;
#1708 = LINE ( 'NONE', #2641, #2015 ) ;
#1709 = LINE ( 'NONE', #2321, #3342 ) ;
#1710 = ADVANCED_FACE ( 'NONE', ( #1755 ), #1715, .F. ) ;
#1711 = ORIENTED_EDGE ( 'NONE', *, *, #104, .F. ) ;
#1712 = CARTESIAN_POINT ( 'NONE',  ( -74.04602967032580800, 19.25337060386682400, 12.08333333333334500 ) ) ;
#1713 = CYLINDRICAL_SURFACE ( 'NONE', #2542, 1.547695548303154500 ) ;
#1714 = DIRECTION ( 'NONE',  ( 1.000000000000000000, -0.0000000000000000000, 0.0000000000000000000 ) ) ;
#1715 = CYLINDRICAL_SURFACE ( 'NONE', #819, 1.899999999999999000 ) ;
#1716 = MECHANICAL_DESIGN_GEOMETRIC_PRESENTATION_REPRESENTATION (  '', ( #59 ), #3327 ) ;
#1717 = ORIENTED_EDGE ( 'NONE', *, *, #153, .F. ) ;
#1718 = CARTESIAN_POINT ( 'NONE',  ( -74.04602967032580800, 19.25337060386682400, 28.50000000000001400 ) ) ;
#1719 = ORIENTED_EDGE ( 'NONE', *, *, #3429, .T. ) ;
#1720 = ORIENTED_EDGE ( 'NONE', *, *, #2754, .T. ) ;
#1722 = CARTESIAN_POINT ( 'NONE',  ( -71.04602967032580800, 64.23011617120123200, 50.10000000000002300 ) ) ;
#1721 = CIRCLE ( 'NONE', #2388, 17.91666666666664300 ) ;
#1723 = DIRECTION ( 'NONE',  ( 1.000000000000000000, -0.0000000000000000000, 0.0000000000000000000 ) ) ;
#1724 = ORIENTED_EDGE ( 'NONE', *, *, #2722, .F. ) ;
#1725 = CARTESIAN_POINT ( 'NONE',  ( -74.04602967032580800, 31.38093221534193900, 15.31177821674509700 ) ) ;
#1726 = EDGE_CURVE ( 'NONE', #1195, #183, #979, .T. ) ;
#1727 = DIRECTION ( 'NONE',  ( 0.0000000000000000000, -0.7071067811865472400, 0.7071067811865479100 ) ) ;
#1728 = AXIS2_PLACEMENT_3D ( 'NONE', #1485, #2051, #3425 ) ;
#1729 = VERTEX_POINT ( 'NONE', #1891 ) ;
#1730 = ORIENTED_EDGE ( 'NONE', *, *, #152, .T. ) ;
#1731 = ADVANCED_FACE ( 'NONE', ( #252 ), #2190, .F. ) ;
#1732 = DIRECTION ( 'NONE',  ( 0.0000000000000000000, 0.0000000000000000000, 1.000000000000000000 ) ) ;
#1733 = ORIENTED_EDGE ( 'NONE', *, *, #1973, .F. ) ;
#1734 =( NAMED_UNIT ( * ) SI_UNIT ( $, .STERADIAN. ) SOLID_ANGLE_UNIT ( ) );
#1735 = CARTESIAN_POINT ( 'NONE',  ( -71.04602967032580800, 32.44159238712173000, 16.37243838852488100 ) ) ;
#1736 = DIRECTION ( 'NONE',  ( 0.0000000000000000000, 0.0000000000000000000, 1.000000000000000000 ) ) ;
#1737 = EDGE_LOOP ( 'NONE', ( #2351, #3324, #2915, #2799 ) ) ;
#1738 = CARTESIAN_POINT ( 'NONE',  ( -71.04602967032580800, 37.09969762900340800, 45.28566685335677300 ) ) ;
#1739 = ORIENTED_EDGE ( 'NONE', *, *, #1627, .F. ) ;
#1740 = LINE ( 'NONE', #3438, #445 ) ;
#1741 = EDGE_CURVE ( 'NONE', #1350, #871, #419, .T. ) ;
#1742 = CARTESIAN_POINT ( 'NONE',  ( -71.04602967032580800, 61.92745862896372000, 20.50000000000000400 ) ) ;
#1743 = ADVANCED_FACE ( 'NONE', ( #1848 ), #3001, .F. ) ;
#1744 = DIRECTION ( 'NONE',  ( 1.000000000000000000, -0.0000000000000000000, 0.0000000000000000000 ) ) ;
#1745 = LINE ( 'NONE', #1703, #1174 ) ;
#1746 = CARTESIAN_POINT ( 'NONE',  ( -74.04602967032580800, 23.34635521604350600, 23.34635521604352000 ) ) ;
#1747 = AXIS2_PLACEMENT_3D ( 'NONE', #3524, #1016, #3243 ) ;
#1748 = CARTESIAN_POINT ( 'NONE',  ( -74.04602967032580800, 0.0000000000000000000, 61.00000000000000000 ) ) ;
#1749 = EDGE_LOOP ( 'NONE', ( #936, #581, #2527, #3542 ) ) ;
#1750 = LINE ( 'NONE', #1497, #1272 ) ;
#1751 = EDGE_CURVE ( 'NONE', #1517, #772, #3092, .T. ) ;
#1752 = AXIS2_PLACEMENT_3D ( 'NONE', #1547, #2959, #1560 ) ;
#1753 = VECTOR ( 'NONE', #2154, 1000.000000000000000 ) ;
#1754 = CARTESIAN_POINT ( 'NONE',  ( -71.04602967032580800, 10.25337060386677900, -1.185784179627879500E-014 ) ) ;
#1755 = FACE_OUTER_BOUND ( 'NONE', #3038, .T. ) ;
#1756 = CARTESIAN_POINT ( 'NONE',  ( -74.04602967032580800, 11.25830862579067200, 35.43440180629631400 ) ) ;
#1757 = DIRECTION ( 'NONE',  ( 0.0000000000000000000, -0.7071067811865501300, 0.7071067811865449100 ) ) ;
#1758 = FACE_BOUND ( 'NONE', #2331, .T. ) ;
#1759 = ORIENTED_EDGE ( 'NONE', *, *, #285, .F. ) ;
#1760 = ADVANCED_FACE ( 'NONE', ( #2357 ), #1019, .T. ) ;
#1761 = EDGE_CURVE ( 'NONE', #1935, #687, #1187, .T. ) ;
#1762 = EDGE_CURVE ( 'NONE', #1600, #3053, #1588, .T. ) ;
#1763 = ORIENTED_EDGE ( 'NONE', *, *, #2668, .T. ) ;
#1764 = CARTESIAN_POINT ( 'NONE',  ( -74.04602967032580800, -0.7466293961333470000, 48.50000000000007100 ) ) ;
#1765 = CIRCLE ( 'NONE', #3249, 17.91666666666667100 ) ;
#1766 = CARTESIAN_POINT ( 'NONE',  ( -71.04602967032580800, 19.25337060386682400, 28.50000000000001400 ) ) ;
#1767 = ORIENTED_EDGE ( 'NONE', *, *, #3139, .F. ) ;
#1768 = VERTEX_POINT ( 'NONE', #1052 ) ;
#1769 = AXIS2_PLACEMENT_3D ( 'NONE', #2048, #3435, #2869 ) ;
#1770 = ORIENTED_EDGE ( 'NONE', *, *, #1280, .T. ) ;
#1771 = AXIS2_PLACEMENT_3D ( 'NONE', #441, #2941, #2415 ) ;
#1772 = CARTESIAN_POINT ( 'NONE',  ( -74.04602967032580800, 2.467703750510079200, 46.34632702513661000 ) ) ;
#1773 = VERTEX_POINT ( 'NONE', #2975 ) ;
#1774 = EDGE_LOOP ( 'NONE', ( #1218, #1836 ) ) ;
#1775 = DIRECTION ( 'NONE',  ( 0.0000000000000000000, 0.0000000000000000000, 1.000000000000000000 ) ) ;
#1776 = EDGE_CURVE ( 'NONE', #2232, #2054, #801, .T. ) ;
#1777 = ORIENTED_EDGE ( 'NONE', *, *, #910, .T. ) ;
#1778 = PLANE ( 'NONE',  #1867 ) ;
#1779 = DIRECTION ( 'NONE',  ( 1.000000000000000000, -0.0000000000000000000, -0.0000000000000000000 ) ) ;
#1780 = DIRECTION ( 'NONE',  ( 0.0000000000000000000, 0.0000000000000000000, 1.000000000000000000 ) ) ;
#1781 = EDGE_LOOP ( 'NONE', ( #1826, #224, #3029, #98 ) ) ;
#1782 = CARTESIAN_POINT ( 'NONE',  ( -74.04602967032580800, 39.25337060386669200, 48.49999999999985800 ) ) ;
#1783 = DIRECTION ( 'NONE',  ( -1.000000000000000000, 0.0000000000000000000, 0.0000000000000000000 ) ) ;
#1784 = CARTESIAN_POINT ( 'NONE',  ( 63.16044702067369300, 61.80992920665785600, 5.000000000000000000 ) ) ;
#1785 = ORIENTED_EDGE ( 'NONE', *, *, #720, .T. ) ;
#1786 = ORIENTED_EDGE ( 'NONE', *, *, #3418, .F. ) ;
#1787 = LINE ( 'NONE', #601, #239 ) ;
#1788 = DIRECTION ( 'NONE',  ( 0.0000000000000000000, -0.7071067811865444600, -0.7071067811865505700 ) ) ;
#1789 = EDGE_CURVE ( 'NONE', #94, #1873, #930, .T. ) ;
#1790 = FACE_OUTER_BOUND ( 'NONE', #595, .T. ) ;
#1791 = DIRECTION ( 'NONE',  ( 1.000000000000000000, -0.0000000000000000000, 0.0000000000000000000 ) ) ;
#1792 = ADVANCED_FACE ( 'NONE', ( #2564 ), #1277, .T. ) ;
#1793 = ORIENTED_EDGE ( 'NONE', *, *, #532, .F. ) ;
#1794 = DIRECTION ( 'NONE',  ( 0.0000000000000000000, 0.0000000000000000000, 1.000000000000000000 ) ) ;
#1795 = DIRECTION ( 'NONE',  ( 1.000000000000000000, -0.0000000000000000000, -0.0000000000000000000 ) ) ;
#1796 = CARTESIAN_POINT ( 'NONE',  ( -74.04602967032580800, 19.25337060386682400, 26.00000000000001800 ) ) ;
#1797 = LINE ( 'NONE', #144, #2777 ) ;
#1798 = CIRCLE ( 'NONE', #562, 24.50000000000000000 ) ;
#1799 = VECTOR ( 'NONE', #3374, 1000.000000000000000 ) ;
#1800 = DIRECTION ( 'NONE',  ( 1.000000000000000000, -0.0000000000000000000, -0.0000000000000000000 ) ) ;
#1801 = CIRCLE ( 'NONE', #3436, 1.899999999999999000 ) ;
#1802 = DIRECTION ( 'NONE',  ( 1.000000000000000000, -0.0000000000000000000, -0.0000000000000000000 ) ) ;
#1803 = ORIENTED_EDGE ( 'NONE', *, *, #1085, .F. ) ;
#1804 = ORIENTED_EDGE ( 'NONE', *, *, #1429, .F. ) ;
#1805 = CIRCLE ( 'NONE', #353, 1.547695548303154500 ) ;
#1806 = CARTESIAN_POINT ( 'NONE',  ( -74.04602967032580800, -5.153644783956430300, 5.153644783956392100 ) ) ;
#1807 = CARTESIAN_POINT ( 'NONE',  ( -71.04602967032580800, 26.18465547964724400, 34.37062470400060500 ) ) ;
#1808 = DIRECTION ( 'NONE',  ( 0.0000000000000000000, 0.0000000000000000000, 1.000000000000000000 ) ) ;
#1809 = ORIENTED_EDGE ( 'NONE', *, *, #587, .F. ) ;
#1810 = VECTOR ( 'NONE', #3146, 1000.000000000000000 ) ;
#1811 = ORIENTED_EDGE ( 'NONE', *, *, #93, .F. ) ;
#1812 = CARTESIAN_POINT ( 'NONE',  ( -74.04602967032580800, 28.25337060386683800, 53.49999999999997900 ) ) ;
#1813 = EDGE_CURVE ( 'NONE', #85, #918, #1801, .T. ) ;
#1814 = EDGE_CURVE ( 'NONE', #2979, #1498, #1629, .T. ) ;
#1815 = VERTEX_POINT ( 'NONE', #21 ) ;
#1816 = EDGE_LOOP ( 'NONE', ( #637, #1263, #3573, #1137 ) ) ;
#1817 = DIRECTION ( 'NONE',  ( 0.0000000000000000000, -0.7071067811865455700, 0.7071067811865495700 ) ) ;
#1818 = AXIS2_PLACEMENT_3D ( 'NONE', #354, #3413, #656 ) ;
#1819 = ORIENTED_EDGE ( 'NONE', *, *, #3574, .T. ) ;
#1820 = CARTESIAN_POINT ( 'NONE',  ( -71.04602967032580800, 2.467703750510065400, 10.65367297486343300 ) ) ;
#1821 = CARTESIAN_POINT ( 'NONE',  ( -74.04602967032580800, 7.125808992391703200, 15.31177821674508300 ) ) ;
#1822 = CARTESIAN_POINT ( 'NONE',  ( -71.04602967032580800, 19.25337060386682400, 28.50000000000001400 ) ) ;
#1823 = CARTESIAN_POINT ( 'NONE',  ( -74.04602967032580800, 64.92745862896372000, 40.49999999999999300 ) ) ;
#1824 = EDGE_CURVE ( 'NONE', #1246, #895, #632, .T. ) ;
#1825 = AXIS2_PLACEMENT_3D ( 'NONE', #225, #2982, #1317 ) ;
#1826 = ORIENTED_EDGE ( 'NONE', *, *, #1503, .T. ) ;
#1827 = PLANE ( 'NONE',  #2803 ) ;
#1828 = DIRECTION ( 'NONE',  ( -1.000000000000000000, 0.0000000000000000000, 0.0000000000000000000 ) ) ;
#1829 = VERTEX_POINT ( 'NONE', #531 ) ;
#1830 = DIRECTION ( 'NONE',  ( 0.0000000000000000000, 0.0000000000000000000, -1.000000000000000000 ) ) ;
#1831 = CIRCLE ( 'NONE', #524, 2.000000000000002700 ) ;
#1832 = CARTESIAN_POINT ( 'NONE',  ( -74.04602967032580800, -0.7466293961333467800, 50.04769554830322400 ) ) ;
#1833 = DIRECTION ( 'NONE',  ( 0.0000000000000000000, -0.7071067811865459100, 0.7071067811865491300 ) ) ;
#1834 = EDGE_CURVE ( 'NONE', #3218, #1637, #850, .T. ) ;
#1835 = CYLINDRICAL_SURFACE ( 'NONE', #3189, 1.899999999999999000 ) ;
#1836 = ORIENTED_EDGE ( 'NONE', *, *, #1466, .F. ) ;
#1837 = ORIENTED_EDGE ( 'NONE', *, *, #928, .F. ) ;
#1838 = FACE_BOUND ( 'NONE', #1520, .T. ) ;
#1839 = AXIS2_PLACEMENT_3D ( 'NONE', #198, #2968, #1557 ) ;
#1840 = ORIENTED_EDGE ( 'NONE', *, *, #1950, .T. ) ;
#1841 = CARTESIAN_POINT ( 'NONE',  ( -74.04602967032580800, 8.187484831890765600, 40.62654594375590700 ) ) ;
#1842 = CARTESIAN_POINT ( 'NONE',  ( -71.04602967032580800, -23.95501194873044100, 5.000000000000000000 ) ) ;
#1843 = FACE_OUTER_BOUND ( 'NONE', #1043, .T. ) ;
#1844 = VECTOR ( 'NONE', #2856, 1000.000000000000000 ) ;
#1845 = EDGE_CURVE ( 'NONE', #692, #2704, #167, .T. ) ;
#1846 = DIRECTION ( 'NONE',  ( 1.000000000000000000, -0.0000000000000000000, 0.0000000000000000000 ) ) ;
#1847 = DIRECTION ( 'NONE',  ( 0.0000000000000000000, 0.0000000000000000000, -1.000000000000000000 ) ) ;
#1848 = FACE_OUTER_BOUND ( 'NONE', #3416, .T. ) ;
#1849 = FACE_OUTER_BOUND ( 'NONE', #3151, .T. ) ;
#1850 = ORIENTED_EDGE ( 'NONE', *, *, #1139, .F. ) ;
#1851 = CARTESIAN_POINT ( 'NONE',  ( -71.04602967032580800, -0.7466293961335344100, 8.500000000000056800 ) ) ;
#1852 = ORIENTED_EDGE ( 'NONE', *, *, #2144, .T. ) ;
#1853 = VERTEX_POINT ( 'NONE', #555 ) ;
#1854 = LINE ( 'NONE', #1212, #2450 ) ;
#1855 = ORIENTED_EDGE ( 'NONE', *, *, #2144, .F. ) ;
#1856 = DIRECTION ( 'NONE',  ( 0.0000000000000000000, 0.0000000000000000000, 1.000000000000000000 ) ) ;
#1857 = FACE_OUTER_BOUND ( 'NONE', #1528, .T. ) ;
#1858 = DIRECTION ( 'NONE',  ( 1.000000000000000000, -0.0000000000000000000, -0.0000000000000000000 ) ) ;
#1859 = FACE_BOUND ( 'NONE', #3516, .T. ) ;
#1860 = EDGE_LOOP ( 'NONE', ( #1153, #2889, #2498, #1035 ) ) ;
#1861 = ORIENTED_EDGE ( 'NONE', *, *, #2189, .T. ) ;
#1862 = VERTEX_POINT ( 'NONE', #2468 ) ;
#1863 = EDGE_CURVE ( 'NONE', #2117, #1920, #1666, .T. ) ;
#1864 = DIRECTION ( 'NONE',  ( 0.0000000000000000000, 0.0000000000000000000, 1.000000000000000000 ) ) ;
#1865 = ORIENTED_EDGE ( 'NONE', *, *, #566, .T. ) ;
#1866 = DIRECTION ( 'NONE',  ( 0.0000000000000000000, 0.0000000000000000000, -1.000000000000000000 ) ) ;
#1867 = AXIS2_PLACEMENT_3D ( 'NONE', #674, #2597, #3473 ) ;
#1868 = CARTESIAN_POINT ( 'NONE',  ( -74.04602967032580800, 19.25337060386682400, 28.50000000000001400 ) ) ;
#1869 = DIRECTION ( 'NONE',  ( 1.000000000000000000, -0.0000000000000000000, 0.0000000000000000000 ) ) ;
#1870 = EDGE_CURVE ( 'NONE', #1246, #1974, #3012, .T. ) ;
#1871 = ORIENTED_EDGE ( 'NONE', *, *, #1092, .T. ) ;
#1872 = ORIENTED_EDGE ( 'NONE', *, *, #2684, .T. ) ;
#1873 = VERTEX_POINT ( 'NONE', #1074 ) ;
#1874 = FACE_OUTER_BOUND ( 'NONE', #1781, .T. ) ;
#1875 = CARTESIAN_POINT ( 'NONE',  ( -74.04602967032580800, 31.38093221534193900, 15.31177821674509700 ) ) ;
#1876 = DIRECTION ( 'NONE',  ( 1.000000000000000000, -0.0000000000000000000, 0.0000000000000000000 ) ) ;
#1877 = CARTESIAN_POINT ( 'NONE',  ( -74.04602967032580800, 19.25337060386682400, 28.50000000000001400 ) ) ;
#1878 = CARTESIAN_POINT ( 'NONE',  ( -71.04602967032580800, 64.92745862896372000, 23.50000000000000000 ) ) ;
#1879 = ORIENTED_EDGE ( 'NONE', *, *, #184, .T. ) ;
#1880 = EDGE_CURVE ( 'NONE', #3391, #3199, #3309, .T. ) ;
#1881 = ORIENTED_EDGE ( 'NONE', *, *, #2539, .T. ) ;
#1882 = EDGE_CURVE ( 'NONE', #183, #2505, #1143, .T. ) ;
#1883 = FACE_OUTER_BOUND ( 'NONE', #171, .T. ) ;
#1884 = VECTOR ( 'NONE', #2588, 1000.000000000000000 ) ;
#1885 = AXIS2_PLACEMENT_3D ( 'NONE', #728, #3468, #173 ) ;
#1886 = AXIS2_PLACEMENT_3D ( 'NONE', #138, #2085, #2059 ) ;
#1887 = CIRCLE ( 'NONE', #2474, 3.000000000000002700 ) ;
#1888 = DIRECTION ( 'NONE',  ( 1.000000000000000000, -0.0000000000000000000, 0.0000000000000000000 ) ) ;
#1889 = EDGE_CURVE ( 'NONE', #2043, #1815, #890, .T. ) ;
#1890 = CIRCLE ( 'NONE', #39, 2.999999999999999100 ) ;
#1891 = CARTESIAN_POINT ( 'NONE',  ( -71.04602967032580800, 26.18777241016315200, 20.50493802192388100 ) ) ;
#1892 = ORIENTED_EDGE ( 'NONE', *, *, #846, .F. ) ;
#1893 = AXIS2_PLACEMENT_3D ( 'NONE', #2586, #3125, #2303 ) ;
#1894 = VECTOR ( 'NONE', #3247, 1000.000000000000000 ) ;
#1895 = ORIENTED_EDGE ( 'NONE', *, *, #1001, .T. ) ;
#1896 = CYLINDRICAL_SURFACE ( 'NONE', #1885, 17.91666666666667100 ) ;
#1897 = DIRECTION ( 'NONE',  ( -0.0000000000000000000, 1.000000000000000000, 0.0000000000000000000 ) ) ;
#1898 = ORIENTED_EDGE ( 'NONE', *, *, #2361, .F. ) ;
#1899 = ORIENTED_EDGE ( 'NONE', *, *, #3290, .T. ) ;
#1900 = DIRECTION ( 'NONE',  ( 0.0000000000000000000, 0.0000000000000000000, -1.000000000000000000 ) ) ;
#1901 = ORIENTED_EDGE ( 'NONE', *, *, #1863, .T. ) ;
#1902 = DIRECTION ( 'NONE',  ( 1.000000000000000000, -0.0000000000000000000, -0.0000000000000000000 ) ) ;
#1903 = ORIENTED_EDGE ( 'NONE', *, *, #285, .T. ) ;
#1904 = DIRECTION ( 'NONE',  ( 1.000000000000000000, -0.0000000000000000000, -0.0000000000000000000 ) ) ;
#1905 = CARTESIAN_POINT ( 'NONE',  ( -74.04602967032580800, 1.753370603866835500, 55.49999999999997900 ) ) ;
#1906 = ORIENTED_EDGE ( 'NONE', *, *, #444, .F. ) ;
#1907 = EDGE_CURVE ( 'NONE', #1773, #3006, #370, .T. ) ;
#1908 = ORIENTED_EDGE ( 'NONE', *, *, #221, .T. ) ;
#1909 = ADVANCED_FACE ( 'NONE', ( #291 ), #2480, .T. ) ;
#1910 = DIRECTION ( 'NONE',  ( 1.000000000000000000, -0.0000000000000000000, -0.0000000000000000000 ) ) ;
#1911 = ORIENTED_EDGE ( 'NONE', *, *, #2929, .F. ) ;
#1912 = DIRECTION ( 'NONE',  ( 0.0000000000000000000, 1.156482317317871700E-015, 1.000000000000000000 ) ) ;
#1913 = CARTESIAN_POINT ( 'NONE',  ( -71.04602967032580800, 58.92745862896371300, -2.044456917266309500E-014 ) ) ;
#1914 = EDGE_LOOP ( 'NONE', ( #3578, #3270, #1271, #357 ) ) ;
#1915 = FACE_OUTER_BOUND ( 'NONE', #2556, .T. ) ;
#1916 = LINE ( 'NONE', #2433, #244 ) ;
#1917 = DIRECTION ( 'NONE',  ( 1.000000000000000000, -0.0000000000000000000, -0.0000000000000000000 ) ) ;
#1918 = EDGE_LOOP ( 'NONE', ( #1988, #2011, #2446, #3280 ) ) ;
#1919 = DIRECTION ( 'NONE',  ( 0.0000000000000000000, 0.0000000000000000000, 1.000000000000000000 ) ) ;
#1920 = VERTEX_POINT ( 'NONE', #2733 ) ;
#1921 = FACE_OUTER_BOUND ( 'NONE', #314, .T. ) ;
#1922 = DIRECTION ( 'NONE',  ( 1.000000000000000000, -0.0000000000000000000, -0.0000000000000000000 ) ) ;
#1923 = DIRECTION ( 'NONE',  ( 1.000000000000000000, -0.0000000000000000000, -0.0000000000000000000 ) ) ;
#1924 = CARTESIAN_POINT ( 'NONE',  ( -74.04602967032580800, 8.187484831890767400, 16.37345405624412800 ) ) ;
#1925 = CIRCLE ( 'NONE', #2662, 9.083333333333317900 ) ;
#1926 = FACE_OUTER_BOUND ( 'NONE', #1554, .T. ) ;
#1927 = EDGE_CURVE ( 'NONE', #3391, #815, #3267, .T. ) ;
#1928 = VECTOR ( 'NONE', #835, 1000.000000000000100 ) ;
#1929 = VERTEX_POINT ( 'NONE', #3298 ) ;
#1930 = VECTOR ( 'NONE', #2568, 1000.000000000000100 ) ;
#1931 = DIRECTION ( 'NONE',  ( 1.000000000000000000, -0.0000000000000000000, 0.0000000000000000000 ) ) ;
#1932 = EDGE_CURVE ( 'NONE', #3006, #2037, #2274, .T. ) ;
#1933 = CARTESIAN_POINT ( 'NONE',  ( -71.04602967032580800, 19.25337060386682400, 19.41666666666669600 ) ) ;
#1934 = ORIENTED_EDGE ( 'NONE', *, *, #1863, .F. ) ;
#1935 = VERTEX_POINT ( 'NONE', #3558 ) ;
#1936 = DIRECTION ( 'NONE',  ( 1.000000000000000000, -0.0000000000000000000, -0.0000000000000000000 ) ) ;
#1937 = LINE ( 'NONE', #2093, #470 ) ;
#1938 = AXIS2_PLACEMENT_3D ( 'NONE', #1764, #115, #614 ) ;
#1939 = EDGE_LOOP ( 'NONE', ( #1602, #2688, #3121, #1944 ) ) ;
#1940 = LINE ( 'NONE', #1357, #944 ) ;
#1942 = DIRECTION ( 'NONE',  ( 0.0000000000000000000, 0.0000000000000000000, -1.000000000000000000 ) ) ;
#1941 = VECTOR ( 'NONE', #545, 1000.000000000000000 ) ;
#1943 = EDGE_LOOP ( 'NONE', ( #1903, #2089, #1167, #2751, #2384, #2672 ) ) ;
#1944 = ORIENTED_EDGE ( 'NONE', *, *, #2179, .T. ) ;
#1945 = ORIENTED_EDGE ( 'NONE', *, *, #1536, .T. ) ;
#1946 = CARTESIAN_POINT ( 'NONE',  ( -74.04602967032580800, 58.92745862896372000, 23.50000000000000000 ) ) ;
#1947 = DIRECTION ( 'NONE',  ( 0.0000000000000000000, 0.0000000000000000000, -1.000000000000000000 ) ) ;
#1948 = DIRECTION ( 'NONE',  ( 1.000000000000000000, -0.0000000000000000000, -0.0000000000000000000 ) ) ;
#1949 = EDGE_CURVE ( 'NONE', #871, #1064, #1541, .T. ) ;
#1950 = EDGE_CURVE ( 'NONE', #3175, #94, #1358, .T. ) ;
#1951 = DIRECTION ( 'NONE',  ( 1.000000000000000000, -0.0000000000000000000, 0.0000000000000000000 ) ) ;
#1952 = DIRECTION ( 'NONE',  ( 1.000000000000000000, -0.0000000000000000000, -0.0000000000000000000 ) ) ;
#1953 = AXIS2_PLACEMENT_3D ( 'NONE', #1851, #447, #3215 ) ;
#1954 = ORIENTED_EDGE ( 'NONE', *, *, #2843, .T. ) ;
#1955 = EDGE_CURVE ( 'NONE', #228, #3426, #2920, .T. ) ;
#1956 = ORIENTED_EDGE ( 'NONE', *, *, #881, .F. ) ;
#1957 = ORIENTED_EDGE ( 'NONE', *, *, #2256, .F. ) ;
#1958 = CARTESIAN_POINT ( 'NONE',  ( -74.04602967032580800, 19.25337060386682400, 28.50000000000001400 ) ) ;
#1959 = CARTESIAN_POINT ( 'NONE',  ( -74.04602967032580800, 19.25337060386682400, 28.50000000000001400 ) ) ;
#1960 = DIRECTION ( 'NONE',  ( 1.000000000000000000, -0.0000000000000000000, 0.0000000000000000000 ) ) ;
#1961 = DIRECTION ( 'NONE',  ( 0.0000000000000000000, 0.0000000000000000000, -1.000000000000000000 ) ) ;
#1962 = VECTOR ( 'NONE', #1727, 999.9999999999998900 ) ;
#1963 = VERTEX_POINT ( 'NONE', #32 ) ;
#1964 = EDGE_LOOP ( 'NONE', ( #158, #1658, #1675, #1300 ) ) ;
#1965 = CARTESIAN_POINT ( 'NONE',  ( -74.04602967032580800, 25.12399530786742100, 35.43128487578045600 ) ) ;
#1966 = VECTOR ( 'NONE', #977, 1000.000000000000100 ) ;
#1967 = LINE ( 'NONE', #2906, #288 ) ;
#1968 = CARTESIAN_POINT ( 'NONE',  ( -74.04602967032580800, -23.95501194873044100, 5.000000000000000000 ) ) ;
#1969 = LINE ( 'NONE', #2029, #2226 ) ;
#1970 = CARTESIAN_POINT ( 'NONE',  ( -74.04602967032580800, 24.40701538782333900, 24.40701538782330700 ) ) ;
#1971 = CARTESIAN_POINT ( 'NONE',  ( -71.04602967032580800, 24.40701538782330700, 24.40701538782330700 ) ) ;
#1972 = FACE_OUTER_BOUND ( 'NONE', #3085, .T. ) ;
#1973 = EDGE_CURVE ( 'NONE', #2865, #1080, #461, .T. ) ;
#1974 = VERTEX_POINT ( 'NONE', #2503 ) ;
#1975 = CARTESIAN_POINT ( 'NONE',  ( -71.04602967032580800, -0.7466293961333467800, 50.04769554830322400 ) ) ;
#1976 = DIRECTION ( 'NONE',  ( 0.0000000000000000000, 0.0000000000000000000, -1.000000000000000000 ) ) ;
#1977 = EDGE_LOOP ( 'NONE', ( #3472, #854, #1416, #3245 ) ) ;
#1978 = LINE ( 'NONE', #3511, #3191 ) ;
#1979 = VERTEX_POINT ( 'NONE', #274 ) ;
#1980 = ADVANCED_FACE ( 'NONE', ( #208 ), #2315, .T. ) ;
#1981 = SURFACE_STYLE_FILL_AREA ( #324 ) ;
#1982 = FACE_OUTER_BOUND ( 'NONE', #3259, .T. ) ;
#1983 = EDGE_LOOP ( 'NONE', ( #2581, #534, #2239, #2421 ) ) ;
#1984 = ORIENTED_EDGE ( 'NONE', *, *, #775, .T. ) ;
#1985 = CARTESIAN_POINT ( 'NONE',  ( -74.04602967032580800, 30.31925637584288700, 16.37345405624412800 ) ) ;
#1986 = ORIENTED_EDGE ( 'NONE', *, *, #2616, .F. ) ;
#1987 = ORIENTED_EDGE ( 'NONE', *, *, #2407, .F. ) ;
#1988 = ORIENTED_EDGE ( 'NONE', *, *, #3430, .T. ) ;
#1989 = DIRECTION ( 'NONE',  ( 1.000000000000000000, -0.0000000000000000000, -0.0000000000000000000 ) ) ;
#1990 = ORIENTED_EDGE ( 'NONE', *, *, #1476, .F. ) ;
#1991 = CARTESIAN_POINT ( 'NONE',  ( -74.04602967032580800, 36.75337060386684100, 53.49999999999997900 ) ) ;
#1992 = CARTESIAN_POINT ( 'NONE',  ( -74.04602967032580800, 32.44159238712175900, 40.62756161147513000 ) ) ;
#1993 = PRODUCT_CONTEXT ( 'NONE', #3115, 'mechanical' ) ;
#1994 = AXIS2_PLACEMENT_3D ( 'NONE', #3469, #1564, #3198 ) ;
#1995 = ORIENTED_EDGE ( 'NONE', *, *, #1214, .F. ) ;
#1996 = EDGE_CURVE ( 'NONE', #3199, #2257, #3051, .T. ) ;
#1997 = ORIENTED_EDGE ( 'NONE', *, *, #1073, .F. ) ;
#1998 = ADVANCED_FACE ( 'NONE', ( #2608 ), #3338, .T. ) ;
#1999 = CARTESIAN_POINT ( 'NONE',  ( -71.04602967032580800, 61.92745862896372000, 40.49999999999999300 ) ) ;
#2000 = AXIS2_PLACEMENT_3D ( 'NONE', #2201, #2711, #3277 ) ;
#2001 = CARTESIAN_POINT ( 'NONE',  ( -71.04602967032580800, -5.153644783956427700, 5.153644783956384100 ) ) ;
#2002 = ORIENTED_EDGE ( 'NONE', *, *, #2416, .F. ) ;
#2003 = VECTOR ( 'NONE', #3378, 1000.000000000000000 ) ;
#2004 = DIRECTION ( 'NONE',  ( 1.000000000000000000, -0.0000000000000000000, -0.0000000000000000000 ) ) ;
#2005 = EDGE_CURVE ( 'NONE', #1195, #307, #1890, .T. ) ;
#2006 = CARTESIAN_POINT ( 'NONE',  ( -71.04602967032580800, -27.07254137103635800, 23.49999999999999600 ) ) ;
#2007 = ORIENTED_EDGE ( 'NONE', *, *, #1578, .F. ) ;
#2008 = AXIS2_PLACEMENT_3D ( 'NONE', #1648, #2724, #4 ) ;
#2009 = DIRECTION ( 'NONE',  ( 1.000000000000000000, -0.0000000000000000000, -0.0000000000000000000 ) ) ;
#2010 = ORIENTED_EDGE ( 'NONE', *, *, #2113, .F. ) ;
#2011 = ORIENTED_EDGE ( 'NONE', *, *, #954, .F. ) ;
#2012 = LINE ( 'NONE', #2584, #2394 ) ;
#2013 = DIRECTION ( 'NONE',  ( 0.0000000000000000000, 0.0000000000000000000, -1.000000000000000000 ) ) ;
#2014 = DIRECTION ( 'NONE',  ( 1.000000000000000000, -0.0000000000000000000, 0.0000000000000000000 ) ) ;
#2015 = VECTOR ( 'NONE', #165, 1000.000000000000100 ) ;
#2016 = VECTOR ( 'NONE', #88, 1000.000000000000000 ) ;
#2017 = VECTOR ( 'NONE', #3534, 1000.000000000000000 ) ;
#2018 = ADVANCED_FACE ( 'NONE', ( #1060 ), #3398, .F. ) ;
#2019 = ORIENTED_EDGE ( 'NONE', *, *, #34, .F. ) ;
#2020 = EDGE_CURVE ( 'NONE', #623, #483, #2523, .T. ) ;
#2021 = DIRECTION ( 'NONE',  ( 0.0000000000000000000, 0.0000000000000000000, -1.000000000000000000 ) ) ;
#2022 = APPLICATION_PROTOCOL_DEFINITION ( 'draft international standard', 'automotive_design', 1998, #1457 ) ;
#2023 = LINE ( 'NONE', #2001, #1930 ) ;
#2024 = EDGE_LOOP ( 'NONE', ( #3283, #1693, #1226, #661 ) ) ;
#2025 = CARTESIAN_POINT ( 'NONE',  ( -74.04602967032580800, 37.09969762900340800, 45.28566685335677300 ) ) ;
#2026 = AXIS2_PLACEMENT_3D ( 'NONE', #2897, #3441, #2312 ) ;
#2027 = ORIENTED_EDGE ( 'NONE', *, *, #2990, .T. ) ;
#2029 = CARTESIAN_POINT ( 'NONE',  ( -74.04602967032580800, 36.03903745722358600, 10.65367297486344400 ) ) ;
#2028 = CYLINDRICAL_SURFACE ( 'NONE', #2820, 2.499999999999998700 ) ;
#2030 = DIRECTION ( 'NONE',  ( 0.0000000000000000000, 1.000000000000000000, 0.0000000000000000000 ) ) ;
#2031 = EDGE_CURVE ( 'NONE', #2974, #3356, #543, .T. ) ;
#2032 = FACE_OUTER_BOUND ( 'NONE', #518, .T. ) ;
#2033 = ADVANCED_FACE ( 'NONE', ( #248 ), #874, .F. ) ;
#2034 = ORIENTED_EDGE ( 'NONE', *, *, #706, .T. ) ;
#2035 = DIRECTION ( 'NONE',  ( 1.000000000000000000, -0.0000000000000000000, -0.0000000000000000000 ) ) ;
#2036 = VERTEX_POINT ( 'NONE', #1145 ) ;
#2037 = VERTEX_POINT ( 'NONE', #2813 ) ;
#2038 = DIRECTION ( 'NONE',  ( 0.0000000000000000000, -1.156482317317871300E-015, -1.000000000000000000 ) ) ;
#2039 = ADVANCED_FACE ( 'NONE', ( #460 ), #1231, .T. ) ;
#2040 = CARTESIAN_POINT ( 'NONE',  ( -74.04602967032580800, -27.07254137103635800, 23.49999999999999600 ) ) ;
#2041 = ORIENTED_EDGE ( 'NONE', *, *, #1092, .F. ) ;
#2042 = PLANE ( 'NONE',  #493 ) ;
#2043 = VERTEX_POINT ( 'NONE', #1975 ) ;
#2044 = VERTEX_POINT ( 'NONE', #2214 ) ;
#2045 = CYLINDRICAL_SURFACE ( 'NONE', #2671, 24.50000000000000000 ) ;
#2046 = EDGE_CURVE ( 'NONE', #2376, #666, #978, .T. ) ;
#2047 = DIRECTION ( 'NONE',  ( 0.0000000000000000000, -0.7071067811865483500, 0.7071067811865468000 ) ) ;
#2048 = CARTESIAN_POINT ( 'NONE',  ( -74.04602967032580800, 19.25337060386682400, 28.50000000000001400 ) ) ;
#2049 = VECTOR ( 'NONE', #95, 1000.000000000000000 ) ;
#2050 = AXIS2_PLACEMENT_3D ( 'NONE', #980, #2255, #1775 ) ;
#2051 = DIRECTION ( 'NONE',  ( 1.000000000000000000, -0.0000000000000000000, 0.0000000000000000000 ) ) ;
#2052 = VERTEX_POINT ( 'NONE', #301 ) ;
#2053 = EDGE_CURVE ( 'NONE', #882, #3563, #2354, .T. ) ;
#2054 = VERTEX_POINT ( 'NONE', #2532 ) ;
#2055 = LINE ( 'NONE', #690, #1309 ) ;
#2056 = LINE ( 'NONE', #905, #2143 ) ;
#2057 = VECTOR ( 'NONE', #3400, 1000.000000000000000 ) ;
#2058 = DIRECTION ( 'NONE',  ( 0.0000000000000000000, 0.7071067811865484600, 0.7071067811865465700 ) ) ;
#2059 = DIRECTION ( 'NONE',  ( 0.0000000000000000000, -0.7071067811865444600, -0.7071067811865505700 ) ) ;
#2060 = DIRECTION ( 'NONE',  ( 0.0000000000000000000, 0.7071067811865484600, 0.7071067811865465700 ) ) ;
#2061 = LINE ( 'NONE', #1725, #3144 ) ;
#2062 = ORIENTED_EDGE ( 'NONE', *, *, #1628, .T. ) ;
#2063 = ADVANCED_FACE ( 'NONE', ( #3344 ), #1355, .T. ) ;
#2064 = VERTEX_POINT ( 'NONE', #1124 ) ;
#2065 = EDGE_CURVE ( 'NONE', #2939, #2719, #31, .T. ) ;
#2066 = DIRECTION ( 'NONE',  ( 1.000000000000000000, -0.0000000000000000000, 0.0000000000000000000 ) ) ;
#2067 = CIRCLE ( 'NONE', #1953, 1.547695548303154500 ) ;
#2068 = CARTESIAN_POINT ( 'NONE',  ( -71.04602967032580800, 6.065148820611866200, 40.62756161147511600 ) ) ;
#2069 = ORIENTED_EDGE ( 'NONE', *, *, #1955, .T. ) ;
#2070 = COLOUR_RGB ( '',0.7921568627450980000, 0.8196078431372548800, 0.9333333333333333500 ) ;
#2071 = CIRCLE ( 'NONE', #634, 10.58333333333333400 ) ;
#2072 = AXIS2_PLACEMENT_3D ( 'NONE', #810, #1099, #1667 ) ;
#2073 = ORIENTED_EDGE ( 'NONE', *, *, #630, .T. ) ;
#2074 = AXIS2_PLACEMENT_3D ( 'NONE', #3145, #1597, #821 ) ;
#2075 = CARTESIAN_POINT ( 'NONE',  ( -74.04602967032580800, 0.0000000000000000000, 0.0000000000000000000 ) ) ;
#2076 = VERTEX_POINT ( 'NONE', #884 ) ;
#2077 = DIRECTION ( 'NONE',  ( 1.000000000000000000, -0.0000000000000000000, -0.0000000000000000000 ) ) ;
#2078 = VERTEX_POINT ( 'NONE', #318 ) ;
#2079 = EDGE_CURVE ( 'NONE', #3213, #2044, #2100, .T. ) ;
#2080 = AXIS2_PLACEMENT_3D ( 'NONE', #823, #1094, #3011 ) ;
#2081 = VERTEX_POINT ( 'NONE', #560 ) ;
#2082 = CARTESIAN_POINT ( 'NONE',  ( -74.04602967032580800, 18.09735849435273600, 26.28332771870609400 ) ) ;
#2083 = CARTESIAN_POINT ( 'NONE',  ( -74.04602967032580800, -0.7466293961333470000, 48.50000000000007100 ) ) ;
#2084 = EDGE_LOOP ( 'NONE', ( #216, #1248, #3463, #1770 ) ) ;
#2085 = DIRECTION ( 'NONE',  ( 0.0000000000000000000, -0.7071067811865505700, 0.7071067811865444600 ) ) ;
#2086 = CARTESIAN_POINT ( 'NONE',  ( -71.04602967032580800, 61.80992920665785600, 5.000000000000000000 ) ) ;
#2087 = VERTEX_POINT ( 'NONE', #2800 ) ;
#2088 = CIRCLE ( 'NONE', #3560, 3.000000000000002700 ) ;
#2089 = ORIENTED_EDGE ( 'NONE', *, *, #1702, .T. ) ;
#2090 = DIRECTION ( 'NONE',  ( 0.0000000000000000000, 1.000000000000000000, 0.0000000000000000000 ) ) ;
#2091 = EDGE_CURVE ( 'NONE', #939, #689, #628, .T. ) ;
#2092 = ORIENTED_EDGE ( 'NONE', *, *, #2189, .F. ) ;
#2093 = CARTESIAN_POINT ( 'NONE',  ( -71.04602967032580800, 0.0000000000000000000, 0.0000000000000000000 ) ) ;
#2094 = DIRECTION ( 'NONE',  ( 1.000000000000000000, -0.0000000000000000000, 0.0000000000000000000 ) ) ;
#2095 = AXIS2_PLACEMENT_3D ( 'NONE', #179, #2359, #3212 ) ;
#2096 = DIRECTION ( 'NONE',  ( -0.0000000000000000000, 3.469446951953616200E-016, 1.000000000000000000 ) ) ;
#2097 = ORIENTED_EDGE ( 'NONE', *, *, #955, .T. ) ;
#2098 = CYLINDRICAL_SURFACE ( 'NONE', #3210, 2.000000000000002700 ) ;
#2099 = ADVANCED_FACE ( 'NONE', ( #2273 ), #2691, .F. ) ;
#2100 = CIRCLE ( 'NONE', #1507, 3.000000000000002700 ) ;
#2101 = CARTESIAN_POINT ( 'NONE',  ( -74.04602967032580800, 18.09735849435271900, 30.71667228129392800 ) ) ;
#2102 = VECTOR ( 'NONE', #1923, 1000.000000000000000 ) ;
#2103 = ORIENTED_EDGE ( 'NONE', *, *, #1949, .T. ) ;
#2104 = FACE_BOUND ( 'NONE', #1816, .T. ) ;
#2105 = CARTESIAN_POINT ( 'NONE',  ( -74.04602967032580800, 25.12399530786740000, 21.56871512421962200 ) ) ;
#2106 = DIRECTION ( 'NONE',  ( 1.000000000000000000, -0.0000000000000000000, -0.0000000000000000000 ) ) ;
#2107 = SURFACE_SIDE_STYLE ('',( #1398 ) ) ;
#2108 = CARTESIAN_POINT ( 'NONE',  ( -71.04602967032580800, 65.77688079219176100, 57.99999999999999300 ) ) ;
#2109 = ORIENTED_EDGE ( 'NONE', *, *, #394, .F. ) ;
#2110 = VECTOR ( 'NONE', #122, 1000.000000000000000 ) ;
#2111 = CARTESIAN_POINT ( 'NONE',  ( -74.04602967032580800, 31.37991654762272000, 39.56588577197607000 ) ) ;
#2112 = ORIENTED_EDGE ( 'NONE', *, *, #1762, .F. ) ;
#2113 = EDGE_CURVE ( 'NONE', #1533, #3175, #1185, .T. ) ;
#2114 = LINE ( 'NONE', #505, #765 ) ;
#2115 = CARTESIAN_POINT ( 'NONE',  ( -74.04602967032580800, -26.37519891327379200, 50.10000000000002300 ) ) ;
#2116 = CYLINDRICAL_SURFACE ( 'NONE', #2995, 1.000000000000000900 ) ;
#2117 = VERTEX_POINT ( 'NONE', #3108 ) ;
#2118 = DIRECTION ( 'NONE',  ( 0.0000000000000000000, 0.0000000000000000000, -1.000000000000000000 ) ) ;
#2119 = ORIENTED_EDGE ( 'NONE', *, *, #1845, .T. ) ;
#2120 = AXIS2_PLACEMENT_3D ( 'NONE', #1411, #2519, #2225 ) ;
#2121 = DIRECTION ( 'NONE',  ( 0.0000000000000000000, 0.0000000000000000000, 1.000000000000000000 ) ) ;
#2122 = ORIENTED_EDGE ( 'NONE', *, *, #2918, .T. ) ;
#2123 = DIRECTION ( 'NONE',  ( 0.0000000000000000000, -2.312964634635740700E-015, 1.000000000000000000 ) ) ;
#2124 = DIRECTION ( 'NONE',  ( 0.0000000000000000000, -3.854941057726234200E-016, -1.000000000000000000 ) ) ;
#2125 = DIRECTION ( 'NONE',  ( 1.000000000000000000, -0.0000000000000000000, -0.0000000000000000000 ) ) ;
#2126 = EDGE_CURVE ( 'NONE', #815, #1326, #755, .T. ) ;
#2127 = PLANE ( 'NONE',  #583 ) ;
#2128 = CARTESIAN_POINT ( 'NONE',  ( -74.04602967032580800, -5.153644783956397500, 5.153644783956351300 ) ) ;
#2129 = VERTEX_POINT ( 'NONE', #3149 ) ;
#2130 = PLANE ( 'NONE',  #1444 ) ;
#2131 = ORIENTED_EDGE ( 'NONE', *, *, #3508, .T. ) ;
#2132 = CARTESIAN_POINT ( 'NONE',  ( -74.04602967032580800, 19.25337060386682400, 28.50000000000001400 ) ) ;
#2133 = VECTOR ( 'NONE', #3556, 1000.000000000000000 ) ;
#2134 = DIRECTION ( 'NONE',  ( 1.000000000000000000, 0.0000000000000000000, 0.0000000000000000000 ) ) ;
#2135 = EDGE_CURVE ( 'NONE', #2974, #2287, #1401, .T. ) ;
#2136 = CIRCLE ( 'NONE', #2008, 2.000000000000001800 ) ;
#2137 = ORIENTED_EDGE ( 'NONE', *, *, #1020, .T. ) ;
#2138 = AXIS2_PLACEMENT_3D ( 'NONE', #2132, #481, #508 ) ;
#2139 = AXIS2_PLACEMENT_3D ( 'NONE', #1571, #1367, #2399 ) ;
#2140 = ORIENTED_EDGE ( 'NONE', *, *, #1824, .T. ) ;
#2141 = DIRECTION ( 'NONE',  ( 0.0000000000000000000, 0.0000000000000000000, -1.000000000000000000 ) ) ;
#2142 = VECTOR ( 'NONE', #2371, 1000.000000000000000 ) ;
#2143 = VECTOR ( 'NONE', #645, 1000.000000000000100 ) ;
#2144 = EDGE_CURVE ( 'NONE', #2285, #129, #1969, .T. ) ;
#2145 = DIRECTION ( 'NONE',  ( 0.0000000000000000000, 0.0000000000000000000, -1.000000000000000000 ) ) ;
#2146 = CARTESIAN_POINT ( 'NONE',  ( -74.04602967032580800, -27.92196353426440300, 57.99999999999999300 ) ) ;
#2147 = PLANE ( 'NONE',  #1771 ) ;
#2148 = VECTOR ( 'NONE', #3423, 1000.000000000000100 ) ;
#2149 = FACE_BOUND ( 'NONE', #2493, .T. ) ;
#2150 = ORIENTED_EDGE ( 'NONE', *, *, #490, .T. ) ;
#2151 = CARTESIAN_POINT ( 'NONE',  ( -74.04602967032580800, 1.753370603866835500, 55.49999999999997900 ) ) ;
#2152 = ORIENTED_EDGE ( 'NONE', *, *, #3124, .T. ) ;
#2153 = LINE ( 'NONE', #2680, #2444 ) ;
#2154 = DIRECTION ( 'NONE',  ( 1.000000000000000000, -0.0000000000000000000, -0.0000000000000000000 ) ) ;
#2155 = DIRECTION ( 'NONE',  ( 1.000000000000000000, -0.0000000000000000000, 0.0000000000000000000 ) ) ;
#2156 = CARTESIAN_POINT ( 'NONE',  ( -71.04602967032580800, 58.92745862896372000, 37.49999999999999300 ) ) ;
#2157 = DIRECTION ( 'NONE',  ( 0.0000000000000000000, -0.7071067811865474600, -0.7071067811865474600 ) ) ;
#2158 = ORIENTED_EDGE ( 'NONE', *, *, #3388, .F. ) ;
#2159 = CARTESIAN_POINT ( 'NONE',  ( -74.04602967032580800, 10.25337060386683600, 53.49999999999997900 ) ) ;
#2160 = VECTOR ( 'NONE', #2423, 1000.000000000000000 ) ;
#2161 = ORIENTED_EDGE ( 'NONE', *, *, #2999, .F. ) ;
#2162 = DIRECTION ( 'NONE',  ( 0.0000000000000000000, 1.000000000000000000, 0.0000000000000000000 ) ) ;
#2163 = ORIENTED_EDGE ( 'NONE', *, *, #327, .T. ) ;
#2164 = ORIENTED_EDGE ( 'NONE', *, *, #697, .F. ) ;
#2165 = EDGE_CURVE ( 'NONE', #307, #2412, #887, .T. ) ;
#2166 = ORIENTED_EDGE ( 'NONE', *, *, #636, .F. ) ;
#2167 = DIRECTION ( 'NONE',  ( 0.0000000000000000000, -0.7071067811865458000, 0.7071067811865492400 ) ) ;
#2168 = DIRECTION ( 'NONE',  ( 0.0000000000000000000, -0.7071067811865459100, 0.7071067811865491300 ) ) ;
#2169 = CARTESIAN_POINT ( 'NONE',  ( -74.04602967032580800, 19.25337060386682400, 28.50000000000001400 ) ) ;
#2170 = DIRECTION ( 'NONE',  ( 0.0000000000000000000, 0.0000000000000000000, 1.000000000000000000 ) ) ;
#2171 = VERTEX_POINT ( 'NONE', #1772 ) ;
#2172 = VERTEX_POINT ( 'NONE', #2835 ) ;
#2173 = DIRECTION ( 'NONE',  ( -0.0000000000000000000, 1.000000000000000000, 3.469446951953619100E-016 ) ) ;
#2174 = FACE_OUTER_BOUND ( 'NONE', #548, .T. ) ;
#2175 = CARTESIAN_POINT ( 'NONE',  ( -71.04602967032580800, 19.25337060386682400, 4.000000000000014200 ) ) ;
#2176 = CARTESIAN_POINT ( 'NONE',  ( -74.04602967032580800, 19.25337060386682400, 28.50000000000001400 ) ) ;
#2177 = DIRECTION ( 'NONE',  ( 0.0000000000000000000, 0.0000000000000000000, -1.000000000000000000 ) ) ;
#2178 = LINE ( 'NONE', #3078, #2470 ) ;
#2179 = EDGE_CURVE ( 'NONE', #2232, #1326, #3180, .T. ) ;
#2180 = ORIENTED_EDGE ( 'NONE', *, *, #3185, .F. ) ;
#2181 = EDGE_CURVE ( 'NONE', #3231, #3234, #417, .T. ) ;
#2182 = EDGE_LOOP ( 'NONE', ( #1200, #2455, #2140, #2728 ) ) ;
#2183 = VECTOR ( 'NONE', #956, 1000.000000000000000 ) ;
#2184 = ORIENTED_EDGE ( 'NONE', *, *, #3312, .F. ) ;
#2185 = CARTESIAN_POINT ( 'NONE',  ( -70.04602967032580800, 64.92745862896372000, 40.49999999999999300 ) ) ;
#2186 = AXIS2_PLACEMENT_3D ( 'NONE', #22, #1951, #2220 ) ;
#2187 = FACE_BOUND ( 'NONE', #1581, .T. ) ;
#2188 = DIRECTION ( 'NONE',  ( 0.0000000000000000000, 0.0000000000000000000, -1.000000000000000000 ) ) ;
#2189 = EDGE_CURVE ( 'NONE', #687, #3483, #2873, .T. ) ;
#2190 = CYLINDRICAL_SURFACE ( 'NONE', #3292, 2.000000000000002700 ) ;
#2191 = CARTESIAN_POINT ( 'NONE',  ( -74.04602967032580800, -24.07254137103626900, 23.49999999999999300 ) ) ;
#2192 = EDGE_LOOP ( 'NONE', ( #1568, #302, #759, #602 ) ) ;
#2193 = AXIS2_PLACEMENT_3D ( 'NONE', #1150, #1714, #68 ) ;
#2194 = LINE ( 'NONE', #740, #1281 ) ;
#2195 = EDGE_LOOP ( 'NONE', ( #201, #50, #769, #1739 ) ) ;
#2196 = CIRCLE ( 'NONE', #3203, 24.50000000000000000 ) ;
#2197 = CARTESIAN_POINT ( 'NONE',  ( -74.04602967032580800, 19.25337060386682400, 28.50000000000001400 ) ) ;
#2198 = VECTOR ( 'NONE', #1616, 1000.000000000000100 ) ;
#2199 = ORIENTED_EDGE ( 'NONE', *, *, #881, .T. ) ;
#2200 = DIRECTION ( 'NONE',  ( 1.000000000000000000, -0.0000000000000000000, -0.0000000000000000000 ) ) ;
#2201 = CARTESIAN_POINT ( 'NONE',  ( -70.04602967032580800, 61.92745862896372700, 37.49999999999999300 ) ) ;
#2202 = ORIENTED_EDGE ( 'NONE', *, *, #3444, .T. ) ;
#2203 = ORIENTED_EDGE ( 'NONE', *, *, #2806, .T. ) ;
#2204 = AXIS2_PLACEMENT_3D ( 'NONE', #619, #2533, #1976 ) ;
#2205 = DIRECTION ( 'NONE',  ( 0.0000000000000000000, 0.0000000000000000000, 1.000000000000000000 ) ) ;
#2206 = EDGE_CURVE ( 'NONE', #3129, #3075, #1445, .T. ) ;
#2207 = CARTESIAN_POINT ( 'NONE',  ( -71.04602967032580800, 61.92745862896372000, 23.50000000000000000 ) ) ;
#2208 = CARTESIAN_POINT ( 'NONE',  ( -70.04602967032580800, 61.92745862896372000, 23.50000000000000000 ) ) ;
#2209 = DIRECTION ( 'NONE',  ( 0.0000000000000000000, 0.0000000000000000000, 1.000000000000000000 ) ) ;
#2210 = DIRECTION ( 'NONE',  ( 0.0000000000000000000, 0.0000000000000000000, -1.000000000000000000 ) ) ;
#2211 = VERTEX_POINT ( 'NONE', #1495 ) ;
#2212 = ORIENTED_EDGE ( 'NONE', *, *, #480, .T. ) ;
#2213 = VECTOR ( 'NONE', #3263, 1000.000000000000000 ) ;
#2214 = CARTESIAN_POINT ( 'NONE',  ( -71.04602967032580800, -21.07254137103627700, 37.50000000000000700 ) ) ;
#2215 = FACE_OUTER_BOUND ( 'NONE', #2901, .T. ) ;
#2216 = CARTESIAN_POINT ( 'NONE',  ( -74.04602967032580800, 23.34635521604353100, 23.34635521604351300 ) ) ;
#2217 = VERTEX_POINT ( 'NONE', #346 ) ;
#2218 = CARTESIAN_POINT ( 'NONE',  ( -74.04602967032580800, 37.09969762900337300, 11.71433314664321800 ) ) ;
#2219 = VERTEX_POINT ( 'NONE', #1722 ) ;
#2220 = DIRECTION ( 'NONE',  ( 0.0000000000000000000, 0.0000000000000000000, -1.000000000000000000 ) ) ;
#2221 = LINE ( 'NONE', #1531, #3299 ) ;
#2222 = LINE ( 'NONE', #1298, #1583 ) ;
#2223 = DIRECTION ( 'NONE',  ( -1.000000000000000000, 0.0000000000000000000, 0.0000000000000000000 ) ) ;
#2224 = EDGE_CURVE ( 'NONE', #950, #2505, #713, .T. ) ;
#2225 = DIRECTION ( 'NONE',  ( 0.0000000000000000000, 0.0000000000000000000, -1.000000000000000000 ) ) ;
#2226 = VECTOR ( 'NONE', #2327, 1000.000000000000000 ) ;
#2227 = PLANE ( 'NONE',  #752 ) ;
#2228 = AXIS2_PLACEMENT_3D ( 'NONE', #2293, #2047, #3158 ) ;
#2229 = FACE_BOUND ( 'NONE', #808, .T. ) ;
#2230 = EDGE_LOOP ( 'NONE', ( #3159, #1901, #2863, #3538 ) ) ;
#2231 = EDGE_CURVE ( 'NONE', #1461, #3213, #1887, .T. ) ;
#2232 = VERTEX_POINT ( 'NONE', #3134 ) ;
#2233 = DIRECTION ( 'NONE',  ( 0.0000000000000000000, -0.7071067811865474600, 0.7071067811865474600 ) ) ;
#2234 = LINE ( 'NONE', #134, #2834 ) ;
#2235 = VERTEX_POINT ( 'NONE', #1735 ) ;
#2236 = CYLINDRICAL_SURFACE ( 'NONE', #900, 2.999999999999999100 ) ;
#2238 = DIRECTION ( 'NONE',  ( 0.0000000000000000000, -3.469446951953605800E-016, -1.000000000000000000 ) ) ;
#2237 = FACE_BOUND ( 'NONE', #2792, .T. ) ;
#2239 = ORIENTED_EDGE ( 'NONE', *, *, #2780, .F. ) ;
#2240 = ORIENTED_EDGE ( 'NONE', *, *, #1502, .T. ) ;
#2241 = PLANE ( 'NONE',  #458 ) ;
#2242 = ORIENTED_EDGE ( 'NONE', *, *, #836, .F. ) ;
#2243 = DIRECTION ( 'NONE',  ( 1.000000000000000000, -0.0000000000000000000, -0.0000000000000000000 ) ) ;
#2244 = VERTEX_POINT ( 'NONE', #1999 ) ;
#2245 = DIRECTION ( 'NONE',  ( 0.0000000000000000000, 0.7071067811865480200, 0.7071067811865470200 ) ) ;
#2246 = EDGE_CURVE ( 'NONE', #3526, #47, #1488, .T. ) ;
#2247 = EDGE_CURVE ( 'NONE', #3199, #2054, #1535, .T. ) ;
#2248 = PLANE ( 'NONE',  #2368 ) ;
#2249 = ADVANCED_FACE ( 'NONE', ( #1626 ), #1313, .T. ) ;
#2250 = CARTESIAN_POINT ( 'NONE',  ( -70.04602967032580800, -27.07254137103635500, 40.50000000000005000 ) ) ;
#2251 = CARTESIAN_POINT ( 'NONE',  ( -71.04602967032580800, 67.23011617120124600, 57.99999999999999300 ) ) ;
#2252 = AXIS2_PLACEMENT_3D ( 'NONE', #6, #1663, #2755 ) ;
#2253 = DIRECTION ( 'NONE',  ( 0.0000000000000000000, 0.0000000000000000000, -1.000000000000000000 ) ) ;
#2254 = ORIENTED_EDGE ( 'NONE', *, *, #33, .T. ) ;
#2255 = DIRECTION ( 'NONE',  ( -1.000000000000000000, 0.0000000000000000000, 0.0000000000000000000 ) ) ;
#2256 = EDGE_CURVE ( 'NONE', #996, #2887, #3265, .T. ) ;
#2257 = VERTEX_POINT ( 'NONE', #3491 ) ;
#2258 = ORIENTED_EDGE ( 'NONE', *, *, #2316, .T. ) ;
#2259 = DIRECTION ( 'NONE',  ( 0.0000000000000000000, 0.0000000000000000000, -1.000000000000000000 ) ) ;
#2260 = AXIS2_PLACEMENT_3D ( 'NONE', #3269, #1069, #212 ) ;
#2261 = CARTESIAN_POINT ( 'NONE',  ( -71.04602967032580800, 19.25337060386682400, 28.50000000000001400 ) ) ;
#2262 = VECTOR ( 'NONE', #1267, 1000.000000000000000 ) ;
#2263 = DIRECTION ( 'NONE',  ( 0.0000000000000000000, 0.0000000000000000000, -1.000000000000000000 ) ) ;
#2264 = CYLINDRICAL_SURFACE ( 'NONE', #2932, 1.547695548303154500 ) ;
#2265 = DIRECTION ( 'NONE',  ( 1.000000000000000000, -0.0000000000000000000, -0.0000000000000000000 ) ) ;
#2266 = ORIENTED_EDGE ( 'NONE', *, *, #2540, .T. ) ;
#2267 = ORIENTED_EDGE ( 'NONE', *, *, #1085, .T. ) ;
#2268 = VECTOR ( 'NONE', #1828, 1000.000000000000000 ) ;
#2269 = ADVANCED_FACE ( 'NONE', ( #499 ), #584, .F. ) ;
#2270 = ORIENTED_EDGE ( 'NONE', *, *, #3068, .F. ) ;
#2271 = CARTESIAN_POINT ( 'NONE',  ( -71.04602967032580800, -5.153644783956434800, 5.153644783956396600 ) ) ;
#2272 = DIRECTION ( 'NONE',  ( 0.0000000000000000000, 0.0000000000000000000, -1.000000000000000000 ) ) ;
#2273 = FACE_OUTER_BOUND ( 'NONE', #1334, .T. ) ;
#2274 = LINE ( 'NONE', #2448, #2102 ) ;
#2275 = ORIENTED_EDGE ( 'NONE', *, *, #3037, .F. ) ;
#2276 = CARTESIAN_POINT ( 'NONE',  ( -74.04602967032580800, -21.07254137103627700, 40.49999999999996400 ) ) ;
#2277 = DIRECTION ( 'NONE',  ( 0.0000000000000000000, 3.469446951953605800E-016, 1.000000000000000000 ) ) ;
#2278 = EDGE_CURVE ( 'NONE', #557, #3047, #2561, .T. ) ;
#2279 = CYLINDRICAL_SURFACE ( 'NONE', #2639, 16.41666666666667500 ) ;
#2280 = DIRECTION ( 'NONE',  ( 0.0000000000000000000, -0.7071067811865443500, -0.7071067811865506800 ) ) ;
#2281 = AXIS2_PLACEMENT_3D ( 'NONE', #3184, #2900, #435 ) ;
#2282 = ORIENTED_EDGE ( 'NONE', *, *, #1996, .T. ) ;
#2283 = VECTOR ( 'NONE', #1858, 1000.000000000000000 ) ;
#2284 = LINE ( 'NONE', #343, #1243 ) ;
#2285 = VERTEX_POINT ( 'NONE', #1256 ) ;
#2286 = ADVANCED_FACE ( 'NONE', ( #1926 ), #1713, .F. ) ;
#2287 = VERTEX_POINT ( 'NONE', #3181 ) ;
#2288 = DIRECTION ( 'NONE',  ( 0.0000000000000000000, 0.0000000000000000000, -1.000000000000000000 ) ) ;
#2289 = ORIENTED_EDGE ( 'NONE', *, *, #130, .T. ) ;
#2290 = CARTESIAN_POINT ( 'NONE',  ( -74.04602967032580800, -21.07254137103627700, 37.50000000000000700 ) ) ;
#2291 = ORIENTED_EDGE ( 'NONE', *, *, #1129, .T. ) ;
#2292 = EDGE_CURVE ( 'NONE', #2828, #621, #166, .T. ) ;
#2293 = CARTESIAN_POINT ( 'NONE',  ( -74.04602967032580800, -4.092984612176671500, 4.092984612176662700 ) ) ;
#2294 = ADVANCED_FACE ( 'NONE', ( #671 ), #325, .F. ) ;
#2295 = CARTESIAN_POINT ( 'NONE',  ( -71.04602967032580800, -29.37519891327388100, 59.00000000000000000 ) ) ;
#2296 = AXIS2_PLACEMENT_3D ( 'NONE', #3094, #1952, #1942 ) ;
#2297 = CARTESIAN_POINT ( 'NONE',  ( -74.04602967032580800, -4.092984612176678600, 4.092984612176678600 ) ) ;
#2298 = ORIENTED_EDGE ( 'NONE', *, *, #1834, .T. ) ;
#2299 = VERTEX_POINT ( 'NONE', #430 ) ;
#2300 = VECTOR ( 'NONE', #777, 1000.000000000000000 ) ;
#2301 = EDGE_CURVE ( 'NONE', #2488, #625, #2736, .T. ) ;
#2302 = ADVANCED_FACE ( 'NONE', ( #539 ), #403, .T. ) ;
#2303 = DIRECTION ( 'NONE',  ( 0.0000000000000000000, 0.0000000000000000000, -1.000000000000000000 ) ) ;
#2304 = CIRCLE ( 'NONE', #3496, 52.92058191901593000 ) ;
#2305 = AXIS2_PLACEMENT_3D ( 'NONE', #818, #2752, #2762 ) ;
#2306 = DIRECTION ( 'NONE',  ( 0.0000000000000000000, 0.0000000000000000000, -1.000000000000000000 ) ) ;
#2307 = VERTEX_POINT ( 'NONE', #960 ) ;
#2308 = DIRECTION ( 'NONE',  ( 1.000000000000000000, -0.0000000000000000000, -0.0000000000000000000 ) ) ;
#2309 = VECTOR ( 'NONE', #3456, 1000.000000000000000 ) ;
#2310 = ORIENTED_EDGE ( 'NONE', *, *, #1726, .T. ) ;
#2311 = CARTESIAN_POINT ( 'NONE',  ( -71.04602967032580800, -24.07254137103635500, 37.50000000000000700 ) ) ;
#2312 = DIRECTION ( 'NONE',  ( 0.0000000000000000000, -3.469446951953616200E-016, -1.000000000000000000 ) ) ;
#2313 = CIRCLE ( 'NONE', #3390, 17.91666666666667100 ) ;
#2314 = VECTOR ( 'NONE', #1817, 1000.000000000000100 ) ;
#2315 = CYLINDRICAL_SURFACE ( 'NONE', #3488, 10.58333333333333400 ) ;
#2316 = EDGE_CURVE ( 'NONE', #2412, #1552, #2782, .T. ) ;
#2317 = EDGE_CURVE ( 'NONE', #479, #151, #3531, .T. ) ;
#2318 = PLANE ( 'NONE',  #1261 ) ;
#2319 = FACE_OUTER_BOUND ( 'NONE', #3026, .T. ) ;
#2320 = ORIENTED_EDGE ( 'NONE', *, *, #44, .F. ) ;
#2321 = CARTESIAN_POINT ( 'NONE',  ( -74.04602967032580800, 26.18777241016315200, 20.50493802192388100 ) ) ;
#2322 = CARTESIAN_POINT ( 'NONE',  ( -71.04602967032580800, 24.40701538782340000, 24.40701538782326100 ) ) ;
#2323 = AXIS2_PLACEMENT_3D ( 'NONE', #2643, #1305, #847 ) ;
#2324 = ORIENTED_EDGE ( 'NONE', *, *, #1690, .F. ) ;
#2325 = ADVANCED_FACE ( 'NONE', ( #2648, #3445, #2917, #2521, #1059, #2187, #3570, #2824, #2434, #976, #2229, #2149, #1192, #2964, #329, #2397, #844, #1369, #2748, #1859, #1033, #2237, #1678 ), #972, .T. ) ;
#2327 = DIRECTION ( 'NONE',  ( 1.000000000000000000, -0.0000000000000000000, -0.0000000000000000000 ) ) ;
#2326 = FACE_OUTER_BOUND ( 'NONE', #2879, .T. ) ;
#2328 = EDGE_CURVE ( 'NONE', #3517, #780, #3505, .T. ) ;
#2329 = ORIENTED_EDGE ( 'NONE', *, *, #651, .F. ) ;
#2330 = CIRCLE ( 'NONE', #2072, 17.91666666666667100 ) ;
#2331 = EDGE_LOOP ( 'NONE', ( #512, #3220 ) ) ;
#2332 = ORIENTED_EDGE ( 'NONE', *, *, #3296, .T. ) ;
#2333 = ORIENTED_EDGE ( 'NONE', *, *, #3367, .F. ) ;
#2334 = CARTESIAN_POINT ( 'NONE',  ( -74.04602967032580800, -5.153644783956440100, 5.153644783956409900 ) ) ;
#2335 = DIRECTION ( 'NONE',  ( 0.0000000000000000000, 0.0000000000000000000, 1.000000000000000000 ) ) ;
#2336 = ORIENTED_EDGE ( 'NONE', *, *, #394, .T. ) ;
#2337 = DIRECTION ( 'NONE',  ( 0.0000000000000000000, -0.7071067811865465700, 0.7071067811865484600 ) ) ;
#2338 = CARTESIAN_POINT ( 'NONE',  ( -74.04602967032580800, 19.25337060386682400, 28.50000000000001400 ) ) ;
#2339 = DIRECTION ( 'NONE',  ( 0.0000000000000000000, -0.7071067811865449100, -0.7071067811865501300 ) ) ;
#2340 = AXIS2_PLACEMENT_3D ( 'NONE', #1968, #1395, #30 ) ;
#2341 = ORIENTED_EDGE ( 'NONE', *, *, #824, .T. ) ;
#2342 = ORIENTED_EDGE ( 'NONE', *, *, #2113, .T. ) ;
#2343 = ORIENTED_EDGE ( 'NONE', *, *, #3296, .F. ) ;
#2344 = DIRECTION ( 'NONE',  ( -1.000000000000000000, 0.0000000000000000000, 0.0000000000000000000 ) ) ;
#2345 = LINE ( 'NONE', #2510, #616 ) ;
#2346 = CARTESIAN_POINT ( 'NONE',  ( -74.04602967032580800, -28.37519891327388400, 59.00000000000000000 ) ) ;
#2347 = AXIS2_PLACEMENT_3D ( 'NONE', #2086, #920, #2847 ) ;
#2348 = CARTESIAN_POINT ( 'NONE',  ( -71.04602967032580800, -27.07254137103635500, 37.50000000000000700 ) ) ;
#2349 = VECTOR ( 'NONE', #3204, 1000.000000000000000 ) ;
#2350 = ORIENTED_EDGE ( 'NONE', *, *, #3056, .T. ) ;
#2351 = ORIENTED_EDGE ( 'NONE', *, *, #19, .T. ) ;
#2352 = CIRCLE ( 'NONE', #312, 16.41666666666667100 ) ;
#2353 = CARTESIAN_POINT ( 'NONE',  ( -74.04602967032580800, 39.25337060386650700, 10.04769554830299300 ) ) ;
#2354 = LINE ( 'NONE', #1696, #3091 ) ;
#2355 = DIRECTION ( 'NONE',  ( -1.000000000000000000, 0.0000000000000000000, 0.0000000000000000000 ) ) ;
#2356 = DIRECTION ( 'NONE',  ( 1.000000000000000000, -0.0000000000000000000, -0.0000000000000000000 ) ) ;
#2357 = FACE_OUTER_BOUND ( 'NONE', #220, .T. ) ;
#2358 = ORIENTED_EDGE ( 'NONE', *, *, #1441, .T. ) ;
#2359 = DIRECTION ( 'NONE',  ( 1.000000000000000000, 0.0000000000000000000, 0.0000000000000000000 ) ) ;
#2360 = ORIENTED_EDGE ( 'NONE', *, *, #11, .F. ) ;
#2361 = EDGE_CURVE ( 'NONE', #1326, #3, #766, .T. ) ;
#2362 = VECTOR ( 'NONE', #2124, 1000.000000000000000 ) ;
#2363 = EDGE_CURVE ( 'NONE', #5, #2612, #3540, .T. ) ;
#2364 = ORIENTED_EDGE ( 'NONE', *, *, #3550, .T. ) ;
#2365 = FACE_OUTER_BOUND ( 'NONE', #1964, .T. ) ;
#2366 = CARTESIAN_POINT ( 'NONE',  ( -74.04602967032580800, 0.0000000000000000000, 57.99999999999999300 ) ) ;
#2367 = ADVANCED_FACE ( 'NONE', ( #597 ), #1896, .T. ) ;
#2368 = AXIS2_PLACEMENT_3D ( 'NONE', #1385, #1420, #1682 ) ;
#2369 = DIRECTION ( 'NONE',  ( 1.000000000000000000, -0.0000000000000000000, -0.0000000000000000000 ) ) ;
#2370 = DIRECTION ( 'NONE',  ( 0.0000000000000000000, 0.0000000000000000000, 1.000000000000000000 ) ) ;
#2371 = DIRECTION ( 'NONE',  ( 0.0000000000000000000, 3.469446951953619100E-016, -1.000000000000000000 ) ) ;
#2372 = ORIENTED_EDGE ( 'NONE', *, *, #3157, .T. ) ;
#2373 = CARTESIAN_POINT ( 'NONE',  ( -74.04602967032580800, 19.25337060386682400, 28.50000000000001400 ) ) ;
#2374 = EDGE_CURVE ( 'NONE', #895, #1025, #2619, .T. ) ;
#2375 = AXIS2_PLACEMENT_3D ( 'NONE', #2715, #3000, #3013 ) ;
#2376 = VERTEX_POINT ( 'NONE', #1421 ) ;
#2377 = DIRECTION ( 'NONE',  ( 0.0000000000000000000, -0.7071067811865487900, 0.7071067811865463500 ) ) ;
#2378 = VERTEX_POINT ( 'NONE', #1820 ) ;
#2379 = DIRECTION ( 'NONE',  ( -0.0000000000000000000, 3.469446951953605800E-016, 1.000000000000000000 ) ) ;
#2380 = CARTESIAN_POINT ( 'NONE',  ( -74.04602967032580800, 19.25337060386682400, 19.41666666666669600 ) ) ;
#2381 = CARTESIAN_POINT ( 'NONE',  ( -71.04602967032580800, -27.92196353426440300, 57.99999999999999300 ) ) ;
#2382 = AXIS2_PLACEMENT_3D ( 'NONE', #1165, #606, #913 ) ;
#2383 = EDGE_CURVE ( 'NONE', #2217, #228, #1459, .T. ) ;
#2384 = ORIENTED_EDGE ( 'NONE', *, *, #292, .T. ) ;
#2385 = VERTEX_POINT ( 'NONE', #234 ) ;
#2386 = VECTOR ( 'NONE', #168, 1000.000000000000000 ) ;
#2387 = DIRECTION ( 'NONE',  ( 0.0000000000000000000, 0.0000000000000000000, -1.000000000000000000 ) ) ;
#2388 = AXIS2_PLACEMENT_3D ( 'NONE', #1295, #1031, #1284 ) ;
#2389 = VERTEX_POINT ( 'NONE', #1905 ) ;
#2390 = CARTESIAN_POINT ( 'NONE',  ( -71.04602967032580800, -4.092984612176671500, 4.092984612176662700 ) ) ;
#2391 = EDGE_CURVE ( 'NONE', #2087, #2036, #46, .T. ) ;
#2392 = DIRECTION ( 'NONE',  ( 0.0000000000000000000, 0.0000000000000000000, -1.000000000000000000 ) ) ;
#2393 = ORIENTED_EDGE ( 'NONE', *, *, #2247, .T. ) ;
#2394 = VECTOR ( 'NONE', #669, 1000.000000000000000 ) ;
#2395 = ORIENTED_EDGE ( 'NONE', *, *, #3252, .T. ) ;
#2396 = ORIENTED_EDGE ( 'NONE', *, *, #1229, .T. ) ;
#2397 = FACE_BOUND ( 'NONE', #605, .T. ) ;
#2398 = LINE ( 'NONE', #3521, #2961 ) ;
#2399 = DIRECTION ( 'NONE',  ( 0.0000000000000000000, 0.0000000000000000000, -1.000000000000000000 ) ) ;
#2400 = VECTOR ( 'NONE', #567, 1000.000000000000000 ) ;
#2401 = CARTESIAN_POINT ( 'NONE',  ( -74.04602967032580800, 24.40701538782336800, 24.40701538782325400 ) ) ;
#2402 = CARTESIAN_POINT ( 'NONE',  ( -71.04602967032580800, 24.40701538782336800, 24.40701538782325400 ) ) ;
#2403 = FACE_OUTER_BOUND ( 'NONE', #2590, .T. ) ;
#2404 = ORIENTED_EDGE ( 'NONE', *, *, #2231, .F. ) ;
#2405 = VECTOR ( 'NONE', #2589, 1000.000000000000100 ) ;
#2406 = ORIENTED_EDGE ( 'NONE', *, *, #309, .T. ) ;
#2407 = EDGE_CURVE ( 'NONE', #1237, #2441, #2884, .T. ) ;
#2408 = CIRCLE ( 'NONE', #2382, 10.58333333333333400 ) ;
#2409 = LINE ( 'NONE', #1971, #2487 ) ;
#2410 = VERTEX_POINT ( 'NONE', #1329 ) ;
#2411 = PLANE ( 'NONE',  #2228 ) ;
#2412 = VERTEX_POINT ( 'NONE', #1075 ) ;
#2413 = EDGE_LOOP ( 'NONE', ( #3023, #1987, #1647, #467 ) ) ;
#2414 = DIRECTION ( 'NONE',  ( 0.0000000000000000000, 0.0000000000000000000, -1.000000000000000000 ) ) ;
#2415 = DIRECTION ( 'NONE',  ( 0.0000000000000000000, -0.7071067811865474600, -0.7071067811865474600 ) ) ;
#2416 = EDGE_CURVE ( 'NONE', #3190, #873, #731, .T. ) ;
#2417 = ORIENTED_EDGE ( 'NONE', *, *, #2877, .F. ) ;
#2418 = VERTEX_POINT ( 'NONE', #1312 ) ;
#2419 = ORIENTED_EDGE ( 'NONE', *, *, #1927, .T. ) ;
#2420 = DIRECTION ( 'NONE',  ( 0.0000000000000000000, 0.0000000000000000000, 1.000000000000000000 ) ) ;
#2421 = ORIENTED_EDGE ( 'NONE', *, *, #3057, .T. ) ;
#2422 = CARTESIAN_POINT ( 'NONE',  ( -74.04602967032580800, -5.153644783956430300, 5.153644783956392100 ) ) ;
#2423 = DIRECTION ( 'NONE',  ( 1.000000000000000000, -0.0000000000000000000, -0.0000000000000000000 ) ) ;
#2424 = PLANE ( 'NONE',  #3415 ) ;
#2425 = EDGE_CURVE ( 'NONE', #790, #840, #644, .T. ) ;
#2426 = EDGE_CURVE ( 'NONE', #760, #1963, #3410, .T. ) ;
#2427 = VECTOR ( 'NONE', #586, 1000.000000000000000 ) ;
#2428 = VECTOR ( 'NONE', #3295, 1000.000000000000100 ) ;
#2429 = AXIS2_PLACEMENT_3D ( 'NONE', #556, #9, #35 ) ;
#2430 = AXIS2_PLACEMENT_3D ( 'NONE', #101, #1434, #2288 ) ;
#2431 = ORIENTED_EDGE ( 'NONE', *, *, #2919, .T. ) ;
#2432 = DIRECTION ( 'NONE',  ( 0.0000000000000000000, -0.7071067811865468000, -0.7071067811865483500 ) ) ;
#2433 = CARTESIAN_POINT ( 'NONE',  ( -71.04602967032580800, 23.34635521604348800, 23.34635521604350900 ) ) ;
#2434 = FACE_BOUND ( 'NONE', #781, .T. ) ;
#2435 = EDGE_CURVE ( 'NONE', #1090, #94, #3459, .T. ) ;
#2436 = CARTESIAN_POINT ( 'NONE',  ( -71.04602967032580800, 11.25830862579071300, 21.56559819370366400 ) ) ;
#2437 = DIRECTION ( 'NONE',  ( 1.000000000000000000, -0.0000000000000000000, -0.0000000000000000000 ) ) ;
#2438 = AXIS2_PLACEMENT_3D ( 'NONE', #3113, #2035, #1164 ) ;
#2439 = VECTOR ( 'NONE', #667, 1000.000000000000000 ) ;
#2440 = CIRCLE ( 'NONE', #139, 3.000000000000002700 ) ;
#2441 = VERTEX_POINT ( 'NONE', #1053 ) ;
#2442 = EDGE_LOOP ( 'NONE', ( #396, #589, #2967, #1879 ) ) ;
#2443 = VERTEX_POINT ( 'NONE', #778 ) ;
#2444 = VECTOR ( 'NONE', #3307, 1000.000000000000100 ) ;
#2445 = DIRECTION ( 'NONE',  ( 1.000000000000000000, 0.0000000000000000000, 0.0000000000000000000 ) ) ;
#2446 = ORIENTED_EDGE ( 'NONE', *, *, #1008, .F. ) ;
#2447 = AXIS2_PLACEMENT_3D ( 'NONE', #2261, #1209, #2272 ) ;
#2448 = CARTESIAN_POINT ( 'NONE',  ( -74.04602967032580800, 19.25337060386682400, 17.91666666666668200 ) ) ;
#2449 = DIRECTION ( 'NONE',  ( 0.0000000000000000000, -0.7071067811865499000, 0.7071067811865451300 ) ) ;
#2450 = VECTOR ( 'NONE', #2911, 1000.000000000000000 ) ;
#2451 = VERTEX_POINT ( 'NONE', #1924 ) ;
#2452 = EDGE_LOOP ( 'NONE', ( #2360, #3082 ) ) ;
#2453 = ORIENTED_EDGE ( 'NONE', *, *, #744, .T. ) ;
#2454 = CARTESIAN_POINT ( 'NONE',  ( -71.04602967032580800, -29.37519891327388100, 57.99999999999999300 ) ) ;
#2455 = ORIENTED_EDGE ( 'NONE', *, *, #1870, .F. ) ;
#2456 = EDGE_CURVE ( 'NONE', #2385, #892, #1410, .T. ) ;
#2457 = AXIS2_PLACEMENT_3D ( 'NONE', #3211, #1018, #3200 ) ;
#2458 = CARTESIAN_POINT ( 'NONE',  ( -71.04602967032580800, -0.7466293961335344100, 8.500000000000056800 ) ) ;
#2459 = PLANE ( 'NONE',  #227 ) ;
#2460 = CARTESIAN_POINT ( 'NONE',  ( -71.04602967032580800, 39.25337060386669200, 46.95230445169669800 ) ) ;
#2461 = DIRECTION ( 'NONE',  ( 1.000000000000000000, -0.0000000000000000000, -0.0000000000000000000 ) ) ;
#2462 = ORIENTED_EDGE ( 'NONE', *, *, #1065, .T. ) ;
#2463 = EDGE_LOOP ( 'NONE', ( #959, #1352, #2749, #3330 ) ) ;
#2464 = DIRECTION ( 'NONE',  ( 1.000000000000000000, 0.0000000000000000000, 0.0000000000000000000 ) ) ;
#2465 = LINE ( 'NONE', #2894, #358 ) ;
#2466 = CARTESIAN_POINT ( 'NONE',  ( -74.04602967032580800, 19.25337060386682400, 28.50000000000001400 ) ) ;
#2467 = CARTESIAN_POINT ( 'NONE',  ( -74.04602967032580800, 17.03669832257290700, 29.65601210951410500 ) ) ;
#2468 = CARTESIAN_POINT ( 'NONE',  ( -71.04602967032580800, -30.37519891327388400, 59.00000000000000000 ) ) ;
#2469 = DIRECTION ( 'NONE',  ( 0.0000000000000000000, -1.000000000000000000, 0.0000000000000000000 ) ) ;
#2470 = VECTOR ( 'NONE', #2243, 1000.000000000000000 ) ;
#2471 = EDGE_CURVE ( 'NONE', #3006, #3155, #2071, .T. ) ;
#2472 = VERTEX_POINT ( 'NONE', #3568 ) ;
#2473 = FACE_BOUND ( 'NONE', #786, .T. ) ;
#2474 = AXIS2_PLACEMENT_3D ( 'NONE', #2311, #2874, #1211 ) ;
#2475 = LINE ( 'NONE', #1609, #1753 ) ;
#2476 = CARTESIAN_POINT ( 'NONE',  ( -74.04602967032580800, 1.753370603866835500, 0.0000000000000000000 ) ) ;
#2477 = ADVANCED_FACE ( 'NONE', ( #3153 ), #2667, .F. ) ;
#2478 = CARTESIAN_POINT ( 'NONE',  ( 63.16044702067369300, 64.23011617120123200, 52.00000000000002100 ) ) ;
#2479 = EDGE_CURVE ( 'NONE', #1498, #397, #1330, .T. ) ;
#2480 = CYLINDRICAL_SURFACE ( 'NONE', #2681, 1.000000000000000900 ) ;
#2481 = STYLED_ITEM ( 'NONE', ( #2560 ), #738 ) ;
#2482 = LINE ( 'NONE', #1823, #2739 ) ;
#2483 = VERTEX_POINT ( 'NONE', #827 ) ;
#2484 = LINE ( 'NONE', #194, #2362 ) ;
#2485 = DIRECTION ( 'NONE',  ( 1.000000000000000000, -0.0000000000000000000, -0.0000000000000000000 ) ) ;
#2486 = ORIENTED_EDGE ( 'NONE', *, *, #629, .T. ) ;
#2487 = VECTOR ( 'NONE', #2233, 1000.000000000000100 ) ;
#2488 = VERTEX_POINT ( 'NONE', #2977 ) ;
#2489 = CARTESIAN_POINT ( 'NONE',  ( -74.04602967032580800, 39.25337060386650700, 10.04769554830299300 ) ) ;
#2490 = EDGE_CURVE ( 'NONE', #2842, #3255, #3321, .T. ) ;
#2491 = EDGE_CURVE ( 'NONE', #331, #1034, #1500, .T. ) ;
#2492 = CARTESIAN_POINT ( 'NONE',  ( -74.04602967032580800, 19.25337060386682400, 28.50000000000001400 ) ) ;
#2493 = EDGE_LOOP ( 'NONE', ( #2073, #2266, #1804, #914 ) ) ;
#2494 = ORIENTED_EDGE ( 'NONE', *, *, #2720, .T. ) ;
#2495 = DIRECTION ( 'NONE',  ( 0.0000000000000000000, -1.000000000000000000, 3.469446951953605800E-016 ) ) ;
#2496 = AXIS2_PLACEMENT_3D ( 'NONE', #3014, #1110, #851 ) ;
#2497 = AXIS2_PLACEMENT_3D ( 'NONE', #1612, #3285, #2685 ) ;
#2498 = ORIENTED_EDGE ( 'NONE', *, *, #490, .F. ) ;
#2499 = DIRECTION ( 'NONE',  ( -1.000000000000000000, -0.0000000000000000000, -0.0000000000000000000 ) ) ;
#2500 = EDGE_CURVE ( 'NONE', #1920, #1176, #2330, .T. ) ;
#2501 = DIRECTION ( 'NONE',  ( 1.000000000000000000, -0.0000000000000000000, 0.0000000000000000000 ) ) ;
#2502 = CARTESIAN_POINT ( 'NONE',  ( -70.04602967032580800, -24.07254137103636200, 23.49999999999999600 ) ) ;
#2503 = CARTESIAN_POINT ( 'NONE',  ( -74.04602967032580800, 27.24843258194294300, 21.56559819370366800 ) ) ;
#2504 = CARTESIAN_POINT ( 'NONE',  ( -74.04602967032580800, 1.753370603866835500, 0.0000000000000000000 ) ) ;
#2505 = VERTEX_POINT ( 'NONE', #3559 ) ;
#2506 = ORIENTED_EDGE ( 'NONE', *, *, #865, .T. ) ;
#2507 = ORIENTED_EDGE ( 'NONE', *, *, #1252, .T. ) ;
#2508 = CARTESIAN_POINT ( 'NONE',  ( -74.04602967032580800, 19.25337060386682400, 28.50000000000001400 ) ) ;
#2509 = VECTOR ( 'NONE', #611, 1000.000000000000000 ) ;
#2510 = CARTESIAN_POINT ( 'NONE',  ( -74.04602967032580800, -28.37519891327388400, 61.00000000000000000 ) ) ;
#2511 = PRODUCT_RELATED_PRODUCT_CATEGORY ( 'part', '', ( #3143 ) ) ;
#2512 = ADVANCED_FACE ( 'NONE', ( #1982 ), #511, .F. ) ;
#2513 = DIRECTION ( 'NONE',  ( -1.000000000000000000, 0.0000000000000000000, 0.0000000000000000000 ) ) ;
#2514 = CIRCLE ( 'NONE', #1639, 10.58333333333333400 ) ;
#2515 = DIRECTION ( 'NONE',  ( 0.0000000000000000000, 0.0000000000000000000, 1.000000000000000000 ) ) ;
#2516 = ORIENTED_EDGE ( 'NONE', *, *, #1383, .F. ) ;
#2517 = PLANE ( 'NONE',  #1559 ) ;
#2518 = VECTOR ( 'NONE', #1573, 1000.000000000000000 ) ;
#2519 = DIRECTION ( 'NONE',  ( 1.000000000000000000, -0.0000000000000000000, 0.0000000000000000000 ) ) ;
#2520 = CARTESIAN_POINT ( 'NONE',  ( -71.04602967032580800, -27.07254137103636500, 9.392674614138001000E-015 ) ) ;
#2521 = FACE_BOUND ( 'NONE', #1593, .T. ) ;
#2522 = CARTESIAN_POINT ( 'NONE',  ( -74.04602967032580800, 31.37991654762271300, 39.56588577197607000 ) ) ;
#2523 = CIRCLE ( 'NONE', #2120, 2.499999999999998700 ) ;
#2524 = ORIENTED_EDGE ( 'NONE', *, *, #775, .F. ) ;
#2525 = CARTESIAN_POINT ( 'NONE',  ( -71.04602967032580800, 36.03903745722358600, 10.65367297486344400 ) ) ;
#2526 =( LENGTH_UNIT ( ) NAMED_UNIT ( * ) SI_UNIT ( .MILLI., .METRE. ) );
#2527 = ORIENTED_EDGE ( 'NONE', *, *, #636, .T. ) ;
#2528 = FACE_OUTER_BOUND ( 'NONE', #3289, .T. ) ;
#2529 = ORIENTED_EDGE ( 'NONE', *, *, #2780, .T. ) ;
#2530 = ADVANCED_FACE ( 'NONE', ( #1244 ), #2517, .T. ) ;
#2532 = CARTESIAN_POINT ( 'NONE',  ( -74.04602967032580800, 1.407043578730313900, 11.71433314664318500 ) ) ;
#2531 = CIRCLE ( 'NONE', #2204, 1.547695548303154500 ) ;
#2533 = DIRECTION ( 'NONE',  ( 1.000000000000000000, -0.0000000000000000000, 0.0000000000000000000 ) ) ;
#2534 = ORIENTED_EDGE ( 'NONE', *, *, #1253, .F. ) ;
#2535 = DIRECTION ( 'NONE',  ( 0.0000000000000000000, -0.7071067811865474600, -0.7071067811865474600 ) ) ;
#2536 = ORIENTED_EDGE ( 'NONE', *, *, #675, .F. ) ;
#2537 = EDGE_LOOP ( 'NONE', ( #798, #161, #2122, #1672 ) ) ;
#2538 = ORIENTED_EDGE ( 'NONE', *, *, #3554, .T. ) ;
#2539 = EDGE_CURVE ( 'NONE', #1063, #1501, #816, .T. ) ;
#2540 = EDGE_CURVE ( 'NONE', #3357, #1286, #2838, .T. ) ;
#2541 = DIRECTION ( 'NONE',  ( 0.0000000000000000000, 0.0000000000000000000, -1.000000000000000000 ) ) ;
#2542 = AXIS2_PLACEMENT_3D ( 'NONE', #1782, #704, #693 ) ;
#2543 = DIRECTION ( 'NONE',  ( -1.000000000000000000, 0.0000000000000000000, 0.0000000000000000000 ) ) ;
#2544 = ORIENTED_EDGE ( 'NONE', *, *, #2456, .F. ) ;
#2545 = CARTESIAN_POINT ( 'NONE',  ( -74.04602967032580800, 17.03669832257291700, 27.34398789048591300 ) ) ;
#2546 = EDGE_CURVE ( 'NONE', #734, #2763, #1, .T. ) ;
#2547 = ADVANCED_FACE ( 'NONE', ( #2032 ), #2576, .F. ) ;
#2548 = CARTESIAN_POINT ( 'NONE',  ( -74.04602967032580800, 61.92745862896372000, 23.50000000000000000 ) ) ;
#2549 = AXIS2_PLACEMENT_3D ( 'NONE', #3512, #2674, #2985 ) ;
#2550 = CARTESIAN_POINT ( 'NONE',  ( -71.04602967032580800, 28.25337060386683800, 53.49999999999997900 ) ) ;
#2551 = ORIENTED_EDGE ( 'NONE', *, *, #374, .T. ) ;
#2552 = LINE ( 'NONE', #429, #3123 ) ;
#2553 = LINE ( 'NONE', #1546, #284 ) ;
#2554 = DIRECTION ( 'NONE',  ( 1.000000000000000000, -0.0000000000000000000, 0.0000000000000000000 ) ) ;
#2555 = ORIENTED_EDGE ( 'NONE', *, *, #3224, .F. ) ;
#2556 = EDGE_LOOP ( 'NONE', ( #3059, #1071, #1561, #434 ) ) ;
#2557 = LINE ( 'NONE', #1796, #710 ) ;
#2558 = AXIS2_PLACEMENT_3D ( 'NONE', #1108, #3054, #1419 ) ;
#2559 = DIRECTION ( 'NONE',  ( 0.0000000000000000000, -0.7071067811865462400, -0.7071067811865489100 ) ) ;
#2560 = PRESENTATION_STYLE_ASSIGNMENT (( #2942 ) ) ;
#2561 = LINE ( 'NONE', #2635, #3490 ) ;
#2562 = CARTESIAN_POINT ( 'NONE',  ( -71.04602967032580800, 23.34635521604347700, 23.34635521604355500 ) ) ;
#2563 = AXIS2_PLACEMENT_3D ( 'NONE', #3229, #1302, #1563 ) ;
#2564 = FACE_OUTER_BOUND ( 'NONE', #2230, .T. ) ;
#2565 = ADVANCED_FACE ( 'NONE', ( #300 ), #2116, .T. ) ;
#2566 = DIRECTION ( 'NONE',  ( 1.000000000000000000, -0.0000000000000000000, -0.0000000000000000000 ) ) ;
#2567 = CARTESIAN_POINT ( 'NONE',  ( -71.04602967032580800, 19.25337060386682400, 28.50000000000001400 ) ) ;
#2568 = DIRECTION ( 'NONE',  ( 0.0000000000000000000, -0.7071067811865444600, -0.7071067811865505700 ) ) ;
#2569 = EDGE_CURVE ( 'NONE', #2828, #598, #1202, .T. ) ;
#2570 = FACE_BOUND ( 'NONE', #903, .T. ) ;
#2571 = ORIENTED_EDGE ( 'NONE', *, *, #1363, .T. ) ;
#2572 = DIRECTION ( 'NONE',  ( 0.0000000000000000000, -0.7071067811865449100, -0.7071067811865501300 ) ) ;
#2573 = CIRCLE ( 'NONE', #1089, 3.000000000000002700 ) ;
#2574 = DIRECTION ( 'NONE',  ( 1.000000000000000000, -0.0000000000000000000, 0.0000000000000000000 ) ) ;
#2575 = CYLINDRICAL_SURFACE ( 'NONE', #102, 2.999999999999999100 ) ;
#2576 = CYLINDRICAL_SURFACE ( 'NONE', #3178, 24.50000000000000000 ) ;
#2577 = DIRECTION ( 'NONE',  ( 1.000000000000000000, -0.0000000000000000000, -0.0000000000000000000 ) ) ;
#2578 = ADVANCED_FACE ( 'NONE', ( #474 ), #2248, .F. ) ;
#2579 = EDGE_LOOP ( 'NONE', ( #1872, #1595, #2626, #2431 ) ) ;
#2580 = CARTESIAN_POINT ( 'NONE',  ( -74.04602967032580800, 6.065148820611931900, 16.37243838852483800 ) ) ;
#2581 = ORIENTED_EDGE ( 'NONE', *, *, #3157, .F. ) ;
#2582 = CARTESIAN_POINT ( 'NONE',  ( 63.16044702067369300, -23.95501194873044100, 5.000000000000000000 ) ) ;
#2583 = EDGE_LOOP ( 'NONE', ( #71, #2372, #238, #948, #3439, #1216, #2700, #3361, #1464, #3019 ) ) ;
#2584 = CARTESIAN_POINT ( 'NONE',  ( -71.04602967032580800, 23.34635521604355200, 23.34635521604348800 ) ) ;
#2585 = ADVANCED_FACE ( 'NONE', ( #1114 ), #219, .T. ) ;
#2586 = CARTESIAN_POINT ( 'NONE',  ( -74.04602967032580800, 19.25337060386682400, 28.50000000000001400 ) ) ;
#2587 = EDGE_CURVE ( 'NONE', #984, #1684, #2409, .T. ) ;
#2588 = DIRECTION ( 'NONE',  ( 1.000000000000000000, -0.0000000000000000000, -0.0000000000000000000 ) ) ;
#2589 = DIRECTION ( 'NONE',  ( 0.0000000000000000000, -0.7071067811865455700, 0.7071067811865495700 ) ) ;
#2590 = EDGE_LOOP ( 'NONE', ( #2358, #3311, #1072, #1852 ) ) ;
#2591 = CARTESIAN_POINT ( 'NONE',  ( -74.04602967032580800, 66.23011617120124600, 59.00000000000000000 ) ) ;
#2592 = AXIS2_PLACEMENT_3D ( 'NONE', #1007, #999, #3479 ) ;
#2593 = CLOSED_SHELL ( 'NONE', ( #1392, #937, #2858, #170, #10, #2269, #2286, #3412, #1792, #315, #631, #650, #1760, #1107, #2325, #1448, #1743, #2039, #3101, #2249, #603, #3131, #3302, #1225, #3403, #1426, #3428, #3393, #564, #103, #386, #350, #1980, #822, #1669, #2367, #702, #1480, #923, #1157, #2907, #3017, #1172, #3118, #655, #2848, #2807, #1515, #1534, #2512, #2578, #2018, #2099, #86, #2294, #3347, #2585, #436, #2547, #638, #1215, #3188, #2530, #547, #70, #1640, #54, #2302, #1196, #800, #907, #2063, #2870, #1467, #3050, #330, #1998, #1652, #29, #2840, #617, #957, #3141, #2821, #1909, #2565, #266, #2785, #1710, #1731, #2033, #359, #2832, #366, #1378, #3481, #891, #376, #994, #3373, #2477, #120 ) ) ;
#2594 = VERTEX_POINT ( 'NONE', #1123 ) ;
#2595 = EDGE_CURVE ( 'NONE', #1260, #3329, #3359, .T. ) ;
#2596 = LINE ( 'NONE', #1162, #2721 ) ;
#2597 = DIRECTION ( 'NONE',  ( 0.0000000000000000000, -0.7071067811865475700, 0.7071067811865475700 ) ) ;
#2598 = ORIENTED_EDGE ( 'NONE', *, *, #1408, .F. ) ;
#2599 = DIRECTION ( 'NONE',  ( 0.0000000000000000000, 0.7071067811865475700, 0.7071067811865475700 ) ) ;
#2600 = ORIENTED_EDGE ( 'NONE', *, *, #3352, .T. ) ;
#2601 = CARTESIAN_POINT ( 'NONE',  ( -74.04602967032580800, -5.153644783956434800, 5.153644783956396600 ) ) ;
#2602 = DIRECTION ( 'NONE',  ( 0.0000000000000000000, -1.000000000000000000, 0.0000000000000000000 ) ) ;
#2603 = LINE ( 'NONE', #3166, #3176 ) ;
#2604 = LINE ( 'NONE', #2025, #1884 ) ;
#2605 = VECTOR ( 'NONE', #2566, 1000.000000000000000 ) ;
#2606 = EDGE_CURVE ( 'NONE', #2389, #2081, #3062, .T. ) ;
#2607 = EDGE_CURVE ( 'NONE', #345, #1195, #132, .T. ) ;
#2608 = FACE_OUTER_BOUND ( 'NONE', #462, .T. ) ;
#2609 = ORIENTED_EDGE ( 'NONE', *, *, #153, .T. ) ;
#2610 = AXIS2_PLACEMENT_3D ( 'NONE', #1970, #2245, #332 ) ;
#2611 = AXIS2_PLACEMENT_3D ( 'NONE', #2955, #1584, #1864 ) ;
#2612 = VERTEX_POINT ( 'NONE', #3340 ) ;
#2613 = CIRCLE ( 'NONE', #2252, 1.547695548303152900 ) ;
#2614 = DIRECTION ( 'NONE',  ( -1.000000000000000000, 0.0000000000000000000, 0.0000000000000000000 ) ) ;
#2615 = CARTESIAN_POINT ( 'NONE',  ( -71.04602967032580800, -21.07254137103626600, -7.311006442965830900E-015 ) ) ;
#2616 = EDGE_CURVE ( 'NONE', #2887, #3065, #3237, .T. ) ;
#2617 = EDGE_LOOP ( 'NONE', ( #3363, #108, #2027, #1242 ) ) ;
#2618 = FACE_OUTER_BOUND ( 'NONE', #1394, .T. ) ;
#2619 = LINE ( 'NONE', #2297, #2793 ) ;
#2620 = AXIS2_PLACEMENT_3D ( 'NONE', #2779, #1120, #877 ) ;
#2621 = ORIENTED_EDGE ( 'NONE', *, *, #846, .T. ) ;
#2622 = ORIENTED_EDGE ( 'NONE', *, *, #3139, .T. ) ;
#2623 = ORIENTED_EDGE ( 'NONE', *, *, #1814, .T. ) ;
#2624 = CARTESIAN_POINT ( 'NONE',  ( -71.04602967032580800, 64.92745862896372000, 23.50000000000000000 ) ) ;
#2625 = DIRECTION ( 'NONE',  ( 0.0000000000000000000, 0.0000000000000000000, -1.000000000000000000 ) ) ;
#2626 = ORIENTED_EDGE ( 'NONE', *, *, #3550, .F. ) ;
#2627 = DIRECTION ( 'NONE',  ( 0.0000000000000000000, 0.0000000000000000000, -1.000000000000000000 ) ) ;
#2628 = CARTESIAN_POINT ( 'NONE',  ( -71.04602967032580800, -21.07254137103627300, 23.49999999999999300 ) ) ;
#2629 = DIRECTION ( 'NONE',  ( 0.0000000000000000000, -0.7071067811865483500, 0.7071067811865465700 ) ) ;
#2630 = CARTESIAN_POINT ( 'NONE',  ( -74.04602967032580800, 19.25337060386682400, 28.50000000000001400 ) ) ;
#2631 = ORIENTED_EDGE ( 'NONE', *, *, #1751, .F. ) ;
#2632 = ORIENTED_EDGE ( 'NONE', *, *, #3037, .T. ) ;
#2633 = EDGE_CURVE ( 'NONE', #882, #2287, #1494, .T. ) ;
#2634 = EDGE_LOOP ( 'NONE', ( #255, #2811, #664, #1397 ) ) ;
#2635 = CARTESIAN_POINT ( 'NONE',  ( -71.04602967032580800, 0.0000000000000000000, 55.49999999999997900 ) ) ;
#2636 = CIRCLE ( 'NONE', #2809, 1.547695548303154500 ) ;
#2637 = CARTESIAN_POINT ( 'NONE',  ( -74.04602967032580800, 61.92745862896372000, 20.50000000000000400 ) ) ;
#2638 = FILL_AREA_STYLE ('',( #3504 ) ) ;
#2639 = AXIS2_PLACEMENT_3D ( 'NONE', #393, #2890, #696 ) ;
#2640 = CIRCLE ( 'NONE', #3114, 24.50000000000000000 ) ;
#2641 = CARTESIAN_POINT ( 'NONE',  ( -74.04602967032580800, -4.092984612176681300, 4.092984612176681300 ) ) ;
#2642 = ORIENTED_EDGE ( 'NONE', *, *, #2668, .F. ) ;
#2643 = CARTESIAN_POINT ( 'NONE',  ( -74.04602967032580800, 19.25337060386682400, 28.50000000000001400 ) ) ;
#2644 = ORIENTED_EDGE ( 'NONE', *, *, #3068, .T. ) ;
#2645 = LINE ( 'NONE', #1491, #536 ) ;
#2646 = CARTESIAN_POINT ( 'NONE',  ( -71.04602967032580800, 19.25337060386682400, 28.50000000000001400 ) ) ;
#2647 = VECTOR ( 'NONE', #2356, 1000.000000000000000 ) ;
#2648 = FACE_BOUND ( 'NONE', #1943, .T. ) ;
#2649 = CARTESIAN_POINT ( 'NONE',  ( -71.04602967032580800, 1.753370603866835500, 55.49999999999997900 ) ) ;
#2650 = DIRECTION ( 'NONE',  ( 1.000000000000000000, -0.0000000000000000000, -0.0000000000000000000 ) ) ;
#2651 = CARTESIAN_POINT ( 'NONE',  ( -74.04602967032580800, 36.03903745722353600, 46.34632702513665200 ) ) ;
#2652 = DIRECTION ( 'NONE',  ( 1.000000000000000000, -0.0000000000000000000, 0.0000000000000000000 ) ) ;
#2653 = DIRECTION ( 'NONE',  ( 1.000000000000000000, -0.0000000000000000000, -0.0000000000000000000 ) ) ;
#2654 = VECTOR ( 'NONE', #2461, 1000.000000000000000 ) ;
#2655 = ORIENTED_EDGE ( 'NONE', *, *, #962, .F. ) ;
#2656 = FACE_OUTER_BOUND ( 'NONE', #3510, .T. ) ;
#2657 = ORIENTED_EDGE ( 'NONE', *, *, #3252, .F. ) ;
#2658 = EDGE_CURVE ( 'NONE', #873, #1268, #426, .T. ) ;
#2659 = CARTESIAN_POINT ( 'NONE',  ( -74.04602967032580800, 11.25830862579067200, 35.43440180629631400 ) ) ;
#2660 = ORIENTED_EDGE ( 'NONE', *, *, #2616, .T. ) ;
#2661 = DIRECTION ( 'NONE',  ( 0.0000000000000000000, -1.000000000000000000, 0.0000000000000000000 ) ) ;
#2662 = AXIS2_PLACEMENT_3D ( 'NONE', #716, #2652, #998 ) ;
#2663 = CARTESIAN_POINT ( 'NONE',  ( -74.04602967032580800, 19.25337060386682400, 28.50000000000001400 ) ) ;
#2664 = ORIENTED_EDGE ( 'NONE', *, *, #2966, .T. ) ;
#2665 = DIRECTION ( 'NONE',  ( 0.0000000000000000000, 0.0000000000000000000, -1.000000000000000000 ) ) ;
#2666 = CYLINDRICAL_SURFACE ( 'NONE', #3437, 1.547695548303154500 ) ;
#2667 = CYLINDRICAL_SURFACE ( 'NONE', #2000, 3.000000000000002700 ) ;
#2668 = EDGE_CURVE ( 'NONE', #592, #2235, #1152, .T. ) ;
#2669 = EDGE_LOOP ( 'NONE', ( #1208, #126, #1307, #1855 ) ) ;
#2670 = EDGE_LOOP ( 'NONE', ( #347, #2712, #2258, #3241 ) ) ;
#2671 = AXIS2_PLACEMENT_3D ( 'NONE', #2663, #1910, #3546 ) ;
#2672 = ORIENTED_EDGE ( 'NONE', *, *, #1503, .F. ) ;
#2673 = CARTESIAN_POINT ( 'NONE',  ( -74.04602967032580800, 10.25337060386683600, 53.49999999999997900 ) ) ;
#2674 = DIRECTION ( 'NONE',  ( 1.000000000000000000, -0.0000000000000000000, -0.0000000000000000000 ) ) ;
#2675 = CARTESIAN_POINT ( 'NONE',  ( -74.04602967032580800, 39.25337060386669200, 50.04769554830301100 ) ) ;
#2676 = EDGE_CURVE ( 'NONE', #3053, #3407, #724, .T. ) ;
#2677 = ORIENTED_EDGE ( 'NONE', *, *, #11, .T. ) ;
#2678 = ORIENTED_EDGE ( 'NONE', *, *, #1870, .T. ) ;
#2679 = VERTEX_POINT ( 'NONE', #1479 ) ;
#2680 = CARTESIAN_POINT ( 'NONE',  ( -71.04602967032580800, -4.092984612176683100, 4.092984612176683100 ) ) ;
#2681 = AXIS2_PLACEMENT_3D ( 'NONE', #2758, #809, #3044 ) ;
#2682 = VECTOR ( 'NONE', #3369, 1000.000000000000000 ) ;
#2683 = DIRECTION ( 'NONE',  ( 1.000000000000000000, -0.0000000000000000000, 0.0000000000000000000 ) ) ;
#2684 = EDGE_CURVE ( 'NONE', #96, #2378, #2234, .T. ) ;
#2685 = DIRECTION ( 'NONE',  ( 0.0000000000000000000, 0.0000000000000000000, -1.000000000000000000 ) ) ;
#2686 = CARTESIAN_POINT ( 'NONE',  ( -71.04602967032580800, -4.092984612176679500, 4.092984612176679500 ) ) ;
#2687 = LINE ( 'NONE', #2402, #3337 ) ;
#2688 = ORIENTED_EDGE ( 'NONE', *, *, #1927, .F. ) ;
#2689 = LINE ( 'NONE', #2904, #1966 ) ;
#2690 = LINE ( 'NONE', #1841, #1101 ) ;
#2691 = CYLINDRICAL_SURFACE ( 'NONE', #2296, 1.547695548303152900 ) ;
#2692 = CARTESIAN_POINT ( 'NONE',  ( -74.04602967032580800, -0.7466293961335341800, 10.04769554830321000 ) ) ;
#2693 = FACE_OUTER_BOUND ( 'NONE', #1362, .T. ) ;
#2694 = DIRECTION ( 'NONE',  ( 1.000000000000000000, 0.0000000000000000000, -0.0000000000000000000 ) ) ;
#2695 = DIRECTION ( 'NONE',  ( 1.000000000000000000, -0.0000000000000000000, 0.0000000000000000000 ) ) ;
#2696 = VERTEX_POINT ( 'NONE', #909 ) ;
#2697 = ORIENTED_EDGE ( 'NONE', *, *, #659, .T. ) ;
#2698 = CARTESIAN_POINT ( 'NONE',  ( -74.04602967032580800, 23.34635521604348400, 23.34635521604354500 ) ) ;
#2699 = CIRCLE ( 'NONE', #2611, 1.000000000000000900 ) ;
#2700 = ORIENTED_EDGE ( 'NONE', *, *, #1113, .T. ) ;
#2701 = CIRCLE ( 'NONE', #2340, 2.000000000000002700 ) ;
#2702 = VECTOR ( 'NONE', #797, 1000.000000000000000 ) ;
#2703 = PLANE ( 'NONE',  #1010 ) ;
#2704 = VERTEX_POINT ( 'NONE', #2251 ) ;
#2705 = ORIENTED_EDGE ( 'NONE', *, *, #231, .F. ) ;
#2706 = AXIS2_PLACEMENT_3D ( 'NONE', #2401, #746, #2167 ) ;
#2707 = ORIENTED_EDGE ( 'NONE', *, *, #2633, .T. ) ;
#2708 = DIRECTION ( 'NONE',  ( 1.000000000000000000, -0.0000000000000000000, -0.0000000000000000000 ) ) ;
#2709 = CARTESIAN_POINT ( 'NONE',  ( -74.04602967032580800, 24.40701538782334600, 24.40701538782328200 ) ) ;
#2710 = CARTESIAN_POINT ( 'NONE',  ( -74.04602967032580800, 0.0000000000000000000, 57.99999999999999300 ) ) ;
#2711 = DIRECTION ( 'NONE',  ( 1.000000000000000000, 0.0000000000000000000, 0.0000000000000000000 ) ) ;
#2712 = ORIENTED_EDGE ( 'NONE', *, *, #2165, .T. ) ;
#2713 = ORIENTED_EDGE ( 'NONE', *, *, #2722, .T. ) ;
#2714 = CARTESIAN_POINT ( 'NONE',  ( -71.04602967032580800, 61.92745862896372000, 37.49999999999999300 ) ) ;
#2715 = CARTESIAN_POINT ( 'NONE',  ( -74.04602967032580800, 10.25337060386677900, -1.185784179627879500E-014 ) ) ;
#2716 = ORIENTED_EDGE ( 'NONE', *, *, #761, .F. ) ;
#2717 = DIRECTION ( 'NONE',  ( 1.000000000000000000, -0.0000000000000000000, 0.0000000000000000000 ) ) ;
#2718 = DIRECTION ( 'NONE',  ( 0.0000000000000000000, -0.7071067811865451300, -0.7071067811865499000 ) ) ;
#2719 = VERTEX_POINT ( 'NONE', #608 ) ;
#2720 = EDGE_CURVE ( 'NONE', #3407, #151, #1673, .T. ) ;
#2721 = VECTOR ( 'NONE', #77, 1000.000000000000000 ) ;
#2722 = EDGE_CURVE ( 'NONE', #2679, #2219, #341, .T. ) ;
#2723 = FACE_OUTER_BOUND ( 'NONE', #1918, .T. ) ;
#2724 = DIRECTION ( 'NONE',  ( 1.000000000000000000, -0.0000000000000000000, -0.0000000000000000000 ) ) ;
#2725 = AXIS2_PLACEMENT_3D ( 'NONE', #2492, #852, #2769 ) ;
#2726 = ORIENTED_EDGE ( 'NONE', *, *, #2918, .F. ) ;
#2727 = CARTESIAN_POINT ( 'NONE',  ( -74.04602967032580800, 7.125808992391703200, 15.31177821674508300 ) ) ;
#2728 = ORIENTED_EDGE ( 'NONE', *, *, #2374, .T. ) ;
#2729 = FACE_BOUND ( 'NONE', #257, .T. ) ;
#2730 = EDGE_CURVE ( 'NONE', #1974, #1025, #1197, .T. ) ;
#2731 = DIRECTION ( 'NONE',  ( 0.0000000000000000000, -0.7071067811865506800, 0.7071067811865443500 ) ) ;
#2732 = DIRECTION ( 'NONE',  ( 1.000000000000000000, -0.0000000000000000000, -0.0000000000000000000 ) ) ;
#2733 = CARTESIAN_POINT ( 'NONE',  ( -71.04602967032580800, 19.25337060386682400, 10.58333333333334500 ) ) ;
#2734 = DIRECTION ( 'NONE',  ( 0.0000000000000000000, 0.0000000000000000000, -1.000000000000000000 ) ) ;
#2735 = COLOUR_RGB ( '',0.7921568627450980000, 0.8196078431372548800, 0.9333333333333333500 ) ;
#2736 = CIRCLE ( 'NONE', #1698, 16.41666666666667100 ) ;
#2737 = CIRCLE ( 'NONE', #3022, 16.41666666666667500 ) ;
#2738 = EDGE_LOOP ( 'NONE', ( #3364, #3379, #3399, #527 ) ) ;
#2739 = VECTOR ( 'NONE', #732, 1000.000000000000000 ) ;
#2740 = ORIENTED_EDGE ( 'NONE', *, *, #3367, .T. ) ;
#2741 = CARTESIAN_POINT ( 'NONE',  ( -74.04602967032580800, 68.23011617120124600, 59.00000000000000000 ) ) ;
#2742 = CARTESIAN_POINT ( 'NONE',  ( -74.04602967032580800, 6.065148820611866200, 40.62756161147511600 ) ) ;
#2743 = ORIENTED_EDGE ( 'NONE', *, *, #2945, .F. ) ;
#2744 = DIRECTION ( 'NONE',  ( 1.000000000000000000, 0.0000000000000000000, -0.0000000000000000000 ) ) ;
#2745 = EDGE_CURVE ( 'NONE', #3322, #3218, #2531, .T. ) ;
#2746 = CARTESIAN_POINT ( 'NONE',  ( -74.04602967032580800, 32.44159238712175900, 40.62756161147513000 ) ) ;
#2747 = LINE ( 'NONE', #2628, #2110 ) ;
#2748 = FACE_BOUND ( 'NONE', #3040, .T. ) ;
#2749 = ORIENTED_EDGE ( 'NONE', *, *, #2864, .F. ) ;
#2750 = AXIS2_PLACEMENT_3D ( 'NONE', #541, #3028, #473 ) ;
#2751 = ORIENTED_EDGE ( 'NONE', *, *, #2796, .T. ) ;
#2752 = DIRECTION ( 'NONE',  ( -1.000000000000000000, 0.0000000000000000000, 0.0000000000000000000 ) ) ;
#2753 = EDGE_LOOP ( 'NONE', ( #3377, #3541, #3480, #2621 ) ) ;
#2754 = EDGE_CURVE ( 'NONE', #1080, #3055, #941, .T. ) ;
#2755 = DIRECTION ( 'NONE',  ( 0.0000000000000000000, 0.0000000000000000000, -1.000000000000000000 ) ) ;
#2756 = DIRECTION ( 'NONE',  ( -1.000000000000000000, 0.0000000000000000000, 0.0000000000000000000 ) ) ;
#2757 = CARTESIAN_POINT ( 'NONE',  ( -74.04602967032580800, 19.25337060386682400, 28.50000000000001400 ) ) ;
#2758 = CARTESIAN_POINT ( 'NONE',  ( -74.04602967032580800, -29.37519891327388100, 59.00000000000000000 ) ) ;
#2759 = CARTESIAN_POINT ( 'NONE',  ( -71.04602967032580800, -23.95501194873044100, 5.000000000000000000 ) ) ;
#2760 = DIRECTION ( 'NONE',  ( 1.000000000000000000, -0.0000000000000000000, -0.0000000000000000000 ) ) ;
#2761 = EDGE_LOOP ( 'NONE', ( #2007, #2270, #245, #3133 ) ) ;
#2762 = DIRECTION ( 'NONE',  ( 0.0000000000000000000, 0.0000000000000000000, 1.000000000000000000 ) ) ;
#2763 = VERTEX_POINT ( 'NONE', #919 ) ;
#2764 = UNCERTAINTY_MEASURE_WITH_UNIT (LENGTH_MEASURE( 1.000000000000000100E-005 ), #406, 'distance_accuracy_value', 'NONE');
#2765 = ORIENTED_EDGE ( 'NONE', *, *, #1229, .F. ) ;
#2766 = VECTOR ( 'NONE', #739, 1000.000000000000000 ) ;
#2767 = DIRECTION ( 'NONE',  ( 0.0000000000000000000, 0.0000000000000000000, 1.000000000000000000 ) ) ;
#2768 = CARTESIAN_POINT ( 'NONE',  ( -74.04602967032580800, -0.7466293961335344100, 6.952304451696901900 ) ) ;
#2769 = DIRECTION ( 'NONE',  ( 0.0000000000000000000, 0.0000000000000000000, -1.000000000000000000 ) ) ;
#2770 = CIRCLE ( 'NONE', #2260, 3.000000000000002700 ) ;
#2771 = EDGE_CURVE ( 'NONE', #344, #56, #3579, .T. ) ;
#2772 = DIRECTION ( 'NONE',  ( 0.0000000000000000000, 0.0000000000000000000, -1.000000000000000000 ) ) ;
#2773 = EDGE_LOOP ( 'NONE', ( #1575, #2310, #2109, #1335 ) ) ;
#2774 = ORIENTED_EDGE ( 'NONE', *, *, #2796, .F. ) ;
#2775 = CARTESIAN_POINT ( 'NONE',  ( -74.04602967032580800, 24.40701538782340000, 24.40701538782326100 ) ) ;
#2776 = AXIS2_PLACEMENT_3D ( 'NONE', #1199, #1469, #3417 ) ;
#2777 = VECTOR ( 'NONE', #1506, 1000.000000000000000 ) ;
#2778 = VECTOR ( 'NONE', #2971, 1000.000000000000000 ) ;
#2779 = CARTESIAN_POINT ( 'NONE',  ( -74.04602967032580800, 61.80992920665785600, 5.000000000000000000 ) ) ;
#2780 = EDGE_CURVE ( 'NONE', #1862, #397, #1594, .T. ) ;
#2781 = DIRECTION ( 'NONE',  ( 1.000000000000000000, -0.0000000000000000000, -0.0000000000000000000 ) ) ;
#2782 = LINE ( 'NONE', #452, #3396 ) ;
#2783 = DIRECTION ( 'NONE',  ( 1.000000000000000000, 0.0000000000000000000, 0.0000000000000000000 ) ) ;
#2784 = VECTOR ( 'NONE', #3084, 1000.000000000000000 ) ;
#2785 = ADVANCED_FACE ( 'NONE', ( #3058 ), #3148, .F. ) ;
#2786 = EDGE_LOOP ( 'NONE', ( #211, #2555, #1911, #451 ) ) ;
#2787 = DIRECTION ( 'NONE',  ( 0.0000000000000000000, 0.0000000000000000000, 1.000000000000000000 ) ) ;
#2788 = CARTESIAN_POINT ( 'NONE',  ( -74.04602967032580800, 39.25337060386650700, 8.499999999999840100 ) ) ;
#2789 = EDGE_LOOP ( 'NONE', ( #455, #981, #1044, #41 ) ) ;
#2790 = VECTOR ( 'NONE', #2106, 1000.000000000000000 ) ;
#2791 = DIRECTION ( 'NONE',  ( 1.000000000000000000, 0.0000000000000000000, 0.0000000000000000000 ) ) ;
#2792 = EDGE_LOOP ( 'NONE', ( #1011, #3405, #3536, #2242 ) ) ;
#2793 = VECTOR ( 'NONE', #2535, 1000.000000000000100 ) ;
#2794 = EDGE_LOOP ( 'NONE', ( #829, #3460 ) ) ;
#2795 = EDGE_CURVE ( 'NONE', #3075, #3325, #896, .T. ) ;
#2796 = EDGE_CURVE ( 'NONE', #187, #3034, #258, .T. ) ;
#2797 = CARTESIAN_POINT ( 'NONE',  ( -74.04602967032580800, 67.23011617120124600, 59.00000000000000000 ) ) ;
#2798 = EDGE_LOOP ( 'NONE', ( #1785, #3404, #63, #570, #135, #377 ) ) ;
#2799 = ORIENTED_EDGE ( 'NONE', *, *, #469, .T. ) ;
#2800 = CARTESIAN_POINT ( 'NONE',  ( -71.04602967032580800, 17.03669832257290700, 29.65601210951410500 ) ) ;
#2801 = DIRECTION ( 'NONE',  ( 0.0000000000000000000, 0.0000000000000000000, -1.000000000000000000 ) ) ;
#2802 = AXIS2_PLACEMENT_3D ( 'NONE', #1877, #3228, #2665 ) ;
#2803 = AXIS2_PLACEMENT_3D ( 'NONE', #2476, #3039, #563 ) ;
#2804 = ORIENTED_EDGE ( 'NONE', *, *, #130, .F. ) ;
#2805 = CARTESIAN_POINT ( 'NONE',  ( -74.04602967032580800, 19.25337060386682400, 28.50000000000001400 ) ) ;
#2806 = EDGE_CURVE ( 'NONE', #479, #687, #3102, .T. ) ;
#2807 = ADVANCED_FACE ( 'NONE', ( #2326 ), #811, .F. ) ;
#2808 = DIRECTION ( 'NONE',  ( 0.0000000000000000000, 0.0000000000000000000, -1.000000000000000000 ) ) ;
#2809 = AXIS2_PLACEMENT_3D ( 'NONE', #1393, #1677, #306 ) ;
#2810 = CARTESIAN_POINT ( 'NONE',  ( -71.04602967032580800, 7.125808992391718300, 41.68822178325496000 ) ) ;
#2811 = ORIENTED_EDGE ( 'NONE', *, *, #2569, .F. ) ;
#2812 = EDGE_LOOP ( 'NONE', ( #698, #2103, #1354, #1337 ) ) ;
#2813 = CARTESIAN_POINT ( 'NONE',  ( -71.04602967032580800, 19.25337060386682400, 17.91666666666668200 ) ) ;
#2814 = DIRECTION ( 'NONE',  ( 0.0000000000000000000, 0.0000000000000000000, 1.000000000000000000 ) ) ;
#2815 = VECTOR ( 'NONE', #1046, 1000.000000000000000 ) ;
#2816 = CIRCLE ( 'NONE', #2620, 2.000000000000002700 ) ;
#2817 = ORIENTED_EDGE ( 'NONE', *, *, #2587, .T. ) ;
#2818 = ORIENTED_EDGE ( 'NONE', *, *, #2471, .T. ) ;
#2819 = CIRCLE ( 'NONE', #2050, 52.92058191901593000 ) ;
#2820 = AXIS2_PLACEMENT_3D ( 'NONE', #2338, #3454, #148 ) ;
#2821 = ADVANCED_FACE ( 'NONE', ( #991 ), #214, .T. ) ;
#2822 = ORIENTED_EDGE ( 'NONE', *, *, #2989, .T. ) ;
#2823 = DIRECTION ( 'NONE',  ( -1.000000000000000000, 0.0000000000000000000, 0.0000000000000000000 ) ) ;
#2824 = FACE_BOUND ( 'NONE', #1579, .T. ) ;
#2825 = EDGE_CURVE ( 'NONE', #2217, #1482, #1854, .T. ) ;
#2826 = AXIS2_PLACEMENT_3D ( 'NONE', #620, #1452, #898 ) ;
#2827 = VECTOR ( 'NONE', #3032, 1000.000000000000100 ) ;
#2828 = VERTEX_POINT ( 'NONE', #932 ) ;
#2829 = SURFACE_STYLE_USAGE ( .BOTH. , #3142 ) ;
#2830 = VECTOR ( 'NONE', #875, 1000.000000000000000 ) ;
#2831 = DIRECTION ( 'NONE',  ( -1.000000000000000000, 0.0000000000000000000, 0.0000000000000000000 ) ) ;
#2832 = ADVANCED_FACE ( 'NONE', ( #1026 ), #2861, .F. ) ;
#2833 = ORIENTED_EDGE ( 'NONE', *, *, #3429, .F. ) ;
#2835 = CARTESIAN_POINT ( 'NONE',  ( -74.04602967032580800, 36.75337060386684100, 55.49999999999997900 ) ) ;
#2834 = VECTOR ( 'NONE', #1146, 1000.000000000000000 ) ;
#2836 = CARTESIAN_POINT ( 'NONE',  ( -74.04602967032580800, 61.92745862896372000, 23.50000000000000000 ) ) ;
#2837 = FACE_OUTER_BOUND ( 'NONE', #2669, .T. ) ;
#2838 = CIRCLE ( 'NONE', #2429, 9.083333333333314400 ) ;
#2839 = ORIENTED_EDGE ( 'NONE', *, *, #3484, .F. ) ;
#2840 = ADVANCED_FACE ( 'NONE', ( #3278 ), #3424, .T. ) ;
#2841 = ORIENTED_EDGE ( 'NONE', *, *, #2490, .T. ) ;
#2842 = VERTEX_POINT ( 'NONE', #682 ) ;
#2843 = EDGE_CURVE ( 'NONE', #689, #1963, #3193, .T. ) ;
#2844 = DIRECTION ( 'NONE',  ( 1.000000000000000000, -0.0000000000000000000, -0.0000000000000000000 ) ) ;
#2845 = DIRECTION ( 'NONE',  ( 1.000000000000000000, -0.0000000000000000000, -0.0000000000000000000 ) ) ;
#2846 = AXIS2_PLACEMENT_3D ( 'NONE', #1166, #2134, #2627 ) ;
#2847 = DIRECTION ( 'NONE',  ( 0.0000000000000000000, 0.0000000000000000000, 1.000000000000000000 ) ) ;
#2848 = ADVANCED_FACE ( 'NONE', ( #178 ), #1523, .T. ) ;
#2849 = EDGE_CURVE ( 'NONE', #3111, #1979, #1068, .T. ) ;
#2850 = CARTESIAN_POINT ( 'NONE',  ( -71.04602967032580800, 19.25337060386682400, 28.50000000000001400 ) ) ;
#2851 = AXIS2_PLACEMENT_3D ( 'NONE', #522, #795, #1613 ) ;
#2852 =( LENGTH_UNIT ( ) NAMED_UNIT ( * ) SI_UNIT ( .MILLI., .METRE. ) );
#2853 = EDGE_LOOP ( 'NONE', ( #1377, #828, #3281, #2716, #2598, #73 ) ) ;
#2854 = EDGE_LOOP ( 'NONE', ( #1660, #280, #2343, #52 ) ) ;
#2855 = LINE ( 'NONE', #497, #2300 ) ;
#2856 = DIRECTION ( 'NONE',  ( 0.0000000000000000000, -0.7071067811865487900, 0.7071067811865463500 ) ) ;
#2857 = DIRECTION ( 'NONE',  ( 0.0000000000000000000, -3.854941057726234200E-016, -1.000000000000000000 ) ) ;
#2858 = ADVANCED_FACE ( 'NONE', ( #127 ), #3020, .F. ) ;
#2859 = CARTESIAN_POINT ( 'NONE',  ( -74.04602967032580800, 20.40938271338092100, 26.28332771870610400 ) ) ;
#2860 = VECTOR ( 'NONE', #2572, 1000.000000000000000 ) ;
#2861 = PLANE ( 'NONE',  #2026 ) ;
#2862 = CARTESIAN_POINT ( 'NONE',  ( -71.04602967032580800, 23.34635521604353100, 23.34635521604351300 ) ) ;
#2863 = ORIENTED_EDGE ( 'NONE', *, *, #1045, .F. ) ;
#2864 = EDGE_CURVE ( 'NONE', #2505, #345, #2747, .T. ) ;
#2865 = VERTEX_POINT ( 'NONE', #405 ) ;
#2866 = EDGE_CURVE ( 'NONE', #2219, #85, #297, .T. ) ;
#2867 = FACE_OUTER_BOUND ( 'NONE', #2024, .T. ) ;
#2868 = LINE ( 'NONE', #400, #2183 ) ;
#2869 = DIRECTION ( 'NONE',  ( 0.0000000000000000000, 0.0000000000000000000, -1.000000000000000000 ) ) ;
#2870 = ADVANCED_FACE ( 'NONE', ( #1288 ), #2875, .T. ) ;
#2871 = AXIS2_PLACEMENT_3D ( 'NONE', #296, #1084, #523 ) ;
#2872 = AXIS2_PLACEMENT_3D ( 'NONE', #3577, #2708, #2420 ) ;
#2873 = LINE ( 'NONE', #3160, #3010 ) ;
#2874 = DIRECTION ( 'NONE',  ( -1.000000000000000000, 0.0000000000000000000, 0.0000000000000000000 ) ) ;
#2875 = PLANE ( 'NONE',  #1886 ) ;
#2876 = DIRECTION ( 'NONE',  ( 1.000000000000000000, -0.0000000000000000000, -0.0000000000000000000 ) ) ;
#2877 = EDGE_CURVE ( 'NONE', #79, #2052, #1365, .T. ) ;
#2878 = VECTOR ( 'NONE', #1465, 1000.000000000000000 ) ;
#2879 = EDGE_LOOP ( 'NONE', ( #1569, #2329, #3282, #1650 ) ) ;
#2880 = ORIENTED_EDGE ( 'NONE', *, *, #2806, .F. ) ;
#2881 = CIRCLE ( 'NONE', #2996, 9.083333333333314400 ) ;
#2882 = CARTESIAN_POINT ( 'NONE',  ( -74.04602967032580800, 24.40701538782333900, 24.40701538782330700 ) ) ;
#2883 = CYLINDRICAL_SURFACE ( 'NONE', #2558, 10.58333333333333400 ) ;
#2884 = LINE ( 'NONE', #2159, #1289 ) ;
#2885 = ORIENTED_EDGE ( 'NONE', *, *, #1845, .F. ) ;
#2886 = EDGE_LOOP ( 'NONE', ( #2342, #1840, #516, #2041 ) ) ;
#2887 = VERTEX_POINT ( 'NONE', #2888 ) ;
#2888 = CARTESIAN_POINT ( 'NONE',  ( -74.04602967032580800, 20.40938271338092100, 30.71667228129392400 ) ) ;
#2889 = ORIENTED_EDGE ( 'NONE', *, *, #2079, .F. ) ;
#2890 = DIRECTION ( 'NONE',  ( 1.000000000000000000, -0.0000000000000000000, -0.0000000000000000000 ) ) ;
#2891 = AXIS2_PLACEMENT_3D ( 'NONE', #1766, #362, #615 ) ;
#2892 = ORIENTED_EDGE ( 'NONE', *, *, #1280, .F. ) ;
#2893 = DIRECTION ( 'NONE',  ( 1.000000000000000000, -0.0000000000000000000, 0.0000000000000000000 ) ) ;
#2894 = CARTESIAN_POINT ( 'NONE',  ( -71.04602967032580800, 1.753370603866835500, 0.0000000000000000000 ) ) ;
#2895 = EDGE_LOOP ( 'NONE', ( #3316, #363, #1240, #1544 ) ) ;
#2896 = DIRECTION ( 'NONE',  ( 1.000000000000000000, -0.0000000000000000000, -0.0000000000000000000 ) ) ;
#2897 = CARTESIAN_POINT ( 'NONE',  ( -70.04602967032580800, 58.92745862896372000, 40.49999999999999300 ) ) ;
#2898 = CARTESIAN_POINT ( 'NONE',  ( -71.04602967032580800, -26.37519891327379200, 50.10000000000002300 ) ) ;
#2899 = AXIS2_PLACEMENT_3D ( 'NONE', #2788, #2014, #649 ) ;
#2900 = DIRECTION ( 'NONE',  ( -1.000000000000000000, 0.0000000000000000000, 0.0000000000000000000 ) ) ;
#2901 = EDGE_LOOP ( 'NONE', ( #3535, #1364, #1819, #311 ) ) ;
#2902 = CARTESIAN_POINT ( 'NONE',  ( -71.04602967032580800, 19.25337060386682400, 28.50000000000001400 ) ) ;
#2903 = VECTOR ( 'NONE', #1701, 1000.000000000000000 ) ;
#2904 = CARTESIAN_POINT ( 'NONE',  ( -74.04602967032580800, -4.092984612176679500, 4.092984612176679500 ) ) ;
#2905 = VECTOR ( 'NONE', #250, 1000.000000000000000 ) ;
#2906 = CARTESIAN_POINT ( 'NONE',  ( -71.04602967032580800, 0.0000000000000000000, 61.00000000000000000 ) ) ;
#2907 = ADVANCED_FACE ( 'NONE', ( #2365 ), #2028, .T. ) ;
#2908 = DIRECTION ( 'NONE',  ( 0.0000000000000000000, 0.0000000000000000000, -1.000000000000000000 ) ) ;
#2909 = ORIENTED_EDGE ( 'NONE', *, *, #2754, .F. ) ;
#2910 = CARTESIAN_POINT ( 'NONE',  ( -74.04602967032580800, 19.25337060386682400, 28.50000000000001400 ) ) ;
#2911 = DIRECTION ( 'NONE',  ( 1.000000000000000000, -0.0000000000000000000, -0.0000000000000000000 ) ) ;
#2912 = PLANE ( 'NONE',  #3162 ) ;
#2913 = EDGE_LOOP ( 'NONE', ( #3015, #842, #1809, #1077 ) ) ;
#2914 = LINE ( 'NONE', #771, #2778 ) ;
#2915 = ORIENTED_EDGE ( 'NONE', *, *, #1205, .F. ) ;
#2916 = DIRECTION ( 'NONE',  ( 1.000000000000000000, -0.0000000000000000000, 0.0000000000000000000 ) ) ;
#2917 = FACE_BOUND ( 'NONE', #3070, .T. ) ;
#2918 = EDGE_CURVE ( 'NONE', #2679, #918, #378, .T. ) ;
#2919 = EDGE_CURVE ( 'NONE', #107, #96, #550, .T. ) ;
#2920 = LINE ( 'NONE', #796, #3494 ) ;
#2921 = ORIENTED_EDGE ( 'NONE', *, *, #1121, .F. ) ;
#2922 = DIRECTION ( 'NONE',  ( 1.000000000000000000, -0.0000000000000000000, -0.0000000000000000000 ) ) ;
#2923 = AXIS2_PLACEMENT_3D ( 'NONE', #2250, #2495, #2238 ) ;
#2924 = CARTESIAN_POINT ( 'NONE',  ( -71.04602967032580800, 68.23011617120124600, 59.00000000000000000 ) ) ;
#2925 = EDGE_LOOP ( 'NONE', ( #3467, #2092, #2880, #1529 ) ) ;
#2926 = LINE ( 'NONE', #989, #1315 ) ;
#2927 = CARTESIAN_POINT ( 'NONE',  ( -74.04602967032580800, -27.92196353426440300, 57.99999999999999300 ) ) ;
#2928 = CARTESIAN_POINT ( 'NONE',  ( -74.04602967032580800, 7.125808992391718300, 41.68822178325496000 ) ) ;
#2929 = EDGE_CURVE ( 'NONE', #1237, #364, #3232, .T. ) ;
#2930 = ORIENTED_EDGE ( 'NONE', *, *, #2391, .F. ) ;
#2931 = CIRCLE ( 'NONE', #2563, 10.58333333333333000 ) ;
#2932 = AXIS2_PLACEMENT_3D ( 'NONE', #1356, #1050, #1620 ) ;
#2933 = LINE ( 'NONE', #642, #729 ) ;
#2934 = CARTESIAN_POINT ( 'NONE',  ( -74.04602967032580800, -28.37519891327388400, 59.00000000000000000 ) ) ;
#2935 = VECTOR ( 'NONE', #147, 1000.000000000000000 ) ;
#2936 = ORIENTED_EDGE ( 'NONE', *, *, #575, .F. ) ;
#2937 = DIRECTION ( 'NONE',  ( 0.0000000000000000000, 0.0000000000000000000, -1.000000000000000000 ) ) ;
#2938 = EDGE_LOOP ( 'NONE', ( #552, #1906, #2678, #1984 ) ) ;
#2939 = VERTEX_POINT ( 'NONE', #1041 ) ;
#2940 = DIRECTION ( 'NONE',  ( 0.0000000000000000000, 0.0000000000000000000, 1.000000000000000000 ) ) ;
#2941 = DIRECTION ( 'NONE',  ( 0.0000000000000000000, -0.7071067811865475700, 0.7071067811865475700 ) ) ;
#2942 = SURFACE_STYLE_USAGE ( .BOTH. , #2107 ) ;
#2943 = CARTESIAN_POINT ( 'NONE',  ( -74.04602967032580800, 18.09735849435271900, 30.71667228129392800 ) ) ;
#2944 = PRODUCT_DEFINITION_FORMATION_WITH_SPECIFIED_SOURCE ( 'ANY', '', #3143, .NOT_KNOWN. ) ;
#2945 = EDGE_CURVE ( 'NONE', #2472, #3517, #1721, .T. ) ;
#2946 = AXIS2_PLACEMENT_3D ( 'NONE', #2934, #2464, #2387 ) ;
#2947 = CARTESIAN_POINT ( 'NONE',  ( -71.04602967032580800, 39.25337060386650700, 10.04769554830299300 ) ) ;
#2948 = EDGE_CURVE ( 'NONE', #151, #3483, #87, .T. ) ;
#2949 = ORIENTED_EDGE ( 'NONE', *, *, #1996, .F. ) ;
#2950 = ORIENTED_EDGE ( 'NONE', *, *, #2135, .F. ) ;
#2951 = DIRECTION ( 'NONE',  ( 0.0000000000000000000, 0.0000000000000000000, 1.000000000000000000 ) ) ;
#2952 = CYLINDRICAL_SURFACE ( 'NONE', #3233, 16.41666666666667100 ) ;
#2953 = PLANE ( 'NONE',  #1024 ) ;
#2954 = CYLINDRICAL_SURFACE ( 'NONE', #3004, 1.899999999999999000 ) ;
#2955 = CARTESIAN_POINT ( 'NONE',  ( -74.04602967032580800, -29.37519891327388100, 59.00000000000000000 ) ) ;
#2956 = ORIENTED_EDGE ( 'NONE', *, *, #2317, .F. ) ;
#2957 = EDGE_LOOP ( 'NONE', ( #3301, #1680, #2163, #3569, #1418, #26 ) ) ;
#2958 = CARTESIAN_POINT ( 'NONE',  ( -74.04602967032580800, 19.25337060386682400, 28.50000000000001400 ) ) ;
#2959 = DIRECTION ( 'NONE',  ( 1.000000000000000000, -0.0000000000000000000, -0.0000000000000000000 ) ) ;
#2960 = VECTOR ( 'NONE', #392, 1000.000000000000000 ) ;
#2961 = VECTOR ( 'NONE', #229, 1000.000000000000000 ) ;
#2962 = CARTESIAN_POINT ( 'NONE',  ( -74.04602967032580800, 64.23011617120123200, 52.00000000000002100 ) ) ;
#2963 = CARTESIAN_POINT ( 'NONE',  ( -71.04602967032580800, 23.34635521604350600, 23.34635521604352000 ) ) ;
#2964 = FACE_BOUND ( 'NONE', #485, .T. ) ;
#2965 = LINE ( 'NONE', #1183, #2878 ) ;
#2966 = EDGE_CURVE ( 'NONE', #3129, #2076, #2931, .T. ) ;
#2967 = ORIENTED_EDGE ( 'NONE', *, *, #1514, .T. ) ;
#2968 = DIRECTION ( 'NONE',  ( 1.000000000000000000, -0.0000000000000000000, 0.0000000000000000000 ) ) ;
#2969 = EDGE_LOOP ( 'NONE', ( #2324, #613, #1207, #3339 ) ) ;
#2970 = VECTOR ( 'NONE', #1783, 1000.000000000000000 ) ;
#2971 = DIRECTION ( 'NONE',  ( 0.0000000000000000000, 0.0000000000000000000, -1.000000000000000000 ) ) ;
#2972 = AXIS2_PLACEMENT_3D ( 'NONE', #3096, #2554, #599 ) ;
#2973 = CARTESIAN_POINT ( 'NONE',  ( -74.04602967032580800, -0.7466293961333470000, 48.50000000000007100 ) ) ;
#2974 = VERTEX_POINT ( 'NONE', #2651 ) ;
#2975 = CARTESIAN_POINT ( 'NONE',  ( -74.04602967032580800, 12.31896879757050200, 20.50493802192387300 ) ) ;
#2976 = CIRCLE ( 'NONE', #468, 1.547695548303154500 ) ;
#2977 = CARTESIAN_POINT ( 'NONE',  ( -71.04602967032580800, 8.187484831890765600, 16.37345405624412800 ) ) ;
#2978 = EDGE_CURVE ( 'NONE', #2704, #5, #3406, .T. ) ;
#2979 = VERTEX_POINT ( 'NONE', #2927 ) ;
#2980 = ORIENTED_EDGE ( 'NONE', *, *, #457, .F. ) ;
#2981 = VERTEX_POINT ( 'NONE', #1592 ) ;
#2982 = DIRECTION ( 'NONE',  ( 1.000000000000000000, 0.0000000000000000000, 0.0000000000000000000 ) ) ;
#2983 = EDGE_LOOP ( 'NONE', ( #2396, #1509, #3268, #3544 ) ) ;
#2984 = CARTESIAN_POINT ( 'NONE',  ( -71.04602967032580800, 31.38093221534193900, 15.31177821674509700 ) ) ;
#2985 = DIRECTION ( 'NONE',  ( 0.0000000000000000000, 0.0000000000000000000, -1.000000000000000000 ) ) ;
#2986 = CARTESIAN_POINT ( 'NONE',  ( -74.04602967032580800, 23.34635521604347700, 23.34635521604355500 ) ) ;
#2987 = CARTESIAN_POINT ( 'NONE',  ( -71.04602967032580800, -4.092984612176681300, 4.092984612176681300 ) ) ;
#2988 = DIRECTION ( 'NONE',  ( 0.0000000000000000000, 0.7071067811865472400, 0.7071067811865479100 ) ) ;
#2989 = EDGE_CURVE ( 'NONE', #3426, #2696, #1937, .T. ) ;
#2990 = EDGE_CURVE ( 'NONE', #2078, #331, #1765, .T. ) ;
#2991 = ORIENTED_EDGE ( 'NONE', *, *, #1741, .F. ) ;
#2992 = ORIENTED_EDGE ( 'NONE', *, *, #1073, .T. ) ;
#2993 = EDGE_LOOP ( 'NONE', ( #1414, #1619, #414, #502, #390, #3549 ) ) ;
#2994 = CARTESIAN_POINT ( 'NONE',  ( -74.04602967032580800, 10.25337060386683800, 51.28705773021170700 ) ) ;
#2995 = AXIS2_PLACEMENT_3D ( 'NONE', #2797, #2783, #2210 ) ;
#2996 = AXIS2_PLACEMENT_3D ( 'NONE', #1311, #1644, #3545 ) ;
#2997 = LINE ( 'NONE', #3514, #2262 ) ;
#2998 = CARTESIAN_POINT ( 'NONE',  ( -71.04602967032580800, 12.31896879757050600, 36.49506197807615800 ) ) ;
#2999 = EDGE_CURVE ( 'NONE', #421, #3231, #2196, .T. ) ;
#3000 = DIRECTION ( 'NONE',  ( 0.0000000000000000000, -1.000000000000000000, 1.156482317317871300E-015 ) ) ;
#3001 = PLANE ( 'NONE',  #401 ) ;
#3002 = DIRECTION ( 'NONE',  ( 0.0000000000000000000, 0.0000000000000000000, -1.000000000000000000 ) ) ;
#3003 = CYLINDRICAL_SURFACE ( 'NONE', #1331, 1.547695548303154500 ) ;
#3004 = AXIS2_PLACEMENT_3D ( 'NONE', #3394, #639, #1189 ) ;
#3005 = CARTESIAN_POINT ( 'NONE',  ( -74.04602967032580800, 58.92745862896372000, 37.49999999999999300 ) ) ;
#3006 = VERTEX_POINT ( 'NONE', #488 ) ;
#3007 = ORIENTED_EDGE ( 'NONE', *, *, #1679, .F. ) ;
#3008 = CIRCLE ( 'NONE', #1049, 16.41666666666667100 ) ;
#3009 = ORIENTED_EDGE ( 'NONE', *, *, #1323, .F. ) ;
#3010 = VECTOR ( 'NONE', #1221, 1000.000000000000000 ) ;
#3011 = DIRECTION ( 'NONE',  ( -1.000000000000000000, 0.0000000000000000000, -0.0000000000000000000 ) ) ;
#3012 = LINE ( 'NONE', #3310, #1928 ) ;
#3013 = DIRECTION ( 'NONE',  ( 0.0000000000000000000, -1.156482317317871300E-015, -1.000000000000000000 ) ) ;
#3014 = CARTESIAN_POINT ( 'NONE',  ( -74.04602967032580800, 19.25337060386682400, 28.50000000000001400 ) ) ;
#3015 = ORIENTED_EDGE ( 'NONE', *, *, #1391, .T. ) ;
#3016 = CIRCLE ( 'NONE', #2347, 2.000000000000002700 ) ;
#3017 = ADVANCED_FACE ( 'NONE', ( #857 ), #2147, .F. ) ;
#3018 = AXIS2_PLACEMENT_3D ( 'NONE', #2836, #3386, #1736 ) ;
#3019 = ORIENTED_EDGE ( 'NONE', *, *, #1370, .T. ) ;
#3020 = CYLINDRICAL_SURFACE ( 'NONE', #1389, 2.000000000000002700 ) ;
#3021 = EDGE_CURVE ( 'NONE', #735, #1552, #2573, .T. ) ;
#3022 = AXIS2_PLACEMENT_3D ( 'NONE', #1230, #1791, #415 ) ;
#3023 = ORIENTED_EDGE ( 'NONE', *, *, #1670, .T. ) ;
#3024 = CARTESIAN_POINT ( 'NONE',  ( -74.04602967032580800, 19.25337060386682400, 28.50000000000001400 ) ) ;
#3025 = DIRECTION ( 'NONE',  ( 1.000000000000000000, -0.0000000000000000000, -0.0000000000000000000 ) ) ;
#3026 = EDGE_LOOP ( 'NONE', ( #2275, #1106, #2707, #3035 ) ) ;
#3027 = ORIENTED_EDGE ( 'NONE', *, *, #84, .F. ) ;
#3028 = DIRECTION ( 'NONE',  ( 0.0000000000000000000, 0.0000000000000000000, -1.000000000000000000 ) ) ;
#3029 = ORIENTED_EDGE ( 'NONE', *, *, #197, .F. ) ;
#3030 = CARTESIAN_POINT ( 'NONE',  ( -71.04602967032580800, 25.12399530786740000, 21.56871512421962200 ) ) ;
#3031 = DIRECTION ( 'NONE',  ( 1.000000000000000000, -0.0000000000000000000, -0.0000000000000000000 ) ) ;
#3032 = DIRECTION ( 'NONE',  ( 0.0000000000000000000, -0.7071067811865483500, 0.7071067811865465700 ) ) ;
#3033 = CARTESIAN_POINT ( 'NONE',  ( -74.04602967032580800, 0.0000000000000000000, 55.49999999999997900 ) ) ;
#3034 = VERTEX_POINT ( 'NONE', #2637 ) ;
#3035 = ORIENTED_EDGE ( 'NONE', *, *, #3332, .T. ) ;
#3036 = LINE ( 'NONE', #3452, #109 ) ;
#3037 = EDGE_CURVE ( 'NONE', #3563, #2129, #2484, .T. ) ;
#3038 = EDGE_LOOP ( 'NONE', ( #3457, #2202, #2406, #142 ) ) ;
#3039 = DIRECTION ( 'NONE',  ( 0.0000000000000000000, -1.000000000000000000, -0.0000000000000000000 ) ) ;
#3040 = EDGE_LOOP ( 'NONE', ( #321, #1453, #2609, #3485 ) ) ;
#3041 = FACE_BOUND ( 'NONE', #2452, .T. ) ;
#3042 = EDGE_CURVE ( 'NONE', #2981, #2043, #42, .T. ) ;
#3043 = DIRECTION ( 'NONE',  ( 0.0000000000000000000, 0.0000000000000000000, -1.000000000000000000 ) ) ;
#3044 = DIRECTION ( 'NONE',  ( 0.0000000000000000000, 0.0000000000000000000, -1.000000000000000000 ) ) ;
#3045 = ORIENTED_EDGE ( 'NONE', *, *, #813, .T. ) ;
#3046 = DIRECTION ( 'NONE',  ( 0.0000000000000000000, 0.0000000000000000000, -1.000000000000000000 ) ) ;
#3047 = VERTEX_POINT ( 'NONE', #1017 ) ;
#3048 = VECTOR ( 'NONE', #1795, 1000.000000000000000 ) ;
#3049 = CIRCLE ( 'NONE', #1674, 1.899999999999999000 ) ;
#3050 = ADVANCED_FACE ( 'NONE', ( #3317 ), #2953, .T. ) ;
#3051 = LINE ( 'NONE', #49, #119 ) ;
#3052 = CIRCLE ( 'NONE', #2899, 1.547695548303152900 ) ;
#3053 = VERTEX_POINT ( 'NONE', #2380 ) ;
#3054 = DIRECTION ( 'NONE',  ( 1.000000000000000000, -0.0000000000000000000, -0.0000000000000000000 ) ) ;
#3055 = VERTEX_POINT ( 'NONE', #862 ) ;
#3056 = EDGE_CURVE ( 'NONE', #3053, #479, #681, .T. ) ;
#3057 = EDGE_CURVE ( 'NONE', #1862, #79, #1632, .T. ) ;
#3058 = FACE_OUTER_BOUND ( 'NONE', #199, .T. ) ;
#3059 = ORIENTED_EDGE ( 'NONE', *, *, #727, .T. ) ;
#3060 = EDGE_LOOP ( 'NONE', ( #1720, #2697, #1425, #741 ) ) ;
#3061 = CIRCLE ( 'NONE', #305, 1.899999999999999000 ) ;
#3062 = LINE ( 'NONE', #2504, #858 ) ;
#3063 = EDGE_LOOP ( 'NONE', ( #3414, #2544, #3164, #3154 ) ) ;
#3064 = AXIS2_PLACEMENT_3D ( 'NONE', #3262, #1603, #776 ) ;
#3065 = VERTEX_POINT ( 'NONE', #2101 ) ;
#3066 = EDGE_LOOP ( 'NONE', ( #1127, #700, #1098, #1442 ) ) ;
#3067 = ORIENTED_EDGE ( 'NONE', *, *, #1578, .T. ) ;
#3068 = EDGE_CURVE ( 'NONE', #2172, #3047, #1978, .T. ) ;
#3069 = CARTESIAN_POINT ( 'NONE',  ( -74.04602967032580800, 19.25337060386682400, 28.50000000000001400 ) ) ;
#3070 = EDGE_LOOP ( 'NONE', ( #1671, #526 ) ) ;
#3071 = DIRECTION ( 'NONE',  ( 0.0000000000000000000, 0.0000000000000000000, 1.000000000000000000 ) ) ;
#3072 = DIRECTION ( 'NONE',  ( 0.0000000000000000000, 0.0000000000000000000, -1.000000000000000000 ) ) ;
#3073 = DIRECTION ( 'NONE',  ( -1.000000000000000000, 0.0000000000000000000, 0.0000000000000000000 ) ) ;
#3074 = DIRECTION ( 'NONE',  ( 0.0000000000000000000, 0.0000000000000000000, -1.000000000000000000 ) ) ;
#3075 = VERTEX_POINT ( 'NONE', #722 ) ;
#3076 = ORIENTED_EDGE ( 'NONE', *, *, #2745, .F. ) ;
#3077 = ORIENTED_EDGE ( 'NONE', *, *, #1932, .F. ) ;
#3078 = CARTESIAN_POINT ( 'NONE',  ( -71.04602967032580800, 58.92745862896372000, 37.49999999999999300 ) ) ;
#3079 = DIRECTION ( 'NONE',  ( 1.000000000000000000, -0.0000000000000000000, -0.0000000000000000000 ) ) ;
#3080 = FACE_OUTER_BOUND ( 'NONE', #2925, .T. ) ;
#3081 = DIRECTION ( 'NONE',  ( -1.000000000000000000, 0.0000000000000000000, 0.0000000000000000000 ) ) ;
#3082 = ORIENTED_EDGE ( 'NONE', *, *, #2539, .F. ) ;
#3083 = DIRECTION ( 'NONE',  ( 1.000000000000000000, -0.0000000000000000000, 0.0000000000000000000 ) ) ;
#3084 = DIRECTION ( 'NONE',  ( 1.000000000000000000, 0.0000000000000000000, 0.0000000000000000000 ) ) ;
#3085 = EDGE_LOOP ( 'NONE', ( #1505, #2529, #1087, #2705, #1686, #2765, #3449, #3187, #3106, #254 ) ) ;
#3086 = CARTESIAN_POINT ( 'NONE',  ( -74.04602967032580800, 64.92745862896372000, 37.49999999999999300 ) ) ;
#3087 = AXIS2_PLACEMENT_3D ( 'NONE', #355, #66, #1136 ) ;
#3088 = ORIENTED_EDGE ( 'NONE', *, *, #338, .T. ) ;
#3089 = VECTOR ( 'NONE', #2577, 1000.000000000000000 ) ;
#3090 = CARTESIAN_POINT ( 'NONE',  ( -74.04602967032580800, -0.7466293961335344100, 8.500000000000056800 ) ) ;
#3091 = VECTOR ( 'NONE', #289, 1000.000000000000000 ) ;
#3092 = CIRCLE ( 'NONE', #1747, 1.899999999999999000 ) ;
#3093 = ORIENTED_EDGE ( 'NONE', *, *, #1259, .F. ) ;
#3094 = CARTESIAN_POINT ( 'NONE',  ( -74.04602967032580800, 39.25337060386650700, 8.499999999999840100 ) ) ;
#3095 = DIRECTION ( 'NONE',  ( 0.0000000000000000000, -0.7071067811865477900, 0.7071067811865473500 ) ) ;
#3096 = CARTESIAN_POINT ( 'NONE',  ( -71.04602967032580800, 19.25337060386682400, 28.50000000000001400 ) ) ;
#3097 = ORIENTED_EDGE ( 'NONE', *, *, #152, .F. ) ;
#3098 = CIRCLE ( 'NONE', #2872, 1.899999999999999000 ) ;
#3099 = CARTESIAN_POINT ( 'NONE',  ( -74.04602967032580800, 36.75337060386684100, 0.0000000000000000000 ) ) ;
#3100 = EDGE_LOOP ( 'NONE', ( #2062, #1892, #1717, #831 ) ) ;
#3101 = ADVANCED_FACE ( 'NONE', ( #894 ), #3519, .F. ) ;
#3102 = LINE ( 'NONE', #1746, #1456 ) ;
#3103 =( NAMED_UNIT ( * ) PLANE_ANGLE_UNIT ( ) SI_UNIT ( $, .RADIAN. ) );
#3104 = AXIS2_PLACEMENT_3D ( 'NONE', #1233, #160, #3209 ) ;
#3105 = EDGE_CURVE ( 'NONE', #1637, #1853, #2067, .T. ) ;
#3106 = ORIENTED_EDGE ( 'NONE', *, *, #2363, .T. ) ;
#3107 = PRODUCT_DEFINITION_CONTEXT ( 'detailed design', #1457, 'design' ) ;
#3108 = CARTESIAN_POINT ( 'NONE',  ( -74.04602967032580800, 19.25337060386682400, 10.58333333333334500 ) ) ;
#3109 = DIRECTION ( 'NONE',  ( 1.000000000000000000, -0.0000000000000000000, 0.0000000000000000000 ) ) ;
#3110 = AXIS2_PLACEMENT_3D ( 'NONE', #3328, #1960, #3072 ) ;
#3111 = VERTEX_POINT ( 'NONE', #2115 ) ;
#3112 = EDGE_CURVE ( 'NONE', #335, #1034, #2153, .T. ) ;
#3113 = CARTESIAN_POINT ( 'NONE',  ( -74.04602967032580800, 19.25337060386682400, 28.50000000000001400 ) ) ;
#3114 = AXIS2_PLACEMENT_3D ( 'NONE', #60, #3349, #2808 ) ;
#3115 = APPLICATION_CONTEXT ( 'automotive_design' ) ;
#3116 = ORIENTED_EDGE ( 'NONE', *, *, #1702, .F. ) ;
#3117 = CARTESIAN_POINT ( 'NONE',  ( -74.04602967032580800, 30.31925637584285100, 40.62654594375592900 ) ) ;
#3118 = ADVANCED_FACE ( 'NONE', ( #503 ), #2127, .F. ) ;
#3119 = CARTESIAN_POINT ( 'NONE',  ( -74.04602967032580800, 19.25337060386682400, 28.50000000000001400 ) ) ;
#3120 = CARTESIAN_POINT ( 'NONE',  ( -71.04602967032580800, 12.31896879757050200, 20.50493802192387300 ) ) ;
#3121 = ORIENTED_EDGE ( 'NONE', *, *, #3174, .T. ) ;
#3122 = ORIENTED_EDGE ( 'NONE', *, *, #2206, .F. ) ;
#3123 = VECTOR ( 'NONE', #1510, 1000.000000000000000 ) ;
#3124 = EDGE_CURVE ( 'NONE', #2865, #1178, #1321, .T. ) ;
#3125 = DIRECTION ( 'NONE',  ( 1.000000000000000000, -0.0000000000000000000, 0.0000000000000000000 ) ) ;
#3126 = CIRCLE ( 'NONE', #965, 16.41666666666667100 ) ;
#3127 = CARTESIAN_POINT ( 'NONE',  ( -74.04602967032580800, 19.25337060386682400, 28.50000000000001400 ) ) ;
#3128 = CARTESIAN_POINT ( 'NONE',  ( -74.04602967032580800, 21.47004288516073000, 27.34398789048590200 ) ) ;
#3129 = VERTEX_POINT ( 'NONE', #2659 ) ;
#3130 = FACE_OUTER_BOUND ( 'NONE', #2463, .T. ) ;
#3131 = ADVANCED_FACE ( 'NONE', ( #763 ), #482, .F. ) ;
#3132 = AXIS2_PLACEMENT_3D ( 'NONE', #1422, #2845, #3360 ) ;
#3133 = ORIENTED_EDGE ( 'NONE', *, *, #954, .T. ) ;
#3134 = CARTESIAN_POINT ( 'NONE',  ( -74.04602967032580800, 6.065148820611931900, 16.37243838852483800 ) ) ;
#3135 = DIRECTION ( 'NONE',  ( 0.0000000000000000000, -0.7071067811865449100, -0.7071067811865501300 ) ) ;
#3136 = DIRECTION ( 'NONE',  ( -1.000000000000000000, 0.0000000000000000000, 0.0000000000000000000 ) ) ;
#3137 = VECTOR ( 'NONE', #1800, 1000.000000000000000 ) ;
#3138 = LINE ( 'NONE', #3194, #2314 ) ;
#3139 = EDGE_CURVE ( 'NONE', #1000, #964, #256, .T. ) ;
#3140 = VECTOR ( 'NONE', #308, 1000.000000000000100 ) ;
#3141 = ADVANCED_FACE ( 'NONE', ( #1407 ), #3537, .T. ) ;
#3142 = SURFACE_SIDE_STYLE ('',( #1981 ) ) ;
#3143 = PRODUCT ( 'Back_Fan_Plate', 'Back_Fan_Plate', '', ( #1993 ) ) ;
#3144 = VECTOR ( 'NONE', #886, 1000.000000000000000 ) ;
#3145 = CARTESIAN_POINT ( 'NONE',  ( -74.04602967032580800, 19.25337060386682400, 28.50000000000001400 ) ) ;
#3146 = DIRECTION ( 'NONE',  ( 1.000000000000000000, -0.0000000000000000000, -0.0000000000000000000 ) ) ;
#3147 = ORIENTED_EDGE ( 'NONE', *, *, #3444, .F. ) ;
#3149 = CARTESIAN_POINT ( 'NONE',  ( -71.04602967032580800, 28.25337060386683800, 51.28705773021169300 ) ) ;
#3148 = CYLINDRICAL_SURFACE ( 'NONE', #906, 2.000000000000002700 ) ;
#3150 = DIRECTION ( 'NONE',  ( 0.0000000000000000000, 0.0000000000000000000, -1.000000000000000000 ) ) ;
#3151 = EDGE_LOOP ( 'NONE', ( #3509, #1371, #2019, #81 ) ) ;
#3152 =( GEOMETRIC_REPRESENTATION_CONTEXT ( 3 ) GLOBAL_UNCERTAINTY_ASSIGNED_CONTEXT ( ( #672 ) ) GLOBAL_UNIT_ASSIGNED_CONTEXT ( ( #2852, #3103, #1734 ) ) REPRESENTATION_CONTEXT ( 'NONE', 'WORKASPACE' ) );
#3153 = FACE_OUTER_BOUND ( 'NONE', #993, .T. ) ;
#3154 = ORIENTED_EDGE ( 'NONE', *, *, #2091, .T. ) ;
#3155 = VERTEX_POINT ( 'NONE', #1023 ) ;
#3156 = ORIENTED_EDGE ( 'NONE', *, *, #2135, .T. ) ;
#3157 = EDGE_CURVE ( 'NONE', #764, #79, #2699, .T. ) ;
#3158 = DIRECTION ( 'NONE',  ( 0.0000000000000000000, -0.7071067811865468000, -0.7071067811865483500 ) ) ;
#3159 = ORIENTED_EDGE ( 'NONE', *, *, #112, .T. ) ;
#3160 = CARTESIAN_POINT ( 'NONE',  ( -74.04602967032580800, 20.40938271338092100, 26.28332771870610400 ) ) ;
#3161 = CARTESIAN_POINT ( 'NONE',  ( 63.16044702067369300, 64.23011617120123200, 50.10000000000002300 ) ) ;
#3162 = AXIS2_PLACEMENT_3D ( 'NONE', #1285, #1540, #1565 ) ;
#3163 = DIRECTION ( 'NONE',  ( 1.000000000000000000, -0.0000000000000000000, -0.0000000000000000000 ) ) ;
#3164 = ORIENTED_EDGE ( 'NONE', *, *, #1556, .T. ) ;
#3165 = EDGE_LOOP ( 'NONE', ( #1009, #150, #911, #2644 ) ) ;
#3166 = CARTESIAN_POINT ( 'NONE',  ( -74.04602967032580800, -0.7466293961333470000, 46.95230445169691800 ) ) ;
#3167 = EDGE_LOOP ( 'NONE', ( #863, #1224, #177, #1343 ) ) ;
#3168 = CARTESIAN_POINT ( 'NONE',  ( -71.04602967032580800, 39.25337060386650700, 6.952304451696687900 ) ) ;
#3169 = DIRECTION ( 'NONE',  ( 1.000000000000000000, -0.0000000000000000000, 0.0000000000000000000 ) ) ;
#3170 = FACE_OUTER_BOUND ( 'NONE', #1148, .T. ) ;
#3171 = DIRECTION ( 'NONE',  ( 0.0000000000000000000, -1.000000000000000000, 0.0000000000000000000 ) ) ;
#3172 = DIRECTION ( 'NONE',  ( 0.0000000000000000000, 0.0000000000000000000, 1.000000000000000000 ) ) ;
#3173 = CYLINDRICAL_SURFACE ( 'NONE', #1752, 17.91666666666668600 ) ;
#3174 = EDGE_CURVE ( 'NONE', #3391, #2232, #1067, .T. ) ;
#3175 = VERTEX_POINT ( 'NONE', #3236 ) ;
#3176 = VECTOR ( 'NONE', #128, 1000.000000000000000 ) ;
#3177 = FACE_OUTER_BOUND ( 'NONE', #742, .T. ) ;
#3178 = AXIS2_PLACEMENT_3D ( 'NONE', #1111, #1936, #1961 ) ;
#3179 = AXIS2_PLACEMENT_3D ( 'NONE', #432, #987, #1468 ) ;
#3180 = LINE ( 'NONE', #2580, #2605 ) ;
#3181 = CARTESIAN_POINT ( 'NONE',  ( -74.04602967032580800, 28.25337060386683800, 51.28705773021169300 ) ) ;
#3182 = DIRECTION ( 'NONE',  ( 0.0000000000000000000, 0.0000000000000000000, 1.000000000000000000 ) ) ;
#3183 = CARTESIAN_POINT ( 'NONE',  ( -74.04602967032580800, -29.37519891327388100, 57.99999999999999300 ) ) ;
#3184 = CARTESIAN_POINT ( 'NONE',  ( -71.04602967032580800, 0.0000000000000000000, 0.0000000000000000000 ) ) ;
#3185 = EDGE_CURVE ( 'NONE', #1064, #1351, #2613, .T. ) ;
#3186 = VECTOR ( 'NONE', #607, 1000.000000000000000 ) ;
#3187 = ORIENTED_EDGE ( 'NONE', *, *, #2978, .T. ) ;
#3188 = ADVANCED_FACE ( 'NONE', ( #3355 ), #1827, .F. ) ;
#3189 = AXIS2_PLACEMENT_3D ( 'NONE', #2478, #2756, #2767 ) ;
#3190 = VERTEX_POINT ( 'NONE', #293 ) ;
#3191 = VECTOR ( 'NONE', #1917, 1000.000000000000000 ) ;
#3192 = ORIENTED_EDGE ( 'NONE', *, *, #105, .T. ) ;
#3193 = CIRCLE ( 'NONE', #3179, 2.499999999999998700 ) ;
#3194 = CARTESIAN_POINT ( 'NONE',  ( -74.04602967032580800, 24.40701538782340000, 24.40701538782326100 ) ) ;
#3195 = ORIENTED_EDGE ( 'NONE', *, *, #1813, .T. ) ;
#3196 = DIRECTION ( 'NONE',  ( 0.0000000000000000000, 0.0000000000000000000, -1.000000000000000000 ) ) ;
#3197 = EDGE_LOOP ( 'NONE', ( #1160, #971, #2494, #2956 ) ) ;
#3198 = DIRECTION ( 'NONE',  ( 0.0000000000000000000, -0.7071067811865474600, -0.7071067811865474600 ) ) ;
#3199 = VERTEX_POINT ( 'NONE', #551 ) ;
#3200 = DIRECTION ( 'NONE',  ( 0.0000000000000000000, 0.0000000000000000000, -1.000000000000000000 ) ) ;
#3201 = EDGE_LOOP ( 'NONE', ( #1711, #1093, #1759, #2980 ) ) ;
#3202 = ORIENTED_EDGE ( 'NONE', *, *, #2256, .T. ) ;
#3203 = AXIS2_PLACEMENT_3D ( 'NONE', #3219, #1574, #1847 ) ;
#3204 = DIRECTION ( 'NONE',  ( 0.0000000000000000000, -0.7071067811865468000, -0.7071067811865483500 ) ) ;
#3205 = EDGE_CURVE ( 'NONE', #397, #764, #3453, .T. ) ;
#3206 = CARTESIAN_POINT ( 'NONE',  ( -74.04602967032580800, 26.18777241016313100, 36.49506197807617300 ) ) ;
#3207 = ORIENTED_EDGE ( 'NONE', *, *, #2771, .F. ) ;
#3208 = DIRECTION ( 'NONE',  ( 0.0000000000000000000, 0.0000000000000000000, 1.000000000000000000 ) ) ;
#3209 = DIRECTION ( 'NONE',  ( 0.0000000000000000000, 0.0000000000000000000, -1.000000000000000000 ) ) ;
#3210 = AXIS2_PLACEMENT_3D ( 'NONE', #1784, #3136, #3172 ) ;
#3211 = CARTESIAN_POINT ( 'NONE',  ( -71.04602967032580800, 19.25337060386682400, 28.50000000000001400 ) ) ;
#3212 = DIRECTION ( 'NONE',  ( 0.0000000000000000000, 0.0000000000000000000, -1.000000000000000000 ) ) ;
#3213 = VERTEX_POINT ( 'NONE', #830 ) ;
#3214 = FACE_OUTER_BOUND ( 'NONE', #921, .T. ) ;
#3215 = DIRECTION ( 'NONE',  ( 0.0000000000000000000, 0.0000000000000000000, -1.000000000000000000 ) ) ;
#3216 = FACE_OUTER_BOUND ( 'NONE', #1251, .T. ) ;
#3217 = DIRECTION ( 'NONE',  ( 1.000000000000000000, -0.0000000000000000000, -0.0000000000000000000 ) ) ;
#3218 = VERTEX_POINT ( 'NONE', #1379 ) ;
#3219 = CARTESIAN_POINT ( 'NONE',  ( -74.04602967032580800, 19.25337060386682400, 28.50000000000001400 ) ) ;
#3220 = ORIENTED_EDGE ( 'NONE', *, *, #222, .F. ) ;
#3221 = VECTOR ( 'NONE', #2339, 1000.000000000000000 ) ;
#3222 = LINE ( 'NONE', #2615, #2142 ) ;
#3223 = LINE ( 'NONE', #156, #670 ) ;
#3224 = EDGE_CURVE ( 'NONE', #364, #62, #3271, .T. ) ;
#3225 = DIRECTION ( 'NONE',  ( 0.0000000000000000000, 0.0000000000000000000, 1.000000000000000000 ) ) ;
#3226 = VECTOR ( 'NONE', #2437, 1000.000000000000000 ) ;
#3227 = VECTOR ( 'NONE', #2629, 1000.000000000000100 ) ;
#3228 = DIRECTION ( 'NONE',  ( 1.000000000000000000, -0.0000000000000000000, -0.0000000000000000000 ) ) ;
#3229 = CARTESIAN_POINT ( 'NONE',  ( -74.04602967032580800, 19.25337060386682400, 28.50000000000001400 ) ) ;
#3230 = EDGE_CURVE ( 'NONE', #3231, #2285, #1239, .T. ) ;
#3231 = VERTEX_POINT ( 'NONE', #1324 ) ;
#3232 = LINE ( 'NONE', #973, #1545 ) ;
#3233 = AXIS2_PLACEMENT_3D ( 'NONE', #2176, #1636, #1325 ) ;
#3234 = VERTEX_POINT ( 'NONE', #2175 ) ;
#3235 = PRESENTATION_STYLE_ASSIGNMENT (( #2829 ) ) ;
#3236 = CARTESIAN_POINT ( 'NONE',  ( -71.04602967032580800, 26.18777241016313100, 36.49506197807617300 ) ) ;
#3237 = CIRCLE ( 'NONE', #1769, 2.499999999999998700 ) ;
#3238 = ORIENTED_EDGE ( 'NONE', *, *, #1824, .F. ) ;
#3239 = DIRECTION ( 'NONE',  ( 1.000000000000000000, -0.0000000000000000000, -0.0000000000000000000 ) ) ;
#3240 = EDGE_LOOP ( 'NONE', ( #439, #2180 ) ) ;
#3241 = ORIENTED_EDGE ( 'NONE', *, *, #1383, .T. ) ;
#3242 = DIRECTION ( 'NONE',  ( 1.000000000000000000, -0.0000000000000000000, -0.0000000000000000000 ) ) ;
#3243 = DIRECTION ( 'NONE',  ( 0.0000000000000000000, 0.0000000000000000000, 1.000000000000000000 ) ) ;
#3244 = DIRECTION ( 'NONE',  ( 1.000000000000000000, -0.0000000000000000000, -0.0000000000000000000 ) ) ;
#3245 = ORIENTED_EDGE ( 'NONE', *, *, #286, .T. ) ;
#3246 = EDGE_CURVE ( 'NONE', #2483, #223, #2881, .T. ) ;
#3247 = DIRECTION ( 'NONE',  ( -1.000000000000000000, -0.0000000000000000000, -0.0000000000000000000 ) ) ;
#3248 = AXIS2_PLACEMENT_3D ( 'NONE', #1340, #2695, #2392 ) ;
#3249 = AXIS2_PLACEMENT_3D ( 'NONE', #453, #1869, #218 ) ;
#3250 = VERTEX_POINT ( 'NONE', #1623 ) ;
#3251 = DIRECTION ( 'NONE',  ( 0.0000000000000000000, 0.0000000000000000000, -1.000000000000000000 ) ) ;
#3252 = EDGE_CURVE ( 'NONE', #1684, #1316, #423, .T. ) ;
#3253 = ORIENTED_EDGE ( 'NONE', *, *, #1889, .T. ) ;
#3254 = CARTESIAN_POINT ( 'NONE',  ( -71.04602967032580800, 61.80992920665785600, 2.999999999999997800 ) ) ;
#3255 = VERTEX_POINT ( 'NONE', #2156 ) ;
#3256 = CARTESIAN_POINT ( 'NONE',  ( -74.04602967032580800, 19.25337060386682400, 28.50000000000001400 ) ) ;
#3257 = FACE_OUTER_BOUND ( 'NONE', #2761, .T. ) ;
#3258 = ORIENTED_EDGE ( 'NONE', *, *, #2771, .T. ) ;
#3259 = EDGE_LOOP ( 'NONE', ( #3462, #2161, #2462, #3389 ) ) ;
#3260 = DIRECTION ( 'NONE',  ( 0.0000000000000000000, -0.7071067811865479100, 0.7071067811865472400 ) ) ;
#3261 = VECTOR ( 'NONE', #188, 1000.000000000000000 ) ;
#3262 = CARTESIAN_POINT ( 'NONE',  ( -74.04602967032580800, 39.25337060386669200, 48.49999999999985800 ) ) ;
#3263 = DIRECTION ( 'NONE',  ( 0.0000000000000000000, -0.7071067811865487900, 0.7071067811865463500 ) ) ;
#3264 = AXIS2_PLACEMENT_3D ( 'NONE', #3127, #3372, #106 ) ;
#3265 = LINE ( 'NONE', #1537, #799 ) ;
#3266 = DIRECTION ( 'NONE',  ( 0.0000000000000000000, 0.7071067811865466800, 0.7071067811865484600 ) ) ;
#3267 = LINE ( 'NONE', #1382, #2400 ) ;
#3268 = ORIENTED_EDGE ( 'NONE', *, *, #2383, .F. ) ;
#3269 = CARTESIAN_POINT ( 'NONE',  ( -71.04602967032580800, 61.92745862896372700, 37.49999999999999300 ) ) ;
#3270 = ORIENTED_EDGE ( 'NONE', *, *, #3493, .F. ) ;
#3271 = LINE ( 'NONE', #3319, #985 ) ;
#3272 = ORIENTED_EDGE ( 'NONE', *, *, #1177, .T. ) ;
#3273 = AXIS2_PLACEMENT_3D ( 'NONE', #2958, #3239, #756 ) ;
#3274 = DIRECTION ( 'NONE',  ( 0.0000000000000000000, -0.7071067811865443500, -0.7071067811865506800 ) ) ;
#3275 = CARTESIAN_POINT ( 'NONE',  ( -74.04602967032580800, 64.92745862896372000, 37.49999999999999300 ) ) ;
#3276 = ORIENTED_EDGE ( 'NONE', *, *, #2658, .T. ) ;
#3277 = DIRECTION ( 'NONE',  ( 0.0000000000000000000, 0.0000000000000000000, -1.000000000000000000 ) ) ;
#3278 = FACE_OUTER_BOUND ( 'NONE', #3368, .T. ) ;
#3279 = ORIENTED_EDGE ( 'NONE', *, *, #3021, .F. ) ;
#3280 = ORIENTED_EDGE ( 'NONE', *, *, #2053, .T. ) ;
#3281 = ORIENTED_EDGE ( 'NONE', *, *, #1441, .F. ) ;
#3282 = ORIENTED_EDGE ( 'NONE', *, *, #2540, .F. ) ;
#3283 = ORIENTED_EDGE ( 'NONE', *, *, #93, .T. ) ;
#3284 = DIRECTION ( 'NONE',  ( 1.000000000000000000, -0.0000000000000000000, -0.0000000000000000000 ) ) ;
#3285 = DIRECTION ( 'NONE',  ( 1.000000000000000000, -0.0000000000000000000, 0.0000000000000000000 ) ) ;
#3286 = DIRECTION ( 'NONE',  ( 1.000000000000000000, -0.0000000000000000000, -0.0000000000000000000 ) ) ;
#3287 = CARTESIAN_POINT ( 'NONE',  ( -71.04602967032580800, 0.0000000000000000000, 57.99999999999999300 ) ) ;
#3288 = EDGE_CURVE ( 'NONE', #621, #1555, #1805, .T. ) ;
#3289 = EDGE_LOOP ( 'NONE', ( #1155, #1301, #342, #8 ) ) ;
#3290 = EDGE_CURVE ( 'NONE', #1651, #2981, #336, .T. ) ;
#3291 = CARTESIAN_POINT ( 'NONE',  ( -74.04602967032580800, 24.40701538782334600, 24.40701538782328200 ) ) ;
#3292 = AXIS2_PLACEMENT_3D ( 'NONE', #243, #465, #1856 ) ;
#3293 = ORIENTED_EDGE ( 'NONE', *, *, #1259, .T. ) ;
#3294 = LINE ( 'NONE', #3336, #2386 ) ;
#3295 = DIRECTION ( 'NONE',  ( 0.0000000000000000000, -0.7071067811865474600, -0.7071067811865474600 ) ) ;
#3296 = EDGE_CURVE ( 'NONE', #1979, #3111, #3098, .T. ) ;
#3297 = CARTESIAN_POINT ( 'NONE',  ( -71.04602967032580800, 36.03903745722353600, 46.34632702513665200 ) ) ;
#3298 = CARTESIAN_POINT ( 'NONE',  ( -74.04602967032580800, 26.18465547964723300, 34.37062470400059800 ) ) ;
#3299 = VECTOR ( 'NONE', #2499, 1000.000000000000000 ) ;
#3300 = AXIS2_PLACEMENT_3D ( 'NONE', #1958, #1654, #572 ) ;
#3301 = ORIENTED_EDGE ( 'NONE', *, *, #1205, .T. ) ;
#3302 = ADVANCED_FACE ( 'NONE', ( #594 ), #2666, .F. ) ;
#3303 = ORIENTED_EDGE ( 'NONE', *, *, #2179, .F. ) ;
#3304 = VECTOR ( 'NONE', #929, 1000.000000000000000 ) ;
#3305 = CIRCLE ( 'NONE', #3104, 2.499999999999998700 ) ;
#3306 = VECTOR ( 'NONE', #1989, 1000.000000000000000 ) ;
#3307 = DIRECTION ( 'NONE',  ( 0.0000000000000000000, -0.7071067811865474600, -0.7071067811865474600 ) ) ;
#3308 = DIRECTION ( 'NONE',  ( 1.000000000000000000, -0.0000000000000000000, -0.0000000000000000000 ) ) ;
#3309 = LINE ( 'NONE', #263, #2827 ) ;
#3310 = CARTESIAN_POINT ( 'NONE',  ( -74.04602967032580800, 24.40701538782330700, 24.40701538782330700 ) ) ;
#3311 = ORIENTED_EDGE ( 'NONE', *, *, #1607, .F. ) ;
#3312 = EDGE_CURVE ( 'NONE', #598, #2828, #472, .T. ) ;
#3313 = FACE_BOUND ( 'NONE', #1144, .T. ) ;
#3314 = VERTEX_POINT ( 'NONE', #3254 ) ;
#3315 = AXIS2_PLACEMENT_3D ( 'NONE', #174, #3244, #2370 ) ;
#3316 = ORIENTED_EDGE ( 'NONE', *, *, #327, .F. ) ;
#3317 = FACE_OUTER_BOUND ( 'NONE', #864, .T. ) ;
#3318 = EDGE_CURVE ( 'NONE', #1063, #344, #2114, .T. ) ;
#3319 = CARTESIAN_POINT ( 'NONE',  ( -74.04602967032580800, 10.25337060386683800, 51.28705773021170700 ) ) ;
#3320 = LINE ( 'NONE', #2218, #1596 ) ;
#3321 = LINE ( 'NONE', #1913, #1553 ) ;
#3322 = VERTEX_POINT ( 'NONE', #2692 ) ;
#3323 = CARTESIAN_POINT ( 'NONE',  ( -74.04602967032580800, 19.25337060386682400, 28.50000000000001400 ) ) ;
#3324 = ORIENTED_EDGE ( 'NONE', *, *, #1130, .F. ) ;
#3325 = VERTEX_POINT ( 'NONE', #2436 ) ;
#3326 = CARTESIAN_POINT ( 'NONE',  ( 63.16044702067369300, -26.37519891327379200, 52.00000000000002100 ) ) ;
#3327 =( GEOMETRIC_REPRESENTATION_CONTEXT ( 3 ) GLOBAL_UNCERTAINTY_ASSIGNED_CONTEXT ( ( #3419 ) ) GLOBAL_UNIT_ASSIGNED_CONTEXT ( ( #2526, #1475, #99 ) ) REPRESENTATION_CONTEXT ( 'NONE', 'WORKASPACE' ) );
#3328 = CARTESIAN_POINT ( 'NONE',  ( -71.04602967032580800, 19.25337060386682400, 28.50000000000001400 ) ) ;
#3329 = VERTEX_POINT ( 'NONE', #785 ) ;
#3330 = ORIENTED_EDGE ( 'NONE', *, *, #1882, .F. ) ;
#3331 = ORIENTED_EDGE ( 'NONE', *, *, #1363, .F. ) ;
#3332 = EDGE_CURVE ( 'NONE', #2287, #2129, #1940, .T. ) ;
#3333 = FACE_OUTER_BOUND ( 'NONE', #1749, .T. ) ;
#3334 = CARTESIAN_POINT ( 'NONE',  ( -74.04602967032580800, -4.092984612176679500, 4.092984612176679500 ) ) ;
#3335 = AXIS2_PLACEMENT_3D ( 'NONE', #1822, #2094, #1524 ) ;
#3336 = CARTESIAN_POINT ( 'NONE',  ( -74.04602967032580800, 31.38093221534184700, 41.68822178325493200 ) ) ;
#3337 = VECTOR ( 'NONE', #2168, 1000.000000000000100 ) ;
#3338 = PLANE ( 'NONE',  #2610 ) ;
#3339 = ORIENTED_EDGE ( 'NONE', *, *, #2301, .T. ) ;
#3340 = CARTESIAN_POINT ( 'NONE',  ( -71.04602967032580800, 66.23011617120124600, 61.00000000000000000 ) ) ;
#3341 = FACE_OUTER_BOUND ( 'NONE', #1860, .T. ) ;
#3342 = VECTOR ( 'NONE', #653, 1000.000000000000000 ) ;
#3343 = CARTESIAN_POINT ( 'NONE',  ( -74.04602967032580800, 23.34635521604355200, 23.34635521604348800 ) ) ;
#3344 = FACE_OUTER_BOUND ( 'NONE', #1122, .T. ) ;
#3345 = DIRECTION ( 'NONE',  ( 0.0000000000000000000, 0.0000000000000000000, -1.000000000000000000 ) ) ;
#3346 = FACE_BOUND ( 'NONE', #3474, .T. ) ;
#3347 = ADVANCED_FACE ( 'NONE', ( #2528 ), #2459, .T. ) ;
#3348 = EDGE_LOOP ( 'NONE', ( #1342, #1439, #3253, #409 ) ) ;
#3349 = DIRECTION ( 'NONE',  ( 1.000000000000000000, -0.0000000000000000000, 0.0000000000000000000 ) ) ;
#3350 = DIRECTION ( 'NONE',  ( 0.0000000000000000000, 3.469446951953611000E-014, 1.000000000000000000 ) ) ;
#3351 = ORIENTED_EDGE ( 'NONE', *, *, #2825, .F. ) ;
#3352 = EDGE_CURVE ( 'NONE', #950, #735, #3580, .T. ) ;
#3353 = EDGE_CURVE ( 'NONE', #918, #85, #1030, .T. ) ;
#3354 = DIRECTION ( 'NONE',  ( 1.000000000000000000, -0.0000000000000000000, -0.0000000000000000000 ) ) ;
#3355 = FACE_OUTER_BOUND ( 'NONE', #3422, .T. ) ;
#3356 = VERTEX_POINT ( 'NONE', #3297 ) ;
#3357 = VERTEX_POINT ( 'NONE', #1655 ) ;
#3358 = LINE ( 'NONE', #834, #596 ) ;
#3359 = LINE ( 'NONE', #578, #1598 ) ;
#3360 = DIRECTION ( 'NONE',  ( 0.0000000000000000000, 0.0000000000000000000, 1.000000000000000000 ) ) ;
#3361 = ORIENTED_EDGE ( 'NONE', *, *, #2383, .T. ) ;
#3362 = AXIS2_PLACEMENT_3D ( 'NONE', #2295, #2265, #2814 ) ;
#3363 = ORIENTED_EDGE ( 'NONE', *, *, #1536, .F. ) ;
#3364 = ORIENTED_EDGE ( 'NONE', *, *, #1691, .F. ) ;
#3365 = CARTESIAN_POINT ( 'NONE',  ( -74.04602967032580800, 17.03669832257291700, 27.34398789048591300 ) ) ;
#3366 = ORIENTED_EDGE ( 'NONE', *, *, #3353, .F. ) ;
#3367 = EDGE_CURVE ( 'NONE', #996, #2865, #1676, .T. ) ;
#3368 = EDGE_LOOP ( 'NONE', ( #1898, #3303, #1621, #3192 ) ) ;
#3369 = DIRECTION ( 'NONE',  ( -1.000000000000000000, 0.0000000000000000000, 0.0000000000000000000 ) ) ;
#3370 = AXIS2_PLACEMENT_3D ( 'NONE', #805, #2155, #1900 ) ;
#3371 = EDGE_LOOP ( 'NONE', ( #2199, #1793, #3238, #3553 ) ) ;
#3372 = DIRECTION ( 'NONE',  ( 1.000000000000000000, -0.0000000000000000000, 0.0000000000000000000 ) ) ;
#3373 = ADVANCED_FACE ( 'NONE', ( #1857 ), #2575, .F. ) ;
#3374 = DIRECTION ( 'NONE',  ( -1.000000000000000000, 0.0000000000000000000, 0.0000000000000000000 ) ) ;
#3375 = DIRECTION ( 'NONE',  ( 0.0000000000000000000, 0.0000000000000000000, -1.000000000000000000 ) ) ;
#3376 = CARTESIAN_POINT ( 'NONE',  ( -74.04602967032580800, -0.7466293961333470000, 46.95230445169691800 ) ) ;
#3377 = ORIENTED_EDGE ( 'NONE', *, *, #2426, .T. ) ;
#3378 = DIRECTION ( 'NONE',  ( -1.000000000000000000, 0.0000000000000000000, 0.0000000000000000000 ) ) ;
#3379 = ORIENTED_EDGE ( 'NONE', *, *, #83, .F. ) ;
#3380 = CARTESIAN_POINT ( 'NONE',  ( -74.04602967032580800, 66.23011617120124600, 61.00000000000000000 ) ) ;
#3381 = ORIENTED_EDGE ( 'NONE', *, *, #408, .F. ) ;
#3382 = CIRCLE ( 'NONE', #1938, 1.547695548303154500 ) ;
#3383 = AXIS2_PLACEMENT_3D ( 'NONE', #757, #1876, #232 ) ;
#3384 = DIRECTION ( 'NONE',  ( 1.000000000000000000, -0.0000000000000000000, 0.0000000000000000000 ) ) ;
#3385 = CIRCLE ( 'NONE', #3300, 9.083333333333317900 ) ;
#3386 = DIRECTION ( 'NONE',  ( 1.000000000000000000, -0.0000000000000000000, -0.0000000000000000000 ) ) ;
#3387 = CARTESIAN_POINT ( 'NONE',  ( -74.04602967032580800, 68.23011617120124600, 59.00000000000000000 ) ) ;
#3388 = EDGE_CURVE ( 'NONE', #623, #2087, #3503, .T. ) ;
#3389 = ORIENTED_EDGE ( 'NONE', *, *, #1408, .T. ) ;
#3390 = AXIS2_PLACEMENT_3D ( 'NONE', #2630, #2916, #1262 ) ;
#3391 = VERTEX_POINT ( 'NONE', #2742 ) ;
#3392 = LINE ( 'NONE', #1513, #3221 ) ;
#3393 = ADVANCED_FACE ( 'NONE', ( #2618 ), #3539, .T. ) ;
#3394 = CARTESIAN_POINT ( 'NONE',  ( 63.16044702067369300, 64.23011617120123200, 52.00000000000002100 ) ) ;
#3395 = LINE ( 'NONE', #961, #459 ) ;
#3396 = VECTOR ( 'NONE', #2379, 1000.000000000000000 ) ;
#3397 = PLANE ( 'NONE',  #791 ) ;
#3398 = CYLINDRICAL_SURFACE ( 'NONE', #885, 1.547695548303154500 ) ;
#3399 = ORIENTED_EDGE ( 'NONE', *, *, #2795, .T. ) ;
#3400 = DIRECTION ( 'NONE',  ( 0.0000000000000000000, 3.469446951953619100E-016, -1.000000000000000000 ) ) ;
#3401 = DIRECTION ( 'NONE',  ( 1.000000000000000000, -0.0000000000000000000, -0.0000000000000000000 ) ) ;
#3402 = FACE_BOUND ( 'NONE', #3240, .T. ) ;
#3403 = ADVANCED_FACE ( 'NONE', ( #814 ), #2883, .T. ) ;
#3404 = ORIENTED_EDGE ( 'NONE', *, *, #2607, .T. ) ;
#3405 = ORIENTED_EDGE ( 'NONE', *, *, #2595, .F. ) ;
#3406 = CIRCLE ( 'NONE', #3315, 1.000000000000000900 ) ;
#3407 = VERTEX_POINT ( 'NONE', #1933 ) ;
#3408 = EDGE_CURVE ( 'NONE', #2939, #592, #3320, .T. ) ;
#3409 = LINE ( 'NONE', #1140, #509 ) ;
#3410 = LINE ( 'NONE', #2987, #2198 ) ;
#3411 = ORIENTED_EDGE ( 'NONE', *, *, #222, .T. ) ;
#3412 = ADVANCED_FACE ( 'NONE', ( #2837 ), #131, .F. ) ;
#3413 = DIRECTION ( 'NONE',  ( 1.000000000000000000, -0.0000000000000000000, 0.0000000000000000000 ) ) ;
#3414 = ORIENTED_EDGE ( 'NONE', *, *, #33, .F. ) ;
#3415 = AXIS2_PLACEMENT_3D ( 'NONE', #1055, #2988, #1333 ) ;
#3416 = EDGE_LOOP ( 'NONE', ( #114, #2119, #2034, #3351 ) ) ;
#3417 = DIRECTION ( 'NONE',  ( 0.0000000000000000000, 0.0000000000000000000, -1.000000000000000000 ) ) ;
#3418 = EDGE_CURVE ( 'NONE', #2244, #125, #3358, .T. ) ;
#3419 = UNCERTAINTY_MEASURE_WITH_UNIT (LENGTH_MEASURE( 1.000000000000000100E-005 ), #2526, 'distance_accuracy_value', 'NONE');
#3420 = DIRECTION ( 'NONE',  ( 0.0000000000000000000, 0.0000000000000000000, -1.000000000000000000 ) ) ;
#3421 = CARTESIAN_POINT ( 'NONE',  ( -74.04602967032580800, 28.25337060386681600, -1.089150783600016600E-014 ) ) ;
#3422 = EDGE_LOOP ( 'NONE', ( #1250, #1481, #295, #1119 ) ) ;
#3423 = DIRECTION ( 'NONE',  ( 0.0000000000000000000, -0.7071067811865451300, -0.7071067811865499000 ) ) ;
#3424 = PLANE ( 'NONE',  #1508 ) ;
#3425 = DIRECTION ( 'NONE',  ( 0.0000000000000000000, 0.0000000000000000000, -1.000000000000000000 ) ) ;
#3426 = VERTEX_POINT ( 'NONE', #825 ) ;
#3427 = ORIENTED_EDGE ( 'NONE', *, *, #34, .T. ) ;
#3428 = ADVANCED_FACE ( 'NONE', ( #90 ), #1201, .F. ) ;
#3429 = EDGE_CURVE ( 'NONE', #56, #344, #2701, .T. ) ;
#3430 = EDGE_CURVE ( 'NONE', #3563, #2299, #3409, .T. ) ;
#3431 = LINE ( 'NONE', #1688, #3520 ) ;
#3432 = DIRECTION ( 'NONE',  ( 0.0000000000000000000, -0.7071067811865496800, 0.7071067811865453500 ) ) ;
#3433 = ORIENTED_EDGE ( 'NONE', *, *, #1645, .F. ) ;
#3434 = CARTESIAN_POINT ( 'NONE',  ( -71.04602967032580800, 6.065148820611931900, 16.37243838852483800 ) ) ;
#3435 = DIRECTION ( 'NONE',  ( 1.000000000000000000, -0.0000000000000000000, 0.0000000000000000000 ) ) ;
#3436 = AXIS2_PLACEMENT_3D ( 'NONE', #2962, #1373, #2209 ) ;
#3437 = AXIS2_PLACEMENT_3D ( 'NONE', #2973, #1902, #521 ) ;
#3438 = CARTESIAN_POINT ( 'NONE',  ( -71.04602967032580800, 24.40701538782334600, 24.40701538782328200 ) ) ;
#3439 = ORIENTED_EDGE ( 'NONE', *, *, #2246, .T. ) ;
#3440 = CARTESIAN_POINT ( 'NONE',  ( -74.04602967032580800, 39.25337060386650700, 8.499999999999840100 ) ) ;
#3441 = DIRECTION ( 'NONE',  ( 0.0000000000000000000, -1.000000000000000000, 3.469446951953616200E-016 ) ) ;
#3442 = VECTOR ( 'NONE', #2162, 1000.000000000000000 ) ;
#3443 = VECTOR ( 'NONE', #736, 1000.000000000000000 ) ;
#3444 = EDGE_CURVE ( 'NONE', #772, #1517, #3061, .T. ) ;
#3445 = FACE_BOUND ( 'NONE', #949, .T. ) ;
#3446 = CARTESIAN_POINT ( 'NONE',  ( -74.04602967032580800, 11.25830862579071300, 21.56559819370366400 ) ) ;
#3447 = VECTOR ( 'NONE', #334, 1000.000000000000000 ) ;
#3448 = DIRECTION ( 'NONE',  ( 0.0000000000000000000, -0.7071067811865453500, -0.7071067811865496800 ) ) ;
#3449 = ORIENTED_EDGE ( 'NONE', *, *, #706, .F. ) ;
#3450 = CARTESIAN_POINT ( 'NONE',  ( -74.04602967032580800, 12.32208572808644200, 22.62937529599940200 ) ) ;
#3451 = ORIENTED_EDGE ( 'NONE', *, *, #3513, .F. ) ;
#3452 = CARTESIAN_POINT ( 'NONE',  ( -74.04602967032580800, 7.126824660110921500, 39.56588577197606300 ) ) ;
#3453 = LINE ( 'NONE', #1104, #1149 ) ;
#3454 = DIRECTION ( 'NONE',  ( 1.000000000000000000, -0.0000000000000000000, -0.0000000000000000000 ) ) ;
#3455 = CARTESIAN_POINT ( 'NONE',  ( -74.04602967032580800, -24.07254137103631200, 40.50000000000000700 ) ) ;
#3456 = DIRECTION ( 'NONE',  ( 1.000000000000000000, -0.0000000000000000000, -0.0000000000000000000 ) ) ;
#3457 = ORIENTED_EDGE ( 'NONE', *, *, #1566, .F. ) ;
#3458 = CIRCLE ( 'NONE', #2891, 10.58333333333333400 ) ;
#3459 = LINE ( 'NONE', #1341, #2160 ) ;
#3460 = ORIENTED_EDGE ( 'NONE', *, *, #1649, .T. ) ;
#3461 = CARTESIAN_POINT ( 'NONE',  ( -74.04602967032580800, 64.23011617120123200, 53.90000000000002000 ) ) ;
#3462 = ORIENTED_EDGE ( 'NONE', *, *, #2181, .F. ) ;
#3463 = ORIENTED_EDGE ( 'NONE', *, *, #1314, .F. ) ;
#3464 = CARTESIAN_POINT ( 'NONE',  ( -74.04602967032580800, 26.18465547964724400, 34.37062470400060500 ) ) ;
#3465 = CARTESIAN_POINT ( 'NONE',  ( -74.04602967032580800, 12.31896879757050600, 36.49506197807615800 ) ) ;
#3466 = CARTESIAN_POINT ( 'NONE',  ( -74.04602967032580800, 24.40701538782330700, 24.40701538782330700 ) ) ;
#3467 = ORIENTED_EDGE ( 'NONE', *, *, #2948, .T. ) ;
#3468 = DIRECTION ( 'NONE',  ( 1.000000000000000000, -0.0000000000000000000, -0.0000000000000000000 ) ) ;
#3469 = CARTESIAN_POINT ( 'NONE',  ( -74.04602967032580800, -4.092984612176683100, 4.092984612176683100 ) ) ;
#3470 = AXIS2_PLACEMENT_3D ( 'NONE', #1220, #1210, #1492 ) ;
#3471 = DIRECTION ( 'NONE',  ( 1.000000000000000000, -0.0000000000000000000, 0.0000000000000000000 ) ) ;
#3472 = ORIENTED_EDGE ( 'NONE', *, *, #2224, .T. ) ;
#3473 = DIRECTION ( 'NONE',  ( 0.0000000000000000000, -0.7071067811865474600, -0.7071067811865474600 ) ) ;
#3474 = EDGE_LOOP ( 'NONE', ( #2254, #1954, #1455, #802 ) ) ;
#3475 = DIRECTION ( 'NONE',  ( 0.0000000000000000000, -0.7071067811865449100, -0.7071067811865501300 ) ) ;
#3476 = VECTOR ( 'NONE', #2004, 1000.000000000000000 ) ;
#3477 = CARTESIAN_POINT ( 'NONE',  ( -74.04602967032580800, -24.07254137103635500, 37.50000000000000700 ) ) ;
#3478 = CARTESIAN_POINT ( 'NONE',  ( -74.04602967032580800, 27.24843258194294300, 21.56559819370366800 ) ) ;
#3479 = DIRECTION ( 'NONE',  ( 0.0000000000000000000, 0.0000000000000000000, -1.000000000000000000 ) ) ;
#3480 = ORIENTED_EDGE ( 'NONE', *, *, #889, .F. ) ;
#3481 = ADVANCED_FACE ( 'NONE', ( #685 ), #2236, .F. ) ;
#3482 = EDGE_CURVE ( 'NONE', #3218, #3322, #2976, .T. ) ;
#3483 = VERTEX_POINT ( 'NONE', #1689 ) ;
#3484 = EDGE_CURVE ( 'NONE', #2037, #1729, #3458, .T. ) ;
#3485 = ORIENTED_EDGE ( 'NONE', *, *, #889, .T. ) ;
#3486 = FACE_BOUND ( 'NONE', #2853, .T. ) ;
#3487 = CARTESIAN_POINT ( 'NONE',  ( -71.04602967032580800, 19.25337060386682400, 28.50000000000001400 ) ) ;
#3488 = AXIS2_PLACEMENT_3D ( 'NONE', #574, #1681, #861 ) ;
#3489 = LINE ( 'NONE', #1991, #2960 ) ;
#3490 = VECTOR ( 'NONE', #1549, 1000.000000000000000 ) ;
#3491 = CARTESIAN_POINT ( 'NONE',  ( -71.04602967032580800, 1.407043578730223600, 45.28566685335675100 ) ) ;
#3492 = CARTESIAN_POINT ( 'NONE',  ( -71.04602967032580800, -26.37519891327379200, 53.90000000000002000 ) ) ;
#3493 = EDGE_CURVE ( 'NONE', #3357, #2483, #2284, .T. ) ;
#3494 = VECTOR ( 'NONE', #2200, 1000.000000000000000 ) ;
#3495 = ORIENTED_EDGE ( 'NONE', *, *, #2948, .F. ) ;
#3496 = AXIS2_PLACEMENT_3D ( 'NONE', #590, #2513, #869 ) ;
#3497 = CYLINDRICAL_SURFACE ( 'NONE', #2776, 24.50000000000000000 ) ;
#3498 = ORIENTED_EDGE ( 'NONE', *, *, #1607, .T. ) ;
#3499 = ORIENTED_EDGE ( 'NONE', *, *, #272, .T. ) ;
#3500 = VECTOR ( 'NONE', #2857, 1000.000000000000000 ) ;
#3501 = DIRECTION ( 'NONE',  ( 1.000000000000000000, -0.0000000000000000000, 0.0000000000000000000 ) ) ;
#3502 = DIRECTION ( 'NONE',  ( 0.0000000000000000000, 0.0000000000000000000, -1.000000000000000000 ) ) ;
#3503 = LINE ( 'NONE', #2467, #1409 ) ;
#3504 = FILL_AREA_STYLE_COLOUR ( '', #2735 ) ;
#3505 = LINE ( 'NONE', #1283, #2935 ) ;
#3506 = CARTESIAN_POINT ( 'NONE',  ( -71.04602967032580800, 39.25337060386669200, 50.04769554830301100 ) ) ;
#3507 = EDGE_LOOP ( 'NONE', ( #915, #1109, #1042, #2623 ) ) ;
#3508 = EDGE_CURVE ( 'NONE', #3129, #27, #1499, .T. ) ;
#3509 = ORIENTED_EDGE ( 'NONE', *, *, #1691, .T. ) ;
#3510 = EDGE_LOOP ( 'NONE', ( #1934, #1405, #3498, #1504 ) ) ;
#3511 = CARTESIAN_POINT ( 'NONE',  ( -74.04602967032580800, 36.75337060386684100, 55.49999999999997900 ) ) ;
#3512 = CARTESIAN_POINT ( 'NONE',  ( -74.04602967032580800, 19.25337060386682400, 28.50000000000001400 ) ) ;
#3513 = EDGE_CURVE ( 'NONE', #996, #3250, #299, .T. ) ;
#3514 = CARTESIAN_POINT ( 'NONE',  ( -74.04602967032580800, 21.47004288516074100, 29.65601210951410500 ) ) ;
#3515 = CARTESIAN_POINT ( 'NONE',  ( -74.04602967032580800, -5.153644783956432100, 5.153644783956397500 ) ) ;
#3516 = EDGE_LOOP ( 'NONE', ( #270, #237, #425, #2364, #610, #428 ) ) ;
#3517 = VERTEX_POINT ( 'NONE', #2810 ) ;
#3518 = FACE_OUTER_BOUND ( 'NONE', #2786, .T. ) ;
#3519 = PLANE ( 'NONE',  #1587 ) ;
#3520 = VECTOR ( 'NONE', #1402, 1000.000000000000000 ) ;
#3521 = CARTESIAN_POINT ( 'NONE',  ( -74.04602967032580800, 24.40701538782334600, 24.40701538782328200 ) ) ;
#3522 = DIRECTION ( 'NONE',  ( 0.0000000000000000000, -0.7071067811865479100, 0.7071067811865472400 ) ) ;
#3523 = AXIS2_PLACEMENT_3D ( 'NONE', #1959, #3308, #273 ) ;
#3524 = CARTESIAN_POINT ( 'NONE',  ( -71.04602967032580800, -26.37519891327379200, 52.00000000000002100 ) ) ;
#3525 = ORIENTED_EDGE ( 'NONE', *, *, #2569, .T. ) ;
#3526 = VERTEX_POINT ( 'NONE', #3380 ) ;
#3527 = VECTOR ( 'NONE', #2125, 1000.000000000000000 ) ;
#3528 = VECTOR ( 'NONE', #2922, 1000.000000000000000 ) ;
#3529 = EDGE_CURVE ( 'NONE', #939, #1829, #1458, .T. ) ;
#3530 = DIRECTION ( 'NONE',  ( 1.000000000000000000, 0.0000000000000000000, -0.0000000000000000000 ) ) ;
#3531 = LINE ( 'NONE', #2105, #76 ) ;
#3532 = AXIS2_PLACEMENT_3D ( 'NONE', #952, #1213, #658 ) ;
#3533 = VECTOR ( 'NONE', #1147, 1000.000000000000000 ) ;
#3534 = DIRECTION ( 'NONE',  ( 0.0000000000000000000, -0.7071067811865470200, 0.7071067811865480200 ) ) ;
#3535 = ORIENTED_EDGE ( 'NONE', *, *, #1950, .F. ) ;
#3536 = ORIENTED_EDGE ( 'NONE', *, *, #265, .T. ) ;
#3537 = CYLINDRICAL_SURFACE ( 'NONE', #2946, 2.000000000000001800 ) ;
#3538 = ORIENTED_EDGE ( 'NONE', *, *, #2919, .F. ) ;
#3539 = CYLINDRICAL_SURFACE ( 'NONE', #3523, 2.499999999999998700 ) ;
#3540 = CIRCLE ( 'NONE', #1134, 2.000000000000001800 ) ;
#3541 = ORIENTED_EDGE ( 'NONE', *, *, #559, .F. ) ;
#3542 = ORIENTED_EDGE ( 'NONE', *, *, #1273, .T. ) ;
#3543 = PLANE ( 'NONE',  #2080 ) ;
#3544 = ORIENTED_EDGE ( 'NONE', *, *, #2825, .T. ) ;
#3545 = DIRECTION ( 'NONE',  ( 0.0000000000000000000, 0.0000000000000000000, -1.000000000000000000 ) ) ;
#3546 = DIRECTION ( 'NONE',  ( 0.0000000000000000000, 0.0000000000000000000, -1.000000000000000000 ) ) ;
#3547 = DIRECTION ( 'NONE',  ( 1.000000000000000000, -0.0000000000000000000, 0.0000000000000000000 ) ) ;
#3548 = CARTESIAN_POINT ( 'NONE',  ( -74.04602967032580800, 26.18465547964720100, 22.62937529599941300 ) ) ;
#3549 = ORIENTED_EDGE ( 'NONE', *, *, #1303, .F. ) ;
#3550 = EDGE_CURVE ( 'NONE', #107, #421, #2933, .T. ) ;
#3551 = AXIS2_PLACEMENT_3D ( 'NONE', #1692, #51, #1780 ) ;
#3552 = AXIS2_PLACEMENT_3D ( 'NONE', #2346, #2355, #1794 ) ;
#3553 = ORIENTED_EDGE ( 'NONE', *, *, #444, .T. ) ;
#3554 = EDGE_CURVE ( 'NONE', #592, #335, #643, .T. ) ;
#3555 = CARTESIAN_POINT ( 'NONE',  ( -74.04602967032580800, 25.12399530786742500, 35.43128487578045600 ) ) ;
#3556 = DIRECTION ( 'NONE',  ( 0.0000000000000000000, -0.7071067811865465700, 0.7071067811865484600 ) ) ;
#3557 = ORIENTED_EDGE ( 'NONE', *, *, #928, .T. ) ;
#3558 = CARTESIAN_POINT ( 'NONE',  ( -74.04602967032580800, 19.25337060386682400, 26.00000000000001800 ) ) ;
#3559 = CARTESIAN_POINT ( 'NONE',  ( -74.04602967032580800, -21.07254137103627300, 23.50000000000000000 ) ) ;
#3560 = AXIS2_PLACEMENT_3D ( 'NONE', #1206, #940, #1732 ) ;
#3561 = FACE_OUTER_BOUND ( 'NONE', #2938, .T. ) ;
#3562 = FACE_OUTER_BOUND ( 'NONE', #3201, .T. ) ;
#3563 = VERTEX_POINT ( 'NONE', #2550 ) ;
#3564 = CARTESIAN_POINT ( 'NONE',  ( -74.04602967032580800, 1.407043578730313900, 11.71433314664318500 ) ) ;
#3565 = EDGE_LOOP ( 'NONE', ( #146, #1375, #1850, #525 ) ) ;
#3566 = FACE_BOUND ( 'NONE', #2886, .T. ) ;
#3567 = CARTESIAN_POINT ( 'NONE',  ( -74.04602967032580800, 19.25337060386682400, 28.50000000000001400 ) ) ;
#3568 = CARTESIAN_POINT ( 'NONE',  ( -71.04602967032580800, 31.38093221534184700, 41.68822178325493200 ) ) ;
#3569 = ORIENTED_EDGE ( 'NONE', *, *, #1645, .T. ) ;
#3570 = FACE_BOUND ( 'NONE', #1437, .T. ) ;
#3571 = AXIS2_PLACEMENT_3D ( 'NONE', #251, #1039, #2145 ) ;
#3572 = VECTOR ( 'NONE', #1062, 1000.000000000000000 ) ;
#3573 = ORIENTED_EDGE ( 'NONE', *, *, #221, .F. ) ;
#3574 = EDGE_CURVE ( 'NONE', #3329, #1090, #2408, .T. ) ;
#3575 = LINE ( 'NONE', #3343, #2830 ) ;
#3576 = DIRECTION ( 'NONE',  ( 0.0000000000000000000, 0.0000000000000000000, -1.000000000000000000 ) ) ;
#3577 = CARTESIAN_POINT ( 'NONE',  ( -74.04602967032580800, -26.37519891327379200, 52.00000000000002100 ) ) ;
#3578 = ORIENTED_EDGE ( 'NONE', *, *, #1296, .T. ) ;
#3579 = CIRCLE ( 'NONE', #770, 2.000000000000002700 ) ;
#3580 = CIRCLE ( 'NONE', #40, 3.000000000000002700 ) ;
ENDSEC;
END-ISO-10303-21;
