ISO-10303-21;
HEADER;
FILE_DESCRIPTION (( 'STEP AP214' ),
    '1' );
FILE_NAME ('Front_Cover_Plate.STEP',
    '2019-01-10T18:29:42',
    ( '' ),
    ( '' ),
    'SwSTEP 2.0',
    'SolidWorks 2017',
    '' );
FILE_SCHEMA (( 'AUTOMOTIVE_DESIGN' ));
ENDSEC;

DATA;
#1 = ORIENTED_EDGE ( 'NONE', *, *, #2638, .T. ) ;
#2 = EDGE_CURVE ( 'NONE', #1925, #1866, #1507, .T. ) ;
#3 = CARTESIAN_POINT ( 'NONE',  ( 60.16044702067369300, 1.044988051269255100, 49.00000000000004300 ) ) ;
#4 = ORIENTED_EDGE ( 'NONE', *, *, #93, .F. ) ;
#5 = VERTEX_POINT ( 'NONE', #1810 ) ;
#6 = AXIS2_PLACEMENT_3D ( 'NONE', #2805, #1004, #1328 ) ;
#7 = EDGE_CURVE ( 'NONE', #2830, #3293, #1748, .T. ) ;
#8 = ORIENTED_EDGE ( 'NONE', *, *, #1481, .F. ) ;
#9 = CARTESIAN_POINT ( 'NONE',  ( 60.16044702067369300, -20.95501194873052200, 18.99999999999997500 ) ) ;
#10 = VERTEX_POINT ( 'NONE', #1823 ) ;
#11 = DIRECTION ( 'NONE',  ( 0.0000000000000000000, 1.000000000000000000, 0.0000000000000000000 ) ) ;
#12 = DIRECTION ( 'NONE',  ( 0.0000000000000000000, 1.000000000000000000, 0.0000000000000000000 ) ) ;
#13 = DIRECTION ( 'NONE',  ( 1.000000000000000000, -1.972152263052526900E-031, -1.375826490327504600E-048 ) ) ;
#14 = VECTOR ( 'NONE', #1950, 1000.000000000000000 ) ;
#15 = DIRECTION ( 'NONE',  ( 1.000000000000000000, -1.972152263052526900E-031, -1.375826490327504600E-048 ) ) ;
#16 = ORIENTED_EDGE ( 'NONE', *, *, #1051, .T. ) ;
#17 = EDGE_CURVE ( 'NONE', #3415, #2115, #3231, .T. ) ;
#18 = EDGE_CURVE ( 'NONE', #247, #1320, #1259, .T. ) ;
#19 = DIRECTION ( 'NONE',  ( 1.000000000000000000, -1.972152263052526900E-031, -1.375826490327504600E-048 ) ) ;
#20 = DIRECTION ( 'NONE',  ( 1.000000000000000000, -1.972152263052526900E-031, -1.375826490327504600E-048 ) ) ;
#21 = CYLINDRICAL_SURFACE ( 'NONE', #3345, 2.000000000000003600 ) ;
#22 = VERTEX_POINT ( 'NONE', #1178 ) ;
#23 = DIRECTION ( 'NONE',  ( 1.000000000000000000, -1.972152263052526900E-031, -1.375826490327504600E-048 ) ) ;
#24 = ADVANCED_FACE ( 'NONE', ( #3855 ), #3301, .F. ) ;
#25 = CIRCLE ( 'NONE', #652, 3.000000000000002700 ) ;
#26 = ORIENTED_EDGE ( 'NONE', *, *, #2479, .T. ) ;
#27 = DIRECTION ( 'NONE',  ( 1.000000000000000000, -1.972152263052526900E-031, -1.375826490327504600E-048 ) ) ;
#28 = ORIENTED_EDGE ( 'NONE', *, *, #1901, .T. ) ;
#29 = AXIS2_PLACEMENT_3D ( 'NONE', #2474, #3463, #3701 ) ;
#30 = DIRECTION ( 'NONE',  ( 1.000000000000000000, -1.972152263052526900E-031, -1.375826490327504600E-048 ) ) ;
#31 = FACE_BOUND ( 'NONE', #3018, .T. ) ;
#32 = VERTEX_POINT ( 'NONE', #2422 ) ;
#33 = EDGE_LOOP ( 'NONE', ( #1836, #66, #2718, #3268 ) ) ;
#34 = DIRECTION ( 'NONE',  ( 1.000000000000000000, -1.972152263052526900E-031, -1.375826490327504600E-048 ) ) ;
#35 = EDGE_LOOP ( 'NONE', ( #2687, #398, #286, #3145 ) ) ;
#37 = CARTESIAN_POINT ( 'NONE',  ( 60.16044702067369300, -29.37519891327383800, 59.00000000000000000 ) ) ;
#36 =( GEOMETRIC_REPRESENTATION_CONTEXT ( 3 ) GLOBAL_UNCERTAINTY_ASSIGNED_CONTEXT ( ( #605 ) ) GLOBAL_UNIT_ASSIGNED_CONTEXT ( ( #3908, #2110, #1813 ) ) REPRESENTATION_CONTEXT ( 'NONE', 'WORKASPACE' ) );
#38 = LINE ( 'NONE', #3744, #3230 ) ;
#39 = DIRECTION ( 'NONE',  ( 0.0000000000000000000, 1.000000000000000000, 0.0000000000000000000 ) ) ;
#40 = ORIENTED_EDGE ( 'NONE', *, *, #2137, .T. ) ;
#41 = CIRCLE ( 'NONE', #1502, 2.000000000000001800 ) ;
#42 = DIRECTION ( 'NONE',  ( 0.0000000000000000000, 1.000000000000000000, 0.0000000000000000000 ) ) ;
#43 = EDGE_CURVE ( 'NONE', #1939, #120, #2744, .T. ) ;
#44 = CARTESIAN_POINT ( 'NONE',  ( 63.16044702067369300, 67.04498805126939900, 26.50000000000028100 ) ) ;
#45 = AXIS2_PLACEMENT_3D ( 'NONE', #3405, #3023, #3330 ) ;
#46 = CARTESIAN_POINT ( 'NONE',  ( 60.16044702067369300, 33.04498805126925000, 49.00000000000015600 ) ) ;
#47 = AXIS2_PLACEMENT_3D ( 'NONE', #1524, #3672, #1853 ) ;
#48 = CIRCLE ( 'NONE', #1594, 2.000000000000001800 ) ;
#49 = ADVANCED_FACE ( 'NONE', ( #3369 ), #325, .F. ) ;
#50 = FACE_OUTER_BOUND ( 'NONE', #2071, .T. ) ;
#51 = DIRECTION ( 'NONE',  ( 0.0000000000000000000, 1.000000000000000000, 0.0000000000000000000 ) ) ;
#52 = CARTESIAN_POINT ( 'NONE',  ( 63.16044702067369300, 61.80992920665785600, 7.000000000000002700 ) ) ;
#53 = LINE ( 'NONE', #1759, #2345 ) ;
#54 = CIRCLE ( 'NONE', #1480, 2.000000000000003600 ) ;
#55 = CARTESIAN_POINT ( 'NONE',  ( 60.16044702067369300, 35.04498805126919300, 56.50000000000016300 ) ) ;
#56 = CARTESIAN_POINT ( 'NONE',  ( 60.16044702067369300, 11.04498805126925900, 49.00000000000007100 ) ) ;
#57 = DIRECTION ( 'NONE',  ( 0.0000000000000000000, 1.000000000000000000, 0.0000000000000000000 ) ) ;
#58 = DIRECTION ( 'NONE',  ( 0.0000000000000000000, 1.000000000000000000, 0.0000000000000000000 ) ) ;
#59 = VERTEX_POINT ( 'NONE', #1453 ) ;
#60 = ORIENTED_EDGE ( 'NONE', *, *, #3242, .T. ) ;
#61 = EDGE_CURVE ( 'NONE', #2011, #718, #678, .T. ) ;
#62 = ORIENTED_EDGE ( 'NONE', *, *, #2251, .F. ) ;
#63 = VERTEX_POINT ( 'NONE', #2410 ) ;
#64 = EDGE_CURVE ( 'NONE', #2123, #1114, #83, .T. ) ;
#65 = ADVANCED_FACE ( 'NONE', ( #2852 ), #2143, .F. ) ;
#66 = ORIENTED_EDGE ( 'NONE', *, *, #2111, .T. ) ;
#67 = AXIS2_PLACEMENT_3D ( 'NONE', #336, #931, #3710 ) ;
#68 = VECTOR ( 'NONE', #2971, 1000.000000000000000 ) ;
#69 = ORIENTED_EDGE ( 'NONE', *, *, #690, .T. ) ;
#70 = DIRECTION ( 'NONE',  ( 0.0000000000000000000, 1.000000000000000000, 0.0000000000000000000 ) ) ;
#71 = DIRECTION ( 'NONE',  ( 0.0000000000000000000, 1.000000000000000000, 0.0000000000000000000 ) ) ;
#72 = LINE ( 'NONE', #729, #848 ) ;
#73 = CARTESIAN_POINT ( 'NONE',  ( 63.16044702067369300, 49.04498805126939900, 26.50000000000022000 ) ) ;
#74 = DIRECTION ( 'NONE',  ( 1.000000000000000000, -1.972152263052526900E-031, -1.375826490327504600E-048 ) ) ;
#75 = FACE_BOUND ( 'NONE', #1797, .T. ) ;
#76 = EDGE_LOOP ( 'NONE', ( #3420, #211 ) ) ;
#77 = DIRECTION ( 'NONE',  ( 1.000000000000000000, -1.972152263052526900E-031, -1.375826490327504600E-048 ) ) ;
#78 = ADVANCED_FACE ( 'NONE', ( #1804 ), #1656, .F. ) ;
#79 = DIRECTION ( 'NONE',  ( 1.000000000000000000, -1.972152263052526900E-031, -1.375826490327504600E-048 ) ) ;
#80 = ADVANCED_FACE ( 'NONE', ( #419 ), #1998, .F. ) ;
#81 = EDGE_CURVE ( 'NONE', #3117, #213, #2458, .T. ) ;
#82 = ORIENTED_EDGE ( 'NONE', *, *, #1844, .T. ) ;
#83 = CIRCLE ( 'NONE', #2582, 2.000000000000001800 ) ;
#84 = DIRECTION ( 'NONE',  ( 1.000000000000000000, -1.972152263052526900E-031, -1.375826490327504600E-048 ) ) ;
#85 = EDGE_LOOP ( 'NONE', ( #218, #2063, #3537, #2970 ) ) ;
#86 = CARTESIAN_POINT ( 'NONE',  ( 63.16044702067369300, 35.04498805126919300, 56.50000000000016300 ) ) ;
#87 = LINE ( 'NONE', #1580, #3281 ) ;
#88 = AXIS2_PLACEMENT_3D ( 'NONE', #353, #2521, #1599 ) ;
#89 = EDGE_CURVE ( 'NONE', #2115, #3415, #965, .T. ) ;
#90 = LINE ( 'NONE', #3470, #3233 ) ;
#91 = CIRCLE ( 'NONE', #3359, 2.000000000000001800 ) ;
#92 = CIRCLE ( 'NONE', #3049, 52.92058191901601600 ) ;
#93 = EDGE_CURVE ( 'NONE', #1177, #1227, #1416, .T. ) ;
#94 = LINE ( 'NONE', #3079, #778 ) ;
#95 = ORIENTED_EDGE ( 'NONE', *, *, #1475, .T. ) ;
#96 = DIRECTION ( 'NONE',  ( 1.000000000000000000, -1.972152263052526900E-031, -1.375826490327504600E-048 ) ) ;
#97 = CARTESIAN_POINT ( 'NONE',  ( 60.16044702067369300, 49.04498805126919300, 56.50000000000021300 ) ) ;
#98 = ORIENTED_EDGE ( 'NONE', *, *, #496, .F. ) ;
#99 = ORIENTED_EDGE ( 'NONE', *, *, #1505, .F. ) ;
#100 = ORIENTED_EDGE ( 'NONE', *, *, #2238, .F. ) ;
#101 = AXIS2_PLACEMENT_3D ( 'NONE', #2627, #1730, #1392 ) ;
#102 = ORIENTED_EDGE ( 'NONE', *, *, #3888, .T. ) ;
#103 = ORIENTED_EDGE ( 'NONE', *, *, #3410, .T. ) ;
#104 = CARTESIAN_POINT ( 'NONE',  ( 60.16044702067369300, -30.95501194873053000, 18.99999999999989300 ) ) ;
#105 = ORIENTED_EDGE ( 'NONE', *, *, #468, .F. ) ;
#106 = VERTEX_POINT ( 'NONE', #2720 ) ;
#107 = DIRECTION ( 'NONE',  ( 0.0000000000000000000, 1.000000000000000000, 0.0000000000000000000 ) ) ;
#108 = CIRCLE ( 'NONE', #3580, 2.000000000000002200 ) ;
#109 = ORIENTED_EDGE ( 'NONE', *, *, #3052, .F. ) ;
#110 = DIRECTION ( 'NONE',  ( 0.0000000000000000000, 1.000000000000000000, 0.0000000000000000000 ) ) ;
#111 = EDGE_CURVE ( 'NONE', #10, #3276, #564, .T. ) ;
#112 = LINE ( 'NONE', #3795, #1047 ) ;
#113 = AXIS2_PLACEMENT_3D ( 'NONE', #370, #1905, #57 ) ;
#114 = CARTESIAN_POINT ( 'NONE',  ( 63.16044702067369300, 11.04498805126920600, 56.50000000000007800 ) ) ;
#115 = FACE_OUTER_BOUND ( 'NONE', #839, .T. ) ;
#116 = ORIENTED_EDGE ( 'NONE', *, *, #1720, .T. ) ;
#117 = CYLINDRICAL_SURFACE ( 'NONE', #1647, 2.000000000000001800 ) ;
#118 = AXIS2_PLACEMENT_3D ( 'NONE', #3093, #3397, #648 ) ;
#119 = DIRECTION ( 'NONE',  ( 0.0000000000000000000, 1.000000000000000000, 0.0000000000000000000 ) ) ;
#120 = VERTEX_POINT ( 'NONE', #1130 ) ;
#121 = ADVANCED_FACE ( 'NONE', ( #3277 ), #3762, .F. ) ;
#122 = ORIENTED_EDGE ( 'NONE', *, *, #3353, .T. ) ;
#123 = DIRECTION ( 'NONE',  ( 1.000000000000000000, -1.972152263052526900E-031, -1.375826490327504600E-048 ) ) ;
#124 = CIRCLE ( 'NONE', #3512, 3.000000000000000000 ) ;
#125 = EDGE_CURVE ( 'NONE', #3686, #1248, #471, .T. ) ;
#126 = DIRECTION ( 'NONE',  ( 1.000000000000000000, -1.972152263052526900E-031, -1.375826490327504600E-048 ) ) ;
#127 = ORIENTED_EDGE ( 'NONE', *, *, #1694, .T. ) ;
#128 = ORIENTED_EDGE ( 'NONE', *, *, #1136, .T. ) ;
#129 = FACE_OUTER_BOUND ( 'NONE', #994, .T. ) ;
#130 = CARTESIAN_POINT ( 'NONE',  ( 63.16044702067369300, 46.79483836598441800, 3.000000000000000000 ) ) ;
#131 = EDGE_CURVE ( 'NONE', #483, #3000, #3611, .T. ) ;
#132 = CARTESIAN_POINT ( 'NONE',  ( 63.16044702067369300, -16.20516163401558200, 3.000000000000004000 ) ) ;
#133 = LINE ( 'NONE', #3130, #3484 ) ;
#134 = DIRECTION ( 'NONE',  ( 0.0000000000000000000, -0.0000000000000000000, 1.000000000000000000 ) ) ;
#135 = FACE_OUTER_BOUND ( 'NONE', #1949, .T. ) ;
#136 = AXIS2_PLACEMENT_3D ( 'NONE', #3775, #2511, #2274 ) ;
#137 = CIRCLE ( 'NONE', #2712, 3.000000000000002700 ) ;
#138 = CARTESIAN_POINT ( 'NONE',  ( 60.16044702067369300, -20.95501194873062900, 33.99999999999997200 ) ) ;
#139 = PRODUCT_DEFINITION_SHAPE ( 'NONE', 'NONE',  #442 ) ;
#140 = LINE ( 'NONE', #766, #2609 ) ;
#141 = AXIS2_PLACEMENT_3D ( 'NONE', #1706, #2332, #3829 ) ;
#142 = EDGE_CURVE ( 'NONE', #2542, #1477, #3606, .T. ) ;
#143 = DIRECTION ( 'NONE',  ( 0.0000000000000000000, 1.000000000000000000, 0.0000000000000000000 ) ) ;
#144 = ADVANCED_FACE ( 'NONE', ( #1319 ), #2696, .F. ) ;
#145 = ORIENTED_EDGE ( 'NONE', *, *, #1275, .F. ) ;
#146 = CARTESIAN_POINT ( 'NONE',  ( 60.16044702067369300, 37.04498805126920000, 56.50000000000016300 ) ) ;
#147 = DIRECTION ( 'NONE',  ( 1.000000000000000000, -0.0000000000000000000, 0.0000000000000000000 ) ) ;
#148 = ORIENTED_EDGE ( 'NONE', *, *, #2434, .T. ) ;
#149 = ORIENTED_EDGE ( 'NONE', *, *, #2471, .F. ) ;
#150 = CARTESIAN_POINT ( 'NONE',  ( 60.16044702067369300, 21.14556636392285300, 40.00000000000000000 ) ) ;
#151 = ORIENTED_EDGE ( 'NONE', *, *, #1362, .F. ) ;
#152 = EDGE_LOOP ( 'NONE', ( #2286, #434, #693, #512 ) ) ;
#153 = EDGE_LOOP ( 'NONE', ( #2668, #1987 ) ) ;
#154 = AXIS2_PLACEMENT_3D ( 'NONE', #2984, #780, #1763 ) ;
#155 = EDGE_LOOP ( 'NONE', ( #3461, #3967, #3033, #2118 ) ) ;
#156 = CARTESIAN_POINT ( 'NONE',  ( 60.16044702067369300, -4.955011948730790600, 56.50000000000002100 ) ) ;
#157 = FACE_OUTER_BOUND ( 'NONE', #2494, .T. ) ;
#158 = EDGE_LOOP ( 'NONE', ( #383, #1064, #2300, #3564 ) ) ;
#159 = DIRECTION ( 'NONE',  ( 1.000000000000000000, -1.972152263052526900E-031, -1.375826490327504600E-048 ) ) ;
#160 = CARTESIAN_POINT ( 'NONE',  ( 60.16044702067369300, 53.04498805126920000, 56.50000000000021300 ) ) ;
#161 = EDGE_CURVE ( 'NONE', #1369, #1055, #224, .T. ) ;
#162 = LINE ( 'NONE', #1932, #3219 ) ;
#163 = ADVANCED_FACE ( 'NONE', ( #1157 ), #1894, .F. ) ;
#164 = PLANE ( 'NONE',  #1801 ) ;
#165 = CARTESIAN_POINT ( 'NONE',  ( 60.16044702067369300, 64.23011617120123200, 53.90000000000002000 ) ) ;
#166 = EDGE_CURVE ( 'NONE', #1336, #3604, #3423, .T. ) ;
#167 = AXIS2_PLACEMENT_3D ( 'NONE', #2451, #2729, #3009 ) ;
#168 = FACE_BOUND ( 'NONE', #2243, .T. ) ;
#169 = ORIENTED_EDGE ( 'NONE', *, *, #3843, .T. ) ;
#170 = CARTESIAN_POINT ( 'NONE',  ( 60.16044702067369300, 59.04498805126947000, 19.00000000000025600 ) ) ;
#171 = DIRECTION ( 'NONE',  ( 1.000000000000000000, -1.972152263052526900E-031, -1.375826490327504600E-048 ) ) ;
#172 = ORIENTED_EDGE ( 'NONE', *, *, #3922, .F. ) ;
#173 = ORIENTED_EDGE ( 'NONE', *, *, #3162, .F. ) ;
#174 = ORIENTED_EDGE ( 'NONE', *, *, #1415, .T. ) ;
#175 = CIRCLE ( 'NONE', #875, 2.000000000000001800 ) ;
#176 = EDGE_CURVE ( 'NONE', #2356, #309, #1799, .T. ) ;
#177 = CIRCLE ( 'NONE', #1617, 2.000000000000003600 ) ;
#178 = CARTESIAN_POINT ( 'NONE',  ( 60.16044702067369300, 57.04498805126940700, 26.50000000000025200 ) ) ;
#179 = ADVANCED_FACE ( 'NONE', ( #611 ), #3987, .F. ) ;
#180 = CYLINDRICAL_SURFACE ( 'NONE', #1386, 2.000000000000008900 ) ;
#181 = CIRCLE ( 'NONE', #3070, 2.000000000000001800 ) ;
#182 = DIRECTION ( 'NONE',  ( 1.000000000000000000, -1.972152263052526900E-031, -1.375826490327504600E-048 ) ) ;
#183 = AXIS2_PLACEMENT_3D ( 'NONE', #3712, #227, #2174 ) ;
#184 = EDGE_LOOP ( 'NONE', ( #2617, #265, #565, #3278 ) ) ;
#185 = VERTEX_POINT ( 'NONE', #3934 ) ;
#186 = DIRECTION ( 'NONE',  ( 1.000000000000000000, -1.972152263052526900E-031, -1.375826490327504600E-048 ) ) ;
#187 = ORIENTED_EDGE ( 'NONE', *, *, #1910, .T. ) ;
#188 = DIRECTION ( 'NONE',  ( 1.000000000000000000, -1.972152263052526900E-031, -1.375826490327504600E-048 ) ) ;
#189 = VERTEX_POINT ( 'NONE', #1815 ) ;
#190 = ORIENTED_EDGE ( 'NONE', *, *, #2140, .F. ) ;
#191 = DIRECTION ( 'NONE',  ( 1.000000000000000000, 0.0000000000000000000, -0.0000000000000000000 ) ) ;
#192 = DIRECTION ( 'NONE',  ( 1.000000000000000000, -1.972152263052526900E-031, -1.375826490327504600E-048 ) ) ;
#193 = DIRECTION ( 'NONE',  ( 1.000000000000000000, -1.972152263052526900E-031, -1.375826490327504600E-048 ) ) ;
#194 = DIRECTION ( 'NONE',  ( 0.0000000000000000000, 0.0000000000000000000, -1.000000000000000000 ) ) ;
#195 = ORIENTED_EDGE ( 'NONE', *, *, #509, .T. ) ;
#196 = ORIENTED_EDGE ( 'NONE', *, *, #2735, .T. ) ;
#197 = DIRECTION ( 'NONE',  ( 1.000000000000000000, -1.972152263052526900E-031, -1.375826490327504600E-048 ) ) ;
#198 = ADVANCED_FACE ( 'NONE', ( #722 ), #1547, .F. ) ;
#199 = CIRCLE ( 'NONE', #3181, 2.000000000000005300 ) ;
#200 = ORIENTED_EDGE ( 'NONE', *, *, #3203, .F. ) ;
#201 = EDGE_LOOP ( 'NONE', ( #2831, #3322, #1773, #3333 ) ) ;
#202 = DIRECTION ( 'NONE',  ( 0.0000000000000000000, 1.000000000000000000, 0.0000000000000000000 ) ) ;
#203 = DIRECTION ( 'NONE',  ( 1.000000000000000000, -1.972152263052526900E-031, -1.375826490327504600E-048 ) ) ;
#204 = LINE ( 'NONE', #781, #1589 ) ;
#205 = ORIENTED_EDGE ( 'NONE', *, *, #131, .F. ) ;
#206 = EDGE_CURVE ( 'NONE', #2083, #1781, #2899, .T. ) ;
#207 = CARTESIAN_POINT ( 'NONE',  ( 60.16044702067369300, 11.04498805126920600, 56.50000000000007800 ) ) ;
#208 = CARTESIAN_POINT ( 'NONE',  ( 60.16044702067369300, 35.04498805126925000, 49.00000000000015600 ) ) ;
#209 = CARTESIAN_POINT ( 'NONE',  ( 60.16044702067369300, 67.04498805126939900, 26.50000000000028100 ) ) ;
#210 = CIRCLE ( 'NONE', #1373, 2.000000000000001800 ) ;
#211 = ORIENTED_EDGE ( 'NONE', *, *, #3897, .T. ) ;
#212 = DIRECTION ( 'NONE',  ( 1.000000000000000000, -1.972152263052526900E-031, -1.375826490327504600E-048 ) ) ;
#213 = VERTEX_POINT ( 'NONE', #862 ) ;
#214 = AXIS2_PLACEMENT_3D ( 'NONE', #2947, #2069, #3266 ) ;
#215 = ORIENTED_EDGE ( 'NONE', *, *, #3529, .T. ) ;
#216 = DIRECTION ( 'NONE',  ( 0.0000000000000000000, 0.0000000000000000000, 1.000000000000000000 ) ) ;
#217 = EDGE_CURVE ( 'NONE', #1750, #3536, #3184, .T. ) ;
#218 = ORIENTED_EDGE ( 'NONE', *, *, #2347, .F. ) ;
#219 = AXIS2_PLACEMENT_3D ( 'NONE', #2097, #535, #3037 ) ;
#220 = EDGE_CURVE ( 'NONE', #2636, #2158, #2597, .T. ) ;
#221 = ORIENTED_EDGE ( 'NONE', *, *, #3392, .F. ) ;
#222 = CARTESIAN_POINT ( 'NONE',  ( 63.16044702067369300, 43.79483836598441100, 3.000000000000000000 ) ) ;
#223 = DIRECTION ( 'NONE',  ( 1.000000000000000000, -1.972152263052526900E-031, -1.375826490327504600E-048 ) ) ;
#224 = LINE ( 'NONE', #1512, #2790 ) ;
#225 = ORIENTED_EDGE ( 'NONE', *, *, #2991, .T. ) ;
#226 = SURFACE_STYLE_FILL_AREA ( #1135 ) ;
#227 = DIRECTION ( 'NONE',  ( 1.000000000000000000, -1.972152263052526900E-031, -1.375826490327504600E-048 ) ) ;
#228 = CARTESIAN_POINT ( 'NONE',  ( 60.16044702067369300, -26.37519891327379200, 52.00000000000002100 ) ) ;
#229 = CARTESIAN_POINT ( 'NONE',  ( 60.16044702067369300, -14.95501194873074100, 48.99999999999998600 ) ) ;
#230 = ORIENTED_EDGE ( 'NONE', *, *, #1103, .T. ) ;
#231 = VECTOR ( 'NONE', #2255, 1000.000000000000000 ) ;
#232 = AXIS2_PLACEMENT_3D ( 'NONE', #2917, #1715, #765 ) ;
#233 = DIRECTION ( 'NONE',  ( 1.000000000000000000, -1.972152263052526900E-031, -1.375826490327504600E-048 ) ) ;
#234 = FACE_BOUND ( 'NONE', #2851, .T. ) ;
#235 = LINE ( 'NONE', #3632, #3047 ) ;
#236 = FACE_OUTER_BOUND ( 'NONE', #3451, .T. ) ;
#237 = CARTESIAN_POINT ( 'NONE',  ( 60.16044702067369300, 19.04498805126920800, 56.50000000000010700 ) ) ;
#238 = FACE_OUTER_BOUND ( 'NONE', #1825, .T. ) ;
#239 = AXIS2_PLACEMENT_3D ( 'NONE', #3569, #1746, #2059 ) ;
#240 = EDGE_LOOP ( 'NONE', ( #2978, #3259 ) ) ;
#241 = CARTESIAN_POINT ( 'NONE',  ( 63.16044702067369300, -29.37519891327383800, 59.00000000000000000 ) ) ;
#242 = ORIENTED_EDGE ( 'NONE', *, *, #1608, .T. ) ;
#243 = EDGE_CURVE ( 'NONE', #2789, #1065, #316, .T. ) ;
#244 = AXIS2_PLACEMENT_3D ( 'NONE', #829, #1156, #2455 ) ;
#245 = AXIS2_PLACEMENT_3D ( 'NONE', #1545, #34, #937 ) ;
#246 = DIRECTION ( 'NONE',  ( -1.000000000000000000, 0.0000000000000000000, -0.0000000000000000000 ) ) ;
#247 = VERTEX_POINT ( 'NONE', #2475 ) ;
#248 = EDGE_LOOP ( 'NONE', ( #1968, #3634, #3013, #1231 ) ) ;
#249 = VERTEX_POINT ( 'NONE', #962 ) ;
#250 = DIRECTION ( 'NONE',  ( 1.000000000000000000, -1.972152263052526900E-031, -1.375826490327504600E-048 ) ) ;
#251 = ORIENTED_EDGE ( 'NONE', *, *, #3682, .F. ) ;
#252 = DIRECTION ( 'NONE',  ( 0.0000000000000000000, 1.000000000000000000, 0.0000000000000000000 ) ) ;
#253 = CIRCLE ( 'NONE', #267, 2.000000000000001800 ) ;
#254 = ORIENTED_EDGE ( 'NONE', *, *, #1401, .T. ) ;
#255 = DIRECTION ( 'NONE',  ( 0.0000000000000000000, 0.0000000000000000000, -1.000000000000000000 ) ) ;
#256 = DIRECTION ( 'NONE',  ( 0.0000000000000000000, 0.0000000000000000000, 1.000000000000000000 ) ) ;
#257 = CYLINDRICAL_SURFACE ( 'NONE', #2163, 2.000000000000001800 ) ;
#258 = ORIENTED_EDGE ( 'NONE', *, *, #3228, .F. ) ;
#259 = EDGE_CURVE ( 'NONE', #3430, #483, #2375, .T. ) ;
#260 = LINE ( 'NONE', #1318, #2081 ) ;
#261 = ORIENTED_EDGE ( 'NONE', *, *, #2871, .F. ) ;
#262 = CARTESIAN_POINT ( 'NONE',  ( 63.16044702067369300, 67.23011617120133100, 58.00000000000008500 ) ) ;
#263 = EDGE_CURVE ( 'NONE', #849, #3040, #2283, .T. ) ;
#264 = FACE_BOUND ( 'NONE', #2580, .T. ) ;
#265 = ORIENTED_EDGE ( 'NONE', *, *, #1979, .T. ) ;
#266 = DIRECTION ( 'NONE',  ( 1.000000000000000000, -0.0000000000000000000, -0.0000000000000000000 ) ) ;
#267 = AXIS2_PLACEMENT_3D ( 'NONE', #3817, #2595, #1681 ) ;
#268 = FACE_OUTER_BOUND ( 'NONE', #753, .T. ) ;
#269 = EDGE_LOOP ( 'NONE', ( #292, #929, #3979, #2695 ) ) ;
#270 = ORIENTED_EDGE ( 'NONE', *, *, #2781, .T. ) ;
#271 = DIRECTION ( 'NONE',  ( 1.000000000000000000, -1.972152263052526900E-031, -1.375826490327504600E-048 ) ) ;
#272 = CARTESIAN_POINT ( 'NONE',  ( 60.16044702067369300, -26.37519891327379200, 53.90000000000002000 ) ) ;
#273 = FACE_BOUND ( 'NONE', #1683, .T. ) ;
#274 = CYLINDRICAL_SURFACE ( 'NONE', #3465, 1.899999999999999000 ) ;
#275 = CARTESIAN_POINT ( 'NONE',  ( 60.16044702067369300, 59.04498805126930700, 41.50000000000024200 ) ) ;
#276 = LINE ( 'NONE', #3104, #2292 ) ;
#277 = DIRECTION ( 'NONE',  ( 0.0000000000000000000, 0.0000000000000000000, -1.000000000000000000 ) ) ;
#278 = ORIENTED_EDGE ( 'NONE', *, *, #3122, .F. ) ;
#279 = EDGE_CURVE ( 'NONE', #2739, #2542, #3515, .T. ) ;
#280 = DIRECTION ( 'NONE',  ( 1.000000000000000000, -1.972152263052526900E-031, -1.375826490327504600E-048 ) ) ;
#281 = DIRECTION ( 'NONE',  ( 1.000000000000000000, -1.972152263052526900E-031, -1.375826490327504600E-048 ) ) ;
#282 = DIRECTION ( 'NONE',  ( 1.000000000000000000, -1.972152263052526900E-031, -1.375826490327504600E-048 ) ) ;
#283 = CARTESIAN_POINT ( 'NONE',  ( 63.16044702067369300, 65.04498805126928600, 41.50000000000027000 ) ) ;
#284 = AXIS2_PLACEMENT_3D ( 'NONE', #1121, #3303, #2386 ) ;
#285 = ORIENTED_EDGE ( 'NONE', *, *, #1983, .T. ) ;
#286 = ORIENTED_EDGE ( 'NONE', *, *, #1546, .T. ) ;
#287 = EDGE_CURVE ( 'NONE', #2039, #1956, #521, .T. ) ;
#288 = ORIENTED_EDGE ( 'NONE', *, *, #3339, .T. ) ;
#289 = DIRECTION ( 'NONE',  ( 1.000000000000000000, -1.972152263052526900E-031, -1.375826490327504600E-048 ) ) ;
#290 = DIRECTION ( 'NONE',  ( 1.000000000000000000, -1.972152263052526900E-031, -1.375826490327504600E-048 ) ) ;
#291 = CARTESIAN_POINT ( 'NONE',  ( 63.16044702067369300, 29.04498805126925400, 49.00000000000012800 ) ) ;
#292 = ORIENTED_EDGE ( 'NONE', *, *, #842, .F. ) ;
#293 = EDGE_LOOP ( 'NONE', ( #3304, #3500, #813, #1137 ) ) ;
#294 = EDGE_CURVE ( 'NONE', #1650, #1577, #1059, .T. ) ;
#295 = DIRECTION ( 'NONE',  ( 0.0000000000000000000, 1.000000000000000000, 0.0000000000000000000 ) ) ;
#296 = DIRECTION ( 'NONE',  ( 1.000000000000000000, -1.972152263052526900E-031, -1.375826490327504600E-048 ) ) ;
#297 = VERTEX_POINT ( 'NONE', #971 ) ;
#298 = CIRCLE ( 'NONE', #607, 2.000000000000008900 ) ;
#299 = DIRECTION ( 'NONE',  ( 0.0000000000000000000, 1.000000000000000000, 0.0000000000000000000 ) ) ;
#300 = DIRECTION ( 'NONE',  ( 1.000000000000000000, -1.972152263052526900E-031, -1.375826490327504600E-048 ) ) ;
#301 = CYLINDRICAL_SURFACE ( 'NONE', #1704, 2.000000000000003600 ) ;
#302 = AXIS2_PLACEMENT_3D ( 'NONE', #2224, #2194, #659 ) ;
#303 = VERTEX_POINT ( 'NONE', #677 ) ;
#304 = CARTESIAN_POINT ( 'NONE',  ( 60.16044702067369300, 17.04498805126925700, 49.00000000000009900 ) ) ;
#305 = CARTESIAN_POINT ( 'NONE',  ( 60.16044702067369300, 49.04498805126919300, 56.50000000000021300 ) ) ;
#306 = FACE_OUTER_BOUND ( 'NONE', #2898, .T. ) ;
#307 = DIRECTION ( 'NONE',  ( 1.000000000000000000, -1.972152263052526900E-031, -1.375826490327504600E-048 ) ) ;
#308 = DIRECTION ( 'NONE',  ( 1.000000000000000000, -1.972152263052526900E-031, -1.375826490327504600E-048 ) ) ;
#309 = VERTEX_POINT ( 'NONE', #3728 ) ;
#310 = CARTESIAN_POINT ( 'NONE',  ( 60.16044702067369300, -22.95501194873063300, 33.99999999999997200 ) ) ;
#311 = CARTESIAN_POINT ( 'NONE',  ( 60.16044702067369300, 59.04498805126935700, 34.00000000000025600 ) ) ;
#312 = CARTESIAN_POINT ( 'NONE',  ( 60.16044702067369300, -14.95501194873079200, 56.49999999999999300 ) ) ;
#313 = CARTESIAN_POINT ( 'NONE',  ( 60.16044702067369300, 21.04498805126926100, 49.00000000000009900 ) ) ;
#314 = EDGE_CURVE ( 'NONE', #1882, #2919, #3902, .T. ) ;
#315 = CARTESIAN_POINT ( 'NONE',  ( 60.16044702067369300, 33.04498805126919300, 56.50000000000016300 ) ) ;
#316 = CIRCLE ( 'NONE', #3815, 2.000000000000008900 ) ;
#317 = ADVANCED_FACE ( 'NONE', ( #1254 ), #1257, .F. ) ;
#318 = AXIS2_PLACEMENT_3D ( 'NONE', #1125, #841, #3262 ) ;
#319 = DIRECTION ( 'NONE',  ( 1.000000000000000000, -1.972152263052526900E-031, -1.375826490327504600E-048 ) ) ;
#320 = CARTESIAN_POINT ( 'NONE',  ( 60.16044702067369300, 66.23011617120127400, 59.00000000000000000 ) ) ;
#321 = ORIENTED_EDGE ( 'NONE', *, *, #532, .T. ) ;
#322 = ADVANCED_FACE ( 'NONE', ( #814 ), #956, .F. ) ;
#323 = CARTESIAN_POINT ( 'NONE',  ( 60.16044702067369300, 40.79483836598441100, 40.00000000000000000 ) ) ;
#324 = ORIENTED_EDGE ( 'NONE', *, *, #1351, .T. ) ;
#325 = CYLINDRICAL_SURFACE ( 'NONE', #990, 2.000000000000001800 ) ;
#326 = DIRECTION ( 'NONE',  ( 0.0000000000000000000, 0.0000000000000000000, -1.000000000000000000 ) ) ;
#327 = DIRECTION ( 'NONE',  ( 1.000000000000000000, -1.972152263052526900E-031, -1.375826490327504600E-048 ) ) ;
#328 = EDGE_CURVE ( 'NONE', #2207, #413, #2992, .T. ) ;
#329 = FACE_BOUND ( 'NONE', #3309, .T. ) ;
#330 = DIRECTION ( 'NONE',  ( 1.000000000000000000, -1.972152263052526900E-031, -1.375826490327504600E-048 ) ) ;
#331 = FACE_OUTER_BOUND ( 'NONE', #3466, .T. ) ;
#332 = CARTESIAN_POINT ( 'NONE',  ( 60.16044702067369300, 17.04498805126920000, 56.50000000000010700 ) ) ;
#333 = FACE_OUTER_BOUND ( 'NONE', #2277, .T. ) ;
#334 = CARTESIAN_POINT ( 'NONE',  ( 63.16044702067369300, 37.04498805126920000, 56.50000000000016300 ) ) ;
#335 = ORIENTED_EDGE ( 'NONE', *, *, #3949, .F. ) ;
#336 = CARTESIAN_POINT ( 'NONE',  ( 63.16044702067369300, 46.79483836598441800, 3.000000000000000000 ) ) ;
#337 = DIRECTION ( 'NONE',  ( 1.000000000000000000, -1.972152263052526900E-031, -1.375826490327504600E-048 ) ) ;
#338 = EDGE_CURVE ( 'NONE', #3679, #1925, #2090, .T. ) ;
#339 = ORIENTED_EDGE ( 'NONE', *, *, #1818, .F. ) ;
#340 = CARTESIAN_POINT ( 'NONE',  ( 60.16044702067369300, 43.04498805126925000, 49.00000000000018500 ) ) ;
#341 = DIRECTION ( 'NONE',  ( 0.0000000000000000000, 1.000000000000000000, 0.0000000000000000000 ) ) ;
#342 = ORIENTED_EDGE ( 'NONE', *, *, #1058, .T. ) ;
#343 = CARTESIAN_POINT ( 'NONE',  ( 63.16044702067369300, 43.04498805126920000, 56.50000000000019200 ) ) ;
#344 = EDGE_CURVE ( 'NONE', #303, #602, #1995, .T. ) ;
#345 = CARTESIAN_POINT ( 'NONE',  ( 63.16044702067369300, 61.80992920665785600, 7.000000000000002700 ) ) ;
#346 = ORIENTED_EDGE ( 'NONE', *, *, #2267, .F. ) ;
#347 = EDGE_LOOP ( 'NONE', ( #1191, #559, #1017, #1388 ) ) ;
#348 = DIRECTION ( 'NONE',  ( -1.000000000000000000, 0.0000000000000000000, 0.0000000000000000000 ) ) ;
#349 = ADVANCED_FACE ( 'NONE', ( #3798 ), #1665, .F. ) ;
#350 = EDGE_LOOP ( 'NONE', ( #3221, #2088 ) ) ;
#351 = AXIS2_PLACEMENT_3D ( 'NONE', #985, #700, #2861 ) ;
#352 = ORIENTED_EDGE ( 'NONE', *, *, #2815, .F. ) ;
#353 = CARTESIAN_POINT ( 'NONE',  ( 63.16044702067369300, -28.37519891327383400, 59.00000000000000000 ) ) ;
#354 = CARTESIAN_POINT ( 'NONE',  ( 63.16044702067369300, 29.04498805126920400, 56.50000000000013500 ) ) ;
#355 = CARTESIAN_POINT ( 'NONE',  ( 60.16044702067369300, -18.95501194873057200, 26.49999999999997200 ) ) ;
#356 = CIRCLE ( 'NONE', #3229, 2.000000000000001800 ) ;
#357 = DIRECTION ( 'NONE',  ( 1.000000000000000000, -1.972152263052526900E-031, -1.375826490327504600E-048 ) ) ;
#358 = ORIENTED_EDGE ( 'NONE', *, *, #1762, .F. ) ;
#359 = EDGE_CURVE ( 'NONE', #3498, #739, #53, .T. ) ;
#360 = CARTESIAN_POINT ( 'NONE',  ( 63.16044702067369300, 49.04498805126924300, 49.00000000000021300 ) ) ;
#361 = DIRECTION ( 'NONE',  ( 0.0000000000000000000, 1.000000000000000000, 0.0000000000000000000 ) ) ;
#362 = DIRECTION ( 'NONE',  ( 0.0000000000000000000, 1.000000000000000000, 0.0000000000000000000 ) ) ;
#363 = CIRCLE ( 'NONE', #1243, 2.000000000000008900 ) ;
#364 = DIRECTION ( 'NONE',  ( 0.0000000000000000000, 1.000000000000000000, 0.0000000000000000000 ) ) ;
#365 = CIRCLE ( 'NONE', #3550, 2.000000000000005300 ) ;
#366 = VERTEX_POINT ( 'NONE', #2699 ) ;
#367 = ORIENTED_EDGE ( 'NONE', *, *, #977, .F. ) ;
#368 = AXIS2_PLACEMENT_3D ( 'NONE', #1666, #3797, #709 ) ;
#369 = DIRECTION ( 'NONE',  ( 1.000000000000000000, 0.0000000000000000000, 0.0000000000000000000 ) ) ;
#370 = CARTESIAN_POINT ( 'NONE',  ( 60.16044702067369300, 51.04498805126950600, 11.50000000000022900 ) ) ;
#371 = LINE ( 'NONE', #3704, #1540 ) ;
#372 = ORIENTED_EDGE ( 'NONE', *, *, #1010, .T. ) ;
#373 = CARTESIAN_POINT ( 'NONE',  ( 63.16044702067369300, 64.23011617120123200, 50.10000000000002300 ) ) ;
#374 = ADVANCED_FACE ( 'NONE', ( #2806 ), #975, .F. ) ;
#375 = ORIENTED_EDGE ( 'NONE', *, *, #2507, .F. ) ;
#376 = DIRECTION ( 'NONE',  ( 0.0000000000000000000, 1.000000000000000000, 0.0000000000000000000 ) ) ;
#377 = DIRECTION ( 'NONE',  ( 1.000000000000000000, -1.972152263052526900E-031, -1.375826490327504600E-048 ) ) ;
#378 = PRESENTATION_LAYER_ASSIGNMENT (  '', '', ( #1642 ) ) ;
#379 = CIRCLE ( 'NONE', #244, 2.000000000000001800 ) ;
#380 = DIRECTION ( 'NONE',  ( -1.000000000000000000, 0.0000000000000000000, 0.0000000000000000000 ) ) ;
#381 = EDGE_CURVE ( 'NONE', #1055, #2404, #2005, .T. ) ;
#382 = ORIENTED_EDGE ( 'NONE', *, *, #3605, .F. ) ;
#383 = ORIENTED_EDGE ( 'NONE', *, *, #3260, .F. ) ;
#384 = EDGE_CURVE ( 'NONE', #2715, #522, #531, .T. ) ;
#385 = DIRECTION ( 'NONE',  ( 1.000000000000000000, -1.972152263052526900E-031, -1.375826490327504600E-048 ) ) ;
#386 = AXIS2_PLACEMENT_3D ( 'NONE', #1314, #1928, #51 ) ;
#387 = FACE_BOUND ( 'NONE', #2623, .T. ) ;
#388 = VECTOR ( 'NONE', #3590, 1000.000000000000000 ) ;
#389 = CIRCLE ( 'NONE', #2141, 2.000000000000001800 ) ;
#390 = CARTESIAN_POINT ( 'NONE',  ( 60.16044702067369300, 21.14556636392285300, 40.00000000000000000 ) ) ;
#391 = CIRCLE ( 'NONE', #982, 2.000000000000001800 ) ;
#392 = ADVANCED_FACE ( 'NONE', ( #3914 ), #1268, .F. ) ;
#393 = ORIENTED_EDGE ( 'NONE', *, *, #3279, .F. ) ;
#394 = CARTESIAN_POINT ( 'NONE',  ( 60.16044702067369300, 17.04498805126920000, 56.50000000000010700 ) ) ;
#395 = EDGE_LOOP ( 'NONE', ( #3020, #461, #999, #585 ) ) ;
#396 = EDGE_LOOP ( 'NONE', ( #346, #3761, #1544, #629 ) ) ;
#397 = EDGE_CURVE ( 'NONE', #2355, #2901, #1425, .T. ) ;
#398 = ORIENTED_EDGE ( 'NONE', *, *, #2702, .T. ) ;
#399 = DIRECTION ( 'NONE',  ( 0.0000000000000000000, 1.000000000000000000, 0.0000000000000000000 ) ) ;
#400 = ORIENTED_EDGE ( 'NONE', *, *, #2735, .F. ) ;
#401 = VERTEX_POINT ( 'NONE', #3078 ) ;
#402 = ORIENTED_EDGE ( 'NONE', *, *, #2625, .T. ) ;
#403 = EDGE_LOOP ( 'NONE', ( #737, #1, #2808, #540 ) ) ;
#404 = CIRCLE ( 'NONE', #1747, 3.000000000000002700 ) ;
#405 = VECTOR ( 'NONE', #2303, 1000.000000000000000 ) ;
#406 = CARTESIAN_POINT ( 'NONE',  ( 63.16044702067369300, 61.80992920665785600, 2.999999999999997800 ) ) ;
#407 = FACE_OUTER_BOUND ( 'NONE', #3592, .T. ) ;
#408 = ORIENTED_EDGE ( 'NONE', *, *, #1360, .F. ) ;
#409 = CARTESIAN_POINT ( 'NONE',  ( 60.16044702067369300, 51.04498805126919300, 56.50000000000021300 ) ) ;
#410 = DIRECTION ( 'NONE',  ( 0.0000000000000000000, 1.000000000000000000, 0.0000000000000000000 ) ) ;
#411 = CIRCLE ( 'NONE', #2884, 2.000000000000005300 ) ;
#412 = ORIENTED_EDGE ( 'NONE', *, *, #384, .F. ) ;
#413 = VERTEX_POINT ( 'NONE', #3983 ) ;
#414 = CARTESIAN_POINT ( 'NONE',  ( 63.16044702067369300, 69.04498805126941400, 26.50000000000028100 ) ) ;
#415 = EDGE_CURVE ( 'NONE', #22, #247, #3619, .T. ) ;
#416 = VECTOR ( 'NONE', #2204, 1000.000000000000000 ) ;
#417 = DIRECTION ( 'NONE',  ( 1.000000000000000000, -1.972152263052526900E-031, -1.375826490327504600E-048 ) ) ;
#418 = ORIENTED_EDGE ( 'NONE', *, *, #1667, .T. ) ;
#420 = ORIENTED_EDGE ( 'NONE', *, *, #1167, .T. ) ;
#419 = FACE_OUTER_BOUND ( 'NONE', #152, .T. ) ;
#421 = AXIS2_PLACEMENT_3D ( 'NONE', #1745, #2651, #2094 ) ;
#422 = EDGE_CURVE ( 'NONE', #2424, #2578, #1812, .T. ) ;
#423 = VECTOR ( 'NONE', #2743, 1000.000000000000000 ) ;
#424 = LINE ( 'NONE', #1467, #3570 ) ;
#425 = AXIS2_PLACEMENT_3D ( 'NONE', #879, #3046, #1202 ) ;
#426 = EDGE_CURVE ( 'NONE', #3061, #1184, #137, .T. ) ;
#427 = DIRECTION ( 'NONE',  ( 0.0000000000000000000, 1.000000000000000000, 0.0000000000000000000 ) ) ;
#428 = ADVANCED_FACE ( 'NONE', ( #236 ), #2611, .F. ) ;
#429 = CYLINDRICAL_SURFACE ( 'NONE', #3137, 2.000000000000005300 ) ;
#430 = CARTESIAN_POINT ( 'NONE',  ( 60.16044702067369300, 67.04498805126945600, 19.00000000000028400 ) ) ;
#431 = EDGE_LOOP ( 'NONE', ( #2109, #2725 ) ) ;
#432 = DIRECTION ( 'NONE',  ( 1.000000000000000000, -1.972152263052526900E-031, -1.375826490327504600E-048 ) ) ;
#433 = EDGE_LOOP ( 'NONE', ( #2154, #1208, #3450, #1604 ) ) ;
#434 = ORIENTED_EDGE ( 'NONE', *, *, #2305, .F. ) ;
#435 = CARTESIAN_POINT ( 'NONE',  ( 63.16044702067369300, 5.044988051269209400, 56.50000000000005000 ) ) ;
#436 = AXIS2_PLACEMENT_3D ( 'NONE', #1132, #193, #1107 ) ;
#437 = DIRECTION ( 'NONE',  ( 0.0000000000000000000, 1.000000000000000000, 0.0000000000000000000 ) ) ;
#438 = ORIENTED_EDGE ( 'NONE', *, *, #3007, .T. ) ;
#439 = EDGE_LOOP ( 'NONE', ( #3669, #3387 ) ) ;
#440 = CARTESIAN_POINT ( 'NONE',  ( 60.16044702067369300, -28.95501194873057600, 26.49999999999989000 ) ) ;
#441 = ORIENTED_EDGE ( 'NONE', *, *, #1818, .T. ) ;
#442 = PRODUCT_DEFINITION ( 'UNKNOWN', '', #662, #2112 ) ;
#443 = DIRECTION ( 'NONE',  ( 1.000000000000000000, -0.0000000000000000000, -0.0000000000000000000 ) ) ;
#444 = DIRECTION ( 'NONE',  ( 0.0000000000000000000, 1.000000000000000000, 0.0000000000000000000 ) ) ;
#445 = DIRECTION ( 'NONE',  ( 0.0000000000000000000, 1.000000000000000000, 0.0000000000000000000 ) ) ;
#446 = LINE ( 'NONE', #2818, #2309 ) ;
#447 = VERTEX_POINT ( 'NONE', #2670 ) ;
#448 = ADVANCED_FACE ( 'NONE', ( #3956 ), #429, .F. ) ;
#449 = EDGE_CURVE ( 'NONE', #3827, #3901, #3340, .T. ) ;
#450 = CYLINDRICAL_SURFACE ( 'NONE', #1775, 2.000000000000001800 ) ;
#451 = ORIENTED_EDGE ( 'NONE', *, *, #3605, .T. ) ;
#452 = AXIS2_PLACEMENT_3D ( 'NONE', #2370, #495, #2979 ) ;
#453 = AXIS2_PLACEMENT_3D ( 'NONE', #2085, #197, #3944 ) ;
#454 = DIRECTION ( 'NONE',  ( 0.0000000000000000000, 1.000000000000000000, 0.0000000000000000000 ) ) ;
#455 = FACE_OUTER_BOUND ( 'NONE', #1581, .T. ) ;
#456 = EDGE_LOOP ( 'NONE', ( #3087, #3625, #60, #1829 ) ) ;
#457 = EDGE_LOOP ( 'NONE', ( #16, #1155 ) ) ;
#458 = CARTESIAN_POINT ( 'NONE',  ( 63.16044702067369300, 65.04498805126939900, 26.50000000000028100 ) ) ;
#459 = DIRECTION ( 'NONE',  ( 1.000000000000000000, -1.972152263052526900E-031, -1.375826490327504600E-048 ) ) ;
#460 = FACE_OUTER_BOUND ( 'NONE', #1461, .T. ) ;
#461 = ORIENTED_EDGE ( 'NONE', *, *, #2787, .T. ) ;
#462 = CARTESIAN_POINT ( 'NONE',  ( 60.16044702067369300, 66.23011617120127400, 61.00000000000000000 ) ) ;
#463 = DIRECTION ( 'NONE',  ( 0.0000000000000000000, 1.000000000000000000, 0.0000000000000000000 ) ) ;
#464 = ORIENTED_EDGE ( 'NONE', *, *, #2680, .F. ) ;
#465 = CARTESIAN_POINT ( 'NONE',  ( 63.16044702067369300, 0.0000000000000000000, 0.0000000000000000000 ) ) ;
#466 = DIRECTION ( 'NONE',  ( 1.000000000000000000, -1.972152263052526900E-031, -1.375826490327504600E-048 ) ) ;
#467 = CIRCLE ( 'NONE', #479, 2.000000000000001800 ) ;
#468 = EDGE_CURVE ( 'NONE', #297, #2404, #828, .T. ) ;
#469 = DIRECTION ( 'NONE',  ( 0.0000000000000000000, 1.000000000000000000, 0.0000000000000000000 ) ) ;
#470 = EDGE_LOOP ( 'NONE', ( #2877, #3847 ) ) ;
#471 = CIRCLE ( 'NONE', #1393, 2.000000000000005300 ) ;
#472 = ADVANCED_FACE ( 'NONE', ( #333 ), #1710, .T. ) ;
#473 = VERTEX_POINT ( 'NONE', #2048 ) ;
#474 = DIRECTION ( 'NONE',  ( 0.0000000000000000000, 1.000000000000000000, 0.0000000000000000000 ) ) ;
#475 = EDGE_CURVE ( 'NONE', #3206, #1506, #569, .T. ) ;
#476 = CARTESIAN_POINT ( 'NONE',  ( 63.16044702067369300, 27.04498805126920000, 56.50000000000013500 ) ) ;
#477 = CIRCLE ( 'NONE', #674, 2.000000000000005300 ) ;
#478 = CIRCLE ( 'NONE', #1134, 2.000000000000001800 ) ;
#479 = AXIS2_PLACEMENT_3D ( 'NONE', #484, #2395, #469 ) ;
#480 = FACE_BOUND ( 'NONE', #431, .T. ) ;
#481 = CARTESIAN_POINT ( 'NONE',  ( 60.16044702067369300, -18.95501194873067900, 41.49999999999996400 ) ) ;
#482 = LINE ( 'NONE', #1053, #1814 ) ;
#483 = VERTEX_POINT ( 'NONE', #2997 ) ;
#484 = CARTESIAN_POINT ( 'NONE',  ( 60.16044702067369300, 11.04498805126920600, 56.50000000000007800 ) ) ;
#485 = DIRECTION ( 'NONE',  ( 0.0000000000000000000, 0.0000000000000000000, -1.000000000000000000 ) ) ;
#486 = CARTESIAN_POINT ( 'NONE',  ( 60.16044702067369300, 29.04498805126925400, 49.00000000000012800 ) ) ;
#487 = DIRECTION ( 'NONE',  ( 0.0000000000000000000, 1.000000000000000000, 0.0000000000000000000 ) ) ;
#488 = ORIENTED_EDGE ( 'NONE', *, *, #3682, .T. ) ;
#489 = EDGE_LOOP ( 'NONE', ( #2271, #2620, #1541, #2618 ) ) ;
#490 = EDGE_LOOP ( 'NONE', ( #878, #1625, #3015, #789 ) ) ;
#491 = ADVANCED_FACE ( 'NONE', ( #2295 ), #2470, .F. ) ;
#492 = EDGE_LOOP ( 'NONE', ( #1260, #2241, #2377, #2358 ) ) ;
#493 = VERTEX_POINT ( 'NONE', #876 ) ;
#494 = EDGE_LOOP ( 'NONE', ( #2649, #1387 ) ) ;
#495 = DIRECTION ( 'NONE',  ( 0.0000000000000000000, -5.932586883000494700E-014, 1.000000000000000000 ) ) ;
#496 = EDGE_CURVE ( 'NONE', #309, #2356, #1468, .T. ) ;
#497 = DIRECTION ( 'NONE',  ( 0.0000000000000000000, 1.000000000000000000, 0.0000000000000000000 ) ) ;
#498 = FACE_OUTER_BOUND ( 'NONE', #2754, .T. ) ;
#499 = CARTESIAN_POINT ( 'NONE',  ( 60.16044702067369300, -22.95501194873058300, 26.49999999999997200 ) ) ;
#500 = ORIENTED_EDGE ( 'NONE', *, *, #1983, .F. ) ;
#501 = CARTESIAN_POINT ( 'NONE',  ( 60.16044702067369300, 57.04498805126930700, 41.50000000000024200 ) ) ;
#502 = AXIS2_PLACEMENT_3D ( 'NONE', #1663, #3198, #1674 ) ;
#503 = AXIS2_PLACEMENT_3D ( 'NONE', #2644, #2364, #194 ) ;
#504 = APPLICATION_PROTOCOL_DEFINITION ( 'draft international standard', 'automotive_design', 1998, #2710 ) ;
#505 = EDGE_CURVE ( 'NONE', #953, #2119, #3195, .T. ) ;
#506 = VECTOR ( 'NONE', #96, 1000.000000000000000 ) ;
#507 = DIRECTION ( 'NONE',  ( 0.0000000000000000000, 1.000000000000000000, 0.0000000000000000000 ) ) ;
#508 = AXIS2_PLACEMENT_3D ( 'NONE', #3999, #2187, #437 ) ;
#509 = EDGE_CURVE ( 'NONE', #2894, #2671, #2960, .T. ) ;
#510 = AXIS2_PLACEMENT_3D ( 'NONE', #1567, #3685, #3993 ) ;
#511 = FACE_OUTER_BOUND ( 'NONE', #155, .T. ) ;
#512 = ORIENTED_EDGE ( 'NONE', *, *, #539, .T. ) ;
#513 = CARTESIAN_POINT ( 'NONE',  ( 63.16044702067369300, 0.0000000000000000000, 57.99999999999999300 ) ) ;
#514 = CARTESIAN_POINT ( 'NONE',  ( 63.16044702067369300, 1.044988051269203100, 56.50000000000005000 ) ) ;
#515 = ADVANCED_FACE ( 'NONE', ( #622 ), #164, .F. ) ;
#516 = CARTESIAN_POINT ( 'NONE',  ( 60.16044702067369300, 51.04498805126946300, 19.00000000000022400 ) ) ;
#517 = ORIENTED_EDGE ( 'NONE', *, *, #1893, .F. ) ;
#518 = ORIENTED_EDGE ( 'NONE', *, *, #1623, .F. ) ;
#519 = AXIS2_PLACEMENT_3D ( 'NONE', #3123, #625, #2774 ) ;
#520 = DIRECTION ( 'NONE',  ( 1.000000000000000000, -0.0000000000000000000, 0.0000000000000000000 ) ) ;
#521 = CIRCLE ( 'NONE', #1622, 2.000000000000003100 ) ;
#522 = VERTEX_POINT ( 'NONE', #3814 ) ;
#524 = ORIENTED_EDGE ( 'NONE', *, *, #2006, .T. ) ;
#523 = FACE_BOUND ( 'NONE', #2362, .T. ) ;
#525 = DIRECTION ( 'NONE',  ( 1.000000000000000000, -1.972152263052526900E-031, -1.375826490327504600E-048 ) ) ;
#526 = FACE_BOUND ( 'NONE', #1790, .T. ) ;
#527 = DIRECTION ( 'NONE',  ( 1.000000000000000000, -1.972152263052526900E-031, -1.375826490327504600E-048 ) ) ;
#528 = VECTOR ( 'NONE', #832, 1000.000000000000000 ) ;
#529 = DIRECTION ( 'NONE',  ( 1.000000000000000000, -1.972152263052526900E-031, -1.375826490327504600E-048 ) ) ;
#530 = DIRECTION ( 'NONE',  ( 1.000000000000000000, -1.972152263052526900E-031, -1.375826490327504600E-048 ) ) ;
#531 = LINE ( 'NONE', #513, #1760 ) ;
#532 = EDGE_CURVE ( 'NONE', #483, #3430, #3811, .T. ) ;
#533 = AXIS2_PLACEMENT_3D ( 'NONE', #2798, #1940, #1309 ) ;
#534 = AXIS2_PLACEMENT_3D ( 'NONE', #2406, #3926, #3640 ) ;
#535 = DIRECTION ( 'NONE',  ( 1.000000000000000000, -1.972152263052526900E-031, -1.375826490327504600E-048 ) ) ;
#536 = EDGE_LOOP ( 'NONE', ( #3643, #3396, #924, #1358 ) ) ;
#537 = ORIENTED_EDGE ( 'NONE', *, *, #3935, .T. ) ;
#538 = CARTESIAN_POINT ( 'NONE',  ( 60.16044702067369300, -26.95501194873057200, 26.49999999999989000 ) ) ;
#539 = EDGE_CURVE ( 'NONE', #2840, #1346, #2388, .T. ) ;
#540 = ORIENTED_EDGE ( 'NONE', *, *, #3367, .F. ) ;
#541 = ORIENTED_EDGE ( 'NONE', *, *, #2153, .T. ) ;
#542 = CARTESIAN_POINT ( 'NONE',  ( 63.16044702067369300, 19.04498805126925700, 49.00000000000009900 ) ) ;
#543 = DIRECTION ( 'NONE',  ( 0.0000000000000000000, 1.000000000000000000, 0.0000000000000000000 ) ) ;
#544 = APPLICATION_PROTOCOL_DEFINITION ( 'draft international standard', 'automotive_design', 1998, #2414 ) ;
#545 = ORIENTED_EDGE ( 'NONE', *, *, #161, .T. ) ;
#546 = EDGE_LOOP ( 'NONE', ( #3064, #791, #2128, #1724 ) ) ;
#547 = EDGE_CURVE ( 'NONE', #1956, #2039, #2101, .T. ) ;
#548 = FACE_OUTER_BOUND ( 'NONE', #4002, .T. ) ;
#549 = ORIENTED_EDGE ( 'NONE', *, *, #64, .F. ) ;
#550 = CIRCLE ( 'NONE', #2939, 2.000000000000001800 ) ;
#551 = EDGE_CURVE ( 'NONE', #1409, #2529, #3008, .T. ) ;
#552 = CARTESIAN_POINT ( 'NONE',  ( 60.16044702067369300, 61.04498805126935700, 34.00000000000025600 ) ) ;
#553 = CIRCLE ( 'NONE', #519, 2.000000000000008900 ) ;
#554 = AXIS2_PLACEMENT_3D ( 'NONE', #2436, #3012, #793 ) ;
#555 = ORIENTED_EDGE ( 'NONE', *, *, #913, .T. ) ;
#556 = FACE_BOUND ( 'NONE', #3057, .T. ) ;
#557 = ORIENTED_EDGE ( 'NONE', *, *, #381, .F. ) ;
#558 = DIRECTION ( 'NONE',  ( 1.000000000000000000, -1.972152263052526900E-031, -1.375826490327504600E-048 ) ) ;
#559 = ORIENTED_EDGE ( 'NONE', *, *, #3709, .T. ) ;
#560 = AXIS2_PLACEMENT_3D ( 'NONE', #1498, #3637, #2129 ) ;
#561 = EDGE_CURVE ( 'NONE', #3276, #447, #3770, .T. ) ;
#562 = FACE_OUTER_BOUND ( 'NONE', #3787, .T. ) ;
#563 = DIRECTION ( 'NONE',  ( -1.000000000000000000, -0.0000000000000000000, -0.0000000000000000000 ) ) ;
#564 = CIRCLE ( 'NONE', #3207, 2.000000000000001800 ) ;
#565 = ORIENTED_EDGE ( 'NONE', *, *, #1126, .T. ) ;
#566 = AXIS2_PLACEMENT_3D ( 'NONE', #2500, #3438, #2516 ) ;
#567 = FACE_BOUND ( 'NONE', #892, .T. ) ;
#568 = CIRCLE ( 'NONE', #628, 2.000000000000001800 ) ;
#569 = CIRCLE ( 'NONE', #916, 2.000000000000002200 ) ;
#570 = CARTESIAN_POINT ( 'NONE',  ( 60.16044702067369300, 53.04498805126952000, 11.50000000000022900 ) ) ;
#571 = LINE ( 'NONE', #1280, #687 ) ;
#572 = MECHANICAL_DESIGN_GEOMETRIC_PRESENTATION_REPRESENTATION (  '', ( #1642 ), #3835 ) ;
#573 = EDGE_CURVE ( 'NONE', #576, #1057, #1173, .T. ) ;
#574 = CARTESIAN_POINT ( 'NONE',  ( 60.16044702067369300, 9.044988051269204000, 56.50000000000007800 ) ) ;
#575 = DIRECTION ( 'NONE',  ( 0.0000000000000000000, 1.000000000000000000, 0.0000000000000000000 ) ) ;
#576 = VERTEX_POINT ( 'NONE', #3663 ) ;
#577 = EDGE_CURVE ( 'NONE', #1065, #2789, #3050, .T. ) ;
#578 = AXIS2_PLACEMENT_3D ( 'NONE', #3428, #307, #1277 ) ;
#579 = VERTEX_POINT ( 'NONE', #2716 ) ;
#580 = ORIENTED_EDGE ( 'NONE', *, *, #1026, .T. ) ;
#581 = ORIENTED_EDGE ( 'NONE', *, *, #3472, .F. ) ;
#582 = DIRECTION ( 'NONE',  ( 0.0000000000000000000, 1.000000000000000000, 0.0000000000000000000 ) ) ;
#583 = DIRECTION ( 'NONE',  ( 1.000000000000000000, -1.972152263052526900E-031, -1.375826490327504600E-048 ) ) ;
#584 = ORIENTED_EDGE ( 'NONE', *, *, #2314, .T. ) ;
#585 = ORIENTED_EDGE ( 'NONE', *, *, #1614, .T. ) ;
#586 = CARTESIAN_POINT ( 'NONE',  ( 60.16044702067369300, 3.044988051269206200, 56.50000000000005000 ) ) ;
#587 = ORIENTED_EDGE ( 'NONE', *, *, #2140, .T. ) ;
#588 = ORIENTED_EDGE ( 'NONE', *, *, #3246, .T. ) ;
#589 = DIRECTION ( 'NONE',  ( -1.000000000000000000, -0.0000000000000000000, 0.0000000000000000000 ) ) ;
#590 = EDGE_LOOP ( 'NONE', ( #103, #853 ) ) ;
#591 = DIRECTION ( 'NONE',  ( 1.000000000000000000, -1.972152263052526900E-031, -1.375826490327504600E-048 ) ) ;
#592 = CIRCLE ( 'NONE', #3923, 2.000000000000005300 ) ;
#593 = VERTEX_POINT ( 'NONE', #1210 ) ;
#594 = DIRECTION ( 'NONE',  ( 1.000000000000000000, -0.0000000000000000000, 0.0000000000000000000 ) ) ;
#595 = EDGE_CURVE ( 'NONE', #2413, #2532, #2517, .T. ) ;
#596 = CIRCLE ( 'NONE', #3692, 2.999999999999999100 ) ;
#597 = DIRECTION ( 'NONE',  ( 1.000000000000000000, -1.972152263052526900E-031, -1.375826490327504600E-048 ) ) ;
#598 = CARTESIAN_POINT ( 'NONE',  ( 60.16044702067369300, 61.04498805126947800, 19.00000000000025600 ) ) ;
#599 = DIRECTION ( 'NONE',  ( 0.0000000000000000000, 1.000000000000000000, 0.0000000000000000000 ) ) ;
#600 = FACE_BOUND ( 'NONE', #3941, .T. ) ;
#601 = CARTESIAN_POINT ( 'NONE',  ( 63.16044702067369300, -28.95501194873052200, 18.99999999999989300 ) ) ;
#602 = VERTEX_POINT ( 'NONE', #2156 ) ;
#603 = CARTESIAN_POINT ( 'NONE',  ( 63.16044702067369300, -6.955011948730741800, 49.00000000000001400 ) ) ;
#604 = EDGE_CURVE ( 'NONE', #3106, #1227, #1914, .T. ) ;
#605 = UNCERTAINTY_MEASURE_WITH_UNIT (LENGTH_MEASURE( 1.000000000000000100E-005 ), #3908, 'distance_accuracy_value', 'NONE');
#606 = CARTESIAN_POINT ( 'NONE',  ( 60.16044702067369300, 69.04498805126945600, 19.00000000000028400 ) ) ;
#607 = AXIS2_PLACEMENT_3D ( 'NONE', #516, #1131, #2337 ) ;
#608 = ORIENTED_EDGE ( 'NONE', *, *, #2453, .T. ) ;
#609 = DIRECTION ( 'NONE',  ( 1.000000000000000000, -1.972152263052526900E-031, -1.375826490327504600E-048 ) ) ;
#610 = CARTESIAN_POINT ( 'NONE',  ( 63.16044702067369300, -23.95501194873044100, 5.000000000000000000 ) ) ;
#611 = FACE_OUTER_BOUND ( 'NONE', #1295, .T. ) ;
#612 = CARTESIAN_POINT ( 'NONE',  ( 60.16044702067369300, 51.04498805126950600, 11.50000000000022900 ) ) ;
#613 = ORIENTED_EDGE ( 'NONE', *, *, #3296, .F. ) ;
#614 = DIRECTION ( 'NONE',  ( 1.000000000000000000, -1.972152263052526900E-031, -1.375826490327504600E-048 ) ) ;
#615 = FACE_BOUND ( 'NONE', #2937, .T. ) ;
#616 = CARTESIAN_POINT ( 'NONE',  ( 63.16044702067369300, 53.04498805126952000, 11.50000000000022900 ) ) ;
#617 = CARTESIAN_POINT ( 'NONE',  ( 63.16044702067369300, 59.04498805126947000, 19.00000000000025600 ) ) ;
#618 = DIRECTION ( 'NONE',  ( 1.000000000000000000, -1.972152263052526900E-031, -1.375826490327504600E-048 ) ) ;
#619 = LINE ( 'NONE', #1223, #1757 ) ;
#620 = CIRCLE ( 'NONE', #351, 1.899999999999999000 ) ;
#621 = DIRECTION ( 'NONE',  ( 1.000000000000000000, -1.972152263052526900E-031, -1.375826490327504600E-048 ) ) ;
#622 = FACE_OUTER_BOUND ( 'NONE', #33, .T. ) ;
#623 = EDGE_CURVE ( 'NONE', #718, #1057, #871, .T. ) ;
#624 = DIRECTION ( 'NONE',  ( 0.0000000000000000000, 0.0000000000000000000, 1.000000000000000000 ) ) ;
#625 = DIRECTION ( 'NONE',  ( 1.000000000000000000, -1.972152263052526900E-031, -1.375826490327504600E-048 ) ) ;
#626 = DIRECTION ( 'NONE',  ( 0.0000000000000000000, 1.000000000000000000, 0.0000000000000000000 ) ) ;
#627 = DIRECTION ( 'NONE',  ( 1.000000000000000000, -1.972152263052526900E-031, -1.375826490327504600E-048 ) ) ;
#628 = AXIS2_PLACEMENT_3D ( 'NONE', #689, #337, #58 ) ;
#629 = ORIENTED_EDGE ( 'NONE', *, *, #3196, .F. ) ;
#630 = ORIENTED_EDGE ( 'NONE', *, *, #3357, .F. ) ;
#631 = EDGE_CURVE ( 'NONE', #1340, #2158, #1072, .T. ) ;
#632 = ORIENTED_EDGE ( 'NONE', *, *, #1481, .T. ) ;
#633 = DIRECTION ( 'NONE',  ( 1.000000000000000000, -1.972152263052526900E-031, -1.375826490327504600E-048 ) ) ;
#634 = DIRECTION ( 'NONE',  ( 0.0000000000000000000, 1.000000000000000000, 0.0000000000000000000 ) ) ;
#635 = CARTESIAN_POINT ( 'NONE',  ( 60.16044702067369300, 21.04498805126921100, 56.50000000000010700 ) ) ;
#636 = CARTESIAN_POINT ( 'NONE',  ( 60.16044702067369300, 45.04498805126925700, 49.00000000000018500 ) ) ;
#637 = ORIENTED_EDGE ( 'NONE', *, *, #3529, .F. ) ;
#638 = ORIENTED_EDGE ( 'NONE', *, *, #1831, .T. ) ;
#639 = DIRECTION ( 'NONE',  ( 0.0000000000000000000, 1.000000000000000000, 0.0000000000000000000 ) ) ;
#640 = AXIS2_PLACEMENT_3D ( 'NONE', #3427, #1596, #2837 ) ;
#641 = EDGE_CURVE ( 'NONE', #1781, #3105, #2563, .T. ) ;
#642 = DIRECTION ( 'NONE',  ( 0.0000000000000000000, 1.000000000000000000, 0.0000000000000000000 ) ) ;
#643 = VERTEX_POINT ( 'NONE', #1473 ) ;
#644 = DIRECTION ( 'NONE',  ( 1.000000000000000000, -1.972152263052526900E-031, -1.375826490327504600E-048 ) ) ;
#645 = DIRECTION ( 'NONE',  ( 1.000000000000000000, -1.972152263052526900E-031, -1.375826490327504600E-048 ) ) ;
#646 = LINE ( 'NONE', #104, #1190 ) ;
#647 = ORIENTED_EDGE ( 'NONE', *, *, #294, .T. ) ;
#648 = DIRECTION ( 'NONE',  ( 0.0000000000000000000, 0.0000000000000000000, -1.000000000000000000 ) ) ;
#649 = DIRECTION ( 'NONE',  ( 1.000000000000000000, -0.0000000000000000000, 0.0000000000000000000 ) ) ;
#650 = DIRECTION ( 'NONE',  ( 1.000000000000000000, -1.972152263052526900E-031, -1.375826490327504600E-048 ) ) ;
#651 = CIRCLE ( 'NONE', #2202, 2.000000000000001800 ) ;
#652 = AXIS2_PLACEMENT_3D ( 'NONE', #2678, #2626, #831 ) ;
#653 = ORIENTED_EDGE ( 'NONE', *, *, #1167, .F. ) ;
#654 = CARTESIAN_POINT ( 'NONE',  ( 63.16044702067369300, 59.04498805126935700, 34.00000000000025600 ) ) ;
#655 = DIRECTION ( 'NONE',  ( -1.000000000000000000, 0.0000000000000000000, 0.0000000000000000000 ) ) ;
#656 = CYLINDRICAL_SURFACE ( 'NONE', #3711, 2.000000000000003600 ) ;
#657 = ORIENTED_EDGE ( 'NONE', *, *, #1660, .T. ) ;
#658 = CARTESIAN_POINT ( 'NONE',  ( 63.16044702067369300, 3.044988051269258200, 49.00000000000004300 ) ) ;
#659 = DIRECTION ( 'NONE',  ( 0.0000000000000000000, 1.000000000000000000, 0.0000000000000000000 ) ) ;
#660 = ORIENTED_EDGE ( 'NONE', *, *, #1893, .T. ) ;
#661 = DIRECTION ( 'NONE',  ( 0.0000000000000000000, 1.000000000000000000, 0.0000000000000000000 ) ) ;
#663 = DIRECTION ( 'NONE',  ( -1.000000000000000000, 0.0000000000000000000, 0.0000000000000000000 ) ) ;
#662 = PRODUCT_DEFINITION_FORMATION_WITH_SPECIFIED_SOURCE ( 'ANY', '', #1649, .NOT_KNOWN. ) ;
#664 = LINE ( 'NONE', #3676, #3363 ) ;
#665 = VERTEX_POINT ( 'NONE', #2432 ) ;
#666 = ORIENTED_EDGE ( 'NONE', *, *, #3490, .T. ) ;
#667 = CARTESIAN_POINT ( 'NONE',  ( 63.16044702067369300, -20.95501194873062900, 33.99999999999997200 ) ) ;
#668 = ORIENTED_EDGE ( 'NONE', *, *, #89, .F. ) ;
#669 = CARTESIAN_POINT ( 'NONE',  ( 60.16044702067369300, -13.20516163401561500, 32.00000000000000000 ) ) ;
#670 = EDGE_CURVE ( 'NONE', #2394, #2671, #1515, .T. ) ;
#671 = CARTESIAN_POINT ( 'NONE',  ( 60.16044702067369300, -28.37519891327383400, 61.00000000000000000 ) ) ;
#672 = AXIS2_PLACEMENT_3D ( 'NONE', #3326, #2701, #2120 ) ;
#673 = CARTESIAN_POINT ( 'NONE',  ( 63.16044702067369300, 18.14556636392285700, 37.00000000000000000 ) ) ;
#674 = AXIS2_PLACEMENT_3D ( 'NONE', #9, #2782, #3058 ) ;
#675 = CARTESIAN_POINT ( 'NONE',  ( 60.16044702067369300, 43.04498805126925000, 49.00000000000018500 ) ) ;
#676 = FACE_OUTER_BOUND ( 'NONE', #3582, .T. ) ;
#677 = CARTESIAN_POINT ( 'NONE',  ( 60.16044702067369300, -23.95501194873044100, 7.000000000000002700 ) ) ;
#678 = CIRCLE ( 'NONE', #1139, 2.000000000000003100 ) ;
#679 = DIRECTION ( 'NONE',  ( 1.000000000000000000, -1.972152263052526900E-031, -1.375826490327504600E-048 ) ) ;
#680 = DIRECTION ( 'NONE',  ( 1.000000000000000000, -1.972152263052526900E-031, -1.375826490327504600E-048 ) ) ;
#681 = ORIENTED_EDGE ( 'NONE', *, *, #206, .T. ) ;
#682 = FACE_BOUND ( 'NONE', #1203, .T. ) ;
#683 = CARTESIAN_POINT ( 'NONE',  ( 60.16044702067369300, -27.92196353426438500, 57.99999999999999300 ) ) ;
#684 = ADVANCED_FACE ( 'NONE', ( #3095 ), #3439, .F. ) ;
#685 = LINE ( 'NONE', #1180, #2748 ) ;
#686 = VECTOR ( 'NONE', #2688, 1000.000000000000000 ) ;
#687 = VECTOR ( 'NONE', #3445, 1000.000000000000000 ) ;
#688 = CARTESIAN_POINT ( 'NONE',  ( 60.16044702067369300, 20.56252476838797000, 30.50000000000000400 ) ) ;
#689 = CARTESIAN_POINT ( 'NONE',  ( 63.16044702067369300, 51.04498805126924300, 49.00000000000021300 ) ) ;
#690 = EDGE_CURVE ( 'NONE', #3546, #401, #2201, .T. ) ;
#691 = ORIENTED_EDGE ( 'NONE', *, *, #3504, .F. ) ;
#692 = CARTESIAN_POINT ( 'NONE',  ( 60.16044702067369300, -6.955011948730741800, 49.00000000000001400 ) ) ;
#693 = ORIENTED_EDGE ( 'NONE', *, *, #1012, .T. ) ;
#694 = EDGE_LOOP ( 'NONE', ( #1828, #1633 ) ) ;
#695 = VERTEX_POINT ( 'NONE', #222 ) ;
#696 = AXIS2_PLACEMENT_3D ( 'NONE', #654, #3422, #3680 ) ;
#697 = ORIENTED_EDGE ( 'NONE', *, *, #2625, .F. ) ;
#698 = ORIENTED_EDGE ( 'NONE', *, *, #2713, .T. ) ;
#699 = DIRECTION ( 'NONE',  ( 0.0000000000000000000, 1.000000000000000000, 0.0000000000000000000 ) ) ;
#700 = DIRECTION ( 'NONE',  ( 1.000000000000000000, 0.0000000000000000000, 0.0000000000000000000 ) ) ;
#701 = ORIENTED_EDGE ( 'NONE', *, *, #1189, .T. ) ;
#702 = ADVANCED_FACE ( 'NONE', ( #1377 ), #734, .F. ) ;
#703 = VERTEX_POINT ( 'NONE', #262 ) ;
#704 = VERTEX_POINT ( 'NONE', #570 ) ;
#705 = DIRECTION ( 'NONE',  ( 0.0000000000000000000, 1.000000000000000000, 0.0000000000000000000 ) ) ;
#706 = DIRECTION ( 'NONE',  ( 0.0000000000000000000, 1.000000000000000000, 0.0000000000000000000 ) ) ;
#707 = CARTESIAN_POINT ( 'NONE',  ( 60.16044702067369300, 29.04498805126920400, 56.50000000000013500 ) ) ;
#708 = FACE_OUTER_BOUND ( 'NONE', #489, .T. ) ;
#709 = DIRECTION ( 'NONE',  ( 0.0000000000000000000, 1.000000000000000000, 0.0000000000000000000 ) ) ;
#710 = FACE_OUTER_BOUND ( 'NONE', #723, .T. ) ;
#711 = VERTEX_POINT ( 'NONE', #3673 ) ;
#712 = CARTESIAN_POINT ( 'NONE',  ( 63.16044702067369300, 35.04498805126925000, 49.00000000000015600 ) ) ;
#713 = FACE_BOUND ( 'NONE', #3674, .T. ) ;
#714 = ORIENTED_EDGE ( 'NONE', *, *, #799, .F. ) ;
#715 = CLOSED_SHELL ( 'NONE', ( #3571, #2870, #2329, #3433, #1071, #349, #1709, #121, #2215, #65, #2260, #806, #322, #1112, #1009, #1429, #78, #3532, #1749, #2018, #2498, #684, #2343, #3856, #2801, #491, #3774, #3454, #3253, #3476, #2220, #1324, #2042, #988, #1734, #3159, #2659, #1450, #2319, #1942, #1772, #1303, #2647, #3878, #2544, #761, #2936, #1627, #961, #1410, #515, #3452, #24, #3271, #317, #1390, #1025, #472, #3134, #1688, #3553, #448, #702, #3726, #2828, #179, #2522, #1127, #144, #80, #3789, #2975, #2484, #1093, #1651, #198, #3702, #1917, #983, #3291, #3842, #2621, #1344, #2078, #3108, #374, #2913, #933, #49, #784, #3895, #3586, #2993, #1630, #2959, #163, #3232, #824, #2376, #3404, #392, #428, #1888, #2848, #3754, #2360, #3407, #2603, #3832, #2061 ) ) ;
#716 = EDGE_CURVE ( 'NONE', #2830, #762, #1566, .T. ) ;
#717 = DIRECTION ( 'NONE',  ( 1.000000000000000000, -1.972152263052526900E-031, -1.375826490327504600E-048 ) ) ;
#718 = VERTEX_POINT ( 'NONE', #2168 ) ;
#719 = AXIS2_PLACEMENT_3D ( 'NONE', #86, #2266, #3776 ) ;
#720 = CARTESIAN_POINT ( 'NONE',  ( 60.16044702067369300, 51.04498805126940700, 26.50000000000022000 ) ) ;
#721 = EDGE_CURVE ( 'NONE', #3846, #309, #2911, .T. ) ;
#722 = FACE_OUTER_BOUND ( 'NONE', #3872, .T. ) ;
#723 = EDGE_LOOP ( 'NONE', ( #3665, #82, #785, #2508 ) ) ;
#724 = AXIS2_PLACEMENT_3D ( 'NONE', #3287, #1456, #818 ) ;
#725 = EDGE_CURVE ( 'NONE', #2844, #3170, #3239, .T. ) ;
#726 = AXIS2_PLACEMENT_3D ( 'NONE', #2807, #957, #582 ) ;
#727 = VECTOR ( 'NONE', #2176, 1000.000000000000000 ) ;
#728 = CIRCLE ( 'NONE', #2598, 2.000000000000001800 ) ;
#729 = CARTESIAN_POINT ( 'NONE',  ( 60.16044702067369300, 1.044988051269255100, 49.00000000000004300 ) ) ;
#730 = DIRECTION ( 'NONE',  ( 1.000000000000000000, -1.972152263052526900E-031, -1.375826490327504600E-048 ) ) ;
#731 = CYLINDRICAL_SURFACE ( 'NONE', #2736, 2.000000000000001800 ) ;
#732 = CARTESIAN_POINT ( 'NONE',  ( 60.16044702067369300, 69.04498805126930000, 41.50000000000027000 ) ) ;
#733 = CIRCLE ( 'NONE', #6, 3.000000000000002700 ) ;
#734 = CYLINDRICAL_SURFACE ( 'NONE', #3844, 2.000000000000001800 ) ;
#735 = DIRECTION ( 'NONE',  ( 0.0000000000000000000, -1.000000000000000000, 0.0000000000000000000 ) ) ;
#736 = AXIS2_PLACEMENT_3D ( 'NONE', #720, #1969, #2895 ) ;
#737 = ORIENTED_EDGE ( 'NONE', *, *, #2192, .F. ) ;
#738 = ORIENTED_EDGE ( 'NONE', *, *, #3246, .F. ) ;
#739 = VERTEX_POINT ( 'NONE', #1856 ) ;
#740 = DIRECTION ( 'NONE',  ( 0.0000000000000000000, 1.000000000000000000, 0.0000000000000000000 ) ) ;
#741 = ORIENTED_EDGE ( 'NONE', *, *, #2060, .F. ) ;
#742 = ORIENTED_EDGE ( 'NONE', *, *, #314, .F. ) ;
#743 = CARTESIAN_POINT ( 'NONE',  ( 63.16044702067369300, -13.20516163401561500, 29.00000000000000000 ) ) ;
#744 = EDGE_CURVE ( 'NONE', #2352, #3257, #94, .T. ) ;
#745 = ORIENTED_EDGE ( 'NONE', *, *, #764, .F. ) ;
#746 = AXIS2_PLACEMENT_3D ( 'NONE', #1001, #967, #2547 ) ;
#747 = AXIS2_PLACEMENT_3D ( 'NONE', #1832, #2133, #3627 ) ;
#748 = CYLINDRICAL_SURFACE ( 'NONE', #1800, 2.000000000000001800 ) ;
#749 = ORIENTED_EDGE ( 'NONE', *, *, #3781, .T. ) ;
#750 = ORIENTED_EDGE ( 'NONE', *, *, #2391, .F. ) ;
#751 = CARTESIAN_POINT ( 'NONE',  ( 63.16044702067369300, 13.04498805126920800, 56.50000000000007800 ) ) ;
#752 = VECTOR ( 'NONE', #2323, 1000.000000000000000 ) ;
#753 = EDGE_LOOP ( 'NONE', ( #3294, #2536, #555, #2172 ) ) ;
#754 = AXIS2_PLACEMENT_3D ( 'NONE', #3408, #2505, #2823 ) ;
#755 = CYLINDRICAL_SURFACE ( 'NONE', #1785, 2.000000000000001800 ) ;
#756 = VERTEX_POINT ( 'NONE', #823 ) ;
#757 = ORIENTED_EDGE ( 'NONE', *, *, #3261, .F. ) ;
#758 = FACE_BOUND ( 'NONE', #2721, .T. ) ;
#759 = EDGE_CURVE ( 'NONE', #3725, #3106, #3862, .T. ) ;
#760 = CARTESIAN_POINT ( 'NONE',  ( 60.16044702067369300, 51.04498805126946300, 19.00000000000022400 ) ) ;
#761 = ADVANCED_FACE ( 'NONE', ( #2431 ), #3713, .T. ) ;
#762 = VERTEX_POINT ( 'NONE', #3 ) ;
#763 = CARTESIAN_POINT ( 'NONE',  ( 63.16044702067369300, 33.04498805126925000, 49.00000000000015600 ) ) ;
#764 = EDGE_CURVE ( 'NONE', #413, #2502, #389, .T. ) ;
#765 = DIRECTION ( 'NONE',  ( 0.0000000000000000000, 0.0000000000000000000, -1.000000000000000000 ) ) ;
#766 = CARTESIAN_POINT ( 'NONE',  ( 60.16044702067369300, 37.04498805126925000, 49.00000000000015600 ) ) ;
#767 = CYLINDRICAL_SURFACE ( 'NONE', #1977, 2.000000000000008900 ) ;
#768 = CARTESIAN_POINT ( 'NONE',  ( 60.16044702067369300, 45.04498805126925700, 49.00000000000018500 ) ) ;
#769 = EDGE_LOOP ( 'NONE', ( #2863, #1451, #342, #3946 ) ) ;
#770 = VERTEX_POINT ( 'NONE', #2195 ) ;
#771 = AXIS2_PLACEMENT_3D ( 'NONE', #2285, #730, #3851 ) ;
#772 = CARTESIAN_POINT ( 'NONE',  ( 63.16044702067369300, 68.23011617120128800, 59.00000000000000000 ) ) ;
#773 = CIRCLE ( 'NONE', #1088, 2.000000000000003600 ) ;
#774 = VECTOR ( 'NONE', #3114, 1000.000000000000000 ) ;
#775 = AXIS2_PLACEMENT_3D ( 'NONE', #1504, #2995, #191 ) ;
#776 = EDGE_CURVE ( 'NONE', #3354, #2473, #1022, .T. ) ;
#777 = CARTESIAN_POINT ( 'NONE',  ( 60.16044702067369300, 49.04498805126939900, 26.50000000000022000 ) ) ;
#778 = VECTOR ( 'NONE', #1516, 1000.000000000000000 ) ;
#779 = CYLINDRICAL_SURFACE ( 'NONE', #3274, 2.000000000000001800 ) ;
#780 = DIRECTION ( 'NONE',  ( 1.000000000000000000, -1.972152263052526900E-031, -1.375826490327504600E-048 ) ) ;
#781 = CARTESIAN_POINT ( 'NONE',  ( 63.16044702067369300, -19.20516163401558200, 0.0000000000000000000 ) ) ;
#782 = CARTESIAN_POINT ( 'NONE',  ( 60.16044702067369300, -22.95501194873068200, 41.49999999999996400 ) ) ;
#783 = DIRECTION ( 'NONE',  ( 1.000000000000000000, -1.972152263052526900E-031, -1.375826490327504600E-048 ) ) ;
#784 = ADVANCED_FACE ( 'NONE', ( #1374 ), #731, .F. ) ;
#785 = ORIENTED_EDGE ( 'NONE', *, *, #3660, .T. ) ;
#786 = DIRECTION ( 'NONE',  ( 1.000000000000000000, -1.972152263052526900E-031, -1.375826490327504600E-048 ) ) ;
#787 = AXIS2_PLACEMENT_3D ( 'NONE', #130, #1405, #1711 ) ;
#788 = ORIENTED_EDGE ( 'NONE', *, *, #2955, .T. ) ;
#789 = ORIENTED_EDGE ( 'NONE', *, *, #1910, .F. ) ;
#790 = ORIENTED_EDGE ( 'NONE', *, *, #947, .T. ) ;
#791 = ORIENTED_EDGE ( 'NONE', *, *, #2111, .F. ) ;
#792 = DIRECTION ( 'NONE',  ( 0.0000000000000000000, 0.0000000000000000000, -1.000000000000000000 ) ) ;
#793 = DIRECTION ( 'NONE',  ( 0.0000000000000000000, 1.000000000000000000, 0.0000000000000000000 ) ) ;
#794 = DIRECTION ( 'NONE',  ( 1.000000000000000000, -1.972152263052526900E-031, -1.375826490327504600E-048 ) ) ;
#795 = EDGE_CURVE ( 'NONE', #3578, #3780, #619, .T. ) ;
#796 = ORIENTED_EDGE ( 'NONE', *, *, #551, .T. ) ;
#797 = ORIENTED_EDGE ( 'NONE', *, *, #3097, .T. ) ;
#798 = CARTESIAN_POINT ( 'NONE',  ( 60.16044702067369300, 21.14556636392285300, 37.00000000000000000 ) ) ;
#799 = EDGE_CURVE ( 'NONE', #2039, #711, #1068, .T. ) ;
#800 = CYLINDRICAL_SURFACE ( 'NONE', #3029, 2.000000000000003100 ) ;
#801 = ORIENTED_EDGE ( 'NONE', *, *, #1325, .F. ) ;
#802 = AXIS2_PLACEMENT_3D ( 'NONE', #3069, #2793, #1250 ) ;
#803 = CARTESIAN_POINT ( 'NONE',  ( 60.16044702067369300, -26.37519891327379200, 50.10000000000002300 ) ) ;
#804 = VECTOR ( 'NONE', #3273, 1000.000000000000000 ) ;
#805 = ORIENTED_EDGE ( 'NONE', *, *, #2583, .T. ) ;
#806 = ADVANCED_FACE ( 'NONE', ( #3337 ), #3912, .F. ) ;
#807 = CARTESIAN_POINT ( 'NONE',  ( 60.16044702067369300, 49.04498805126939900, 26.50000000000022000 ) ) ;
#808 = FACE_BOUND ( 'NONE', #1361, .T. ) ;
#809 = CARTESIAN_POINT ( 'NONE',  ( 60.16044702067369300, 69.04498805126941400, 26.50000000000028100 ) ) ;
#810 = ORIENTED_EDGE ( 'NONE', *, *, #2153, .F. ) ;
#811 = EDGE_CURVE ( 'NONE', #1820, #2083, #2196, .T. ) ;
#812 = CARTESIAN_POINT ( 'NONE',  ( 60.16044702067369300, 49.04498805126949900, 11.50000000000022900 ) ) ;
#813 = ORIENTED_EDGE ( 'NONE', *, *, #415, .T. ) ;
#814 = FACE_OUTER_BOUND ( 'NONE', #158, .T. ) ;
#815 = ORIENTED_EDGE ( 'NONE', *, *, #1275, .T. ) ;
#816 = PRESENTATION_STYLE_ASSIGNMENT (( #2425 ) ) ;
#817 = DIRECTION ( 'NONE',  ( 0.0000000000000000000, 1.000000000000000000, 0.0000000000000000000 ) ) ;
#818 = DIRECTION ( 'NONE',  ( 0.0000000000000000000, 1.000000000000000000, 0.0000000000000000000 ) ) ;
#819 = LINE ( 'NONE', #2170, #3334 ) ;
#820 = DIRECTION ( 'NONE',  ( 1.000000000000000000, 0.0000000000000000000, 0.0000000000000000000 ) ) ;
#821 = LINE ( 'NONE', #150, #3282 ) ;
#822 = EDGE_CURVE ( 'NONE', #2901, #2355, #1118, .T. ) ;
#823 = CARTESIAN_POINT ( 'NONE',  ( 63.16044702067369300, -23.95501194873044100, 2.999999999999997800 ) ) ;
#824 = ADVANCED_FACE ( 'NONE', ( #3994 ), #2858, .F. ) ;
#825 = AXIS2_PLACEMENT_3D ( 'NONE', #2217, #655, #984 ) ;
#826 = FACE_OUTER_BOUND ( 'NONE', #1738, .T. ) ;
#827 = CYLINDRICAL_SURFACE ( 'NONE', #88, 2.000000000000001800 ) ;
#828 = LINE ( 'NONE', #3870, #3998 ) ;
#829 = CARTESIAN_POINT ( 'NONE',  ( 60.16044702067369300, 67.04498805126934300, 34.00000000000027700 ) ) ;
#830 = CARTESIAN_POINT ( 'NONE',  ( 60.16044702067369300, 65.04498805126945600, 19.00000000000028400 ) ) ;
#831 = DIRECTION ( 'NONE',  ( 0.0000000000000000000, 0.0000000000000000000, -1.000000000000000000 ) ) ;
#832 = DIRECTION ( 'NONE',  ( 1.000000000000000000, -1.972152263052526900E-031, -1.375826490327504600E-048 ) ) ;
#833 = EDGE_LOOP ( 'NONE', ( #2301, #854, #2568, #1241 ) ) ;
#834 = ORIENTED_EDGE ( 'NONE', *, *, #1189, .F. ) ;
#835 = EDGE_LOOP ( 'NONE', ( #2028, #488, #2009, #1200 ) ) ;
#836 = ORIENTED_EDGE ( 'NONE', *, *, #3525, .F. ) ;
#837 = ORIENTED_EDGE ( 'NONE', *, *, #2415, .T. ) ;
#838 = DIRECTION ( 'NONE',  ( 0.0000000000000000000, 0.0000000000000000000, -1.000000000000000000 ) ) ;
#839 = EDGE_LOOP ( 'NONE', ( #1350, #2333, #1400, #2091 ) ) ;
#840 = VERTEX_POINT ( 'NONE', #1236 ) ;
#841 = DIRECTION ( 'NONE',  ( -1.000000000000000000, 0.0000000000000000000, 0.0000000000000000000 ) ) ;
#842 = EDGE_CURVE ( 'NONE', #953, #1164, #3091, .T. ) ;
#843 = CARTESIAN_POINT ( 'NONE',  ( 60.16044702067369300, 51.04498805126946300, 19.00000000000022400 ) ) ;
#844 = FACE_OUTER_BOUND ( 'NONE', #201, .T. ) ;
#845 = ORIENTED_EDGE ( 'NONE', *, *, #384, .T. ) ;
#846 = AXIS2_PLACEMENT_3D ( 'NONE', #2492, #3985, #11 ) ;
#847 = EDGE_CURVE ( 'NONE', #2529, #2473, #276, .T. ) ;
#848 = VECTOR ( 'NONE', #3805, 1000.000000000000000 ) ;
#849 = VERTEX_POINT ( 'NONE', #1582 ) ;
#850 = EDGE_CURVE ( 'NONE', #1286, #2476, #1464, .T. ) ;
#851 = EDGE_CURVE ( 'NONE', #3276, #10, #2467, .T. ) ;
#852 = CIRCLE ( 'NONE', #368, 2.000000000000001800 ) ;
#853 = ORIENTED_EDGE ( 'NONE', *, *, #3966, .T. ) ;
#854 = ORIENTED_EDGE ( 'NONE', *, *, #2213, .F. ) ;
#855 = CARTESIAN_POINT ( 'NONE',  ( 60.16044702067369300, 53.04498805126925000, 49.00000000000021300 ) ) ;
#856 = CARTESIAN_POINT ( 'NONE',  ( 60.16044702067369300, 67.04498805126934300, 34.00000000000027700 ) ) ;
#857 = FACE_BOUND ( 'NONE', #2924, .T. ) ;
#858 = CARTESIAN_POINT ( 'NONE',  ( 60.16044702067369300, 65.04498805126934300, 34.00000000000027700 ) ) ;
#859 = CARTESIAN_POINT ( 'NONE',  ( 63.16044702067369300, -28.95501194873057600, 26.49999999999989000 ) ) ;
#860 = CARTESIAN_POINT ( 'NONE',  ( 60.16044702067369300, 27.04498805126925000, 49.00000000000012800 ) ) ;
#861 = VERTEX_POINT ( 'NONE', #893 ) ;
#862 = CARTESIAN_POINT ( 'NONE',  ( 63.16044702067369300, -28.37519891327383400, 61.00000000000000000 ) ) ;
#863 = CYLINDRICAL_SURFACE ( 'NONE', #1385, 1.899999999999999000 ) ;
#864 = EDGE_LOOP ( 'NONE', ( #1646, #278, #1288, #3386 ) ) ;
#865 = CYLINDRICAL_SURFACE ( 'NONE', #1301, 2.000000000000005300 ) ;
#866 = CARTESIAN_POINT ( 'NONE',  ( 60.16044702067369300, -2.955011948730787500, 56.50000000000002100 ) ) ;
#867 = FACE_BOUND ( 'NONE', #936, .T. ) ;
#868 = DIRECTION ( 'NONE',  ( 0.0000000000000000000, 1.000000000000000000, 0.0000000000000000000 ) ) ;
#869 = LINE ( 'NONE', #178, #2430 ) ;
#870 = DIRECTION ( 'NONE',  ( 1.000000000000000000, -1.972152263052526900E-031, -1.375826490327504600E-048 ) ) ;
#871 = LINE ( 'NONE', #866, #3716 ) ;
#872 = EDGE_CURVE ( 'NONE', #366, #2965, #2799, .T. ) ;
#873 = LINE ( 'NONE', #1298, #1427 ) ;
#874 = AXIS2_PLACEMENT_3D ( 'NONE', #1491, #529, #2765 ) ;
#875 = AXIS2_PLACEMENT_3D ( 'NONE', #1233, #19, #3667 ) ;
#876 = CARTESIAN_POINT ( 'NONE',  ( 60.16044702067369300, -30.95501194873058300, 26.49999999999989000 ) ) ;
#877 = EDGE_LOOP ( 'NONE', ( #1433, #3876 ) ) ;
#878 = ORIENTED_EDGE ( 'NONE', *, *, #3558, .F. ) ;
#879 = CARTESIAN_POINT ( 'NONE',  ( 60.16044702067369300, 19.04498805126925700, 49.00000000000009900 ) ) ;
#880 = ORIENTED_EDGE ( 'NONE', *, *, #1269, .F. ) ;
#881 = DIRECTION ( 'NONE',  ( 1.000000000000000000, -1.972152263052526900E-031, -1.375826490327504600E-048 ) ) ;
#882 = VERTEX_POINT ( 'NONE', #1281 ) ;
#883 = EDGE_CURVE ( 'NONE', #1482, #3258, #2002, .T. ) ;
#884 = VERTEX_POINT ( 'NONE', #3661 ) ;
#885 = DIRECTION ( 'NONE',  ( 1.000000000000000000, -1.972152263052526900E-031, -1.375826490327504600E-048 ) ) ;
#886 = LINE ( 'NONE', #3150, #2169 ) ;
#887 = EDGE_LOOP ( 'NONE', ( #2024, #127, #28, #714 ) ) ;
#888 = DIRECTION ( 'NONE',  ( 1.000000000000000000, -1.972152263052526900E-031, -1.375826490327504600E-048 ) ) ;
#889 = CIRCLE ( 'NONE', #1573, 2.000000000000003600 ) ;
#890 = AXIS2_PLACEMENT_3D ( 'NONE', #3598, #3694, #2481 ) ;
#891 = CIRCLE ( 'NONE', #802, 2.000000000000001800 ) ;
#892 = EDGE_LOOP ( 'NONE', ( #1294, #2419 ) ) ;
#893 = CARTESIAN_POINT ( 'NONE',  ( 60.16044702067369300, -30.95501194873068200, 41.49999999999988600 ) ) ;
#894 = DIRECTION ( 'NONE',  ( 1.000000000000000000, -1.972152263052526900E-031, -1.375826490327504600E-048 ) ) ;
#895 = DIRECTION ( 'NONE',  ( 1.000000000000000000, -1.972152263052526900E-031, -1.375826490327504600E-048 ) ) ;
#896 = FILL_AREA_STYLE ('',( #3693 ) ) ;
#897 = EDGE_LOOP ( 'NONE', ( #2822, #151, #40, #2885 ) ) ;
#898 = VECTOR ( 'NONE', #1492, 1000.000000000000000 ) ;
#899 = VERTEX_POINT ( 'NONE', #3752 ) ;
#900 = CARTESIAN_POINT ( 'NONE',  ( 63.16044702067369300, 46.79483836598441800, 0.0000000000000000000 ) ) ;
#901 = CIRCLE ( 'NONE', #3636, 2.000000000000001800 ) ;
#902 = FACE_OUTER_BOUND ( 'NONE', #395, .T. ) ;
#903 = EDGE_CURVE ( 'NONE', #756, #602, #2561, .T. ) ;
#904 = CARTESIAN_POINT ( 'NONE',  ( 60.16044702067369300, -2.955011948730735600, 49.00000000000001400 ) ) ;
#905 = VECTOR ( 'NONE', #2518, 1000.000000000000000 ) ;
#906 = CARTESIAN_POINT ( 'NONE',  ( 60.16044702067369300, -28.95501194873052200, 18.99999999999989300 ) ) ;
#907 = CARTESIAN_POINT ( 'NONE',  ( 60.16044702067369300, 3.044988051269258200, 49.00000000000004300 ) ) ;
#908 = LINE ( 'NONE', #1929, #3485 ) ;
#909 = DIRECTION ( 'NONE',  ( 1.000000000000000000, -1.972152263052526900E-031, -1.375826490327504600E-048 ) ) ;
#910 = AXIS2_PLACEMENT_3D ( 'NONE', #1380, #1342, #1640 ) ;
#911 = CARTESIAN_POINT ( 'NONE',  ( 60.16044702067369300, 35.04498805126925000, 49.00000000000015600 ) ) ;
#912 = VECTOR ( 'NONE', #1174, 1000.000000000000000 ) ;
#913 = EDGE_CURVE ( 'NONE', #3206, #1750, #1962, .T. ) ;
#914 = DIRECTION ( 'NONE',  ( 1.000000000000000000, -0.0000000000000000000, 0.0000000000000000000 ) ) ;
#915 = DIRECTION ( 'NONE',  ( 1.000000000000000000, -1.972152263052526900E-031, -1.375826490327504600E-048 ) ) ;
#916 = AXIS2_PLACEMENT_3D ( 'NONE', #3601, #2663, #1133 ) ;
#917 = EDGE_CURVE ( 'NONE', #1650, #2413, #3572, .T. ) ;
#918 = AXIS2_PLACEMENT_3D ( 'NONE', #1841, #885, #2740 ) ;
#919 = CARTESIAN_POINT ( 'NONE',  ( 63.16044702067369300, 43.04498805126920000, 56.50000000000019200 ) ) ;
#920 = EDGE_LOOP ( 'NONE', ( #321, #1122 ) ) ;
#921 = DIRECTION ( 'NONE',  ( 0.0000000000000000000, 1.000000000000000000, 0.0000000000000000000 ) ) ;
#922 = ORIENTED_EDGE ( 'NONE', *, *, #1458, .T. ) ;
#923 = EDGE_LOOP ( 'NONE', ( #1935, #518 ) ) ;
#924 = ORIENTED_EDGE ( 'NONE', *, *, #3671, .T. ) ;
#925 = ORIENTED_EDGE ( 'NONE', *, *, #1234, .T. ) ;
#926 = DIRECTION ( 'NONE',  ( 1.000000000000000000, -1.972152263052526900E-031, -1.375826490327504600E-048 ) ) ;
#927 = DIRECTION ( 'NONE',  ( 1.000000000000000000, -1.972152263052526900E-031, -1.375826490327504600E-048 ) ) ;
#928 = CARTESIAN_POINT ( 'NONE',  ( 60.16044702067369300, 67.04498805126939900, 26.50000000000028100 ) ) ;
#929 = ORIENTED_EDGE ( 'NONE', *, *, #2495, .F. ) ;
#930 = AXIS2_PLACEMENT_3D ( 'NONE', #3931, #2105, #1782 ) ;
#931 = DIRECTION ( 'NONE',  ( 1.000000000000000000, -0.0000000000000000000, 0.0000000000000000000 ) ) ;
#932 = DIRECTION ( 'NONE',  ( 1.000000000000000000, -1.972152263052526900E-031, -1.375826490327504600E-048 ) ) ;
#933 = ADVANCED_FACE ( 'NONE', ( #2749 ), #180, .F. ) ;
#934 = CIRCLE ( 'NONE', #874, 2.000000000000008900 ) ;
#935 = CARTESIAN_POINT ( 'NONE',  ( 60.16044702067369300, 1.044988051269203100, 56.50000000000005000 ) ) ;
#936 = EDGE_LOOP ( 'NONE', ( #1279, #3779 ) ) ;
#937 = DIRECTION ( 'NONE',  ( 0.0000000000000000000, 1.000000000000000000, 0.0000000000000000000 ) ) ;
#938 = VECTOR ( 'NONE', #2538, 1000.000000000000000 ) ;
#939 = VERTEX_POINT ( 'NONE', #669 ) ;
#940 = AXIS2_PLACEMENT_3D ( 'NONE', #2308, #2667, #1768 ) ;
#941 = CARTESIAN_POINT ( 'NONE',  ( 60.16044702067369300, 27.04498805126925000, 49.00000000000012800 ) ) ;
#942 = CARTESIAN_POINT ( 'NONE',  ( 60.16044702067369300, -4.955011948730738200, 49.00000000000001400 ) ) ;
#943 = CIRCLE ( 'NONE', #3148, 2.000000000000001800 ) ;
#944 = CARTESIAN_POINT ( 'NONE',  ( 63.16044702067369300, -22.95501194873058300, 26.49999999999997200 ) ) ;
#945 = ORIENTED_EDGE ( 'NONE', *, *, #2234, .F. ) ;
#946 = CARTESIAN_POINT ( 'NONE',  ( 60.16044702067369300, 51.04498805126930000, 41.50000000000022000 ) ) ;
#947 = EDGE_CURVE ( 'NONE', #2359, #3258, #133, .T. ) ;
#948 = AXIS2_PLACEMENT_3D ( 'NONE', #3877, #188, #1105 ) ;
#949 = DIRECTION ( 'NONE',  ( 0.0000000000000000000, 1.000000000000000000, 0.0000000000000000000 ) ) ;
#950 = AXIS2_PLACEMENT_3D ( 'NONE', #612, #3361, #2773 ) ;
#951 = FACE_OUTER_BOUND ( 'NONE', #2821, .T. ) ;
#952 = CARTESIAN_POINT ( 'NONE',  ( 60.16044702067369300, -6.955011948730794200, 56.50000000000002100 ) ) ;
#953 = VERTEX_POINT ( 'NONE', #1287 ) ;
#954 = ORIENTED_EDGE ( 'NONE', *, *, #3771, .F. ) ;
#955 = DIRECTION ( 'NONE',  ( 0.0000000000000000000, 1.000000000000000000, 0.0000000000000000000 ) ) ;
#956 = CYLINDRICAL_SURFACE ( 'NONE', #2506, 2.000000000000005300 ) ;
#957 = DIRECTION ( 'NONE',  ( 1.000000000000000000, -1.972152263052526900E-031, -1.375826490327504600E-048 ) ) ;
#958 = AXIS2_PLACEMENT_3D ( 'NONE', #1791, #1777, #838 ) ;
#959 = VERTEX_POINT ( 'NONE', #334 ) ;
#960 = CARTESIAN_POINT ( 'NONE',  ( 63.16044702067369300, 67.23011617120128800, 59.00000000000008500 ) ) ;
#961 = ADVANCED_FACE ( 'NONE', ( #2151 ), #3741, .F. ) ;
#962 = CARTESIAN_POINT ( 'NONE',  ( 63.16044702067369300, -18.95501194873057200, 26.49999999999997200 ) ) ;
#963 = DIRECTION ( 'NONE',  ( 0.0000000000000000000, 1.000000000000000000, 0.0000000000000000000 ) ) ;
#964 = ORIENTED_EDGE ( 'NONE', *, *, #1360, .T. ) ;
#965 = CIRCLE ( 'NONE', #2250, 2.000000000000005300 ) ;
#966 = FACE_OUTER_BOUND ( 'NONE', #536, .T. ) ;
#967 = DIRECTION ( 'NONE',  ( 1.000000000000000000, -1.972152263052526900E-031, -1.375826490327504600E-048 ) ) ;
#968 = VECTOR ( 'NONE', #233, 1000.000000000000000 ) ;
#969 = EDGE_CURVE ( 'NONE', #2119, #1670, #3615, .T. ) ;
#970 = FACE_OUTER_BOUND ( 'NONE', #1926, .T. ) ;
#971 = CARTESIAN_POINT ( 'NONE',  ( 60.16044702067369300, -10.95501194873078500, 56.49999999999999300 ) ) ;
#972 = CARTESIAN_POINT ( 'NONE',  ( 60.16044702067369300, 61.04498805126942100, 26.50000000000025200 ) ) ;
#973 = CARTESIAN_POINT ( 'NONE',  ( 60.16044702067369300, 35.04498805126925000, 49.00000000000015600 ) ) ;
#974 = DIRECTION ( 'NONE',  ( 1.000000000000000000, -1.972152263052526900E-031, -1.375826490327504600E-048 ) ) ;
#975 = CYLINDRICAL_SURFACE ( 'NONE', #1830, 2.000000000000001800 ) ;
#976 = FACE_OUTER_BOUND ( 'NONE', #2927, .T. ) ;
#977 = EDGE_CURVE ( 'NONE', #1276, #643, #91, .T. ) ;
#978 = CARTESIAN_POINT ( 'NONE',  ( 60.16044702067369300, 59.04498805126941400, 26.50000000000025200 ) ) ;
#979 = ORIENTED_EDGE ( 'NONE', *, *, #2583, .F. ) ;
#980 = CARTESIAN_POINT ( 'NONE',  ( 60.16044702067369300, 43.04498805126920000, 56.50000000000019200 ) ) ;
#981 = DIRECTION ( 'NONE',  ( 0.0000000000000000000, 1.000000000000000000, 0.0000000000000000000 ) ) ;
#982 = AXIS2_PLACEMENT_3D ( 'NONE', #3821, #2001, #119 ) ;
#983 = ADVANCED_FACE ( 'NONE', ( #3376 ), #3192, .F. ) ;
#984 = DIRECTION ( 'NONE',  ( 0.0000000000000000000, 0.0000000000000000000, 1.000000000000000000 ) ) ;
#985 = CARTESIAN_POINT ( 'NONE',  ( 63.16044702067369300, 64.23011617120123200, 52.00000000000002100 ) ) ;
#986 = ORIENTED_EDGE ( 'NONE', *, *, #3922, .T. ) ;
#987 = VERTEX_POINT ( 'NONE', #603 ) ;
#988 = ADVANCED_FACE ( 'NONE', ( #2382 ), #3524, .F. ) ;
#989 = ORIENTED_EDGE ( 'NONE', *, *, #1351, .F. ) ;
#990 = AXIS2_PLACEMENT_3D ( 'NONE', #3915, #2371, #3342 ) ;
#991 = EDGE_CURVE ( 'NONE', #2771, #2123, #1560, .T. ) ;
#992 = CARTESIAN_POINT ( 'NONE',  ( 60.16044702067369300, 43.79483836598441100, 3.000000000000000000 ) ) ;
#993 = CARTESIAN_POINT ( 'NONE',  ( 60.16044702067369300, 49.04498805126949900, 11.50000000000022900 ) ) ;
#994 = EDGE_LOOP ( 'NONE', ( #3600, #2261, #3492, #834 ) ) ;
#995 = EDGE_LOOP ( 'NONE', ( #3024, #741, #169, #3858 ) ) ;
#996 = ORIENTED_EDGE ( 'NONE', *, *, #3196, .T. ) ;
#997 = EDGE_LOOP ( 'NONE', ( #1696, #1848, #3649, #1637 ) ) ;
#998 = AXIS2_PLACEMENT_3D ( 'NONE', #209, #2692, #3556 ) ;
#999 = ORIENTED_EDGE ( 'NONE', *, *, #2569, .F. ) ;
#1000 = DIRECTION ( 'NONE',  ( 0.0000000000000000000, 1.000000000000000000, 0.0000000000000000000 ) ) ;
#1001 = CARTESIAN_POINT ( 'NONE',  ( 63.16044702067369300, 51.04498805126930000, 41.50000000000022000 ) ) ;
#1002 = DIRECTION ( 'NONE',  ( 0.0000000000000000000, 1.000000000000000000, 0.0000000000000000000 ) ) ;
#1003 = CIRCLE ( 'NONE', #2449, 2.000000000000001800 ) ;
#1004 = DIRECTION ( 'NONE',  ( -1.000000000000000000, 0.0000000000000000000, -0.0000000000000000000 ) ) ;
#1005 = DIRECTION ( 'NONE',  ( 1.000000000000000000, -1.972152263052526900E-031, -1.375826490327504600E-048 ) ) ;
#1006 = AXIS2_PLACEMENT_3D ( 'NONE', #1018, #1946, #1990 ) ;
#1007 = FACE_BOUND ( 'NONE', #2210, .T. ) ;
#1008 = CARTESIAN_POINT ( 'NONE',  ( 63.16044702067369300, -16.20516163401561400, 28.99999999999999600 ) ) ;
#1009 = ADVANCED_FACE ( 'NONE', ( #826 ), #1808, .F. ) ;
#1010 = EDGE_CURVE ( 'NONE', #3655, #1346, #3807, .T. ) ;
#1011 = ORIENTED_EDGE ( 'NONE', *, *, #1798, .F. ) ;
#1012 = EDGE_CURVE ( 'NONE', #1096, #2840, #2514, .T. ) ;
#1013 = DIRECTION ( 'NONE',  ( 0.0000000000000000000, 1.000000000000000000, 0.0000000000000000000 ) ) ;
#1014 = AXIS2_PLACEMENT_3D ( 'NONE', #3352, #1549, #626 ) ;
#1015 = EDGE_LOOP ( 'NONE', ( #261, #1570 ) ) ;
#1016 = CARTESIAN_POINT ( 'NONE',  ( 60.16044702067369300, -6.955011948730794200, 56.50000000000002100 ) ) ;
#1017 = ORIENTED_EDGE ( 'NONE', *, *, #3539, .T. ) ;
#1018 = CARTESIAN_POINT ( 'NONE',  ( 60.16044702067369300, 11.04498805126925900, 49.00000000000007100 ) ) ;
#1019 = CIRCLE ( 'NONE', #1221, 2.000000000000001800 ) ;
#1020 = CARTESIAN_POINT ( 'NONE',  ( 60.16044702067369300, 11.04498805126920600, 56.50000000000007800 ) ) ;
#1021 = FACE_OUTER_BOUND ( 'NONE', #1981, .T. ) ;
#1022 = CIRCLE ( 'NONE', #510, 2.000000000000005300 ) ;
#1023 = LINE ( 'NONE', #304, #2348 ) ;
#1024 = CARTESIAN_POINT ( 'NONE',  ( 60.16044702067369300, -30.95501194873063300, 33.99999999999989300 ) ) ;
#1025 = ADVANCED_FACE ( 'NONE', ( #1264, #1662, #526, #2098, #1170, #329, #1906, #234, #3435, #2608, #1329, #480, #3662, #2193, #2855, #1462, #3705, #615, #3801, #1370, #2095, #2247, #1421, #3045, #3189, #2288, #1659, #2462, #1705, #3907, #387, #2999, #523, #2903, #867, #2339, #682, #1115, #2558, #567, #3766, #2957, #273, #3151 ), #1872, .F. ) ;
#1026 = EDGE_CURVE ( 'NONE', #1820, #473, #3480, .T. ) ;
#1027 = CARTESIAN_POINT ( 'NONE',  ( 60.16044702067369300, 49.04498805126930000, 41.50000000000022000 ) ) ;
#1028 = DIRECTION ( 'NONE',  ( 1.000000000000000000, -1.972152263052526900E-031, -1.375826490327504600E-048 ) ) ;
#1029 = CARTESIAN_POINT ( 'NONE',  ( 60.16044702067369300, 29.04498805126925400, 49.00000000000012800 ) ) ;
#1030 = ORIENTED_EDGE ( 'NONE', *, *, #2967, .T. ) ;
#1031 = ORIENTED_EDGE ( 'NONE', *, *, #3097, .F. ) ;
#1032 = DIRECTION ( 'NONE',  ( 1.000000000000000000, -1.972152263052526900E-031, -1.375826490327504600E-048 ) ) ;
#1033 = ORIENTED_EDGE ( 'NONE', *, *, #3321, .T. ) ;
#1034 = EDGE_CURVE ( 'NONE', #1577, #1650, #48, .T. ) ;
#1035 = AXIS2_PLACEMENT_3D ( 'NONE', #760, #1348, #3527 ) ;
#1036 = ORIENTED_EDGE ( 'NONE', *, *, #422, .T. ) ;
#1037 = ORIENTED_EDGE ( 'NONE', *, *, #3747, .T. ) ;
#1038 = CARTESIAN_POINT ( 'NONE',  ( 63.16044702067369300, -29.37519891327383800, 57.99999999999999300 ) ) ;
#1039 = EDGE_LOOP ( 'NONE', ( #1520, #2230, #122, #1417 ) ) ;
#1040 = ORIENTED_EDGE ( 'NONE', *, *, #1475, .F. ) ;
#1041 = CARTESIAN_POINT ( 'NONE',  ( 60.16044702067369300, 67.23011617120128800, 59.00000000000008500 ) ) ;
#1042 = DIRECTION ( 'NONE',  ( 1.000000000000000000, -1.972152263052526900E-031, -1.375826490327504600E-048 ) ) ;
#1043 = DIRECTION ( 'NONE',  ( 1.000000000000000000, -1.972152263052526900E-031, -1.375826490327504600E-048 ) ) ;
#1044 = CYLINDRICAL_SURFACE ( 'NONE', #1961, 2.000000000000001800 ) ;
#1045 = ORIENTED_EDGE ( 'NONE', *, *, #3671, .F. ) ;
#1046 = CARTESIAN_POINT ( 'NONE',  ( 60.16044702067369300, 67.04498805126934300, 34.00000000000027700 ) ) ;
#1047 = VECTOR ( 'NONE', #2879, 1000.000000000000000 ) ;
#1048 = DIRECTION ( 'NONE',  ( 0.0000000000000000000, 1.000000000000000000, 0.0000000000000000000 ) ) ;
#1049 = CYLINDRICAL_SURFACE ( 'NONE', #1428, 2.000000000000001800 ) ;
#1050 = EDGE_LOOP ( 'NONE', ( #742, #352, #26, #3577 ) ) ;
#1051 = EDGE_CURVE ( 'NONE', #3381, #3380, #2428, .T. ) ;
#1052 = DIRECTION ( 'NONE',  ( 1.000000000000000000, -1.972152263052526900E-031, -1.375826490327504600E-048 ) ) ;
#1053 = CARTESIAN_POINT ( 'NONE',  ( 60.16044702067369300, 53.04498805126947000, 19.00000000000022400 ) ) ;
#1054 = CARTESIAN_POINT ( 'NONE',  ( 60.16044702067369300, 18.14556636392285300, 35.00000000000000000 ) ) ;
#1055 = VERTEX_POINT ( 'NONE', #2752 ) ;
#1056 = AXIS2_PLACEMENT_3D ( 'NONE', #1716, #2014, #740 ) ;
#1057 = VERTEX_POINT ( 'NONE', #1557 ) ;
#1058 = EDGE_CURVE ( 'NONE', #704, #1065, #3859, .T. ) ;
#1059 = CIRCLE ( 'NONE', #754, 2.000000000000001800 ) ;
#1060 = EDGE_LOOP ( 'NONE', ( #2974, #788 ) ) ;
#1061 = AXIS2_PLACEMENT_3D ( 'NONE', #1897, #2199, #3703 ) ;
#1062 = EDGE_CURVE ( 'NONE', #3846, #3738, #477, .T. ) ;
#1063 = CARTESIAN_POINT ( 'NONE',  ( 63.16044702067369300, 53.04498805126935000, 34.00000000000022700 ) ) ;
#1064 = ORIENTED_EDGE ( 'NONE', *, *, #3138, .T. ) ;
#1065 = VERTEX_POINT ( 'NONE', #616 ) ;
#1066 = CIRCLE ( 'NONE', #1211, 2.000000000000005300 ) ;
#1067 = CARTESIAN_POINT ( 'NONE',  ( 60.16044702067369300, -28.95501194873062900, 33.99999999999989300 ) ) ;
#1068 = LINE ( 'NONE', #904, #1854 ) ;
#1069 = DIRECTION ( 'NONE',  ( -0.0000000000000000000, 1.000000000000000000, 0.0000000000000000000 ) ) ;
#1070 = CIRCLE ( 'NONE', #3740, 2.000000000000005300 ) ;
#1071 = ADVANCED_FACE ( 'NONE', ( #2652 ), #1513, .F. ) ;
#1072 = LINE ( 'NONE', #538, #3288 ) ;
#1073 = CARTESIAN_POINT ( 'NONE',  ( 60.16044702067369300, 49.04498805126944900, 19.00000000000022400 ) ) ;
#1074 = AXIS2_PLACEMENT_3D ( 'NONE', #960, #348, #3158 ) ;
#1075 = CARTESIAN_POINT ( 'NONE',  ( 60.16044702067369300, 13.04498805126926100, 49.00000000000007100 ) ) ;
#1076 = EDGE_LOOP ( 'NONE', ( #2826, #2160, #2064, #3126 ) ) ;
#1077 = CARTESIAN_POINT ( 'NONE',  ( 60.16044702067369300, 69.04498805126935700, 34.00000000000027700 ) ) ;
#1078 = DIRECTION ( 'NONE',  ( 1.000000000000000000, -1.972152263052526900E-031, -1.375826490327504600E-048 ) ) ;
#1079 = PLANE ( 'NONE',  #3486 ) ;
#1080 = EDGE_LOOP ( 'NONE', ( #3102, #2780, #1437, #2928 ) ) ;
#1081 = ORIENTED_EDGE ( 'NONE', *, *, #2381, .F. ) ;
#1082 = CARTESIAN_POINT ( 'NONE',  ( 63.16044702067369300, 67.04498805126939900, 26.50000000000028100 ) ) ;
#1083 = ORIENTED_EDGE ( 'NONE', *, *, #2267, .T. ) ;
#1084 = DIRECTION ( 'NONE',  ( -1.000000000000000000, 0.0000000000000000000, 0.0000000000000000000 ) ) ;
#1085 = EDGE_CURVE ( 'NONE', #2715, #1482, #2146, .T. ) ;
#1086 = ORIENTED_EDGE ( 'NONE', *, *, #744, .F. ) ;
#1087 = AXIS2_PLACEMENT_3D ( 'NONE', #3467, #2246, #699 ) ;
#1088 = AXIS2_PLACEMENT_3D ( 'NONE', #658, #1850, #2768 ) ;
#1089 = VECTOR ( 'NONE', #3722, 1000.000000000000000 ) ;
#1090 = ORIENTED_EDGE ( 'NONE', *, *, #3472, .T. ) ;
#1091 = ORIENTED_EDGE ( 'NONE', *, *, #991, .F. ) ;
#1092 = CARTESIAN_POINT ( 'NONE',  ( 60.16044702067369300, 3.044988051269206200, 56.50000000000005000 ) ) ;
#1093 = ADVANCED_FACE ( 'NONE', ( #3658 ), #2746, .F. ) ;
#1094 = VECTOR ( 'NONE', #2642, 1000.000000000000000 ) ;
#1095 = DIRECTION ( 'NONE',  ( 1.000000000000000000, -1.972152263052526900E-031, -1.375826490327504600E-048 ) ) ;
#1096 = VERTEX_POINT ( 'NONE', #1609 ) ;
#1097 = CARTESIAN_POINT ( 'NONE',  ( 63.16044702067369300, 21.04498805126926100, 49.00000000000009900 ) ) ;
#1098 = DIRECTION ( 'NONE',  ( 1.000000000000000000, -1.972152263052526900E-031, -1.375826490327504600E-048 ) ) ;
#1099 = CYLINDRICAL_SURFACE ( 'NONE', #566, 52.92058191901593000 ) ;
#1100 = ORIENTED_EDGE ( 'NONE', *, *, #294, .F. ) ;
#1101 = VERTEX_POINT ( 'NONE', #3139 ) ;
#1102 = FACE_BOUND ( 'NONE', #3783, .T. ) ;
#1103 = EDGE_CURVE ( 'NONE', #1783, #2482, #3236, .T. ) ;
#1104 = VERTEX_POINT ( 'NONE', #992 ) ;
#1105 = DIRECTION ( 'NONE',  ( 0.0000000000000000000, 1.000000000000000000, 0.0000000000000000000 ) ) ;
#1106 = DIRECTION ( 'NONE',  ( 0.0000000000000000000, 1.000000000000000000, 0.0000000000000000000 ) ) ;
#1107 = DIRECTION ( 'NONE',  ( 0.0000000000000000000, 1.000000000000000000, 0.0000000000000000000 ) ) ;
#1108 = DIRECTION ( 'NONE',  ( 1.000000000000000000, -1.972152263052526900E-031, -1.375826490327504600E-048 ) ) ;
#1109 = CYLINDRICAL_SURFACE ( 'NONE', #2606, 2.000000000000008900 ) ;
#1110 = DIRECTION ( 'NONE',  ( -1.000000000000000000, -0.0000000000000000000, -0.0000000000000000000 ) ) ;
#1111 = ORIENTED_EDGE ( 'NONE', *, *, #670, .F. ) ;
#1112 = ADVANCED_FACE ( 'NONE', ( #1615 ), #3568, .F. ) ;
#1113 = AXIS2_PLACEMENT_3D ( 'NONE', #3765, #3808, #2573 ) ;
#1114 = VERTEX_POINT ( 'NONE', #3458 ) ;
#1115 = FACE_BOUND ( 'NONE', #457, .T. ) ;
#1116 = CYLINDRICAL_SURFACE ( 'NONE', #421, 2.000000000000005300 ) ;
#1117 = DIRECTION ( 'NONE',  ( 1.000000000000000000, -1.972152263052526900E-031, -1.375826490327504600E-048 ) ) ;
#1118 = CIRCLE ( 'NONE', #1849, 2.000000000000005300 ) ;
#1119 = CARTESIAN_POINT ( 'NONE',  ( 63.16044702067369300, -10.95501194873078500, 56.49999999999999300 ) ) ;
#1120 = DIRECTION ( 'NONE',  ( 0.0000000000000000000, 1.000000000000000000, 0.0000000000000000000 ) ) ;
#1121 = CARTESIAN_POINT ( 'NONE',  ( 60.16044702067369300, 59.04498805126941400, 26.50000000000025200 ) ) ;
#1122 = ORIENTED_EDGE ( 'NONE', *, *, #259, .T. ) ;
#1123 = VERTEX_POINT ( 'NONE', #972 ) ;
#1124 = VERTEX_POINT ( 'NONE', #360 ) ;
#1125 = CARTESIAN_POINT ( 'NONE',  ( 63.16044702067369300, 61.80992920665785600, 5.000000000000000000 ) ) ;
#1126 = EDGE_CURVE ( 'NONE', #840, #3293, #773, .T. ) ;
#1127 = ADVANCED_FACE ( 'NONE', ( #2051 ), #1851, .F. ) ;
#1128 = VERTEX_POINT ( 'NONE', #900 ) ;
#1129 = ORIENTED_EDGE ( 'NONE', *, *, #2415, .F. ) ;
#1130 = CARTESIAN_POINT ( 'NONE',  ( 63.16044702067369300, 53.04498805126941400, 26.50000000000022000 ) ) ;
#1131 = DIRECTION ( 'NONE',  ( 1.000000000000000000, -1.972152263052526900E-031, -1.375826490327504600E-048 ) ) ;
#1132 = CARTESIAN_POINT ( 'NONE',  ( 63.16044702067369300, 35.04498805126925000, 49.00000000000015600 ) ) ;
#1133 = DIRECTION ( 'NONE',  ( 0.0000000000000000000, 0.0000000000000000000, -1.000000000000000000 ) ) ;
#1134 = AXIS2_PLACEMENT_3D ( 'NONE', #1161, #870, #1811 ) ;
#1135 = FILL_AREA_STYLE ('',( #2921 ) ) ;
#1136 = EDGE_CURVE ( 'NONE', #1209, #59, #1212, .T. ) ;
#1137 = ORIENTED_EDGE ( 'NONE', *, *, #18, .T. ) ;
#1138 = CIRCLE ( 'NONE', #890, 2.000000000000003600 ) ;
#1139 = AXIS2_PLACEMENT_3D ( 'NONE', #1465, #2704, #868 ) ;
#1140 = EDGE_CURVE ( 'NONE', #2132, #1181, #175, .T. ) ;
#1141 = AXIS2_PLACEMENT_3D ( 'NONE', #1252, #1859, #3083 ) ;
#1142 = DIRECTION ( 'NONE',  ( 0.0000000000000000000, 1.000000000000000000, 0.0000000000000000000 ) ) ;
#1143 = DIRECTION ( 'NONE',  ( 0.0000000000000000000, 0.0000000000000000000, -1.000000000000000000 ) ) ;
#1144 = LINE ( 'NONE', #1027, #506 ) ;
#1145 = ORIENTED_EDGE ( 'NONE', *, *, #2453, .F. ) ;
#1146 = DIRECTION ( 'NONE',  ( 1.000000000000000000, -1.972152263052526900E-031, -1.375826490327504600E-048 ) ) ;
#1147 = CARTESIAN_POINT ( 'NONE',  ( 63.16044702067369300, 25.04498805126925000, 49.00000000000012800 ) ) ;
#1148 = DIRECTION ( 'NONE',  ( 1.000000000000000000, -1.972152263052526900E-031, -1.375826490327504600E-048 ) ) ;
#1149 = CIRCLE ( 'NONE', #1289, 2.000000000000001800 ) ;
#1150 = DIRECTION ( 'NONE',  ( 0.0000000000000000000, 1.000000000000000000, 0.0000000000000000000 ) ) ;
#1151 = ORIENTED_EDGE ( 'NONE', *, *, #111, .T. ) ;
#1152 = ORIENTED_EDGE ( 'NONE', *, *, #1439, .F. ) ;
#1153 = AXIS2_PLACEMENT_3D ( 'NONE', #3419, #1285, #1601 ) ;
#1154 = ORIENTED_EDGE ( 'NONE', *, *, #3610, .F. ) ;
#1155 = ORIENTED_EDGE ( 'NONE', *, *, #1769, .T. ) ;
#1156 = DIRECTION ( 'NONE',  ( 1.000000000000000000, -1.972152263052526900E-031, -1.375826490327504600E-048 ) ) ;
#1157 = FACE_OUTER_BOUND ( 'NONE', #1672, .T. ) ;
#1158 = EDGE_LOOP ( 'NONE', ( #3121, #1954 ) ) ;
#1159 = CARTESIAN_POINT ( 'NONE',  ( 63.16044702067369300, 53.04498805126920000, 56.50000000000021300 ) ) ;
#1160 = CARTESIAN_POINT ( 'NONE',  ( 60.16044702067369300, 51.04498805126940700, 26.50000000000022000 ) ) ;
#1161 = CARTESIAN_POINT ( 'NONE',  ( 60.16044702067369300, 51.04498805126935000, 34.00000000000022700 ) ) ;
#1162 = EDGE_LOOP ( 'NONE', ( #2297, #750 ) ) ;
#1164 = VERTEX_POINT ( 'NONE', #1534 ) ;
#1163 = ORIENTED_EDGE ( 'NONE', *, *, #947, .F. ) ;
#1165 = SURFACE_SIDE_STYLE ('',( #226 ) ) ;
#1166 = CYLINDRICAL_SURFACE ( 'NONE', #1006, 2.000000000000001800 ) ;
#1167 = EDGE_CURVE ( 'NONE', #447, #1124, #3953, .T. ) ;
#1168 = AXIS2_PLACEMENT_3D ( 'NONE', #3270, #3551, #3563 ) ;
#1169 = AXIS2_PLACEMENT_3D ( 'NONE', #928, #3096, #3964 ) ;
#1170 = FACE_BOUND ( 'NONE', #76, .T. ) ;
#1171 = LINE ( 'NONE', #2722, #2198 ) ;
#1172 = CARTESIAN_POINT ( 'NONE',  ( 63.16044702067369300, -12.95501194873078900, 56.49999999999999300 ) ) ;
#1173 = CIRCLE ( 'NONE', #1941, 2.000000000000003100 ) ;
#1174 = DIRECTION ( 'NONE',  ( 1.000000000000000000, -1.972152263052526900E-031, -1.375826490327504600E-048 ) ) ;
#1175 = DIRECTION ( 'NONE',  ( 0.0000000000000000000, 1.000000000000000000, 0.0000000000000000000 ) ) ;
#1176 = AXIS2_PLACEMENT_3D ( 'NONE', #2952, #2633, #3254 ) ;
#1177 = VERTEX_POINT ( 'NONE', #3413 ) ;
#1178 = CARTESIAN_POINT ( 'NONE',  ( 60.16044702067369300, 61.04498805126947800, 19.00000000000025600 ) ) ;
#1179 = ORIENTED_EDGE ( 'NONE', *, *, #1873, .T. ) ;
#1180 = CARTESIAN_POINT ( 'NONE',  ( 60.16044702067369300, 61.04498805126930700, 41.50000000000024200 ) ) ;
#1181 = VERTEX_POINT ( 'NONE', #3100 ) ;
#1182 = ORIENTED_EDGE ( 'NONE', *, *, #3002, .T. ) ;
#1183 = CARTESIAN_POINT ( 'NONE',  ( 60.16044702067369300, 67.04498805126934300, 34.00000000000027700 ) ) ;
#1184 = VERTEX_POINT ( 'NONE', #323 ) ;
#1185 = ORIENTED_EDGE ( 'NONE', *, *, #1776, .F. ) ;
#1186 = EDGE_CURVE ( 'NONE', #882, #2352, #901, .T. ) ;
#1187 = CARTESIAN_POINT ( 'NONE',  ( 63.16044702067369300, -4.955011948730790600, 56.50000000000002100 ) ) ;
#1188 = ORIENTED_EDGE ( 'NONE', *, *, #3275, .T. ) ;
#1189 = EDGE_CURVE ( 'NONE', #1128, #3919, #87, .T. ) ;
#1190 = VECTOR ( 'NONE', #2584, 1000.000000000000000 ) ;
#1191 = ORIENTED_EDGE ( 'NONE', *, *, #338, .F. ) ;
#1192 = VERTEX_POINT ( 'NONE', #1890 ) ;
#1193 = CARTESIAN_POINT ( 'NONE',  ( 60.16044702067369300, -16.20516163401561400, 28.99999999999999600 ) ) ;
#1194 = AXIS2_PLACEMENT_3D ( 'NONE', #2931, #2321, #3222 ) ;
#1195 = CYLINDRICAL_SURFACE ( 'NONE', #2555, 2.000000000000002700 ) ;
#1196 = CARTESIAN_POINT ( 'NONE',  ( 60.16044702067369300, 61.80992920665785600, 5.000000000000000000 ) ) ;
#1197 = AXIS2_PLACEMENT_3D ( 'NONE', #311, #909, #2810 ) ;
#1198 = EDGE_CURVE ( 'NONE', #1920, #3706, #1019, .T. ) ;
#1199 = VECTOR ( 'NONE', #1431, 1000.000000000000000 ) ;
#1200 = ORIENTED_EDGE ( 'NONE', *, *, #3462, .F. ) ;
#1201 = FACE_BOUND ( 'NONE', #1158, .T. ) ;
#1202 = DIRECTION ( 'NONE',  ( 0.0000000000000000000, 1.000000000000000000, 0.0000000000000000000 ) ) ;
#1203 = EDGE_LOOP ( 'NONE', ( #3535, #3300 ) ) ;
#1204 = CARTESIAN_POINT ( 'NONE',  ( 60.16044702067369300, 59.04498805126947000, 19.00000000000025600 ) ) ;
#1205 = AXIS2_PLACEMENT_3D ( 'NONE', #941, #3092, #1948 ) ;
#1206 = VECTOR ( 'NONE', #591, 1000.000000000000000 ) ;
#1207 = ORIENTED_EDGE ( 'NONE', *, *, #3339, .F. ) ;
#1208 = ORIENTED_EDGE ( 'NONE', *, *, #3697, .F. ) ;
#1209 = VERTEX_POINT ( 'NONE', #3388 ) ;
#1210 = CARTESIAN_POINT ( 'NONE',  ( 63.16044702067369300, -26.37519891327379200, 53.90000000000002000 ) ) ;
#1211 = AXIS2_PLACEMENT_3D ( 'NONE', #3237, #2365, #445 ) ;
#1212 = CIRCLE ( 'NONE', #1365, 2.000000000000001800 ) ;
#1214 = EDGE_CURVE ( 'NONE', #2502, #413, #1754, .T. ) ;
#1213 = CARTESIAN_POINT ( 'NONE',  ( 63.16044702067369300, 65.77688079219179000, 58.00000000000000000 ) ) ;
#1215 = CYLINDRICAL_SURFACE ( 'NONE', #3001, 2.000000000000002700 ) ;
#1216 = DIRECTION ( 'NONE',  ( 1.000000000000000000, -1.972152263052526900E-031, -1.375826490327504600E-048 ) ) ;
#1217 = DIRECTION ( 'NONE',  ( 0.0000000000000000000, 1.000000000000000000, 0.0000000000000000000 ) ) ;
#1218 = VECTOR ( 'NONE', #2827, 1000.000000000000000 ) ;
#1219 = EDGE_CURVE ( 'NONE', #593, #1101, #2378, .T. ) ;
#1220 = CYLINDRICAL_SURFACE ( 'NONE', #2634, 2.000000000000008900 ) ;
#1221 = AXIS2_PLACEMENT_3D ( 'NONE', #340, #609, #642 ) ;
#1222 = EDGE_LOOP ( 'NONE', ( #3986, #1185, #3200, #2987 ) ) ;
#1223 = CARTESIAN_POINT ( 'NONE',  ( 60.16044702067369300, 25.04498805126919300, 56.50000000000013500 ) ) ;
#1224 = DIRECTION ( 'NONE',  ( 0.0000000000000000000, 4.336808689942017700E-016, 1.000000000000000000 ) ) ;
#1225 = CARTESIAN_POINT ( 'NONE',  ( 60.16044702067369300, 25.04498805126925000, 49.00000000000012800 ) ) ;
#1226 = CARTESIAN_POINT ( 'NONE',  ( 60.16044702067369300, -28.95501194873067900, 41.49999999999988600 ) ) ;
#1227 = VERTEX_POINT ( 'NONE', #2205 ) ;
#1228 = EDGE_LOOP ( 'NONE', ( #3750, #2567, #3924, #2212 ) ) ;
#1229 = ORIENTED_EDGE ( 'NONE', *, *, #1051, .F. ) ;
#1230 = CARTESIAN_POINT ( 'NONE',  ( 60.16044702067369300, 53.04498805126952000, 11.50000000000022900 ) ) ;
#1231 = ORIENTED_EDGE ( 'NONE', *, *, #3539, .F. ) ;
#1232 = ORIENTED_EDGE ( 'NONE', *, *, #3718, .F. ) ;
#1233 = CARTESIAN_POINT ( 'NONE',  ( 63.16044702067369300, 51.04498805126930000, 41.50000000000022000 ) ) ;
#1234 = EDGE_CURVE ( 'NONE', #1482, #1610, #1553, .T. ) ;
#1235 = EDGE_LOOP ( 'NONE', ( #1774, #647 ) ) ;
#1236 = CARTESIAN_POINT ( 'NONE',  ( 63.16044702067369300, 1.044988051269255100, 49.00000000000004300 ) ) ;
#1237 = CARTESIAN_POINT ( 'NONE',  ( 63.16044702067369300, 18.14556636392283900, -7.869384989098015600E-015 ) ) ;
#1238 = CIRCLE ( 'NONE', #1532, 2.000000000000001800 ) ;
#1239 = EDGE_CURVE ( 'NONE', #1783, #3498, #3089, .T. ) ;
#1240 = VECTOR ( 'NONE', #1426, 1000.000000000000000 ) ;
#1241 = ORIENTED_EDGE ( 'NONE', *, *, #1140, .T. ) ;
#1242 = CARTESIAN_POINT ( 'NONE',  ( 63.16044702067369300, 61.04498805126935700, 34.00000000000025600 ) ) ;
#1243 = AXIS2_PLACEMENT_3D ( 'NONE', #3311, #2102, #1175 ) ;
#1244 = DIRECTION ( 'NONE',  ( 0.0000000000000000000, 1.000000000000000000, 0.0000000000000000000 ) ) ;
#1245 = LINE ( 'NONE', #2093, #3411 ) ;
#1246 = DIRECTION ( 'NONE',  ( 0.0000000000000000000, 1.000000000000000000, 0.0000000000000000000 ) ) ;
#1247 = DIRECTION ( 'NONE',  ( 0.0000000000000000000, 1.000000000000000000, 0.0000000000000000000 ) ) ;
#1248 = VERTEX_POINT ( 'NONE', #1564 ) ;
#1249 = DIRECTION ( 'NONE',  ( 0.0000000000000000000, 1.000000000000000000, 0.0000000000000000000 ) ) ;
#1250 = DIRECTION ( 'NONE',  ( 0.0000000000000000000, 1.000000000000000000, 0.0000000000000000000 ) ) ;
#1251 = ORIENTED_EDGE ( 'NONE', *, *, #2238, .T. ) ;
#1252 = CARTESIAN_POINT ( 'NONE',  ( 63.16044702067369300, -13.20516163401561500, 29.00000000000000000 ) ) ;
#1253 = DIRECTION ( 'NONE',  ( 1.000000000000000000, -1.972152263052526900E-031, -1.375826490327504600E-048 ) ) ;
#1254 = FACE_OUTER_BOUND ( 'NONE', #2761, .T. ) ;
#1255 = CARTESIAN_POINT ( 'NONE',  ( 63.16044702067369300, 43.79483836598441100, 37.00000000000000000 ) ) ;
#1256 = ORIENTED_EDGE ( 'NONE', *, *, #1198, .F. ) ;
#1257 = PLANE ( 'NONE',  #640 ) ;
#1258 = DIRECTION ( 'NONE',  ( 1.000000000000000000, -1.972152263052526900E-031, -1.375826490327504600E-048 ) ) ;
#1260 = ORIENTED_EDGE ( 'NONE', *, *, #505, .F. ) ;
#1259 = CIRCLE ( 'NONE', #2786, 2.000000000000008900 ) ;
#1261 = CYLINDRICAL_SURFACE ( 'NONE', #1354, 2.000000000000003600 ) ;
#1262 = EDGE_CURVE ( 'NONE', #2671, #2894, #3991, .T. ) ;
#1263 = DIRECTION ( 'NONE',  ( 0.0000000000000000000, 1.237635842363242200E-015, -1.000000000000000000 ) ) ;
#1264 = FACE_BOUND ( 'NONE', #1162, .T. ) ;
#1265 = PLANE ( 'NONE',  #29 ) ;
#1266 = CIRCLE ( 'NONE', #2501, 2.000000000000001800 ) ;
#1267 = AXIS2_PLACEMENT_3D ( 'NONE', #1204, #3332, #3343 ) ;
#1268 = CYLINDRICAL_SURFACE ( 'NONE', #2849, 1.899999999999999000 ) ;
#1269 = EDGE_CURVE ( 'NONE', #1528, #5, #1618, .T. ) ;
#1270 = CARTESIAN_POINT ( 'NONE',  ( 63.16044702067369300, -29.37519891327383800, 57.99999999999999300 ) ) ;
#1271 = DIRECTION ( 'NONE',  ( 0.0000000000000000000, 1.000000000000000000, 0.0000000000000000000 ) ) ;
#1272 = CARTESIAN_POINT ( 'NONE',  ( 63.16044702067369300, 21.04498805126921100, 56.50000000000010700 ) ) ;
#1273 = CARTESIAN_POINT ( 'NONE',  ( 63.16044702067369300, -20.95501194873062900, 33.99999999999997200 ) ) ;
#1274 = AXIS2_PLACEMENT_3D ( 'NONE', #906, #281, #2460 ) ;
#1275 = EDGE_CURVE ( 'NONE', #1822, #3170, #819, .T. ) ;
#1276 = VERTEX_POINT ( 'NONE', #283 ) ;
#1277 = DIRECTION ( 'NONE',  ( 0.0000000000000000000, 1.000000000000000000, 0.0000000000000000000 ) ) ;
#1278 = CARTESIAN_POINT ( 'NONE',  ( 63.16044702067369300, -23.95501194873044100, 7.000000000000002700 ) ) ;
#1279 = ORIENTED_EDGE ( 'NONE', *, *, #2305, .T. ) ;
#1280 = CARTESIAN_POINT ( 'NONE',  ( 63.16044702067369300, 18.14556636392285300, 35.00000000000000000 ) ) ;
#1281 = CARTESIAN_POINT ( 'NONE',  ( 63.16044702067369300, 68.23011617120128800, 59.00000000000000000 ) ) ;
#1282 = EDGE_LOOP ( 'NONE', ( #2020, #2440, #2572, #681 ) ) ;
#1283 = ORIENTED_EDGE ( 'NONE', *, *, #314, .T. ) ;
#1284 = DIRECTION ( 'NONE',  ( -1.000000000000000000, -0.0000000000000000000, 0.0000000000000000000 ) ) ;
#1285 = DIRECTION ( 'NONE',  ( 1.000000000000000000, -1.972152263052526900E-031, -1.375826490327504600E-048 ) ) ;
#1286 = VERTEX_POINT ( 'NONE', #1870 ) ;
#1287 = CARTESIAN_POINT ( 'NONE',  ( 60.16044702067369300, -22.95501194873063300, 33.99999999999997200 ) ) ;
#1288 = ORIENTED_EDGE ( 'NONE', *, *, #991, .T. ) ;
#1289 = AXIS2_PLACEMENT_3D ( 'NONE', #1046, #1372, #3190 ) ;
#1290 = CARTESIAN_POINT ( 'NONE',  ( 60.16044702067369300, 33.04498805126919300, 56.50000000000016300 ) ) ;
#1291 = DIRECTION ( 'NONE',  ( 1.000000000000000000, -1.972152263052526900E-031, -1.375826490327504600E-048 ) ) ;
#1292 = DIRECTION ( 'NONE',  ( 0.0000000000000000000, 0.0000000000000000000, -1.000000000000000000 ) ) ;
#1293 = LINE ( 'NONE', #394, #14 ) ;
#1294 = ORIENTED_EDGE ( 'NONE', *, *, #2060, .T. ) ;
#1295 = EDGE_LOOP ( 'NONE', ( #4, #2477, #2660, #1598 ) ) ;
#1296 = DIRECTION ( 'NONE',  ( 1.000000000000000000, -1.972152263052526900E-031, -1.375826490327504600E-048 ) ) ;
#1297 = CARTESIAN_POINT ( 'NONE',  ( 60.16044702067369300, 51.04498805126940700, 26.50000000000022000 ) ) ;
#1298 = CARTESIAN_POINT ( 'NONE',  ( 60.16044702067369300, -30.95501194873058300, 26.49999999999989000 ) ) ;
#1299 = CIRCLE ( 'NONE', #1592, 2.000000000000001800 ) ;
#1300 = EDGE_LOOP ( 'NONE', ( #335, #3306 ) ) ;
#1301 = AXIS2_PLACEMENT_3D ( 'NONE', #1717, #783, #3519 ) ;
#1302 = CARTESIAN_POINT ( 'NONE',  ( 63.16044702067369300, 51.04498805126935000, 34.00000000000022700 ) ) ;
#1303 = ADVANCED_FACE ( 'NONE', ( #1366 ), #2843, .F. ) ;
#1304 = CIRCLE ( 'NONE', #436, 2.000000000000001800 ) ;
#1305 = ORIENTED_EDGE ( 'NONE', *, *, #279, .F. ) ;
#1306 = ORIENTED_EDGE ( 'NONE', *, *, #3410, .F. ) ;
#1307 = EDGE_CURVE ( 'NONE', #770, #1276, #371, .T. ) ;
#1308 = CARTESIAN_POINT ( 'NONE',  ( 60.16044702067369300, 53.04498805126947000, 19.00000000000022400 ) ) ;
#1309 = DIRECTION ( 'NONE',  ( 1.000000000000000000, 0.0000000000000000000, -0.0000000000000000000 ) ) ;
#1310 = AXIS2_PLACEMENT_3D ( 'NONE', #2459, #1867, #624 ) ;
#1311 = FACE_BOUND ( 'NONE', #1733, .T. ) ;
#1312 = DIRECTION ( 'NONE',  ( 0.0000000000000000000, 1.000000000000000000, 0.0000000000000000000 ) ) ;
#1313 = EDGE_LOOP ( 'NONE', ( #1826, #3638 ) ) ;
#1314 = CARTESIAN_POINT ( 'NONE',  ( 60.16044702067369300, 67.04498805126945600, 19.00000000000028400 ) ) ;
#1315 = DIRECTION ( 'NONE',  ( 0.0000000000000000000, 1.000000000000000000, 0.0000000000000000000 ) ) ;
#1316 = DIRECTION ( 'NONE',  ( 1.000000000000000000, -1.972152263052526900E-031, -1.375826490327504600E-048 ) ) ;
#1317 = CIRCLE ( 'NONE', #948, 2.000000000000003100 ) ;
#1318 = CARTESIAN_POINT ( 'NONE',  ( 60.16044702067369300, -6.955011948730741800, 49.00000000000001400 ) ) ;
#1319 = FACE_OUTER_BOUND ( 'NONE', #864, .T. ) ;
#1320 = VERTEX_POINT ( 'NONE', #2157 ) ;
#1321 = COLOUR_RGB ( '',0.7921568627450980000, 0.8196078431372548800, 0.9333333333333333500 ) ;
#1322 = VECTOR ( 'NONE', #589, 1000.000000000000000 ) ;
#1323 = DIRECTION ( 'NONE',  ( 0.0000000000000000000, 1.000000000000000000, 0.0000000000000000000 ) ) ;
#1324 = ADVANCED_FACE ( 'NONE', ( #3319 ), #117, .F. ) ;
#1325 = EDGE_CURVE ( 'NONE', #1227, #3106, #891, .T. ) ;
#1326 = LINE ( 'NONE', #2535, #3659 ) ;
#1327 = CARTESIAN_POINT ( 'NONE',  ( 60.16044702067369300, 51.04498805126924300, 49.00000000000021300 ) ) ;
#1328 = DIRECTION ( 'NONE',  ( 0.0000000000000000000, 0.0000000000000000000, -1.000000000000000000 ) ) ;
#1329 = FACE_BOUND ( 'NONE', #1726, .T. ) ;
#1330 = VECTOR ( 'NONE', #3186, 1000.000000000000000 ) ;
#1331 = CARTESIAN_POINT ( 'NONE',  ( 60.16044702067369300, 49.04498805126924300, 49.00000000000021300 ) ) ;
#1332 = ORIENTED_EDGE ( 'NONE', *, *, #1692, .F. ) ;
#1333 = AXIS2_PLACEMENT_3D ( 'NONE', #3154, #2510, #2177 ) ;
#1334 = CARTESIAN_POINT ( 'NONE',  ( 63.16044702067369300, -23.95501194873044100, 7.000000000000002700 ) ) ;
#1335 = VERTEX_POINT ( 'NONE', #944 ) ;
#1336 = VERTEX_POINT ( 'NONE', #272 ) ;
#1337 = ORIENTED_EDGE ( 'NONE', *, *, #3648, .F. ) ;
#1338 = DIRECTION ( 'NONE',  ( 0.0000000000000000000, 1.000000000000000000, 0.0000000000000000000 ) ) ;
#1339 = DIRECTION ( 'NONE',  ( 0.0000000000000000000, 1.000000000000000000, 0.0000000000000000000 ) ) ;
#1340 = VERTEX_POINT ( 'NONE', #3371 ) ;
#1341 = ORIENTED_EDGE ( 'NONE', *, *, #2281, .T. ) ;
#1342 = DIRECTION ( 'NONE',  ( 1.000000000000000000, -1.972152263052526900E-031, -1.375826490327504600E-048 ) ) ;
#1343 = DIRECTION ( 'NONE',  ( 0.0000000000000000000, 1.237635842363242200E-015, -1.000000000000000000 ) ) ;
#1344 = ADVANCED_FACE ( 'NONE', ( #460 ), #2496, .F. ) ;
#1345 = ORIENTED_EDGE ( 'NONE', *, *, #851, .T. ) ;
#1346 = VERTEX_POINT ( 'NONE', #3398 ) ;
#1347 = CIRCLE ( 'NONE', #3756, 2.000000000000001800 ) ;
#1348 = DIRECTION ( 'NONE',  ( 1.000000000000000000, -1.972152263052526900E-031, -1.375826490327504600E-048 ) ) ;
#1349 = LINE ( 'NONE', #1408, #752 ) ;
#1350 = ORIENTED_EDGE ( 'NONE', *, *, #2006, .F. ) ;
#1351 = EDGE_CURVE ( 'NONE', #3686, #249, #664, .T. ) ;
#1352 = CARTESIAN_POINT ( 'NONE',  ( 60.16044702067369300, -12.95501194873078900, 56.49999999999999300 ) ) ;
#1353 = CARTESIAN_POINT ( 'NONE',  ( 60.16044702067369300, 69.04498805126930000, 41.50000000000027000 ) ) ;
#1354 = AXIS2_PLACEMENT_3D ( 'NONE', #2540, #1005, #3188 ) ;
#1355 = LINE ( 'NONE', #3812, #3748 ) ;
#1356 = ORIENTED_EDGE ( 'NONE', *, *, #1136, .F. ) ;
#1357 = AXIS2_PLACEMENT_3D ( 'NONE', #2880, #147, #2918 ) ;
#1358 = ORIENTED_EDGE ( 'NONE', *, *, #1214, .T. ) ;
#1359 = CARTESIAN_POINT ( 'NONE',  ( 60.16044702067369300, -22.95501194873068200, 41.49999999999996400 ) ) ;
#1360 = EDGE_CURVE ( 'NONE', #1802, #3883, #3646, .T. ) ;
#1361 = EDGE_LOOP ( 'NONE', ( #1970, #190 ) ) ;
#1362 = EDGE_CURVE ( 'NONE', #884, #2685, #2643, .T. ) ;
#1363 = EDGE_CURVE ( 'NONE', #1114, #2123, #3224, .T. ) ;
#1364 = DIRECTION ( 'NONE',  ( 1.000000000000000000, -1.972152263052526900E-031, -1.375826490327504600E-048 ) ) ;
#1365 = AXIS2_PLACEMENT_3D ( 'NONE', #919, #3088, #1246 ) ;
#1366 = FACE_OUTER_BOUND ( 'NONE', #2694, .T. ) ;
#1367 = CARTESIAN_POINT ( 'NONE',  ( 60.16044702067369300, 67.04498805126930000, 41.50000000000027000 ) ) ;
#1368 = CARTESIAN_POINT ( 'NONE',  ( 60.16044702067369300, 53.04498805126925000, 49.00000000000021300 ) ) ;
#1369 = VERTEX_POINT ( 'NONE', #312 ) ;
#1371 = EDGE_LOOP ( 'NONE', ( #418, #288 ) ) ;
#1370 = FACE_BOUND ( 'NONE', #2941, .T. ) ;
#1372 = DIRECTION ( 'NONE',  ( 1.000000000000000000, -1.972152263052526900E-031, -1.375826490327504600E-048 ) ) ;
#1373 = AXIS2_PLACEMENT_3D ( 'NONE', #1302, #3107, #3417 ) ;
#1374 = FACE_OUTER_BOUND ( 'NONE', #3700, .T. ) ;
#1375 = LINE ( 'NONE', #3723, #774 ) ;
#1376 = CARTESIAN_POINT ( 'NONE',  ( 60.16044702067369300, 5.044988051269261800, 49.00000000000004300 ) ) ;
#1377 = FACE_OUTER_BOUND ( 'NONE', #1469, .T. ) ;
#1378 = AXIS2_PLACEMENT_3D ( 'NONE', #2615, #1069, #134 ) ;
#1379 = CARTESIAN_POINT ( 'NONE',  ( 63.16044702067369300, 21.14556636392285300, 40.00000000000000000 ) ) ;
#1380 = CARTESIAN_POINT ( 'NONE',  ( 60.16044702067369300, 3.044988051269258200, 49.00000000000004300 ) ) ;
#1381 = ORIENTED_EDGE ( 'NONE', *, *, #3203, .T. ) ;
#1382 = ORIENTED_EDGE ( 'NONE', *, *, #3888, .F. ) ;
#1383 = DIRECTION ( 'NONE',  ( 0.0000000000000000000, 1.000000000000000000, 0.0000000000000000000 ) ) ;
#1384 = EDGE_CURVE ( 'NONE', #1882, #2728, #3468, .T. ) ;
#1385 = AXIS2_PLACEMENT_3D ( 'NONE', #3283, #1761, #2076 ) ;
#1386 = AXIS2_PLACEMENT_3D ( 'NONE', #978, #894, #639 ) ;
#1387 = ORIENTED_EDGE ( 'NONE', *, *, #1695, .F. ) ;
#1388 = ORIENTED_EDGE ( 'NONE', *, *, #3949, .T. ) ;
#1389 = CARTESIAN_POINT ( 'NONE',  ( 63.16044702067369300, 43.79483836598441100, 3.000000000000000000 ) ) ;
#1390 = ADVANCED_FACE ( 'NONE', ( #1407, #2037, #75, #2233, #3753, #2275, #556, #3557, #1793, #168, #3845, #2418, #1693, #3035, #1007, #3940, #2548, #1201, #3269, #1600, #857, #2737, #2452, #3132, #758, #1838, #2940, #713, #1947, #3890, #1102, #1648, #808, #1744, #1311, #600, #2134, #3978, #264, #3178, #31, #2322, #1497, #2368 ), #1527, .T. ) ;
#1391 = VERTEX_POINT ( 'NONE', #2211 ) ;
#1392 = DIRECTION ( 'NONE',  ( 0.0000000000000000000, 0.0000000000000000000, -1.000000000000000000 ) ) ;
#1393 = AXIS2_PLACEMENT_3D ( 'NONE', #3961, #2742, #2147 ) ;
#1394 = CARTESIAN_POINT ( 'NONE',  ( 60.16044702067369300, -26.95501194873067900, 41.49999999999988600 ) ) ;
#1395 = DIRECTION ( 'NONE',  ( 0.0000000000000000000, 1.000000000000000000, 0.0000000000000000000 ) ) ;
#1396 = LINE ( 'NONE', #3772, #1089 ) ;
#1397 = ORIENTED_EDGE ( 'NONE', *, *, #2781, .F. ) ;
#1398 = CARTESIAN_POINT ( 'NONE',  ( 63.16044702067369300, -26.37519891327379200, 52.00000000000002100 ) ) ;
#1399 = CIRCLE ( 'NONE', #302, 2.000000000000001800 ) ;
#1400 = ORIENTED_EDGE ( 'NONE', *, *, #2029, .F. ) ;
#1401 = EDGE_CURVE ( 'NONE', #2965, #366, #3793, .T. ) ;
#1402 = CARTESIAN_POINT ( 'NONE',  ( 60.16044702067369300, 5.044988051269209400, 56.50000000000005000 ) ) ;
#1403 = FACE_OUTER_BOUND ( 'NONE', #2526, .T. ) ;
#1404 = ORIENTED_EDGE ( 'NONE', *, *, #3002, .F. ) ;
#1405 = DIRECTION ( 'NONE',  ( -1.000000000000000000, -0.0000000000000000000, 0.0000000000000000000 ) ) ;
#1406 = EDGE_CURVE ( 'NONE', #756, #2208, #3416, .T. ) ;
#1407 = FACE_BOUND ( 'NONE', #494, .T. ) ;
#1408 = CARTESIAN_POINT ( 'NONE',  ( 63.16044702067369300, 15.14556636392285500, 32.00000000000000000 ) ) ;
#1409 = VERTEX_POINT ( 'NONE', #332 ) ;
#1410 = ADVANCED_FACE ( 'NONE', ( #951 ), #1099, .T. ) ;
#1411 = AXIS2_PLACEMENT_3D ( 'NONE', #2257, #1951, #1002 ) ;
#1412 = DIRECTION ( 'NONE',  ( 0.0000000000000000000, 0.0000000000000000000, -1.000000000000000000 ) ) ;
#1413 = LINE ( 'NONE', #812, #3759 ) ;
#1414 = EDGE_CURVE ( 'NONE', #1164, #1670, #2593, .T. ) ;
#1415 = EDGE_CURVE ( 'NONE', #1500, #2686, #2985, .T. ) ;
#1416 = LINE ( 'NONE', #858, #2794 ) ;
#1417 = ORIENTED_EDGE ( 'NONE', *, *, #3208, .T. ) ;
#1418 = FACE_OUTER_BOUND ( 'NONE', #1222, .T. ) ;
#1419 = CARTESIAN_POINT ( 'NONE',  ( 60.16044702067369300, -29.37519891327383800, 57.99999999999999300 ) ) ;
#1420 = DIRECTION ( 'NONE',  ( 0.0000000000000000000, 1.000000000000000000, 0.0000000000000000000 ) ) ;
#1421 = FACE_BOUND ( 'NONE', #3055, .T. ) ;
#1422 = DIRECTION ( 'NONE',  ( 1.000000000000000000, -1.972152263052526900E-031, -1.375826490327504600E-048 ) ) ;
#1423 = VECTOR ( 'NONE', #3882, 1000.000000000000000 ) ;
#1424 = DIRECTION ( 'NONE',  ( 0.0000000000000000000, 0.0000000000000000000, -1.000000000000000000 ) ) ;
#1425 = CIRCLE ( 'NONE', #1274, 2.000000000000005300 ) ;
#1426 = DIRECTION ( 'NONE',  ( 1.000000000000000000, -0.0000000000000000000, -0.0000000000000000000 ) ) ;
#1427 = VECTOR ( 'NONE', #377, 1000.000000000000000 ) ;
#1428 = AXIS2_PLACEMENT_3D ( 'NONE', #980, #614, #1249 ) ;
#1429 = ADVANCED_FACE ( 'NONE', ( #306 ), #1835, .F. ) ;
#1430 = CARTESIAN_POINT ( 'NONE',  ( 63.16044702067369300, 66.23011617120127400, 61.00000000000000000 ) ) ;
#1431 = DIRECTION ( 'NONE',  ( 0.0000000000000000000, 1.000000000000000000, 5.932586883000494700E-014 ) ) ;
#1432 = CARTESIAN_POINT ( 'NONE',  ( 60.16044702067369300, 69.04498805126945600, 19.00000000000028400 ) ) ;
#1433 = ORIENTED_EDGE ( 'NONE', *, *, #2495, .T. ) ;
#1434 = EDGE_LOOP ( 'NONE', ( #3146, #148 ) ) ;
#1435 = DIRECTION ( 'NONE',  ( 1.000000000000000000, -0.0000000000000000000, 0.0000000000000000000 ) ) ;
#1436 = EDGE_CURVE ( 'NONE', #3604, #1336, #2684, .T. ) ;
#1437 = ORIENTED_EDGE ( 'NONE', *, *, #1953, .T. ) ;
#1438 = ORIENTED_EDGE ( 'NONE', *, *, #3560, .T. ) ;
#1439 = EDGE_CURVE ( 'NONE', #3350, #2844, #1245, .T. ) ;
#1440 = EDGE_LOOP ( 'NONE', ( #3429, #3875 ) ) ;
#1441 = AXIS2_PLACEMENT_3D ( 'NONE', #601, #2762, #299 ) ;
#1442 = ORIENTED_EDGE ( 'NONE', *, *, #422, .F. ) ;
#1443 = DIRECTION ( 'NONE',  ( -1.000000000000000000, 0.0000000000000000000, -0.0000000000000000000 ) ) ;
#1444 = LINE ( 'NONE', #3889, #68 ) ;
#1445 = DIRECTION ( 'NONE',  ( 0.0000000000000000000, 0.0000000000000000000, 1.000000000000000000 ) ) ;
#1446 = CARTESIAN_POINT ( 'NONE',  ( 63.16044702067369300, 51.04498805126946300, 19.00000000000022400 ) ) ;
#1447 = CARTESIAN_POINT ( 'NONE',  ( 63.16044702067369300, 15.14556636392285500, 32.00000000000000000 ) ) ;
#1448 = CYLINDRICAL_SURFACE ( 'NONE', #1837, 2.000000000000001800 ) ;
#1449 = VERTEX_POINT ( 'NONE', #1729 ) ;
#1450 = ADVANCED_FACE ( 'NONE', ( #2935 ), #2130, .F. ) ;
#1451 = ORIENTED_EDGE ( 'NONE', *, *, #2576, .F. ) ;
#1452 = EDGE_CURVE ( 'NONE', #1391, #22, #3642, .T. ) ;
#1453 = CARTESIAN_POINT ( 'NONE',  ( 63.16044702067369300, 45.04498805126920800, 56.50000000000019200 ) ) ;
#1454 = CARTESIAN_POINT ( 'NONE',  ( 63.16044702067369300, 18.14556636392285300, 35.00000000000000000 ) ) ;
#1455 = ORIENTED_EDGE ( 'NONE', *, *, #1684, .F. ) ;
#1456 = DIRECTION ( 'NONE',  ( 1.000000000000000000, -1.972152263052526900E-031, -1.375826490327504600E-048 ) ) ;
#1457 = CARTESIAN_POINT ( 'NONE',  ( 60.16044702067369300, -20.95501194873052200, 18.99999999999997500 ) ) ;
#1458 = EDGE_CURVE ( 'NONE', #3430, #2915, #2887, .T. ) ;
#1459 = VECTOR ( 'NONE', #1927, 1000.000000000000000 ) ;
#1460 = AXIS2_PLACEMENT_3D ( 'NONE', #3588, #2962, #485 ) ;
#1461 = EDGE_LOOP ( 'NONE', ( #2590, #2457, #2190, #1584 ) ) ;
#1462 = FACE_BOUND ( 'NONE', #920, .T. ) ;
#1463 = CYLINDRICAL_SURFACE ( 'NONE', #787, 3.000000000000000000 ) ;
#1464 = CIRCLE ( 'NONE', #726, 2.000000000000001800 ) ;
#1465 = CARTESIAN_POINT ( 'NONE',  ( 60.16044702067369300, -4.955011948730790600, 56.50000000000002100 ) ) ;
#1466 = CIRCLE ( 'NONE', #2708, 2.000000000000001800 ) ;
#1467 = CARTESIAN_POINT ( 'NONE',  ( 60.16044702067369300, 41.04498805126920000, 56.50000000000019200 ) ) ;
#1468 = CIRCLE ( 'NONE', #508, 2.000000000000005300 ) ;
#1469 = EDGE_LOOP ( 'NONE', ( #1011, #2872, #2144, #3355 ) ) ;
#1470 = ORIENTED_EDGE ( 'NONE', *, *, #1219, .T. ) ;
#1471 = CARTESIAN_POINT ( 'NONE',  ( 63.16044702067369300, 64.23011617120123200, 52.00000000000002100 ) ) ;
#1472 = ORIENTED_EDGE ( 'NONE', *, *, #2916, .F. ) ;
#1473 = CARTESIAN_POINT ( 'NONE',  ( 63.16044702067369300, 69.04498805126930000, 41.50000000000027000 ) ) ;
#1474 = CARTESIAN_POINT ( 'NONE',  ( 60.16044702067369300, 18.14556636392283900, -7.869384989098015600E-015 ) ) ;
#1475 = EDGE_CURVE ( 'NONE', #1335, #249, #2838, .T. ) ;
#1476 = EDGE_LOOP ( 'NONE', ( #3167, #517, #187, #3903 ) ) ;
#1477 = VERTEX_POINT ( 'NONE', #2043 ) ;
#1478 = DIRECTION ( 'NONE',  ( 1.000000000000000000, -1.972152263052526900E-031, -1.375826490327504600E-048 ) ) ;
#1479 = DIRECTION ( 'NONE',  ( 1.000000000000000000, -1.972152263052526900E-031, -1.375826490327504600E-048 ) ) ;
#1480 = AXIS2_PLACEMENT_3D ( 'NONE', #2263, #680, #1612 ) ;
#1481 = EDGE_CURVE ( 'NONE', #3546, #2698, #3688, .T. ) ;
#1482 = VERTEX_POINT ( 'NONE', #1419 ) ;
#1483 = CIRCLE ( 'NONE', #2480, 2.000000000000005300 ) ;
#1484 = ORIENTED_EDGE ( 'NONE', *, *, #287, .T. ) ;
#1485 = AXIS2_PLACEMENT_3D ( 'NONE', #3583, #186, #202 ) ;
#1486 = EDGE_CURVE ( 'NONE', #2542, #703, #3360, .T. ) ;
#1487 = DIRECTION ( 'NONE',  ( 1.000000000000000000, -1.972152263052526900E-031, -1.375826490327504600E-048 ) ) ;
#1488 = CIRCLE ( 'NONE', #2520, 2.000000000000008900 ) ;
#1489 = ORIENTED_EDGE ( 'NONE', *, *, #1739, .T. ) ;
#1490 = CARTESIAN_POINT ( 'NONE',  ( 63.16044702067369300, 51.04498805126940700, 26.50000000000022000 ) ) ;
#1491 = CARTESIAN_POINT ( 'NONE',  ( 63.16044702067369300, 59.04498805126941400, 26.50000000000025200 ) ) ;
#1492 = DIRECTION ( 'NONE',  ( 1.000000000000000000, -1.972152263052526900E-031, -1.375826490327504600E-048 ) ) ;
#1493 = VECTOR ( 'NONE', #1993, 1000.000000000000000 ) ;
#1494 = DIRECTION ( 'NONE',  ( 1.000000000000000000, -1.972152263052526900E-031, -1.375826490327504600E-048 ) ) ;
#1495 = EDGE_LOOP ( 'NONE', ( #1669, #2777 ) ) ;
#1496 = AXIS2_PLACEMENT_3D ( 'NONE', #1367, #3211, #3506 ) ;
#1497 = FACE_BOUND ( 'NONE', #1967, .T. ) ;
#1498 = CARTESIAN_POINT ( 'NONE',  ( 60.16044702067369300, 19.04498805126920800, 56.50000000000010700 ) ) ;
#1499 = ORIENTED_EDGE ( 'NONE', *, *, #142, .F. ) ;
#1500 = VERTEX_POINT ( 'NONE', #1743 ) ;
#1501 = DIRECTION ( 'NONE',  ( 1.000000000000000000, -1.972152263052526900E-031, -1.375826490327504600E-048 ) ) ;
#1502 = AXIS2_PLACEMENT_3D ( 'NONE', #3837, #3225, #463 ) ;
#1503 = CIRCLE ( 'NONE', #1168, 3.000000000000002700 ) ;
#1505 = EDGE_CURVE ( 'NONE', #5, #1528, #2588, .T. ) ;
#1504 = CARTESIAN_POINT ( 'NONE',  ( 63.16044702067369300, 0.0000000000000000000, 32.00000000000000000 ) ) ;
#1506 = VERTEX_POINT ( 'NONE', #2963 ) ;
#1507 = CIRCLE ( 'NONE', #2116, 1.899999999999999000 ) ;
#1508 = ORIENTED_EDGE ( 'NONE', *, *, #3462, .T. ) ;
#1509 = VECTOR ( 'NONE', #1098, 1000.000000000000000 ) ;
#1510 = EDGE_CURVE ( 'NONE', #899, #106, #1003, .T. ) ;
#1511 = AXIS2_PLACEMENT_3D ( 'NONE', #2145, #3325, #3650 ) ;
#1512 = CARTESIAN_POINT ( 'NONE',  ( 60.16044702067369300, -14.95501194873079200, 56.49999999999999300 ) ) ;
#1513 = CYLINDRICAL_SURFACE ( 'NONE', #2218, 2.000000000000001800 ) ;
#1514 = CIRCLE ( 'NONE', #1765, 2.000000000000001800 ) ;
#1515 = LINE ( 'NONE', #3310, #912 ) ;
#1516 = DIRECTION ( 'NONE',  ( -1.000000000000000000, 0.0000000000000000000, 0.0000000000000000000 ) ) ;
#1517 = FACE_OUTER_BOUND ( 'NONE', #2269, .T. ) ;
#1518 = DIRECTION ( 'NONE',  ( 1.000000000000000000, -1.972152263052526900E-031, -1.375826490327504600E-048 ) ) ;
#1519 = ORIENTED_EDGE ( 'NONE', *, *, #3596, .T. ) ;
#1520 = ORIENTED_EDGE ( 'NONE', *, *, #3400, .F. ) ;
#1521 = ORIENTED_EDGE ( 'NONE', *, *, #3327, .F. ) ;
#1522 = EDGE_CURVE ( 'NONE', #1741, #3732, #1304, .T. ) ;
#1523 = VERTEX_POINT ( 'NONE', #3849 ) ;
#1524 = CARTESIAN_POINT ( 'NONE',  ( 60.16044702067369300, 51.04498805126940700, 26.50000000000022000 ) ) ;
#1525 = DIRECTION ( 'NONE',  ( 0.0000000000000000000, 1.000000000000000000, 0.0000000000000000000 ) ) ;
#1526 = ORIENTED_EDGE ( 'NONE', *, *, #2471, .T. ) ;
#1527 = PLANE ( 'NONE',  #3828 ) ;
#1528 = VERTEX_POINT ( 'NONE', #2996 ) ;
#1529 = CARTESIAN_POINT ( 'NONE',  ( 60.16044702067369300, 0.0000000000000000000, 0.0000000000000000000 ) ) ;
#1530 = ORIENTED_EDGE ( 'NONE', *, *, #1486, .T. ) ;
#1531 = CARTESIAN_POINT ( 'NONE',  ( 60.16044702067369300, 51.04498805126950600, 11.50000000000022900 ) ) ;
#1532 = AXIS2_PLACEMENT_3D ( 'NONE', #1879, #621, #955 ) ;
#1533 = CYLINDRICAL_SURFACE ( 'NONE', #1876, 2.000000000000005300 ) ;
#1534 = CARTESIAN_POINT ( 'NONE',  ( 63.16044702067369300, -22.95501194873063300, 33.99999999999997200 ) ) ;
#1535 = CIRCLE ( 'NONE', #2072, 2.000000000000001800 ) ;
#1536 = ORIENTED_EDGE ( 'NONE', *, *, #872, .F. ) ;
#1537 = DIRECTION ( 'NONE',  ( 0.0000000000000000000, 1.000000000000000000, 0.0000000000000000000 ) ) ;
#1538 = CARTESIAN_POINT ( 'NONE',  ( 60.16044702067369300, -20.95501194873062900, 33.99999999999997200 ) ) ;
#1539 = DIRECTION ( 'NONE',  ( 1.000000000000000000, -1.972152263052526900E-031, -1.375826490327504600E-048 ) ) ;
#1540 = VECTOR ( 'NONE', #1883, 1000.000000000000000 ) ;
#1541 = ORIENTED_EDGE ( 'NONE', *, *, #1555, .T. ) ;
#1542 = DIRECTION ( 'NONE',  ( 1.000000000000000000, -1.972152263052526900E-031, -1.375826490327504600E-048 ) ) ;
#1543 = DIRECTION ( 'NONE',  ( 0.0000000000000000000, 1.000000000000000000, 5.932586883000494700E-014 ) ) ;
#1544 = ORIENTED_EDGE ( 'NONE', *, *, #1563, .F. ) ;
#1545 = CARTESIAN_POINT ( 'NONE',  ( 60.16044702067369300, -12.95501194873073700, 48.99999999999998600 ) ) ;
#1546 = EDGE_CURVE ( 'NONE', #3883, #1802, #365, .T. ) ;
#1547 = CYLINDRICAL_SURFACE ( 'NONE', #560, 2.000000000000005300 ) ;
#1548 = DIRECTION ( 'NONE',  ( 1.000000000000000000, -1.972152263052526900E-031, -1.375826490327504600E-048 ) ) ;
#1550 = EDGE_LOOP ( 'NONE', ( #149, #1971, #2461, #3011 ) ) ;
#1549 = DIRECTION ( 'NONE',  ( 1.000000000000000000, -1.972152263052526900E-031, -1.375826490327504600E-048 ) ) ;
#1551 = CARTESIAN_POINT ( 'NONE',  ( 63.16044702067369300, 51.04498805126935000, 34.00000000000022700 ) ) ;
#1552 = DIRECTION ( 'NONE',  ( 0.0000000000000000000, 1.000000000000000000, 0.0000000000000000000 ) ) ;
#1553 = LINE ( 'NONE', #2803, #727 ) ;
#1554 = AXIS2_PLACEMENT_3D ( 'NONE', #1531, #881, #3048 ) ;
#1555 = EDGE_CURVE ( 'NONE', #3780, #2556, #411, .T. ) ;
#1556 = VECTOR ( 'NONE', #1636, 1000.000000000000000 ) ;
#1557 = CARTESIAN_POINT ( 'NONE',  ( 63.16044702067369300, -2.955011948730787500, 56.50000000000002100 ) ) ;
#1558 = CARTESIAN_POINT ( 'NONE',  ( 60.16044702067369300, 43.79483836598441100, 37.00000000000000000 ) ) ;
#1559 = PLANE ( 'NONE',  #533 ) ;
#1560 = LINE ( 'NONE', #313, #2054 ) ;
#1561 = CIRCLE ( 'NONE', #3533, 2.000000000000001800 ) ;
#1562 = AXIS2_PLACEMENT_3D ( 'NONE', #1183, #2402, #3621 ) ;
#1563 = EDGE_CURVE ( 'NONE', #3839, #189, #25, .T. ) ;
#1564 = CARTESIAN_POINT ( 'NONE',  ( 60.16044702067369300, -22.95501194873058300, 26.49999999999997200 ) ) ;
#1565 = DIRECTION ( 'NONE',  ( 1.000000000000000000, -1.972152263052526900E-031, -1.375826490327504600E-048 ) ) ;
#1566 = CIRCLE ( 'NONE', #2008, 2.000000000000003600 ) ;
#1567 = CARTESIAN_POINT ( 'NONE',  ( 63.16044702067369300, 19.04498805126920800, 56.50000000000010700 ) ) ;
#1568 = DIRECTION ( 'NONE',  ( 1.000000000000000000, -1.972152263052526900E-031, -1.375826490327504600E-048 ) ) ;
#1569 = CARTESIAN_POINT ( 'NONE',  ( 60.16044702067369300, -28.95501194873062900, 33.99999999999989300 ) ) ;
#1570 = ORIENTED_EDGE ( 'NONE', *, *, #1901, .F. ) ;
#1571 = ORIENTED_EDGE ( 'NONE', *, *, #259, .F. ) ;
#1572 = ORIENTED_EDGE ( 'NONE', *, *, #2551, .T. ) ;
#1573 = AXIS2_PLACEMENT_3D ( 'NONE', #1352, #1638, #3482 ) ;
#1574 = CARTESIAN_POINT ( 'NONE',  ( 60.16044702067369300, -19.20516163401558200, 0.0000000000000000000 ) ) ;
#1575 = DIRECTION ( 'NONE',  ( 0.0000000000000000000, 1.000000000000000000, 0.0000000000000000000 ) ) ;
#1576 = CARTESIAN_POINT ( 'NONE',  ( 60.16044702067369300, 9.044988051269204000, 56.50000000000007800 ) ) ;
#1577 = VERTEX_POINT ( 'NONE', #486 ) ;
#1578 = ORIENTED_EDGE ( 'NONE', *, *, #851, .F. ) ;
#1579 = DIRECTION ( 'NONE',  ( 0.0000000000000000000, 1.000000000000000000, 0.0000000000000000000 ) ) ;
#1580 = CARTESIAN_POINT ( 'NONE',  ( 63.16044702067369300, 46.79483836598441800, 0.0000000000000000000 ) ) ;
#1581 = EDGE_LOOP ( 'NONE', ( #1732, #3554, #2594, #2546 ) ) ;
#1582 = CARTESIAN_POINT ( 'NONE',  ( 63.16044702067369300, 41.04498805126925000, 49.00000000000018500 ) ) ;
#1583 = CIRCLE ( 'NONE', #1087, 2.000000000000005300 ) ;
#1584 = ORIENTED_EDGE ( 'NONE', *, *, #2871, .T. ) ;
#1585 = DIRECTION ( 'NONE',  ( 1.000000000000000000, -1.972152263052526900E-031, -1.375826490327504600E-048 ) ) ;
#1586 = CARTESIAN_POINT ( 'NONE',  ( 63.16044702067369300, 51.04498805126946300, 19.00000000000022400 ) ) ;
#1587 = CARTESIAN_POINT ( 'NONE',  ( 60.16044702067369300, 27.04498805126920000, 56.50000000000013500 ) ) ;
#1588 = EDGE_CURVE ( 'NONE', #1320, #247, #2776, .T. ) ;
#1589 = VECTOR ( 'NONE', #443, 1000.000000000000000 ) ;
#1590 = ORIENTED_EDGE ( 'NONE', *, *, #2084, .F. ) ;
#1591 = CARTESIAN_POINT ( 'NONE',  ( 60.16044702067369300, 51.04498805126950600, 11.50000000000022900 ) ) ;
#1592 = AXIS2_PLACEMENT_3D ( 'NONE', #1728, #1742, #3245 ) ;
#1593 = DIRECTION ( 'NONE',  ( 0.0000000000000000000, 1.000000000000000000, 0.0000000000000000000 ) ) ;
#1594 = AXIS2_PLACEMENT_3D ( 'NONE', #3383, #1216, #3365 ) ;
#1595 = CARTESIAN_POINT ( 'NONE',  ( 60.16044702067369300, 49.04498805126944900, 19.00000000000022400 ) ) ;
#1596 = DIRECTION ( 'NONE',  ( 0.0000000000000000000, 0.0000000000000000000, 1.000000000000000000 ) ) ;
#1597 = FACE_OUTER_BOUND ( 'NONE', #456, .T. ) ;
#1598 = ORIENTED_EDGE ( 'NONE', *, *, #604, .T. ) ;
#1599 = DIRECTION ( 'NONE',  ( 0.0000000000000000000, 0.0000000000000000000, 1.000000000000000000 ) ) ;
#1600 = FACE_BOUND ( 'NONE', #2405, .T. ) ;
#1601 = DIRECTION ( 'NONE',  ( 0.0000000000000000000, 1.000000000000000000, 0.0000000000000000000 ) ) ;
#1602 = EDGE_LOOP ( 'NONE', ( #3497, #1936 ) ) ;
#1603 = CARTESIAN_POINT ( 'NONE',  ( 60.16044702067369300, 35.04498805126919300, 56.50000000000016300 ) ) ;
#1604 = ORIENTED_EDGE ( 'NONE', *, *, #3305, .T. ) ;
#1605 = DIRECTION ( 'NONE',  ( -1.000000000000000000, 0.0000000000000000000, 0.0000000000000000000 ) ) ;
#1606 = DIRECTION ( 'NONE',  ( 0.0000000000000000000, 0.0000000000000000000, -1.000000000000000000 ) ) ;
#1607 = CIRCLE ( 'NONE', #2416, 2.000000000000003100 ) ;
#1608 = EDGE_CURVE ( 'NONE', #3297, #861, #2175, .T. ) ;
#1609 = CARTESIAN_POINT ( 'NONE',  ( 60.16044702067369300, 13.04498805126920800, 56.50000000000007800 ) ) ;
#1610 = VERTEX_POINT ( 'NONE', #683 ) ;
#1611 = DIRECTION ( 'NONE',  ( 1.000000000000000000, -1.972152263052526900E-031, -1.375826490327504600E-048 ) ) ;
#1612 = DIRECTION ( 'NONE',  ( 0.0000000000000000000, 1.000000000000000000, 0.0000000000000000000 ) ) ;
#1613 = LINE ( 'NONE', #707, #1902 ) ;
#1614 = EDGE_CURVE ( 'NONE', #3629, #3061, #3552, .T. ) ;
#1615 = FACE_OUTER_BOUND ( 'NONE', #35, .T. ) ;
#1616 = DIRECTION ( 'NONE',  ( 0.0000000000000000000, 1.000000000000000000, 0.0000000000000000000 ) ) ;
#1617 = AXIS2_PLACEMENT_3D ( 'NONE', #1697, #2893, #2587 ) ;
#1618 = CIRCLE ( 'NONE', #3968, 2.000000000000008900 ) ;
#1619 = VECTOR ( 'NONE', #1875, 1000.000000000000000 ) ;
#1620 = DIRECTION ( 'NONE',  ( 1.000000000000000000, -0.0000000000000000000, 0.0000000000000000000 ) ) ;
#1621 = CARTESIAN_POINT ( 'NONE',  ( 63.16044702067369300, 43.79483836598441100, 0.0000000000000000000 ) ) ;
#1622 = AXIS2_PLACEMENT_3D ( 'NONE', #942, #1585, #3719 ) ;
#1623 = EDGE_CURVE ( 'NONE', #3170, #2844, #210, .T. ) ;
#1624 = DIRECTION ( 'NONE',  ( 0.0000000000000000000, 1.000000000000000000, 0.0000000000000000000 ) ) ;
#1625 = ORIENTED_EDGE ( 'NONE', *, *, #3440, .T. ) ;
#1626 = CARTESIAN_POINT ( 'NONE',  ( 60.16044702067369300, 35.04498805126919300, 56.50000000000016300 ) ) ;
#1627 = ADVANCED_FACE ( 'NONE', ( #1597 ), #1265, .F. ) ;
#1628 = ORIENTED_EDGE ( 'NONE', *, *, #2747, .T. ) ;
#1629 = ORIENTED_EDGE ( 'NONE', *, *, #903, .T. ) ;
#1630 = ADVANCED_FACE ( 'NONE', ( #2640 ), #1049, .F. ) ;
#1631 = ORIENTED_EDGE ( 'NONE', *, *, #595, .F. ) ;
#1632 = ORIENTED_EDGE ( 'NONE', *, *, #2075, .F. ) ;
#1633 = ORIENTED_EDGE ( 'NONE', *, *, #2192, .T. ) ;
#1634 = AXIS2_PLACEMENT_3D ( 'NONE', #2869, #3487, #1653 ) ;
#1635 = CARTESIAN_POINT ( 'NONE',  ( 60.16044702067369300, -4.955011948730790600, 56.50000000000002100 ) ) ;
#1636 = DIRECTION ( 'NONE',  ( 1.000000000000000000, -1.972152263052526900E-031, -1.375826490327504600E-048 ) ) ;
#1637 = ORIENTED_EDGE ( 'NONE', *, *, #1522, .T. ) ;
#1638 = DIRECTION ( 'NONE',  ( 1.000000000000000000, -1.972152263052526900E-031, -1.375826490327504600E-048 ) ) ;
#1639 = DIRECTION ( 'NONE',  ( 1.000000000000000000, -1.972152263052526900E-031, -1.375826490327504600E-048 ) ) ;
#1640 = DIRECTION ( 'NONE',  ( 0.0000000000000000000, 1.000000000000000000, 0.0000000000000000000 ) ) ;
#1641 = CYLINDRICAL_SURFACE ( 'NONE', #1333, 2.000000000000001800 ) ;
#1642 = STYLED_ITEM ( 'NONE', ( #816 ), #2717 ) ;
#1643 = DIRECTION ( 'NONE',  ( 0.0000000000000000000, 0.0000000000000000000, -1.000000000000000000 ) ) ;
#1644 = EDGE_CURVE ( 'NONE', #3938, #63, #553, .T. ) ;
#1645 = CYLINDRICAL_SURFACE ( 'NONE', #1994, 2.000000000000005300 ) ;
#1646 = ORIENTED_EDGE ( 'NONE', *, *, #3090, .F. ) ;
#1647 = AXIS2_PLACEMENT_3D ( 'NONE', #911, #1858, #3054 ) ;
#1648 = FACE_BOUND ( 'NONE', #1602, .T. ) ;
#1649 = PRODUCT ( 'Front_Cover_Plate', 'Front_Cover_Plate', '', ( #2988 ) ) ;
#1650 = VERTEX_POINT ( 'NONE', #3449 ) ;
#1651 = ADVANCED_FACE ( 'NONE', ( #455 ), #1788, .F. ) ;
#1652 = DIRECTION ( 'NONE',  ( 1.000000000000000000, -1.972152263052526900E-031, -1.375826490327504600E-048 ) ) ;
#1653 = DIRECTION ( 'NONE',  ( 0.0000000000000000000, 1.000000000000000000, 0.0000000000000000000 ) ) ;
#1654 = AXIS2_PLACEMENT_3D ( 'NONE', #3543, #3866, #3566 ) ;
#1655 = ORIENTED_EDGE ( 'NONE', *, *, #917, .T. ) ;
#1656 = CYLINDRICAL_SURFACE ( 'NONE', #3006, 2.000000000000008900 ) ;
#1657 = ORIENTED_EDGE ( 'NONE', *, *, #449, .F. ) ;
#1658 = DIRECTION ( 'NONE',  ( 0.0000000000000000000, 1.000000000000000000, 0.0000000000000000000 ) ) ;
#1659 = FACE_BOUND ( 'NONE', #877, .T. ) ;
#1660 = EDGE_CURVE ( 'NONE', #1889, #2259, #943, .T. ) ;
#1661 = CYLINDRICAL_SURFACE ( 'NONE', #3223, 2.999999999999999100 ) ;
#1662 = FACE_BOUND ( 'NONE', #350, .T. ) ;
#1663 = CARTESIAN_POINT ( 'NONE',  ( 60.16044702067369300, -20.95501194873062900, 33.99999999999997200 ) ) ;
#1664 = CIRCLE ( 'NONE', #1357, 2.000000000000001800 ) ;
#1665 = CYLINDRICAL_SURFACE ( 'NONE', #1485, 2.000000000000001800 ) ;
#1666 = CARTESIAN_POINT ( 'NONE',  ( 60.16044702067369300, 67.04498805126939900, 26.50000000000028100 ) ) ;
#1667 = EDGE_CURVE ( 'NONE', #2785, #2207, #3508, .T. ) ;
#1668 = AXIS2_PLACEMENT_3D ( 'NONE', #610, #2769, #3389 ) ;
#1669 = ORIENTED_EDGE ( 'NONE', *, *, #509, .F. ) ;
#1670 = VERTEX_POINT ( 'NONE', #2809 ) ;
#1671 = ORIENTED_EDGE ( 'NONE', *, *, #1486, .F. ) ;
#1672 = EDGE_LOOP ( 'NONE', ( #1864, #1536, #3351, #3347 ) ) ;
#1673 = VERTEX_POINT ( 'NONE', #2497 ) ;
#1674 = DIRECTION ( 'NONE',  ( 0.0000000000000000000, 1.000000000000000000, 0.0000000000000000000 ) ) ;
#1675 = CARTESIAN_POINT ( 'NONE',  ( 60.16044702067369300, 0.0000000000000000000, 0.0000000000000000000 ) ) ;
#1676 = ORIENTED_EDGE ( 'NONE', *, *, #3893, .F. ) ;
#1677 = ORIENTED_EDGE ( 'NONE', *, *, #913, .F. ) ;
#1678 = DIRECTION ( 'NONE',  ( 0.0000000000000000000, 1.000000000000000000, 0.0000000000000000000 ) ) ;
#1679 = CIRCLE ( 'NONE', #746, 2.000000000000001800 ) ;
#1680 = ORIENTED_EDGE ( 'NONE', *, *, #61, .T. ) ;
#1681 = DIRECTION ( 'NONE',  ( 0.0000000000000000000, 1.000000000000000000, 0.0000000000000000000 ) ) ;
#1682 = VECTOR ( 'NONE', #466, 1000.000000000000000 ) ;
#1683 = EDGE_LOOP ( 'NONE', ( #1690, #1847 ) ) ;
#1684 = EDGE_CURVE ( 'NONE', #3000, #2915, #3593, .T. ) ;
#1685 = CARTESIAN_POINT ( 'NONE',  ( 60.16044702067369300, 53.04498805126935000, 34.00000000000022700 ) ) ;
#1686 = CARTESIAN_POINT ( 'NONE',  ( 60.16044702067369300, -12.95501194873073700, 48.99999999999998600 ) ) ;
#1687 = VECTOR ( 'NONE', #1343, 1000.000000000000000 ) ;
#1688 = ADVANCED_FACE ( 'NONE', ( #115 ), #3315, .T. ) ;
#1689 = AXIS2_PLACEMENT_3D ( 'NONE', #2600, #1028, #2892 ) ;
#1690 = ORIENTED_EDGE ( 'NONE', *, *, #3455, .T. ) ;
#1691 = CARTESIAN_POINT ( 'NONE',  ( 60.16044702067369300, -16.20516163401557800, -2.005608886954736500E-014 ) ) ;
#1692 = EDGE_CURVE ( 'NONE', #1123, #63, #162, .T. ) ;
#1693 = FACE_BOUND ( 'NONE', #153, .T. ) ;
#1694 = EDGE_CURVE ( 'NONE', #1956, #987, #260, .T. ) ;
#1695 = EDGE_CURVE ( 'NONE', #1506, #3206, #3936, .T. ) ;
#1696 = ORIENTED_EDGE ( 'NONE', *, *, #2638, .F. ) ;
#1697 = CARTESIAN_POINT ( 'NONE',  ( 63.16044702067369300, -12.95501194873078900, 56.49999999999999300 ) ) ;
#1698 = CARTESIAN_POINT ( 'NONE',  ( 63.16044702067369300, 3.044988051269206200, 56.50000000000005000 ) ) ;
#1699 = CARTESIAN_POINT ( 'NONE',  ( 63.16044702067369300, 17.04498805126920000, 56.50000000000010700 ) ) ;
#1700 = CYLINDRICAL_SURFACE ( 'NONE', #3335, 2.000000000000001800 ) ;
#1701 = ORIENTED_EDGE ( 'NONE', *, *, #3678, .F. ) ;
#1702 = DIRECTION ( 'NONE',  ( 0.0000000000000000000, 0.0000000000000000000, -1.000000000000000000 ) ) ;
#1703 = LINE ( 'NONE', #732, #231 ) ;
#1704 = AXIS2_PLACEMENT_3D ( 'NONE', #2284, #1652, #3185 ) ;
#1705 = FACE_BOUND ( 'NONE', #1863, .T. ) ;
#1706 = CARTESIAN_POINT ( 'NONE',  ( 60.16044702067369300, -20.95501194873067900, 41.49999999999996400 ) ) ;
#1707 = LINE ( 'NONE', #782, #528 ) ;
#1708 = CARTESIAN_POINT ( 'NONE',  ( 60.16044702067369300, 63.80992920665784100, -1.040834085586084300E-014 ) ) ;
#1709 = ADVANCED_FACE ( 'NONE', ( #2493 ), #1985, .F. ) ;
#1710 = CYLINDRICAL_SURFACE ( 'NONE', #1176, 2.000000000000001800 ) ;
#1711 = DIRECTION ( 'NONE',  ( 0.0000000000000000000, 0.0000000000000000000, 1.000000000000000000 ) ) ;
#1712 = CYLINDRICAL_SURFACE ( 'NONE', #3871, 2.000000000000001800 ) ;
#1713 = CARTESIAN_POINT ( 'NONE',  ( 63.16044702067369300, -18.95501194873051900, 18.99999999999997500 ) ) ;
#1714 = AXIS2_PLACEMENT_3D ( 'NONE', #1686, #1422, #1395 ) ;
#1715 = DIRECTION ( 'NONE',  ( 1.000000000000000000, 0.0000000000000000000, -0.0000000000000000000 ) ) ;
#1716 = CARTESIAN_POINT ( 'NONE',  ( 60.16044702067369300, -12.95501194873073700, 48.99999999999998600 ) ) ;
#1717 = CARTESIAN_POINT ( 'NONE',  ( 60.16044702067369300, -28.95501194873052200, 18.99999999999989300 ) ) ;
#1718 = EDGE_CURVE ( 'NONE', #3725, #1177, #1149, .T. ) ;
#1719 = DIRECTION ( 'NONE',  ( 0.0000000000000000000, 0.0000000000000000000, 1.000000000000000000 ) ) ;
#1720 = EDGE_CURVE ( 'NONE', #3513, #1781, #2032, .T. ) ;
#1721 = AXIS2_PLACEMENT_3D ( 'NONE', #3446, #3666, #1843 ) ;
#1722 = ORIENTED_EDGE ( 'NONE', *, *, #1937, .F. ) ;
#1723 = ORIENTED_EDGE ( 'NONE', *, *, #1873, .F. ) ;
#1724 = ORIENTED_EDGE ( 'NONE', *, *, #206, .F. ) ;
#1725 = DIRECTION ( 'NONE',  ( 0.0000000000000000000, 1.000000000000000000, 0.0000000000000000000 ) ) ;
#1726 = EDGE_LOOP ( 'NONE', ( #657, #3720 ) ) ;
#1727 = ORIENTED_EDGE ( 'NONE', *, *, #131, .T. ) ;
#1728 = CARTESIAN_POINT ( 'NONE',  ( 63.16044702067369300, -28.95501194873067900, 41.49999999999988600 ) ) ;
#1729 = CARTESIAN_POINT ( 'NONE',  ( 63.16044702067369300, 61.04498805126930700, 41.50000000000024200 ) ) ;
#1730 = DIRECTION ( 'NONE',  ( 1.000000000000000000, -0.0000000000000000000, 0.0000000000000000000 ) ) ;
#1731 = CARTESIAN_POINT ( 'NONE',  ( 60.16044702067369300, 19.04498805126925700, 49.00000000000009900 ) ) ;
#1732 = ORIENTED_EDGE ( 'NONE', *, *, #917, .F. ) ;
#1733 = EDGE_LOOP ( 'NONE', ( #3039, #400 ) ) ;
#1734 = ADVANCED_FACE ( 'NONE', ( #1403 ), #755, .F. ) ;
#1735 = DIRECTION ( 'NONE',  ( 0.0000000000000000000, 0.0000000000000000000, 1.000000000000000000 ) ) ;
#1736 = CARTESIAN_POINT ( 'NONE',  ( 60.16044702067369300, 1.044988051269203100, 56.50000000000005000 ) ) ;
#1737 = FACE_OUTER_BOUND ( 'NONE', #3204, .T. ) ;
#1738 = EDGE_LOOP ( 'NONE', ( #3960, #632, #270, #637 ) ) ;
#1739 = EDGE_CURVE ( 'NONE', #1101, #3604, #1355, .T. ) ;
#1740 = VECTOR ( 'NONE', #2599, 1000.000000000000000 ) ;
#1741 = VERTEX_POINT ( 'NONE', #2552 ) ;
#1742 = DIRECTION ( 'NONE',  ( 1.000000000000000000, -1.972152263052526900E-031, -1.375826490327504600E-048 ) ) ;
#1743 = CARTESIAN_POINT ( 'NONE',  ( 60.16044702067369300, 53.04498805126941400, 26.50000000000022000 ) ) ;
#1744 = FACE_BOUND ( 'NONE', #2209, .T. ) ;
#1745 = CARTESIAN_POINT ( 'NONE',  ( 60.16044702067369300, -20.95501194873057600, 26.49999999999997200 ) ) ;
#1746 = DIRECTION ( 'NONE',  ( 1.000000000000000000, -1.972152263052526900E-031, -1.375826490327504600E-048 ) ) ;
#1747 = AXIS2_PLACEMENT_3D ( 'NONE', #1892, #2206, #326 ) ;
#1748 = LINE ( 'NONE', #3331, #898 ) ;
#1749 = ADVANCED_FACE ( 'NONE', ( #2411 ), #2318, .F. ) ;
#1750 = VERTEX_POINT ( 'NONE', #2856 ) ;
#1751 = DIRECTION ( 'NONE',  ( -1.000000000000000000, 0.0000000000000000000, 0.0000000000000000000 ) ) ;
#1752 = DIRECTION ( 'NONE',  ( 0.0000000000000000000, 1.000000000000000000, 0.0000000000000000000 ) ) ;
#1753 = CARTESIAN_POINT ( 'NONE',  ( 63.16044702067369300, 64.23011617120123200, 52.00000000000002100 ) ) ;
#1754 = CIRCLE ( 'NONE', #578, 2.000000000000001800 ) ;
#1755 =( NAMED_UNIT ( * ) PLANE_ANGLE_UNIT ( ) SI_UNIT ( $, .RADIAN. ) );
#1756 = CYLINDRICAL_SURFACE ( 'NONE', #502, 2.000000000000005300 ) ;
#1757 = VECTOR ( 'NONE', #2486, 1000.000000000000000 ) ;
#1758 = CIRCLE ( 'NONE', #67, 3.000000000000000000 ) ;
#1759 = CARTESIAN_POINT ( 'NONE',  ( 60.16044702067369300, -14.95501194873074100, 48.99999999999998600 ) ) ;
#1760 = VECTOR ( 'NONE', #1142, 1000.000000000000000 ) ;
#1761 = DIRECTION ( 'NONE',  ( -1.000000000000000000, 0.0000000000000000000, 0.0000000000000000000 ) ) ;
#1762 = EDGE_CURVE ( 'NONE', #3690, #3105, #1943, .T. ) ;
#1763 = DIRECTION ( 'NONE',  ( 0.0000000000000000000, 1.000000000000000000, 0.0000000000000000000 ) ) ;
#1764 = CARTESIAN_POINT ( 'NONE',  ( 60.16044702067369300, 65.04498805126939900, 26.50000000000028100 ) ) ;
#1765 = AXIS2_PLACEMENT_3D ( 'NONE', #3366, #2107, #543 ) ;
#1766 = ORIENTED_EDGE ( 'NONE', *, *, #93, .T. ) ;
#1767 = VERTEX_POINT ( 'NONE', #1359 ) ;
#1768 = DIRECTION ( 'NONE',  ( 0.0000000000000000000, 1.000000000000000000, 0.0000000000000000000 ) ) ;
#1769 = EDGE_CURVE ( 'NONE', #3380, #3381, #852, .T. ) ;
#1770 = EDGE_LOOP ( 'NONE', ( #2565, #1578, #3166, #420 ) ) ;
#1771 = CARTESIAN_POINT ( 'NONE',  ( 60.16044702067369300, -20.95501194873052200, 18.99999999999997500 ) ) ;
#1772 = ADVANCED_FACE ( 'NONE', ( #511 ), #2228, .F. ) ;
#1773 = ORIENTED_EDGE ( 'NONE', *, *, #496, .T. ) ;
#1774 = ORIENTED_EDGE ( 'NONE', *, *, #1034, .T. ) ;
#1775 = AXIS2_PLACEMENT_3D ( 'NONE', #1626, #20, #1247 ) ;
#1776 = EDGE_CURVE ( 'NONE', #3513, #1820, #3838, .T. ) ;
#1777 = DIRECTION ( 'NONE',  ( -1.000000000000000000, 0.0000000000000000000, -0.0000000000000000000 ) ) ;
#1778 = ORIENTED_EDGE ( 'NONE', *, *, #3115, .T. ) ;
#1779 = FACE_OUTER_BOUND ( 'NONE', #997, .T. ) ;
#1780 = DIRECTION ( 'NONE',  ( 1.000000000000000000, -1.972152263052526900E-031, -1.375826490327504600E-048 ) ) ;
#1781 = VERTEX_POINT ( 'NONE', #3180 ) ;
#1782 = DIRECTION ( 'NONE',  ( 0.0000000000000000000, 1.000000000000000000, 0.0000000000000000000 ) ) ;
#1783 = VERTEX_POINT ( 'NONE', #3215 ) ;
#1784 = LINE ( 'NONE', #2543, #2450 ) ;
#1785 = AXIS2_PLACEMENT_3D ( 'NONE', #1020, #77, #3510 ) ;
#1786 = ORIENTED_EDGE ( 'NONE', *, *, #573, .T. ) ;
#1787 = DIRECTION ( 'NONE',  ( -1.000000000000000000, 0.0000000000000000000, 0.0000000000000000000 ) ) ;
#1788 = CYLINDRICAL_SURFACE ( 'NONE', #1205, 2.000000000000001800 ) ;
#1789 = ORIENTED_EDGE ( 'NONE', *, *, #1739, .F. ) ;
#1790 = EDGE_LOOP ( 'NONE', ( #2372, #1129 ) ) ;
#1791 = CARTESIAN_POINT ( 'NONE',  ( 60.16044702067369300, -23.95501194873044100, 5.000000000000000000 ) ) ;
#1792 = DIRECTION ( 'NONE',  ( 1.000000000000000000, -1.972152263052526900E-031, -1.375826490327504600E-048 ) ) ;
#1793 = FACE_BOUND ( 'NONE', #3014, .T. ) ;
#1794 = DIRECTION ( 'NONE',  ( 0.0000000000000000000, 1.000000000000000000, 0.0000000000000000000 ) ) ;
#1795 = DIRECTION ( 'NONE',  ( 1.000000000000000000, -1.972152263052526900E-031, -1.375826490327504600E-048 ) ) ;
#1796 = EDGE_LOOP ( 'NONE', ( #221, #3927, #2181, #1091 ) ) ;
#1797 = EDGE_LOOP ( 'NONE', ( #945, #2589 ) ) ;
#1798 = EDGE_CURVE ( 'NONE', #861, #3884, #1784, .T. ) ;
#1799 = CIRCLE ( 'NONE', #219, 2.000000000000005300 ) ;
#1800 = AXIS2_PLACEMENT_3D ( 'NONE', #3163, #385, #1013 ) ;
#1801 = AXIS2_PLACEMENT_3D ( 'NONE', #465, #1735, #2731 ) ;
#1802 = VERTEX_POINT ( 'NONE', #1978 ) ;
#1803 = SHAPE_DEFINITION_REPRESENTATION ( #139, #2717 ) ;
#1804 = FACE_OUTER_BOUND ( 'NONE', #2258, .T. ) ;
#1805 = CIRCLE ( 'NONE', #1194, 2.000000000000008900 ) ;
#1806 = DIRECTION ( 'NONE',  ( 1.000000000000000000, -1.972152263052526900E-031, -1.375826490327504600E-048 ) ) ;
#1807 = DIRECTION ( 'NONE',  ( 0.0000000000000000000, 4.336808689942017700E-016, 1.000000000000000000 ) ) ;
#1808 = CYLINDRICAL_SURFACE ( 'NONE', #3561, 2.000000000000001800 ) ;
#1809 = VECTOR ( 'NONE', #3453, 1000.000000000000000 ) ;
#1810 = CARTESIAN_POINT ( 'NONE',  ( 63.16044702067369300, 53.04498805126947000, 19.00000000000022400 ) ) ;
#1811 = DIRECTION ( 'NONE',  ( 0.0000000000000000000, 1.000000000000000000, 0.0000000000000000000 ) ) ;
#1812 = LINE ( 'NONE', #1237, #3528 ) ;
#1813 =( NAMED_UNIT ( * ) SI_UNIT ( $, .STERADIAN. ) SOLID_ANGLE_UNIT ( ) );
#1814 = VECTOR ( 'NONE', #417, 1000.000000000000000 ) ;
#1815 = CARTESIAN_POINT ( 'NONE',  ( 60.16044702067369300, 15.14556636392285500, 32.00000000000000000 ) ) ;
#1816 = ORIENTED_EDGE ( 'NONE', *, *, #1414, .F. ) ;
#1817 = EDGE_CURVE ( 'NONE', #593, #1336, #2408, .T. ) ;
#1818 = EDGE_CURVE ( 'NONE', #3831, #32, #2681, .T. ) ;
#1819 = ORIENTED_EDGE ( 'NONE', *, *, #328, .T. ) ;
#1820 = VERTEX_POINT ( 'NONE', #1008 ) ;
#1821 = DIRECTION ( 'NONE',  ( 0.0000000000000000000, 1.000000000000000000, 0.0000000000000000000 ) ) ;
#1822 = VERTEX_POINT ( 'NONE', #3475 ) ;
#1823 = CARTESIAN_POINT ( 'NONE',  ( 60.16044702067369300, 49.04498805126924300, 49.00000000000021300 ) ) ;
#1824 = AXIS2_PLACEMENT_3D ( 'NONE', #1067, #3406, #2800 ) ;
#1825 = EDGE_LOOP ( 'NONE', ( #757, #2714, #630, #1163 ) ) ;
#1826 = ORIENTED_EDGE ( 'NONE', *, *, #1219, .F. ) ;
#1827 = LINE ( 'NONE', #46, #3545 ) ;
#1828 = ORIENTED_EDGE ( 'NONE', *, *, #1510, .T. ) ;
#1829 = ORIENTED_EDGE ( 'NONE', *, *, #81, .T. ) ;
#1830 = AXIS2_PLACEMENT_3D ( 'NONE', #3324, #3295, #3899 ) ;
#1831 = EDGE_CURVE ( 'NONE', #2352, #213, #3267, .T. ) ;
#1832 = CARTESIAN_POINT ( 'NONE',  ( 60.16044702067369300, -19.20516163401558200, 3.000000000000000000 ) ) ;
#1833 = LINE ( 'NONE', #406, #405 ) ;
#1834 = DIRECTION ( 'NONE',  ( 1.000000000000000000, -1.972152263052526900E-031, -1.375826490327504600E-048 ) ) ;
#1835 = CYLINDRICAL_SURFACE ( 'NONE', #930, 2.000000000000001800 ) ;
#1836 = ORIENTED_EDGE ( 'NONE', *, *, #1762, .T. ) ;
#1837 = AXIS2_PLACEMENT_3D ( 'NONE', #1327, #1052, #376 ) ;
#1838 = FACE_BOUND ( 'NONE', #1440, .T. ) ;
#1839 = EDGE_LOOP ( 'NONE', ( #145, #581, #3969, #2304 ) ) ;
#1840 = CARTESIAN_POINT ( 'NONE',  ( 63.16044702067369300, 11.04498805126925900, 49.00000000000007100 ) ) ;
#1841 = CARTESIAN_POINT ( 'NONE',  ( 63.16044702067369300, 51.04498805126950600, 11.50000000000022900 ) ) ;
#1842 = AXIS2_PLACEMENT_3D ( 'NONE', #2949, #3824, #2017 ) ;
#1843 = DIRECTION ( 'NONE',  ( 0.0000000000000000000, 1.000000000000000000, 0.0000000000000000000 ) ) ;
#1844 = EDGE_CURVE ( 'NONE', #10, #1124, #2490, .T. ) ;
#1845 = DIRECTION ( 'NONE',  ( 0.0000000000000000000, 0.0000000000000000000, -1.000000000000000000 ) ) ;
#1846 = DIRECTION ( 'NONE',  ( -1.000000000000000000, -0.0000000000000000000, 0.0000000000000000000 ) ) ;
#1847 = ORIENTED_EDGE ( 'NONE', *, *, #1062, .T. ) ;
#1848 = ORIENTED_EDGE ( 'NONE', *, *, #1510, .F. ) ;
#1849 = AXIS2_PLACEMENT_3D ( 'NONE', #2155, #327, #1537 ) ;
#1850 = DIRECTION ( 'NONE',  ( 1.000000000000000000, -1.972152263052526900E-031, -1.375826490327504600E-048 ) ) ;
#1851 = CYLINDRICAL_SURFACE ( 'NONE', #386, 2.000000000000001800 ) ;
#1852 = CIRCLE ( 'NONE', #1900, 2.000000000000005300 ) ;
#1853 = DIRECTION ( 'NONE',  ( 0.0000000000000000000, 1.000000000000000000, 0.0000000000000000000 ) ) ;
#1854 = VECTOR ( 'NONE', #2472, 1000.000000000000000 ) ;
#1855 = DIRECTION ( 'NONE',  ( 0.0000000000000000000, 1.000000000000000000, 0.0000000000000000000 ) ) ;
#1856 = CARTESIAN_POINT ( 'NONE',  ( 63.16044702067369300, -14.95501194873074100, 48.99999999999998600 ) ) ;
#1857 = FACE_OUTER_BOUND ( 'NONE', #3171, .T. ) ;
#1858 = DIRECTION ( 'NONE',  ( 1.000000000000000000, -1.972152263052526900E-031, -1.375826490327504600E-048 ) ) ;
#1859 = DIRECTION ( 'NONE',  ( -1.000000000000000000, 0.0000000000000000000, -0.0000000000000000000 ) ) ;
#1860 = AXIS2_PLACEMENT_3D ( 'NONE', #1398, #1084, #1719 ) ;
#1861 = DIRECTION ( 'NONE',  ( 0.0000000000000000000, 1.000000000000000000, 0.0000000000000000000 ) ) ;
#1862 = CARTESIAN_POINT ( 'NONE',  ( 60.16044702067369300, 53.04498805126941400, 26.50000000000022000 ) ) ;
#1863 = EDGE_LOOP ( 'NONE', ( #438, #796 ) ) ;
#1864 = ORIENTED_EDGE ( 'NONE', *, *, #2967, .F. ) ;
#1865 = EDGE_CURVE ( 'NONE', #2981, #882, #3887, .T. ) ;
#1866 = VERTEX_POINT ( 'NONE', #165 ) ;
#1867 = DIRECTION ( 'NONE',  ( -1.000000000000000000, -0.0000000000000000000, -0.0000000000000000000 ) ) ;
#1868 = ORIENTED_EDGE ( 'NONE', *, *, #1012, .F. ) ;
#1869 = ORIENTED_EDGE ( 'NONE', *, *, #2842, .T. ) ;
#1870 = CARTESIAN_POINT ( 'NONE',  ( 63.16044702067369300, 49.04498805126919300, 56.50000000000021300 ) ) ;
#1871 = VERTEX_POINT ( 'NONE', #435 ) ;
#1872 = PLANE ( 'NONE',  #3444 ) ;
#1873 = EDGE_CURVE ( 'NONE', #3608, #1528, #2077, .T. ) ;
#1874 = ORIENTED_EDGE ( 'NONE', *, *, #1937, .T. ) ;
#1875 = DIRECTION ( 'NONE',  ( 0.0000000000000000000, 0.0000000000000000000, -1.000000000000000000 ) ) ;
#1876 = AXIS2_PLACEMENT_3D ( 'NONE', #3730, #1565, #3414 ) ;
#1877 = VECTOR ( 'NONE', #182, 1000.000000000000000 ) ;
#1878 = VERTEX_POINT ( 'NONE', #3240 ) ;
#1879 = CARTESIAN_POINT ( 'NONE',  ( 60.16044702067369300, 43.04498805126920000, 56.50000000000019200 ) ) ;
#1880 = LINE ( 'NONE', #3836, #1740 ) ;
#1881 = VECTOR ( 'NONE', #3265, 1000.000000000000000 ) ;
#1882 = VERTEX_POINT ( 'NONE', #1736 ) ;
#1883 = DIRECTION ( 'NONE',  ( 1.000000000000000000, -1.972152263052526900E-031, -1.375826490327504600E-048 ) ) ;
#1884 = ORIENTED_EDGE ( 'NONE', *, *, #397, .T. ) ;
#1885 =( LENGTH_UNIT ( ) NAMED_UNIT ( * ) SI_UNIT ( .MILLI., .METRE. ) );
#1886 = DIRECTION ( 'NONE',  ( 1.000000000000000000, -1.972152263052526900E-031, -1.375826490327504600E-048 ) ) ;
#1887 = CARTESIAN_POINT ( 'NONE',  ( 60.16044702067369300, -25.95501194873041200, 0.0000000000000000000 ) ) ;
#1888 = ADVANCED_FACE ( 'NONE', ( #407 ), #3591, .F. ) ;
#1889 = VERTEX_POINT ( 'NONE', #3548 ) ;
#1890 = CARTESIAN_POINT ( 'NONE',  ( 60.16044702067369300, 49.04498805126930000, 41.50000000000022000 ) ) ;
#1891 = ORIENTED_EDGE ( 'NONE', *, *, #2040, .T. ) ;
#1892 = CARTESIAN_POINT ( 'NONE',  ( 63.16044702067369300, 15.14556636392285500, 35.00000000000000000 ) ) ;
#1893 = EDGE_CURVE ( 'NONE', #2131, #1767, #2770, .T. ) ;
#1894 = CYLINDRICAL_SURFACE ( 'NONE', #3409, 2.000000000000001800 ) ;
#1895 = ORIENTED_EDGE ( 'NONE', *, *, #2075, .T. ) ;
#1896 = DIRECTION ( 'NONE',  ( 1.000000000000000000, -1.972152263052526900E-031, -1.375826490327504600E-048 ) ) ;
#1897 = CARTESIAN_POINT ( 'NONE',  ( 63.16044702067369300, -28.95501194873057600, 26.49999999999989000 ) ) ;
#1898 = CARTESIAN_POINT ( 'NONE',  ( 63.16044702067369300, 19.04498805126925700, 49.00000000000009900 ) ) ;
#1899 = ORIENTED_EDGE ( 'NONE', *, *, #2022, .F. ) ;
#1900 = AXIS2_PLACEMENT_3D ( 'NONE', #1273, #3758, #3425 ) ;
#1901 = EDGE_CURVE ( 'NONE', #987, #711, #3072, .T. ) ;
#1902 = VECTOR ( 'NONE', #74, 1000.000000000000000 ) ;
#1903 = DIRECTION ( 'NONE',  ( 1.000000000000000000, 0.0000000000000000000, -0.0000000000000000000 ) ) ;
#1904 = CARTESIAN_POINT ( 'NONE',  ( 60.16044702067369300, 43.04498805126925000, 49.00000000000018500 ) ) ;
#1905 = DIRECTION ( 'NONE',  ( 1.000000000000000000, -1.972152263052526900E-031, -1.375826490327504600E-048 ) ) ;
#1906 = FACE_BOUND ( 'NONE', #2537, .T. ) ;
#1907 = CARTESIAN_POINT ( 'NONE',  ( 63.16044702067369300, 64.23011617120123200, 53.90000000000002000 ) ) ;
#1908 = CYLINDRICAL_SURFACE ( 'NONE', #2779, 2.000000000000001800 ) ;
#1909 = EDGE_CURVE ( 'NONE', #939, #3513, #596, .T. ) ;
#1910 = EDGE_CURVE ( 'NONE', #2131, #3165, #3216, .T. ) ;
#1911 = CARTESIAN_POINT ( 'NONE',  ( 63.16044702067369300, -19.20516163401558200, 3.000000000000000000 ) ) ;
#1912 = CARTESIAN_POINT ( 'NONE',  ( 60.16044702067369300, 41.04498805126920000, 56.50000000000019200 ) ) ;
#1913 = DIRECTION ( 'NONE',  ( 0.0000000000000000000, 1.000000000000000000, 0.0000000000000000000 ) ) ;
#1914 = CIRCLE ( 'NONE', #534, 2.000000000000001800 ) ;
#1915 = CIRCLE ( 'NONE', #3891, 2.000000000000001800 ) ;
#1916 = DIRECTION ( 'NONE',  ( 1.000000000000000000, -1.972152263052526900E-031, -1.375826490327504600E-048 ) ) ;
#1917 = ADVANCED_FACE ( 'NONE', ( #2545 ), #1645, .F. ) ;
#1918 = ORIENTED_EDGE ( 'NONE', *, *, #1452, .F. ) ;
#1919 = DIRECTION ( 'NONE',  ( 0.0000000000000000000, 0.0000000000000000000, -1.000000000000000000 ) ) ;
#1920 = VERTEX_POINT ( 'NONE', #3589 ) ;
#1921 = CARTESIAN_POINT ( 'NONE',  ( 60.16044702067369300, -20.95501194873067900, 41.49999999999996400 ) ) ;
#1922 = AXIS2_PLACEMENT_3D ( 'NONE', #2946, #2013, #2934 ) ;
#1923 = DIRECTION ( 'NONE',  ( 1.000000000000000000, -1.972152263052526900E-031, -1.375826490327504600E-048 ) ) ;
#1924 = ORIENTED_EDGE ( 'NONE', *, *, #176, .F. ) ;
#1925 = VERTEX_POINT ( 'NONE', #2338 ) ;
#1926 = EDGE_LOOP ( 'NONE', ( #2969, #2745, #3657, #1677 ) ) ;
#1927 = DIRECTION ( 'NONE',  ( 1.000000000000000000, -1.972152263052526900E-031, -1.375826490327504600E-048 ) ) ;
#1928 = DIRECTION ( 'NONE',  ( 1.000000000000000000, -1.972152263052526900E-031, -1.375826490327504600E-048 ) ) ;
#1929 = CARTESIAN_POINT ( 'NONE',  ( 60.16044702067369300, 0.0000000000000000000, 61.00000000000000000 ) ) ;
#1930 = ORIENTED_EDGE ( 'NONE', *, *, #1979, .F. ) ;
#1931 = EDGE_LOOP ( 'NONE', ( #2068, #3179, #3447, #2353, #1530, #524, #2276, #638, #3395, #1895, #845, #3520, #3840, #1341, #2369, #580, #1874, #1083, #1036, #3585, #1992, #3581 ) ) ;
#1932 = CARTESIAN_POINT ( 'NONE',  ( 60.16044702067369300, 61.04498805126942100, 26.50000000000025200 ) ) ;
#1933 = EDGE_CURVE ( 'NONE', #1878, #3348, #1980, .T. ) ;
#1934 = LINE ( 'NONE', #2902, #2727 ) ;
#1935 = ORIENTED_EDGE ( 'NONE', *, *, #725, .F. ) ;
#1936 = ORIENTED_EDGE ( 'NONE', *, *, #2674, .F. ) ;
#1937 = EDGE_CURVE ( 'NONE', #473, #3382, #3975, .T. ) ;
#1938 = CIRCLE ( 'NONE', #672, 2.000000000000001800 ) ;
#1939 = VERTEX_POINT ( 'NONE', #73 ) ;
#1940 = DIRECTION ( 'NONE',  ( 0.0000000000000000000, 0.0000000000000000000, 1.000000000000000000 ) ) ;
#1941 = AXIS2_PLACEMENT_3D ( 'NONE', #1187, #271, #1525 ) ;
#1942 = ADVANCED_FACE ( 'NONE', ( #2366 ), #3175, .F. ) ;
#1943 = LINE ( 'NONE', #1675, #1493 ) ;
#1944 = CARTESIAN_POINT ( 'NONE',  ( 63.16044702067369300, 0.0000000000000000000, 32.00000000000000000 ) ) ;
#1945 = VERTEX_POINT ( 'NONE', #2906 ) ;
#1946 = DIRECTION ( 'NONE',  ( 1.000000000000000000, -1.972152263052526900E-031, -1.375826490327504600E-048 ) ) ;
#1947 = FACE_BOUND ( 'NONE', #3426, .T. ) ;
#1948 = DIRECTION ( 'NONE',  ( 0.0000000000000000000, 1.000000000000000000, 0.0000000000000000000 ) ) ;
#1949 = EDGE_LOOP ( 'NONE', ( #173, #3937, #1657, #1382 ) ) ;
#1950 = DIRECTION ( 'NONE',  ( 1.000000000000000000, -1.972152263052526900E-031, -1.375826490327504600E-048 ) ) ;
#1951 = DIRECTION ( 'NONE',  ( 1.000000000000000000, -1.972152263052526900E-031, -1.375826490327504600E-048 ) ) ;
#1952 = CYLINDRICAL_SURFACE ( 'NONE', #3399, 2.000000000000003600 ) ;
#1953 = EDGE_CURVE ( 'NONE', #739, #2482, #2883, .T. ) ;
#1954 = ORIENTED_EDGE ( 'NONE', *, *, #1588, .F. ) ;
#1955 = DIRECTION ( 'NONE',  ( 1.000000000000000000, -1.972152263052526900E-031, -1.375826490327504600E-048 ) ) ;
#1956 = VERTEX_POINT ( 'NONE', #692 ) ;
#1957 = DIRECTION ( 'NONE',  ( 1.000000000000000000, -1.972152263052526900E-031, -1.375826490327504600E-048 ) ) ;
#1958 = VECTOR ( 'NONE', #3760, 1000.000000000000000 ) ;
#1959 = DIRECTION ( 'NONE',  ( 1.000000000000000000, -1.972152263052526900E-031, -1.375826490327504600E-048 ) ) ;
#1960 = FACE_OUTER_BOUND ( 'NONE', #248, .T. ) ;
#1961 = AXIS2_PLACEMENT_3D ( 'NONE', #208, #319, #949 ) ;
#1962 = LINE ( 'NONE', #345, #1218 ) ;
#1963 = CARTESIAN_POINT ( 'NONE',  ( 63.16044702067369300, 57.04498805126930700, 41.50000000000024200 ) ) ;
#1964 = DIRECTION ( 'NONE',  ( 0.0000000000000000000, 0.0000000000000000000, -1.000000000000000000 ) ) ;
#1965 = DIRECTION ( 'NONE',  ( 1.000000000000000000, 0.0000000000000000000, 0.0000000000000000000 ) ) ;
#1966 = DIRECTION ( 'NONE',  ( 1.000000000000000000, -1.972152263052526900E-031, -1.375826490327504600E-048 ) ) ;
#1967 = EDGE_LOOP ( 'NONE', ( #1924, #98 ) ) ;
#1968 = ORIENTED_EDGE ( 'NONE', *, *, #3071, .T. ) ;
#1969 = DIRECTION ( 'NONE',  ( 1.000000000000000000, -1.972152263052526900E-031, -1.375826490327504600E-048 ) ) ;
#1970 = ORIENTED_EDGE ( 'NONE', *, *, #3768, .F. ) ;
#1971 = ORIENTED_EDGE ( 'NONE', *, *, #3321, .F. ) ;
#1972 = ORIENTED_EDGE ( 'NONE', *, *, #2850, .F. ) ;
#1973 = DIRECTION ( 'NONE',  ( 1.000000000000000000, -1.972152263052526900E-031, -1.375826490327504600E-048 ) ) ;
#1974 = ORIENTED_EDGE ( 'NONE', *, *, #1505, .T. ) ;
#1975 = EDGE_CURVE ( 'NONE', #1822, #3350, #651, .T. ) ;
#1976 = CIRCLE ( 'NONE', #3988, 2.000000000000001800 ) ;
#1977 = AXIS2_PLACEMENT_3D ( 'NONE', #1591, #2173, #2203 ) ;
#1978 = CARTESIAN_POINT ( 'NONE',  ( 63.16044702067369300, -26.95501194873051900, 18.99999999999989300 ) ) ;
#1979 = EDGE_CURVE ( 'NONE', #762, #840, #72, .T. ) ;
#1980 = LINE ( 'NONE', #2036, #804 ) ;
#1981 = EDGE_LOOP ( 'NONE', ( #2760, #2862, #698, #964 ) ) ;
#1982 = AXIS2_PLACEMENT_3D ( 'NONE', #2124, #3974, #2162 ) ;
#1983 = EDGE_CURVE ( 'NONE', #861, #3297, #1535, .T. ) ;
#1984 = CARTESIAN_POINT ( 'NONE',  ( 60.16044702067369300, 67.04498805126930000, 41.50000000000027000 ) ) ;
#1985 = CYLINDRICAL_SURFACE ( 'NONE', #736, 2.000000000000008900 ) ;
#1986 = EDGE_LOOP ( 'NONE', ( #1256, #3624, #3080, #3981 ) ) ;
#1987 = ORIENTED_EDGE ( 'NONE', *, *, #220, .F. ) ;
#1988 = DIRECTION ( 'NONE',  ( 0.0000000000000000000, -1.665334536937733300E-013, -1.000000000000000000 ) ) ;
#1989 = DIRECTION ( 'NONE',  ( 1.000000000000000000, -1.972152263052526900E-031, -1.375826490327504600E-048 ) ) ;
#1990 = DIRECTION ( 'NONE',  ( 0.0000000000000000000, 1.000000000000000000, 0.0000000000000000000 ) ) ;
#1991 = ORIENTED_EDGE ( 'NONE', *, *, #43, .F. ) ;
#1992 = ORIENTED_EDGE ( 'NONE', *, *, #3174, .T. ) ;
#1993 = DIRECTION ( 'NONE',  ( 0.0000000000000000000, 1.000000000000000000, 0.0000000000000000000 ) ) ;
#1994 = AXIS2_PLACEMENT_3D ( 'NONE', #138, #2313, #2923 ) ;
#1995 = CIRCLE ( 'NONE', #958, 2.000000000000002200 ) ;
#1996 = ORIENTED_EDGE ( 'NONE', *, *, #1909, .T. ) ;
#1997 = CARTESIAN_POINT ( 'NONE',  ( 60.16044702067369300, -12.95501194873073700, 48.99999999999998600 ) ) ;
#1998 = CYLINDRICAL_SURFACE ( 'NONE', #3948, 2.000000000000001800 ) ;
#1999 = CIRCLE ( 'NONE', #1842, 1.899999999999999000 ) ;
#2000 = CARTESIAN_POINT ( 'NONE',  ( 63.16044702067369300, -26.95501194873062200, 33.99999999999989300 ) ) ;
#2001 = DIRECTION ( 'NONE',  ( 1.000000000000000000, -1.972152263052526900E-031, -1.375826490327504600E-048 ) ) ;
#2002 = CIRCLE ( 'NONE', #3074, 1.000000000000000900 ) ;
#2003 = CARTESIAN_POINT ( 'NONE',  ( 0.0000000000000000000, 0.0000000000000000000, 0.0000000000000000000 ) ) ;
#2004 = CYLINDRICAL_SURFACE ( 'NONE', #554, 2.000000000000005300 ) ;
#2005 = CIRCLE ( 'NONE', #2637, 2.000000000000003600 ) ;
#2006 = EDGE_CURVE ( 'NONE', #703, #882, #2932, .T. ) ;
#2007 = AXIS2_PLACEMENT_3D ( 'NONE', #1984, #1364, #1048 ) ;
#2008 = AXIS2_PLACEMENT_3D ( 'NONE', #907, #1539, #599 ) ;
#2009 = ORIENTED_EDGE ( 'NONE', *, *, #3860, .T. ) ;
#2010 = DIRECTION ( 'NONE',  ( 0.0000000000000000000, 1.000000000000000000, 0.0000000000000000000 ) ) ;
#2011 = VERTEX_POINT ( 'NONE', #1016 ) ;
#2012 = CARTESIAN_POINT ( 'NONE',  ( 60.16044702067369300, -18.95501194873051900, 18.99999999999997500 ) ) ;
#2013 = DIRECTION ( 'NONE',  ( 1.000000000000000000, -1.972152263052526900E-031, -1.375826490327504600E-048 ) ) ;
#2014 = DIRECTION ( 'NONE',  ( 1.000000000000000000, -1.972152263052526900E-031, -1.375826490327504600E-048 ) ) ;
#2015 = ORIENTED_EDGE ( 'NONE', *, *, #883, .T. ) ;
#2016 = EDGE_LOOP ( 'NONE', ( #3733, #254 ) ) ;
#2017 = DIRECTION ( 'NONE',  ( 0.0000000000000000000, 0.0000000000000000000, -1.000000000000000000 ) ) ;
#2018 = ADVANCED_FACE ( 'NONE', ( #710 ), #1448, .F. ) ;
#2019 = DIRECTION ( 'NONE',  ( 1.000000000000000000, -0.0000000000000000000, 0.0000000000000000000 ) ) ;
#2020 = ORIENTED_EDGE ( 'NONE', *, *, #1720, .F. ) ;
#2021 = UNCERTAINTY_MEASURE_WITH_UNIT (LENGTH_MEASURE( 1.000000000000000100E-005 ), #2679, 'distance_accuracy_value', 'NONE');
#2022 = EDGE_CURVE ( 'NONE', #1369, #297, #889, .T. ) ;
#2023 = CIRCLE ( 'NONE', #2291, 2.000000000000001800 ) ;
#2024 = ORIENTED_EDGE ( 'NONE', *, *, #547, .F. ) ;
#2025 = DIRECTION ( 'NONE',  ( 1.000000000000000000, -1.972152263052526900E-031, -1.375826490327504600E-048 ) ) ;
#2026 = LINE ( 'NONE', #1862, #3308 ) ;
#2027 = CARTESIAN_POINT ( 'NONE',  ( 63.16044702067369300, -30.37519891327383800, 59.00000000000000000 ) ) ;
#2028 = ORIENTED_EDGE ( 'NONE', *, *, #1769, .F. ) ;
#2029 = EDGE_CURVE ( 'NONE', #2981, #1523, #3790, .T. ) ;
#2030 = CARTESIAN_POINT ( 'NONE',  ( 60.16044702067369300, 9.044988051269257300, 49.00000000000007100 ) ) ;
#2031 = CARTESIAN_POINT ( 'NONE',  ( 63.16044702067369300, 18.14556636392283900, -7.869384989098015600E-015 ) ) ;
#2032 = LINE ( 'NONE', #1691, #1687 ) ;
#2033 = DIRECTION ( 'NONE',  ( 1.000000000000000000, -0.0000000000000000000, 0.0000000000000000000 ) ) ;
#2034 = AXIS2_PLACEMENT_3D ( 'NONE', #3757, #369, #2533 ) ;
#2035 = ORIENTED_EDGE ( 'NONE', *, *, #2103, .T. ) ;
#2036 = CARTESIAN_POINT ( 'NONE',  ( 63.16044702067369300, 0.0000000000000000000, 0.0000000000000000000 ) ) ;
#2037 = FACE_BOUND ( 'NONE', #1313, .T. ) ;
#2038 = ORIENTED_EDGE ( 'NONE', *, *, #1325, .T. ) ;
#2039 = VERTEX_POINT ( 'NONE', #3176 ) ;
#2040 = EDGE_CURVE ( 'NONE', #473, #939, #112, .T. ) ;
#2041 = EDGE_CURVE ( 'NONE', #1192, #1181, #1144, .T. ) ;
#2042 = ADVANCED_FACE ( 'NONE', ( #3684 ), #301, .F. ) ;
#2043 = CARTESIAN_POINT ( 'NONE',  ( 60.16044702067369300, 65.77688079219179000, 58.00000000000000000 ) ) ;
#2044 = FACE_OUTER_BOUND ( 'NONE', #433, .T. ) ;
#2045 = PLANE ( 'NONE',  #1378 ) ;
#2046 = EDGE_LOOP ( 'NONE', ( #1628, #2571 ) ) ;
#2047 = ORIENTED_EDGE ( 'NONE', *, *, #2912, .T. ) ;
#2048 = CARTESIAN_POINT ( 'NONE',  ( 63.16044702067369300, -13.20516163401561500, 32.00000000000000000 ) ) ;
#2049 = EDGE_LOOP ( 'NONE', ( #1632, #790, #3244, #3344 ) ) ;
#2050 = AXIS2_PLACEMENT_3D ( 'NONE', #1160, #3618, #3917 ) ;
#2051 = FACE_OUTER_BOUND ( 'NONE', #2067, .T. ) ;
#2052 = CYLINDRICAL_SURFACE ( 'NONE', #3199, 2.000000000000001800 ) ;
#2053 = CARTESIAN_POINT ( 'NONE',  ( 63.16044702067369300, 69.04498805126945600, 19.00000000000028400 ) ) ;
#2054 = VECTOR ( 'NONE', #633, 1000.000000000000000 ) ;
#2055 = LINE ( 'NONE', #3483, #3913 ) ;
#2056 = DIRECTION ( 'NONE',  ( 0.0000000000000000000, 1.000000000000000000, 0.0000000000000000000 ) ) ;
#2057 = PRODUCT_RELATED_PRODUCT_CATEGORY ( 'part', '', ( #1649 ) ) ;
#2058 = DIRECTION ( 'NONE',  ( 1.000000000000000000, -1.972152263052526900E-031, -1.375826490327504600E-048 ) ) ;
#2059 = DIRECTION ( 'NONE',  ( 0.0000000000000000000, 1.000000000000000000, 0.0000000000000000000 ) ) ;
#2060 = EDGE_CURVE ( 'NONE', #3879, #770, #3312, .T. ) ;
#2061 = ADVANCED_FACE ( 'NONE', ( #3505 ), #3402, .T. ) ;
#2062 = AXIS2_PLACEMENT_3D ( 'NONE', #1921, #650, #42 ) ;
#2063 = ORIENTED_EDGE ( 'NONE', *, *, #1307, .T. ) ;
#2064 = ORIENTED_EDGE ( 'NONE', *, *, #1262, .T. ) ;
#2065 = ORIENTED_EDGE ( 'NONE', *, *, #822, .T. ) ;
#2066 = DIRECTION ( 'NONE',  ( 1.000000000000000000, -1.972152263052526900E-031, -1.375826490327504600E-048 ) ) ;
#2067 = EDGE_LOOP ( 'NONE', ( #1111, #393, #3056, #195 ) ) ;
#2068 = ORIENTED_EDGE ( 'NONE', *, *, #2569, .T. ) ;
#2069 = DIRECTION ( 'NONE',  ( -0.0000000000000000000, 1.000000000000000000, 1.237635842363242200E-015 ) ) ;
#2070 = EDGE_LOOP ( 'NONE', ( #62, #3579, #128, #3639 ) ) ;
#2071 = EDGE_LOOP ( 'NONE', ( #1100, #1655, #3565, #2311 ) ) ;
#2072 = AXIS2_PLACEMENT_3D ( 'NONE', #2252, #3473, #399 ) ;
#2073 = DIRECTION ( 'NONE',  ( 0.0000000000000000000, 0.0000000000000000000, 1.000000000000000000 ) ) ;
#2074 = FACE_OUTER_BOUND ( 'NONE', #2400, .T. ) ;
#2075 = EDGE_CURVE ( 'NONE', #2359, #2715, #3027, .T. ) ;
#2076 = DIRECTION ( 'NONE',  ( 0.0000000000000000000, 0.0000000000000000000, 1.000000000000000000 ) ) ;
#2077 = LINE ( 'NONE', #1073, #2171 ) ;
#2078 = ADVANCED_FACE ( 'NONE', ( #2585 ), #21, .F. ) ;
#2079 = DIRECTION ( 'NONE',  ( 1.000000000000000000, -1.972152263052526900E-031, -1.375826490327504600E-048 ) ) ;
#2080 = DIRECTION ( 'NONE',  ( 0.0000000000000000000, 0.0000000000000000000, -1.000000000000000000 ) ) ;
#2081 = VECTOR ( 'NONE', #2197, 1000.000000000000000 ) ;
#2082 = EDGE_LOOP ( 'NONE', ( #99, #880 ) ) ;
#2083 = VERTEX_POINT ( 'NONE', #132 ) ;
#2084 = EDGE_CURVE ( 'NONE', #366, #959, #3933, .T. ) ;
#2085 = CARTESIAN_POINT ( 'NONE',  ( 60.16044702067369300, 59.04498805126935700, 34.00000000000025600 ) ) ;
#2086 = AXIS2_PLACEMENT_3D ( 'NONE', #3272, #1095, #1106 ) ;
#2087 = ORIENTED_EDGE ( 'NONE', *, *, #2479, .F. ) ;
#2088 = ORIENTED_EDGE ( 'NONE', *, *, #1436, .F. ) ;
#2089 = CARTESIAN_POINT ( 'NONE',  ( 60.16044702067369300, 67.04498805126945600, 19.00000000000028400 ) ) ;
#2090 = LINE ( 'NONE', #3715, #416 ) ;
#2091 = ORIENTED_EDGE ( 'NONE', *, *, #1865, .T. ) ;
#2092 = CARTESIAN_POINT ( 'NONE',  ( 60.16044702067369300, 3.044988051269258200, 49.00000000000004300 ) ) ;
#2093 = CARTESIAN_POINT ( 'NONE',  ( 60.16044702067369300, 53.04498805126935000, 34.00000000000022700 ) ) ;
#2094 = DIRECTION ( 'NONE',  ( 0.0000000000000000000, 1.000000000000000000, 0.0000000000000000000 ) ) ;
#2095 = FACE_BOUND ( 'NONE', #3469, .T. ) ;
#2096 = CYLINDRICAL_SURFACE ( 'NONE', #910, 2.000000000000003600 ) ;
#2097 = CARTESIAN_POINT ( 'NONE',  ( 63.16044702067369300, -20.95501194873052200, 18.99999999999997500 ) ) ;
#2098 = FACE_BOUND ( 'NONE', #1300, .T. ) ;
#2099 = LINE ( 'NONE', #2139, #3238 ) ;
#2100 = DIRECTION ( 'NONE',  ( -1.000000000000000000, 0.0000000000000000000, 0.0000000000000000000 ) ) ;
#2101 = CIRCLE ( 'NONE', #1014, 2.000000000000003100 ) ;
#2102 = DIRECTION ( 'NONE',  ( 1.000000000000000000, -1.972152263052526900E-031, -1.375826490327504600E-048 ) ) ;
#2103 = EDGE_CURVE ( 'NONE', #189, #3382, #1349, .T. ) ;
#2104 = DIRECTION ( 'NONE',  ( 1.000000000000000000, -1.972152263052526900E-031, -1.375826490327504600E-048 ) ) ;
#2105 = DIRECTION ( 'NONE',  ( 1.000000000000000000, -1.972152263052526900E-031, -1.375826490327504600E-048 ) ) ;
#2106 = DIRECTION ( 'NONE',  ( -1.000000000000000000, 0.0000000000000000000, -0.0000000000000000000 ) ) ;
#2107 = DIRECTION ( 'NONE',  ( 1.000000000000000000, -1.972152263052526900E-031, -1.375826490327504600E-048 ) ) ;
#2108 = AXIS2_PLACEMENT_3D ( 'NONE', #2865, #717, #2907 ) ;
#2109 = ORIENTED_EDGE ( 'NONE', *, *, #2576, .T. ) ;
#2110 =( NAMED_UNIT ( * ) PLANE_ANGLE_UNIT ( ) SI_UNIT ( $, .RADIAN. ) );
#2111 = EDGE_CURVE ( 'NONE', #3105, #3348, #204, .T. ) ;
#2112 = PRODUCT_DEFINITION_CONTEXT ( 'detailed design', #2710, 'design' ) ;
#2113 = DIRECTION ( 'NONE',  ( 1.000000000000000000, -1.972152263052526900E-031, -1.375826490327504600E-048 ) ) ;
#2114 = EDGE_LOOP ( 'NONE', ( #2614, #3448, #324, #2392 ) ) ;
#2115 = VERTEX_POINT ( 'NONE', #2000 ) ;
#2116 = AXIS2_PLACEMENT_3D ( 'NONE', #3059, #2106, #255 ) ;
#2117 = DIRECTION ( 'NONE',  ( 0.0000000000000000000, 1.000000000000000000, 0.0000000000000000000 ) ) ;
#2118 = ORIENTED_EDGE ( 'NONE', *, *, #2137, .F. ) ;
#2119 = VERTEX_POINT ( 'NONE', #2613 ) ;
#2120 = DIRECTION ( 'NONE',  ( 0.0000000000000000000, 1.000000000000000000, 0.0000000000000000000 ) ) ;
#2121 = CARTESIAN_POINT ( 'NONE',  ( 63.16044702067369300, -28.95501194873062900, 33.99999999999989300 ) ) ;
#2122 = FACE_OUTER_BOUND ( 'NONE', #396, .T. ) ;
#2123 = VERTEX_POINT ( 'NONE', #1097 ) ;
#2124 = CARTESIAN_POINT ( 'NONE',  ( 63.16044702067369300, -28.95501194873062900, 33.99999999999989300 ) ) ;
#2125 = CARTESIAN_POINT ( 'NONE',  ( 63.16044702067369300, 64.23011617120123200, 53.90000000000002000 ) ) ;
#2126 = CIRCLE ( 'NONE', #2086, 2.000000000000001800 ) ;
#2127 = AXIS2_PLACEMENT_3D ( 'NONE', #1698, #679, #3459 ) ;
#2128 = ORIENTED_EDGE ( 'NONE', *, *, #641, .F. ) ;
#2129 = DIRECTION ( 'NONE',  ( 0.0000000000000000000, 1.000000000000000000, 0.0000000000000000000 ) ) ;
#2130 = CYLINDRICAL_SURFACE ( 'NONE', #998, 2.000000000000001800 ) ;
#2131 = VERTEX_POINT ( 'NONE', #2306 ) ;
#2132 = VERTEX_POINT ( 'NONE', #3850 ) ;
#2133 = DIRECTION ( 'NONE',  ( -1.000000000000000000, 0.0000000000000000000, -0.0000000000000000000 ) ) ;
#2134 = FACE_BOUND ( 'NONE', #1495, .T. ) ;
#2135 = ORIENTED_EDGE ( 'NONE', *, *, #17, .F. ) ;
#2137 = EDGE_CURVE ( 'NONE', #884, #2115, #1880, .T. ) ;
#2136 = DIRECTION ( 'NONE',  ( 0.0000000000000000000, 1.000000000000000000, 0.0000000000000000000 ) ) ;
#2138 = ORIENTED_EDGE ( 'NONE', *, *, #2390, .F. ) ;
#2139 = CARTESIAN_POINT ( 'NONE',  ( 63.16044702067369300, 40.79483836598441100, 40.00000000000000000 ) ) ;
#2140 = EDGE_CURVE ( 'NONE', #2919, #1871, #3833, .T. ) ;
#2141 = AXIS2_PLACEMENT_3D ( 'NONE', #1840, #280, #3699 ) ;
#2142 = CYLINDRICAL_SURFACE ( 'NONE', #318, 2.000000000000002700 ) ;
#2143 = CYLINDRICAL_SURFACE ( 'NONE', #3746, 2.000000000000001800 ) ;
#2144 = ORIENTED_EDGE ( 'NONE', *, *, #3718, .T. ) ;
#2145 = CARTESIAN_POINT ( 'NONE',  ( 60.16044702067369300, 59.04498805126930700, 41.50000000000024200 ) ) ;
#2146 = LINE ( 'NONE', #1270, #1322 ) ;
#2147 = DIRECTION ( 'NONE',  ( 0.0000000000000000000, 1.000000000000000000, 0.0000000000000000000 ) ) ;
#2148 = CYLINDRICAL_SURFACE ( 'NONE', #1267, 2.000000000000008900 ) ;
#2149 = DIRECTION ( 'NONE',  ( 1.000000000000000000, -1.972152263052526900E-031, -1.375826490327504600E-048 ) ) ;
#2150 = DIRECTION ( 'NONE',  ( 1.000000000000000000, -1.972152263052526900E-031, -1.375826490327504600E-048 ) ) ;
#2151 = FACE_OUTER_BOUND ( 'NONE', #2631, .T. ) ;
#2152 = FACE_OUTER_BOUND ( 'NONE', #1796, .T. ) ;
#2153 = EDGE_CURVE ( 'NONE', #1449, #2698, #1399, .T. ) ;
#2154 = ORIENTED_EDGE ( 'NONE', *, *, #2653, .F. ) ;
#2155 = CARTESIAN_POINT ( 'NONE',  ( 60.16044702067369300, -28.95501194873052200, 18.99999999999989300 ) ) ;
#2156 = CARTESIAN_POINT ( 'NONE',  ( 60.16044702067369300, -23.95501194873044100, 2.999999999999997800 ) ) ;
#2157 = CARTESIAN_POINT ( 'NONE',  ( 63.16044702067369300, 57.04498805126945600, 19.00000000000025600 ) ) ;
#2158 = VERTEX_POINT ( 'NONE', #3867 ) ;
#2159 = ORIENTED_EDGE ( 'NONE', *, *, #3558, .T. ) ;
#2160 = ORIENTED_EDGE ( 'NONE', *, *, #670, .T. ) ;
#2161 = DIRECTION ( 'NONE',  ( 0.0000000000000000000, 1.000000000000000000, 0.0000000000000000000 ) ) ;
#2162 = DIRECTION ( 'NONE',  ( 0.0000000000000000000, 1.000000000000000000, 0.0000000000000000000 ) ) ;
#2163 = AXIS2_PLACEMENT_3D ( 'NONE', #2384, #192, #474 ) ;
#2164 = VERTEX_POINT ( 'NONE', #993 ) ;
#2165 = ORIENTED_EDGE ( 'NONE', *, *, #1588, .T. ) ;
#2166 = ORIENTED_EDGE ( 'NONE', *, *, #776, .F. ) ;
#2167 = ORIENTED_EDGE ( 'NONE', *, *, #795, .F. ) ;
#2168 = CARTESIAN_POINT ( 'NONE',  ( 60.16044702067369300, -2.955011948730787500, 56.50000000000002100 ) ) ;
#2169 = VECTOR ( 'NONE', #2835, 1000.000000000000000 ) ;
#2170 = CARTESIAN_POINT ( 'NONE',  ( 60.16044702067369300, 49.04498805126935000, 34.00000000000022700 ) ) ;
#2171 = VECTOR ( 'NONE', #786, 1000.000000000000000 ) ;
#2172 = ORIENTED_EDGE ( 'NONE', *, *, #217, .T. ) ;
#2173 = DIRECTION ( 'NONE',  ( 1.000000000000000000, -1.972152263052526900E-031, -1.375826490327504600E-048 ) ) ;
#2174 = DIRECTION ( 'NONE',  ( 0.0000000000000000000, 1.000000000000000000, 0.0000000000000000000 ) ) ;
#2175 = CIRCLE ( 'NONE', #3217, 2.000000000000001800 ) ;
#2176 = DIRECTION ( 'NONE',  ( 0.0000000000000000000, 1.000000000000000000, 0.0000000000000000000 ) ) ;
#2177 = DIRECTION ( 'NONE',  ( 0.0000000000000000000, 1.000000000000000000, 0.0000000000000000000 ) ) ;
#2178 = EDGE_LOOP ( 'NONE', ( #408, #2530 ) ) ;
#2179 = EDGE_CURVE ( 'NONE', #2686, #1500, #1488, .T. ) ;
#2180 = DIRECTION ( 'NONE',  ( 0.0000000000000000000, 1.000000000000000000, 0.0000000000000000000 ) ) ;
#2181 = ORIENTED_EDGE ( 'NONE', *, *, #1363, .T. ) ;
#2182 = DIRECTION ( 'NONE',  ( 0.0000000000000000000, 0.0000000000000000000, -1.000000000000000000 ) ) ;
#2183 = DIRECTION ( 'NONE',  ( 1.000000000000000000, -1.972152263052526900E-031, -1.375826490327504600E-048 ) ) ;
#2184 = AXIS2_PLACEMENT_3D ( 'NONE', #3356, #2150, #2447 ) ;
#2185 = EDGE_CURVE ( 'NONE', #2685, #884, #3742, .T. ) ;
#2186 = DIRECTION ( 'NONE',  ( 1.000000000000000000, -1.972152263052526900E-031, -1.375826490327504600E-048 ) ) ;
#2187 = DIRECTION ( 'NONE',  ( 1.000000000000000000, -1.972152263052526900E-031, -1.375826490327504600E-048 ) ) ;
#2188 = VECTOR ( 'NONE', #15, 1000.000000000000000 ) ;
#2189 = CARTESIAN_POINT ( 'NONE',  ( 63.16044702067369300, 35.04498805126919300, 56.50000000000016300 ) ) ;
#2190 = ORIENTED_EDGE ( 'NONE', *, *, #799, .T. ) ;
#2191 = AXIS2_PLACEMENT_3D ( 'NONE', #1490, #3285, #2136 ) ;
#2192 = EDGE_CURVE ( 'NONE', #106, #899, #1347, .T. ) ;
#2193 = FACE_BOUND ( 'NONE', #3028, .T. ) ;
#2194 = DIRECTION ( 'NONE',  ( 1.000000000000000000, -1.972152263052526900E-031, -1.375826490327504600E-048 ) ) ;
#2195 = CARTESIAN_POINT ( 'NONE',  ( 60.16044702067369300, 65.04498805126928600, 41.50000000000027000 ) ) ;
#2196 = LINE ( 'NONE', #3077, #3284 ) ;
#2197 = DIRECTION ( 'NONE',  ( 1.000000000000000000, -1.972152263052526900E-031, -1.375826490327504600E-048 ) ) ;
#2198 = VECTOR ( 'NONE', #1494, 1000.000000000000000 ) ;
#2199 = DIRECTION ( 'NONE',  ( 1.000000000000000000, -1.972152263052526900E-031, -1.375826490327504600E-048 ) ) ;
#2200 = DIRECTION ( 'NONE',  ( 1.000000000000000000, -1.972152263052526900E-031, -1.375826490327504600E-048 ) ) ;
#2201 = CIRCLE ( 'NONE', #1511, 2.000000000000001800 ) ;
#2202 = AXIS2_PLACEMENT_3D ( 'NONE', #2864, #84, #705 ) ;
#2203 = DIRECTION ( 'NONE',  ( 0.0000000000000000000, 1.000000000000000000, 0.0000000000000000000 ) ) ;
#2204 = DIRECTION ( 'NONE',  ( -1.000000000000000000, 0.0000000000000000000, 0.0000000000000000000 ) ) ;
#2205 = CARTESIAN_POINT ( 'NONE',  ( 63.16044702067369300, 65.04498805126934300, 34.00000000000027700 ) ) ;
#2206 = DIRECTION ( 'NONE',  ( 1.000000000000000000, -0.0000000000000000000, 0.0000000000000000000 ) ) ;
#2207 = VERTEX_POINT ( 'NONE', #2030 ) ;
#2208 = VERTEX_POINT ( 'NONE', #1278 ) ;
#2209 = EDGE_LOOP ( 'NONE', ( #2226, #745 ) ) ;
#2210 = EDGE_LOOP ( 'NONE', ( #810, #1397 ) ) ;
#2211 = CARTESIAN_POINT ( 'NONE',  ( 60.16044702067369300, 57.04498805126945600, 19.00000000000025600 ) ) ;
#2212 = ORIENTED_EDGE ( 'NONE', *, *, #176, .T. ) ;
#2213 = EDGE_CURVE ( 'NONE', #665, #1192, #550, .T. ) ;
#2214 = ORIENTED_EDGE ( 'NONE', *, *, #1415, .F. ) ;
#2215 = ADVANCED_FACE ( 'NONE', ( #2315 ), #450, .F. ) ;
#2216 = AXIS2_PLACEMENT_3D ( 'NONE', #2380, #2658, #3298 ) ;
#2217 = CARTESIAN_POINT ( 'NONE',  ( 63.16044702067369300, 15.14556636392285500, 35.00000000000000000 ) ) ;
#2218 = AXIS2_PLACEMENT_3D ( 'NONE', #946, #3708, #3111 ) ;
#2219 = CARTESIAN_POINT ( 'NONE',  ( 63.16044702067369300, 0.0000000000000000000, 0.0000000000000000000 ) ) ;
#2220 = ADVANCED_FACE ( 'NONE', ( #708 ), #1533, .F. ) ;
#2221 = CIRCLE ( 'NONE', #2900, 2.000000000000001800 ) ;
#2222 = ORIENTED_EDGE ( 'NONE', *, *, #2429, .T. ) ;
#2223 = DIRECTION ( 'NONE',  ( 0.0000000000000000000, 0.0000000000000000000, -1.000000000000000000 ) ) ;
#2224 = CARTESIAN_POINT ( 'NONE',  ( 63.16044702067369300, 59.04498805126930700, 41.50000000000024200 ) ) ;
#2225 = VECTOR ( 'NONE', #2938, 1000.000000000000000 ) ;
#2226 = ORIENTED_EDGE ( 'NONE', *, *, #1214, .F. ) ;
#2227 = DIRECTION ( 'NONE',  ( 0.0000000000000000000, 1.000000000000000000, 0.0000000000000000000 ) ) ;
#2228 = CYLINDRICAL_SURFACE ( 'NONE', #2330, 2.000000000000005300 ) ;
#2229 = ORIENTED_EDGE ( 'NONE', *, *, #3208, .F. ) ;
#2230 = ORIENTED_EDGE ( 'NONE', *, *, #1660, .F. ) ;
#2231 = CARTESIAN_POINT ( 'NONE',  ( 60.16044702067369300, -18.95501194873062200, 33.99999999999997200 ) ) ;
#2232 = CARTESIAN_POINT ( 'NONE',  ( 60.16044702067369300, 43.79483836598441100, 0.0000000000000000000 ) ) ;
#2233 = FACE_BOUND ( 'NONE', #3457, .T. ) ;
#2234 = EDGE_CURVE ( 'NONE', #2208, #756, #2881, .T. ) ;
#2235 = ORIENTED_EDGE ( 'NONE', *, *, #263, .F. ) ;
#2236 = CARTESIAN_POINT ( 'NONE',  ( 60.16044702067369300, -28.95501194873052200, 18.99999999999989300 ) ) ;
#2237 = CARTESIAN_POINT ( 'NONE',  ( 60.16044702067369300, 27.04498805126920000, 56.50000000000013500 ) ) ;
#2238 = EDGE_CURVE ( 'NONE', #3943, #3578, #199, .T. ) ;
#2239 = DIRECTION ( 'NONE',  ( 0.0000000000000000000, 1.000000000000000000, 0.0000000000000000000 ) ) ;
#2240 = ORIENTED_EDGE ( 'NONE', *, *, #3804, .T. ) ;
#2241 = ORIENTED_EDGE ( 'NONE', *, *, #842, .T. ) ;
#2242 = AXIS2_PLACEMENT_3D ( 'NONE', #343, #1955, #661 ) ;
#2243 = EDGE_LOOP ( 'NONE', ( #2268, #2235 ) ) ;
#2244 = CIRCLE ( 'NONE', #719, 2.000000000000001800 ) ;
#2245 = DIRECTION ( 'NONE',  ( 1.000000000000000000, -1.972152263052526900E-031, -1.375826490327504600E-048 ) ) ;
#2246 = DIRECTION ( 'NONE',  ( 1.000000000000000000, -1.972152263052526900E-031, -1.375826490327504600E-048 ) ) ;
#2247 = FACE_BOUND ( 'NONE', #2874, .T. ) ;
#2248 = DIRECTION ( 'NONE',  ( 1.000000000000000000, -1.972152263052526900E-031, -1.375826490327504600E-048 ) ) ;
#2249 = CIRCLE ( 'NONE', #2312, 2.000000000000001800 ) ;
#2250 = AXIS2_PLACEMENT_3D ( 'NONE', #2121, #2398, #1794 ) ;
#2251 = EDGE_CURVE ( 'NONE', #2259, #1889, #1238, .T. ) ;
#2252 = CARTESIAN_POINT ( 'NONE',  ( 60.16044702067369300, -28.95501194873067900, 41.49999999999988600 ) ) ;
#2253 = CARTESIAN_POINT ( 'NONE',  ( 63.16044702067369300, -26.37519891327379200, 52.00000000000002100 ) ) ;
#2254 = VECTOR ( 'NONE', #3995, 1000.000000000000000 ) ;
#2255 = DIRECTION ( 'NONE',  ( 1.000000000000000000, -1.972152263052526900E-031, -1.375826490327504600E-048 ) ) ;
#2256 = AXIS2_PLACEMENT_3D ( 'NONE', #2832, #2812, #3127 ) ;
#2257 = CARTESIAN_POINT ( 'NONE',  ( 60.16044702067369300, -20.95501194873057600, 26.49999999999997200 ) ) ;
#2258 = EDGE_LOOP ( 'NONE', ( #3826, #1519, #2951, #1332 ) ) ;
#2259 = VERTEX_POINT ( 'NONE', #1912 ) ;
#2260 = ADVANCED_FACE ( 'NONE', ( #2448 ), #1641, .F. ) ;
#2261 = ORIENTED_EDGE ( 'NONE', *, *, #2787, .F. ) ;
#2262 = CARTESIAN_POINT ( 'NONE',  ( 63.16044702067369300, -12.95501194873073700, 48.99999999999998600 ) ) ;
#2263 = CARTESIAN_POINT ( 'NONE',  ( 63.16044702067369300, -12.95501194873073700, 48.99999999999998600 ) ) ;
#2264 = ORIENTED_EDGE ( 'NONE', *, *, #61, .F. ) ;
#2265 = ORIENTED_EDGE ( 'NONE', *, *, #2950, .F. ) ;
#2266 = DIRECTION ( 'NONE',  ( 1.000000000000000000, -1.972152263052526900E-031, -1.375826490327504600E-048 ) ) ;
#2267 = EDGE_CURVE ( 'NONE', #3382, #2424, #404, .T. ) ;
#2268 = ORIENTED_EDGE ( 'NONE', *, *, #3305, .F. ) ;
#2269 = EDGE_LOOP ( 'NONE', ( #3066, #2665, #230, #1381 ) ) ;
#2270 = FACE_OUTER_BOUND ( 'NONE', #2889, .T. ) ;
#2271 = ORIENTED_EDGE ( 'NONE', *, *, #3275, .F. ) ;
#2272 = AXIS2_PLACEMENT_3D ( 'NONE', #3980, #1258, #295 ) ;
#2273 = VECTOR ( 'NONE', #735, 1000.000000000000000 ) ;
#2274 = DIRECTION ( 'NONE',  ( 0.0000000000000000000, 1.000000000000000000, 0.0000000000000000000 ) ) ;
#2275 = FACE_BOUND ( 'NONE', #923, .T. ) ;
#2276 = ORIENTED_EDGE ( 'NONE', *, *, #1186, .T. ) ;
#2277 = EDGE_LOOP ( 'NONE', ( #2811, #2483, #1701, #1086 ) ) ;
#2278 = AXIS2_PLACEMENT_3D ( 'NONE', #3841, #2328, #3857 ) ;
#2279 = ORIENTED_EDGE ( 'NONE', *, *, #1975, .F. ) ;
#2280 = DIRECTION ( 'NONE',  ( 1.000000000000000000, -1.972152263052526900E-031, -1.375826490327504600E-048 ) ) ;
#2281 = EDGE_CURVE ( 'NONE', #3348, #2083, #2833, .T. ) ;
#2282 = ORIENTED_EDGE ( 'NONE', *, *, #3651, .F. ) ;
#2283 = CIRCLE ( 'NONE', #2929, 2.000000000000001800 ) ;
#2284 = CARTESIAN_POINT ( 'NONE',  ( 60.16044702067369300, 3.044988051269206200, 56.50000000000005000 ) ) ;
#2285 = CARTESIAN_POINT ( 'NONE',  ( 60.16044702067369300, -28.95501194873057600, 26.49999999999989000 ) ) ;
#2286 = ORIENTED_EDGE ( 'NONE', *, *, #1010, .F. ) ;
#2287 = DIRECTION ( 'NONE',  ( 0.0000000000000000000, 0.0000000000000000000, 1.000000000000000000 ) ) ;
#2288 = FACE_BOUND ( 'NONE', #3950, .T. ) ;
#2289 = LINE ( 'NONE', #160, #3336 ) ;
#2290 = EDGE_CURVE ( 'NONE', #22, #1391, #363, .T. ) ;
#2291 = AXIS2_PLACEMENT_3D ( 'NONE', #712, #2875, #3182 ) ;
#2292 = VECTOR ( 'NONE', #644, 1000.000000000000000 ) ;
#2293 = CIRCLE ( 'NONE', #2108, 2.000000000000001800 ) ;
#2294 = CARTESIAN_POINT ( 'NONE',  ( 63.16044702067369300, 63.80992920665784100, -1.040834085586084300E-014 ) ) ;
#2295 = FACE_OUTER_BOUND ( 'NONE', #490, .T. ) ;
#2296 = CARTESIAN_POINT ( 'NONE',  ( 63.16044702067369300, 3.044988051269206200, 56.50000000000005000 ) ) ;
#2297 = ORIENTED_EDGE ( 'NONE', *, *, #217, .F. ) ;
#2298 = ORIENTED_EDGE ( 'NONE', *, *, #3071, .F. ) ;
#2299 = CARTESIAN_POINT ( 'NONE',  ( 60.16044702067369300, 51.04498805126919300, 56.50000000000021300 ) ) ;
#2300 = ORIENTED_EDGE ( 'NONE', *, *, #220, .T. ) ;
#2301 = ORIENTED_EDGE ( 'NONE', *, *, #2041, .F. ) ;
#2302 = ORIENTED_EDGE ( 'NONE', *, *, #2234, .T. ) ;
#2303 = DIRECTION ( 'NONE',  ( -1.000000000000000000, 0.0000000000000000000, 0.0000000000000000000 ) ) ;
#2304 = ORIENTED_EDGE ( 'NONE', *, *, #725, .T. ) ;
#2305 = EDGE_CURVE ( 'NONE', #1096, #3655, #1938, .T. ) ;
#2306 = CARTESIAN_POINT ( 'NONE',  ( 60.16044702067369300, -18.95501194873067900, 41.49999999999996400 ) ) ;
#2307 = DIRECTION ( 'NONE',  ( 0.0000000000000000000, 1.000000000000000000, 0.0000000000000000000 ) ) ;
#2308 = CARTESIAN_POINT ( 'NONE',  ( 63.16044702067369300, 3.044988051269258200, 49.00000000000004300 ) ) ;
#2309 = VECTOR ( 'NONE', #1593, 1000.000000000000000 ) ;
#2310 = EDGE_LOOP ( 'NONE', ( #1930, #2554, #2601, #4000 ) ) ;
#2311 = ORIENTED_EDGE ( 'NONE', *, *, #3813, .F. ) ;
#2312 = AXIS2_PLACEMENT_3D ( 'NONE', #3745, #3133, #1323 ) ;
#2313 = DIRECTION ( 'NONE',  ( 1.000000000000000000, -1.972152263052526900E-031, -1.375826490327504600E-048 ) ) ;
#2314 = EDGE_CURVE ( 'NONE', #3839, #3901, #2541, .T. ) ;
#2315 = FACE_OUTER_BOUND ( 'NONE', #3970, .T. ) ;
#2316 = EDGE_CURVE ( 'NONE', #1391, #1320, #2676, .T. ) ;
#2317 = DIRECTION ( 'NONE',  ( 1.000000000000000000, -1.972152263052526900E-031, -1.375826490327504600E-048 ) ) ;
#2318 = CYLINDRICAL_SURFACE ( 'NONE', #3084, 2.000000000000001800 ) ;
#2319 = ADVANCED_FACE ( 'NONE', ( #2074 ), #3885, .F. ) ;
#2320 = ORIENTED_EDGE ( 'NONE', *, *, #2357, .T. ) ;
#2321 = DIRECTION ( 'NONE',  ( 1.000000000000000000, -1.972152263052526900E-031, -1.375826490327504600E-048 ) ) ;
#2322 = FACE_BOUND ( 'NONE', #2825, .T. ) ;
#2323 = DIRECTION ( 'NONE',  ( 1.000000000000000000, -0.0000000000000000000, -0.0000000000000000000 ) ) ;
#2324 = CARTESIAN_POINT ( 'NONE',  ( 60.16044702067369300, 45.04498805126920800, 56.50000000000019200 ) ) ;
#2325 = CARTESIAN_POINT ( 'NONE',  ( 60.16044702067369300, 46.79483836598441800, 0.0000000000000000000 ) ) ;
#2326 = ORIENTED_EDGE ( 'NONE', *, *, #2896, .F. ) ;
#2327 = ORIENTED_EDGE ( 'NONE', *, *, #3734, .F. ) ;
#2328 = DIRECTION ( 'NONE',  ( 1.000000000000000000, -1.972152263052526900E-031, -1.375826490327504600E-048 ) ) ;
#2329 = ADVANCED_FACE ( 'NONE', ( #2270 ), #1195, .F. ) ;
#2330 = AXIS2_PLACEMENT_3D ( 'NONE', #3788, #123, #1383 ) ;
#2331 = SURFACE_STYLE_FILL_AREA ( #896 ) ;
#2332 = DIRECTION ( 'NONE',  ( 1.000000000000000000, -1.972152263052526900E-031, -1.375826490327504600E-048 ) ) ;
#2333 = ORIENTED_EDGE ( 'NONE', *, *, #2357, .F. ) ;
#2334 = ORIENTED_EDGE ( 'NONE', *, *, #1401, .F. ) ;
#2335 = ORIENTED_EDGE ( 'NONE', *, *, #166, .T. ) ;
#2336 = VECTOR ( 'NONE', #1110, 1000.000000000000000 ) ;
#2337 = DIRECTION ( 'NONE',  ( 0.0000000000000000000, 1.000000000000000000, 0.0000000000000000000 ) ) ;
#2338 = CARTESIAN_POINT ( 'NONE',  ( 60.16044702067369300, 64.23011617120123200, 50.10000000000002300 ) ) ;
#2339 = FACE_BOUND ( 'NONE', #3675, .T. ) ;
#2340 = CARTESIAN_POINT ( 'NONE',  ( 60.16044702067369300, 17.29239248953933500, 30.50000000000000400 ) ) ;
#2341 = EDGE_CURVE ( 'NONE', #1248, #1335, #3587, .T. ) ;
#2342 = LINE ( 'NONE', #809, #388 ) ;
#2343 = ADVANCED_FACE ( 'NONE', ( #3681 ), #800, .F. ) ;
#2344 = DIRECTION ( 'NONE',  ( 1.000000000000000000, -1.972152263052526900E-031, -1.375826490327504600E-048 ) ) ;
#2345 = VECTOR ( 'NONE', #525, 1000.000000000000000 ) ;
#2346 = CARTESIAN_POINT ( 'NONE',  ( 60.16044702067369300, -13.20516163401561500, 29.00000000000000000 ) ) ;
#2347 = EDGE_CURVE ( 'NONE', #770, #3879, #2126, .T. ) ;
#2348 = VECTOR ( 'NONE', #1253, 1000.000000000000000 ) ;
#2349 = AXIS2_PLACEMENT_3D ( 'NONE', #3717, #597, #2227 ) ;
#2350 = DIRECTION ( 'NONE',  ( -1.000000000000000000, 0.0000000000000000000, -0.0000000000000000000 ) ) ;
#2351 = DIRECTION ( 'NONE',  ( 0.0000000000000000000, 1.000000000000000000, 0.0000000000000000000 ) ) ;
#2352 = VERTEX_POINT ( 'NONE', #1430 ) ;
#2353 = ORIENTED_EDGE ( 'NONE', *, *, #279, .T. ) ;
#2354 = DIRECTION ( 'NONE',  ( 0.0000000000000000000, 0.0000000000000000000, -1.000000000000000000 ) ) ;
#2355 = VERTEX_POINT ( 'NONE', #3542 ) ;
#2356 = VERTEX_POINT ( 'NONE', #1713 ) ;
#2357 = EDGE_CURVE ( 'NONE', #1523, #703, #1444, .T. ) ;
#2358 = ORIENTED_EDGE ( 'NONE', *, *, #969, .F. ) ;
#2359 = VERTEX_POINT ( 'NONE', #2027 ) ;
#2360 = ADVANCED_FACE ( 'NONE', ( #498 ), #2766, .F. ) ;
#2361 = VECTOR ( 'NONE', #1606, 1000.000000000000000 ) ;
#2362 = EDGE_LOOP ( 'NONE', ( #2763, #2499 ) ) ;
#2363 = CARTESIAN_POINT ( 'NONE',  ( 60.16044702067369300, 35.04498805126925000, 49.00000000000015600 ) ) ;
#2364 = DIRECTION ( 'NONE',  ( 1.000000000000000000, 0.0000000000000000000, -0.0000000000000000000 ) ) ;
#2365 = DIRECTION ( 'NONE',  ( 1.000000000000000000, -1.972152263052526900E-031, -1.375826490327504600E-048 ) ) ;
#2366 = FACE_OUTER_BOUND ( 'NONE', #85, .T. ) ;
#2367 = AXIS2_PLACEMENT_3D ( 'NONE', #2677, #2466, #427 ) ;
#2368 = FACE_OUTER_BOUND ( 'NONE', #1931, .T. ) ;
#2369 = ORIENTED_EDGE ( 'NONE', *, *, #811, .F. ) ;
#2370 = CARTESIAN_POINT ( 'NONE',  ( 63.16044702067369300, -3.440900392140055300E-012, 57.99999999999609900 ) ) ;
#2371 = DIRECTION ( 'NONE',  ( 1.000000000000000000, -1.972152263052526900E-031, -1.375826490327504600E-048 ) ) ;
#2372 = ORIENTED_EDGE ( 'NONE', *, *, #344, .F. ) ;
#2373 = DIRECTION ( 'NONE',  ( 1.000000000000000000, -1.972152263052526900E-031, -1.375826490327504600E-048 ) ) ;
#2374 = DIRECTION ( 'NONE',  ( 1.000000000000000000, -1.972152263052526900E-031, -1.375826490327504600E-048 ) ) ;
#2375 = CIRCLE ( 'NONE', #1197, 2.000000000000001800 ) ;
#2376 = ADVANCED_FACE ( 'NONE', ( #3460 ), #257, .F. ) ;
#2377 = ORIENTED_EDGE ( 'NONE', *, *, #1414, .T. ) ;
#2378 = CIRCLE ( 'NONE', #3030, 1.899999999999999000 ) ;
#2379 = FACE_OUTER_BOUND ( 'NONE', #897, .T. ) ;
#2380 = CARTESIAN_POINT ( 'NONE',  ( 63.16044702067369300, -28.95501194873067900, 41.49999999999988600 ) ) ;
#2381 = EDGE_CURVE ( 'NONE', #3183, #3884, #1299, .T. ) ;
#2382 = FACE_OUTER_BOUND ( 'NONE', #2397, .T. ) ;
#2383 = CYLINDRICAL_SURFACE ( 'NONE', #1056, 2.000000000000003600 ) ;
#2384 = CARTESIAN_POINT ( 'NONE',  ( 60.16044702067369300, 51.04498805126935000, 34.00000000000022700 ) ) ;
#2385 = CARTESIAN_POINT ( 'NONE',  ( 63.16044702067369300, -3.440900392140055300E-012, 57.99999999999609900 ) ) ;
#2386 = DIRECTION ( 'NONE',  ( 0.0000000000000000000, 1.000000000000000000, 0.0000000000000000000 ) ) ;
#2387 = AXIS2_PLACEMENT_3D ( 'NONE', #320, #2820, #1292 ) ;
#2388 = CIRCLE ( 'NONE', #2607, 2.000000000000001800 ) ;
#2389 = EDGE_CURVE ( 'NONE', #3129, #3608, #298, .T. ) ;
#2390 = EDGE_CURVE ( 'NONE', #2686, #1939, #3503, .T. ) ;
#2391 = EDGE_CURVE ( 'NONE', #3536, #1750, #3067, .T. ) ;
#2392 = ORIENTED_EDGE ( 'NONE', *, *, #2605, .T. ) ;
#2393 = ORIENTED_EDGE ( 'NONE', *, *, #2041, .T. ) ;
#2394 = VERTEX_POINT ( 'NONE', #830 ) ;
#2395 = DIRECTION ( 'NONE',  ( 1.000000000000000000, -1.972152263052526900E-031, -1.375826490327504600E-048 ) ) ;
#2396 = ORIENTED_EDGE ( 'NONE', *, *, #776, .T. ) ;
#2397 = EDGE_LOOP ( 'NONE', ( #1207, #1819, #2697, #1045 ) ) ;
#2398 = DIRECTION ( 'NONE',  ( 1.000000000000000000, -1.972152263052526900E-031, -1.375826490327504600E-048 ) ) ;
#2399 = CARTESIAN_POINT ( 'NONE',  ( 60.16044702067369300, -20.95501194873062900, 33.99999999999997200 ) ) ;
#2400 = EDGE_LOOP ( 'NONE', ( #2757, #1766, #2038, #2675 ) ) ;
#2401 = AXIS2_PLACEMENT_3D ( 'NONE', #2591, #3202, #1643 ) ;
#2402 = DIRECTION ( 'NONE',  ( 1.000000000000000000, -1.972152263052526900E-031, -1.375826490327504600E-048 ) ) ;
#2403 = CIRCLE ( 'NONE', #113, 2.000000000000008900 ) ;
#2404 = VERTEX_POINT ( 'NONE', #1119 ) ;
#2405 = EDGE_LOOP ( 'NONE', ( #653, #3799 ) ) ;
#2406 = CARTESIAN_POINT ( 'NONE',  ( 63.16044702067369300, 67.04498805126934300, 34.00000000000027700 ) ) ;
#2407 = DIRECTION ( 'NONE',  ( 0.0000000000000000000, 1.000000000000000000, 0.0000000000000000000 ) ) ;
#2408 = LINE ( 'NONE', #3825, #2980 ) ;
#2409 = AXIS2_PLACEMENT_3D ( 'NONE', #3474, #1966, #107 ) ;
#2410 = CARTESIAN_POINT ( 'NONE',  ( 63.16044702067369300, 61.04498805126942100, 26.50000000000025200 ) ) ;
#2411 = FACE_OUTER_BOUND ( 'NONE', #2968, .T. ) ;
#2412 = DIRECTION ( 'NONE',  ( -1.000000000000000000, 0.0000000000000000000, 0.0000000000000000000 ) ) ;
#2413 = VERTEX_POINT ( 'NONE', #1147 ) ;
#2414 = APPLICATION_CONTEXT ( 'automotive_design' ) ;
#2415 = EDGE_CURVE ( 'NONE', #602, #303, #108, .T. ) ;
#2416 = AXIS2_PLACEMENT_3D ( 'NONE', #156, #2066, #3010 ) ;
#2417 = AXIS2_PLACEMENT_3D ( 'NONE', #2236, #1296, #1624 ) ;
#2418 = FACE_BOUND ( 'NONE', #3065, .T. ) ;
#2419 = ORIENTED_EDGE ( 'NONE', *, *, #2347, .T. ) ;
#2420 = ORIENTED_EDGE ( 'NONE', *, *, #142, .T. ) ;
#2421 = CIRCLE ( 'NONE', #2216, 2.000000000000001800 ) ;
#2422 = CARTESIAN_POINT ( 'NONE',  ( 60.16044702067369300, 53.04498805126920000, 56.50000000000021300 ) ) ;
#2423 = DIRECTION ( 'NONE',  ( 0.0000000000000000000, 0.0000000000000000000, 1.000000000000000000 ) ) ;
#2424 = VERTEX_POINT ( 'NONE', #1454 ) ;
#2425 = SURFACE_STYLE_USAGE ( .BOTH. , #1165 ) ;
#2426 = CIRCLE ( 'NONE', #3958, 2.000000000000003600 ) ;
#2427 = CARTESIAN_POINT ( 'NONE',  ( 60.16044702067369300, -26.37519891327379200, 52.00000000000002100 ) ) ;
#2428 = CIRCLE ( 'NONE', #1169, 2.000000000000001800 ) ;
#2429 = EDGE_CURVE ( 'NONE', #63, #3938, #934, .T. ) ;
#2430 = VECTOR ( 'NONE', #2373, 1000.000000000000000 ) ;
#2431 = FACE_OUTER_BOUND ( 'NONE', #3534, .T. ) ;
#2432 = CARTESIAN_POINT ( 'NONE',  ( 60.16044702067369300, 53.04498805126930000, 41.50000000000022000 ) ) ;
#2433 = CIRCLE ( 'NONE', #3255, 2.000000000000001800 ) ;
#2434 = EDGE_CURVE ( 'NONE', #762, #2830, #3971, .T. ) ;
#2435 = DIRECTION ( 'NONE',  ( 1.000000000000000000, -1.972152263052526900E-031, -1.375826490327504600E-048 ) ) ;
#2436 = CARTESIAN_POINT ( 'NONE',  ( 60.16044702067369300, -28.95501194873057600, 26.49999999999989000 ) ) ;
#2437 = AXIS2_PLACEMENT_3D ( 'NONE', #3751, #1639, #706 ) ;
#2438 = ORIENTED_EDGE ( 'NONE', *, *, #3296, .T. ) ;
#2439 = EDGE_LOOP ( 'NONE', ( #3494, #3559, #3892, #3920 ) ) ;
#2440 = ORIENTED_EDGE ( 'NONE', *, *, #1776, .T. ) ;
#2441 = AXIS2_PLACEMENT_3D ( 'NONE', #2427, #3607, #3320 ) ;
#2442 = EDGE_CURVE ( 'NONE', #959, #579, #1976, .T. ) ;
#2443 = CARTESIAN_POINT ( 'NONE',  ( 63.16044702067369300, 27.04498805126925000, 49.00000000000012800 ) ) ;
#2444 = VERTEX_POINT ( 'NONE', #458 ) ;
#2445 = CARTESIAN_POINT ( 'NONE',  ( 60.16044702067369300, 11.04498805126925900, 49.00000000000007100 ) ) ;
#2446 = ORIENTED_EDGE ( 'NONE', *, *, #903, .F. ) ;
#2447 = DIRECTION ( 'NONE',  ( 0.0000000000000000000, 1.000000000000000000, 0.0000000000000000000 ) ) ;
#2448 = FACE_OUTER_BOUND ( 'NONE', #2070, .T. ) ;
#2449 = AXIS2_PLACEMENT_3D ( 'NONE', #2363, #459, #2650 ) ;
#2450 = VECTOR ( 'NONE', #1959, 1000.000000000000000 ) ;
#2451 = CARTESIAN_POINT ( 'NONE',  ( 60.16044702067369300, -4.955011948730738200, 49.00000000000001400 ) ) ;
#2452 = FACE_BOUND ( 'NONE', #3777, .T. ) ;
#2453 = EDGE_CURVE ( 'NONE', #297, #1369, #1138, .T. ) ;
#2454 = DIRECTION ( 'NONE',  ( 0.0000000000000000000, 1.000000000000000000, 0.0000000000000000000 ) ) ;
#2455 = DIRECTION ( 'NONE',  ( 0.0000000000000000000, 1.000000000000000000, 0.0000000000000000000 ) ) ;
#2456 = AXIS2_PLACEMENT_3D ( 'NONE', #1226, #3082, #1552 ) ;
#2457 = ORIENTED_EDGE ( 'NONE', *, *, #287, .F. ) ;
#2458 = LINE ( 'NONE', #3616, #2602 ) ;
#2459 = CARTESIAN_POINT ( 'NONE',  ( 63.16044702067369300, 20.56252476838797000, 30.50000000000000400 ) ) ;
#2461 = ORIENTED_EDGE ( 'NONE', *, *, #3893, .T. ) ;
#2460 = DIRECTION ( 'NONE',  ( 0.0000000000000000000, 1.000000000000000000, 0.0000000000000000000 ) ) ;
#2462 = FACE_BOUND ( 'NONE', #439, .T. ) ;
#2463 = CARTESIAN_POINT ( 'NONE',  ( 60.16044702067369300, 13.04498805126920800, 56.50000000000007800 ) ) ;
#2464 = AXIS2_PLACEMENT_3D ( 'NONE', #2262, #3516, #1338 ) ;
#2465 = SURFACE_STYLE_USAGE ( .BOTH. , #2797 ) ;
#2466 = DIRECTION ( 'NONE',  ( 1.000000000000000000, -1.972152263052526900E-031, -1.375826490327504600E-048 ) ) ;
#2467 = CIRCLE ( 'NONE', #2349, 2.000000000000001800 ) ;
#2468 = CIRCLE ( 'NONE', #1689, 2.000000000000005300 ) ;
#2469 = DIRECTION ( 'NONE',  ( 1.000000000000000000, -0.0000000000000000000, 0.0000000000000000000 ) ) ;
#2470 = CYLINDRICAL_SURFACE ( 'NONE', #141, 2.000000000000001800 ) ;
#2471 = EDGE_CURVE ( 'NONE', #3831, #1286, #3394, .T. ) ;
#2472 = DIRECTION ( 'NONE',  ( 1.000000000000000000, -1.972152263052526900E-031, -1.375826490327504600E-048 ) ) ;
#2473 = VERTEX_POINT ( 'NONE', #1272 ) ;
#2474 = CARTESIAN_POINT ( 'NONE',  ( 63.16044702067369300, 0.0000000000000000000, 61.00000000000000000 ) ) ;
#2475 = CARTESIAN_POINT ( 'NONE',  ( 63.16044702067369300, 61.04498805126947800, 19.00000000000025600 ) ) ;
#2476 = VERTEX_POINT ( 'NONE', #1159 ) ;
#2477 = ORIENTED_EDGE ( 'NONE', *, *, #1718, .F. ) ;
#2478 = ORIENTED_EDGE ( 'NONE', *, *, #3242, .F. ) ;
#2479 = EDGE_CURVE ( 'NONE', #2728, #1871, #3358, .T. ) ;
#2480 = AXIS2_PLACEMENT_3D ( 'NONE', #440, #2610, #454 ) ;
#2481 = DIRECTION ( 'NONE',  ( 0.0000000000000000000, 1.000000000000000000, 0.0000000000000000000 ) ) ;
#2482 = VERTEX_POINT ( 'NONE', #3099 ) ;
#2483 = ORIENTED_EDGE ( 'NONE', *, *, #1865, .F. ) ;
#2484 = ADVANCED_FACE ( 'NONE', ( #1779 ), #1044, .F. ) ;
#2485 = ORIENTED_EDGE ( 'NONE', *, *, #43, .T. ) ;
#2486 = DIRECTION ( 'NONE',  ( 1.000000000000000000, -1.972152263052526900E-031, -1.375826490327504600E-048 ) ) ;
#2487 = CIRCLE ( 'NONE', #3443, 2.000000000000005300 ) ;
#2488 = ORIENTED_EDGE ( 'NONE', *, *, #3651, .T. ) ;
#2489 = DIRECTION ( 'NONE',  ( 0.0000000000000000000, 1.000000000000000000, 0.0000000000000000000 ) ) ;
#2490 = LINE ( 'NONE', #1331, #1682 ) ;
#2491 = ORIENTED_EDGE ( 'NONE', *, *, #3573, .T. ) ;
#2492 = CARTESIAN_POINT ( 'NONE',  ( 60.16044702067369300, 19.04498805126920800, 56.50000000000010700 ) ) ;
#2493 = FACE_OUTER_BOUND ( 'NONE', #3547, .T. ) ;
#2494 = EDGE_LOOP ( 'NONE', ( #1154, #701, #1438, #2282 ) ) ;
#2495 = EDGE_CURVE ( 'NONE', #2119, #953, #592, .T. ) ;
#2496 = CYLINDRICAL_SURFACE ( 'NONE', #2657, 2.000000000000003100 ) ;
#2497 = CARTESIAN_POINT ( 'NONE',  ( 63.16044702067369300, -22.95501194873068200, 41.49999999999996400 ) ) ;
#2498 = ADVANCED_FACE ( 'NONE', ( #2977 ), #3786, .F. ) ;
#2499 = ORIENTED_EDGE ( 'NONE', *, *, #1384, .T. ) ;
#2500 = CARTESIAN_POINT ( 'NONE',  ( 63.16044702067369300, 17.29239248953933500, 30.50000000000000400 ) ) ;
#2501 = AXIS2_PLACEMENT_3D ( 'NONE', #1731, #2058, #487 ) ;
#2502 = VERTEX_POINT ( 'NONE', #3086 ) ;
#2503 = CARTESIAN_POINT ( 'NONE',  ( 63.16044702067369300, 0.0000000000000000000, 57.99999999999999300 ) ) ;
#2504 = FACE_OUTER_BOUND ( 'NONE', #1050, .T. ) ;
#2505 = DIRECTION ( 'NONE',  ( 1.000000000000000000, -1.972152263052526900E-031, -1.375826490327504600E-048 ) ) ;
#2506 = AXIS2_PLACEMENT_3D ( 'NONE', #3135, #357, #1579 ) ;
#2507 = EDGE_CURVE ( 'NONE', #1248, #3686, #2487, .T. ) ;
#2508 = ORIENTED_EDGE ( 'NONE', *, *, #561, .F. ) ;
#2509 = VECTOR ( 'NONE', #2435, 1000.000000000000000 ) ;
#2510 = DIRECTION ( 'NONE',  ( 1.000000000000000000, -1.972152263052526900E-031, -1.375826490327504600E-048 ) ) ;
#2511 = DIRECTION ( 'NONE',  ( 1.000000000000000000, -1.972152263052526900E-031, -1.375826490327504600E-048 ) ) ;
#2512 = LINE ( 'NONE', #3540, #3707 ) ;
#2513 = DIRECTION ( 'NONE',  ( 0.0000000000000000000, 1.000000000000000000, 0.0000000000000000000 ) ) ;
#2514 = LINE ( 'NONE', #2463, #2908 ) ;
#2515 = FACE_OUTER_BOUND ( 'NONE', #2439, .T. ) ;
#2516 = DIRECTION ( 'NONE',  ( 0.0000000000000000000, 0.0000000000000000000, 1.000000000000000000 ) ) ;
#2517 = CIRCLE ( 'NONE', #3491, 2.000000000000001800 ) ;
#2518 = DIRECTION ( 'NONE',  ( 1.000000000000000000, -1.972152263052526900E-031, -1.375826490327504600E-048 ) ) ;
#2519 = VECTOR ( 'NONE', #2764, 1000.000000000000000 ) ;
#2520 = AXIS2_PLACEMENT_3D ( 'NONE', #1297, #296, #3431 ) ;
#2521 = DIRECTION ( 'NONE',  ( -1.000000000000000000, 0.0000000000000000000, 0.0000000000000000000 ) ) ;
#2522 = ADVANCED_FACE ( 'NONE', ( #1737 ), #2635, .F. ) ;
#2523 = ORIENTED_EDGE ( 'NONE', *, *, #2429, .F. ) ;
#2524 = CARTESIAN_POINT ( 'NONE',  ( 60.16044702067369300, 51.04498805126930000, 41.50000000000022000 ) ) ;
#2525 = CARTESIAN_POINT ( 'NONE',  ( 63.16044702067369300, 0.0000000000000000000, 40.00000000000000000 ) ) ;
#2526 = EDGE_LOOP ( 'NONE', ( #1972, #372, #196, #1868 ) ) ;
#2527 = ORIENTED_EDGE ( 'NONE', *, *, #2390, .T. ) ;
#2528 = EDGE_CURVE ( 'NONE', #1500, #120, #2026, .T. ) ;
#2529 = VERTEX_POINT ( 'NONE', #635 ) ;
#2530 = ORIENTED_EDGE ( 'NONE', *, *, #1546, .F. ) ;
#2531 = EDGE_CURVE ( 'NONE', #2158, #2636, #3641, .T. ) ;
#2532 = VERTEX_POINT ( 'NONE', #291 ) ;
#2533 = DIRECTION ( 'NONE',  ( 0.0000000000000000000, 0.0000000000000000000, -1.000000000000000000 ) ) ;
#2534 = AXIS2_PLACEMENT_3D ( 'NONE', #1551, #583, #2750 ) ;
#2535 = CARTESIAN_POINT ( 'NONE',  ( 60.16044702067369300, 13.04498805126926100, 49.00000000000007100 ) ) ;
#2536 = ORIENTED_EDGE ( 'NONE', *, *, #1695, .T. ) ;
#2537 = EDGE_LOOP ( 'NONE', ( #174, #3370 ) ) ;
#2538 = DIRECTION ( 'NONE',  ( 0.0000000000000000000, 1.000000000000000000, 0.0000000000000000000 ) ) ;
#2539 = CARTESIAN_POINT ( 'NONE',  ( 63.16044702067369300, 49.04498805126935000, 34.00000000000022700 ) ) ;
#2540 = CARTESIAN_POINT ( 'NONE',  ( 60.16044702067369300, 3.044988051269258200, 49.00000000000004300 ) ) ;
#2541 = LINE ( 'NONE', #1474, #3549 ) ;
#2542 = VERTEX_POINT ( 'NONE', #3385 ) ;
#2543 = CARTESIAN_POINT ( 'NONE',  ( 60.16044702067369300, -30.95501194873068200, 41.49999999999988600 ) ) ;
#2544 = ADVANCED_FACE ( 'NONE', ( #157 ), #1559, .F. ) ;
#2545 = FACE_OUTER_BOUND ( 'NONE', #269, .T. ) ;
#2546 = ORIENTED_EDGE ( 'NONE', *, *, #2772, .T. ) ;
#2547 = DIRECTION ( 'NONE',  ( 0.0000000000000000000, 1.000000000000000000, 0.0000000000000000000 ) ) ;
#2548 = FACE_BOUND ( 'NONE', #3518, .T. ) ;
#2549 = ORIENTED_EDGE ( 'NONE', *, *, #1458, .F. ) ;
#2550 = DIRECTION ( 'NONE',  ( 1.000000000000000000, -1.972152263052526900E-031, -1.375826490327504600E-048 ) ) ;
#2551 = EDGE_CURVE ( 'NONE', #3827, #1184, #886, .T. ) ;
#2552 = CARTESIAN_POINT ( 'NONE',  ( 63.16044702067369300, 37.04498805126925000, 49.00000000000015600 ) ) ;
#2553 = ORIENTED_EDGE ( 'NONE', *, *, #2551, .F. ) ;
#2554 = ORIENTED_EDGE ( 'NONE', *, *, #716, .F. ) ;
#2555 = AXIS2_PLACEMENT_3D ( 'NONE', #3576, #1751, #1445 ) ;
#2556 = VERTEX_POINT ( 'NONE', #354 ) ;
#2557 = DIRECTION ( 'NONE',  ( -1.000000000000000000, 0.0000000000000000000, 0.0000000000000000000 ) ) ;
#2558 = FACE_BOUND ( 'NONE', #1060, .T. ) ;
#2559 = CYLINDRICAL_SURFACE ( 'NONE', #1824, 2.000000000000005300 ) ;
#2560 = DIRECTION ( 'NONE',  ( 1.000000000000000000, -1.972152263052526900E-031, -1.375826490327504600E-048 ) ) ;
#2561 = LINE ( 'NONE', #3434, #2655 ) ;
#2562 = CARTESIAN_POINT ( 'NONE',  ( 60.16044702067369300, -22.95501194873053000, 18.99999999999997500 ) ) ;
#2563 = CIRCLE ( 'NONE', #747, 3.000000000000000000 ) ;
#2564 = DIRECTION ( 'NONE',  ( -1.000000000000000000, 0.0000000000000000000, 0.0000000000000000000 ) ) ;
#2565 = ORIENTED_EDGE ( 'NONE', *, *, #1844, .F. ) ;
#2566 = ORIENTED_EDGE ( 'NONE', *, *, #2442, .F. ) ;
#2567 = ORIENTED_EDGE ( 'NONE', *, *, #3455, .F. ) ;
#2568 = ORIENTED_EDGE ( 'NONE', *, *, #3734, .T. ) ;
#2569 = EDGE_CURVE ( 'NONE', #3629, #695, #3263, .T. ) ;
#2570 = CARTESIAN_POINT ( 'NONE',  ( 63.16044702067369300, -27.92196353426438500, 57.99999999999999300 ) ) ;
#2571 = ORIENTED_EDGE ( 'NONE', *, *, #3260, .T. ) ;
#2572 = ORIENTED_EDGE ( 'NONE', *, *, #811, .T. ) ;
#2573 = DIRECTION ( 'NONE',  ( 0.0000000000000000000, 0.0000000000000000000, -1.000000000000000000 ) ) ;
#2574 = MECHANICAL_DESIGN_GEOMETRIC_PRESENTATION_REPRESENTATION (  '', ( #2845 ), #3656 ) ;
#2575 = CARTESIAN_POINT ( 'NONE',  ( 63.16044702067369300, 0.0000000000000000000, 61.00000000000000000 ) ) ;
#2576 = EDGE_CURVE ( 'NONE', #704, #2164, #2403, .T. ) ;
#2577 = ORIENTED_EDGE ( 'NONE', *, *, #426, .T. ) ;
#2578 = VERTEX_POINT ( 'NONE', #673 ) ;
#2579 = VECTOR ( 'NONE', #618, 1000.000000000000000 ) ;
#2580 = EDGE_LOOP ( 'NONE', ( #2925, #801 ) ) ;
#2581 = ORIENTED_EDGE ( 'NONE', *, *, #1798, .T. ) ;
#2582 = AXIS2_PLACEMENT_3D ( 'NONE', #542, #2104, #3631 ) ;
#2583 = EDGE_CURVE ( 'NONE', #1409, #3354, #1293, .T. ) ;
#2584 = DIRECTION ( 'NONE',  ( 1.000000000000000000, -1.972152263052526900E-031, -1.375826490327504600E-048 ) ) ;
#2585 = FACE_OUTER_BOUND ( 'NONE', #3201, .T. ) ;
#2586 = CARTESIAN_POINT ( 'NONE',  ( 63.16044702067369300, -19.20516163401558200, 0.0000000000000000000 ) ) ;
#2587 = DIRECTION ( 'NONE',  ( 0.0000000000000000000, 1.000000000000000000, 0.0000000000000000000 ) ) ;
#2588 = CIRCLE ( 'NONE', #3502, 2.000000000000008900 ) ;
#2589 = ORIENTED_EDGE ( 'NONE', *, *, #1406, .F. ) ;
#2590 = ORIENTED_EDGE ( 'NONE', *, *, #1694, .F. ) ;
#2591 = CARTESIAN_POINT ( 'NONE',  ( 63.16044702067369300, 61.80992920665785600, 5.000000000000000000 ) ) ;
#2592 = AXIS2_PLACEMENT_3D ( 'NONE', #1603, #3739, #981 ) ;
#2593 = CIRCLE ( 'NONE', #2669, 2.000000000000005300 ) ;
#2594 = ORIENTED_EDGE ( 'NONE', *, *, #3813, .T. ) ;
#2595 = DIRECTION ( 'NONE',  ( 1.000000000000000000, -1.972152263052526900E-031, -1.375826490327504600E-048 ) ) ;
#2596 = EDGE_LOOP ( 'NONE', ( #2814, #2035, #1722, #1891 ) ) ;
#2597 = CIRCLE ( 'NONE', #1061, 2.000000000000005300 ) ;
#2598 = AXIS2_PLACEMENT_3D ( 'NONE', #1082, #794, #3869 ) ;
#2599 = DIRECTION ( 'NONE',  ( 1.000000000000000000, -1.972152263052526900E-031, -1.375826490327504600E-048 ) ) ;
#2600 = CARTESIAN_POINT ( 'NONE',  ( 60.16044702067369300, 27.04498805126920000, 56.50000000000013500 ) ) ;
#2601 = ORIENTED_EDGE ( 'NONE', *, *, #7, .T. ) ;
#2602 = VECTOR ( 'NONE', #3942, 1000.000000000000000 ) ;
#2603 = ADVANCED_FACE ( 'NONE', ( #2122 ), #3737, .T. ) ;
#2604 = CIRCLE ( 'NONE', #2409, 2.000000000000001800 ) ;
#2605 = EDGE_CURVE ( 'NONE', #249, #1335, #1583, .T. ) ;
#2606 = AXIS2_PLACEMENT_3D ( 'NONE', #170, #1117, #3595 ) ;
#2607 = AXIS2_PLACEMENT_3D ( 'NONE', #3653, #927, #1678 ) ;
#2608 = FACE_BOUND ( 'NONE', #2767, .T. ) ;
#2609 = VECTOR ( 'NONE', #212, 1000.000000000000000 ) ;
#2610 = DIRECTION ( 'NONE',  ( 1.000000000000000000, -1.972152263052526900E-031, -1.375826490327504600E-048 ) ) ;
#2611 = CYLINDRICAL_SURFACE ( 'NONE', #3538, 2.000000000000002700 ) ;
#2612 = LINE ( 'NONE', #606, #2519 ) ;
#2613 = CARTESIAN_POINT ( 'NONE',  ( 60.16044702067369300, -18.95501194873062200, 33.99999999999997200 ) ) ;
#2614 = ORIENTED_EDGE ( 'NONE', *, *, #2341, .F. ) ;
#2615 = CARTESIAN_POINT ( 'NONE',  ( 63.16044702067369300, 43.79483836598441100, 0.0000000000000000000 ) ) ;
#2616 = ORIENTED_EDGE ( 'NONE', *, *, #1623, .T. ) ;
#2617 = ORIENTED_EDGE ( 'NONE', *, *, #2434, .F. ) ;
#2618 = ORIENTED_EDGE ( 'NONE', *, *, #3781, .F. ) ;
#2619 = EDGE_CURVE ( 'NONE', #939, #189, #446, .T. ) ;
#2620 = ORIENTED_EDGE ( 'NONE', *, *, #795, .T. ) ;
#2621 = ADVANCED_FACE ( 'NONE', ( #548 ), #3929, .F. ) ;
#2622 = ORIENTED_EDGE ( 'NONE', *, *, #243, .T. ) ;
#2623 = EDGE_LOOP ( 'NONE', ( #1251, #1188 ) ) ;
#2624 = CARTESIAN_POINT ( 'NONE',  ( 60.16044702067369300, -23.95501194873044100, 5.000000000000000000 ) ) ;
#2625 = EDGE_CURVE ( 'NONE', #1181, #2132, #1679, .T. ) ;
#2626 = DIRECTION ( 'NONE',  ( -1.000000000000000000, 0.0000000000000000000, -0.0000000000000000000 ) ) ;
#2627 = CARTESIAN_POINT ( 'NONE',  ( 63.16044702067369300, -29.37519891327383800, 59.00000000000000000 ) ) ;
#2628 = DIRECTION ( 'NONE',  ( 0.0000000000000000000, 0.0000000000000000000, 1.000000000000000000 ) ) ;
#2629 = CARTESIAN_POINT ( 'NONE',  ( 60.16044702067369300, 29.04498805126920400, 56.50000000000013500 ) ) ;
#2630 = FACE_OUTER_BOUND ( 'NONE', #1076, .T. ) ;
#2631 = EDGE_LOOP ( 'NONE', ( #412, #2758, #925, #613 ) ) ;
#2632 = ORIENTED_EDGE ( 'NONE', *, *, #1140, .F. ) ;
#2633 = DIRECTION ( 'NONE',  ( -1.000000000000000000, 0.0000000000000000000, 0.0000000000000000000 ) ) ;
#2634 = AXIS2_PLACEMENT_3D ( 'NONE', #3177, #974, #1339 ) ;
#2635 = CYLINDRICAL_SURFACE ( 'NONE', #183, 2.000000000000001800 ) ;
#2636 = VERTEX_POINT ( 'NONE', #3173 ) ;
#2637 = AXIS2_PLACEMENT_3D ( 'NONE', #1172, #1487, #2990 ) ;
#2638 = EDGE_CURVE ( 'NONE', #106, #3732, #1827, .T. ) ;
#2639 = PLANE ( 'NONE',  #452 ) ;
#2640 = FACE_OUTER_BOUND ( 'NONE', #1039, .T. ) ;
#2641 = EDGE_LOOP ( 'NONE', ( #375, #3025, #95, #989 ) ) ;
#2642 = DIRECTION ( 'NONE',  ( 1.000000000000000000, -1.972152263052526900E-031, -1.375826490327504600E-048 ) ) ;
#2643 = CIRCLE ( 'NONE', #3683, 2.000000000000005300 ) ;
#2644 = CARTESIAN_POINT ( 'NONE',  ( 63.16044702067369300, 21.14556636392285300, 37.00000000000000000 ) ) ;
#2645 = CARTESIAN_POINT ( 'NONE',  ( 63.16044702067369300, -25.95501194873041200, 0.0000000000000000000 ) ) ;
#2646 = ORIENTED_EDGE ( 'NONE', *, *, #2732, .F. ) ;
#2647 = ADVANCED_FACE ( 'NONE', ( #844 ), #2829, .F. ) ;
#2648 = EDGE_LOOP ( 'NONE', ( #242, #285 ) ) ;
#2649 = ORIENTED_EDGE ( 'NONE', *, *, #475, .F. ) ;
#2650 = DIRECTION ( 'NONE',  ( 0.0000000000000000000, 1.000000000000000000, 0.0000000000000000000 ) ) ;
#2651 = DIRECTION ( 'NONE',  ( 1.000000000000000000, -1.972152263052526900E-031, -1.375826490327504600E-048 ) ) ;
#2652 = FACE_OUTER_BOUND ( 'NONE', #3541, .T. ) ;
#2653 = EDGE_CURVE ( 'NONE', #1920, #849, #1396, .T. ) ;
#2654 = LINE ( 'NONE', #2219, #2705 ) ;
#2655 = VECTOR ( 'NONE', #663, 1000.000000000000000 ) ;
#2656 = LINE ( 'NONE', #2525, #2859 ) ;
#2657 = AXIS2_PLACEMENT_3D ( 'NONE', #3094, #926, #3997 ) ;
#2658 = DIRECTION ( 'NONE',  ( 1.000000000000000000, -1.972152263052526900E-031, -1.375826490327504600E-048 ) ) ;
#2659 = ADVANCED_FACE ( 'NONE', ( #2630 ), #748, .F. ) ;
#2660 = ORIENTED_EDGE ( 'NONE', *, *, #759, .T. ) ;
#2661 = DIRECTION ( 'NONE',  ( 1.000000000000000000, -1.972152263052526900E-031, -1.375826490327504600E-048 ) ) ;
#2662 = CARTESIAN_POINT ( 'NONE',  ( 60.16044702067369300, 57.04498805126935700, 34.00000000000025600 ) ) ;
#2663 = DIRECTION ( 'NONE',  ( 1.000000000000000000, -0.0000000000000000000, 0.0000000000000000000 ) ) ;
#2664 = PLANE ( 'NONE',  #214 ) ;
#2665 = ORIENTED_EDGE ( 'NONE', *, *, #1239, .F. ) ;
#2666 = ORIENTED_EDGE ( 'NONE', *, *, #3038, .T. ) ;
#2667 = DIRECTION ( 'NONE',  ( 1.000000000000000000, -1.972152263052526900E-031, -1.375826490327504600E-048 ) ) ;
#2668 = ORIENTED_EDGE ( 'NONE', *, *, #2531, .F. ) ;
#2669 = AXIS2_PLACEMENT_3D ( 'NONE', #667, #1478, #3599 ) ;
#2670 = CARTESIAN_POINT ( 'NONE',  ( 63.16044702067369300, 53.04498805126925000, 49.00000000000021300 ) ) ;
#2671 = VERTEX_POINT ( 'NONE', #3479 ) ;
#2672 = ORIENTED_EDGE ( 'NONE', *, *, #3007, .F. ) ;
#2673 = CARTESIAN_POINT ( 'NONE',  ( 60.16044702067369300, 69.04498805126935700, 34.00000000000027700 ) ) ;
#2674 = EDGE_CURVE ( 'NONE', #3732, #1741, #2023, .T. ) ;
#2675 = ORIENTED_EDGE ( 'NONE', *, *, #759, .F. ) ;
#2676 = LINE ( 'NONE', #3614, #2730 ) ;
#2677 = CARTESIAN_POINT ( 'NONE',  ( 63.16044702067369300, 19.04498805126920800, 56.50000000000010700 ) ) ;
#2678 = CARTESIAN_POINT ( 'NONE',  ( 60.16044702067369300, 15.14556636392285500, 35.00000000000000000 ) ) ;
#2679 =( LENGTH_UNIT ( ) NAMED_UNIT ( * ) SI_UNIT ( .MILLI., .METRE. ) );
#2680 = EDGE_CURVE ( 'NONE', #2208, #303, #2926, .T. ) ;
#2681 = CIRCLE ( 'NONE', #1634, 2.000000000000001800 ) ;
#2682 = CARTESIAN_POINT ( 'NONE',  ( 60.16044702067369300, 40.79483836598441100, 37.00000000000000000 ) ) ;
#2683 = AXIS2_PLACEMENT_3D ( 'NONE', #859, #915, #1244 ) ;
#2684 = CIRCLE ( 'NONE', #3421, 1.899999999999999000 ) ;
#2685 = VERTEX_POINT ( 'NONE', #1024 ) ;
#2686 = VERTEX_POINT ( 'NONE', #777 ) ;
#2687 = ORIENTED_EDGE ( 'NONE', *, *, #822, .F. ) ;
#2688 = DIRECTION ( 'NONE',  ( 1.000000000000000000, -1.972152263052526900E-031, -1.375826490327504600E-048 ) ) ;
#2689 = CARTESIAN_POINT ( 'NONE',  ( 60.16044702067369300, 46.79483836598441800, 3.000000000000000000 ) ) ;
#2690 = DIRECTION ( 'NONE',  ( 0.0000000000000000000, 1.000000000000000000, 0.0000000000000000000 ) ) ;
#2691 = DIRECTION ( 'NONE',  ( 1.000000000000000000, -1.972152263052526900E-031, -1.375826490327504600E-048 ) ) ;
#2692 = DIRECTION ( 'NONE',  ( 1.000000000000000000, -1.972152263052526900E-031, -1.375826490327504600E-048 ) ) ;
#2693 = CARTESIAN_POINT ( 'NONE',  ( 60.16044702067369300, 25.04498805126919300, 56.50000000000013500 ) ) ;
#2694 = EDGE_LOOP ( 'NONE', ( #500, #2581, #2868, #1232 ) ) ;
#2695 = ORIENTED_EDGE ( 'NONE', *, *, #3648, .T. ) ;
#2696 = CYLINDRICAL_SURFACE ( 'NONE', #425, 2.000000000000001800 ) ;
#2697 = ORIENTED_EDGE ( 'NONE', *, *, #764, .T. ) ;
#2698 = VERTEX_POINT ( 'NONE', #1963 ) ;
#2699 = CARTESIAN_POINT ( 'NONE',  ( 60.16044702067369300, 37.04498805126920000, 56.50000000000016300 ) ) ;
#2700 = FACE_OUTER_BOUND ( 'NONE', #492, .T. ) ;
#2701 = DIRECTION ( 'NONE',  ( 1.000000000000000000, -1.972152263052526900E-031, -1.375826490327504600E-048 ) ) ;
#2702 = EDGE_CURVE ( 'NONE', #2901, #3883, #646, .T. ) ;
#2703 = VECTOR ( 'NONE', #2791, 1000.000000000000000 ) ;
#2704 = DIRECTION ( 'NONE',  ( 1.000000000000000000, -1.972152263052526900E-031, -1.375826490327504600E-048 ) ) ;
#2705 = VECTOR ( 'NONE', #1312, 1000.000000000000000 ) ;
#2706 = DIRECTION ( 'NONE',  ( 0.0000000000000000000, 1.000000000000000000, 0.0000000000000000000 ) ) ;
#2707 = CARTESIAN_POINT ( 'NONE',  ( 60.16044702067369300, 57.04498805126930700, 41.50000000000024200 ) ) ;
#2708 = AXIS2_PLACEMENT_3D ( 'NONE', #675, #13, #71 ) ;
#2709 = VECTOR ( 'NONE', #282, 1000.000000000000000 ) ;
#2710 = APPLICATION_CONTEXT ( 'automotive_design' ) ;
#2711 = CARTESIAN_POINT ( 'NONE',  ( 60.16044702067369300, 35.04498805126919300, 56.50000000000016300 ) ) ;
#2712 = AXIS2_PLACEMENT_3D ( 'NONE', #2682, #520, #3911 ) ;
#2713 = EDGE_CURVE ( 'NONE', #2355, #1802, #1934, .T. ) ;
#2714 = ORIENTED_EDGE ( 'NONE', *, *, #81, .F. ) ;
#2715 = VERTEX_POINT ( 'NONE', #1038 ) ;
#2716 = CARTESIAN_POINT ( 'NONE',  ( 63.16044702067369300, 33.04498805126919300, 56.50000000000016300 ) ) ;
#2717 = ADVANCED_BREP_SHAPE_REPRESENTATION ( 'Front_Cover_Plate', ( #3021, #3628 ), #36 ) ;
#2718 = ORIENTED_EDGE ( 'NONE', *, *, #1933, .F. ) ;
#2719 = EDGE_LOOP ( 'NONE', ( #691, #2047, #2622, #2933 ) ) ;
#2720 = CARTESIAN_POINT ( 'NONE',  ( 60.16044702067369300, 33.04498805126925000, 49.00000000000015600 ) ) ;
#2721 = EDGE_LOOP ( 'NONE', ( #200, #2942 ) ) ;
#2722 = CARTESIAN_POINT ( 'NONE',  ( 60.16044702067369300, -30.95501194873063300, 33.99999999999989300 ) ) ;
#2723 =( NAMED_UNIT ( * ) SI_UNIT ( $, .STERADIAN. ) SOLID_ANGLE_UNIT ( ) );
#2724 = ORIENTED_EDGE ( 'NONE', *, *, #1817, .T. ) ;
#2725 = ORIENTED_EDGE ( 'NONE', *, *, #3504, .T. ) ;
#2726 = AXIS2_PLACEMENT_3D ( 'NONE', #2804, #3118, #1315 ) ;
#2727 = VECTOR ( 'NONE', #2317, 1000.000000000000000 ) ;
#2728 = VERTEX_POINT ( 'NONE', #1402 ) ;
#2729 = DIRECTION ( 'NONE',  ( 1.000000000000000000, -1.972152263052526900E-031, -1.375826490327504600E-048 ) ) ;
#2730 = VECTOR ( 'NONE', #223, 1000.000000000000000 ) ;
#2732 = EDGE_CURVE ( 'NONE', #3608, #3129, #3213, .T. ) ;
#2731 = DIRECTION ( 'NONE',  ( 1.000000000000000000, 0.0000000000000000000, -0.0000000000000000000 ) ) ;
#2733 = VECTOR ( 'NONE', #1284, 1000.000000000000000 ) ;
#2734 = EDGE_LOOP ( 'NONE', ( #1337, #1816 ) ) ;
#2735 = EDGE_CURVE ( 'NONE', #1346, #2840, #356, .T. ) ;
#2736 = AXIS2_PLACEMENT_3D ( 'NONE', #3378, #1548, #2180 ) ;
#2737 = FACE_BOUND ( 'NONE', #1015, .T. ) ;
#2738 = ORIENTED_EDGE ( 'NONE', *, *, #1363, .F. ) ;
#2739 = VERTEX_POINT ( 'NONE', #2294 ) ;
#2740 = DIRECTION ( 'NONE',  ( 0.0000000000000000000, 1.000000000000000000, 0.0000000000000000000 ) ) ;
#2741 = COLOUR_RGB ( '',0.7921568627450980000, 0.8196078431372548800, 0.9333333333333333500 ) ;
#2742 = DIRECTION ( 'NONE',  ( 1.000000000000000000, -1.972152263052526900E-031, -1.375826490327504600E-048 ) ) ;
#2743 = DIRECTION ( 'NONE',  ( 1.000000000000000000, -1.972152263052526900E-031, -1.375826490327504600E-048 ) ) ;
#2744 = CIRCLE ( 'NONE', #2191, 2.000000000000008900 ) ;
#2745 = ORIENTED_EDGE ( 'NONE', *, *, #2836, .T. ) ;
#2746 = CYLINDRICAL_SURFACE ( 'NONE', #3898, 2.000000000000005300 ) ;
#2747 = EDGE_CURVE ( 'NONE', #1340, #493, #1483, .T. ) ;
#2748 = VECTOR ( 'NONE', #3644, 1000.000000000000000 ) ;
#2749 = FACE_OUTER_BOUND ( 'NONE', #2954, .T. ) ;
#2750 = DIRECTION ( 'NONE',  ( 0.0000000000000000000, 1.000000000000000000, 0.0000000000000000000 ) ) ;
#2751 = CIRCLE ( 'NONE', #3810, 1.899999999999999000 ) ;
#2752 = CARTESIAN_POINT ( 'NONE',  ( 63.16044702067369300, -14.95501194873079200, 56.49999999999999300 ) ) ;
#2753 = AXIS2_PLACEMENT_3D ( 'NONE', #856, #1792, #2407 ) ;
#2754 = EDGE_LOOP ( 'NONE', ( #3214, #3471, #3696, #3670 ) ) ;
#2755 = CARTESIAN_POINT ( 'NONE',  ( 63.16044702067369300, -26.37519891327379200, 52.00000000000002100 ) ) ;
#2756 = ORIENTED_EDGE ( 'NONE', *, *, #1234, .F. ) ;
#2757 = ORIENTED_EDGE ( 'NONE', *, *, #2955, .F. ) ;
#2758 = ORIENTED_EDGE ( 'NONE', *, *, #1085, .T. ) ;
#2759 = DIRECTION ( 'NONE',  ( 1.000000000000000000, -1.972152263052526900E-031, -1.375826490327504600E-048 ) ) ;
#2760 = ORIENTED_EDGE ( 'NONE', *, *, #2702, .F. ) ;
#2761 = EDGE_LOOP ( 'NONE', ( #1572, #3823, #3925, #102 ) ) ;
#2762 = DIRECTION ( 'NONE',  ( 1.000000000000000000, -1.972152263052526900E-031, -1.375826490327504600E-048 ) ) ;
#2763 = ORIENTED_EDGE ( 'NONE', *, *, #2815, .T. ) ;
#2764 = DIRECTION ( 'NONE',  ( 1.000000000000000000, -1.972152263052526900E-031, -1.375826490327504600E-048 ) ) ;
#2765 = DIRECTION ( 'NONE',  ( 0.0000000000000000000, 1.000000000000000000, 0.0000000000000000000 ) ) ;
#2766 = CYLINDRICAL_SURFACE ( 'NONE', #1460, 3.000000000000002700 ) ;
#2767 = EDGE_LOOP ( 'NONE', ( #3896, #3932 ) ) ;
#2768 = DIRECTION ( 'NONE',  ( 0.0000000000000000000, 1.000000000000000000, 0.0000000000000000000 ) ) ;
#2769 = DIRECTION ( 'NONE',  ( 1.000000000000000000, 0.0000000000000000000, 0.0000000000000000000 ) ) ;
#2770 = CIRCLE ( 'NONE', #3289, 2.000000000000001800 ) ;
#2771 = VERTEX_POINT ( 'NONE', #2943 ) ;
#2772 = EDGE_CURVE ( 'NONE', #2532, #2413, #253, .T. ) ;
#2773 = DIRECTION ( 'NONE',  ( 0.0000000000000000000, 1.000000000000000000, 0.0000000000000000000 ) ) ;
#2774 = DIRECTION ( 'NONE',  ( 0.0000000000000000000, 1.000000000000000000, 0.0000000000000000000 ) ) ;
#2775 = DIRECTION ( 'NONE',  ( 1.000000000000000000, -1.972152263052526900E-031, -1.375826490327504600E-048 ) ) ;
#2776 = CIRCLE ( 'NONE', #1153, 2.000000000000008900 ) ;
#2777 = ORIENTED_EDGE ( 'NONE', *, *, #1262, .F. ) ;
#2778 = DIRECTION ( 'NONE',  ( 0.0000000000000000000, 1.000000000000000000, 0.0000000000000000000 ) ) ;
#2779 = AXIS2_PLACEMENT_3D ( 'NONE', #860, #1518, #1217 ) ;
#2780 = ORIENTED_EDGE ( 'NONE', *, *, #359, .T. ) ;
#2781 = EDGE_CURVE ( 'NONE', #2698, #1449, #2221, .T. ) ;
#2782 = DIRECTION ( 'NONE',  ( 1.000000000000000000, -1.972152263052526900E-031, -1.375826490327504600E-048 ) ) ;
#2783 = DIRECTION ( 'NONE',  ( 1.000000000000000000, -1.972152263052526900E-031, -1.375826490327504600E-048 ) ) ;
#2784 = CARTESIAN_POINT ( 'NONE',  ( 60.16044702067369300, 51.04498805126924300, 49.00000000000021300 ) ) ;
#2785 = VERTEX_POINT ( 'NONE', #1075 ) ;
#2786 = AXIS2_PLACEMENT_3D ( 'NONE', #617, #2783, #2982 ) ;
#2787 = EDGE_CURVE ( 'NONE', #1104, #695, #3022, .T. ) ;
#2788 = DIRECTION ( 'NONE',  ( 1.000000000000000000, 0.0000000000000000000, 0.0000000000000000000 ) ) ;
#2789 = VERTEX_POINT ( 'NONE', #3209 ) ;
#2790 = VECTOR ( 'NONE', #558, 1000.000000000000000 ) ;
#2791 = DIRECTION ( 'NONE',  ( 1.000000000000000000, -1.972152263052526900E-031, -1.375826490327504600E-048 ) ) ;
#2792 = VERTEX_POINT ( 'NONE', #1708 ) ;
#2793 = DIRECTION ( 'NONE',  ( 1.000000000000000000, -1.972152263052526900E-031, -1.375826490327504600E-048 ) ) ;
#2794 = VECTOR ( 'NONE', #2661, 1000.000000000000000 ) ;
#2795 = LINE ( 'NONE', #768, #1509 ) ;
#2796 = AXIS2_PLACEMENT_3D ( 'NONE', #56, #23, #2239 ) ;
#2797 = SURFACE_SIDE_STYLE ('',( #2331 ) ) ;
#2798 = CARTESIAN_POINT ( 'NONE',  ( 63.16044702067369300, 0.0000000000000000000, 0.0000000000000000000 ) ) ;
#2799 = CIRCLE ( 'NONE', #2956, 2.000000000000001800 ) ;
#2800 = DIRECTION ( 'NONE',  ( 0.0000000000000000000, 1.000000000000000000, 0.0000000000000000000 ) ) ;
#2801 = ADVANCED_FACE ( 'NONE', ( #3125 ), #656, .F. ) ;
#2802 = CIRCLE ( 'NONE', #2184, 2.000000000000001800 ) ;
#2803 = CARTESIAN_POINT ( 'NONE',  ( 60.16044702067369300, -0.0000000000000000000, 57.99999999999999300 ) ) ;
#2804 = CARTESIAN_POINT ( 'NONE',  ( 60.16044702067369300, -28.95501194873062900, 33.99999999999989300 ) ) ;
#2805 = CARTESIAN_POINT ( 'NONE',  ( 63.16044702067369300, 21.14556636392285300, 37.00000000000000000 ) ) ;
#2806 = FACE_OUTER_BOUND ( 'NONE', #1550, .T. ) ;
#2807 = CARTESIAN_POINT ( 'NONE',  ( 63.16044702067369300, 51.04498805126919300, 56.50000000000021300 ) ) ;
#2808 = ORIENTED_EDGE ( 'NONE', *, *, #2674, .T. ) ;
#2809 = CARTESIAN_POINT ( 'NONE',  ( 63.16044702067369300, -18.95501194873062200, 33.99999999999997200 ) ) ;
#2810 = DIRECTION ( 'NONE',  ( 0.0000000000000000000, 1.000000000000000000, 0.0000000000000000000 ) ) ;
#2811 = ORIENTED_EDGE ( 'NONE', *, *, #1186, .F. ) ;
#2812 = DIRECTION ( 'NONE',  ( 1.000000000000000000, 0.0000000000000000000, 0.0000000000000000000 ) ) ;
#2813 = VERTEX_POINT ( 'NONE', #414 ) ;
#2814 = ORIENTED_EDGE ( 'NONE', *, *, #2619, .T. ) ;
#2815 = EDGE_CURVE ( 'NONE', #2728, #1882, #3456, .T. ) ;
#2816 = DIRECTION ( 'NONE',  ( 1.000000000000000000, -1.972152263052526900E-031, -1.375826490327504600E-048 ) ) ;
#2817 = AXIS2_PLACEMENT_3D ( 'NONE', #2089, #203, #1725 ) ;
#2818 = CARTESIAN_POINT ( 'NONE',  ( 60.16044702067369300, -0.0000000000000000000, 32.00000000000000000 ) ) ;
#2819 = AXIS2_PLACEMENT_3D ( 'NONE', #2445, #2149, #2161 ) ;
#2820 = DIRECTION ( 'NONE',  ( -1.000000000000000000, 0.0000000000000000000, -0.0000000000000000000 ) ) ;
#2821 = EDGE_LOOP ( 'NONE', ( #986, #3187, #954, #2438 ) ) ;
#2822 = ORIENTED_EDGE ( 'NONE', *, *, #3511, .F. ) ;
#2823 = DIRECTION ( 'NONE',  ( 0.0000000000000000000, 1.000000000000000000, 0.0000000000000000000 ) ) ;
#2824 = DIRECTION ( 'NONE',  ( 0.0000000000000000000, 1.000000000000000000, 0.0000000000000000000 ) ) ;
#2825 = EDGE_LOOP ( 'NONE', ( #1081, #2326 ) ) ;
#2826 = ORIENTED_EDGE ( 'NONE', *, *, #2930, .F. ) ;
#2827 = DIRECTION ( 'NONE',  ( -1.000000000000000000, 0.0000000000000000000, 0.0000000000000000000 ) ) ;
#2828 = ADVANCED_FACE ( 'NONE', ( #3830 ), #3156, .F. ) ;
#2829 = CYLINDRICAL_SURFACE ( 'NONE', #3098, 2.000000000000005300 ) ;
#2830 = VERTEX_POINT ( 'NONE', #1376 ) ;
#2831 = ORIENTED_EDGE ( 'NONE', *, *, #1062, .F. ) ;
#2832 = CARTESIAN_POINT ( 'NONE',  ( 63.16044702067369300, -23.95501194873044100, 5.000000000000000000 ) ) ;
#2833 = CIRCLE ( 'NONE', #2976, 3.000000000000000000 ) ;
#2834 = CARTESIAN_POINT ( 'NONE',  ( 63.16044702067369300, 69.04498805126935700, 34.00000000000027700 ) ) ;
#2835 = DIRECTION ( 'NONE',  ( 0.0000000000000000000, 1.000000000000000000, 0.0000000000000000000 ) ) ;
#2836 = EDGE_CURVE ( 'NONE', #1506, #3536, #1833, .T. ) ;
#2837 = DIRECTION ( 'NONE',  ( 1.000000000000000000, 0.0000000000000000000, -0.0000000000000000000 ) ) ;
#2838 = CIRCLE ( 'NONE', #1654, 2.000000000000005300 ) ;
#2839 = CARTESIAN_POINT ( 'NONE',  ( 60.16044702067369300, -10.95501194873073400, 48.99999999999998600 ) ) ;
#2840 = VERTEX_POINT ( 'NONE', #751 ) ;
#2841 = CARTESIAN_POINT ( 'NONE',  ( 60.16044702067369300, 19.04498805126925700, 49.00000000000009900 ) ) ;
#2842 = EDGE_CURVE ( 'NONE', #3919, #1104, #124, .T. ) ;
#2843 = CYLINDRICAL_SURFACE ( 'NONE', #2456, 2.000000000000001800 ) ;
#2844 = VERTEX_POINT ( 'NONE', #1063 ) ;
#2845 = STYLED_ITEM ( 'NONE', ( #2948 ), #3021 ) ;
#2846 = CARTESIAN_POINT ( 'NONE',  ( 60.16044702067369300, 65.04498805126939900, 26.50000000000028100 ) ) ;
#2847 = CIRCLE ( 'NONE', #2367, 2.000000000000005300 ) ;
#2848 = ADVANCED_FACE ( 'NONE', ( #268 ), #2142, .F. ) ;
#2849 = AXIS2_PLACEMENT_3D ( 'NONE', #1471, #2100, #3626 ) ;
#2850 = EDGE_CURVE ( 'NONE', #3655, #1096, #467, .T. ) ;
#2851 = EDGE_LOOP ( 'NONE', ( #3169, #3412 ) ) ;
#2852 = FACE_OUTER_BOUND ( 'NONE', #1986, .T. ) ;
#2853 = CARTESIAN_POINT ( 'NONE',  ( 63.16044702067369300, -26.95501194873067900, 41.49999999999988600 ) ) ;
#2854 = ORIENTED_EDGE ( 'NONE', *, *, #1239, .T. ) ;
#2855 = FACE_BOUND ( 'NONE', #3963, .T. ) ;
#2856 = CARTESIAN_POINT ( 'NONE',  ( 60.16044702067369300, 61.80992920665785600, 7.000000000000002700 ) ) ;
#2857 = FACE_OUTER_BOUND ( 'NONE', #833, .T. ) ;
#2858 = CYLINDRICAL_SURFACE ( 'NONE', #47, 2.000000000000008900 ) ;
#2859 = VECTOR ( 'NONE', #362, 1000.000000000000000 ) ;
#2860 = CARTESIAN_POINT ( 'NONE',  ( 60.16044702067369300, -20.95501194873052200, 18.99999999999997500 ) ) ;
#2861 = DIRECTION ( 'NONE',  ( 0.0000000000000000000, 0.0000000000000000000, -1.000000000000000000 ) ) ;
#2862 = ORIENTED_EDGE ( 'NONE', *, *, #397, .F. ) ;
#2863 = ORIENTED_EDGE ( 'NONE', *, *, #2912, .F. ) ;
#2864 = CARTESIAN_POINT ( 'NONE',  ( 60.16044702067369300, 51.04498805126935000, 34.00000000000022700 ) ) ;
#2865 = CARTESIAN_POINT ( 'NONE',  ( 60.16044702067369300, 59.04498805126930700, 41.50000000000024200 ) ) ;
#2866 = CARTESIAN_POINT ( 'NONE',  ( 60.16044702067369300, 57.04498805126940700, 26.50000000000025200 ) ) ;
#2867 = ORIENTED_EDGE ( 'NONE', *, *, #3357, .T. ) ;
#2868 = ORIENTED_EDGE ( 'NONE', *, *, #2896, .T. ) ;
#2869 = CARTESIAN_POINT ( 'NONE',  ( 60.16044702067369300, 51.04498805126919300, 56.50000000000021300 ) ) ;
#2870 = ADVANCED_FACE ( 'NONE', ( #562 ), #863, .F. ) ;
#2871 = EDGE_CURVE ( 'NONE', #711, #987, #1317, .T. ) ;
#2872 = ORIENTED_EDGE ( 'NONE', *, *, #1608, .F. ) ;
#2873 = ORIENTED_EDGE ( 'NONE', *, *, #2528, .T. ) ;
#2874 = EDGE_LOOP ( 'NONE', ( #1484, #3778 ) ) ;
#2875 = DIRECTION ( 'NONE',  ( 1.000000000000000000, -1.972152263052526900E-031, -1.375826490327504600E-048 ) ) ;
#2876 = AXIS2_PLACEMENT_3D ( 'NONE', #1898, #27, #2778 ) ;
#2877 = ORIENTED_EDGE ( 'NONE', *, *, #3038, .F. ) ;
#2878 = ORIENTED_EDGE ( 'NONE', *, *, #3804, .F. ) ;
#2879 = DIRECTION ( 'NONE',  ( -1.000000000000000000, -0.0000000000000000000, 0.0000000000000000000 ) ) ;
#2880 = CARTESIAN_POINT ( 'NONE',  ( 63.16044702067369300, -28.37519891327383400, 59.00000000000000000 ) ) ;
#2881 = CIRCLE ( 'NONE', #1668, 2.000000000000002200 ) ;
#2882 = DIRECTION ( 'NONE',  ( 1.000000000000000000, 0.0000000000000000000, -0.0000000000000000000 ) ) ;
#2883 = CIRCLE ( 'NONE', #2464, 2.000000000000003600 ) ;
#2884 = AXIS2_PLACEMENT_3D ( 'NONE', #476, #171, #1120 ) ;
#2885 = ORIENTED_EDGE ( 'NONE', *, *, #89, .T. ) ;
#2886 = DIRECTION ( 'NONE',  ( 1.000000000000000000, -1.972152263052526900E-031, -1.375826490327504600E-048 ) ) ;
#2887 = LINE ( 'NONE', #2662, #3464 ) ;
#2888 = EDGE_LOOP ( 'NONE', ( #836, #3584 ) ) ;
#2889 = EDGE_LOOP ( 'NONE', ( #2302, #1629, #837, #464 ) ) ;
#2890 = ORIENTED_EDGE ( 'NONE', *, *, #623, .T. ) ;
#2891 = EDGE_CURVE ( 'NONE', #185, #3629, #1503, .T. ) ;
#2892 = DIRECTION ( 'NONE',  ( 0.0000000000000000000, 1.000000000000000000, 0.0000000000000000000 ) ) ;
#2893 = DIRECTION ( 'NONE',  ( 1.000000000000000000, -1.972152263052526900E-031, -1.375826490327504600E-048 ) ) ;
#2894 = VERTEX_POINT ( 'NONE', #2053 ) ;
#2895 = DIRECTION ( 'NONE',  ( 0.0000000000000000000, 1.000000000000000000, 0.0000000000000000000 ) ) ;
#2896 = EDGE_CURVE ( 'NONE', #3884, #3183, #2421, .T. ) ;
#2897 = UNCERTAINTY_MEASURE_WITH_UNIT (LENGTH_MEASURE( 1.000000000000000100E-005 ), #1885, 'distance_accuracy_value', 'NONE');
#2898 = EDGE_LOOP ( 'NONE', ( #1571, #922, #225, #205 ) ) ;
#2899 = LINE ( 'NONE', #3346, #3085 ) ;
#2900 = AXIS2_PLACEMENT_3D ( 'NONE', #3800, #2280, #1658 ) ;
#2901 = VERTEX_POINT ( 'NONE', #3243 ) ;
#2902 = CARTESIAN_POINT ( 'NONE',  ( 60.16044702067369300, -26.95501194873051900, 18.99999999999989300 ) ) ;
#2904 = EDGE_LOOP ( 'NONE', ( #2854, #537 ) ) ;
#2903 = FACE_BOUND ( 'NONE', #1371, .T. ) ;
#2905 = FACE_OUTER_BOUND ( 'NONE', #2114, .T. ) ;
#2906 = CARTESIAN_POINT ( 'NONE',  ( 60.16044702067369300, 17.04498805126925700, 49.00000000000009900 ) ) ;
#2907 = DIRECTION ( 'NONE',  ( 0.0000000000000000000, 1.000000000000000000, 0.0000000000000000000 ) ) ;
#2908 = VECTOR ( 'NONE', #300, 1000.000000000000000 ) ;
#2909 = DIRECTION ( 'NONE',  ( -1.000000000000000000, -0.0000000000000000000, 0.0000000000000000000 ) ) ;
#2910 = CIRCLE ( 'NONE', #2922, 2.000000000000003100 ) ;
#2911 = LINE ( 'NONE', #3984, #2709 ) ;
#2912 = EDGE_CURVE ( 'NONE', #2164, #2789, #1413, .T. ) ;
#2913 = ADVANCED_FACE ( 'NONE', ( #3143 ), #1109, .F. ) ;
#2914 = ORIENTED_EDGE ( 'NONE', *, *, #1692, .T. ) ;
#2915 = VERTEX_POINT ( 'NONE', #3575 ) ;
#2916 = EDGE_CURVE ( 'NONE', #718, #2011, #1607, .T. ) ;
#2917 = CARTESIAN_POINT ( 'NONE',  ( 63.16044702067369300, -19.20516163401558200, 3.000000000000000000 ) ) ;
#2918 = DIRECTION ( 'NONE',  ( 0.0000000000000000000, 0.0000000000000000000, -1.000000000000000000 ) ) ;
#2919 = VERTEX_POINT ( 'NONE', #514 ) ;
#2920 = ORIENTED_EDGE ( 'NONE', *, *, #532, .F. ) ;
#2921 = FILL_AREA_STYLE_COLOUR ( '', #1321 ) ;
#2922 = AXIS2_PLACEMENT_3D ( 'NONE', #3317, #1479, #1420 ) ;
#2923 = DIRECTION ( 'NONE',  ( 0.0000000000000000000, 1.000000000000000000, 0.0000000000000000000 ) ) ;
#2924 = EDGE_LOOP ( 'NONE', ( #3509, #557 ) ) ;
#2925 = ORIENTED_EDGE ( 'NONE', *, *, #604, .F. ) ;
#2926 = LINE ( 'NONE', #1334, #3116 ) ;
#2927 = EDGE_LOOP ( 'NONE', ( #584, #666, #1442, #996 ) ) ;
#2928 = ORIENTED_EDGE ( 'NONE', *, *, #1103, .F. ) ;
#2929 = AXIS2_PLACEMENT_3D ( 'NONE', #3081, #2775, #3379 ) ;
#2930 = EDGE_CURVE ( 'NONE', #2394, #3368, #3328, .T. ) ;
#2931 = CARTESIAN_POINT ( 'NONE',  ( 63.16044702067369300, 51.04498805126940700, 26.50000000000022000 ) ) ;
#2932 = CIRCLE ( 'NONE', #3910, 1.000000000000000900 ) ;
#2933 = ORIENTED_EDGE ( 'NONE', *, *, #1058, .F. ) ;
#2934 = DIRECTION ( 'NONE',  ( 0.0000000000000000000, 1.000000000000000000, 0.0000000000000000000 ) ) ;
#2935 = FACE_OUTER_BOUND ( 'NONE', #835, .T. ) ;
#2936 = ADVANCED_FACE ( 'NONE', ( #676 ), #2639, .F. ) ;
#2937 = EDGE_LOOP ( 'NONE', ( #3227, #3017 ) ) ;
#2938 = DIRECTION ( 'NONE',  ( 1.000000000000000000, -1.972152263052526900E-031, -1.375826490327504600E-048 ) ) ;
#2939 = AXIS2_PLACEMENT_3D ( 'NONE', #2524, #1611, #361 ) ;
#2940 = FACE_BOUND ( 'NONE', #2734, .T. ) ;
#2941 = EDGE_LOOP ( 'NONE', ( #1345, #1151 ) ) ;
#2942 = ORIENTED_EDGE ( 'NONE', *, *, #1953, .F. ) ;
#2943 = CARTESIAN_POINT ( 'NONE',  ( 60.16044702067369300, 21.04498805126926100, 49.00000000000009900 ) ) ;
#2944 = DIRECTION ( 'NONE',  ( -1.000000000000000000, 0.0000000000000000000, -0.0000000000000000000 ) ) ;
#2945 = AXIS2_PLACEMENT_3D ( 'NONE', #2340, #1435, #2354 ) ;
#2946 = CARTESIAN_POINT ( 'NONE',  ( 60.16044702067369300, 67.04498805126930000, 41.50000000000027000 ) ) ;
#2947 = CARTESIAN_POINT ( 'NONE',  ( 63.16044702067369300, -16.20516163401557800, -2.005608886954736500E-014 ) ) ;
#2948 = PRESENTATION_STYLE_ASSIGNMENT (( #2465 ) ) ;
#2949 = CARTESIAN_POINT ( 'NONE',  ( 60.16044702067369300, 64.23011617120123200, 52.00000000000002100 ) ) ;
#2950 = EDGE_CURVE ( 'NONE', #2473, #3354, #2847, .T. ) ;
#2951 = ORIENTED_EDGE ( 'NONE', *, *, #1644, .T. ) ;
#2952 = CARTESIAN_POINT ( 'NONE',  ( 63.16044702067369300, 66.23011617120127400, 59.00000000000000000 ) ) ;
#2953 = DIRECTION ( 'NONE',  ( 0.0000000000000000000, 1.000000000000000000, 0.0000000000000000000 ) ) ;
#2954 = EDGE_LOOP ( 'NONE', ( #3834, #1306, #2914, #2222 ) ) ;
#2955 = EDGE_CURVE ( 'NONE', #1177, #3725, #379, .T. ) ;
#2956 = AXIS2_PLACEMENT_3D ( 'NONE', #55, #1916, #2513 ) ;
#2957 = FACE_BOUND ( 'NONE', #2648, .T. ) ;
#2958 = CIRCLE ( 'NONE', #1554, 2.000000000000008900 ) ;
#2959 = ADVANCED_FACE ( 'NONE', ( #2044 ), #1700, .F. ) ;
#2960 = CIRCLE ( 'NONE', #724, 2.000000000000001800 ) ;
#2961 = FACE_OUTER_BOUND ( 'NONE', #3668, .T. ) ;
#2962 = DIRECTION ( 'NONE',  ( 1.000000000000000000, 0.0000000000000000000, -0.0000000000000000000 ) ) ;
#2963 = CARTESIAN_POINT ( 'NONE',  ( 63.16044702067369300, 61.80992920665785600, 2.999999999999997800 ) ) ;
#2964 = DIRECTION ( 'NONE',  ( 0.0000000000000000000, 0.0000000000000000000, -1.000000000000000000 ) ) ;
#2965 = VERTEX_POINT ( 'NONE', #315 ) ;
#2966 = ORIENTED_EDGE ( 'NONE', *, *, #573, .F. ) ;
#2967 = EDGE_CURVE ( 'NONE', #2965, #579, #3852, .T. ) ;
#2968 = EDGE_LOOP ( 'NONE', ( #339, #1526, #3062, #1676 ) ) ;
#2969 = ORIENTED_EDGE ( 'NONE', *, *, #475, .T. ) ;
#2970 = ORIENTED_EDGE ( 'NONE', *, *, #3843, .F. ) ;
#2971 = DIRECTION ( 'NONE',  ( 1.000000000000000000, -0.0000000000000000000, -0.0000000000000000000 ) ) ;
#2972 = DIRECTION ( 'NONE',  ( 1.000000000000000000, -1.972152263052526900E-031, -1.375826490327504600E-048 ) ) ;
#2973 = CARTESIAN_POINT ( 'NONE',  ( 63.16044702067369300, 57.04498805126940700, 26.50000000000025200 ) ) ;
#2974 = ORIENTED_EDGE ( 'NONE', *, *, #1718, .T. ) ;
#2975 = ADVANCED_FACE ( 'NONE', ( #2504 ), #1952, .F. ) ;
#2976 = AXIS2_PLACEMENT_3D ( 'NONE', #1911, #2469, #1702 ) ;
#2977 = FACE_OUTER_BOUND ( 'NONE', #3478, .T. ) ;
#2978 = ORIENTED_EDGE ( 'NONE', *, *, #3982, .F. ) ;
#2979 = DIRECTION ( 'NONE',  ( 0.0000000000000000000, -1.000000000000000000, -5.932586883000494700E-014 ) ) ;
#2980 = VECTOR ( 'NONE', #380, 1000.000000000000000 ) ;
#2981 = VERTEX_POINT ( 'NONE', #3442 ) ;
#2982 = DIRECTION ( 'NONE',  ( 0.0000000000000000000, 1.000000000000000000, 0.0000000000000000000 ) ) ;
#2983 = DIRECTION ( 'NONE',  ( 0.0000000000000000000, 1.000000000000000000, 0.0000000000000000000 ) ) ;
#2984 = CARTESIAN_POINT ( 'NONE',  ( 60.16044702067369300, 59.04498805126947000, 19.00000000000025600 ) ) ;
#2985 = CIRCLE ( 'NONE', #2050, 2.000000000000008900 ) ;
#2986 = DIRECTION ( 'NONE',  ( -1.000000000000000000, 0.0000000000000000000, -0.0000000000000000000 ) ) ;
#2987 = ORIENTED_EDGE ( 'NONE', *, *, #2040, .F. ) ;
#2988 = PRODUCT_CONTEXT ( 'NONE', #2414, 'mechanical' ) ;
#2989 = ORIENTED_EDGE ( 'NONE', *, *, #3573, .F. ) ;
#2990 = DIRECTION ( 'NONE',  ( 0.0000000000000000000, 1.000000000000000000, 0.0000000000000000000 ) ) ;
#2991 = EDGE_CURVE ( 'NONE', #2915, #3000, #3652, .T. ) ;
#2992 = LINE ( 'NONE', #3153, #2188 ) ;
#2993 = ADVANCED_FACE ( 'NONE', ( #3562 ), #767, .F. ) ;
#2994 = EDGE_LOOP ( 'NONE', ( #2138, #2214, #2873, #3501 ) ) ;
#2995 = DIRECTION ( 'NONE',  ( 0.0000000000000000000, 0.0000000000000000000, 1.000000000000000000 ) ) ;
#2996 = CARTESIAN_POINT ( 'NONE',  ( 63.16044702067369300, 49.04498805126944900, 19.00000000000022400 ) ) ;
#2997 = CARTESIAN_POINT ( 'NONE',  ( 60.16044702067369300, 61.04498805126935700, 34.00000000000025600 ) ) ;
#2998 = CARTESIAN_POINT ( 'NONE',  ( 60.16044702067369300, 57.04498805126935700, 34.00000000000025600 ) ) ;
#3000 = VERTEX_POINT ( 'NONE', #1242 ) ;
#2999 = FACE_BOUND ( 'NONE', #694, .T. ) ;
#3001 = AXIS2_PLACEMENT_3D ( 'NONE', #3955, #2412, #256 ) ;
#3002 = EDGE_CURVE ( 'NONE', #1477, #1523, #38, .T. ) ;
#3003 = CIRCLE ( 'NONE', #1113, 52.92058191901593000 ) ;
#3004 = VECTOR ( 'NONE', #2186, 1000.000000000000000 ) ;
#3005 = CIRCLE ( 'NONE', #284, 2.000000000000008900 ) ;
#3006 = AXIS2_PLACEMENT_3D ( 'NONE', #3329, #3904, #497 ) ;
#3007 = EDGE_CURVE ( 'NONE', #2529, #1409, #3947, .T. ) ;
#3008 = CIRCLE ( 'NONE', #3773, 2.000000000000005300 ) ;
#3009 = DIRECTION ( 'NONE',  ( 0.0000000000000000000, 1.000000000000000000, 0.0000000000000000000 ) ) ;
#3010 = DIRECTION ( 'NONE',  ( 0.0000000000000000000, 1.000000000000000000, 0.0000000000000000000 ) ) ;
#3011 = ORIENTED_EDGE ( 'NONE', *, *, #3525, .T. ) ;
#3012 = DIRECTION ( 'NONE',  ( 1.000000000000000000, -1.972152263052526900E-031, -1.375826490327504600E-048 ) ) ;
#3013 = ORIENTED_EDGE ( 'NONE', *, *, #2, .T. ) ;
#3014 = EDGE_LOOP ( 'NONE', ( #2566, #2878 ) ) ;
#3015 = ORIENTED_EDGE ( 'NONE', *, *, #3816, .T. ) ;
#3016 = AXIS2_PLACEMENT_3D ( 'NONE', #3393, #1896, #1616 ) ;
#3017 = ORIENTED_EDGE ( 'NONE', *, *, #1452, .T. ) ;
#3018 = EDGE_LOOP ( 'NONE', ( #668, #2135 ) ) ;
#3019 = ORIENTED_EDGE ( 'NONE', *, *, #3897, .F. ) ;
#3020 = ORIENTED_EDGE ( 'NONE', *, *, #3052, .T. ) ;
#3021 = MANIFOLD_SOLID_BREP ( 'Fillet17', #715 ) ;
#3022 = LINE ( 'NONE', #1389, #3075 ) ;
#3023 = DIRECTION ( 'NONE',  ( 1.000000000000000000, -1.972152263052526900E-031, -1.375826490327504600E-048 ) ) ;
#3024 = ORIENTED_EDGE ( 'NONE', *, *, #1307, .F. ) ;
#3025 = ORIENTED_EDGE ( 'NONE', *, *, #2341, .T. ) ;
#3026 = EDGE_CURVE ( 'NONE', #695, #1128, #1758, .T. ) ;
#3027 = CIRCLE ( 'NONE', #101, 1.000000000000000900 ) ;
#3028 = EDGE_LOOP ( 'NONE', ( #1884, #2065 ) ) ;
#3029 = AXIS2_PLACEMENT_3D ( 'NONE', #3848, #3864, #2983 ) ;
#3030 = AXIS2_PLACEMENT_3D ( 'NONE', #2755, #2788, #2223 ) ;
#3031 = VECTOR ( 'NONE', #2882, 1000.000000000000000 ) ;
#3032 = ORIENTED_EDGE ( 'NONE', *, *, #3392, .T. ) ;
#3033 = ORIENTED_EDGE ( 'NONE', *, *, #17, .T. ) ;
#3034 = DIRECTION ( 'NONE',  ( 0.0000000000000000000, 1.000000000000000000, 0.0000000000000000000 ) ) ;
#3035 = FACE_BOUND ( 'NONE', #2178, .T. ) ;
#3036 = DIRECTION ( 'NONE',  ( -1.000000000000000000, 0.0000000000000000000, 0.0000000000000000000 ) ) ;
#3037 = DIRECTION ( 'NONE',  ( 0.0000000000000000000, 1.000000000000000000, 0.0000000000000000000 ) ) ;
#3038 = EDGE_CURVE ( 'NONE', #2813, #2444, #3341, .T. ) ;
#3039 = ORIENTED_EDGE ( 'NONE', *, *, #539, .F. ) ;
#3040 = VERTEX_POINT ( 'NONE', #3384 ) ;
#3041 = ORIENTED_EDGE ( 'NONE', *, *, #2185, .T. ) ;
#3042 = LINE ( 'NONE', #1029, #3432 ) ;
#3043 = DIRECTION ( 'NONE',  ( 0.0000000000000000000, 1.000000000000000000, 0.0000000000000000000 ) ) ;
#3044 = EDGE_CURVE ( 'NONE', #3368, #2894, #2612, .T. ) ;
#3045 = FACE_BOUND ( 'NONE', #1434, .T. ) ;
#3046 = DIRECTION ( 'NONE',  ( 1.000000000000000000, -1.972152263052526900E-031, -1.375826490327504600E-048 ) ) ;
#3047 = VECTOR ( 'NONE', #3060, 1000.000000000000000 ) ;
#3048 = DIRECTION ( 'NONE',  ( 0.0000000000000000000, 1.000000000000000000, 0.0000000000000000000 ) ) ;
#3049 = AXIS2_PLACEMENT_3D ( 'NONE', #688, #1620, #3149 ) ;
#3050 = CIRCLE ( 'NONE', #918, 2.000000000000008900 ) ;
#3051 = AXIS2_PLACEMENT_3D ( 'NONE', #1538, #2759, #1855 ) ;
#3052 = EDGE_CURVE ( 'NONE', #3061, #1104, #3377, .T. ) ;
#3053 = DIRECTION ( 'NONE',  ( 1.000000000000000000, -1.972152263052526900E-031, -1.375826490327504600E-048 ) ) ;
#3054 = DIRECTION ( 'NONE',  ( 0.0000000000000000000, 1.000000000000000000, 0.0000000000000000000 ) ) ;
#3055 = EDGE_LOOP ( 'NONE', ( #3749, #1680 ) ) ;
#3056 = ORIENTED_EDGE ( 'NONE', *, *, #3044, .T. ) ;
#3057 = EDGE_LOOP ( 'NONE', ( #3418, #1991 ) ) ;
#3058 = DIRECTION ( 'NONE',  ( 0.0000000000000000000, 1.000000000000000000, 0.0000000000000000000 ) ) ;
#3059 = CARTESIAN_POINT ( 'NONE',  ( 60.16044702067369300, 64.23011617120123200, 52.00000000000002100 ) ) ;
#3060 = DIRECTION ( 'NONE',  ( 1.000000000000000000, -0.0000000000000000000, -0.0000000000000000000 ) ) ;
#3061 = VERTEX_POINT ( 'NONE', #1558 ) ;
#3062 = ORIENTED_EDGE ( 'NONE', *, *, #850, .T. ) ;
#3063 = DIRECTION ( 'NONE',  ( -1.000000000000000000, -0.0000000000000000000, 0.0000000000000000000 ) ) ;
#3064 = ORIENTED_EDGE ( 'NONE', *, *, #2281, .F. ) ;
#3065 = EDGE_LOOP ( 'NONE', ( #3391, #3264 ) ) ;
#3066 = ORIENTED_EDGE ( 'NONE', *, *, #359, .F. ) ;
#3067 = CIRCLE ( 'NONE', #3375, 2.000000000000002200 ) ;
#3068 = ORIENTED_EDGE ( 'NONE', *, *, #1384, .F. ) ;
#3069 = CARTESIAN_POINT ( 'NONE',  ( 63.16044702067369300, 67.04498805126934300, 34.00000000000027700 ) ) ;
#3070 = AXIS2_PLACEMENT_3D ( 'NONE', #3785, #1316, #2824 ) ;
#3071 = EDGE_CURVE ( 'NONE', #3630, #3679, #3863, .T. ) ;
#3072 = CIRCLE ( 'NONE', #2278, 2.000000000000003100 ) ;
#3073 =( NAMED_UNIT ( * ) SI_UNIT ( $, .STERADIAN. ) SOLID_ANGLE_UNIT ( ) );
#3074 = AXIS2_PLACEMENT_3D ( 'NONE', #37, #3142, #3735 ) ;
#3075 = VECTOR ( 'NONE', #3792, 1000.000000000000000 ) ;
#3076 = ORIENTED_EDGE ( 'NONE', *, *, #381, .T. ) ;
#3077 = CARTESIAN_POINT ( 'NONE',  ( 63.16044702067369300, -16.20516163401557800, -2.005608886954736500E-014 ) ) ;
#3078 = CARTESIAN_POINT ( 'NONE',  ( 60.16044702067369300, 61.04498805126930700, 41.50000000000024200 ) ) ;
#3079 = CARTESIAN_POINT ( 'NONE',  ( 63.16044702067369300, 66.23011617120127400, 61.00000000000000000 ) ) ;
#3080 = ORIENTED_EDGE ( 'NONE', *, *, #263, .T. ) ;
#3081 = CARTESIAN_POINT ( 'NONE',  ( 63.16044702067369300, 43.04498805126925000, 49.00000000000018500 ) ) ;
#3082 = DIRECTION ( 'NONE',  ( 1.000000000000000000, -1.972152263052526900E-031, -1.375826490327504600E-048 ) ) ;
#3083 = DIRECTION ( 'NONE',  ( 0.0000000000000000000, 0.0000000000000000000, -1.000000000000000000 ) ) ;
#3084 = AXIS2_PLACEMENT_3D ( 'NONE', #2299, #1032, #110 ) ;
#3085 = VECTOR ( 'NONE', #1787, 1000.000000000000000 ) ;
#3086 = CARTESIAN_POINT ( 'NONE',  ( 63.16044702067369300, 13.04498805126926100, 49.00000000000007100 ) ) ;
#3087 = ORIENTED_EDGE ( 'NONE', *, *, #1831, .F. ) ;
#3088 = DIRECTION ( 'NONE',  ( 1.000000000000000000, -1.972152263052526900E-031, -1.375826490327504600E-048 ) ) ;
#3089 = CIRCLE ( 'NONE', #245, 2.000000000000003600 ) ;
#3090 = EDGE_CURVE ( 'NONE', #1945, #1114, #1023, .T. ) ;
#3091 = LINE ( 'NONE', #310, #2703 ) ;
#3092 = DIRECTION ( 'NONE',  ( 1.000000000000000000, -1.972152263052526900E-031, -1.375826490327504600E-048 ) ) ;
#3093 = CARTESIAN_POINT ( 'NONE',  ( 63.16044702067369300, 20.56252476838797000, 30.50000000000000400 ) ) ;
#3094 = CARTESIAN_POINT ( 'NONE',  ( 60.16044702067369300, -4.955011948730738200, 49.00000000000001400 ) ) ;
#3095 = FACE_OUTER_BOUND ( 'NONE', #887, .T. ) ;
#3096 = DIRECTION ( 'NONE',  ( 1.000000000000000000, -1.972152263052526900E-031, -1.375826490327504600E-048 ) ) ;
#3097 = EDGE_CURVE ( 'NONE', #2792, #1477, #92, .T. ) ;
#3098 = AXIS2_PLACEMENT_3D ( 'NONE', #2860, #79, #3424 ) ;
#3099 = CARTESIAN_POINT ( 'NONE',  ( 63.16044702067369300, -10.95501194873073400, 48.99999999999998600 ) ) ;
#3100 = CARTESIAN_POINT ( 'NONE',  ( 63.16044702067369300, 49.04498805126930000, 41.50000000000022000 ) ) ;
#3101 = EDGE_LOOP ( 'NONE', ( #2646, #1179, #3574, #1521 ) ) ;
#3102 = ORIENTED_EDGE ( 'NONE', *, *, #3935, .F. ) ;
#3103 = ORIENTED_EDGE ( 'NONE', *, *, #449, .T. ) ;
#3104 = CARTESIAN_POINT ( 'NONE',  ( 60.16044702067369300, 21.04498805126921100, 56.50000000000010700 ) ) ;
#3105 = VERTEX_POINT ( 'NONE', #1574 ) ;
#3106 = VERTEX_POINT ( 'NONE', #2834 ) ;
#3107 = DIRECTION ( 'NONE',  ( 1.000000000000000000, -1.972152263052526900E-031, -1.375826490327504600E-048 ) ) ;
#3108 = ADVANCED_FACE ( 'NONE', ( #3157 ), #1712, .F. ) ;
#3109 = CARTESIAN_POINT ( 'NONE',  ( 63.16044702067369300, 51.04498805126950600, 11.50000000000022900 ) ) ;
#3110 = DIRECTION ( 'NONE',  ( 0.0000000000000000000, 1.000000000000000000, 0.0000000000000000000 ) ) ;
#3111 = DIRECTION ( 'NONE',  ( 0.0000000000000000000, 1.000000000000000000, 0.0000000000000000000 ) ) ;
#3112 = ORIENTED_EDGE ( 'NONE', *, *, #847, .F. ) ;
#3113 = DIRECTION ( 'NONE',  ( 0.0000000000000000000, 1.000000000000000000, 0.0000000000000000000 ) ) ;
#3114 = DIRECTION ( 'NONE',  ( -1.000000000000000000, -0.0000000000000000000, -0.0000000000000000000 ) ) ;
#3115 = EDGE_CURVE ( 'NONE', #1101, #593, #2751, .T. ) ;
#3116 = VECTOR ( 'NONE', #2557, 1000.000000000000000 ) ;
#3117 = VERTEX_POINT ( 'NONE', #671 ) ;
#3118 = DIRECTION ( 'NONE',  ( 1.000000000000000000, -1.972152263052526900E-031, -1.375826490327504600E-048 ) ) ;
#3119 = CARTESIAN_POINT ( 'NONE',  ( 63.16044702067369300, -18.95501194873067900, 41.49999999999996400 ) ) ;
#3120 = VECTOR ( 'NONE', #3820, 1000.000000000000000 ) ;
#3121 = ORIENTED_EDGE ( 'NONE', *, *, #18, .F. ) ;
#3122 = EDGE_CURVE ( 'NONE', #2771, #1945, #3957, .T. ) ;
#3123 = CARTESIAN_POINT ( 'NONE',  ( 63.16044702067369300, 59.04498805126941400, 26.50000000000025200 ) ) ;
#3124 = DIRECTION ( 'NONE',  ( 0.0000000000000000000, 1.000000000000000000, 0.0000000000000000000 ) ) ;
#3125 = FACE_OUTER_BOUND ( 'NONE', #1080, .T. ) ;
#3126 = ORIENTED_EDGE ( 'NONE', *, *, #3044, .F. ) ;
#3127 = DIRECTION ( 'NONE',  ( 0.0000000000000000000, 0.0000000000000000000, -1.000000000000000000 ) ) ;
#3128 = AXIS2_PLACEMENT_3D ( 'NONE', #241, #1846, #2423 ) ;
#3129 = VERTEX_POINT ( 'NONE', #1308 ) ;
#3130 = CARTESIAN_POINT ( 'NONE',  ( 63.16044702067369300, -30.37519891327383800, 59.00000000000000000 ) ) ;
#3131 = CARTESIAN_POINT ( 'NONE',  ( 60.16044702067369300, 3.044988051269206200, 56.50000000000005000 ) ) ;
#3132 = FACE_BOUND ( 'NONE', #240, .T. ) ;
#3133 = DIRECTION ( 'NONE',  ( 1.000000000000000000, -1.972152263052526900E-031, -1.375826490327504600E-048 ) ) ;
#3134 = ADVANCED_FACE ( 'NONE', ( #238 ), #827, .T. ) ;
#3135 = CARTESIAN_POINT ( 'NONE',  ( 60.16044702067369300, -28.95501194873057600, 26.49999999999989000 ) ) ;
#3136 = ORIENTED_EDGE ( 'NONE', *, *, #2022, .T. ) ;
#3137 = AXIS2_PLACEMENT_3D ( 'NONE', #1771, #2374, #507 ) ;
#3138 = EDGE_CURVE ( 'NONE', #493, #2636, #873, .T. ) ;
#3139 = CARTESIAN_POINT ( 'NONE',  ( 63.16044702067369300, -26.37519891327379200, 50.10000000000002300 ) ) ;
#3140 = ORIENTED_EDGE ( 'NONE', *, *, #3709, .F. ) ;
#3141 = ORIENTED_EDGE ( 'NONE', *, *, #1555, .F. ) ;
#3142 = DIRECTION ( 'NONE',  ( -1.000000000000000000, 0.0000000000000000000, -0.0000000000000000000 ) ) ;
#3143 = FACE_OUTER_BOUND ( 'NONE', #293, .T. ) ;
#3144 = ORIENTED_EDGE ( 'NONE', *, *, #161, .F. ) ;
#3145 = ORIENTED_EDGE ( 'NONE', *, *, #2713, .F. ) ;
#3146 = ORIENTED_EDGE ( 'NONE', *, *, #716, .T. ) ;
#3147 = LINE ( 'NONE', #2645, #2336 ) ;
#3148 = AXIS2_PLACEMENT_3D ( 'NONE', #3436, #330, #39 ) ;
#3149 = DIRECTION ( 'NONE',  ( 0.0000000000000000000, 0.0000000000000000000, -1.000000000000000000 ) ) ;
#3150 = CARTESIAN_POINT ( 'NONE',  ( 60.16044702067369300, -0.0000000000000000000, 40.00000000000000000 ) ) ;
#3151 = FACE_OUTER_BOUND ( 'NONE', #3819, .T. ) ;
#3152 = CYLINDRICAL_SURFACE ( 'NONE', #3128, 1.000000000000000900 ) ;
#3153 = CARTESIAN_POINT ( 'NONE',  ( 60.16044702067369300, 9.044988051269257300, 49.00000000000007100 ) ) ;
#3154 = CARTESIAN_POINT ( 'NONE',  ( 60.16044702067369300, 43.04498805126920000, 56.50000000000019200 ) ) ;
#3155 = DIRECTION ( 'NONE',  ( 0.0000000000000000000, -1.000000000000000000, 0.0000000000000000000 ) ) ;
#3156 = CYLINDRICAL_SURFACE ( 'NONE', #2007, 2.000000000000001800 ) ;
#3157 = FACE_OUTER_BOUND ( 'NONE', #1770, .T. ) ;
#3158 = DIRECTION ( 'NONE',  ( 0.0000000000000000000, 0.0000000000000000000, 1.000000000000000000 ) ) ;
#3159 = ADVANCED_FACE ( 'NONE', ( #2152 ), #779, .F. ) ;
#3160 = EDGE_CURVE ( 'NONE', #3738, #2356, #2055, .T. ) ;
#3161 = ORIENTED_EDGE ( 'NONE', *, *, #468, .T. ) ;
#3162 = EDGE_CURVE ( 'NONE', #2578, #3316, #733, .T. ) ;
#3163 = CARTESIAN_POINT ( 'NONE',  ( 60.16044702067369300, 67.04498805126945600, 19.00000000000028400 ) ) ;
#3164 = AXIS2_PLACEMENT_3D ( 'NONE', #2503, #3721, #1903 ) ;
#3165 = VERTEX_POINT ( 'NONE', #3119 ) ;
#3166 = ORIENTED_EDGE ( 'NONE', *, *, #561, .T. ) ;
#3167 = ORIENTED_EDGE ( 'NONE', *, *, #3440, .F. ) ;
#3168 = CARTESIAN_POINT ( 'NONE',  ( 63.16044702067369300, 67.23011617120128800, 59.00000000000008500 ) ) ;
#3169 = ORIENTED_EDGE ( 'NONE', *, *, #2389, .T. ) ;
#3170 = VERTEX_POINT ( 'NONE', #2539 ) ;
#3171 = EDGE_LOOP ( 'NONE', ( #1723, #3250, #3299, #1974 ) ) ;
#3172 = VECTOR ( 'NONE', #932, 1000.000000000000000 ) ;
#3173 = CARTESIAN_POINT ( 'NONE',  ( 63.16044702067369300, -30.95501194873058300, 26.49999999999989000 ) ) ;
#3174 = EDGE_CURVE ( 'NONE', #3316, #185, #2656, .T. ) ;
#3175 = CYLINDRICAL_SURFACE ( 'NONE', #1496, 2.000000000000001800 ) ;
#3176 = CARTESIAN_POINT ( 'NONE',  ( 60.16044702067369300, -2.955011948730735600, 49.00000000000001400 ) ) ;
#3177 = CARTESIAN_POINT ( 'NONE',  ( 60.16044702067369300, 51.04498805126946300, 19.00000000000022400 ) ) ;
#3178 = FACE_BOUND ( 'NONE', #3880, .T. ) ;
#3179 = ORIENTED_EDGE ( 'NONE', *, *, #3026, .T. ) ;
#3180 = CARTESIAN_POINT ( 'NONE',  ( 60.16044702067369300, -16.20516163401558200, 3.000000000000004000 ) ) ;
#3181 = AXIS2_PLACEMENT_3D ( 'NONE', #2237, #4001, #341 ) ;
#3182 = DIRECTION ( 'NONE',  ( 0.0000000000000000000, 1.000000000000000000, 0.0000000000000000000 ) ) ;
#3183 = VERTEX_POINT ( 'NONE', #2853 ) ;
#3184 = CIRCLE ( 'NONE', #3609, 2.000000000000002200 ) ;
#3185 = DIRECTION ( 'NONE',  ( 0.0000000000000000000, 1.000000000000000000, 0.0000000000000000000 ) ) ;
#3186 = DIRECTION ( 'NONE',  ( -1.000000000000000000, -0.0000000000000000000, -0.0000000000000000000 ) ) ;
#3187 = ORIENTED_EDGE ( 'NONE', *, *, #3962, .F. ) ;
#3188 = DIRECTION ( 'NONE',  ( 0.0000000000000000000, 1.000000000000000000, 0.0000000000000000000 ) ) ;
#3189 = FACE_BOUND ( 'NONE', #2904, .T. ) ;
#3190 = DIRECTION ( 'NONE',  ( 0.0000000000000000000, 1.000000000000000000, 0.0000000000000000000 ) ) ;
#3191 = CYLINDRICAL_SURFACE ( 'NONE', #1411, 2.000000000000005300 ) ;
#3192 = CYLINDRICAL_SURFACE ( 'NONE', #2062, 2.000000000000001800 ) ;
#3193 = LINE ( 'NONE', #2324, #1423 ) ;
#3194 = DIRECTION ( 'NONE',  ( 0.0000000000000000000, 1.000000000000000000, 0.0000000000000000000 ) ) ;
#3195 = CIRCLE ( 'NONE', #3051, 2.000000000000005300 ) ;
#3196 = EDGE_CURVE ( 'NONE', #2424, #3839, #571, .T. ) ;
#3197 = DIRECTION ( 'NONE',  ( 0.0000000000000000000, 1.000000000000000000, 0.0000000000000000000 ) ) ;
#3198 = DIRECTION ( 'NONE',  ( 1.000000000000000000, -1.972152263052526900E-031, -1.375826490327504600E-048 ) ) ;
#3199 = AXIS2_PLACEMENT_3D ( 'NONE', #3868, #1108, #1150 ) ;
#3200 = ORIENTED_EDGE ( 'NONE', *, *, #1909, .F. ) ;
#3201 = EDGE_LOOP ( 'NONE', ( #3144, #1145, #3161, #1037 ) ) ;
#3202 = DIRECTION ( 'NONE',  ( 1.000000000000000000, -0.0000000000000000000, 0.0000000000000000000 ) ) ;
#3203 = EDGE_CURVE ( 'NONE', #2482, #739, #54, .T. ) ;
#3204 = EDGE_LOOP ( 'NONE', ( #251, #1229, #1508, #2666 ) ) ;
#3205 = ORIENTED_EDGE ( 'NONE', *, *, #2680, .T. ) ;
#3206 = VERTEX_POINT ( 'NONE', #52 ) ;
#3207 = AXIS2_PLACEMENT_3D ( 'NONE', #3597, #888, #252 ) ;
#3208 = EDGE_CURVE ( 'NONE', #59, #1209, #3996, .T. ) ;
#3209 = CARTESIAN_POINT ( 'NONE',  ( 63.16044702067369300, 49.04498805126949900, 11.50000000000022900 ) ) ;
#3210 = EDGE_LOOP ( 'NONE', ( #3068, #1283, #587, #2087 ) ) ;
#3211 = DIRECTION ( 'NONE',  ( 1.000000000000000000, -1.972152263052526900E-031, -1.375826490327504600E-048 ) ) ;
#3212 = DIRECTION ( 'NONE',  ( 1.000000000000000000, -1.972152263052526900E-031, -1.375826490327504600E-048 ) ) ;
#3213 = CIRCLE ( 'NONE', #1035, 2.000000000000008900 ) ;
#3214 = ORIENTED_EDGE ( 'NONE', *, *, #2891, .F. ) ;
#3215 = CARTESIAN_POINT ( 'NONE',  ( 60.16044702067369300, -10.95501194873073400, 48.99999999999998600 ) ) ;
#3216 = LINE ( 'NONE', #481, #2225 ) ;
#3217 = AXIS2_PLACEMENT_3D ( 'NONE', #3767, #645, #364 ) ;
#3218 = ORIENTED_EDGE ( 'NONE', *, *, #415, .F. ) ;
#3219 = VECTOR ( 'NONE', #1568, 1000.000000000000000 ) ;
#3220 = ORIENTED_EDGE ( 'NONE', *, *, #1362, .T. ) ;
#3221 = ORIENTED_EDGE ( 'NONE', *, *, #166, .F. ) ;
#3222 = DIRECTION ( 'NONE',  ( 0.0000000000000000000, 1.000000000000000000, 0.0000000000000000000 ) ) ;
#3223 = AXIS2_PLACEMENT_3D ( 'NONE', #743, #2909, #2287 ) ;
#3224 = CIRCLE ( 'NONE', #2876, 2.000000000000001800 ) ;
#3225 = DIRECTION ( 'NONE',  ( 1.000000000000000000, -1.972152263052526900E-031, -1.375826490327504600E-048 ) ) ;
#3226 = ORIENTED_EDGE ( 'NONE', *, *, #3865, .T. ) ;
#3227 = ORIENTED_EDGE ( 'NONE', *, *, #2290, .T. ) ;
#3228 = EDGE_CURVE ( 'NONE', #643, #1276, #181, .T. ) ;
#3229 = AXIS2_PLACEMENT_3D ( 'NONE', #114, #126, #2010 ) ;
#3230 = VECTOR ( 'NONE', #1543, 1000.000000000000000 ) ;
#3231 = CIRCLE ( 'NONE', #1982, 2.000000000000005300 ) ;
#3232 = ADVANCED_FACE ( 'NONE', ( #1857 ), #1220, .F. ) ;
#3233 = VECTOR ( 'NONE', #2550, 1000.000000000000000 ) ;
#3234 = DIRECTION ( 'NONE',  ( 0.0000000000000000000, 1.000000000000000000, 0.0000000000000000000 ) ) ;
#3235 = DIRECTION ( 'NONE',  ( 0.0000000000000000000, -1.000000000000000000, 4.336808689942017700E-016 ) ) ;
#3236 = LINE ( 'NONE', #2839, #1958 ) ;
#3237 = CARTESIAN_POINT ( 'NONE',  ( 63.16044702067369300, 27.04498805126920000, 56.50000000000013500 ) ) ;
#3238 = VECTOR ( 'NONE', #266, 1000.000000000000000 ) ;
#3239 = CIRCLE ( 'NONE', #2534, 2.000000000000001800 ) ;
#3240 = CARTESIAN_POINT ( 'NONE',  ( 63.16044702067369300, -25.95501194873041200, 0.0000000000000000000 ) ) ;
#3241 = CIRCLE ( 'NONE', #771, 2.000000000000005300 ) ;
#3242 = EDGE_CURVE ( 'NONE', #3257, #3117, #908, .T. ) ;
#3243 = CARTESIAN_POINT ( 'NONE',  ( 60.16044702067369300, -30.95501194873053000, 18.99999999999989300 ) ) ;
#3244 = ORIENTED_EDGE ( 'NONE', *, *, #883, .F. ) ;
#3245 = DIRECTION ( 'NONE',  ( 0.0000000000000000000, 1.000000000000000000, 0.0000000000000000000 ) ) ;
#3246 = EDGE_CURVE ( 'NONE', #401, #3546, #2293, .T. ) ;
#3247 = DIRECTION ( 'NONE',  ( 1.000000000000000000, -1.972152263052526900E-031, -1.375826490327504600E-048 ) ) ;
#3248 = CARTESIAN_POINT ( 'NONE',  ( 63.16044702067369300, -30.95501194873063300, 33.99999999999989300 ) ) ;
#3249 = ORIENTED_EDGE ( 'NONE', *, *, #2605, .F. ) ;
#3250 = ORIENTED_EDGE ( 'NONE', *, *, #2389, .F. ) ;
#3251 = CARTESIAN_POINT ( 'NONE',  ( 60.16044702067369300, 18.14556636392285700, 37.00000000000000000 ) ) ;
#3252 = EDGE_LOOP ( 'NONE', ( #2264, #451, #1786, #3318 ) ) ;
#3253 = ADVANCED_FACE ( 'NONE', ( #2961 ), #3286, .F. ) ;
#3254 = DIRECTION ( 'NONE',  ( 0.0000000000000000000, 0.0000000000000000000, 1.000000000000000000 ) ) ;
#3255 = AXIS2_PLACEMENT_3D ( 'NONE', #430, #3212, #2307 ) ;
#3256 = CARTESIAN_POINT ( 'NONE',  ( 60.16044702067369300, -20.95501194873067900, 41.49999999999996400 ) ) ;
#3257 = VERTEX_POINT ( 'NONE', #462 ) ;
#3258 = VERTEX_POINT ( 'NONE', #3544 ) ;
#3259 = ORIENTED_EDGE ( 'NONE', *, *, #1126, .F. ) ;
#3260 = EDGE_CURVE ( 'NONE', #493, #1340, #3241, .T. ) ;
#3261 = EDGE_CURVE ( 'NONE', #213, #2359, #1664, .T. ) ;
#3262 = DIRECTION ( 'NONE',  ( 0.0000000000000000000, 0.0000000000000000000, 1.000000000000000000 ) ) ;
#3263 = LINE ( 'NONE', #1621, #2361 ) ;
#3264 = ORIENTED_EDGE ( 'NONE', *, *, #243, .F. ) ;
#3265 = DIRECTION ( 'NONE',  ( 1.000000000000000000, -1.972152263052526900E-031, -1.375826490327504600E-048 ) ) ;
#3266 = DIRECTION ( 'NONE',  ( 0.0000000000000000000, -1.237635842363242200E-015, 1.000000000000000000 ) ) ;
#3267 = LINE ( 'NONE', #2575, #2273 ) ;
#3268 = ORIENTED_EDGE ( 'NONE', *, *, #3962, .T. ) ;
#3269 = FACE_BOUND ( 'NONE', #2888, .T. ) ;
#3270 = CARTESIAN_POINT ( 'NONE',  ( 63.16044702067369300, 40.79483836598441100, 37.00000000000000000 ) ) ;
#3271 = ADVANCED_FACE ( 'NONE', ( #976 ), #1079, .F. ) ;
#3272 = CARTESIAN_POINT ( 'NONE',  ( 60.16044702067369300, 67.04498805126930000, 41.50000000000027000 ) ) ;
#3273 = DIRECTION ( 'NONE',  ( 0.0000000000000000000, 1.000000000000000000, 0.0000000000000000000 ) ) ;
#3274 = AXIS2_PLACEMENT_3D ( 'NONE', #2841, #3731, #1913 ) ;
#3275 = EDGE_CURVE ( 'NONE', #3578, #3943, #2468, .T. ) ;
#3276 = VERTEX_POINT ( 'NONE', #1368 ) ;
#3277 = FACE_OUTER_BOUND ( 'NONE', #3101, .T. ) ;
#3278 = ORIENTED_EDGE ( 'NONE', *, *, #7, .F. ) ;
#3279 = EDGE_CURVE ( 'NONE', #3368, #2394, #2433, .T. ) ;
#3280 = AXIS2_PLACEMENT_3D ( 'NONE', #586, #3364, #963 ) ;
#3281 = VECTOR ( 'NONE', #3063, 1000.000000000000000 ) ;
#3282 = VECTOR ( 'NONE', #3853, 1000.000000000000000 ) ;
#3283 = CARTESIAN_POINT ( 'NONE',  ( 63.16044702067369300, -26.37519891327379200, 52.00000000000002100 ) ) ;
#3284 = VECTOR ( 'NONE', #1263, 1000.000000000000000 ) ;
#3285 = DIRECTION ( 'NONE',  ( 1.000000000000000000, -1.972152263052526900E-031, -1.375826490327504600E-048 ) ) ;
#3286 = CYLINDRICAL_SURFACE ( 'NONE', #2437, 2.000000000000005300 ) ;
#3287 = CARTESIAN_POINT ( 'NONE',  ( 63.16044702067369300, 67.04498805126945600, 19.00000000000028400 ) ) ;
#3288 = VECTOR ( 'NONE', #250, 1000.000000000000000 ) ;
#3289 = AXIS2_PLACEMENT_3D ( 'NONE', #3256, #3873, #2953 ) ;
#3290 = DIRECTION ( 'NONE',  ( -1.000000000000000000, 0.0000000000000000000, 0.0000000000000000000 ) ) ;
#3291 = ADVANCED_FACE ( 'NONE', ( #1517 ), #2383, .F. ) ;
#3292 = ORIENTED_EDGE ( 'NONE', *, *, #3678, .T. ) ;
#3293 = VERTEX_POINT ( 'NONE', #3806 ) ;
#3294 = ORIENTED_EDGE ( 'NONE', *, *, #2836, .F. ) ;
#3295 = DIRECTION ( 'NONE',  ( 1.000000000000000000, -1.972152263052526900E-031, -1.375826490327504600E-048 ) ) ;
#3296 = EDGE_CURVE ( 'NONE', #522, #1610, #3441, .T. ) ;
#3297 = VERTEX_POINT ( 'NONE', #1394 ) ;
#3298 = DIRECTION ( 'NONE',  ( 0.0000000000000000000, 1.000000000000000000, 0.0000000000000000000 ) ) ;
#3299 = ORIENTED_EDGE ( 'NONE', *, *, #3327, .T. ) ;
#3300 = ORIENTED_EDGE ( 'NONE', *, *, #2930, .T. ) ;
#3301 = PLANE ( 'NONE',  #775 ) ;
#3302 = DIRECTION ( 'NONE',  ( -1.000000000000000000, 0.0000000000000000000, -0.0000000000000000000 ) ) ;
#3303 = DIRECTION ( 'NONE',  ( 1.000000000000000000, -1.972152263052526900E-031, -1.375826490327504600E-048 ) ) ;
#3304 = ORIENTED_EDGE ( 'NONE', *, *, #2316, .F. ) ;
#3305 = EDGE_CURVE ( 'NONE', #3040, #849, #3664, .T. ) ;
#3306 = ORIENTED_EDGE ( 'NONE', *, *, #2, .F. ) ;
#3307 = AXIS2_PLACEMENT_3D ( 'NONE', #1092, #2886, #3194 ) ;
#3308 = VECTOR ( 'NONE', #1886, 1000.000000000000000 ) ;
#3309 = EDGE_LOOP ( 'NONE', ( #1090, #3514 ) ) ;
#3310 = CARTESIAN_POINT ( 'NONE',  ( 60.16044702067369300, 65.04498805126945600, 19.00000000000028400 ) ) ;
#3311 = CARTESIAN_POINT ( 'NONE',  ( 60.16044702067369300, 59.04498805126947000, 19.00000000000025600 ) ) ;
#3312 = CIRCLE ( 'NONE', #1922, 2.000000000000001800 ) ;
#3313 = CARTESIAN_POINT ( 'NONE',  ( 60.16044702067369300, 43.04498805126925000, 49.00000000000018500 ) ) ;
#3314 = CARTESIAN_POINT ( 'NONE',  ( 60.16044702067369300, -20.95501194873057600, 26.49999999999997200 ) ) ;
#3315 = CYLINDRICAL_SURFACE ( 'NONE', #1074, 1.000000000000000900 ) ;
#3316 = VERTEX_POINT ( 'NONE', #1379 ) ;
#3317 = CARTESIAN_POINT ( 'NONE',  ( 63.16044702067369300, -4.955011948730790600, 56.50000000000002100 ) ) ;
#3318 = ORIENTED_EDGE ( 'NONE', *, *, #623, .F. ) ;
#3319 = FACE_OUTER_BOUND ( 'NONE', #403, .T. ) ;
#3320 = DIRECTION ( 'NONE',  ( 0.0000000000000000000, 0.0000000000000000000, -1.000000000000000000 ) ) ;
#3321 = EDGE_CURVE ( 'NONE', #32, #3831, #1561, .T. ) ;
#3322 = ORIENTED_EDGE ( 'NONE', *, *, #721, .T. ) ;
#3323 = EDGE_LOOP ( 'NONE', ( #2279, #815, #2616, #1152 ) ) ;
#3324 = CARTESIAN_POINT ( 'NONE',  ( 60.16044702067369300, 51.04498805126919300, 56.50000000000021300 ) ) ;
#3325 = DIRECTION ( 'NONE',  ( 1.000000000000000000, -1.972152263052526900E-031, -1.375826490327504600E-048 ) ) ;
#3326 = CARTESIAN_POINT ( 'NONE',  ( 60.16044702067369300, 11.04498805126920600, 56.50000000000007800 ) ) ;
#3327 = EDGE_CURVE ( 'NONE', #3129, #5, #482, .T. ) ;
#3328 = CIRCLE ( 'NONE', #2817, 2.000000000000001800 ) ;
#3329 = CARTESIAN_POINT ( 'NONE',  ( 60.16044702067369300, 59.04498805126941400, 26.50000000000025200 ) ) ;
#3330 = DIRECTION ( 'NONE',  ( 0.0000000000000000000, 1.000000000000000000, 0.0000000000000000000 ) ) ;
#3331 = CARTESIAN_POINT ( 'NONE',  ( 60.16044702067369300, 5.044988051269261800, 49.00000000000004300 ) ) ;
#3332 = DIRECTION ( 'NONE',  ( 1.000000000000000000, -1.972152263052526900E-031, -1.375826490327504600E-048 ) ) ;
#3333 = ORIENTED_EDGE ( 'NONE', *, *, #3160, .F. ) ;
#3334 = VECTOR ( 'NONE', #895, 1000.000000000000000 ) ;
#3335 = AXIS2_PLACEMENT_3D ( 'NONE', #1904, #2816, #634 ) ;
#3336 = VECTOR ( 'NONE', #432, 1000.000000000000000 ) ;
#3337 = FACE_OUTER_BOUND ( 'NONE', #2719, .T. ) ;
#3338 = VECTOR ( 'NONE', #575, 1000.000000000000000 ) ;
#3339 = EDGE_CURVE ( 'NONE', #2207, #2785, #391, .T. ) ;
#3340 = CIRCLE ( 'NONE', #3517, 3.000000000000002700 ) ;
#3341 = CIRCLE ( 'NONE', #3945, 2.000000000000001800 ) ;
#3342 = DIRECTION ( 'NONE',  ( 0.0000000000000000000, 1.000000000000000000, 0.0000000000000000000 ) ) ;
#3343 = DIRECTION ( 'NONE',  ( 0.0000000000000000000, 1.000000000000000000, 0.0000000000000000000 ) ) ;
#3344 = ORIENTED_EDGE ( 'NONE', *, *, #1085, .F. ) ;
#3345 = AXIS2_PLACEMENT_3D ( 'NONE', #3530, #1078, #3234 ) ;
#3346 = CARTESIAN_POINT ( 'NONE',  ( 60.16044702067369300, -16.20516163401558200, 3.000000000000004000 ) ) ;
#3347 = ORIENTED_EDGE ( 'NONE', *, *, #2442, .T. ) ;
#3348 = VERTEX_POINT ( 'NONE', #2586 ) ;
#3349 = EDGE_LOOP ( 'NONE', ( #2549, #2920, #1727, #3764 ) ) ;
#3350 = VERTEX_POINT ( 'NONE', #1685 ) ;
#3351 = ORIENTED_EDGE ( 'NONE', *, *, #2084, .T. ) ;
#3353 = EDGE_CURVE ( 'NONE', #1889, #59, #3193, .T. ) ;
#3352 = CARTESIAN_POINT ( 'NONE',  ( 60.16044702067369300, -4.955011948730738200, 49.00000000000001400 ) ) ;
#3354 = VERTEX_POINT ( 'NONE', #1699 ) ;
#3355 = ORIENTED_EDGE ( 'NONE', *, *, #2381, .T. ) ;
#3356 = CARTESIAN_POINT ( 'NONE',  ( 60.16044702067369300, -20.95501194873067900, 41.49999999999996400 ) ) ;
#3357 = EDGE_CURVE ( 'NONE', #3258, #3117, #1915, .T. ) ;
#3358 = LINE ( 'NONE', #3916, #3172 ) ;
#3359 = AXIS2_PLACEMENT_3D ( 'NONE', #3691, #1834, #3401 ) ;
#3360 = LINE ( 'NONE', #2385, #1199 ) ;
#3361 = DIRECTION ( 'NONE',  ( 1.000000000000000000, -1.972152263052526900E-031, -1.375826490327504600E-048 ) ) ;
#3362 = DIRECTION ( 'NONE',  ( 1.000000000000000000, -1.972152263052526900E-031, -1.375826490327504600E-048 ) ) ;
#3363 = VECTOR ( 'NONE', #2183, 1000.000000000000000 ) ;
#3364 = DIRECTION ( 'NONE',  ( 1.000000000000000000, -1.972152263052526900E-031, -1.375826490327504600E-048 ) ) ;
#3365 = DIRECTION ( 'NONE',  ( 0.0000000000000000000, 1.000000000000000000, 0.0000000000000000000 ) ) ;
#3366 = CARTESIAN_POINT ( 'NONE',  ( 63.16044702067369300, 51.04498805126919300, 56.50000000000021300 ) ) ;
#3367 = EDGE_CURVE ( 'NONE', #899, #1741, #140, .T. ) ;
#3368 = VERTEX_POINT ( 'NONE', #1432 ) ;
#3369 = FACE_OUTER_BOUND ( 'NONE', #3349, .T. ) ;
#3370 = ORIENTED_EDGE ( 'NONE', *, *, #2179, .T. ) ;
#3371 = CARTESIAN_POINT ( 'NONE',  ( 60.16044702067369300, -26.95501194873057200, 26.49999999999989000 ) ) ;
#3372 = VECTOR ( 'NONE', #289, 1000.000000000000000 ) ;
#3373 = FACE_OUTER_BOUND ( 'NONE', #2310, .T. ) ;
#3374 = DIRECTION ( 'NONE',  ( 0.0000000000000000000, 1.000000000000000000, 0.0000000000000000000 ) ) ;
#3375 = AXIS2_PLACEMENT_3D ( 'NONE', #3905, #2350, #2080 ) ;
#3376 = FACE_OUTER_BOUND ( 'NONE', #1476, .T. ) ;
#3377 = LINE ( 'NONE', #2232, #1619 ) ;
#3378 = CARTESIAN_POINT ( 'NONE',  ( 60.16044702067369300, 59.04498805126930700, 41.50000000000024200 ) ) ;
#3379 = DIRECTION ( 'NONE',  ( 0.0000000000000000000, 1.000000000000000000, 0.0000000000000000000 ) ) ;
#3380 = VERTEX_POINT ( 'NONE', #1764 ) ;
#3381 = VERTEX_POINT ( 'NONE', #3602 ) ;
#3382 = VERTEX_POINT ( 'NONE', #1447 ) ;
#3383 = CARTESIAN_POINT ( 'NONE',  ( 60.16044702067369300, 27.04498805126925000, 49.00000000000012800 ) ) ;
#3384 = CARTESIAN_POINT ( 'NONE',  ( 63.16044702067369300, 45.04498805126925700, 49.00000000000018500 ) ) ;
#3385 = CARTESIAN_POINT ( 'NONE',  ( 63.16044702067369300, 65.77688079219179000, 58.00000000000000000 ) ) ;
#3386 = ORIENTED_EDGE ( 'NONE', *, *, #64, .T. ) ;
#3387 = ORIENTED_EDGE ( 'NONE', *, *, #2507, .T. ) ;
#3388 = CARTESIAN_POINT ( 'NONE',  ( 63.16044702067369300, 41.04498805126920000, 56.50000000000019200 ) ) ;
#3389 = DIRECTION ( 'NONE',  ( 0.0000000000000000000, 0.0000000000000000000, -1.000000000000000000 ) ) ;
#3390 = ORIENTED_EDGE ( 'NONE', *, *, #1563, .T. ) ;
#3391 = ORIENTED_EDGE ( 'NONE', *, *, #577, .F. ) ;
#3392 = EDGE_CURVE ( 'NONE', #1945, #2771, #1266, .T. ) ;
#3393 = CARTESIAN_POINT ( 'NONE',  ( 63.16044702067369300, 59.04498805126935700, 34.00000000000025600 ) ) ;
#3394 = LINE ( 'NONE', #305, #2579 ) ;
#3395 = ORIENTED_EDGE ( 'NONE', *, *, #3261, .T. ) ;
#3396 = ORIENTED_EDGE ( 'NONE', *, *, #1667, .F. ) ;
#3397 = DIRECTION ( 'NONE',  ( 1.000000000000000000, -0.0000000000000000000, 0.0000000000000000000 ) ) ;
#3398 = CARTESIAN_POINT ( 'NONE',  ( 63.16044702067369300, 9.044988051269204000, 56.50000000000007800 ) ) ;
#3399 = AXIS2_PLACEMENT_3D ( 'NONE', #3131, #30, #1271 ) ;
#3400 = EDGE_CURVE ( 'NONE', #2259, #1209, #424, .T. ) ;
#3401 = DIRECTION ( 'NONE',  ( 0.0000000000000000000, 1.000000000000000000, 0.0000000000000000000 ) ) ;
#3402 = CYLINDRICAL_SURFACE ( 'NONE', #232, 3.000000000000000000 ) ;
#3403 =( NAMED_UNIT ( * ) PLANE_ANGLE_UNIT ( ) SI_UNIT ( $, .RADIAN. ) );
#3404 = ADVANCED_FACE ( 'NONE', ( #2857 ), #2052, .F. ) ;
#3405 = CARTESIAN_POINT ( 'NONE',  ( 60.16044702067369300, -12.95501194873078900, 56.49999999999999300 ) ) ;
#3406 = DIRECTION ( 'NONE',  ( 1.000000000000000000, -1.972152263052526900E-031, -1.375826490327504600E-048 ) ) ;
#3407 = ADVANCED_FACE ( 'NONE', ( #135 ), #3861, .F. ) ;
#3408 = CARTESIAN_POINT ( 'NONE',  ( 60.16044702067369300, 27.04498805126925000, 49.00000000000012800 ) ) ;
#3409 = AXIS2_PLACEMENT_3D ( 'NONE', #2711, #2113, #3647 ) ;
#3410 = EDGE_CURVE ( 'NONE', #1123, #3782, #3005, .T. ) ;
#3411 = VECTOR ( 'NONE', #530, 1000.000000000000000 ) ;
#3412 = ORIENTED_EDGE ( 'NONE', *, *, #2732, .T. ) ;
#3413 = CARTESIAN_POINT ( 'NONE',  ( 60.16044702067369300, 65.04498805126934300, 34.00000000000027700 ) ) ;
#3414 = DIRECTION ( 'NONE',  ( 0.0000000000000000000, 1.000000000000000000, 0.0000000000000000000 ) ) ;
#3415 = VERTEX_POINT ( 'NONE', #3248 ) ;
#3416 = CIRCLE ( 'NONE', #2256, 2.000000000000002200 ) ;
#3417 = DIRECTION ( 'NONE',  ( 0.0000000000000000000, 1.000000000000000000, 0.0000000000000000000 ) ) ;
#3418 = ORIENTED_EDGE ( 'NONE', *, *, #3727, .F. ) ;
#3419 = CARTESIAN_POINT ( 'NONE',  ( 63.16044702067369300, 59.04498805126947000, 19.00000000000025600 ) ) ;
#3420 = ORIENTED_EDGE ( 'NONE', *, *, #2213, .T. ) ;
#3421 = AXIS2_PLACEMENT_3D ( 'NONE', #228, #3302, #792 ) ;
#3422 = DIRECTION ( 'NONE',  ( 1.000000000000000000, -1.972152263052526900E-031, -1.375826490327504600E-048 ) ) ;
#3423 = CIRCLE ( 'NONE', #2441, 1.899999999999999000 ) ;
#3424 = DIRECTION ( 'NONE',  ( 0.0000000000000000000, 1.000000000000000000, 0.0000000000000000000 ) ) ;
#3425 = DIRECTION ( 'NONE',  ( 0.0000000000000000000, 1.000000000000000000, 0.0000000000000000000 ) ) ;
#3426 = EDGE_LOOP ( 'NONE', ( #2265, #2166 ) ) ;
#3427 = CARTESIAN_POINT ( 'NONE',  ( 63.16044702067369300, 0.0000000000000000000, 40.00000000000000000 ) ) ;
#3428 = CARTESIAN_POINT ( 'NONE',  ( 63.16044702067369300, 11.04498805126925900, 49.00000000000007100 ) ) ;
#3429 = ORIENTED_EDGE ( 'NONE', *, *, #3633, .F. ) ;
#3430 = VERTEX_POINT ( 'NONE', #2998 ) ;
#3431 = DIRECTION ( 'NONE',  ( 0.0000000000000000000, 1.000000000000000000, 0.0000000000000000000 ) ) ;
#3432 = VECTOR ( 'NONE', #1957, 1000.000000000000000 ) ;
#3433 = ADVANCED_FACE ( 'NONE', ( #1960 ), #274, .F. ) ;
#3434 = CARTESIAN_POINT ( 'NONE',  ( 63.16044702067369300, -23.95501194873044100, 2.999999999999997800 ) ) ;
#3435 = FACE_BOUND ( 'NONE', #2016, .T. ) ;
#3436 = CARTESIAN_POINT ( 'NONE',  ( 60.16044702067369300, 43.04498805126920000, 56.50000000000019200 ) ) ;
#3437 = FACE_OUTER_BOUND ( 'NONE', #1282, .T. ) ;
#3438 = DIRECTION ( 'NONE',  ( -1.000000000000000000, -0.0000000000000000000, -0.0000000000000000000 ) ) ;
#3439 = CYLINDRICAL_SURFACE ( 'NONE', #167, 2.000000000000003100 ) ;
#3440 = EDGE_CURVE ( 'NONE', #1767, #1673, #1707, .T. ) ;
#3441 = LINE ( 'NONE', #2570, #1330 ) ;
#3442 = CARTESIAN_POINT ( 'NONE',  ( 60.16044702067369300, 68.23011617120128800, 59.00000000000000000 ) ) ;
#3443 = AXIS2_PLACEMENT_3D ( 'NONE', #3314, #1795, #1575 ) ;
#3444 = AXIS2_PLACEMENT_3D ( 'NONE', #1529, #914, #1845 ) ;
#3445 = DIRECTION ( 'NONE',  ( -1.000000000000000000, 0.0000000000000000000, 0.0000000000000000000 ) ) ;
#3446 = CARTESIAN_POINT ( 'NONE',  ( 63.16044702067369300, 67.04498805126945600, 19.00000000000028400 ) ) ;
#3447 = ORIENTED_EDGE ( 'NONE', *, *, #3610, .T. ) ;
#3448 = ORIENTED_EDGE ( 'NONE', *, *, #125, .F. ) ;
#3449 = CARTESIAN_POINT ( 'NONE',  ( 60.16044702067369300, 25.04498805126925000, 49.00000000000012800 ) ) ;
#3450 = ORIENTED_EDGE ( 'NONE', *, *, #3939, .T. ) ;
#3451 = EDGE_LOOP ( 'NONE', ( #2446, #3951, #3205, #3930 ) ) ;
#3452 = ADVANCED_FACE ( 'NONE', ( #3437 ), #2664, .T. ) ;
#3453 = DIRECTION ( 'NONE',  ( 1.000000000000000000, -1.972152263052526900E-031, -1.375826490327504600E-048 ) ) ;
#3454 = ADVANCED_FACE ( 'NONE', ( #3526 ), #1116, .F. ) ;
#3455 = EDGE_CURVE ( 'NONE', #3738, #3846, #1070, .T. ) ;
#3456 = CIRCLE ( 'NONE', #3307, 2.000000000000003600 ) ;
#3457 = EDGE_LOOP ( 'NONE', ( #2298, #3140 ) ) ;
#3458 = CARTESIAN_POINT ( 'NONE',  ( 63.16044702067369300, 17.04498805126925700, 49.00000000000009900 ) ) ;
#3459 = DIRECTION ( 'NONE',  ( 0.0000000000000000000, 1.000000000000000000, 0.0000000000000000000 ) ) ;
#3460 = FACE_OUTER_BOUND ( 'NONE', #1839, .T. ) ;
#3461 = ORIENTED_EDGE ( 'NONE', *, *, #2185, .F. ) ;
#3462 = EDGE_CURVE ( 'NONE', #3381, #2813, #2342, .T. ) ;
#3463 = DIRECTION ( 'NONE',  ( 0.0000000000000000000, 0.0000000000000000000, -1.000000000000000000 ) ) ;
#3464 = VECTOR ( 'NONE', #1148, 1000.000000000000000 ) ;
#3465 = AXIS2_PLACEMENT_3D ( 'NONE', #1753, #3918, #2628 ) ;
#3466 = EDGE_LOOP ( 'NONE', ( #1918, #3874, #2165, #3218 ) ) ;
#3467 = CARTESIAN_POINT ( 'NONE',  ( 63.16044702067369300, -20.95501194873057600, 26.49999999999997200 ) ) ;
#3468 = CIRCLE ( 'NONE', #3280, 2.000000000000003600 ) ;
#3469 = EDGE_LOOP ( 'NONE', ( #608, #3136 ) ) ;
#3470 = CARTESIAN_POINT ( 'NONE',  ( 60.16044702067369300, -26.95501194873067900, 41.49999999999988600 ) ) ;
#3471 = ORIENTED_EDGE ( 'NONE', *, *, #3488, .F. ) ;
#3472 = EDGE_CURVE ( 'NONE', #3350, #1822, #478, .T. ) ;
#3473 = DIRECTION ( 'NONE',  ( 1.000000000000000000, -1.972152263052526900E-031, -1.375826490327504600E-048 ) ) ;
#3474 = CARTESIAN_POINT ( 'NONE',  ( 63.16044702067369300, -20.95501194873067900, 41.49999999999996400 ) ) ;
#3475 = CARTESIAN_POINT ( 'NONE',  ( 60.16044702067369300, 49.04498805126935000, 34.00000000000022700 ) ) ;
#3476 = ADVANCED_FACE ( 'NONE', ( #50 ), #1908, .F. ) ;
#3477 = ORIENTED_EDGE ( 'NONE', *, *, #551, .F. ) ;
#3478 = EDGE_LOOP ( 'NONE', ( #1899, #545, #3076, #105 ) ) ;
#3479 = CARTESIAN_POINT ( 'NONE',  ( 63.16044702067369300, 65.04498805126945600, 19.00000000000028400 ) ) ;
#3480 = CIRCLE ( 'NONE', #1141, 2.999999999999999100 ) ;
#3481 = VECTOR ( 'NONE', #3036, 1000.000000000000000 ) ;
#3482 = DIRECTION ( 'NONE',  ( 0.0000000000000000000, 1.000000000000000000, 0.0000000000000000000 ) ) ;
#3483 = CARTESIAN_POINT ( 'NONE',  ( 60.16044702067369300, -18.95501194873051900, 18.99999999999997500 ) ) ;
#3484 = VECTOR ( 'NONE', #1605, 1000.000000000000000 ) ;
#3485 = VECTOR ( 'NONE', #3155, 1000.000000000000000 ) ;
#3486 = AXIS2_PLACEMENT_3D ( 'NONE', #2031, #3235, #3796 ) ;
#3487 = DIRECTION ( 'NONE',  ( 1.000000000000000000, -1.972152263052526900E-031, -1.375826490327504600E-048 ) ) ;
#3488 = EDGE_CURVE ( 'NONE', #1184, #185, #2099, .T. ) ;
#3489 = ORIENTED_EDGE ( 'NONE', *, *, #1436, .T. ) ;
#3490 = EDGE_CURVE ( 'NONE', #3901, #2578, #235, .T. ) ;
#3491 = AXIS2_PLACEMENT_3D ( 'NONE', #2443, #3362, #2117 ) ;
#3492 = ORIENTED_EDGE ( 'NONE', *, *, #2842, .F. ) ;
#3493 = ORIENTED_EDGE ( 'NONE', *, *, #641, .T. ) ;
#3494 = ORIENTED_EDGE ( 'NONE', *, *, #3138, .F. ) ;
#3495 = DIRECTION ( 'NONE',  ( -1.000000000000000000, 0.0000000000000000000, -0.0000000000000000000 ) ) ;
#3496 = CARTESIAN_POINT ( 'NONE',  ( 63.16044702067369300, 43.04498805126925000, 49.00000000000018500 ) ) ;
#3497 = ORIENTED_EDGE ( 'NONE', *, *, #1522, .F. ) ;
#3498 = VERTEX_POINT ( 'NONE', #229 ) ;
#3499 = CARTESIAN_POINT ( 'NONE',  ( 63.16044702067369300, -30.95501194873053000, 18.99999999999989300 ) ) ;
#3500 = ORIENTED_EDGE ( 'NONE', *, *, #2290, .F. ) ;
#3501 = ORIENTED_EDGE ( 'NONE', *, *, #3727, .T. ) ;
#3502 = AXIS2_PLACEMENT_3D ( 'NONE', #1446, #3247, #2056 ) ;
#3503 = LINE ( 'NONE', #807, #1877 ) ;
#3504 = EDGE_CURVE ( 'NONE', #2164, #704, #2958, .T. ) ;
#3505 = FACE_OUTER_BOUND ( 'NONE', #546, .T. ) ;
#3506 = DIRECTION ( 'NONE',  ( 0.0000000000000000000, 1.000000000000000000, 0.0000000000000000000 ) ) ;
#3507 = CARTESIAN_POINT ( 'NONE',  ( 63.16044702067369300, 25.04498805126919300, 56.50000000000013500 ) ) ;
#3508 = CIRCLE ( 'NONE', #2796, 2.000000000000001800 ) ;
#3509 = ORIENTED_EDGE ( 'NONE', *, *, #3747, .F. ) ;
#3510 = DIRECTION ( 'NONE',  ( 0.0000000000000000000, 1.000000000000000000, 0.0000000000000000000 ) ) ;
#3511 = EDGE_CURVE ( 'NONE', #2685, #3415, #1171, .T. ) ;
#3512 = AXIS2_PLACEMENT_3D ( 'NONE', #2689, #1443, #1143 ) ;
#3513 = VERTEX_POINT ( 'NONE', #1193 ) ;
#3514 = ORIENTED_EDGE ( 'NONE', *, *, #1975, .T. ) ;
#3515 = CIRCLE ( 'NONE', #118, 52.92058191901601600 ) ;
#3516 = DIRECTION ( 'NONE',  ( 1.000000000000000000, -1.972152263052526900E-031, -1.375826490327504600E-048 ) ) ;
#3517 = AXIS2_PLACEMENT_3D ( 'NONE', #798, #2033, #1424 ) ;
#3518 = EDGE_LOOP ( 'NONE', ( #2523, #3755 ) ) ;
#3519 = DIRECTION ( 'NONE',  ( 0.0000000000000000000, 1.000000000000000000, 0.0000000000000000000 ) ) ;
#3520 = ORIENTED_EDGE ( 'NONE', *, *, #3771, .T. ) ;
#3521 = ORIENTED_EDGE ( 'NONE', *, *, #2314, .F. ) ;
#3522 = CARTESIAN_POINT ( 'NONE',  ( 63.16044702067369300, -16.20516163401561400, 28.99999999999999600 ) ) ;
#3523 = FACE_OUTER_BOUND ( 'NONE', #184, .T. ) ;
#3524 = CYLINDRICAL_SURFACE ( 'NONE', #2819, 2.000000000000001800 ) ;
#3525 = EDGE_CURVE ( 'NONE', #2476, #1286, #1514, .T. ) ;
#3526 = FACE_OUTER_BOUND ( 'NONE', #2641, .T. ) ;
#3527 = DIRECTION ( 'NONE',  ( 0.0000000000000000000, 1.000000000000000000, 0.0000000000000000000 ) ) ;
#3528 = VECTOR ( 'NONE', #1224, 1000.000000000000000 ) ;
#3529 = EDGE_CURVE ( 'NONE', #401, #1449, #685, .T. ) ;
#3530 = CARTESIAN_POINT ( 'NONE',  ( 60.16044702067369300, -12.95501194873078900, 56.49999999999999300 ) ) ;
#3531 = CARTESIAN_POINT ( 'NONE',  ( 63.16044702067369300, -30.95501194873068200, 41.49999999999988600 ) ) ;
#3532 = ADVANCED_FACE ( 'NONE', ( #331 ), #2148, .F. ) ;
#3533 = AXIS2_PLACEMENT_3D ( 'NONE', #409, #1042, #444 ) ;
#3534 = EDGE_LOOP ( 'NONE', ( #797, #1499, #1305, #2488 ) ) ;
#3535 = ORIENTED_EDGE ( 'NONE', *, *, #3279, .T. ) ;
#3536 = VERTEX_POINT ( 'NONE', #3654 ) ;
#3537 = ORIENTED_EDGE ( 'NONE', *, *, #977, .T. ) ;
#3538 = AXIS2_PLACEMENT_3D ( 'NONE', #3894, #3290, #2073 ) ;
#3539 = EDGE_CURVE ( 'NONE', #3630, #1866, #3769, .T. ) ;
#3540 = CARTESIAN_POINT ( 'NONE',  ( 60.16044702067369300, 53.04498805126930000, 41.50000000000022000 ) ) ;
#3541 = EDGE_LOOP ( 'NONE', ( #3019, #2393, #402, #2327 ) ) ;
#3542 = CARTESIAN_POINT ( 'NONE',  ( 60.16044702067369300, -26.95501194873051900, 18.99999999999989300 ) ) ;
#3543 = CARTESIAN_POINT ( 'NONE',  ( 63.16044702067369300, -20.95501194873057600, 26.49999999999997200 ) ) ;
#3544 = CARTESIAN_POINT ( 'NONE',  ( 60.16044702067369300, -30.37519891327383800, 59.00000000000000000 ) ) ;
#3545 = VECTOR ( 'NONE', #1291, 1000.000000000000000 ) ;
#3546 = VERTEX_POINT ( 'NONE', #2707 ) ;
#3547 = EDGE_LOOP ( 'NONE', ( #3965, #2527, #2485, #3818 ) ) ;
#3548 = CARTESIAN_POINT ( 'NONE',  ( 60.16044702067369300, 45.04498805126920800, 56.50000000000019200 ) ) ;
#3549 = VECTOR ( 'NONE', #1807, 1000.000000000000000 ) ;
#3550 = AXIS2_PLACEMENT_3D ( 'NONE', #3881, #2972, #1752 ) ;
#3551 = DIRECTION ( 'NONE',  ( -1.000000000000000000, 0.0000000000000000000, -0.0000000000000000000 ) ) ;
#3552 = LINE ( 'NONE', #3736, #2733 ) ;
#3553 = ADVANCED_FACE ( 'NONE', ( #3617 ), #3152, .T. ) ;
#3554 = ORIENTED_EDGE ( 'NONE', *, *, #1034, .F. ) ;
#3555 = DIRECTION ( 'NONE',  ( 0.0000000000000000000, 0.0000000000000000000, -1.000000000000000000 ) ) ;
#3556 = DIRECTION ( 'NONE',  ( 0.0000000000000000000, 1.000000000000000000, 0.0000000000000000000 ) ) ;
#3557 = FACE_BOUND ( 'NONE', #2082, .T. ) ;
#3558 = EDGE_CURVE ( 'NONE', #1767, #2131, #2802, .T. ) ;
#3559 = ORIENTED_EDGE ( 'NONE', *, *, #2747, .F. ) ;
#3560 = EDGE_CURVE ( 'NONE', #3919, #2792, #3809, .T. ) ;
#3561 = AXIS2_PLACEMENT_3D ( 'NONE', #275, #1542, #2454 ) ;
#3562 = FACE_OUTER_BOUND ( 'NONE', #769, .T. ) ;
#3563 = DIRECTION ( 'NONE',  ( 0.0000000000000000000, 0.0000000000000000000, -1.000000000000000000 ) ) ;
#3564 = ORIENTED_EDGE ( 'NONE', *, *, #631, .F. ) ;
#3565 = ORIENTED_EDGE ( 'NONE', *, *, #595, .T. ) ;
#3566 = DIRECTION ( 'NONE',  ( 0.0000000000000000000, 1.000000000000000000, 0.0000000000000000000 ) ) ;
#3567 = DIRECTION ( 'NONE',  ( 1.000000000000000000, -1.972152263052526900E-031, -1.375826490327504600E-048 ) ) ;
#3568 = CYLINDRICAL_SURFACE ( 'NONE', #2417, 2.000000000000005300 ) ;
#3569 = CARTESIAN_POINT ( 'NONE',  ( 60.16044702067369300, 59.04498805126941400, 26.50000000000025200 ) ) ;
#3570 = VECTOR ( 'NONE', #3567, 1000.000000000000000 ) ;
#3571 = ADVANCED_FACE ( 'NONE', ( #970 ), #1215, .F. ) ;
#3572 = LINE ( 'NONE', #1225, #968 ) ;
#3573 = EDGE_CURVE ( 'NONE', #1057, #576, #2910, .T. ) ;
#3574 = ORIENTED_EDGE ( 'NONE', *, *, #1269, .T. ) ;
#3575 = CARTESIAN_POINT ( 'NONE',  ( 63.16044702067369300, 57.04498805126935700, 34.00000000000025600 ) ) ;
#3576 = CARTESIAN_POINT ( 'NONE',  ( 63.16044702067369300, -23.95501194873044100, 5.000000000000000000 ) ) ;
#3577 = ORIENTED_EDGE ( 'NONE', *, *, #3768, .T. ) ;
#3578 = VERTEX_POINT ( 'NONE', #2693 ) ;
#3579 = ORIENTED_EDGE ( 'NONE', *, *, #3400, .T. ) ;
#3580 = AXIS2_PLACEMENT_3D ( 'NONE', #2624, #2944, #3555 ) ;
#3581 = ORIENTED_EDGE ( 'NONE', *, *, #2891, .T. ) ;
#3582 = EDGE_LOOP ( 'NONE', ( #1182, #2320, #1671, #2420 ) ) ;
#3583 = CARTESIAN_POINT ( 'NONE',  ( 60.16044702067369300, 51.04498805126935000, 34.00000000000022700 ) ) ;
#3584 = ORIENTED_EDGE ( 'NONE', *, *, #850, .F. ) ;
#3585 = ORIENTED_EDGE ( 'NONE', *, *, #3162, .T. ) ;
#3586 = ADVANCED_FACE ( 'NONE', ( #2515 ), #2004, .F. ) ;
#3587 = LINE ( 'NONE', #499, #1094 ) ;
#3588 = CARTESIAN_POINT ( 'NONE',  ( 63.16044702067369300, 40.79483836598441100, 37.00000000000000000 ) ) ;
#3589 = CARTESIAN_POINT ( 'NONE',  ( 60.16044702067369300, 41.04498805126925000, 49.00000000000018500 ) ) ;
#3590 = DIRECTION ( 'NONE',  ( 1.000000000000000000, -1.972152263052526900E-031, -1.375826490327504600E-048 ) ) ;
#3591 = CYLINDRICAL_SURFACE ( 'NONE', #1860, 1.899999999999999000 ) ;
#3592 = EDGE_LOOP ( 'NONE', ( #1789, #1778, #2724, #2335 ) ) ;
#3593 = CIRCLE ( 'NONE', #3016, 2.000000000000001800 ) ;
#3594 = ORIENTED_EDGE ( 'NONE', *, *, #3122, .T. ) ;
#3595 = DIRECTION ( 'NONE',  ( 0.0000000000000000000, 1.000000000000000000, 0.0000000000000000000 ) ) ;
#3596 = EDGE_CURVE ( 'NONE', #3782, #3938, #869, .T. ) ;
#3597 = CARTESIAN_POINT ( 'NONE',  ( 60.16044702067369300, 51.04498805126924300, 49.00000000000021300 ) ) ;
#3598 = CARTESIAN_POINT ( 'NONE',  ( 60.16044702067369300, -12.95501194873078900, 56.49999999999999300 ) ) ;
#3599 = DIRECTION ( 'NONE',  ( 0.0000000000000000000, 1.000000000000000000, 0.0000000000000000000 ) ) ;
#3600 = ORIENTED_EDGE ( 'NONE', *, *, #3026, .F. ) ;
#3601 = CARTESIAN_POINT ( 'NONE',  ( 63.16044702067369300, 61.80992920665785600, 5.000000000000000000 ) ) ;
#3602 = CARTESIAN_POINT ( 'NONE',  ( 60.16044702067369300, 69.04498805126941400, 26.50000000000028100 ) ) ;
#3603 = PRESENTATION_LAYER_ASSIGNMENT (  '', '', ( #2845 ) ) ;
#3604 = VERTEX_POINT ( 'NONE', #803 ) ;
#3605 = EDGE_CURVE ( 'NONE', #2011, #576, #3714, .T. ) ;
#3606 = LINE ( 'NONE', #1213, #3698 ) ;
#3607 = DIRECTION ( 'NONE',  ( -1.000000000000000000, 0.0000000000000000000, -0.0000000000000000000 ) ) ;
#3608 = VERTEX_POINT ( 'NONE', #1595 ) ;
#3609 = AXIS2_PLACEMENT_3D ( 'NONE', #1196, #246, #2182 ) ;
#3610 = EDGE_CURVE ( 'NONE', #1128, #2739, #2654, .T. ) ;
#3611 = LINE ( 'NONE', #552, #2509 ) ;
#3612 = CIRCLE ( 'NONE', #1714, 2.000000000000003600 ) ;
#3613 = CARTESIAN_POINT ( 'NONE',  ( 60.16044702067369300, -28.95501194873067900, 41.49999999999988600 ) ) ;
#3614 = CARTESIAN_POINT ( 'NONE',  ( 60.16044702067369300, 57.04498805126945600, 19.00000000000025600 ) ) ;
#3615 = LINE ( 'NONE', #2231, #905 ) ;
#3616 = CARTESIAN_POINT ( 'NONE',  ( 63.16044702067369300, -28.37519891327383400, 61.00000000000000000 ) ) ;
#3617 = FACE_OUTER_BOUND ( 'NONE', #2049, .T. ) ;
#3618 = DIRECTION ( 'NONE',  ( 1.000000000000000000, -1.972152263052526900E-031, -1.375826490327504600E-048 ) ) ;
#3619 = LINE ( 'NONE', #598, #2254 ) ;
#3620 = AXIS2_PLACEMENT_3D ( 'NONE', #1041, #3495, #1988 ) ;
#3621 = DIRECTION ( 'NONE',  ( 0.0000000000000000000, 1.000000000000000000, 0.0000000000000000000 ) ) ;
#3622 = ORIENTED_EDGE ( 'NONE', *, *, #2772, .F. ) ;
#3623 = ORIENTED_EDGE ( 'NONE', *, *, #3560, .F. ) ;
#3624 = ORIENTED_EDGE ( 'NONE', *, *, #2653, .T. ) ;
#3625 = ORIENTED_EDGE ( 'NONE', *, *, #744, .T. ) ;
#3626 = DIRECTION ( 'NONE',  ( 0.0000000000000000000, 0.0000000000000000000, 1.000000000000000000 ) ) ;
#3627 = DIRECTION ( 'NONE',  ( 0.0000000000000000000, -2.312964634635742700E-015, -1.000000000000000000 ) ) ;
#3628 = AXIS2_PLACEMENT_3D ( 'NONE', #2003, #216, #820 ) ;
#3629 = VERTEX_POINT ( 'NONE', #1255 ) ;
#3630 = VERTEX_POINT ( 'NONE', #1907 ) ;
#3631 = DIRECTION ( 'NONE',  ( 0.0000000000000000000, 1.000000000000000000, 0.0000000000000000000 ) ) ;
#3632 = CARTESIAN_POINT ( 'NONE',  ( 63.16044702067369300, 18.14556636392285700, 37.00000000000000000 ) ) ;
#3633 = EDGE_CURVE ( 'NONE', #3165, #1673, #2249, .T. ) ;
#3634 = ORIENTED_EDGE ( 'NONE', *, *, #338, .T. ) ;
#3635 = AXIS2_PLACEMENT_3D ( 'NONE', #1635, #1923, #70 ) ;
#3636 = AXIS2_PLACEMENT_3D ( 'NONE', #3729, #594, #277 ) ;
#3637 = DIRECTION ( 'NONE',  ( 1.000000000000000000, -1.972152263052526900E-031, -1.375826490327504600E-048 ) ) ;
#3638 = ORIENTED_EDGE ( 'NONE', *, *, #3115, .F. ) ;
#3639 = ORIENTED_EDGE ( 'NONE', *, *, #3353, .F. ) ;
#3640 = DIRECTION ( 'NONE',  ( 0.0000000000000000000, 1.000000000000000000, 0.0000000000000000000 ) ) ;
#3641 = CIRCLE ( 'NONE', #2683, 2.000000000000005300 ) ;
#3642 = CIRCLE ( 'NONE', #154, 2.000000000000008900 ) ;
#3643 = ORIENTED_EDGE ( 'NONE', *, *, #328, .F. ) ;
#3644 = DIRECTION ( 'NONE',  ( 1.000000000000000000, -1.972152263052526900E-031, -1.375826490327504600E-048 ) ) ;
#3645 = ORIENTED_EDGE ( 'NONE', *, *, #847, .T. ) ;
#3646 = CIRCLE ( 'NONE', #1441, 2.000000000000005300 ) ;
#3647 = DIRECTION ( 'NONE',  ( 0.0000000000000000000, 1.000000000000000000, 0.0000000000000000000 ) ) ;
#3648 = EDGE_CURVE ( 'NONE', #1670, #1164, #1852, .T. ) ;
#3649 = ORIENTED_EDGE ( 'NONE', *, *, #3367, .T. ) ;
#3650 = DIRECTION ( 'NONE',  ( 0.0000000000000000000, 1.000000000000000000, 0.0000000000000000000 ) ) ;
#3651 = EDGE_CURVE ( 'NONE', #2739, #2792, #1375, .T. ) ;
#3652 = CIRCLE ( 'NONE', #696, 2.000000000000001800 ) ;
#3653 = CARTESIAN_POINT ( 'NONE',  ( 63.16044702067369300, 11.04498805126920600, 56.50000000000007800 ) ) ;
#3654 = CARTESIAN_POINT ( 'NONE',  ( 60.16044702067369300, 61.80992920665785600, 2.999999999999997800 ) ) ;
#3655 = VERTEX_POINT ( 'NONE', #1576 ) ;
#3656 =( GEOMETRIC_REPRESENTATION_CONTEXT ( 3 ) GLOBAL_UNCERTAINTY_ASSIGNED_CONTEXT ( ( #2897 ) ) GLOBAL_UNIT_ASSIGNED_CONTEXT ( ( #1885, #3403, #3073 ) ) REPRESENTATION_CONTEXT ( 'NONE', 'WORKASPACE' ) );
#3657 = ORIENTED_EDGE ( 'NONE', *, *, #2391, .T. ) ;
#3658 = FACE_OUTER_BOUND ( 'NONE', #3854, .T. ) ;
#3659 = VECTOR ( 'NONE', #2248, 1000.000000000000000 ) ;
#3660 = EDGE_CURVE ( 'NONE', #1124, #447, #568, .T. ) ;
#3661 = CARTESIAN_POINT ( 'NONE',  ( 60.16044702067369300, -26.95501194873062200, 33.99999999999989300 ) ) ;
#3662 = FACE_BOUND ( 'NONE', #2046, .T. ) ;
#3663 = CARTESIAN_POINT ( 'NONE',  ( 63.16044702067369300, -6.955011948730794200, 56.50000000000002100 ) ) ;
#3664 = CIRCLE ( 'NONE', #3677, 2.000000000000001800 ) ;
#3665 = ORIENTED_EDGE ( 'NONE', *, *, #111, .F. ) ;
#3666 = DIRECTION ( 'NONE',  ( 1.000000000000000000, -1.972152263052526900E-031, -1.375826490327504600E-048 ) ) ;
#3667 = DIRECTION ( 'NONE',  ( 0.0000000000000000000, 1.000000000000000000, 0.0000000000000000000 ) ) ;
#3668 = EDGE_LOOP ( 'NONE', ( #3477, #805, #2396, #3112 ) ) ;
#3669 = ORIENTED_EDGE ( 'NONE', *, *, #125, .T. ) ;
#3670 = ORIENTED_EDGE ( 'NONE', *, *, #1614, .F. ) ;
#3671 = EDGE_CURVE ( 'NONE', #2785, #2502, #1326, .T. ) ;
#3672 = DIRECTION ( 'NONE',  ( 1.000000000000000000, -1.972152263052526900E-031, -1.375826490327504600E-048 ) ) ;
#3673 = CARTESIAN_POINT ( 'NONE',  ( 63.16044702067369300, -2.955011948730735600, 49.00000000000001400 ) ) ;
#3674 = EDGE_LOOP ( 'NONE', ( #3249, #1040 ) ) ;
#3675 = EDGE_LOOP ( 'NONE', ( #3594, #3032 ) ) ;
#3676 = CARTESIAN_POINT ( 'NONE',  ( 60.16044702067369300, -18.95501194873057200, 26.49999999999997200 ) ) ;
#3677 = AXIS2_PLACEMENT_3D ( 'NONE', #3496, #1989, #3197 ) ;
#3678 = EDGE_CURVE ( 'NONE', #3257, #2981, #3954, .T. ) ;
#3679 = VERTEX_POINT ( 'NONE', #373 ) ;
#3680 = DIRECTION ( 'NONE',  ( 0.0000000000000000000, 1.000000000000000000, 0.0000000000000000000 ) ) ;
#3681 = FACE_OUTER_BOUND ( 'NONE', #3252, .T. ) ;
#3682 = EDGE_CURVE ( 'NONE', #3380, #2444, #3952, .T. ) ;
#3683 = AXIS2_PLACEMENT_3D ( 'NONE', #1569, #2200, #3110 ) ;
#3684 = FACE_OUTER_BOUND ( 'NONE', #3210, .T. ) ;
#3685 = DIRECTION ( 'NONE',  ( 1.000000000000000000, -1.972152263052526900E-031, -1.375826490327504600E-048 ) ) ;
#3686 = VERTEX_POINT ( 'NONE', #355 ) ;
#3687 = DIRECTION ( 'NONE',  ( 1.000000000000000000, -1.972152263052526900E-031, -1.375826490327504600E-048 ) ) ;
#3688 = LINE ( 'NONE', #501, #1881 ) ;
#3689 = EDGE_LOOP ( 'NONE', ( #3220, #3041 ) ) ;
#3690 = VERTEX_POINT ( 'NONE', #1887 ) ;
#3691 = CARTESIAN_POINT ( 'NONE',  ( 63.16044702067369300, 67.04498805126930000, 41.50000000000027000 ) ) ;
#3692 = AXIS2_PLACEMENT_3D ( 'NONE', #2346, #2019, #1412 ) ;
#3693 = FILL_AREA_STYLE_COLOUR ( '', #2741 ) ;
#3694 = DIRECTION ( 'NONE',  ( 1.000000000000000000, -1.972152263052526900E-031, -1.375826490327504600E-048 ) ) ;
#3695 = EDGE_LOOP ( 'NONE', ( #2229, #1356 ) ) ;
#3696 = ORIENTED_EDGE ( 'NONE', *, *, #426, .F. ) ;
#3697 = EDGE_CURVE ( 'NONE', #3706, #1920, #1466, .T. ) ;
#3698 = VECTOR ( 'NONE', #563, 1000.000000000000000 ) ;
#3699 = DIRECTION ( 'NONE',  ( 0.0000000000000000000, 1.000000000000000000, 0.0000000000000000000 ) ) ;
#3700 = EDGE_LOOP ( 'NONE', ( #8, #738, #215, #541 ) ) ;
#3701 = DIRECTION ( 'NONE',  ( -1.000000000000000000, 0.0000000000000000000, -0.0000000000000000000 ) ) ;
#3702 = ADVANCED_FACE ( 'NONE', ( #2905 ), #3191, .F. ) ;
#3703 = DIRECTION ( 'NONE',  ( 0.0000000000000000000, 1.000000000000000000, 0.0000000000000000000 ) ) ;
#3704 = CARTESIAN_POINT ( 'NONE',  ( 60.16044702067369300, 65.04498805126928600, 41.50000000000027000 ) ) ;
#3706 = VERTEX_POINT ( 'NONE', #636 ) ;
#3705 = FACE_BOUND ( 'NONE', #590, .T. ) ;
#3707 = VECTOR ( 'NONE', #2025, 1000.000000000000000 ) ;
#3708 = DIRECTION ( 'NONE',  ( 1.000000000000000000, -1.972152263052526900E-031, -1.375826490327504600E-048 ) ) ;
#3709 = EDGE_CURVE ( 'NONE', #3679, #3630, #620, .T. ) ;
#3710 = DIRECTION ( 'NONE',  ( 0.0000000000000000000, 0.0000000000000000000, -1.000000000000000000 ) ) ;
#3711 = AXIS2_PLACEMENT_3D ( 'NONE', #1997, #1973, #143 ) ;
#3712 = CARTESIAN_POINT ( 'NONE',  ( 60.16044702067369300, 67.04498805126939900, 26.50000000000028100 ) ) ;
#3713 = CYLINDRICAL_SURFACE ( 'NONE', #1310, 52.92058191901602300 ) ;
#3714 = LINE ( 'NONE', #952, #1809 ) ;
#3715 = CARTESIAN_POINT ( 'NONE',  ( 63.16044702067369300, 64.23011617120123200, 50.10000000000002300 ) ) ;
#3716 = VECTOR ( 'NONE', #3053, 1000.000000000000000 ) ;
#3717 = CARTESIAN_POINT ( 'NONE',  ( 60.16044702067369300, 51.04498805126924300, 49.00000000000021300 ) ) ;
#3718 = EDGE_CURVE ( 'NONE', #3297, #3183, #90, .T. ) ;
#3719 = DIRECTION ( 'NONE',  ( 0.0000000000000000000, 1.000000000000000000, 0.0000000000000000000 ) ) ;
#3720 = ORIENTED_EDGE ( 'NONE', *, *, #2251, .T. ) ;
#3721 = DIRECTION ( 'NONE',  ( 0.0000000000000000000, 0.0000000000000000000, 1.000000000000000000 ) ) ;
#3722 = DIRECTION ( 'NONE',  ( 1.000000000000000000, -1.972152263052526900E-031, -1.375826490327504600E-048 ) ) ;
#3723 = CARTESIAN_POINT ( 'NONE',  ( 63.16044702067369300, 63.80992920665784100, -1.040834085586084300E-014 ) ) ;
#3724 = ORIENTED_EDGE ( 'NONE', *, *, #2950, .T. ) ;
#3725 = VERTEX_POINT ( 'NONE', #1077 ) ;
#3726 = ADVANCED_FACE ( 'NONE', ( #2379 ), #2559, .F. ) ;
#3727 = EDGE_CURVE ( 'NONE', #120, #1939, #1805, .T. ) ;
#3728 = CARTESIAN_POINT ( 'NONE',  ( 63.16044702067369300, -22.95501194873053000, 18.99999999999997500 ) ) ;
#3729 = CARTESIAN_POINT ( 'NONE',  ( 63.16044702067369300, 66.23011617120127400, 59.00000000000000000 ) ) ;
#3730 = CARTESIAN_POINT ( 'NONE',  ( 60.16044702067369300, 27.04498805126920000, 56.50000000000013500 ) ) ;
#3731 = DIRECTION ( 'NONE',  ( 1.000000000000000000, -1.972152263052526900E-031, -1.375826490327504600E-048 ) ) ;
#3732 = VERTEX_POINT ( 'NONE', #763 ) ;
#3733 = ORIENTED_EDGE ( 'NONE', *, *, #872, .T. ) ;
#3734 = EDGE_CURVE ( 'NONE', #665, #2132, #2512, .T. ) ;
#3735 = DIRECTION ( 'NONE',  ( 0.0000000000000000000, 0.0000000000000000000, -1.000000000000000000 ) ) ;
#3736 = CARTESIAN_POINT ( 'NONE',  ( 60.16044702067369300, 43.79483836598441100, 37.00000000000000000 ) ) ;
#3737 = CYLINDRICAL_SURFACE ( 'NONE', #825, 3.000000000000002700 ) ;
#3738 = VERTEX_POINT ( 'NONE', #2012 ) ;
#3739 = DIRECTION ( 'NONE',  ( 1.000000000000000000, -1.972152263052526900E-031, -1.375826490327504600E-048 ) ) ;
#3740 = AXIS2_PLACEMENT_3D ( 'NONE', #1457, #159, #2351 ) ;
#3741 = PLANE ( 'NONE',  #3164 ) ;
#3742 = CIRCLE ( 'NONE', #2726, 2.000000000000005300 ) ;
#3743 = ORIENTED_EDGE ( 'NONE', *, *, #2619, .F. ) ;
#3744 = CARTESIAN_POINT ( 'NONE',  ( 60.16044702067369300, -3.440900392140055300E-012, 57.99999999999609900 ) ) ;
#3745 = CARTESIAN_POINT ( 'NONE',  ( 63.16044702067369300, -20.95501194873067900, 41.49999999999996400 ) ) ;
#3746 = AXIS2_PLACEMENT_3D ( 'NONE', #3313, #527, #2690 ) ;
#3747 = EDGE_CURVE ( 'NONE', #2404, #1055, #177, .T. ) ;
#3748 = VECTOR ( 'NONE', #2564, 1000.000000000000000 ) ;
#3749 = ORIENTED_EDGE ( 'NONE', *, *, #2916, .T. ) ;
#3750 = ORIENTED_EDGE ( 'NONE', *, *, #721, .F. ) ;
#3751 = CARTESIAN_POINT ( 'NONE',  ( 60.16044702067369300, 19.04498805126920800, 56.50000000000010700 ) ) ;
#3752 = CARTESIAN_POINT ( 'NONE',  ( 60.16044702067369300, 37.04498805126925000, 49.00000000000015600 ) ) ;
#3753 = FACE_BOUND ( 'NONE', #3794, .T. ) ;
#3754 = ADVANCED_FACE ( 'NONE', ( #129 ), #1463, .T. ) ;
#3755 = ORIENTED_EDGE ( 'NONE', *, *, #1644, .F. ) ;
#3756 = AXIS2_PLACEMENT_3D ( 'NONE', #973, #308, #921 ) ;
#3757 = CARTESIAN_POINT ( 'NONE',  ( 63.16044702067369300, 64.23011617120123200, 52.00000000000002100 ) ) ;
#3758 = DIRECTION ( 'NONE',  ( 1.000000000000000000, -1.972152263052526900E-031, -1.375826490327504600E-048 ) ) ;
#3759 = VECTOR ( 'NONE', #3900, 1000.000000000000000 ) ;
#3760 = DIRECTION ( 'NONE',  ( 1.000000000000000000, -1.972152263052526900E-031, -1.375826490327504600E-048 ) ) ;
#3761 = ORIENTED_EDGE ( 'NONE', *, *, #2103, .F. ) ;
#3762 = CYLINDRICAL_SURFACE ( 'NONE', #3928, 2.000000000000008900 ) ;
#3763 = DIRECTION ( 'NONE',  ( 0.0000000000000000000, 0.0000000000000000000, -1.000000000000000000 ) ) ;
#3764 = ORIENTED_EDGE ( 'NONE', *, *, #1684, .T. ) ;
#3765 = CARTESIAN_POINT ( 'NONE',  ( 63.16044702067369300, 17.29239248953933500, 30.50000000000000400 ) ) ;
#3766 = FACE_BOUND ( 'NONE', #3689, .T. ) ;
#3767 = CARTESIAN_POINT ( 'NONE',  ( 60.16044702067369300, -28.95501194873067900, 41.49999999999988600 ) ) ;
#3768 = EDGE_CURVE ( 'NONE', #1871, #2919, #2426, .T. ) ;
#3769 = LINE ( 'NONE', #2125, #3481 ) ;
#3770 = LINE ( 'NONE', #855, #686 ) ;
#3771 = EDGE_CURVE ( 'NONE', #522, #1878, #3003, .T. ) ;
#3772 = CARTESIAN_POINT ( 'NONE',  ( 60.16044702067369300, 41.04498805126925000, 49.00000000000018500 ) ) ;
#3773 = AXIS2_PLACEMENT_3D ( 'NONE', #237, #1501, #3034 ) ;
#3774 = ADVANCED_FACE ( 'NONE', ( #2700 ), #1756, .F. ) ;
#3775 = CARTESIAN_POINT ( 'NONE',  ( 60.16044702067369300, 19.04498805126925700, 49.00000000000009900 ) ) ;
#3776 = DIRECTION ( 'NONE',  ( 0.0000000000000000000, 1.000000000000000000, 0.0000000000000000000 ) ) ;
#3777 = EDGE_LOOP ( 'NONE', ( #2989, #2966 ) ) ;
#3778 = ORIENTED_EDGE ( 'NONE', *, *, #547, .T. ) ;
#3779 = ORIENTED_EDGE ( 'NONE', *, *, #2850, .T. ) ;
#3780 = VERTEX_POINT ( 'NONE', #3507 ) ;
#3781 = EDGE_CURVE ( 'NONE', #3943, #2556, #1613, .T. ) ;
#3782 = VERTEX_POINT ( 'NONE', #2866 ) ;
#3783 = EDGE_LOOP ( 'NONE', ( #3822, #3141 ) ) ;
#3784 = DIRECTION ( 'NONE',  ( 1.000000000000000000, -0.0000000000000000000, 0.0000000000000000000 ) ) ;
#3785 = CARTESIAN_POINT ( 'NONE',  ( 63.16044702067369300, 67.04498805126930000, 41.50000000000027000 ) ) ;
#3786 = CYLINDRICAL_SURFACE ( 'NONE', #45, 2.000000000000003600 ) ;
#3787 = EDGE_LOOP ( 'NONE', ( #1470, #1489, #3489, #3976 ) ) ;
#3788 = CARTESIAN_POINT ( 'NONE',  ( 60.16044702067369300, -28.95501194873062900, 33.99999999999989300 ) ) ;
#3789 = ADVANCED_FACE ( 'NONE', ( #966 ), #1166, .F. ) ;
#3790 = CIRCLE ( 'NONE', #3620, 1.000000000000000900 ) ;
#3791 = AXIS2_PLACEMENT_3D ( 'NONE', #2092, #2691, #2706 ) ;
#3792 = DIRECTION ( 'NONE',  ( 1.000000000000000000, 0.0000000000000000000, -0.0000000000000000000 ) ) ;
#3793 = CIRCLE ( 'NONE', #2592, 2.000000000000001800 ) ;
#3794 = EDGE_LOOP ( 'NONE', ( #2632, #697 ) ) ;
#3795 = CARTESIAN_POINT ( 'NONE',  ( 63.16044702067369300, -13.20516163401561500, 32.00000000000000000 ) ) ;
#3796 = DIRECTION ( 'NONE',  ( 0.0000000000000000000, -4.336808689942017700E-016, -1.000000000000000000 ) ) ;
#3797 = DIRECTION ( 'NONE',  ( 1.000000000000000000, -1.972152263052526900E-031, -1.375826490327504600E-048 ) ) ;
#3798 = FACE_OUTER_BOUND ( 'NONE', #3323, .T. ) ;
#3799 = ORIENTED_EDGE ( 'NONE', *, *, #3660, .F. ) ;
#3800 = CARTESIAN_POINT ( 'NONE',  ( 63.16044702067369300, 59.04498805126930700, 41.50000000000024200 ) ) ;
#3802 = EDGE_LOOP ( 'NONE', ( #1033, #441 ) ) ;
#3801 = FACE_BOUND ( 'NONE', #3802, .T. ) ;
#3803 = CIRCLE ( 'NONE', #940, 2.000000000000003600 ) ;
#3804 = EDGE_CURVE ( 'NONE', #579, #959, #2244, .T. ) ;
#3805 = DIRECTION ( 'NONE',  ( 1.000000000000000000, -1.972152263052526900E-031, -1.375826490327504600E-048 ) ) ;
#3806 = CARTESIAN_POINT ( 'NONE',  ( 63.16044702067369300, 5.044988051269261800, 49.00000000000004300 ) ) ;
#3807 = LINE ( 'NONE', #574, #3004 ) ;
#3808 = DIRECTION ( 'NONE',  ( 1.000000000000000000, -0.0000000000000000000, 0.0000000000000000000 ) ) ;
#3809 = LINE ( 'NONE', #3977, #3338 ) ;
#3810 = AXIS2_PLACEMENT_3D ( 'NONE', #2253, #1965, #3763 ) ;
#3811 = CIRCLE ( 'NONE', #453, 2.000000000000001800 ) ;
#3812 = CARTESIAN_POINT ( 'NONE',  ( 63.16044702067369300, -26.37519891327379200, 50.10000000000002300 ) ) ;
#3813 = EDGE_CURVE ( 'NONE', #1577, #2532, #3042, .T. ) ;
#3814 = CARTESIAN_POINT ( 'NONE',  ( 63.16044702067369300, -27.92196353426438500, 57.99999999999999300 ) ) ;
#3815 = AXIS2_PLACEMENT_3D ( 'NONE', #3109, #3687, #3124 ) ;
#3816 = EDGE_CURVE ( 'NONE', #1673, #3165, #2604, .T. ) ;
#3817 = CARTESIAN_POINT ( 'NONE',  ( 63.16044702067369300, 27.04498805126925000, 49.00000000000012800 ) ) ;
#3818 = ORIENTED_EDGE ( 'NONE', *, *, #2528, .F. ) ;
#3819 = EDGE_LOOP ( 'NONE', ( #3623, #1869, #109, #2577, #2553, #3103, #3521, #3390, #3743, #1996, #116, #3493, #358, #172, #2756, #2015, #2867, #2478, #3292, #3990, #1404, #1031 ) ) ;
#3820 = DIRECTION ( 'NONE',  ( 1.000000000000000000, -1.972152263052526900E-031, -1.375826490327504600E-048 ) ) ;
#3821 = CARTESIAN_POINT ( 'NONE',  ( 60.16044702067369300, 11.04498805126925900, 49.00000000000007100 ) ) ;
#3822 = ORIENTED_EDGE ( 'NONE', *, *, #3865, .F. ) ;
#3823 = ORIENTED_EDGE ( 'NONE', *, *, #3488, .T. ) ;
#3824 = DIRECTION ( 'NONE',  ( -1.000000000000000000, 0.0000000000000000000, -0.0000000000000000000 ) ) ;
#3825 = CARTESIAN_POINT ( 'NONE',  ( 63.16044702067369300, -26.37519891327379200, 53.90000000000002000 ) ) ;
#3826 = ORIENTED_EDGE ( 'NONE', *, *, #3966, .F. ) ;
#3827 = VERTEX_POINT ( 'NONE', #390 ) ;
#3828 = AXIS2_PLACEMENT_3D ( 'NONE', #3972, #649, #1919 ) ;
#3829 = DIRECTION ( 'NONE',  ( 0.0000000000000000000, 1.000000000000000000, 0.0000000000000000000 ) ) ;
#3830 = FACE_OUTER_BOUND ( 'NONE', #995, .T. ) ;
#3831 = VERTEX_POINT ( 'NONE', #97 ) ;
#3832 = ADVANCED_FACE ( 'NONE', ( #1418 ), #1661, .F. ) ;
#3833 = CIRCLE ( 'NONE', #2127, 2.000000000000003600 ) ;
#3834 = ORIENTED_EDGE ( 'NONE', *, *, #3596, .F. ) ;
#3835 =( GEOMETRIC_REPRESENTATION_CONTEXT ( 3 ) GLOBAL_UNCERTAINTY_ASSIGNED_CONTEXT ( ( #2021 ) ) GLOBAL_UNIT_ASSIGNED_CONTEXT ( ( #2679, #1755, #2723 ) ) REPRESENTATION_CONTEXT ( 'NONE', 'WORKASPACE' ) );
#3836 = CARTESIAN_POINT ( 'NONE',  ( 60.16044702067369300, -26.95501194873062200, 33.99999999999989300 ) ) ;
#3837 = CARTESIAN_POINT ( 'NONE',  ( 60.16044702067369300, 51.04498805126930000, 41.50000000000022000 ) ) ;
#3838 = LINE ( 'NONE', #3522, #3031 ) ;
#3839 = VERTEX_POINT ( 'NONE', #1054 ) ;
#3840 = ORIENTED_EDGE ( 'NONE', *, *, #1933, .T. ) ;
#3841 = CARTESIAN_POINT ( 'NONE',  ( 63.16044702067369300, -4.955011948730738200, 49.00000000000001400 ) ) ;
#3842 = ADVANCED_FACE ( 'NONE', ( #3373 ), #2096, .F. ) ;
#3843 = EDGE_CURVE ( 'NONE', #3879, #643, #1703, .T. ) ;
#3844 = AXIS2_PLACEMENT_3D ( 'NONE', #3613, #1806, #3043 ) ;
#3845 = FACE_BOUND ( 'NONE', #3695, .T. ) ;
#3846 = VERTEX_POINT ( 'NONE', #2562 ) ;
#3847 = ORIENTED_EDGE ( 'NONE', *, *, #3860, .F. ) ;
#3848 = CARTESIAN_POINT ( 'NONE',  ( 60.16044702067369300, -4.955011948730790600, 56.50000000000002100 ) ) ;
#3849 = CARTESIAN_POINT ( 'NONE',  ( 60.16044702067369300, 67.23011617120133100, 58.00000000000008500 ) ) ;
#3850 = CARTESIAN_POINT ( 'NONE',  ( 63.16044702067369300, 53.04498805126930000, 41.50000000000022000 ) ) ;
#3851 = DIRECTION ( 'NONE',  ( 0.0000000000000000000, 1.000000000000000000, 0.0000000000000000000 ) ) ;
#3852 = LINE ( 'NONE', #1290, #1206 ) ;
#3853 = DIRECTION ( 'NONE',  ( -1.000000000000000000, 0.0000000000000000000, 0.0000000000000000000 ) ) ;
#3854 = EDGE_LOOP ( 'NONE', ( #2167, #100, #749, #3226 ) ) ;
#3855 = FACE_OUTER_BOUND ( 'NONE', #2596, .T. ) ;
#3856 = ADVANCED_FACE ( 'NONE', ( #3523 ), #1261, .F. ) ;
#3857 = DIRECTION ( 'NONE',  ( 0.0000000000000000000, 1.000000000000000000, 0.0000000000000000000 ) ) ;
#3858 = ORIENTED_EDGE ( 'NONE', *, *, #3228, .T. ) ;
#3859 = LINE ( 'NONE', #1230, #3372 ) ;
#3860 = EDGE_CURVE ( 'NONE', #2444, #2813, #728, .T. ) ;
#3861 = CYLINDRICAL_SURFACE ( 'NONE', #503, 3.000000000000002700 ) ;
#3862 = LINE ( 'NONE', #2673, #423 ) ;
#3863 = CIRCLE ( 'NONE', #2034, 1.899999999999999000 ) ;
#3864 = DIRECTION ( 'NONE',  ( 1.000000000000000000, -1.972152263052526900E-031, -1.375826490327504600E-048 ) ) ;
#3865 = EDGE_CURVE ( 'NONE', #2556, #3780, #1066, .T. ) ;
#3866 = DIRECTION ( 'NONE',  ( 1.000000000000000000, -1.972152263052526900E-031, -1.375826490327504600E-048 ) ) ;
#3867 = CARTESIAN_POINT ( 'NONE',  ( 63.16044702067369300, -26.95501194873057200, 26.49999999999989000 ) ) ;
#3868 = CARTESIAN_POINT ( 'NONE',  ( 60.16044702067369300, 51.04498805126930000, 41.50000000000022000 ) ) ;
#3869 = DIRECTION ( 'NONE',  ( 0.0000000000000000000, 1.000000000000000000, 0.0000000000000000000 ) ) ;
#3870 = CARTESIAN_POINT ( 'NONE',  ( 60.16044702067369300, -10.95501194873078500, 56.49999999999999300 ) ) ;
#3871 = AXIS2_PLACEMENT_3D ( 'NONE', #2784, #2245, #1000 ) ;
#3872 = EDGE_LOOP ( 'NONE', ( #979, #2672, #3645, #3724 ) ) ;
#3873 = DIRECTION ( 'NONE',  ( 1.000000000000000000, -1.972152263052526900E-031, -1.375826490327504600E-048 ) ) ;
#3874 = ORIENTED_EDGE ( 'NONE', *, *, #2316, .T. ) ;
#3875 = ORIENTED_EDGE ( 'NONE', *, *, #3816, .F. ) ;
#3876 = ORIENTED_EDGE ( 'NONE', *, *, #505, .T. ) ;
#3877 = CARTESIAN_POINT ( 'NONE',  ( 63.16044702067369300, -4.955011948730738200, 49.00000000000001400 ) ) ;
#3878 = ADVANCED_FACE ( 'NONE', ( #902 ), #2045, .F. ) ;
#3879 = VERTEX_POINT ( 'NONE', #1353 ) ;
#3880 = EDGE_LOOP ( 'NONE', ( #258, #367 ) ) ;
#3881 = CARTESIAN_POINT ( 'NONE',  ( 63.16044702067369300, -28.95501194873052200, 18.99999999999989300 ) ) ;
#3882 = DIRECTION ( 'NONE',  ( 1.000000000000000000, -1.972152263052526900E-031, -1.375826490327504600E-048 ) ) ;
#3883 = VERTEX_POINT ( 'NONE', #3499 ) ;
#3884 = VERTEX_POINT ( 'NONE', #3531 ) ;
#3885 = CYLINDRICAL_SURFACE ( 'NONE', #2753, 2.000000000000001800 ) ;
#3886 = EDGE_LOOP ( 'NONE', ( #3622, #1631 ) ) ;
#3887 = LINE ( 'NONE', #772, #1240 ) ;
#3888 = EDGE_CURVE ( 'NONE', #3316, #3827, #821, .T. ) ;
#3889 = CARTESIAN_POINT ( 'NONE',  ( 63.16044702067369300, 67.23011617120133100, 58.00000000000008500 ) ) ;
#3890 = FACE_BOUND ( 'NONE', #3886, .T. ) ;
#3891 = AXIS2_PLACEMENT_3D ( 'NONE', #3906, #2986, #2964 ) ;
#3892 = ORIENTED_EDGE ( 'NONE', *, *, #631, .T. ) ;
#3893 = EDGE_CURVE ( 'NONE', #32, #2476, #2289, .T. ) ;
#3894 = CARTESIAN_POINT ( 'NONE',  ( 63.16044702067369300, -23.95501194873044100, 5.000000000000000000 ) ) ;
#3895 = ADVANCED_FACE ( 'NONE', ( #1021 ), #865, .F. ) ;
#3896 = ORIENTED_EDGE ( 'NONE', *, *, #3697, .T. ) ;
#3897 = EDGE_CURVE ( 'NONE', #1192, #665, #41, .T. ) ;
#3898 = AXIS2_PLACEMENT_3D ( 'NONE', #1587, #3973, #3374 ) ;
#3899 = DIRECTION ( 'NONE',  ( 0.0000000000000000000, 1.000000000000000000, 0.0000000000000000000 ) ) ;
#3900 = DIRECTION ( 'NONE',  ( 1.000000000000000000, -1.972152263052526900E-031, -1.375826490327504600E-048 ) ) ;
#3901 = VERTEX_POINT ( 'NONE', #3251 ) ;
#3902 = LINE ( 'NONE', #935, #1459 ) ;
#3903 = ORIENTED_EDGE ( 'NONE', *, *, #3633, .T. ) ;
#3904 = DIRECTION ( 'NONE',  ( 1.000000000000000000, -1.972152263052526900E-031, -1.375826490327504600E-048 ) ) ;
#3905 = CARTESIAN_POINT ( 'NONE',  ( 60.16044702067369300, 61.80992920665785600, 5.000000000000000000 ) ) ;
#3906 = CARTESIAN_POINT ( 'NONE',  ( 60.16044702067369300, -28.37519891327383400, 59.00000000000000000 ) ) ;
#3907 = FACE_BOUND ( 'NONE', #1235, .T. ) ;
#3908 =( LENGTH_UNIT ( ) NAMED_UNIT ( * ) SI_UNIT ( .MILLI., .METRE. ) );
#3909 = CIRCLE ( 'NONE', #2945, 52.92058191901593000 ) ;
#3910 = AXIS2_PLACEMENT_3D ( 'NONE', #3168, #3784, #1964 ) ;
#3911 = DIRECTION ( 'NONE',  ( 0.0000000000000000000, 0.0000000000000000000, -1.000000000000000000 ) ) ;
#3912 = CYLINDRICAL_SURFACE ( 'NONE', #950, 2.000000000000008900 ) ;
#3913 = VECTOR ( 'NONE', #2560, 1000.000000000000000 ) ;
#3914 = FACE_OUTER_BOUND ( 'NONE', #347, .T. ) ;
#3915 = CARTESIAN_POINT ( 'NONE',  ( 60.16044702067369300, 59.04498805126935700, 34.00000000000025600 ) ) ;
#3916 = CARTESIAN_POINT ( 'NONE',  ( 60.16044702067369300, 5.044988051269209400, 56.50000000000005000 ) ) ;
#3917 = DIRECTION ( 'NONE',  ( 0.0000000000000000000, 1.000000000000000000, 0.0000000000000000000 ) ) ;
#3918 = DIRECTION ( 'NONE',  ( -1.000000000000000000, 0.0000000000000000000, 0.0000000000000000000 ) ) ;
#3919 = VERTEX_POINT ( 'NONE', #2325 ) ;
#3920 = ORIENTED_EDGE ( 'NONE', *, *, #2531, .T. ) ;
#3921 = ORIENTED_EDGE ( 'NONE', *, *, #2991, .F. ) ;
#3922 = EDGE_CURVE ( 'NONE', #1610, #3690, #3909, .T. ) ;
#3923 = AXIS2_PLACEMENT_3D ( 'NONE', #2399, #3989, #12 ) ;
#3924 = ORIENTED_EDGE ( 'NONE', *, *, #3160, .T. ) ;
#3925 = ORIENTED_EDGE ( 'NONE', *, *, #3174, .F. ) ;
#3926 = DIRECTION ( 'NONE',  ( 1.000000000000000000, -1.972152263052526900E-031, -1.375826490327504600E-048 ) ) ;
#3927 = ORIENTED_EDGE ( 'NONE', *, *, #3090, .T. ) ;
#3928 = AXIS2_PLACEMENT_3D ( 'NONE', #843, #1146, #817 ) ;
#3929 = CYLINDRICAL_SURFACE ( 'NONE', #3635, 2.000000000000003100 ) ;
#3930 = ORIENTED_EDGE ( 'NONE', *, *, #344, .T. ) ;
#3931 = CARTESIAN_POINT ( 'NONE',  ( 60.16044702067369300, 59.04498805126935700, 34.00000000000025600 ) ) ;
#3932 = ORIENTED_EDGE ( 'NONE', *, *, #1198, .T. ) ;
#3933 = LINE ( 'NONE', #146, #3120 ) ;
#3934 = CARTESIAN_POINT ( 'NONE',  ( 63.16044702067369300, 40.79483836598441100, 40.00000000000000000 ) ) ;
#3935 = EDGE_CURVE ( 'NONE', #3498, #1783, #3612, .T. ) ;
#3936 = CIRCLE ( 'NONE', #2401, 2.000000000000002200 ) ;
#3937 = ORIENTED_EDGE ( 'NONE', *, *, #3490, .F. ) ;
#3938 = VERTEX_POINT ( 'NONE', #2973 ) ;
#3939 = EDGE_CURVE ( 'NONE', #3706, #3040, #2795, .T. ) ;
#3940 = FACE_BOUND ( 'NONE', #3959, .T. ) ;
#3941 = EDGE_LOOP ( 'NONE', ( #549, #2738 ) ) ;
#3942 = DIRECTION ( 'NONE',  ( 1.000000000000000000, -0.0000000000000000000, -0.0000000000000000000 ) ) ;
#3943 = VERTEX_POINT ( 'NONE', #2629 ) ;
#3944 = DIRECTION ( 'NONE',  ( 0.0000000000000000000, 1.000000000000000000, 0.0000000000000000000 ) ) ;
#3945 = AXIS2_PLACEMENT_3D ( 'NONE', #44, #290, #1861 ) ;
#3946 = ORIENTED_EDGE ( 'NONE', *, *, #577, .T. ) ;
#3947 = CIRCLE ( 'NONE', #846, 2.000000000000005300 ) ;
#3948 = AXIS2_PLACEMENT_3D ( 'NONE', #207, #2079, #1821 ) ;
#3949 = EDGE_CURVE ( 'NONE', #1866, #1925, #1999, .T. ) ;
#3950 = EDGE_LOOP ( 'NONE', ( #660, #2159 ) ) ;
#3951 = ORIENTED_EDGE ( 'NONE', *, *, #1406, .T. ) ;
#3952 = LINE ( 'NONE', #2846, #1556 ) ;
#3953 = CIRCLE ( 'NONE', #2272, 2.000000000000001800 ) ;
#3954 = CIRCLE ( 'NONE', #2387, 2.000000000000001800 ) ;
#3955 = CARTESIAN_POINT ( 'NONE',  ( 63.16044702067369300, 61.80992920665785600, 5.000000000000000000 ) ) ;
#3956 = FACE_OUTER_BOUND ( 'NONE', #1228, .T. ) ;
#3957 = CIRCLE ( 'NONE', #136, 2.000000000000001800 ) ;
#3958 = AXIS2_PLACEMENT_3D ( 'NONE', #2296, #1043, #410 ) ;
#3959 = EDGE_LOOP ( 'NONE', ( #1455, #3921 ) ) ;
#3960 = ORIENTED_EDGE ( 'NONE', *, *, #690, .F. ) ;
#3962 = EDGE_CURVE ( 'NONE', #1878, #3690, #3147, .T. ) ;
#3961 = CARTESIAN_POINT ( 'NONE',  ( 60.16044702067369300, -20.95501194873057600, 26.49999999999997200 ) ) ;
#3963 = EDGE_LOOP ( 'NONE', ( #588, #69 ) ) ;
#3964 = DIRECTION ( 'NONE',  ( 0.0000000000000000000, 1.000000000000000000, 0.0000000000000000000 ) ) ;
#3965 = ORIENTED_EDGE ( 'NONE', *, *, #2179, .F. ) ;
#3966 = EDGE_CURVE ( 'NONE', #3782, #1123, #3992, .T. ) ;
#3967 = ORIENTED_EDGE ( 'NONE', *, *, #3511, .T. ) ;
#3968 = AXIS2_PLACEMENT_3D ( 'NONE', #1586, #627, #2489 ) ;
#3969 = ORIENTED_EDGE ( 'NONE', *, *, #1439, .T. ) ;
#3970 = EDGE_LOOP ( 'NONE', ( #2334, #1030, #2240, #1590 ) ) ;
#3971 = CIRCLE ( 'NONE', #3791, 2.000000000000003600 ) ;
#3972 = CARTESIAN_POINT ( 'NONE',  ( 63.16044702067369300, 0.0000000000000000000, 0.0000000000000000000 ) ) ;
#3973 = DIRECTION ( 'NONE',  ( 1.000000000000000000, -1.972152263052526900E-031, -1.375826490327504600E-048 ) ) ;
#3974 = DIRECTION ( 'NONE',  ( 1.000000000000000000, -1.972152263052526900E-031, -1.375826490327504600E-048 ) ) ;
#3975 = LINE ( 'NONE', #1944, #938 ) ;
#3976 = ORIENTED_EDGE ( 'NONE', *, *, #1817, .F. ) ;
#3977 = CARTESIAN_POINT ( 'NONE',  ( 60.16044702067369300, 0.0000000000000000000, 0.0000000000000000000 ) ) ;
#3978 = FACE_BOUND ( 'NONE', #470, .T. ) ;
#3979 = ORIENTED_EDGE ( 'NONE', *, *, #969, .T. ) ;
#3980 = CARTESIAN_POINT ( 'NONE',  ( 63.16044702067369300, 51.04498805126924300, 49.00000000000021300 ) ) ;
#3981 = ORIENTED_EDGE ( 'NONE', *, *, #3939, .F. ) ;
#3982 = EDGE_CURVE ( 'NONE', #3293, #840, #3803, .T. ) ;
#3983 = CARTESIAN_POINT ( 'NONE',  ( 63.16044702067369300, 9.044988051269257300, 49.00000000000007100 ) ) ;
#3984 = CARTESIAN_POINT ( 'NONE',  ( 60.16044702067369300, -22.95501194873053000, 18.99999999999997500 ) ) ;
#3985 = DIRECTION ( 'NONE',  ( 1.000000000000000000, -1.972152263052526900E-031, -1.375826490327504600E-048 ) ) ;
#3986 = ORIENTED_EDGE ( 'NONE', *, *, #1026, .F. ) ;
#3987 = CYLINDRICAL_SURFACE ( 'NONE', #1562, 2.000000000000001800 ) ;
#3988 = AXIS2_PLACEMENT_3D ( 'NONE', #2189, #1780, #3113 ) ;
#3989 = DIRECTION ( 'NONE',  ( 1.000000000000000000, -1.972152263052526900E-031, -1.375826490327504600E-048 ) ) ;
#3990 = ORIENTED_EDGE ( 'NONE', *, *, #2029, .T. ) ;
#3991 = CIRCLE ( 'NONE', #1721, 2.000000000000001800 ) ;
#3992 = CIRCLE ( 'NONE', #239, 2.000000000000008900 ) ;
#3993 = DIRECTION ( 'NONE',  ( 0.0000000000000000000, 1.000000000000000000, 0.0000000000000000000 ) ) ;
#3994 = FACE_OUTER_BOUND ( 'NONE', #2994, .T. ) ;
#3995 = DIRECTION ( 'NONE',  ( 1.000000000000000000, -1.972152263052526900E-031, -1.375826490327504600E-048 ) ) ;
#3996 = CIRCLE ( 'NONE', #2242, 2.000000000000001800 ) ;
#3997 = DIRECTION ( 'NONE',  ( 0.0000000000000000000, 1.000000000000000000, 0.0000000000000000000 ) ) ;
#3998 = VECTOR ( 'NONE', #2344, 1000.000000000000000 ) ;
#3999 = CARTESIAN_POINT ( 'NONE',  ( 63.16044702067369300, -20.95501194873052200, 18.99999999999997500 ) ) ;
#4000 = ORIENTED_EDGE ( 'NONE', *, *, #3982, .T. ) ;
#4001 = DIRECTION ( 'NONE',  ( 1.000000000000000000, -1.972152263052526900E-031, -1.375826490327504600E-048 ) ) ;
#4002 = EDGE_LOOP ( 'NONE', ( #382, #1472, #2890, #2491 ) ) ;
ENDSEC;
END-ISO-10303-21;
