ISO-10303-21;
HEADER;
FILE_DESCRIPTION (( 'STEP AP214' ),
    '1' );
FILE_NAME ('Housing.STEP',
    '2019-01-10T18:28:57',
    ( '' ),
    ( '' ),
    'SwSTEP 2.0',
    'SolidWorks 2017',
    '' );
FILE_SCHEMA (( 'AUTOMOTIVE_DESIGN' ));
ENDSEC;

DATA;
#1 = B_SPLINE_CURVE_WITH_KNOTS ( 'NONE', 3,
 ( #9703, #3985, #625, #3075, #8090, #3882, #9601, #3144, #8058, #5548, #8914, #7989, #4824, #4757, #3042, #6340, #8808, #9635, #494, #5480, #1336, #10537, #525, #9744, #5619, #4724, #10441, #2180, #8881, #5581, #10468, #3957, #561, #8848 ),
 .UNSPECIFIED., .F., .F.,
 ( 4, 2, 2, 2, 2, 2, 2, 2, 2, 2, 2, 2, 2, 2, 2, 2, 4 ),
 ( 0.0000000000000000000, 0.0004000698325101466200, 0.0008001396650202932300, 0.001200209497530439800, 0.001600279330040586500, 0.002000349162550733100, 0.002400418995060879700, 0.002800488827571026300, 0.003200558660081172900, 0.003600628492591319500, 0.004000698325101466200, 0.004400768157611612300, 0.004800837990121759400, 0.005200907822631906400, 0.005600977655142052600, 0.006001047487652198800, 0.006401117320162345900 ),
 .UNSPECIFIED. ) ;
#2 = ORIENTED_EDGE ( 'NONE', *, *, #1126, .T. ) ;
#3 = DIRECTION ( 'NONE',  ( 1.000000000000000000, 0.0000000000000000000, 0.0000000000000000000 ) ) ;
#4 = ORIENTED_EDGE ( 'NONE', *, *, #10509, .F. ) ;
#5 = CARTESIAN_POINT ( 'NONE',  ( 47.41044702067365100, 68.44617026388614500, 41.51286796564299000 ) ) ;
#6 = CARTESIAN_POINT ( 'NONE',  ( -43.17272501525712900, 68.17079363580714400, 46.99667611563687300 ) ) ;
#7 = CARTESIAN_POINT ( 'NONE',  ( -11.49579670812742500, 70.71415059414883300, 47.39394569755321400 ) ) ;
#8 = AXIS2_PLACEMENT_3D ( 'NONE', #4280, #8346, #3441 ) ;
#9 =( BOUNDED_CURVE ( )  B_SPLINE_CURVE ( 3, ( #9480, #8077, #1389, #3096 ),
 .UNSPECIFIED., .F., .F. ) 
 B_SPLINE_CURVE_WITH_KNOTS ( ( 4, 4 ),
 ( 1.570796326794908500, 1.611653291732270800 ),
 .UNSPECIFIED. ) 
 CURVE ( )  GEOMETRIC_REPRESENTATION_ITEM ( )  RATIONAL_B_SPLINE_CURVE ( ( 1.000000000000000000, 0.9998608972056750600, 0.9998608972056750600, 1.000000000000000000 ) ) 
 REPRESENTATION_ITEM ( '' )  );
#10 = DIRECTION ( 'NONE',  ( 0.0000000000000000000, 0.0000000000000000000, -1.000000000000000000 ) ) ;
#11 = ORIENTED_EDGE ( 'NONE', *, *, #6290, .T. ) ;
#12 = EDGE_CURVE ( 'NONE', #8539, #503, #2549, .T. ) ;
#13 = ORIENTED_EDGE ( 'NONE', *, *, #6932, .F. ) ;
#14 = VERTEX_POINT ( 'NONE', #6375 ) ;
#15 = ORIENTED_EDGE ( 'NONE', *, *, #10725, .F. ) ;
#16 = CARTESIAN_POINT ( 'NONE',  ( -18.48955297932633400, 63.89450874643634400, 39.51286796564303900 ) ) ;
#17 = ORIENTED_EDGE ( 'NONE', *, *, #9558, .F. ) ;
#18 = CARTESIAN_POINT ( 'NONE',  ( 20.69020532434735000, 68.04017663669736700, 13.55316419702327500 ) ) ;
#19 = ORIENTED_EDGE ( 'NONE', *, *, #3214, .F. ) ;
#20 = EDGE_CURVE ( 'NONE', #5188, #2648, #6956, .T. ) ;
#21 = AXIS2_PLACEMENT_3D ( 'NONE', #10486, #7179, #577 ) ;
#22 = CARTESIAN_POINT ( 'NONE',  ( -71.04602967032580800, 0.0000000000000000000, 0.0000000000000000000 ) ) ;
#23 = DIRECTION ( 'NONE',  ( -1.000000000000000000, -1.609823385706476600E-015, 0.0000000000000000000 ) ) ;
#24 = EDGE_CURVE ( 'NONE', #10339, #666, #9912, .T. ) ;
#25 = VERTEX_POINT ( 'NONE', #8849 ) ;
#26 = ORIENTED_EDGE ( 'NONE', *, *, #3802, .F. ) ;
#27 = ORIENTED_EDGE ( 'NONE', *, *, #501, .T. ) ;
#28 = CARTESIAN_POINT ( 'NONE',  ( -57.60869562897698200, -30.17354587828001300, 13.51374924449797100 ) ) ;
#29 = CARTESIAN_POINT ( 'NONE',  ( 6.181706266604923200, -33.05388266498478300, 46.80491334438637100 ) ) ;
#30 = CIRCLE ( 'NONE', #6686, 1.399999999999998600 ) ;
#31 = CARTESIAN_POINT ( 'NONE',  ( -57.07226912488355500, 68.02446917307530300, 47.49975303815987400 ) ) ;
#32 = VERTEX_POINT ( 'NONE', #3003 ) ;
#33 = CARTESIAN_POINT ( 'NONE',  ( -40.93816563790432600, -32.89401196796841000, 13.70965140868847800 ) ) ;
#34 = ORIENTED_EDGE ( 'NONE', *, *, #8557, .F. ) ;
#35 = ORIENTED_EDGE ( 'NONE', *, *, #333, .F. ) ;
#36 = CARTESIAN_POINT ( 'NONE',  ( 35.00717560237600200, -30.20043820803002200, 47.39494116741396800 ) ) ;
#37 = CIRCLE ( 'NONE', #1005, 1.000000000000000900 ) ;
#38 = EDGE_CURVE ( 'NONE', #410, #9994, #7095, .T. ) ;
#39 = CARTESIAN_POINT ( 'NONE',  ( 19.62778827129071900, -32.84624617465427600, 13.56761369079868400 ) ) ;
#40 = EDGE_LOOP ( 'NONE', ( #2511, #4185, #7559, #8574, #7264 ) ) ;
#41 = AXIS2_PLACEMENT_3D ( 'NONE', #360, #6184, #2050 ) ;
#42 = AXIS2_PLACEMENT_3D ( 'NONE', #6183, #7004, #7941 ) ;
#43 = CARTESIAN_POINT ( 'NONE',  ( -9.822391158835062100, -32.91517397298864000, 13.77294528950233700 ) ) ;
#44 = CARTESIAN_POINT ( 'NONE',  ( -42.49282439762417600, 68.05535546595743300, 47.39494116741396800 ) ) ;
#45 = VERTEX_POINT ( 'NONE', #7404 ) ;
#46 = CARTESIAN_POINT ( 'NONE',  ( -19.08937135047400300, 69.57618225597350700, 40.89331119008070900 ) ) ;
#47 = CARTESIAN_POINT ( 'NONE',  ( -132.8082378770764600, 70.48310668740396100, 30.50000000000000000 ) ) ;
#48 = CARTESIAN_POINT ( 'NONE',  ( -8.839552979326155600, -30.72293962258783800, 15.50000000000000000 ) ) ;
#49 = ADVANCED_FACE ( 'NONE', ( #1517 ), #8755, .F. ) ;
#50 = CYLINDRICAL_SURFACE ( 'NONE', #3097, 1.899999999999999700 ) ;
#51 = DIRECTION ( 'NONE',  ( -1.000000000000000000, -1.609823385706476600E-015, 2.312964634635743000E-016 ) ) ;
#52 = DIRECTION ( 'NONE',  ( 1.000000000000000000, 1.603063405027194900E-016, 0.0000000000000000000 ) ) ;
#53 = CARTESIAN_POINT ( 'NONE',  ( 18.17274641663733800, 68.51117250990157000, 15.24349833912912400 ) ) ;
#54 = FACE_OUTER_BOUND ( 'NONE', #148, .T. ) ;
#55 = ORIENTED_EDGE ( 'NONE', *, *, #6019, .F. ) ;
#56 = DIRECTION ( 'NONE',  ( 1.000000000000000000, 3.569163070562645700E-016, 0.0000000000000000000 ) ) ;
#57 = CARTESIAN_POINT ( 'NONE',  ( -132.8082378770764600, 68.44617026388613100, 41.51286796564299000 ) ) ;
#58 = EDGE_CURVE ( 'NONE', #6353, #363, #4905, .T. ) ;
#59 = CARTESIAN_POINT ( 'NONE',  ( 20.16044702067369700, 73.48310668740414500, 45.50000000000000000 ) ) ;
#60 = CARTESIAN_POINT ( 'NONE',  ( -55.33955297932614300, -30.72293962258784500, 15.50000000000000000 ) ) ;
#61 = VECTOR ( 'NONE', #52, 1000.000000000000000 ) ;
#62 = CARTESIAN_POINT ( 'NONE',  ( 22.14784405055111100, 68.51068994291434000, 45.75832789536875800 ) ) ;
#63 = ORIENTED_EDGE ( 'NONE', *, *, #7181, .F. ) ;
#64 = DIRECTION ( 'NONE',  ( -1.000000000000000000, -1.594400883811535600E-015, 1.755596732159894500E-029 ) ) ;
#65 = CARTESIAN_POINT ( 'NONE',  ( -58.93918029584249000, 68.25274489137653700, 46.70745186629108800 ) ) ;
#66 = CIRCLE ( 'NONE', #2122, 2.000000000000001800 ) ;
#67 = DIRECTION ( 'NONE',  ( 1.000000000000000000, 0.0000000000000000000, 0.0000000000000000000 ) ) ;
#68 = CARTESIAN_POINT ( 'NONE',  ( -55.33955297932611500, -33.41951909764289000, 45.62971612474358100 ) ) ;
#69 = CARTESIAN_POINT ( 'NONE',  ( -24.33955297932614000, -33.45785864922131500, 15.50000000000000000 ) ) ;
#70 = B_SPLINE_CURVE_WITH_KNOTS ( 'NONE', 3,
 ( #807, #5062, #9121, #1646, #6658, #1755, #5096, #4195, #9157, #949, #2484, #9085, #4162, #5029, #5853, #6761, #9917, #5892, #4992, #912, #7543, #2586, #112, #3284 ),
 .UNSPECIFIED., .F., .F.,
 ( 4, 2, 2, 2, 2, 2, 2, 2, 2, 2, 2, 4 ),
 ( 0.006369424049232915800, 0.006769429621276813400, 0.007169435193320710200, 0.007969446337408502000, 0.008769457481496293800, 0.009169463053540192300, 0.009569468625584092600, 0.01036947976967191200, 0.01076948534171582100, 0.01116949091375972800, 0.01196950205784751800, 0.01276951320193530700 ),
 .UNSPECIFIED. ) ;
#71 = ORIENTED_EDGE ( 'NONE', *, *, #2139, .T. ) ;
#72 = B_SPLINE_CURVE_WITH_KNOTS ( 'NONE', 3,
 ( #7215, #8076, #3238, #8141, #4810, #4914, #1561, #723, #10627, #6539, #3166, #2294, #2262, #3205, #5708, #8867, #3129, #8044, #8174, #758, #10526, #3095, #3939, #10555, #10665, #2396, #8929, #9007, #4050, #5635, #1459, #6574 ),
 .UNSPECIFIED., .F., .F.,
 ( 4, 2, 2, 2, 2, 2, 2, 2, 2, 2, 2, 2, 2, 2, 2, 4 ),
 ( 7.757919228897728500E-018, 0.0003978912550167538500, 0.0007957825100335000000, 0.001193673765050245900, 0.001591565020066992200, 0.001989456275083738500, 0.002387347530100484100, 0.003183130040133984400, 0.003581021295150728700, 0.003978912550167473500, 0.004376803805184218200, 0.004774695060200963800, 0.005172586315217707700, 0.005570477570234452400, 0.005968368825251197200, 0.006366260080267941100 ),
 .UNSPECIFIED. ) ;
#73 = EDGE_CURVE ( 'NONE', #9449, #1562, #9268, .T. ) ;
#74 = DIRECTION ( 'NONE',  ( -1.000000000000000000, 0.0000000000000000000, -0.0000000000000000000 ) ) ;
#75 = CARTESIAN_POINT ( 'NONE',  ( 24.88247239614251800, -20.52275989687055400, 4.000000000000000000 ) ) ;
#76 = CYLINDRICAL_SURFACE ( 'NONE', #8079, 1.000000000000000000 ) ;
#77 = CARTESIAN_POINT ( 'NONE',  ( -12.83955297932615000, -33.41998545748176500, 15.37186173385272500 ) ) ;
#78 = SPHERICAL_SURFACE ( 'NONE', #4403, 1.000000000000000000 ) ;
#79 = CARTESIAN_POINT ( 'NONE',  ( -56.04602967032580800, -22.81533917918841000, 3.000000000000000000 ) ) ;
#80 = VECTOR ( 'NONE', #4429, 1000.000000000000000 ) ;
#81 = ORIENTED_EDGE ( 'NONE', *, *, #2000, .F. ) ;
#82 = DIRECTION ( 'NONE',  ( 1.619075244245020800E-015, -1.000000000000000000, 0.0000000000000000000 ) ) ;
#83 = CARTESIAN_POINT ( 'NONE',  ( -58.24112259762336000, 68.08600764125185400, 13.70986368167312200 ) ) ;
#84 = AXIS2_PLACEMENT_3D ( 'NONE', #7760, #9370, #5207 ) ;
#85 = CIRCLE ( 'NONE', #4778, 60.00000000000000000 ) ;
#86 = CARTESIAN_POINT ( 'NONE',  ( 36.56183436209551000, 70.74892922589576500, 13.70965140868846900 ) ) ;
#87 = CYLINDRICAL_SURFACE ( 'NONE', #969, 2.000000000000015500 ) ;
#88 = VERTEX_POINT ( 'NONE', #2380 ) ;
#89 = CARTESIAN_POINT ( 'NONE',  ( 5.195660491281921100, 68.04070974003170100, 47.44502177122844000 ) ) ;
#90 = CARTESIAN_POINT ( 'NONE',  ( 49.41044702067365100, 68.82276910198831400, 39.51286796564298200 ) ) ;
#91 = DIRECTION ( 'NONE',  ( -0.0000000000000000000, 0.0000000000000000000, 1.000000000000000000 ) ) ;
#92 = CARTESIAN_POINT ( 'NONE',  ( 37.66044702067370100, 71.31277590714870500, 45.50000000000000000 ) ) ;
#93 = CARTESIAN_POINT ( 'NONE',  ( -43.83955297932632800, 71.31277590714869100, 45.50000000000000000 ) ) ;
#94 = CIRCLE ( 'NONE', #1425, 1.899999999999999000 ) ;
#95 = CARTESIAN_POINT ( 'NONE',  ( -14.11752760385748400, -17.52275989687055700, 8.490435472824181300 ) ) ;
#96 = ORIENTED_EDGE ( 'NONE', *, *, #535, .T. ) ;
#97 = ADVANCED_FACE ( 'NONE', ( #4384 ), #3986, .T. ) ;
#98 = EDGE_CURVE ( 'NONE', #6353, #4694, #3336, .T. ) ;
#99 = CARTESIAN_POINT ( 'NONE',  ( -58.67272501525712200, 68.17079363580715800, 46.99667611563689500 ) ) ;
#100 = AXIS2_PLACEMENT_3D ( 'NONE', #7324, #10533, #764 ) ;
#101 = CYLINDRICAL_SURFACE ( 'NONE', #9645, 2.500000000000002200 ) ;
#102 = CARTESIAN_POINT ( 'NONE',  ( 21.49747725478635700, -32.99255080583945000, 14.00690927629785200 ) ) ;
#103 = CARTESIAN_POINT ( 'NONE',  ( 51.23547521167728300, -30.16912664673632300, 47.50119503069186100 ) ) ;
#104 = ORIENTED_EDGE ( 'NONE', *, *, #8737, .T. ) ;
#105 = CARTESIAN_POINT ( 'NONE',  ( 35.13109455567013800, 68.04408440918861300, 13.56676028455132700 ) ) ;
#106 = CARTESIAN_POINT ( 'NONE',  ( -15.33955297932625200, 10.48310668740398200, 30.50000000000000000 ) ) ;
#107 = ORIENTED_EDGE ( 'NONE', *, *, #9005, .F. ) ;
#108 = LINE ( 'NONE', #3618, #1943 ) ;
#109 = DIRECTION ( 'NONE',  ( 0.0000000000000000000, 0.0000000000000000000, 1.000000000000000000 ) ) ;
#110 = ORIENTED_EDGE ( 'NONE', *, *, #98, .T. ) ;
#111 = AXIS2_PLACEMENT_3D ( 'NONE', #8387, #8355, #4255 ) ;
#112 = CARTESIAN_POINT ( 'NONE',  ( -39.83955297932633500, 71.23612436353393200, 15.24066099409188100 ) ) ;
#113 = EDGE_CURVE ( 'NONE', #5333, #2465, #5279, .T. ) ;
#114 = CARTESIAN_POINT ( 'NONE',  ( 51.88571763815988900, -30.08575787413919000, 47.78947112026515500 ) ) ;
#115 = ORIENTED_EDGE ( 'NONE', *, *, #358, .T. ) ;
#116 = CARTESIAN_POINT ( 'NONE',  ( 2.673132874714087700, 68.51045767053923900, 45.75921544411350800 ) ) ;
#117 = SPHERICAL_SURFACE ( 'NONE', #8060, 1.000000000000000000 ) ;
#118 = DIRECTION ( 'NONE',  ( 1.000000000000000000, 0.0000000000000000000, 0.0000000000000000000 ) ) ;
#119 = EDGE_LOOP ( 'NONE', ( #9460, #5577, #1690, #9054, #2046, #8015 ) ) ;
#120 = CARTESIAN_POINT ( 'NONE',  ( 4.804235092285939300E-015, -25.95501194873042300, 0.0000000000000000000 ) ) ;
#121 = CARTESIAN_POINT ( 'NONE',  ( -132.8082378770764600, 20.56252476838793800, 30.50000000000000400 ) ) ;
#122 = CARTESIAN_POINT ( 'NONE',  ( -12.83955297932631400, 71.31277590714870500, 15.50000000000000000 ) ) ;
#123 = EDGE_LOOP ( 'NONE', ( #5782, #3017, #2745, #7895, #8553, #3875 ) ) ;
#124 = CARTESIAN_POINT ( 'NONE',  ( 33.66044702067370100, 68.57785688051524200, 45.50000000000000000 ) ) ;
#125 = ORIENTED_EDGE ( 'NONE', *, *, #510, .F. ) ;
#126 = EDGE_CURVE ( 'NONE', #8437, #2580, #852, .T. ) ;
#127 = ORIENTED_EDGE ( 'NONE', *, *, #9204, .T. ) ;
#128 = CARTESIAN_POINT ( 'NONE',  ( -57.60491464120668300, 68.02830081479798700, 47.48680050506429500 ) ) ;
#129 = ORIENTED_EDGE ( 'NONE', *, *, #5723, .T. ) ;
#130 = CARTESIAN_POINT ( 'NONE',  ( 50.62752020696977700, 68.04492001749032700, 47.43039213333942400 ) ) ;
#131 = CARTESIAN_POINT ( 'NONE',  ( -56.80599987748458100, -32.84630911213133000, 47.43220025939530200 ) ) ;
#132 = DIRECTION ( 'NONE',  ( 1.000000000000000000, 0.0000000000000000000, 0.0000000000000000000 ) ) ;
#133 = B_SPLINE_CURVE_WITH_KNOTS ( 'NONE', 3,
 ( #1069, #8514, #337, #3550, #9306, #9346, #3584, #3619, #6157, #10226, #1950, #4424, #306, #9383, #3658, #10159, #4499, #10261, #2847, #7660, #9275, #6947, #1032, #268, #10195, #1881 ),
 .UNSPECIFIED., .F., .F.,
 ( 4, 2, 2, 2, 2, 2, 2, 2, 2, 2, 2, 2, 4 ),
 ( 0.006342387075903248600, 0.006740216801652401000, 0.007138046527401552400, 0.007933705978899856200, 0.008331535704649013800, 0.008729365430398167800, 0.009127195156147325400, 0.009525024881896481200, 0.01032068433339479500, 0.01071851405914394500, 0.01111634378489309600, 0.01191200323639140000, 0.01270766268788970200 ),
 .UNSPECIFIED. ) ;
#134 = ORIENTED_EDGE ( 'NONE', *, *, #10367, .T. ) ;
#135 = ORIENTED_EDGE ( 'NONE', *, *, #6872, .F. ) ;
#136 = CARTESIAN_POINT ( 'NONE',  ( -10.30735218776040300, -32.84165132730743900, 13.55368265994383300 ) ) ;
#137 = ORIENTED_EDGE ( 'NONE', *, *, #2157, .F. ) ;
#138 = DIRECTION ( 'NONE',  ( 0.0000000000000000000, 0.0000000000000000000, -1.000000000000000000 ) ) ;
#139 = ORIENTED_EDGE ( 'NONE', *, *, #3932, .F. ) ;
#140 = DIRECTION ( 'NONE',  ( 1.000000000000000000, 1.609823385706476600E-015, -0.0000000000000000000 ) ) ;
#141 = AXIS2_PLACEMENT_3D ( 'NONE', #4821, #736, #1607 ) ;
#142 = CARTESIAN_POINT ( 'NONE',  ( -61.04602967032580100, -25.78102443107316700, 56.86384176188965300 ) ) ;
#143 = EDGE_CURVE ( 'NONE', #1165, #2630, #9536, .T. ) ;
#144 = FACE_BOUND ( 'NONE', #3647, .T. ) ;
#145 = CARTESIAN_POINT ( 'NONE',  ( 19.88949068979569600, 70.68300600963898700, 13.51394238300088300 ) ) ;
#146 = ADVANCED_FACE ( 'NONE', ( #1642 ), #9014, .F. ) ;
#147 = DIRECTION ( 'NONE',  ( 0.0000000000000000000, 1.000000000000000000, 0.0000000000000000000 ) ) ;
#148 = EDGE_LOOP ( 'NONE', ( #9749, #2285, #8907, #9527 ) ) ;
#149 = CARTESIAN_POINT ( 'NONE',  ( -33.48752760385749400, -14.90975989687055900, 8.650000000000000400 ) ) ;
#150 = VERTEX_POINT ( 'NONE', #1509 ) ;
#151 = EDGE_LOOP ( 'NONE', ( #2826, #1602 ) ) ;
#152 = DIRECTION ( 'NONE',  ( -1.000000000000000000, -1.603063405027194900E-016, 1.679119789090434800E-030 ) ) ;
#153 = ORIENTED_EDGE ( 'NONE', *, *, #7479, .T. ) ;
#154 = ORIENTED_EDGE ( 'NONE', *, *, #2818, .F. ) ;
#155 = CIRCLE ( 'NONE', #3737, 4.899999999999980800 ) ;
#156 = EDGE_CURVE ( 'NONE', #8725, #8500, #2692, .T. ) ;
#157 = DIRECTION ( 'NONE',  ( 0.0000000000000000000, 0.0000000000000000000, -1.000000000000000000 ) ) ;
#158 = DIRECTION ( 'NONE',  ( 0.0000000000000000000, 0.0000000000000000000, -1.000000000000000000 ) ) ;
#159 = EDGE_CURVE ( 'NONE', #1613, #3265, #3077, .T. ) ;
#160 = CARTESIAN_POINT ( 'NONE',  ( 37.26427029183177800, 70.94210176516115500, 46.70182250880206700 ) ) ;
#161 = ORIENTED_EDGE ( 'NONE', *, *, #6636, .F. ) ;
#162 = AXIS2_PLACEMENT_3D ( 'NONE', #4645, #2135, #9627 ) ;
#163 = ADVANCED_FACE ( 'NONE', ( #993 ), #8492, .F. ) ;
#164 = VERTEX_POINT ( 'NONE', #698 ) ;
#165 = ORIENTED_EDGE ( 'NONE', *, *, #4988, .T. ) ;
#166 = CARTESIAN_POINT ( 'NONE',  ( -28.33955297932615700, -33.45785864922134300, 45.50000000000000000 ) ) ;
#167 = CARTESIAN_POINT ( 'NONE',  ( -14.11752760385748600, 36.09024010312946700, 4.000000000000001800 ) ) ;
#168 = CARTESIAN_POINT ( 'NONE',  ( -14.11752760385748800, 36.09024010312946700, 3.414213562373096700 ) ) ;
#169 = VECTOR ( 'NONE', #1094, 1000.000000000000000 ) ;
#170 = DIRECTION ( 'NONE',  ( -1.594400883811535600E-015, 1.000000000000000000, -3.810082304938285900E-046 ) ) ;
#171 = CARTESIAN_POINT ( 'NONE',  ( 24.88247239614251800, 9.714477141289696200E-016, 9.263639781882645300 ) ) ;
#172 = CARTESIAN_POINT ( 'NONE',  ( -26.61050931020414700, -32.82808875171157600, 13.51394238300087200 ) ) ;
#173 = LINE ( 'NONE', #9838, #10403 ) ;
#174 = ORIENTED_EDGE ( 'NONE', *, *, #6976, .F. ) ;
#175 = EDGE_CURVE ( 'NONE', #10291, #7146, #6596, .T. ) ;
#176 = CIRCLE ( 'NONE', #10217, 2.499999999999998700 ) ;
#177 = AXIS2_PLACEMENT_3D ( 'NONE', #885, #6594, #5828 ) ;
#178 = CARTESIAN_POINT ( 'NONE',  ( 36.55817479306374200, 68.08542183316704700, 13.70785373847571800 ) ) ;
#179 = EDGE_CURVE ( 'NONE', #2590, #6101, #4657, .T. ) ;
#180 = FACE_OUTER_BOUND ( 'NONE', #7370, .T. ) ;
#181 = ORIENTED_EDGE ( 'NONE', *, *, #1558, .T. ) ;
#182 = DIRECTION ( 'NONE',  ( 0.0000000000000000000, 0.0000000000000000000, 1.000000000000000000 ) ) ;
#183 = CARTESIAN_POINT ( 'NONE',  ( -15.11752760385748800, 38.09024010312946700, 3.000000000000000000 ) ) ;
#184 = FACE_OUTER_BOUND ( 'NONE', #4933, .T. ) ;
#185 = DIRECTION ( 'NONE',  ( -1.000000000000000000, -4.857238570644847900E-017, 0.0000000000000000000 ) ) ;
#186 = DIRECTION ( 'NONE',  ( 0.0000000000000000000, -3.540213062891026400E-015, -1.000000000000000000 ) ) ;
#187 = DIRECTION ( 'NONE',  ( 1.000000000000000000, 1.594400883811531400E-015, -4.111757811428299200E-016 ) ) ;
#188 = EDGE_LOOP ( 'NONE', ( #8054, #3279, #6264, #9462 ) ) ;
#189 = CIRCLE ( 'NONE', #4858, 1.999999999999998200 ) ;
#190 = ORIENTED_EDGE ( 'NONE', *, *, #7963, .F. ) ;
#191 = EDGE_CURVE ( 'NONE', #4166, #3285, #10186, .T. ) ;
#192 = DIRECTION ( 'NONE',  ( 0.0000000000000000000, 0.0000000000000000000, -1.000000000000000000 ) ) ;
#193 = LINE ( 'NONE', #999, #8102 ) ;
#194 = DIRECTION ( 'NONE',  ( 0.0000000000000000000, 0.0000000000000000000, -1.000000000000000000 ) ) ;
#195 = CARTESIAN_POINT ( 'NONE',  ( -10.57483104671433900, 70.67808960840119400, 13.49946613378535300 ) ) ;
#196 = VECTOR ( 'NONE', #7392, 1000.000000000000100 ) ;
#197 = DIRECTION ( 'NONE',  ( -1.609823385706476600E-015, 1.000000000000000000, 0.0000000000000000000 ) ) ;
#198 = LINE ( 'NONE', #7515, #3987 ) ;
#199 = CARTESIAN_POINT ( 'NONE',  ( 50.16044702067368600, 64.23011617120123200, 52.00000000000002100 ) ) ;
#200 = VERTEX_POINT ( 'NONE', #7507 ) ;
#201 = ADVANCED_FACE ( 'NONE', ( #9391 ), #4125, .F. ) ;
#202 = CARTESIAN_POINT ( 'NONE',  ( -39.83955297932622800, 20.56252476838795200, 30.50000000000000400 ) ) ;
#203 = DIRECTION ( 'NONE',  ( 0.0000000000000000000, 0.0000000000000000000, 1.000000000000000000 ) ) ;
#204 = CARTESIAN_POINT ( 'NONE',  ( 49.30585764824805800, 68.37276235205949600, 46.27421689899200900 ) ) ;
#205 = VECTOR ( 'NONE', #7921, 1000.000000000000000 ) ;
#206 = DIRECTION ( 'NONE',  ( 0.0000000000000000000, 0.0000000000000000000, 1.000000000000000000 ) ) ;
#207 = LINE ( 'NONE', #3982, #8753 ) ;
#208 = AXIS2_PLACEMENT_3D ( 'NONE', #5898, #9194, #8226 ) ;
#209 = B_SPLINE_CURVE_WITH_KNOTS ( 'NONE', 3,
 ( #92, #4309, #5901, #3431, #1877, #10080, #9199, #160, #4272, #6772, #7589, #8405, #10461, #5646, #588, #7291, #6442, #5575, #7254, #10641, #2304, #2334, #10598, #653, #4855, #8085, #6409, #3136, #1569, #5684, #691, #1433, #2372, #6507 ),
 .UNSPECIFIED., .F., .F.,
 ( 4, 2, 2, 2, 2, 2, 2, 2, 2, 2, 2, 2, 2, 2, 2, 2, 4 ),
 ( 6.938893903907228400E-018, 0.0004000698325101512800, 0.0008001396650202956200, 0.001200209497530439800, 0.001600279330040584300, 0.002000349162550728700, 0.002400418995060872800, 0.002800488827571017200, 0.003200558660081161700, 0.003600628492591306100, 0.004000698325101450500, 0.004400768157611595000, 0.004800837990121738600, 0.005200907822631883000, 0.005600977655142027500, 0.006001047487652171900, 0.006401117320162316400 ),
 .UNSPECIFIED. ) ;
#210 = VECTOR ( 'NONE', #6620, 1000.000000000000000 ) ;
#211 = EDGE_CURVE ( 'NONE', #3626, #3287, #5159, .T. ) ;
#212 = LINE ( 'NONE', #9039, #3079 ) ;
#213 = CARTESIAN_POINT ( 'NONE',  ( 49.82390194753143900, -30.31678452251983900, 14.00650777892165500 ) ) ;
#214 = DIRECTION ( 'NONE',  ( 1.000000000000000000, 0.0000000000000000000, -0.0000000000000000000 ) ) ;
#215 = CARTESIAN_POINT ( 'NONE',  ( 19.50420329187274900, -32.85923333622145700, 47.39394569755320700 ) ) ;
#216 = CARTESIAN_POINT ( 'NONE',  ( -56.00075197883593600, 70.84798285723592000, 46.99152284956495200 ) ) ;
#217 = ADVANCED_FACE ( 'NONE', ( #477 ), #10058, .F. ) ;
#218 = LINE ( 'NONE', #1739, #7610 ) ;
#219 = DIRECTION ( 'NONE',  ( 0.0000000000000000000, 0.0000000000000000000, 1.000000000000000000 ) ) ;
#220 = ORIENTED_EDGE ( 'NONE', *, *, #3214, .T. ) ;
#221 = AXIS2_PLACEMENT_3D ( 'NONE', #5912, #9245, #132 ) ;
#222 = AXIS2_PLACEMENT_3D ( 'NONE', #8972, #2473, #10702 ) ;
#223 = CARTESIAN_POINT ( 'NONE',  ( -10.30979467565249900, -30.18525937876996300, 13.55316419702326800 ) ) ;
#224 = CARTESIAN_POINT ( 'NONE',  ( 35.52321959931322900, -30.16954820565701900, 13.50023440605407100 ) ) ;
#225 = CARTESIAN_POINT ( 'NONE',  ( -28.24118367646899600, -33.26667909558639000, 46.13278356156683900 ) ) ;
#226 = FACE_OUTER_BOUND ( 'NONE', #6752, .T. ) ;
#227 = DIRECTION ( 'NONE',  ( 0.0000000000000000000, 0.0000000000000000000, 1.000000000000000000 ) ) ;
#228 = ORIENTED_EDGE ( 'NONE', *, *, #3900, .T. ) ;
#229 = CARTESIAN_POINT ( 'NONE',  ( 25.88060874372187900, 35.39024010312946400, 9.324662987640136800 ) ) ;
#230 = DIRECTION ( 'NONE',  ( 0.0000000000000000000, 0.0000000000000000000, 1.000000000000000000 ) ) ;
#231 = VECTOR ( 'NONE', #1434, 1000.000000000000000 ) ;
#232 = ORIENTED_EDGE ( 'NONE', *, *, #3735, .T. ) ;
#233 = EDGE_CURVE ( 'NONE', #1551, #3935, #7343, .T. ) ;
#234 = CARTESIAN_POINT ( 'NONE',  ( -9.504679534543555500, -30.31634314087383700, 46.99503805186613900 ) ) ;
#235 = PLANE ( 'NONE',  #9161 ) ;
#236 = VERTEX_POINT ( 'NONE', #6805 ) ;
#237 = AXIS2_PLACEMENT_3D ( 'NONE', #4488, #9442, #8758 ) ;
#238 = AXIS2_PLACEMENT_3D ( 'NONE', #10365, #5364, #6948 ) ;
#239 = CARTESIAN_POINT ( 'NONE',  ( 40.21247239614250900, 33.35024010312945800, -1.040834085586084300E-014 ) ) ;
#240 = CARTESIAN_POINT ( 'NONE',  ( 18.22232784339760100, 71.15939277287429800, 46.01007006353241700 ) ) ;
#241 = VERTEX_POINT ( 'NONE', #10073 ) ;
#242 = CARTESIAN_POINT ( 'NONE',  ( 33.91855108937058100, -30.45805203243089600, 46.49123464712618400 ) ) ;
#243 = LINE ( 'NONE', #7593, #10722 ) ;
#244 = CARTESIAN_POINT ( 'NONE',  ( 50.89130437102303300, -30.17354587828000200, 13.51374924449798500 ) ) ;
#245 = ORIENTED_EDGE ( 'NONE', *, *, #6803, .T. ) ;
#246 = CARTESIAN_POINT ( 'NONE',  ( 47.41044702067365800, 62.69007228669787000, 40.51286796564304600 ) ) ;
#247 = CARTESIAN_POINT ( 'NONE',  ( 19.25921533153217900, -32.89400056355842100, 47.29038196465388200 ) ) ;
#248 = CARTESIAN_POINT ( 'NONE',  ( -12.82697628782421300, 71.23594082613279000, 45.75812014233034800 ) ) ;
#249 = ORIENTED_EDGE ( 'NONE', *, *, #8134, .F. ) ;
#250 = VERTEX_POINT ( 'NONE', #4996 ) ;
#251 = CARTESIAN_POINT ( 'NONE',  ( 41.31247239614251000, 33.35024010312945800, 7.000000000000000000 ) ) ;
#252 = ORIENTED_EDGE ( 'NONE', *, *, #5116, .T. ) ;
#253 = EDGE_CURVE ( 'NONE', #8416, #8824, #1814, .T. ) ;
#254 = ORIENTED_EDGE ( 'NONE', *, *, #906, .F. ) ;
#255 = DIRECTION ( 'NONE',  ( -1.573428027951569800E-015, 1.000000000000000000, 0.0000000000000000000 ) ) ;
#256 = CARTESIAN_POINT ( 'NONE',  ( 50.73374366343490000, -26.37519891327412900, 50.09999999999959600 ) ) ;
#257 = CARTESIAN_POINT ( 'NONE',  ( -132.8082378770764600, -26.16654736466223200, 57.58586771000600600 ) ) ;
#258 = ORIENTED_EDGE ( 'NONE', *, *, #5332, .F. ) ;
#259 = CARTESIAN_POINT ( 'NONE',  ( -61.04602967032580100, -25.72039438186902100, 57.36015214575595400 ) ) ;
#260 = DIRECTION ( 'NONE',  ( -0.0000000000000000000, -1.000000000000000000, -0.0000000000000000000 ) ) ;
#261 = ORIENTED_EDGE ( 'NONE', *, *, #2470, .F. ) ;
#262 = DIRECTION ( 'NONE',  ( 0.0000000000000000000, 0.0000000000000000000, 1.000000000000000000 ) ) ;
#263 = ORIENTED_EDGE ( 'NONE', *, *, #7561, .T. ) ;
#264 = EDGE_LOOP ( 'NONE', ( #914, #9166, #9482, #4801, #4335, #4307 ) ) ;
#265 = DIRECTION ( 'NONE',  ( -1.000000000000000000, 0.0000000000000000000, 0.0000000000000000000 ) ) ;
#266 = ORIENTED_EDGE ( 'NONE', *, *, #5827, .T. ) ;
#267 = CARTESIAN_POINT ( 'NONE',  ( 37.66044702067371500, 70.48310668740398900, 30.50000000000000000 ) ) ;
#268 = CARTESIAN_POINT ( 'NONE',  ( -8.891011092489092600, 68.44187919405467800, 14.98092632939599500 ) ) ;
#269 = ORIENTED_EDGE ( 'NONE', *, *, #7238, .F. ) ;
#270 = EDGE_CURVE ( 'NONE', #7641, #4985, #6324, .T. ) ;
#271 = CARTESIAN_POINT ( 'NONE',  ( -19.48955297932625200, 10.48310668740398000, 30.50000000000000000 ) ) ;
#272 = DIRECTION ( 'NONE',  ( -1.000000000000000000, -1.609823385706476600E-015, 2.312964634635743000E-016 ) ) ;
#273 = VERTEX_POINT ( 'NONE', #7581 ) ;
#274 = VERTEX_POINT ( 'NONE', #1682 ) ;
#275 = VERTEX_POINT ( 'NONE', #9229 ) ;
#276 = CARTESIAN_POINT ( 'NONE',  ( -26.47678040068677800, -30.16954820565703300, 13.50023440605406800 ) ) ;
#277 = CIRCLE ( 'NONE', #3351, 2.000000000000001800 ) ;
#278 = DIRECTION ( 'NONE',  ( 1.000000000000000000, -0.0000000000000000000, 0.0000000000000000000 ) ) ;
#279 = CARTESIAN_POINT ( 'NONE',  ( 49.16044702067387100, -30.68971918547861600, 15.37133780032230300 ) ) ;
#280 = PLANE ( 'NONE',  #2454 ) ;
#281 = ORIENTED_EDGE ( 'NONE', *, *, #10436, .T. ) ;
#282 = CARTESIAN_POINT ( 'NONE',  ( -58.67649904925896500, 70.84740366713101900, 46.99329394968422200 ) ) ;
#283 = CARTESIAN_POINT ( 'NONE',  ( 44.94247239614253400, -14.90975989687055900, 4.000000000000000000 ) ) ;
#284 = ORIENTED_EDGE ( 'NONE', *, *, #1475, .T. ) ;
#285 = CARTESIAN_POINT ( 'NONE',  ( 25.88060874372187600, -16.82275989687055400, 9.324662987640136800 ) ) ;
#286 = ORIENTED_EDGE ( 'NONE', *, *, #2245, .F. ) ;
#287 = EDGE_CURVE ( 'NONE', #2648, #8508, #597, .T. ) ;
#288 = DIRECTION ( 'NONE',  ( -1.000000000000000000, 0.0000000000000000000, 0.0000000000000000000 ) ) ;
#289 = CARTESIAN_POINT ( 'NONE',  ( -71.04602967032580800, 54.90992920665785700, 3.000000000000000000 ) ) ;
#290 = FACE_BOUND ( 'NONE', #3907, .T. ) ;
#291 = CARTESIAN_POINT ( 'NONE',  ( 49.16044702067372200, 69.77966316755106400, 39.66069809549077300 ) ) ;
#292 = CARTESIAN_POINT ( 'NONE',  ( 50.73374366343473700, -26.56928043817892900, 50.10000000000004400 ) ) ;
#293 = DIRECTION ( 'NONE',  ( 1.609823385706476600E-015, -1.000000000000000000, -4.165779463821302700E-032 ) ) ;
#294 = CARTESIAN_POINT ( 'NONE',  ( -15.98955297932633200, 64.69007228669742900, 32.95073593128705600 ) ) ;
#295 = ORIENTED_EDGE ( 'NONE', *, *, #6779, .T. ) ;
#296 = CARTESIAN_POINT ( 'NONE',  ( -18.65998228641436500, 70.03928464836177200, 32.08563133244230400 ) ) ;
#297 = DIRECTION ( 'NONE',  ( -0.0000000000000000000, -1.000000000000000000, 0.0000000000000000000 ) ) ;
#298 = CARTESIAN_POINT ( 'NONE',  ( -35.98752760385749400, -14.90975989687055900, -1.040834085586084300E-014 ) ) ;
#299 = FACE_BOUND ( 'NONE', #7023, .T. ) ;
#300 = DIRECTION ( 'NONE',  ( -0.0000000000000000000, 0.0000000000000000000, 1.000000000000000000 ) ) ;
#301 = EDGE_CURVE ( 'NONE', #6050, #7368, #7990, .T. ) ;
#302 = AXIS2_PLACEMENT_3D ( 'NONE', #5328, #4583, #342 ) ;
#303 = AXIS2_PLACEMENT_3D ( 'NONE', #2513, #3314, #4947 ) ;
#304 = FACE_OUTER_BOUND ( 'NONE', #4161, .T. ) ;
#305 = ORIENTED_EDGE ( 'NONE', *, *, #10155, .F. ) ;
#306 = CARTESIAN_POINT ( 'NONE',  ( -11.36890544432986700, 68.04408440918861300, 13.56676028455132200 ) ) ;
#307 = CARTESIAN_POINT ( 'NONE',  ( -59.33955297932633500, 71.31277590714869100, 15.50000000000000000 ) ) ;
#308 = CARTESIAN_POINT ( 'NONE',  ( 18.16044702067384600, -33.45785864922130800, 15.50000000000000000 ) ) ;
#309 = CARTESIAN_POINT ( 'NONE',  ( -24.33955297932615400, -30.72293962258784100, 15.50000000000000000 ) ) ;
#310 = VECTOR ( 'NONE', #8840, 1000.000000000000000 ) ;
#311 = CARTESIAN_POINT ( 'NONE',  ( 19.25921533153202200, 70.74891782148580400, 47.29038196465388200 ) ) ;
#312 = FACE_OUTER_BOUND ( 'NONE', #2721, .T. ) ;
#313 = VERTEX_POINT ( 'NONE', #5103 ) ;
#314 = EDGE_CURVE ( 'NONE', #8811, #9173, #2949, .T. ) ;
#315 = CARTESIAN_POINT ( 'NONE',  ( 53.16044702067385700, -30.72293962258782700, 15.50000000000000000 ) ) ;
#316 = AXIS2_PLACEMENT_3D ( 'NONE', #3321, #1608, #838 ) ;
#317 = CARTESIAN_POINT ( 'NONE',  ( 0.0000000000000000000, 0.0000000000000000000, 0.0000000000000000000 ) ) ;
#318 = EDGE_CURVE ( 'NONE', #3128, #5333, #10095, .T. ) ;
#319 = ADVANCED_FACE ( 'NONE', ( #5549 ), #1936, .T. ) ;
#320 = CYLINDRICAL_SURFACE ( 'NONE', #5164, 2.500000000000002200 ) ;
#321 = ORIENTED_EDGE ( 'NONE', *, *, #3137, .F. ) ;
#322 = CARTESIAN_POINT ( 'NONE',  ( 37.40531829286636200, -33.15610591502700500, 46.48592630112440100 ) ) ;
#323 = CYLINDRICAL_SURFACE ( 'NONE', #8559, 4.900000000000000400 ) ;
#324 = DIRECTION ( 'NONE',  ( 0.0000000000000000000, 1.000000000000000000, 0.0000000000000000000 ) ) ;
#325 = CARTESIAN_POINT ( 'NONE',  ( -28.32697628782404600, -33.38102356820541400, 45.75812014233033400 ) ) ;
#326 = LINE ( 'NONE', #4341, #8879 ) ;
#327 =( BOUNDED_SURFACE ( )  B_SPLINE_SURFACE ( 3, 2, ( 
 ( #6907, #9450, #10321 ),
 ( #8583, #10190, #9339 ),
 ( #5398, #2058, #332 ),
 ( #8654, #6225, #1249 ),
 ( #7728, #2097, #2922 ),
 ( #4415, #3613, #1166 ),
 ( #6973, #5248, #2023 ),
 ( #8614, #1099, #8549 ),
 ( #9375, #4456, #6111 ),
 ( #3690, #4530, #3800 ),
 ( #3908, #487, #8726 ),
 ( #9629, #9662, #9528 ),
 ( #4649, #8767, #7119 ),
 ( #2958, #10399, #6405 ) ),
 .UNSPECIFIED., .F., .F., .F. ) 
 B_SPLINE_SURFACE_WITH_KNOTS ( ( 4, 2, 2, 2, 2, 2, 4 ),
 ( 3, 3 ),
 ( 0.001366356673218938300, 0.002153776747810410000, 0.002547486785106145700, 0.002941196822401881900, 0.003334906859697618100, 0.003728616896993353900, 0.004516036971584825800 ),
 ( 0.0000000000000000000, 1.000000000000000000 ),
 .UNSPECIFIED. ) 
 GEOMETRIC_REPRESENTATION_ITEM ( )  RATIONAL_B_SPLINE_SURFACE ( (
 ( 1.000000000000000000, 0.7071067811865471300, 1.000000000000000000),
 ( 1.000000000000000000, 0.7000784442354054400, 1.000000000000000000),
 ( 1.000000000000000000, 0.6922925750679064200, 1.000000000000000000),
 ( 1.000000000000000000, 0.6804768818886709500, 1.000000000000000000),
 ( 1.000000000000000000, 0.6765701756577474600, 1.000000000000000000),
 ( 1.000000000000000000, 0.6689000874524765300, 1.000000000000000000),
 ( 1.000000000000000000, 0.6651092363343015200, 1.000000000000000000),
 ( 1.000000000000000000, 0.6580969985410424200, 1.000000000000000000),
 ( 1.000000000000000000, 0.6548388190646083900, 1.000000000000000000),
 ( 1.000000000000000000, 0.6489524848532675100, 1.000000000000000000),
 ( 1.000000000000000000, 0.6463568344566984500, 1.000000000000000000),
 ( 1.000000000000000000, 0.6400438604519532700, 1.000000000000000000),
 ( 1.000000000000000000, 0.6376680128947451700, 1.000000000000000000),
 ( 1.000000000000000000, 0.6377073078306732000, 1.000000000000000000) ) ) 
 REPRESENTATION_ITEM ( '' )  SURFACE ( )  );
#328 = TOROIDAL_SURFACE ( 'NONE', #8752, 3.499999999999998700, 1.000000000000000000 ) ;
#329 = CARTESIAN_POINT ( 'NONE',  ( 24.88247239614251400, 38.09024010312946700, 10.26363978188264500 ) ) ;
#330 = CARTESIAN_POINT ( 'NONE',  ( -14.10433714267714800, -16.95248654649459800, 9.509931843722045000 ) ) ;
#331 = LINE ( 'NONE', #2298, #6325 ) ;
#332 = CARTESIAN_POINT ( 'NONE',  ( -18.46384247433276500, 68.70826013993649900, 39.77328479908190000 ) ) ;
#333 = EDGE_CURVE ( 'NONE', #1331, #9067, #3594, .T. ) ;
#334 = CARTESIAN_POINT ( 'NONE',  ( -59.33955297932615000, -33.45785864922132200, 15.50000000000000000 ) ) ;
#335 = CIRCLE ( 'NONE', #8835, 0.9999999999999992200 ) ;
#336 = DIRECTION ( 'NONE',  ( -1.000000000000000000, 0.0000000000000000000, 0.0000000000000000000 ) ) ;
#337 = CARTESIAN_POINT ( 'NONE',  ( -12.82725358336267100, 68.51117250990154200, 15.24349833912912200 ) ) ;
#338 = CIRCLE ( 'NONE', #8732, 1.899999999999999700 ) ;
#339 = ORIENTED_EDGE ( 'NONE', *, *, #1001, .F. ) ;
#340 = CARTESIAN_POINT ( 'NONE',  ( 48.81442892533161200, 70.29618732188058100, 32.31918393001223700 ) ) ;
#341 = CARTESIAN_POINT ( 'NONE',  ( 3.048046024763305000, 70.93927171953343700, 14.28859990521050500 ) ) ;
#342 = DIRECTION ( 'NONE',  ( 0.0000000000000000000, 2.124151195073640800E-015, 1.000000000000000000 ) ) ;
#343 = CARTESIAN_POINT ( 'NONE',  ( 18.82350095074105300, 70.84740366713106100, 46.99329394968421500 ) ) ;
#344 = AXIS2_PLACEMENT_3D ( 'NONE', #9706, #3185, #3113 ) ;
#345 = LINE ( 'NONE', #665, #3743 ) ;
#346 = CARTESIAN_POINT ( 'NONE',  ( 49.16044702067372200, 70.44402646178203000, 32.66520202535433300 ) ) ;
#347 = EDGE_CURVE ( 'NONE', #3626, #7605, #10133, .T. ) ;
#348 = CARTESIAN_POINT ( 'NONE',  ( -8.839552979326317200, 71.31277590714870500, 15.50000000000000000 ) ) ;
#349 = ORIENTED_EDGE ( 'NONE', *, *, #10088, .F. ) ;
#350 = DIRECTION ( 'NONE',  ( 1.224646799147353200E-016, 1.000000000000000000, 0.0000000000000000000 ) ) ;
#351 = CARTESIAN_POINT ( 'NONE',  ( -12.83955297932625000, 10.48310668740398200, 30.50000000000000000 ) ) ;
#352 = DIRECTION ( 'NONE',  ( 1.609823385706476600E-015, -1.000000000000000000, -4.165779463821302700E-032 ) ) ;
#353 = LINE ( 'NONE', #3841, #3491 ) ;
#354 = EDGE_CURVE ( 'NONE', #5142, #3894, #7492, .T. ) ;
#355 = CARTESIAN_POINT ( 'NONE',  ( -15.33955297932634900, 67.85138516078997400, 12.92499999999894700 ) ) ;
#356 = CARTESIAN_POINT ( 'NONE',  ( 34.64114007975628300, -32.91560170640237000, 47.22577069338046100 ) ) ;
#357 = ORIENTED_EDGE ( 'NONE', *, *, #7028, .T. ) ;
#358 = EDGE_CURVE ( 'NONE', #4597, #9173, #9790, .T. ) ;
#359 = CARTESIAN_POINT ( 'NONE',  ( 48.41044702067365100, 68.79690248987461100, 39.59658434588377700 ) ) ;
#360 = CARTESIAN_POINT ( 'NONE',  ( 42.71247239614250900, 33.35024010312945800, 7.000000000000000000 ) ) ;
#361 = CARTESIAN_POINT ( 'NONE',  ( 18.22237616398760800, -30.58887534674137500, 14.98948247064433100 ) ) ;
#362 = AXIS2_PLACEMENT_3D ( 'NONE', #1151, #2828, #4513 ) ;
#363 = VERTEX_POINT ( 'NONE', #7833 ) ;
#364 = DIRECTION ( 'NONE',  ( 1.000000000000000000, 0.0000000000000000000, 0.0000000000000000000 ) ) ;
#365 = DIRECTION ( 'NONE',  ( -1.000000000000000000, 0.0000000000000000000, 0.0000000000000000000 ) ) ;
#366 = CARTESIAN_POINT ( 'NONE',  ( -61.04602967032580100, 70.30479599894567900, 35.12228167828152400 ) ) ;
#367 = LINE ( 'NONE', #6848, #7242 ) ;
#368 = CARTESIAN_POINT ( 'NONE',  ( 53.16044702067368600, 71.31277590714871900, 45.50000000000000000 ) ) ;
#369 = ORIENTED_EDGE ( 'NONE', *, *, #6690, .F. ) ;
#370 = CARTESIAN_POINT ( 'NONE',  ( 52.39524450973638600, 70.81924034325152200, 13.92119940995662100 ) ) ;
#371 = ORIENTED_EDGE ( 'NONE', *, *, #1002, .F. ) ;
#372 = CARTESIAN_POINT ( 'NONE',  ( -58.00182649008198200, 70.71487442898784100, 13.60820298217127300 ) ) ;
#373 = CARTESIAN_POINT ( 'NONE',  ( -43.83955297932622100, 10.48310668740397700, 30.50000000000000000 ) ) ;
#374 = EDGE_CURVE ( 'NONE', #9852, #1461, #4771, .T. ) ;
#375 = VERTEX_POINT ( 'NONE', #3483 ) ;
#376 = DIRECTION ( 'NONE',  ( 0.0000000000000000000, 0.0000000000000000000, -1.000000000000000000 ) ) ;
#377 = FACE_OUTER_BOUND ( 'NONE', #10149, .T. ) ;
#378 = CARTESIAN_POINT ( 'NONE',  ( 49.07021560399587700, 70.42397190199919500, 32.57497060867652300 ) ) ;
#379 = AXIS2_PLACEMENT_3D ( 'NONE', #3511, #5325, #9418 ) ;
#380 = ORIENTED_EDGE ( 'NONE', *, *, #4539, .T. ) ;
#381 = AXIS2_PLACEMENT_3D ( 'NONE', #5942, #998, #9965 ) ;
#382 = DIRECTION ( 'NONE',  ( 0.0000000000000000000, 0.0000000000000000000, -1.000000000000000000 ) ) ;
#383 = DIRECTION ( 'NONE',  ( 1.609823385706476600E-015, -1.000000000000000000, 0.0000000000000000000 ) ) ;
#384 = EDGE_CURVE ( 'NONE', #5843, #2092, #2425, .T. ) ;
#385 = VERTEX_POINT ( 'NONE', #9654 ) ;
#386 = EDGE_LOOP ( 'NONE', ( #7501, #7802, #7104, #4323 ) ) ;
#387 = CARTESIAN_POINT ( 'NONE',  ( 5.995320465456448900, -30.31634314087383700, 46.99503805186612500 ) ) ;
#388 = ORIENTED_EDGE ( 'NONE', *, *, #5509, .T. ) ;
#389 = CARTESIAN_POINT ( 'NONE',  ( -56.04602967032580800, 61.80992920665785600, 6.899999999999999500 ) ) ;
#390 = ORIENTED_EDGE ( 'NONE', *, *, #8412, .F. ) ;
#391 = ORIENTED_EDGE ( 'NONE', *, *, #10168, .F. ) ;
#392 = CARTESIAN_POINT ( 'NONE',  ( 39.21247239614250900, 33.35024010312945800, 3.000000000000000000 ) ) ;
#393 = ORIENTED_EDGE ( 'NONE', *, *, #10041, .T. ) ;
#394 = DIRECTION ( 'NONE',  ( 1.000000000000000000, 0.0000000000000000000, 0.0000000000000000000 ) ) ;
#395 = CARTESIAN_POINT ( 'NONE',  ( 36.89950957254699700, -32.96543143332153400, 47.07544141014531600 ) ) ;
#396 = EDGE_CURVE ( 'NONE', #7634, #2661, #6570, .T. ) ;
#397 = ORIENTED_EDGE ( 'NONE', *, *, #6622, .F. ) ;
#398 = EDGE_LOOP ( 'NONE', ( #10609, #1540, #7047, #5833 ) ) ;
#399 = CARTESIAN_POINT ( 'NONE',  ( -14.11752760385748600, 35.39024010312946400, 9.324662987640136800 ) ) ;
#400 = EDGE_LOOP ( 'NONE', ( #8734, #3007, #2798, #5616, #153, #8146 ) ) ;
#401 = CARTESIAN_POINT ( 'NONE',  ( 60.16044702067369300, -26.37519891327379200, 52.00000000000002100 ) ) ;
#402 = ADVANCED_FACE ( 'NONE', ( #10691 ), #4688, .F. ) ;
#403 = CARTESIAN_POINT ( 'NONE',  ( 6.660447020673782200, 27.37181057052338700, 30.50000000000000000 ) ) ;
#404 = CARTESIAN_POINT ( 'NONE',  ( 47.50184470555102200, 68.44617026388616000, 40.51286796564299000 ) ) ;
#405 = LINE ( 'NONE', #7389, #7029 ) ;
#406 = CARTESIAN_POINT ( 'NONE',  ( -15.98955297932624800, 10.48310668740398200, 30.50000000000000000 ) ) ;
#407 = CARTESIAN_POINT ( 'NONE',  ( 36.19566049128209800, -30.18579248210431100, 47.44502177122844700 ) ) ;
#408 = CARTESIAN_POINT ( 'NONE',  ( 45.26044702067366600, 64.96539364637716600, 28.35098846298121300 ) ) ;
#409 = CARTESIAN_POINT ( 'NONE',  ( -39.83955297932615700, -30.72293962258784500, 15.50000000000000000 ) ) ;
#410 = VERTEX_POINT ( 'NONE', #8160 ) ;
#411 = ORIENTED_EDGE ( 'NONE', *, *, #3929, .T. ) ;
#412 = ORIENTED_EDGE ( 'NONE', *, *, #1643, .T. ) ;
#413 = ORIENTED_EDGE ( 'NONE', *, *, #3317, .F. ) ;
#414 = CARTESIAN_POINT ( 'NONE',  ( 51.66065236025478000, 61.17492835968161600, 48.16909574168948900 ) ) ;
#415 = CARTESIAN_POINT ( 'NONE',  ( 50.16044702067368600, -26.37519891327379200, 53.90000000000002000 ) ) ;
#416 = AXIS2_PLACEMENT_3D ( 'NONE', #4748, #5570, #2300 ) ;
#417 = CARTESIAN_POINT ( 'NONE',  ( 20.16044702067369700, 73.48310668740414500, 15.50000000000000000 ) ) ;
#418 = EDGE_CURVE ( 'NONE', #9771, #9684, #1377, .T. ) ;
#419 = CYLINDRICAL_SURFACE ( 'NONE', #9668, 1.000000000000000000 ) ;
#420 = PLANE ( 'NONE',  #8213 ) ;
#421 = CARTESIAN_POINT ( 'NONE',  ( 51.42452208019202000, 68.02426035739100000, 13.49954016622350400 ) ) ;
#422 = CARTESIAN_POINT ( 'NONE',  ( -55.33955297932612200, -33.45785864922132200, 15.50000000000000000 ) ) ;
#423 = CARTESIAN_POINT ( 'NONE',  ( -43.83955297932623600, 20.56252476838795200, 30.50000000000000400 ) ) ;
#424 = CARTESIAN_POINT ( 'NONE',  ( -8.839552979326132500, -33.45785864922130800, 45.50000000000000000 ) ) ;
#425 = ORIENTED_EDGE ( 'NONE', *, *, #9224, .T. ) ;
#426 = ORIENTED_EDGE ( 'NONE', *, *, #9813, .F. ) ;
#427 = VERTEX_POINT ( 'NONE', #9235 ) ;
#428 = CARTESIAN_POINT ( 'NONE',  ( 37.60945263302431800, -33.30282785278759400, 14.98311939265721000 ) ) ;
#429 = CARTESIAN_POINT ( 'NONE',  ( 4.133588803708788000, -30.18895428268300700, 47.43396315314851100 ) ) ;
#430 = LINE ( 'NONE', #5770, #3292 ) ;
#431 = CARTESIAN_POINT ( 'NONE',  ( 50.17755929236249600, -24.65463462980493900, 52.82928943160142400 ) ) ;
#432 = AXIS2_PLACEMENT_3D ( 'NONE', #4419, #10081, #6908 ) ;
#433 = FILL_AREA_STYLE ('',( #7787 ) ) ;
#434 = ADVANCED_FACE ( 'NONE', ( #8359 ), #5923, .F. ) ;
#435 = CARTESIAN_POINT ( 'NONE',  ( -41.83955297932632100, 73.48310668740404600, 15.50000000000000000 ) ) ;
#436 = CYLINDRICAL_SURFACE ( 'NONE', #1442, 1.399999999999998600 ) ;
#437 = ORIENTED_EDGE ( 'NONE', *, *, #6200, .F. ) ;
#438 = AXIS2_PLACEMENT_3D ( 'NONE', #7229, #8882, #5652 ) ;
#439 = DIRECTION ( 'NONE',  ( 0.0000000000000000000, 0.0000000000000000000, 1.000000000000000000 ) ) ;
#440 = CARTESIAN_POINT ( 'NONE',  ( 36.56438650299943300, -32.89447195299492000, 47.28897289183627400 ) ) ;
#441 = LINE ( 'NONE', #8798, #5127 ) ;
#442 = DIRECTION ( 'NONE',  ( -1.000000000000000000, 0.0000000000000000000, 0.0000000000000000000 ) ) ;
#443 = CARTESIAN_POINT ( 'NONE',  ( -26.86890544432987200, 68.04408440918859900, 13.56676028455132000 ) ) ;
#444 = CARTESIAN_POINT ( 'NONE',  ( 19.14357945949862800, -30.24940942227408100, 13.77274710912329200 ) ) ;
#445 = DIRECTION ( 'NONE',  ( -0.0000000000000000000, -0.0000000000000000000, 1.000000000000000000 ) ) ;
#446 = CARTESIAN_POINT ( 'NONE',  ( 50.16044702067368600, -25.78102443107318800, 56.86384176188963100 ) ) ;
#447 = CIRCLE ( 'NONE', #2003, 1.999999999999999100 ) ;
#448 = ORIENTED_EDGE ( 'NONE', *, *, #4752, .T. ) ;
#449 = CARTESIAN_POINT ( 'NONE',  ( -18.52938291279007300, 69.78069232860369200, 31.95503195881801900 ) ) ;
#450 = CARTESIAN_POINT ( 'NONE',  ( 45.26044702067367400, 64.91511211908157000, 28.61974956504590800 ) ) ;
#451 = EDGE_CURVE ( 'NONE', #8444, #7147, #198, .T. ) ;
#452 = EDGE_CURVE ( 'NONE', #2724, #5489, #3202, .T. ) ;
#453 = CARTESIAN_POINT ( 'NONE',  ( 44.27690722842983500, 70.48310668740397500, 31.31719613904318700 ) ) ;
#454 = AXIS2_PLACEMENT_3D ( 'NONE', #9616, #7999, #505 ) ;
#455 = CIRCLE ( 'NONE', #84, 2.500000000000002200 ) ;
#456 = AXIS2_PLACEMENT_3D ( 'NONE', #4494, #10256, #6365 ) ;
#457 = CARTESIAN_POINT ( 'NONE',  ( -71.04602967032580800, 67.00934761752108700, 10.38075333641062400 ) ) ;
#458 = CARTESIAN_POINT ( 'NONE',  ( 2.660447020673710700, 68.57785688051524200, 15.50000000000000000 ) ) ;
#459 = ORIENTED_EDGE ( 'NONE', *, *, #6701, .F. ) ;
#460 = LINE ( 'NONE', #8232, #6823 ) ;
#461 = VERTEX_POINT ( 'NONE', #10002 ) ;
#462 = DIRECTION ( 'NONE',  ( 1.609823385706476600E-015, -1.000000000000000000, -4.165779463821302700E-032 ) ) ;
#463 = CARTESIAN_POINT ( 'NONE',  ( -14.11752760385748600, -9.714477141289696200E-016, 9.263639781882645300 ) ) ;
#464 = CARTESIAN_POINT ( 'NONE',  ( -56.43816563790434100, -32.89401196796838200, 13.70965140868846700 ) ) ;
#465 = CARTESIAN_POINT ( 'NONE',  ( -12.44192604277034400, -33.08655644579639700, 46.70377594517700000 ) ) ;
#466 = ADVANCED_FACE ( 'NONE', ( #8744 ), #6316, .F. ) ;
#467 = VECTOR ( 'NONE', #726, 1000.000000000000000 ) ;
#468 = DIRECTION ( 'NONE',  ( 0.0000000000000000000, 0.0000000000000000000, -1.000000000000000000 ) ) ;
#469 = FACE_OUTER_BOUND ( 'NONE', #5845, .T. ) ;
#470 = ORIENTED_EDGE ( 'NONE', *, *, #750, .T. ) ;
#471 = DIRECTION ( 'NONE',  ( 0.0000000000000000000, 0.0000000000000000000, -1.000000000000000000 ) ) ;
#472 = DIRECTION ( 'NONE',  ( -1.000000000000000000, 0.0000000000000000000, 0.0000000000000000000 ) ) ;
#473 = EDGE_CURVE ( 'NONE', #8092, #10381, #1898, .T. ) ;
#474 = DIRECTION ( 'NONE',  ( -1.609823385706476600E-015, 1.000000000000000000, 0.0000000000000000000 ) ) ;
#475 = VECTOR ( 'NONE', #4784, 1000.000000000000000 ) ;
#476 = VECTOR ( 'NONE', #2744, 1000.000000000000000 ) ;
#477 = FACE_OUTER_BOUND ( 'NONE', #1301, .T. ) ;
#478 = FACE_OUTER_BOUND ( 'NONE', #1435, .T. ) ;
#479 = CARTESIAN_POINT ( 'NONE',  ( 49.16044702067372200, 69.64438329820836800, 40.49835548917910400 ) ) ;
#480 = DIRECTION ( 'NONE',  ( 1.000000000000000000, 0.0000000000000000000, -0.0000000000000000000 ) ) ;
#481 = DIRECTION ( 'NONE',  ( 0.0000000000000000000, 0.0000000000000000000, -1.000000000000000000 ) ) ;
#482 = CIRCLE ( 'NONE', #2199, 0.5000000000000004400 ) ;
#483 = CARTESIAN_POINT ( 'NONE',  ( 18.82727498474304500, -30.31587637787976400, 46.99667611563685200 ) ) ;
#484 = CARTESIAN_POINT ( 'NONE',  ( 45.26044702067366600, 64.88120988926039000, 28.80096125727682100 ) ) ;
#485 = CARTESIAN_POINT ( 'NONE',  ( -24.53507028980629900, 71.04698018332520300, 46.37209799849231500 ) ) ;
#486 = CARTESIAN_POINT ( 'NONE',  ( 22.16044702067379600, 10.48310668740398700, 30.50000000000000000 ) ) ;
#487 = CARTESIAN_POINT ( 'NONE',  ( -17.84650898427874900, 69.66116213650506900, 40.45350543506890500 ) ) ;
#488 = EDGE_LOOP ( 'NONE', ( #8836, #9888, #8181, #4236, #258, #3651 ) ) ;
#489 = EDGE_CURVE ( 'NONE', #836, #1397, #9524, .T. ) ;
#490 = ADVANCED_FACE ( 'NONE', ( #1632 ), #8484, .F. ) ;
#491 = CARTESIAN_POINT ( 'NONE',  ( -14.11566395143685200, 35.39024010312946400, 9.324662987640136800 ) ) ;
#492 = CARTESIAN_POINT ( 'NONE',  ( 45.16044702067369300, -17.05501194873043900, 3.000000000000000000 ) ) ;
#493 = CYLINDRICAL_SURFACE ( 'NONE', #2739, 1.000000000000000900 ) ;
#494 = CARTESIAN_POINT ( 'NONE',  ( -42.10579053462630100, -32.82785786935673400, 47.48673861149424600 ) ) ;
#495 = CARTESIAN_POINT ( 'NONE',  ( 48.18938305511841200, 68.58087437761098200, 40.14612972430445800 ) ) ;
#496 = EDGE_LOOP ( 'NONE', ( #759, #1077, #8143, #6066 ) ) ;
#497 = DIRECTION ( 'NONE',  ( -0.0000000000000000000, 0.6427876096865351400, -0.7660444431189815700 ) ) ;
#498 = AXIS2_PLACEMENT_3D ( 'NONE', #2458, #3262, #9134 ) ;
#499 = CARTESIAN_POINT ( 'NONE',  ( -71.04602967032586500, 62.73011617120125300, 60.00000000000002100 ) ) ;
#500 = CARTESIAN_POINT ( 'NONE',  ( 50.73374366343475800, 64.23011617120090500, 50.09999999999959600 ) ) ;
#501 = EDGE_CURVE ( 'NONE', #1701, #3636, #6048, .T. ) ;
#502 = LINE ( 'NONE', #3804, #3356 ) ;
#503 = VERTEX_POINT ( 'NONE', #7554 ) ;
#504 = ORIENTED_EDGE ( 'NONE', *, *, #1647, .F. ) ;
#505 = DIRECTION ( 'NONE',  ( 1.000000000000000000, 0.0000000000000000000, 0.0000000000000000000 ) ) ;
#506 = EDGE_LOOP ( 'NONE', ( #4672, #5210, #943, #6983, #4582, #7136 ) ) ;
#507 = DIRECTION ( 'NONE',  ( -1.000000000000000000, 0.0000000000000000000, 0.0000000000000000000 ) ) ;
#508 = LINE ( 'NONE', #10545, #6870 ) ;
#509 = ORIENTED_EDGE ( 'NONE', *, *, #1211, .T. ) ;
#510 = EDGE_CURVE ( 'NONE', #8024, #461, #10683, .T. ) ;
#511 = DIRECTION ( 'NONE',  ( 0.0000000000000000000, 0.0000000000000000000, -1.000000000000000000 ) ) ;
#512 = CARTESIAN_POINT ( 'NONE',  ( -39.83955297932632800, 71.27443635557023100, 45.62971612474358100 ) ) ;
#513 = ADVANCED_FACE ( 'NONE', ( #4509 ), #5146, .T. ) ;
#514 = AXIS2_PLACEMENT_3D ( 'NONE', #1285, #2201, #6403 ) ;
#515 = CARTESIAN_POINT ( 'NONE',  ( -12.83955297932623600, 20.56252476838795900, 30.50000000000000400 ) ) ;
#516 = VERTEX_POINT ( 'NONE', #2526 ) ;
#517 = DIRECTION ( 'NONE',  ( -0.0000000000000000000, 0.0000000000000000000, -1.000000000000000000 ) ) ;
#518 = ORIENTED_EDGE ( 'NONE', *, *, #6311, .T. ) ;
#519 = CARTESIAN_POINT ( 'NONE',  ( 22.10945263302415100, 71.15774511071499800, 14.98311939265720700 ) ) ;
#520 = ORIENTED_EDGE ( 'NONE', *, *, #9005, .T. ) ;
#521 = CARTESIAN_POINT ( 'NONE',  ( 49.40328833398433500, -33.15563365417249700, 14.51105109821025800 ) ) ;
#522 = VERTEX_POINT ( 'NONE', #2636 ) ;
#523 = CARTESIAN_POINT ( 'NONE',  ( 33.66044702067368600, 73.48310668740417400, 15.50000000000000000 ) ) ;
#524 = CARTESIAN_POINT ( 'NONE',  ( 24.88247239614251400, 37.09024010312946700, -9.140568438989676200E-032 ) ) ;
#525 = CARTESIAN_POINT ( 'NONE',  ( -42.85885992024374500, -32.91560170640238400, 47.22577069338046100 ) ) ;
#526 = VERTEX_POINT ( 'NONE', #6769 ) ;
#527 = EDGE_CURVE ( 'NONE', #907, #811, #10057, .T. ) ;
#528 = DIRECTION ( 'NONE',  ( 0.0000000000000000000, 0.0000000000000000000, -1.000000000000000000 ) ) ;
#529 = ORIENTED_EDGE ( 'NONE', *, *, #10625, .T. ) ;
#530 = AXIS2_PLACEMENT_3D ( 'NONE', #6501, #7321, #2235 ) ;
#531 = CARTESIAN_POINT ( 'NONE',  ( -59.24110834625312100, -33.26665795402287500, 14.86715418018974500 ) ) ;
#532 = VERTEX_POINT ( 'NONE', #4386 ) ;
#533 = EDGE_LOOP ( 'NONE', ( #232, #5034, #10491, #2321 ) ) ;
#534 = DIRECTION ( 'NONE',  ( -0.0000000000000000000, -0.0000000000000000000, -1.000000000000000000 ) ) ;
#535 = EDGE_CURVE ( 'NONE', #9681, #836, #4376, .T. ) ;
#536 = ORIENTED_EDGE ( 'NONE', *, *, #6247, .T. ) ;
#537 = CARTESIAN_POINT ( 'NONE',  ( 2.759619323520970700, -30.55532435617653400, 46.13529537627118800 ) ) ;
#538 = CARTESIAN_POINT ( 'NONE',  ( 33.66044702067370100, 68.57785688051524200, 45.50000000000000000 ) ) ;
#539 = ADVANCED_FACE ( 'NONE', ( #2939, #3856 ), #10154, .F. ) ;
#540 = ORIENTED_EDGE ( 'NONE', *, *, #3158, .F. ) ;
#541 = DIRECTION ( 'NONE',  ( 1.000000000000000000, 1.609823385706476600E-015, 2.312964634635743000E-016 ) ) ;
#542 = ORIENTED_EDGE ( 'NONE', *, *, #9806, .T. ) ;
#543 = ORIENTED_EDGE ( 'NONE', *, *, #4939, .F. ) ;
#544 = FACE_BOUND ( 'NONE', #3685, .T. ) ;
#545 = EDGE_CURVE ( 'NONE', #722, #9446, #8224, .T. ) ;
#546 = CARTESIAN_POINT ( 'NONE',  ( -56.04602967032580800, 61.80992920665785600, 5.000000000000000000 ) ) ;
#547 = CARTESIAN_POINT ( 'NONE',  ( -41.97076030325168000, 70.67822042021420300, 47.50014823481632900 ) ) ;
#548 = ORIENTED_EDGE ( 'NONE', *, *, #4717, .T. ) ;
#549 = ORIENTED_EDGE ( 'NONE', *, *, #9844, .T. ) ;
#550 = CARTESIAN_POINT ( 'NONE',  ( 22.16044702067386000, -30.72293962258783400, 45.50000000000000000 ) ) ;
#551 = ORIENTED_EDGE ( 'NONE', *, *, #8377, .F. ) ;
#552 = CARTESIAN_POINT ( 'NONE',  ( -59.27716093425097900, -30.58844033812552600, 46.01213823740297200 ) ) ;
#553 = DIRECTION ( 'NONE',  ( -0.0000000000000000000, 0.0000000000000000000, 1.000000000000000000 ) ) ;
#554 = CARTESIAN_POINT ( 'NONE',  ( -61.04602967032580100, -26.16654736466222200, 57.58586771000599900 ) ) ;
#555 = VECTOR ( 'NONE', #5561, 1000.000000000000000 ) ;
#556 = DIRECTION ( 'NONE',  ( 1.000000000000000000, 0.0000000000000000000, 0.0000000000000000000 ) ) ;
#557 = CARTESIAN_POINT ( 'NONE',  ( -71.04602967032580800, -17.05501194873043900, 3.000000000000000000 ) ) ;
#558 = ORIENTED_EDGE ( 'NONE', *, *, #1744, .T. ) ;
#559 = CARTESIAN_POINT ( 'NONE',  ( 60.16044702067369300, 56.90992920665785700, 5.000000000000000000 ) ) ;
#560 = AXIS2_PLACEMENT_3D ( 'NONE', #9767, #10595, #8145 ) ;
#561 = CARTESIAN_POINT ( 'NONE',  ( -43.83955297932615000, -33.41997979128041900, 45.62815743688999200 ) ) ;
#562 = EDGE_CURVE ( 'NONE', #5066, #7147, #721, .T. ) ;
#563 = DIRECTION ( 'NONE',  ( 1.000000000000000000, 0.0000000000000000000, 0.0000000000000000000 ) ) ;
#564 = CIRCLE ( 'NONE', #6076, 60.00000000000000000 ) ;
#565 = CARTESIAN_POINT ( 'NONE',  ( 22.16044702067369300, 73.48310668740416000, 15.50000000000000000 ) ) ;
#566 = ADVANCED_FACE ( 'NONE', ( #6447 ), #328, .F. ) ;
#567 = VECTOR ( 'NONE', #2169, 1000.000000000000100 ) ;
#568 = VERTEX_POINT ( 'NONE', #3649 ) ;
#569 = CARTESIAN_POINT ( 'NONE',  ( 24.88247239614251800, -18.52275989687055400, 3.000000000000000000 ) ) ;
#570 = EDGE_CURVE ( 'NONE', #6249, #2530, #9003, .T. ) ;
#571 = DIRECTION ( 'NONE',  ( 1.609823385706476600E-015, -1.000000000000000000, -4.165779463821302700E-032 ) ) ;
#572 = AXIS2_PLACEMENT_3D ( 'NONE', #7212, #612, #3021 ) ;
#573 = CYLINDRICAL_SURFACE ( 'NONE', #5039, 52.92058191901602300 ) ;
#574 = EDGE_CURVE ( 'NONE', #8684, #8665, #5672, .T. ) ;
#575 = AXIS2_PLACEMENT_3D ( 'NONE', #6722, #7573, #9984 ) ;
#576 = DIRECTION ( 'NONE',  ( 0.0000000000000000000, 0.0000000000000000000, -1.000000000000000000 ) ) ;
#577 = DIRECTION ( 'NONE',  ( 1.000000000000000000, 0.0000000000000000000, 0.0000000000000000000 ) ) ;
#578 = VECTOR ( 'NONE', #3002, 1000.000000000000000 ) ;
#579 = ORIENTED_EDGE ( 'NONE', *, *, #8051, .F. ) ;
#580 = CARTESIAN_POINT ( 'NONE',  ( -43.17649904925897200, 70.84740366713103300, 46.99329394968419400 ) ) ;
#581 = VECTOR ( 'NONE', #2055, 1000.000000000000000 ) ;
#582 = CARTESIAN_POINT ( 'NONE',  ( 20.69566049128209400, -30.18579248210431100, 47.44502177122846100 ) ) ;
#583 = DIRECTION ( 'NONE',  ( 1.000000000000000000, 4.857238570644847900E-017, -4.570284219494838400E-033 ) ) ;
#584 = CARTESIAN_POINT ( 'NONE',  ( -59.33955297932623600, 17.29239248953931700, 30.50000000000000400 ) ) ;
#585 = ORIENTED_EDGE ( 'NONE', *, *, #9110, .F. ) ;
#586 = CARTESIAN_POINT ( 'NONE',  ( 24.88247239614251400, 39.09024010312946700, 3.000000000000000000 ) ) ;
#587 = EDGE_CURVE ( 'NONE', #9684, #4585, #8883, .T. ) ;
#588 = CARTESIAN_POINT ( 'NONE',  ( 36.19400012251524900, 70.70122637005869100, 47.43220025939528000 ) ) ;
#589 = DIRECTION ( 'NONE',  ( -0.0000000000000000000, -0.0000000000000000000, 1.000000000000000000 ) ) ;
#590 = ADVANCED_FACE ( 'NONE', ( #2170 ), #10177, .T. ) ;
#591 = AXIS2_PLACEMENT_3D ( 'NONE', #3815, #10652, #7958 ) ;
#592 = CIRCLE ( 'NONE', #2687, 2.500000000000002200 ) ;
#593 = CARTESIAN_POINT ( 'NONE',  ( 50.16044702067368600, 43.63761170006511500, 26.17902992074464700 ) ) ;
#594 = CARTESIAN_POINT ( 'NONE',  ( -24.59669472598147200, 68.31343972487225400, 46.48953342699891800 ) ) ;
#595 = CIRCLE ( 'NONE', #6474, 60.00000000000000000 ) ;
#596 = DIRECTION ( 'NONE',  ( 1.000000000000000000, 1.609823385706476600E-015, -0.0000000000000000000 ) ) ;
#597 = LINE ( 'NONE', #4303, #1386 ) ;
#598 = CARTESIAN_POINT ( 'NONE',  ( -18.48955297932633400, 63.74065331216825600, 40.33524465737404100 ) ) ;
#599 = FACE_OUTER_BOUND ( 'NONE', #5079, .T. ) ;
#600 = CARTESIAN_POINT ( 'NONE',  ( 22.16044702067369300, 73.48310668740416000, 15.50000000000000000 ) ) ;
#601 = CARTESIAN_POINT ( 'NONE',  ( 24.88247239614251800, -17.48023852640315900, 10.26363978188264500 ) ) ;
#602 = LINE ( 'NONE', #22, #4779 ) ;
#603 = DIRECTION ( 'NONE',  ( -1.594400883811535600E-015, 1.000000000000000000, -1.047444401652940000E-014 ) ) ;
#604 = FACE_OUTER_BOUND ( 'NONE', #6897, .T. ) ;
#605 = CARTESIAN_POINT ( 'NONE',  ( 5.993791436154084300, 68.17087352066855000, 14.00361017943398100 ) ) ;
#606 = VERTEX_POINT ( 'NONE', #1101 ) ;
#607 = CARTESIAN_POINT ( 'NONE',  ( 37.59850795308162900, 68.44384999936771400, 46.01029410947544600 ) ) ;
#608 = EDGE_CURVE ( 'NONE', #4897, #274, #2600, .T. ) ;
#609 = PLANE ( 'NONE',  #2686 ) ;
#610 = PLANE ( 'NONE',  #7633 ) ;
#611 = VECTOR ( 'NONE', #1303, 1000.000000000000000 ) ;
#612 = DIRECTION ( 'NONE',  ( -0.0000000000000000000, -0.0000000000000000000, 1.000000000000000000 ) ) ;
#613 = ORIENTED_EDGE ( 'NONE', *, *, #5988, .F. ) ;
#614 = CARTESIAN_POINT ( 'NONE',  ( -24.33955297932631400, 68.57785688051524200, 15.50000000000000000 ) ) ;
#615 = CARTESIAN_POINT ( 'NONE',  ( -39.85205226153596700, 71.23620159947623200, 45.75724934956181800 ) ) ;
#616 = ADVANCED_FACE ( 'NONE', ( #6708 ), #9376, .F. ) ;
#617 = DIRECTION ( 'NONE',  ( -1.000000000000000000, -1.609823385706476600E-015, -2.312964634635743000E-016 ) ) ;
#618 = CARTESIAN_POINT ( 'NONE',  ( -39.83955297932630700, 68.57785688051522800, 45.50000000000000000 ) ) ;
#619 = CARTESIAN_POINT ( 'NONE',  ( -24.35205226153594900, 71.23620159947626000, 45.75724934956181800 ) ) ;
#620 = LINE ( 'NONE', #6304, #8258 ) ;
#621 = DIRECTION ( 'NONE',  ( 0.0000000000000000000, 0.0000000000000000000, -1.000000000000000000 ) ) ;
#622 = EDGE_CURVE ( 'NONE', #4221, #10036, #6885, .T. ) ;
#623 = ORIENTED_EDGE ( 'NONE', *, *, #2074, .T. ) ;
#624 = ORIENTED_EDGE ( 'NONE', *, *, #2683, .T. ) ;
#625 = CARTESIAN_POINT ( 'NONE',  ( -39.85205226153580300, -33.38128434154887000, 45.75724934956181000 ) ) ;
#626 = FACE_OUTER_BOUND ( 'NONE', #1663, .T. ) ;
#627 = EDGE_LOOP ( 'NONE', ( #9832, #5298, #6988, #2121 ) ) ;
#628 = DIRECTION ( 'NONE',  ( -1.594400883811535600E-015, 1.000000000000000000, -1.047444401652940000E-014 ) ) ;
#629 = AXIS2_PLACEMENT_3D ( 'NONE', #901, #3376, #5050 ) ;
#630 = CARTESIAN_POINT ( 'NONE',  ( 18.16044702067386000, -30.72293962258785500, 45.50000000000000000 ) ) ;
#631 = AXIS2_PLACEMENT_3D ( 'NONE', #10666, #794, #829 ) ;
#632 = EDGE_CURVE ( 'NONE', #1017, #3789, #4896, .T. ) ;
#633 = ORIENTED_EDGE ( 'NONE', *, *, #871, .T. ) ;
#634 = VERTEX_POINT ( 'NONE', #7629 ) ;
#635 = FACE_OUTER_BOUND ( 'NONE', #10229, .T. ) ;
#636 = CARTESIAN_POINT ( 'NONE',  ( 60.16044702067369300, 61.80992920665785600, 5.000000000000000000 ) ) ;
#637 = ORIENTED_EDGE ( 'NONE', *, *, #9171, .F. ) ;
#638 = ADVANCED_FACE ( 'NONE', ( #7595 ), #4115, .F. ) ;
#639 = DIRECTION ( 'NONE',  ( -4.857238570644847900E-017, 1.000000000000000000, 0.0000000000000000000 ) ) ;
#640 = ORIENTED_EDGE ( 'NONE', *, *, #5706, .F. ) ;
#641 = ORIENTED_EDGE ( 'NONE', *, *, #9478, .F. ) ;
#642 = EDGE_CURVE ( 'NONE', #6448, #5503, #10432, .T. ) ;
#643 = EDGE_LOOP ( 'NONE', ( #9472, #9319, #6759, #2099 ) ) ;
#644 = CARTESIAN_POINT ( 'NONE',  ( -40.93561349700077300, 70.74938921092228800, 47.28897289183627400 ) ) ;
#645 = AXIS2_PLACEMENT_3D ( 'NONE', #10268, #5413, #2934 ) ;
#646 = VERTEX_POINT ( 'NONE', #334 ) ;
#647 = AXIS2_PLACEMENT_3D ( 'NONE', #6755, #2479, #4158 ) ;
#648 = DIRECTION ( 'NONE',  ( 1.000000000000000000, 0.0000000000000000000, 0.0000000000000000000 ) ) ;
#649 = CARTESIAN_POINT ( 'NONE',  ( 52.66044702067391400, -24.88641407228938400, 46.82287565553222900 ) ) ;
#650 = CARTESIAN_POINT ( 'NONE',  ( -27.57592060091658200, 70.81965261166008900, 47.07755070606839400 ) ) ;
#651 = CARTESIAN_POINT ( 'NONE',  ( 60.16044702067369300, -17.05501194873043900, 5.000000000000000000 ) ) ;
#652 = ORIENTED_EDGE ( 'NONE', *, *, #7366, .T. ) ;
#653 = CARTESIAN_POINT ( 'NONE',  ( 34.42407939908343900, 70.81965261166011800, 47.07755070606839400 ) ) ;
#654 = CARTESIAN_POINT ( 'NONE',  ( -9.036670140220907800, 68.34488339686382100, 46.37546170744725800 ) ) ;
#655 = ORIENTED_EDGE ( 'NONE', *, *, #7173, .F. ) ;
#656 = ORIENTED_EDGE ( 'NONE', *, *, #6462, .F. ) ;
#657 = ORIENTED_EDGE ( 'NONE', *, *, #8243, .F. ) ;
#658 = DIRECTION ( 'NONE',  ( -1.000000000000000000, -1.594400883811535600E-015, 1.755596732159894500E-029 ) ) ;
#659 = CARTESIAN_POINT ( 'NONE',  ( 50.22676084465953700, 62.33988725976970400, 52.27228467535398000 ) ) ;
#660 = DIRECTION ( 'NONE',  ( -1.311190023292972900E-016, 1.000000000000000000, 0.0000000000000000000 ) ) ;
#661 = CARTESIAN_POINT ( 'NONE',  ( 53.16044702067370100, 73.48310668740420200, 15.50000000000000000 ) ) ;
#662 = CYLINDRICAL_SURFACE ( 'NONE', #2274, 59.99999999999997200 ) ;
#663 = AXIS2_PLACEMENT_3D ( 'NONE', #1334, #3811, #2104 ) ;
#664 = DIRECTION ( 'NONE',  ( 1.000000000000000000, 1.609823385706476600E-015, -0.0000000000000000000 ) ) ;
#665 = CARTESIAN_POINT ( 'NONE',  ( 25.88247239614251400, 36.09024010312946700, 8.490435472824181300 ) ) ;
#666 = VERTEX_POINT ( 'NONE', #8518 ) ;
#667 = EDGE_CURVE ( 'NONE', #5264, #9332, #3585, .T. ) ;
#668 = ORIENTED_EDGE ( 'NONE', *, *, #3560, .F. ) ;
#669 = EDGE_LOOP ( 'NONE', ( #7268, #6627, #5758, #8768 ) ) ;
#670 = CARTESIAN_POINT ( 'NONE',  ( 60.16044702067369300, -25.78102443107318800, 56.86384176188963100 ) ) ;
#671 = DIRECTION ( 'NONE',  ( 1.000000000000000000, -0.0000000000000000000, -0.0000000000000000000 ) ) ;
#672 = CIRCLE ( 'NONE', #1368, 59.99999999999997200 ) ;
#673 = CARTESIAN_POINT ( 'NONE',  ( 35.92773087511645300, 68.02446917307536000, 47.49975303815988800 ) ) ;
#674 = CARTESIAN_POINT ( 'NONE',  ( 25.88247239614251400, 36.09024010312946700, 8.490435472824181300 ) ) ;
#675 = DIRECTION ( 'NONE',  ( -0.0000000000000000000, 0.0000000000000000000, 1.000000000000000000 ) ) ;
#676 = EDGE_LOOP ( 'NONE', ( #7844, #5885, #7770, #1181 ) ) ;
#677 = CARTESIAN_POINT ( 'NONE',  ( 52.68170626660476300, 70.90879992291219500, 46.80491334438637100 ) ) ;
#678 = ORIENTED_EDGE ( 'NONE', *, *, #4126, .F. ) ;
#679 = VERTEX_POINT ( 'NONE', #1956 ) ;
#680 = CARTESIAN_POINT ( 'NONE',  ( 60.16044702067369300, 64.23011617120123200, 52.00000000000002100 ) ) ;
#681 = ORIENTED_EDGE ( 'NONE', *, *, #9791, .T. ) ;
#682 = B_SPLINE_CURVE_WITH_KNOTS ( 'NONE', 3,
 ( #5506, #3833, #2134, #6221, #1284, #7905, #404, #8794 ),
 .UNSPECIFIED., .F., .F.,
 ( 4, 2, 2, 4 ),
 ( 0.0005299054402193791800, 0.001073975884537566700, 0.001346011106696651300, 0.001618046328855735800 ),
 .UNSPECIFIED. ) ;
#683 = EDGE_CURVE ( 'NONE', #7263, #5485, #9258, .T. ) ;
#684 = VECTOR ( 'NONE', #4245, 1000.000000000000000 ) ;
#685 = CARTESIAN_POINT ( 'NONE',  ( -26.87221172870947000, 70.70116343258165200, 13.56761369079868400 ) ) ;
#686 = PLANE ( 'NONE',  #7861 ) ;
#687 = FACE_OUTER_BOUND ( 'NONE', #9707, .T. ) ;
#688 = ORIENTED_EDGE ( 'NONE', *, *, #191, .F. ) ;
#689 = CARTESIAN_POINT ( 'NONE',  ( -132.8082378770764600, 70.48310668740396100, 30.50000000000000000 ) ) ;
#690 = DIRECTION ( 'NONE',  ( 1.000000000000000000, 0.0000000000000000000, -0.0000000000000000000 ) ) ;
#691 = CARTESIAN_POINT ( 'NONE',  ( 33.72232784339760100, 71.15939277287432700, 46.01007006353241700 ) ) ;
#692 = ADVANCED_FACE ( 'NONE', ( #469 ), #1245, .T. ) ;
#693 = CIRCLE ( 'NONE', #5118, 52.92058191901601600 ) ;
#694 = CARTESIAN_POINT ( 'NONE',  ( -14.52975500468217100, 62.69007228669742900, 31.91520202535382100 ) ) ;
#695 = CARTESIAN_POINT ( 'NONE',  ( 50.17763516258692400, 62.50936232426540300, 52.82844814009491300 ) ) ;
#696 = AXIS2_PLACEMENT_3D ( 'NONE', #4812, #5710, #5638 ) ;
#697 = CARTESIAN_POINT ( 'NONE',  ( 60.16044702067369300, 20.56252476838797000, 30.50000000000000400 ) ) ;
#698 = CARTESIAN_POINT ( 'NONE',  ( 45.91044702067366500, 64.69007228669752900, 32.95073593128706300 ) ) ;
#699 = FACE_BOUND ( 'NONE', #9471, .T. ) ;
#700 = ORIENTED_EDGE ( 'NONE', *, *, #10248, .F. ) ;
#701 = EDGE_CURVE ( 'NONE', #5531, #9076, #5788, .T. ) ;
#702 = DIRECTION ( 'NONE',  ( 1.000000000000000000, -0.0000000000000000000, 0.0000000000000000000 ) ) ;
#703 = CARTESIAN_POINT ( 'NONE',  ( 6.660447020673862200, -33.45785864922130800, 45.50000000000000000 ) ) ;
#704 = LINE ( 'NONE', #10148, #5742 ) ;
#705 = CARTESIAN_POINT ( 'NONE',  ( 48.09162916789392000, 69.68725815743076200, 40.26496461840405100 ) ) ;
#706 = CARTESIAN_POINT ( 'NONE',  ( 33.91657429237897500, -33.15553880688657500, 46.48771649178681300 ) ) ;
#707 = EDGE_LOOP ( 'NONE', ( #4427, #8217, #4407, #1916 ) ) ;
#708 = FACE_OUTER_BOUND ( 'NONE', #9512, .T. ) ;
#709 = DIRECTION ( 'NONE',  ( 0.0000000000000000000, 1.000000000000000000, 0.0000000000000000000 ) ) ;
#710 = ORIENTED_EDGE ( 'NONE', *, *, #3542, .F. ) ;
#711 = CARTESIAN_POINT ( 'NONE',  ( 45.91044702067366500, 64.69007228669761400, 40.51286796564302500 ) ) ;
#712 = DIRECTION ( 'NONE',  ( -1.000000000000000000, -1.609823385706476600E-015, 0.0000000000000000000 ) ) ;
#713 = DIRECTION ( 'NONE',  ( 1.609823385706476600E-015, -1.000000000000000000, 0.0000000000000000000 ) ) ;
#714 = EDGE_CURVE ( 'NONE', #1997, #8081, #2035, .T. ) ;
#715 = CARTESIAN_POINT ( 'NONE',  ( -12.83955297932632600, 73.48310668740408900, 15.50000000000000000 ) ) ;
#716 = FACE_OUTER_BOUND ( 'NONE', #2863, .T. ) ;
#717 = AXIS2_PLACEMENT_3D ( 'NONE', #6438, #1464, #7247 ) ;
#718 = LINE ( 'NONE', #3757, #4642 ) ;
#719 = DIRECTION ( 'NONE',  ( -1.619075244245020800E-015, 1.000000000000000000, 0.0000000000000000000 ) ) ;
#720 = CARTESIAN_POINT ( 'NONE',  ( 4.391304371023037900, -30.17354587828000600, 13.51374924449798200 ) ) ;
#721 = CIRCLE ( 'NONE', #8000, 28.12686385698107500 ) ;
#722 = VERTEX_POINT ( 'NONE', #309 ) ;
#723 = CARTESIAN_POINT ( 'NONE',  ( -24.73867663675869000, -30.39829426911973400, 46.70578863413463500 ) ) ;
#724 = CARTESIAN_POINT ( 'NONE',  ( 4.989152340239446600E-013, 64.69007228669738700, 29.82261583846774800 ) ) ;
#725 = FACE_OUTER_BOUND ( 'NONE', #643, .T. ) ;
#726 = DIRECTION ( 'NONE',  ( 1.609823385706476600E-015, -1.000000000000000000, -4.165779463821302700E-032 ) ) ;
#727 = DIRECTION ( 'NONE',  ( 1.000000000000000000, 1.603063405027194900E-016, 0.0000000000000000000 ) ) ;
#728 = CIRCLE ( 'NONE', #344, 52.92058191901600800 ) ;
#729 = PLANE ( 'NONE',  #2649 ) ;
#730 = CARTESIAN_POINT ( 'NONE',  ( 5.682567761449197600, 70.77107199232493400, 47.22411160762044300 ) ) ;
#731 = ORIENTED_EDGE ( 'NONE', *, *, #2532, .F. ) ;
#732 = EDGE_CURVE ( 'NONE', #9771, #5745, #8106, .T. ) ;
#733 = LINE ( 'NONE', #689, #2551 ) ;
#734 = DIRECTION ( 'NONE',  ( -1.000000000000000000, 0.0000000000000000000, 0.0000000000000000000 ) ) ;
#735 = AXIS2_PLACEMENT_3D ( 'NONE', #9564, #7164, #6307 ) ;
#736 = DIRECTION ( 'NONE',  ( -1.000000000000000000, -1.609823385706476600E-015, 0.0000000000000000000 ) ) ;
#737 = DIRECTION ( 'NONE',  ( 1.594400883811535600E-015, -1.000000000000000000, 1.047444401652940000E-014 ) ) ;
#738 = EDGE_CURVE ( 'NONE', #3638, #8072, #1510, .T. ) ;
#739 = CIRCLE ( 'NONE', #6140, 5.000000000000000900 ) ;
#740 = CARTESIAN_POINT ( 'NONE',  ( -42.85503951091325100, -30.24919063130224100, 47.22800376173368200 ) ) ;
#741 = ORIENTED_EDGE ( 'NONE', *, *, #6734, .F. ) ;
#742 = CARTESIAN_POINT ( 'NONE',  ( -18.48955297932634100, 68.79063802799397800, 39.51286796564298200 ) ) ;
#743 = DIRECTION ( 'NONE',  ( -1.000000000000000000, 0.0000000000000000000, 0.0000000000000000000 ) ) ;
#744 = CYLINDRICAL_SURFACE ( 'NONE', #1628, 1.899999999999999000 ) ;
#745 = DIRECTION ( 'NONE',  ( 1.000000000000000000, 0.0000000000000000000, 0.0000000000000000000 ) ) ;
#746 = CARTESIAN_POINT ( 'NONE',  ( -42.10869562897715900, 68.02846313620739200, 13.51374924449798300 ) ) ;
#747 = CARTESIAN_POINT ( 'NONE',  ( -25.80599987748459200, -32.84630911213133700, 47.43220025939530200 ) ) ;
#748 = CARTESIAN_POINT ( 'NONE',  ( 34.63713292319751200, -20.38517556395939700, -1.040834085586084300E-014 ) ) ;
#749 = ORIENTED_EDGE ( 'NONE', *, *, #4890, .T. ) ;
#750 = EDGE_CURVE ( 'NONE', #1452, #4759, #10048, .T. ) ;
#751 = ADVANCED_FACE ( 'NONE', ( #7856 ), #235, .T. ) ;
#752 = CARTESIAN_POINT ( 'NONE',  ( -71.04602967032580800, -5.782694442137692900, 26.17902992074464700 ) ) ;
#753 = CARTESIAN_POINT ( 'NONE',  ( -39.89054736697571700, -33.30282785278760800, 14.98311939265721200 ) ) ;
#754 = DIRECTION ( 'NONE',  ( 0.0000000000000000000, 0.0000000000000000000, 1.000000000000000000 ) ) ;
#755 = VECTOR ( 'NONE', #2924, 1000.000000000000000 ) ;
#756 = B_SPLINE_CURVE_WITH_KNOTS ( 'NONE', 3,
 ( #2654, #5125, #5087, #6751, #4285, #2542 ),
 .UNSPECIFIED., .F., .F.,
 ( 4, 2, 4 ),
 ( 0.0000000000000000000, 0.0003905217263985954200, 0.0007810434527971908400 ),
 .UNSPECIFIED. ) ;
#757 = ORIENTED_EDGE ( 'NONE', *, *, #8466, .T. ) ;
#758 = CARTESIAN_POINT ( 'NONE',  ( -27.23716024769187900, -30.23049801575835700, 47.29216817450325300 ) ) ;
#759 = ORIENTED_EDGE ( 'NONE', *, *, #6088, .F. ) ;
#760 = CARTESIAN_POINT ( 'NONE',  ( -37.33752760385750200, 33.35024010312945800, 7.000000000000000000 ) ) ;
#761 = DIRECTION ( 'NONE',  ( 0.0000000000000000000, 0.0000000000000000000, 1.000000000000000000 ) ) ;
#762 = CARTESIAN_POINT ( 'NONE',  ( -39.83752760385750200, 33.35024010312945800, 8.650000000000000400 ) ) ;
#763 = ORIENTED_EDGE ( 'NONE', *, *, #5988, .T. ) ;
#764 = DIRECTION ( 'NONE',  ( -1.619075244245020800E-015, 1.000000000000000000, 0.0000000000000000000 ) ) ;
#765 = EDGE_CURVE ( 'NONE', #4177, #3636, #2680, .T. ) ;
#766 = CYLINDRICAL_SURFACE ( 'NONE', #10422, 60.00000000000000000 ) ;
#767 = CARTESIAN_POINT ( 'NONE',  ( 45.91044702067365100, 69.44617026388616000, 41.51286796564299000 ) ) ;
#768 = ORIENTED_EDGE ( 'NONE', *, *, #5211, .F. ) ;
#769 = DIRECTION ( 'NONE',  ( 0.0000000000000000000, -1.000000000000000000, 0.0000000000000000000 ) ) ;
#770 = DIRECTION ( 'NONE',  ( 4.857238570644845400E-017, -1.000000000000000000, 0.0000000000000000000 ) ) ;
#771 = ORIENTED_EDGE ( 'NONE', *, *, #1874, .F. ) ;
#772 = EDGE_LOOP ( 'NONE', ( #4979, #10605, #8457, #5071, #911, #9966 ) ) ;
#773 = CARTESIAN_POINT ( 'NONE',  ( 45.16044702067369300, -22.81533917918839200, 8.000000000000000000 ) ) ;
#774 = ORIENTED_EDGE ( 'NONE', *, *, #6263, .F. ) ;
#775 = AXIS2_PLACEMENT_3D ( 'NONE', #5450, #5371, #10415 ) ;
#776 = DIRECTION ( 'NONE',  ( 0.0000000000000000000, 0.0000000000000000000, -1.000000000000000000 ) ) ;
#777 = ADVANCED_FACE ( 'NONE', ( #1772 ), #4646, .F. ) ;
#778 = EDGE_LOOP ( 'NONE', ( #2568, #757, #9578, #3623 ) ) ;
#779 = CARTESIAN_POINT ( 'NONE',  ( 47.99566069139550700, 68.51506727506043100, 40.32855614306500100 ) ) ;
#780 = CARTESIAN_POINT ( 'NONE',  ( -28.33955297932633100, 73.48310668740407400, 45.50000000000000000 ) ) ;
#781 = AXIS2_PLACEMENT_3D ( 'NONE', #4171, #8404, #8299 ) ;
#782 = ORIENTED_EDGE ( 'NONE', *, *, #4774, .F. ) ;
#783 = CARTESIAN_POINT ( 'NONE',  ( 21.39536137834844400, 68.14724456541652800, 47.07869549017868800 ) ) ;
#784 = DIRECTION ( 'NONE',  ( 1.000000000000000000, 0.0000000000000000000, 0.0000000000000000000 ) ) ;
#785 = EDGE_LOOP ( 'NONE', ( #6515, #6767, #4208, #1431 ) ) ;
#786 = DIRECTION ( 'NONE',  ( 0.0000000000000000000, 0.0000000000000000000, 1.000000000000000000 ) ) ;
#787 = ORIENTED_EDGE ( 'NONE', *, *, #920, .F. ) ;
#788 = CARTESIAN_POINT ( 'NONE',  ( -58.85768285284952100, 68.22422018751063900, 46.80868971097901000 ) ) ;
#789 = VERTEX_POINT ( 'NONE', #5980 ) ;
#790 = CARTESIAN_POINT ( 'NONE',  ( 2.905243964462493400, -30.45807326175549400, 14.50733126608358800 ) ) ;
#791 = ORIENTED_EDGE ( 'NONE', *, *, #1917, .F. ) ;
#792 = EDGE_CURVE ( 'NONE', #3256, #2898, #8611, .T. ) ;
#793 = CARTESIAN_POINT ( 'NONE',  ( 19.49817350991820300, -32.85995717106045800, 13.60820298217128700 ) ) ;
#794 = DIRECTION ( 'NONE',  ( 1.000000000000000000, -0.0000000000000000000, 0.0000000000000000000 ) ) ;
#795 = AXIS2_PLACEMENT_3D ( 'NONE', #3268, #3232, #3159 ) ;
#796 = AXIS2_PLACEMENT_3D ( 'NONE', #3733, #3698, #4656 ) ;
#797 = ORIENTED_EDGE ( 'NONE', *, *, #2217, .T. ) ;
#798 = CARTESIAN_POINT ( 'NONE',  ( 25.88247239614251800, -17.52275989687055700, 4.000000000000000000 ) ) ;
#799 = ORIENTED_EDGE ( 'NONE', *, *, #2048, .T. ) ;
#800 = CARTESIAN_POINT ( 'NONE',  ( -43.07205834040419700, 68.14671070864795900, 47.08055067344096000 ) ) ;
#801 = EDGE_LOOP ( 'NONE', ( #3535, #6245 ) ) ;
#802 = DIRECTION ( 'NONE',  ( 1.000000000000000000, 0.0000000000000000000, 0.0000000000000000000 ) ) ;
#803 = CARTESIAN_POINT ( 'NONE',  ( -55.33955297932630700, 73.48310668740403200, 45.50000000000000000 ) ) ;
#804 = CIRCLE ( 'NONE', #5410, 2.000000000000001800 ) ;
#805 = CARTESIAN_POINT ( 'NONE',  ( 53.16044702067371500, 64.07827180745077600, 45.50000000000000000 ) ) ;
#806 = ADVANCED_FACE ( 'NONE', ( #9136 ), #1004, .F. ) ;
#807 = CARTESIAN_POINT ( 'NONE',  ( -43.83955297932632100, 71.31277590714869100, 15.50000000000000000 ) ) ;
#808 = VERTEX_POINT ( 'NONE', #2685 ) ;
#809 = CARTESIAN_POINT ( 'NONE',  ( 49.16044702067382100, 10.48310668740399300, 30.50000000000000000 ) ) ;
#810 = ORIENTED_EDGE ( 'NONE', *, *, #683, .T. ) ;
#811 = VERTEX_POINT ( 'NONE', #2895 ) ;
#812 = CARTESIAN_POINT ( 'NONE',  ( -55.33955297932622800, 27.37181057052338000, 30.50000000000000000 ) ) ;
#813 = CYLINDRICAL_SURFACE ( 'NONE', #8771, 1.000000000000000900 ) ;
#814 = CARTESIAN_POINT ( 'NONE',  ( 48.41044702067365100, 64.69007228669787000, 40.51286796564302500 ) ) ;
#815 = EDGE_CURVE ( 'NONE', #1979, #5747, #5225, .T. ) ;
#816 = CARTESIAN_POINT ( 'NONE',  ( -55.73179364432279900, -30.39513334381997100, 14.28218670468146100 ) ) ;
#817 = VERTEX_POINT ( 'NONE', #10411 ) ;
#818 = CARTESIAN_POINT ( 'NONE',  ( 18.56081970415757000, 68.25274489137652300, 46.70745186629106600 ) ) ;
#819 = CARTESIAN_POINT ( 'NONE',  ( -43.77762383601256600, 68.44379260466875800, 14.98948247064432600 ) ) ;
#820 = DIRECTION ( 'NONE',  ( 1.000000000000000000, 0.0000000000000000000, -0.0000000000000000000 ) ) ;
#821 = CIRCLE ( 'NONE', #6433, 0.5000000000000004400 ) ;
#822 = EDGE_LOOP ( 'NONE', ( #7418, #3277, #2502, #2941 ) ) ;
#823 = CARTESIAN_POINT ( 'NONE',  ( -40.82239115883507500, -32.91517397298864700, 13.77294528950234700 ) ) ;
#824 = CARTESIAN_POINT ( 'NONE',  ( -59.14422555132701100, -33.19220330655858200, 46.37164858284342700 ) ) ;
#825 = LINE ( 'NONE', #5607, #1479 ) ;
#826 = ORIENTED_EDGE ( 'NONE', *, *, #8257, .T. ) ;
#827 = B_SPLINE_CURVE_WITH_KNOTS ( 'NONE', 3,
 ( #4155, #1785, #3379, #9908, #1710, #9149, #5053, #903, #6720, #8354, #4254, #5089, #105, #941, #6753, #6028, #5162, #178, #9395, #3523, #2694, #9322, #1894, #2717, #7607, #7710 ),
 .UNSPECIFIED., .F., .F.,
 ( 4, 2, 2, 2, 2, 2, 2, 2, 2, 2, 2, 2, 4 ),
 ( 0.006342387075903246900, 0.006740216801652390600, 0.007138046527401535100, 0.007933705978899823300, 0.008331535704648968700, 0.008729365430398115800, 0.009127195156147262900, 0.009525024881896408300, 0.01032068433339472200, 0.01071851405914388100, 0.01111634378489304000, 0.01191200323639137300, 0.01270766268788970300 ),
 .UNSPECIFIED. ) ;
#828 = EDGE_CURVE ( 'NONE', #2906, #9561, #3559, .T. ) ;
#829 = DIRECTION ( 'NONE',  ( 0.0000000000000000000, 0.0000000000000000000, -1.000000000000000000 ) ) ;
#830 = CYLINDRICAL_SURFACE ( 'NONE', #8688, 1.000000000000000900 ) ;
#831 = CARTESIAN_POINT ( 'NONE',  ( -11.86695045927942800, -32.91217771585281300, 13.76377908748838200 ) ) ;
#832 = CARTESIAN_POINT ( 'NONE',  ( -13.07263176773477500, 70.48174837524410900, 30.03381471969543900 ) ) ;
#833 = CARTESIAN_POINT ( 'NONE',  ( 24.88247239614251800, -19.52275989687055400, 4.000000000000000000 ) ) ;
#834 = CARTESIAN_POINT ( 'NONE',  ( 53.16044702067379300, 10.48310668740399300, 30.50000000000000000 ) ) ;
#835 = CYLINDRICAL_SURFACE ( 'NONE', #8702, 0.5000000000000004400 ) ;
#836 = VERTEX_POINT ( 'NONE', #4620 ) ;
#837 = DIRECTION ( 'NONE',  ( 1.000000000000000000, 0.0000000000000000000, -0.0000000000000000000 ) ) ;
#838 = DIRECTION ( 'NONE',  ( 0.0000000000000000000, 0.0000000000000000000, 1.000000000000000000 ) ) ;
#839 = CYLINDRICAL_SURFACE ( 'NONE', #1407, 2.000000000000001800 ) ;
#840 = CARTESIAN_POINT ( 'NONE',  ( -43.58144891062946200, -30.45805203243092100, 46.49123464712619800 ) ) ;
#841 = CARTESIAN_POINT ( 'NONE',  ( 36.19264781223941400, 70.69656858523478600, 13.55368265994382800 ) ) ;
#842 = FACE_OUTER_BOUND ( 'NONE', #8548, .T. ) ;
#843 = EDGE_CURVE ( 'NONE', #5609, #6121, #2730, .T. ) ;
#844 = ORIENTED_EDGE ( 'NONE', *, *, #642, .T. ) ;
#845 = DIRECTION ( 'NONE',  ( 5.551115123125796900E-015, -1.000000000000000000, 9.684806018886875100E-015 ) ) ;
#846 = CARTESIAN_POINT ( 'NONE',  ( 36.63713292319751200, -20.38517556395939700, 3.000000000000000000 ) ) ;
#847 = CIRCLE ( 'NONE', #8772, 1.899999999999999000 ) ;
#848 = DIRECTION ( 'NONE',  ( 1.609823385706476600E-015, -1.000000000000000000, -4.165779463821302700E-032 ) ) ;
#849 = LINE ( 'NONE', #2022, #10440 ) ;
#850 = CARTESIAN_POINT ( 'NONE',  ( -61.04602967032580100, -25.72039438186902100, 57.36015214575595400 ) ) ;
#851 = CARTESIAN_POINT ( 'NONE',  ( 3.139194609718129600, -33.05384168362336100, 46.80504510122569400 ) ) ;
#852 = CIRCLE ( 'NONE', #2671, 60.00000000000000000 ) ;
#853 = VECTOR ( 'NONE', #7640, 1000.000000000000000 ) ;
#854 = ADVANCED_FACE ( 'NONE', ( #5540 ), #7022, .T. ) ;
#855 = EDGE_CURVE ( 'NONE', #6480, #8898, #1105, .T. ) ;
#856 = CARTESIAN_POINT ( 'NONE',  ( -14.11752760385748400, -17.52275989687055700, 4.000000000000001800 ) ) ;
#857 = AXIS2_PLACEMENT_3D ( 'NONE', #6955, #1999, #468 ) ;
#858 = AXIS2_PLACEMENT_3D ( 'NONE', #8250, #7432, #4259 ) ;
#859 = CARTESIAN_POINT ( 'NONE',  ( 45.16044702067369300, 61.68521411253470900, 3.104097538031597800 ) ) ;
#860 = FACE_OUTER_BOUND ( 'NONE', #2761, .T. ) ;
#861 = CARTESIAN_POINT ( 'NONE',  ( 6.608988907511071700, -30.58696193612727400, 14.98092632939601100 ) ) ;
#862 = LINE ( 'NONE', #4543, #2299 ) ;
#863 = ORIENTED_EDGE ( 'NONE', *, *, #5226, .T. ) ;
#864 = CARTESIAN_POINT ( 'NONE',  ( 18.54804602476348700, -33.08435446160606800, 14.28859990521050200 ) ) ;
#865 = DIRECTION ( 'NONE',  ( 1.000000000000000000, 1.603063405027194900E-016, 0.0000000000000000000 ) ) ;
#866 = CARTESIAN_POINT ( 'NONE',  ( -132.8082378770764600, 70.48310668740396100, 30.50000000000000000 ) ) ;
#867 = DIRECTION ( 'NONE',  ( 1.609823385706476600E-015, -1.000000000000000000, 0.0000000000000000000 ) ) ;
#868 = CARTESIAN_POINT ( 'NONE',  ( 47.41044702067365800, 62.69007228669787000, 40.51286796564304600 ) ) ;
#869 = LINE ( 'NONE', #9798, #4665 ) ;
#870 = DIRECTION ( 'NONE',  ( 1.000000000000000000, 0.0000000000000000000, -0.0000000000000000000 ) ) ;
#871 = EDGE_CURVE ( 'NONE', #10117, #3927, #733, .T. ) ;
#872 = CARTESIAN_POINT ( 'NONE',  ( -12.17272501525711400, 68.17079363580715800, 46.99667611563689500 ) ) ;
#873 = ORIENTED_EDGE ( 'NONE', *, *, #5305, .T. ) ;
#874 = AXIS2_PLACEMENT_3D ( 'NONE', #4789, #1536, #5618 ) ;
#875 = DIRECTION ( 'NONE',  ( 1.000000000000000000, 1.609823385706476600E-015, -0.0000000000000000000 ) ) ;
#876 = DIRECTION ( 'NONE',  ( 1.000000000000000000, 1.609823385706476600E-015, -0.0000000000000000000 ) ) ;
#877 = EDGE_CURVE ( 'NONE', #6689, #10477, #3326, .T. ) ;
#878 = CARTESIAN_POINT ( 'NONE',  ( 21.91406145545165500, 68.31219821720328900, 14.50446528216650100 ) ) ;
#879 = DIRECTION ( 'NONE',  ( 1.000000000000000000, 0.0000000000000000000, 0.0000000000000000000 ) ) ;
#880 = FACE_OUTER_BOUND ( 'NONE', #8673, .T. ) ;
#881 = CARTESIAN_POINT ( 'NONE',  ( 46.21247239614250900, 33.35024010312945800, 3.000000000000000000 ) ) ;
#882 = DIRECTION ( 'NONE',  ( 1.000000000000000000, 1.609823385706476600E-015, 1.156482317317871500E-016 ) ) ;
#883 = VERTEX_POINT ( 'NONE', #4851 ) ;
#884 = CARTESIAN_POINT ( 'NONE',  ( 53.10777690702972400, -25.76829173285871400, 45.97101908182305900 ) ) ;
#885 = CARTESIAN_POINT ( 'NONE',  ( -132.8082378770764600, 10.48310668740396200, 30.50000000000000000 ) ) ;
#886 = ORIENTED_EDGE ( 'NONE', *, *, #2175, .T. ) ;
#887 = CARTESIAN_POINT ( 'NONE',  ( 21.49532046545628800, 68.17126039880123800, 46.99503805186612500 ) ) ;
#888 = CARTESIAN_POINT ( 'NONE',  ( 3.323500950741208500, -32.99248640920365700, 46.99329394968419400 ) ) ;
#889 = LINE ( 'NONE', #1619, #1539 ) ;
#890 = EDGE_CURVE ( 'NONE', #7170, #9335, #9903, .T. ) ;
#891 = ORIENTED_EDGE ( 'NONE', *, *, #4418, .T. ) ;
#892 = CARTESIAN_POINT ( 'NONE',  ( 53.16044702067370100, 73.48310668740420200, 45.50000000000000000 ) ) ;
#893 = CARTESIAN_POINT ( 'NONE',  ( 50.53038682860530200, 68.05360108995938600, 47.40087701602662000 ) ) ;
#894 = CARTESIAN_POINT ( 'NONE',  ( -55.73572970816803700, -33.08718450723375100, 46.70182250880206700 ) ) ;
#895 = EDGE_LOOP ( 'NONE', ( #8846, #8035, #657, #10374 ) ) ;
#896 = B_SPLINE_CURVE_WITH_KNOTS ( 'NONE', 3,
 ( #2308, #8021, #8255, #4956, #4132, #3289, #1610, #4163, #9090, #10603 ),
 .UNSPECIFIED., .F., .F.,
 ( 4, 2, 2, 2, 4 ),
 ( 0.0000000000000000000, 0.001513626587173056200, 0.003027253174346112300, 0.004540879761519168300, 0.006054506348692224700 ),
 .UNSPECIFIED. ) ;
#897 = B_SPLINE_CURVE_WITH_KNOTS ( 'NONE', 3,
 ( #6175, #8677, #7752, #4553, #5424, #6097 ),
 .UNSPECIFIED., .F., .F.,
 ( 4, 2, 4 ),
 ( 3.469446951953614200E-017, 0.0003905182330913174800, 0.0007810364661826002600 ),
 .UNSPECIFIED. ) ;
#898 = EDGE_LOOP ( 'NONE', ( #6253, #4299, #5602, #1290 ) ) ;
#899 = CIRCLE ( 'NONE', #3630, 60.00000000000000000 ) ;
#900 = CARTESIAN_POINT ( 'NONE',  ( 22.16044702067387100, -33.38120710560659200, 15.24066099409187600 ) ) ;
#901 = CARTESIAN_POINT ( 'NONE',  ( 18.16044702067379300, 10.48310668740398700, 30.50000000000000000 ) ) ;
#902 = ORIENTED_EDGE ( 'NONE', *, *, #6573, .T. ) ;
#903 = CARTESIAN_POINT ( 'NONE',  ( 34.32390194753127600, 68.17170178044723600, 14.00650777892165300 ) ) ;
#904 = DIRECTION ( 'NONE',  ( -0.0000000000000000000, -0.0000000000000000000, 1.000000000000000000 ) ) ;
#905 = ORIENTED_EDGE ( 'NONE', *, *, #8227, .F. ) ;
#906 = EDGE_CURVE ( 'NONE', #2331, #1291, #7469, .T. ) ;
#907 = VERTEX_POINT ( 'NONE', #649 ) ;
#908 = DIRECTION ( 'NONE',  ( 1.000000000000000000, -0.0000000000000000000, 0.0000000000000000000 ) ) ;
#909 = ADVANCED_FACE ( 'NONE', ( #842 ), #8182, .T. ) ;
#910 = ORIENTED_EDGE ( 'NONE', *, *, #750, .F. ) ;
#911 = ORIENTED_EDGE ( 'NONE', *, *, #8148, .T. ) ;
#912 = CARTESIAN_POINT ( 'NONE',  ( -40.22894722976302300, 70.93843228486480300, 14.28598676118488200 ) ) ;
#913 = CARTESIAN_POINT ( 'NONE',  ( -57.86890544432986900, 68.04408440918859900, 13.56676028455131400 ) ) ;
#914 = ORIENTED_EDGE ( 'NONE', *, *, #10228, .T. ) ;
#915 = CARTESIAN_POINT ( 'NONE',  ( 49.16044702067372200, 68.63271861446365600, 40.48111380219470600 ) ) ;
#916 = EDGE_CURVE ( 'NONE', #9045, #7485, #212, .T. ) ;
#917 = ORIENTED_EDGE ( 'NONE', *, *, #732, .T. ) ;
#918 = DIRECTION ( 'NONE',  ( -3.469446951953614200E-016, 1.000000000000000000, 0.0000000000000000000 ) ) ;
#919 = DIRECTION ( 'NONE',  ( 1.000000000000000000, 4.857238570644847900E-017, -4.570284219494838400E-033 ) ) ;
#920 = EDGE_CURVE ( 'NONE', #6050, #1870, #7098, .T. ) ;
#921 = VERTEX_POINT ( 'NONE', #1566 ) ;
#922 = ORIENTED_EDGE ( 'NONE', *, *, #1050, .F. ) ;
#923 = ORIENTED_EDGE ( 'NONE', *, *, #2048, .F. ) ;
#924 = CARTESIAN_POINT ( 'NONE',  ( -58.57459774468912200, -30.29234522573728900, 13.92136558584262800 ) ) ;
#925 = AXIS2_PLACEMENT_3D ( 'NONE', #2546, #140, #8356 ) ;
#926 = DIRECTION ( 'NONE',  ( -1.000000000000000000, 0.0000000000000000000, 0.0000000000000000000 ) ) ;
#927 = DIRECTION ( 'NONE',  ( -1.000000000000000000, -4.857238570644847900E-017, 0.0000000000000000000 ) ) ;
#928 = CIRCLE ( 'NONE', #6369, 4.900000000000000400 ) ;
#929 = VERTEX_POINT ( 'NONE', #5642 ) ;
#930 = DIRECTION ( 'NONE',  ( 1.000000000000000000, -0.0000000000000000000, 0.0000000000000000000 ) ) ;
#931 = ORIENTED_EDGE ( 'NONE', *, *, #9781, .T. ) ;
#932 = ORIENTED_EDGE ( 'NONE', *, *, #1296, .F. ) ;
#933 = CARTESIAN_POINT ( 'NONE',  ( -56.04602967032580800, -22.81533917918841000, 8.000000000000000000 ) ) ;
#934 =( BOUNDED_CURVE ( )  B_SPLINE_CURVE ( 3, ( #6377, #3006, #8022, #3846 ),
 .UNSPECIFIED., .F., .F. ) 
 B_SPLINE_CURVE_WITH_KNOTS ( ( 4, 4 ),
 ( 4.712388980384698600, 4.748483517717955000 ),
 .UNSPECIFIED. ) 
 CURVE ( )  GEOMETRIC_REPRESENTATION_ITEM ( )  RATIONAL_B_SPLINE_CURVE ( ( 1.000000000000000000, 0.9998914349779438600, 0.9998914349779438600, 1.000000000000000000 ) ) 
 REPRESENTATION_ITEM ( '' )  );
#935 = LINE ( 'NONE', #6902, #5752 ) ;
#936 = EDGE_CURVE ( 'NONE', #2493, #9563, #6957, .T. ) ;
#937 = CARTESIAN_POINT ( 'NONE',  ( 21.17760884116494300, -32.91517397298862600, 13.77294528950234700 ) ) ;
#938 = DIRECTION ( 'NONE',  ( 0.0000000000000000000, 0.0000000000000000000, -1.000000000000000000 ) ) ;
#939 = AXIS2_PLACEMENT_3D ( 'NONE', #8344, #10011, #1775 ) ;
#940 = AXIS2_PLACEMENT_3D ( 'NONE', #8192, #7437, #8983 ) ;
#941 = CARTESIAN_POINT ( 'NONE',  ( 35.39130437102286900, 68.02846313620740700, 13.51374924449797800 ) ) ;
#942 = CARTESIAN_POINT ( 'NONE',  ( 22.16044702067386800, -33.41951909764287600, 45.62971612474358100 ) ) ;
#943 = ORIENTED_EDGE ( 'NONE', *, *, #608, .F. ) ;
#944 = EDGE_CURVE ( 'NONE', #45, #10685, #6058, .T. ) ;
#945 = ORIENTED_EDGE ( 'NONE', *, *, #5407, .T. ) ;
#946 = ORIENTED_EDGE ( 'NONE', *, *, #2736, .F. ) ;
#947 = DIRECTION ( 'NONE',  ( 1.609823385706476600E-015, -1.000000000000000000, -4.165779463821302700E-032 ) ) ;
#948 = LINE ( 'NONE', #8131, #9105 ) ;
#949 = CARTESIAN_POINT ( 'NONE',  ( -42.50182649008201700, 70.71487442898782700, 13.60820298217129000 ) ) ;
#950 = DIRECTION ( 'NONE',  ( 0.0000000000000000000, 1.000000000000000000, -0.0000000000000000000 ) ) ;
#951 = CARTESIAN_POINT ( 'NONE',  ( 18.22237616398743400, 68.44379260466875800, 14.98948247064432900 ) ) ;
#952 = DIRECTION ( 'NONE',  ( 1.000000000000000000, 0.0000000000000000000, 0.0000000000000000000 ) ) ;
#953 = VECTOR ( 'NONE', #2510, 1000.000000000000000 ) ;
#954 = ORIENTED_EDGE ( 'NONE', *, *, #3392, .F. ) ;
#955 = DIRECTION ( 'NONE',  ( 1.609823385706476600E-015, -1.000000000000000000, -4.165779463821302700E-032 ) ) ;
#956 = DIRECTION ( 'NONE',  ( 0.0000000000000000000, 5.551115123125782700E-015, -1.000000000000000000 ) ) ;
#957 = EDGE_CURVE ( 'NONE', #4098, #2638, #8756, .T. ) ;
#958 = FACE_OUTER_BOUND ( 'NONE', #9200, .T. ) ;
#959 = CARTESIAN_POINT ( 'NONE',  ( -12.77815181244561800, 71.15991762536491200, 14.99163790877212300 ) ) ;
#960 = VECTOR ( 'NONE', #10678, 1000.000000000000000 ) ;
#961 = ORIENTED_EDGE ( 'NONE', *, *, #4485, .F. ) ;
#962 = CARTESIAN_POINT ( 'NONE',  ( 5.320665692112710200, -32.85971267629096800, 47.39252262901017300 ) ) ;
#963 = CARTESIAN_POINT ( 'NONE',  ( -14.53174116623058200, 35.67602654075636800, 3.000000000000000900 ) ) ;
#964 = ADVANCED_FACE ( 'NONE', ( #7717 ), #2400, .F. ) ;
#965 = DIRECTION ( 'NONE',  ( 0.0000000000000000000, 0.0000000000000000000, -1.000000000000000000 ) ) ;
#966 = FACE_OUTER_BOUND ( 'NONE', #5739, .T. ) ;
#967 = CARTESIAN_POINT ( 'NONE',  ( 49.19033974878897900, 68.47423743476751700, 45.89697718355830600 ) ) ;
#968 = CARTESIAN_POINT ( 'NONE',  ( 21.06183436209551000, 70.74892922589577900, 13.70965140868847800 ) ) ;
#969 = AXIS2_PLACEMENT_3D ( 'NONE', #6416, #8987, #7232 ) ;
#970 = B_SPLINE_CURVE_WITH_KNOTS ( 'NONE', 3,
 ( #4609, #5280, #449, #296, #2880, #4454, #6222, #7839, #2840, #1246 ),
 .UNSPECIFIED., .F., .F.,
 ( 4, 2, 2, 2, 4 ),
 ( 0.0000000000000000000, 0.0004729791763303487600, 0.0009459583526606975200, 0.001418937528991046200, 0.001891916705321395000 ),
 .UNSPECIFIED. ) ;
#971 = ORIENTED_EDGE ( 'NONE', *, *, #1001, .T. ) ;
#972 = VECTOR ( 'NONE', #9995, 1000.000000000000000 ) ;
#973 = DIRECTION ( 'NONE',  ( -1.000000000000000000, -1.609823385706476600E-015, 0.0000000000000000000 ) ) ;
#974 = ORIENTED_EDGE ( 'NONE', *, *, #4418, .F. ) ;
#975 = EDGE_CURVE ( 'NONE', #3629, #1461, #331, .T. ) ;
#976 = CYLINDRICAL_SURFACE ( 'NONE', #3738, 4.900000000000001200 ) ;
#977 = CARTESIAN_POINT ( 'NONE',  ( 21.06438650299942200, -32.89447195299492000, 47.28897289183627400 ) ) ;
#978 = DIRECTION ( 'NONE',  ( 1.000000000000000000, 4.857238570644847900E-017, 0.0000000000000000000 ) ) ;
#979 = LINE ( 'NONE', #4562, #5148 ) ;
#980 = CARTESIAN_POINT ( 'NONE',  ( 6.609452633024321100, -33.30282785278760100, 14.98311939265721400 ) ) ;
#981 = VECTOR ( 'NONE', #5178, 1000.000000000000000 ) ;
#982 = ORIENTED_EDGE ( 'NONE', *, *, #3035, .T. ) ;
#983 = DIRECTION ( 'NONE',  ( 1.609823385706476600E-015, -1.000000000000000000, -4.165779463821302700E-032 ) ) ;
#984 = EDGE_CURVE ( 'NONE', #3396, #9626, #1043, .T. ) ;
#985 = AXIS2_PLACEMENT_3D ( 'NONE', #9251, #9148, #938 ) ;
#986 = DIRECTION ( 'NONE',  ( 1.000000000000000000, 0.0000000000000000000, 0.0000000000000000000 ) ) ;
#987 = DIRECTION ( 'NONE',  ( -1.000000000000000000, 0.0000000000000000000, 0.0000000000000000000 ) ) ;
#988 = LINE ( 'NONE', #47, #4379 ) ;
#989 = CARTESIAN_POINT ( 'NONE',  ( 18.82390194753127200, 68.17170178044723600, 14.00650777892165200 ) ) ;
#990 = CARTESIAN_POINT ( 'NONE',  ( 34.41055137431903400, 70.81825706508504900, 13.91725300995627300 ) ) ;
#991 = AXIS2_PLACEMENT_3D ( 'NONE', #7298, #2341, #9745 ) ;
#992 = CIRCLE ( 'NONE', #9494, 60.00000000000000000 ) ;
#993 = FACE_OUTER_BOUND ( 'NONE', #3474, .T. ) ;
#994 = CARTESIAN_POINT ( 'NONE',  ( 24.88247239614251400, 37.09024010312946700, 9.263639781882645300 ) ) ;
#995 = CARTESIAN_POINT ( 'NONE',  ( -42.85642054050139600, -30.24940942227410900, 13.77274710912329200 ) ) ;
#996 = FACE_OUTER_BOUND ( 'NONE', #6123, .T. ) ;
#997 = DIRECTION ( 'NONE',  ( 0.0000000000000000000, 0.0000000000000000000, -1.000000000000000000 ) ) ;
#998 = DIRECTION ( 'NONE',  ( 0.0000000000000000000, 0.0000000000000000000, 1.000000000000000000 ) ) ;
#999 = CARTESIAN_POINT ( 'NONE',  ( -59.33955297932632800, 73.48310668740401800, 45.50000000000000000 ) ) ;
#1000 = ORIENTED_EDGE ( 'NONE', *, *, #6064, .T. ) ;
#1001 = EDGE_CURVE ( 'NONE', #6134, #4846, #6584, .T. ) ;
#1002 = EDGE_CURVE ( 'NONE', #6496, #5188, #8625, .T. ) ;
#1003 = CARTESIAN_POINT ( 'NONE',  ( -9.238676636758681200, -30.39829426911972400, 46.70578863413462800 ) ) ;
#1004 = PLANE ( 'NONE',  #9239 ) ;
#1005 = AXIS2_PLACEMENT_3D ( 'NONE', #6120, #297, #9448 ) ;
#1006 = AXIS2_PLACEMENT_3D ( 'NONE', #10513, #3082, #5693 ) ;
#1007 = CARTESIAN_POINT ( 'NONE',  ( 5.993791436154254800, -30.31595626274118200, 14.00361017943399300 ) ) ;
#1008 = LINE ( 'NONE', #7577, #6853 ) ;
#1009 = CARTESIAN_POINT ( 'NONE',  ( 33.66044702067371500, 68.57785688051524200, 15.50000000000000000 ) ) ;
#1010 = CARTESIAN_POINT ( 'NONE',  ( 50.92975293134475100, -30.17264651669243800, 47.48927619298285700 ) ) ;
#1011 = ORIENTED_EDGE ( 'NONE', *, *, #10336, .T. ) ;
#1012 = DIRECTION ( 'NONE',  ( 0.0000000000000000000, 0.0000000000000000000, 1.000000000000000000 ) ) ;
#1013 = CARTESIAN_POINT ( 'NONE',  ( 20.82066569211270800, -32.85971267629095400, 47.39252262901017300 ) ) ;
#1014 = CARTESIAN_POINT ( 'NONE',  ( -59.33955297932632800, 71.31277590714869100, 45.50000000000000000 ) ) ;
#1015 = LINE ( 'NONE', #523, #5704 ) ;
#1016 = DIRECTION ( 'NONE',  ( -1.000000000000000000, 0.0000000000000000000, 0.0000000000000000000 ) ) ;
#1017 = VERTEX_POINT ( 'NONE', #833 ) ;
#1018 = ADVANCED_FACE ( 'NONE', ( #599 ), #2427, .T. ) ;
#1019 = ORIENTED_EDGE ( 'NONE', *, *, #5137, .F. ) ;
#1020 = EDGE_CURVE ( 'NONE', #10634, #7648, #5282, .T. ) ;
#1021 = CARTESIAN_POINT ( 'NONE',  ( -8.891011092488934500, -30.58696193612727400, 14.98092632939600800 ) ) ;
#1022 = DIRECTION ( 'NONE',  ( 0.0000000000000000000, 0.0000000000000000000, -1.000000000000000000 ) ) ;
#1023 = ORIENTED_EDGE ( 'NONE', *, *, #6018, .T. ) ;
#1024 = VECTOR ( 'NONE', #8245, 1000.000000000000000 ) ;
#1025 = DIRECTION ( 'NONE',  ( 0.0000000000000000000, 0.0000000000000000000, 1.000000000000000000 ) ) ;
#1026 = VERTEX_POINT ( 'NONE', #7537 ) ;
#1027 = CARTESIAN_POINT ( 'NONE',  ( 50.16044702067367900, -25.72039438186904500, 57.36015214575591900 ) ) ;
#1028 = CARTESIAN_POINT ( 'NONE',  ( 42.71247239614250900, 33.35024010312945800, 4.000000000000000000 ) ) ;
#1029 = ADVANCED_FACE ( 'NONE', ( #3063 ), #10693, .F. ) ;
#1030 = ORIENTED_EDGE ( 'NONE', *, *, #4005, .F. ) ;
#1031 = CARTESIAN_POINT ( 'NONE',  ( -14.04314391076642600, 35.64266947630437700, 9.685169493783037700 ) ) ;
#1032 = CARTESIAN_POINT ( 'NONE',  ( -9.085938544548351800, 68.31219821720326000, 14.50446528216649600 ) ) ;
#1033 = EDGE_LOOP ( 'NONE', ( #6280, #5150, #1305, #7909 ) ) ;
#1034 = EDGE_CURVE ( 'NONE', #1460, #7420, #8525, .T. ) ;
#1035 = EDGE_LOOP ( 'NONE', ( #4209, #7252, #6733, #3777 ) ) ;
#1036 = CARTESIAN_POINT ( 'NONE',  ( -12.77716093425097000, -30.58844033812553000, 46.01213823740299300 ) ) ;
#1037 = DIRECTION ( 'NONE',  ( 1.609823385706476600E-015, -1.000000000000000000, -4.165779463821302700E-032 ) ) ;
#1038 = VERTEX_POINT ( 'NONE', #4256 ) ;
#1039 = ORIENTED_EDGE ( 'NONE', *, *, #9204, .F. ) ;
#1040 = CARTESIAN_POINT ( 'NONE',  ( 2.660447020673695200, 71.31277590714870500, 15.50000000000000000 ) ) ;
#1041 = DIRECTION ( 'NONE',  ( 1.000000000000000000, 0.0000000000000000000, 0.0000000000000000000 ) ) ;
#1042 = EDGE_LOOP ( 'NONE', ( #2910, #9209, #2374, #3514 ) ) ;
#1043 = B_SPLINE_CURVE_WITH_KNOTS ( 'NONE', 3,
 ( #4813, #4013, #10705, #1496, #7287, #2329, #8115, #5055, #46, #9940, #8322, #6653, #9219, #5886, #3418, #9151 ),
 .UNSPECIFIED., .F., .F.,
 ( 4, 2, 2, 2, 2, 2, 2, 4 ),
 ( 0.0000000000000000000, 0.0008007400925025611500, 0.001201110138753846300, 0.001601480185005131800, 0.002001850231256417100, 0.002402220277507702200, 0.002802590323758988100, 0.003202960370010273600 ),
 .UNSPECIFIED. ) ;
#1044 = ORIENTED_EDGE ( 'NONE', *, *, #3803, .T. ) ;
#1045 = EDGE_LOOP ( 'NONE', ( #5961, #1054, #688, #6370 ) ) ;
#1046 = AXIS2_PLACEMENT_3D ( 'NONE', #3963, #5626, #6385 ) ;
#1047 = ORIENTED_EDGE ( 'NONE', *, *, #9781, .F. ) ;
#1048 = CARTESIAN_POINT ( 'NONE',  ( -57.86885140135180400, 70.70083669093197900, 47.43335354415473400 ) ) ;
#1049 = AXIS2_PLACEMENT_3D ( 'NONE', #10493, #3832, #5539 ) ;
#1050 = EDGE_CURVE ( 'NONE', #7160, #241, #2810, .T. ) ;
#1051 = ORIENTED_EDGE ( 'NONE', *, *, #7546, .T. ) ;
#1052 = DIRECTION ( 'NONE',  ( -1.000000000000000000, -0.0000000000000000000, 0.0000000000000000000 ) ) ;
#1053 = ORIENTED_EDGE ( 'NONE', *, *, #7972, .F. ) ;
#1054 = ORIENTED_EDGE ( 'NONE', *, *, #5166, .T. ) ;
#1055 = ORIENTED_EDGE ( 'NONE', *, *, #3650, .F. ) ;
#1056 = CARTESIAN_POINT ( 'NONE',  ( 49.16044702067372200, 69.61830525729516200, 40.65028522257088600 ) ) ;
#1057 = DIRECTION ( 'NONE',  ( -1.000000000000000000, -1.609823385706476600E-015, 0.0000000000000000000 ) ) ;
#1058 = ORIENTED_EDGE ( 'NONE', *, *, #7576, .F. ) ;
#1059 = LINE ( 'NONE', #2837, #7037 ) ;
#1060 = DIRECTION ( 'NONE',  ( -0.7071067811865443500, 0.0000000000000000000, -0.7071067811865506800 ) ) ;
#1061 = CARTESIAN_POINT ( 'NONE',  ( 41.44247239614252700, -14.90975989687055900, 3.000000000000000000 ) ) ;
#1062 = EDGE_CURVE ( 'NONE', #10504, #5455, #9653, .T. ) ;
#1063 = ORIENTED_EDGE ( 'NONE', *, *, #8270, .F. ) ;
#1064 = AXIS2_PLACEMENT_3D ( 'NONE', #1028, #9237, #4352 ) ;
#1065 = AXIS2_PLACEMENT_3D ( 'NONE', #4296, #837, #9120 ) ;
#1066 = ORIENTED_EDGE ( 'NONE', *, *, #843, .T. ) ;
#1067 = ORIENTED_EDGE ( 'NONE', *, *, #4611, .T. ) ;
#1068 = DIRECTION ( 'NONE',  ( 1.000000000000000000, 1.603063405027194900E-016, 0.0000000000000000000 ) ) ;
#1069 = CARTESIAN_POINT ( 'NONE',  ( -12.83955297932631200, 68.57785688051524200, 15.50000000000000000 ) ) ;
#1070 = DIRECTION ( 'NONE',  ( 1.000000000000000000, 1.609823385706476600E-015, -0.0000000000000000000 ) ) ;
#1071 = FACE_OUTER_BOUND ( 'NONE', #7079, .T. ) ;
#1072 = CARTESIAN_POINT ( 'NONE',  ( -11.36641119629122600, -30.18895428268301400, 47.43396315314851800 ) ) ;
#1073 = DIRECTION ( 'NONE',  ( -1.000000000000000000, -1.609823385706476600E-015, 0.0000000000000000000 ) ) ;
#1074 = CARTESIAN_POINT ( 'NONE',  ( 6.609452633024147000, 71.15774511071498400, 14.98311939265719900 ) ) ;
#1075 = CARTESIAN_POINT ( 'NONE',  ( -28.09475603553751800, -30.45807326175550500, 14.50733126608359100 ) ) ;
#1076 = VECTOR ( 'NONE', #3451, 1000.000000000000000 ) ;
#1077 = ORIENTED_EDGE ( 'NONE', *, *, #6490, .T. ) ;
#1078 = EDGE_CURVE ( 'NONE', #4846, #1331, #2652, .T. ) ;
#1079 = CARTESIAN_POINT ( 'NONE',  ( 25.88247239614251800, -16.87396444631492200, 9.263639781882645300 ) ) ;
#1080 = EDGE_LOOP ( 'NONE', ( #1058, #9827, #3247, #5124 ) ) ;
#1081 = LINE ( 'NONE', #8028, #10153 ) ;
#1082 =( GEOMETRIC_REPRESENTATION_CONTEXT ( 3 ) GLOBAL_UNCERTAINTY_ASSIGNED_CONTEXT ( ( #9817 ) ) GLOBAL_UNIT_ASSIGNED_CONTEXT ( ( #5422, #1928, #7860 ) ) REPRESENTATION_CONTEXT ( 'NONE', 'WORKASPACE' ) );
#1083 = CARTESIAN_POINT ( 'NONE',  ( 22.16044702067376800, 20.56252476838796300, 30.50000000000000400 ) ) ;
#1084 = CARTESIAN_POINT ( 'NONE',  ( -57.47076030325167300, 70.67822042021417400, 47.50014823481635100 ) ) ;
#1085 = EDGE_CURVE ( 'NONE', #1593, #6608, #9270, .T. ) ;
#1086 = ADVANCED_FACE ( 'NONE', ( #7992 ), #2658, .T. ) ;
#1087 = CARTESIAN_POINT ( 'NONE',  ( 45.91044702067366500, 69.42859507026720700, 41.69952674472168800 ) ) ;
#1088 = VECTOR ( 'NONE', #7285, 1000.000000000000000 ) ;
#1089 = ORIENTED_EDGE ( 'NONE', *, *, #6095, .F. ) ;
#1090 = VECTOR ( 'NONE', #1228, 1000.000000000000000 ) ;
#1091 = DIRECTION ( 'NONE',  ( -1.000000000000000000, 0.0000000000000000000, 0.0000000000000000000 ) ) ;
#1092 = DIRECTION ( 'NONE',  ( -1.000000000000000000, -1.609823385706476600E-015, 0.0000000000000000000 ) ) ;
#1093 = CARTESIAN_POINT ( 'NONE',  ( 50.58541918356638000, 65.47343483094911700, 50.55076022284780600 ) ) ;
#1094 = DIRECTION ( 'NONE',  ( -1.000000000000000000, 0.0000000000000000000, 0.0000000000000000000 ) ) ;
#1095 = VECTOR ( 'NONE', #9885, 1000.000000000000000 ) ;
#1096 = ORIENTED_EDGE ( 'NONE', *, *, #7067, .T. ) ;
#1097 = DIRECTION ( 'NONE',  ( 1.000000000000000000, 1.425225579937531700E-016, 0.0000000000000000000 ) ) ;
#1098 = CARTESIAN_POINT ( 'NONE',  ( -56.00467953454355600, -30.31634314087384400, 46.99503805186613900 ) ) ;
#1099 = CARTESIAN_POINT ( 'NONE',  ( -18.04947635574772800, 69.67441243337013600, 40.35469331879012600 ) ) ;
#1100 = EDGE_CURVE ( 'NONE', #1988, #10471, #6841, .T. ) ;
#1101 = CARTESIAN_POINT ( 'NONE',  ( -41.23752760385750100, 33.35024010312945800, 7.000000000000000000 ) ) ;
#1102 = VECTOR ( 'NONE', #10430, 1000.000000000000000 ) ;
#1103 = DIRECTION ( 'NONE',  ( 1.609823385706476600E-015, -1.000000000000000000, -4.165779463821302700E-032 ) ) ;
#1104 = CARTESIAN_POINT ( 'NONE',  ( -28.33955297932633100, 73.48310668740407400, 15.50000000000000000 ) ) ;
#1105 = CIRCLE ( 'NONE', #4840, 52.92058191901593700 ) ;
#1106 = ORIENTED_EDGE ( 'NONE', *, *, #4260, .F. ) ;
#1107 = CARTESIAN_POINT ( 'NONE',  ( -8.839552979326123600, -30.68930735569035300, 45.63025720958918900 ) ) ;
#1108 = CARTESIAN_POINT ( 'NONE',  ( -14.11752760385748600, 37.09024010312946700, 10.26363978188264500 ) ) ;
#1109 = CARTESIAN_POINT ( 'NONE',  ( 5.677608841164764700, 70.77009123091600900, 13.77294528950233700 ) ) ;
#1110 = FACE_BOUND ( 'NONE', #5729, .T. ) ;
#1111 = CARTESIAN_POINT ( 'NONE',  ( 19.63114859864821700, 70.70083669093200700, 47.43335354415472700 ) ) ;
#1112 = FACE_OUTER_BOUND ( 'NONE', #9970, .T. ) ;
#1113 = AXIS2_PLACEMENT_3D ( 'NONE', #8418, #4246, #7631 ) ;
#1114 = CARTESIAN_POINT ( 'NONE',  ( 33.66044702067386400, -30.68971506758318300, 45.62867814821818500 ) ) ;
#1115 = ORIENTED_EDGE ( 'NONE', *, *, #3670, .T. ) ;
#1116 = EDGE_CURVE ( 'NONE', #9924, #7605, #5160, .T. ) ;
#1117 = CIRCLE ( 'NONE', #4079, 60.00000000000000700 ) ;
#1118 = CARTESIAN_POINT ( 'NONE',  ( 52.05817479306388400, -30.23050457523961800, 13.70785373847572900 ) ) ;
#1119 = DIRECTION ( 'NONE',  ( 1.224646799147353200E-016, 1.000000000000000000, 0.0000000000000000000 ) ) ;
#1120 = DIRECTION ( 'NONE',  ( 0.0000000000000000000, -1.000000000000000000, 0.0000000000000000000 ) ) ;
#1121 = CARTESIAN_POINT ( 'NONE',  ( 42.84247239614252600, -14.90975989687055900, 8.650000000000000400 ) ) ;
#1122 = VECTOR ( 'NONE', #10512, 1000.000000000000000 ) ;
#1123 = CARTESIAN_POINT ( 'NONE',  ( -61.04602967032580100, -23.32001110175415400, 48.16909574168948200 ) ) ;
#1124 = VERTEX_POINT ( 'NONE', #6994 ) ;
#1125 = AXIS2_PLACEMENT_3D ( 'NONE', #1385, #2226, #8828 ) ;
#1126 = EDGE_CURVE ( 'NONE', #3309, #10249, #1117, .T. ) ;
#1127 = CARTESIAN_POINT ( 'NONE',  ( 50.42388379002135000, -28.08506024466570500, 51.14970382557325500 ) ) ;
#1128 = CARTESIAN_POINT ( 'NONE',  ( 26.88247239614251400, 9.714477141289696200E-016, 4.000000000000000000 ) ) ;
#1129 = CARTESIAN_POINT ( 'NONE',  ( 60.16044702067363700, -22.81533917918839200, 3.000000000000000000 ) ) ;
#1130 = AXIS2_PLACEMENT_3D ( 'NONE', #3062, #2268, #9554 ) ;
#1131 = CYLINDRICAL_SURFACE ( 'NONE', #1901, 2.000000000000015500 ) ;
#1132 = CARTESIAN_POINT ( 'NONE',  ( 18.16044702067385700, -30.72293962258783400, 15.50000000000000000 ) ) ;
#1133 = EDGE_LOOP ( 'NONE', ( #8400, #3686, #3506, #9259, #9858, #1806, #8465, #5108, #2467, #6770, #7680, #7662 ) ) ;
#1134 = CARTESIAN_POINT ( 'NONE',  ( 49.17264739370952500, 71.23674877982129800, 15.24455901932126900 ) ) ;
#1135 = ADVANCED_FACE ( 'NONE', ( #478 ), #1190, .T. ) ;
#1136 = DIRECTION ( 'NONE',  ( 1.000000000000000000, 1.609823385706476600E-015, -1.156482317317871500E-016 ) ) ;
#1137 = FACE_OUTER_BOUND ( 'NONE', #4606, .T. ) ;
#1138 = CARTESIAN_POINT ( 'NONE',  ( -57.47791864871174300, 70.67836328974986800, 13.50027294252316200 ) ) ;
#1139 = EDGE_CURVE ( 'NONE', #1554, #385, #1644, .T. ) ;
#1140 = ORIENTED_EDGE ( 'NONE', *, *, #7203, .F. ) ;
#1141 = AXIS2_PLACEMENT_3D ( 'NONE', #2612, #10278, #2080 ) ;
#1142 = AXIS2_PLACEMENT_3D ( 'NONE', #3843, #596, #4791 ) ;
#1143 = PLANE ( 'NONE',  #1671 ) ;
#1144 = CARTESIAN_POINT ( 'NONE',  ( 19.50420329187258900, 70.71415059414884800, 47.39394569755320000 ) ) ;
#1145 = ORIENTED_EDGE ( 'NONE', *, *, #10476, .T. ) ;
#1146 = CARTESIAN_POINT ( 'NONE',  ( 36.99747725478636800, -32.99255080583945700, 14.00690927629786000 ) ) ;
#1147 = CARTESIAN_POINT ( 'NONE',  ( 49.19033974878914300, -30.61932017684011200, 45.89697718355832000 ) ) ;
#1148 = ORIENTED_EDGE ( 'NONE', *, *, #3674, .T. ) ;
#1149 = CARTESIAN_POINT ( 'NONE',  ( 41.44247239614252700, -14.90975989687055900, 8.650000000000000400 ) ) ;
#1150 = APPLICATION_CONTEXT ( 'automotive_design' ) ;
#1151 = CARTESIAN_POINT ( 'NONE',  ( 50.16044702067368600, -26.37519891327379200, 52.00000000000002100 ) ) ;
#1152 = CARTESIAN_POINT ( 'NONE',  ( -14.11752760385748400, -17.18165353266591200, 9.837216218233695700 ) ) ;
#1153 = VERTEX_POINT ( 'NONE', #10354 ) ;
#1154 = CARTESIAN_POINT ( 'NONE',  ( 52.76427029183194900, -33.08718450723372900, 46.70182250880206000 ) ) ;
#1155 = ORIENTED_EDGE ( 'NONE', *, *, #9695, .F. ) ;
#1156 = CARTESIAN_POINT ( 'NONE',  ( 35.00420329187275600, -32.85923333622145700, 47.39394569755320000 ) ) ;
#1157 = LINE ( 'NONE', #7352, #1549 ) ;
#1158 = EDGE_CURVE ( 'NONE', #7818, #6921, #9393, .T. ) ;
#1159 = ORIENTED_EDGE ( 'NONE', *, *, #8357, .F. ) ;
#1160 = CARTESIAN_POINT ( 'NONE',  ( 48.96979143526127800, 69.56592406348600800, 40.95168309854010900 ) ) ;
#1161 = CARTESIAN_POINT ( 'NONE',  ( -42.96479852183384200, 56.32270110567862500, -1.040834085586084300E-014 ) ) ;
#1162 = CARTESIAN_POINT ( 'NONE',  ( 25.88247239614251400, 39.09024010312946700, 3.000000000000000000 ) ) ;
#1163 = VERTEX_POINT ( 'NONE', #2057 ) ;
#1164 = DIRECTION ( 'NONE',  ( -1.619075244245019800E-015, 1.000000000000000000, 0.0000000000000000000 ) ) ;
#1165 = VERTEX_POINT ( 'NONE', #6258 ) ;
#1166 = CARTESIAN_POINT ( 'NONE',  ( -18.28668515394885200, 68.58999811492863300, 40.12017268635074200 ) ) ;
#1167 = CARTESIAN_POINT ( 'NONE',  ( 53.10945263302414100, 71.15774511071497000, 14.98311939265719800 ) ) ;
#1168 = ORIENTED_EDGE ( 'NONE', *, *, #5706, .T. ) ;
#1169 = CARTESIAN_POINT ( 'NONE',  ( -42.10869562897699600, -30.17354587828001300, 13.51374924449798300 ) ) ;
#1170 = ORIENTED_EDGE ( 'NONE', *, *, #5472, .T. ) ;
#1171 = CARTESIAN_POINT ( 'NONE',  ( -71.04602967032580800, 61.80992920665785600, 6.899999999999999500 ) ) ;
#1172 = DIRECTION ( 'NONE',  ( 0.0000000000000000000, 0.0000000000000000000, 1.000000000000000000 ) ) ;
#1173 = CARTESIAN_POINT ( 'NONE',  ( -56.80735218776058600, 70.69656858523478600, 13.55368265994382400 ) ) ;
#1174 = VERTEX_POINT ( 'NONE', #7049 ) ;
#1175 = EDGE_CURVE ( 'NONE', #2885, #4019, #2950, .T. ) ;
#1176 = DIRECTION ( 'NONE',  ( 0.0000000000000000000, -1.000000000000000000, 0.0000000000000000000 ) ) ;
#1177 = CARTESIAN_POINT ( 'NONE',  ( 49.25972320665292900, 68.41020149940834500, 14.86456217552655800 ) ) ;
#1178 = CARTESIAN_POINT ( 'NONE',  ( 4.127788271290539200, 70.70116343258166600, 13.56761369079868200 ) ) ;
#1179 = VERTEX_POINT ( 'NONE', #8545 ) ;
#1180 = CARTESIAN_POINT ( 'NONE',  ( -55.73867663675867600, -30.39829426911973100, 46.70578863413461300 ) ) ;
#1181 = ORIENTED_EDGE ( 'NONE', *, *, #10376, .F. ) ;
#1182 = EDGE_LOOP ( 'NONE', ( #8967, #2967, #10673, #1572, #7997 ) ) ;
#1183 = CARTESIAN_POINT ( 'NONE',  ( -28.33955297932616400, -30.72293962258784100, 15.50000000000000000 ) ) ;
#1184 = CARTESIAN_POINT ( 'NONE',  ( 35.38949068979585600, -32.82808875171156900, 13.51394238300087400 ) ) ;
#1185 = LINE ( 'NONE', #7346, #9721 ) ;
#1186 = DIRECTION ( 'NONE',  ( -1.619075244245020200E-015, 1.000000000000000000, 4.354155924701786400E-014 ) ) ;
#1187 = AXIS2_PLACEMENT_3D ( 'NONE', #593, #7915, #7126 ) ;
#1188 = APPLICATION_PROTOCOL_DEFINITION ( 'draft international standard', 'automotive_design', 1998, #1150 ) ;
#1189 = ORIENTED_EDGE ( 'NONE', *, *, #957, .F. ) ;
#1190 = PLANE ( 'NONE',  #3161 ) ;
#1191 = DIRECTION ( 'NONE',  ( 1.000000000000000000, 0.0000000000000000000, 0.0000000000000000000 ) ) ;
#1192 = AXIS2_PLACEMENT_3D ( 'NONE', #1927, #2792, #8566 ) ;
#1193 = VERTEX_POINT ( 'NONE', #1206 ) ;
#1194 = ORIENTED_EDGE ( 'NONE', *, *, #8671, .T. ) ;
#1195 = AXIS2_PLACEMENT_3D ( 'NONE', #6819, #1847, #9279 ) ;
#1196 = CARTESIAN_POINT ( 'NONE',  ( 49.55807395722968100, -33.08655644579639000, 46.70377594517698600 ) ) ;
#1197 = LINE ( 'NONE', #10306, #8439 ) ;
#1198 = CARTESIAN_POINT ( 'NONE',  ( -14.11752760385748600, 36.09024010312946700, 8.490435472824181300 ) ) ;
#1199 = CARTESIAN_POINT ( 'NONE',  ( -24.33955297932630700, 73.48310668740407400, 45.50000000000000000 ) ) ;
#1200 = FACE_OUTER_BOUND ( 'NONE', #1731, .T. ) ;
#1201 = CARTESIAN_POINT ( 'NONE',  ( -132.8082378770764600, 10.48310668740396200, 30.50000000000000000 ) ) ;
#1202 = ORIENTED_EDGE ( 'NONE', *, *, #2007, .T. ) ;
#1203 = ORIENTED_EDGE ( 'NONE', *, *, #1484, .T. ) ;
#1204 = PLANE ( 'NONE',  #2579 ) ;
#1205 = CARTESIAN_POINT ( 'NONE',  ( -13.93667964815026900, 35.74913373892482600, 9.837216218233701100 ) ) ;
#1206 = CARTESIAN_POINT ( 'NONE',  ( 47.41044702067365100, 69.44617026388614500, 41.51286796564299000 ) ) ;
#1207 = CARTESIAN_POINT ( 'NONE',  ( 35.92773087511660200, -30.16955191514793500, 47.49975303815987400 ) ) ;
#1208 = CARTESIAN_POINT ( 'NONE',  ( -61.04602967032580100, 64.23011617120123200, 53.90000000000002000 ) ) ;
#1209 = FACE_BOUND ( 'NONE', #10178, .T. ) ;
#1210 = CARTESIAN_POINT ( 'NONE',  ( 52.49747725478619000, 70.84746806376685400, 14.00690927629785400 ) ) ;
#1211 = EDGE_CURVE ( 'NONE', #88, #2081, #4906, .T. ) ;
#1212 = CARTESIAN_POINT ( 'NONE',  ( 45.09393285607333000, 70.46641377151658500, 32.13422176668670000 ) ) ;
#1213 = AXIS2_PLACEMENT_3D ( 'NONE', #8630, #3664, #8666 ) ;
#1214 = FACE_BOUND ( 'NONE', #6822, .T. ) ;
#1215 = CARTESIAN_POINT ( 'NONE',  ( 25.88247239614251800, -18.52275989687055400, 4.000000000000000000 ) ) ;
#1216 = EDGE_LOOP ( 'NONE', ( #1354, #6115 ) ) ;
#1217 = CARTESIAN_POINT ( 'NONE',  ( 50.65397975097780400, 63.29964991489455900, 50.33236825851168600 ) ) ;
#1218 = CARTESIAN_POINT ( 'NONE',  ( -55.72894722976302300, 70.93843228486483100, 14.28598676118487500 ) ) ;
#1219 = FACE_BOUND ( 'NONE', #7458, .T. ) ;
#1220 = CARTESIAN_POINT ( 'NONE',  ( 2.903288333984158400, 71.01055091209993000, 14.51105109821026300 ) ) ;
#1221 = CARTESIAN_POINT ( 'NONE',  ( -25.00620856384576400, -30.31595626274118900, 14.00361017943398400 ) ) ;
#1222 = ADVANCED_FACE ( 'NONE', ( #4660 ), #2184, .T. ) ;
#1223 = LINE ( 'NONE', #6047, #1752 ) ;
#1224 = CARTESIAN_POINT ( 'NONE',  ( 40.04247239614252900, -14.90975989687055900, 7.000000000000000000 ) ) ;
#1225 = ORIENTED_EDGE ( 'NONE', *, *, #3605, .F. ) ;
#1226 = DIRECTION ( 'NONE',  ( -1.000000000000000000, -0.0000000000000000000, -0.0000000000000000000 ) ) ;
#1227 = AXIS2_PLACEMENT_3D ( 'NONE', #106, #2619, #4290 ) ;
#1228 = DIRECTION ( 'NONE',  ( -1.000000000000000000, -4.857238570644846600E-017, 4.570284219494838400E-033 ) ) ;
#1229 = EDGE_CURVE ( 'NONE', #9076, #5531, #4127, .T. ) ;
#1230 = CIRCLE ( 'NONE', #6764, 4.900000000000001200 ) ;
#1231 = DIRECTION ( 'NONE',  ( 1.619075244245020000E-015, -1.000000000000000000, 0.0000000000000000000 ) ) ;
#1232 = CARTESIAN_POINT ( 'NONE',  ( 60.16044702067369300, -26.37519891327379200, 52.00000000000002100 ) ) ;
#1233 = ORIENTED_EDGE ( 'NONE', *, *, #7306, .F. ) ;
#1234 = CARTESIAN_POINT ( 'NONE',  ( 49.16044702067387800, -33.45785864922132900, 45.50000000000000000 ) ) ;
#1235 = FACE_OUTER_BOUND ( 'NONE', #2395, .T. ) ;
#1236 = ORIENTED_EDGE ( 'NONE', *, *, #8370, .F. ) ;
#1237 = CARTESIAN_POINT ( 'NONE',  ( 2.758891653746909700, -33.26665795402287500, 14.86715418018974500 ) ) ;
#1238 = CYLINDRICAL_SURFACE ( 'NONE', #238, 9.999999999999994700 ) ;
#1239 = CARTESIAN_POINT ( 'NONE',  ( 42.71247239614250900, 33.35024010312945800, 7.000000000000000000 ) ) ;
#1240 = CARTESIAN_POINT ( 'NONE',  ( 50.25109014808493400, 66.13808853767136500, 52.07998593923473200 ) ) ;
#1241 = DIRECTION ( 'NONE',  ( 1.619075244245020800E-015, -1.000000000000000000, 0.0000000000000000000 ) ) ;
#1242 = CYLINDRICAL_SURFACE ( 'NONE', #9220, 2.500000000000002200 ) ;
#1243 = CARTESIAN_POINT ( 'NONE',  ( -71.04602967032580800, 0.0000000000000000000, 3.000000000000000000 ) ) ;
#1244 = DIRECTION ( 'NONE',  ( -1.573428027951569800E-015, 1.000000000000000000, 0.0000000000000000000 ) ) ;
#1245 = CYLINDRICAL_SURFACE ( 'NONE', #6904, 4.900000000000001200 ) ;
#1246 = CARTESIAN_POINT ( 'NONE',  ( -19.48955297932634400, 70.43447697346771000, 32.91520202535429700 ) ) ;
#1247 = DIRECTION ( 'NONE',  ( 0.0000000000000000000, -1.000000000000000000, 0.0000000000000000000 ) ) ;
#1248 = ORIENTED_EDGE ( 'NONE', *, *, #9224, .F. ) ;
#1249 = CARTESIAN_POINT ( 'NONE',  ( -18.38917198238584700, 68.64740457479784700, 39.95439926253912000 ) ) ;
#1250 = EDGE_CURVE ( 'NONE', #9231, #9808, #1909, .T. ) ;
#1251 = CARTESIAN_POINT ( 'NONE',  ( 25.88247239614251800, -17.52275989687055700, 8.490435472824181300 ) ) ;
#1252 = ADVANCED_FACE ( 'NONE', ( #3865 ), #7205, .F. ) ;
#1253 = CYLINDRICAL_SURFACE ( 'NONE', #6435, 5.000000000000000900 ) ;
#1254 = CARTESIAN_POINT ( 'NONE',  ( -56.04602967032580800, -23.95501194873044100, 5.000000000000000000 ) ) ;
#1255 = CARTESIAN_POINT ( 'NONE',  ( 24.88247239614251400, 37.09024010312946700, 3.000000000000000000 ) ) ;
#1256 = VECTOR ( 'NONE', #8703, 1000.000000000000000 ) ;
#1257 = CARTESIAN_POINT ( 'NONE',  ( -55.42279006193196300, -11.33733507041127100, -1.040834085586084300E-014 ) ) ;
#1258 = VECTOR ( 'NONE', #6341, 1000.000000000000000 ) ;
#1259 = CARTESIAN_POINT ( 'NONE',  ( 49.16044702067371500, 68.54463644340600600, 15.37133780032230500 ) ) ;
#1260 = DIRECTION ( 'NONE',  ( 0.0000000000000000000, 0.0000000000000000000, -1.000000000000000000 ) ) ;
#1261 = DIRECTION ( 'NONE',  ( 1.000000000000000000, 0.0000000000000000000, -0.0000000000000000000 ) ) ;
#1262 = CARTESIAN_POINT ( 'NONE',  ( -11.74078466846782700, -32.89400056355842100, 47.29038196465389600 ) ) ;
#1263 = AXIS2_PLACEMENT_3D ( 'NONE', #9956, #845, #6665 ) ;
#1264 = CIRCLE ( 'NONE', #10300, 59.99999999999996400 ) ;
#1265 = CARTESIAN_POINT ( 'NONE',  ( 33.66044702067386400, -33.45785864922130800, 15.50000000000000000 ) ) ;
#1266 = EDGE_CURVE ( 'NONE', #606, #8709, #8494, .T. ) ;
#1267 = CARTESIAN_POINT ( 'NONE',  ( 3.762839752308152700, -30.23049801575835400, 47.29216817450320300 ) ) ;
#1268 = ORIENTED_EDGE ( 'NONE', *, *, #1296, .T. ) ;
#1269 = PLANE ( 'NONE',  #3571 ) ;
#1270 = CARTESIAN_POINT ( 'NONE',  ( 2.660447020673858600, -30.72293962258785500, 45.50000000000000000 ) ) ;
#1271 = FACE_OUTER_BOUND ( 'NONE', #400, .T. ) ;
#1272 = DIRECTION ( 'NONE',  ( 1.000000000000000000, 1.609823385706476600E-015, -1.156482317317871500E-016 ) ) ;
#1273 = DIRECTION ( 'NONE',  ( 1.000000000000000000, 4.857238570644847900E-017, -4.570284219494838400E-033 ) ) ;
#1274 = EDGE_CURVE ( 'NONE', #8300, #10499, #9015, .T. ) ;
#1275 = ORIENTED_EDGE ( 'NONE', *, *, #73, .T. ) ;
#1276 = EDGE_CURVE ( 'NONE', #5625, #5126, #6747, .T. ) ;
#1277 = CARTESIAN_POINT ( 'NONE',  ( 46.26044702067366600, 64.69007228669750000, 28.35098846298121700 ) ) ;
#1278 = CARTESIAN_POINT ( 'NONE',  ( 37.41406145545182200, -30.45728095927587700, 14.50446528216650900 ) ) ;
#1279 = CARTESIAN_POINT ( 'NONE',  ( -28.33955297932631400, 68.54463644340602000, 15.37133780032230300 ) ) ;
#1280 = DIRECTION ( 'NONE',  ( 1.000000000000000000, 0.0000000000000000000, -0.0000000000000000000 ) ) ;
#1281 = ADVANCED_FACE ( 'NONE', ( #10189 ), #5552, .F. ) ;
#1282 = AXIS2_PLACEMENT_3D ( 'NONE', #6213, #1272, #2869 ) ;
#1283 = CARTESIAN_POINT ( 'NONE',  ( 53.16044702067386400, -32.44987874101828900, 35.12228167828153100 ) ) ;
#1284 = CARTESIAN_POINT ( 'NONE',  ( 47.76443214975543600, 68.46902120243582600, 40.45244436510879600 ) ) ;
#1285 = CARTESIAN_POINT ( 'NONE',  ( -33.48752760385749400, -14.90975989687055900, 7.000000000000000000 ) ) ;
#1286 = DIRECTION ( 'NONE',  ( -1.000000000000000000, -1.609823385706476600E-015, 1.156482317317871500E-016 ) ) ;
#1287 = DIRECTION ( 'NONE',  ( -1.000000000000000000, -1.603063405027194900E-016, -0.0000000000000000000 ) ) ;
#1288 = CYLINDRICAL_SURFACE ( 'NONE', #4550, 1.000000000000000000 ) ;
#1289 = DIRECTION ( 'NONE',  ( -1.000000000000000000, 0.0000000000000000000, 0.0000000000000000000 ) ) ;
#1290 = ORIENTED_EDGE ( 'NONE', *, *, #2523, .F. ) ;
#1291 = VERTEX_POINT ( 'NONE', #9961 ) ;
#1292 = CARTESIAN_POINT ( 'NONE',  ( -61.04602967032580100, -23.32001110175415400, 48.16909574168948200 ) ) ;
#1293 = CARTESIAN_POINT ( 'NONE',  ( 18.16044702067369300, 73.48310668740414500, 45.50000000000000000 ) ) ;
#1294 = ORIENTED_EDGE ( 'NONE', *, *, #8134, .T. ) ;
#1295 = CARTESIAN_POINT ( 'NONE',  ( -58.36695045927960700, 70.76709497378017500, 13.76377908748838100 ) ) ;
#1296 = EDGE_CURVE ( 'NONE', #3586, #4548, #3595, .T. ) ;
#1297 = DIRECTION ( 'NONE',  ( -0.0000000000000000000, -1.000000000000000000, -4.165779463821302700E-032 ) ) ;
#1298 = CYLINDRICAL_SURFACE ( 'NONE', #8814, 2.000000000000000900 ) ;
#1299 = CARTESIAN_POINT ( 'NONE',  ( 49.40524396446234300, 68.31299051968291300, 14.50733126608359100 ) ) ;
#1300 = DIRECTION ( 'NONE',  ( 0.0000000000000000000, 0.0000000000000000000, -1.000000000000000000 ) ) ;
#1301 = EDGE_LOOP ( 'NONE', ( #1202, #10475, #5006, #3784 ) ) ;
#1302 = AXIS2_PLACEMENT_3D ( 'NONE', #199, #6778, #1952 ) ;
#1303 = DIRECTION ( 'NONE',  ( -1.000000000000000000, -4.857238570644847900E-017, -0.0000000000000000000 ) ) ;
#1304 = EDGE_CURVE ( 'NONE', #516, #7643, #7727, .T. ) ;
#1305 = ORIENTED_EDGE ( 'NONE', *, *, #1399, .T. ) ;
#1306 = DIRECTION ( 'NONE',  ( 1.000000000000000000, 1.609823385706476600E-015, 2.312964634635743000E-016 ) ) ;
#1307 = EDGE_LOOP ( 'NONE', ( #4182, #412, #2367, #2238 ) ) ;
#1308 = CARTESIAN_POINT ( 'NONE',  ( 6.403305274018689100, -30.45852246694482800, 46.48953342699890400 ) ) ;
#1309 = ORIENTED_EDGE ( 'NONE', *, *, #4957, .T. ) ;
#1310 = CARTESIAN_POINT ( 'NONE',  ( 50.34674508473887000, -24.53036667100050700, 51.50741385136619500 ) ) ;
#1311 = ORIENTED_EDGE ( 'NONE', *, *, #5431, .F. ) ;
#1312 = ADVANCED_FACE ( 'NONE', ( #5801 ), #3337, .F. ) ;
#1313 = CARTESIAN_POINT ( 'NONE',  ( 60.16044702067368600, 27.37181057052339700, 30.50000000000000000 ) ) ;
#1314 = ORIENTED_EDGE ( 'NONE', *, *, #9544, .F. ) ;
#1315 = CARTESIAN_POINT ( 'NONE',  ( 50.25921533153219700, -32.89400056355840000, 47.29038196465388200 ) ) ;
#1316 = ORIENTED_EDGE ( 'NONE', *, *, #501, .F. ) ;
#1317 = EDGE_CURVE ( 'NONE', #5585, #9493, #209, .T. ) ;
#1318 = ORIENTED_EDGE ( 'NONE', *, *, #9255, .T. ) ;
#1319 = CARTESIAN_POINT ( 'NONE',  ( 48.40050863294891300, 69.56958639895900400, 39.73535549843175800 ) ) ;
#1320 = CARTESIAN_POINT ( 'NONE',  ( 37.66044702067387100, -30.72293962258783000, 15.50000000000000000 ) ) ;
#1321 = ORIENTED_EDGE ( 'NONE', *, *, #3035, .F. ) ;
#1322 = CARTESIAN_POINT ( 'NONE',  ( -24.33955297932629900, 68.51061310569535600, 15.23956597998645900 ) ) ;
#1323 = DIRECTION ( 'NONE',  ( 0.0000000000000000000, 0.0000000000000000000, -1.000000000000000000 ) ) ;
#1324 = CIRCLE ( 'NONE', #3917, 0.5000000000000004400 ) ;
#1325 = CARTESIAN_POINT ( 'NONE',  ( -59.14266239136976100, -30.49010516316783600, 46.37495291163284600 ) ) ;
#1326 = DIRECTION ( 'NONE',  ( 1.224646799147353200E-016, 1.000000000000000000, 0.0000000000000000000 ) ) ;
#1327 = EDGE_LOOP ( 'NONE', ( #9355, #2378, #9249, #6877 ) ) ;
#1328 = CARTESIAN_POINT ( 'NONE',  ( -43.83955297932632800, 73.48310668740404600, 45.50000000000000000 ) ) ;
#1329 = VERTEX_POINT ( 'NONE', #9737 ) ;
#1330 = EDGE_LOOP ( 'NONE', ( #9307, #3901, #1939, #393 ) ) ;
#1331 = VERTEX_POINT ( 'NONE', #7223 ) ;
#1332 = EDGE_LOOP ( 'NONE', ( #3945, #10502, #8551, #4838, #4598, #6057, #3116, #8986, #135, #633, #8669, #3944, #9221, #3381, #6242, #5231, #7509, #4973, #5632, #8718, #1633, #4817, #63, #5396, #115, #8391, #6598, #4168, #548, #6763, #9072, #10481, #4117, #5789, #2181, #4186, #7678, #174, #910, #2316, #5496, #7305, #5982, #5056, #6013, #4764, #3010, #5404, #7142, #4287, #4591, #8603 ) ) ;
#1333 = CARTESIAN_POINT ( 'NONE',  ( 48.37445528755908700, 64.30531158520869900, 31.87921029223975100 ) ) ;
#1334 = CARTESIAN_POINT ( 'NONE',  ( 46.21247239614250900, 33.35024010312945800, 4.000000000000000000 ) ) ;
#1335 = ORIENTED_EDGE ( 'NONE', *, *, #8617, .T. ) ;
#1336 = CARTESIAN_POINT ( 'NONE',  ( -42.49579670812728000, -32.85923333622147200, 47.39394569755319300 ) ) ;
#1337 = CARTESIAN_POINT ( 'NONE',  ( 25.88247239614251400, 37.09024010312946700, 10.26363978188264500 ) ) ;
#1338 = EDGE_CURVE ( 'NONE', #7139, #1452, #5028, .T. ) ;
#1339 = CIRCLE ( 'NONE', #2474, 1.899999999999999700 ) ;
#1340 = DIRECTION ( 'NONE',  ( 1.000000000000000000, 0.0000000000000000000, 0.0000000000000000000 ) ) ;
#1341 = CARTESIAN_POINT ( 'NONE',  ( 47.75582979138894000, 69.66040962781461600, 40.45906114632627700 ) ) ;
#1342 = CARTESIAN_POINT ( 'NONE',  ( -9.318293733395071500, -33.05388266498478300, 46.80491334438638500 ) ) ;
#1343 = ORIENTED_EDGE ( 'NONE', *, *, #7663, .F. ) ;
#1344 = ADVANCED_FACE ( 'NONE', ( #2807 ), #573, .T. ) ;
#1345 = ORIENTED_EDGE ( 'NONE', *, *, #2940, .F. ) ;
#1346 = ORIENTED_EDGE ( 'NONE', *, *, #6831, .T. ) ;
#1347 = DIRECTION ( 'NONE',  ( 1.000000000000000000, 0.0000000000000000000, -0.0000000000000000000 ) ) ;
#1348 = CYLINDRICAL_SURFACE ( 'NONE', #8078, 2.000000000000001800 ) ;
#1349 = CARTESIAN_POINT ( 'NONE',  ( 60.16044702067368600, 27.37181057052339700, 30.50000000000000000 ) ) ;
#1350 = AXIS2_PLACEMENT_3D ( 'NONE', #7424, #9032, #9002 ) ;
#1351 = AXIS2_PLACEMENT_3D ( 'NONE', #10547, #6454, #4766 ) ;
#1352 = DIRECTION ( 'NONE',  ( 1.000000000000000000, 0.0000000000000000000, -0.0000000000000000000 ) ) ;
#1353 = SHAPE_DEFINITION_REPRESENTATION ( #5099, #10014 ) ;
#1354 = ORIENTED_EDGE ( 'NONE', *, *, #6366, .F. ) ;
#1355 = AXIS2_PLACEMENT_3D ( 'NONE', #3553, #203, #7665 ) ;
#1356 = DIRECTION ( 'NONE',  ( 1.000000000000000000, 1.603063405027194900E-016, 0.0000000000000000000 ) ) ;
#1357 = CIRCLE ( 'NONE', #4214, 60.00000000000000000 ) ;
#1358 = CARTESIAN_POINT ( 'NONE',  ( -41.70386481251859600, 70.67832183841929300, 47.49984925543876800 ) ) ;
#1359 = CARTESIAN_POINT ( 'NONE',  ( 21.17802086522711500, -30.24954068947065300, 47.22679946501696000 ) ) ;
#1360 = DIRECTION ( 'NONE',  ( 1.000000000000000000, 1.609823385706476600E-015, -0.0000000000000000000 ) ) ;
#1361 = LINE ( 'NONE', #7114, #4867 ) ;
#1362 = ORIENTED_EDGE ( 'NONE', *, *, #5525, .F. ) ;
#1363 = CARTESIAN_POINT ( 'NONE',  ( -59.33955297932615700, -30.72293962258786200, 45.50000000000000000 ) ) ;
#1364 = CARTESIAN_POINT ( 'NONE',  ( -71.04602967032580800, 10.48310668740397300, 30.50000000000000000 ) ) ;
#1365 = CARTESIAN_POINT ( 'NONE',  ( 6.599033293962167900, 71.15997893499606200, 46.00815311873948600 ) ) ;
#1366 = DIRECTION ( 'NONE',  ( -1.000000000000000000, 0.0000000000000000000, 0.0000000000000000000 ) ) ;
#1367 = EDGE_CURVE ( 'NONE', #375, #10426, #4016, .T. ) ;
#1368 = AXIS2_PLACEMENT_3D ( 'NONE', #10265, #8699, #376 ) ;
#1369 = ADVANCED_FACE ( 'NONE', ( #5258 ), #9698, .T. ) ;
#1370 = CYLINDRICAL_SURFACE ( 'NONE', #9159, 2.499999999999998700 ) ;
#1371 = CARTESIAN_POINT ( 'NONE',  ( -14.11752760385748600, 35.44144465257382800, 9.263639781882645300 ) ) ;
#1372 = CARTESIAN_POINT ( 'NONE',  ( 48.41044702067366500, 62.69007228669787000, 40.51286796564304600 ) ) ;
#1373 = FACE_OUTER_BOUND ( 'NONE', #4927, .T. ) ;
#1374 = VERTEX_POINT ( 'NONE', #8875 ) ;
#1375 = CARTESIAN_POINT ( 'NONE',  ( -56.10475549026344300, -32.96432308532411800, 13.92119940995661600 ) ) ;
#1376 = FACE_OUTER_BOUND ( 'NONE', #8913, .T. ) ;
#1377 = LINE ( 'NONE', #5861, #9780 ) ;
#1378 = ORIENTED_EDGE ( 'NONE', *, *, #20, .F. ) ;
#1379 = CARTESIAN_POINT ( 'NONE',  ( 6.660447020673873700, -30.72293962258783800, 45.50000000000000000 ) ) ;
#1380 = CARTESIAN_POINT ( 'NONE',  ( 36.99532046545629500, 68.17126039880122300, 46.99503805186613200 ) ) ;
#1381 = EDGE_CURVE ( 'NONE', #9056, #817, #9114, .T. ) ;
#1382 = CIRCLE ( 'NONE', #4010, 59.99999999999997200 ) ;
#1383 = VECTOR ( 'NONE', #2411, 1000.000000000000000 ) ;
#1384 = CARTESIAN_POINT ( 'NONE',  ( 50.14114007975613400, 70.77051896432975300, 47.22577069338046100 ) ) ;
#1385 = CARTESIAN_POINT ( 'NONE',  ( 41.44247239614252700, -14.90975989687055900, 8.650000000000000400 ) ) ;
#1386 = VECTOR ( 'NONE', #152, 1000.000000000000000 ) ;
#1387 = VECTOR ( 'NONE', #4946, 1000.000000000000000 ) ;
#1388 = CARTESIAN_POINT ( 'NONE',  ( -56.04602967032580800, -23.95501194873044100, 5.000000000000000000 ) ) ;
#1389 = CARTESIAN_POINT ( 'NONE',  ( -15.17303881472602500, 70.46641377151658500, 32.13422176668670000 ) ) ;
#1390 = ADVANCED_FACE ( 'NONE', ( #1219, #10285 ), #5341, .T. ) ;
#1391 = VECTOR ( 'NONE', #5728, 1000.000000000000000 ) ;
#1392 = CARTESIAN_POINT ( 'NONE',  ( 21.76132336324131700, -30.39829426911972000, 46.70578863413464200 ) ) ;
#1393 = CARTESIAN_POINT ( 'NONE',  ( -56.04602967032580800, 67.00934761752108700, 10.38075333641062400 ) ) ;
#1394 = CYLINDRICAL_SURFACE ( 'NONE', #3768, 1.000000000000000900 ) ;
#1395 = DIRECTION ( 'NONE',  ( 0.0000000000000000000, -1.000000000000000000, 0.0000000000000000000 ) ) ;
#1396 = DIRECTION ( 'NONE',  ( -1.638987529116215900E-015, 1.000000000000000000, 0.0000000000000000000 ) ) ;
#1397 = VERTEX_POINT ( 'NONE', #7866 ) ;
#1398 = CARTESIAN_POINT ( 'NONE',  ( -71.04602967032580800, -25.30707496214664700, 3.665112136637728800 ) ) ;
#1399 = EDGE_CURVE ( 'NONE', #8108, #1017, #7570, .T. ) ;
#1400 = DIRECTION ( 'NONE',  ( 0.0000000000000000000, 0.0000000000000000000, 1.000000000000000000 ) ) ;
#1401 = CARTESIAN_POINT ( 'NONE',  ( 50.16044702067372200, 62.83914531225395500, 53.30905310338185600 ) ) ;
#1402 = VECTOR ( 'NONE', #1356, 1000.000000000000000 ) ;
#1403 = DIRECTION ( 'NONE',  ( -1.638987529116215700E-015, 1.000000000000000000, 0.0000000000000000000 ) ) ;
#1404 = EDGE_LOOP ( 'NONE', ( #10242, #4461, #4188, #844 ) ) ;
#1405 = CARTESIAN_POINT ( 'NONE',  ( -59.09671166601570000, -33.15563365417250500, 14.51105109821025100 ) ) ;
#1406 = AXIS2_PLACEMENT_3D ( 'NONE', #7952, #4615, #3106 ) ;
#1407 = AXIS2_PLACEMENT_3D ( 'NONE', #5393, #9226, #364 ) ;
#1408 = DIRECTION ( 'NONE',  ( 1.000000000000000000, 4.857238570644847900E-017, -4.570284219494838400E-033 ) ) ;
#1409 = EDGE_CURVE ( 'NONE', #10602, #4177, #1747, .T. ) ;
#1410 = CYLINDRICAL_SURFACE ( 'NONE', #1187, 28.12686385698107500 ) ;
#1411 = CARTESIAN_POINT ( 'NONE',  ( -8.839552979326232000, 20.56252476838795900, 30.50000000000000400 ) ) ;
#1412 = CARTESIAN_POINT ( 'NONE',  ( 37.17825559305448700, 68.22415226669727400, 46.80892437815208500 ) ) ;
#1413 = ORIENTED_EDGE ( 'NONE', *, *, #7396, .F. ) ;
#1414 = ADVANCED_FACE ( 'NONE', ( #6550 ), #8335, .F. ) ;
#1415 = DIRECTION ( 'NONE',  ( 0.0000000000000000000, 0.0000000000000000000, 1.000000000000000000 ) ) ;
#1416 = CARTESIAN_POINT ( 'NONE',  ( 51.82066569211254900, 70.71462993421835100, 47.39252262901015200 ) ) ;
#1417 = ORIENTED_EDGE ( 'NONE', *, *, #5086, .F. ) ;
#1418 = CARTESIAN_POINT ( 'NONE',  ( 49.16044702067387100, -30.72293962258784800, 45.50000000000000000 ) ) ;
#1419 = VECTOR ( 'NONE', #2891, 1000.000000000000000 ) ;
#1420 = ORIENTED_EDGE ( 'NONE', *, *, #1116, .F. ) ;
#1421 = EDGE_CURVE ( 'NONE', #4597, #6119, #2152, .T. ) ;
#1422 = CARTESIAN_POINT ( 'NONE',  ( -43.58342570762120300, 71.01045606481396500, 46.48771649178681300 ) ) ;
#1423 = ORIENTED_EDGE ( 'NONE', *, *, #10410, .T. ) ;
#1424 = AXIS2_PLACEMENT_3D ( 'NONE', #3032, #1287, #1395 ) ;
#1425 = AXIS2_PLACEMENT_3D ( 'NONE', #2310, #3148, #7302 ) ;
#1426 = CARTESIAN_POINT ( 'NONE',  ( -55.33955297932629900, 71.31277590714869100, 45.50000000000000000 ) ) ;
#1427 = DIRECTION ( 'NONE',  ( -0.0000000000000000000, 0.0000000000000000000, 1.000000000000000000 ) ) ;
#1428 = ORIENTED_EDGE ( 'NONE', *, *, #3823, .F. ) ;
#1429 = DIRECTION ( 'NONE',  ( -1.619075244245020000E-015, 1.000000000000000000, 0.0000000000000000000 ) ) ;
#1430 = ORIENTED_EDGE ( 'NONE', *, *, #2722, .F. ) ;
#1431 = ORIENTED_EDGE ( 'NONE', *, *, #10324, .F. ) ;
#1432 = CIRCLE ( 'NONE', #985, 5.000000000000000000 ) ;
#1433 = CARTESIAN_POINT ( 'NONE',  ( 33.67302371217580500, 71.23594082613280400, 45.75812014233032700 ) ) ;
#1434 = DIRECTION ( 'NONE',  ( 1.000000000000000000, 1.603063405027194900E-016, 0.0000000000000000000 ) ) ;
#1435 = EDGE_LOOP ( 'NONE', ( #10142, #10662, #4603, #5322, #1791, #623 ) ) ;
#1436 = DIRECTION ( 'NONE',  ( -1.000000000000000000, -4.857238570644847900E-017, -0.0000000000000000000 ) ) ;
#1437 = CARTESIAN_POINT ( 'NONE',  ( -26.60491464120668300, 68.02830081479797300, 47.48680050506429500 ) ) ;
#1438 = DIRECTION ( 'NONE',  ( 0.0000000000000000000, 4.085273785925380700E-014, -1.000000000000000000 ) ) ;
#1439 = ORIENTED_EDGE ( 'NONE', *, *, #10515, .F. ) ;
#1440 = EDGE_CURVE ( 'NONE', #5455, #6726, #2391, .T. ) ;
#1441 = EDGE_LOOP ( 'NONE', ( #8649, #3835 ) ) ;
#1442 = AXIS2_PLACEMENT_3D ( 'NONE', #149, #7615, #365 ) ;
#1443 = DIRECTION ( 'NONE',  ( -1.609823385706476600E-015, 1.000000000000000000, 0.0000000000000000000 ) ) ;
#1444 = EDGE_LOOP ( 'NONE', ( #7846, #1148, #4039, #4134 ) ) ;
#1445 = ORIENTED_EDGE ( 'NONE', *, *, #9944, .F. ) ;
#1446 = ADVANCED_FACE ( 'NONE', ( #6933 ), #830, .F. ) ;
#1447 = EDGE_CURVE ( 'NONE', #10091, #7395, #176, .T. ) ;
#1448 = ORIENTED_EDGE ( 'NONE', *, *, #7396, .T. ) ;
#1449 = VERTEX_POINT ( 'NONE', #4594 ) ;
#1450 = CARTESIAN_POINT ( 'NONE',  ( 2.660447020673693400, 68.54463644340600600, 15.37133780032230000 ) ) ;
#1451 = CARTESIAN_POINT ( 'NONE',  ( 36.19566049128194900, 68.04070974003170100, 47.44502177122845400 ) ) ;
#1452 = VERTEX_POINT ( 'NONE', #1087 ) ;
#1453 = CARTESIAN_POINT ( 'NONE',  ( 60.16044702067368600, 64.02146462258963300, 57.58586771000597800 ) ) ;
#1454 = VERTEX_POINT ( 'NONE', #7716 ) ;
#1455 = ORIENTED_EDGE ( 'NONE', *, *, #374, .T. ) ;
#1456 = DIRECTION ( 'NONE',  ( 0.0000000000000000000, 0.0000000000000000000, -1.000000000000000000 ) ) ;
#1457 = CYLINDRICAL_SURFACE ( 'NONE', #560, 2.000000000000000000 ) ;
#1458 = EDGE_CURVE ( 'NONE', #8300, #9352, #6424, .T. ) ;
#1459 = CARTESIAN_POINT ( 'NONE',  ( -28.33955297932616800, -30.68971506758318700, 45.62867814821817100 ) ) ;
#1460 = VERTEX_POINT ( 'NONE', #6996 ) ;
#1461 = VERTEX_POINT ( 'NONE', #4551 ) ;
#1462 = CARTESIAN_POINT ( 'NONE',  ( 18.17313287471425600, -30.65554041261185600, 45.75921544411350800 ) ) ;
#1463 = ORIENTED_EDGE ( 'NONE', *, *, #1034, .T. ) ;
#1464 = DIRECTION ( 'NONE',  ( 0.0000000000000000000, -1.047444401652940000E-014, -1.000000000000000000 ) ) ;
#1465 = CARTESIAN_POINT ( 'NONE',  ( -59.33955297932617200, -30.68971506758318700, 45.62867814821817100 ) ) ;
#1466 = CARTESIAN_POINT ( 'NONE',  ( 4.131148598648215000, 70.70083669093202200, 47.43335354415473400 ) ) ;
#1467 = VECTOR ( 'NONE', #3043, 1000.000000000000100 ) ;
#1468 = ADVANCED_FACE ( 'NONE', ( #7063 ), #3600, .T. ) ;
#1469 = CIRCLE ( 'NONE', #9605, 1.899999999999999000 ) ;
#1470 = CARTESIAN_POINT ( 'NONE',  ( -56.04602967032580800, -27.27022232858981700, 11.05139489186361200 ) ) ;
#1471 = ORIENTED_EDGE ( 'NONE', *, *, #2349, .T. ) ;
#1472 = CARTESIAN_POINT ( 'NONE',  ( -61.04602967032580100, -26.37519891327379200, 52.00000000000002100 ) ) ;
#1473 = ORIENTED_EDGE ( 'NONE', *, *, #1727, .T. ) ;
#1474 = DIRECTION ( 'NONE',  ( -1.000000000000000000, -0.0000000000000000000, 0.0000000000000000000 ) ) ;
#1475 = EDGE_CURVE ( 'NONE', #2229, #6098, #9498, .T. ) ;
#1476 = TOROIDAL_SURFACE ( 'NONE', #8834, 2.000000000000000000, 1.000000000000000000 ) ;
#1477 = DIRECTION ( 'NONE',  ( 1.609823385706476600E-015, -1.000000000000000000, 0.0000000000000000000 ) ) ;
#1478 = CARTESIAN_POINT ( 'NONE',  ( 48.28544702067371500, 68.63271861446367000, 39.99699088391886200 ) ) ;
#1479 = VECTOR ( 'NONE', #1527, 1000.000000000000000 ) ;
#1480 = ORIENTED_EDGE ( 'NONE', *, *, #2965, .F. ) ;
#1481 = CARTESIAN_POINT ( 'NONE',  ( 4.131094555670137500, 68.04408440918861300, 13.56676028455132500 ) ) ;
#1482 = CARTESIAN_POINT ( 'NONE',  ( 50.73374366343490000, -26.37519891327412900, 50.09999999999959600 ) ) ;
#1483 = VECTOR ( 'NONE', #2883, 1000.000000000000100 ) ;
#1484 = EDGE_CURVE ( 'NONE', #6505, #10426, #4350, .T. ) ;
#1485 = CARTESIAN_POINT ( 'NONE',  ( -55.59669472598147900, 68.31343972487225400, 46.48953342699893200 ) ) ;
#1486 = AXIS2_PLACEMENT_3D ( 'NONE', #6960, #8600, #7825 ) ;
#1487 = CARTESIAN_POINT ( 'NONE',  ( 52.96492971019370800, 71.04698018332518900, 46.37209799849230800 ) ) ;
#1488 = CARTESIAN_POINT ( 'NONE',  ( -26.33955297932631700, 73.48310668740407400, 45.50000000000000000 ) ) ;
#1489 = VECTOR ( 'NONE', #7771, 1000.000000000000000 ) ;
#1490 = ORIENTED_EDGE ( 'NONE', *, *, #10695, .T. ) ;
#1491 = DIRECTION ( 'NONE',  ( 0.0000000000000000000, 1.000000000000000000, 0.0000000000000000000 ) ) ;
#1492 = CARTESIAN_POINT ( 'NONE',  ( 25.88247239614251400, 36.09024010312946700, 8.490435472824181300 ) ) ;
#1493 = ADVANCED_FACE ( 'NONE', ( #10659 ), #2655, .F. ) ;
#1494 = LINE ( 'NONE', #866, #3840 ) ;
#1495 = DIRECTION ( 'NONE',  ( 0.0000000000000000000, 1.000000000000000000, 0.0000000000000000000 ) ) ;
#1496 = CARTESIAN_POINT ( 'NONE',  ( -18.38784065674053300, 69.46846201795942500, 41.48775009407598400 ) ) ;
#1497 = DIRECTION ( 'NONE',  ( 0.0000000000000000000, 0.0000000000000000000, 1.000000000000000000 ) ) ;
#1498 = ORIENTED_EDGE ( 'NONE', *, *, #3085, .T. ) ;
#1499 = CARTESIAN_POINT ( 'NONE',  ( 2.660447020673694300, 71.27489704920776600, 45.62815743688998500 ) ) ;
#1500 = FACE_OUTER_BOUND ( 'NONE', #3805, .T. ) ;
#1501 = EDGE_LOOP ( 'NONE', ( #1420, #7498, #6268, #3924, #7707 ) ) ;
#1502 = EDGE_CURVE ( 'NONE', #3160, #9742, #2275, .T. ) ;
#1503 = CARTESIAN_POINT ( 'NONE',  ( 25.70162444043530700, -17.18165353266590900, 9.837216218233695700 ) ) ;
#1504 = AXIS2_PLACEMENT_3D ( 'NONE', #4540, #8592, #3661 ) ;
#1505 = FACE_OUTER_BOUND ( 'NONE', #4430, .T. ) ;
#1506 = CARTESIAN_POINT ( 'NONE',  ( -27.23716024769201700, 68.08541527368572600, 47.29216817450322500 ) ) ;
#1507 = EDGE_CURVE ( 'NONE', #9352, #8792, #3430, .T. ) ;
#1508 = CIRCLE ( 'NONE', #6063, 0.5000000000000004400 ) ;
#1509 = CARTESIAN_POINT ( 'NONE',  ( 2.660447020673858200, -33.45785864922130800, 15.50000000000000000 ) ) ;
#1510 = LINE ( 'NONE', #5256, #3455 ) ;
#1511 = ORIENTED_EDGE ( 'NONE', *, *, #8656, .T. ) ;
#1512 = DIRECTION ( 'NONE',  ( 1.619075244245020000E-015, -1.000000000000000000, 5.319818659662208200E-015 ) ) ;
#1513 = LINE ( 'NONE', #9023, #1391 ) ;
#1514 = DIRECTION ( 'NONE',  ( -1.000000000000000000, 0.0000000000000000000, 0.0000000000000000000 ) ) ;
#1515 = CIRCLE ( 'NONE', #5024, 1.000000000000000000 ) ;
#1516 = DIRECTION ( 'NONE',  ( 1.000000000000000000, 0.0000000000000000000, 0.0000000000000000000 ) ) ;
#1517 = FACE_OUTER_BOUND ( 'NONE', #3135, .T. ) ;
#1518 = CARTESIAN_POINT ( 'NONE',  ( -8.839552979326139600, -33.45785864922130800, 15.50000000000000000 ) ) ;
#1519 = EDGE_CURVE ( 'NONE', #1291, #1968, #2525, .T. ) ;
#1520 = ADVANCED_FACE ( 'NONE', ( #7443 ), #2014, .T. ) ;
#1521 = DIRECTION ( 'NONE',  ( 0.0000000000000000000, 0.0000000000000000000, 1.000000000000000000 ) ) ;
#1522 = CARTESIAN_POINT ( 'NONE',  ( 2.660447020673853700, -30.68971918547862600, 15.37133780032230100 ) ) ;
#1523 = B_SPLINE_CURVE_WITH_KNOTS ( 'NONE', 3,
 ( #1040, #3554, #10164, #5260, #9353, #1220, #341, #3590, #7814, #6165, #1178, #8594, #6084, #7850, #10267, #2071, #1109, #2854, #3739, #10199, #2896, #1074, #10332, #10307 ),
 .UNSPECIFIED., .F., .F.,
 ( 4, 2, 2, 2, 2, 2, 2, 2, 2, 2, 2, 4 ),
 ( 0.006369424049232939200, 0.006769429621276841200, 0.007169435193320742300, 0.007969446337408541900, 0.008769457481496340700, 0.009169463053540237400, 0.009569468625584132500, 0.01036947976967192800, 0.01076948534171583000, 0.01116949091375973200, 0.01196950205784753900, 0.01276951320193534800 ),
 .UNSPECIFIED. ) ;
#1524 = ORIENTED_EDGE ( 'NONE', *, *, #6429, .F. ) ;
#1525 = CARTESIAN_POINT ( 'NONE',  ( -26.47791864871174300, 70.67836328974988200, 13.50027294252317100 ) ) ;
#1526 = DIRECTION ( 'NONE',  ( -0.0000000000000000000, -0.0000000000000000000, -1.000000000000000000 ) ) ;
#1527 = DIRECTION ( 'NONE',  ( 0.0000000000000000000, 0.0000000000000000000, 1.000000000000000000 ) ) ;
#1528 = CARTESIAN_POINT ( 'NONE',  ( -27.24078466846799500, 70.74891782148577600, 47.29038196465390300 ) ) ;
#1529 = AXIS2_PLACEMENT_3D ( 'NONE', #3064, #7117, #517 ) ;
#1530 = VECTOR ( 'NONE', #1273, 1000.000000000000000 ) ;
#1531 = CARTESIAN_POINT ( 'NONE',  ( -71.04602967032580800, -22.81533917918841000, 8.000000000000000000 ) ) ;
#1532 = EDGE_CURVE ( 'NONE', #363, #1709, #4874, .T. ) ;
#1533 = DIRECTION ( 'NONE',  ( 1.000000000000000000, 1.425225579937531700E-016, 0.0000000000000000000 ) ) ;
#1534 = VERTEX_POINT ( 'NONE', #5439 ) ;
#1535 = CARTESIAN_POINT ( 'NONE',  ( -15.98955297932633200, 68.44617026388614500, 41.51286796564299000 ) ) ;
#1536 = DIRECTION ( 'NONE',  ( 1.000000000000000000, 1.609823385706476600E-015, -1.156482317317871500E-016 ) ) ;
#1537 = CARTESIAN_POINT ( 'NONE',  ( -40.09669472598133700, -30.45852246694484200, 46.48953342699891100 ) ) ;
#1538 = CARTESIAN_POINT ( 'NONE',  ( -55.33955297932630700, 73.48310668740403200, 15.50000000000000000 ) ) ;
#1539 = VECTOR ( 'NONE', #9101, 1000.000000000000000 ) ;
#1540 = ORIENTED_EDGE ( 'NONE', *, *, #8912, .T. ) ;
#1541 = AXIS2_PLACEMENT_3D ( 'NONE', #3014, #1226, #471 ) ;
#1542 = DIRECTION ( 'NONE',  ( -1.619075244245021000E-015, 1.000000000000000000, 0.0000000000000000000 ) ) ;
#1543 = ADVANCED_FACE ( 'NONE', ( #10021 ), #7651, .F. ) ;
#1544 = ORIENTED_EDGE ( 'NONE', *, *, #3338, .F. ) ;
#1545 = AXIS2_PLACEMENT_3D ( 'NONE', #2354, #5735, #9825 ) ;
#1546 = DIRECTION ( 'NONE',  ( 0.0000000000000000000, 0.0000000000000000000, 1.000000000000000000 ) ) ;
#1547 = AXIS2_PLACEMENT_3D ( 'NONE', #9125, #4202, #952 ) ;
#1548 = VERTEX_POINT ( 'NONE', #6262 ) ;
#1549 = VECTOR ( 'NONE', #3239, 1000.000000000000000 ) ;
#1550 = DIRECTION ( 'NONE',  ( -0.0000000000000000000, 0.0000000000000000000, 1.000000000000000000 ) ) ;
#1551 = VERTEX_POINT ( 'NONE', #10400 ) ;
#1552 = DIRECTION ( 'NONE',  ( 1.609823385706476600E-015, -1.000000000000000000, -4.165779463821302700E-032 ) ) ;
#1553 = CARTESIAN_POINT ( 'NONE',  ( -43.82735260629035400, -33.38183152189390800, 15.24455901932126900 ) ) ;
#1554 = VERTEX_POINT ( 'NONE', #8473 ) ;
#1555 = CARTESIAN_POINT ( 'NONE',  ( 5.190205324347510400, -30.18525937876996700, 13.55316419702327300 ) ) ;
#1556 = ORIENTED_EDGE ( 'NONE', *, *, #2884, .F. ) ;
#1557 = EDGE_CURVE ( 'NONE', #6391, #4837, #10535, .T. ) ;
#1558 = EDGE_CURVE ( 'NONE', #679, #3746, #7704, .T. ) ;
#1559 = EDGE_LOOP ( 'NONE', ( #9065, #4281, #3271, #1592 ) ) ;
#1560 = VERTEX_POINT ( 'NONE', #554 ) ;
#1561 = CARTESIAN_POINT ( 'NONE',  ( -24.59669472598131200, -30.45852246694483900, 46.48953342699891800 ) ) ;
#1562 = VERTEX_POINT ( 'NONE', #1398 ) ;
#1563 = AXIS2_PLACEMENT_3D ( 'NONE', #57, #8260, #1726 ) ;
#1564 = DIRECTION ( 'NONE',  ( -0.0000000000000000000, 0.0000000000000000000, 1.000000000000000000 ) ) ;
#1565 = CARTESIAN_POINT ( 'NONE',  ( -13.11752760385748600, 38.09024010312946700, 10.26363978188264500 ) ) ;
#1566 = CARTESIAN_POINT ( 'NONE',  ( -56.04602967032580800, -19.05501194873043900, 5.000000000000000000 ) ) ;
#1567 = CARTESIAN_POINT ( 'NONE',  ( 5.999248021164070200, 70.84798285723596200, 46.99152284956493000 ) ) ;
#1568 = ORIENTED_EDGE ( 'NONE', *, *, #9638, .T. ) ;
#1569 = CARTESIAN_POINT ( 'NONE',  ( 33.85577444867284000, 71.04712056448595100, 46.37164858284342700 ) ) ;
#1570 = ADVANCED_FACE ( 'NONE', ( #7310 ), #8860, .T. ) ;
#1571 = ORIENTED_EDGE ( 'NONE', *, *, #3436, .T. ) ;
#1572 = ORIENTED_EDGE ( 'NONE', *, *, #9064, .T. ) ;
#1573 = DIRECTION ( 'NONE',  ( 1.000000000000000000, -0.0000000000000000000, -0.0000000000000000000 ) ) ;
#1574 = CARTESIAN_POINT ( 'NONE',  ( -40.93989211662447800, -30.23081242424114400, 47.29108936670986200 ) ) ;
#1575 = CIRCLE ( 'NONE', #6125, 52.92058191901600800 ) ;
#1576 = CARTESIAN_POINT ( 'NONE',  ( 42.71247239614250900, 33.35024010312945800, 7.000000000000000000 ) ) ;
#1577 = CARTESIAN_POINT ( 'NONE',  ( -18.48955297932633400, 64.69007228669741500, 31.91520202535433300 ) ) ;
#1578 = ORIENTED_EDGE ( 'NONE', *, *, #159, .F. ) ;
#1579 = EDGE_CURVE ( 'NONE', #6773, #9808, #9367, .T. ) ;
#1580 = CARTESIAN_POINT ( 'NONE',  ( 47.47979329194556200, 69.65405790230829600, 40.51286796353711800 ) ) ;
#1581 = ORIENTED_EDGE ( 'NONE', *, *, #8412, .T. ) ;
#1582 = VERTEX_POINT ( 'NONE', #586 ) ;
#1583 = ORIENTED_EDGE ( 'NONE', *, *, #9891, .T. ) ;
#1584 = DIRECTION ( 'NONE',  ( -0.0000000000000000000, 1.000000000000000000, -0.0000000000000000000 ) ) ;
#1585 = CARTESIAN_POINT ( 'NONE',  ( -61.04602967032580100, -26.37519891327379200, 53.90000000000002000 ) ) ;
#1586 = CARTESIAN_POINT ( 'NONE',  ( -71.04602967032580800, -26.37519891327379200, 52.00000000000002100 ) ) ;
#1587 = LINE ( 'NONE', #598, #1467 ) ;
#1588 = CARTESIAN_POINT ( 'NONE',  ( -24.53507028980611800, -33.19206292539778500, 46.37209799849230800 ) ) ;
#1589 = CARTESIAN_POINT ( 'NONE',  ( -43.83955297932632100, 70.48310668740397500, 30.50000000000000000 ) ) ;
#1590 = VERTEX_POINT ( 'NONE', #3102 ) ;
#1591 = CARTESIAN_POINT ( 'NONE',  ( -14.11752760385748400, -19.52275989687055700, 9.368489151887088100 ) ) ;
#1592 = ORIENTED_EDGE ( 'NONE', *, *, #10476, .F. ) ;
#1593 = VERTEX_POINT ( 'NONE', #5574 ) ;
#1594 = CARTESIAN_POINT ( 'NONE',  ( 4.001912508870740100, -30.20098472104864100, 13.60692099700159700 ) ) ;
#1595 = EDGE_CURVE ( 'NONE', #5473, #9588, #4397, .T. ) ;
#1596 = CIRCLE ( 'NONE', #4009, 2.000000000000000000 ) ;
#1597 = CARTESIAN_POINT ( 'NONE',  ( 22.16044702067385000, -33.45785864922130800, 15.50000000000000000 ) ) ;
#1598 = CARTESIAN_POINT ( 'NONE',  ( -43.83955297932631400, 68.57785688051521300, 45.50000000000000000 ) ) ;
#1599 = ADVANCED_FACE ( 'NONE', ( #4222 ), #3033, .T. ) ;
#1600 = CARTESIAN_POINT ( 'NONE',  ( -18.48955297932633400, 64.69007228669750000, 40.51286796564302500 ) ) ;
#1601 = DIRECTION ( 'NONE',  ( 1.000000000000000000, 1.603063405027194900E-016, 0.0000000000000000000 ) ) ;
#1602 = ORIENTED_EDGE ( 'NONE', *, *, #3303, .F. ) ;
#1603 = CARTESIAN_POINT ( 'NONE',  ( 25.88060874372187900, 35.39024010312946400, 9.324662987640136800 ) ) ;
#1604 = DIRECTION ( 'NONE',  ( 0.0000000000000000000, -0.0000000000000000000, -1.000000000000000000 ) ) ;
#1605 = VECTOR ( 'NONE', #1408, 1000.000000000000000 ) ;
#1606 = AXIS2_PLACEMENT_3D ( 'NONE', #5111, #230, #5182 ) ;
#1607 = DIRECTION ( 'NONE',  ( -1.619075244245020000E-015, 1.000000000000000000, -4.452456921673804600E-015 ) ) ;
#1608 = DIRECTION ( 'NONE',  ( 1.000000000000000000, -0.0000000000000000000, -0.0000000000000000000 ) ) ;
#1609 = AXIS2_PLACEMENT_3D ( 'NONE', #9811, #10677, #5649 ) ;
#1610 = CARTESIAN_POINT ( 'NONE',  ( 50.91917947960783400, 59.93604954403556900, 49.59206531589381900 ) ) ;
#1611 = CARTESIAN_POINT ( 'NONE',  ( -56.04602967032580800, -25.30707496214665000, 3.665112136637730600 ) ) ;
#1612 = FACE_OUTER_BOUND ( 'NONE', #4707, .T. ) ;
#1613 = VERTEX_POINT ( 'NONE', #3909 ) ;
#1614 = EDGE_CURVE ( 'NONE', #7045, #8027, #6056, .T. ) ;
#1615 = CIRCLE ( 'NONE', #9712, 59.99999999999997900 ) ;
#1616 = CARTESIAN_POINT ( 'NONE',  ( 47.76036366208028700, 68.46848171848981200, 40.45387775513483300 ) ) ;
#1617 = SURFACE_STYLE_USAGE ( .BOTH. , #7446 ) ;
#1618 = CIRCLE ( 'NONE', #1920, 52.92058191901593000 ) ;
#1619 = CARTESIAN_POINT ( 'NONE',  ( 50.16044702067368600, -23.32001110175416200, 48.16909574168949600 ) ) ;
#1620 = ORIENTED_EDGE ( 'NONE', *, *, #10684, .T. ) ;
#1621 = DIRECTION ( 'NONE',  ( 0.0000000000000000000, 0.0000000000000000000, 1.000000000000000000 ) ) ;
#1622 = PLANE ( 'NONE',  #2866 ) ;
#1623 = ADVANCED_FACE ( 'NONE', ( #9631 ), #9754, .F. ) ;
#1624 = EDGE_CURVE ( 'NONE', #9563, #8311, #4815, .T. ) ;
#1625 = CIRCLE ( 'NONE', #5812, 0.5000000000000004400 ) ;
#1626 = AXIS2_PLACEMENT_3D ( 'NONE', #8801, #4716, #7192 ) ;
#1627 = FACE_OUTER_BOUND ( 'NONE', #7198, .T. ) ;
#1628 = AXIS2_PLACEMENT_3D ( 'NONE', #10344, #10384, #5499 ) ;
#1629 = CARTESIAN_POINT ( 'NONE',  ( -43.74110834625311400, -33.26665795402286100, 14.86715418018974300 ) ) ;
#1630 = CARTESIAN_POINT ( 'NONE',  ( -58.57592060091641200, -32.96473535373273500, 47.07755070606839400 ) ) ;
#1631 = CARTESIAN_POINT ( 'NONE',  ( 22.16044702067386000, -30.72293962258783400, 15.50000000000000000 ) ) ;
#1632 = FACE_OUTER_BOUND ( 'NONE', #5097, .T. ) ;
#1633 = ORIENTED_EDGE ( 'NONE', *, *, #233, .T. ) ;
#1634 = CARTESIAN_POINT ( 'NONE',  ( 19.88949068979586300, -32.82808875171157600, 13.51394238300088100 ) ) ;
#1635 = DIRECTION ( 'NONE',  ( 1.000000000000000000, -0.0000000000000000000, 0.0000000000000000000 ) ) ;
#1636 = VECTOR ( 'NONE', #7371, 1000.000000000000000 ) ;
#1637 = DIRECTION ( 'NONE',  ( 1.000000000000000000, 0.0000000000000000000, 0.0000000000000000000 ) ) ;
#1638 = CARTESIAN_POINT ( 'NONE',  ( -43.64266239136993900, 68.34502242109522300, 46.37495291163286700 ) ) ;
#1639 = CARTESIAN_POINT ( 'NONE',  ( -8.839552979326290600, 71.27443635557021700, 45.62971612474358100 ) ) ;
#1640 = FACE_OUTER_BOUND ( 'NONE', #8571, .T. ) ;
#1641 = CARTESIAN_POINT ( 'NONE',  ( 60.16044702067369300, 64.23011617120123200, 52.00000000000002100 ) ) ;
#1642 = FACE_OUTER_BOUND ( 'NONE', #9637, .T. ) ;
#1643 = EDGE_CURVE ( 'NONE', #5126, #646, #8982, .T. ) ;
#1644 = CIRCLE ( 'NONE', #8338, 5.000000000000000900 ) ;
#1645 = AXIS2_PLACEMENT_3D ( 'NONE', #1965, #7748, #2005 ) ;
#1646 = CARTESIAN_POINT ( 'NONE',  ( -43.77815181244562100, 71.15991762536492600, 14.99163790877212900 ) ) ;
#1647 = EDGE_CURVE ( 'NONE', #10596, #9056, #441, .T. ) ;
#1648 = VECTOR ( 'NONE', #262, 1000.000000000000000 ) ;
#1649 = CARTESIAN_POINT ( 'NONE',  ( -56.04602967032580800, 10.48310668740397300, 30.50000000000000000 ) ) ;
#1650 = DIRECTION ( 'NONE',  ( 1.000000000000000000, -0.0000000000000000000, 0.0000000000000000000 ) ) ;
#1651 = ORIENTED_EDGE ( 'NONE', *, *, #1774, .T. ) ;
#1652 = CARTESIAN_POINT ( 'NONE',  ( 3.427941659595812800, 68.14671070864794400, 47.08055067344095300 ) ) ;
#1653 = CARTESIAN_POINT ( 'NONE',  ( 52.81699056738419500, -25.09623784330267800, 46.62727076372695500 ) ) ;
#1654 = CARTESIAN_POINT ( 'NONE',  ( -59.24027679334694300, -30.55528424148093300, 14.86456217552655300 ) ) ;
#1655 = CYLINDRICAL_SURFACE ( 'NONE', #6700, 1.999999999999994900 ) ;
#1656 = CARTESIAN_POINT ( 'NONE',  ( -43.17609805246874500, 68.17170178044726500, 14.00650777892165000 ) ) ;
#1657 = DIRECTION ( 'NONE',  ( -1.609823385706476600E-015, 1.000000000000000000, 0.0000000000000000000 ) ) ;
#1658 = DIRECTION ( 'NONE',  ( -0.0000000000000000000, 0.0000000000000000000, -1.000000000000000000 ) ) ;
#1659 = ORIENTED_EDGE ( 'NONE', *, *, #7699, .T. ) ;
#1660 = EDGE_CURVE ( 'NONE', #8684, #8825, #5001, .T. ) ;
#1661 = CARTESIAN_POINT ( 'NONE',  ( -39.83955297932632100, 73.48310668740404600, 15.50000000000000000 ) ) ;
#1662 = CARTESIAN_POINT ( 'NONE',  ( 6.660447020673873700, -30.72293962258783800, 45.50000000000000000 ) ) ;
#1663 = EDGE_LOOP ( 'NONE', ( #9982, #6252, #2899, #2742 ) ) ;
#1664 = DIRECTION ( 'NONE',  ( 1.000000000000000000, 0.0000000000000000000, -0.0000000000000000000 ) ) ;
#1665 = VECTOR ( 'NONE', #2062, 1000.000000000000000 ) ;
#1666 = B_SPLINE_CURVE_WITH_KNOTS ( 'NONE', 3,
 ( #2537, #3369, #5946, #1738, #4366, #2570, #6785, #10093, #5189, #5875, #5153, #130, #893, #8378, #5120, #9244, #4319, #1778, #204, #967, #6711, #7668 ),
 .UNSPECIFIED., .F., .F.,
 ( 4, 2, 2, 2, 2, 2, 2, 2, 2, 2, 4 ),
 ( 0.001481913851189436500, 0.002092457129824270100, 0.002703000408459103000, 0.003008272047776506900, 0.003313543687093911700, 0.003618815326411315600, 0.003924086965728720300, 0.004534630244363508200, 0.005145173522998297700, 0.005755716801633086400, 0.006366260080267875100 ),
 .UNSPECIFIED. ) ;
#1667 = DIRECTION ( 'NONE',  ( 0.0000000000000000000, 0.0000000000000000000, 1.000000000000000000 ) ) ;
#1668 = ORIENTED_EDGE ( 'NONE', *, *, #9791, .F. ) ;
#1669 = DIRECTION ( 'NONE',  ( 1.000000000000000000, 3.569163070562645700E-016, 0.0000000000000000000 ) ) ;
#1670 = CARTESIAN_POINT ( 'NONE',  ( -8.937812804493741900, 71.12167497840825100, 46.13253221513176800 ) ) ;
#1671 = AXIS2_PLACEMENT_3D ( 'NONE', #1995, #5369, #7778 ) ;
#1672 = EDGE_LOOP ( 'NONE', ( #2480, #9183, #4103, #1448 ) ) ;
#1673 = CARTESIAN_POINT ( 'NONE',  ( -56.04602967032580800, 60.67025643711578900, 3.000000000000000000 ) ) ;
#1674 = EDGE_CURVE ( 'NONE', #10224, #2221, #6163, .T. ) ;
#1675 = LINE ( 'NONE', #5252, #8389 ) ;
#1676 = DIRECTION ( 'NONE',  ( -1.573428027951567200E-015, 1.000000000000000000, 0.0000000000000000000 ) ) ;
#1677 = VERTEX_POINT ( 'NONE', #6332 ) ;
#1678 = ADVANCED_FACE ( 'NONE', ( #6809 ), #5648, .F. ) ;
#1679 = CARTESIAN_POINT ( 'NONE',  ( -15.11752760385748800, 0.0000000000000000000, 4.000000000000000000 ) ) ;
#1680 = CARTESIAN_POINT ( 'NONE',  ( 49.16044702067370100, 73.48310668740420200, 15.50000000000000000 ) ) ;
#1681 = CARTESIAN_POINT ( 'NONE',  ( 22.16044702067370100, 68.51061310569534200, 15.23956597998645900 ) ) ;
#1682 = CARTESIAN_POINT ( 'NONE',  ( 24.88247239614251400, 36.56828578321381000, 10.26363978188264500 ) ) ;
#1683 = ORIENTED_EDGE ( 'NONE', *, *, #10367, .F. ) ;
#1684 = ORIENTED_EDGE ( 'NONE', *, *, #1595, .T. ) ;
#1685 = ORIENTED_EDGE ( 'NONE', *, *, #8786, .T. ) ;
#1686 = VECTOR ( 'NONE', #6540, 1000.000000000000000 ) ;
#1687 = AXIS2_PLACEMENT_3D ( 'NONE', #9070, #5741, #754 ) ;
#1688 = VERTEX_POINT ( 'NONE', #10497 ) ;
#1689 = CARTESIAN_POINT ( 'NONE',  ( -30.98752760385749700, -14.90975989687055900, -1.040834085586084300E-014 ) ) ;
#1690 = ORIENTED_EDGE ( 'NONE', *, *, #1973, .T. ) ;
#1691 = CARTESIAN_POINT ( 'NONE',  ( -132.8082378770764600, 10.48310668740396200, 30.50000000000000000 ) ) ;
#1692 = EDGE_CURVE ( 'NONE', #2580, #6726, #2913, .T. ) ;
#1693 = FILL_AREA_STYLE_COLOUR ( '', #8740 ) ;
#1694 = AXIS2_PLACEMENT_3D ( 'NONE', #6580, #3172, #5750 ) ;
#1695 = ORIENTED_EDGE ( 'NONE', *, *, #4717, .F. ) ;
#1696 = CARTESIAN_POINT ( 'NONE',  ( -55.33955297932629200, 68.57785688051522800, 15.50000000000000000 ) ) ;
#1697 = DIRECTION ( 'NONE',  ( 1.000000000000000000, 0.0000000000000000000, 0.0000000000000000000 ) ) ;
#1698 = EDGE_LOOP ( 'NONE', ( #6741, #6299, #1203, #8071 ) ) ;
#1699 = EDGE_LOOP ( 'NONE', ( #5492, #10222, #8686, #5986, #637, #10615 ) ) ;
#1700 = ORIENTED_EDGE ( 'NONE', *, *, #792, .T. ) ;
#1701 = VERTEX_POINT ( 'NONE', #2172 ) ;
#1702 = CARTESIAN_POINT ( 'NONE',  ( -40.50252274521367500, -32.99255080583946400, 14.00690927629785100 ) ) ;
#1703 = CARTESIAN_POINT ( 'NONE',  ( -27.95195397523653500, -33.08435446160606100, 14.28859990521049600 ) ) ;
#1704 = ORIENTED_EDGE ( 'NONE', *, *, #3272, .T. ) ;
#1705 = EDGE_CURVE ( 'NONE', #7643, #646, #7193, .T. ) ;
#1706 = CARTESIAN_POINT ( 'NONE',  ( 22.10945263302431100, -33.30282785278760100, 14.98311939265720800 ) ) ;
#1707 = AXIS2_PLACEMENT_3D ( 'NONE', #2894, #8662, #2148 ) ;
#1708 = AXIS2_PLACEMENT_3D ( 'NONE', #4930, #2459, #3997 ) ;
#1709 = VERTEX_POINT ( 'NONE', #3759 ) ;
#1710 = CARTESIAN_POINT ( 'NONE',  ( 33.75972320665290700, 68.41020149940834500, 14.86456217552655100 ) ) ;
#1711 = ORIENTED_EDGE ( 'NONE', *, *, #1440, .F. ) ;
#1712 = ORIENTED_EDGE ( 'NONE', *, *, #9328, .T. ) ;
#1713 = CARTESIAN_POINT ( 'NONE',  ( -56.04602967032580800, 61.80992920665785600, 5.000000000000000000 ) ) ;
#1714 = CIRCLE ( 'NONE', #9857, 52.92058191901601600 ) ;
#1715 = CARTESIAN_POINT ( 'NONE',  ( -12.35768285284949500, 68.22422018751061000, 46.80868971097898900 ) ) ;
#1716 = DIRECTION ( 'NONE',  ( 0.0000000000000000000, 0.0000000000000000000, -1.000000000000000000 ) ) ;
#1717 = ORIENTED_EDGE ( 'NONE', *, *, #8034, .F. ) ;
#1718 = DIRECTION ( 'NONE',  ( 1.619075244245020800E-015, -1.000000000000000000, 0.0000000000000000000 ) ) ;
#1719 = EDGE_LOOP ( 'NONE', ( #5615, #228, #3522, #9822 ) ) ;
#1720 = VERTEX_POINT ( 'NONE', #7190 ) ;
#1721 = CARTESIAN_POINT ( 'NONE',  ( -24.33955297932614000, -33.45785864922131500, 15.50000000000000000 ) ) ;
#1722 = CARTESIAN_POINT ( 'NONE',  ( 33.66044702067369300, 71.31277590714870500, 15.50000000000000000 ) ) ;
#1723 = ORIENTED_EDGE ( 'NONE', *, *, #944, .F. ) ;
#1724 = CYLINDRICAL_SURFACE ( 'NONE', #237, 1.000000000000000900 ) ;
#1725 = PLANE ( 'NONE',  #1263 ) ;
#1726 = DIRECTION ( 'NONE',  ( 0.0000000000000000000, 1.000000000000000000, 0.0000000000000000000 ) ) ;
#1727 = EDGE_CURVE ( 'NONE', #10442, #7388, #4484, .T. ) ;
#1728 = DIRECTION ( 'NONE',  ( 1.609823385706476600E-015, -1.000000000000000000, -4.165779463821302700E-032 ) ) ;
#1729 = FACE_OUTER_BOUND ( 'NONE', #6928, .T. ) ;
#1730 = CARTESIAN_POINT ( 'NONE',  ( -57.99808749112926900, -30.20098472104865200, 13.60692099700159300 ) ) ;
#1731 = EDGE_LOOP ( 'NONE', ( #1762, #7350, #9700, #2251 ) ) ;
#1732 = VERTEX_POINT ( 'NONE', #4647 ) ;
#1733 = CARTESIAN_POINT ( 'NONE',  ( 19.89508535879332700, 68.02830081479801500, 47.48680050506430900 ) ) ;
#1734 = CARTESIAN_POINT ( 'NONE',  ( 2.758816323531033900, -33.26667909558638300, 46.13278356156683900 ) ) ;
#1735 = ADVANCED_FACE ( 'NONE', ( #5388 ), #6071, .F. ) ;
#1736 = FACE_BOUND ( 'NONE', #1926, .T. ) ;
#1737 = DIRECTION ( 'NONE',  ( 0.0000000000000000000, -2.659909329831104100E-015, 1.000000000000000000 ) ) ;
#1738 = CARTESIAN_POINT ( 'NONE',  ( 52.02669060419825100, 68.07909142198711500, 47.31412156713745500 ) ) ;
#1739 = CARTESIAN_POINT ( 'NONE',  ( -71.04602967032586500, 62.73011617120125300, 60.00000000000002100 ) ) ;
#1740 = CIRCLE ( 'NONE', #5891, 2.000000000000000000 ) ;
#1741 = VERTEX_POINT ( 'NONE', #3906 ) ;
#1742 = B_SPLINE_CURVE_WITH_KNOTS ( 'NONE', 3,
 ( #7506, #7580, #9441, #10111, #7757, #6103, #9331, #8470, #2726, #8578, #4486, #4408, #5274, #5310, #5171, #4380, #223, #10181, #8501, #2835, #9295, #6002, #3572, #1021, #10251, #6934 ),
 .UNSPECIFIED., .F., .F.,
 ( 4, 2, 2, 2, 2, 2, 2, 2, 2, 2, 2, 2, 4 ),
 ( 0.006342387075903246900, 0.006740216801652399200, 0.007138046527401552400, 0.007933705978899858000, 0.008331535704649010300, 0.008729365430398160900, 0.009127195156147311500, 0.009525024881896463800, 0.01032068433339476700, 0.01071851405914392300, 0.01111634378489307800, 0.01191200323639139000, 0.01270766268788970300 ),
 .UNSPECIFIED. ) ;
#1743 = B_SPLINE_CURVE_WITH_KNOTS ( 'NONE', 3,
 ( #8572, #10245, #8894, #8558, #2066, #5603, #2205, #1180, #2149, #1098, #9555, #7248, #2236, #3031, #7220, #3873, #6362, #6404, #7948, #9661, #10433, #3100, #4783, #7189, #6439, #7979, #1325, #7153, #552, #2991, #1465, #1363 ),
 .UNSPECIFIED., .F., .F.,
 ( 4, 2, 2, 2, 2, 2, 2, 2, 2, 2, 2, 2, 2, 2, 2, 4 ),
 ( 6.938893903907228400E-018, 0.0003978912550167501100, 0.0007957825100334932800, 0.001193673765050236400, 0.001591565020066979600, 0.001989456275083722900, 0.002387347530100465900, 0.003183130040133960100, 0.003581021295150706600, 0.003978912550167454400, 0.004376803805184201700, 0.004774695060200948200, 0.005172586315217696400, 0.005570477570234443800, 0.005968368825251191100, 0.006366260080267938500 ),
 .UNSPECIFIED. ) ;
#1744 = EDGE_CURVE ( 'NONE', #6012, #4472, #6683, .T. ) ;
#1745 = CARTESIAN_POINT ( 'NONE',  ( -38.43752760385750400, 33.35024010312945800, 8.650000000000000400 ) ) ;
#1746 = CARTESIAN_POINT ( 'NONE',  ( 44.33544702067369100, 62.69007228669776300, 31.91520202535434700 ) ) ;
#1747 = CIRCLE ( 'NONE', #9100, 59.99999999999998600 ) ;
#1748 = CARTESIAN_POINT ( 'NONE',  ( -12.77815181244544700, -33.30500036743756500, 14.99163790877212300 ) ) ;
#1749 = CARTESIAN_POINT ( 'NONE',  ( -56.04602967032580800, 61.68521411253468800, 3.104097538031597800 ) ) ;
#1750 = DIRECTION ( 'NONE',  ( 0.0000000000000000000, 0.0000000000000000000, 1.000000000000000000 ) ) ;
#1751 = DIRECTION ( 'NONE',  ( -1.000000000000000000, 0.0000000000000000000, 0.0000000000000000000 ) ) ;
#1752 = VECTOR ( 'NONE', #2029, 1000.000000000000000 ) ;
#1753 = ORIENTED_EDGE ( 'NONE', *, *, #6660, .F. ) ;
#1754 = AXIS2_PLACEMENT_3D ( 'NONE', #7449, #8265, #5830 ) ;
#1755 = CARTESIAN_POINT ( 'NONE',  ( -43.59671166601587100, 71.01055091209988700, 14.51105109821025800 ) ) ;
#1756 = CARTESIAN_POINT ( 'NONE',  ( -56.10864279807789500, 68.14634757044125000, 13.91818639255001800 ) ) ;
#1757 = VECTOR ( 'NONE', #7674, 1000.000000000000100 ) ;
#1758 = AXIS2_PLACEMENT_3D ( 'NONE', #1083, #9287, #2754 ) ;
#1759 = DIRECTION ( 'NONE',  ( -0.4787534195585601000, -0.1485239483942043000, 0.8652952097488934000 ) ) ;
#1760 = CARTESIAN_POINT ( 'NONE',  ( 33.75889165374675100, 71.12157521195027200, 14.86715418018974700 ) ) ;
#1761 = AXIS2_PLACEMENT_3D ( 'NONE', #9960, #91, #7587 ) ;
#1762 = ORIENTED_EDGE ( 'NONE', *, *, #2698, .F. ) ;
#1763 = VERTEX_POINT ( 'NONE', #2095 ) ;
#1764 = CARTESIAN_POINT ( 'NONE',  ( 4.927730875116437500, 68.02446917307534600, 47.49975303815988100 ) ) ;
#1765 = DIRECTION ( 'NONE',  ( 1.000000000000000000, 0.0000000000000000000, 0.0000000000000000000 ) ) ;
#1766 = CARTESIAN_POINT ( 'NONE',  ( 18.16044702067369300, 73.48310668740414500, 45.50000000000000000 ) ) ;
#1767 = CIRCLE ( 'NONE', #7258, 60.00000000000000000 ) ;
#1768 = CARTESIAN_POINT ( 'NONE',  ( -56.44182520693611600, -30.23050457523963500, 13.70785373847571400 ) ) ;
#1769 = LINE ( 'NONE', #4920, #6054 ) ;
#1770 = DIRECTION ( 'NONE',  ( -0.0000000000000000000, -0.0000000000000000000, -1.000000000000000000 ) ) ;
#1771 = DIRECTION ( 'NONE',  ( 0.0000000000000000000, 0.0000000000000000000, -1.000000000000000000 ) ) ;
#1772 = FACE_OUTER_BOUND ( 'NONE', #8031, .T. ) ;
#1773 = ORIENTED_EDGE ( 'NONE', *, *, #9844, .F. ) ;
#1774 = EDGE_CURVE ( 'NONE', #2871, #10310, #693, .T. ) ;
#1775 = DIRECTION ( 'NONE',  ( 1.000000000000000000, 0.0000000000000000000, 0.0000000000000000000 ) ) ;
#1776 = AXIS2_PLACEMENT_3D ( 'NONE', #7851, #7116, #4747 ) ;
#1777 = AXIS2_PLACEMENT_3D ( 'NONE', #9041, #3380, #9911 ) ;
#1778 = CARTESIAN_POINT ( 'NONE',  ( 49.39317136934769100, 68.32252134746323700, 46.45716921109117000 ) ) ;
#1779 = LINE ( 'NONE', #8441, #7863 ) ;
#1780 = CARTESIAN_POINT ( 'NONE',  ( -57.60579053462629400, -32.82785786935673400, 47.48673861149426800 ) ) ;
#1781 = VECTOR ( 'NONE', #628, 1000.000000000000000 ) ;
#1782 = ORIENTED_EDGE ( 'NONE', *, *, #6734, .T. ) ;
#1783 = DIRECTION ( 'NONE',  ( 0.0000000000000000000, 0.0000000000000000000, -1.000000000000000000 ) ) ;
#1784 = CARTESIAN_POINT ( 'NONE',  ( -132.8082378770764600, 65.23272459618050300, 5.954545454545448800 ) ) ;
#1785 = CARTESIAN_POINT ( 'NONE',  ( 33.66044702067370800, 68.54463644340600600, 15.37133780032230000 ) ) ;
#1786 = CARTESIAN_POINT ( 'NONE',  ( 21.49924802116422400, -32.99306559930857200, 46.99152284956494400 ) ) ;
#1787 = CARTESIAN_POINT ( 'NONE',  ( -9.935613497000749900, 70.74938921092230300, 47.28897289183628100 ) ) ;
#1788 = CIRCLE ( 'NONE', #1125, 1.399999999999998600 ) ;
#1789 = PLANE ( 'NONE',  #858 ) ;
#1790 = CARTESIAN_POINT ( 'NONE',  ( 49.16044702067370100, 73.48310668740420200, 15.50000000000000000 ) ) ;
#1791 = ORIENTED_EDGE ( 'NONE', *, *, #9129, .F. ) ;
#1792 = ADVANCED_FACE ( 'NONE', ( #2786 ), #4211, .T. ) ;
#1793 = AXIS2_PLACEMENT_3D ( 'NONE', #1104, #4465, #5287 ) ;
#1794 = EDGE_CURVE ( 'NONE', #2560, #7965, #4622, .T. ) ;
#1795 = CARTESIAN_POINT ( 'NONE',  ( 18.16044702067369700, 68.57785688051524200, 15.50000000000000000 ) ) ;
#1796 = FACE_OUTER_BOUND ( 'NONE', #3152, .T. ) ;
#1797 = CARTESIAN_POINT ( 'NONE',  ( 49.16044702067370800, 71.31277590714870500, 15.50000000000000000 ) ) ;
#1798 = ORIENTED_EDGE ( 'NONE', *, *, #2775, .F. ) ;
#1799 = DIRECTION ( 'NONE',  ( 1.000000000000000000, 1.603063405027194900E-016, 0.0000000000000000000 ) ) ;
#1800 = CARTESIAN_POINT ( 'NONE',  ( -43.83955297932615000, -30.68971918547863000, 15.37133780032230700 ) ) ;
#1801 = DIRECTION ( 'NONE',  ( 1.619075244245020800E-015, -1.000000000000000000, 0.0000000000000000000 ) ) ;
#1802 = CARTESIAN_POINT ( 'NONE',  ( 5.682567761449364600, -32.91615473439757300, 47.22411160762042900 ) ) ;
#1803 = LINE ( 'NONE', #7483, #8023 ) ;
#1804 = CARTESIAN_POINT ( 'NONE',  ( 50.16044702067368600, 63.57531163979638900, 57.36015214575591200 ) ) ;
#1805 = EDGE_CURVE ( 'NONE', #6773, #9231, #7959, .T. ) ;
#1806 = ORIENTED_EDGE ( 'NONE', *, *, #6018, .F. ) ;
#1807 = CARTESIAN_POINT ( 'NONE',  ( -12.35768285284934000, -30.36930292958324500, 46.80868971097901000 ) ) ;
#1808 = CARTESIAN_POINT ( 'NONE',  ( 50.16044702067368600, 64.23011617120123200, 50.10000000000002300 ) ) ;
#1809 = ORIENTED_EDGE ( 'NONE', *, *, #5407, .F. ) ;
#1810 = DIRECTION ( 'NONE',  ( 1.000000000000000000, 0.0000000000000000000, -0.0000000000000000000 ) ) ;
#1811 = DIRECTION ( 'NONE',  ( 1.000000000000000000, 1.609823385706476600E-015, -2.312964634635743000E-016 ) ) ;
#1812 = ORIENTED_EDGE ( 'NONE', *, *, #24, .F. ) ;
#1813 = B_SPLINE_CURVE_WITH_KNOTS ( 'NONE', 3,
 ( #9902, #1522, #9873, #6569, #9831, #790, #6645, #2359, #8138, #6601, #5703, #1594, #7385, #720, #7348, #6536, #1555, #2393, #3307, #4149, #1007, #2646, #2609, #861, #5837, #2572 ),
 .UNSPECIFIED., .F., .F.,
 ( 4, 2, 2, 2, 2, 2, 2, 2, 2, 2, 2, 2, 4 ),
 ( 0.006342387075903242600, 0.006740216801652395800, 0.007138046527401549800, 0.007933705978899856200, 0.008331535704649008600, 0.008729365430398162600, 0.009127195156147315000, 0.009525024881896469000, 0.01032068433339477700, 0.01071851405914393100, 0.01111634378489308500, 0.01191200323639139000, 0.01270766268788969800 ),
 .UNSPECIFIED. ) ;
#1814 = B_SPLINE_CURVE_WITH_KNOTS ( 'NONE', 3,
 ( #1722, #7474, #8330, #4164, #1760, #10035, #3388, #990, #5140, #5065, #9091, #1832, #7617, #3464, #841, #86, #5895, #5931, #2589, #3426, #9192, #9921, #5823, #4266 ),
 .UNSPECIFIED., .F., .F.,
 ( 4, 2, 2, 2, 2, 2, 2, 2, 2, 2, 2, 4 ),
 ( 0.006369424049232927900, 0.006769429621276833300, 0.007169435193320738800, 0.007969446337408554000, 0.008769457481496368400, 0.009169463053540270400, 0.009569468625584174100, 0.01036947976967195900, 0.01076948534171585600, 0.01116949091375975100, 0.01196950205784753400, 0.01276951320193531700 ),
 .UNSPECIFIED. ) ;
#1815 = CIRCLE ( 'NONE', #3424, 59.99999999999997200 ) ;
#1816 = CARTESIAN_POINT ( 'NONE',  ( 51.43874400962471300, -30.17444942500500500, 47.48316957576801700 ) ) ;
#1817 = ORIENTED_EDGE ( 'NONE', *, *, #10175, .T. ) ;
#1818 = CARTESIAN_POINT ( 'NONE',  ( 18.22232784339776800, -33.30447551494692200, 46.01007006353241700 ) ) ;
#1819 = CARTESIAN_POINT ( 'NONE',  ( -71.04602967032580800, 61.80992920665785600, 5.000000000000000000 ) ) ;
#1820 = AXIS2_PLACEMENT_3D ( 'NONE', #4528, #3726, #5437 ) ;
#1821 = CARTESIAN_POINT ( 'NONE',  ( 36.19400012251541900, -32.84630911213132300, 47.43220025939529400 ) ) ;
#1822 = ORIENTED_EDGE ( 'NONE', *, *, #6051, .T. ) ;
#1823 = EDGE_CURVE ( 'NONE', #9588, #8485, #6027, .T. ) ;
#1824 = ORIENTED_EDGE ( 'NONE', *, *, #6660, .T. ) ;
#1825 = DIRECTION ( 'NONE',  ( 1.609823385706476600E-015, -1.000000000000000000, -4.165779463821302700E-032 ) ) ;
#1826 = VERTEX_POINT ( 'NONE', #2773 ) ;
#1827 = ORIENTED_EDGE ( 'NONE', *, *, #7730, .F. ) ;
#1828 = DIRECTION ( 'NONE',  ( 1.000000000000000000, 1.603063405027194900E-016, 0.0000000000000000000 ) ) ;
#1829 = CARTESIAN_POINT ( 'NONE',  ( -59.09475603553768500, 68.31299051968289900, 14.50733126608358100 ) ) ;
#1830 = ORIENTED_EDGE ( 'NONE', *, *, #7271, .F. ) ;
#1831 = CARTESIAN_POINT ( 'NONE',  ( 50.36836708703776800, -28.87603160905776200, 51.38724410108094500 ) ) ;
#1832 = CARTESIAN_POINT ( 'NONE',  ( 35.38949068979568600, 70.68300600963895900, 13.51394238300087900 ) ) ;
#1833 = DIRECTION ( 'NONE',  ( -1.156482317317871500E-016, 1.000000000000000000, 0.0000000000000000000 ) ) ;
#1834 = EDGE_LOOP ( 'NONE', ( #9980, #7657, #2424, #6939, #9075, #10107 ) ) ;
#1835 = CARTESIAN_POINT ( 'NONE',  ( 2.660447020673698800, 68.57785688051524200, 45.50000000000000000 ) ) ;
#1836 = DIRECTION ( 'NONE',  ( 0.0000000000000000000, 0.0000000000000000000, 1.000000000000000000 ) ) ;
#1837 = EDGE_CURVE ( 'NONE', #8311, #6505, #5141, .T. ) ;
#1838 = ORIENTED_EDGE ( 'NONE', *, *, #2758, .F. ) ;
#1839 = ORIENTED_EDGE ( 'NONE', *, *, #9082, .T. ) ;
#1840 = CARTESIAN_POINT ( 'NONE',  ( -43.77762383601242400, -30.58887534674138200, 14.98948247064432900 ) ) ;
#1841 = CARTESIAN_POINT ( 'NONE',  ( 60.16044702067369300, -19.05501194873043900, 5.000000000000000000 ) ) ;
#1842 = CARTESIAN_POINT ( 'NONE',  ( -15.98955297932633200, 64.69007228669751400, 40.51286796564302500 ) ) ;
#1843 = FACE_OUTER_BOUND ( 'NONE', #10539, .T. ) ;
#1844 = CARTESIAN_POINT ( 'NONE',  ( -13.11752760385748600, -17.48023852640315900, 9.263639781882645300 ) ) ;
#1845 = ADVANCED_FACE ( 'NONE', ( #5380 ), #4566, .F. ) ;
#1846 = CARTESIAN_POINT ( 'NONE',  ( 50.32621368453427400, 49.35070674561333700, -1.040834085586084300E-014 ) ) ;
#1847 = DIRECTION ( 'NONE',  ( 1.000000000000000000, 3.569163070562645700E-016, 0.0000000000000000000 ) ) ;
#1848 = ORIENTED_EDGE ( 'NONE', *, *, #916, .T. ) ;
#1849 = ORIENTED_EDGE ( 'NONE', *, *, #5356, .T. ) ;
#1850 = CARTESIAN_POINT ( 'NONE',  ( -59.33955297932615700, -33.41997979128042600, 45.62815743688998500 ) ) ;
#1851 = ORIENTED_EDGE ( 'NONE', *, *, #3605, .T. ) ;
#1852 = EDGE_LOOP ( 'NONE', ( #7524, #1000 ) ) ;
#1853 = LINE ( 'NONE', #9655, #8186 ) ;
#1854 = EDGE_CURVE ( 'NONE', #10442, #7171, #8315, .T. ) ;
#1855 = AXIS2_PLACEMENT_3D ( 'NONE', #5432, #442, #3790 ) ;
#1856 = CARTESIAN_POINT ( 'NONE',  ( 24.88247239614251400, 37.09024010312946700, 4.000000000000000000 ) ) ;
#1857 = CARTESIAN_POINT ( 'NONE',  ( 19.63114859864837700, -32.84591943300461000, 47.43335354415472700 ) ) ;
#1858 = VERTEX_POINT ( 'NONE', #9356 ) ;
#1859 = CARTESIAN_POINT ( 'NONE',  ( -59.24118367646912700, 71.12159635351373800, 46.13278356156683900 ) ) ;
#1860 = EDGE_CURVE ( 'NONE', #3586, #4548, #3165, .T. ) ;
#1861 = ADVANCED_FACE ( 'NONE', ( #1875 ), #1924, .T. ) ;
#1862 = VERTEX_POINT ( 'NONE', #1009 ) ;
#1863 = EDGE_LOOP ( 'NONE', ( #6493, #8799, #1194, #4889, #7944, #1248, #6832 ) ) ;
#1864 = CARTESIAN_POINT ( 'NONE',  ( -39.83955297932621400, 17.29239248953932100, 30.50000000000000400 ) ) ;
#1865 = FACE_OUTER_BOUND ( 'NONE', #8785, .T. ) ;
#1866 = DIRECTION ( 'NONE',  ( 1.619075244245020000E-015, -1.000000000000000000, 5.319818659662208200E-015 ) ) ;
#1867 = CARTESIAN_POINT ( 'NONE',  ( -61.04602967032580100, 43.63761170006511500, 26.17902992074464700 ) ) ;
#1868 = CYLINDRICAL_SURFACE ( 'NONE', #4991, 2.000000000000001800 ) ;
#1869 = CARTESIAN_POINT ( 'NONE',  ( -26.99579670812726900, -32.85923333622147200, 47.39394569755321400 ) ) ;
#1870 = VERTEX_POINT ( 'NONE', #9284 ) ;
#1871 = DIRECTION ( 'NONE',  ( -1.594400883811531400E-015, 1.000000000000000000, 0.0000000000000000000 ) ) ;
#1872 = CARTESIAN_POINT ( 'NONE',  ( 2.722839065748886800, 68.44335759605289100, 46.01213823740296500 ) ) ;
#1873 = DIRECTION ( 'NONE',  ( -1.000000000000000000, 0.0000000000000000000, -0.0000000000000000000 ) ) ;
#1874 = EDGE_CURVE ( 'NONE', #921, #1163, #9620, .T. ) ;
#1875 = FACE_OUTER_BOUND ( 'NONE', #5992, .T. ) ;
#1876 = CARTESIAN_POINT ( 'NONE',  ( 49.22184818755440700, 71.15991762536495500, 14.99163790877213400 ) ) ;
#1877 = CARTESIAN_POINT ( 'NONE',  ( 37.56218719550626200, 71.12167497840825100, 46.13253221513177500 ) ) ;
#1878 = CARTESIAN_POINT ( 'NONE',  ( 26.88247239614251800, 9.714477141289696200E-016, 4.000000000000000000 ) ) ;
#1879 = LINE ( 'NONE', #4390, #1489 ) ;
#1880 = ORIENTED_EDGE ( 'NONE', *, *, #3504, .T. ) ;
#1881 = CARTESIAN_POINT ( 'NONE',  ( -8.839552979326315500, 68.57785688051524200, 15.50000000000000000 ) ) ;
#1882 = CARTESIAN_POINT ( 'NONE',  ( -55.33955297932630700, 73.48310668740403200, 15.50000000000000000 ) ) ;
#1883 = CARTESIAN_POINT ( 'NONE',  ( -43.33752760385750900, 33.35024010312945800, 3.000000000000000000 ) ) ;
#1884 = CARTESIAN_POINT ( 'NONE',  ( -14.11752760385748600, 36.09024010312946700, 8.490435472824181300 ) ) ;
#1885 = FACE_BOUND ( 'NONE', #6266, .T. ) ;
#1886 = DIRECTION ( 'NONE',  ( 1.000000000000000000, 4.857238570644847900E-017, 0.0000000000000000000 ) ) ;
#1887 = CARTESIAN_POINT ( 'NONE',  ( 18.16044702067369700, 71.31277590714869100, 45.50000000000000000 ) ) ;
#1888 = AXIS2_PLACEMENT_3D ( 'NONE', #9127, #8368, #6592 ) ;
#1889 = VECTOR ( 'NONE', #5007, 1000.000000000000000 ) ;
#1890 = ORIENTED_EDGE ( 'NONE', *, *, #5318, .F. ) ;
#1891 = EDGE_CURVE ( 'NONE', #2449, #2889, #3692, .T. ) ;
#1892 = CARTESIAN_POINT ( 'NONE',  ( -17.48955297932633700, 64.48566435059095200, 30.91520202535433300 ) ) ;
#1893 = CYLINDRICAL_SURFACE ( 'NONE', #177, 60.00000000000000000 ) ;
#1894 = CARTESIAN_POINT ( 'NONE',  ( 37.41406145545165900, 68.31219821720327400, 14.50446528216650100 ) ) ;
#1895 = CARTESIAN_POINT ( 'NONE',  ( 18.16044702067386800, -33.45785864922133600, 45.50000000000000000 ) ) ;
#1896 = DIRECTION ( 'NONE',  ( -1.573428027951569800E-015, 1.000000000000000000, 0.0000000000000000000 ) ) ;
#1897 = VECTOR ( 'NONE', #4086, 1000.000000000000000 ) ;
#1898 = CIRCLE ( 'NONE', #6006, 2.000000000000001800 ) ;
#1899 = VERTEX_POINT ( 'NONE', #5192 ) ;
#1900 = DIRECTION ( 'NONE',  ( -1.000000000000000000, -1.609823385706476600E-015, 0.0000000000000000000 ) ) ;
#1901 = AXIS2_PLACEMENT_3D ( 'NONE', #10053, #4324, #10200 ) ;
#1902 = AXIS2_PLACEMENT_3D ( 'NONE', #5800, #712, #5008 ) ;
#1903 = CIRCLE ( 'NONE', #3440, 60.00000000000000000 ) ;
#1904 = DIRECTION ( 'NONE',  ( 1.000000000000000000, -0.0000000000000000000, 0.0000000000000000000 ) ) ;
#1905 = DIRECTION ( 'NONE',  ( 1.000000000000000000, 1.603063405027194900E-016, -0.0000000000000000000 ) ) ;
#1906 = VECTOR ( 'NONE', #6971, 1000.000000000000000 ) ;
#1907 = ORIENTED_EDGE ( 'NONE', *, *, #701, .F. ) ;
#1908 = CARTESIAN_POINT ( 'NONE',  ( 2.759619323520813100, 68.41024161410392400, 46.13529537627118100 ) ) ;
#1909 = LINE ( 'NONE', #8764, #8235 ) ;
#1910 = CARTESIAN_POINT ( 'NONE',  ( 22.16044702067386000, -30.72293962258783400, 45.50000000000000000 ) ) ;
#1911 = CARTESIAN_POINT ( 'NONE',  ( -11.86695045927960000, 70.76709497378018900, 13.76377908748838600 ) ) ;
#1912 = ADVANCED_FACE ( 'NONE', ( #8074 ), #1476, .F. ) ;
#1913 = CIRCLE ( 'NONE', #3098, 60.00000000000000000 ) ;
#1914 = CARTESIAN_POINT ( 'NONE',  ( -18.07533941695324500, 64.37607171785261100, 31.50098846298124800 ) ) ;
#1915 = CARTESIAN_POINT ( 'NONE',  ( -43.83955297932615700, -30.72293962258784500, 15.50000000000000000 ) ) ;
#1916 = ORIENTED_EDGE ( 'NONE', *, *, #8591, .F. ) ;
#1917 = EDGE_CURVE ( 'NONE', #1590, #9332, #3044, .T. ) ;
#1918 = CARTESIAN_POINT ( 'NONE',  ( -9.939892116624479400, -30.23081242424114000, 47.29108936670988300 ) ) ;
#1919 = AXIS2_PLACEMENT_3D ( 'NONE', #6144, #293, #4560 ) ;
#1920 = AXIS2_PLACEMENT_3D ( 'NONE', #5241, #7684, #255 ) ;
#1921 = CARTESIAN_POINT ( 'NONE',  ( 25.88247239614251800, 9.714477141289696200E-016, -9.140568438989676200E-032 ) ) ;
#1922 = CARTESIAN_POINT ( 'NONE',  ( 21.18256776144920700, 70.77107199232497700, 47.22411160762042900 ) ) ;
#1923 = LINE ( 'NONE', #7898, #5815 ) ;
#1924 = PLANE ( 'NONE',  #4420 ) ;
#1925 = CARTESIAN_POINT ( 'NONE',  ( 51.42452208019217600, -30.16934309946357100, 13.49954016622350600 ) ) ;
#1926 = EDGE_LOOP ( 'NONE', ( #8672, #8519 ) ) ;
#1927 = CARTESIAN_POINT ( 'NONE',  ( -12.83955297932622100, 10.48310668740398200, 30.50000000000000000 ) ) ;
#1928 =( NAMED_UNIT ( * ) PLANE_ANGLE_UNIT ( ) SI_UNIT ( $, .RADIAN. ) );
#1929 = CARTESIAN_POINT ( 'NONE',  ( -57.99579670812743600, 70.71415059414883300, 47.39394569755321400 ) ) ;
#1930 = CIRCLE ( 'NONE', #6206, 60.00000000000000000 ) ;
#1931 = DIRECTION ( 'NONE',  ( -1.000000000000000000, -3.569163070562645700E-016, 0.0000000000000000000 ) ) ;
#1932 = DIRECTION ( 'NONE',  ( 0.0000000000000000000, 0.0000000000000000000, -1.000000000000000000 ) ) ;
#1933 = EDGE_LOOP ( 'NONE', ( #10606, #10607, #3249, #10611 ) ) ;
#1934 = EDGE_CURVE ( 'NONE', #8573, #4897, #3076, .T. ) ;
#1935 = DIRECTION ( 'NONE',  ( 0.0000000000000000000, 0.0000000000000000000, 1.000000000000000000 ) ) ;
#1936 = PLANE ( 'NONE',  #6766 ) ;
#1937 = CARTESIAN_POINT ( 'NONE',  ( 50.16044702067367900, 65.62113646848122500, 53.30901035730082800 ) ) ;
#1938 = CARTESIAN_POINT ( 'NONE',  ( 45.16044702067369300, 61.80992920665785600, 5.000000000000000000 ) ) ;
#1939 = ORIENTED_EDGE ( 'NONE', *, *, #4005, .T. ) ;
#1940 = DIRECTION ( 'NONE',  ( -0.0000000000000000000, -0.0000000000000000000, -1.000000000000000000 ) ) ;
#1941 = DIRECTION ( 'NONE',  ( -1.000000000000000000, 0.0000000000000000000, 0.0000000000000000000 ) ) ;
#1942 = DIRECTION ( 'NONE',  ( -0.7071067811865502400, 6.279138716373803600E-015, 0.7071067811865448000 ) ) ;
#1943 = VECTOR ( 'NONE', #3695, 1000.000000000000000 ) ;
#1944 = ORIENTED_EDGE ( 'NONE', *, *, #2849, .T. ) ;
#1945 = CARTESIAN_POINT ( 'NONE',  ( 24.88247239614251800, -19.52275989687055400, 9.368489151887088100 ) ) ;
#1946 = DIRECTION ( 'NONE',  ( -1.000000000000000000, 0.0000000000000000000, 0.0000000000000000000 ) ) ;
#1947 = ORIENTED_EDGE ( 'NONE', *, *, #1317, .T. ) ;
#1948 = EDGE_LOOP ( 'NONE', ( #2252, #4564, #9454, #3184, #3817, #1067 ) ) ;
#1949 = CARTESIAN_POINT ( 'NONE',  ( -18.68486638750716700, 70.46689459256570800, 32.11051543353512000 ) ) ;
#1950 = CARTESIAN_POINT ( 'NONE',  ( -11.74112259762335600, 68.08600764125186800, 13.70986368167312400 ) ) ;
#1951 = VERTEX_POINT ( 'NONE', #1224 ) ;
#1952 = DIRECTION ( 'NONE',  ( 0.0000000000000000000, 0.0000000000000000000, -1.000000000000000000 ) ) ;
#1953 = EDGE_CURVE ( 'NONE', #241, #1534, #3482, .T. ) ;
#1954 = ORIENTED_EDGE ( 'NONE', *, *, #8013, .T. ) ;
#1955 = CARTESIAN_POINT ( 'NONE',  ( -12.82686712528576800, -30.65554041261183500, 45.75921544411351500 ) ) ;
#1956 = CARTESIAN_POINT ( 'NONE',  ( 45.26044702067366600, 64.96539364637716600, 28.35098846298121300 ) ) ;
#1957 = ORIENTED_EDGE ( 'NONE', *, *, #5783, .F. ) ;
#1958 = CARTESIAN_POINT ( 'NONE',  ( -12.83955297932632600, 73.48310668740410300, 45.50000000000000000 ) ) ;
#1959 = CARTESIAN_POINT ( 'NONE',  ( 20.02923969674833400, 70.67822042021421700, 47.50014823481634400 ) ) ;
#1960 = EDGE_LOOP ( 'NONE', ( #9036, #2518, #10356, #5601 ) ) ;
#1961 = ORIENTED_EDGE ( 'NONE', *, *, #8432, .F. ) ;
#1962 = CARTESIAN_POINT ( 'NONE',  ( 44.94247239614253400, -14.90975989687055900, 3.000000000000000000 ) ) ;
#1963 = ORIENTED_EDGE ( 'NONE', *, *, #6697, .F. ) ;
#1964 = CARTESIAN_POINT ( 'NONE',  ( 39.21247239614250900, 33.35024010312945800, 4.000000000000000000 ) ) ;
#1965 = CARTESIAN_POINT ( 'NONE',  ( -56.04602967032580800, 0.0000000000000000000, 0.0000000000000000000 ) ) ;
#1966 = VERTEX_POINT ( 'NONE', #3668 ) ;
#1967 = CARTESIAN_POINT ( 'NONE',  ( -12.83955297932632400, 71.27489704920779400, 45.62815743689000000 ) ) ;
#1968 = VERTEX_POINT ( 'NONE', #6989 ) ;
#1969 = ADVANCED_FACE ( 'NONE', ( #9489 ), #6168, .T. ) ;
#1970 = CARTESIAN_POINT ( 'NONE',  ( 48.39934147570149700, 68.76288527794038400, 39.68318479745939700 ) ) ;
#1971 = AXIS2_PLACEMENT_3D ( 'NONE', #1243, #2090, #6256 ) ;
#1972 = CARTESIAN_POINT ( 'NONE',  ( 25.70162444043530700, -17.18165353266590900, 9.837216218233695700 ) ) ;
#1973 = EDGE_CURVE ( 'NONE', #8311, #3259, #10010, .T. ) ;
#1974 = ORIENTED_EDGE ( 'NONE', *, *, #6388, .F. ) ;
#1975 = CARTESIAN_POINT ( 'NONE',  ( 60.16044702067369300, 63.57531163979638900, 57.36015214575591200 ) ) ;
#1976 = ORIENTED_EDGE ( 'NONE', *, *, #5368, .F. ) ;
#1977 = ORIENTED_EDGE ( 'NONE', *, *, #10248, .T. ) ;
#1978 = CARTESIAN_POINT ( 'NONE',  ( 50.19002219977436100, -28.17231931157343200, 52.64611342352537800 ) ) ;
#1979 = VERTEX_POINT ( 'NONE', #346 ) ;
#1980 = DIRECTION ( 'NONE',  ( 0.0000000000000000000, 1.000000000000000000, 0.0000000000000000000 ) ) ;
#1981 = CIRCLE ( 'NONE', #9634, 2.000000000000001800 ) ;
#1982 = DIRECTION ( 'NONE',  ( -0.0000000000000000000, -1.101101203583762400E-014, -1.000000000000000000 ) ) ;
#1983 = DIRECTION ( 'NONE',  ( 0.0000000000000000000, 0.0000000000000000000, 1.000000000000000000 ) ) ;
#1984 = CARTESIAN_POINT ( 'NONE',  ( -55.33955297932630700, 73.48310668740403200, 15.50000000000000000 ) ) ;
#1985 = EDGE_CURVE ( 'NONE', #7476, #3309, #1081, .T. ) ;
#1986 = ORIENTED_EDGE ( 'NONE', *, *, #4873, .F. ) ;
#1987 = AXIS2_PLACEMENT_3D ( 'NONE', #8094, #4795, #3186 ) ;
#1988 = VERTEX_POINT ( 'NONE', #3855 ) ;
#1989 = ORIENTED_EDGE ( 'NONE', *, *, #6342, .T. ) ;
#1990 = CARTESIAN_POINT ( 'NONE',  ( -14.11752760385748400, -17.52275989687055700, 8.490435472824181300 ) ) ;
#1991 = CARTESIAN_POINT ( 'NONE',  ( -18.48955297932634100, 64.71997824693835400, 31.91520202535434000 ) ) ;
#1992 = DIRECTION ( 'NONE',  ( 1.000000000000000000, 1.609823385706476600E-015, 1.156482317317871500E-016 ) ) ;
#1993 = FACE_OUTER_BOUND ( 'NONE', #6000, .T. ) ;
#1994 = CARTESIAN_POINT ( 'NONE',  ( -15.33955297932633100, 64.91511211908148500, 28.61974956504591500 ) ) ;
#1995 = CARTESIAN_POINT ( 'NONE',  ( 37.66044702067370100, 73.48310668740417400, 15.50000000000000000 ) ) ;
#1996 = CARTESIAN_POINT ( 'NONE',  ( -28.27762383601241300, -30.58887534674138200, 14.98948247064432200 ) ) ;
#1997 = VERTEX_POINT ( 'NONE', #500 ) ;
#1998 = ORIENTED_EDGE ( 'NONE', *, *, #2007, .F. ) ;
#1999 = DIRECTION ( 'NONE',  ( 1.000000000000000000, 0.0000000000000000000, -0.0000000000000000000 ) ) ;
#2000 = EDGE_CURVE ( 'NONE', #3789, #4304, #9746, .T. ) ;
#2001 = CARTESIAN_POINT ( 'NONE',  ( 50.62752020696992600, -30.19000275956289400, 47.43039213333944600 ) ) ;
#2002 = FACE_OUTER_BOUND ( 'NONE', #3171, .T. ) ;
#2003 = AXIS2_PLACEMENT_3D ( 'NONE', #3842, #3697, #2892 ) ;
#2004 = DIRECTION ( 'NONE',  ( -0.0000000000000000000, 0.0000000000000000000, 1.000000000000000000 ) ) ;
#2005 = DIRECTION ( 'NONE',  ( 0.0000000000000000000, 0.0000000000000000000, 1.000000000000000000 ) ) ;
#2006 = DIRECTION ( 'NONE',  ( -1.590163186312072900E-015, 1.000000000000000000, 0.0000000000000000000 ) ) ;
#2007 = EDGE_CURVE ( 'NONE', #200, #2365, #3422, .T. ) ;
#2008 = DIRECTION ( 'NONE',  ( 1.000000000000000000, 1.603063405027194900E-016, 0.0000000000000000000 ) ) ;
#2009 = DIRECTION ( 'NONE',  ( -0.0000000000000000000, -0.0000000000000000000, 1.000000000000000000 ) ) ;
#2010 = LINE ( 'NONE', #1565, #3427 ) ;
#2011 = EDGE_LOOP ( 'NONE', ( #3675, #3384, #10347, #917, #3617, #1346 ) ) ;
#2012 = CARTESIAN_POINT ( 'NONE',  ( 52.18256776144936300, -32.91615473439755100, 47.22411160762042900 ) ) ;
#2013 = CARTESIAN_POINT ( 'NONE',  ( 5.997477254786359100, -32.99255080583945700, 14.00690927629785600 ) ) ;
#2014 = CYLINDRICAL_SURFACE ( 'NONE', #7798, 1.399999999999998600 ) ;
#2015 = DIRECTION ( 'NONE',  ( 0.0000000000000000000, -1.000000000000000000, 0.0000000000000000000 ) ) ;
#2016 = CARTESIAN_POINT ( 'NONE',  ( -132.8082378770764600, 70.48310668740396100, 30.50000000000000000 ) ) ;
#2017 = CARTESIAN_POINT ( 'NONE',  ( 50.31109341010900200, 66.11560620643943800, 51.69720695399937000 ) ) ;
#2018 = CARTESIAN_POINT ( 'NONE',  ( 18.16044702067386400, -30.68971918547862600, 15.37133780032230300 ) ) ;
#2019 = CARTESIAN_POINT ( 'NONE',  ( 52.66044702067371500, 62.74133133021667400, 46.82287565553230000 ) ) ;
#2020 = CIRCLE ( 'NONE', #2344, 28.12686385698111400 ) ;
#2021 = ORIENTED_EDGE ( 'NONE', *, *, #4629, .T. ) ;
#2022 = CARTESIAN_POINT ( 'NONE',  ( -132.8082378770764600, 73.48310668740396100, 30.50000000000000400 ) ) ;
#2023 = CARTESIAN_POINT ( 'NONE',  ( -18.24467032647174500, 68.57173827500025700, 40.17169576406636400 ) ) ;
#2024 = EDGE_CURVE ( 'NONE', #1460, #6119, #7823, .T. ) ;
#2025 = CARTESIAN_POINT ( 'NONE',  ( 52.17760884116476900, 70.77009123091603700, 13.77294528950234900 ) ) ;
#2026 = DIRECTION ( 'NONE',  ( 0.0000000000000000000, 0.0000000000000000000, -1.000000000000000000 ) ) ;
#2027 = LINE ( 'NONE', #10274, #3711 ) ;
#2028 = CARTESIAN_POINT ( 'NONE',  ( 52.26563500428731100, 62.25756541456747300, 47.27055040266589000 ) ) ;
#2029 = DIRECTION ( 'NONE',  ( -1.000000000000000000, -1.603063405027194900E-016, -0.0000000000000000000 ) ) ;
#2030 = ORIENTED_EDGE ( 'NONE', *, *, #8970, .F. ) ;
#2031 = ORIENTED_EDGE ( 'NONE', *, *, #9619, .T. ) ;
#2032 = CARTESIAN_POINT ( 'NONE',  ( 50.16044702067368600, 64.07531163979639600, 57.36015214575591200 ) ) ;
#2033 = CIRCLE ( 'NONE', #9573, 0.5000000000000004400 ) ;
#2034 = AXIS2_PLACEMENT_3D ( 'NONE', #3943, #7246, #6296 ) ;
#2035 = LINE ( 'NONE', #1808, #10553 ) ;
#2036 = EDGE_CURVE ( 'NONE', #6795, #3288, #564, .T. ) ;
#2037 = ORIENTED_EDGE ( 'NONE', *, *, #2907, .F. ) ;
#2038 = DIRECTION ( 'NONE',  ( 0.0000000000000000000, 0.0000000000000000000, -1.000000000000000000 ) ) ;
#2039 = CARTESIAN_POINT ( 'NONE',  ( 50.31109341010913700, -24.48970887803560400, 51.69720695399937000 ) ) ;
#2040 = DIRECTION ( 'NONE',  ( 1.609823385706476600E-015, -1.000000000000000000, 0.0000000000000000000 ) ) ;
#2041 = DIRECTION ( 'NONE',  ( 1.000000000000000000, 0.0000000000000000000, 0.0000000000000000000 ) ) ;
#2042 = CARTESIAN_POINT ( 'NONE',  ( 50.16044702067368600, 64.23011617120123200, 53.90000000000002000 ) ) ;
#2043 = LINE ( 'NONE', #10001, #4131 ) ;
#2044 = VECTOR ( 'NONE', #9163, 1000.000000000000100 ) ;
#2045 = CARTESIAN_POINT ( 'NONE',  ( 49.35577444867301000, -33.19220330655856800, 46.37164858284343400 ) ) ;
#2046 = ORIENTED_EDGE ( 'NONE', *, *, #5444, .F. ) ;
#2047 = CARTESIAN_POINT ( 'NONE',  ( 37.59903329396232900, -33.30506167706867200, 46.00815311873946500 ) ) ;
#2048 = EDGE_CURVE ( 'NONE', #10381, #8092, #3302, .T. ) ;
#2049 = CARTESIAN_POINT ( 'NONE',  ( 48.35754847147208600, 68.69408298958690300, 39.84466002292752800 ) ) ;
#2050 = DIRECTION ( 'NONE',  ( 1.000000000000000000, 0.0000000000000000000, 0.0000000000000000000 ) ) ;
#2051 = CARTESIAN_POINT ( 'NONE',  ( 49.16044702067382100, 10.48310668740399300, 30.50000000000000000 ) ) ;
#2052 = ADVANCED_FACE ( 'NONE', ( #5890, #2002, #1209, #10525, #5249 ), #3301, .T. ) ;
#2053 = AXIS2_PLACEMENT_3D ( 'NONE', #2806, #7762, #8581 ) ;
#2054 = CIRCLE ( 'NONE', #775, 1.399999999999998600 ) ;
#2055 = DIRECTION ( 'NONE',  ( 1.000000000000000000, -0.0000000000000000000, -0.0000000000000000000 ) ) ;
#2056 = CARTESIAN_POINT ( 'NONE',  ( -59.24027679334710700, 68.41020149940833100, 14.86456217552655100 ) ) ;
#2057 = CARTESIAN_POINT ( 'NONE',  ( -71.04602967032580800, -19.05501194873043900, 5.000000000000000000 ) ) ;
#2058 = CARTESIAN_POINT ( 'NONE',  ( -18.42009636132229700, 69.73722486164496100, 39.93477619668712500 ) ) ;
#2059 = ORIENTED_EDGE ( 'NONE', *, *, #8577, .T. ) ;
#2060 = DIRECTION ( 'NONE',  ( 1.000000000000000000, 1.603063405027194900E-016, 0.0000000000000000000 ) ) ;
#2061 = CARTESIAN_POINT ( 'NONE',  ( 52.91594816746124500, 71.00959411753549900, 14.50803016031318800 ) ) ;
#2062 = DIRECTION ( 'NONE',  ( 1.609823385706476600E-015, -1.000000000000000000, -4.165779463821302700E-032 ) ) ;
#2063 = DIRECTION ( 'NONE',  ( -1.000000000000000000, -6.811184200154377300E-015, 0.0000000000000000000 ) ) ;
#2064 = DIRECTION ( 'NONE',  ( -0.0000000000000000000, -0.0000000000000000000, 1.000000000000000000 ) ) ;
#2065 = EDGE_CURVE ( 'NONE', #5745, #4585, #7562, .T. ) ;
#2066 = CARTESIAN_POINT ( 'NONE',  ( -55.43870465473639800, -30.55532595375956700, 46.13529157058124500 ) ) ;
#2067 = CARTESIAN_POINT ( 'NONE',  ( 50.25887740237666200, 68.08600764125186800, 13.70986368167313400 ) ) ;
#2068 = ORIENTED_EDGE ( 'NONE', *, *, #5532, .T. ) ;
#2069 = AXIS2_PLACEMENT_3D ( 'NONE', #10510, #563, #528 ) ;
#2070 = AXIS2_PLACEMENT_3D ( 'NONE', #1842, #64, #8408 ) ;
#2071 = CARTESIAN_POINT ( 'NONE',  ( 5.561834362095504900, 70.74892922589576500, 13.70965140868846900 ) ) ;
#2072 = CARTESIAN_POINT ( 'NONE',  ( 22.16044702067376800, 17.29239248953932800, 30.50000000000000400 ) ) ;
#2073 = CARTESIAN_POINT ( 'NONE',  ( -14.11752760385748600, 38.09024010312946700, 4.000000000000000000 ) ) ;
#2074 = EDGE_CURVE ( 'NONE', #5600, #7257, #948, .T. ) ;
#2075 = CYLINDRICAL_SURFACE ( 'NONE', #8393, 0.5000000000000004400 ) ;
#2076 = ORIENTED_EDGE ( 'NONE', *, *, #8819, .T. ) ;
#2077 = DIRECTION ( 'NONE',  ( -1.156482317317871700E-016, 1.000000000000000000, 0.0000000000000000000 ) ) ;
#2078 = CARTESIAN_POINT ( 'NONE',  ( -15.63244619813979800, 70.46577844079544700, 29.05809524416773500 ) ) ;
#2079 = ADVANCED_FACE ( 'NONE', ( #8460 ), #4108, .T. ) ;
#2080 = DIRECTION ( 'NONE',  ( 1.000000000000000000, 0.0000000000000000000, 0.0000000000000000000 ) ) ;
#2081 = VERTEX_POINT ( 'NONE', #4038 ) ;
#2082 = CARTESIAN_POINT ( 'NONE',  ( 41.44247239614252700, -14.90975989687055900, 7.000000000000000000 ) ) ;
#2083 = CARTESIAN_POINT ( 'NONE',  ( -61.04602967032579400, 70.30479599894567900, 35.12228167828152400 ) ) ;
#2084 = LINE ( 'NONE', #4119, #1686 ) ;
#2085 = EDGE_CURVE ( 'NONE', #4887, #789, #6289, .T. ) ;
#2086 = ORIENTED_EDGE ( 'NONE', *, *, #1266, .T. ) ;
#2087 = CARTESIAN_POINT ( 'NONE',  ( 18.16044702067369000, 73.48310668740414500, 15.50000000000000000 ) ) ;
#2088 = DIRECTION ( 'NONE',  ( 1.000000000000000000, -0.0000000000000000000, -0.0000000000000000000 ) ) ;
#2089 = CARTESIAN_POINT ( 'NONE',  ( -55.33955297932612200, -33.45785864922132200, 45.50000000000000000 ) ) ;
#2090 = DIRECTION ( 'NONE',  ( 1.000000000000000000, 0.0000000000000000000, -0.0000000000000000000 ) ) ;
#2091 = DIRECTION ( 'NONE',  ( 1.000000000000000000, 1.603063405027194900E-016, 0.0000000000000000000 ) ) ;
#2092 = VERTEX_POINT ( 'NONE', #1589 ) ;
#2093 = CARTESIAN_POINT ( 'NONE',  ( 42.71247239614250900, 33.35024010312945800, 8.650000000000000400 ) ) ;
#2094 = DIRECTION ( 'NONE',  ( 0.0000000000000000000, -1.387778780781444400E-014, -1.000000000000000000 ) ) ;
#2095 = CARTESIAN_POINT ( 'NONE',  ( -14.52975500468218300, 64.69007228669751400, 40.51286796564302500 ) ) ;
#2096 = EDGE_LOOP ( 'NONE', ( #9119, #8476 ) ) ;
#2097 = CARTESIAN_POINT ( 'NONE',  ( -18.27786971564394100, 69.70410011555625800, 40.15193054661117600 ) ) ;
#2098 = DIRECTION ( 'NONE',  ( -1.000000000000000000, 0.0000000000000000000, 0.0000000000000000000 ) ) ;
#2099 = ORIENTED_EDGE ( 'NONE', *, *, #944, .T. ) ;
#2100 = VERTEX_POINT ( 'NONE', #8202 ) ;
#2101 = CARTESIAN_POINT ( 'NONE',  ( 46.51455223210522400, 70.48310668740397500, 30.01930723678581400 ) ) ;
#2102 = ORIENTED_EDGE ( 'NONE', *, *, #4109, .F. ) ;
#2103 = DIRECTION ( 'NONE',  ( 1.000000000000000000, 0.0000000000000000000, 0.0000000000000000000 ) ) ;
#2104 = DIRECTION ( 'NONE',  ( 0.0000000000000000000, 0.0000000000000000000, -1.000000000000000000 ) ) ;
#2105 = AXIS2_PLACEMENT_3D ( 'NONE', #3849, #7888, #7099 ) ;
#2106 = CARTESIAN_POINT ( 'NONE',  ( -57.87221172870946600, 70.70116343258162300, 13.56761369079867000 ) ) ;
#2107 = ORIENTED_EDGE ( 'NONE', *, *, #7928, .F. ) ;
#2108 = EDGE_CURVE ( 'NONE', #7257, #4439, #1357, .T. ) ;
#2109 = DIRECTION ( 'NONE',  ( 1.000000000000000000, 0.0000000000000000000, 0.0000000000000000000 ) ) ;
#2110 = CARTESIAN_POINT ( 'NONE',  ( 53.16044702067371500, 68.51061310569535600, 15.23956597998646100 ) ) ;
#2111 = CARTESIAN_POINT ( 'NONE',  ( 37.66044702067387100, -30.72293962258783000, 15.50000000000000000 ) ) ;
#2112 = ORIENTED_EDGE ( 'NONE', *, *, #8013, .F. ) ;
#2113 = ORIENTED_EDGE ( 'NONE', *, *, #2611, .T. ) ;
#2114 = EDGE_LOOP ( 'NONE', ( #3537, #8360, #5743, #5476, #8064 ) ) ;
#2115 = CARTESIAN_POINT ( 'NONE',  ( -11.85885992024373100, -32.91560170640237000, 47.22577069338046800 ) ) ;
#2116 = ADVANCED_FACE ( 'NONE', ( #9884 ), #50, .F. ) ;
#2117 = CARTESIAN_POINT ( 'NONE',  ( 34.41055137431919800, -32.96333980715764500, 13.91725300995628000 ) ) ;
#2118 = VECTOR ( 'NONE', #6210, 1000.000000000000000 ) ;
#2119 = CARTESIAN_POINT ( 'NONE',  ( 4.007175602375999900, -30.20043820803003600, 47.39494116741396800 ) ) ;
#2120 = DIRECTION ( 'NONE',  ( 1.000000000000000000, 0.0000000000000000000, 0.0000000000000000000 ) ) ;
#2121 = ORIENTED_EDGE ( 'NONE', *, *, #732, .F. ) ;
#2122 = AXIS2_PLACEMENT_3D ( 'NONE', #5197, #6858, #7747 ) ;
#2123 = ORIENTED_EDGE ( 'NONE', *, *, #4271, .F. ) ;
#2124 = CARTESIAN_POINT ( 'NONE',  ( 20.16044702067369700, 73.48310668740414500, 15.50000000000000000 ) ) ;
#2125 = ORIENTED_EDGE ( 'NONE', *, *, #5332, .T. ) ;
#2126 = ORIENTED_EDGE ( 'NONE', *, *, #7940, .T. ) ;
#2127 = AXIS2_PLACEMENT_3D ( 'NONE', #5858, #2558, #879 ) ;
#2128 = LINE ( 'NONE', #1199, #6789 ) ;
#2129 = CARTESIAN_POINT ( 'NONE',  ( -26.07547791980800900, 68.02426035739095800, 13.49954016622349500 ) ) ;
#2130 = DIRECTION ( 'NONE',  ( 1.000000000000000000, 0.0000000000000000000, 0.0000000000000000000 ) ) ;
#2131 = VERTEX_POINT ( 'NONE', #9422 ) ;
#2132 = ORIENTED_EDGE ( 'NONE', *, *, #3490, .T. ) ;
#2133 = EDGE_LOOP ( 'NONE', ( #7397, #6561, #6398, #9959, #6228, #5702, #2733 ) ) ;
#2134 = CARTESIAN_POINT ( 'NONE',  ( 48.07568234275036900, 68.53294445797753600, 40.28020146523902400 ) ) ;
#2135 = DIRECTION ( 'NONE',  ( 1.609823385706476600E-015, -1.000000000000000000, -4.165779463821302700E-032 ) ) ;
#2136 = CARTESIAN_POINT ( 'NONE',  ( -14.11690619332341600, -16.83980951087263700, 9.304344048900812700 ) ) ;
#2137 = CARTESIAN_POINT ( 'NONE',  ( -28.33955297932625000, 20.56252476838795600, 30.50000000000000400 ) ) ;
#2138 = FACE_OUTER_BOUND ( 'NONE', #5661, .T. ) ;
#2139 = EDGE_CURVE ( 'NONE', #4019, #9597, #821, .T. ) ;
#2140 = EDGE_CURVE ( 'NONE', #2661, #6621, #5518, .T. ) ;
#2141 = DIRECTION ( 'NONE',  ( 1.000000000000000000, 0.0000000000000000000, 0.0000000000000000000 ) ) ;
#2142 = AXIS2_PLACEMENT_3D ( 'NONE', #5529, #3053, #4669 ) ;
#2143 = ADVANCED_FACE ( 'NONE', ( #8203 ), #5769, .F. ) ;
#2144 = AXIS2_PLACEMENT_3D ( 'NONE', #5283, #3648, #5316 ) ;
#2145 = EDGE_LOOP ( 'NONE', ( #9452, #127, #1314, #710 ) ) ;
#2146 = CARTESIAN_POINT ( 'NONE',  ( 50.73374366343462300, 64.03603464629613000, 50.10000000000004400 ) ) ;
#2147 = DIRECTION ( 'NONE',  ( 1.000000000000000000, 0.0000000000000000000, 0.0000000000000000000 ) ) ;
#2148 = DIRECTION ( 'NONE',  ( 0.0000000000000000000, 0.0000000000000000000, 1.000000000000000000 ) ) ;
#2149 = CARTESIAN_POINT ( 'NONE',  ( -55.82174440694537100, -30.36923500876988100, 46.80892437815208500 ) ) ;
#2150 = ORIENTED_EDGE ( 'NONE', *, *, #2735, .T. ) ;
#2151 = CARTESIAN_POINT ( 'NONE',  ( 33.67302371217596100, -33.38102356820540000, 45.75812014233032700 ) ) ;
#2152 = CIRCLE ( 'NONE', #7382, 60.00000000000000000 ) ;
#2153 = DIRECTION ( 'NONE',  ( -1.000000000000000000, -1.609823385706476600E-015, 0.0000000000000000000 ) ) ;
#2154 = LINE ( 'NONE', #1293, #6031 ) ;
#2155 = ORIENTED_EDGE ( 'NONE', *, *, #3109, .T. ) ;
#2156 = CARTESIAN_POINT ( 'NONE',  ( 6.598507953081787400, -30.58893274144030300, 46.01029410947543100 ) ) ;
#2157 = EDGE_CURVE ( 'NONE', #6715, #8809, #3828, .T. ) ;
#2158 = FACE_OUTER_BOUND ( 'NONE', #1182, .T. ) ;
#2159 = DIRECTION ( 'NONE',  ( -1.156482317317871700E-016, 1.000000000000000000, 3.527271067819509200E-015 ) ) ;
#2160 = ORIENTED_EDGE ( 'NONE', *, *, #2982, .F. ) ;
#2161 = CARTESIAN_POINT ( 'NONE',  ( -14.11752760385748400, -18.52275989687055700, 10.26363978188264500 ) ) ;
#2162 = LINE ( 'NONE', #711, #10672 ) ;
#2163 = ORIENTED_EDGE ( 'NONE', *, *, #4064, .F. ) ;
#2164 = CYLINDRICAL_SURFACE ( 'NONE', #10371, 1.000000000000000900 ) ;
#2165 = CARTESIAN_POINT ( 'NONE',  ( 18.40524396446250000, -30.45807326175550500, 14.50733126608359100 ) ) ;
#2166 = ADVANCED_FACE ( 'NONE', ( #10413 ), #6152, .F. ) ;
#2167 = CIRCLE ( 'NONE', #3083, 1.000000000000000900 ) ;
#2168 = CARTESIAN_POINT ( 'NONE',  ( 19.14496048908679200, -30.24919063130221600, 47.22800376173366700 ) ) ;
#2169 = DIRECTION ( 'NONE',  ( -1.154373857749315700E-015, 0.1838957114233399600, -0.9829457601109552500 ) ) ;
#2170 = FACE_OUTER_BOUND ( 'NONE', #9830, .T. ) ;
#2171 = CARTESIAN_POINT ( 'NONE',  ( -24.81829373339524400, 70.90879992291215200, 46.80491334438638500 ) ) ;
#2172 = CARTESIAN_POINT ( 'NONE',  ( 60.16044702067369300, -25.95501194873041200, 0.0000000000000000000 ) ) ;
#2173 = ORIENTED_EDGE ( 'NONE', *, *, #1409, .F. ) ;
#2174 = CARTESIAN_POINT ( 'NONE',  ( 21.91594816746122400, 71.00959411753548500, 14.50803016031317800 ) ) ;
#2175 = EDGE_CURVE ( 'NONE', #2629, #10196, #9358, .T. ) ;
#2176 = CARTESIAN_POINT ( 'NONE',  ( 41.31247239614251000, 33.35024010312945800, 8.650000000000000400 ) ) ;
#2177 = CIRCLE ( 'NONE', #647, 52.92058191901600800 ) ;
#2178 = DIRECTION ( 'NONE',  ( -8.225004519734349200E-016, 0.1838957114233399600, -0.9829457601109552500 ) ) ;
#2179 = CIRCLE ( 'NONE', #8121, 28.12686385698107800 ) ;
#2180 = CARTESIAN_POINT ( 'NONE',  ( -43.58342570762104600, -33.15553880688658900, 46.48771649178679200 ) ) ;
#2181 = ORIENTED_EDGE ( 'NONE', *, *, #5378, .F. ) ;
#2182 = DIRECTION ( 'NONE',  ( 0.0000000000000000000, 0.0000000000000000000, 1.000000000000000000 ) ) ;
#2183 = CARTESIAN_POINT ( 'NONE',  ( 48.72287619674315800, 69.51950419906347600, 41.21078114824499000 ) ) ;
#2184 = CYLINDRICAL_SURFACE ( 'NONE', #4641, 1.399999999999998600 ) ;
#2185 = DIRECTION ( 'NONE',  ( -1.000000000000000000, -1.609823385706476600E-015, 0.0000000000000000000 ) ) ;
#2186 = AXIS2_PLACEMENT_3D ( 'NONE', #9453, #1946, #10360 ) ;
#2187 = CARTESIAN_POINT ( 'NONE',  ( -24.33955297932614300, -30.65569584776797600, 15.23956597998645900 ) ) ;
#2188 = VECTOR ( 'NONE', #10077, 1000.000000000000100 ) ;
#2189 = EDGE_CURVE ( 'NONE', #1038, #3104, #4990, .T. ) ;
#2190 = CARTESIAN_POINT ( 'NONE',  ( 5.678020865227115800, -30.24954068947065300, 47.22679946501695300 ) ) ;
#2191 = ORIENTED_EDGE ( 'NONE', *, *, #8075, .T. ) ;
#2192 = CARTESIAN_POINT ( 'NONE',  ( 34.76283975230799700, 68.08541527368575400, 47.29216817450321700 ) ) ;
#2193 = ADVANCED_FACE ( 'NONE', ( #8328 ), #7815, .F. ) ;
#2194 = FACE_OUTER_BOUND ( 'NONE', #6523, .T. ) ;
#2195 = CARTESIAN_POINT ( 'NONE',  ( -15.33955297932634000, 70.45802207698304200, 28.35098846298116700 ) ) ;
#2196 = VERTEX_POINT ( 'NONE', #2990 ) ;
#2197 = EDGE_CURVE ( 'NONE', #9957, #10167, #2776, .T. ) ;
#2198 = CARTESIAN_POINT ( 'NONE',  ( -43.36080539028205300, 70.90875894155073000, 46.80504510122570100 ) ) ;
#2199 = AXIS2_PLACEMENT_3D ( 'NONE', #4806, #4841, #6459 ) ;
#2200 = CARTESIAN_POINT ( 'NONE',  ( 19.63358880370878600, -30.18895428268300300, 47.43396315314850400 ) ) ;
#2201 = DIRECTION ( 'NONE',  ( 0.0000000000000000000, 0.0000000000000000000, 1.000000000000000000 ) ) ;
#2202 = DIRECTION ( 'NONE',  ( 1.000000000000000000, 1.594400883811526500E-015, -8.761117936248932900E-016 ) ) ;
#2203 = VECTOR ( 'NONE', #7555, 1000.000000000000000 ) ;
#2204 = CARTESIAN_POINT ( 'NONE',  ( 6.464929710193707100, 71.04698018332520300, 46.37209799849230800 ) ) ;
#2205 = CARTESIAN_POINT ( 'NONE',  ( -55.59669472598130800, -30.45852246694483900, 46.48953342699891800 ) ) ;
#2206 = CARTESIAN_POINT ( 'NONE',  ( -46.96479852183384200, 56.32270110567862500, -1.040834085586084300E-014 ) ) ;
#2207 = ORIENTED_EDGE ( 'NONE', *, *, #7141, .T. ) ;
#2208 = DIRECTION ( 'NONE',  ( 1.000000000000000000, 1.609823385706476600E-015, -0.0000000000000000000 ) ) ;
#2209 = ORIENTED_EDGE ( 'NONE', *, *, #545, .T. ) ;
#2210 = EDGE_CURVE ( 'NONE', #1968, #5755, #6924, .T. ) ;
#2211 = CARTESIAN_POINT ( 'NONE',  ( 49.16044702067372900, 68.57785688051524200, 15.50000000000000000 ) ) ;
#2212 = FACE_OUTER_BOUND ( 'NONE', #9947, .T. ) ;
#2213 = ORIENTED_EDGE ( 'NONE', *, *, #318, .F. ) ;
#2214 = CARTESIAN_POINT ( 'NONE',  ( -59.27815181244545100, -33.30500036743757200, 14.99163790877212500 ) ) ;
#2215 = CARTESIAN_POINT ( 'NONE',  ( 21.17760884116476600, 70.77009123091603700, 13.77294528950234400 ) ) ;
#2216 = ADVANCED_FACE ( 'NONE', ( #7180, #2515, #299, #8584, #8852, #3959, #6674, #1736, #10273, #290, #2382 ), #2284, .T. ) ;
#2217 = EDGE_CURVE ( 'NONE', #5503, #9222, #37, .T. ) ;
#2218 = ORIENTED_EDGE ( 'NONE', *, *, #6861, .F. ) ;
#2219 = ORIENTED_EDGE ( 'NONE', *, *, #2611, .F. ) ;
#2220 = CARTESIAN_POINT ( 'NONE',  ( 6.647844050551276100, -30.65577268498696000, 45.75832789536875800 ) ) ;
#2221 = VERTEX_POINT ( 'NONE', #3398 ) ;
#2222 = CARTESIAN_POINT ( 'NONE',  ( 37.66044702067372200, 68.57785688051524200, 45.50000000000000000 ) ) ;
#2223 = VERTEX_POINT ( 'NONE', #10495 ) ;
#2224 = DIRECTION ( 'NONE',  ( -1.594400883811535800E-015, 1.000000000000000000, 0.0000000000000000000 ) ) ;
#2225 = ORIENTED_EDGE ( 'NONE', *, *, #7039, .T. ) ;
#2226 = DIRECTION ( 'NONE',  ( 0.0000000000000000000, 0.0000000000000000000, 1.000000000000000000 ) ) ;
#2227 = ORIENTED_EDGE ( 'NONE', *, *, #3650, .T. ) ;
#2228 = EDGE_CURVE ( 'NONE', #4735, #5747, #6915, .T. ) ;
#2229 = VERTEX_POINT ( 'NONE', #7942 ) ;
#2230 = ORIENTED_EDGE ( 'NONE', *, *, #3857, .T. ) ;
#2231 = CARTESIAN_POINT ( 'NONE',  ( -14.11752760385748600, 35.44144465257382800, 9.263639781882645300 ) ) ;
#2232 = CARTESIAN_POINT ( 'NONE',  ( -40.23572970816824300, 70.94210176516112700, 46.70182250880206000 ) ) ;
#2233 = ORIENTED_EDGE ( 'NONE', *, *, #10540, .F. ) ;
#2234 = CARTESIAN_POINT ( 'NONE',  ( -14.11752760385748600, 35.74913373892482600, 9.837216218233701100 ) ) ;
#2235 = DIRECTION ( 'NONE',  ( 0.0000000000000000000, 0.0000000000000000000, 1.000000000000000000 ) ) ;
#2236 = CARTESIAN_POINT ( 'NONE',  ( -56.43989211662447000, -30.23081242424114700, 47.29108936670989000 ) ) ;
#2237 = DIRECTION ( 'NONE',  ( -0.0000000000000000000, 0.0000000000000000000, 1.000000000000000000 ) ) ;
#2238 = ORIENTED_EDGE ( 'NONE', *, *, #1304, .F. ) ;
#2239 = CARTESIAN_POINT ( 'NONE',  ( 51.01280836670731800, -22.22035199603320500, 49.39166780907191200 ) ) ;
#2240 = ADVANCED_FACE ( 'NONE', ( #1071 ), #1348, .F. ) ;
#2241 = ORIENTED_EDGE ( 'NONE', *, *, #8326, .T. ) ;
#2242 = VERTEX_POINT ( 'NONE', #3089 ) ;
#2243 = ORIENTED_EDGE ( 'NONE', *, *, #6311, .F. ) ;
#2244 = DIRECTION ( 'NONE',  ( 0.0000000000000000000, 0.0000000000000000000, 1.000000000000000000 ) ) ;
#2245 = EDGE_CURVE ( 'NONE', #1163, #6640, #8842, .T. ) ;
#2246 = CIRCLE ( 'NONE', #5779, 1.399999999999998600 ) ;
#2247 = DIRECTION ( 'NONE',  ( 0.0000000000000000000, -0.0000000000000000000, -1.000000000000000000 ) ) ;
#2248 = CARTESIAN_POINT ( 'NONE',  ( -132.8082378770764600, -22.81533917918842000, 8.000000000000000000 ) ) ;
#2249 = ORIENTED_EDGE ( 'NONE', *, *, #8209, .F. ) ;
#2250 = ORIENTED_EDGE ( 'NONE', *, *, #4539, .F. ) ;
#2251 = ORIENTED_EDGE ( 'NONE', *, *, #5137, .T. ) ;
#2252 = ORIENTED_EDGE ( 'NONE', *, *, #4971, .F. ) ;
#2253 = CARTESIAN_POINT ( 'NONE',  ( 2.673132874714245300, -30.65554041261185600, 45.75921544411351500 ) ) ;
#2254 = CYLINDRICAL_SURFACE ( 'NONE', #4286, 1.999999999999998200 ) ;
#2255 = CARTESIAN_POINT ( 'NONE',  ( 50.71292373967451500, -25.89464063031144300, 50.15926016656459300 ) ) ;
#2256 = EDGE_CURVE ( 'NONE', #7334, #1548, #1596, .T. ) ;
#2257 = DIRECTION ( 'NONE',  ( 0.0000000000000000000, 0.0000000000000000000, 1.000000000000000000 ) ) ;
#2258 = ORIENTED_EDGE ( 'NONE', *, *, #4091, .F. ) ;
#2259 = AXIS2_PLACEMENT_3D ( 'NONE', #3645, #9408, #6713 ) ;
#2260 = CARTESIAN_POINT ( 'NONE',  ( 53.09903329396215100, 71.15997893499604700, 46.00815311873949300 ) ) ;
#2261 = VECTOR ( 'NONE', #6564, 1000.000000000000000 ) ;
#2262 = CARTESIAN_POINT ( 'NONE',  ( -25.43989211662448800, -30.23081242424115100, 47.29108936670989700 ) ) ;
#2263 = CARTESIAN_POINT ( 'NONE',  ( -43.83955297932633500, 71.27489704920779400, 45.62815743688999200 ) ) ;
#2264 = ADVANCED_FACE ( 'NONE', ( #1865 ), #4981, .F. ) ;
#2265 = CARTESIAN_POINT ( 'NONE',  ( 22.09850795308178600, -30.58893274144029900, 46.01029410947544600 ) ) ;
#2266 = LINE ( 'NONE', #9690, #8587 ) ;
#2267 = ORIENTED_EDGE ( 'NONE', *, *, #6593, .F. ) ;
#2268 = DIRECTION ( 'NONE',  ( 0.0000000000000000000, 0.0000000000000000000, 1.000000000000000000 ) ) ;
#2269 = CARTESIAN_POINT ( 'NONE',  ( -24.33955297932631000, 71.31277590714869100, 45.50000000000000000 ) ) ;
#2270 = CARTESIAN_POINT ( 'NONE',  ( -14.52975500468217100, 62.69007228669742900, 31.91520202535382100 ) ) ;
#2271 = EDGE_CURVE ( 'NONE', #2833, #2347, #3552, .T. ) ;
#2272 = DIRECTION ( 'NONE',  ( 1.000000000000000000, 1.609823385706476600E-015, -2.312964634635743000E-016 ) ) ;
#2273 = CARTESIAN_POINT ( 'NONE',  ( 6.660447020673865700, -33.45785864922130800, 15.50000000000000000 ) ) ;
#2274 = AXIS2_PLACEMENT_3D ( 'NONE', #6463, #4006, #1491 ) ;
#2275 = LINE ( 'NONE', #6303, #3700 ) ;
#2276 = AXIS2_PLACEMENT_3D ( 'NONE', #1277, #5501, #3719 ) ;
#2277 = DIRECTION ( 'NONE',  ( -1.000000000000000000, 0.0000000000000000000, 0.0000000000000000000 ) ) ;
#2278 = CARTESIAN_POINT ( 'NONE',  ( -25.80433950871807600, 68.04070974003168700, 47.44502177122846100 ) ) ;
#2279 =( BOUNDED_CURVE ( )  B_SPLINE_CURVE ( 3, ( #6194, #1212, #453, #7015 ),
 .UNSPECIFIED., .F., .F. ) 
 B_SPLINE_CURVE_WITH_KNOTS ( ( 4, 4 ),
 ( 1.529939361857525200, 1.570796326794887700 ),
 .UNSPECIFIED. ) 
 CURVE ( )  GEOMETRIC_REPRESENTATION_ITEM ( )  RATIONAL_B_SPLINE_CURVE ( ( 1.000000000000000000, 0.9998608972056750600, 0.9998608972056750600, 1.000000000000000000 ) ) 
 REPRESENTATION_ITEM ( '' )  );
#2280 = CIRCLE ( 'NONE', #6992, 60.00000000000000000 ) ;
#2281 = ORIENTED_EDGE ( 'NONE', *, *, #8167, .T. ) ;
#2282 = DIRECTION ( 'NONE',  ( 0.0000000000000000000, 0.0000000000000000000, -1.000000000000000000 ) ) ;
#2283 = LINE ( 'NONE', #6500, #4497 ) ;
#2284 = PLANE ( 'NONE',  #10630 ) ;
#2285 = ORIENTED_EDGE ( 'NONE', *, *, #8332, .F. ) ;
#2286 = CARTESIAN_POINT ( 'NONE',  ( 3.758877402376647600, 68.08600764125185400, 13.70986368167313100 ) ) ;
#2287 = EDGE_CURVE ( 'NONE', #3269, #5933, #8576, .T. ) ;
#2288 = ADVANCED_FACE ( 'NONE', ( #6664 ), #609, .T. ) ;
#2289 = DIRECTION ( 'NONE',  ( 1.000000000000000000, 4.857238570644847900E-017, -4.570284219494838400E-033 ) ) ;
#2290 = CIRCLE ( 'NONE', #303, 59.99999999999999300 ) ;
#2291 = VECTOR ( 'NONE', #8440, 1000.000000000000000 ) ;
#2292 = VECTOR ( 'NONE', #7692, 1000.000000000000000 ) ;
#2293 = ORIENTED_EDGE ( 'NONE', *, *, #2791, .F. ) ;
#2294 = CARTESIAN_POINT ( 'NONE',  ( -25.32197913477289600, -30.24954068947066700, 47.22679946501697400 ) ) ;
#2295 = CARTESIAN_POINT ( 'NONE',  ( 25.88247239614251400, 36.09024010312946700, 4.000000000000001800 ) ) ;
#2296 = CIRCLE ( 'NONE', #9315, 4.900000000000001200 ) ;
#2297 = CARTESIAN_POINT ( 'NONE',  ( -24.33955297932614700, -30.72293962258784100, 45.50000000000000000 ) ) ;
#2298 = CARTESIAN_POINT ( 'NONE',  ( 45.16044702067369300, 61.68521411253470900, 3.104097538031597800 ) ) ;
#2299 = VECTOR ( 'NONE', #9499, 1000.000000000000000 ) ;
#2300 = DIRECTION ( 'NONE',  ( 1.000000000000000000, 0.0000000000000000000, 0.0000000000000000000 ) ) ;
#2301 = CARTESIAN_POINT ( 'NONE',  ( 2.673023712175805100, 71.23594082613279000, 45.75812014233034100 ) ) ;
#2302 = ORIENTED_EDGE ( 'NONE', *, *, #4636, .F. ) ;
#2303 = EDGE_CURVE ( 'NONE', #5726, #2504, #6408, .T. ) ;
#2304 = CARTESIAN_POINT ( 'NONE',  ( 35.00420329187259200, 70.71415059414884800, 47.39394569755320000 ) ) ;
#2305 = CARTESIAN_POINT ( 'NONE',  ( -71.04602967032580800, -26.30929178370303500, 9.297367386975590600 ) ) ;
#2306 = CARTESIAN_POINT ( 'NONE',  ( -28.33955297932633500, 73.48310668740397500, 30.50000000000000400 ) ) ;
#2307 = LINE ( 'NONE', #6382, #9797 ) ;
#2308 = CARTESIAN_POINT ( 'NONE',  ( 50.16044702067368600, 59.54564169357635700, 53.43725393319378000 ) ) ;
#2309 = ORIENTED_EDGE ( 'NONE', *, *, #8227, .T. ) ;
#2310 = CARTESIAN_POINT ( 'NONE',  ( 50.16044702067368600, 64.23011617120123200, 52.00000000000002100 ) ) ;
#2311 = AXIS2_PLACEMENT_3D ( 'NONE', #6038, #6868, #1833 ) ;
#2312 = EDGE_CURVE ( 'NONE', #2092, #3131, #7053, .T. ) ;
#2313 = LINE ( 'NONE', #5647, #8249 ) ;
#2314 = CARTESIAN_POINT ( 'NONE',  ( 2.759723206652904700, 68.41020149940833100, 14.86456217552655600 ) ) ;
#2315 = CARTESIAN_POINT ( 'NONE',  ( 37.66044702067372200, 68.54422461361772900, 45.63025720958918900 ) ) ;
#2316 = ORIENTED_EDGE ( 'NONE', *, *, #4673, .T. ) ;
#2317 = CARTESIAN_POINT ( 'NONE',  ( -55.73867663675881800, 68.25321152704712800, 46.70578863413462800 ) ) ;
#2318 = CARTESIAN_POINT ( 'NONE',  ( 51.43058411207293500, 70.68294828389906600, 47.48622826149017600 ) ) ;
#2319 = EDGE_LOOP ( 'NONE', ( #190, #3444 ) ) ;
#2320 = FACE_OUTER_BOUND ( 'NONE', #4048, .T. ) ;
#2321 = ORIENTED_EDGE ( 'NONE', *, *, #5151, .F. ) ;
#2322 = EDGE_CURVE ( 'NONE', #6591, #7170, #10519, .T. ) ;
#2323 = CARTESIAN_POINT ( 'NONE',  ( -28.33955297932632100, 71.27490271540912700, 15.37186173385272300 ) ) ;
#2324 = CARTESIAN_POINT ( 'NONE',  ( 25.88247239614251400, 36.09024010312946000, 3.414213562373095400 ) ) ;
#2325 = AXIS2_PLACEMENT_3D ( 'NONE', #584, #3799, #7980 ) ;
#2326 = AXIS2_PLACEMENT_3D ( 'NONE', #5521, #534, #3740 ) ;
#2327 = DIRECTION ( 'NONE',  ( 0.0000000000000000000, 1.000000000000000000, -0.0000000000000000000 ) ) ;
#2328 = CARTESIAN_POINT ( 'NONE',  ( -61.04602967032580100, 63.63594168900053900, 56.86384176188963800 ) ) ;
#2329 = CARTESIAN_POINT ( 'NONE',  ( -18.72309129408924700, 69.50823433099472500, 41.27219442214445200 ) ) ;
#2330 = CARTESIAN_POINT ( 'NONE',  ( -27.86080539028206400, 70.90875894155073000, 46.80504510122568700 ) ) ;
#2331 = VERTEX_POINT ( 'NONE', #2945 ) ;
#2332 = DIRECTION ( 'NONE',  ( 0.0000000000000000000, 0.0000000000000000000, 1.000000000000000000 ) ) ;
#2333 = CYLINDRICAL_SURFACE ( 'NONE', #7859, 4.900000000000000400 ) ;
#2334 = CARTESIAN_POINT ( 'NONE',  ( 34.75921533153202600, 70.74891782148580400, 47.29038196465388200 ) ) ;
#2335 = CARTESIAN_POINT ( 'NONE',  ( -9.939892116624637500, 68.08572968216853400, 47.29108936670988300 ) ) ;
#2336 = EDGE_LOOP ( 'NONE', ( #4943, #7284, #9364, #1066, #459, #8939, #2737, #1838, #6413, #9198, #161 ) ) ;
#2337 = ADVANCED_FACE ( 'NONE', ( #9614 ), #9546, .T. ) ;
#2338 = DIRECTION ( 'NONE',  ( -1.594400883811535600E-015, 1.000000000000000000, -1.047444401652940000E-014 ) ) ;
#2339 = CARTESIAN_POINT ( 'NONE',  ( -27.57205834040420500, 68.14671070864794400, 47.08055067344098900 ) ) ;
#2340 = CARTESIAN_POINT ( 'NONE',  ( -39.83955297932615700, -30.68930735569036000, 45.63025720958918200 ) ) ;
#2341 = DIRECTION ( 'NONE',  ( -1.000000000000000000, -1.609823385706476600E-015, 0.0000000000000000000 ) ) ;
#2342 = ORIENTED_EDGE ( 'NONE', *, *, #2682, .F. ) ;
#2343 = ORIENTED_EDGE ( 'NONE', *, *, #7809, .F. ) ;
#2344 = AXIS2_PLACEMENT_3D ( 'NONE', #8773, #2208, #5515 ) ;
#2345 = CARTESIAN_POINT ( 'NONE',  ( -71.04602967032580800, -26.22039438186902100, 57.36015214575595400 ) ) ;
#2346 = VERTEX_POINT ( 'NONE', #1270 ) ;
#2347 = VERTEX_POINT ( 'NONE', #8823 ) ;
#2348 = DIRECTION ( 'NONE',  ( 0.0000000000000000000, 0.0000000000000000000, 1.000000000000000000 ) ) ;
#2349 = EDGE_CURVE ( 'NONE', #1374, #6135, #7682, .T. ) ;
#2350 = ORIENTED_EDGE ( 'NONE', *, *, #8884, .F. ) ;
#2351 = DIRECTION ( 'NONE',  ( -0.0000000000000000000, 0.0000000000000000000, 1.000000000000000000 ) ) ;
#2352 = ORIENTED_EDGE ( 'NONE', *, *, #4928, .F. ) ;
#2353 = CARTESIAN_POINT ( 'NONE',  ( -43.59475603553768500, 68.31299051968291300, 14.50733126608359300 ) ) ;
#2354 = CARTESIAN_POINT ( 'NONE',  ( 48.41044702067374300, 10.48310668740399100, 30.50000000000000000 ) ) ;
#2355 = ORIENTED_EDGE ( 'NONE', *, *, #10488, .T. ) ;
#2356 = ORIENTED_EDGE ( 'NONE', *, *, #7819, .F. ) ;
#2357 = ORIENTED_EDGE ( 'NONE', *, *, #3518, .T. ) ;
#2358 = CARTESIAN_POINT ( 'NONE',  ( 53.06218719550626200, 71.12167497840825100, 46.13253221513175400 ) ) ;
#2359 = CARTESIAN_POINT ( 'NONE',  ( 3.323901947531428600, -30.31678452251983900, 14.00650777892164600 ) ) ;
#2360 = FACE_BOUND ( 'NONE', #6380, .T. ) ;
#2361 = B_SPLINE_CURVE_WITH_KNOTS ( 'NONE', 3,
 ( #2222, #2315, #8920, #607, #9751, #9680, #5593, #10582, #1412, #1380, #3860, #7140, #5666, #1451, #673, #8100, #4800, #6422, #7966, #2192, #9644, #9615, #3156, #7176, #6488, #5559, #4697, #5527, #3999, #3050, #7998, #538 ),
 .UNSPECIFIED., .F., .F.,
 ( 4, 2, 2, 2, 2, 2, 2, 2, 2, 2, 2, 2, 2, 2, 2, 4 ),
 ( 0.0000000000000000000, 0.0003978912550167529300, 0.0007957825100335058600, 0.001193673765050259000, 0.001591565020067011700, 0.001989456275083764500, 0.002387347530100517900, 0.003183130040134010900, 0.003581021295150746500, 0.003978912550167482100, 0.004376803805184218200, 0.004774695060200954300, 0.005172586315217691200, 0.005570477570234426400, 0.005968368825251162500, 0.006366260080267898600 ),
 .UNSPECIFIED. ) ;
#2362 = EDGE_CURVE ( 'NONE', #2131, #789, #8316, .T. ) ;
#2363 = CARTESIAN_POINT ( 'NONE',  ( 54.32621368453427400, 49.35070674561333700, -1.040834085586084300E-014 ) ) ;
#2364 = DIRECTION ( 'NONE',  ( 1.000000000000000000, 0.0000000000000000000, -0.0000000000000000000 ) ) ;
#2365 = VERTEX_POINT ( 'NONE', #3861 ) ;
#2366 = ORIENTED_EDGE ( 'NONE', *, *, #5995, .T. ) ;
#2367 = ORIENTED_EDGE ( 'NONE', *, *, #1705, .F. ) ;
#2368 = ORIENTED_EDGE ( 'NONE', *, *, #9530, .F. ) ;
#2369 = DIRECTION ( 'NONE',  ( 1.000000000000000000, 0.0000000000000000000, 0.0000000000000000000 ) ) ;
#2370 = CARTESIAN_POINT ( 'NONE',  ( -26.86885140135180100, 70.70083669093197900, 47.43335354415473400 ) ) ;
#2371 = LINE ( 'NONE', #5567, #10264 ) ;
#2372 = CARTESIAN_POINT ( 'NONE',  ( 33.66044702067370100, 71.27489704920782300, 45.62815743688999200 ) ) ;
#2373 = DIRECTION ( 'NONE',  ( 1.000000000000000000, -0.0000000000000000000, -0.0000000000000000000 ) ) ;
#2374 = ORIENTED_EDGE ( 'NONE', *, *, #1034, .F. ) ;
#2375 = CARTESIAN_POINT ( 'NONE',  ( -24.35215594944888900, 68.51068994291435400, 45.75832789536875800 ) ) ;
#2376 = AXIS2_PLACEMENT_3D ( 'NONE', #694, #5617, #6587 ) ;
#2377 = EDGE_LOOP ( 'NONE', ( #3345, #1581, #5976, #5453 ) ) ;
#2378 = ORIENTED_EDGE ( 'NONE', *, *, #2287, .T. ) ;
#2379 = CARTESIAN_POINT ( 'NONE',  ( -40.60463862165141800, -30.29232730748914500, 47.07869549017869600 ) ) ;
#2380 = CARTESIAN_POINT ( 'NONE',  ( -46.96479852183384200, 56.32270110567862500, -1.040834085586084300E-014 ) ) ;
#2381 = EDGE_CURVE ( 'NONE', #7838, #2242, #4204, .T. ) ;
#2382 = FACE_BOUND ( 'NONE', #6344, .T. ) ;
#2383 = CARTESIAN_POINT ( 'NONE',  ( -12.83955297932631900, 70.48310668740398900, 30.50000000000000000 ) ) ;
#2384 = VECTOR ( 'NONE', #2554, 1000.000000000000000 ) ;
#2385 = CARTESIAN_POINT ( 'NONE',  ( -61.04602967032580100, 64.23011617120123200, 52.00000000000002100 ) ) ;
#2386 = EDGE_LOOP ( 'NONE', ( #1335, #1773, #426, #357 ) ) ;
#2387 = CARTESIAN_POINT ( 'NONE',  ( 2.660447020673858600, -30.72293962258785500, 45.50000000000000000 ) ) ;
#2388 = CARTESIAN_POINT ( 'NONE',  ( 41.44247239614252700, -14.90975989687055900, 7.000000000000000000 ) ) ;
#2389 = PLANE ( 'NONE',  #3225 ) ;
#2390 = ADVANCED_FACE ( 'NONE', ( #1993 ), #3034, .F. ) ;
#2391 = CIRCLE ( 'NONE', #9649, 2.000000000000000000 ) ;
#2392 = EDGE_CURVE ( 'NONE', #9126, #14, #430, .T. ) ;
#2393 = CARTESIAN_POINT ( 'NONE',  ( 5.558174793063900100, -30.23050457523962800, 13.70785373847572300 ) ) ;
#2394 = FACE_OUTER_BOUND ( 'NONE', #7137, .T. ) ;
#2395 = EDGE_LOOP ( 'NONE', ( #4699, #3004, #2342, #7386 ) ) ;
#2396 = CARTESIAN_POINT ( 'NONE',  ( -28.08144891062947600, -30.45805203243092800, 46.49123464712621300 ) ) ;
#2397 = LINE ( 'NONE', #6597, #9764 ) ;
#2398 = CARTESIAN_POINT ( 'NONE',  ( 44.11247239614250800, 33.35024010312945800, 8.650000000000000400 ) ) ;
#2399 = CARTESIAN_POINT ( 'NONE',  ( -40.23867663675888200, 68.25321152704712800, 46.70578863413464200 ) ) ;
#2400 = PLANE ( 'NONE',  #717 ) ;
#2401 = CARTESIAN_POINT ( 'NONE',  ( 45.91044702067366500, 64.69007228669752900, 32.95073593128706300 ) ) ;
#2402 =( BOUNDED_CURVE ( )  B_SPLINE_CURVE ( 3, ( #491, #3072, #6410, #1371 ),
 .UNSPECIFIED., .F., .F. ) 
 B_SPLINE_CURVE_WITH_KNOTS ( ( 4, 4 ),
 ( 1.509735184073665500, 1.570796326794896600 ),
 .UNSPECIFIED. ) 
 CURVE ( )  GEOMETRIC_REPRESENTATION_ITEM ( )  RATIONAL_B_SPLINE_CURVE ( ( 1.000000000000000000, 0.9996893188711549700, 0.9996893188711549700, 1.000000000000000000 ) ) 
 REPRESENTATION_ITEM ( '' )  );
#2403 = ORIENTED_EDGE ( 'NONE', *, *, #301, .F. ) ;
#2404 = DIRECTION ( 'NONE',  ( 1.000000000000000000, 0.0000000000000000000, 0.0000000000000000000 ) ) ;
#2405 = CIRCLE ( 'NONE', #6164, 1.000000000000000900 ) ;
#2406 = ORIENTED_EDGE ( 'NONE', *, *, #6514, .F. ) ;
#2407 = EDGE_CURVE ( 'NONE', #5359, #8573, #9349, .T. ) ;
#2408 = CARTESIAN_POINT ( 'NONE',  ( -9.321744406945518000, 68.22415226669728800, 46.80892437815209900 ) ) ;
#2409 = AXIS2_PLACEMENT_3D ( 'NONE', #3770, #1992, #5443 ) ;
#2410 = VECTOR ( 'NONE', #7596, 1000.000000000000000 ) ;
#2411 = DIRECTION ( 'NONE',  ( -1.000000000000000000, -5.551115123125592600E-015, 2.103962243252430900E-014 ) ) ;
#2412 = EDGE_CURVE ( 'NONE', #3886, #5625, #6017, .T. ) ;
#2413 = CIRCLE ( 'NONE', #4625, 52.92058191901592300 ) ;
#2414 = CARTESIAN_POINT ( 'NONE',  ( -43.07205834040403400, -30.29179345072055100, 47.08055067344096000 ) ) ;
#2415 = FACE_OUTER_BOUND ( 'NONE', #7638, .T. ) ;
#2416 = ORIENTED_EDGE ( 'NONE', *, *, #175, .T. ) ;
#2417 = CARTESIAN_POINT ( 'NONE',  ( 6.660447020673809800, 10.48310668740398600, 30.50000000000000000 ) ) ;
#2418 = CARTESIAN_POINT ( 'NONE',  ( 47.68592869010117100, 69.65790164384118600, 40.47973940532693100 ) ) ;
#2419 = LINE ( 'NONE', #463, #2689 ) ;
#2420 = CARTESIAN_POINT ( 'NONE',  ( -58.67609805246858200, -30.31678452251983600, 14.00650777892164100 ) ) ;
#2421 = FACE_OUTER_BOUND ( 'NONE', #7671, .T. ) ;
#2422 = CARTESIAN_POINT ( 'NONE',  ( 19.50717560237584900, 68.05535546595743300, 47.39494116741397500 ) ) ;
#2423 = DIRECTION ( 'NONE',  ( 0.0000000000000000000, 2.124151195073640800E-015, 1.000000000000000000 ) ) ;
#2424 = ORIENTED_EDGE ( 'NONE', *, *, #1158, .F. ) ;
#2425 = CIRCLE ( 'NONE', #4902, 60.00000000000000000 ) ;
#2426 = DIRECTION ( 'NONE',  ( 1.000000000000000000, 0.0000000000000000000, 0.0000000000000000000 ) ) ;
#2427 = CYLINDRICAL_SURFACE ( 'NONE', #575, 1.000000000000003800 ) ;
#2428 = EDGE_CURVE ( 'NONE', #6178, #3727, #7950, .T. ) ;
#2429 = CARTESIAN_POINT ( 'NONE',  ( -12.83955297932633300, 64.69007228669740100, 29.80073593128704700 ) ) ;
#2430 = CARTESIAN_POINT ( 'NONE',  ( -43.08944862568080900, -32.96333980715765900, 13.91725300995627600 ) ) ;
#2431 = CIRCLE ( 'NONE', #221, 2.500000000000002200 ) ;
#2432 = DIRECTION ( 'NONE',  ( -0.0000000000000000000, -0.0000000000000000000, -1.000000000000000000 ) ) ;
#2433 = B_SPLINE_CURVE_WITH_KNOTS ( 'NONE', 3,
 ( #424, #7167, #10375, #7852, #3776, #2897, #7066, #6313, #1342, #9538, #9501, #3046, #4586, #10333, #8816, #3851, #5415, #6239, #4663, #9571, #8705, #1262, #2115, #7890, #3816, #2936, #465, #6277, #7100, #7925, #2971, #8741, #4028, #9710 ),
 .UNSPECIFIED., .F., .F.,
 ( 4, 2, 2, 2, 2, 2, 2, 2, 2, 2, 2, 2, 2, 2, 2, 2, 4 ),
 ( 7.152448122690996000E-018, 0.0004000698325101558300, 0.0008001396650203045100, 0.001200209497530453100, 0.001600279330040601900, 0.002000349162550750400, 0.002400418995060898800, 0.002800488827571047600, 0.003200558660081196300, 0.003600628492591345100, 0.004000698325101493900, 0.004400768157611642700, 0.004800837990121790600, 0.005200907822631939400, 0.005600977655142088200, 0.006001047487652237000, 0.006401117320162385800 ),
 .UNSPECIFIED. ) ;
#2434 = ORIENTED_EDGE ( 'NONE', *, *, #126, .F. ) ;
#2435 = CARTESIAN_POINT ( 'NONE',  ( 19.13304954072058100, -32.91217771585281300, 13.76377908748838900 ) ) ;
#2436 = CARTESIAN_POINT ( 'NONE',  ( 44.33544702067369100, 62.69007228669784800, 40.51286796564304600 ) ) ;
#2437 = CARTESIAN_POINT ( 'NONE',  ( 48.41044702067365800, 63.89450874643644300, 39.51286796564303200 ) ) ;
#2438 = AXIS2_PLACEMENT_3D ( 'NONE', #8001, #4042, #576 ) ;
#2439 = CIRCLE ( 'NONE', #9094, 52.92058191901593000 ) ;
#2440 = EDGE_CURVE ( 'NONE', #9022, #10685, #2507, .T. ) ;
#2441 = DIRECTION ( 'NONE',  ( -1.609823385706476600E-015, 1.000000000000000000, 0.0000000000000000000 ) ) ;
#2442 = VERTEX_POINT ( 'NONE', #4077 ) ;
#2443 = ADVANCED_FACE ( 'NONE', ( #10146 ), #813, .F. ) ;
#2444 = CARTESIAN_POINT ( 'NONE',  ( 2.683545386047938200E-013, 64.69007228669750000, 29.82261583846714700 ) ) ;
#2445 = DIRECTION ( 'NONE',  ( -1.000000000000000000, -4.857238570644847900E-017, 0.0000000000000000000 ) ) ;
#2446 = EDGE_LOOP ( 'NONE', ( #9439, #2113, #782, #4632 ) ) ;
#2447 = CARTESIAN_POINT ( 'NONE',  ( -71.04602967032580800, 64.23011617120123200, 50.10000000000002300 ) ) ;
#2448 = LINE ( 'NONE', #4653, #2830 ) ;
#2449 = VERTEX_POINT ( 'NONE', #3197 ) ;
#2450 = CARTESIAN_POINT ( 'NONE',  ( 6.598507953081624000, 68.44384999936770000, 46.01029410947546700 ) ) ;
#2451 = AXIS2_PLACEMENT_3D ( 'NONE', #7672, #3625, #5487 ) ;
#2452 = ORIENTED_EDGE ( 'NONE', *, *, #10087, .T. ) ;
#2453 = CARTESIAN_POINT ( 'NONE',  ( 48.06666160905192000, 68.53556424089066500, 40.27256804774059200 ) ) ;
#2454 = AXIS2_PLACEMENT_3D ( 'NONE', #8531, #10206, #3597 ) ;
#2455 =( LENGTH_UNIT ( ) NAMED_UNIT ( * ) SI_UNIT ( .MILLI., .METRE. ) );
#2456 = AXIS2_PLACEMENT_3D ( 'NONE', #9369, #1904, #1022 ) ;
#2457 = ORIENTED_EDGE ( 'NONE', *, *, #9495, .T. ) ;
#2458 = CARTESIAN_POINT ( 'NONE',  ( 51.16044702067370100, 73.48310668740420200, 45.50000000000000000 ) ) ;
#2459 = DIRECTION ( 'NONE',  ( -0.0000000000000000000, 0.0000000000000000000, 1.000000000000000000 ) ) ;
#2460 = CYLINDRICAL_SURFACE ( 'NONE', #3223, 1.000000000000000900 ) ;
#2461 = DIRECTION ( 'NONE',  ( 1.609823385706476600E-015, -1.000000000000000000, -4.165779463821302700E-032 ) ) ;
#2462 = CARTESIAN_POINT ( 'NONE',  ( 18.16044702067379300, 10.48310668740398700, 30.50000000000000000 ) ) ;
#2463 = ORIENTED_EDGE ( 'NONE', *, *, #10651, .T. ) ;
#2464 = CARTESIAN_POINT ( 'NONE',  ( -37.33752760385750200, 33.35024010312945800, -1.040834085586084300E-014 ) ) ;
#2465 = VERTEX_POINT ( 'NONE', #10696 ) ;
#2466 = DIRECTION ( 'NONE',  ( 1.000000000000000000, 1.609823385706476600E-015, -0.0000000000000000000 ) ) ;
#2467 = ORIENTED_EDGE ( 'NONE', *, *, #10597, .F. ) ;
#2468 = DIRECTION ( 'NONE',  ( 1.000000000000000000, 0.0000000000000000000, 0.0000000000000000000 ) ) ;
#2469 = ORIENTED_EDGE ( 'NONE', *, *, #5694, .T. ) ;
#2470 = EDGE_CURVE ( 'NONE', #6670, #10249, #7175, .T. ) ;
#2471 = ORIENTED_EDGE ( 'NONE', *, *, #7416, .F. ) ;
#2472 = DIRECTION ( 'NONE',  ( -1.000000000000000000, 0.0000000000000000000, 0.0000000000000000000 ) ) ;
#2473 = DIRECTION ( 'NONE',  ( 1.000000000000000000, 1.594400883811535800E-015, -1.755596732159896400E-029 ) ) ;
#2474 = AXIS2_PLACEMENT_3D ( 'NONE', #3830, #9589, #9621 ) ;
#2475 = EDGE_LOOP ( 'NONE', ( #8137, #7613, #6400, #6679, #2627, #8413, #558, #6901, #2959 ) ) ;
#2476 = CARTESIAN_POINT ( 'NONE',  ( -9.502522745213646300, -32.99255080583947100, 14.00690927629785800 ) ) ;
#2477 = CARTESIAN_POINT ( 'NONE',  ( -43.83955297932632800, 68.54463232551054800, 45.62867814821818500 ) ) ;
#2478 = CARTESIAN_POINT ( 'NONE',  ( -9.318293733395234900, 70.90879992291215200, 46.80491334438637100 ) ) ;
#2479 = DIRECTION ( 'NONE',  ( -1.000000000000000000, -1.609823385706476600E-015, -2.312964634635743000E-016 ) ) ;
#2480 = ORIENTED_EDGE ( 'NONE', *, *, #38, .T. ) ;
#2481 = EDGE_LOOP ( 'NONE', ( #9941, #922, #9991, #391 ) ) ;
#2482 = ORIENTED_EDGE ( 'NONE', *, *, #5070, .T. ) ;
#2483 = ORIENTED_EDGE ( 'NONE', *, *, #4485, .T. ) ;
#2484 = CARTESIAN_POINT ( 'NONE',  ( -42.37221172870946600, 70.70116343258165200, 13.56761369079868700 ) ) ;
#2485 = ORIENTED_EDGE ( 'NONE', *, *, #1158, .T. ) ;
#2486 = DIRECTION ( 'NONE',  ( 1.609823385706476600E-015, -1.000000000000000000, -4.165779463821302700E-032 ) ) ;
#2487 = ORIENTED_EDGE ( 'NONE', *, *, #2074, .F. ) ;
#2488 = CARTESIAN_POINT ( 'NONE',  ( -12.83955297932631500, 67.57638091287843500, 14.39493237310840000 ) ) ;
#2489 = EDGE_CURVE ( 'NONE', #1688, #1582, #5114, .T. ) ;
#2490 = CARTESIAN_POINT ( 'NONE',  ( 53.14968294084361100, -25.99588748986369100, 45.73852277803730000 ) ) ;
#2491 = VERTEX_POINT ( 'NONE', #8169 ) ;
#2492 = EDGE_LOOP ( 'NONE', ( #9321, #6873, #10619, #1316 ) ) ;
#2493 = VERTEX_POINT ( 'NONE', #8963 ) ;
#2494 = ORIENTED_EDGE ( 'NONE', *, *, #4030, .T. ) ;
#2495 = CARTESIAN_POINT ( 'NONE',  ( -43.83955297932631400, 68.57785688051522800, 15.50000000000000000 ) ) ;
#2496 = FACE_OUTER_BOUND ( 'NONE', #4433, .T. ) ;
#2497 = CARTESIAN_POINT ( 'NONE',  ( 25.88247239614251800, -17.52275989687055700, 8.490435472824181300 ) ) ;
#2498 = ADVANCED_FACE ( 'NONE', ( #4466 ), #5510, .F. ) ;
#2499 = CARTESIAN_POINT ( 'NONE',  ( -56.04602967032580800, -27.37780733825312000, 5.954545454545452400 ) ) ;
#2500 = ORIENTED_EDGE ( 'NONE', *, *, #1774, .F. ) ;
#2501 = CARTESIAN_POINT ( 'NONE',  ( -39.83955297932613600, -33.45785864922132200, 15.50000000000000000 ) ) ;
#2502 = ORIENTED_EDGE ( 'NONE', *, *, #9427, .F. ) ;
#2503 = EDGE_LOOP ( 'NONE', ( #7575, #6418, #7912, #10104 ) ) ;
#2504 = VERTEX_POINT ( 'NONE', #1453 ) ;
#2505 = B_SPLINE_CURVE_WITH_KNOTS ( 'NONE', 3,
 ( #2705, #1800, #9304, #1840, #2637, #8406, #9238, #4311, #6810, #995, #2677, #8443, #7054, #1169, #7842, #7879, #7731, #6944, #2812, #6978, #5319, #3763, #9378, #10297, #10223, #409 ),
 .UNSPECIFIED., .F., .F.,
 ( 4, 2, 2, 2, 2, 2, 2, 2, 2, 2, 2, 2, 4 ),
 ( 0.006342387075903221800, 0.006740216801652368900, 0.007138046527401516900, 0.007933705978899807700, 0.008331535704648951300, 0.008729365430398096700, 0.009127195156147242100, 0.009525024881896385800, 0.01032068433339469700, 0.01071851405914385100, 0.01111634378489300600, 0.01191200323639133100, 0.01270766268788965600 ),
 .UNSPECIFIED. ) ;
#2506 = EDGE_CURVE ( 'NONE', #6866, #3149, #2574, .T. ) ;
#2507 = CIRCLE ( 'NONE', #9459, 28.12686385698107800 ) ;
#2508 = CARTESIAN_POINT ( 'NONE',  ( 45.26044702067366600, 64.69007228669748600, 28.76520202535430900 ) ) ;
#2509 = CARTESIAN_POINT ( 'NONE',  ( -10.57483104671416500, -32.82317235047381100, 13.49946613378535600 ) ) ;
#2510 = DIRECTION ( 'NONE',  ( -2.017667920601310200E-016, 9.684806018886288200E-015, 1.000000000000000000 ) ) ;
#2511 = ORIENTED_EDGE ( 'NONE', *, *, #24, .T. ) ;
#2512 = CARTESIAN_POINT ( 'NONE',  ( -12.07592060091658400, 70.81965261166008900, 47.07755070606841500 ) ) ;
#2513 = CARTESIAN_POINT ( 'NONE',  ( 49.16044702067382100, 10.48310668740399300, 30.50000000000000000 ) ) ;
#2514 = CARTESIAN_POINT ( 'NONE',  ( -12.64266239136993200, 68.34502242109525100, 46.37495291163286000 ) ) ;
#2515 = FACE_BOUND ( 'NONE', #1216, .T. ) ;
#2516 = AXIS2_PLACEMENT_3D ( 'NONE', #3191, #4073, #745 ) ;
#2517 = DIRECTION ( 'NONE',  ( -1.609823385706476600E-015, 1.000000000000000000, 0.0000000000000000000 ) ) ;
#2518 = ORIENTED_EDGE ( 'NONE', *, *, #10168, .T. ) ;
#2519 = CARTESIAN_POINT ( 'NONE',  ( -18.48955297932624800, 10.48310668740398200, 30.50000000000000000 ) ) ;
#2520 = AXIS2_PLACEMENT_3D ( 'NONE', #8290, #51, #82 ) ;
#2521 = VECTOR ( 'NONE', #6437, 1000.000000000000100 ) ;
#2522 = ORIENTED_EDGE ( 'NONE', *, *, #6886, .F. ) ;
#2523 = EDGE_CURVE ( 'NONE', #5558, #4985, #5238, .T. ) ;
#2524 = DIRECTION ( 'NONE',  ( 0.0000000000000000000, -0.0000000000000000000, 1.000000000000000000 ) ) ;
#2525 = LINE ( 'NONE', #2994, #1483 ) ;
#2526 = CARTESIAN_POINT ( 'NONE',  ( -59.33955297932615700, -30.72293962258786200, 45.50000000000000000 ) ) ;
#2527 = CARTESIAN_POINT ( 'NONE',  ( 18.25889165374674400, 71.12157521195025800, 14.86715418018974900 ) ) ;
#2528 = CYLINDRICAL_SURFACE ( 'NONE', #3521, 1.899999999999999700 ) ;
#2529 = DIRECTION ( 'NONE',  ( 1.000000000000000000, 0.0000000000000000000, 0.0000000000000000000 ) ) ;
#2530 = VERTEX_POINT ( 'NONE', #2499 ) ;
#2531 = CARTESIAN_POINT ( 'NONE',  ( 5.194000122515416400, -32.84630911213133000, 47.43220025939528000 ) ) ;
#2532 = EDGE_CURVE ( 'NONE', #5897, #9954, #4865, .T. ) ;
#2533 = CARTESIAN_POINT ( 'NONE',  ( -71.04602967032580800, 70.48310668740397500, 30.50000000000000000 ) ) ;
#2534 = AXIS2_PLACEMENT_3D ( 'NONE', #6530, #5699, #713 ) ;
#2535 = CIRCLE ( 'NONE', #696, 60.00000000000000000 ) ;
#2536 = AXIS2_PLACEMENT_3D ( 'NONE', #9117, #6687, #5888 ) ;
#2537 = CARTESIAN_POINT ( 'NONE',  ( 52.66044702067370800, 68.22012886844507300, 46.82287565553230000 ) ) ;
#2538 = CARTESIAN_POINT ( 'NONE',  ( -55.35205226153578200, -33.38128434154887000, 45.75724934956181800 ) ) ;
#2539 = DIRECTION ( 'NONE',  ( 1.609823385706476600E-015, -1.000000000000000000, -4.165779463821302700E-032 ) ) ;
#2540 = EDGE_LOOP ( 'NONE', ( #6642, #2839 ) ) ;
#2541 = CARTESIAN_POINT ( 'NONE',  ( 18.25889165374691800, -33.26665795402286800, 14.86715418018974300 ) ) ;
#2542 = CARTESIAN_POINT ( 'NONE',  ( -15.63244619813979800, 70.46577844079544700, 29.05809524416773500 ) ) ;
#2543 = LINE ( 'NONE', #803, #3331 ) ;
#2544 = CARTESIAN_POINT ( 'NONE',  ( -5.442791324826093700, 65.43763521084510200, 58.55017742233655300 ) ) ;
#2545 = CARTESIAN_POINT ( 'NONE',  ( -42.36641119629140200, 68.04387154061039700, 47.43396315314849000 ) ) ;
#2546 = CARTESIAN_POINT ( 'NONE',  ( -55.33955297932621400, 20.56252476838795200, 30.50000000000000400 ) ) ;
#2547 = LINE ( 'NONE', #5966, #6323 ) ;
#2548 = DIRECTION ( 'NONE',  ( 0.0000000000000000000, 0.0000000000000000000, 1.000000000000000000 ) ) ;
#2549 = CIRCLE ( 'NONE', #8602, 52.92058191901602300 ) ;
#2550 = EDGE_CURVE ( 'NONE', #8683, #7410, #10401, .T. ) ;
#2551 = VECTOR ( 'NONE', #727, 1000.000000000000000 ) ;
#2552 = DIRECTION ( 'NONE',  ( 4.857238570644836200E-017, -1.000000000000000000, 0.0000000000000000000 ) ) ;
#2553 = ADVANCED_FACE ( 'NONE', ( #2765 ), #6639, .T. ) ;
#2554 = DIRECTION ( 'NONE',  ( 1.609823385706476600E-015, -1.000000000000000000, -4.165779463821302700E-032 ) ) ;
#2555 = EDGE_CURVE ( 'NONE', #5605, #8433, #5760, .T. ) ;
#2556 = LINE ( 'NONE', #3329, #3462 ) ;
#2557 = CARTESIAN_POINT ( 'NONE',  ( 21.49379143615409400, 68.17087352066853600, 14.00361017943398800 ) ) ;
#2558 = DIRECTION ( 'NONE',  ( 1.609823385706476600E-015, -1.000000000000000000, -4.165779463821302700E-032 ) ) ;
#2559 = CIRCLE ( 'NONE', #208, 52.92058191901602300 ) ;
#2560 = VERTEX_POINT ( 'NONE', #856 ) ;
#2561 = CARTESIAN_POINT ( 'NONE',  ( 5.995320465456280200, 68.17126039880119500, 46.99503805186612500 ) ) ;
#2562 = DIRECTION ( 'NONE',  ( 0.7071067811865487900, 8.533962070119749800E-015, 0.7071067811865463500 ) ) ;
#2563 = DIRECTION ( 'NONE',  ( 0.0000000000000000000, -1.000000000000000000, 0.0000000000000000000 ) ) ;
#2564 = CARTESIAN_POINT ( 'NONE',  ( -56.32623426874621200, -30.24881592973078900, 13.77070553294020300 ) ) ;
#2565 = FACE_OUTER_BOUND ( 'NONE', #9843, .T. ) ;
#2566 = CARTESIAN_POINT ( 'NONE',  ( 18.82727498474290700, 68.17079363580715800, 46.99667611563687300 ) ) ;
#2567 = CARTESIAN_POINT ( 'NONE',  ( 2.660447020673863100, -33.45785864922133600, 45.50000000000000000 ) ) ;
#2568 = ORIENTED_EDGE ( 'NONE', *, *, #3839, .F. ) ;
#2569 = EDGE_CURVE ( 'NONE', #8803, #1988, #4084, .T. ) ;
#2570 = CARTESIAN_POINT ( 'NONE',  ( 51.54113005042222500, 68.03440896065237100, 47.46609145886933600 ) ) ;
#2571 = CARTESIAN_POINT ( 'NONE',  ( -56.10049042745301100, -32.96543143332153400, 47.07544141014533100 ) ) ;
#2572 = CARTESIAN_POINT ( 'NONE',  ( 6.660447020673877300, -30.72293962258783800, 15.50000000000000000 ) ) ;
#2573 = B_SPLINE_CURVE_WITH_KNOTS ( 'NONE', 3,
 ( #2495, #5798, #7375, #819, #10655, #2353, #6632, #1656, #5734, #8266, #6527, #10581, #8201, #746, #4870, #6562, #3263, #5665, #7308, #8129, #3193, #4035, #9789, #9026, #9865, #10690 ),
 .UNSPECIFIED., .F., .F.,
 ( 4, 2, 2, 2, 2, 2, 2, 2, 2, 2, 2, 2, 4 ),
 ( 0.006342387075903233000, 0.006740216801652393200, 0.007138046527401553300, 0.007933705978899878800, 0.008331535704649034600, 0.008729365430398192100, 0.009127195156147347900, 0.009525024881896503700, 0.01032068433339479600, 0.01071851405914394200, 0.01111634378489308500, 0.01191200323639137800, 0.01270766268788967000 ),
 .UNSPECIFIED. ) ;
#2574 = B_SPLINE_CURVE_WITH_KNOTS ( 'NONE', 3,
 ( #9716, #6455, #10620, #5630, #8070, #3121, #1485, #2317, #8101, #5078, #5011, #5871, #7563, #3368, #31, #7487, #128, #7417, #9206, #5803, #9899, #5044, #99, #788, #65, #5834, #6599, #3339, #9932, #4213, #9137, #7453 ),
 .UNSPECIFIED., .F., .F.,
 ( 4, 2, 2, 2, 2, 2, 2, 2, 2, 2, 2, 2, 2, 2, 2, 4 ),
 ( 0.0000000000000000000, 0.0003978912550167423000, 0.0007957825100334846100, 0.001193673765050226900, 0.001591565020066969200, 0.001989456275083711600, 0.002387347530100453700, 0.003183130040133951000, 0.003581021295150699200, 0.003978912550167448300, 0.004376803805184196500, 0.004774695060200945600, 0.005172586315217694700, 0.005570477570234442900, 0.005968368825251192000, 0.006366260080267940200 ),
 .UNSPECIFIED. ) ;
#2575 = ORIENTED_EDGE ( 'NONE', *, *, #3085, .F. ) ;
#2576 = DIRECTION ( 'NONE',  ( -1.000000000000000000, 0.0000000000000000000, 0.0000000000000000000 ) ) ;
#2577 = CARTESIAN_POINT ( 'NONE',  ( 45.16044702067369300, -27.27022232858981700, 11.05139489186361200 ) ) ;
#2578 = DIRECTION ( 'NONE',  ( 0.0000000000000000000, 0.0000000000000000000, -1.000000000000000000 ) ) ;
#2579 = AXIS2_PLACEMENT_3D ( 'NONE', #7976, #2956, #5504 ) ;
#2580 = VERTEX_POINT ( 'NONE', #2533 ) ;
#2581 = DIRECTION ( 'NONE',  ( -0.0000000000000000000, 0.0000000000000000000, 1.000000000000000000 ) ) ;
#2582 = EDGE_CURVE ( 'NONE', #811, #1709, #2643, .T. ) ;
#2583 = FACE_OUTER_BOUND ( 'NONE', #1080, .T. ) ;
#2584 = CARTESIAN_POINT ( 'NONE',  ( -12.82686712528592400, 68.51045767053923900, 45.75921544411353600 ) ) ;
#2585 = ORIENTED_EDGE ( 'NONE', *, *, #1175, .T. ) ;
#2586 = CARTESIAN_POINT ( 'NONE',  ( -39.89054736697588100, 71.15774511071498400, 14.98311939265720700 ) ) ;
#2587 = CARTESIAN_POINT ( 'NONE',  ( -12.83955297932631200, 68.57785688051524200, 15.50000000000000000 ) ) ;
#2588 = CARTESIAN_POINT ( 'NONE',  ( 50.43344474242489600, -28.98279011318179600, 51.09740393626290000 ) ) ;
#2589 = CARTESIAN_POINT ( 'NONE',  ( 36.99747725478617600, 70.84746806376688300, 14.00690927629785100 ) ) ;
#2590 = VERTEX_POINT ( 'NONE', #6675 ) ;
#2591 = DIRECTION ( 'NONE',  ( 0.0000000000000000000, 0.0000000000000000000, 1.000000000000000000 ) ) ;
#2592 = ORIENTED_EDGE ( 'NONE', *, *, #5318, .T. ) ;
#2593 = CIRCLE ( 'NONE', #3992, 59.99999999999999300 ) ;
#2594 = CARTESIAN_POINT ( 'NONE',  ( -13.11752760385748600, -19.52275989687055700, 10.26363978188264500 ) ) ;
#2595 = ORIENTED_EDGE ( 'NONE', *, *, #10191, .T. ) ;
#2596 = DIRECTION ( 'NONE',  ( 1.000000000000000000, 0.0000000000000000000, 0.0000000000000000000 ) ) ;
#2597 = EDGE_CURVE ( 'NONE', #3548, #1858, #8968, .T. ) ;
#2598 = DIRECTION ( 'NONE',  ( 0.0000000000000000000, 0.0000000000000000000, 1.000000000000000000 ) ) ;
#2599 = CARTESIAN_POINT ( 'NONE',  ( 50.16044702067368600, 64.07531163979639600, 57.36015214575591200 ) ) ;
#2600 =( BOUNDED_CURVE ( )  B_SPLINE_CURVE ( 3, ( #8585, #6113, #6843, #8550 ),
 .UNSPECIFIED., .F., .F. ) 
 B_SPLINE_CURVE_WITH_KNOTS ( ( 4, 4 ),
 ( 0.6108652381969365000, 1.570796326794896600 ),
 .UNSPECIFIED. ) 
 CURVE ( )  GEOMETRIC_REPRESENTATION_ITEM ( )  RATIONAL_B_SPLINE_CURVE ( ( 1.000000000000000000, 0.9246738887853150900, 0.9246738887853150900, 1.000000000000000000 ) ) 
 REPRESENTATION_ITEM ( '' )  );
#2601 = VERTEX_POINT ( 'NONE', #8308 ) ;
#2602 = DIRECTION ( 'NONE',  ( 0.0000000000000000000, 0.0000000000000000000, -1.000000000000000000 ) ) ;
#2603 = CARTESIAN_POINT ( 'NONE',  ( 5.899509572546992200, -32.96543143332154800, 47.07544141014531600 ) ) ;
#2604 = ORIENTED_EDGE ( 'NONE', *, *, #9285, .F. ) ;
#2605 = ADVANCED_FACE ( 'NONE', ( #9092 ), #8712, .T. ) ;
#2606 = VERTEX_POINT ( 'NONE', #9066 ) ;
#2607 = ORIENTED_EDGE ( 'NONE', *, *, #8332, .T. ) ;
#2608 = CARTESIAN_POINT ( 'NONE',  ( -57.99579670812725900, -32.85923333622147200, 47.39394569755321400 ) ) ;
#2609 = CARTESIAN_POINT ( 'NONE',  ( 6.414061455451813400, -30.45728095927587700, 14.50446528216650700 ) ) ;
#2610 = ORIENTED_EDGE ( 'NONE', *, *, #2287, .F. ) ;
#2611 = EDGE_CURVE ( 'NONE', #10373, #8108, #2903, .T. ) ;
#2612 = CARTESIAN_POINT ( 'NONE',  ( -71.04602967032583600, -24.87519891327388100, 60.00000000000000700 ) ) ;
#2613 = CARTESIAN_POINT ( 'NONE',  ( -24.33955297932631000, 71.31277590714869100, 45.50000000000000000 ) ) ;
#2614 = AXIS2_PLACEMENT_3D ( 'NONE', #6743, #4146, #9106 ) ;
#2615 = PRESENTATION_LAYER_ASSIGNMENT (  '', '', ( #7813 ) ) ;
#2616 = VERTEX_POINT ( 'NONE', #8452 ) ;
#2617 = CARTESIAN_POINT ( 'NONE',  ( -9.938165637904321100, -32.89401196796838200, 13.70965140868847100 ) ) ;
#2618 = ORIENTED_EDGE ( 'NONE', *, *, #2381, .F. ) ;
#2619 = DIRECTION ( 'NONE',  ( -1.000000000000000000, -1.594400883811536500E-015, -1.095139742030927300E-016 ) ) ;
#2620 = ORIENTED_EDGE ( 'NONE', *, *, #1050, .T. ) ;
#2621 = CARTESIAN_POINT ( 'NONE',  ( -10.30599987748474600, 70.70122637005869100, 47.43220025939530200 ) ) ;
#2622 = EDGE_CURVE ( 'NONE', #275, #8813, #4612, .T. ) ;
#2623 = CARTESIAN_POINT ( 'NONE',  ( 50.16044702067368600, -25.78102443107318800, 56.86384176188963100 ) ) ;
#2624 = VECTOR ( 'NONE', #2472, 1000.000000000000000 ) ;
#2625 = CARTESIAN_POINT ( 'NONE',  ( -12.83955297932631900, 68.57785688051521300, 45.50000000000000000 ) ) ;
#2626 = DIRECTION ( 'NONE',  ( -0.0000000000000000000, 0.0000000000000000000, 1.000000000000000000 ) ) ;
#2627 = ORIENTED_EDGE ( 'NONE', *, *, #5783, .T. ) ;
#2628 = CARTESIAN_POINT ( 'NONE',  ( -59.33955297932632100, 68.54463644340603400, 15.37133780032230100 ) ) ;
#2629 = VERTEX_POINT ( 'NONE', #5945 ) ;
#2630 = VERTEX_POINT ( 'NONE', #4393 ) ;
#2631 = CARTESIAN_POINT ( 'NONE',  ( 18.92540225531072600, 68.14726248366469000, 13.92136558584263600 ) ) ;
#2632 = CARTESIAN_POINT ( 'NONE',  ( -39.83752760385750200, 33.35024010312945800, 7.000000000000000000 ) ) ;
#2633 = FACE_OUTER_BOUND ( 'NONE', #7556, .T. ) ;
#2634 = CARTESIAN_POINT ( 'NONE',  ( 51.27553026166015800, 67.61269135494475800, 48.83830378516966400 ) ) ;
#2635 = EDGE_CURVE ( 'NONE', #9821, #2449, #9144, .T. ) ;
#2636 = CARTESIAN_POINT ( 'NONE',  ( 45.16044702067362200, 65.23272459618053200, 5.954545454545448800 ) ) ;
#2637 = CARTESIAN_POINT ( 'NONE',  ( -43.74027679334694300, -30.55528424148093700, 14.86456217552655400 ) ) ;
#2638 = VERTEX_POINT ( 'NONE', #9350 ) ;
#2639 = ORIENTED_EDGE ( 'NONE', *, *, #1660, .F. ) ;
#2640 = ORIENTED_EDGE ( 'NONE', *, *, #9967, .T. ) ;
#2641 = CARTESIAN_POINT ( 'NONE',  ( 4.131148598648374000, -32.84591943300461700, 47.43335354415472700 ) ) ;
#2642 = CARTESIAN_POINT ( 'NONE',  ( -59.33955297932633500, 73.48310668740397500, 30.50000000000000400 ) ) ;
#2643 = LINE ( 'NONE', #892, #8193 ) ;
#2644 = CARTESIAN_POINT ( 'NONE',  ( -12.64266239136977200, -30.49010516316784000, 46.37495291163286000 ) ) ;
#2645 = CARTESIAN_POINT ( 'NONE',  ( 45.55334023948711300, 64.83310363623066100, 29.05809524416776000 ) ) ;
#2646 = CARTESIAN_POINT ( 'NONE',  ( 6.268206355677184800, -30.39513334381997500, 14.28218670468147300 ) ) ;
#2647 = CYLINDRICAL_SURFACE ( 'NONE', #7399, 52.92058191901593000 ) ;
#2648 = VERTEX_POINT ( 'NONE', #2784 ) ;
#2649 = AXIS2_PLACEMENT_3D ( 'NONE', #2401, #10561, #2224 ) ;
#2650 = B_SPLINE_CURVE_WITH_KNOTS ( 'NONE', 3,
 ( #9055, #5000, #5036, #4899, #8195, #4960, #10717, #4137, #5791, #742 ),
 .UNSPECIFIED., .F., .F.,
 ( 4, 2, 2, 2, 4 ),
 ( 0.0000000000000000000, 0.0004052880680775213400, 0.0008105761361550426700, 0.001215864204232564100, 0.001621152272310085300 ),
 .UNSPECIFIED. ) ;
#2651 = DIRECTION ( 'NONE',  ( -1.000000000000000000, 0.0000000000000000000, 0.0000000000000000000 ) ) ;
#2652 = B_SPLINE_CURVE_WITH_KNOTS ( 'NONE', 3,
 ( #9325, #6892, #8462, #3564, #5199, #5267, #6925, #4402, #2794, #216, #3486, #3526, #10174, #4334, #8568, #9289, #5301, #1084, #6030, #1048, #1929, #7713, #10243, #2757, #282, #6094, #5993, #3632, #7749, #1859, #3599, #8532, #10101, #1014 ),
 .UNSPECIFIED., .F., .F.,
 ( 4, 2, 2, 2, 2, 2, 2, 2, 2, 2, 2, 2, 2, 2, 2, 2, 4 ),
 ( 0.0000000000000000000, 0.0004000698325101475900, 0.0008001396650202951800, 0.001200209497530442900, 0.001600279330040590400, 0.002000349162550737900, 0.002400418995060885800, 0.002800488827571033300, 0.003200558660081180700, 0.003600628492591328200, 0.004000698325101475700, 0.004400768157611623600, 0.004800837990121771500, 0.005200907822631918600, 0.005600977655142066500, 0.006001047487652213600, 0.006401117320162361500 ),
 .UNSPECIFIED. ) ;
#2653 = EDGE_CURVE ( 'NONE', #1858, #3548, #6538, .T. ) ;
#2654 = CARTESIAN_POINT ( 'NONE',  ( -15.33955297932634700, 70.44460891519810300, 28.35098846298116700 ) ) ;
#2655 = CYLINDRICAL_SURFACE ( 'NONE', #10006, 2.000000000000007100 ) ;
#2656 = DIRECTION ( 'NONE',  ( -0.0000000000000000000, 0.0000000000000000000, 1.000000000000000000 ) ) ;
#2657 = CARTESIAN_POINT ( 'NONE',  ( 18.16044702067386400, -33.41997979128042600, 45.62815743688998500 ) ) ;
#2658 = PLANE ( 'NONE',  #5939 ) ;
#2659 = CARTESIAN_POINT ( 'NONE',  ( 35.52923969674849000, -32.82330316228679100, 47.50014823481634400 ) ) ;
#2660 = FACE_OUTER_BOUND ( 'NONE', #5596, .T. ) ;
#2661 = VERTEX_POINT ( 'NONE', #1883 ) ;
#2662 = CARTESIAN_POINT ( 'NONE',  ( -56.04602967032580800, -17.05501194873043900, 3.000000000000000000 ) ) ;
#2663 = ADVANCED_FACE ( 'NONE', ( #10649 ), #2254, .F. ) ;
#2664 = CARTESIAN_POINT ( 'NONE',  ( -59.33955297932623600, 10.48310668740397500, 30.50000000000000000 ) ) ;
#2665 = CARTESIAN_POINT ( 'NONE',  ( 22.16044702067369700, 70.48310668740398900, 30.50000000000000000 ) ) ;
#2666 = CIRCLE ( 'NONE', #2311, 59.99999999999999300 ) ;
#2667 = AXIS2_PLACEMENT_3D ( 'NONE', #3893, #571, #5628 ) ;
#2668 = CARTESIAN_POINT ( 'NONE',  ( -43.64266239136979000, -30.49010516316784300, 46.37495291163286000 ) ) ;
#2669 = CARTESIAN_POINT ( 'NONE',  ( 33.90524396446250700, -30.45807326175549400, 14.50733126608359100 ) ) ;
#2670 = DIRECTION ( 'NONE',  ( 1.000000000000000000, 0.0000000000000000000, 0.0000000000000000000 ) ) ;
#2671 = AXIS2_PLACEMENT_3D ( 'NONE', #7365, #4864, #3290 ) ;
#2672 = ORIENTED_EDGE ( 'NONE', *, *, #10228, .F. ) ;
#2673 = CIRCLE ( 'NONE', #8352, 1.000000000000002700 ) ;
#2674 = EDGE_LOOP ( 'NONE', ( #8208, #5195, #9674, #8020, #369, #3715, #1668, #10670 ) ) ;
#2675 = DIRECTION ( 'NONE',  ( -0.0000000000000000000, -1.000000000000000000, -0.0000000000000000000 ) ) ;
#2676 = CIRCLE ( 'NONE', #735, 52.92058191901593000 ) ;
#2677 = CARTESIAN_POINT ( 'NONE',  ( -42.74112259762321700, -30.23109038332447400, 13.70986368167313600 ) ) ;
#2678 = LINE ( 'NONE', #10703, #10429 ) ;
#2679 = DIRECTION ( 'NONE',  ( 0.0000000000000000000, 0.0000000000000000000, 1.000000000000000000 ) ) ;
#2680 = CIRCLE ( 'NONE', #10281, 52.92058191901593000 ) ;
#2681 = ORIENTED_EDGE ( 'NONE', *, *, #10003, .F. ) ;
#2682 = EDGE_CURVE ( 'NONE', #6621, #2661, #8451, .T. ) ;
#2683 = EDGE_CURVE ( 'NONE', #9821, #9848, #6284, .T. ) ;
#2684 = DIRECTION ( 'NONE',  ( 1.609823385706476600E-015, -1.000000000000000000, -4.165779463821302700E-032 ) ) ;
#2685 = CARTESIAN_POINT ( 'NONE',  ( -53.42279006193195600, -11.33733507041127100, 3.000000000000000000 ) ) ;
#2686 = AXIS2_PLACEMENT_3D ( 'NONE', #9581, #5495, #474 ) ;
#2687 = AXIS2_PLACEMENT_3D ( 'NONE', #8011, #2237, #5543 ) ;
#2688 = CARTESIAN_POINT ( 'NONE',  ( 26.88247239614251400, 37.09024010312946700, 4.000000000000000000 ) ) ;
#2689 = VECTOR ( 'NONE', #1584, 1000.000000000000000 ) ;
#2690 = CARTESIAN_POINT ( 'NONE',  ( -28.33955297932614700, -33.45785864922131500, 15.50000000000000000 ) ) ;
#2691 = VECTOR ( 'NONE', #6984, 1000.000000000000000 ) ;
#2692 = LINE ( 'NONE', #9779, #8233 ) ;
#2693 = VECTOR ( 'NONE', #3973, 1000.000000000000000 ) ;
#2694 = CARTESIAN_POINT ( 'NONE',  ( 36.99379143615410500, 68.17087352066857900, 14.00361017943399000 ) ) ;
#2695 = CYLINDRICAL_SURFACE ( 'NONE', #2451, 1.399999999999998600 ) ;
#2696 = VERTEX_POINT ( 'NONE', #2819 ) ;
#2697 = DIRECTION ( 'NONE',  ( 0.0000000000000000000, -1.000000000000000000, 0.0000000000000000000 ) ) ;
#2698 = EDGE_CURVE ( 'NONE', #9004, #1613, #8697, .T. ) ;
#2699 = DIRECTION ( 'NONE',  ( 1.000000000000000000, 1.603063405027194900E-016, 0.0000000000000000000 ) ) ;
#2700 = CARTESIAN_POINT ( 'NONE',  ( 42.76044702067366600, 64.69007228669731500, 12.92499999999897000 ) ) ;
#2701 = FACE_OUTER_BOUND ( 'NONE', #707, .T. ) ;
#2702 = CARTESIAN_POINT ( 'NONE',  ( 50.16044702067370100, 66.16957294897808600, 52.84780512285209400 ) ) ;
#2703 = DIRECTION ( 'NONE',  ( 0.0000000000000000000, 0.0000000000000000000, 1.000000000000000000 ) ) ;
#2704 = ORIENTED_EDGE ( 'NONE', *, *, #4658, .T. ) ;
#2705 = CARTESIAN_POINT ( 'NONE',  ( -43.83955297932615700, -30.72293962258784500, 15.50000000000000000 ) ) ;
#2706 = CYLINDRICAL_SURFACE ( 'NONE', #5538, 2.000000000000008900 ) ;
#2707 = CARTESIAN_POINT ( 'NONE',  ( -61.04602967032580100, 27.37181057052337600, 30.50000000000000000 ) ) ;
#2708 = EDGE_CURVE ( 'NONE', #5503, #7146, #8068, .T. ) ;
#2709 = ORIENTED_EDGE ( 'NONE', *, *, #3068, .T. ) ;
#2710 = CARTESIAN_POINT ( 'NONE',  ( -9.096694725981311800, -30.45852246694483900, 46.48953342699893200 ) ) ;
#2711 = ORIENTED_EDGE ( 'NONE', *, *, #2635, .F. ) ;
#2712 = CARTESIAN_POINT ( 'NONE',  ( 21.96492971019370800, 71.04698018332518900, 46.37209799849230800 ) ) ;
#2713 = VERTEX_POINT ( 'NONE', #308 ) ;
#2714 = LINE ( 'NONE', #10020, #10096 ) ;
#2715 = CARTESIAN_POINT ( 'NONE',  ( 25.88060874372187600, -16.82275989687055400, 9.324662987640136800 ) ) ;
#2716 = EDGE_LOOP ( 'NONE', ( #1890, #4082, #2595, #4948 ) ) ;
#2717 = CARTESIAN_POINT ( 'NONE',  ( 37.60898890751092700, 68.44187919405469200, 14.98092632939600200 ) ) ;
#2718 = AXIS2_PLACEMENT_3D ( 'NONE', #5321, #9670, #3879 ) ;
#2719 = ADVANCED_FACE ( 'NONE', ( #7290 ), #420, .F. ) ;
#2720 = AXIS2_PLACEMENT_3D ( 'NONE', #7690, #1097, #5934 ) ;
#2721 = EDGE_LOOP ( 'NONE', ( #9318, #1498, #1345, #2243 ) ) ;
#2722 = EDGE_CURVE ( 'NONE', #3640, #1449, #672, .T. ) ;
#2723 = EDGE_LOOP ( 'NONE', ( #3775, #8159, #125, #7696 ) ) ;
#2724 = VERTEX_POINT ( 'NONE', #3814 ) ;
#2725 = ORIENTED_EDGE ( 'NONE', *, *, #7940, .F. ) ;
#2726 = CARTESIAN_POINT ( 'NONE',  ( -12.07459774468912000, -30.29234522573728900, 13.92136558584263800 ) ) ;
#2727 = CARTESIAN_POINT ( 'NONE',  ( 50.68293413487398900, -27.13208931982548600, 50.24655670455032900 ) ) ;
#2728 = DIRECTION ( 'NONE',  ( 1.000000000000000000, 0.0000000000000000000, 0.0000000000000000000 ) ) ;
#2729 = DIRECTION ( 'NONE',  ( -1.000000000000000000, -1.603063405027194900E-016, -0.0000000000000000000 ) ) ;
#2730 =( BOUNDED_CURVE ( )  B_SPLINE_CURVE ( 3, ( #5446, #8628, #1994, #9458 ),
 .UNSPECIFIED., .F., .F. ) 
 B_SPLINE_CURVE_WITH_KNOTS ( ( 4, 4 ),
 ( 0.7853981633974516100, 1.570796326794893000 ),
 .UNSPECIFIED. ) 
 CURVE ( )  GEOMETRIC_REPRESENTATION_ITEM ( )  RATIONAL_B_SPLINE_CURVE ( ( 1.000000000000000000, 0.9492530216741920100, 0.9492530216741920100, 1.000000000000000000 ) ) 
 REPRESENTATION_ITEM ( '' )  );
#2731 = EDGE_LOOP ( 'NONE', ( #5331, #3809, #10726, #3928 ) ) ;
#2732 = CARTESIAN_POINT ( 'NONE',  ( 47.41044702067365800, 64.48566435059106500, 30.91520202535431500 ) ) ;
#2733 = ORIENTED_EDGE ( 'NONE', *, *, #5037, .T. ) ;
#2734 = DIRECTION ( 'NONE',  ( 1.000000000000000000, 0.0000000000000000000, 0.0000000000000000000 ) ) ;
#2735 = EDGE_CURVE ( 'NONE', #7584, #1677, #5880, .T. ) ;
#2736 = EDGE_CURVE ( 'NONE', #10685, #3791, #6528, .T. ) ;
#2737 = ORIENTED_EDGE ( 'NONE', *, *, #4095, .T. ) ;
#2738 = VERTEX_POINT ( 'NONE', #7061 ) ;
#2739 = AXIS2_PLACEMENT_3D ( 'NONE', #7224, #3103, #7158 ) ;
#2740 = CARTESIAN_POINT ( 'NONE',  ( -14.52975500468218200, 64.69007228669742900, 31.91520202535380000 ) ) ;
#2741 = CARTESIAN_POINT ( 'NONE',  ( -13.11752760385748600, -18.52275989687055700, 9.263639781882645300 ) ) ;
#2742 = ORIENTED_EDGE ( 'NONE', *, *, #6449, .F. ) ;
#2743 = CARTESIAN_POINT ( 'NONE',  ( -12.17272501525695800, -30.31587637787975700, 46.99667611563688000 ) ) ;
#2744 = DIRECTION ( 'NONE',  ( 0.0000000000000000000, -1.000000000000000000, 0.0000000000000000000 ) ) ;
#2745 = ORIENTED_EDGE ( 'NONE', *, *, #5555, .T. ) ;
#2746 = ORIENTED_EDGE ( 'NONE', *, *, #1558, .F. ) ;
#2747 = ORIENTED_EDGE ( 'NONE', *, *, #8802, .F. ) ;
#2748 = CARTESIAN_POINT ( 'NONE',  ( 19.14114007975612700, 70.77051896432975300, 47.22577069338046800 ) ) ;
#2749 = EDGE_CURVE ( 'NONE', #4694, #6135, #7551, .T. ) ;
#2750 = DIRECTION ( 'NONE',  ( -1.000000000000000000, -0.0000000000000000000, 0.0000000000000000000 ) ) ;
#2751 = VECTOR ( 'NONE', #3748, 1000.000000000000000 ) ;
#2752 = EDGE_CURVE ( 'NONE', #7334, #6640, #7808, .T. ) ;
#2753 = CARTESIAN_POINT ( 'NONE',  ( 49.16044702067387100, -30.72293962258784800, 45.50000000000000000 ) ) ;
#2754 = DIRECTION ( 'NONE',  ( 1.638987529116215900E-015, -1.000000000000000000, 0.0000000000000000000 ) ) ;
#2755 = DIRECTION ( 'NONE',  ( 1.609823385706476600E-015, -1.000000000000000000, -4.165779463821302700E-032 ) ) ;
#2756 = ORIENTED_EDGE ( 'NONE', *, *, #2818, .T. ) ;
#2757 = CARTESIAN_POINT ( 'NONE',  ( -58.57592060091656800, 70.81965261166008900, 47.07755070606841500 ) ) ;
#2758 = EDGE_CURVE ( 'NONE', #5849, #7838, #9336, .T. ) ;
#2759 = DIRECTION ( 'NONE',  ( 0.0000000000000000000, 0.0000000000000000000, 1.000000000000000000 ) ) ;
#2760 = ORIENTED_EDGE ( 'NONE', *, *, #8719, .F. ) ;
#2761 = EDGE_LOOP ( 'NONE', ( #10463, #9481, #9435, #3925 ) ) ;
#2762 = ORIENTED_EDGE ( 'NONE', *, *, #1874, .T. ) ;
#2763 = DIRECTION ( 'NONE',  ( -1.000000000000000000, -3.569163070562645700E-016, 0.0000000000000000000 ) ) ;
#2764 = CARTESIAN_POINT ( 'NONE',  ( 22.16044702067369300, 73.48310668740416000, 45.50000000000000000 ) ) ;
#2765 = FACE_OUTER_BOUND ( 'NONE', #4308, .T. ) ;
#2766 = CARTESIAN_POINT ( 'NONE',  ( 47.41044702067359400, 69.42859507026720700, 41.69952674472168800 ) ) ;
#2767 = CARTESIAN_POINT ( 'NONE',  ( 33.66044702067387100, -30.68971918547862300, 15.37133780032230300 ) ) ;
#2768 = CARTESIAN_POINT ( 'NONE',  ( 50.65373294069709000, 65.16166637543432200, 50.33316124404588300 ) ) ;
#2769 = LINE ( 'NONE', #8424, #6668 ) ;
#2770 = DIRECTION ( 'NONE',  ( -1.000000000000000000, -0.0000000000000000000, 0.0000000000000000000 ) ) ;
#2771 = EDGE_LOOP ( 'NONE', ( #1011, #1378, #371, #3705, #2874 ) ) ;
#2772 = CARTESIAN_POINT ( 'NONE',  ( 60.16044702067369300, -25.72039438186904500, 57.36015214575591900 ) ) ;
#2773 = CARTESIAN_POINT ( 'NONE',  ( 37.66044702067370100, 73.48310668740398900, 30.50000000000000400 ) ) ;
#2774 = DIRECTION ( 'NONE',  ( 1.619075244245020000E-015, -1.000000000000000000, 0.0000000000000000000 ) ) ;
#2775 = EDGE_CURVE ( 'NONE', #1153, #6101, #2870, .T. ) ;
#2776 = CIRCLE ( 'NONE', #3653, 1.999999999999998200 ) ;
#2777 = CARTESIAN_POINT ( 'NONE',  ( 25.88247239614251400, 36.09024010312946700, 4.000000000000000000 ) ) ;
#2778 = CARTESIAN_POINT ( 'NONE',  ( -132.8082378770764600, 63.57531163979637500, 57.36015214575593300 ) ) ;
#2779 = FACE_BOUND ( 'NONE', #5204, .T. ) ;
#2780 = CARTESIAN_POINT ( 'NONE',  ( -19.48955297932634400, 70.43447697346771000, 32.91520202535429700 ) ) ;
#2781 = ORIENTED_EDGE ( 'NONE', *, *, #10664, .F. ) ;
#2782 = CARTESIAN_POINT ( 'NONE',  ( -17.48955297932633700, 64.48566435059095200, 30.91520202535433300 ) ) ;
#2783 = DIRECTION ( 'NONE',  ( -1.000000000000000000, 0.0000000000000000000, 0.0000000000000000000 ) ) ;
#2784 = CARTESIAN_POINT ( 'NONE',  ( 47.41044702067365800, 68.44617026388614500, 40.51286796564298200 ) ) ;
#2785 = DIRECTION ( 'NONE',  ( -1.609823385706476600E-015, 1.000000000000000000, 0.0000000000000000000 ) ) ;
#2786 = FACE_OUTER_BOUND ( 'NONE', #10127, .T. ) ;
#2787 = CARTESIAN_POINT ( 'NONE',  ( 24.88247239614251800, -19.52275989687055400, 9.263639781882645300 ) ) ;
#2788 = CARTESIAN_POINT ( 'NONE',  ( 21.39950957254683300, 70.82034869124892400, 47.07544141014531600 ) ) ;
#2789 = LINE ( 'NONE', #3918, #2929 ) ;
#2790 = ORIENTED_EDGE ( 'NONE', *, *, #2428, .T. ) ;
#2791 = EDGE_CURVE ( 'NONE', #4165, #8539, #1197, .T. ) ;
#2792 = DIRECTION ( 'NONE',  ( -1.000000000000000000, -1.609823385706476600E-015, -2.312964634635743000E-016 ) ) ;
#2793 = DIRECTION ( 'NONE',  ( 0.0000000000000000000, 0.0000000000000000000, 1.000000000000000000 ) ) ;
#2794 = CARTESIAN_POINT ( 'NONE',  ( -55.81829373339523700, 70.90879992291215200, 46.80491334438638500 ) ) ;
#2795 = FACE_OUTER_BOUND ( 'NONE', #8278, .T. ) ;
#2796 = CARTESIAN_POINT ( 'NONE',  ( -132.8082378770764600, 68.44617026388613100, 41.51286796564299000 ) ) ;
#2797 = CARTESIAN_POINT ( 'NONE',  ( 48.41044702067365800, 64.69007228669752900, 31.91520202535432600 ) ) ;
#2798 = ORIENTED_EDGE ( 'NONE', *, *, #527, .T. ) ;
#2799 = AXIS2_PLACEMENT_3D ( 'NONE', #10105, #5167, #182 ) ;
#2800 = EDGE_CURVE ( 'NONE', #7933, #3256, #5104, .T. ) ;
#2801 = LINE ( 'NONE', #1198, #8877 ) ;
#2802 = CARTESIAN_POINT ( 'NONE',  ( 50.16299231212732200, -27.89399595126748500, 53.15783231944562500 ) ) ;
#2803 = CARTESIAN_POINT ( 'NONE',  ( -27.57592060091642200, -32.96473535373275600, 47.07755070606839400 ) ) ;
#2804 = AXIS2_PLACEMENT_3D ( 'NONE', #9432, #288, #6929 ) ;
#2805 = CIRCLE ( 'NONE', #4257, 1.899999999999999700 ) ;
#2806 = CARTESIAN_POINT ( 'NONE',  ( -44.96479852183384200, 56.32270110567862500, -1.040834085586084300E-014 ) ) ;
#2807 = FACE_OUTER_BOUND ( 'NONE', #5860, .T. ) ;
#2808 = CARTESIAN_POINT ( 'NONE',  ( 2.660447020673806200, 10.48310668740398600, 30.50000000000000000 ) ) ;
#2809 = CARTESIAN_POINT ( 'NONE',  ( 37.66044702067387100, -30.68930735569035300, 45.63025720958918900 ) ) ;
#2810 = CIRCLE ( 'NONE', #5181, 52.92058191901593000 ) ;
#2811 = CARTESIAN_POINT ( 'NONE',  ( 49.40328833398418600, 71.01055091209988700, 14.51105109821026000 ) ) ;
#2812 = CARTESIAN_POINT ( 'NONE',  ( -40.82623426874624800, -30.24881592973079600, 13.77070553294021400 ) ) ;
#2813 = VECTOR ( 'NONE', #10610, 1000.000000000000000 ) ;
#2814 = DIRECTION ( 'NONE',  ( 1.000000000000000000, 1.603063405027194900E-016, 0.0000000000000000000 ) ) ;
#2815 = CIRCLE ( 'NONE', #7431, 52.92058191901593000 ) ;
#2816 = CARTESIAN_POINT ( 'NONE',  ( -55.58405183253877600, 71.00959411753547100, 14.50803016031318100 ) ) ;
#2817 = EDGE_LOOP ( 'NONE', ( #5218, #6072, #6709, #6110 ) ) ;
#2818 = EDGE_CURVE ( 'NONE', #2601, #4500, #3948, .T. ) ;
#2819 = CARTESIAN_POINT ( 'NONE',  ( 52.66044702067386400, -30.36521161051766900, 46.82287565553230000 ) ) ;
#2820 = CARTESIAN_POINT ( 'NONE',  ( 49.22237616398744800, 68.44379260466878600, 14.98948247064433100 ) ) ;
#2821 = PLANE ( 'NONE',  #3001 ) ;
#2822 = CARTESIAN_POINT ( 'NONE',  ( 21.68170626660476000, 70.90879992291219500, 46.80491334438637100 ) ) ;
#2823 = CYLINDRICAL_SURFACE ( 'NONE', #9879, 60.00000000000000000 ) ;
#2824 = CARTESIAN_POINT ( 'NONE',  ( 36.67760884116495400, -32.91517397298864000, 13.77294528950235100 ) ) ;
#2825 = DIRECTION ( 'NONE',  ( 1.000000000000000000, 0.0000000000000000000, 0.0000000000000000000 ) ) ;
#2826 = ORIENTED_EDGE ( 'NONE', *, *, #10707, .F. ) ;
#2827 = CARTESIAN_POINT ( 'NONE',  ( 2.660447020673690800, 73.48310668740411700, 45.50000000000000000 ) ) ;
#2828 = DIRECTION ( 'NONE',  ( 1.000000000000000000, 0.0000000000000000000, -0.0000000000000000000 ) ) ;
#2829 = CARTESIAN_POINT ( 'NONE',  ( -56.04602967032580800, 54.90992920665785700, 5.000000000000000000 ) ) ;
#2830 = VECTOR ( 'NONE', #2961, 1000.000000000000100 ) ;
#2831 = DIRECTION ( 'NONE',  ( 0.0000000000000000000, 0.0000000000000000000, 1.000000000000000000 ) ) ;
#2832 = CARTESIAN_POINT ( 'NONE',  ( 3.048046024763473700, -33.08435446160606100, 14.28859990521050200 ) ) ;
#2833 = VERTEX_POINT ( 'NONE', #7919 ) ;
#2834 = EDGE_CURVE ( 'NONE', #516, #5126, #2893, .T. ) ;
#2835 = CARTESIAN_POINT ( 'NONE',  ( -9.608642798077717400, -30.29143031251385700, 13.91818639255002500 ) ) ;
#2836 = CARTESIAN_POINT ( 'NONE',  ( 36.89135720192229000, -30.29143031251384600, 13.91818639255003200 ) ) ;
#2837 = CARTESIAN_POINT ( 'NONE',  ( 22.16044702067369300, 73.48310668740416000, 45.50000000000000000 ) ) ;
#2838 = DIRECTION ( 'NONE',  ( -1.000000000000000000, -1.609823385706476600E-015, 0.0000000000000000000 ) ) ;
#2839 = ORIENTED_EDGE ( 'NONE', *, *, #877, .T. ) ;
#2840 = CARTESIAN_POINT ( 'NONE',  ( -19.37719489361004200, 70.43900343341171300, 32.80284393963798100 ) ) ;
#2841 = DIRECTION ( 'NONE',  ( 0.7071067811865448000, 0.0000000000000000000, 0.7071067811865502400 ) ) ;
#2842 = LINE ( 'NONE', #1990, #3899 ) ;
#2843 = CARTESIAN_POINT ( 'NONE',  ( -59.33955297932634200, 73.48310668740401800, 15.50000000000000000 ) ) ;
#2844 = ORIENTED_EDGE ( 'NONE', *, *, #1458, .F. ) ;
#2845 = DIRECTION ( 'NONE',  ( 1.619075244245020000E-015, -1.000000000000000000, 0.0000000000000000000 ) ) ;
#2846 = CARTESIAN_POINT ( 'NONE',  ( 49.16044702067372200, 69.61830525729516200, 40.65028522257088600 ) ) ;
#2847 = CARTESIAN_POINT ( 'NONE',  ( -9.826234268746397000, 68.10373318765819300, 13.77070553294020500 ) ) ;
#2848 = ORIENTED_EDGE ( 'NONE', *, *, #9682, .T. ) ;
#2849 = EDGE_CURVE ( 'NONE', #10499, #8300, #3679, .T. ) ;
#2850 = ORIENTED_EDGE ( 'NONE', *, *, #2349, .F. ) ;
#2851 = CYLINDRICAL_SURFACE ( 'NONE', #8196, 5.000000000000004400 ) ;
#2852 = CARTESIAN_POINT ( 'NONE',  ( 52.49379143615409800, 68.17087352066856500, 14.00361017943399800 ) ) ;
#2853 = ORIENTED_EDGE ( 'NONE', *, *, #253, .F. ) ;
#2854 = CARTESIAN_POINT ( 'NONE',  ( 5.895244509736382800, 70.81924034325149400, 13.92119940995661200 ) ) ;
#2855 = CARTESIAN_POINT ( 'NONE',  ( 21.06438650299925900, 70.74938921092230300, 47.28897289183627400 ) ) ;
#2856 = ADVANCED_FACE ( 'NONE', ( #4330 ), #3772, .F. ) ;
#2857 = ORIENTED_EDGE ( 'NONE', *, *, #8034, .T. ) ;
#2858 = CARTESIAN_POINT ( 'NONE',  ( 37.41594816746139400, -33.15467685960809500, 14.50803016031318500 ) ) ;
#2859 = ORIENTED_EDGE ( 'NONE', *, *, #2653, .F. ) ;
#2860 = EDGE_LOOP ( 'NONE', ( #905, #3435, #1115, #7795 ) ) ;
#2861 = CARTESIAN_POINT ( 'NONE',  ( 50.46497767824675400, -24.75899339654081300, 50.98332139495461500 ) ) ;
#2862 = SURFACE_SIDE_STYLE ('',( #3295 ) ) ;
#2863 = EDGE_LOOP ( 'NONE', ( #10322, #4441, #9246, #8004, #8474, #9425 ) ) ;
#2864 = CARTESIAN_POINT ( 'NONE',  ( -28.33955297932633100, 73.48310668740407400, 15.50000000000000000 ) ) ;
#2865 = ORIENTED_EDGE ( 'NONE', *, *, #333, .T. ) ;
#2866 = AXIS2_PLACEMENT_3D ( 'NONE', #9867, #7344, #1657 ) ;
#2867 = CARTESIAN_POINT ( 'NONE',  ( 25.86928193496218500, -16.95248654649459800, 9.509931843722045000 ) ) ;
#2868 = AXIS2_PLACEMENT_3D ( 'NONE', #1691, #1799, #6735 ) ;
#2869 = DIRECTION ( 'NONE',  ( -1.609823385706476600E-015, 1.000000000000000000, 0.0000000000000000000 ) ) ;
#2870 =( BOUNDED_CURVE ( )  B_SPLINE_CURVE ( 3, ( #6951, #7775, #3699, #9565 ),
 .UNSPECIFIED., .F., .F. ) 
 B_SPLINE_CURVE_WITH_KNOTS ( ( 4, 4 ),
 ( 0.0000000000000000000, 1.570796326794896600 ),
 .UNSPECIFIED. ) 
 CURVE ( )  GEOMETRIC_REPRESENTATION_ITEM ( )  RATIONAL_B_SPLINE_CURVE ( ( 1.000000000000000000, 0.8047378541243649400, 0.8047378541243649400, 1.000000000000000000 ) ) 
 REPRESENTATION_ITEM ( '' )  );
#2871 = VERTEX_POINT ( 'NONE', #7848 ) ;
#2872 = CARTESIAN_POINT ( 'NONE',  ( 49.63919460971813900, -33.05384168362334700, 46.80504510122568700 ) ) ;
#2873 = CARTESIAN_POINT ( 'NONE',  ( 2.660447020673698800, 68.57785688051524200, 45.50000000000000000 ) ) ;
#2874 = ORIENTED_EDGE ( 'NONE', *, *, #1614, .T. ) ;
#2875 = ORIENTED_EDGE ( 'NONE', *, *, #1078, .T. ) ;
#2876 = ORIENTED_EDGE ( 'NONE', *, *, #8671, .F. ) ;
#2877 = CARTESIAN_POINT ( 'NONE',  ( 19.89130437102303600, -30.17354587827999900, 13.51374924449797600 ) ) ;
#2878 = CARTESIAN_POINT ( 'NONE',  ( 2.660447020673870600, -30.72293962258783800, 15.50000000000000000 ) ) ;
#2879 = FACE_BOUND ( 'NONE', #398, .T. ) ;
#2880 = CARTESIAN_POINT ( 'NONE',  ( -18.74815422019704400, 70.14267393735454400, 32.17380326622497200 ) ) ;
#2881 = CARTESIAN_POINT ( 'NONE',  ( -71.04602967032580800, 70.30479599894567900, 35.12228167828152400 ) ) ;
#2882 = VERTEX_POINT ( 'NONE', #8776 ) ;
#2883 = DIRECTION ( 'NONE',  ( -0.5973631453131088600, -1.052708441252566300E-014, -0.8019708676888641600 ) ) ;
#2884 = EDGE_CURVE ( 'NONE', #3267, #1899, #804, .T. ) ;
#2885 = VERTEX_POINT ( 'NONE', #7200 ) ;
#2886 = AXIS2_PLACEMENT_3D ( 'NONE', #7051, #1942, #2841 ) ;
#2887 = ADVANCED_FACE ( 'NONE', ( #9476 ), #5365, .T. ) ;
#2888 = AXIS2_PLACEMENT_3D ( 'NONE', #8690, #9410, #2774 ) ;
#2889 = VERTEX_POINT ( 'NONE', #9639 ) ;
#2890 = ORIENTED_EDGE ( 'NONE', *, *, #175, .F. ) ;
#2891 = DIRECTION ( 'NONE',  ( -1.000000000000000000, -0.0000000000000000000, -0.0000000000000000000 ) ) ;
#2892 = DIRECTION ( 'NONE',  ( 0.0000000000000000000, 0.0000000000000000000, -1.000000000000000000 ) ) ;
#2893 = LINE ( 'NONE', #10329, #5227 ) ;
#2894 = CARTESIAN_POINT ( 'NONE',  ( -56.04602967032580800, 61.80992920665785600, 5.000000000000000000 ) ) ;
#2895 = CARTESIAN_POINT ( 'NONE',  ( 53.16044702067385700, -26.22335454952341000, 45.50000000000000000 ) ) ;
#2896 = CARTESIAN_POINT ( 'NONE',  ( 6.415948167461222900, 71.00959411753549900, 14.50803016031318300 ) ) ;
#2897 = CARTESIAN_POINT ( 'NONE',  ( -9.035070289806121500, -33.19206292539779900, 46.37209799849231500 ) ) ;
#2898 = VERTEX_POINT ( 'NONE', #7129 ) ;
#2899 = ORIENTED_EDGE ( 'NONE', *, *, #916, .F. ) ;
#2900 = ORIENTED_EDGE ( 'NONE', *, *, #1519, .F. ) ;
#2901 = CARTESIAN_POINT ( 'NONE',  ( 35.12778827129072600, -32.84624617465428300, 13.56761369079868200 ) ) ;
#2902 = CARTESIAN_POINT ( 'NONE',  ( 6.178255593054642800, -30.36923500876987700, 46.80892437815207100 ) ) ;
#2903 = CIRCLE ( 'NONE', #9113, 1.000000000000000000 ) ;
#2904 = AXIS2_PLACEMENT_3D ( 'NONE', #5854, #2445, #770 ) ;
#2905 = CARTESIAN_POINT ( 'NONE',  ( 33.66044702067377900, 20.56252476838796600, 30.50000000000000400 ) ) ;
#2906 = VERTEX_POINT ( 'NONE', #2211 ) ;
#2907 = EDGE_CURVE ( 'NONE', #7014, #4571, #1587, .T. ) ;
#2908 = CARTESIAN_POINT ( 'NONE',  ( 18.16044702067369300, 70.48310668740398900, 30.50000000000000000 ) ) ;
#2909 = LINE ( 'NONE', #2436, #5896 ) ;
#2910 = ORIENTED_EDGE ( 'NONE', *, *, #7181, .T. ) ;
#2911 = CARTESIAN_POINT ( 'NONE',  ( 52.96492971019387900, -33.19206292539779900, 46.37209799849230800 ) ) ;
#2912 = CARTESIAN_POINT ( 'NONE',  ( 22.16044702067368600, 71.31277590714870500, 15.50000000000000000 ) ) ;
#2913 = CIRCLE ( 'NONE', #8415, 60.00000000000000000 ) ;
#2914 = CARTESIAN_POINT ( 'NONE',  ( -18.48955297932634100, 68.79063802799397800, 39.51286796564298200 ) ) ;
#2915 = CARTESIAN_POINT ( 'NONE',  ( -28.09475603553767100, 68.31299051968288400, 14.50733126608358800 ) ) ;
#2916 = DIRECTION ( 'NONE',  ( 1.000000000000000000, 1.387778780781446500E-015, 0.0000000000000000000 ) ) ;
#2917 = ADVANCED_FACE ( 'NONE', ( #5627 ), #3412, .T. ) ;
#2918 = DIRECTION ( 'NONE',  ( 0.0000000000000000000, 0.0000000000000000000, 1.000000000000000000 ) ) ;
#2919 = LINE ( 'NONE', #8847, #10661 ) ;
#2920 = ORIENTED_EDGE ( 'NONE', *, *, #5211, .T. ) ;
#2921 = DIRECTION ( 'NONE',  ( 0.0000000000000000000, 0.0000000000000000000, 1.000000000000000000 ) ) ;
#2922 = CARTESIAN_POINT ( 'NONE',  ( -18.35870001904613200, 68.62776960003557700, 40.01168872599549800 ) ) ;
#2923 = EDGE_CURVE ( 'NONE', #5732, #1979, #934, .T. ) ;
#2924 = DIRECTION ( 'NONE',  ( -1.000000000000000000, -1.057706003377990700E-016, 0.0000000000000000000 ) ) ;
#2925 = CYLINDRICAL_SURFACE ( 'NONE', #8952, 0.5000000000000004400 ) ;
#2926 = DIRECTION ( 'NONE',  ( 1.000000000000000000, 4.857238570644847900E-017, -4.570284219494838400E-033 ) ) ;
#2927 = CARTESIAN_POINT ( 'NONE',  ( 2.660447020673709400, 70.48310668740398900, 30.50000000000000000 ) ) ;
#2928 = VERTEX_POINT ( 'NONE', #3078 ) ;
#2929 = VECTOR ( 'NONE', #10507, 1000.000000000000000 ) ;
#2930 = EDGE_LOOP ( 'NONE', ( #3652, #10514 ) ) ;
#2931 = DIRECTION ( 'NONE',  ( -0.5973631453131088600, 0.0000000000000000000, -0.8019708676888641600 ) ) ;
#2932 = CARTESIAN_POINT ( 'NONE',  ( 51.69020532434736000, 68.04017663669738200, 13.55316419702327700 ) ) ;
#2933 = DIRECTION ( 'NONE',  ( -1.000000000000000000, 0.0000000000000000000, 0.0000000000000000000 ) ) ;
#2934 = DIRECTION ( 'NONE',  ( 1.000000000000000000, 0.0000000000000000000, 0.0000000000000000000 ) ) ;
#2935 = PRESENTATION_STYLE_ASSIGNMENT (( #1617 ) ) ;
#2936 = CARTESIAN_POINT ( 'NONE',  ( -12.36080539028188600, -33.05384168362334700, 46.80504510122569400 ) ) ;
#2937 = LINE ( 'NONE', #9261, #5537 ) ;
#2938 = CARTESIAN_POINT ( 'NONE',  ( 37.66044702067386400, -33.38120710560658500, 15.24066099409187200 ) ) ;
#2939 = FACE_BOUND ( 'NONE', #8567, .T. ) ;
#2940 = EDGE_CURVE ( 'NONE', #5168, #7526, #7939, .T. ) ;
#2941 = ORIENTED_EDGE ( 'NONE', *, *, #143, .F. ) ;
#2942 = CARTESIAN_POINT ( 'NONE',  ( 45.55334023948709200, 70.46577844079544700, 29.05809524416767100 ) ) ;
#2943 = DIRECTION ( 'NONE',  ( -1.000000000000000000, 0.0000000000000000000, 0.0000000000000000000 ) ) ;
#2944 = ADVANCED_FACE ( 'NONE', ( #3022 ), #10134, .T. ) ;
#2945 = CARTESIAN_POINT ( 'NONE',  ( 44.33544702067367600, 64.69007228669784100, 40.51286796564302500 ) ) ;
#2946 = CIRCLE ( 'NONE', #6784, 2.000000000000000000 ) ;
#2947 = CIRCLE ( 'NONE', #7988, 60.00000000000000000 ) ;
#2948 = CARTESIAN_POINT ( 'NONE',  ( 49.82350095074122000, -32.99248640920365700, 46.99329394968419400 ) ) ;
#2949 = CIRCLE ( 'NONE', #3576, 60.00000000000000000 ) ;
#2950 = CIRCLE ( 'NONE', #6704, 0.5000000000000004400 ) ;
#2951 = EDGE_CURVE ( 'NONE', #9924, #8170, #935, .T. ) ;
#2952 = PLANE ( 'NONE',  #8909 ) ;
#2953 = CARTESIAN_POINT ( 'NONE',  ( -25.10864279807787700, 68.14634757044125000, 13.91818639255002500 ) ) ;
#2954 = CARTESIAN_POINT ( 'NONE',  ( 18.92540225531088900, -30.29234522573728900, 13.92136558584264000 ) ) ;
#2955 = VECTOR ( 'NONE', #7529, 1000.000000000000000 ) ;
#2956 = DIRECTION ( 'NONE',  ( 7.985357962589112900E-015, -1.000000000000000000, 9.637229729873642500E-015 ) ) ;
#2957 = CARTESIAN_POINT ( 'NONE',  ( -17.07435095397204300, 70.48310668740398900, 30.50000000000000000 ) ) ;
#2958 = CARTESIAN_POINT ( 'NONE',  ( -17.48955297932632300, 69.42859507026720700, 41.69952674472168000 ) ) ;
#2959 = ORIENTED_EDGE ( 'NONE', *, *, #6102, .F. ) ;
#2960 = DIRECTION ( 'NONE',  ( -0.0000000000000000000, 0.0000000000000000000, 1.000000000000000000 ) ) ;
#2961 = DIRECTION ( 'NONE',  ( 1.855571882066939800E-016, -0.1838957114233399600, 0.9829457601109552500 ) ) ;
#2962 = CARTESIAN_POINT ( 'NONE',  ( 50.46453763571477700, 62.61264804183562700, 50.98495673010026500 ) ) ;
#2963 = FACE_OUTER_BOUND ( 'NONE', #7495, .T. ) ;
#2964 = CARTESIAN_POINT ( 'NONE',  ( -132.8082378770764600, 64.02146462258959000, 57.58586771000598500 ) ) ;
#2965 = EDGE_CURVE ( 'NONE', #4859, #6884, #2128, .T. ) ;
#2966 = CARTESIAN_POINT ( 'NONE',  ( 53.10898890751091300, 68.44187919405465000, 14.98092632939600400 ) ) ;
#2967 = ORIENTED_EDGE ( 'NONE', *, *, #4228, .T. ) ;
#2968 = CARTESIAN_POINT ( 'NONE',  ( 53.07679629178856100, 63.51010676794036400, 46.08454416073036000 ) ) ;
#2969 = AXIS2_PLACEMENT_3D ( 'NONE', #8659, #7163, #5403 ) ;
#2970 = DIRECTION ( 'NONE',  ( 1.000000000000000000, -0.0000000000000000000, -0.0000000000000000000 ) ) ;
#2971 = CARTESIAN_POINT ( 'NONE',  ( -12.77767215660225200, -33.30447551494692200, 46.01007006353241700 ) ) ;
#2972 = ADVANCED_FACE ( 'NONE', ( #2633 ), #10183, .F. ) ;
#2973 = EDGE_CURVE ( 'NONE', #1677, #1997, #5987, .T. ) ;
#2974 = LINE ( 'NONE', #8618, #1665 ) ;
#2975 = CARTESIAN_POINT ( 'NONE',  ( 4.529586646481353900, -30.16944285250753300, 47.50012219141358100 ) ) ;
#2976 = ORIENTED_EDGE ( 'NONE', *, *, #6572, .T. ) ;
#2977 = DIRECTION ( 'NONE',  ( -1.573428027951567200E-015, 1.000000000000000000, -9.178330163050808500E-016 ) ) ;
#2978 = EDGE_LOOP ( 'NONE', ( #3614, #1233, #5469, #4998 ) ) ;
#2979 = EDGE_LOOP ( 'NONE', ( #2844, #3378, #5622, #6894 ) ) ;
#2980 = DIRECTION ( 'NONE',  ( 0.0000000000000000000, 0.0000000000000000000, -1.000000000000000000 ) ) ;
#2981 = CIRCLE ( 'NONE', #7711, 52.92058191901601600 ) ;
#2982 = EDGE_CURVE ( 'NONE', #7372, #1179, #9213, .T. ) ;
#2983 = ORIENTED_EDGE ( 'NONE', *, *, #3978, .F. ) ;
#2984 = CARTESIAN_POINT ( 'NONE',  ( 49.16044702067372200, 69.61830525729516200, 40.65028522257087900 ) ) ;
#2985 = CARTESIAN_POINT ( 'NONE',  ( 35.92452208019216900, -30.16934309946357500, 13.49954016622349700 ) ) ;
#2986 = CARTESIAN_POINT ( 'NONE',  ( 20.42452208019216500, -30.16934309946356800, 13.49954016622349900 ) ) ;
#2987 = CARTESIAN_POINT ( 'NONE',  ( 18.41855108937055600, -30.45805203243090600, 46.49123464712618400 ) ) ;
#2988 = DIRECTION ( 'NONE',  ( 1.000000000000000000, 0.0000000000000000000, 0.0000000000000000000 ) ) ;
#2989 = EDGE_LOOP ( 'NONE', ( #2403, #10110, #3127, #668 ) ) ;
#2990 = CARTESIAN_POINT ( 'NONE',  ( -12.83955297932631900, 68.57785688051521300, 45.50000000000000000 ) ) ;
#2991 = CARTESIAN_POINT ( 'NONE',  ( -59.32686712528577300, -30.65554041261184200, 45.75921544411350800 ) ) ;
#2992 = VERTEX_POINT ( 'NONE', #6105 ) ;
#2993 = DIRECTION ( 'NONE',  ( 1.000000000000000000, 0.0000000000000000000, 0.0000000000000000000 ) ) ;
#2994 = CARTESIAN_POINT ( 'NONE',  ( 42.76044702067368100, 64.69007228669774200, 29.80073593128703600 ) ) ;
#2995 = ORIENTED_EDGE ( 'NONE', *, *, #8682, .T. ) ;
#2996 = CARTESIAN_POINT ( 'NONE',  ( 49.22184818755457800, -33.30500036743755700, 14.99163790877213200 ) ) ;
#2997 = ORIENTED_EDGE ( 'NONE', *, *, #3126, .F. ) ;
#2998 = ADVANCED_FACE ( 'NONE', ( #9998 ), #10385, .F. ) ;
#2999 = DIRECTION ( 'NONE',  ( 0.0000000000000000000, 0.0000000000000000000, 1.000000000000000000 ) ) ;
#3000 = CARTESIAN_POINT ( 'NONE',  ( 48.41044702067365800, 64.69007228669761400, 40.51286796564302500 ) ) ;
#3001 = AXIS2_PLACEMENT_3D ( 'NONE', #1921, #7702, #8560 ) ;
#3002 = DIRECTION ( 'NONE',  ( 1.609823385706476600E-015, -1.000000000000000000, -4.165779463821302700E-032 ) ) ;
#3003 = CARTESIAN_POINT ( 'NONE',  ( 40.04247239614252900, -14.90975989687055900, 8.650000000000000400 ) ) ;
#3004 = ORIENTED_EDGE ( 'NONE', *, *, #396, .T. ) ;
#3005 = EDGE_CURVE ( 'NONE', #4831, #2221, #1059, .T. ) ;
#3006 = CARTESIAN_POINT ( 'NONE',  ( 47.71717493185612800, 70.48310668740396100, 31.22192993653673200 ) ) ;
#3007 = ORIENTED_EDGE ( 'NONE', *, *, #6690, .T. ) ;
#3008 = CARTESIAN_POINT ( 'NONE',  ( 48.20739204528187800, 69.70622519004135100, 40.13806683981681500 ) ) ;
#3009 = CARTESIAN_POINT ( 'NONE',  ( -28.33955297932614700, -33.45785864922131500, 15.50000000000000000 ) ) ;
#3010 = ORIENTED_EDGE ( 'NONE', *, *, #5525, .T. ) ;
#3011 = ORIENTED_EDGE ( 'NONE', *, *, #4232, .F. ) ;
#3012 = CARTESIAN_POINT ( 'NONE',  ( -24.58593854454819200, -30.45728095927587400, 14.50446528216649800 ) ) ;
#3013 = ORIENTED_EDGE ( 'NONE', *, *, #5694, .F. ) ;
#3014 = CARTESIAN_POINT ( 'NONE',  ( 24.88247239614251400, 37.09024010312946700, 9.263639781882645300 ) ) ;
#3015 = EDGE_CURVE ( 'NONE', #2081, #3267, #6138, .T. ) ;
#3016 = AXIS2_PLACEMENT_3D ( 'NONE', #7961, #2153, #383 ) ;
#3017 = ORIENTED_EDGE ( 'NONE', *, *, #4501, .T. ) ;
#3018 = EDGE_LOOP ( 'NONE', ( #10621, #4196, #137, #4963 ) ) ;
#3019 = ORIENTED_EDGE ( 'NONE', *, *, #5532, .F. ) ;
#3020 = AXIS2_PLACEMENT_3D ( 'NONE', #7729, #7624, #158 ) ;
#3021 = DIRECTION ( 'NONE',  ( 1.000000000000000000, 0.0000000000000000000, 0.0000000000000000000 ) ) ;
#3022 = FACE_OUTER_BOUND ( 'NONE', #2377, .T. ) ;
#3023 = CARTESIAN_POINT ( 'NONE',  ( -27.67609805246874900, 68.17170178044722200, 14.00650777892165000 ) ) ;
#3024 = CARTESIAN_POINT ( 'NONE',  ( -43.74118367646914900, 71.12159635351373800, 46.13278356156683900 ) ) ;
#3025 = ORIENTED_EDGE ( 'NONE', *, *, #3949, .F. ) ;
#3026 = ADVANCED_FACE ( 'NONE', ( #9866 ), #419, .F. ) ;
#3027 = ORIENTED_EDGE ( 'NONE', *, *, #9944, .T. ) ;
#3028 = VERTEX_POINT ( 'NONE', #3682 ) ;
#3029 = DIRECTION ( 'NONE',  ( 1.000000000000000000, 1.609823385706476600E-015, -0.0000000000000000000 ) ) ;
#3030 = ORIENTED_EDGE ( 'NONE', *, *, #287, .F. ) ;
#3031 = CARTESIAN_POINT ( 'NONE',  ( -56.80433950871790900, -30.18579248210432600, 47.44502177122845400 ) ) ;
#3032 = CARTESIAN_POINT ( 'NONE',  ( -61.04602967032580100, -25.72039438186902100, 57.36015214575595400 ) ) ;
#3033 = PLANE ( 'NONE',  #1626 ) ;
#3034 = CYLINDRICAL_SURFACE ( 'NONE', #9878, 2.000000000000001800 ) ;
#3035 = EDGE_CURVE ( 'NONE', #7648, #1554, #8961, .T. ) ;
#3036 = CARTESIAN_POINT ( 'NONE',  ( 50.13304954072059900, -32.91217771585281300, 13.76377908748839300 ) ) ;
#3037 = AXIS2_PLACEMENT_3D ( 'NONE', #202, #4316, #9278 ) ;
#3038 = AXIS2_PLACEMENT_3D ( 'NONE', #1239, #6217, #7040 ) ;
#3039 = DIRECTION ( 'NONE',  ( 0.0000000000000000000, 0.0000000000000000000, 1.000000000000000000 ) ) ;
#3040 = VERTEX_POINT ( 'NONE', #8607 ) ;
#3041 = CARTESIAN_POINT ( 'NONE',  ( -25.00467953454370800, 68.17126039880120900, 46.99503805186613900 ) ) ;
#3042 = CARTESIAN_POINT ( 'NONE',  ( -41.30599987748460200, -32.84630911213134400, 47.43220025939528000 ) ) ;
#3043 = DIRECTION ( 'NONE',  ( 2.932034848225394500E-016, -0.1838957114233399600, 0.9829457601109552500 ) ) ;
#3044 = CIRCLE ( 'NONE', #857, 4.899999999999980800 ) ;
#3045 = CARTESIAN_POINT ( 'NONE',  ( -55.33955297932612200, -33.45785864922132200, 15.50000000000000000 ) ) ;
#3046 = CARTESIAN_POINT ( 'NONE',  ( -9.817432238550631900, -32.91615473439756600, 47.22411160762044300 ) ) ;
#3047 = LINE ( 'NONE', #484, #567 ) ;
#3048 = ORIENTED_EDGE ( 'NONE', *, *, #7522, .F. ) ;
#3049 = CARTESIAN_POINT ( 'NONE',  ( 6.463329859779247700, -30.48996613893639200, 46.37546170744722900 ) ) ;
#3050 = CARTESIAN_POINT ( 'NONE',  ( 33.67313287471409900, 68.51045767053926700, 45.75921544411351500 ) ) ;
#3051 = EDGE_CURVE ( 'NONE', #5060, #5335, #2371, .T. ) ;
#3052 = ADVANCED_FACE ( 'NONE', ( #3539 ), #1724, .F. ) ;
#3053 = DIRECTION ( 'NONE',  ( -1.000000000000000000, -1.609823385706476600E-015, 0.0000000000000000000 ) ) ;
#3054 = CARTESIAN_POINT ( 'NONE',  ( 51.02923969674832700, 70.67822042021421700, 47.50014823481632900 ) ) ;
#3055 = CARTESIAN_POINT ( 'NONE',  ( -56.04602967032580800, 63.16199222007411200, 3.665112136637782600 ) ) ;
#3056 = CYLINDRICAL_SURFACE ( 'NONE', #940, 2.000000000000008900 ) ;
#3057 = ORIENTED_EDGE ( 'NONE', *, *, #2622, .F. ) ;
#3058 = CARTESIAN_POINT ( 'NONE',  ( -12.83955297932632600, 73.48310668740408900, 15.50000000000000000 ) ) ;
#3059 = CARTESIAN_POINT ( 'NONE',  ( -43.64422555132718200, 71.04712056448593700, 46.37164858284342700 ) ) ;
#3060 = LINE ( 'NONE', #7320, #6695 ) ;
#3061 = CARTESIAN_POINT ( 'NONE',  ( -39.83955297932630700, 68.54422461361771500, 45.63025720958918200 ) ) ;
#3062 = CARTESIAN_POINT ( 'NONE',  ( -39.83752760385750200, 33.35024010312945800, 7.000000000000000000 ) ) ;
#3063 = FACE_OUTER_BOUND ( 'NONE', #8385, .T. ) ;
#3064 = CARTESIAN_POINT ( 'NONE',  ( 50.16044702067368600, 53.93386393563318400, 39.08951496037232700 ) ) ;
#3065 = CARTESIAN_POINT ( 'NONE',  ( 50.16044702067368600, 27.37181057052337600, 30.50000000000000000 ) ) ;
#3066 = ORIENTED_EDGE ( 'NONE', *, *, #1274, .T. ) ;
#3067 = DIRECTION ( 'NONE',  ( -1.000000000000000000, -1.609823385706476600E-015, -2.312964634635743000E-016 ) ) ;
#3068 = EDGE_CURVE ( 'NONE', #6512, #526, #1339, .T. ) ;
#3069 = CARTESIAN_POINT ( 'NONE',  ( 45.91044702067365100, 68.44617026388616000, 41.51286796564299000 ) ) ;
#3070 = DIRECTION ( 'NONE',  ( 1.609823385706476600E-015, -1.000000000000000000, -4.165779463821302700E-032 ) ) ;
#3071 = FACE_OUTER_BOUND ( 'NONE', #2011, .T. ) ;
#3072 = CARTESIAN_POINT ( 'NONE',  ( -14.11690619332341400, 35.40728971713154700, 9.304344048900814500 ) ) ;
#3073 = DIRECTION ( 'NONE',  ( 1.609823385706476600E-015, -1.000000000000000000, -4.165779463821302700E-032 ) ) ;
#3074 = FACE_OUTER_BOUND ( 'NONE', #386, .T. ) ;
#3075 = CARTESIAN_POINT ( 'NONE',  ( -39.90096670603769300, -33.30506167706869300, 46.00815311873946500 ) ) ;
#3076 =( BOUNDED_CURVE ( )  B_SPLINE_CURVE ( 3, ( #6281, #7027, #7781, #8670 ),
 .UNSPECIFIED., .F., .F. ) 
 B_SPLINE_CURVE_WITH_KNOTS ( ( 4, 4 ),
 ( 4.773450123105921400, 5.323254218580535400 ),
 .UNSPECIFIED. ) 
 CURVE ( )  GEOMETRIC_REPRESENTATION_ITEM ( )  RATIONAL_B_SPLINE_CURVE ( ( 1.000000000000000000, 0.9749678610986887200, 0.9749678610986887200, 1.000000000000000000 ) ) 
 REPRESENTATION_ITEM ( '' )  );
#3077 = CIRCLE ( 'NONE', #8957, 2.000000000000001800 ) ;
#3078 = CARTESIAN_POINT ( 'NONE',  ( -24.33955297932631700, 71.31277590714869100, 15.50000000000000000 ) ) ;
#3079 = VECTOR ( 'NONE', #6502, 1000.000000000000000 ) ;
#3080 = CARTESIAN_POINT ( 'NONE',  ( -56.80735218776040800, -32.84165132730743200, 13.55368265994382200 ) ) ;
#3081 = AXIS2_PLACEMENT_3D ( 'NONE', #7532, #865, #6682 ) ;
#3082 = DIRECTION ( 'NONE',  ( -0.0000000000000000000, -0.0000000000000000000, -1.000000000000000000 ) ) ;
#3083 = AXIS2_PLACEMENT_3D ( 'NONE', #5136, #10288, #3723 ) ;
#3084 = LINE ( 'NONE', #2843, #3871 ) ;
#3085 = EDGE_CURVE ( 'NONE', #6796, #7526, #6273, .T. ) ;
#3086 = VECTOR ( 'NONE', #8629, 1000.000000000000000 ) ;
#3087 = CARTESIAN_POINT ( 'NONE',  ( 4.001912508870574900, 68.05590197897601000, 13.60692099700159800 ) ) ;
#3088 = EDGE_LOOP ( 'NONE', ( #7877, #2123, #8679, #7719 ) ) ;
#3089 = CARTESIAN_POINT ( 'NONE',  ( -12.83955297932631900, 70.47903179704960100, 29.80073593128698300 ) ) ;
#3090 = CYLINDRICAL_SURFACE ( 'NONE', #2326, 1.399999999999998600 ) ;
#3091 = DIRECTION ( 'NONE',  ( 0.0000000000000000000, 0.0000000000000000000, -1.000000000000000000 ) ) ;
#3092 = EDGE_LOOP ( 'NONE', ( #5580, #8062, #6611, #2457 ) ) ;
#3093 = EDGE_CURVE ( 'NONE', #3372, #1763, #1853, .T. ) ;
#3094 = EDGE_CURVE ( 'NONE', #7548, #1174, #155, .T. ) ;
#3095 = CARTESIAN_POINT ( 'NONE',  ( -27.57205834040404800, -30.29179345072055800, 47.08055067344098200 ) ) ;
#3096 = CARTESIAN_POINT ( 'NONE',  ( -15.98955297932634600, 70.43303490583555500, 32.95073593128699200 ) ) ;
#3097 = AXIS2_PLACEMENT_3D ( 'NONE', #7345, #10694, #5766 ) ;
#3098 = AXIS2_PLACEMENT_3D ( 'NONE', #2417, #882, #7478 ) ;
#3099 = CARTESIAN_POINT ( 'NONE',  ( 20.42773087511659500, -30.16955191514792700, 47.49975303815988100 ) ) ;
#3100 = CARTESIAN_POINT ( 'NONE',  ( -58.57205834040404100, -30.29179345072054700, 47.08055067344097500 ) ) ;
#3101 = CYLINDRICAL_SURFACE ( 'NONE', #10275, 1.899999999999999000 ) ;
#3102 = CARTESIAN_POINT ( 'NONE',  ( 50.16044702067368600, 63.63594168900053900, 56.86384176188961700 ) ) ;
#3103 = DIRECTION ( 'NONE',  ( 1.000000000000000000, 4.857238570644847900E-017, -4.570284219494838400E-033 ) ) ;
#3104 = VERTEX_POINT ( 'NONE', #6327 ) ;
#3105 = ADVANCED_FACE ( 'NONE', ( #6394 ), #4588, .F. ) ;
#3106 = DIRECTION ( 'NONE',  ( -1.606207778533894200E-015, 1.000000000000000000, 0.0000000000000000000 ) ) ;
#3107 = CARTESIAN_POINT ( 'NONE',  ( -28.24038067647921900, 68.41024161410395300, 46.13529537627120200 ) ) ;
#3108 = ORIENTED_EDGE ( 'NONE', *, *, #7623, .T. ) ;
#3109 = EDGE_CURVE ( 'NONE', #3028, #9335, #928, .T. ) ;
#3110 = FACE_OUTER_BOUND ( 'NONE', #3374, .T. ) ;
#3111 = VERTEX_POINT ( 'NONE', #2231 ) ;
#3112 = AXIS2_PLACEMENT_3D ( 'NONE', #9766, #5639, #4054 ) ;
#3113 = DIRECTION ( 'NONE',  ( 1.573428027951567600E-015, -1.000000000000000000, 5.310319594336540300E-015 ) ) ;
#3114 = DIRECTION ( 'NONE',  ( 1.000000000000000000, 1.609823385706476600E-015, 2.312964634635743000E-016 ) ) ;
#3115 = EDGE_CURVE ( 'NONE', #6921, #6814, #9978, .T. ) ;
#3116 = ORIENTED_EDGE ( 'NONE', *, *, #384, .F. ) ;
#3117 = CARTESIAN_POINT ( 'NONE',  ( 5.891357201922121900, 68.14634757044123600, 13.91818639255001800 ) ) ;
#3118 = ORIENTED_EDGE ( 'NONE', *, *, #8947, .T. ) ;
#3119 = DIRECTION ( 'NONE',  ( 1.000000000000000000, 4.857238570644848500E-017, -3.066706741642718900E-033 ) ) ;
#3120 = ORIENTED_EDGE ( 'NONE', *, *, #7096, .F. ) ;
#3121 = CARTESIAN_POINT ( 'NONE',  ( -55.53667014022089900, 68.34488339686377900, 46.37546170744724300 ) ) ;
#3122 = CARTESIAN_POINT ( 'NONE',  ( 52.06438650299925500, 70.74938921092230300, 47.28897289183627400 ) ) ;
#3123 = ORIENTED_EDGE ( 'NONE', *, *, #5610, .F. ) ;
#3124 = CARTESIAN_POINT ( 'NONE',  ( -13.11752760385748600, -19.52275989687055700, 3.000000000000000000 ) ) ;
#3125 = ORIENTED_EDGE ( 'NONE', *, *, #3706, .F. ) ;
#3126 = EDGE_CURVE ( 'NONE', #6524, #3265, #6517, .T. ) ;
#3127 = ORIENTED_EDGE ( 'NONE', *, *, #5870, .T. ) ;
#3128 = VERTEX_POINT ( 'NONE', #10591 ) ;
#3129 = CARTESIAN_POINT ( 'NONE',  ( -26.60491464120654800, -30.17338355687059300, 47.48680050506430200 ) ) ;
#3130 = CARTESIAN_POINT ( 'NONE',  ( -42.36885140135180400, 70.70083669093197900, 47.43335354415471300 ) ) ;
#3131 = VERTEX_POINT ( 'NONE', #7316 ) ;
#3132 = CARTESIAN_POINT ( 'NONE',  ( 22.16044702067376800, 27.37181057052339000, 30.50000000000000000 ) ) ;
#3133 = DIRECTION ( 'NONE',  ( 1.000000000000000000, 0.0000000000000000000, 0.0000000000000000000 ) ) ;
#3134 = CARTESIAN_POINT ( 'NONE',  ( 5.320665692112545000, 70.71462993421833700, 47.39252262901016600 ) ) ;
#3135 = EDGE_LOOP ( 'NONE', ( #5925, #3578, #7953 ) ) ;
#3136 = CARTESIAN_POINT ( 'NONE',  ( 33.91657429237881200, 71.01045606481396500, 46.48771649178681300 ) ) ;
#3137 = EDGE_CURVE ( 'NONE', #2889, #7440, #9203, .T. ) ;
#3138 = ORIENTED_EDGE ( 'NONE', *, *, #3884, .F. ) ;
#3139 = ORIENTED_EDGE ( 'NONE', *, *, #8850, .T. ) ;
#3140 = EDGE_LOOP ( 'NONE', ( #3386, #3407, #1063, #5236 ) ) ;
#3141 = CARTESIAN_POINT ( 'NONE',  ( 60.16044702067369300, -25.30707496214667500, 3.665112136637757300 ) ) ;
#3142 = DIRECTION ( 'NONE',  ( 1.000000000000000000, 1.609823385706476600E-015, -0.0000000000000000000 ) ) ;
#3143 = AXIS2_PLACEMENT_3D ( 'NONE', #3132, #8901, #9037 ) ;
#3144 = CARTESIAN_POINT ( 'NONE',  ( -40.23572970816807300, -33.08718450723373600, 46.70182250880203900 ) ) ;
#3145 = DIRECTION ( 'NONE',  ( 0.0000000000000000000, 0.0000000000000000000, 1.000000000000000000 ) ) ;
#3146 = EDGE_CURVE ( 'NONE', #4859, #10131, #72, .T. ) ;
#3147 = FACE_OUTER_BOUND ( 'NONE', #4105, .T. ) ;
#3148 = DIRECTION ( 'NONE',  ( 1.000000000000000000, 0.0000000000000000000, -0.0000000000000000000 ) ) ;
#3149 = VERTEX_POINT ( 'NONE', #8899 ) ;
#3150 = EDGE_LOOP ( 'NONE', ( #8154, #1490, #8817, #2352, #8177, #5100 ) ) ;
#3151 = ORIENTED_EDGE ( 'NONE', *, *, #8616, .F. ) ;
#3152 = EDGE_LOOP ( 'NONE', ( #1524, #6991, #2357, #9504, #681, #2639, #10094 ) ) ;
#3153 = DIRECTION ( 'NONE',  ( 1.000000000000000000, 1.603063405027194900E-016, 0.0000000000000000000 ) ) ;
#3154 = DIRECTION ( 'NONE',  ( 1.000000000000000000, 1.609823385706476600E-015, -2.312964634635743000E-016 ) ) ;
#3155 = VECTOR ( 'NONE', #5243, 1000.000000000000000 ) ;
#3156 = CARTESIAN_POINT ( 'NONE',  ( 34.32727498474291400, 68.17079363580715800, 46.99667611563688000 ) ) ;
#3157 = ADVANCED_FACE ( 'NONE', ( #2879, #4842, #144, #2360, #8689, #544, #4968, #1843 ), #662, .F. ) ;
#3158 = EDGE_CURVE ( 'NONE', #7818, #2928, #4328, .T. ) ;
#3159 = DIRECTION ( 'NONE',  ( -1.573428027951567200E-015, 1.000000000000000000, -9.178330163050808500E-016 ) ) ;
#3160 = VERTEX_POINT ( 'NONE', #7280 ) ;
#3161 = AXIS2_PLACEMENT_3D ( 'NONE', #10276, #6173, #2040 ) ;
#3162 = DIRECTION ( 'NONE',  ( -1.000000000000000000, -4.857238570644847900E-017, 0.0000000000000000000 ) ) ;
#3163 = EDGE_LOOP ( 'NONE', ( #390, #4347, #8242, #3764 ) ) ;
#3164 = VERTEX_POINT ( 'NONE', #6717 ) ;
#3165 = CIRCLE ( 'NONE', #3869, 5.000000000000000000 ) ;
#3166 = CARTESIAN_POINT ( 'NONE',  ( -25.10463862165140000, -30.29232730748913100, 47.07869549017869600 ) ) ;
#3167 = CARTESIAN_POINT ( 'NONE',  ( -41.30599987748475900, 70.70122637005870600, 47.43220025939528700 ) ) ;
#3168 = CARTESIAN_POINT ( 'NONE',  ( 60.16044702067369300, 17.29239248953933500, 30.50000000000000400 ) ) ;
#3169 = CARTESIAN_POINT ( 'NONE',  ( -71.04602967032580800, -23.83029685460729800, 3.104097538031595200 ) ) ;
#3170 = CYLINDRICAL_SURFACE ( 'NONE', #3672, 2.000000000000015500 ) ;
#3171 = EDGE_LOOP ( 'NONE', ( #3666, #8049, #6420, #2309, #5970, #5338, #1471, #4310, #7900, #8789, #7282, #8151, #3660, #5090, #6376, #5749, #9834, #2102, #4157, #1362, #2227, #4447, #6787, #9208, #3403, #5213, #8163, #6392, #945 ) ) ;
#3172 = DIRECTION ( 'NONE',  ( 0.0000000000000000000, 0.0000000000000000000, 1.000000000000000000 ) ) ;
#3173 = DIRECTION ( 'NONE',  ( 1.000000000000000000, 0.0000000000000000000, 0.0000000000000000000 ) ) ;
#3174 = CARTESIAN_POINT ( 'NONE',  ( 2.722327843397597900, 71.15939277287428400, 46.01007006353241000 ) ) ;
#3175 = EDGE_CURVE ( 'NONE', #8296, #9385, #7278, .T. ) ;
#3176 = CARTESIAN_POINT ( 'NONE',  ( -10.30433950871806900, 68.04070974003170100, 47.44502177122846800 ) ) ;
#3177 = VECTOR ( 'NONE', #1247, 1000.000000000000000 ) ;
#3178 = AXIS2_PLACEMENT_3D ( 'NONE', #1257, #2064, #7917 ) ;
#3179 = DIRECTION ( 'NONE',  ( -1.000000000000000000, -1.609823385706476600E-015, 1.156482317317871500E-016 ) ) ;
#3180 = CARTESIAN_POINT ( 'NONE',  ( -28.33955297932632400, 68.57785688051521300, 45.50000000000000000 ) ) ;
#3181 = EDGE_CURVE ( 'NONE', #3629, #6012, #7539, .T. ) ;
#3182 = CARTESIAN_POINT ( 'NONE',  ( -39.85215594944875100, -30.65577268498696700, 45.75832789536876500 ) ) ;
#3183 = LINE ( 'NONE', #9850, #960 ) ;
#3184 = ORIENTED_EDGE ( 'NONE', *, *, #562, .F. ) ;
#3185 = DIRECTION ( 'NONE',  ( 1.000000000000000000, 1.609823385706476600E-015, -0.0000000000000000000 ) ) ;
#3186 = DIRECTION ( 'NONE',  ( 0.0000000000000000000, 0.0000000000000000000, 1.000000000000000000 ) ) ;
#3187 = VECTOR ( 'NONE', #10692, 1000.000000000000000 ) ;
#3188 = CARTESIAN_POINT ( 'NONE',  ( -43.33752760385750900, 33.35024010312945800, 4.000000000000000000 ) ) ;
#3189 = VERTEX_POINT ( 'NONE', #4220 ) ;
#3190 = CIRCLE ( 'NONE', #7064, 60.00000000000000000 ) ;
#3191 = CARTESIAN_POINT ( 'NONE',  ( -13.11752760385748600, -18.52275989687055700, 9.368489151887088100 ) ) ;
#3192 = ORIENTED_EDGE ( 'NONE', *, *, #855, .T. ) ;
#3193 = CARTESIAN_POINT ( 'NONE',  ( -40.50620856384593100, 68.17087352066855000, 14.00361017943399500 ) ) ;
#3194 = CARTESIAN_POINT ( 'NONE',  ( -25.00075197883577600, -32.99306559930857200, 46.99152284956495200 ) ) ;
#3195 = DIRECTION ( 'NONE',  ( 0.0000000000000000000, 0.0000000000000000000, -1.000000000000000000 ) ) ;
#3196 = EDGE_CURVE ( 'NONE', #9222, #789, #10255, .T. ) ;
#3197 = CARTESIAN_POINT ( 'NONE',  ( -12.83955297932615700, -30.72293962258785500, 45.50000000000000000 ) ) ;
#3198 = FACE_OUTER_BOUND ( 'NONE', #2674, .T. ) ;
#3199 = CIRCLE ( 'NONE', #2034, 1.399999999999998600 ) ;
#3200 = CARTESIAN_POINT ( 'NONE',  ( 50.16044702067368600, -26.37519891327379200, 52.00000000000002100 ) ) ;
#3201 = DIRECTION ( 'NONE',  ( 5.551115123125780300E-015, -1.000000000000000000, 0.0000000000000000000 ) ) ;
#3202 = LINE ( 'NONE', #6667, #5419 ) ;
#3203 = B_SPLINE_CURVE_WITH_KNOTS ( 'NONE', 3,
 ( #5989, #3414, #9177, #7569, #4253, #8459, #1816, #103, #8422, #1010, #6825, #2001, #6059, #7744, #4511, #5334, #8598, #6129, #7784, #1147, #6958, #2753 ),
 .UNSPECIFIED., .F., .F.,
 ( 4, 2, 2, 2, 2, 2, 2, 2, 2, 2, 4 ),
 ( 0.001481913851189436300, 0.002092457129824221100, 0.002703000408459005900, 0.003008272047776405400, 0.003313543687093805000, 0.003618815326411204100, 0.003924086965728603200, 0.004534630244363421400, 0.005145173522998238700, 0.005755716801633056100, 0.006366260080267873400 ),
 .UNSPECIFIED. ) ;
#3204 = ORIENTED_EDGE ( 'NONE', *, *, #3706, .T. ) ;
#3205 = CARTESIAN_POINT ( 'NONE',  ( -25.80433950871792300, -30.18579248210431800, 47.44502177122845400 ) ) ;
#3206 = DIRECTION ( 'NONE',  ( 0.0000000000000000000, 1.387778780781444400E-014, 1.000000000000000000 ) ) ;
#3207 = FACE_OUTER_BOUND ( 'NONE', #3088, .T. ) ;
#3208 = CARTESIAN_POINT ( 'NONE',  ( -15.63244619813978400, 64.88789995259972400, 29.05809524416776700 ) ) ;
#3209 = CIRCLE ( 'NONE', #9080, 5.000000000000000000 ) ;
#3210 = CARTESIAN_POINT ( 'NONE',  ( -25.43561349700075500, 70.74938921092228800, 47.28897289183628100 ) ) ;
#3211 = AXIS2_PLACEMENT_3D ( 'NONE', #7528, #930, #6851 ) ;
#3212 = DIRECTION ( 'NONE',  ( 0.0000000000000000000, 0.0000000000000000000, -1.000000000000000000 ) ) ;
#3213 = VECTOR ( 'NONE', #2486, 1000.000000000000000 ) ;
#3214 = EDGE_CURVE ( 'NONE', #2713, #2629, #5085, .T. ) ;
#3215 = CARTESIAN_POINT ( 'NONE',  ( 33.66044702067368600, 73.48310668740417400, 15.50000000000000000 ) ) ;
#3216 = ADVANCED_FACE ( 'NONE', ( #10624 ), #5620, .F. ) ;
#3217 = DIRECTION ( 'NONE',  ( 1.000000000000000000, 3.569163070562645700E-016, 0.0000000000000000000 ) ) ;
#3218 = LINE ( 'NONE', #4180, #7482 ) ;
#3219 = CARTESIAN_POINT ( 'NONE',  ( -40.82197913477289600, -30.24954068947066300, 47.22679946501696000 ) ) ;
#3220 = ORIENTED_EDGE ( 'NONE', *, *, #1317, .F. ) ;
#3221 = EDGE_CURVE ( 'NONE', #9086, #10417, #8428, .T. ) ;
#3222 = DIRECTION ( 'NONE',  ( 1.000000000000000000, 1.609823385706476600E-015, 2.312964634635743000E-016 ) ) ;
#3223 = AXIS2_PLACEMENT_3D ( 'NONE', #5905, #3583, #926 ) ;
#3224 = CARTESIAN_POINT ( 'NONE',  ( 48.96831909025015500, 69.56558230492454700, 40.95361845799644100 ) ) ;
#3225 = AXIS2_PLACEMENT_3D ( 'NONE', #3264, #4970, #820 ) ;
#3226 = DIRECTION ( 'NONE',  ( 0.0000000000000000000, 0.0000000000000000000, 1.000000000000000000 ) ) ;
#3227 = AXIS2_PLACEMENT_3D ( 'NONE', #5275, #1092, #10214 ) ;
#3228 = CIRCLE ( 'NONE', #5996, 1.000000000000000000 ) ;
#3229 = CARTESIAN_POINT ( 'NONE',  ( 45.16044702067369300, 64.16420904163041400, 9.297367386975608400 ) ) ;
#3230 = CARTESIAN_POINT ( 'NONE',  ( -19.48955297932634400, 69.77890127105483500, 39.66562843963693300 ) ) ;
#3231 = VERTEX_POINT ( 'NONE', #9176 ) ;
#3232 = DIRECTION ( 'NONE',  ( -1.000000000000000000, -1.609823385706476600E-015, 0.0000000000000000000 ) ) ;
#3233 = CARTESIAN_POINT ( 'NONE',  ( -42.37221172870931700, -32.84624617465429000, 13.56761369079869100 ) ) ;
#3234 = LINE ( 'NONE', #10363, #3891 ) ;
#3235 = EDGE_LOOP ( 'NONE', ( #4089, #7003, #7266 ) ) ;
#3236 = EDGE_CURVE ( 'NONE', #4056, #9852, #405, .T. ) ;
#3237 = EDGE_CURVE ( 'NONE', #6689, #8709, #5994, .T. ) ;
#3238 = CARTESIAN_POINT ( 'NONE',  ( -24.35215594944872200, -30.65577268498696000, 45.75832789536875800 ) ) ;
#3239 = DIRECTION ( 'NONE',  ( 1.594400883811535600E-015, -1.000000000000000000, 1.047444401652940000E-014 ) ) ;
#3240 = ORIENTED_EDGE ( 'NONE', *, *, #318, .T. ) ;
#3241 = AXIS2_PLACEMENT_3D ( 'NONE', #8788, #6390, #1415 ) ;
#3242 = AXIS2_PLACEMENT_3D ( 'NONE', #1061, #8478, #2734 ) ;
#3243 = PLANE ( 'NONE',  #7926 ) ;
#3244 = CARTESIAN_POINT ( 'NONE',  ( -9.725826786795593700E-015, 60.67025643711580300, 3.000000000000000000 ) ) ;
#3245 = CARTESIAN_POINT ( 'NONE',  ( -56.04602967032580800, -26.30929178370303100, 9.297367386975592400 ) ) ;
#3246 = CARTESIAN_POINT ( 'NONE',  ( -26.99579670812743300, 70.71415059414883300, 47.39394569755321400 ) ) ;
#3247 = ORIENTED_EDGE ( 'NONE', *, *, #1175, .F. ) ;
#3248 = CARTESIAN_POINT ( 'NONE',  ( -9.604638621651551100, 68.14724456541651400, 47.07869549017869600 ) ) ;
#3249 = ORIENTED_EDGE ( 'NONE', *, *, #3175, .F. ) ;
#3250 = CARTESIAN_POINT ( 'NONE',  ( -28.33955297932616400, -30.72293962258786200, 45.50000000000000000 ) ) ;
#3251 = CARTESIAN_POINT ( 'NONE',  ( -41.97041335351866600, -30.16944285250754000, 47.50012219141358100 ) ) ;
#3252 = DIRECTION ( 'NONE',  ( 1.000000000000000000, 0.0000000000000000000, 0.0000000000000000000 ) ) ;
#3253 = VERTEX_POINT ( 'NONE', #7460 ) ;
#3254 = ORIENTED_EDGE ( 'NONE', *, *, #3237, .F. ) ;
#3255 = DIRECTION ( 'NONE',  ( 1.638987529116218700E-015, -1.000000000000000000, 0.0000000000000000000 ) ) ;
#3256 = VERTEX_POINT ( 'NONE', #5809 ) ;
#3257 = DIRECTION ( 'NONE',  ( 0.0000000000000000000, -1.000000000000000000, 0.0000000000000000000 ) ) ;
#3258 = EDGE_CURVE ( 'NONE', #8092, #8276, #8829, .T. ) ;
#3259 = VERTEX_POINT ( 'NONE', #285 ) ;
#3260 = CARTESIAN_POINT ( 'NONE',  ( -57.47678040068678500, -30.16954820565704400, 13.50023440605406400 ) ) ;
#3261 = ORIENTED_EDGE ( 'NONE', *, *, #1891, .F. ) ;
#3262 = DIRECTION ( 'NONE',  ( 1.609823385706476600E-015, -1.000000000000000000, -4.165779463821302700E-032 ) ) ;
#3263 = CARTESIAN_POINT ( 'NONE',  ( -41.30979467565268200, 68.04017663669738200, 13.55316419702327700 ) ) ;
#3264 = CARTESIAN_POINT ( 'NONE',  ( -39.83752760385750200, 33.35024010312945800, 7.000000000000000000 ) ) ;
#3265 = VERTEX_POINT ( 'NONE', #6750 ) ;
#3266 = ADVANCED_FACE ( 'NONE', ( #5094 ), #3633, .T. ) ;
#3267 = VERTEX_POINT ( 'NONE', #3676 ) ;
#3268 = CARTESIAN_POINT ( 'NONE',  ( 49.16044702067379300, 20.56252476838796600, 30.50000000000000400 ) ) ;
#3269 = VERTEX_POINT ( 'NONE', #1121 ) ;
#3270 = B_SPLINE_CURVE_WITH_KNOTS ( 'NONE', 3,
 ( #10061, #77, #5813, #1748, #9216, #9179, #5128, #9938, #831, #9981, #5020, #6649, #7571, #2509, #136, #2617, #43, #7463, #2476, #5918, #7534, #8246, #8279, #3348 ),
 .UNSPECIFIED., .F., .F.,
 ( 4, 2, 2, 2, 2, 2, 2, 2, 2, 2, 2, 4 ),
 ( 0.006369424049232941800, 0.006769429621276842900, 0.007169435193320744000, 0.007969446337408545400, 0.008769457481496345900, 0.009169463053540249600, 0.009569468625584155000, 0.01036947976967195700, 0.01076948534171585900, 0.01116949091375975900, 0.01196950205784755700, 0.01276951320193535400 ),
 .UNSPECIFIED. ) ;
#3271 = ORIENTED_EDGE ( 'NONE', *, *, #4150, .F. ) ;
#3272 = EDGE_CURVE ( 'NONE', #4571, #9882, #9942, .T. ) ;
#3273 = CARTESIAN_POINT ( 'NONE',  ( -25.43816563790450400, 70.74892922589575100, 13.70965140868846700 ) ) ;
#3274 = ORIENTED_EDGE ( 'NONE', *, *, #2951, .F. ) ;
#3275 = ORIENTED_EDGE ( 'NONE', *, *, #10597, .T. ) ;
#3276 = CARTESIAN_POINT ( 'NONE',  ( 42.76082334724255700, 64.69409531260105000, 29.80111225785593000 ) ) ;
#3277 = ORIENTED_EDGE ( 'NONE', *, *, #2412, .T. ) ;
#3278 = CARTESIAN_POINT ( 'NONE',  ( -39.90149204691839900, 68.44384999936772800, 46.01029410947544600 ) ) ;
#3279 = ORIENTED_EDGE ( 'NONE', *, *, #5827, .F. ) ;
#3280 = DIRECTION ( 'NONE',  ( -1.000000000000000000, 0.0000000000000000000, 0.0000000000000000000 ) ) ;
#3281 = VECTOR ( 'NONE', #7021, 1000.000000000000000 ) ;
#3282 = DIRECTION ( 'NONE',  ( 0.0000000000000000000, 0.0000000000000000000, -1.000000000000000000 ) ) ;
#3283 = AXIS2_PLACEMENT_3D ( 'NONE', #10008, #6738, #1801 ) ;
#3284 = CARTESIAN_POINT ( 'NONE',  ( -39.83955297932631400, 71.31277590714869100, 15.50000000000000000 ) ) ;
#3285 = VERTEX_POINT ( 'NONE', #392 ) ;
#3286 = AXIS2_PLACEMENT_3D ( 'NONE', #7477, #2524, #9093 ) ;
#3287 = VERTEX_POINT ( 'NONE', #9397 ) ;
#3288 = VERTEX_POINT ( 'NONE', #2908 ) ;
#3289 = CARTESIAN_POINT ( 'NONE',  ( 50.75047994910896400, 59.72205564956787100, 50.01802606072907800 ) ) ;
#3290 = DIRECTION ( 'NONE',  ( 0.0000000000000000000, 0.0000000000000000000, -1.000000000000000000 ) ) ;
#3291 = EDGE_CURVE ( 'NONE', #6136, #5709, #897, .T. ) ;
#3292 = VECTOR ( 'NONE', #9755, 1000.000000000000000 ) ;
#3293 = CARTESIAN_POINT ( 'NONE',  ( -15.98955297932633200, 64.69007228669742900, 32.95073593128705600 ) ) ;
#3294 = CARTESIAN_POINT ( 'NONE',  ( 47.59051141254009600, 69.42859507177797700, 41.69952673677023100 ) ) ;
#3295 = SURFACE_STYLE_FILL_AREA ( #433 ) ;
#3296 =( NAMED_UNIT ( * ) PLANE_ANGLE_UNIT ( ) SI_UNIT ( $, .RADIAN. ) );
#3297 = EDGE_LOOP ( 'NONE', ( #7788, #9305, #10467, #5324 ) ) ;
#3298 = CARTESIAN_POINT ( 'NONE',  ( 21.67825559305448400, 68.22415226669726000, 46.80892437815207100 ) ) ;
#3299 = DIRECTION ( 'NONE',  ( -0.0000000000000000000, 0.0000000000000000000, 1.000000000000000000 ) ) ;
#3300 = CARTESIAN_POINT ( 'NONE',  ( -24.33955297932613200, -33.45785864922131500, 45.50000000000000000 ) ) ;
#3301 = PLANE ( 'NONE',  #10298 ) ;
#3302 = CIRCLE ( 'NONE', #9933, 2.000000000000001800 ) ;
#3303 = EDGE_CURVE ( 'NONE', #8170, #3287, #4725, .T. ) ;
#3304 = AXIS2_PLACEMENT_3D ( 'NONE', #5926, #908, #6691 ) ;
#3305 = DIRECTION ( 'NONE',  ( 0.0000000000000000000, -1.000000000000000000, 0.0000000000000000000 ) ) ;
#3306 = CARTESIAN_POINT ( 'NONE',  ( -58.86080539028188200, -33.05384168362335400, 46.80504510122570800 ) ) ;
#3307 = CARTESIAN_POINT ( 'NONE',  ( 5.673765731253777000, -30.24881592973078500, 13.77070553294021200 ) ) ;
#3308 = FACE_OUTER_BOUND ( 'NONE', #496, .T. ) ;
#3309 = VERTEX_POINT ( 'NONE', #3447 ) ;
#3310 = CARTESIAN_POINT ( 'NONE',  ( -24.72894722976304400, 70.93843228486481700, 14.28598676118487600 ) ) ;
#3311 = FACE_OUTER_BOUND ( 'NONE', #2540, .T. ) ;
#3312 = CARTESIAN_POINT ( 'NONE',  ( -8.839552979326317200, 73.48310668740397500, 30.50000000000000400 ) ) ;
#3313 = DIRECTION ( 'NONE',  ( -5.551115123125778800E-015, 1.000000000000000000, -9.684806018886889300E-015 ) ) ;
#3314 = DIRECTION ( 'NONE',  ( -1.000000000000000000, -1.609823385706476600E-015, 0.0000000000000000000 ) ) ;
#3315 = LINE ( 'NONE', #3829, #3844 ) ;
#3316 = ORIENTED_EDGE ( 'NONE', *, *, #3670, .F. ) ;
#3317 = EDGE_CURVE ( 'NONE', #9597, #8809, #4065, .T. ) ;
#3318 = ADVANCED_FACE ( 'NONE', ( #2496 ), #5353, .F. ) ;
#3319 = AXIS2_PLACEMENT_3D ( 'NONE', #4187, #7464, #867 ) ;
#3320 = CARTESIAN_POINT ( 'NONE',  ( 49.16044702067370100, 73.48310668740420200, 15.50000000000000000 ) ) ;
#3321 = CARTESIAN_POINT ( 'NONE',  ( -71.04602967032580800, -23.95501194873044100, 5.000000000000000000 ) ) ;
#3322 = EDGE_CURVE ( 'NONE', #10426, #3259, #8162, .T. ) ;
#3323 = LINE ( 'NONE', #2234, #1102 ) ;
#3324 = DIRECTION ( 'NONE',  ( 0.0000000000000000000, -1.243218491116711800E-014, 1.000000000000000000 ) ) ;
#3325 = CARTESIAN_POINT ( 'NONE',  ( -132.8082378770764600, 70.48310668740396100, 30.50000000000000000 ) ) ;
#3326 = CIRCLE ( 'NONE', #5392, 1.399999999999998600 ) ;
#3327 = VERTEX_POINT ( 'NONE', #6997 ) ;
#3328 = CARTESIAN_POINT ( 'NONE',  ( 5.560107883375355400, 68.08572968216856200, 47.29108936670986900 ) ) ;
#3329 = CARTESIAN_POINT ( 'NONE',  ( -132.8082378770764600, 73.48310668740396100, 30.50000000000000400 ) ) ;
#3330 = DIRECTION ( 'NONE',  ( -1.000000000000000000, -1.850985505911483800E-016, 0.0000000000000000000 ) ) ;
#3331 = VECTOR ( 'NONE', #9081, 1000.000000000000000 ) ;
#3332 = CARTESIAN_POINT ( 'NONE',  ( 18.17264739370950400, 71.23674877982129800, 15.24455901932126700 ) ) ;
#3333 = LINE ( 'NONE', #6903, #4112 ) ;
#3334 = CARTESIAN_POINT ( 'NONE',  ( 21.96332985977909400, 68.34488339686379300, 46.37546170744721500 ) ) ;
#3335 = CARTESIAN_POINT ( 'NONE',  ( -71.04602967032580800, -25.78102443107316700, 56.86384176188965300 ) ) ;
#3336 = CIRCLE ( 'NONE', #991, 59.99999999999997200 ) ;
#3337 = TOROIDAL_SURFACE ( 'NONE', #1064, 3.500000000000002700, 1.000000000000000000 ) ;
#3338 = EDGE_CURVE ( 'NONE', #6495, #2223, #8173, .T. ) ;
#3339 = CARTESIAN_POINT ( 'NONE',  ( -59.24038067647921900, 68.41024161410395300, 46.13529537627120200 ) ) ;
#3340 = DIRECTION ( 'NONE',  ( 1.638987529116215900E-015, -1.000000000000000000, 5.310319594336539500E-015 ) ) ;
#3341 = FACE_OUTER_BOUND ( 'NONE', #822, .T. ) ;
#3342 = CARTESIAN_POINT ( 'NONE',  ( -56.04602967032580800, 61.80992920665785600, 6.899999999999999500 ) ) ;
#3343 = FACE_OUTER_BOUND ( 'NONE', #8994, .T. ) ;
#3344 = B_SPLINE_CURVE_WITH_KNOTS ( 'NONE', 3,
 ( #10402, #7123, #7951, #2996, #5511, #521, #6336, #3877, #3036, #8804, #4891, #5685, #9846, #6508, #8981, #9016, #4918, #6585, #4092, #10566, #10674, #9807, #9044, #10599 ),
 .UNSPECIFIED., .F., .F.,
 ( 4, 2, 2, 2, 2, 2, 2, 2, 2, 2, 2, 4 ),
 ( 0.006369424049232903600, 0.006769429621276792600, 0.007169435193320682400, 0.007969446337408474200, 0.008769457481496267800, 0.009169463053540162800, 0.009569468625584059600, 0.01036947976967187200, 0.01076948534171577600, 0.01116949091375968000, 0.01196950205784748000, 0.01276951320193528100 ),
 .UNSPECIFIED. ) ;
#3345 = ORIENTED_EDGE ( 'NONE', *, *, #4592, .T. ) ;
#3346 = CARTESIAN_POINT ( 'NONE',  ( 18.91055137431919800, -32.96333980715765200, 13.91725300995627600 ) ) ;
#3347 = CARTESIAN_POINT ( 'NONE',  ( 50.16044702067368600, 64.23011617120123200, 52.00000000000002100 ) ) ;
#3348 = CARTESIAN_POINT ( 'NONE',  ( -8.839552979326139600, -33.45785864922130800, 15.50000000000000000 ) ) ;
#3349 = CARTESIAN_POINT ( 'NONE',  ( -40.82197913477305200, 68.10445794739804600, 47.22679946501694600 ) ) ;
#3350 = CARTESIAN_POINT ( 'NONE',  ( 48.41044702067365800, 63.18896620333806200, 40.09865440326994000 ) ) ;
#3351 = AXIS2_PLACEMENT_3D ( 'NONE', #5643, #1497, #8935 ) ;
#3352 = CIRCLE ( 'NONE', #1687, 1.000000000000000900 ) ;
#3353 = EDGE_CURVE ( 'NONE', #9869, #1966, #6654, .T. ) ;
#3354 = ORIENTED_EDGE ( 'NONE', *, *, #1367, .T. ) ;
#3355 = CARTESIAN_POINT ( 'NONE',  ( -43.77716093425097900, -30.58844033812554400, 46.01213823740297900 ) ) ;
#3356 = VECTOR ( 'NONE', #9560, 1000.000000000000000 ) ;
#3357 = DIRECTION ( 'NONE',  ( -1.000000000000000000, -3.569163070562645700E-016, -0.0000000000000000000 ) ) ;
#3358 = AXIS2_PLACEMENT_3D ( 'NONE', #8925, #8041, #3091 ) ;
#3359 = CARTESIAN_POINT ( 'NONE',  ( -132.8082378770764100, -25.72039438186904500, 57.36015214575591900 ) ) ;
#3360 = ORIENTED_EDGE ( 'NONE', *, *, #5179, .T. ) ;
#3361 = EDGE_CURVE ( 'NONE', #2630, #516, #1743, .T. ) ;
#3362 = CARTESIAN_POINT ( 'NONE',  ( 18.40328833398415800, 71.01055091209990200, 14.51105109821026000 ) ) ;
#3363 = AXIS2_PLACEMENT_3D ( 'NONE', #283, #1120, #7751 ) ;
#3364 = ORIENTED_EDGE ( 'NONE', *, *, #10204, .F. ) ;
#3365 = CARTESIAN_POINT ( 'NONE',  ( 2.660447020673862600, -33.41997979128042600, 45.62815743688998500 ) ) ;
#3366 = ORIENTED_EDGE ( 'NONE', *, *, #7230, .T. ) ;
#3367 = ADVANCED_FACE ( 'NONE', ( #10378 ), #8008, .F. ) ;
#3368 = CARTESIAN_POINT ( 'NONE',  ( -56.80433950871807300, 68.04070974003168700, 47.44502177122846100 ) ) ;
#3369 = CARTESIAN_POINT ( 'NONE',  ( 52.52739099565658900, 68.17747591871832900, 46.97374700666119900 ) ) ;
#3370 = CARTESIAN_POINT ( 'NONE',  ( -55.40096670603764300, -33.30506167706868600, 46.00815311873946500 ) ) ;
#3371 = CARTESIAN_POINT ( 'NONE',  ( -25.43816563790432600, -32.89401196796838200, 13.70965140868847100 ) ) ;
#3372 = VERTEX_POINT ( 'NONE', #3836 ) ;
#3373 = EDGE_CURVE ( 'NONE', #8709, #606, #2246, .T. ) ;
#3374 = EDGE_LOOP ( 'NONE', ( #3919, #9155, #8282, #2250 ) ) ;
#3375 = CARTESIAN_POINT ( 'NONE',  ( -56.04602967032580800, -23.83029685460729800, 3.104097538031595200 ) ) ;
#3376 = DIRECTION ( 'NONE',  ( -1.000000000000000000, -1.609823385706476600E-015, 0.0000000000000000000 ) ) ;
#3377 = AXIS2_PLACEMENT_3D ( 'NONE', #1232, #6926, #1783 ) ;
#3378 = ORIENTED_EDGE ( 'NONE', *, *, #2849, .F. ) ;
#3379 = CARTESIAN_POINT ( 'NONE',  ( 33.67274641663733100, 68.51117250990157000, 15.24349833912911800 ) ) ;
#3380 = DIRECTION ( 'NONE',  ( -1.000000000000000000, -1.609823385706476600E-015, 1.156482317317871500E-016 ) ) ;
#3381 = ORIENTED_EDGE ( 'NONE', *, *, #1502, .T. ) ;
#3382 = EDGE_LOOP ( 'NONE', ( #6032, #5862, #1423 ) ) ;
#3383 = CARTESIAN_POINT ( 'NONE',  ( 26.88247239614251800, -18.52275989687055400, 4.000000000000000000 ) ) ;
#3384 = ORIENTED_EDGE ( 'NONE', *, *, #6697, .T. ) ;
#3385 = DIRECTION ( 'NONE',  ( 0.0000000000000000000, 0.0000000000000000000, -1.000000000000000000 ) ) ;
#3386 = ORIENTED_EDGE ( 'NONE', *, *, #815, .F. ) ;
#3387 = CARTESIAN_POINT ( 'NONE',  ( -56.04602967032580800, -25.30707496214665000, 3.665112136637730600 ) ) ;
#3388 = CARTESIAN_POINT ( 'NONE',  ( 34.04804602476331600, 70.93927171953348000, 14.28859990521049600 ) ) ;
#3389 = EDGE_LOOP ( 'NONE', ( #8858, #9197 ) ) ;
#3390 = CARTESIAN_POINT ( 'NONE',  ( 6.647844050551112700, 68.51068994291434000, 45.75832789536877200 ) ) ;
#3391 = CARTESIAN_POINT ( 'NONE',  ( -41.83955297932632100, 73.48310668740404600, 45.50000000000000000 ) ) ;
#3392 = EDGE_CURVE ( 'NONE', #7283, #5709, #6777, .T. ) ;
#3393 = ORIENTED_EDGE ( 'NONE', *, *, #4689, .T. ) ;
#3394 = ORIENTED_EDGE ( 'NONE', *, *, #6127, .T. ) ;
#3395 = DIRECTION ( 'NONE',  ( -1.619075244245020800E-015, 1.000000000000000000, 0.0000000000000000000 ) ) ;
#3396 = VERTEX_POINT ( 'NONE', #10397 ) ;
#3397 = DIRECTION ( 'NONE',  ( -1.609823385706476600E-015, 1.000000000000000000, 0.0000000000000000000 ) ) ;
#3398 = CARTESIAN_POINT ( 'NONE',  ( 22.16044702067370100, 68.57785688051524200, 45.50000000000000000 ) ) ;
#3399 =( BOUNDED_SURFACE ( )  B_SPLINE_SURFACE ( 3, 2, ( 
 ( #7721, #10213, #291 ),
 ( #359, #1319, #9550 ),
 ( #4638, #5347, #9587 ),
 ( #2049, #8721, #10387 ),
 ( #4674, #5390, #479 ),
 ( #8645, #7111, #2984 ) ),
 .UNSPECIFIED., .F., .F., .F. ) 
 B_SPLINE_SURFACE_WITH_KNOTS ( ( 4, 2, 4 ),
 ( 3, 3 ),
 ( 0.001946570441207325600, 0.002458168197092180000, 0.002969765952977034200 ),
 ( 0.0000000000000000000, 1.000000000000000000 ),
 .UNSPECIFIED. ) 
 GEOMETRIC_REPRESENTATION_ITEM ( )  RATIONAL_B_SPLINE_SURFACE ( (
 ( 1.000000000000000000, 0.7905694150420734500, 1.000000000000000000),
 ( 1.000000000000000000, 0.7867724708490789800, 1.000000000000000000),
 ( 1.000000000000000000, 0.7746511351127491900, 1.000000000000000000),
 ( 1.000000000000000000, 0.7358282302699272700, 1.000000000000000000),
 ( 1.000000000000000000, 0.7093653984871143300, 1.000000000000000000),
 ( 1.000000000000000000, 0.6775323749750277200, 1.000000000000000000) ) ) 
 REPRESENTATION_ITEM ( '' )  SURFACE ( )  );
#3400 = CARTESIAN_POINT ( 'NONE',  ( 19.63358880370864100, 68.04387154061043900, 47.43396315314851100 ) ) ;
#3401 = CIRCLE ( 'NONE', #7093, 2.000000000000000900 ) ;
#3402 = DIRECTION ( 'NONE',  ( 0.0000000000000000000, 1.000000000000000000, -0.0000000000000000000 ) ) ;
#3403 = ORIENTED_EDGE ( 'NONE', *, *, #7141, .F. ) ;
#3404 = DIRECTION ( 'NONE',  ( -0.0000000000000000000, -0.0000000000000000000, 1.000000000000000000 ) ) ;
#3405 = ORIENTED_EDGE ( 'NONE', *, *, #2189, .T. ) ;
#3406 = CARTESIAN_POINT ( 'NONE',  ( -57.06941588792690800, -32.82803102597169000, 47.48622826149019000 ) ) ;
#3407 = ORIENTED_EDGE ( 'NONE', *, *, #5674, .F. ) ;
#3408 = CARTESIAN_POINT ( 'NONE',  ( 37.66044702067370100, 73.48310668740417400, 15.50000000000000000 ) ) ;
#3409 = B_SPLINE_CURVE_WITH_KNOTS ( 'NONE', 3,
 ( #8297, #7406, #3390, #2450, #5035, #6699, #5067, #9053, #7510, #2561, #4135, #7441, #3328, #89, #1764, #6624, #7552, #3429, #9889, #4959, #10716, #1652, #4167, #8546, #4385, #3611, #9337, #1908, #1872, #116, #5105, #1835 ),
 .UNSPECIFIED., .F., .F.,
 ( 4, 2, 2, 2, 2, 2, 2, 2, 2, 2, 2, 2, 2, 2, 2, 4 ),
 ( 7.152448122690996000E-018, 0.0003978912550167526000, 0.0007957825100334980500, 0.001193673765050243600, 0.001591565020066988900, 0.001989456275083734100, 0.002387347530100479700, 0.003183130040133957900, 0.003581021295150698800, 0.003978912550167438800, 0.004376803805184179200, 0.004774695060200919600, 0.005172586315217660900, 0.005570477570234401300, 0.005968368825251141700, 0.006366260080267882100 ),
 .UNSPECIFIED. ) ;
#3410 = B_SPLINE_CURVE_WITH_KNOTS ( 'NONE', 3,
 ( #2269, #8047, #619, #8083, #6331, #485, #8903, #6300, #2171, #8765, #9593, #4679, #3210, #4852, #9734, #9840, #4014, #6466, #6545, #2370, #3246, #1528, #4885, #650, #8980, #2330, #8117, #5712, #4055, #10638, #7288, #8183, #9803, #9012 ),
 .UNSPECIFIED., .F., .F.,
 ( 4, 2, 2, 2, 2, 2, 2, 2, 2, 2, 2, 2, 2, 2, 2, 2, 4 ),
 ( 0.0000000000000000000, 0.0004000698325101479200, 0.0008001396650202958300, 0.001200209497530443800, 0.001600279330040591700, 0.002000349162550739600, 0.002400418995060887500, 0.002800488827571035400, 0.003200558660081183300, 0.003600628492591331300, 0.004000698325101479200, 0.004400768157611627100, 0.004800837990121775000, 0.005200907822631922900, 0.005600977655142070800, 0.006001047487652218800, 0.006401117320162366700 ),
 .UNSPECIFIED. ) ;
#3411 = EDGE_CURVE ( 'NONE', #4472, #3858, #3401, .T. ) ;
#3412 = CYLINDRICAL_SURFACE ( 'NONE', #5953, 52.92058191901602300 ) ;
#3413 = CARTESIAN_POINT ( 'NONE',  ( 18.17264739370967400, -33.38183152189390800, 15.24455901932126500 ) ) ;
#3414 = CARTESIAN_POINT ( 'NONE',  ( 52.52739099565675200, -30.32255866079095000, 46.97374700666120600 ) ) ;
#3415 = DIRECTION ( 'NONE',  ( -0.0000000000000000000, -0.0000000000000000000, 1.000000000000000000 ) ) ;
#3416 = CARTESIAN_POINT ( 'NONE',  ( 22.16044702067385000, -33.45785864922130800, 45.50000000000000000 ) ) ;
#3417 = ORIENTED_EDGE ( 'NONE', *, *, #10025, .F. ) ;
#3418 = CARTESIAN_POINT ( 'NONE',  ( -19.48955297932633400, 69.75841507160110700, 39.79816113857914700 ) ) ;
#3419 = VERTEX_POINT ( 'NONE', #8839 ) ;
#3420 = DIRECTION ( 'NONE',  ( 0.0000000000000000000, 1.000000000000000000, 0.0000000000000000000 ) ) ;
#3421 = ADVANCED_FACE ( 'NONE', ( #4453 ), #3669, .F. ) ;
#3422 = LINE ( 'NONE', #5802, #2261 ) ;
#3423 = CARTESIAN_POINT ( 'NONE',  ( -58.67609805246873100, 68.17170178044725000, 14.00650777892164600 ) ) ;
#3424 = AXIS2_PLACEMENT_3D ( 'NONE', #3684, #8687, #1241 ) ;
#3425 = CARTESIAN_POINT ( 'NONE',  ( -55.33955297932630700, 73.48310668740403200, 45.50000000000000000 ) ) ;
#3426 = CARTESIAN_POINT ( 'NONE',  ( 37.27105277023697700, 70.93843228486484500, 14.28598676118487600 ) ) ;
#3427 = VECTOR ( 'NONE', #8114, 1000.000000000000000 ) ;
#3428 = EDGE_LOOP ( 'NONE', ( #5348, #8155 ) ) ;
#3429 = CARTESIAN_POINT ( 'NONE',  ( 4.133588803708627200, 68.04387154061038200, 47.43396315314849000 ) ) ;
#3430 = CIRCLE ( 'NONE', #3936, 1.899999999999999000 ) ;
#3431 = CARTESIAN_POINT ( 'NONE',  ( 37.59903329396215100, 71.15997893499604700, 46.00815311873948600 ) ) ;
#3432 = CARTESIAN_POINT ( 'NONE',  ( 25.88185098560844800, 35.40728971713154700, 9.304344048900814500 ) ) ;
#3433 = FACE_OUTER_BOUND ( 'NONE', #6522, .T. ) ;
#3434 = DIRECTION ( 'NONE',  ( 1.000000000000000000, -0.0000000000000000000, 0.0000000000000000000 ) ) ;
#3435 = ORIENTED_EDGE ( 'NONE', *, *, #7028, .F. ) ;
#3436 = EDGE_CURVE ( 'NONE', #5978, #5235, #3410, .T. ) ;
#3437 = DIRECTION ( 'NONE',  ( -1.000000000000000000, 0.0000000000000000000, 0.0000000000000000000 ) ) ;
#3438 = AXIS2_PLACEMENT_3D ( 'NONE', #9426, #1306, #9540 ) ;
#3439 = CYLINDRICAL_SURFACE ( 'NONE', #4701, 1.000000000000000900 ) ;
#3440 = AXIS2_PLACEMENT_3D ( 'NONE', #834, #5093, #4987 ) ;
#3441 = DIRECTION ( 'NONE',  ( 1.606207778533894200E-015, -1.000000000000000000, 0.0000000000000000000 ) ) ;
#3442 = DIRECTION ( 'NONE',  ( -1.000000000000000000, 0.0000000000000000000, 0.0000000000000000000 ) ) ;
#3443 = DIRECTION ( 'NONE',  ( 0.0000000000000000000, 0.0000000000000000000, 1.000000000000000000 ) ) ;
#3444 = ORIENTED_EDGE ( 'NONE', *, *, #1507, .F. ) ;
#3445 = CYLINDRICAL_SURFACE ( 'NONE', #42, 4.899999999999980800 ) ;
#3446 = ORIENTED_EDGE ( 'NONE', *, *, #6655, .T. ) ;
#3447 = CARTESIAN_POINT ( 'NONE',  ( -12.83955297932630500, 67.85138516078997400, 12.92499999999894700 ) ) ;
#3448 = DIRECTION ( 'NONE',  ( -1.000000000000000000, 0.0000000000000000000, -0.0000000000000000000 ) ) ;
#3449 = CYLINDRICAL_SURFACE ( 'NONE', #3178, 2.000000000000001800 ) ;
#3450 = CARTESIAN_POINT ( 'NONE',  ( -55.42279006193196300, -11.33733507041127100, -1.040834085586084300E-014 ) ) ;
#3451 = DIRECTION ( 'NONE',  ( -1.000000000000000000, -1.603063405027194900E-016, -0.0000000000000000000 ) ) ;
#3452 = CARTESIAN_POINT ( 'NONE',  ( -8.900966706037824100, 71.15997893499604700, 46.00815311873948600 ) ) ;
#3453 = CIRCLE ( 'NONE', #5856, 4.899999999999980800 ) ;
#3454 = CARTESIAN_POINT ( 'NONE',  ( 2.672647393709666200, -33.38183152189391500, 15.24455901932126700 ) ) ;
#3455 = VECTOR ( 'NONE', #4468, 1000.000000000000000 ) ;
#3456 = ORIENTED_EDGE ( 'NONE', *, *, #2228, .F. ) ;
#3457 = DIRECTION ( 'NONE',  ( -1.000000000000000000, -4.857238570644847900E-017, 0.0000000000000000000 ) ) ;
#3458 = AXIS2_PLACEMENT_3D ( 'NONE', #4955, #10712, #6694 ) ;
#3459 = DIRECTION ( 'NONE',  ( -1.619075244245020000E-015, 1.000000000000000000, 0.0000000000000000000 ) ) ;
#3460 = CARTESIAN_POINT ( 'NONE',  ( -56.44182520693626500, 68.08542183316704700, 13.70785373847571600 ) ) ;
#3461 = EDGE_CURVE ( 'NONE', #1179, #7372, #30, .T. ) ;
#3462 = VECTOR ( 'NONE', #7442, 1000.000000000000000 ) ;
#3463 = CARTESIAN_POINT ( 'NONE',  ( -43.43918029584231300, -30.39782763344912900, 46.70745186629105900 ) ) ;
#3464 = CARTESIAN_POINT ( 'NONE',  ( 35.92516895328568400, 70.67808960840119400, 13.49946613378535800 ) ) ;
#3465 =( BOUNDED_CURVE ( )  B_SPLINE_CURVE ( 3, ( #2957, #3796, #9624, #9523 ),
 .UNSPECIFIED., .F., .F. ) 
 B_SPLINE_CURVE_WITH_KNOTS ( ( 4, 4 ),
 ( 4.712388980384678100, 4.736423040071506400 ),
 .UNSPECIFIED. ) 
 CURVE ( )  GEOMETRIC_REPRESENTATION_ITEM ( )  RATIONAL_B_SPLINE_CURVE ( ( 1.000000000000000000, 0.9999518642438547400, 0.9999518642438547400, 1.000000000000000000 ) ) 
 REPRESENTATION_ITEM ( '' )  );
#3466 = FACE_OUTER_BOUND ( 'NONE', #3235, .T. ) ;
#3467 = VECTOR ( 'NONE', #8365, 1000.000000000000000 ) ;
#3468 = CARTESIAN_POINT ( 'NONE',  ( 22.16044702067379600, 10.48310668740398700, 30.50000000000000000 ) ) ;
#3469 = CARTESIAN_POINT ( 'NONE',  ( 25.88247239614251400, 35.44144465257382800, 9.263639781882645300 ) ) ;
#3470 = CIRCLE ( 'NONE', #4483, 1.000000000000000900 ) ;
#3471 = DIRECTION ( 'NONE',  ( 1.000000000000000000, 1.609823385706476600E-015, -0.0000000000000000000 ) ) ;
#3472 = CARTESIAN_POINT ( 'NONE',  ( 6.660447020673862200, -33.45785864922130800, 45.50000000000000000 ) ) ;
#3473 = DIRECTION ( 'NONE',  ( 0.0000000000000000000, 0.0000000000000000000, -1.000000000000000000 ) ) ;
#3474 = EDGE_LOOP ( 'NONE', ( #700, #10343, #286, #771 ) ) ;
#3475 = EDGE_CURVE ( 'NONE', #4559, #808, #277, .T. ) ;
#3476 = ADVANCED_FACE ( 'NONE', ( #8059 ), #1457, .F. ) ;
#3477 = CARTESIAN_POINT ( 'NONE',  ( -11.73716024769186300, -30.23049801575834600, 47.29216817450323200 ) ) ;
#3478 = CARTESIAN_POINT ( 'NONE',  ( -71.04602967032580800, 17.29239248953931700, 30.50000000000000400 ) ) ;
#3479 = CARTESIAN_POINT ( 'NONE',  ( -12.83955297932631900, 64.69416571815631300, 29.80073593128703300 ) ) ;
#3480 = CIRCLE ( 'NONE', #5594, 60.00000000000000000 ) ;
#3481 = B_SPLINE_CURVE_WITH_KNOTS ( 'NONE', 3,
 ( #6558, #8779, #7339, #4621, #2968, #4833, #8161, #3848 ),
 .UNSPECIFIED., .F., .F.,
 ( 4, 2, 2, 4 ),
 ( 0.004735129225445387400, 0.005227803092958205900, 0.005720476960471024300, 0.006705824695496661100 ),
 .UNSPECIFIED. ) ;
#3482 = B_SPLINE_CURVE_WITH_KNOTS ( 'NONE', 3,
 ( #1265, #7927, #3744, #5418, #7855, #7821, #7069, #2117, #7891, #4627, #2901, #1184, #5297, #9503, #10377, #4473, #2824, #4587, #1146, #10335, #2858, #428, #2938, #4546 ),
 .UNSPECIFIED., .F., .F.,
 ( 4, 2, 2, 2, 2, 2, 2, 2, 2, 2, 2, 4 ),
 ( 0.006369424049232926200, 0.006769429621276829900, 0.007169435193320733600, 0.007969446337408548800, 0.008769457481496364900, 0.009169463053540273900, 0.009569468625584182800, 0.01036947976967198000, 0.01076948534171587700, 0.01116949091375977300, 0.01196950205784755000, 0.01276951320193532800 ),
 .UNSPECIFIED. ) ;
#3483 = CARTESIAN_POINT ( 'NONE',  ( 24.88247239614251800, -18.00080557695489600, 10.26363978188264500 ) ) ;
#3484 = ORIENTED_EDGE ( 'NONE', *, *, #4969, .T. ) ;
#3485 = PLANE ( 'NONE',  #6657 ) ;
#3486 = CARTESIAN_POINT ( 'NONE',  ( -56.10049042745316700, 70.82034869124889600, 47.07544141014533100 ) ) ;
#3487 = ADVANCED_FACE ( 'NONE', ( #9468 ), #729, .F. ) ;
#3488 = AXIS2_PLACEMENT_3D ( 'NONE', #406, #9525, #1164 ) ;
#3489 = CARTESIAN_POINT ( 'NONE',  ( 36.99924802116424200, -32.99306559930857200, 46.99152284956494400 ) ) ;
#3490 = EDGE_CURVE ( 'NONE', #2131, #4278, #4191, .T. ) ;
#3491 = VECTOR ( 'NONE', #9600, 1000.000000000000000 ) ;
#3492 = CARTESIAN_POINT ( 'NONE',  ( 37.66044702067386400, -33.45785864922130800, 45.50000000000000000 ) ) ;
#3493 = ORIENTED_EDGE ( 'NONE', *, *, #667, .T. ) ;
#3494 = ORIENTED_EDGE ( 'NONE', *, *, #6462, .T. ) ;
#3495 = CARTESIAN_POINT ( 'NONE',  ( 34.32390194753143900, -30.31678452251983600, 14.00650777892164800 ) ) ;
#3496 = CARTESIAN_POINT ( 'NONE',  ( 37.66044702067370100, 71.31277590714870500, 45.50000000000000000 ) ) ;
#3497 = ORIENTED_EDGE ( 'NONE', *, *, #9457, .T. ) ;
#3498 = CARTESIAN_POINT ( 'NONE',  ( 50.21284372444284800, 66.40310485557927200, 52.25638657725457400 ) ) ;
#3499 = FACE_OUTER_BOUND ( 'NONE', #7796, .T. ) ;
#3500 = CARTESIAN_POINT ( 'NONE',  ( 42.93611350025724200, 64.65004413238763400, 30.03657136934647200 ) ) ;
#3501 = DIRECTION ( 'NONE',  ( -0.0000000000000000000, 0.0000000000000000000, 1.000000000000000000 ) ) ;
#3502 = ORIENTED_EDGE ( 'NONE', *, *, #113, .T. ) ;
#3503 = CARTESIAN_POINT ( 'NONE',  ( 49.91055137431904900, 70.81825706508504900, 13.91725300995628300 ) ) ;
#3504 = EDGE_CURVE ( 'NONE', #8276, #8251, #1981, .T. ) ;
#3505 = CARTESIAN_POINT ( 'NONE',  ( -12.08944862568098300, 70.81825706508506400, 13.91725300995627800 ) ) ;
#3506 = ORIENTED_EDGE ( 'NONE', *, *, #5958, .F. ) ;
#3507 = CARTESIAN_POINT ( 'NONE',  ( -14.11566395143685200, 35.39024010312946400, 9.324662987640136800 ) ) ;
#3508 = EDGE_LOOP ( 'NONE', ( #7930, #5990, #10017, #4715 ) ) ;
#3509 = DIRECTION ( 'NONE',  ( 0.0000000000000000000, 0.0000000000000000000, 1.000000000000000000 ) ) ;
#3510 = ORIENTED_EDGE ( 'NONE', *, *, #6976, .T. ) ;
#3511 = CARTESIAN_POINT ( 'NONE',  ( -39.83752760385750200, 33.35024010312945800, 3.000000000000000000 ) ) ;
#3512 = DIRECTION ( 'NONE',  ( 1.000000000000000000, 1.594400883811535600E-015, -1.544146327605653900E-029 ) ) ;
#3513 = ORIENTED_EDGE ( 'NONE', *, *, #10074, .F. ) ;
#3514 = ORIENTED_EDGE ( 'NONE', *, *, #2024, .T. ) ;
#3515 = DIRECTION ( 'NONE',  ( -0.0000000000000000000, -1.000000000000000000, -0.0000000000000000000 ) ) ;
#3516 = ORIENTED_EDGE ( 'NONE', *, *, #3920, .F. ) ;
#3517 = CARTESIAN_POINT ( 'NONE',  ( 34.42794165959596600, -30.29179345072053700, 47.08055067344097500 ) ) ;
#3518 = EDGE_CURVE ( 'NONE', #8485, #9924, #10508, .T. ) ;
#3519 = ORIENTED_EDGE ( 'NONE', *, *, #7173, .T. ) ;
#3520 = CARTESIAN_POINT ( 'NONE',  ( 45.16044702067369300, 60.67025643711581000, 3.000000000000000000 ) ) ;
#3521 = AXIS2_PLACEMENT_3D ( 'NONE', #9776, #3955, #2244 ) ;
#3522 = ORIENTED_EDGE ( 'NONE', *, *, #9049, .F. ) ;
#3523 = CARTESIAN_POINT ( 'NONE',  ( 36.89135720192213300, 68.14634757044126400, 13.91818639255002500 ) ) ;
#3524 = CARTESIAN_POINT ( 'NONE',  ( 18.92407939908359200, -32.96473535373272800, 47.07755070606839400 ) ) ;
#3525 = VERTEX_POINT ( 'NONE', #4876 ) ;
#3526 = CARTESIAN_POINT ( 'NONE',  ( -56.31743223855081500, 70.77107199232494800, 47.22411160762044300 ) ) ;
#3527 = EDGE_CURVE ( 'NONE', #8444, #6178, #5915, .T. ) ;
#3528 = CIRCLE ( 'NONE', #5579, 52.92058191901601600 ) ;
#3529 = ORIENTED_EDGE ( 'NONE', *, *, #3900, .F. ) ;
#3530 = CARTESIAN_POINT ( 'NONE',  ( 18.16044702067369000, 73.48310668740414500, 15.50000000000000000 ) ) ;
#3531 = ADVANCED_FACE ( 'NONE', ( #6128 ), #610, .T. ) ;
#3532 = ORIENTED_EDGE ( 'NONE', *, *, #1381, .F. ) ;
#3533 = CARTESIAN_POINT ( 'NONE',  ( -57.60869562897714500, 68.02846313620739200, 13.51374924449796600 ) ) ;
#3534 = EDGE_LOOP ( 'NONE', ( #8885, #1839, #5076, #339, #4294, #9955 ) ) ;
#3535 = ORIENTED_EDGE ( 'NONE', *, *, #6637, .T. ) ;
#3536 = CARTESIAN_POINT ( 'NONE',  ( 49.07568491021857000, 69.59156376757738400, 40.80608018496253900 ) ) ;
#3537 = ORIENTED_EDGE ( 'NONE', *, *, #1532, .T. ) ;
#3538 = CARTESIAN_POINT ( 'NONE',  ( -27.24078466846783500, -32.89400056355844300, 47.29038196465390300 ) ) ;
#3539 = FACE_OUTER_BOUND ( 'NONE', #7783, .T. ) ;
#3540 = CARTESIAN_POINT ( 'NONE',  ( 51.88661950900906600, 67.94110517692350000, 47.78806372340899600 ) ) ;
#3541 = DIRECTION ( 'NONE',  ( -1.000000000000000000, 0.0000000000000000000, 0.0000000000000000000 ) ) ;
#3542 = EDGE_CURVE ( 'NONE', #8024, #8403, #8306, .T. ) ;
#3543 = CARTESIAN_POINT ( 'NONE',  ( 53.16044702067385700, -26.22335454952341000, 45.50000000000000000 ) ) ;
#3544 = CARTESIAN_POINT ( 'NONE',  ( -10.30735218776057500, 70.69656858523480000, 13.55368265994383000 ) ) ;
#3545 = ORIENTED_EDGE ( 'NONE', *, *, #6326, .T. ) ;
#3546 = ADVANCED_FACE ( 'NONE', ( #3147 ), #8895, .T. ) ;
#3547 = ORIENTED_EDGE ( 'NONE', *, *, #6531, .T. ) ;
#3548 = VERTEX_POINT ( 'NONE', #6457 ) ;
#3549 = PLANE ( 'NONE',  #9507 ) ;
#3550 = CARTESIAN_POINT ( 'NONE',  ( -12.77762383601257000, 68.44379260466875800, 14.98948247064432800 ) ) ;
#3551 = DIRECTION ( 'NONE',  ( 0.0000000000000000000, 0.0000000000000000000, 1.000000000000000000 ) ) ;
#3552 = CIRCLE ( 'NONE', #8974, 1.900000000000001500 ) ;
#3553 = CARTESIAN_POINT ( 'NONE',  ( -33.48752760385749400, -14.90975989687055900, 7.000000000000000000 ) ) ;
#3554 = CARTESIAN_POINT ( 'NONE',  ( 2.660447020673690300, 71.27490271540914100, 15.37186173385273400 ) ) ;
#3555 = CARTESIAN_POINT ( 'NONE',  ( -28.24027679334695100, -30.55528424148093700, 14.86456217552655600 ) ) ;
#3556 = ORIENTED_EDGE ( 'NONE', *, *, #2139, .F. ) ;
#3557 = AXIS2_PLACEMENT_3D ( 'NONE', #1591, #5983, #1886 ) ;
#3558 = CARTESIAN_POINT ( 'NONE',  ( 34.06081970415771600, -30.39782763344911100, 46.70745186629105900 ) ) ;
#3559 = B_SPLINE_CURVE_WITH_KNOTS ( 'NONE', 3,
 ( #7920, #1259, #9537, #2820, #1177, #1299, #9419, #7811, #8664, #8700, #2067, #4541, #9497, #3774, #4580, #421, #2932, #10266, #6235, #6982, #2852, #7097, #7062, #2966, #2110, #8593 ),
 .UNSPECIFIED., .F., .F.,
 ( 4, 2, 2, 2, 2, 2, 2, 2, 2, 2, 2, 2, 4 ),
 ( 0.006342387075903222600, 0.006740216801652377600, 0.007138046527401532500, 0.007933705978899845800, 0.008331535704649006800, 0.008729365430398166100, 0.009127195156147325400, 0.009525024881896484600, 0.01032068433339478200, 0.01071851405914392400, 0.01111634378489306600, 0.01191200323639136600, 0.01270766268788966300 ),
 .UNSPECIFIED. ) ;
#3560 = EDGE_CURVE ( 'NONE', #7368, #3419, #5868, .T. ) ;
#3561 = CARTESIAN_POINT ( 'NONE',  ( 50.14357945949861800, -30.24940942227408100, 13.77274710912329600 ) ) ;
#3562 = VECTOR ( 'NONE', #4143, 1000.000000000000000 ) ;
#3563 = CARTESIAN_POINT ( 'NONE',  ( 21.68170626660492700, -33.05388266498479100, 46.80491334438637100 ) ) ;
#3564 = CARTESIAN_POINT ( 'NONE',  ( -55.40096670603782800, 71.15997893499603300, 46.00815311873948600 ) ) ;
#3565 = LINE ( 'NONE', #1372, #4226 ) ;
#3566 = ORIENTED_EDGE ( 'NONE', *, *, #2440, .T. ) ;
#3567 = CARTESIAN_POINT ( 'NONE',  ( 45.16044702067369300, -26.30929178370303100, 9.297367386975594200 ) ) ;
#3568 = EDGE_CURVE ( 'NONE', #2491, #10602, #1185, .T. ) ;
#3569 = AXIS2_PLACEMENT_3D ( 'NONE', #3215, #3980, #2441 ) ;
#3570 = CIRCLE ( 'NONE', #4343, 59.99999999999999300 ) ;
#3571 = AXIS2_PLACEMENT_3D ( 'NONE', #5381, #472, #6205 ) ;
#3572 = CARTESIAN_POINT ( 'NONE',  ( -9.085938544548191900, -30.45728095927587700, 14.50446528216650100 ) ) ;
#3573 = CARTESIAN_POINT ( 'NONE',  ( 50.65397975097796700, -27.30566516958047200, 50.33236825851169300 ) ) ;
#3574 = DIRECTION ( 'NONE',  ( 0.0000000000000000000, 0.0000000000000000000, 1.000000000000000000 ) ) ;
#3575 = CARTESIAN_POINT ( 'NONE',  ( -28.14422555132701800, -33.19220330655857500, 46.37164858284342700 ) ) ;
#3576 = AXIS2_PLACEMENT_3D ( 'NONE', #10182, #6900, #6935 ) ;
#3577 = FACE_OUTER_BOUND ( 'NONE', #4262, .T. ) ;
#3578 = ORIENTED_EDGE ( 'NONE', *, *, #10584, .F. ) ;
#3579 = CARTESIAN_POINT ( 'NONE',  ( 37.40330527401869200, -30.45852246694483200, 46.48953342699891100 ) ) ;
#3580 = CARTESIAN_POINT ( 'NONE',  ( 53.16044702067387800, -26.11078464748888500, 45.61909355981457300 ) ) ;
#3581 = CARTESIAN_POINT ( 'NONE',  ( -9.084051832538781600, 71.00959411753548500, 14.50803016031317400 ) ) ;
#3582 = LINE ( 'NONE', #9765, #1897 ) ;
#3583 = DIRECTION ( 'NONE',  ( 0.0000000000000000000, 0.0000000000000000000, -1.000000000000000000 ) ) ;
#3584 = CARTESIAN_POINT ( 'NONE',  ( -12.44902193369217300, 68.25073863944460600, 14.28464133985792600 ) ) ;
#3585 = LINE ( 'NONE', #10198, #80 ) ;
#3586 = VERTEX_POINT ( 'NONE', #8171 ) ;
#3587 = EDGE_CURVE ( 'NONE', #929, #8539, #8564, .T. ) ;
#3588 = AXIS2_PLACEMENT_3D ( 'NONE', #1313, #7107, #2159 ) ;
#3589 = AXIS2_PLACEMENT_3D ( 'NONE', #5448, #8738, #1300 ) ;
#3590 = CARTESIAN_POINT ( 'NONE',  ( 3.410551374319025000, 70.81825706508504900, 13.91725300995627800 ) ) ;
#3591 = CYLINDRICAL_SURFACE ( 'NONE', #9532, 28.12686385698107800 ) ;
#3592 = CARTESIAN_POINT ( 'NONE',  ( 22.06218719550625100, 71.12167497840825100, 46.13253221513175400 ) ) ;
#3593 = LINE ( 'NONE', #2444, #1383 ) ;
#3594 = CIRCLE ( 'NONE', #3227, 52.92058191901600800 ) ;
#3595 = CIRCLE ( 'NONE', #3721, 1.900000000000001500 ) ;
#3596 = CARTESIAN_POINT ( 'NONE',  ( 49.92540225531090000, -30.29234522573729600, 13.92136558584264900 ) ) ;
#3597 = DIRECTION ( 'NONE',  ( 1.000000000000000000, 0.0000000000000000000, -0.0000000000000000000 ) ) ;
#3598 =( NAMED_UNIT ( * ) SI_UNIT ( $, .STERADIAN. ) SOLID_ANGLE_UNIT ( ) );
#3599 = CARTESIAN_POINT ( 'NONE',  ( -59.27767215660241400, 71.15939277287429800, 46.01007006353241700 ) ) ;
#3600 = PLANE ( 'NONE',  #6147 ) ;
#3601 = LINE ( 'NONE', #601, #2813 ) ;
#3602 = FACE_OUTER_BOUND ( 'NONE', #5345, .T. ) ;
#3603 = CARTESIAN_POINT ( 'NONE',  ( -14.11752760385748400, -19.52275989687055700, 9.263639781882645300 ) ) ;
#3604 = EDGE_LOOP ( 'NONE', ( #5088, #2681, #6318, #8822 ) ) ;
#3605 = EDGE_CURVE ( 'NONE', #2928, #7379, #3528, .T. ) ;
#3606 = CARTESIAN_POINT ( 'NONE',  ( 48.58407871623963100, 69.49908781396825900, 41.32232470568919800 ) ) ;
#3607 = CARTESIAN_POINT ( 'NONE',  ( 50.31149973384896200, -28.26032279539732200, 51.69490358372774400 ) ) ;
#3608 = DIRECTION ( 'NONE',  ( 0.0000000000000000000, 0.0000000000000000000, 1.000000000000000000 ) ) ;
#3609 = DIRECTION ( 'NONE',  ( -0.7071067811865486800, -8.533962070119746700E-015, -0.7071067811865463500 ) ) ;
#3610 = LINE ( 'NONE', #8863, #1402 ) ;
#3611 = CARTESIAN_POINT ( 'NONE',  ( 2.918551089370400300, 68.31296929035831100, 46.49123464712619100 ) ) ;
#3612 = DIRECTION ( 'NONE',  ( 1.638987529116215900E-015, -1.000000000000000000, 5.310319594336539500E-015 ) ) ;
#3613 = CARTESIAN_POINT ( 'NONE',  ( -18.19241017584722500, 69.69043993196783000, 40.24349944397616200 ) ) ;
#3614 = ORIENTED_EDGE ( 'NONE', *, *, #5969, .F. ) ;
#3615 = DIRECTION ( 'NONE',  ( -0.0000000000000000000, -0.0000000000000000000, 1.000000000000000000 ) ) ;
#3616 = CARTESIAN_POINT ( 'NONE',  ( -55.33955297932629200, 68.57785688051522800, 45.50000000000000000 ) ) ;
#3617 = ORIENTED_EDGE ( 'NONE', *, *, #7991, .F. ) ;
#3618 = CARTESIAN_POINT ( 'NONE',  ( -56.04602967032580800, 61.68521411253468800, 3.104097538031597800 ) ) ;
#3619 = CARTESIAN_POINT ( 'NONE',  ( -12.17609805246874200, 68.17170178044723600, 14.00650777892165300 ) ) ;
#3620 = CIRCLE ( 'NONE', #5095, 1.000000000000000900 ) ;
#3621 = EDGE_CURVE ( 'NONE', #10434, #6134, #1575, .T. ) ;
#3622 = CARTESIAN_POINT ( 'NONE',  ( -9.321744406945358100, -30.36923500876986300, 46.80892437815206400 ) ) ;
#3623 = ORIENTED_EDGE ( 'NONE', *, *, #9529, .F. ) ;
#3624 = DIRECTION ( 'NONE',  ( 1.000000000000000000, 0.0000000000000000000, 0.0000000000000000000 ) ) ;
#3625 = DIRECTION ( 'NONE',  ( -0.0000000000000000000, -0.0000000000000000000, -1.000000000000000000 ) ) ;
#3626 = VERTEX_POINT ( 'NONE', #7455 ) ;
#3627 = CIRCLE ( 'NONE', #10472, 52.92058191901593000 ) ;
#3628 = CARTESIAN_POINT ( 'NONE',  ( 52.76820635567720100, -30.39513334381998200, 14.28218670468147700 ) ) ;
#3629 = VERTEX_POINT ( 'NONE', #859 ) ;
#3630 = AXIS2_PLACEMENT_3D ( 'NONE', #6718, #3448, #4331 ) ;
#3631 = DIRECTION ( 'NONE',  ( 0.0000000000000000000, 0.0000000000000000000, -1.000000000000000000 ) ) ;
#3632 = CARTESIAN_POINT ( 'NONE',  ( -59.08342570762120300, 71.01045606481396500, 46.48771649178682700 ) ) ;
#3633 = PLANE ( 'NONE',  #1141 ) ;
#3634 = ORIENTED_EDGE ( 'NONE', *, *, #622, .T. ) ;
#3635 = EDGE_CURVE ( 'NONE', #7485, #6156, #8383, .T. ) ;
#3636 = VERTEX_POINT ( 'NONE', #5013 ) ;
#3637 = CARTESIAN_POINT ( 'NONE',  ( 52.26563500428746100, -24.40264815664012200, 47.27055040266587600 ) ) ;
#3638 = VERTEX_POINT ( 'NONE', #1662 ) ;
#3639 = LINE ( 'NONE', #7390, #1024 ) ;
#3640 = VERTEX_POINT ( 'NONE', #7488 ) ;
#3641 = EDGE_LOOP ( 'NONE', ( #7240, #8676, #284, #7652 ) ) ;
#3642 = CARTESIAN_POINT ( 'NONE',  ( 50.16044702067387100, -27.76616977222107300, 53.30905310338185600 ) ) ;
#3643 = CARTESIAN_POINT ( 'NONE',  ( 50.73103940228183000, 64.42565967808042200, 50.10761141566500500 ) ) ;
#3644 = EDGE_LOOP ( 'NONE', ( #9718, #6384 ) ) ;
#3645 = CARTESIAN_POINT ( 'NONE',  ( -61.04602967032580100, 64.23011617120123200, 52.00000000000002100 ) ) ;
#3646 = CARTESIAN_POINT ( 'NONE',  ( 37.46332985977925000, -30.48996613893637100, 46.37546170744722900 ) ) ;
#3647 = EDGE_LOOP ( 'NONE', ( #8269, #6236, #3494, #7128 ) ) ;
#3648 = DIRECTION ( 'NONE',  ( -1.000000000000000000, 0.0000000000000000000, 0.0000000000000000000 ) ) ;
#3649 = CARTESIAN_POINT ( 'NONE',  ( 40.21247239614250900, 33.35024010312945800, 7.000000000000000000 ) ) ;
#3650 = EDGE_CURVE ( 'NONE', #2504, #4270, #1324, .T. ) ;
#3651 = ORIENTED_EDGE ( 'NONE', *, *, #4260, .T. ) ;
#3652 = ORIENTED_EDGE ( 'NONE', *, *, #3978, .T. ) ;
#3653 = AXIS2_PLACEMENT_3D ( 'NONE', #9400, #10282, #7807 ) ;
#3654 = EDGE_LOOP ( 'NONE', ( #1413, #6648, #3275, #4025, #873, #4962, #1568, #9402, #5186, #9515, #549, #551 ) ) ;
#3655 = ADVANCED_FACE ( 'NONE', ( #10122 ), #9972, .T. ) ;
#3656 = AXIS2_PLACEMENT_3D ( 'NONE', #8026, #7336, #2348 ) ;
#3657 = DIRECTION ( 'NONE',  ( 0.0000000000000000000, 0.0000000000000000000, 1.000000000000000000 ) ) ;
#3658 = CARTESIAN_POINT ( 'NONE',  ( -10.97678040068694100, 68.02446546358443400, 13.50023440605407500 ) ) ;
#3659 = CARTESIAN_POINT ( 'NONE',  ( -55.39054736697585900, 71.15774511071498400, 14.98311939265720800 ) ) ;
#3660 = ORIENTED_EDGE ( 'NONE', *, *, #1381, .T. ) ;
#3661 = DIRECTION ( 'NONE',  ( 0.0000000000000000000, 0.0000000000000000000, -1.000000000000000000 ) ) ;
#3662 = CARTESIAN_POINT ( 'NONE',  ( -71.04602967032580800, -29.15443035959371800, 10.38075333641063800 ) ) ;
#3663 = ORIENTED_EDGE ( 'NONE', *, *, #1440, .T. ) ;
#3664 = DIRECTION ( 'NONE',  ( 1.609823385706476600E-015, -1.000000000000000000, -4.165779463821302700E-032 ) ) ;
#3665 = ORIENTED_EDGE ( 'NONE', *, *, #7203, .T. ) ;
#3666 = ORIENTED_EDGE ( 'NONE', *, *, #38, .F. ) ;
#3667 = CARTESIAN_POINT ( 'NONE',  ( 18.16044702067369700, 71.27489704920779400, 45.62815743689000000 ) ) ;
#3668 = CARTESIAN_POINT ( 'NONE',  ( -56.04602967032580800, 54.90992920665785700, 3.000000000000000000 ) ) ;
#3669 = CYLINDRICAL_SURFACE ( 'NONE', #416, 2.000000000000001800 ) ;
#3670 = EDGE_CURVE ( 'NONE', #2442, #7368, #7604, .T. ) ;
#3671 = DIRECTION ( 'NONE',  ( 1.000000000000000000, 0.0000000000000000000, 0.0000000000000000000 ) ) ;
#3672 = AXIS2_PLACEMENT_3D ( 'NONE', #4607, #7152, #4711 ) ;
#3673 = ORIENTED_EDGE ( 'NONE', *, *, #10313, .F. ) ;
#3674 = EDGE_CURVE ( 'NONE', #6998, #8072, #7092, .T. ) ;
#3675 = ORIENTED_EDGE ( 'NONE', *, *, #2407, .F. ) ;
#3676 = CARTESIAN_POINT ( 'NONE',  ( -42.96479852183384200, 56.32270110567862500, 3.000000000000000000 ) ) ;
#3677 = ORIENTED_EDGE ( 'NONE', *, *, #3587, .F. ) ;
#3678 = CARTESIAN_POINT ( 'NONE',  ( 52.06438650299942600, -32.89447195299492000, 47.28897289183627400 ) ) ;
#3679 = CIRCLE ( 'NONE', #6162, 1.899999999999999000 ) ;
#3680 = CARTESIAN_POINT ( 'NONE',  ( 5.895244509736559600, -32.96432308532411100, 13.92119940995662300 ) ) ;
#3681 = CARTESIAN_POINT ( 'NONE',  ( 50.16044702067368600, 63.57531163979638900, 57.36015214575591200 ) ) ;
#3682 = CARTESIAN_POINT ( 'NONE',  ( -56.04602967032580800, -23.95501194873044100, 9.900000000000000400 ) ) ;
#3683 = CIRCLE ( 'NONE', #1227, 60.00000000000000000 ) ;
#3684 = CARTESIAN_POINT ( 'NONE',  ( -39.83955297932624300, 27.37181057052338000, 30.50000000000000000 ) ) ;
#3685 = EDGE_LOOP ( 'NONE', ( #9034, #6279, #4510, #7772 ) ) ;
#3686 = ORIENTED_EDGE ( 'NONE', *, *, #8336, .F. ) ;
#3687 = CARTESIAN_POINT ( 'NONE',  ( -56.04602967032580800, 61.80992920665785600, 9.900000000000000400 ) ) ;
#3688 = CARTESIAN_POINT ( 'NONE',  ( 48.41044702067365800, 65.31592815729848700, 31.91520202535431800 ) ) ;
#3689 = CARTESIAN_POINT ( 'NONE',  ( 37.26132336324133100, -30.39829426911973100, 46.70578863413461300 ) ) ;
#3690 = CARTESIAN_POINT ( 'NONE',  ( -18.49709053160741900, 69.47964672710233500, 41.42767265309039000 ) ) ;
#3691 = EDGE_CURVE ( 'NONE', #25, #5201, #1666, .T. ) ;
#3692 = CIRCLE ( 'NONE', #3438, 59.99999999999997200 ) ;
#3693 = CARTESIAN_POINT ( 'NONE',  ( 50.13304954072041400, 70.76709497378021800, 13.76377908748839800 ) ) ;
#3694 = VECTOR ( 'NONE', #2091, 1000.000000000000000 ) ;
#3695 = DIRECTION ( 'NONE',  ( -1.000000000000000000, 0.0000000000000000000, 0.0000000000000000000 ) ) ;
#3696 = ORIENTED_EDGE ( 'NONE', *, *, #9495, .F. ) ;
#3697 = DIRECTION ( 'NONE',  ( 1.000000000000000000, -0.0000000000000000000, 0.0000000000000000000 ) ) ;
#3698 = DIRECTION ( 'NONE',  ( 1.000000000000000000, 1.609823385706476600E-015, -0.0000000000000000000 ) ) ;
#3699 = CARTESIAN_POINT ( 'NONE',  ( 26.29668595851561000, -17.10854633449746100, 3.000000000000000000 ) ) ;
#3700 = VECTOR ( 'NONE', #2060, 1000.000000000000000 ) ;
#3701 = DIRECTION ( 'NONE',  ( 1.609823385706476600E-015, -1.000000000000000000, -4.165779463821302700E-032 ) ) ;
#3702 = CARTESIAN_POINT ( 'NONE',  ( 18.25881632353086600, 71.12159635351373800, 46.13278356156683900 ) ) ;
#3703 = VECTOR ( 'NONE', #737, 1000.000000000000000 ) ;
#3704 = DIRECTION ( 'NONE',  ( 1.000000000000000000, 1.609823385706476600E-015, 2.312964634635743000E-016 ) ) ;
#3705 = ORIENTED_EDGE ( 'NONE', *, *, #9412, .F. ) ;
#3706 = EDGE_CURVE ( 'NONE', #8301, #6554, #4655, .T. ) ;
#3707 = CARTESIAN_POINT ( 'NONE',  ( 52.49379143615424700, -30.31595626274118200, 14.00361017943399100 ) ) ;
#3708 = CARTESIAN_POINT ( 'NONE',  ( -28.33955297932632800, 71.31277590714869100, 45.50000000000000000 ) ) ;
#3709 = PRODUCT_DEFINITION_CONTEXT ( 'detailed design', #1150, 'design' ) ;
#3710 = ADVANCED_FACE ( 'NONE', ( #7865 ), #3732, .F. ) ;
#3711 = VECTOR ( 'NONE', #7031, 1000.000000000000000 ) ;
#3712 = DIRECTION ( 'NONE',  ( -1.000000000000000000, 0.0000000000000000000, 0.0000000000000000000 ) ) ;
#3713 = EDGE_LOOP ( 'NONE', ( #2747, #9599, #4144, #8589 ) ) ;
#3714 = CYLINDRICAL_SURFACE ( 'NONE', #5411, 2.000000000000001800 ) ;
#3715 = ORIENTED_EDGE ( 'NONE', *, *, #9396, .F. ) ;
#3716 = CARTESIAN_POINT ( 'NONE',  ( 4.522081351288441000, -32.82344603182251300, 13.50027294252317700 ) ) ;
#3717 = EDGE_CURVE ( 'NONE', #6334, #10576, #4903, .T. ) ;
#3718 = VECTOR ( 'NONE', #8200, 1000.000000000000000 ) ;
#3719 = DIRECTION ( 'NONE',  ( 0.0000000000000000000, -1.387778780781444400E-014, -1.000000000000000000 ) ) ;
#3720 = DIRECTION ( 'NONE',  ( 1.000000000000000000, 0.0000000000000000000, 0.0000000000000000000 ) ) ;
#3721 = AXIS2_PLACEMENT_3D ( 'NONE', #5971, #5937, #194 ) ;
#3722 = CIRCLE ( 'NONE', #5922, 52.92058191901600800 ) ;
#3723 = DIRECTION ( 'NONE',  ( 1.000000000000000000, 0.0000000000000000000, 0.0000000000000000000 ) ) ;
#3724 = DIRECTION ( 'NONE',  ( -0.0000000000000000000, 0.0000000000000000000, 1.000000000000000000 ) ) ;
#3725 = VECTOR ( 'NONE', #5212, 1000.000000000000000 ) ;
#3726 = DIRECTION ( 'NONE',  ( -1.000000000000000000, -1.609823385706476600E-015, 0.0000000000000000000 ) ) ;
#3727 = VERTEX_POINT ( 'NONE', #10012 ) ;
#3728 = DIRECTION ( 'NONE',  ( 0.0000000000000000000, -1.000000000000000000, 0.0000000000000000000 ) ) ;
#3729 = CARTESIAN_POINT ( 'NONE',  ( 45.16044702067369300, 65.12513958651717900, 11.05139489186360700 ) ) ;
#3730 = FACE_OUTER_BOUND ( 'NONE', #3508, .T. ) ;
#3731 = CARTESIAN_POINT ( 'NONE',  ( -17.07435095397204300, 70.48310668740398900, 30.50000000000000000 ) ) ;
#3732 = CYLINDRICAL_SURFACE ( 'NONE', #4886, 2.000000000000001800 ) ;
#3733 = CARTESIAN_POINT ( 'NONE',  ( 37.66044702067377900, 20.56252476838796600, 30.50000000000000400 ) ) ;
#3734 = EDGE_LOOP ( 'NONE', ( #7906, #8530, #10227, #10393 ) ) ;
#3735 = EDGE_CURVE ( 'NONE', #10339, #8725, #1515, .T. ) ;
#3736 = CARTESIAN_POINT ( 'NONE',  ( 50.16044702067368600, -32.44987874101830300, 35.12228167828153100 ) ) ;
#3737 = AXIS2_PLACEMENT_3D ( 'NONE', #4640, #480, #511 ) ;
#3738 = AXIS2_PLACEMENT_3D ( 'NONE', #7661, #2783, #3551 ) ;
#3739 = CARTESIAN_POINT ( 'NONE',  ( 5.997477254786186800, 70.84746806376688300, 14.00690927629785200 ) ) ;
#3740 = DIRECTION ( 'NONE',  ( -1.000000000000000000, 0.0000000000000000000, 0.0000000000000000000 ) ) ;
#3741 = ADVANCED_FACE ( 'NONE', ( #3602 ), #1394, .T. ) ;
#3742 = EDGE_CURVE ( 'NONE', #5897, #5600, #1523, .T. ) ;
#3743 = VECTOR ( 'NONE', #5657, 1000.000000000000000 ) ;
#3744 = CARTESIAN_POINT ( 'NONE',  ( 33.67264739370966000, -33.38183152189388600, 15.24455901932126500 ) ) ;
#3745 = DIRECTION ( 'NONE',  ( 0.0000000000000000000, 0.0000000000000000000, -1.000000000000000000 ) ) ;
#3746 = VERTEX_POINT ( 'NONE', #2645 ) ;
#3747 = PRODUCT_CONTEXT ( 'NONE', #4477, 'mechanical' ) ;
#3748 = DIRECTION ( 'NONE',  ( 1.000000000000000000, 0.0000000000000000000, 0.0000000000000000000 ) ) ;
#3749 = CYLINDRICAL_SURFACE ( 'NONE', #7105, 1.999999999999994900 ) ;
#3750 = DIRECTION ( 'NONE',  ( 4.625929269271486900E-016, -1.000000000000000000, 0.0000000000000000000 ) ) ;
#3751 = CARTESIAN_POINT ( 'NONE',  ( 51.02923969674851900, -32.82330316228679800, 47.50014823481632900 ) ) ;
#3752 = CARTESIAN_POINT ( 'NONE',  ( 37.66044702067386400, -33.45785864922130800, 45.50000000000000000 ) ) ;
#3753 = ORIENTED_EDGE ( 'NONE', *, *, #5840, .F. ) ;
#3754 = EDGE_CURVE ( 'NONE', #7420, #2196, #8887, .T. ) ;
#3755 = CARTESIAN_POINT ( 'NONE',  ( -14.11752760385748400, -16.87396444631492200, 9.263639781882645300 ) ) ;
#3756 = CARTESIAN_POINT ( 'NONE',  ( 20.69020532434750200, -30.18525937876996000, 13.55316419702327100 ) ) ;
#3757 = CARTESIAN_POINT ( 'NONE',  ( -14.11752760385748400, -17.52275989687055700, 4.000000000000000000 ) ) ;
#3758 = PLANE ( 'NONE',  #6618 ) ;
#3759 = CARTESIAN_POINT ( 'NONE',  ( 53.16044702067385000, -33.45785864922130100, 45.50000000000000000 ) ) ;
#3760 = VECTOR ( 'NONE', #2103, 1000.000000000000000 ) ;
#3761 = CARTESIAN_POINT ( 'NONE',  ( -17.48955297932634100, 68.44617026388613100, 40.51286796564298200 ) ) ;
#3762 = ORIENTED_EDGE ( 'NONE', *, *, #3115, .T. ) ;
#3763 = CARTESIAN_POINT ( 'NONE',  ( -40.23179364432284200, -30.39513334381998900, 14.28218670468147700 ) ) ;
#3764 = ORIENTED_EDGE ( 'NONE', *, *, #4957, .F. ) ;
#3765 = ADVANCED_FACE ( 'NONE', ( #3466 ), #6714, .T. ) ;
#3766 = CARTESIAN_POINT ( 'NONE',  ( 52.32621368453427400, 49.35070674561333700, -1.040834085586084300E-014 ) ) ;
#3767 = CARTESIAN_POINT ( 'NONE',  ( 50.73374366343475800, 64.23011617120090500, 50.09999999999959600 ) ) ;
#3768 = AXIS2_PLACEMENT_3D ( 'NONE', #171, #9316, #8454 ) ;
#3769 = ORIENTED_EDGE ( 'NONE', *, *, #4629, .F. ) ;
#3770 = CARTESIAN_POINT ( 'NONE',  ( 6.660447020673782200, 20.56252476838795900, 30.50000000000000400 ) ) ;
#3771 = EDGE_CURVE ( 'NONE', #7146, #274, #10054, .T. ) ;
#3772 = PLANE ( 'NONE',  #5811 ) ;
#3773 = CIRCLE ( 'NONE', #7106, 60.00000000000000000 ) ;
#3774 = CARTESIAN_POINT ( 'NONE',  ( 50.89130437102287600, 68.02846313620740700, 13.51374924449798900 ) ) ;
#3775 = ORIENTED_EDGE ( 'NONE', *, *, #7381, .T. ) ;
#3776 = CARTESIAN_POINT ( 'NONE',  ( -8.937812804493575000, -33.26675772048087500, 46.13253221513176800 ) ) ;
#3777 = ORIENTED_EDGE ( 'NONE', *, *, #8270, .T. ) ;
#3778 = DIRECTION ( 'NONE',  ( 1.000000000000000000, 0.0000000000000000000, 0.0000000000000000000 ) ) ;
#3779 = ORIENTED_EDGE ( 'NONE', *, *, #2085, .F. ) ;
#3780 = CARTESIAN_POINT ( 'NONE',  ( 3.142317147150676800, -30.36930292958324500, 46.80868971097898900 ) ) ;
#3781 = ORIENTED_EDGE ( 'NONE', *, *, #6995, .T. ) ;
#3782 = CARTESIAN_POINT ( 'NONE',  ( 42.76044702067365200, 70.47903179704961500, 29.80073593128698300 ) ) ;
#3783 = AXIS2_PLACEMENT_3D ( 'NONE', #10066, #7540, #1676 ) ;
#3784 = ORIENTED_EDGE ( 'NONE', *, *, #9392, .F. ) ;
#3785 = AXIS2_PLACEMENT_3D ( 'NONE', #3450, #3415, #4289 ) ;
#3786 = AXIS2_PLACEMENT_3D ( 'NONE', #7708, #278, #8528 ) ;
#3787 = VERTEX_POINT ( 'NONE', #5294 ) ;
#3788 = CARTESIAN_POINT ( 'NONE',  ( 51.29613518748158200, -32.82340458049191100, 47.49984925543874700 ) ) ;
#3789 = VERTEX_POINT ( 'NONE', #2787 ) ;
#3790 = DIRECTION ( 'NONE',  ( 0.0000000000000000000, 0.0000000000000000000, 1.000000000000000000 ) ) ;
#3791 = VERTEX_POINT ( 'NONE', #3662 ) ;
#3792 = CARTESIAN_POINT ( 'NONE',  ( -24.58593854454836200, 68.31219821720327400, 14.50446528216650300 ) ) ;
#3793 = CARTESIAN_POINT ( 'NONE',  ( 21.49379143615425700, -30.31595626274118200, 14.00361017943399100 ) ) ;
#3794 = ADVANCED_FACE ( 'NONE', ( #604 ), #2821, .T. ) ;
#3795 = CARTESIAN_POINT ( 'NONE',  ( 22.06129534526358400, -30.55532595375956400, 46.13529157058125900 ) ) ;
#3796 = CARTESIAN_POINT ( 'NONE',  ( -16.59365819075790300, 70.48310668740397500, 30.01930723678584200 ) ) ;
#3797 = LINE ( 'NONE', #257, #7929 ) ;
#3798 = DIRECTION ( 'NONE',  ( 1.000000000000000000, 0.0000000000000000000, 0.0000000000000000000 ) ) ;
#3799 = DIRECTION ( 'NONE',  ( 1.000000000000000000, 1.609823385706476600E-015, -0.0000000000000000000 ) ) ;
#3800 = CARTESIAN_POINT ( 'NONE',  ( -17.99332175610389200, 68.49637106000898300, 40.37920637155950500 ) ) ;
#3801 = EDGE_LOOP ( 'NONE', ( #5799, #8157, #3125, #7536 ) ) ;
#3802 = EDGE_CURVE ( 'NONE', #10576, #2092, #862, .T. ) ;
#3803 = EDGE_CURVE ( 'NONE', #7314, #1701, #6197, .T. ) ;
#3804 = CARTESIAN_POINT ( 'NONE',  ( -14.11752760385748600, 35.09024010312946700, 3.000000000000000000 ) ) ;
#3805 = EDGE_LOOP ( 'NONE', ( #3274, #4828, #1849, #7777, #5807 ) ) ;
#3806 = AXIS2_PLACEMENT_3D ( 'NONE', #1984, #7840, #9487 ) ;
#3807 = ORIENTED_EDGE ( 'NONE', *, *, #3461, .F. ) ;
#3808 = ORIENTED_EDGE ( 'NONE', *, *, #1276, .F. ) ;
#3809 = ORIENTED_EDGE ( 'NONE', *, *, #3857, .F. ) ;
#3810 = CARTESIAN_POINT ( 'NONE',  ( -12.83955297932631400, 71.31277590714870500, 15.50000000000000000 ) ) ;
#3811 = DIRECTION ( 'NONE',  ( 0.0000000000000000000, -1.000000000000000000, 0.0000000000000000000 ) ) ;
#3812 = CARTESIAN_POINT ( 'NONE',  ( -56.10475549026360700, 70.81924034325152200, 13.92119940995660500 ) ) ;
#3813 = VECTOR ( 'NONE', #5445, 1000.000000000000100 ) ;
#3814 = CARTESIAN_POINT ( 'NONE',  ( 45.16044702067369300, -17.05501194873043900, 3.000000000000000000 ) ) ;
#3815 = CARTESIAN_POINT ( 'NONE',  ( -24.33955297932623200, 20.56252476838795600, 30.50000000000000400 ) ) ;
#3816 = CARTESIAN_POINT ( 'NONE',  ( -12.17649904925880700, -32.99248640920365700, 46.99329394968421500 ) ) ;
#3817 = ORIENTED_EDGE ( 'NONE', *, *, #8370, .T. ) ;
#3818 = ORIENTED_EDGE ( 'NONE', *, *, #5254, .F. ) ;
#3819 = VERTEX_POINT ( 'NONE', #2032 ) ;
#3820 = DIRECTION ( 'NONE',  ( 0.0000000000000000000, 0.0000000000000000000, -1.000000000000000000 ) ) ;
#3821 = VECTOR ( 'NONE', #1552, 1000.000000000000000 ) ;
#3822 = PRESENTATION_LAYER_ASSIGNMENT (  '', '', ( #6179 ) ) ;
#3823 = EDGE_CURVE ( 'NONE', #8309, #1593, #5681, .T. ) ;
#3824 = ADVANCED_FACE ( 'NONE', ( #8116 ), #8520, .T. ) ;
#3825 = DIRECTION ( 'NONE',  ( 1.000000000000000000, 0.0000000000000000000, 0.0000000000000000000 ) ) ;
#3826 = EDGE_LOOP ( 'NONE', ( #9483, #9089, #4029, #9292, #9692, #3954 ) ) ;
#3827 = CARTESIAN_POINT ( 'NONE',  ( 53.16044702067385000, -33.45785864922130100, 45.50000000000000000 ) ) ;
#3828 = CIRCLE ( 'NONE', #302, 4.900000000000001200 ) ;
#3829 = CARTESIAN_POINT ( 'NONE',  ( -28.33955297932633100, 73.48310668740407400, 45.50000000000000000 ) ) ;
#3830 = CARTESIAN_POINT ( 'NONE',  ( -71.04602967032580800, 61.80992920665785600, 5.000000000000000000 ) ) ;
#3831 = CARTESIAN_POINT ( 'NONE',  ( 18.17274641663749800, -30.65625525197416200, 15.24349833912912500 ) ) ;
#3832 = DIRECTION ( 'NONE',  ( 0.0000000000000000000, 1.000000000000000000, 0.0000000000000000000 ) ) ;
#3833 = CARTESIAN_POINT ( 'NONE',  ( 48.20152715907380500, 68.58064960071124000, 40.14866698956871700 ) ) ;
#3834 = CIRCLE ( 'NONE', #2969, 4.900000000000000400 ) ;
#3835 = ORIENTED_EDGE ( 'NONE', *, *, #9748, .T. ) ;
#3836 = CARTESIAN_POINT ( 'NONE',  ( -14.52975500468217300, 62.69007228669751400, 40.51286796564304600 ) ) ;
#3837 = DIRECTION ( 'NONE',  ( 0.0000000000000000000, 6.216092455583559000E-015, -1.000000000000000000 ) ) ;
#3838 = CARTESIAN_POINT ( 'NONE',  ( 50.47197590034343800, -21.58299957906362500, 50.94780995018588500 ) ) ;
#3839 = EDGE_CURVE ( 'NONE', #9930, #568, #9011, .T. ) ;
#3840 = VECTOR ( 'NONE', #6791, 1000.000000000000000 ) ;
#3841 = CARTESIAN_POINT ( 'NONE',  ( -61.04602967032580100, -26.22039438186902100, 57.36015214575595400 ) ) ;
#3842 = CARTESIAN_POINT ( 'NONE',  ( 45.16044702067369300, -17.05501194873043900, 5.000000000000000000 ) ) ;
#3843 = CARTESIAN_POINT ( 'NONE',  ( 53.16044702067376400, 20.56252476838797000, 30.50000000000000400 ) ) ;
#3844 = VECTOR ( 'NONE', #8685, 1000.000000000000000 ) ;
#3845 = EDGE_LOOP ( 'NONE', ( #2160, #3807 ) ) ;
#3846 = CARTESIAN_POINT ( 'NONE',  ( 49.16044702067372200, 70.44402646178203000, 32.66520202535433300 ) ) ;
#3847 = CARTESIAN_POINT ( 'NONE',  ( 48.11028030292895600, 69.45128468532283300, 41.57954665351648800 ) ) ;
#3848 = CARTESIAN_POINT ( 'NONE',  ( 52.66044702067371500, 62.74133133021667400, 46.82287565553230000 ) ) ;
#3849 = CARTESIAN_POINT ( 'NONE',  ( -14.11752760385748400, -18.00080557695490000, 9.263639781882645300 ) ) ;
#3850 = AXIS2_PLACEMENT_3D ( 'NONE', #8006, #1400, #6503 ) ;
#3851 = CARTESIAN_POINT ( 'NONE',  ( -10.56941588792690500, -32.82803102597168300, 47.48622826149019000 ) ) ;
#3852 = ADVANCED_FACE ( 'NONE', ( #7475 ), #1143, .T. ) ;
#3853 = LINE ( 'NONE', #3687, #6828 ) ;
#3854 = AXIS2_PLACEMENT_3D ( 'NONE', #3320, #5928, #10031 ) ;
#3855 = CARTESIAN_POINT ( 'NONE',  ( -61.04602967032580100, 64.02146462258960500, 57.58586771000599200 ) ) ;
#3856 = FACE_OUTER_BOUND ( 'NONE', #3092, .T. ) ;
#3857 = EDGE_CURVE ( 'NONE', #2871, #4958, #5033, .T. ) ;
#3858 = VERTEX_POINT ( 'NONE', #7960 ) ;
#3859 = CARTESIAN_POINT ( 'NONE',  ( 3.060819704157714300, -30.39782763344911800, 46.70745186629105900 ) ) ;
#3860 = CARTESIAN_POINT ( 'NONE',  ( 36.89536137834846100, 68.14724456541655700, 47.07869549017869600 ) ) ;
#3861 = CARTESIAN_POINT ( 'NONE',  ( -39.83955297932613600, -33.45785864922132200, 45.50000000000000000 ) ) ;
#3862 = FACE_OUTER_BOUND ( 'NONE', #488, .T. ) ;
#3863 = LINE ( 'NONE', #10711, #4768 ) ;
#3864 = DIRECTION ( 'NONE',  ( 1.609823385706476600E-015, -1.000000000000000000, -4.165779463821302700E-032 ) ) ;
#3865 = FACE_OUTER_BOUND ( 'NONE', #5203, .T. ) ;
#3866 = EDGE_CURVE ( 'NONE', #3285, #4166, #6963, .T. ) ;
#3867 = CARTESIAN_POINT ( 'NONE',  ( -26.99808749112942900, 68.05590197897602400, 13.60692099700159700 ) ) ;
#3868 = CARTESIAN_POINT ( 'NONE',  ( 26.88247239614251400, 35.09024010312946700, 3.000000000000000000 ) ) ;
#3869 = AXIS2_PLACEMENT_3D ( 'NONE', #10203, #2750, #5263 ) ;
#3870 = AXIS2_PLACEMENT_3D ( 'NONE', #4002, #9757, #7144 ) ;
#3871 = VECTOR ( 'NONE', #7052, 1000.000000000000000 ) ;
#3872 = CARTESIAN_POINT ( 'NONE',  ( 22.14784405055126700, -30.65577268498694300, 45.75832789536875100 ) ) ;
#3873 = CARTESIAN_POINT ( 'NONE',  ( -57.47041335351868000, -30.16944285250753700, 47.50012219141360200 ) ) ;
#3874 = CARTESIAN_POINT ( 'NONE',  ( 35.66044702067369300, 73.48310668740417400, 15.50000000000000000 ) ) ;
#3875 = ORIENTED_EDGE ( 'NONE', *, *, #10572, .F. ) ;
#3876 = CARTESIAN_POINT ( 'NONE',  ( 50.16044702067368600, -21.69072443564891400, 53.43725393319378000 ) ) ;
#3877 = CARTESIAN_POINT ( 'NONE',  ( 49.91055137431922600, -32.96333980715767400, 13.91725300995628500 ) ) ;
#3878 = ADVANCED_FACE ( 'NONE', ( #9787 ), #9399, .T. ) ;
#3879 = DIRECTION ( 'NONE',  ( 1.000000000000000000, 0.0000000000000000000, 0.0000000000000000000 ) ) ;
#3880 = CARTESIAN_POINT ( 'NONE',  ( -25.10463862165155600, 68.14724456541651400, 47.07869549017868800 ) ) ;
#3881 = FACE_OUTER_BOUND ( 'NONE', #1042, .T. ) ;
#3882 = CARTESIAN_POINT ( 'NONE',  ( -40.03507028980613600, -33.19206292539781300, 46.37209799849229300 ) ) ;
#3883 =( BOUNDED_CURVE ( )  B_SPLINE_CURVE ( 3, ( #3688, #10292, #5354, #7907 ),
 .UNSPECIFIED., .F., .F. ) 
 B_SPLINE_CURVE_WITH_KNOTS ( ( 4, 4 ),
 ( 6.101321496498979300, 7.672117823293871400 ),
 .UNSPECIFIED. ) 
 CURVE ( )  GEOMETRIC_REPRESENTATION_ITEM ( )  RATIONAL_B_SPLINE_CURVE ( ( 1.000000000000000000, 0.8047378541243661600, 0.8047378541243661600, 1.000000000000000000 ) ) 
 REPRESENTATION_ITEM ( '' )  );
#3884 = EDGE_CURVE ( 'NONE', #5558, #7634, #10316, .T. ) ;
#3885 = CARTESIAN_POINT ( 'NONE',  ( -132.8082378770764600, 20.56252476838793800, 30.50000000000000400 ) ) ;
#3886 = VERTEX_POINT ( 'NONE', #422 ) ;
#3887 = AXIS2_PLACEMENT_3D ( 'NONE', #5042, #4276, #1771 ) ;
#3888 = CARTESIAN_POINT ( 'NONE',  ( 33.66044702067380700, 10.48310668740398900, 30.50000000000000000 ) ) ;
#3889 = CARTESIAN_POINT ( 'NONE',  ( 45.55334023948710600, 70.45802207698304200, 29.05809524416770300 ) ) ;
#3890 = EDGE_CURVE ( 'NONE', #5558, #6621, #7736, .T. ) ;
#3891 = VECTOR ( 'NONE', #10465, 1000.000000000000000 ) ;
#3892 = CARTESIAN_POINT ( 'NONE',  ( 5.560107883375526000, -30.23081242424114400, 47.29108936670988300 ) ) ;
#3893 = CARTESIAN_POINT ( 'NONE',  ( -10.83955297932631000, 73.48310668740410300, 15.50000000000000000 ) ) ;
#3894 = VERTEX_POINT ( 'NONE', #2111 ) ;
#3895 = CARTESIAN_POINT ( 'NONE',  ( -71.04602967032580800, -17.05501194873043900, 5.000000000000000000 ) ) ;
#3896 = CARTESIAN_POINT ( 'NONE',  ( 49.35577444867284700, 71.04712056448595100, 46.37164858284342700 ) ) ;
#3897 = ORIENTED_EDGE ( 'NONE', *, *, #8577, .F. ) ;
#3898 = DIRECTION ( 'NONE',  ( -1.000000000000000000, -1.609823385706476600E-015, -2.312964634635743000E-016 ) ) ;
#3899 = VECTOR ( 'NONE', #2926, 1000.000000000000000 ) ;
#3900 = EDGE_CURVE ( 'NONE', #646, #3886, #6603, .T. ) ;
#3901 = ORIENTED_EDGE ( 'NONE', *, *, #2907, .T. ) ;
#3902 = CARTESIAN_POINT ( 'NONE',  ( -28.32725358336267600, 68.51117250990155600, 15.24349833912912200 ) ) ;
#3903 = DIRECTION ( 'NONE',  ( 0.0000000000000000000, 0.0000000000000000000, 1.000000000000000000 ) ) ;
#3904 = ORIENTED_EDGE ( 'NONE', *, *, #2735, .F. ) ;
#3905 = CARTESIAN_POINT ( 'NONE',  ( 45.26044702067378000, 10.48310668740399100, 30.50000000000000000 ) ) ;
#3906 = CARTESIAN_POINT ( 'NONE',  ( 49.16044702067387800, -33.45785864922130800, 15.50000000000000000 ) ) ;
#3907 = EDGE_LOOP ( 'NONE', ( #10098, #3998 ) ) ;
#3908 = CARTESIAN_POINT ( 'NONE',  ( -18.37995421832195600, 69.46772510399442500, 41.49170167544339400 ) ) ;
#3909 = CARTESIAN_POINT ( 'NONE',  ( 50.32621368453427400, 49.35070674561333700, 3.000000000000000000 ) ) ;
#3910 = ORIENTED_EDGE ( 'NONE', *, *, #3490, .F. ) ;
#3911 = DIRECTION ( 'NONE',  ( 0.0000000000000000000, 1.000000000000000000, 0.0000000000000000000 ) ) ;
#3912 = DIRECTION ( 'NONE',  ( 1.609823385706476600E-015, -1.000000000000000000, -4.165779463821302700E-032 ) ) ;
#3913 = EDGE_LOOP ( 'NONE', ( #8446, #6287, #5707 ) ) ;
#3914 = EDGE_CURVE ( 'NONE', #14, #1562, #338, .T. ) ;
#3915 = CARTESIAN_POINT ( 'NONE',  ( -14.11752760385748400, -20.52275989687055700, 3.000000000000000000 ) ) ;
#3916 = CARTESIAN_POINT ( 'NONE',  ( -24.53667014022091700, 68.34488339686377900, 46.37546170744724300 ) ) ;
#3917 = AXIS2_PLACEMENT_3D ( 'NONE', #8205, #9280, #10128 ) ;
#3918 = CARTESIAN_POINT ( 'NONE',  ( 26.88247239614251800, -19.52275989687055700, 3.000000000000000000 ) ) ;
#3919 = ORIENTED_EDGE ( 'NONE', *, *, #4774, .T. ) ;
#3920 = EDGE_CURVE ( 'NONE', #3040, #1862, #2947, .T. ) ;
#3921 = DIRECTION ( 'NONE',  ( -5.551115123125778800E-015, 1.000000000000000000, 0.0000000000000000000 ) ) ;
#3922 = ORIENTED_EDGE ( 'NONE', *, *, #9682, .F. ) ;
#3923 = CARTESIAN_POINT ( 'NONE',  ( -71.04602967032580800, -23.95501194873044100, 5.000000000000000000 ) ) ;
#3924 = ORIENTED_EDGE ( 'NONE', *, *, #211, .F. ) ;
#3925 = ORIENTED_EDGE ( 'NONE', *, *, #9695, .T. ) ;
#3926 = CARTESIAN_POINT ( 'NONE',  ( 33.66044702067368600, 73.48310668740417400, 15.50000000000000000 ) ) ;
#3927 = VERTEX_POINT ( 'NONE', #8854 ) ;
#3928 = ORIENTED_EDGE ( 'NONE', *, *, #7351, .T. ) ;
#3929 = EDGE_CURVE ( 'NONE', #4304, #1593, #4249, .T. ) ;
#3930 = AXIS2_PLACEMENT_3D ( 'NONE', #1488, #3864, #2468 ) ;
#3931 = ADVANCED_FACE ( 'NONE', ( #5557 ), #9675, .T. ) ;
#3932 = EDGE_CURVE ( 'NONE', #7689, #2629, #7219, .T. ) ;
#3933 = ORIENTED_EDGE ( 'NONE', *, *, #9793, .T. ) ;
#3934 = ORIENTED_EDGE ( 'NONE', *, *, #5958, .T. ) ;
#3935 = VERTEX_POINT ( 'NONE', #2383 ) ;
#3936 = AXIS2_PLACEMENT_3D ( 'NONE', #7949, #10150, #4650 ) ;
#3937 = CARTESIAN_POINT ( 'NONE',  ( 52.90531829286620500, 71.01102317295439500, 46.48592630112439400 ) ) ;
#3938 = VECTOR ( 'NONE', #9723, 1000.000000000000000 ) ;
#3939 = CARTESIAN_POINT ( 'NONE',  ( -27.67272501525697600, -30.31587637787977100, 46.99667611563687300 ) ) ;
#3940 = CARTESIAN_POINT ( 'NONE',  ( -40.03507028980631300, 71.04698018332517500, 46.37209799849230800 ) ) ;
#3941 = ORIENTED_EDGE ( 'NONE', *, *, #7351, .F. ) ;
#3942 = EDGE_LOOP ( 'NONE', ( #6898, #10583, #9286, #8890 ) ) ;
#3943 = CARTESIAN_POINT ( 'NONE',  ( -33.48752760385749400, -14.90975989687055900, 8.650000000000000400 ) ) ;
#3944 = ORIENTED_EDGE ( 'NONE', *, *, #9967, .F. ) ;
#3945 = ORIENTED_EDGE ( 'NONE', *, *, #126, .T. ) ;
#3946 = CARTESIAN_POINT ( 'NONE',  ( 3.139194609717967900, 70.90875894155068700, 46.80504510122569400 ) ) ;
#3947 = CARTESIAN_POINT ( 'NONE',  ( 51.28579710782552300, -22.62696002242808300, 48.80855767514222500 ) ) ;
#3948 = CIRCLE ( 'NONE', #1707, 4.900000000000000400 ) ;
#3949 = EDGE_CURVE ( 'NONE', #5605, #275, #728, .T. ) ;
#3950 = CARTESIAN_POINT ( 'NONE',  ( 48.41044702067365100, 68.82276910198830000, 39.51286796564298200 ) ) ;
#3951 = AXIS2_PLACEMENT_3D ( 'NONE', #8350, #5049, #4982 ) ;
#3952 = AXIS2_PLACEMENT_3D ( 'NONE', #9750, #8960, #4141 ) ;
#3953 = CIRCLE ( 'NONE', #8287, 2.000000000000012000 ) ;
#3954 = ORIENTED_EDGE ( 'NONE', *, *, #7080, .T. ) ;
#3955 = DIRECTION ( 'NONE',  ( -1.000000000000000000, 0.0000000000000000000, 0.0000000000000000000 ) ) ;
#3956 = ORIENTED_EDGE ( 'NONE', *, *, #10386, .T. ) ;
#3957 = CARTESIAN_POINT ( 'NONE',  ( -43.82697628782403900, -33.38102356820541400, 45.75812014233033400 ) ) ;
#3958 = CARTESIAN_POINT ( 'NONE',  ( 18.16044702067376400, 20.56252476838796300, 30.50000000000000400 ) ) ;
#3959 = FACE_BOUND ( 'NONE', #8991, .T. ) ;
#3960 = CARTESIAN_POINT ( 'NONE',  ( -8.839552979326308300, 73.48310668740410300, 15.50000000000000000 ) ) ;
#3961 = LINE ( 'NONE', #183, #7826 ) ;
#3962 = VERTEX_POINT ( 'NONE', #4066 ) ;
#3963 = CARTESIAN_POINT ( 'NONE',  ( 45.16044702067369300, -23.95501194873044100, 5.000000000000000000 ) ) ;
#3964 = EDGE_CURVE ( 'NONE', #9446, #6884, #2815, .T. ) ;
#3965 = VECTOR ( 'NONE', #260, 1000.000000000000000 ) ;
#3966 = DIRECTION ( 'NONE',  ( 1.000000000000000000, 0.0000000000000000000, 0.0000000000000000000 ) ) ;
#3967 = CARTESIAN_POINT ( 'NONE',  ( 49.16044702067370800, 71.27489704920782300, 45.62815743688998500 ) ) ;
#3968 = CIRCLE ( 'NONE', #316, 1.899999999999999700 ) ;
#3969 = ORIENTED_EDGE ( 'NONE', *, *, #815, .T. ) ;
#3970 = FACE_BOUND ( 'NONE', #4595, .T. ) ;
#3971 = DIRECTION ( 'NONE',  ( -1.000000000000000000, -1.425225579937531700E-016, -0.0000000000000000000 ) ) ;
#3972 = CARTESIAN_POINT ( 'NONE',  ( -39.85215594944892100, 68.51068994291432500, 45.75832789536876500 ) ) ;
#3973 = DIRECTION ( 'NONE',  ( 1.000000000000000000, -0.0000000000000000000, -0.0000000000000000000 ) ) ;
#3974 = CARTESIAN_POINT ( 'NONE',  ( 42.71247239614250900, 33.35024010312945800, 7.000000000000000000 ) ) ;
#3975 = ORIENTED_EDGE ( 'NONE', *, *, #6034, .F. ) ;
#3976 = PLANE ( 'NONE',  #5477 ) ;
#3977 = ORIENTED_EDGE ( 'NONE', *, *, #3568, .T. ) ;
#3978 = EDGE_CURVE ( 'NONE', #532, #568, #5426, .T. ) ;
#3979 = CARTESIAN_POINT ( 'NONE',  ( 24.88247239614251800, -18.00080557695489600, 10.26363978188264500 ) ) ;
#3980 = DIRECTION ( 'NONE',  ( 1.000000000000000000, 1.609823385706476600E-015, -0.0000000000000000000 ) ) ;
#3981 = ADVANCED_FACE ( 'NONE', ( #3343 ), #87, .F. ) ;
#3982 = CARTESIAN_POINT ( 'NONE',  ( -14.11752760385748400, -18.52275989687055700, 10.26363978188264500 ) ) ;
#3983 = CARTESIAN_POINT ( 'NONE',  ( 36.63713292319751200, -20.38517556395939700, -1.040834085586084300E-014 ) ) ;
#3984 = CYLINDRICAL_SURFACE ( 'NONE', #7362, 2.000000000000012000 ) ;
#3985 = CARTESIAN_POINT ( 'NONE',  ( -39.83955297932615000, -33.41951909764289000, 45.62971612474357400 ) ) ;
#3986 = PLANE ( 'NONE',  #6421 ) ;
#3987 = VECTOR ( 'NONE', #5792, 1000.000000000000000 ) ;
#3988 = ORIENTED_EDGE ( 'NONE', *, *, #5951, .F. ) ;
#3989 = PLANE ( 'NONE',  #10055 ) ;
#3990 = AXIS2_PLACEMENT_3D ( 'NONE', #6775, #3434, #997 ) ;
#3991 = CARTESIAN_POINT ( 'NONE',  ( -132.8082378770764600, 10.48310668740396200, 30.50000000000000000 ) ) ;
#3992 = AXIS2_PLACEMENT_3D ( 'NONE', #2051, #2838, #8608 ) ;
#3993 = LINE ( 'NONE', #1208, #8112 ) ;
#3994 = AXIS2_PLACEMENT_3D ( 'NONE', #6590, #1650, #10682 ) ;
#3995 = FACE_OUTER_BOUND ( 'NONE', #1404, .T. ) ;
#3996 = DIRECTION ( 'NONE',  ( 0.0000000000000000000, 0.0000000000000000000, 1.000000000000000000 ) ) ;
#3997 = DIRECTION ( 'NONE',  ( 1.000000000000000000, 0.0000000000000000000, 0.0000000000000000000 ) ) ;
#3998 = ORIENTED_EDGE ( 'NONE', *, *, #2597, .T. ) ;
#3999 = CARTESIAN_POINT ( 'NONE',  ( 33.72283906574890000, 68.44335759605294800, 46.01213823740297900 ) ) ;
#4000 = DIRECTION ( 'NONE',  ( -1.000000000000000000, -1.609823385706476600E-015, 0.0000000000000000000 ) ) ;
#4001 = CARTESIAN_POINT ( 'NONE',  ( -24.33955297932631400, 73.48310668740407400, 15.50000000000000000 ) ) ;
#4002 = CARTESIAN_POINT ( 'NONE',  ( -59.33955297932623600, 10.48310668740397500, 30.50000000000000000 ) ) ;
#4003 = ORIENTED_EDGE ( 'NONE', *, *, #4126, .T. ) ;
#4004 = EDGE_CURVE ( 'NONE', #6232, #6391, #8624, .T. ) ;
#4005 = EDGE_CURVE ( 'NONE', #4571, #9580, #4782, .T. ) ;
#4006 = DIRECTION ( 'NONE',  ( 1.000000000000000000, 1.603063405027194900E-016, 0.0000000000000000000 ) ) ;
#4007 = DIRECTION ( 'NONE',  ( 1.000000000000000000, 0.0000000000000000000, 0.0000000000000000000 ) ) ;
#4008 = ADVANCED_FACE ( 'NONE', ( #9267 ), #5586, .T. ) ;
#4009 = AXIS2_PLACEMENT_3D ( 'NONE', #10423, #1352, #4737 ) ;
#4010 = AXIS2_PLACEMENT_3D ( 'NONE', #5816, #7467, #9943 ) ;
#4011 = DIRECTION ( 'NONE',  ( 1.000000000000000000, 0.0000000000000000000, 0.0000000000000000000 ) ) ;
#4012 = CARTESIAN_POINT ( 'NONE',  ( -61.04602967032580100, 64.23011617120123200, 53.90000000000002000 ) ) ;
#4013 = CARTESIAN_POINT ( 'NONE',  ( -17.75800091523481700, 69.42859507026722100, 41.69952674472168000 ) ) ;
#4014 = CARTESIAN_POINT ( 'NONE',  ( -26.20386481251859600, 70.67832183841926500, 47.49984925543877500 ) ) ;
#4015 = CIRCLE ( 'NONE', #5790, 59.99999999999999300 ) ;
#4016 =( BOUNDED_CURVE ( )  B_SPLINE_CURVE ( 3, ( #3979, #4786, #10565, #1503 ),
 .UNSPECIFIED., .F., .F. ) 
 B_SPLINE_CURVE_WITH_KNOTS ( ( 4, 4 ),
 ( 1.570796326794896600, 2.530727415392862100 ),
 .UNSPECIFIED. ) 
 CURVE ( )  GEOMETRIC_REPRESENTATION_ITEM ( )  RATIONAL_B_SPLINE_CURVE ( ( 1.000000000000000000, 0.9246738887853142000, 0.9246738887853142000, 1.000000000000000000 ) ) 
 REPRESENTATION_ITEM ( '' )  );
#4017 = CARTESIAN_POINT ( 'NONE',  ( 22.16044702067370100, 71.23612436353391800, 15.24066099409187600 ) ) ;
#4018 = CARTESIAN_POINT ( 'NONE',  ( -10.57226912488355300, 68.02446917307531700, 47.49975303815986600 ) ) ;
#4019 = VERTEX_POINT ( 'NONE', #2345 ) ;
#4020 = DIRECTION ( 'NONE',  ( -1.606207778533891900E-015, 1.000000000000000000, 0.0000000000000000000 ) ) ;
#4021 = CARTESIAN_POINT ( 'NONE',  ( -27.35503951091338900, 68.10410788922959600, 47.22800376173368200 ) ) ;
#4022 = CARTESIAN_POINT ( 'NONE',  ( -40.03667014022077800, -30.48996613893639600, 46.37546170744722200 ) ) ;
#4023 = DIRECTION ( 'NONE',  ( -1.000000000000000000, -1.609823385706476600E-015, 0.0000000000000000000 ) ) ;
#4024 = CIRCLE ( 'NONE', #3990, 1.000000000000000900 ) ;
#4025 = ORIENTED_EDGE ( 'NONE', *, *, #4890, .F. ) ;
#4026 = AXIS2_PLACEMENT_3D ( 'NONE', #7977, #3029, #1244 ) ;
#4027 = CARTESIAN_POINT ( 'NONE',  ( -5.442791324826062600, -27.58271795291769700, 58.55017742233656000 ) ) ;
#4028 = CARTESIAN_POINT ( 'NONE',  ( -12.83955297932615900, -33.41997979128041200, 45.62815743688998500 ) ) ;
#4029 = ORIENTED_EDGE ( 'NONE', *, *, #4969, .F. ) ;
#4030 = EDGE_CURVE ( 'NONE', #7171, #5142, #9141, .T. ) ;
#4031 = CARTESIAN_POINT ( 'NONE',  ( 47.41044702067365100, 69.65405790207599100, 40.51286796564296800 ) ) ;
#4032 = CARTESIAN_POINT ( 'NONE',  ( 33.72232784339776400, -33.30447551494690800, 46.01007006353240300 ) ) ;
#4033 = ORIENTED_EDGE ( 'NONE', *, *, #10144, .T. ) ;
#4034 = DIRECTION ( 'NONE',  ( 1.000000000000000000, 0.0000000000000000000, 0.0000000000000000000 ) ) ;
#4035 = CARTESIAN_POINT ( 'NONE',  ( -40.23179364432299800, 68.25005060174734700, 14.28218670468147700 ) ) ;
#4036 = VECTOR ( 'NONE', #4051, 1000.000000000000000 ) ;
#4037 = CARTESIAN_POINT ( 'NONE',  ( -25.10049042745301400, -32.96543143332153400, 47.07544141014533100 ) ) ;
#4038 = CARTESIAN_POINT ( 'NONE',  ( -42.96479852183384200, 56.32270110567862500, -1.040834085586084300E-014 ) ) ;
#4039 = ORIENTED_EDGE ( 'NONE', *, *, #738, .F. ) ;
#4040 = ADVANCED_FACE ( 'NONE', ( #3995 ), #3989, .T. ) ;
#4041 = DIRECTION ( 'NONE',  ( -0.0000000000000000000, 0.0000000000000000000, 1.000000000000000000 ) ) ;
#4042 = DIRECTION ( 'NONE',  ( 1.000000000000000000, 0.0000000000000000000, 0.0000000000000000000 ) ) ;
#4043 = ORIENTED_EDGE ( 'NONE', *, *, #6159, .F. ) ;
#4044 = DIRECTION ( 'NONE',  ( 1.000000000000000000, 0.0000000000000000000, 0.0000000000000000000 ) ) ;
#4045 = ORIENTED_EDGE ( 'NONE', *, *, #4474, .F. ) ;
#4046 = B_SPLINE_CURVE_WITH_KNOTS ( 'NONE', 3,
 ( #618, #3061, #3972, #3278, #8215, #4945, #9038, #2399, #6721, #7354, #5021, #3349, #6609, #5748, #10704, #5777, #10669, #2545, #44, #8320, #8180, #800, #6, #9880, #4122, #6651, #1638, #5846, #7428, #5814, #2477, #8247 ),
 .UNSPECIFIED., .F., .F.,
 ( 4, 2, 2, 2, 2, 2, 2, 2, 2, 2, 2, 2, 2, 2, 2, 4 ),
 ( 0.0000000000000000000, 0.0003978912550167337400, 0.0007957825100334674800, 0.001193673765050201300, 0.001591565020066935000, 0.001989456275083668600, 0.002387347530100402500, 0.003183130040133901600, 0.003581021295150651100, 0.003978912550167400600, 0.004376803805184149700, 0.004774695060200898800, 0.005172586315217648700, 0.005570477570234397800, 0.005968368825251146900, 0.006366260080267896800 ),
 .UNSPECIFIED. ) ;
#4047 = EDGE_CURVE ( 'NONE', #10380, #6583, #992, .T. ) ;
#4048 = EDGE_LOOP ( 'NONE', ( #624, #2126, #5110, #2711 ) ) ;
#4049 = ORIENTED_EDGE ( 'NONE', *, *, #7251, .F. ) ;
#4050 = CARTESIAN_POINT ( 'NONE',  ( -28.27716093425099000, -30.58844033812553300, 46.01213823740297200 ) ) ;
#4051 = DIRECTION ( 'NONE',  ( -0.0000000000000000000, -0.0000000000000000000, -1.000000000000000000 ) ) ;
#4052 = ORIENTED_EDGE ( 'NONE', *, *, #8893, .F. ) ;
#4053 = CARTESIAN_POINT ( 'NONE',  ( -15.11752760385748800, 37.09024010312946700, 3.000000000000000000 ) ) ;
#4054 = DIRECTION ( 'NONE',  ( 0.0000000000000000000, 0.0000000000000000000, -1.000000000000000000 ) ) ;
#4055 = CARTESIAN_POINT ( 'NONE',  ( -28.14422555132718500, 71.04712056448593700, 46.37164858284342700 ) ) ;
#4056 = VERTEX_POINT ( 'NONE', #7300 ) ;
#4057 = CARTESIAN_POINT ( 'NONE',  ( -8.852155949448880200, 68.51068994291432500, 45.75832789536876500 ) ) ;
#4058 = ORIENTED_EDGE ( 'NONE', *, *, #7403, .F. ) ;
#4059 = ORIENTED_EDGE ( 'NONE', *, *, #1338, .T. ) ;
#4060 = DIRECTION ( 'NONE',  ( -1.000000000000000000, -1.603063405027194900E-016, -0.0000000000000000000 ) ) ;
#4061 = AXIS2_PLACEMENT_3D ( 'NONE', #515, #617, #8046 ) ;
#4062 = CARTESIAN_POINT ( 'NONE',  ( -41.30433950871792300, -30.18579248210431800, 47.44502177122844700 ) ) ;
#4063 = CARTESIAN_POINT ( 'NONE',  ( 52.32621368453427400, 49.35070674561333700, 3.000000000000000000 ) ) ;
#4064 = EDGE_CURVE ( 'NONE', #10085, #532, #9660, .T. ) ;
#4065 = LINE ( 'NONE', #10314, #2118 ) ;
#4066 = CARTESIAN_POINT ( 'NONE',  ( 25.88247239614251400, 35.44144465257382800, 9.263639781882645300 ) ) ;
#4067 = CARTESIAN_POINT ( 'NONE',  ( 21.49747725478618700, 70.84746806376688300, 14.00690927629785100 ) ) ;
#4068 = ORIENTED_EDGE ( 'NONE', *, *, #890, .T. ) ;
#4069 = CARTESIAN_POINT ( 'NONE',  ( 47.41044702067365100, 69.42859507026722100, 41.69952674472168000 ) ) ;
#4070 = ORIENTED_EDGE ( 'NONE', *, *, #8493, .T. ) ;
#4071 = ORIENTED_EDGE ( 'NONE', *, *, #4243, .T. ) ;
#4072 = ORIENTED_EDGE ( 'NONE', *, *, #5924, .F. ) ;
#4073 = DIRECTION ( 'NONE',  ( -0.0000000000000000000, 0.0000000000000000000, 1.000000000000000000 ) ) ;
#4074 = VECTOR ( 'NONE', #8831, 1000.000000000000000 ) ;
#4075 = DIRECTION ( 'NONE',  ( 1.000000000000000000, 0.0000000000000000000, 0.0000000000000000000 ) ) ;
#4076 = EDGE_CURVE ( 'NONE', #4165, #3164, #2559, .T. ) ;
#4077 = CARTESIAN_POINT ( 'NONE',  ( 45.16044702067369300, -19.05501194873043900, 5.000000000000000000 ) ) ;
#4078 = ORIENTED_EDGE ( 'NONE', *, *, #1854, .T. ) ;
#4079 = AXIS2_PLACEMENT_3D ( 'NONE', #351, #6133, #2006 ) ;
#4080 = CARTESIAN_POINT ( 'NONE',  ( -41.57483104671417400, -32.82317235047381800, 13.49946613378536300 ) ) ;
#4081 = ORIENTED_EDGE ( 'NONE', *, *, #3353, .T. ) ;
#4082 = ORIENTED_EDGE ( 'NONE', *, *, #4592, .F. ) ;
#4083 = DIRECTION ( 'NONE',  ( -1.000000000000000000, -5.551115123125780300E-015, -2.017667920600772800E-016 ) ) ;
#4084 = CIRCLE ( 'NONE', #4153, 60.00000000000000000 ) ;
#4085 = CARTESIAN_POINT ( 'NONE',  ( -28.32735260629051800, 71.23674877982126900, 15.24455901932127200 ) ) ;
#4086 = DIRECTION ( 'NONE',  ( 1.609823385706476600E-015, -1.000000000000000000, -4.165779463821302700E-032 ) ) ;
#4087 = DIRECTION ( 'NONE',  ( 1.000000000000000000, 0.0000000000000000000, 0.0000000000000000000 ) ) ;
#4088 = VECTOR ( 'NONE', #9010, 1000.000000000000000 ) ;
#4089 = ORIENTED_EDGE ( 'NONE', *, *, #5903, .T. ) ;
#4090 = CARTESIAN_POINT ( 'NONE',  ( 42.71247239614250900, 33.35024010312945800, 7.000000000000000000 ) ) ;
#4091 = EDGE_CURVE ( 'NONE', #817, #4177, #4516, .T. ) ;
#4092 = CARTESIAN_POINT ( 'NONE',  ( 52.49747725478636800, -32.99255080583946400, 14.00690927629786100 ) ) ;
#4093 = ADVANCED_FACE ( 'NONE', ( #10559 ), #4237, .T. ) ;
#4094 = PLANE ( 'NONE',  #1609 ) ;
#4095 = EDGE_CURVE ( 'NONE', #3309, #7838, #9535, .T. ) ;
#4096 = CARTESIAN_POINT ( 'NONE',  ( -56.04602967032580800, -17.05501194873043900, 5.000000000000000000 ) ) ;
#4097 = CIRCLE ( 'NONE', #5954, 1.899999999999999000 ) ;
#4098 = VERTEX_POINT ( 'NONE', #3293 ) ;
#4099 = DIRECTION ( 'NONE',  ( 0.7071067811865463500, 0.0000000000000000000, -0.7071067811865487900 ) ) ;
#4100 = CIRCLE ( 'NONE', #1192, 60.00000000000000700 ) ;
#4101 = CARTESIAN_POINT ( 'NONE',  ( 47.41044702067365100, 68.44617026388614500, 40.51286796564298200 ) ) ;
#4102 = CARTESIAN_POINT ( 'NONE',  ( -58.94902193369199500, -30.39582138151717700, 14.28464133985791300 ) ) ;
#4103 = ORIENTED_EDGE ( 'NONE', *, *, #3411, .F. ) ;
#4104 = LINE ( 'NONE', #6815, #1889 ) ;
#4105 = EDGE_LOOP ( 'NONE', ( #5362, #8535, #7145, #2350, #1225, #263 ) ) ;
#4106 = DIRECTION ( 'NONE',  ( -1.594400883811535600E-015, 1.000000000000000000, -1.047444401652940000E-014 ) ) ;
#4107 = DIRECTION ( 'NONE',  ( -1.000000000000000000, 0.0000000000000000000, 0.0000000000000000000 ) ) ;
#4108 = PLANE ( 'NONE',  #2534 ) ;
#4109 = EDGE_CURVE ( 'NONE', #8745, #7286, #6451, .T. ) ;
#4110 = DIRECTION ( 'NONE',  ( 0.0000000000000000000, 1.000000000000000000, 0.0000000000000000000 ) ) ;
#4111 = FACE_OUTER_BOUND ( 'NONE', #3018, .T. ) ;
#4112 = VECTOR ( 'NONE', #2670, 1000.000000000000000 ) ;
#4113 = CARTESIAN_POINT ( 'NONE',  ( -43.77815181244545100, -33.30500036743756500, 14.99163790877212700 ) ) ;
#4114 = CARTESIAN_POINT ( 'NONE',  ( 20.42516895328566300, 70.67808960840119400, 13.49946613378536000 ) ) ;
#4115 = CYLINDRICAL_SURFACE ( 'NONE', #5245, 1.899999999999999000 ) ;
#4116 = B_SPLINE_CURVE_WITH_KNOTS ( 'NONE', 3,
 ( #5441, #5578, #2375, #7260, #9671, #3916, #594, #4756, #8807, #3041, #3880, #6473, #4822, #2278, #7194, #6412, #1437, #6373, #8943, #1506, #4021, #2339, #7226, #6444, #8057, #10506, #4860, #3107, #10466, #8878, #5546, #3180 ),
 .UNSPECIFIED., .F., .F.,
 ( 4, 2, 2, 2, 2, 2, 2, 2, 2, 2, 2, 2, 2, 2, 2, 4 ),
 ( 0.0000000000000000000, 0.0003978912550167413800, 0.0007957825100334827700, 0.001193673765050224000, 0.001591565020066965500, 0.001989456275083706800, 0.002387347530100448100, 0.003183130040133943600, 0.003581021295150691000, 0.003978912550167439600, 0.004376803805184187000, 0.004774695060200934300, 0.005172586315217682500, 0.005570477570234429900, 0.005968368825251178100, 0.006366260080267925400 ),
 .UNSPECIFIED. ) ;
#4117 = ORIENTED_EDGE ( 'NONE', *, *, #7238, .T. ) ;
#4118 = CARTESIAN_POINT ( 'NONE',  ( 18.40328833398433500, -33.15563365417251200, 14.51105109821025300 ) ) ;
#4119 = CARTESIAN_POINT ( 'NONE',  ( -15.11752760385748400, 0.0000000000000000000, 3.000000000000000000 ) ) ;
#4120 = FACE_OUTER_BOUND ( 'NONE', #2930, .T. ) ;
#4121 = DIRECTION ( 'NONE',  ( 1.000000000000000000, 0.0000000000000000000, 0.0000000000000000000 ) ) ;
#4122 = CARTESIAN_POINT ( 'NONE',  ( -43.43918029584246900, 68.25274489137652300, 46.70745186629105900 ) ) ;
#4123 = CIRCLE ( 'NONE', #7026, 2.000000000000001800 ) ;
#4124 = AXIS2_PLACEMENT_3D ( 'NONE', #4924, #56, #918 ) ;
#4125 = CYLINDRICAL_SURFACE ( 'NONE', #4348, 2.000000000000003600 ) ;
#4126 = EDGE_CURVE ( 'NONE', #2347, #3640, #3209, .T. ) ;
#4127 = CIRCLE ( 'NONE', #514, 1.399999999999998600 ) ;
#4128 = CARTESIAN_POINT ( 'NONE',  ( -13.11752760385748600, 36.56828578321381000, 10.26363978188264500 ) ) ;
#4129 = DIRECTION ( 'NONE',  ( 0.0000000000000000000, -0.1838957114233399600, 0.9829457601109552500 ) ) ;
#4130 = DIRECTION ( 'NONE',  ( -1.609823385706476600E-015, 1.000000000000000000, 0.0000000000000000000 ) ) ;
#4131 = VECTOR ( 'NONE', #9271, 1000.000000000000000 ) ;
#4132 = CARTESIAN_POINT ( 'NONE',  ( 50.46203678647179900, 59.41853829978710200, 50.95140629890488500 ) ) ;
#4133 = DIRECTION ( 'NONE',  ( -1.000000000000000000, 0.0000000000000000000, 0.0000000000000000000 ) ) ;
#4134 = ORIENTED_EDGE ( 'NONE', *, *, #4752, .F. ) ;
#4135 = CARTESIAN_POINT ( 'NONE',  ( 5.895361378348433800, 68.14724456541654300, 47.07869549017871000 ) ) ;
#4136 = AXIS2_PLACEMENT_3D ( 'NONE', #8052, #8876, #9699 ) ;
#4137 = CARTESIAN_POINT ( 'NONE',  ( -18.46467385840401900, 68.70956942271647000, 39.76924933759576000 ) ) ;
#4138 = AXIS2_PLACEMENT_3D ( 'NONE', #294, #3609, #4410 ) ;
#4139 = LINE ( 'NONE', #3603, #4396 ) ;
#4140 = CARTESIAN_POINT ( 'NONE',  ( 21.76132336324116400, 68.25321152704714200, 46.70578863413464900 ) ) ;
#4141 = DIRECTION ( 'NONE',  ( 0.0000000000000000000, 0.0000000000000000000, 1.000000000000000000 ) ) ;
#4142 = CARTESIAN_POINT ( 'NONE',  ( 45.16044702067369300, -22.81533917918839200, 3.000000000000000000 ) ) ;
#4143 = DIRECTION ( 'NONE',  ( 1.609823385706476600E-015, -1.000000000000000000, -4.165779463821302700E-032 ) ) ;
#4144 = ORIENTED_EDGE ( 'NONE', *, *, #9722, .F. ) ;
#4145 = ADVANCED_FACE ( 'NONE', ( #5156 ), #1725, .F. ) ;
#4146 = DIRECTION ( 'NONE',  ( -1.000000000000000000, 0.0000000000000000000, 0.0000000000000000000 ) ) ;
#4147 = CARTESIAN_POINT ( 'NONE',  ( 45.16044702067369300, -26.30929178370303100, 9.297367386975594200 ) ) ;
#4148 = CARTESIAN_POINT ( 'NONE',  ( -57.47076030325152400, -32.82330316228682000, 47.50014823481635100 ) ) ;
#4149 = CARTESIAN_POINT ( 'NONE',  ( 5.891357201922294200, -30.29143031251384600, 13.91818639255003200 ) ) ;
#4150 = EDGE_CURVE ( 'NONE', #4176, #9222, #7210, .T. ) ;
#4151 = CARTESIAN_POINT ( 'NONE',  ( 21.91594816746139100, -33.15467685960809500, 14.50803016031318100 ) ) ;
#4152 = ORIENTED_EDGE ( 'NONE', *, *, #8866, .F. ) ;
#4153 = AXIS2_PLACEMENT_3D ( 'NONE', #5117, #6710, #1737 ) ;
#4154 = AXIS2_PLACEMENT_3D ( 'NONE', #9861, #8229, #3397 ) ;
#4155 = CARTESIAN_POINT ( 'NONE',  ( 33.66044702067371500, 68.57785688051524200, 15.50000000000000000 ) ) ;
#4156 = CARTESIAN_POINT ( 'NONE',  ( -14.52975500468218300, 64.69007228669751400, 40.51286796564302500 ) ) ;
#4157 = ORIENTED_EDGE ( 'NONE', *, *, #4994, .F. ) ;
#4158 = DIRECTION ( 'NONE',  ( -1.606207778533891900E-015, 1.000000000000000000, -9.178330163050810500E-016 ) ) ;
#4159 = FACE_OUTER_BOUND ( 'NONE', #4721, .T. ) ;
#4160 = CARTESIAN_POINT ( 'NONE',  ( -11.10491464120668900, 68.02830081479798700, 47.48680050506430200 ) ) ;
#4161 = EDGE_LOOP ( 'NONE', ( #4462, #4445, #8795, #7408 ) ) ;
#4162 = CARTESIAN_POINT ( 'NONE',  ( -41.97791864871175000, 70.67836328974989600, 13.50027294252318200 ) ) ;
#4163 = CARTESIAN_POINT ( 'NONE',  ( 51.28508226479135600, 60.48057717543711900, 48.80968419107078700 ) ) ;
#4164 = CARTESIAN_POINT ( 'NONE',  ( 33.72184818755440000, 71.15991762536494000, 14.99163790877212900 ) ) ;
#4165 = VERTEX_POINT ( 'NONE', #9999 ) ;
#4166 = VERTEX_POINT ( 'NONE', #881 ) ;
#4167 = CARTESIAN_POINT ( 'NONE',  ( 3.327274984742894000, 68.17079363580714400, 46.99667611563685900 ) ) ;
#4168 = ORIENTED_EDGE ( 'NONE', *, *, #8109, .F. ) ;
#4169 = EDGE_CURVE ( 'NONE', #10366, #8811, #3409, .T. ) ;
#4170 = ORIENTED_EDGE ( 'NONE', *, *, #5337, .F. ) ;
#4171 = CARTESIAN_POINT ( 'NONE',  ( -15.98955297932633200, 68.44617026388614500, 41.51286796564299000 ) ) ;
#4172 = ORIENTED_EDGE ( 'NONE', *, *, #7782, .F. ) ;
#4173 = CARTESIAN_POINT ( 'NONE',  ( 18.16044702067370400, 68.54463232551061900, 45.62867814821819200 ) ) ;
#4174 = CARTESIAN_POINT ( 'NONE',  ( 6.562187195506420600, -33.26675772048086800, 46.13253221513175400 ) ) ;
#4175 = CARTESIAN_POINT ( 'NONE',  ( -13.11752760385748600, 37.09024010312946700, 10.26363978188264500 ) ) ;
#4176 = VERTEX_POINT ( 'NONE', #10151 ) ;
#4177 = VERTEX_POINT ( 'NONE', #6732 ) ;
#4178 = ORIENTED_EDGE ( 'NONE', *, *, #6861, .T. ) ;
#4179 = ORIENTED_EDGE ( 'NONE', *, *, #8830, .F. ) ;
#4180 = CARTESIAN_POINT ( 'NONE',  ( -34.88752760385749200, -14.90975989687055900, 8.650000000000000400 ) ) ;
#4181 = B_SPLINE_CURVE_WITH_KNOTS ( 'NONE', 3,
 ( #9738, #8218, #4057, #4819, #9883, #654, #6469, #6549, #2408, #8187, #3248, #7292, #2335, #3176, #4018, #4856, #4160, #9914, #8390, #4261, #4989, #9184, #872, #1715, #6614, #6725, #2514, #8327, #10029, #2584, #7470, #2625 ),
 .UNSPECIFIED., .F., .F.,
 ( 4, 2, 2, 2, 2, 2, 2, 2, 2, 2, 2, 2, 2, 2, 2, 4 ),
 ( 0.0000000000000000000, 0.0003978912550167403500, 0.0007957825100334807100, 0.001193673765050221000, 0.001591565020066961400, 0.001989456275083701600, 0.002387347530100442000, 0.003183130040133940600, 0.003581021295150687100, 0.003978912550167433600, 0.004376803805184180900, 0.004774695060200927400, 0.005172586315217673900, 0.005570477570234420300, 0.005968368825251167700, 0.006366260080267913300 ),
 .UNSPECIFIED. ) ;
#4182 = ORIENTED_EDGE ( 'NONE', *, *, #2834, .T. ) ;
#4183 = EDGE_CURVE ( 'NONE', #10167, #6737, #6445, .T. ) ;
#4184 = CARTESIAN_POINT ( 'NONE',  ( 20.42516895328584100, -32.82317235047379700, 13.49946613378536100 ) ) ;
#4185 = ORIENTED_EDGE ( 'NONE', *, *, #9029, .T. ) ;
#4186 = ORIENTED_EDGE ( 'NONE', *, *, #5936, .F. ) ;
#4187 = CARTESIAN_POINT ( 'NONE',  ( -24.33955297932631400, 73.48310668740407400, 15.50000000000000000 ) ) ;
#4188 = ORIENTED_EDGE ( 'NONE', *, *, #4404, .T. ) ;
#4189 = CARTESIAN_POINT ( 'NONE',  ( -12.36080539028204800, 70.90875894155073000, 46.80504510122571600 ) ) ;
#4190 = ORIENTED_EDGE ( 'NONE', *, *, #4457, .T. ) ;
#4191 = CIRCLE ( 'NONE', #2438, 1.000000000000000000 ) ;
#4192 = DIRECTION ( 'NONE',  ( 1.000000000000000000, 1.609823385706476600E-015, -0.0000000000000000000 ) ) ;
#4193 = ADVANCED_FACE ( 'NONE', ( #6581 ), #4239, .F. ) ;
#4194 = AXIS2_PLACEMENT_3D ( 'NONE', #569, #8164, #4765 ) ;
#4195 = CARTESIAN_POINT ( 'NONE',  ( -43.08944862568098700, 70.81825706508504900, 13.91725300995628200 ) ) ;
#4196 = ORIENTED_EDGE ( 'NONE', *, *, #3317, .T. ) ;
#4197 = DIRECTION ( 'NONE',  ( 1.609823385706476600E-015, -1.000000000000000000, -4.165779463821302700E-032 ) ) ;
#4198 = AXIS2_PLACEMENT_3D ( 'NONE', #403, #6187, #8429 ) ;
#4199 = VERTEX_POINT ( 'NONE', #2732 ) ;
#4200 = ORIENTED_EDGE ( 'NONE', *, *, #9761, .F. ) ;
#4201 = CARTESIAN_POINT ( 'NONE',  ( 20.02321959931308000, 68.02446546358444800, 13.50023440605407600 ) ) ;
#4202 = DIRECTION ( 'NONE',  ( 0.0000000000000000000, -0.0000000000000000000, -1.000000000000000000 ) ) ;
#4203 = EDGE_CURVE ( 'NONE', #6232, #883, #8230, .T. ) ;
#4204 = LINE ( 'NONE', #2429, #7425 ) ;
#4205 = DIRECTION ( 'NONE',  ( 0.0000000000000000000, 0.0000000000000000000, 1.000000000000000000 ) ) ;
#4206 = CARTESIAN_POINT ( 'NONE',  ( 52.94169510099302300, -25.31581708110438800, 46.41762256579731600 ) ) ;
#4207 = CARTESIAN_POINT ( 'NONE',  ( 18.91055137431903100, 70.81825706508506400, 13.91725300995627600 ) ) ;
#4208 = ORIENTED_EDGE ( 'NONE', *, *, #4212, .F. ) ;
#4209 = ORIENTED_EDGE ( 'NONE', *, *, #7315, .F. ) ;
#4210 =( BOUNDED_CURVE ( )  B_SPLINE_CURVE ( 3, ( #8586, #6154, #4613, #10325 ),
 .UNSPECIFIED., .F., .F. ) 
 B_SPLINE_CURVE_WITH_KNOTS ( ( 4, 4 ),
 ( 3.141592653589791300, 4.712388980384687900 ),
 .UNSPECIFIED. ) 
 CURVE ( )  GEOMETRIC_REPRESENTATION_ITEM ( )  RATIONAL_B_SPLINE_CURVE ( ( 1.000000000000000000, 0.8047378541243649400, 0.8047378541243649400, 1.000000000000000000 ) ) 
 REPRESENTATION_ITEM ( '' )  );
#4211 = CYLINDRICAL_SURFACE ( 'NONE', #7183, 4.900000000000001200 ) ;
#4212 = EDGE_CURVE ( 'NONE', #6243, #2606, #2033, .T. ) ;
#4213 = CARTESIAN_POINT ( 'NONE',  ( -59.32686712528592200, 68.51045767053922500, 45.75921544411351500 ) ) ;
#4214 = AXIS2_PLACEMENT_3D ( 'NONE', #7889, #6238, #6985 ) ;
#4215 = AXIS2_PLACEMENT_3D ( 'NONE', #3359, #5761, #776 ) ;
#4216 = CARTESIAN_POINT ( 'NONE',  ( -56.00075197883577300, -32.99306559930857200, 46.99152284956495200 ) ) ;
#4217 = CARTESIAN_POINT ( 'NONE',  ( -25.10475549026345400, -32.96432308532411800, 13.92119940995661900 ) ) ;
#4218 = SPHERICAL_SURFACE ( 'NONE', #6857, 1.000000000000000000 ) ;
#4219 = EDGE_LOOP ( 'NONE', ( #7450, #3138, #5591, #10629 ) ) ;
#4220 = CARTESIAN_POINT ( 'NONE',  ( -34.88752760385749200, -14.90975989687055900, 8.650000000000000400 ) ) ;
#4221 = VERTEX_POINT ( 'NONE', #1797 ) ;
#4222 = FACE_OUTER_BOUND ( 'NONE', #1444, .T. ) ;
#4223 = CARTESIAN_POINT ( 'NONE',  ( -33.48752760385749400, -14.90975989687055900, -1.040834085586084300E-014 ) ) ;
#4224 = CARTESIAN_POINT ( 'NONE',  ( 47.99623345830056600, 62.69007228669760000, 40.51286796564304600 ) ) ;
#4225 = DIRECTION ( 'NONE',  ( 1.000000000000000000, 1.603063405027194900E-016, 0.0000000000000000000 ) ) ;
#4226 = VECTOR ( 'NONE', #2063, 1000.000000000000000 ) ;
#4227 = VERTEX_POINT ( 'NONE', #8477 ) ;
#4228 = EDGE_CURVE ( 'NONE', #8809, #3253, #1508, .T. ) ;
#4229 = AXIS2_PLACEMENT_3D ( 'NONE', #9087, #876, #4130 ) ;
#4230 = PLANE ( 'NONE',  #5374 ) ;
#4231 = CARTESIAN_POINT ( 'NONE',  ( 22.16044702067385000, -33.45785864922130800, 45.50000000000000000 ) ) ;
#4232 = EDGE_CURVE ( 'NONE', #25, #7584, #9071, .T. ) ;
#4233 = FACE_OUTER_BOUND ( 'NONE', #895, .T. ) ;
#4234 = CARTESIAN_POINT ( 'NONE',  ( 21.76820635567702300, 68.25005060174737500, 14.28218670468147000 ) ) ;
#4235 = EDGE_LOOP ( 'NONE', ( #1455, #8534, #1957, #6889 ) ) ;
#4236 = ORIENTED_EDGE ( 'NONE', *, *, #7261, .F. ) ;
#4237 = PLANE ( 'NONE',  #1888 ) ;
#4238 = CARTESIAN_POINT ( 'NONE',  ( -55.33955297932614300, -30.65569584776798000, 15.23956597998645700 ) ) ;
#4239 = CYLINDRICAL_SURFACE ( 'NONE', #5522, 2.000000000000015500 ) ;
#4240 = PLANE ( 'NONE',  #4661 ) ;
#4241 = VECTOR ( 'NONE', #3615, 1000.000000000000000 ) ;
#4242 = ORIENTED_EDGE ( 'NONE', *, *, #3754, .T. ) ;
#4243 = EDGE_CURVE ( 'NONE', #4500, #5455, #5278, .T. ) ;
#4244 = ADVANCED_FACE ( 'NONE', ( #1112 ), #5145, .F. ) ;
#4245 = DIRECTION ( 'NONE',  ( 0.0000000000000000000, 0.0000000000000000000, 1.000000000000000000 ) ) ;
#4246 = DIRECTION ( 'NONE',  ( 1.000000000000000000, 1.609823385706476600E-015, -0.0000000000000000000 ) ) ;
#4247 = VECTOR ( 'NONE', #4205, 1000.000000000000000 ) ;
#4248 = CARTESIAN_POINT ( 'NONE',  ( -24.39054736697568900, -33.30282785278759400, 14.98311939265720700 ) ) ;
#4249 = CIRCLE ( 'NONE', #6546, 1.000000000000000900 ) ;
#4250 = B_SPLINE_CURVE_WITH_KNOTS ( 'NONE', 3,
 ( #3300, #10723, #6633, #8268, #9103, #1588, #9929, #8130, #5698, #3194, #4037, #8166, #4871, #10657, #747, #6563, #7377, #6937, #6807, #6005, #1869, #3538, #7650, #2803, #8438, #9334, #9266, #10216, #3575, #225, #7688, #325, #7618, #9406 ),
 .UNSPECIFIED., .F., .F.,
 ( 4, 2, 2, 2, 2, 2, 2, 2, 2, 2, 2, 2, 2, 2, 2, 2, 4 ),
 ( 6.938893903907227600E-018, 0.0004000698325101558300, 0.0008001396650203047200, 0.001200209497530453700, 0.001600279330040602500, 0.002000349162550751300, 0.002400418995060900500, 0.002800488827571049300, 0.003200558660081198100, 0.003600628492591346900, 0.004000698325101495700, 0.004400768157611644400, 0.004800837990121794100, 0.005200907822631942900, 0.005600977655142091700, 0.006001047487652240400, 0.006401117320162389200 ),
 .UNSPECIFIED. ) ;
#4251 = ORIENTED_EDGE ( 'NONE', *, *, #2392, .F. ) ;
#4252 = CARTESIAN_POINT ( 'NONE',  ( -24.39054736697586600, 71.15774511071495600, 14.98311939265719200 ) ) ;
#4253 = CARTESIAN_POINT ( 'NONE',  ( 51.83863714872898500, -30.20113349704198000, 47.39256411392545900 ) ) ;
#4254 = CARTESIAN_POINT ( 'NONE',  ( 34.75887740237666900, 68.08600764125186800, 13.70986368167313400 ) ) ;
#4255 = DIRECTION ( 'NONE',  ( 1.000000000000000000, 0.0000000000000000000, 0.0000000000000000000 ) ) ;
#4256 = CARTESIAN_POINT ( 'NONE',  ( -43.83955297932632100, 73.48310668740397500, 30.50000000000000400 ) ) ;
#4257 = AXIS2_PLACEMENT_3D ( 'NONE', #10643, #7329, #6472 ) ;
#4258 = LINE ( 'NONE', #3055, #6970 ) ;
#4259 = DIRECTION ( 'NONE',  ( 1.000000000000000000, 0.0000000000000000000, 0.0000000000000000000 ) ) ;
#4260 = EDGE_CURVE ( 'NONE', #9493, #6489, #2547, .T. ) ;
#4261 = CARTESIAN_POINT ( 'NONE',  ( -11.73716024769201000, 68.08541527368572600, 47.29216817450324600 ) ) ;
#4262 = EDGE_LOOP ( 'NONE', ( #8367, #10359, #9689, #5092 ) ) ;
#4263 = DIRECTION ( 'NONE',  ( 0.0000000000000000000, 0.0000000000000000000, -1.000000000000000000 ) ) ;
#4264 = DIRECTION ( 'NONE',  ( 1.573428027951569800E-015, -1.000000000000000000, 0.0000000000000000000 ) ) ;
#4265 = CARTESIAN_POINT ( 'NONE',  ( 50.68322180130561300, -29.29161800434837600, 50.23186397923587500 ) ) ;
#4266 = CARTESIAN_POINT ( 'NONE',  ( 37.66044702067370100, 71.31277590714870500, 15.50000000000000000 ) ) ;
#4267 = VECTOR ( 'NONE', #8073, 1000.000000000000000 ) ;
#4268 = DIRECTION ( 'NONE',  ( -1.000000000000000000, 0.0000000000000000000, -0.0000000000000000000 ) ) ;
#4269 = CARTESIAN_POINT ( 'NONE',  ( 25.88247239614251800, -16.87396444631492200, 9.263639781882645300 ) ) ;
#4270 = VERTEX_POINT ( 'NONE', #6040 ) ;
#4271 = EDGE_CURVE ( 'NONE', #2081, #88, #4123, .T. ) ;
#4272 = CARTESIAN_POINT ( 'NONE',  ( 37.18170626660476300, 70.90879992291216600, 46.80491334438638500 ) ) ;
#4273 = CARTESIAN_POINT ( 'NONE',  ( -8.890547366975853900, 71.15774511071497000, 14.98311939265719800 ) ) ;
#4274 = AXIS2_PLACEMENT_3D ( 'NONE', #10323, #6007, #8692 ) ;
#4275 = CARTESIAN_POINT ( 'NONE',  ( 49.41044702067374300, 10.48310668740399300, 30.50000000000000000 ) ) ;
#4276 = DIRECTION ( 'NONE',  ( 0.0000000000000000000, -1.000000000000000000, 0.0000000000000000000 ) ) ;
#4277 = VECTOR ( 'NONE', #1068, 1000.000000000000000 ) ;
#4278 = VERTEX_POINT ( 'NONE', #9269 ) ;
#4279 = DIRECTION ( 'NONE',  ( 0.0000000000000000000, 0.0000000000000000000, 1.000000000000000000 ) ) ;
#4280 = CARTESIAN_POINT ( 'NONE',  ( 6.660447020673782200, 17.29239248953932400, 30.50000000000000400 ) ) ;
#4281 = ORIENTED_EDGE ( 'NONE', *, *, #3196, .F. ) ;
#4282 = EDGE_CURVE ( 'NONE', #8537, #5836, #6705, .T. ) ;
#4283 = VECTOR ( 'NONE', #10136, 1000.000000000000000 ) ;
#4284 = CARTESIAN_POINT ( 'NONE',  ( -17.48955297932633400, 62.69007228669750000, 40.51286796564304600 ) ) ;
#4285 = CARTESIAN_POINT ( 'NONE',  ( -15.53908728384887700, 70.46353421494524100, 28.96473632987679600 ) ) ;
#4286 = AXIS2_PLACEMENT_3D ( 'NONE', #10161, #10230, #5292 ) ;
#4287 = ORIENTED_EDGE ( 'NONE', *, *, #9146, .T. ) ;
#4288 =( GEOMETRIC_REPRESENTATION_CONTEXT ( 3 ) GLOBAL_UNCERTAINTY_ASSIGNED_CONTEXT ( ( #9153 ) ) GLOBAL_UNIT_ASSIGNED_CONTEXT ( ( #2455, #3296, #9058 ) ) REPRESENTATION_CONTEXT ( 'NONE', 'WORKASPACE' ) );
#4289 = DIRECTION ( 'NONE',  ( 1.000000000000000000, 0.0000000000000000000, 0.0000000000000000000 ) ) ;
#4290 = DIRECTION ( 'NONE',  ( 1.590163186312073100E-015, -1.000000000000000000, 0.0000000000000000000 ) ) ;
#4291 = DIRECTION ( 'NONE',  ( -1.000000000000000000, 0.0000000000000000000, 0.0000000000000000000 ) ) ;
#4292 = EDGE_CURVE ( 'NONE', #9852, #1461, #8358, .T. ) ;
#4293 = CARTESIAN_POINT ( 'NONE',  ( 5.192647812239599100, -32.84165132730743900, 13.55368265994383000 ) ) ;
#4294 = ORIENTED_EDGE ( 'NONE', *, *, #3621, .F. ) ;
#4295 = EDGE_LOOP ( 'NONE', ( #1145, #2607, #4635, #6381 ) ) ;
#4296 = CARTESIAN_POINT ( 'NONE',  ( 50.16044702067368600, 63.57531163979638900, 57.36015214575591200 ) ) ;
#4297 = ADVANCED_FACE ( 'NONE', ( #3074 ), #6954, .F. ) ;
#4298 = ORIENTED_EDGE ( 'NONE', *, *, #4329, .F. ) ;
#4299 = ORIENTED_EDGE ( 'NONE', *, *, #8557, .T. ) ;
#4300 = CARTESIAN_POINT ( 'NONE',  ( -55.58593854454837000, 68.31219821720327400, 14.50446528216649800 ) ) ;
#4301 = ORIENTED_EDGE ( 'NONE', *, *, #8708, .T. ) ;
#4302 = CARTESIAN_POINT ( 'NONE',  ( 52.66044702067386400, -30.36521161051766900, 46.82287565553230000 ) ) ;
#4303 = CARTESIAN_POINT ( 'NONE',  ( 45.91044702067359400, 68.44617026388614500, 40.51286796564298200 ) ) ;
#4304 = VERTEX_POINT ( 'NONE', #7800 ) ;
#4305 = CARTESIAN_POINT ( 'NONE',  ( -56.04602967032580800, 64.16420904163041400, 9.297367386975608400 ) ) ;
#4306 = EDGE_CURVE ( 'NONE', #8922, #6357, #970, .T. ) ;
#4307 = ORIENTED_EDGE ( 'NONE', *, *, #5924, .T. ) ;
#4308 = EDGE_LOOP ( 'NONE', ( #4179, #5744, #8580, #7521, #8978 ) ) ;
#4309 = CARTESIAN_POINT ( 'NONE',  ( 37.66044702067369300, 71.27443635557021700, 45.62971612474358800 ) ) ;
#4310 = ORIENTED_EDGE ( 'NONE', *, *, #6127, .F. ) ;
#4311 = CARTESIAN_POINT ( 'NONE',  ( -43.17609805246858900, -30.31678452251983900, 14.00650777892165300 ) ) ;
#4312 = ADVANCED_FACE ( 'NONE', ( #7987 ), #3758, .T. ) ;
#4313 = CARTESIAN_POINT ( 'NONE',  ( 3.759215331532183200, -32.89400056355842100, 47.29038196465388200 ) ) ;
#4314 = VECTOR ( 'NONE', #9906, 1000.000000000000000 ) ;
#4315 = DIRECTION ( 'NONE',  ( 0.0000000000000000000, 0.0000000000000000000, 1.000000000000000000 ) ) ;
#4316 = DIRECTION ( 'NONE',  ( 1.000000000000000000, 1.609823385706476600E-015, -0.0000000000000000000 ) ) ;
#4317 = DIRECTION ( 'NONE',  ( 1.000000000000000000, 0.0000000000000000000, -0.0000000000000000000 ) ) ;
#4318 = EDGE_LOOP ( 'NONE', ( #7206, #3417, #1711, #10158 ) ) ;
#4319 = CARTESIAN_POINT ( 'NONE',  ( 49.61590245664593400, 68.23079114404168900, 46.78600863767041300 ) ) ;
#4320 = EDGE_LOOP ( 'NONE', ( #10270, #7550, #10382 ) ) ;
#4321 = CARTESIAN_POINT ( 'NONE',  ( -59.32697628782403900, -33.38102356820541400, 45.75812014233033400 ) ) ;
#4322 = VERTEX_POINT ( 'NONE', #7763 ) ;
#4323 = ORIENTED_EDGE ( 'NONE', *, *, #7523, .F. ) ;
#4324 = DIRECTION ( 'NONE',  ( 1.609823385706476600E-015, -1.000000000000000000, -4.165779463821302700E-032 ) ) ;
#4325 = AXIS2_PLACEMENT_3D ( 'NONE', #4001, #4934, #9107 ) ;
#4326 = B_SPLINE_CURVE_WITH_KNOTS ( 'NONE', 3,
 ( #2766, #6036, #6836, #8541, #7649, #3606, #9368, #1160, #3536, #1056 ),
 .UNSPECIFIED., .F., .F.,
 ( 4, 2, 2, 2, 4 ),
 ( 5.594315114139762000E-017, 0.0005352190878535176200, 0.001070438175706979300, 0.001605657263560441000, 0.002140876351413902600 ),
 .UNSPECIFIED. ) ;
#4327 = CARTESIAN_POINT ( 'NONE',  ( 34.32727498474305600, -30.31587637787975000, 46.99667611563686600 ) ) ;
#4328 = B_SPLINE_CURVE_WITH_KNOTS ( 'NONE', 3,
 ( #6431, #2323, #4085, #8971, #8110, #9687, #7244, #9762, #4843, #5675, #685, #6498, #1525, #9800, #4881, #3273, #7426, #7531, #4941, #3310, #9111, #4252, #6606, #10701 ),
 .UNSPECIFIED., .F., .F.,
 ( 4, 2, 2, 2, 2, 2, 2, 2, 2, 2, 2, 4 ),
 ( 0.006369424049232951300, 0.006769429621276852400, 0.007169435193320753500, 0.007969446337408550600, 0.008769457481496347600, 0.009169463053540254800, 0.009569468625584162000, 0.01036947976967197600, 0.01076948534171588000, 0.01116949091375978700, 0.01196950205784757400, 0.01276951320193536400 ),
 .UNSPECIFIED. ) ;
#4329 = EDGE_CURVE ( 'NONE', #275, #4518, #849, .T. ) ;
#4330 = FACE_OUTER_BOUND ( 'NONE', #5376, .T. ) ;
#4331 = DIRECTION ( 'NONE',  ( 0.0000000000000000000, -1.422473250300981800E-014, -1.000000000000000000 ) ) ;
#4332 = CARTESIAN_POINT ( 'NONE',  ( 49.16044702067371500, 68.57785688051524200, 45.50000000000000000 ) ) ;
#4333 = ORIENTED_EDGE ( 'NONE', *, *, #8124, .F. ) ;
#4334 = CARTESIAN_POINT ( 'NONE',  ( -56.67933430788744400, 70.71462993421832300, 47.39252262901017300 ) ) ;
#4335 = ORIENTED_EDGE ( 'NONE', *, *, #7794, .F. ) ;
#4336 = EDGE_LOOP ( 'NONE', ( #9989, #4703, #8657, #9963 ) ) ;
#4337 = CARTESIAN_POINT ( 'NONE',  ( 6.415948167461396100, -33.15467685960809500, 14.50803016031318600 ) ) ;
#4338 = CARTESIAN_POINT ( 'NONE',  ( -12.83955297932632300, 71.31277590714869100, 45.50000000000000000 ) ) ;
#4339 = VECTOR ( 'NONE', #5909, 1000.000000000000000 ) ;
#4340 = AXIS2_PLACEMENT_3D ( 'NONE', #5190, #206, #1041 ) ;
#4341 = CARTESIAN_POINT ( 'NONE',  ( 25.88247239614251800, -17.52275989687055700, 8.490435472824181300 ) ) ;
#4342 = CARTESIAN_POINT ( 'NONE',  ( 22.16044702067368300, 73.48310668740398900, 30.50000000000000400 ) ) ;
#4343 = AXIS2_PLACEMENT_3D ( 'NONE', #4668, #4549, #1186 ) ;
#4344 = CARTESIAN_POINT ( 'NONE',  ( 19.63109455567014500, 68.04408440918862800, 13.56676028455132300 ) ) ;
#4345 = CARTESIAN_POINT ( 'NONE',  ( 34.64357945949861800, -30.24940942227407700, 13.77274710912328700 ) ) ;
#4346 = LINE ( 'NONE', #6207, #8197 ) ;
#4347 = ORIENTED_EDGE ( 'NONE', *, *, #8497, .T. ) ;
#4348 = AXIS2_PLACEMENT_3D ( 'NONE', #9160, #9953, #6730 ) ;
#4349 = CARTESIAN_POINT ( 'NONE',  ( -57.33955297932630700, 73.48310668740401800, 15.50000000000000000 ) ) ;
#4350 = LINE ( 'NONE', #1152, #5900 ) ;
#4351 = CARTESIAN_POINT ( 'NONE',  ( -56.04602967032580800, 27.37181057052337600, 30.50000000000000000 ) ) ;
#4352 = DIRECTION ( 'NONE',  ( 1.000000000000000000, 0.0000000000000000000, 0.0000000000000000000 ) ) ;
#4353 = CARTESIAN_POINT ( 'NONE',  ( -11.11050931020432300, 70.68300600963893000, 13.51394238300087400 ) ) ;
#4354 = LINE ( 'NONE', #6913, #8207 ) ;
#4355 = CARTESIAN_POINT ( 'NONE',  ( -19.48955297932634400, 70.43447697346771000, 32.91520202535429700 ) ) ;
#4356 = ORIENTED_EDGE ( 'NONE', *, *, #2555, .F. ) ;
#4357 = CARTESIAN_POINT ( 'NONE',  ( 34.63713292319751200, -20.38517556395939700, 3.000000000000000000 ) ) ;
#4358 = ADVANCED_FACE ( 'NONE', ( #2421 ), #3984, .F. ) ;
#4359 = EDGE_CURVE ( 'NONE', #9173, #9954, #595, .T. ) ;
#4360 = EDGE_CURVE ( 'NONE', #2616, #164, #5547, .T. ) ;
#4361 = CARTESIAN_POINT ( 'NONE',  ( -9.036670140220746100, -30.48996613893639600, 46.37546170744724300 ) ) ;
#4362 = DIRECTION ( 'NONE',  ( 1.000000000000000000, 0.0000000000000000000, 0.0000000000000000000 ) ) ;
#4363 = AXIS2_PLACEMENT_3D ( 'NONE', #10293, #6109, #6151 ) ;
#4364 = CIRCLE ( 'NONE', #1758, 52.92058191901601600 ) ;
#4365 = AXIS2_PLACEMENT_3D ( 'NONE', #2137, #3067, #1396 ) ;
#4366 = CARTESIAN_POINT ( 'NONE',  ( 51.83863714872882200, 68.05605075496937700, 47.39256411392545900 ) ) ;
#4367 = CARTESIAN_POINT ( 'NONE',  ( -27.36695045927943700, -32.91217771585283500, 13.76377908748838100 ) ) ;
#4368 = EDGE_LOOP ( 'NONE', ( #8099, #3123, #5614, #9863 ) ) ;
#4369 = CIRCLE ( 'NONE', #1142, 52.92058191901601600 ) ;
#4370 = EDGE_LOOP ( 'NONE', ( #5486, #3393, #863, #6513 ) ) ;
#4371 = VECTOR ( 'NONE', #848, 1000.000000000000000 ) ;
#4372 = CARTESIAN_POINT ( 'NONE',  ( 42.76044702067365900, 67.74447704322777500, 13.49643736559033000 ) ) ;
#4373 = CARTESIAN_POINT ( 'NONE',  ( 19.89420946537373100, -32.82785786935672000, 47.48673861149424600 ) ) ;
#4374 = DIRECTION ( 'NONE',  ( -1.000000000000000000, 0.0000000000000000000, 0.0000000000000000000 ) ) ;
#4375 = FACE_BOUND ( 'NONE', #10244, .T. ) ;
#4376 = LINE ( 'NONE', #10042, #2292 ) ;
#4377 = ORIENTED_EDGE ( 'NONE', *, *, #936, .T. ) ;
#4378 = EDGE_CURVE ( 'NONE', #8931, #1038, #5023, .T. ) ;
#4379 = VECTOR ( 'NONE', #4225, 1000.000000000000000 ) ;
#4380 = CARTESIAN_POINT ( 'NONE',  ( -10.57547791980784000, -30.16934309946357800, 13.49954016622349300 ) ) ;
#4381 = CARTESIAN_POINT ( 'NONE',  ( 50.22676084465969400, -28.26542782470533400, 52.27228467535398000 ) ) ;
#4382 = FACE_OUTER_BOUND ( 'NONE', #119, .T. ) ;
#4383 = CARTESIAN_POINT ( 'NONE',  ( 45.36329744169800900, 64.86865804514977200, 28.86805244637864100 ) ) ;
#4384 = FACE_OUTER_BOUND ( 'NONE', #3534, .T. ) ;
#4385 = CARTESIAN_POINT ( 'NONE',  ( 3.060819704157558900, 68.25274489137652300, 46.70745186629105900 ) ) ;
#4386 = CARTESIAN_POINT ( 'NONE',  ( 45.21247239614250900, 33.35024010312945800, 7.000000000000000000 ) ) ;
#4387 = CARTESIAN_POINT ( 'NONE',  ( -9.604755490263624300, 70.81924034325153600, 13.92119940995661200 ) ) ;
#4388 = FACE_OUTER_BOUND ( 'NONE', #2133, .T. ) ;
#4389 = CARTESIAN_POINT ( 'NONE',  ( -43.83955297932632800, 73.48310668740404600, 15.50000000000000000 ) ) ;
#4390 = CARTESIAN_POINT ( 'NONE',  ( 50.16044702067368600, -30.24796447045477500, 53.43725393319378000 ) ) ;
#4391 = ORIENTED_EDGE ( 'NONE', *, *, #7911, .F. ) ;
#4392 = EDGE_CURVE ( 'NONE', #4735, #4199, #3883, .T. ) ;
#4393 = CARTESIAN_POINT ( 'NONE',  ( -55.33955297932614300, -30.72293962258784500, 45.50000000000000000 ) ) ;
#4394 = DIRECTION ( 'NONE',  ( -1.000000000000000000, -1.594400883811535800E-015, 1.755596732159896400E-029 ) ) ;
#4395 = CARTESIAN_POINT ( 'NONE',  ( -27.94902193369201600, -30.39582138151718400, 14.28464133985791800 ) ) ;
#4396 = VECTOR ( 'NONE', #8754, 1000.000000000000000 ) ;
#4397 = B_SPLINE_CURVE_WITH_KNOTS ( 'NONE', 3,
 ( #8050, #9630, #3947, #2239, #8012, #7982, #6406, #10459, #3838, #4682, #9694, #5508, #10435, #6335, #8841, #3876 ),
 .UNSPECIFIED., .F., .F.,
 ( 4, 2, 2, 2, 2, 2, 2, 4 ),
 ( 0.0000000000000000000, 0.001514793057331298100, 0.002272189585996955400, 0.003029586114662612200, 0.003786982643328269500, 0.004544379171993926300, 0.005301775700659584100, 0.006059172229325240900 ),
 .UNSPECIFIED. ) ;
#4398 = CARTESIAN_POINT ( 'NONE',  ( 51.02321959931324400, -30.16954820565702600, 13.50023440605408000 ) ) ;
#4399 = ORIENTED_EDGE ( 'NONE', *, *, #1062, .F. ) ;
#4400 = CARTESIAN_POINT ( 'NONE',  ( -39.83752760385750200, 33.35024010312945800, 8.650000000000000400 ) ) ;
#4401 = AXIS2_PLACEMENT_3D ( 'NONE', #9382, #9345, #5402 ) ;
#4402 = CARTESIAN_POINT ( 'NONE',  ( -55.73572970816820800, 70.94210176516114100, 46.70182250880206700 ) ) ;
#4403 = AXIS2_PLACEMENT_3D ( 'NONE', #6834, #147, #5997 ) ;
#4404 = EDGE_CURVE ( 'NONE', #274, #6448, #5796, .T. ) ;
#4405 = TOROIDAL_SURFACE ( 'NONE', #6348, 3.500000000000002700, 1.000000000000000000 ) ;
#4406 = DIRECTION ( 'NONE',  ( 1.609823385706476600E-015, -1.000000000000000000, -4.165779463821302700E-032 ) ) ;
#4407 = ORIENTED_EDGE ( 'NONE', *, *, #7864, .F. ) ;
#4408 = CARTESIAN_POINT ( 'NONE',  ( -11.49808749112926900, -30.20098472104864100, 13.60692099700160000 ) ) ;
#4409 = CARTESIAN_POINT ( 'NONE',  ( 50.18971417623404100, 66.02602392330722100, 52.64978272480167500 ) ) ;
#4410 = DIRECTION ( 'NONE',  ( -0.7071067811865463500, 0.0000000000000000000, 0.7071067811865486800 ) ) ;
#4411 = VERTEX_POINT ( 'NONE', #7134 ) ;
#4412 = CARTESIAN_POINT ( 'NONE',  ( 42.76044702067367400, 64.69007228669748600, 29.80073593128704300 ) ) ;
#4413 = DIRECTION ( 'NONE',  ( 0.6178240116586492000, 0.1446002149171680400, -0.7729063775541784600 ) ) ;
#4414 = CIRCLE ( 'NONE', #1606, 2.000000000000001800 ) ;
#4415 = CARTESIAN_POINT ( 'NONE',  ( -19.08381732746894600, 69.57486068127346400, 40.90082448097206900 ) ) ;
#4416 = ORIENTED_EDGE ( 'NONE', *, *, #3866, .F. ) ;
#4417 = CARTESIAN_POINT ( 'NONE',  ( -33.48752760385749400, -14.90975989687055900, 4.000000000000000000 ) ) ;
#4418 = EDGE_CURVE ( 'NONE', #5836, #836, #4508, .T. ) ;
#4419 = CARTESIAN_POINT ( 'NONE',  ( -19.48955297932625200, 10.48310668740398000, 30.50000000000000000 ) ) ;
#4420 = AXIS2_PLACEMENT_3D ( 'NONE', #5158, #973, #7706 ) ;
#4421 = ADVANCED_FACE ( 'NONE', ( #4382 ), #4094, .T. ) ;
#4422 = AXIS2_PLACEMENT_3D ( 'NONE', #9618, #3898, #9720 ) ;
#4423 = ORIENTED_EDGE ( 'NONE', *, *, #9813, .T. ) ;
#4424 = CARTESIAN_POINT ( 'NONE',  ( -11.49808749112943000, 68.05590197897603800, 13.60692099700160000 ) ) ;
#4425 = EDGE_LOOP ( 'NONE', ( #1019, #1578 ) ) ;
#4426 = CARTESIAN_POINT ( 'NONE',  ( -13.11752760385748600, -18.00080557695490000, 10.26363978188264500 ) ) ;
#4427 = ORIENTED_EDGE ( 'NONE', *, *, #8307, .T. ) ;
#4428 = CARTESIAN_POINT ( 'NONE',  ( -9.604638621651396600, -30.29232730748913500, 47.07869549017868800 ) ) ;
#4429 = DIRECTION ( 'NONE',  ( -0.0000000000000000000, -1.000000000000000000, -4.165779463821302700E-032 ) ) ;
#4430 = EDGE_LOOP ( 'NONE', ( #2343, #6308, #4845, #5829 ) ) ;
#4431 = CARTESIAN_POINT ( 'NONE',  ( -8.839552979326308300, 73.48310668740410300, 15.50000000000000000 ) ) ;
#4432 = CARTESIAN_POINT ( 'NONE',  ( -26.86890544432970900, -30.18916715126120900, 13.56676028455132000 ) ) ;
#4433 = EDGE_LOOP ( 'NONE', ( #10317, #4356, #2302, #3484 ) ) ;
#4434 = CARTESIAN_POINT ( 'NONE',  ( 33.67313287471426300, -30.65554041261184900, 45.75921544411350800 ) ) ;
#4435 = EDGE_CURVE ( 'NONE', #8324, #6512, #2805, .T. ) ;
#4436 = ORIENTED_EDGE ( 'NONE', *, *, #6407, .T. ) ;
#4437 = CARTESIAN_POINT ( 'NONE',  ( 49.17274641663753000, -30.65625525197416600, 15.24349833912912200 ) ) ;
#4438 = AXIS2_PLACEMENT_3D ( 'NONE', #6297, #1360, #8650 ) ;
#4439 = VERTEX_POINT ( 'NONE', #9849 ) ;
#4440 = APPLICATION_PROTOCOL_DEFINITION ( 'draft international standard', 'automotive_design', 1998, #4477 ) ;
#4441 = ORIENTED_EDGE ( 'NONE', *, *, #936, .F. ) ;
#4442 = EDGE_CURVE ( 'NONE', #6489, #3040, #8103, .T. ) ;
#4443 = VERTEX_POINT ( 'NONE', #4788 ) ;
#4444 = CARTESIAN_POINT ( 'NONE',  ( 41.44247239614252700, -14.90975989687055900, 8.650000000000000400 ) ) ;
#4445 = ORIENTED_EDGE ( 'NONE', *, *, #4736, .F. ) ;
#4446 = ORIENTED_EDGE ( 'NONE', *, *, #683, .F. ) ;
#4447 = ORIENTED_EDGE ( 'NONE', *, *, #7289, .T. ) ;
#4448 = CARTESIAN_POINT ( 'NONE',  ( 43.22661647039462500, 70.48310668740397500, 30.26690538100796600 ) ) ;
#4449 = ORIENTED_EDGE ( 'NONE', *, *, #3932, .T. ) ;
#4450 = CARTESIAN_POINT ( 'NONE',  ( -71.04602967032580800, -26.37519891327379200, 52.00000000000002100 ) ) ;
#4451 = CARTESIAN_POINT ( 'NONE',  ( 6.660447020673702300, 71.31277590714870500, 15.50000000000000000 ) ) ;
#4452 = DIRECTION ( 'NONE',  ( -1.000000000000000000, 0.0000000000000000000, 0.0000000000000000000 ) ) ;
#4453 = FACE_OUTER_BOUND ( 'NONE', #2723, .T. ) ;
#4454 = CARTESIAN_POINT ( 'NONE',  ( -18.94233053651882100, 70.30058241517674800, 32.36797958254674500 ) ) ;
#4455 = CARTESIAN_POINT ( 'NONE',  ( 36.67802086522709700, -30.24954068947063800, 47.22679946501694600 ) ) ;
#4456 = CARTESIAN_POINT ( 'NONE',  ( -17.99993521826436200, 69.67034160676175200, 40.38413270465896700 ) ) ;
#4457 = EDGE_CURVE ( 'NONE', #5335, #5897, #3722, .T. ) ;
#4458 = CARTESIAN_POINT ( 'NONE',  ( 49.16044702067370800, 71.31277590714870500, 15.50000000000000000 ) ) ;
#4459 = DIRECTION ( 'NONE',  ( -1.000000000000000000, 0.0000000000000000000, 0.0000000000000000000 ) ) ;
#4460 = ORIENTED_EDGE ( 'NONE', *, *, #3115, .F. ) ;
#4461 = ORIENTED_EDGE ( 'NONE', *, *, #3771, .T. ) ;
#4462 = ORIENTED_EDGE ( 'NONE', *, *, #3353, .F. ) ;
#4463 = ORIENTED_EDGE ( 'NONE', *, *, #12, .F. ) ;
#4464 = CARTESIAN_POINT ( 'NONE',  ( -61.04602967032580100, -26.37519891327379200, 50.10000000000002300 ) ) ;
#4465 = DIRECTION ( 'NONE',  ( 1.000000000000000000, 1.609823385706476600E-015, 2.312964634635743000E-016 ) ) ;
#4466 = FACE_OUTER_BOUND ( 'NONE', #8820, .T. ) ;
#4467 = CARTESIAN_POINT ( 'NONE',  ( -11.10491464120653800, -30.17338355687057900, 47.48680050506429500 ) ) ;
#4468 = DIRECTION ( 'NONE',  ( 1.609823385706476600E-015, -1.000000000000000000, -4.165779463821302700E-032 ) ) ;
#4469 = DIRECTION ( 'NONE',  ( 0.0000000000000000000, 0.0000000000000000000, 1.000000000000000000 ) ) ;
#4470 = CARTESIAN_POINT ( 'NONE',  ( -25.44182520693610900, -30.23050457523963200, 13.70785373847571800 ) ) ;
#4471 = COLOUR_RGB ( '',0.7921568627450980000, 0.8196078431372548800, 0.9333333333333333500 ) ;
#4472 = VERTEX_POINT ( 'NONE', #9702 ) ;
#4473 = CARTESIAN_POINT ( 'NONE',  ( 36.56183436209569500, -32.89401196796838900, 13.70965140868848100 ) ) ;
#4474 = EDGE_CURVE ( 'NONE', #164, #4759, #1769, .T. ) ;
#4475 = VECTOR ( 'NONE', #4413, 1000.000000000000000 ) ;
#4476 = PLANE ( 'NONE',  #6557 ) ;
#4477 = APPLICATION_CONTEXT ( 'automotive_design' ) ;
#4478 = CARTESIAN_POINT ( 'NONE',  ( -14.11752760385748600, 36.09024010312946700, 8.490435472824181300 ) ) ;
#4479 = ADVANCED_FACE ( 'NONE', ( #1640 ), #10045, .F. ) ;
#4480 = FACE_OUTER_BOUND ( 'NONE', #6520, .T. ) ;
#4481 = VERTEX_POINT ( 'NONE', #8942 ) ;
#4482 = DIRECTION ( 'NONE',  ( 1.000000000000000000, 0.0000000000000000000, 0.0000000000000000000 ) ) ;
#4483 = AXIS2_PLACEMENT_3D ( 'NONE', #7457, #8172, #4044 ) ;
#4484 = LINE ( 'NONE', #6363, #7831 ) ;
#4485 = EDGE_CURVE ( 'NONE', #9086, #9126, #5921, .T. ) ;
#4486 = CARTESIAN_POINT ( 'NONE',  ( -11.74112259762320000, -30.23109038332446400, 13.70986368167312700 ) ) ;
#4487 = CARTESIAN_POINT ( 'NONE',  ( 50.16044702067368600, -27.61789804480928000, 53.43725393319378000 ) ) ;
#4488 = CARTESIAN_POINT ( 'NONE',  ( -14.11752760385748400, -20.52275989687055700, 4.000000000000000000 ) ) ;
#4489 = DIRECTION ( 'NONE',  ( -0.7071067811865463500, 6.230525629697509600E-015, 0.7071067811865486800 ) ) ;
#4490 = CYLINDRICAL_SURFACE ( 'NONE', #3887, 1.000000000000000900 ) ;
#4491 = ORIENTED_EDGE ( 'NONE', *, *, #7199, .F. ) ;
#4492 = DIRECTION ( 'NONE',  ( -1.000000000000000000, 0.0000000000000000000, 0.0000000000000000000 ) ) ;
#4493 = DIRECTION ( 'NONE',  ( 0.5907508554303794200, -0.1483769959848309500, 0.7930937484754198000 ) ) ;
#4494 = CARTESIAN_POINT ( 'NONE',  ( 4.660447020673694300, 73.48310668740411700, 45.50000000000000000 ) ) ;
#4495 = DIRECTION ( 'NONE',  ( 2.932034848225395000E-016, -0.1838957114233399600, 0.9829457601109553600 ) ) ;
#4496 = CARTESIAN_POINT ( 'NONE',  ( -24.33955297932630700, 68.57785688051524200, 45.50000000000000000 ) ) ;
#4497 = VECTOR ( 'NONE', #1526, 1000.000000000000000 ) ;
#4498 = DIRECTION ( 'NONE',  ( 1.609823385706476600E-015, -1.000000000000000000, -4.165779463821302700E-032 ) ) ;
#4499 = CARTESIAN_POINT ( 'NONE',  ( -10.30979467565266600, 68.04017663669739600, 13.55316419702326900 ) ) ;
#4500 = VERTEX_POINT ( 'NONE', #7259 ) ;
#4501 = EDGE_CURVE ( 'NONE', #9231, #5849, #3593, .T. ) ;
#4502 = AXIS2_PLACEMENT_3D ( 'NONE', #2829, #3712, #2257 ) ;
#4503 = AXIS2_PLACEMENT_3D ( 'NONE', #1586, #671, #2423 ) ;
#4504 = CARTESIAN_POINT ( 'NONE',  ( 25.88247239614251800, 9.714477141289696200E-016, 9.263639781882645300 ) ) ;
#4505 = CARTESIAN_POINT ( 'NONE',  ( -41.83955297932632100, 73.48310668740404600, 15.50000000000000000 ) ) ;
#4506 = CYLINDRICAL_SURFACE ( 'NONE', #456, 2.000000000000003600 ) ;
#4507 = CARTESIAN_POINT ( 'NONE',  ( 18.63919460971796800, 70.90875894155073000, 46.80504510122569400 ) ) ;
#4508 = CIRCLE ( 'NONE', #8668, 1.000000000000000900 ) ;
#4509 = FACE_OUTER_BOUND ( 'NONE', #4820, .T. ) ;
#4510 = ORIENTED_EDGE ( 'NONE', *, *, #4873, .T. ) ;
#4511 = CARTESIAN_POINT ( 'NONE',  ( 50.06790958539986000, -30.26111310422009000, 47.18721503487694200 ) ) ;
#4512 = CARTESIAN_POINT ( 'NONE',  ( 50.18971417623416200, -24.57929116116780900, 52.64978272480167500 ) ) ;
#4513 = DIRECTION ( 'NONE',  ( 0.0000000000000000000, 0.0000000000000000000, -1.000000000000000000 ) ) ;
#4514 = CARTESIAN_POINT ( 'NONE',  ( -71.04602967032580800, 65.12513958651717900, 11.05139489186360700 ) ) ;
#4515 = CIRCLE ( 'NONE', #5320, 5.000000000000000000 ) ;
#4516 = LINE ( 'NONE', #4027, #5932 ) ;
#4517 = DIRECTION ( 'NONE',  ( 1.000000000000000000, 4.857238570644847900E-017, -0.0000000000000000000 ) ) ;
#4518 = VERTEX_POINT ( 'NONE', #2306 ) ;
#4519 = CARTESIAN_POINT ( 'NONE',  ( 36.32066569211272600, -32.85971267629095400, 47.39252262901017300 ) ) ;
#4520 = EDGE_CURVE ( 'NONE', #6715, #45, #2179, .T. ) ;
#4521 = DIRECTION ( 'NONE',  ( 1.609823385706476600E-015, -1.000000000000000000, -4.165779463821302700E-032 ) ) ;
#4522 = CARTESIAN_POINT ( 'NONE',  ( 36.67376573125378100, -30.24881592973076700, 13.77070553294021100 ) ) ;
#4523 = CARTESIAN_POINT ( 'NONE',  ( 50.73374366343475800, 64.23011617120090500, 50.09999999999959600 ) ) ;
#4524 = CARTESIAN_POINT ( 'NONE',  ( 18.25972320665307100, -30.55528424148093000, 14.86456217552655400 ) ) ;
#4525 = CIRCLE ( 'NONE', #4698, 4.900000000000000400 ) ;
#4526 = CARTESIAN_POINT ( 'NONE',  ( -55.39101109248909400, 68.44187919405467800, 14.98092632939599900 ) ) ;
#4527 = DIRECTION ( 'NONE',  ( 1.000000000000000000, -0.0000000000000000000, -0.0000000000000000000 ) ) ;
#4528 = CARTESIAN_POINT ( 'NONE',  ( -43.83955297932623600, 20.56252476838795200, 30.50000000000000400 ) ) ;
#4529 = CARTESIAN_POINT ( 'NONE',  ( 37.17825559305465800, -30.36923500876987300, 46.80892437815207800 ) ) ;
#4530 = CARTESIAN_POINT ( 'NONE',  ( -17.89821441799315200, 69.66368671377974000, 40.43375095144641300 ) ) ;
#4531 = ORIENTED_EDGE ( 'NONE', *, *, #4570, .F. ) ;
#4532 = CARTESIAN_POINT ( 'NONE',  ( 50.49817350991803300, 70.71487442898786900, 13.60820298217129200 ) ) ;
#4533 = CARTESIAN_POINT ( 'NONE',  ( -28.33955297932632400, 68.57785688051524200, 15.50000000000000000 ) ) ;
#4534 = ADVANCED_FACE ( 'NONE', ( #7854 ), #8120, .F. ) ;
#4535 = CARTESIAN_POINT ( 'NONE',  ( -17.87969026946681300, 70.48310668740397500, 31.30533931549475600 ) ) ;
#4536 = DIRECTION ( 'NONE',  ( -0.0000000000000000000, 0.0000000000000000000, 1.000000000000000000 ) ) ;
#4537 = CIRCLE ( 'NONE', #10000, 2.500000000000002200 ) ;
#4538 = CARTESIAN_POINT ( 'NONE',  ( -56.32239115883523800, 70.77009123091602300, 13.77294528950233300 ) ) ;
#4539 = EDGE_CURVE ( 'NONE', #7965, #2493, #207, .T. ) ;
#4540 = CARTESIAN_POINT ( 'NONE',  ( -71.04602967032580800, 27.37181057052337600, 30.50000000000000000 ) ) ;
#4541 = CARTESIAN_POINT ( 'NONE',  ( 50.50191250887060300, 68.05590197897603800, 13.60692099700161400 ) ) ;
#4542 = ORIENTED_EDGE ( 'NONE', *, *, #7122, .F. ) ;
#4543 = CARTESIAN_POINT ( 'NONE',  ( -132.8082378770764600, 70.48310668740396100, 30.50000000000000000 ) ) ;
#4544 = CARTESIAN_POINT ( 'NONE',  ( 22.09903329396216500, 71.15997893499604700, 46.00815311873946500 ) ) ;
#4545 = ORIENTED_EDGE ( 'NONE', *, *, #7459, .T. ) ;
#4546 = CARTESIAN_POINT ( 'NONE',  ( 37.66044702067386400, -33.45785864922130800, 15.50000000000000000 ) ) ;
#4547 = DIRECTION ( 'NONE',  ( 0.0000000000000000000, 0.0000000000000000000, 1.000000000000000000 ) ) ;
#4548 = VERTEX_POINT ( 'NONE', #3141 ) ;
#4549 = DIRECTION ( 'NONE',  ( -1.000000000000000000, -1.609823385706476600E-015, 0.0000000000000000000 ) ) ;
#4550 = AXIS2_PLACEMENT_3D ( 'NONE', #1878, #6075, #2026 ) ;
#4551 = CARTESIAN_POINT ( 'NONE',  ( 60.16044702067369300, 61.68521411253470900, 3.104097538031597800 ) ) ;
#4552 = AXIS2_PLACEMENT_3D ( 'NONE', #5676, #9836, #3206 ) ;
#4553 = CARTESIAN_POINT ( 'NONE',  ( 45.28648081249664200, 70.45354196076898700, 28.61279441617131500 ) ) ;
#4554 = AXIS2_PLACEMENT_3D ( 'NONE', #9340, #4495, #6073 ) ;
#4555 = ORIENTED_EDGE ( 'NONE', *, *, #5193, .T. ) ;
#4556 = CARTESIAN_POINT ( 'NONE',  ( 41.44247239614252700, -14.90975989687055900, -1.040834085586084300E-014 ) ) ;
#4557 = CARTESIAN_POINT ( 'NONE',  ( 2.903288333984326300, -33.15563365417250500, 14.51105109821025300 ) ) ;
#4558 = CIRCLE ( 'NONE', #4194, 2.000000000000001800 ) ;
#4559 = VERTEX_POINT ( 'NONE', #8910 ) ;
#4560 = DIRECTION ( 'NONE',  ( 1.000000000000000000, 0.0000000000000000000, 0.0000000000000000000 ) ) ;
#4561 = ADVANCED_FACE ( 'NONE', ( #9650 ), #7293, .T. ) ;
#4562 = CARTESIAN_POINT ( 'NONE',  ( 41.31247239614251000, 33.35024010312945800, 8.650000000000000400 ) ) ;
#4563 = CARTESIAN_POINT ( 'NONE',  ( 53.16044702067368600, 73.48310668740398900, 30.50000000000000400 ) ) ;
#4564 = ORIENTED_EDGE ( 'NONE', *, *, #6514, .T. ) ;
#4565 = CARTESIAN_POINT ( 'NONE',  ( -71.04602967032580800, -25.72039438186902100, 57.36015214575595400 ) ) ;
#4566 = PLANE ( 'NONE',  #2886 ) ;
#4567 = ORIENTED_EDGE ( 'NONE', *, *, #10625, .F. ) ;
#4568 = CARTESIAN_POINT ( 'NONE',  ( 33.66044702067369300, 71.31277590714870500, 15.50000000000000000 ) ) ;
#4569 = DIRECTION ( 'NONE',  ( 0.0000000000000000000, 0.0000000000000000000, -1.000000000000000000 ) ) ;
#4570 = EDGE_CURVE ( 'NONE', #7263, #9821, #8609, .T. ) ;
#4571 = VERTEX_POINT ( 'NONE', #16 ) ;
#4572 = ORIENTED_EDGE ( 'NONE', *, *, #8148, .F. ) ;
#4573 = CARTESIAN_POINT ( 'NONE',  ( 45.55334023948709200, 70.46577844079544700, 29.05809524416767100 ) ) ;
#4574 = AXIS2_PLACEMENT_3D ( 'NONE', #3874, #5468, #5507 ) ;
#4575 = ORIENTED_EDGE ( 'NONE', *, *, #9951, .F. ) ;
#4576 = CARTESIAN_POINT ( 'NONE',  ( -71.04602967032580800, 64.02146462258960500, 57.58586771000599200 ) ) ;
#4577 = CARTESIAN_POINT ( 'NONE',  ( -17.48955297932633400, 62.69007228669750000, 40.51286796564304600 ) ) ;
#4578 = DIRECTION ( 'NONE',  ( 1.609823385706476600E-015, -1.000000000000000000, -4.165779463821302700E-032 ) ) ;
#4579 = ORIENTED_EDGE ( 'NONE', *, *, #9478, .T. ) ;
#4580 = CARTESIAN_POINT ( 'NONE',  ( 51.02321959931308700, 68.02446546358447700, 13.50023440605408200 ) ) ;
#4581 = CARTESIAN_POINT ( 'NONE',  ( 60.16044702067369300, 0.0000000000000000000, 0.0000000000000000000 ) ) ;
#4582 = ORIENTED_EDGE ( 'NONE', *, *, #6831, .F. ) ;
#4583 = DIRECTION ( 'NONE',  ( 1.000000000000000000, -0.0000000000000000000, -0.0000000000000000000 ) ) ;
#4584 = VERTEX_POINT ( 'NONE', #7503 ) ;
#4585 = VERTEX_POINT ( 'NONE', #5820 ) ;
#4586 = CARTESIAN_POINT ( 'NONE',  ( -9.935613497000581200, -32.89447195299492000, 47.28897289183628100 ) ) ;
#4587 = CARTESIAN_POINT ( 'NONE',  ( 36.89524450973657800, -32.96432308532411800, 13.92119940995662800 ) ) ;
#4588 = CYLINDRICAL_SURFACE ( 'NONE', #5257, 60.00000000000001400 ) ;
#4589 = DIRECTION ( 'NONE',  ( 1.000000000000000000, 1.425225579937531700E-016, 0.0000000000000000000 ) ) ;
#4590 = AXIS2_PLACEMENT_3D ( 'NONE', #3000, #5479, #7986 ) ;
#4591 = ORIENTED_EDGE ( 'NONE', *, *, #2569, .F. ) ;
#4592 = EDGE_CURVE ( 'NONE', #7024, #5101, #9910, .T. ) ;
#4593 = ADVANCED_FACE ( 'NONE', ( #10308 ), #7724, .F. ) ;
#4594 = CARTESIAN_POINT ( 'NONE',  ( 45.16044702067369300, -29.15443035959369700, 10.38075333641064200 ) ) ;
#4595 = EDGE_LOOP ( 'NONE', ( #1907, #8778 ) ) ;
#4596 = DIRECTION ( 'NONE',  ( -0.0000000000000000000, -0.0000000000000000000, -1.000000000000000000 ) ) ;
#4597 = VERTEX_POINT ( 'NONE', #4954 ) ;
#4598 = ORIENTED_EDGE ( 'NONE', *, *, #9082, .F. ) ;
#4599 = VECTOR ( 'NONE', #1176, 1000.000000000000000 ) ;
#4600 = CARTESIAN_POINT ( 'NONE',  ( 37.64794773846423200, -33.38128434154884900, 45.75724934956181800 ) ) ;
#4601 = CARTESIAN_POINT ( 'NONE',  ( -27.94902193369218000, 68.25073863944457700, 14.28464133985791800 ) ) ;
#4602 = CARTESIAN_POINT ( 'NONE',  ( 22.16044702067386000, -30.72293962258783400, 15.50000000000000000 ) ) ;
#4603 = ORIENTED_EDGE ( 'NONE', *, *, #6673, .F. ) ;
#4604 = ORIENTED_EDGE ( 'NONE', *, *, #10488, .F. ) ;
#4605 = DIRECTION ( 'NONE',  ( 1.000000000000000000, 1.603063405027194900E-016, 0.0000000000000000000 ) ) ;
#4606 = EDGE_LOOP ( 'NONE', ( #542, #4072, #8950, #6698 ) ) ;
#4607 = CARTESIAN_POINT ( 'NONE',  ( -57.33955297932630700, 73.48310668740401800, 45.50000000000000000 ) ) ;
#4608 = CARTESIAN_POINT ( 'NONE',  ( -56.04602967032580800, 60.67025643711578900, 8.000000000000000000 ) ) ;
#4609 = CARTESIAN_POINT ( 'NONE',  ( -18.48955297932634100, 69.46613139135953900, 31.91520202535428700 ) ) ;
#4610 = CARTESIAN_POINT ( 'NONE',  ( 18.16044702067367900, 73.48310668740398900, 30.50000000000000400 ) ) ;
#4611 = EDGE_CURVE ( 'NONE', #3231, #1174, #5670, .T. ) ;
#4612 = CIRCLE ( 'NONE', #3037, 52.92058191901600800 ) ;
#4613 = CARTESIAN_POINT ( 'NONE',  ( -14.53174116623057600, -17.10854633449746500, 3.000000000000000900 ) ) ;
#4614 = CIRCLE ( 'NONE', #7542, 2.000000000000000000 ) ;
#4615 = DIRECTION ( 'NONE',  ( 1.000000000000000000, 1.609823385706476600E-015, 2.312964634635743000E-016 ) ) ;
#4616 = ORIENTED_EDGE ( 'NONE', *, *, #9396, .T. ) ;
#4617 = CARTESIAN_POINT ( 'NONE',  ( 50.72298673428045400, 63.84226898808960700, 50.12996763652610400 ) ) ;
#4618 = CARTESIAN_POINT ( 'NONE',  ( -59.32735260629051800, 71.23674877982129800, 15.24455901932126500 ) ) ;
#4619 = CARTESIAN_POINT ( 'NONE',  ( 0.0000000000000000000, 0.0000000000000000000, 3.000000000000000000 ) ) ;
#4620 = CARTESIAN_POINT ( 'NONE',  ( -15.98955297932633200, 69.44617026388614500, 41.51286796564299000 ) ) ;
#4621 = CARTESIAN_POINT ( 'NONE',  ( 53.10779495117514400, 63.62332712717895300, 45.97089767335233300 ) ) ;
#4622 = LINE ( 'NONE', #6972, #3965 ) ;
#4623 = CARTESIAN_POINT ( 'NONE',  ( -59.32735260629034000, -33.38183152189392200, 15.24455901932126200 ) ) ;
#4624 = ADVANCED_FACE ( 'NONE', ( #9133 ), #8362, .T. ) ;
#4625 = AXIS2_PLACEMENT_3D ( 'NONE', #3168, #3971, #7353 ) ;
#4626 = FACE_OUTER_BOUND ( 'NONE', #2492, .T. ) ;
#4627 = CARTESIAN_POINT ( 'NONE',  ( 34.99817350991818900, -32.85995717106045100, 13.60820298217128700 ) ) ;
#4628 = ORIENTED_EDGE ( 'NONE', *, *, #4392, .T. ) ;
#4629 = EDGE_CURVE ( 'NONE', #7379, #1720, #3863, .T. ) ;
#4630 = CARTESIAN_POINT ( 'NONE',  ( 50.22653119867253200, -24.48512625102137700, 52.27409409867983900 ) ) ;
#4631 = CYLINDRICAL_SURFACE ( 'NONE', #3785, 2.000000000000001800 ) ;
#4632 = ORIENTED_EDGE ( 'NONE', *, *, #10560, .T. ) ;
#4633 = CARTESIAN_POINT ( 'NONE',  ( -43.83955297932613600, -33.45785864922132200, 15.50000000000000000 ) ) ;
#4634 = LINE ( 'NONE', #7195, #578 ) ;
#4635 = ORIENTED_EDGE ( 'NONE', *, *, #9951, .T. ) ;
#4636 = EDGE_CURVE ( 'NONE', #3104, #5605, #70, .T. ) ;
#4637 = CYLINDRICAL_SURFACE ( 'NONE', #9252, 1.000000000000000900 ) ;
#4638 = CARTESIAN_POINT ( 'NONE',  ( 48.39968923778116800, 68.76353031724879400, 39.68164877993718400 ) ) ;
#4639 = CARTESIAN_POINT ( 'NONE',  ( 36.19020532434750900, -30.18525937876996300, 13.55316419702326900 ) ) ;
#4640 = CARTESIAN_POINT ( 'NONE',  ( 60.16044702067369300, 64.23011617120123200, 52.00000000000002100 ) ) ;
#4641 = AXIS2_PLACEMENT_3D ( 'NONE', #2093, #1940, #4452 ) ;
#4642 = VECTOR ( 'NONE', #7046, 1000.000000000000000 ) ;
#4643 = CARTESIAN_POINT ( 'NONE',  ( 21.67825559305464400, -30.36923500876987700, 46.80892437815208500 ) ) ;
#4644 = CARTESIAN_POINT ( 'NONE',  ( 6.660447020673714700, 68.57785688051524200, 45.50000000000000000 ) ) ;
#4645 = CARTESIAN_POINT ( 'NONE',  ( 4.660447020673694300, 73.48310668740411700, 15.50000000000000000 ) ) ;
#4646 = TOROIDAL_SURFACE ( 'NONE', #10697, 59.00000000000000000, 1.000000000000000000 ) ;
#4647 = CARTESIAN_POINT ( 'NONE',  ( 53.16044702067370100, 70.48310668740400300, 30.50000000000000000 ) ) ;
#4648 = EDGE_LOOP ( 'NONE', ( #6475, #4785, #8941, #9059 ) ) ;
#4649 = CARTESIAN_POINT ( 'NONE',  ( -17.75162231893143900, 69.42859507078149800, 41.69952674201482500 ) ) ;
#4650 = DIRECTION ( 'NONE',  ( 0.0000000000000000000, 0.0000000000000000000, 1.000000000000000000 ) ) ;
#4651 = ADVANCED_FACE ( 'NONE', ( #7466 ), #4230, .F. ) ;
#4652 = FACE_OUTER_BOUND ( 'NONE', #5887, .T. ) ;
#4653 = CARTESIAN_POINT ( 'NONE',  ( -15.33955297932633100, 64.88120988926030500, 28.80096125727683200 ) ) ;
#4654 = CARTESIAN_POINT ( 'NONE',  ( 50.34664339910695200, 62.38502411900646600, 51.50779610346752000 ) ) ;
#4655 = CIRCLE ( 'NONE', #9985, 0.5000000000000004400 ) ;
#4656 = DIRECTION ( 'NONE',  ( 1.573428027951567600E-015, -1.000000000000000000, 5.310319594336540300E-015 ) ) ;
#4657 = LINE ( 'NONE', #10648, #3467 ) ;
#4658 = EDGE_CURVE ( 'NONE', #236, #9241, #10689, .T. ) ;
#4659 = CARTESIAN_POINT ( 'NONE',  ( 42.76044702067369500, 62.69007228669773500, 29.80073593128705800 ) ) ;
#4660 = FACE_OUTER_BOUND ( 'NONE', #2978, .T. ) ;
#4661 = AXIS2_PLACEMENT_3D ( 'NONE', #95, #5907, #927 ) ;
#4662 = DIRECTION ( 'NONE',  ( 0.0000000000000000000, 0.0000000000000000000, 1.000000000000000000 ) ) ;
#4663 = CARTESIAN_POINT ( 'NONE',  ( -11.10579053462628500, -32.82785786935672700, 47.48673861149426800 ) ) ;
#4664 = EDGE_CURVE ( 'NONE', #1153, #6876, #326, .T. ) ;
#4665 = VECTOR ( 'NONE', #10731, 1000.000000000000000 ) ;
#4666 = CARTESIAN_POINT ( 'NONE',  ( -8.839552979326308300, 68.57785688051524200, 45.50000000000000000 ) ) ;
#4667 = ORIENTED_EDGE ( 'NONE', *, *, #7830, .T. ) ;
#4668 = CARTESIAN_POINT ( 'NONE',  ( 49.16044702067382100, 10.48310668740399300, 30.50000000000000000 ) ) ;
#4669 = DIRECTION ( 'NONE',  ( -1.619075244245020000E-015, 1.000000000000000000, 0.0000000000000000000 ) ) ;
#4670 = VECTOR ( 'NONE', #7434, 1000.000000000000000 ) ;
#4671 = CARTESIAN_POINT ( 'NONE',  ( -39.83752760385750200, 33.35024010312945800, 7.000000000000000000 ) ) ;
#4672 = ORIENTED_EDGE ( 'NONE', *, *, #8349, .T. ) ;
#4673 = EDGE_CURVE ( 'NONE', #1452, #10482, #8491, .T. ) ;
#4674 = CARTESIAN_POINT ( 'NONE',  ( 48.32677162249659400, 68.65835896614997600, 39.92230111974942000 ) ) ;
#4675 = DIRECTION ( 'NONE',  ( -5.551115123125778800E-015, 1.000000000000000000, -9.684806018886889300E-015 ) ) ;
#4676 = DIRECTION ( 'NONE',  ( 0.0000000000000000000, 1.000000000000000000, 0.0000000000000000000 ) ) ;
#4677 = ADVANCED_FACE ( 'NONE', ( #8742 ), #78, .T. ) ;
#4678 = CARTESIAN_POINT ( 'NONE',  ( 18.35733760863024600, -30.49010516316783600, 46.37495291163285300 ) ) ;
#4679 = CARTESIAN_POINT ( 'NONE',  ( -25.31743223855080800, 70.77107199232494800, 47.22411160762044300 ) ) ;
#4680 = DIRECTION ( 'NONE',  ( 1.619075244245020000E-015, -1.000000000000000000, 0.0000000000000000000 ) ) ;
#4681 = CARTESIAN_POINT ( 'NONE',  ( 6.660447020673702300, 71.27443635557021700, 45.62971612474357400 ) ) ;
#4682 = CARTESIAN_POINT ( 'NONE',  ( 50.35864748743199500, -21.50089725230203200, 51.44012351578212600 ) ) ;
#4683 = ORIENTED_EDGE ( 'NONE', *, *, #4792, .T. ) ;
#4684 = CARTESIAN_POINT ( 'NONE',  ( 45.16044702067369300, 65.12513958651717900, 11.05139489186360700 ) ) ;
#4685 = VERTEX_POINT ( 'NONE', #10351 ) ;
#4686 = AXIS2_PLACEMENT_3D ( 'NONE', #9640, #2247, #8780 ) ;
#4687 = ORIENTED_EDGE ( 'NONE', *, *, #5808, .F. ) ;
#4688 =( BOUNDED_SURFACE ( )  B_SPLINE_SURFACE ( 3, 2, ( 
 ( #4069, #4031, #4101 ),
 ( #3294, #1580, #9057 ),
 ( #9893, #4961, #10686 ),
 ( #3847, #2418, #1616 ),
 ( #10612, #1341, #10719 ),
 ( #5659, #9604, #779 ),
 ( #2183, #5730, #2453 ),
 ( #3224, #705, #495 ),
 ( #7131, #7957, #6521 ),
 ( #8951, #3008, #4832 ) ),
 .UNSPECIFIED., .F., .F., .F. ) 
 B_SPLINE_SURFACE_WITH_KNOTS ( ( 4, 2, 2, 2, 4 ),
 ( 3, 3 ),
 ( 0.0000000000000000000, 0.0005325441848833799000, 0.001065088369766759800, 0.001597632554650139700, 0.002130176739533519600 ),
 ( 0.0000000000000000000, 1.000000000000000000 ),
 .UNSPECIFIED. ) 
 GEOMETRIC_REPRESENTATION_ITEM ( )  RATIONAL_B_SPLINE_SURFACE ( (
 ( 1.000000000000000000, 0.6377073078306732000, 1.000000000000000000),
 ( 1.000000000000000000, 0.6377113243450345200, 1.000000000000000000),
 ( 1.000000000000000000, 0.6387478822538807900, 1.000000000000000000),
 ( 1.000000000000000000, 0.6427521849157229500, 1.000000000000000000),
 ( 1.000000000000000000, 0.6457264843709390500, 1.000000000000000000),
 ( 1.000000000000000000, 0.6530453466601359200, 1.000000000000000000),
 ( 1.000000000000000000, 0.6574818170546143900, 1.000000000000000000),
 ( 1.000000000000000000, 0.6670268936438328300, 1.000000000000000000),
 ( 1.000000000000000000, 0.6722051515086948600, 1.000000000000000000),
 ( 1.000000000000000000, 0.6775323749750487000, 1.000000000000000000) ) ) 
 REPRESENTATION_ITEM ( '' )  SURFACE ( )  );
#4689 = EDGE_CURVE ( 'NONE', #1153, #2560, #718, .T. ) ;
#4690 = CYLINDRICAL_SURFACE ( 'NONE', #498, 1.999999999999994900 ) ;
#4691 = ORIENTED_EDGE ( 'NONE', *, *, #358, .F. ) ;
#4692 = CARTESIAN_POINT ( 'NONE',  ( -24.39101109248894500, -30.58696193612727400, 14.98092632939600400 ) ) ;
#4693 = ORIENTED_EDGE ( 'NONE', *, *, #4329, .T. ) ;
#4694 = VERTEX_POINT ( 'NONE', #1283 ) ;
#4695 = CARTESIAN_POINT ( 'NONE',  ( 5.195660491282093400, -30.18579248210431500, 47.44502177122846100 ) ) ;
#4696 = ORIENTED_EDGE ( 'NONE', *, *, #10451, .F. ) ;
#4697 = CARTESIAN_POINT ( 'NONE',  ( 33.85733760863008300, 68.34502242109526500, 46.37495291163287400 ) ) ;
#4698 = AXIS2_PLACEMENT_3D ( 'NONE', #10454, #6355, #8003 ) ;
#4699 = ORIENTED_EDGE ( 'NONE', *, *, #5597, .F. ) ;
#4700 = ADVANCED_FACE ( 'NONE', ( #7592 ), #1242, .T. ) ;
#4701 = AXIS2_PLACEMENT_3D ( 'NONE', #8069, #3119, #7270 ) ;
#4702 = AXIS2_PLACEMENT_3D ( 'NONE', #9312, #4394, #10162 ) ;
#4703 = ORIENTED_EDGE ( 'NONE', *, *, #6636, .T. ) ;
#4704 = DIRECTION ( 'NONE',  ( 1.609823385706476600E-015, -1.000000000000000000, -4.165779463821302700E-032 ) ) ;
#4705 = EDGE_LOOP ( 'NONE', ( #5221, #7971, #8293, #6745 ) ) ;
#4706 = ORIENTED_EDGE ( 'NONE', *, *, #10059, .T. ) ;
#4707 = EDGE_LOOP ( 'NONE', ( #4251, #2355, #1275, #7423 ) ) ;
#4708 = CARTESIAN_POINT ( 'NONE',  ( -27.24112259762336300, 68.08600764125185400, 13.70986368167312700 ) ) ;
#4709 = VERTEX_POINT ( 'NONE', #2019 ) ;
#4710 = CARTESIAN_POINT ( 'NONE',  ( 25.70162444043530300, 35.74913373892482600, 9.837216218233701100 ) ) ;
#4711 = DIRECTION ( 'NONE',  ( 1.000000000000000000, 0.0000000000000000000, 0.0000000000000000000 ) ) ;
#4712 = DIRECTION ( 'NONE',  ( 0.0000000000000000000, 0.0000000000000000000, 1.000000000000000000 ) ) ;
#4713 = DIRECTION ( 'NONE',  ( -1.000000000000000000, -0.0000000000000000000, 0.0000000000000000000 ) ) ;
#4714 = CARTESIAN_POINT ( 'NONE',  ( 50.16044702067368600, -25.13249978173830400, 53.43725393319378000 ) ) ;
#4715 = ORIENTED_EDGE ( 'NONE', *, *, #6673, .T. ) ;
#4716 = DIRECTION ( 'NONE',  ( -1.000000000000000000, -1.609823385706476600E-015, -1.156482317317871500E-016 ) ) ;
#4717 = EDGE_CURVE ( 'NONE', #4439, #3288, #9123, .T. ) ;
#4718 = DIRECTION ( 'NONE',  ( -0.7071067811865443500, -9.345788444546259300E-015, -0.7071067811865506800 ) ) ;
#4719 = AXIS2_PLACEMENT_3D ( 'NONE', #8851, #3574, #2728 ) ;
#4720 = EDGE_LOOP ( 'NONE', ( #1318, #4951, #305, #3151 ) ) ;
#4721 = EDGE_LOOP ( 'NONE', ( #7243, #2068, #8563, #4068 ) ) ;
#4722 = ORIENTED_EDGE ( 'NONE', *, *, #4796, .F. ) ;
#4723 = CARTESIAN_POINT ( 'NONE',  ( 60.16044702067369300, 65.12513958651717900, 9.051394891863608900 ) ) ;
#4724 = CARTESIAN_POINT ( 'NONE',  ( -43.36080539028188200, -33.05384168362334700, 46.80504510122569400 ) ) ;
#4725 = CIRCLE ( 'NONE', #3377, 1.899999999999999000 ) ;
#4726 = DIRECTION ( 'NONE',  ( 1.000000000000000000, 5.551115123125778800E-015, -5.376147315598253500E-029 ) ) ;
#4727 = CARTESIAN_POINT ( 'NONE',  ( -57.47791864871156500, -32.82344603182252000, 13.50027294252316800 ) ) ;
#4728 = ORIENTED_EDGE ( 'NONE', *, *, #10584, .T. ) ;
#4729 = ADVANCED_FACE ( 'NONE', ( #2795 ), #839, .F. ) ;
#4730 = ORIENTED_EDGE ( 'NONE', *, *, #3005, .F. ) ;
#4731 = ORIENTED_EDGE ( 'NONE', *, *, #9440, .F. ) ;
#4732 = DIRECTION ( 'NONE',  ( 1.606207778533891500E-015, -1.000000000000000000, 0.0000000000000000000 ) ) ;
#4733 = VECTOR ( 'NONE', #10050, 1000.000000000000000 ) ;
#4734 = CARTESIAN_POINT ( 'NONE',  ( -71.04602967032580800, -27.27022232858982100, 11.05139489186361200 ) ) ;
#4735 = VERTEX_POINT ( 'NONE', #10108 ) ;
#4736 = EDGE_CURVE ( 'NONE', #1548, #9869, #5417, .T. ) ;
#4737 = DIRECTION ( 'NONE',  ( 0.0000000000000000000, 0.0000000000000000000, -1.000000000000000000 ) ) ;
#4738 = ORIENTED_EDGE ( 'NONE', *, *, #6490, .F. ) ;
#4739 = CARTESIAN_POINT ( 'NONE',  ( 53.14794773846405500, 71.23620159947626000, 45.75724934956182500 ) ) ;
#4740 = CARTESIAN_POINT ( 'NONE',  ( -42.33752760385750200, 33.35024010312945800, 7.000000000000000000 ) ) ;
#4741 = VECTOR ( 'NONE', #9486, 1000.000000000000000 ) ;
#4742 = DIRECTION ( 'NONE',  ( 1.000000000000000000, 3.569163070562645700E-016, 0.0000000000000000000 ) ) ;
#4743 = DIRECTION ( 'NONE',  ( -1.619075244245019800E-015, 1.000000000000000000, 0.0000000000000000000 ) ) ;
#4744 = CARTESIAN_POINT ( 'NONE',  ( 44.33544702067368300, 64.24418216788519900, 32.20595473402745800 ) ) ;
#4745 = LINE ( 'NONE', #8976, #10016 ) ;
#4746 = ORIENTED_EDGE ( 'NONE', *, *, #3338, .T. ) ;
#4747 = DIRECTION ( 'NONE',  ( 0.0000000000000000000, 0.0000000000000000000, 1.000000000000000000 ) ) ;
#4748 = CARTESIAN_POINT ( 'NONE',  ( 20.16044702067369700, 73.48310668740414500, 45.50000000000000000 ) ) ;
#4749 = DIRECTION ( 'NONE',  ( 0.0000000000000000000, -1.000000000000000000, 0.0000000000000000000 ) ) ;
#4750 = CARTESIAN_POINT ( 'NONE',  ( -33.48752760385749400, -14.90975989687055900, 4.000000000000000000 ) ) ;
#4751 = CARTESIAN_POINT ( 'NONE',  ( 45.55334023948711300, 64.83310363623066100, 29.05809524416776000 ) ) ;
#4752 = EDGE_CURVE ( 'NONE', #7628, #3638, #9380, .T. ) ;
#4753 = DIRECTION ( 'NONE',  ( 0.0000000000000000000, 1.000000000000000000, 0.0000000000000000000 ) ) ;
#4754 = ADVANCED_FACE ( 'NONE', ( #1376, #6945, #4375, #8222, #6567 ), #6220, .F. ) ;
#4755 = VECTOR ( 'NONE', #5269, 1000.000000000000000 ) ;
#4756 = CARTESIAN_POINT ( 'NONE',  ( -24.73867663675884300, 68.25321152704712800, 46.70578863413462000 ) ) ;
#4757 = CARTESIAN_POINT ( 'NONE',  ( -41.17933430788728800, -32.85971267629097500, 47.39252262901017300 ) ) ;
#4758 = FACE_OUTER_BOUND ( 'NONE', #9190, .T. ) ;
#4759 = VERTEX_POINT ( 'NONE', #7836 ) ;
#4760 = DIRECTION ( 'NONE',  ( 1.000000000000000000, 0.0000000000000000000, 0.0000000000000000000 ) ) ;
#4761 = VECTOR ( 'NONE', #7007, 1000.000000000000000 ) ;
#4762 = AXIS2_PLACEMENT_3D ( 'NONE', #9447, #5397, #10219 ) ;
#4763 = EDGE_CURVE ( 'NONE', #7269, #9067, #2937, .T. ) ;
#4764 = ORIENTED_EDGE ( 'NONE', *, *, #2303, .T. ) ;
#4765 = DIRECTION ( 'NONE',  ( 1.000000000000000000, 0.0000000000000000000, 0.0000000000000000000 ) ) ;
#4766 = DIRECTION ( 'NONE',  ( 1.000000000000000000, 0.0000000000000000000, 0.0000000000000000000 ) ) ;
#4767 = CYLINDRICAL_SURFACE ( 'NONE', #2536, 2.000000000000001800 ) ;
#4768 = VECTOR ( 'NONE', #5784, 1000.000000000000000 ) ;
#4769 = CARTESIAN_POINT ( 'NONE',  ( 49.17302371217581900, 71.23594082613280400, 45.75812014233033400 ) ) ;
#4770 = CARTESIAN_POINT ( 'NONE',  ( 50.16044702067368600, 65.92571108153563800, 53.43725393319377300 ) ) ;
#4771 = CIRCLE ( 'NONE', #3786, 1.900000000000000600 ) ;
#4772 = VECTOR ( 'NONE', #8082, 1000.000000000000000 ) ;
#4773 = EDGE_CURVE ( 'NONE', #2601, #10504, #3853, .T. ) ;
#4774 = EDGE_CURVE ( 'NONE', #7965, #8108, #2167, .T. ) ;
#4775 = DIRECTION ( 'NONE',  ( -0.0000000000000000000, -0.0000000000000000000, 1.000000000000000000 ) ) ;
#4776 = CARTESIAN_POINT ( 'NONE',  ( -43.83955297932632800, 71.31277590714869100, 45.50000000000000000 ) ) ;
#4777 = AXIS2_PLACEMENT_3D ( 'NONE', #4505, #3701, #6166 ) ;
#4778 = AXIS2_PLACEMENT_3D ( 'NONE', #3468, #8369, #7586 ) ;
#4779 = VECTOR ( 'NONE', #3257, 1000.000000000000000 ) ;
#4780 = CARTESIAN_POINT ( 'NONE',  ( 21.96332985977924300, -30.48996613893636700, 46.37546170744721500 ) ) ;
#4781 = CARTESIAN_POINT ( 'NONE',  ( -71.04602967032580800, 61.80992920665785600, 9.900000000000000400 ) ) ;
#4782 = LINE ( 'NONE', #5621, #1781 ) ;
#4783 = CARTESIAN_POINT ( 'NONE',  ( -58.67272501525693700, -30.31587637787976800, 46.99667611563688800 ) ) ;
#4784 = DIRECTION ( 'NONE',  ( 0.0000000000000000000, 0.0000000000000000000, 1.000000000000000000 ) ) ;
#4785 = ORIENTED_EDGE ( 'NONE', *, *, #3237, .T. ) ;
#4786 = CARTESIAN_POINT ( 'NONE',  ( 25.21538155747729000, -17.66789641562012700, 10.26363978188264500 ) ) ;
#4787 = CARTESIAN_POINT ( 'NONE',  ( -18.48955297932633400, 65.31592815729840100, 31.91520202535432600 ) ) ;
#4788 = CARTESIAN_POINT ( 'NONE',  ( 43.94247239614253400, -14.90975989687055900, 7.000000000000000000 ) ) ;
#4789 = CARTESIAN_POINT ( 'NONE',  ( 2.660447020673778700, 27.37181057052338700, 30.50000000000000000 ) ) ;
#4790 = CIRCLE ( 'NONE', #1987, 1.899999999999999000 ) ;
#4791 = DIRECTION ( 'NONE',  ( 1.573428027951567400E-015, -1.000000000000000000, 0.0000000000000000000 ) ) ;
#4792 = EDGE_CURVE ( 'NONE', #7171, #7160, #7204, .T. ) ;
#4793 = EDGE_LOOP ( 'NONE', ( #6650, #6389, #448, #5963 ) ) ;
#4794 = AXIS2_PLACEMENT_3D ( 'NONE', #1472, #10571, #8291 ) ;
#4795 = DIRECTION ( 'NONE',  ( 1.000000000000000000, -0.0000000000000000000, -0.0000000000000000000 ) ) ;
#4796 = EDGE_CURVE ( 'NONE', #1720, #6670, #9900, .T. ) ;
#4797 = CARTESIAN_POINT ( 'NONE',  ( -14.11752760385748400, -16.82275989687055800, 9.324662987640136800 ) ) ;
#4798 = FACE_OUTER_BOUND ( 'NONE', #6615, .T. ) ;
#4799 = CARTESIAN_POINT ( 'NONE',  ( 6.268206355677016900, 68.25005060174739000, 14.28218670468145900 ) ) ;
#4800 = CARTESIAN_POINT ( 'NONE',  ( 35.39508535879332400, 68.02830081479801500, 47.48680050506430900 ) ) ;
#4801 = ORIENTED_EDGE ( 'NONE', *, *, #6227, .F. ) ;
#4802 = ADVANCED_FACE ( 'NONE', ( #7330 ), #1204, .F. ) ;
#4803 = DIRECTION ( 'NONE',  ( 0.0000000000000000000, 0.0000000000000000000, 1.000000000000000000 ) ) ;
#4804 = CARTESIAN_POINT ( 'NONE',  ( 49.55807395722951700, 70.94147370372377300, 46.70377594517700000 ) ) ;
#4805 = ORIENTED_EDGE ( 'NONE', *, *, #6430, .T. ) ;
#4806 = CARTESIAN_POINT ( 'NONE',  ( -61.04602967032580100, -25.72039438186902100, 57.36015214575595400 ) ) ;
#4807 = LINE ( 'NONE', #1585, #10221 ) ;
#4808 = EDGE_CURVE ( 'NONE', #3189, #7013, #3199, .T. ) ;
#4809 = ORIENTED_EDGE ( 'NONE', *, *, #1507, .T. ) ;
#4810 = CARTESIAN_POINT ( 'NONE',  ( -24.43870465473642300, -30.55532595375957100, 46.13529157058128000 ) ) ;
#4811 = CARTESIAN_POINT ( 'NONE',  ( 40.04247239614252900, -14.90975989687055900, 8.650000000000000400 ) ) ;
#4812 = CARTESIAN_POINT ( 'NONE',  ( -24.33955297932621800, 10.48310668740398000, 30.50000000000000000 ) ) ;
#4813 = CARTESIAN_POINT ( 'NONE',  ( -17.48955297932634100, 69.42859507026720700, 41.69952674472168800 ) ) ;
#4814 = ORIENTED_EDGE ( 'NONE', *, *, #4360, .F. ) ;
#4815 =( BOUNDED_CURVE ( )  B_SPLINE_CURVE ( 3, ( #9526, #8009, #2136, #7875 ),
 .UNSPECIFIED., .F., .F. ) 
 B_SPLINE_CURVE_WITH_KNOTS ( ( 4, 4 ),
 ( 4.712388980384689700, 4.773450123105920500 ),
 .UNSPECIFIED. ) 
 CURVE ( )  GEOMETRIC_REPRESENTATION_ITEM ( )  RATIONAL_B_SPLINE_CURVE ( ( 1.000000000000000000, 0.9996893188711549700, 0.9996893188711549700, 1.000000000000000000 ) ) 
 REPRESENTATION_ITEM ( '' )  );
#4816 = CARTESIAN_POINT ( 'NONE',  ( 3.759215331532024300, 70.74891782148579000, 47.29038196465389600 ) ) ;
#4817 = ORIENTED_EDGE ( 'NONE', *, *, #5193, .F. ) ;
#4818 = LINE ( 'NONE', #1746, #4283 ) ;
#4819 = CARTESIAN_POINT ( 'NONE',  ( -8.901492046918367200, 68.44384999936771400, 46.01029410947546000 ) ) ;
#4820 = EDGE_LOOP ( 'NONE', ( #4449, #886, #4937, #1986 ) ) ;
#4821 = CARTESIAN_POINT ( 'NONE',  ( 33.66044702067380700, 10.48310668740398900, 30.50000000000000000 ) ) ;
#4822 = CARTESIAN_POINT ( 'NONE',  ( -25.43989211662463700, 68.08572968216853400, 47.29108936670988300 ) ) ;
#4823 = AXIS2_PLACEMENT_3D ( 'NONE', #9187, #9949, #4263 ) ;
#4824 = CARTESIAN_POINT ( 'NONE',  ( -40.93561349700060200, -32.89447195299492700, 47.28897289183627400 ) ) ;
#4825 = CARTESIAN_POINT ( 'NONE',  ( -13.74573079776038200, 35.94008258931091900, 10.10991943830292100 ) ) ;
#4826 = ORIENTED_EDGE ( 'NONE', *, *, #3504, .F. ) ;
#4827 = EDGE_CURVE ( 'NONE', #7110, #7372, #979, .T. ) ;
#4828 = ORIENTED_EDGE ( 'NONE', *, *, #3518, .F. ) ;
#4829 = ORIENTED_EDGE ( 'NONE', *, *, #2407, .T. ) ;
#4830 = ADVANCED_FACE ( 'NONE', ( #9256 ), #6045, .T. ) ;
#4831 = VERTEX_POINT ( 'NONE', #5466 ) ;
#4832 = CARTESIAN_POINT ( 'NONE',  ( 48.28544702067383600, 68.63271861446372700, 39.99699088391857100 ) ) ;
#4833 = CARTESIAN_POINT ( 'NONE',  ( 52.95292072521726800, 63.17194988137004000, 46.41835920940846400 ) ) ;
#4834 = ORIENTED_EDGE ( 'NONE', *, *, #9348, .F. ) ;
#4835 = CARTESIAN_POINT ( 'NONE',  ( 3.050978066307833600, 68.25073863944460600, 14.28464133985792400 ) ) ;
#4836 = EDGE_CURVE ( 'NONE', #4897, #10291, #3323, .T. ) ;
#4837 = VERTEX_POINT ( 'NONE', #6399 ) ;
#4838 = ORIENTED_EDGE ( 'NONE', *, *, #2506, .F. ) ;
#4839 = ORIENTED_EDGE ( 'NONE', *, *, #2749, .T. ) ;
#4840 = AXIS2_PLACEMENT_3D ( 'NONE', #10637, #7355, #8934 ) ;
#4841 = DIRECTION ( 'NONE',  ( -1.000000000000000000, 0.0000000000000000000, 0.0000000000000000000 ) ) ;
#4842 = FACE_BOUND ( 'NONE', #5084, .T. ) ;
#4843 = CARTESIAN_POINT ( 'NONE',  ( -27.36695045927960400, 70.76709497378017500, 13.76377908748838400 ) ) ;
#4844 = CARTESIAN_POINT ( 'NONE',  ( -41.56941588792708600, 70.68294828389905100, 47.48622826149018300 ) ) ;
#4845 = ORIENTED_EDGE ( 'NONE', *, *, #10376, .T. ) ;
#4846 = VERTEX_POINT ( 'NONE', #1426 ) ;
#4847 = DIRECTION ( 'NONE',  ( 1.000000000000000000, 0.0000000000000000000, 0.0000000000000000000 ) ) ;
#4848 = ORIENTED_EDGE ( 'NONE', *, *, #9905, .T. ) ;
#4849 = PLANE ( 'NONE',  #3112 ) ;
#4850 = ORIENTED_EDGE ( 'NONE', *, *, #3742, .T. ) ;
#4851 = CARTESIAN_POINT ( 'NONE',  ( 60.16044702067369300, 64.16420904163041400, 9.297367386975608400 ) ) ;
#4852 = CARTESIAN_POINT ( 'NONE',  ( -25.67933430788745500, 70.71462993421832300, 47.39252262901017300 ) ) ;
#4853 = PLANE ( 'NONE',  #7733 ) ;
#4854 = EDGE_CURVE ( 'NONE', #8272, #8024, #5774, .T. ) ;
#4855 = CARTESIAN_POINT ( 'NONE',  ( 34.32350095074104200, 70.84740366713106100, 46.99329394968421500 ) ) ;
#4856 = CARTESIAN_POINT ( 'NONE',  ( -10.97041335351880200, 68.02436011043491200, 47.50012219141358800 ) ) ;
#4857 = ADVANCED_FACE ( 'NONE', ( #1627 ), #10679, .T. ) ;
#4858 = AXIS2_PLACEMENT_3D ( 'NONE', #5759, #5787, #5651 ) ;
#4859 = VERTEX_POINT ( 'NONE', #2297 ) ;
#4860 = CARTESIAN_POINT ( 'NONE',  ( -28.14266239136993900, 68.34502242109523700, 46.37495291163286000 ) ) ;
#4861 = EDGE_CURVE ( 'NONE', #6814, #3160, #2535, .T. ) ;
#4862 = ORIENTED_EDGE ( 'NONE', *, *, #6407, .F. ) ;
#4863 = ORIENTED_EDGE ( 'NONE', *, *, #906, .T. ) ;
#4864 = DIRECTION ( 'NONE',  ( -1.000000000000000000, -0.0000000000000000000, 0.0000000000000000000 ) ) ;
#4865 = LINE ( 'NONE', #8237, #4733 ) ;
#4866 = DIRECTION ( 'NONE',  ( 0.0000000000000000000, 1.000000000000000000, 0.0000000000000000000 ) ) ;
#4867 = VECTOR ( 'NONE', #10352, 1000.000000000000000 ) ;
#4868 = ORIENTED_EDGE ( 'NONE', *, *, #5226, .F. ) ;
#4869 = CARTESIAN_POINT ( 'NONE',  ( 4.924522080191999300, 68.02426035739097200, 13.49954016622349900 ) ) ;
#4870 = CARTESIAN_POINT ( 'NONE',  ( -41.97678040068695500, 68.02446546358442000, 13.50023440605407800 ) ) ;
#4871 = CARTESIAN_POINT ( 'NONE',  ( -25.43561349700059200, -32.89447195299492700, 47.28897289183628100 ) ) ;
#4872 = DIRECTION ( 'NONE',  ( 1.609823385706476600E-015, -1.000000000000000000, -4.165779463821302700E-032 ) ) ;
#4873 = EDGE_CURVE ( 'NONE', #7689, #8272, #6315, .T. ) ;
#4874 = CIRCLE ( 'NONE', #4274, 52.92058191901593000 ) ;
#4875 = DIRECTION ( 'NONE',  ( 1.000000000000000000, 0.0000000000000000000, 0.0000000000000000000 ) ) ;
#4876 = CARTESIAN_POINT ( 'NONE',  ( 37.66044702067372200, 68.57785688051524200, 45.50000000000000000 ) ) ;
#4877 = CARTESIAN_POINT ( 'NONE',  ( 20.69264781223943200, 70.69656858523481400, 13.55368265994383700 ) ) ;
#4878 = FACE_BOUND ( 'NONE', #8445, .T. ) ;
#4879 = VERTEX_POINT ( 'NONE', #8975 ) ;
#4880 = B_SPLINE_CURVE_WITH_KNOTS ( 'NONE', 3,
 ( #3416, #942, #5198, #9288, #7639, #5129, #10062, #5956, #3563, #1786, #7572, #7608, #977, #1013, #10173, #8461, #5163, #6792, #4373, #1857, #215, #247, #6062, #3524, #10138, #9180, #10023, #6029, #5919, #9254, #1818, #6859, #2657, #1895 ),
 .UNSPECIFIED., .F., .F.,
 ( 4, 2, 2, 2, 2, 2, 2, 2, 2, 2, 2, 2, 2, 2, 2, 2, 4 ),
 ( 6.938893903907227600E-018, 0.0004000698325101533400, 0.0008001396650202997400, 0.001200209497530446100, 0.001600279330040592500, 0.002000349162550738700, 0.002400418995060885300, 0.002800488827571032000, 0.003200558660081178100, 0.003600628492591324300, 0.004000698325101470500, 0.004400768157611617500, 0.004800837990121763700, 0.005200907822631909900, 0.005600977655142057000, 0.006001047487652203100, 0.006401117320162349300 ),
 .UNSPECIFIED. ) ;
#4881 = CARTESIAN_POINT ( 'NONE',  ( -25.80735218776057800, 70.69656858523475800, 13.55368265994382800 ) ) ;
#4882 = DIRECTION ( 'NONE',  ( 1.000000000000000000, 0.0000000000000000000, -4.570284219494838400E-033 ) ) ;
#4883 = TOROIDAL_SURFACE ( 'NONE', #5240, 2.000000000000000000, 1.000000000000000000 ) ;
#4884 = DIRECTION ( 'NONE',  ( 0.0000000000000000000, 1.000000000000000000, 0.0000000000000000000 ) ) ;
#4885 = CARTESIAN_POINT ( 'NONE',  ( -27.35885992024389800, 70.77051896432973900, 47.22577069338046800 ) ) ;
#4886 = AXIS2_PLACEMENT_3D ( 'NONE', #7601, #3404, #5220 ) ;
#4887 = VERTEX_POINT ( 'NONE', #4053 ) ;
#4888 = CARTESIAN_POINT ( 'NONE',  ( 5.564386502999250100, 70.74938921092231700, 47.28897289183627400 ) ) ;
#4889 = ORIENTED_EDGE ( 'NONE', *, *, #562, .T. ) ;
#4890 = EDGE_CURVE ( 'NONE', #1966, #8736, #2678, .T. ) ;
#4891 = CARTESIAN_POINT ( 'NONE',  ( 50.62778827129072600, -32.84624617465428300, 13.56761369079869300 ) ) ;
#4892 = CIRCLE ( 'NONE', #796, 52.92058191901600800 ) ;
#4893 = DIRECTION ( 'NONE',  ( -1.000000000000000000, -1.609823385706476600E-015, 0.0000000000000000000 ) ) ;
#4894 = FACE_OUTER_BOUND ( 'NONE', #7237, .T. ) ;
#4895 = CARTESIAN_POINT ( 'NONE',  ( -42.10491464120657000, -30.17338355687061800, 47.48680050506430200 ) ) ;
#4896 = LINE ( 'NONE', #1945, #4241 ) ;
#4897 = VERTEX_POINT ( 'NONE', #4710 ) ;
#4898 = DIRECTION ( 'NONE',  ( -1.000000000000000000, -1.609823385706476600E-015, 2.312964634635743000E-016 ) ) ;
#4899 = CARTESIAN_POINT ( 'NONE',  ( -18.00364678395977000, 68.49584396035308500, 40.38075912062853900 ) ) ;
#4900 = FACE_OUTER_BOUND ( 'NONE', #669, .T. ) ;
#4901 = CARTESIAN_POINT ( 'NONE',  ( -39.83955297932632100, 73.48310668740404600, 15.50000000000000000 ) ) ;
#4902 = AXIS2_PLACEMENT_3D ( 'NONE', #373, #7196, #9006 ) ;
#4903 = CIRCLE ( 'NONE', #1113, 60.00000000000000000 ) ;
#4904 = CARTESIAN_POINT ( 'NONE',  ( 18.17313287471409600, 68.51045767053923900, 45.75921544411350800 ) ) ;
#4905 = LINE ( 'NONE', #661, #3213 ) ;
#4906 = CIRCLE ( 'NONE', #2053, 2.000000000000001800 ) ;
#4907 = ADVANCED_FACE ( 'NONE', ( #10176 ), #320, .T. ) ;
#4908 = CARTESIAN_POINT ( 'NONE',  ( -41.30735218776041500, -32.84165132730744600, 13.55368265994383300 ) ) ;
#4909 = FACE_OUTER_BOUND ( 'NONE', #1699, .T. ) ;
#4910 = CARTESIAN_POINT ( 'NONE',  ( -15.11752760385748800, 35.09024010312946700, 3.000000000000000000 ) ) ;
#4911 = ORIENTED_EDGE ( 'NONE', *, *, #1447, .T. ) ;
#4912 = EDGE_CURVE ( 'NONE', #6608, #1153, #8482, .T. ) ;
#4913 = EDGE_CURVE ( 'NONE', #1701, #817, #2413, .T. ) ;
#4914 = CARTESIAN_POINT ( 'NONE',  ( -24.53667014022076000, -30.48996613893639600, 46.37546170744725100 ) ) ;
#4915 = CARTESIAN_POINT ( 'NONE',  ( 44.33544702067369100, 62.69007228669759300, 40.51286796564305300 ) ) ;
#4916 = AXIS2_PLACEMENT_3D ( 'NONE', #5738, #675, #7239 ) ;
#4917 = FACE_OUTER_BOUND ( 'NONE', #3604, .T. ) ;
#4918 = CARTESIAN_POINT ( 'NONE',  ( 52.17760884116494700, -32.91517397298863300, 13.77294528950235100 ) ) ;
#4919 = EDGE_LOOP ( 'NONE', ( #1321, #10485, #2709, #5841 ) ) ;
#4920 = CARTESIAN_POINT ( 'NONE',  ( 45.91044702067366500, 64.69007228669752900, 32.95073593128706300 ) ) ;
#4921 = CARTESIAN_POINT ( 'NONE',  ( -13.11752760385748600, -18.52275989687055700, 10.26363978188264500 ) ) ;
#4922 = CIRCLE ( 'NONE', #2186, 4.900000000000001200 ) ;
#4923 = EDGE_LOOP ( 'NONE', ( #4862, #4687, #3030, #6659 ) ) ;
#4924 = CARTESIAN_POINT ( 'NONE',  ( 60.16044702067365100, 118.4771256549985500, 30.50000000000004600 ) ) ;
#4925 = DIRECTION ( 'NONE',  ( 0.0000000000000000000, 0.0000000000000000000, -1.000000000000000000 ) ) ;
#4926 = ADVANCED_FACE ( 'NONE', ( #7975 ), #3243, .F. ) ;
#4927 = EDGE_LOOP ( 'NONE', ( #2746, #7820, #7213, #8273 ) ) ;
#4928 = EDGE_CURVE ( 'NONE', #6178, #5201, #5786, .T. ) ;
#4929 = ORIENTED_EDGE ( 'NONE', *, *, #6181, .F. ) ;
#4930 = CARTESIAN_POINT ( 'NONE',  ( -13.11752760385748600, 37.09024010312946700, 3.000000000000000000 ) ) ;
#4931 = FACE_OUTER_BOUND ( 'NONE', #1672, .T. ) ;
#4932 = DIRECTION ( 'NONE',  ( 0.0000000000000000000, 0.0000000000000000000, -1.000000000000000000 ) ) ;
#4933 = EDGE_LOOP ( 'NONE', ( #4545, #9164 ) ) ;
#4934 = DIRECTION ( 'NONE',  ( -1.000000000000000000, -1.609823385706476600E-015, 2.312964634635743000E-016 ) ) ;
#4935 = VERTEX_POINT ( 'NONE', #2398 ) ;
#4936 = DIRECTION ( 'NONE',  ( 0.0000000000000000000, 0.0000000000000000000, -1.000000000000000000 ) ) ;
#4937 = ORIENTED_EDGE ( 'NONE', *, *, #7381, .F. ) ;
#4938 = PRODUCT ( 'Housing', 'Housing', '', ( #3747 ) ) ;
#4939 = EDGE_CURVE ( 'NONE', #1026, #8303, #9000, .T. ) ;
#4940 = EDGE_LOOP ( 'NONE', ( #2610, #7646, #9178, #2031 ) ) ;
#4941 = CARTESIAN_POINT ( 'NONE',  ( -25.00252274521382400, 70.84746806376682600, 14.00690927629784500 ) ) ;
#4942 = CARTESIAN_POINT ( 'NONE',  ( 24.88247239614251400, 38.09024010312946700, 9.263639781882645300 ) ) ;
#4943 = ORIENTED_EDGE ( 'NONE', *, *, #10725, .T. ) ;
#4944 = DIRECTION ( 'NONE',  ( 1.594400883811535400E-015, -1.000000000000000000, 1.047444401652940000E-014 ) ) ;
#4945 = CARTESIAN_POINT ( 'NONE',  ( -40.03667014022092000, 68.34488339686379300, 46.37546170744722200 ) ) ;
#4946 = DIRECTION ( 'NONE',  ( -0.0000000000000000000, -9.684806018886883000E-015, -1.000000000000000000 ) ) ;
#4947 = DIRECTION ( 'NONE',  ( -1.619075244245020200E-015, 1.000000000000000000, 0.0000000000000000000 ) ) ;
#4948 = ORIENTED_EDGE ( 'NONE', *, *, #2597, .F. ) ;
#4949 = ORIENTED_EDGE ( 'NONE', *, *, #2973, .F. ) ;
#4950 = ADVANCED_FACE ( 'NONE', ( #4894 ), #7715, .F. ) ;
#4951 = ORIENTED_EDGE ( 'NONE', *, *, #9466, .T. ) ;
#4952 = AXIS2_PLACEMENT_3D ( 'NONE', #5379, #1347, #3820 ) ;
#4953 = ORIENTED_EDGE ( 'NONE', *, *, #4994, .T. ) ;
#4954 = CARTESIAN_POINT ( 'NONE',  ( -8.839552979326315500, 70.48310668740398900, 30.50000000000000000 ) ) ;
#4955 = CARTESIAN_POINT ( 'NONE',  ( -71.04602967032580800, 20.56252476838794900, 30.50000000000000400 ) ) ;
#4956 = CARTESIAN_POINT ( 'NONE',  ( 50.34917658094052200, 59.33631246689382300, 51.43698023195256800 ) ) ;
#4957 = EDGE_CURVE ( 'NONE', #7395, #10091, #5012, .T. ) ;
#4958 = VERTEX_POINT ( 'NONE', #8178 ) ;
#4959 = CARTESIAN_POINT ( 'NONE',  ( 3.762839752307991500, 68.08541527368572600, 47.29216817450322500 ) ) ;
#4960 = CARTESIAN_POINT ( 'NONE',  ( -18.29625788041148100, 68.59097980369958200, 40.11796178098178700 ) ) ;
#4961 = CARTESIAN_POINT ( 'NONE',  ( 47.54745394462280200, 69.65473490421234700, 40.50661958372784000 ) ) ;
#4962 = ORIENTED_EDGE ( 'NONE', *, *, #2752, .T. ) ;
#4963 = ORIENTED_EDGE ( 'NONE', *, *, #7337, .T. ) ;
#4964 = ORIENTED_EDGE ( 'NONE', *, *, #5416, .F. ) ;
#4965 = CARTESIAN_POINT ( 'NONE',  ( -56.80979467565251200, -30.18525937876998100, 13.55316419702326600 ) ) ;
#4966 = CARTESIAN_POINT ( 'NONE',  ( 19.26283975230799700, 68.08541527368576900, 47.29216817450321700 ) ) ;
#4967 = CARTESIAN_POINT ( 'NONE',  ( -17.48955297932634100, 69.44617026388614500, 41.51286796564299000 ) ) ;
#4968 = FACE_BOUND ( 'NONE', #6378, .T. ) ;
#4969 = EDGE_CURVE ( 'NONE', #3104, #3131, #3582, .T. ) ;
#4970 = DIRECTION ( 'NONE',  ( 0.0000000000000000000, 0.0000000000000000000, 1.000000000000000000 ) ) ;
#4971 = EDGE_CURVE ( 'NONE', #4227, #1174, #9641, .T. ) ;
#4972 = CARTESIAN_POINT ( 'NONE',  ( -56.04602967032580800, 0.0000000000000000000, 3.000000000000000000 ) ) ;
#4973 = ORIENTED_EDGE ( 'NONE', *, *, #7522, .T. ) ;
#4974 = AXIS2_PLACEMENT_3D ( 'NONE', #486, #6301, #4680 ) ;
#4975 = AXIS2_PLACEMENT_3D ( 'NONE', #5014, #4083, #3201 ) ;
#4976 = CARTESIAN_POINT ( 'NONE',  ( -43.83955297932613600, -33.45785864922132200, 15.50000000000000000 ) ) ;
#4977 = ORIENTED_EDGE ( 'NONE', *, *, #179, .T. ) ;
#4978 = CARTESIAN_POINT ( 'NONE',  ( -56.43561349700058800, -32.89447195299492700, 47.28897289183628100 ) ) ;
#4979 = ORIENTED_EDGE ( 'NONE', *, *, #9931, .F. ) ;
#4980 = PLANE ( 'NONE',  #6643 ) ;
#4981 = CYLINDRICAL_SURFACE ( 'NONE', #454, 2.000000000000001800 ) ;
#4982 = DIRECTION ( 'NONE',  ( 0.0000000000000000000, 0.0000000000000000000, -1.000000000000000000 ) ) ;
#4983 = CARTESIAN_POINT ( 'NONE',  ( -35.98752760385749400, -14.90975989687055900, 4.000000000000000000 ) ) ;
#4984 = CARTESIAN_POINT ( 'NONE',  ( -71.04602967032583600, -28.37519891327388100, 60.00000000000000700 ) ) ;
#4985 = VERTEX_POINT ( 'NONE', #760 ) ;
#4986 = CARTESIAN_POINT ( 'NONE',  ( -11.36885140135179400, 70.70083669093197900, 47.43335354415473400 ) ) ;
#4987 = DIRECTION ( 'NONE',  ( 1.619075244245020000E-015, -1.000000000000000000, 0.0000000000000000000 ) ) ;
#4988 = EDGE_CURVE ( 'NONE', #10477, #606, #2283, .T. ) ;
#4989 = CARTESIAN_POINT ( 'NONE',  ( -11.85503951091337900, 68.10410788922961000, 47.22800376173368200 ) ) ;
#4990 = CIRCLE ( 'NONE', #7318, 52.92058191901602300 ) ;
#4991 = AXIS2_PLACEMENT_3D ( 'NONE', #5883, #904, #4087 ) ;
#4992 = CARTESIAN_POINT ( 'NONE',  ( -40.50252274521383800, 70.84746806376682600, 14.00690927629785800 ) ) ;
#4993 = DIRECTION ( 'NONE',  ( -1.000000000000000000, -1.594400883811535600E-015, 1.544146327605653900E-029 ) ) ;
#4994 = EDGE_CURVE ( 'NONE', #4584, #8745, #3060, .T. ) ;
#4995 = CARTESIAN_POINT ( 'NONE',  ( 20.42452208019200200, 68.02426035739097200, 13.49954016622349700 ) ) ;
#4996 = CARTESIAN_POINT ( 'NONE',  ( 37.94247239614252700, -14.90975989687055900, 3.000000000000000000 ) ) ;
#4997 = CIRCLE ( 'NONE', #6092, 1.000000000000000000 ) ;
#4998 = ORIENTED_EDGE ( 'NONE', *, *, #2982, .T. ) ;
#4999 = CARTESIAN_POINT ( 'NONE',  ( 45.21247239614250900, 33.35024010312945800, -1.040834085586084300E-014 ) ) ;
#5000 = CARTESIAN_POINT ( 'NONE',  ( -17.62547807653854500, 68.44617026388613100, 40.51286796564297500 ) ) ;
#5001 = CIRCLE ( 'NONE', #6641, 59.99999999999997200 ) ;
#5002 = DIRECTION ( 'NONE',  ( 1.609823385706476600E-015, -1.000000000000000000, 0.0000000000000000000 ) ) ;
#5003 = CARTESIAN_POINT ( 'NONE',  ( -59.32725358336249900, -30.65625525197416600, 15.24349833912912000 ) ) ;
#5004 = VECTOR ( 'NONE', #6589, 1000.000000000000000 ) ;
#5005 = CARTESIAN_POINT ( 'NONE',  ( 18.16044702067370100, 68.57785688051524200, 45.50000000000000000 ) ) ;
#5006 = ORIENTED_EDGE ( 'NONE', *, *, #10212, .F. ) ;
#5007 = DIRECTION ( 'NONE',  ( 1.609823385706476600E-015, -1.000000000000000000, -4.165779463821302700E-032 ) ) ;
#5008 = DIRECTION ( 'NONE',  ( -1.573428027951567200E-015, 1.000000000000000000, 0.0000000000000000000 ) ) ;
#5009 = EDGE_CURVE ( 'NONE', #1193, #2648, #9521, .T. ) ;
#5010 = ADVANCED_FACE ( 'NONE', ( #8869 ), #4631, .F. ) ;
#5011 = CARTESIAN_POINT ( 'NONE',  ( -56.10463862165153900, 68.14724456541651400, 47.07869549017868800 ) ) ;
#5012 = CIRCLE ( 'NONE', #6829, 2.499999999999998700 ) ;
#5013 = CARTESIAN_POINT ( 'NONE',  ( -71.04602967032580800, -25.95501194873043400, 0.0000000000000000000 ) ) ;
#5014 = CARTESIAN_POINT ( 'NONE',  ( -14.52975500468217300, 62.69007228669751400, 40.51286796564304600 ) ) ;
#5015 = B_SPLINE_CURVE_WITH_KNOTS ( 'NONE', 3,
 ( #6396, #512, #615, #7281, #10456, #3940, #5535, #2232, #8111, #6432, #8832, #8930, #644, #10556, #3167, #4844, #1358, #547, #6359, #3130, #10592, #8900, #6328, #7149, #580, #2198, #7974, #1422, #3059, #3024, #9688, #7216, #2263, #4776 ),
 .UNSPECIFIED., .F., .F.,
 ( 4, 2, 2, 2, 2, 2, 2, 2, 2, 2, 2, 2, 2, 2, 2, 2, 4 ),
 ( 0.0000000000000000000, 0.0004000698325101448800, 0.0008001396650202897600, 0.001200209497530434600, 0.001600279330040579500, 0.002000349162550724400, 0.002400418995060869300, 0.002800488827571014200, 0.003200558660081159100, 0.003600628492591303900, 0.004000698325101448800, 0.004400768157611593300, 0.004800837990121738600, 0.005200907822631883900, 0.005600977655142028300, 0.006001047487652172800, 0.006401117320162318100 ),
 .UNSPECIFIED. ) ;
#5016 = ORIENTED_EDGE ( 'NONE', *, *, #2362, .F. ) ;
#5017 = DIRECTION ( 'NONE',  ( 0.0000000000000000000, 1.110223024625156500E-014, -1.000000000000000000 ) ) ;
#5018 = DIRECTION ( 'NONE',  ( 1.594400883811526300E-015, -1.000000000000000000, 0.0000000000000000000 ) ) ;
#5019 = FACE_BOUND ( 'NONE', #5385, .T. ) ;
#5020 = CARTESIAN_POINT ( 'NONE',  ( -11.37221172870929000, -32.84624617465429000, 13.56761369079867800 ) ) ;
#5021 = CARTESIAN_POINT ( 'NONE',  ( -40.60463862165160300, 68.14724456541654300, 47.07869549017869600 ) ) ;
#5022 = CARTESIAN_POINT ( 'NONE',  ( -8.839552979326310100, 71.31277590714870500, 45.50000000000000000 ) ) ;
#5023 = CIRCLE ( 'NONE', #1820, 52.92058191901602300 ) ;
#5024 = AXIS2_PLACEMENT_3D ( 'NONE', #2688, #3515, #8488 ) ;
#5025 = CARTESIAN_POINT ( 'NONE',  ( 60.16044702067367200, 66.23011617120127400, 60.00000000000002100 ) ) ;
#5026 = VECTOR ( 'NONE', #9996, 1000.000000000000000 ) ;
#5027 = EDGE_CURVE ( 'NONE', #7440, #5485, #3270, .T. ) ;
#5028 = CIRCLE ( 'NONE', #7945, 1.000000000000000900 ) ;
#5029 = CARTESIAN_POINT ( 'NONE',  ( -41.57483104671435100, 70.67808960840120800, 13.49946613378536900 ) ) ;
#5030 = CARTESIAN_POINT ( 'NONE',  ( -17.48955297932633400, 64.69007228669751400, 40.51286796564302500 ) ) ;
#5031 = CIRCLE ( 'NONE', #3242, 3.500000000000003100 ) ;
#5032 = DIRECTION ( 'NONE',  ( 1.609823385706476600E-015, -1.000000000000000000, -4.165779463821302700E-032 ) ) ;
#5033 = LINE ( 'NONE', #565, #1256 ) ;
#5034 = ORIENTED_EDGE ( 'NONE', *, *, #9875, .T. ) ;
#5035 = CARTESIAN_POINT ( 'NONE',  ( 6.561295345263414600, 68.41024321168696100, 46.13529157058127300 ) ) ;
#5036 = CARTESIAN_POINT ( 'NONE',  ( -17.76009140269112100, 68.45696548461478400, 40.48463772147403700 ) ) ;
#5037 = EDGE_CURVE ( 'NONE', #10720, #5609, #10421, .T. ) ;
#5038 = CARTESIAN_POINT ( 'NONE',  ( -57.86890544432969800, -30.18916715126120900, 13.56676028455131100 ) ) ;
#5039 = AXIS2_PLACEMENT_3D ( 'NONE', #121, #9666, #4753 ) ;
#5040 = FACE_OUTER_BOUND ( 'NONE', #8264, .T. ) ;
#5041 = CARTESIAN_POINT ( 'NONE',  ( -28.33955297932633100, 73.48310668740407400, 15.50000000000000000 ) ) ;
#5042 = CARTESIAN_POINT ( 'NONE',  ( -13.11752760385748600, 36.04771873266206900, 9.263639781882645300 ) ) ;
#5043 = VERTEX_POINT ( 'NONE', #5955 ) ;
#5044 = CARTESIAN_POINT ( 'NONE',  ( -58.57205834040420500, 68.14671070864794400, 47.08055067344099600 ) ) ;
#5045 = CARTESIAN_POINT ( 'NONE',  ( -40.22894722976288100, -33.08351502693746900, 14.28598676118488500 ) ) ;
#5046 = CARTESIAN_POINT ( 'NONE',  ( -28.09671166601569300, -33.15563365417251200, 14.51105109821025300 ) ) ;
#5047 = FACE_OUTER_BOUND ( 'NONE', #2979, .T. ) ;
#5048 = EDGE_CURVE ( 'NONE', #2580, #236, #1494, .T. ) ;
#5049 = DIRECTION ( 'NONE',  ( 1.000000000000000000, 0.0000000000000000000, 0.0000000000000000000 ) ) ;
#5050 = DIRECTION ( 'NONE',  ( -1.619075244245020000E-015, 1.000000000000000000, 0.0000000000000000000 ) ) ;
#5051 = ORIENTED_EDGE ( 'NONE', *, *, #4306, .F. ) ;
#5052 = AXIS2_PLACEMENT_3D ( 'NONE', #2388, #1621, #7413 ) ;
#5053 = CARTESIAN_POINT ( 'NONE',  ( 34.05097806630784900, 68.25073863944459200, 14.28464133985792000 ) ) ;
#5054 = CARTESIAN_POINT ( 'NONE',  ( 60.16044702067370100, -24.87519891327383400, 60.00000000000000700 ) ) ;
#5055 = CARTESIAN_POINT ( 'NONE',  ( -19.00609785413601600, 69.55760783244500100, 40.99821536614346200 ) ) ;
#5056 = ORIENTED_EDGE ( 'NONE', *, *, #4232, .T. ) ;
#5057 = CARTESIAN_POINT ( 'NONE',  ( 26.88247239614251400, 37.09024010312946700, 3.000000000000000000 ) ) ;
#5058 = LINE ( 'NONE', #5041, #9043 ) ;
#5059 = PLANE ( 'NONE',  #8891 ) ;
#5060 = VERTEX_POINT ( 'NONE', #3312 ) ;
#5061 = ADVANCED_FACE ( 'NONE', ( #8469 ), #1370, .T. ) ;
#5062 = CARTESIAN_POINT ( 'NONE',  ( -43.83955297932633500, 71.27490271540912700, 15.37186173385272700 ) ) ;
#5063 = CARTESIAN_POINT ( 'NONE',  ( -56.04602967032580800, -17.05501194873043900, 5.000000000000000000 ) ) ;
#5064 = CARTESIAN_POINT ( 'NONE',  ( 21.39135720192213700, 68.14634757044126400, 13.91818639255003400 ) ) ;
#5065 = CARTESIAN_POINT ( 'NONE',  ( 34.99817350991804000, 70.71487442898786900, 13.60820298217128500 ) ) ;
#5066 = VERTEX_POINT ( 'NONE', #10022 ) ;
#5067 = CARTESIAN_POINT ( 'NONE',  ( 6.403305274018523000, 68.31343972487225400, 46.48953342699893200 ) ) ;
#5068 = ORIENTED_EDGE ( 'NONE', *, *, #8209, .T. ) ;
#5069 = LINE ( 'NONE', #1784, #9697 ) ;
#5070 = EDGE_CURVE ( 'NONE', #2898, #7286, #9892, .T. ) ;
#5071 = ORIENTED_EDGE ( 'NONE', *, *, #9647, .F. ) ;
#5072 = DIRECTION ( 'NONE',  ( 1.000000000000000000, 0.0000000000000000000, 0.0000000000000000000 ) ) ;
#5073 = DIRECTION ( 'NONE',  ( -1.000000000000000000, -1.609823385706476600E-015, -2.312964634635743000E-016 ) ) ;
#5074 = ORIENTED_EDGE ( 'NONE', *, *, #7508, .T. ) ;
#5075 = CARTESIAN_POINT ( 'NONE',  ( 50.16044702067368600, -26.37519891327379200, 52.00000000000002100 ) ) ;
#5076 = ORIENTED_EDGE ( 'NONE', *, *, #8769, .F. ) ;
#5077 = ORIENTED_EDGE ( 'NONE', *, *, #10025, .T. ) ;
#5078 = CARTESIAN_POINT ( 'NONE',  ( -56.00467953454369800, 68.17126039880120900, 46.99503805186613900 ) ) ;
#5079 = EDGE_LOOP ( 'NONE', ( #8040, #774, #5716, #4 ) ) ;
#5080 = ORIENTED_EDGE ( 'NONE', *, *, #4359, .T. ) ;
#5081 = DIRECTION ( 'NONE',  ( 0.0000000000000000000, 0.0000000000000000000, -1.000000000000000000 ) ) ;
#5082 = CARTESIAN_POINT ( 'NONE',  ( -57.20386481251841100, -32.82340458049193200, 47.49984925543877500 ) ) ;
#5083 = B_SPLINE_CURVE_WITH_KNOTS ( 'NONE', 3,
 ( #122, #9341, #5215, #959, #5180, #5147, #8371, #3505, #1911, #9201, #7590, #4353, #7693, #195, #3544, #6846, #5972, #4387, #6044, #8511, #3581, #4273, #10044, #6774 ),
 .UNSPECIFIED., .F., .F.,
 ( 4, 2, 2, 2, 2, 2, 2, 2, 2, 2, 2, 4 ),
 ( 0.006369424049232948700, 0.006769429621276848100, 0.007169435193320747500, 0.007969446337408541900, 0.008769457481496337200, 0.009169463053540234000, 0.009569468625584132500, 0.01036947976967192800, 0.01076948534171583100, 0.01116949091375973500, 0.01196950205784754600, 0.01276951320193535700 ),
 .UNSPECIFIED. ) ;
#5084 = EDGE_LOOP ( 'NONE', ( #7025, #4178, #2469, #8552 ) ) ;
#5085 = B_SPLINE_CURVE_WITH_KNOTS ( 'NONE', 3,
 ( #5775, #9979, #3413, #8210, #2541, #4118, #864, #3346, #2435, #793, #39, #1634, #5881, #4184, #6647, #8277, #937, #8244, #102, #9073, #4151, #1706, #900, #1597 ),
 .UNSPECIFIED., .F., .F.,
 ( 4, 2, 2, 2, 2, 2, 2, 2, 2, 2, 2, 4 ),
 ( 0.006369424049232920100, 0.006769429621276809100, 0.007169435193320698000, 0.007969446337408486400, 0.008769457481496274700, 0.009169463053540173300, 0.009569468625584071800, 0.01036947976967186900, 0.01076948534171577300, 0.01116949091375967600, 0.01196950205784749400, 0.01276951320193531000 ),
 .UNSPECIFIED. ) ;
#5086 = EDGE_CURVE ( 'NONE', #1862, #10380, #827, .T. ) ;
#5087 = CARTESIAN_POINT ( 'NONE',  ( -15.36549482295319700, 70.45353125839047000, 28.61245311309214800 ) ) ;
#5088 = ORIENTED_EDGE ( 'NONE', *, *, #10263, .T. ) ;
#5089 = CARTESIAN_POINT ( 'NONE',  ( 35.00191250887057500, 68.05590197897601000, 13.60692099700160200 ) ) ;
#5090 = ORIENTED_EDGE ( 'NONE', *, *, #4913, .F. ) ;
#5091 = DIRECTION ( 'NONE',  ( 0.0000000000000000000, -0.1838957114233399600, 0.9829457601109552500 ) ) ;
#5092 = ORIENTED_EDGE ( 'NONE', *, *, #7039, .F. ) ;
#5093 = DIRECTION ( 'NONE',  ( 1.000000000000000000, 1.609823385706476600E-015, -0.0000000000000000000 ) ) ;
#5094 = FACE_OUTER_BOUND ( 'NONE', #9326, .T. ) ;
#5095 = AXIS2_PLACEMENT_3D ( 'NONE', #5513, #2277, #8056 ) ;
#5096 = CARTESIAN_POINT ( 'NONE',  ( -43.45195397523671200, 70.93927171953343700, 14.28859990521050700 ) ) ;
#5097 = EDGE_LOOP ( 'NONE', ( #9595, #5737, #10005, #55 ) ) ;
#5098 = CARTESIAN_POINT ( 'NONE',  ( -59.27762383601258700, 68.44379260466877200, 14.98948247064432600 ) ) ;
#5099 = PRODUCT_DEFINITION_SHAPE ( 'NONE', 'NONE',  #7829 ) ;
#5100 = ORIENTED_EDGE ( 'NONE', *, *, #451, .T. ) ;
#5101 = VERTEX_POINT ( 'NONE', #4983 ) ;
#5102 = CARTESIAN_POINT ( 'NONE',  ( -43.83955297932617200, -30.68971506758318700, 45.62867814821817800 ) ) ;
#5103 = CARTESIAN_POINT ( 'NONE',  ( 49.16044702067372200, 69.77966316755106400, 39.66069809549077300 ) ) ;
#5104 = LINE ( 'NONE', #6160, #7414 ) ;
#5105 = CARTESIAN_POINT ( 'NONE',  ( 2.660447020673698800, 68.54463232551059100, 45.62867814821818500 ) ) ;
#5106 = DIRECTION ( 'NONE',  ( -1.000000000000000000, 0.0000000000000000000, 0.0000000000000000000 ) ) ;
#5107 = CARTESIAN_POINT ( 'NONE',  ( 52.66044702067391400, -24.88641407228938400, 46.82287565553222900 ) ) ;
#5108 = ORIENTED_EDGE ( 'NONE', *, *, #5116, .F. ) ;
#5109 = ORIENTED_EDGE ( 'NONE', *, *, #4836, .F. ) ;
#5110 = ORIENTED_EDGE ( 'NONE', *, *, #6506, .F. ) ;
#5111 = CARTESIAN_POINT ( 'NONE',  ( -55.42279006193196300, -11.33733507041127100, 3.000000000000000000 ) ) ;
#5112 = CARTESIAN_POINT ( 'NONE',  ( 4.394209465373725400, -32.82785786935672700, 47.48673861149425300 ) ) ;
#5113 = ADVANCED_FACE ( 'NONE', ( #3970, #6434 ), #280, .T. ) ;
#5114 = CIRCLE ( 'NONE', #7812, 1.000000000000000000 ) ;
#5115 = EDGE_CURVE ( 'NONE', #2465, #1026, #6305, .T. ) ;
#5116 = EDGE_CURVE ( 'NONE', #8736, #10634, #8096, .T. ) ;
#5117 = CARTESIAN_POINT ( 'NONE',  ( -61.04602967032580100, 10.48310668740397300, 30.50000000000000000 ) ) ;
#5118 = AXIS2_PLACEMENT_3D ( 'NONE', #6223, #9338, #3612 ) ;
#5119 = AXIS2_PLACEMENT_3D ( 'NONE', #1577, #2562, #4099 ) ;
#5120 = CARTESIAN_POINT ( 'NONE',  ( 50.06790958539971100, 68.11603036214748400, 47.18721503487694900 ) ) ;
#5121 = CARTESIAN_POINT ( 'NONE',  ( -55.59468170713363100, -33.15610591502702000, 46.48592630112440100 ) ) ;
#5122 = CARTESIAN_POINT ( 'NONE',  ( -27.00182649008181800, -32.85995717106048600, 13.60820298217128000 ) ) ;
#5123 = FACE_OUTER_BOUND ( 'NONE', #4219, .T. ) ;
#5124 = ORIENTED_EDGE ( 'NONE', *, *, #5550, .F. ) ;
#5125 = CARTESIAN_POINT ( 'NONE',  ( -15.33955297932634200, 70.44933842800752200, 28.48295085032716400 ) ) ;
#5126 = VERTEX_POINT ( 'NONE', #6959 ) ;
#5127 = VECTOR ( 'NONE', #4749, 1000.000000000000000 ) ;
#5128 = CARTESIAN_POINT ( 'NONE',  ( -12.45195397523652900, -33.08435446160606100, 14.28859990521049300 ) ) ;
#5129 = CARTESIAN_POINT ( 'NONE',  ( 21.96492971019388200, -33.19206292539779200, 46.37209799849230800 ) ) ;
#5130 = CARTESIAN_POINT ( 'NONE',  ( -10.56941588792706500, 70.68294828389905100, 47.48622826149019000 ) ) ;
#5131 = CARTESIAN_POINT ( 'NONE',  ( 37.18170626660492700, -33.05388266498479100, 46.80491334438637100 ) ) ;
#5132 = LINE ( 'NONE', #492, #8985 ) ;
#5133 = ORIENTED_EDGE ( 'NONE', *, *, #10336, .F. ) ;
#5134 = CARTESIAN_POINT ( 'NONE',  ( -132.8082378770764600, 70.48310668740396100, 30.50000000000000000 ) ) ;
#5135 = AXIS2_PLACEMENT_3D ( 'NONE', #10558, #583, #1495 ) ;
#5136 = CARTESIAN_POINT ( 'NONE',  ( -13.11752760385748600, -18.52275989687055700, 4.000000000000000000 ) ) ;
#5137 = EDGE_CURVE ( 'NONE', #3265, #1613, #66, .T. ) ;
#5138 = FACE_OUTER_BOUND ( 'NONE', #2446, .T. ) ;
#5139 = CARTESIAN_POINT ( 'NONE',  ( 51.26323433402629300, -29.76167454101041400, 48.83201740675897900 ) ) ;
#5140 = CARTESIAN_POINT ( 'NONE',  ( 34.63304954072040000, 70.76709497378016100, 13.76377908748838600 ) ) ;
#5141 =( BOUNDED_CURVE ( )  B_SPLINE_CURVE ( 3, ( #5355, #330, #10188, #8506 ),
 .UNSPECIFIED., .F., .F. ) 
 B_SPLINE_CURVE_WITH_KNOTS ( ( 4, 4 ),
 ( 1.631857469516128500, 2.181661564990738300 ),
 .UNSPECIFIED. ) 
 CURVE ( )  GEOMETRIC_REPRESENTATION_ITEM ( )  RATIONAL_B_SPLINE_CURVE ( ( 1.000000000000000000, 0.9749678610986891600, 0.9749678610986891600, 1.000000000000000000 ) ) 
 REPRESENTATION_ITEM ( '' )  );
#5142 = VERTEX_POINT ( 'NONE', #10172 ) ;
#5143 = TOROIDAL_SURFACE ( 'NONE', #6719, 3.500000000000002700, 1.000000000000000000 ) ;
#5144 = ORIENTED_EDGE ( 'NONE', *, *, #3322, .F. ) ;
#5145 = PLANE ( 'NONE',  #10474 ) ;
#5146 = PLANE ( 'NONE',  #9862 ) ;
#5147 = CARTESIAN_POINT ( 'NONE',  ( -12.59671166601585300, 71.01055091209991600, 14.51105109821025600 ) ) ;
#5148 = VECTOR ( 'NONE', #8723, 1000.000000000000000 ) ;
#5149 = DIRECTION ( 'NONE',  ( -1.594400883811535600E-015, 1.000000000000000000, -3.677838563630140100E-046 ) ) ;
#5150 = ORIENTED_EDGE ( 'NONE', *, *, #7609, .T. ) ;
#5151 = EDGE_CURVE ( 'NONE', #10339, #1688, #6035, .T. ) ;
#5152 = CARTESIAN_POINT ( 'NONE',  ( -12.07205834040404800, -30.29179345072054000, 47.08055067344098900 ) ) ;
#5153 = CARTESIAN_POINT ( 'NONE',  ( 50.82687497965810800, 68.03189074750072500, 47.47462767900079000 ) ) ;
#5154 = LINE ( 'NONE', #9013, #9648 ) ;
#5155 = CARTESIAN_POINT ( 'NONE',  ( -39.83752760385750200, 33.35024010312945800, -1.040834085586084300E-014 ) ) ;
#5156 = FACE_OUTER_BOUND ( 'NONE', #123, .T. ) ;
#5157 = B_SPLINE_CURVE_WITH_KNOTS ( 'NONE', 3,
 ( #3827, #6288, #9583, #5428, #6137, #2911, #8680, #1154, #5386, #6177, #8604, #2012, #3678, #6250, #9434, #5460, #3788, #3751, #10283, #5343, #8642, #1315, #9513, #7109, #2948, #2872, #1196, #6999, #2045, #7828, #9475, #9548, #6214, #1234 ),
 .UNSPECIFIED., .F., .F.,
 ( 4, 2, 2, 2, 2, 2, 2, 2, 2, 2, 2, 2, 2, 2, 2, 2, 4 ),
 ( 1.387778780781445700E-017, 0.0004000698325101585400, 0.0008001396650203032100, 0.001200209497530447900, 0.001600279330040592500, 0.002000349162550737000, 0.002400418995060881900, 0.002800488827571026700, 0.003200558660081171200, 0.003600628492591315600, 0.004000698325101460100, 0.004400768157611605400, 0.004800837990121749900, 0.005200907822631894300, 0.005600977655142039600, 0.006001047487652184100, 0.006401117320162328500 ),
 .UNSPECIFIED. ) ;
#5158 = CARTESIAN_POINT ( 'NONE',  ( -39.83955297932632100, 73.48310668740404600, 15.50000000000000000 ) ) ;
#5159 = LINE ( 'NONE', #8256, #5026 ) ;
#5160 = CIRCLE ( 'NONE', #362, 1.899999999999999000 ) ;
#5161 = CARTESIAN_POINT ( 'NONE',  ( 45.16044702067369300, -27.27022232858981700, 9.051394891863601800 ) ) ;
#5162 = CARTESIAN_POINT ( 'NONE',  ( 36.19020532434734600, 68.04017663669739600, 13.55316419702327100 ) ) ;
#5163 = CARTESIAN_POINT ( 'NONE',  ( 20.29613518748157800, -32.82340458049191800, 47.49984925543876800 ) ) ;
#5164 = AXIS2_PLACEMENT_3D ( 'NONE', #8113, #6464, #4121 ) ;
#5165 = CIRCLE ( 'NONE', #6077, 52.92058191901602300 ) ;
#5166 = EDGE_CURVE ( 'NONE', #9930, #3285, #7701, .T. ) ;
#5167 = DIRECTION ( 'NONE',  ( -1.000000000000000000, 0.0000000000000000000, 0.0000000000000000000 ) ) ;
#5168 = VERTEX_POINT ( 'NONE', #5991 ) ;
#5169 = ADVANCED_FACE ( 'NONE', ( #3311 ), #4476, .T. ) ;
#5170 = DIRECTION ( 'NONE',  ( 1.000000000000000000, 1.603063405027194900E-016, 0.0000000000000000000 ) ) ;
#5171 = CARTESIAN_POINT ( 'NONE',  ( -10.97678040068677200, -30.16954820565703000, 13.50023440605407100 ) ) ;
#5172 = CARTESIAN_POINT ( 'NONE',  ( 35.00191250887073800, -30.20098472104862700, 13.60692099700160000 ) ) ;
#5173 = CARTESIAN_POINT ( 'NONE',  ( -71.04602967032580800, 20.56252476838794900, 30.50000000000000400 ) ) ;
#5174 = FACE_OUTER_BOUND ( 'NONE', #7924, .T. ) ;
#5175 = CARTESIAN_POINT ( 'NONE',  ( 45.16044702067369300, 0.0000000000000000000, 3.000000000000000000 ) ) ;
#5176 = CARTESIAN_POINT ( 'NONE',  ( 42.78232692785291400, 64.69007228669761400, 29.82261583846628700 ) ) ;
#5177 = ORIENTED_EDGE ( 'NONE', *, *, #10109, .T. ) ;
#5178 = DIRECTION ( 'NONE',  ( 1.000000000000000000, 4.857238570644847900E-017, -0.0000000000000000000 ) ) ;
#5179 = EDGE_CURVE ( 'NONE', #10310, #4831, #4364, .T. ) ;
#5180 = CARTESIAN_POINT ( 'NONE',  ( -12.74110834625326500, 71.12157521195025800, 14.86715418018974300 ) ) ;
#5181 = AXIS2_PLACEMENT_3D ( 'NONE', #6860, #8426, #1896 ) ;
#5182 = DIRECTION ( 'NONE',  ( 1.000000000000000000, 0.0000000000000000000, 0.0000000000000000000 ) ) ;
#5183 = DIRECTION ( 'NONE',  ( 1.000000000000000000, 0.0000000000000000000, 0.0000000000000000000 ) ) ;
#5184 = VECTOR ( 'NONE', #10120, 1000.000000000000000 ) ;
#5185 = CARTESIAN_POINT ( 'NONE',  ( 60.16044702067370100, -28.37519891327383400, 60.00000000000000700 ) ) ;
#5186 = ORIENTED_EDGE ( 'NONE', *, *, #5533, .T. ) ;
#5187 = CARTESIAN_POINT ( 'NONE',  ( -8.938704654736417500, -30.55532595375957100, 46.13529157058128800 ) ) ;
#5188 = VERTEX_POINT ( 'NONE', #246 ) ;
#5189 = CARTESIAN_POINT ( 'NONE',  ( 51.13367727093642400, 68.02367886480952600, 47.50242925351155100 ) ) ;
#5190 = CARTESIAN_POINT ( 'NONE',  ( 41.44247239614252700, -14.90975989687055900, 7.000000000000000000 ) ) ;
#5191 = ORIENTED_EDGE ( 'NONE', *, *, #2322, .F. ) ;
#5192 = CARTESIAN_POINT ( 'NONE',  ( -46.96479852183384200, 56.32270110567862500, 3.000000000000000000 ) ) ;
#5193 = EDGE_CURVE ( 'NONE', #2196, #3935, #4100, .T. ) ;
#5194 = LINE ( 'NONE', #4811, #4036 ) ;
#5195 = ORIENTED_EDGE ( 'NONE', *, *, #1823, .F. ) ;
#5196 = AXIS2_PLACEMENT_3D ( 'NONE', #4357, #8483, #5183 ) ;
#5197 = CARTESIAN_POINT ( 'NONE',  ( 52.32621368453427400, 49.35070674561333700, 3.000000000000000000 ) ) ;
#5198 = CARTESIAN_POINT ( 'NONE',  ( 22.14794773846422900, -33.38128434154884900, 45.75724934956181800 ) ) ;
#5199 = CARTESIAN_POINT ( 'NONE',  ( -55.43781280449375300, 71.12167497840825100, 46.13253221513176800 ) ) ;
#5200 = EDGE_CURVE ( 'NONE', #3269, #32, #5528, .T. ) ;
#5201 = VERTEX_POINT ( 'NONE', #4332 ) ;
#5202 = ORIENTED_EDGE ( 'NONE', *, *, #9987, .F. ) ;
#5203 = EDGE_LOOP ( 'NONE', ( #10503, #2487, #6122, #9062 ) ) ;
#5204 = EDGE_LOOP ( 'NONE', ( #4542, #8097, #9109, #10007 ) ) ;
#5205 = CARTESIAN_POINT ( 'NONE',  ( 38.94247239614252700, -14.90975989687055900, 7.000000000000000000 ) ) ;
#5206 = CARTESIAN_POINT ( 'NONE',  ( 35.39130437102304700, -30.17354587828000900, 13.51374924449797600 ) ) ;
#5207 = DIRECTION ( 'NONE',  ( 1.000000000000000000, 0.0000000000000000000, 0.0000000000000000000 ) ) ;
#5208 = ORIENTED_EDGE ( 'NONE', *, *, #4673, .F. ) ;
#5209 = CARTESIAN_POINT ( 'NONE',  ( 50.16044702067368600, 65.92571108153563800, 53.43725393319377300 ) ) ;
#5210 = ORIENTED_EDGE ( 'NONE', *, *, #4404, .F. ) ;
#5211 = EDGE_CURVE ( 'NONE', #375, #8409, #8214, .T. ) ;
#5212 = DIRECTION ( 'NONE',  ( 1.609823385706476600E-015, -1.000000000000000000, -4.165779463821302700E-032 ) ) ;
#5213 = ORIENTED_EDGE ( 'NONE', *, *, #4183, .F. ) ;
#5214 = ORIENTED_EDGE ( 'NONE', *, *, #4004, .F. ) ;
#5215 = CARTESIAN_POINT ( 'NONE',  ( -12.82735260629050500, 71.23674877982131200, 15.24455901932126700 ) ) ;
#5216 = CARTESIAN_POINT ( 'NONE',  ( -132.8082378770764600, 69.44617026388613100, 41.51286796564299000 ) ) ;
#5217 = DIRECTION ( 'NONE',  ( 1.609823385706476600E-015, -1.000000000000000000, -4.165779463821302700E-032 ) ) ;
#5218 = ORIENTED_EDGE ( 'NONE', *, *, #535, .F. ) ;
#5219 = CARTESIAN_POINT ( 'NONE',  ( -8.901492046918202000, -30.58893274144029600, 46.01029410947543900 ) ) ;
#5220 = DIRECTION ( 'NONE',  ( 1.000000000000000000, 0.0000000000000000000, 0.0000000000000000000 ) ) ;
#5221 = ORIENTED_EDGE ( 'NONE', *, *, #5070, .F. ) ;
#5222 = EDGE_LOOP ( 'NONE', ( #1544, #3753, #5244, #10233, #2995 ) ) ;
#5223 = ORIENTED_EDGE ( 'NONE', *, *, #8698, .F. ) ;
#5224 = CARTESIAN_POINT ( 'NONE',  ( 20.29613518748141800, 70.67832183841929300, 47.49984925543876800 ) ) ;
#5225 = B_SPLINE_CURVE_WITH_KNOTS ( 'NONE', 3,
 ( #6201, #378, #6161, #340, #7849, #10330, #10369, #5484, #5409, #6274 ),
 .UNSPECIFIED., .F., .F.,
 ( 4, 2, 2, 2, 4 ),
 ( 1.962615573354719000E-017, 0.0003833762765704349500, 0.0007667525531408502800, 0.001150128829711265700, 0.001533505106281681000 ),
 .UNSPECIFIED. ) ;
#5226 = EDGE_CURVE ( 'NONE', #2560, #5757, #10163, .T. ) ;
#5227 = VECTOR ( 'NONE', #462, 1000.000000000000000 ) ;
#5228 = CARTESIAN_POINT ( 'NONE',  ( 49.55097806630801200, -30.39582138151718000, 14.28464133985792400 ) ) ;
#5229 = DIRECTION ( 'NONE',  ( 1.000000000000000000, 0.0000000000000000000, 0.0000000000000000000 ) ) ;
#5230 = CARTESIAN_POINT ( 'NONE',  ( -132.8082378770764600, -29.15443035959372900, 10.38075333641063500 ) ) ;
#5231 = ORIENTED_EDGE ( 'NONE', *, *, #6817, .T. ) ;
#5232 = CARTESIAN_POINT ( 'NONE',  ( -12.44192604277050800, 70.94147370372377300, 46.70377594517700700 ) ) ;
#5233 = ADVANCED_FACE ( 'NONE', ( #2158, #1885 ), #1269, .F. ) ;
#5234 = ORIENTED_EDGE ( 'NONE', *, *, #6593, .T. ) ;
#5235 = VERTEX_POINT ( 'NONE', #3708 ) ;
#5236 = ORIENTED_EDGE ( 'NONE', *, *, #5493, .F. ) ;
#5237 = CARTESIAN_POINT ( 'NONE',  ( 42.71247239614250900, 33.35024010312945800, 8.650000000000000400 ) ) ;
#5238 = LINE ( 'NONE', #2464, #684 ) ;
#5239 = AXIS2_PLACEMENT_3D ( 'NONE', #8285, #3457, #2552 ) ;
#5240 = AXIS2_PLACEMENT_3D ( 'NONE', #7309, #1550, #2426 ) ;
#5241 = CARTESIAN_POINT ( 'NONE',  ( 49.16044702067379300, 17.29239248953933100, 30.50000000000000400 ) ) ;
#5242 = DIRECTION ( 'NONE',  ( 1.609823385706476600E-015, -1.000000000000000000, 0.0000000000000000000 ) ) ;
#5243 = DIRECTION ( 'NONE',  ( -0.0000000000000000000, -0.0000000000000000000, 1.000000000000000000 ) ) ;
#5244 = ORIENTED_EDGE ( 'NONE', *, *, #2973, .T. ) ;
#5245 = AXIS2_PLACEMENT_3D ( 'NONE', #6021, #6781, #965 ) ;
#5246 = CARTESIAN_POINT ( 'NONE',  ( 45.16044702067369300, 64.16420904163041400, 9.297367386975608400 ) ) ;
#5247 = CARTESIAN_POINT ( 'NONE',  ( 36.89536137834861100, -30.29232730748912400, 47.07869549017868800 ) ) ;
#5248 = CARTESIAN_POINT ( 'NONE',  ( -18.14555955790434200, 69.68443671149789500, 40.28454324183432100 ) ) ;
#5249 = FACE_BOUND ( 'NONE', #8837, .T. ) ;
#5250 = CARTESIAN_POINT ( 'NONE',  ( 2.660447020673682300, 73.48310668740411700, 15.50000000000000000 ) ) ;
#5251 = LINE ( 'NONE', #9484, #3694 ) ;
#5252 = CARTESIAN_POINT ( 'NONE',  ( -15.98955297932633200, 64.69007228669742900, 32.95073593128705600 ) ) ;
#5253 = EDGE_LOOP ( 'NONE', ( #8716, #5998, #4829, #7670 ) ) ;
#5254 = EDGE_CURVE ( 'NONE', #2606, #10596, #1615, .T. ) ;
#5255 = CARTESIAN_POINT ( 'NONE',  ( -33.48752760385749400, -14.90975989687055900, 3.000000000000000000 ) ) ;
#5256 = CARTESIAN_POINT ( 'NONE',  ( 6.660447020673692500, 73.48310668740413100, 45.50000000000000000 ) ) ;
#5257 = AXIS2_PLACEMENT_3D ( 'NONE', #7148, #4742, #6358 ) ;
#5258 = FACE_OUTER_BOUND ( 'NONE', #7767, .T. ) ;
#5259 = AXIS2_PLACEMENT_3D ( 'NONE', #9165, #5073, #6669 ) ;
#5260 = CARTESIAN_POINT ( 'NONE',  ( 2.721848187554385400, 71.15991762536494000, 14.99163790877213200 ) ) ;
#5261 = CARTESIAN_POINT ( 'NONE',  ( -26.60869562897697800, -30.17354587827999900, 13.51374924449797500 ) ) ;
#5262 = CYLINDRICAL_SURFACE ( 'NONE', #2276, 1.000000000000000900 ) ;
#5263 = DIRECTION ( 'NONE',  ( 0.0000000000000000000, 6.938893903907228400E-016, -1.000000000000000000 ) ) ;
#5264 = VERTEX_POINT ( 'NONE', #10312 ) ;
#5265 = CARTESIAN_POINT ( 'NONE',  ( 49.16044702067388500, -30.72293962258783000, 15.50000000000000000 ) ) ;
#5266 = CARTESIAN_POINT ( 'NONE',  ( -14.11752760385748400, -18.00080557695490000, 10.26363978188264500 ) ) ;
#5267 = CARTESIAN_POINT ( 'NONE',  ( -55.53507028980630600, 71.04698018332518900, 46.37209799849231500 ) ) ;
#5268 = VECTOR ( 'NONE', #4605, 1000.000000000000000 ) ;
#5269 = DIRECTION ( 'NONE',  ( -1.000000000000000000, 0.0000000000000000000, 0.0000000000000000000 ) ) ;
#5270 = VECTOR ( 'NONE', #8610, 1000.000000000000000 ) ;
#5271 = ORIENTED_EDGE ( 'NONE', *, *, #5027, .F. ) ;
#5272 = EDGE_CURVE ( 'NONE', #7648, #6512, #7967, .T. ) ;
#5273 = CIRCLE ( 'NONE', #4365, 52.92058191901601600 ) ;
#5274 = CARTESIAN_POINT ( 'NONE',  ( -11.36890544432970000, -30.18916715126120200, 13.56676028455131800 ) ) ;
#5275 = CARTESIAN_POINT ( 'NONE',  ( -59.33955297932625000, 20.56252476838794900, 30.50000000000000400 ) ) ;
#5276 = CARTESIAN_POINT ( 'NONE',  ( -71.04602967032586500, 62.73011617120125300, 60.00000000000002100 ) ) ;
#5277 = CARTESIAN_POINT ( 'NONE',  ( -34.88752760385749200, -14.90975989687055900, 7.000000000000000000 ) ) ;
#5278 = LINE ( 'NONE', #4305, #6186 ) ;
#5279 = CIRCLE ( 'NONE', #6211, 60.00000000000000000 ) ;
#5280 = CARTESIAN_POINT ( 'NONE',  ( -18.48955297932633700, 69.62651541114554700, 31.91520202535427200 ) ) ;
#5281 = CARTESIAN_POINT ( 'NONE',  ( -61.04602967032580100, 64.23011617120123200, 52.00000000000002100 ) ) ;
#5282 = CIRCLE ( 'NONE', #10550, 1.899999999999999700 ) ;
#5283 = CARTESIAN_POINT ( 'NONE',  ( -71.04602967032580800, 61.80992920665785600, 5.000000000000000000 ) ) ;
#5284 = ADVANCED_FACE ( 'NONE', ( #4233 ), #6820, .F. ) ;
#5285 = CIRCLE ( 'NONE', #9381, 4.900000000000000400 ) ;
#5286 = DIRECTION ( 'NONE',  ( -1.606207778533894200E-015, 1.000000000000000000, 0.0000000000000000000 ) ) ;
#5287 = DIRECTION ( 'NONE',  ( -1.609823385706476600E-015, 1.000000000000000000, 0.0000000000000000000 ) ) ;
#5288 = VECTOR ( 'NONE', #2591, 1000.000000000000000 ) ;
#5289 = DIRECTION ( 'NONE',  ( -0.0000000000000000000, 1.000000000000000000, -0.0000000000000000000 ) ) ;
#5290 = ORIENTED_EDGE ( 'NONE', *, *, #5674, .T. ) ;
#5291 = EDGE_CURVE ( 'NONE', #2346, #3327, #5910, .T. ) ;
#5292 = DIRECTION ( 'NONE',  ( 0.0000000000000000000, 0.0000000000000000000, -1.000000000000000000 ) ) ;
#5293 = CARTESIAN_POINT ( 'NONE',  ( 22.16044702067369300, 73.48310668740416000, 15.50000000000000000 ) ) ;
#5294 = CARTESIAN_POINT ( 'NONE',  ( -43.83955297932615700, -30.72293962258786200, 45.50000000000000000 ) ) ;
#5295 = CARTESIAN_POINT ( 'NONE',  ( -27.35642054050139600, -30.24940942227410200, 13.77274710912329100 ) ) ;
#5296 = LINE ( 'NONE', #5879, #2955 ) ;
#5297 = CARTESIAN_POINT ( 'NONE',  ( 35.52208135128844200, -32.82344603182249900, 13.50027294252317300 ) ) ;
#5298 = ORIENTED_EDGE ( 'NONE', *, *, #587, .T. ) ;
#5299 = CARTESIAN_POINT ( 'NONE',  ( -14.11752760385748400, -17.52275989687055700, 8.490435472824181300 ) ) ;
#5300 = DIRECTION ( 'NONE',  ( -1.609823385706476600E-015, 1.000000000000000000, 4.165779463821302700E-032 ) ) ;
#5301 = CARTESIAN_POINT ( 'NONE',  ( -57.20386481251859600, 70.67832183841926500, 47.49984925543877500 ) ) ;
#5302 = CARTESIAN_POINT ( 'NONE',  ( -33.48752760385749400, -14.90975989687055900, 7.000000000000000000 ) ) ;
#5303 = AXIS2_PLACEMENT_3D ( 'NONE', #2905, #6171, #2977 ) ;
#5304 = DIRECTION ( 'NONE',  ( 1.609823385706476600E-015, -1.000000000000000000, -4.165779463821302700E-032 ) ) ;
#5305 = EDGE_CURVE ( 'NONE', #1966, #7334, #2027, .T. ) ;
#5306 = LINE ( 'NONE', #1333, #8515 ) ;
#5307 = CARTESIAN_POINT ( 'NONE',  ( 60.16044702067372200, -80.62220839707110500, 30.50000000000002100 ) ) ;
#5308 = CARTESIAN_POINT ( 'NONE',  ( 5.677608841164941500, -32.91517397298864000, 13.77294528950234000 ) ) ;
#5309 = ORIENTED_EDGE ( 'NONE', *, *, #5179, .F. ) ;
#5310 = CARTESIAN_POINT ( 'NONE',  ( -11.10869562897697100, -30.17354587827999200, 13.51374924449797800 ) ) ;
#5311 = CARTESIAN_POINT ( 'NONE',  ( 33.72237616398759000, -30.58887534674138200, 14.98948247064433500 ) ) ;
#5312 = CARTESIAN_POINT ( 'NONE',  ( 50.16044702067368600, 63.57531163979638900, 57.36015214575591200 ) ) ;
#5313 = ORIENTED_EDGE ( 'NONE', *, *, #4861, .F. ) ;
#5314 = DIRECTION ( 'NONE',  ( 1.594400883811535800E-015, -1.000000000000000000, 1.047444401652940200E-014 ) ) ;
#5315 = VECTOR ( 'NONE', #2178, 1000.000000000000100 ) ;
#5316 = DIRECTION ( 'NONE',  ( 0.0000000000000000000, 0.0000000000000000000, 1.000000000000000000 ) ) ;
#5317 = EDGE_LOOP ( 'NONE', ( #8331, #5080, #731, #10489, #2760, #8423 ) ) ;
#5318 = EDGE_CURVE ( 'NONE', #5101, #3548, #10299, .T. ) ;
#5319 = CARTESIAN_POINT ( 'NONE',  ( -40.50620856384577500, -30.31595626274119600, 14.00361017943399700 ) ) ;
#5320 = AXIS2_PLACEMENT_3D ( 'NONE', #5935, #1873, #956 ) ;
#5321 = CARTESIAN_POINT ( 'NONE',  ( 52.32621368453427400, 49.35070674561333700, -1.040834085586084300E-014 ) ) ;
#5322 = ORIENTED_EDGE ( 'NONE', *, *, #4076, .F. ) ;
#5323 = CARTESIAN_POINT ( 'NONE',  ( -56.04602967032580800, -23.95501194873044100, 6.899999999999999500 ) ) ;
#5324 = ORIENTED_EDGE ( 'NONE', *, *, #4689, .F. ) ;
#5325 = DIRECTION ( 'NONE',  ( 0.0000000000000000000, -0.0000000000000000000, -1.000000000000000000 ) ) ;
#5326 = CIRCLE ( 'NONE', #6209, 2.000000000000012000 ) ;
#5327 = ORIENTED_EDGE ( 'NONE', *, *, #6916, .F. ) ;
#5328 = CARTESIAN_POINT ( 'NONE',  ( -61.04602967032580100, -26.37519891327379200, 52.00000000000002100 ) ) ;
#5329 = CARTESIAN_POINT ( 'NONE',  ( 19.89420946537356400, 70.68277512728411700, 47.48673861149425300 ) ) ;
#5330 =( BOUNDED_CURVE ( )  B_SPLINE_CURVE ( 3, ( #4426, #8661, #7806, #8733 ),
 .UNSPECIFIED., .F., .F. ) 
 B_SPLINE_CURVE_WITH_KNOTS ( ( 4, 4 ),
 ( 1.570796326794896600, 2.530727415392862100 ),
 .UNSPECIFIED. ) 
 CURVE ( )  GEOMETRIC_REPRESENTATION_ITEM ( )  RATIONAL_B_SPLINE_CURVE ( ( 1.000000000000000000, 0.9246738887853142000, 0.9246738887853142000, 1.000000000000000000 ) ) 
 REPRESENTATION_ITEM ( '' )  );
#5331 = ORIENTED_EDGE ( 'NONE', *, *, #9433, .T. ) ;
#5332 = EDGE_CURVE ( 'NONE', #9493, #273, #8345, .T. ) ;
#5333 = VERTEX_POINT ( 'NONE', #3782 ) ;
#5334 = CARTESIAN_POINT ( 'NONE',  ( 49.75426148541220800, -30.33317086716339600, 46.93630597778145100 ) ) ;
#5335 = VERTEX_POINT ( 'NONE', #8713 ) ;
#5336 = CARTESIAN_POINT ( 'NONE',  ( 50.25109014808508300, -24.46722654680366600, 52.07998593923473900 ) ) ;
#5337 = EDGE_CURVE ( 'NONE', #1979, #5952, #3570, .T. ) ;
#5338 = ORIENTED_EDGE ( 'NONE', *, *, #7546, .F. ) ;
#5339 = DIRECTION ( 'NONE',  ( 0.0000000000000000000, 0.0000000000000000000, -1.000000000000000000 ) ) ;
#5340 = CARTESIAN_POINT ( 'NONE',  ( -18.48955297932633400, 63.89450874643634400, 39.51286796564303900 ) ) ;
#5341 = PLANE ( 'NONE',  #9031 ) ;
#5342 = ORIENTED_EDGE ( 'NONE', *, *, #3051, .T. ) ;
#5343 = CARTESIAN_POINT ( 'NONE',  ( 50.63114859864837300, -32.84591943300461000, 47.43335354415471300 ) ) ;
#5344 = CARTESIAN_POINT ( 'NONE',  ( -39.83955297932631400, 71.31277590714869100, 45.50000000000000000 ) ) ;
#5345 = EDGE_LOOP ( 'NONE', ( #5524, #5144, #10522, #5462, #411, #1428 ) ) ;
#5346 = ORIENTED_EDGE ( 'NONE', *, *, #7289, .F. ) ;
#5347 = CARTESIAN_POINT ( 'NONE',  ( 48.37252772682006000, 69.56368315932948600, 39.84420027991567500 ) ) ;
#5348 = ORIENTED_EDGE ( 'NONE', *, *, #8243, .T. ) ;
#5349 = CARTESIAN_POINT ( 'NONE',  ( 50.46497767824661900, 65.84632168793420700, 50.98332139495463600 ) ) ;
#5350 = DIRECTION ( 'NONE',  ( 1.000000000000000000, 1.603063405027194900E-016, 0.0000000000000000000 ) ) ;
#5351 = CARTESIAN_POINT ( 'NONE',  ( 33.66044702067368600, 73.48310668740417400, 45.50000000000000000 ) ) ;
#5352 = CARTESIAN_POINT ( 'NONE',  ( -29.98752760385749400, -14.90975989687055900, 4.000000000000000000 ) ) ;
#5353 = CYLINDRICAL_SURFACE ( 'NONE', #8908, 2.000000000000001800 ) ;
#5354 = CARTESIAN_POINT ( 'NONE',  ( 47.99623345830058000, 64.37607171785271000, 31.50098846298122300 ) ) ;
#5355 = CARTESIAN_POINT ( 'NONE',  ( -14.11566395143685200, -16.82275989687055800, 9.324662987640136800 ) ) ;
#5356 = EDGE_CURVE ( 'NONE', #8485, #3626, #7349, .T. ) ;
#5357 = CARTESIAN_POINT ( 'NONE',  ( 51.69264781223943600, 70.69656858523480000, 13.55368265994384000 ) ) ;
#5358 = CARTESIAN_POINT ( 'NONE',  ( 46.99524499531940300, 70.48310668740398900, 30.50000000000000000 ) ) ;
#5359 = VERTEX_POINT ( 'NONE', #7824 ) ;
#5360 = ORIENTED_EDGE ( 'NONE', *, *, #3964, .F. ) ;
#5361 = ORIENTED_EDGE ( 'NONE', *, *, #10684, .F. ) ;
#5362 = ORIENTED_EDGE ( 'NONE', *, *, #4861, .T. ) ;
#5363 = CARTESIAN_POINT ( 'NONE',  ( -56.04602967032580800, 56.90992920665785700, 5.000000000000000000 ) ) ;
#5364 = DIRECTION ( 'NONE',  ( 1.609823385706476600E-015, -1.000000000000000000, -4.165779463821302700E-032 ) ) ;
#5365 = CYLINDRICAL_SURFACE ( 'NONE', #2069, 4.900000000000001200 ) ;
#5366 = DIRECTION ( 'NONE',  ( -0.0000000000000000000, -0.0000000000000000000, 1.000000000000000000 ) ) ;
#5367 = DIRECTION ( 'NONE',  ( 0.0000000000000000000, 1.000000000000000000, -1.047444401652940000E-014 ) ) ;
#5368 = EDGE_CURVE ( 'NONE', #5933, #1951, #6174, .T. ) ;
#5369 = DIRECTION ( 'NONE',  ( -1.000000000000000000, -1.609823385706476600E-015, 0.0000000000000000000 ) ) ;
#5370 = DIRECTION ( 'NONE',  ( 1.638987529116218700E-015, -1.000000000000000000, 0.0000000000000000000 ) ) ;
#5371 = DIRECTION ( 'NONE',  ( 0.0000000000000000000, 0.0000000000000000000, 1.000000000000000000 ) ) ;
#5372 = ORIENTED_EDGE ( 'NONE', *, *, #871, .F. ) ;
#5373 = ADVANCED_FACE ( 'NONE', ( #7074 ), #3439, .T. ) ;
#5374 = AXIS2_PLACEMENT_3D ( 'NONE', #9990, #9047, #4129 ) ;
#5375 = ORIENTED_EDGE ( 'NONE', *, *, #5629, .F. ) ;
#5376 = EDGE_LOOP ( 'NONE', ( #3988, #6891, #8926, #4863 ) ) ;
#5377 = DIRECTION ( 'NONE',  ( 0.0000000000000000000, 0.0000000000000000000, -1.000000000000000000 ) ) ;
#5378 = EDGE_CURVE ( 'NONE', #3525, #6489, #2361, .T. ) ;
#5379 = CARTESIAN_POINT ( 'NONE',  ( 60.16044702067369300, -5.782694442137692900, 26.17902992074464700 ) ) ;
#5380 = FACE_OUTER_BOUND ( 'NONE', #6025, .T. ) ;
#5381 = CARTESIAN_POINT ( 'NONE',  ( -61.04602967032580100, 0.0000000000000000000, 0.0000000000000000000 ) ) ;
#5382 = ORIENTED_EDGE ( 'NONE', *, *, #9875, .F. ) ;
#5383 = CARTESIAN_POINT ( 'NONE',  ( 25.80808870305146000, -17.07518927004545600, 9.685169493783032400 ) ) ;
#5384 = VECTOR ( 'NONE', #7545, 1000.000000000000000 ) ;
#5385 = EDGE_LOOP ( 'NONE', ( #799, #6559 ) ) ;
#5386 = CARTESIAN_POINT ( 'NONE',  ( 52.68170626660492700, -33.05388266498479100, 46.80491334438637100 ) ) ;
#5387 = CARTESIAN_POINT ( 'NONE',  ( 37.66044702067370100, 71.31277590714870500, 15.50000000000000000 ) ) ;
#5388 = FACE_OUTER_BOUND ( 'NONE', #40, .T. ) ;
#5389 = EDGE_CURVE ( 'NONE', #3791, #7170, #5658, .T. ) ;
#5390 = CARTESIAN_POINT ( 'NONE',  ( 48.24306446271243200, 69.63439954252523000, 40.10094404963692900 ) ) ;
#5391 = CARTESIAN_POINT ( 'NONE',  ( 41.44247239614252700, -14.90975989687055900, 4.000000000000000000 ) ) ;
#5392 = AXIS2_PLACEMENT_3D ( 'NONE', #762, #10594, #6544 ) ;
#5393 = CARTESIAN_POINT ( 'NONE',  ( 35.66044702067369300, 73.48310668740417400, 45.50000000000000000 ) ) ;
#5394 = DIRECTION ( 'NONE',  ( 1.000000000000000000, 0.0000000000000000000, 0.0000000000000000000 ) ) ;
#5395 = VECTOR ( 'NONE', #3217, 1000.000000000000000 ) ;
#5396 = ORIENTED_EDGE ( 'NONE', *, *, #1421, .F. ) ;
#5397 = DIRECTION ( 'NONE',  ( -1.000000000000000000, -0.0000000000000000000, 0.0000000000000000000 ) ) ;
#5398 = CARTESIAN_POINT ( 'NONE',  ( -19.43813196598199200, 69.69512714810224500, 40.19528979445846800 ) ) ;
#5399 = CARTESIAN_POINT ( 'NONE',  ( 46.03389417665551500, 70.47733032715164800, 29.53864918133609800 ) ) ;
#5400 = ADVANCED_FACE ( 'NONE', ( #966 ), #8990, .F. ) ;
#5401 = FACE_OUTER_BOUND ( 'NONE', #3826, .T. ) ;
#5402 = DIRECTION ( 'NONE',  ( -4.625929269271485900E-016, 1.000000000000000000, 0.0000000000000000000 ) ) ;
#5403 = DIRECTION ( 'NONE',  ( 0.0000000000000000000, 0.0000000000000000000, 1.000000000000000000 ) ) ;
#5404 = ORIENTED_EDGE ( 'NONE', *, *, #7830, .F. ) ;
#5405 = CIRCLE ( 'NONE', #3952, 1.899999999999999000 ) ;
#5406 = ORIENTED_EDGE ( 'NONE', *, *, #2271, .F. ) ;
#5407 = EDGE_CURVE ( 'NONE', #883, #9994, #1230, .T. ) ;
#5408 = CARTESIAN_POINT ( 'NONE',  ( -13.11752760385748600, 36.04771873266206900, 10.26363978188264500 ) ) ;
#5409 = CARTESIAN_POINT ( 'NONE',  ( 48.41044702067365100, 69.62811811520231200, 31.91520202535427200 ) ) ;
#5410 = AXIS2_PLACEMENT_3D ( 'NONE', #5517, #2182, #1340 ) ;
#5411 = AXIS2_PLACEMENT_3D ( 'NONE', #417, #4578, #10328 ) ;
#5412 = DIRECTION ( 'NONE',  ( -0.0000000000000000000, 0.0000000000000000000, 1.000000000000000000 ) ) ;
#5413 = DIRECTION ( 'NONE',  ( 0.0000000000000000000, -0.0000000000000000000, -1.000000000000000000 ) ) ;
#5414 = LINE ( 'NONE', #10408, #10676 ) ;
#5415 = CARTESIAN_POINT ( 'NONE',  ( -10.70386481251842500, -32.82340458049191100, 47.49984925543877500 ) ) ;
#5416 = EDGE_CURVE ( 'NONE', #3727, #4221, #10543, .T. ) ;
#5417 = LINE ( 'NONE', #7614, #581 ) ;
#5418 = CARTESIAN_POINT ( 'NONE',  ( 33.72184818755456300, -33.30500036743755000, 14.99163790877212500 ) ) ;
#5419 = VECTOR ( 'NONE', #2563, 1000.000000000000000 ) ;
#5420 = ORIENTED_EDGE ( 'NONE', *, *, #10175, .F. ) ;
#5421 = CARTESIAN_POINT ( 'NONE',  ( -15.33955297932633100, 64.96539364637706600, 28.35098846298122800 ) ) ;
#5422 =( LENGTH_UNIT ( ) NAMED_UNIT ( * ) SI_UNIT ( .MILLI., .METRE. ) );
#5423 = CARTESIAN_POINT ( 'NONE',  ( -61.04602967032580100, 64.23011617120123200, 50.10000000000002300 ) ) ;
#5424 = CARTESIAN_POINT ( 'NONE',  ( 45.26044702067365200, 70.44933840272814500, 28.48295014498317800 ) ) ;
#5425 = CIRCLE ( 'NONE', #9934, 2.499999999999998700 ) ;
#5426 = CIRCLE ( 'NONE', #8522, 2.500000000000002200 ) ;
#5427 = DIRECTION ( 'NONE',  ( 1.000000000000000000, 0.0000000000000000000, -0.0000000000000000000 ) ) ;
#5428 = CARTESIAN_POINT ( 'NONE',  ( 53.09903329396233600, -33.30506167706866400, 46.00815311873946500 ) ) ;
#5429 = ORIENTED_EDGE ( 'NONE', *, *, #5533, .F. ) ;
#5430 = CARTESIAN_POINT ( 'NONE',  ( 37.46492971019389300, -33.19206292539778500, 46.37209799849230800 ) ) ;
#5431 = EDGE_CURVE ( 'NONE', #10036, #9561, #2397, .T. ) ;
#5432 = CARTESIAN_POINT ( 'NONE',  ( -56.04602967032580800, 65.12513958651717900, 11.05139489186360700 ) ) ;
#5433 = CARTESIAN_POINT ( 'NONE',  ( 37.26820635567717900, -30.39513334381997500, 14.28218670468147300 ) ) ;
#5434 = CARTESIAN_POINT ( 'NONE',  ( 21.17376573125377700, -30.24881592973077500, 13.77070553294021400 ) ) ;
#5435 = ADVANCED_FACE ( 'NONE', ( #5401 ), #1622, .T. ) ;
#5436 = FACE_OUTER_BOUND ( 'NONE', #7894, .T. ) ;
#5437 = DIRECTION ( 'NONE',  ( -1.573428027951567200E-015, 1.000000000000000000, -3.540213062891026000E-015 ) ) ;
#5438 = EDGE_LOOP ( 'NONE', ( #7168, #7533, #6226, #10600, #902 ) ) ;
#5439 = CARTESIAN_POINT ( 'NONE',  ( 37.66044702067386400, -33.45785864922130800, 15.50000000000000000 ) ) ;
#5440 = DIRECTION ( 'NONE',  ( 1.000000000000000000, 1.609823385706476600E-015, -0.0000000000000000000 ) ) ;
#5441 = CARTESIAN_POINT ( 'NONE',  ( -24.33955297932630700, 68.57785688051524200, 45.50000000000000000 ) ) ;
#5442 = CIRCLE ( 'NONE', #5454, 3.500000000000003100 ) ;
#5443 = DIRECTION ( 'NONE',  ( 1.606207778533891500E-015, -1.000000000000000000, 5.310319594336538700E-015 ) ) ;
#5444 = EDGE_CURVE ( 'NONE', #6876, #8309, #7579, .T. ) ;
#5445 = DIRECTION ( 'NONE',  ( 0.7009994144339921600, 0.1311474053361134100, -0.7009994144339960500 ) ) ;
#5446 = CARTESIAN_POINT ( 'NONE',  ( -15.63244619813978400, 64.83310363623054700, 29.05809524416776700 ) ) ;
#5447 = ORIENTED_EDGE ( 'NONE', *, *, #10144, .F. ) ;
#5448 = CARTESIAN_POINT ( 'NONE',  ( 45.16044702067369300, 0.0000000000000000000, 0.0000000000000000000 ) ) ;
#5449 = CARTESIAN_POINT ( 'NONE',  ( -57.61050931020415100, -32.82808875171159700, 13.51394238300086800 ) ) ;
#5450 = CARTESIAN_POINT ( 'NONE',  ( -39.83752760385750200, 33.35024010312945800, 8.650000000000000400 ) ) ;
#5451 = LINE ( 'NONE', #6368, #6981 ) ;
#5452 = CARTESIAN_POINT ( 'NONE',  ( 60.16044702067369300, 20.56252476838797000, 30.50000000000000400 ) ) ;
#5453 = ORIENTED_EDGE ( 'NONE', *, *, #8185, .F. ) ;
#5454 = AXIS2_PLACEMENT_3D ( 'NONE', #8086, #1604, #8906 ) ;
#5455 = VERTEX_POINT ( 'NONE', #7415 ) ;
#5456 = ADVANCED_FACE ( 'NONE', ( #9508, #184 ), #2389, .T. ) ;
#5457 = AXIS2_PLACEMENT_3D ( 'NONE', #6285, #2004, #2120 ) ;
#5458 = AXIS2_PLACEMENT_3D ( 'NONE', #3188, #8777, #6483 ) ;
#5459 = EDGE_LOOP ( 'NONE', ( #3019, #7558, #2762, #1294 ) ) ;
#5460 = CARTESIAN_POINT ( 'NONE',  ( 51.43058411207309200, -32.82803102597169700, 47.48622826149017600 ) ) ;
#5461 = FACE_OUTER_BOUND ( 'NONE', #7803, .T. ) ;
#5462 = ORIENTED_EDGE ( 'NONE', *, *, #8075, .F. ) ;
#5463 = CARTESIAN_POINT ( 'NONE',  ( 37.60898890751108300, -30.58696193612725600, 14.98092632939600000 ) ) ;
#5464 = CARTESIAN_POINT ( 'NONE',  ( -24.39101109248910900, 68.44187919405467800, 14.98092632939600400 ) ) ;
#5465 = CARTESIAN_POINT ( 'NONE',  ( 21.91406145545181500, -30.45728095927586000, 14.50446528216650500 ) ) ;
#5466 = CARTESIAN_POINT ( 'NONE',  ( 22.16044702067368600, 71.31277590714870500, 45.50000000000000000 ) ) ;
#5467 = ORIENTED_EDGE ( 'NONE', *, *, #8884, .T. ) ;
#5468 = DIRECTION ( 'NONE',  ( 1.609823385706476600E-015, -1.000000000000000000, -4.165779463821302700E-032 ) ) ;
#5469 = ORIENTED_EDGE ( 'NONE', *, *, #4827, .T. ) ;
#5470 = DIRECTION ( 'NONE',  ( 1.000000000000000000, -0.0000000000000000000, -0.0000000000000000000 ) ) ;
#5471 = EDGE_CURVE ( 'NONE', #1826, #5585, #7319, .T. ) ;
#5472 = EDGE_CURVE ( 'NONE', #10471, #8301, #7843, .T. ) ;
#5473 = VERTEX_POINT ( 'NONE', #9792 ) ;
#5474 = EDGE_LOOP ( 'NONE', ( #8644, #7582, #1998, #3013 ) ) ;
#5475 = AXIS2_PLACEMENT_3D ( 'NONE', #8998, #4041, #4875 ) ;
#5476 = ORIENTED_EDGE ( 'NONE', *, *, #98, .F. ) ;
#5477 = AXIS2_PLACEMENT_3D ( 'NONE', #4090, #8084, #5644 ) ;
#5478 = CARTESIAN_POINT ( 'NONE',  ( 60.16044702067368600, 70.48310668740400300, 30.50000000000000000 ) ) ;
#5479 = DIRECTION ( 'NONE',  ( -1.000000000000000000, -1.594400883811535600E-015, 1.544146327605652500E-029 ) ) ;
#5480 = CARTESIAN_POINT ( 'NONE',  ( -42.36885140135165500, -32.84591943300463200, 47.43335354415471300 ) ) ;
#5481 = EDGE_LOOP ( 'NONE', ( #4911, #1309 ) ) ;
#5482 = DIRECTION ( 'NONE',  ( 1.000000000000000000, 1.603063405027194900E-016, 0.0000000000000000000 ) ) ;
#5483 = ORIENTED_EDGE ( 'NONE', *, *, #6241, .F. ) ;
#5484 = CARTESIAN_POINT ( 'NONE',  ( 48.43667218645512000, 69.75552447158757700, 31.94142719113573400 ) ) ;
#5485 = VERTEX_POINT ( 'NONE', #1518 ) ;
#5486 = ORIENTED_EDGE ( 'NONE', *, *, #4664, .F. ) ;
#5487 = DIRECTION ( 'NONE',  ( -1.000000000000000000, 0.0000000000000000000, 0.0000000000000000000 ) ) ;
#5488 = ADVANCED_FACE ( 'NONE', ( #5138 ), #4883, .F. ) ;
#5489 = VERTEX_POINT ( 'NONE', #4142 ) ;
#5490 = CARTESIAN_POINT ( 'NONE',  ( -39.83955297932613600, -33.45785864922132200, 15.50000000000000000 ) ) ;
#5491 = CARTESIAN_POINT ( 'NONE',  ( -36.98752760385749400, -14.90975989687055900, 4.000000000000000000 ) ) ;
#5492 = ORIENTED_EDGE ( 'NONE', *, *, #4047, .T. ) ;
#5493 = EDGE_CURVE ( 'NONE', #5747, #7045, #9243, .T. ) ;
#5494 = VERTEX_POINT ( 'NONE', #8234 ) ;
#5495 = DIRECTION ( 'NONE',  ( 1.000000000000000000, 1.609823385706476600E-015, -0.0000000000000000000 ) ) ;
#5496 = ORIENTED_EDGE ( 'NONE', *, *, #9511, .T. ) ;
#5497 = ORIENTED_EDGE ( 'NONE', *, *, #6655, .F. ) ;
#5498 = ORIENTED_EDGE ( 'NONE', *, *, #354, .F. ) ;
#5499 = DIRECTION ( 'NONE',  ( 0.0000000000000000000, 0.0000000000000000000, -1.000000000000000000 ) ) ;
#5500 = VECTOR ( 'NONE', #2109, 1000.000000000000000 ) ;
#5501 = DIRECTION ( 'NONE',  ( 1.594400883811535400E-015, -1.000000000000000000, 1.047444401652940000E-014 ) ) ;
#5502 = ORIENTED_EDGE ( 'NONE', *, *, #8540, .T. ) ;
#5503 = VERTEX_POINT ( 'NONE', #4175 ) ;
#5504 = DIRECTION ( 'NONE',  ( 0.0000000000000000000, -9.637229729873642500E-015, -1.000000000000000000 ) ) ;
#5505 = ORIENTED_EDGE ( 'NONE', *, *, #4658, .F. ) ;
#5506 = CARTESIAN_POINT ( 'NONE',  ( 48.28544702067371500, 68.63271861446367000, 39.99699088391886200 ) ) ;
#5507 = DIRECTION ( 'NONE',  ( 1.000000000000000000, 0.0000000000000000000, 0.0000000000000000000 ) ) ;
#5508 = CARTESIAN_POINT ( 'NONE',  ( 50.23584579868087700, -21.47239535829071100, 52.18594726479955200 ) ) ;
#5509 = EDGE_CURVE ( 'NONE', #6884, #6480, #4250, .T. ) ;
#5510 = TOROIDAL_SURFACE ( 'NONE', #5475, 3.499999999999998700, 1.000000000000000000 ) ;
#5511 = CARTESIAN_POINT ( 'NONE',  ( 49.25889165374694300, -33.26665795402286800, 14.86715418018974900 ) ) ;
#5512 = ADVANCED_FACE ( 'NONE', ( #958 ), #10254, .F. ) ;
#5513 = CARTESIAN_POINT ( 'NONE',  ( 47.41044702067365100, 68.44617026388614500, 41.51286796564299000 ) ) ;
#5514 = ORIENTED_EDGE ( 'NONE', *, *, #2683, .F. ) ;
#5515 = DIRECTION ( 'NONE',  ( 1.726899151442186700E-015, -1.000000000000000000, 1.726899151442186700E-015 ) ) ;
#5516 = DIRECTION ( 'NONE',  ( -1.000000000000000000, -1.609823385706476600E-015, 0.0000000000000000000 ) ) ;
#5517 = CARTESIAN_POINT ( 'NONE',  ( -44.96479852183384200, 56.32270110567862500, 3.000000000000000000 ) ) ;
#5518 = CIRCLE ( 'NONE', #645, 3.500000000000003100 ) ;
#5519 = CARTESIAN_POINT ( 'NONE',  ( -59.33955297932615700, -33.41998545748175800, 15.37186173385272300 ) ) ;
#5520 = AXIS2_PLACEMENT_3D ( 'NONE', #5941, #10082, #5974 ) ;
#5521 = CARTESIAN_POINT ( 'NONE',  ( -39.83752760385750200, 33.35024010312945800, 8.650000000000000400 ) ) ;
#5522 = AXIS2_PLACEMENT_3D ( 'NONE', #4349, #955, #10039 ) ;
#5523 = LINE ( 'NONE', #9158, #5384 ) ;
#5524 = ORIENTED_EDGE ( 'NONE', *, *, #6074, .F. ) ;
#5525 = EDGE_CURVE ( 'NONE', #2504, #4584, #2666, .T. ) ;
#5526 = CARTESIAN_POINT ( 'NONE',  ( 2.918551089370554900, -30.45805203243089900, 46.49123464712619100 ) ) ;
#5527 = CARTESIAN_POINT ( 'NONE',  ( 33.75961932352081600, 68.41024161410393800, 46.13529537627118100 ) ) ;
#5528 = CIRCLE ( 'NONE', #7505, 1.399999999999998600 ) ;
#5529 = CARTESIAN_POINT ( 'NONE',  ( -43.83955297932622100, 10.48310668740397700, 30.50000000000000000 ) ) ;
#5530 = CIRCLE ( 'NONE', #9669, 28.12686385698107800 ) ;
#5531 = VERTEX_POINT ( 'NONE', #5277 ) ;
#5532 = EDGE_CURVE ( 'NONE', #3028, #6591, #9234, .T. ) ;
#5533 = EDGE_CURVE ( 'NONE', #8683, #5489, #10640, .T. ) ;
#5534 = CARTESIAN_POINT ( 'NONE',  ( -25.44182520693627600, 68.08542183316703200, 13.70785373847572200 ) ) ;
#5535 = CARTESIAN_POINT ( 'NONE',  ( -40.09468170713382300, 71.01102317295436700, 46.48592630112439400 ) ) ;
#5536 = AXIS2_PLACEMENT_3D ( 'NONE', #9612, #7172, #5377 ) ;
#5537 = VECTOR ( 'NONE', #5170, 1000.000000000000000 ) ;
#5538 = AXIS2_PLACEMENT_3D ( 'NONE', #5576, #3070, #9667 ) ;
#5539 = DIRECTION ( 'NONE',  ( 0.0000000000000000000, 0.0000000000000000000, 1.000000000000000000 ) ) ;
#5540 = FACE_OUTER_BOUND ( 'NONE', #5317, .T. ) ;
#5541 = DIRECTION ( 'NONE',  ( 0.0000000000000000000, 0.0000000000000000000, -1.000000000000000000 ) ) ;
#5542 = ORIENTED_EDGE ( 'NONE', *, *, #489, .T. ) ;
#5543 = DIRECTION ( 'NONE',  ( 1.000000000000000000, 0.0000000000000000000, 0.0000000000000000000 ) ) ;
#5544 = PLANE ( 'NONE',  #7793 ) ;
#5545 = FACE_OUTER_BOUND ( 'NONE', #188, .T. ) ;
#5546 = CARTESIAN_POINT ( 'NONE',  ( -28.33955297932632400, 68.54463232551057700, 45.62867814821819900 ) ) ;
#5547 = LINE ( 'NONE', #6150, #9390 ) ;
#5548 = CARTESIAN_POINT ( 'NONE',  ( -40.50075197883579400, -32.99306559930857200, 46.99152284956493000 ) ) ;
#5549 = FACE_OUTER_BOUND ( 'NONE', #5474, .T. ) ;
#5550 = EDGE_CURVE ( 'NONE', #1560, #2885, #3797, .T. ) ;
#5551 = DIRECTION ( 'NONE',  ( -1.000000000000000000, 0.0000000000000000000, 0.0000000000000000000 ) ) ;
#5552 = CYLINDRICAL_SURFACE ( 'NONE', #6491, 1.899999999999999700 ) ;
#5553 = DIRECTION ( 'NONE',  ( 0.0000000000000000000, -1.000000000000000000, 0.0000000000000000000 ) ) ;
#5554 = DIRECTION ( 'NONE',  ( 0.0000000000000000000, 0.0000000000000000000, 1.000000000000000000 ) ) ;
#5555 = EDGE_CURVE ( 'NONE', #5849, #4098, #7340, .T. ) ;
#5556 = LINE ( 'NONE', #1689, #4247 ) ;
#5557 = FACE_OUTER_BOUND ( 'NONE', #1834, .T. ) ;
#5558 = VERTEX_POINT ( 'NONE', #10113 ) ;
#5559 = CARTESIAN_POINT ( 'NONE',  ( 33.91855108937041800, 68.31296929035832500, 46.49123464712622000 ) ) ;
#5560 = ADVANCED_FACE ( 'NONE', ( #2138 ), #2925, .F. ) ;
#5561 = DIRECTION ( 'NONE',  ( 1.000000000000000000, 1.603063405027194900E-016, 0.0000000000000000000 ) ) ;
#5562 = CARTESIAN_POINT ( 'NONE',  ( 53.16044702067368600, 71.31277590714871900, 45.50000000000000000 ) ) ;
#5563 = FACE_OUTER_BOUND ( 'NONE', #8544, .T. ) ;
#5564 = CARTESIAN_POINT ( 'NONE',  ( -24.33955297932631400, 73.48310668740407400, 15.50000000000000000 ) ) ;
#5565 = ORIENTED_EDGE ( 'NONE', *, *, #2736, .T. ) ;
#5566 = EDGE_CURVE ( 'NONE', #3858, #9994, #3333, .T. ) ;
#5567 = CARTESIAN_POINT ( 'NONE',  ( -132.8082378770764600, 73.48310668740396100, 30.50000000000000400 ) ) ;
#5568 = CARTESIAN_POINT ( 'NONE',  ( 21.06010788337552200, -30.23081242424113300, 47.29108936670987600 ) ) ;
#5569 = CARTESIAN_POINT ( 'NONE',  ( -18.48955297932637600, 68.44617026388613100, 40.51286796564298200 ) ) ;
#5570 = DIRECTION ( 'NONE',  ( 1.609823385706476600E-015, -1.000000000000000000, -4.165779463821302700E-032 ) ) ;
#5571 = DIRECTION ( 'NONE',  ( 1.609823385706476600E-015, -1.000000000000000000, -4.165779463821302700E-032 ) ) ;
#5572 = FACE_OUTER_BOUND ( 'NONE', #3801, .T. ) ;
#5573 = CARTESIAN_POINT ( 'NONE',  ( 45.91044702067365800, 68.44617026388614500, 40.51286796564298200 ) ) ;
#5574 = CARTESIAN_POINT ( 'NONE',  ( 25.88247239614251800, -18.52275989687055400, 9.263639781882645300 ) ) ;
#5575 = CARTESIAN_POINT ( 'NONE',  ( 35.52923969674832000, 70.67822042021421700, 47.50014823481634400 ) ) ;
#5576 = CARTESIAN_POINT ( 'NONE',  ( -10.83955297932631000, 73.48310668740410300, 15.50000000000000000 ) ) ;
#5577 = ORIENTED_EDGE ( 'NONE', *, *, #1624, .T. ) ;
#5578 = CARTESIAN_POINT ( 'NONE',  ( -24.33955297932628900, 68.54422461361772900, 45.63025720958918200 ) ) ;
#5579 = AXIS2_PLACEMENT_3D ( 'NONE', #7419, #6676, #3340 ) ;
#5580 = ORIENTED_EDGE ( 'NONE', *, *, #2569, .T. ) ;
#5581 = CARTESIAN_POINT ( 'NONE',  ( -43.74118367646897800, -33.26667909558639700, 46.13278356156682500 ) ) ;
#5582 = DIRECTION ( 'NONE',  ( 0.0000000000000000000, -0.0000000000000000000, 1.000000000000000000 ) ) ;
#5583 = EDGE_CURVE ( 'NONE', #7269, #4322, #1714, .T. ) ;
#5584 = CYLINDRICAL_SURFACE ( 'NONE', #1046, 1.900000000000001500 ) ;
#5585 = VERTEX_POINT ( 'NONE', #3496 ) ;
#5586 = PLANE ( 'NONE',  #9841 ) ;
#5587 = DIRECTION ( 'NONE',  ( 1.000000000000000000, 1.603063405027194900E-016, 0.0000000000000000000 ) ) ;
#5588 = ORIENTED_EDGE ( 'NONE', *, *, #7956, .T. ) ;
#5589 = VERTEX_POINT ( 'NONE', #6837 ) ;
#5590 = CARTESIAN_POINT ( 'NONE',  ( 24.88247239614251400, 37.09024010312946700, 9.263639781882645300 ) ) ;
#5591 = ORIENTED_EDGE ( 'NONE', *, *, #3890, .T. ) ;
#5592 = CIRCLE ( 'NONE', #1541, 1.000000000000000900 ) ;
#5593 = CARTESIAN_POINT ( 'NONE',  ( 37.40330527401853500, 68.31343972487223900, 46.48953342699891800 ) ) ;
#5594 = AXIS2_PLACEMENT_3D ( 'NONE', #9084, #4192, #9154 ) ;
#5595 = ORIENTED_EDGE ( 'NONE', *, *, #6886, .T. ) ;
#5596 = EDGE_LOOP ( 'NONE', ( #8347, #763, #3941, #4463, #3677, #4848 ) ) ;
#5597 = EDGE_CURVE ( 'NONE', #7634, #5558, #455, .T. ) ;
#5598 = CARTESIAN_POINT ( 'NONE',  ( 49.16044702067370100, 71.31277590714869100, 45.50000000000000000 ) ) ;
#5599 = ORIENTED_EDGE ( 'NONE', *, *, #3929, .F. ) ;
#5600 = VERTEX_POINT ( 'NONE', #4451 ) ;
#5601 = ORIENTED_EDGE ( 'NONE', *, *, #10109, .F. ) ;
#5602 = ORIENTED_EDGE ( 'NONE', *, *, #7459, .F. ) ;
#5603 = CARTESIAN_POINT ( 'NONE',  ( -55.53667014022073500, -30.48996613893639200, 46.37546170744724300 ) ) ;
#5604 = CARTESIAN_POINT ( 'NONE',  ( -14.11752760385748400, -17.52275989687055700, 8.490435472824181300 ) ) ;
#5605 = VERTEX_POINT ( 'NONE', #8472 ) ;
#5606 = CARTESIAN_POINT ( 'NONE',  ( 18.56081970415771900, -30.39782763344911500, 46.70745186629104500 ) ) ;
#5607 = CARTESIAN_POINT ( 'NONE',  ( 38.94247239614252700, -14.90975989687055900, -1.040834085586084300E-014 ) ) ;
#5608 = DIRECTION ( 'NONE',  ( 1.000000000000000000, -0.0000000000000000000, 0.0000000000000000000 ) ) ;
#5609 = VERTEX_POINT ( 'NONE', #7006 ) ;
#5610 = EDGE_CURVE ( 'NONE', #4585, #10339, #704, .T. ) ;
#5611 = CARTESIAN_POINT ( 'NONE',  ( 53.16044702067370100, 73.48310668740420200, 15.50000000000000000 ) ) ;
#5612 = AXIS2_PLACEMENT_3D ( 'NONE', #6425, #4000, #10585 ) ;
#5613 = ADVANCED_FACE ( 'NONE', ( #9384 ), #10124, .F. ) ;
#5614 = ORIENTED_EDGE ( 'NONE', *, *, #5753, .F. ) ;
#5615 = ORIENTED_EDGE ( 'NONE', *, *, #1705, .T. ) ;
#5616 = ORIENTED_EDGE ( 'NONE', *, *, #2582, .T. ) ;
#5617 = DIRECTION ( 'NONE',  ( -0.7811157789749171300, -1.038312294293747000E-014, -0.6243862104790659500 ) ) ;
#5618 = DIRECTION ( 'NONE',  ( -1.611847229761784000E-015, 1.000000000000000000, 0.0000000000000000000 ) ) ;
#5619 = CARTESIAN_POINT ( 'NONE',  ( -43.17649904925880800, -32.99248640920367800, 46.99329394968419400 ) ) ;
#5620 = CYLINDRICAL_SURFACE ( 'NONE', #3951, 1.899999999999999000 ) ;
#5621 = CARTESIAN_POINT ( 'NONE',  ( -18.48955297932633400, 64.69007228669748600, 39.51286796564302500 ) ) ;
#5622 = ORIENTED_EDGE ( 'NONE', *, *, #8432, .T. ) ;
#5623 = ORIENTED_EDGE ( 'NONE', *, *, #7743, .T. ) ;
#5624 = ORIENTED_EDGE ( 'NONE', *, *, #1085, .F. ) ;
#5625 = VERTEX_POINT ( 'NONE', #2089 ) ;
#5626 = DIRECTION ( 'NONE',  ( 1.000000000000000000, 0.0000000000000000000, 0.0000000000000000000 ) ) ;
#5627 = FACE_OUTER_BOUND ( 'NONE', #6909, .T. ) ;
#5628 = DIRECTION ( 'NONE',  ( 1.000000000000000000, 0.0000000000000000000, 0.0000000000000000000 ) ) ;
#5629 = EDGE_CURVE ( 'NONE', #9663, #6243, #3453, .T. ) ;
#5630 = CARTESIAN_POINT ( 'NONE',  ( -55.40149204691834900, 68.44384999936768600, 46.01029410947544600 ) ) ;
#5631 = FACE_OUTER_BOUND ( 'NONE', #7666, .T. ) ;
#5632 = ORIENTED_EDGE ( 'NONE', *, *, #4282, .F. ) ;
#5633 = ORIENTED_EDGE ( 'NONE', *, *, #3527, .T. ) ;
#5634 = VECTOR ( 'NONE', #3195, 1000.000000000000000 ) ;
#5635 = CARTESIAN_POINT ( 'NONE',  ( -28.32686712528577600, -30.65554041261184500, 45.75921544411350800 ) ) ;
#5636 = CARTESIAN_POINT ( 'NONE',  ( 48.41044702067365100, 69.49789468872793900, 31.91520202535427900 ) ) ;
#5637 = ADVANCED_FACE ( 'NONE', ( #2415 ), #7376, .T. ) ;
#5638 = DIRECTION ( 'NONE',  ( 1.619075244245020000E-015, -1.000000000000000000, 5.319818659662208200E-015 ) ) ;
#5639 = DIRECTION ( 'NONE',  ( 1.000000000000000000, 0.0000000000000000000, 0.0000000000000000000 ) ) ;
#5640 = CIRCLE ( 'NONE', #9185, 1.000000000000000000 ) ;
#5641 = ORIENTED_EDGE ( 'NONE', *, *, #9665, .F. ) ;
#5642 = CARTESIAN_POINT ( 'NONE',  ( 18.16044702067369700, 71.31277590714869100, 45.50000000000000000 ) ) ;
#5643 = CARTESIAN_POINT ( 'NONE',  ( -55.42279006193196300, -11.33733507041127100, 3.000000000000000000 ) ) ;
#5644 = DIRECTION ( 'NONE',  ( 1.000000000000000000, 0.0000000000000000000, -0.0000000000000000000 ) ) ;
#5645 = EDGE_CURVE ( 'NONE', #8403, #7689, #9833, .T. ) ;
#5646 = CARTESIAN_POINT ( 'NONE',  ( 36.32066569211254100, 70.71462993421835100, 47.39252262901017300 ) ) ;
#5647 = CARTESIAN_POINT ( 'NONE',  ( -61.04602967032580100, 61.17492835968160100, 48.16909574168947500 ) ) ;
#5648 = CYLINDRICAL_SURFACE ( 'NONE', #4574, 2.000000000000001800 ) ;
#5649 = DIRECTION ( 'NONE',  ( 0.0000000000000000000, 0.6427876096865350300, 0.7660444431189815700 ) ) ;
#5650 = CARTESIAN_POINT ( 'NONE',  ( -55.33955297932630700, 73.48310668740403200, 15.50000000000000000 ) ) ;
#5651 = DIRECTION ( 'NONE',  ( 0.0000000000000000000, 0.0000000000000000000, -1.000000000000000000 ) ) ;
#5652 = DIRECTION ( 'NONE',  ( 0.0000000000000000000, 1.000000000000000000, 0.0000000000000000000 ) ) ;
#5653 = LINE ( 'NONE', #5650, #5772 ) ;
#5654 = ORIENTED_EDGE ( 'NONE', *, *, #3823, .T. ) ;
#5655 = DIRECTION ( 'NONE',  ( 1.000000000000000000, 0.0000000000000000000, -4.570284219494838400E-033 ) ) ;
#5656 = AXIS2_PLACEMENT_3D ( 'NONE', #10169, #4547, #3671 ) ;
#5657 = DIRECTION ( 'NONE',  ( -0.0000000000000000000, 0.6427876096865351400, -0.7660444431189815700 ) ) ;
#5658 = CIRCLE ( 'NONE', #10277, 2.000000000000000000 ) ;
#5659 = CARTESIAN_POINT ( 'NONE',  ( 48.58087436187374000, 69.49865982773428600, 41.32465524081801100 ) ) ;
#5660 = CARTESIAN_POINT ( 'NONE',  ( -59.33955297932616400, -30.68971918547863000, 15.37133780032230300 ) ) ;
#5661 = EDGE_LOOP ( 'NONE', ( #7468, #4049, #9170, #5346 ) ) ;
#5662 = VECTOR ( 'NONE', #4521, 1000.000000000000000 ) ;
#5663 = CARTESIAN_POINT ( 'NONE',  ( 3.425402255310724600, 68.14726248366469000, 13.92136558584264000 ) ) ;
#5664 = EDGE_LOOP ( 'NONE', ( #8613, #2, #261, #4722, #9870, #4242, #4555, #3545, #2618 ) ) ;
#5665 = CARTESIAN_POINT ( 'NONE',  ( -40.94182520693627900, 68.08542183316700400, 13.70785373847572300 ) ) ;
#5666 = CARTESIAN_POINT ( 'NONE',  ( 36.56010788337537300, 68.08572968216854800, 47.29108936670986900 ) ) ;
#5667 = ADVANCED_FACE ( 'NONE', ( #3499 ), #766, .F. ) ;
#5668 = DIRECTION ( 'NONE',  ( 1.000000000000000000, 0.0000000000000000000, 0.0000000000000000000 ) ) ;
#5669 = CIRCLE ( 'NONE', #8017, 1.000000000000000900 ) ;
#5670 = CIRCLE ( 'NONE', #4823, 28.12686385698107500 ) ;
#5671 = CARTESIAN_POINT ( 'NONE',  ( 52.18256776144919900, 70.77107199232497700, 47.22411160762042900 ) ) ;
#5672 = CIRCLE ( 'NONE', #10424, 0.5000000000000004400 ) ;
#5673 = ORIENTED_EDGE ( 'NONE', *, *, #6342, .F. ) ;
#5674 = EDGE_CURVE ( 'NONE', #313, #1979, #2593, .T. ) ;
#5675 = CARTESIAN_POINT ( 'NONE',  ( -27.00182649008199600, 70.71487442898782700, 13.60820298217128300 ) ) ;
#5676 = CARTESIAN_POINT ( 'NONE',  ( 47.41044702067365800, 64.69007228669760000, 39.51286796564302500 ) ) ;
#5677 = AXIS2_PLACEMENT_3D ( 'NONE', #6612, #2581, #10284 ) ;
#5678 = CYLINDRICAL_SURFACE ( 'NONE', #1006, 1.399999999999998600 ) ;
#5679 = CARTESIAN_POINT ( 'NONE',  ( 50.16044702067368600, 61.17492835968161600, 48.16909574168948900 ) ) ;
#5680 = DIRECTION ( 'NONE',  ( 0.0000000000000000000, 0.0000000000000000000, 1.000000000000000000 ) ) ;
#5681 = LINE ( 'NONE', #4504, #476 ) ;
#5682 = DIRECTION ( 'NONE',  ( 0.0000000000000000000, 0.0000000000000000000, 1.000000000000000000 ) ) ;
#5683 = DIRECTION ( 'NONE',  ( 3.720860615945670500E-017, -0.7660444431189816800, -0.6427876096865351400 ) ) ;
#5684 = CARTESIAN_POINT ( 'NONE',  ( 33.75881632353085800, 71.12159635351372300, 46.13278356156683900 ) ) ;
#5685 = CARTESIAN_POINT ( 'NONE',  ( 50.88949068979587800, -32.82808875171159000, 13.51394238300088800 ) ) ;
#5686 = CARTESIAN_POINT ( 'NONE',  ( -61.04602967032580100, -5.782694442137692900, 26.17902992074464700 ) ) ;
#5687 = DIRECTION ( 'NONE',  ( -0.0000000000000000000, 0.0000000000000000000, -1.000000000000000000 ) ) ;
#5688 = LINE ( 'NONE', #3889, #5940 ) ;
#5689 = CARTESIAN_POINT ( 'NONE',  ( 50.16044702067368600, 59.54564169357635700, 53.43725393319378000 ) ) ;
#5690 = ORIENTED_EDGE ( 'NONE', *, *, #701, .T. ) ;
#5691 = AXIS2_PLACEMENT_3D ( 'NONE', #8902, #6465, #5680 ) ;
#5692 = CARTESIAN_POINT ( 'NONE',  ( -28.33955297932633100, 73.48310668740407400, 15.50000000000000000 ) ) ;
#5693 = DIRECTION ( 'NONE',  ( -1.000000000000000000, 0.0000000000000000000, 0.0000000000000000000 ) ) ;
#5694 = EDGE_CURVE ( 'NONE', #4685, #200, #1815, .T. ) ;
#5695 = DIRECTION ( 'NONE',  ( 1.000000000000000000, 0.0000000000000000000, 0.0000000000000000000 ) ) ;
#5696 = CIRCLE ( 'NONE', #4136, 2.500000000000002200 ) ;
#5697 = CARTESIAN_POINT ( 'NONE',  ( 5.673765731253610900, 68.10373318765817900, 13.77070553294020900 ) ) ;
#5698 = CARTESIAN_POINT ( 'NONE',  ( -24.81829373339507700, -33.05388266498480500, 46.80491334438637100 ) ) ;
#5699 = DIRECTION ( 'NONE',  ( -1.000000000000000000, -1.609823385706476600E-015, 0.0000000000000000000 ) ) ;
#5700 = ORIENTED_EDGE ( 'NONE', *, *, #1692, .F. ) ;
#5701 = DIRECTION ( 'NONE',  ( 0.0000000000000000000, 0.0000000000000000000, -1.000000000000000000 ) ) ;
#5702 = ORIENTED_EDGE ( 'NONE', *, *, #10348, .T. ) ;
#5703 = CARTESIAN_POINT ( 'NONE',  ( 3.758877402376812800, -30.23109038332446400, 13.70986368167313100 ) ) ;
#5704 = VECTOR ( 'NONE', #6170, 1000.000000000000000 ) ;
#5705 = B_SPLINE_CURVE_WITH_KNOTS ( 'NONE', 3,
 ( #414, #6078, #2028, #6912 ),
 .UNSPECIFIED., .F., .F.,
 ( 4, 4 ),
 ( 0.0000000000000000000, 0.002294671250849743200 ),
 .UNSPECIFIED. ) ;
#5706 = EDGE_CURVE ( 'NONE', #4278, #1582, #10346, .T. ) ;
#5707 = ORIENTED_EDGE ( 'NONE', *, *, #5951, .T. ) ;
#5708 = CARTESIAN_POINT ( 'NONE',  ( -26.07226912488342000, -30.16955191514794200, 47.49975303815988100 ) ) ;
#5709 = VERTEX_POINT ( 'NONE', #8647 ) ;
#5710 = DIRECTION ( 'NONE',  ( 1.000000000000000000, 1.609823385706476600E-015, -2.312964634635743000E-016 ) ) ;
#5711 = DIRECTION ( 'NONE',  ( -0.0000000000000000000, 1.000000000000000000, -0.0000000000000000000 ) ) ;
#5712 = CARTESIAN_POINT ( 'NONE',  ( -28.08342570762120600, 71.01045606481396500, 46.48771649178682000 ) ) ;
#5713 = ORIENTED_EDGE ( 'NONE', *, *, #9773, .F. ) ;
#5714 = CARTESIAN_POINT ( 'NONE',  ( 6.264270291831780700, 70.94210176516114100, 46.70182250880205300 ) ) ;
#5715 = FACE_OUTER_BOUND ( 'NONE', #6543, .T. ) ;
#5716 = ORIENTED_EDGE ( 'NONE', *, *, #1002, .T. ) ;
#5717 = ADVANCED_FACE ( 'NONE', ( #6487 ), #8032, .F. ) ;
#5718 = CARTESIAN_POINT ( 'NONE',  ( -56.04602967032580800, -23.95501194873044100, 5.000000000000000000 ) ) ;
#5719 = CARTESIAN_POINT ( 'NONE',  ( 60.16044702067369300, 67.00934761752111500, 10.38075333641062100 ) ) ;
#5720 = CARTESIAN_POINT ( 'NONE',  ( -42.73716024769188200, -30.23049801575836800, 47.29216817450322500 ) ) ;
#5721 = CARTESIAN_POINT ( 'NONE',  ( -13.93667964815026900, 35.74913373892482600, 9.837216218233701100 ) ) ;
#5722 = EDGE_LOOP ( 'NONE', ( #7785, #8693, #4809, #1961 ) ) ;
#5723 = EDGE_CURVE ( 'NONE', #1551, #8537, #9, .T. ) ;
#5724 = EDGE_LOOP ( 'NONE', ( #9768, #6760, #7401, #4929 ) ) ;
#5725 = CARTESIAN_POINT ( 'NONE',  ( 24.88247239614251800, -18.52275989687055400, 9.263639781882645300 ) ) ;
#5726 = VERTEX_POINT ( 'NONE', #10428 ) ;
#5727 = ORIENTED_EDGE ( 'NONE', *, *, #6263, .T. ) ;
#5728 = DIRECTION ( 'NONE',  ( 1.000000000000000000, 1.603063405027194900E-016, 0.0000000000000000000 ) ) ;
#5729 = EDGE_LOOP ( 'NONE', ( #9971, #509 ) ) ;
#5730 = CARTESIAN_POINT ( 'NONE',  ( 47.96250546075864200, 69.67341945579048000, 40.36149539554625000 ) ) ;
#5731 = DIRECTION ( 'NONE',  ( 0.0000000000000000000, 0.0000000000000000000, 1.000000000000000000 ) ) ;
#5732 = VERTEX_POINT ( 'NONE', #9622 ) ;
#5733 = CARTESIAN_POINT ( 'NONE',  ( 20.02958664648120300, 68.02436011043496900, 47.50012219141360200 ) ) ;
#5734 = CARTESIAN_POINT ( 'NONE',  ( -43.07459774468928500, 68.14726248366469000, 13.92136558584264700 ) ) ;
#5735 = DIRECTION ( 'NONE',  ( 1.000000000000000000, 1.594400883811535600E-015, -1.544146327605652500E-029 ) ) ;
#5736 = EDGE_CURVE ( 'NONE', #3927, #6921, #6234, .T. ) ;
#5737 = ORIENTED_EDGE ( 'NONE', *, *, #7199, .T. ) ;
#5738 = CARTESIAN_POINT ( 'NONE',  ( -13.11752760385748600, 37.09024010312946700, 4.000000000000000000 ) ) ;
#5739 = EDGE_LOOP ( 'NONE', ( #8635, #8953, #4446, #7429 ) ) ;
#5740 = CARTESIAN_POINT ( 'NONE',  ( -40.08405183253862700, -33.15467685960811700, 14.50803016031319000 ) ) ;
#5741 = DIRECTION ( 'NONE',  ( -1.000000000000000000, 0.0000000000000000000, 0.0000000000000000000 ) ) ;
#5742 = VECTOR ( 'NONE', #10184, 1000.000000000000000 ) ;
#5743 = ORIENTED_EDGE ( 'NONE', *, *, #9826, .T. ) ;
#5744 = ORIENTED_EDGE ( 'NONE', *, *, #8888, .T. ) ;
#5745 = VERTEX_POINT ( 'NONE', #1492 ) ;
#5746 = CARTESIAN_POINT ( 'NONE',  ( -33.48752760385749400, -14.90975989687055900, 7.000000000000000000 ) ) ;
#5747 = VERTEX_POINT ( 'NONE', #5636 ) ;
#5748 = CARTESIAN_POINT ( 'NONE',  ( -41.30433950871810100, 68.04070974003171600, 47.44502177122846100 ) ) ;
#5749 = ORIENTED_EDGE ( 'NONE', *, *, #9365, .T. ) ;
#5750 = DIRECTION ( 'NONE',  ( 1.000000000000000000, 0.0000000000000000000, -0.0000000000000000000 ) ) ;
#5751 = CARTESIAN_POINT ( 'NONE',  ( 4.529239696748337700, 70.67822042021421700, 47.50014823481632900 ) ) ;
#5752 = VECTOR ( 'NONE', #3720, 1000.000000000000000 ) ;
#5753 = EDGE_CURVE ( 'NONE', #8500, #4585, #8039, .T. ) ;
#5754 = DIRECTION ( 'NONE',  ( -1.156482317317871500E-016, 1.000000000000000000, 0.0000000000000000000 ) ) ;
#5755 = VERTEX_POINT ( 'NONE', #9763 ) ;
#5756 = EDGE_CURVE ( 'NONE', #8813, #8931, #5015, .T. ) ;
#5757 = VERTEX_POINT ( 'NONE', #5604 ) ;
#5758 = ORIENTED_EDGE ( 'NONE', *, *, #8384, .F. ) ;
#5759 = CARTESIAN_POINT ( 'NONE',  ( 60.16044702067369300, 65.12513958651717900, 11.05139489186360700 ) ) ;
#5760 = LINE ( 'NONE', #1661, #4339 ) ;
#5761 = DIRECTION ( 'NONE',  ( 1.000000000000000000, 0.0000000000000000000, 0.0000000000000000000 ) ) ;
#5762 = CARTESIAN_POINT ( 'NONE',  ( -55.39101109248893800, -30.58696193612729200, 14.98092632939601100 ) ) ;
#5763 = EDGE_LOOP ( 'NONE', ( #3354, #8176, #10252, #768 ) ) ;
#5764 = CARTESIAN_POINT ( 'NONE',  ( 45.16044702067369300, 65.12513958651717900, 9.051394891863608900 ) ) ;
#5765 = PLANE ( 'NONE',  #2070 ) ;
#5766 = DIRECTION ( 'NONE',  ( 0.0000000000000000000, 0.0000000000000000000, 1.000000000000000000 ) ) ;
#5767 = EDGE_CURVE ( 'NONE', #32, #1951, #5194, .T. ) ;
#5768 = ADVANCED_FACE ( 'NONE', ( #8149 ), #9801, .F. ) ;
#5769 = CYLINDRICAL_SURFACE ( 'NONE', #1213, 2.000000000000008900 ) ;
#5770 = CARTESIAN_POINT ( 'NONE',  ( -56.04602967032580800, -23.95501194873044100, 6.899999999999999500 ) ) ;
#5771 = CARTESIAN_POINT ( 'NONE',  ( -43.83955297932615000, -33.41998545748175800, 15.37186173385272500 ) ) ;
#5772 = VECTOR ( 'NONE', #3073, 1000.000000000000000 ) ;
#5773 = ORIENTED_EDGE ( 'NONE', *, *, #58, .F. ) ;
#5774 = B_SPLINE_CURVE_WITH_KNOTS ( 'NONE', 3,
 ( #550, #6436, #3872, #2265, #3795, #4780, #9553, #1392, #4643, #9658, #6360, #1359, #5568, #582, #3099, #8870, #7185, #2200, #8762, #10394, #2168, #10528, #483, #9591, #5606, #2987, #4678, #10457, #7151, #1462, #8007, #8793 ),
 .UNSPECIFIED., .F., .F.,
 ( 4, 2, 2, 2, 2, 2, 2, 2, 2, 2, 2, 2, 2, 2, 2, 4 ),
 ( 6.938893903907228400E-018, 0.0003978912550167522800, 0.0007957825100334976200, 0.001193673765050242900, 0.001591565020066988300, 0.001989456275083733700, 0.002387347530100478900, 0.003183130040133971400, 0.003581021295150712700, 0.003978912550167453500, 0.004376803805184194800, 0.004774695060200935200, 0.005172586315217676500, 0.005570477570234417700, 0.005968368825251159000, 0.006366260080267900300 ),
 .UNSPECIFIED. ) ;
#5775 = CARTESIAN_POINT ( 'NONE',  ( 18.16044702067384600, -33.45785864922130800, 15.50000000000000000 ) ) ;
#5776 = VECTOR ( 'NONE', #6993, 1000.000000000000000 ) ;
#5777 = CARTESIAN_POINT ( 'NONE',  ( -41.97041335351882900, 68.02436011043491200, 47.50012219141357400 ) ) ;
#5778 = CARTESIAN_POINT ( 'NONE',  ( 45.16044702067369300, -27.27022232858981700, 9.051394891863601800 ) ) ;
#5779 = AXIS2_PLACEMENT_3D ( 'NONE', #9628, #4712, #8797 ) ;
#5780 = DIRECTION ( 'NONE',  ( 0.0000000000000000000, 0.0000000000000000000, 1.000000000000000000 ) ) ;
#5781 = CIRCLE ( 'NONE', #3038, 2.500000000000002200 ) ;
#5782 = ORIENTED_EDGE ( 'NONE', *, *, #1250, .F. ) ;
#5783 = EDGE_CURVE ( 'NONE', #4056, #3629, #7636, .T. ) ;
#5784 = DIRECTION ( 'NONE',  ( 1.000000000000000000, 1.603063405027194900E-016, 0.0000000000000000000 ) ) ;
#5785 = CARTESIAN_POINT ( 'NONE',  ( -132.8082378770764600, 67.00934761752107200, 10.38075333641063100 ) ) ;
#5786 = LINE ( 'NONE', #10668, #467 ) ;
#5787 = DIRECTION ( 'NONE',  ( 1.000000000000000000, -0.0000000000000000000, 0.0000000000000000000 ) ) ;
#5788 = CIRCLE ( 'NONE', #1355, 1.399999999999998600 ) ;
#5789 = ORIENTED_EDGE ( 'NONE', *, *, #4442, .F. ) ;
#5790 = AXIS2_PLACEMENT_3D ( 'NONE', #7644, #1900, #7681 ) ;
#5791 = CARTESIAN_POINT ( 'NONE',  ( -18.48955297932634400, 68.75055222288035800, 39.64253281521612100 ) ) ;
#5792 = DIRECTION ( 'NONE',  ( 1.609823385706476600E-015, -1.000000000000000000, -4.165779463821302700E-032 ) ) ;
#5793 = AXIS2_PLACEMENT_3D ( 'NONE', #10350, #8759, #2916 ) ;
#5794 = CIRCLE ( 'NONE', #5677, 1.000000000000000900 ) ;
#5795 = AXIS2_PLACEMENT_3D ( 'NONE', #9273, #9303, #9413 ) ;
#5796 = LINE ( 'NONE', #329, #1906 ) ;
#5797 = CARTESIAN_POINT ( 'NONE',  ( 18.92794165959582700, 68.14671070864795900, 47.08055067344097500 ) ) ;
#5798 = CARTESIAN_POINT ( 'NONE',  ( -43.83955297932632800, 68.54463644340602000, 15.37133780032230100 ) ) ;
#5799 = ORIENTED_EDGE ( 'NONE', *, *, #1100, .F. ) ;
#5800 = CARTESIAN_POINT ( 'NONE',  ( 49.16044702067379300, 20.56252476838796600, 30.50000000000000400 ) ) ;
#5801 = FACE_OUTER_BOUND ( 'NONE', #1045, .T. ) ;
#5802 = CARTESIAN_POINT ( 'NONE',  ( -39.83955297932632100, 73.48310668740404600, 45.50000000000000000 ) ) ;
#5803 = CARTESIAN_POINT ( 'NONE',  ( -58.23716024769202400, 68.08541527368572600, 47.29216817450322500 ) ) ;
#5804 = CARTESIAN_POINT ( 'NONE',  ( -43.59671166601570000, -33.15563365417250500, 14.51105109821025800 ) ) ;
#5805 = CYLINDRICAL_SURFACE ( 'NONE', #4215, 0.5000000000000004400 ) ;
#5806 = CARTESIAN_POINT ( 'NONE',  ( -59.08342570762103900, -33.15553880688658900, 46.48771649178681300 ) ) ;
#5807 = ORIENTED_EDGE ( 'NONE', *, *, #10707, .T. ) ;
#5808 = EDGE_CURVE ( 'NONE', #8508, #7139, #5967, .T. ) ;
#5809 = CARTESIAN_POINT ( 'NONE',  ( -71.04602967032586500, 66.23011617120124600, 60.00000000000002100 ) ) ;
#5810 = CARTESIAN_POINT ( 'NONE',  ( -13.11752760385748600, -18.52275989687055700, 9.263639781882645300 ) ) ;
#5811 = AXIS2_PLACEMENT_3D ( 'NONE', #6343, #4726, #3921 ) ;
#5812 = AXIS2_PLACEMENT_3D ( 'NONE', #1804, #8516, #6016 ) ;
#5813 = CARTESIAN_POINT ( 'NONE',  ( -12.82735260629034200, -33.38183152189391500, 15.24455901932126500 ) ) ;
#5814 = CARTESIAN_POINT ( 'NONE',  ( -43.82686712528592900, 68.51045767053922500, 45.75921544411350100 ) ) ;
#5815 = VECTOR ( 'NONE', #8717, 1000.000000000000000 ) ;
#5816 = CARTESIAN_POINT ( 'NONE',  ( -71.04602967032580800, 27.37181057052337600, 30.50000000000000000 ) ) ;
#5817 = CARTESIAN_POINT ( 'NONE',  ( 51.16044702067370100, 73.48310668740420200, 15.50000000000000000 ) ) ;
#5818 = ORIENTED_EDGE ( 'NONE', *, *, #1643, .F. ) ;
#5819 = ADVANCED_FACE ( 'NONE', ( #7253 ), #7512, .T. ) ;
#5820 = CARTESIAN_POINT ( 'NONE',  ( 25.88247239614251400, 36.09024010312946700, 4.000000000000001800 ) ) ;
#5821 = CARTESIAN_POINT ( 'NONE',  ( 37.66044702067377900, 27.37181057052339400, 30.50000000000000000 ) ) ;
#5822 = CARTESIAN_POINT ( 'NONE',  ( 21.17376573125361700, 68.10373318765816500, 13.77070553294021100 ) ) ;
#5823 = CARTESIAN_POINT ( 'NONE',  ( 37.66044702067370800, 71.23612436353391800, 15.24066099409187400 ) ) ;
#5824 = LINE ( 'NONE', #8806, #6863 ) ;
#5825 = CARTESIAN_POINT ( 'NONE',  ( -18.45356124621175900, 64.30531158520859900, 31.87921029223975800 ) ) ;
#5826 = ORIENTED_EDGE ( 'NONE', *, *, #5894, .T. ) ;
#5827 = EDGE_CURVE ( 'NONE', #2738, #2590, #2084, .T. ) ;
#5828 = DIRECTION ( 'NONE',  ( 0.0000000000000000000, 1.000000000000000000, 0.0000000000000000000 ) ) ;
#5829 = ORIENTED_EDGE ( 'NONE', *, *, #6366, .T. ) ;
#5830 = DIRECTION ( 'NONE',  ( -1.619075244245019800E-015, 1.000000000000000000, 0.0000000000000000000 ) ) ;
#5831 = CARTESIAN_POINT ( 'NONE',  ( 4.004203291872745000, -32.85923333622147200, 47.39394569755320000 ) ) ;
#5832 = CYLINDRICAL_SURFACE ( 'NONE', #4401, 60.00000000000000000 ) ;
#5833 = ORIENTED_EDGE ( 'NONE', *, *, #3361, .T. ) ;
#5834 = CARTESIAN_POINT ( 'NONE',  ( -59.08144891062961100, 68.31296929035828200, 46.49123464712619100 ) ) ;
#5835 = CARTESIAN_POINT ( 'NONE',  ( -41.97791864871156500, -32.82344603182251300, 13.50027294252317800 ) ) ;
#5836 = VERTEX_POINT ( 'NONE', #7317 ) ;
#5837 = CARTESIAN_POINT ( 'NONE',  ( 6.660447020673868400, -30.65569584776796900, 15.23956597998645900 ) ) ;
#5838 = ORIENTED_EDGE ( 'NONE', *, *, #2791, .T. ) ;
#5839 = B_SPLINE_CURVE_WITH_KNOTS ( 'NONE', 3,
 ( #5265, #279, #4437, #6090, #6855, #10272, #5228, #213, #3596, #3561, #9320, #7822, #6888, #244, #4398, #1925, #8634, #1118, #9428, #6026, #3707, #3628, #7709, #8529, #9469, #315 ),
 .UNSPECIFIED., .F., .F.,
 ( 4, 2, 2, 2, 2, 2, 2, 2, 2, 2, 2, 2, 4 ),
 ( 0.006342387075903202700, 0.006740216801652355900, 0.007138046527401509900, 0.007933705978899811100, 0.008331535704648954800, 0.008729365430398098500, 0.009127195156147242100, 0.009525024881896385800, 0.01032068433339469000, 0.01071851405914384600, 0.01111634378489300200, 0.01191200323639131000, 0.01270766268788962000 ),
 .UNSPECIFIED. ) ;
#5840 = EDGE_CURVE ( 'NONE', #1677, #6495, #8401, .T. ) ;
#5841 = ORIENTED_EDGE ( 'NONE', *, *, #7606, .F. ) ;
#5842 = LINE ( 'NONE', #724, #10231 ) ;
#5843 = VERTEX_POINT ( 'NONE', #1598 ) ;
#5844 = CARTESIAN_POINT ( 'NONE',  ( 37.66044702067380700, 10.48310668740399100, 30.50000000000000000 ) ) ;
#5845 = EDGE_LOOP ( 'NONE', ( #1809, #7918, #10259, #6786 ) ) ;
#5846 = CARTESIAN_POINT ( 'NONE',  ( -43.74038067647919100, 68.41024161410391000, 46.13529537627116600 ) ) ;
#5847 = CARTESIAN_POINT ( 'NONE',  ( -10.17933430788745300, 70.71462993421833700, 47.39252262901018800 ) ) ;
#5848 = ORIENTED_EDGE ( 'NONE', *, *, #8905, .T. ) ;
#5849 = VERTEX_POINT ( 'NONE', #9074 ) ;
#5850 = DIRECTION ( 'NONE',  ( 1.000000000000000000, 0.0000000000000000000, 0.0000000000000000000 ) ) ;
#5851 = EDGE_LOOP ( 'NONE', ( #2575, #1954, #518, #10103 ) ) ;
#5852 = AXIS2_PLACEMENT_3D ( 'NONE', #5075, #8373, #2602 ) ;
#5853 = CARTESIAN_POINT ( 'NONE',  ( -41.30735218776059300, 70.69656858523478600, 13.55368265994383700 ) ) ;
#5854 = CARTESIAN_POINT ( 'NONE',  ( 8.025498666458355300E-016, -16.52275989687055400, 4.000000000000000000 ) ) ;
#5855 = ORIENTED_EDGE ( 'NONE', *, *, #6555, .T. ) ;
#5856 = AXIS2_PLACEMENT_3D ( 'NONE', #401, #1280, #1323 ) ;
#5857 = CARTESIAN_POINT ( 'NONE',  ( 19.89130437102288000, 68.02846313620739200, 13.51374924449798000 ) ) ;
#5858 = CARTESIAN_POINT ( 'NONE',  ( -41.83955297932632100, 73.48310668740404600, 45.50000000000000000 ) ) ;
#5859 = AXIS2_PLACEMENT_3D ( 'NONE', #59, #1728, #2596 ) ;
#5860 = EDGE_LOOP ( 'NONE', ( #7857, #5447, #2482, #4043, #10119, #425, #5633, #2790, #4200, #10028, #1947, #2125, #7405, #3360, #8158, #7774, #2293, #10143, #5502, #6756, #9715, #10563, #1463, #1511, #3769, #5467, #1571, #7937, #4298, #7761, #9207, #8434, #8168, #971, #2875, #2865 ) ) ;
#5861 = CARTESIAN_POINT ( 'NONE',  ( -14.11752760385748600, 36.09024010312946700, 8.490435472824181300 ) ) ;
#5862 = ORIENTED_EDGE ( 'NONE', *, *, #5908, .T. ) ;
#5863 = ORIENTED_EDGE ( 'NONE', *, *, #2749, .F. ) ;
#5864 = VERTEX_POINT ( 'NONE', #4942 ) ;
#5865 = PLANE ( 'NONE',  #4154 ) ;
#5866 = CARTESIAN_POINT ( 'NONE',  ( 22.06129534526342400, 68.41024321168698900, 46.13529157058125900 ) ) ;
#5867 = CARTESIAN_POINT ( 'NONE',  ( 2.916574292378976800, -33.15553880688658900, 46.48771649178681300 ) ) ;
#5868 = LINE ( 'NONE', #4147, #9988 ) ;
#5869 = ADVANCED_FACE ( 'NONE', ( #377 ), #686, .T. ) ;
#5870 = EDGE_CURVE ( 'NONE', #1870, #3419, #5326, .T. ) ;
#5871 = CARTESIAN_POINT ( 'NONE',  ( -56.32197913477303800, 68.10445794739806000, 47.22679946501696700 ) ) ;
#5872 = ORIENTED_EDGE ( 'NONE', *, *, #5736, .F. ) ;
#5873 = AXIS2_PLACEMENT_3D ( 'NONE', #8996, #10658, #7378 ) ;
#5874 = AXIS2_PLACEMENT_3D ( 'NONE', #994, #2675, #227 ) ;
#5875 = CARTESIAN_POINT ( 'NONE',  ( 50.92975293134458800, 68.02756377461985000, 47.48927619298287100 ) ) ;
#5876 = ORIENTED_EDGE ( 'NONE', *, *, #113, .F. ) ;
#5877 = CARTESIAN_POINT ( 'NONE',  ( -56.67933430788730200, -32.85971267629096800, 47.39252262901018800 ) ) ;
#5878 = ORIENTED_EDGE ( 'NONE', *, *, #4912, .F. ) ;
#5879 = CARTESIAN_POINT ( 'NONE',  ( -57.42279006193196300, -11.33733507041127100, -1.040834085586084300E-014 ) ) ;
#5880 = LINE ( 'NONE', #6233, #7673 ) ;
#5881 = CARTESIAN_POINT ( 'NONE',  ( 20.02208135128845300, -32.82344603182251300, 13.50027294252317800 ) ) ;
#5882 = CARTESIAN_POINT ( 'NONE',  ( 42.84247239614252600, -14.90975989687055900, 7.000000000000000000 ) ) ;
#5883 = CARTESIAN_POINT ( 'NONE',  ( 52.32621368453427400, 49.35070674561333700, -1.040834085586084300E-014 ) ) ;
#5884 = LINE ( 'NONE', #6131, #6024 ) ;
#5885 = ORIENTED_EDGE ( 'NONE', *, *, #7809, .T. ) ;
#5886 = CARTESIAN_POINT ( 'NONE',  ( -19.47693678248002100, 69.73780764678986100, 39.92853677462854700 ) ) ;
#5887 = EDGE_LOOP ( 'NONE', ( #6461, #1044, #27, #2249 ) ) ;
#5888 = DIRECTION ( 'NONE',  ( 1.000000000000000000, 0.0000000000000000000, 0.0000000000000000000 ) ) ;
#5889 = DIRECTION ( 'NONE',  ( 1.000000000000000000, 1.609823385706476600E-015, -0.0000000000000000000 ) ) ;
#5890 = FACE_BOUND ( 'NONE', #3389, .T. ) ;
#5891 = AXIS2_PLACEMENT_3D ( 'NONE', #5063, #987, #6802 ) ;
#5892 = CARTESIAN_POINT ( 'NONE',  ( -40.60475549026364200, 70.81924034325155000, 13.92119940995662800 ) ) ;
#5893 = CARTESIAN_POINT ( 'NONE',  ( -57.99808749112943900, 68.05590197897603800, 13.60692099700159300 ) ) ;
#5894 = EDGE_CURVE ( 'NONE', #8303, #1968, #5842, .T. ) ;
#5895 = CARTESIAN_POINT ( 'NONE',  ( 36.67760884116476200, 70.77009123091603700, 13.77294528950234200 ) ) ;
#5896 = VECTOR ( 'NONE', #3313, 1000.000000000000000 ) ;
#5897 = VERTEX_POINT ( 'NONE', #9035 ) ;
#5898 = CARTESIAN_POINT ( 'NONE',  ( 6.660447020673782200, 20.56252476838795900, 30.50000000000000400 ) ) ;
#5899 = DIRECTION ( 'NONE',  ( 0.0000000000000000000, 0.9882759413357846700, 0.1526783015915121300 ) ) ;
#5900 = VECTOR ( 'NONE', #10208, 1000.000000000000000 ) ;
#5901 = CARTESIAN_POINT ( 'NONE',  ( 37.64794773846405500, 71.23620159947626000, 45.75724934956182500 ) ) ;
#5902 = CARTESIAN_POINT ( 'NONE',  ( -59.27762383601240300, -30.58887534674138200, 14.98948247064432800 ) ) ;
#5903 = EDGE_CURVE ( 'NONE', #2493, #8296, #9824, .T. ) ;
#5904 = CIRCLE ( 'NONE', #3458, 52.92058191901601600 ) ;
#5905 = CARTESIAN_POINT ( 'NONE',  ( 24.88247239614251800, -18.52275989687055400, -9.140568438989676200E-032 ) ) ;
#5906 = ORIENTED_EDGE ( 'NONE', *, *, #10324, .T. ) ;
#5907 = DIRECTION ( 'NONE',  ( -4.857238570644847900E-017, 1.000000000000000000, 0.0000000000000000000 ) ) ;
#5908 = EDGE_CURVE ( 'NONE', #5709, #679, #1157, .T. ) ;
#5909 = DIRECTION ( 'NONE',  ( 1.609823385706476600E-015, -1.000000000000000000, -4.165779463821302700E-032 ) ) ;
#5910 = LINE ( 'NONE', #2827, #8601 ) ;
#5911 = CARTESIAN_POINT ( 'NONE',  ( -56.04602967032580800, -23.95501194873044100, 5.000000000000000000 ) ) ;
#5912 = CARTESIAN_POINT ( 'NONE',  ( 42.71247239614250900, 33.35024010312945800, 4.000000000000000000 ) ) ;
#5913 = B_SPLINE_CURVE_WITH_KNOTS ( 'NONE', 3,
 ( #9920, #2340, #3182, #10681, #8944, #4022, #1537, #6552, #9778, #7331, #2379, #3219, #1574, #4062, #9815, #3251, #4895, #7364, #10647, #5720, #740, #2414, #9019, #5930, #3463, #840, #2668, #9952, #3355, #5964, #5102, #8294 ),
 .UNSPECIFIED., .F., .F.,
 ( 4, 2, 2, 2, 2, 2, 2, 2, 2, 2, 2, 2, 2, 2, 2, 4 ),
 ( 0.0000000000000000000, 0.0003978912550167459900, 0.0007957825100334919800, 0.001193673765050237700, 0.001591565020066984000, 0.001989456275083729800, 0.002387347530100475400, 0.003183130040133975300, 0.003581021295150715300, 0.003978912550167455200, 0.004376803805184194800, 0.004774695060200933500, 0.005172586315217673000, 0.005570477570234412500, 0.005968368825251152900, 0.006366260080267891600 ),
 .UNSPECIFIED. ) ;
#5914 = VERTEX_POINT ( 'NONE', #4915 ) ;
#5916 = ORIENTED_EDGE ( 'NONE', *, *, #1692, .T. ) ;
#5915 = B_SPLINE_CURVE_WITH_KNOTS ( 'NONE', 3,
 ( #5562, #9719, #4739, #2260, #2358, #1487, #3937, #9796, #677, #10586, #9756, #5671, #3122, #1416, #6352, #2318, #6492, #3054, #8038, #7312, #10484, #8826, #1384, #9683, #6393, #8136, #4804, #10622, #3896, #10551, #8104, #4769, #3967, #5598 ),
 .UNSPECIFIED., .F., .F.,
 ( 4, 2, 2, 2, 2, 2, 2, 2, 2, 2, 2, 2, 2, 2, 2, 2, 4 ),
 ( 6.938893903907228400E-018, 0.0004000698325101501400, 0.0008001396650202933400, 0.001200209497530436600, 0.001600279330040579700, 0.002000349162550723100, 0.002400418995060866300, 0.002800488827571009400, 0.003200558660081152500, 0.003600628492591295700, 0.004000698325101439300, 0.004400768157611582000, 0.004800837990121725600, 0.005200907822631868300, 0.005600977655142011900, 0.006001047487652154600, 0.006401117320162298200 ),
 .UNSPECIFIED. ) ;
#5917 = LINE ( 'NONE', #2964, #6182 ) ;
#5918 = CARTESIAN_POINT ( 'NONE',  ( -9.228947229762862700, -33.08351502693746200, 14.28598676118488000 ) ) ;
#5919 = CARTESIAN_POINT ( 'NONE',  ( 18.35577444867300700, -33.19220330655856800, 46.37164858284342000 ) ) ;
#5920 = CARTESIAN_POINT ( 'NONE',  ( -9.500751978835930700, 70.84798285723596200, 46.99152284956495200 ) ) ;
#5921 = CIRCLE ( 'NONE', #9918, 1.899999999999999700 ) ;
#5922 = AXIS2_PLACEMENT_3D ( 'NONE', #10601, #3179, #4020 ) ;
#5923 = CYLINDRICAL_SURFACE ( 'NONE', #5859, 2.000000000000001800 ) ;
#5924 = EDGE_CURVE ( 'NONE', #6107, #1329, #3639, .T. ) ;
#5925 = ORIENTED_EDGE ( 'NONE', *, *, #233, .F. ) ;
#5926 = CARTESIAN_POINT ( 'NONE',  ( -17.48955297932634100, 68.44617026388614500, 41.51286796564298200 ) ) ;
#5927 = ADVANCED_FACE ( 'NONE', ( #8663 ), #2851, .F. ) ;
#5928 = DIRECTION ( 'NONE',  ( 1.000000000000000000, 1.609823385706476600E-015, -0.0000000000000000000 ) ) ;
#5929 = CARTESIAN_POINT ( 'NONE',  ( -58.57459774468927800, 68.14726248366469000, 13.92136558584263300 ) ) ;
#5930 = CARTESIAN_POINT ( 'NONE',  ( -43.35768285284934400, -30.36930292958326300, 46.80868971097897500 ) ) ;
#5931 = CARTESIAN_POINT ( 'NONE',  ( 36.89524450973639300, 70.81924034325155000, 13.92119940995661600 ) ) ;
#5932 = VECTOR ( 'NONE', #3357, 1000.000000000000000 ) ;
#5933 = VERTEX_POINT ( 'NONE', #5882 ) ;
#5934 = DIRECTION ( 'NONE',  ( -1.156482317317871500E-016, 1.000000000000000000, 0.0000000000000000000 ) ) ;
#5935 = CARTESIAN_POINT ( 'NONE',  ( 45.16044702067369300, 60.67025643711581000, 8.000000000000000000 ) ) ;
#5936 = EDGE_CURVE ( 'NONE', #6583, #3525, #3773, .T. ) ;
#5937 = DIRECTION ( 'NONE',  ( 1.000000000000000000, -0.0000000000000000000, 0.0000000000000000000 ) ) ;
#5938 = CARTESIAN_POINT ( 'NONE',  ( -24.33955297932631400, 68.57785688051524200, 15.50000000000000000 ) ) ;
#5939 = AXIS2_PLACEMENT_3D ( 'NONE', #4478, #5957, #978 ) ;
#5940 = VECTOR ( 'NONE', #6202, 1000.000000000000000 ) ;
#5941 = CARTESIAN_POINT ( 'NONE',  ( -8.839552979326217800, 17.29239248953932400, 30.50000000000000400 ) ) ;
#5942 = CARTESIAN_POINT ( 'NONE',  ( 41.44247239614252700, -14.90975989687055900, -1.040834085586084300E-014 ) ) ;
#5943 = CARTESIAN_POINT ( 'NONE',  ( 25.88247239614251400, 36.04771873266206900, 9.263639781882645300 ) ) ;
#5944 = EDGE_LOOP ( 'NONE', ( #749, #252, #6367, #982, #9218, #7043, #5973, #154, #7642, #4081 ) ) ;
#5945 = CARTESIAN_POINT ( 'NONE',  ( 22.16044702067385000, -33.45785864922130800, 15.50000000000000000 ) ) ;
#5946 = CARTESIAN_POINT ( 'NONE',  ( 52.37433941758121100, 68.14046043122243600, 47.10246068753051000 ) ) ;
#5947 = CARTESIAN_POINT ( 'NONE',  ( -55.33955297932612200, -33.45785864922132200, 45.50000000000000000 ) ) ;
#5948 = DIRECTION ( 'NONE',  ( 1.000000000000000000, 3.569163070562645700E-016, 0.0000000000000000000 ) ) ;
#5949 = CYLINDRICAL_SURFACE ( 'NONE', #21, 2.000000000000015500 ) ;
#5950 = CARTESIAN_POINT ( 'NONE',  ( 33.75961932352096500, -30.55532435617653100, 46.13529537627117300 ) ) ;
#5951 = EDGE_CURVE ( 'NONE', #5755, #1291, #4818, .T. ) ;
#5952 = VERTEX_POINT ( 'NONE', #10097 ) ;
#5953 = AXIS2_PLACEMENT_3D ( 'NONE', #3885, #5482, #10469 ) ;
#5954 = AXIS2_PLACEMENT_3D ( 'NONE', #8590, #7735, #1172 ) ;
#5955 = CARTESIAN_POINT ( 'NONE',  ( 2.660447020673694300, 71.31277590714869100, 45.50000000000000000 ) ) ;
#5956 = CARTESIAN_POINT ( 'NONE',  ( 21.76427029183194500, -33.08718450723373600, 46.70182250880206700 ) ) ;
#5957 = DIRECTION ( 'NONE',  ( 4.857238570644847900E-017, -1.000000000000000000, 0.0000000000000000000 ) ) ;
#5958 = EDGE_CURVE ( 'NONE', #385, #522, #5069, .T. ) ;
#5959 = CARTESIAN_POINT ( 'NONE',  ( 35.93058411207310600, -32.82803102597167600, 47.48622826149018300 ) ) ;
#5960 = LINE ( 'NONE', #10301, #8915 ) ;
#5961 = ORIENTED_EDGE ( 'NONE', *, *, #8466, .F. ) ;
#5962 = CARTESIAN_POINT ( 'NONE',  ( -55.33955297932629200, 68.57785688051522800, 15.50000000000000000 ) ) ;
#5963 = ORIENTED_EDGE ( 'NONE', *, *, #6181, .T. ) ;
#5964 = CARTESIAN_POINT ( 'NONE',  ( -43.82686712528576600, -30.65554041261185600, 45.75921544411350800 ) ) ;
#5965 = EDGE_LOOP ( 'NONE', ( #2258, #3532, #641, #8261 ) ) ;
#5966 = CARTESIAN_POINT ( 'NONE',  ( 33.66044702067368600, 73.48310668740417400, 45.50000000000000000 ) ) ;
#5967 = CIRCLE ( 'NONE', #222, 1.000000000000000900 ) ;
#5968 = PLANE ( 'NONE',  #3806 ) ;
#5969 = EDGE_CURVE ( 'NONE', #4935, #1179, #2714, .T. ) ;
#5970 = ORIENTED_EDGE ( 'NONE', *, *, #5870, .F. ) ;
#5971 = CARTESIAN_POINT ( 'NONE',  ( 60.16044702067369300, -23.95501194873044100, 5.000000000000000000 ) ) ;
#5972 = CARTESIAN_POINT ( 'NONE',  ( -9.822391158835237900, 70.77009123091602300, 13.77294528950233900 ) ) ;
#5973 = ORIENTED_EDGE ( 'NONE', *, *, #9575, .T. ) ;
#5974 = DIRECTION ( 'NONE',  ( 1.606207778533894200E-015, -1.000000000000000000, 0.0000000000000000000 ) ) ;
#5975 = CARTESIAN_POINT ( 'NONE',  ( 3.424079399083593200, -32.96473535373273500, 47.07755070606839400 ) ) ;
#5976 = ORIENTED_EDGE ( 'NONE', *, *, #1447, .F. ) ;
#5977 = ADVANCED_FACE ( 'NONE', ( #635 ), #9300, .F. ) ;
#5978 = VERTEX_POINT ( 'NONE', #2613 ) ;
#5979 = CARTESIAN_POINT ( 'NONE',  ( -8.839552979326301200, 73.48310668740410300, 45.50000000000000000 ) ) ;
#5980 = CARTESIAN_POINT ( 'NONE',  ( -14.11752760385748600, 37.09024010312946700, 4.000000000000000000 ) ) ;
#5981 = ORIENTED_EDGE ( 'NONE', *, *, #1854, .F. ) ;
#5982 = ORIENTED_EDGE ( 'NONE', *, *, #3691, .F. ) ;
#5983 = DIRECTION ( 'NONE',  ( 4.857238570644847900E-017, -1.000000000000000000, 0.0000000000000000000 ) ) ;
#5984 = CARTESIAN_POINT ( 'NONE',  ( -25.00252274521364600, -32.99255080583946400, 14.00690927629784900 ) ) ;
#5985 = AXIS2_PLACEMENT_3D ( 'NONE', #6237, #5553, #1260 ) ;
#5986 = ORIENTED_EDGE ( 'NONE', *, *, #5471, .F. ) ;
#5987 = B_SPLINE_CURVE_WITH_KNOTS ( 'NONE', 3,
 ( #6218, #1937, #9479, #7723, #4409, #7686, #1240, #2017, #7041, #7005, #5349, #10253, #1093, #2768, #10215, #8543, #7834, #3643, #8646, #4523 ),
 .UNSPECIFIED., .F., .F.,
 ( 4, 2, 2, 2, 2, 2, 2, 2, 2, 4 ),
 ( 0.0000000000000000000, 0.0005799299662119664200, 0.001159859932423932800, 0.001739789898635899200, 0.002319719864847865700, 0.002899649831059832300, 0.003479579797271798500, 0.004059509763483765100, 0.004349474746589731800, 0.004639439729695698400 ),
 .UNSPECIFIED. ) ;
#5988 = EDGE_CURVE ( 'NONE', #3288, #5494, #9437, .T. ) ;
#5989 = CARTESIAN_POINT ( 'NONE',  ( 52.66044702067386400, -30.36521161051766900, 46.82287565553230000 ) ) ;
#5990 = ORIENTED_EDGE ( 'NONE', *, *, #10713, .F. ) ;
#5991 = CARTESIAN_POINT ( 'NONE',  ( -71.04602967032580800, -26.37519891327379200, 53.90000000000002000 ) ) ;
#5992 = EDGE_LOOP ( 'NONE', ( #9342, #6428, #1155, #3057, #3025, #6246 ) ) ;
#5993 = CARTESIAN_POINT ( 'NONE',  ( -58.94192604277051800, 70.94147370372377300, 46.70377594517700700 ) ) ;
#5994 = LINE ( 'NONE', #1745, #9083 ) ;
#5995 = EDGE_CURVE ( 'NONE', #4481, #10720, #756, .T. ) ;
#5996 = AXIS2_PLACEMENT_3D ( 'NONE', #3383, #3420, #109 ) ;
#5997 = DIRECTION ( 'NONE',  ( 1.000000000000000000, 0.0000000000000000000, 0.0000000000000000000 ) ) ;
#5998 = ORIENTED_EDGE ( 'NONE', *, *, #6388, .T. ) ;
#5999 = AXIS2_PLACEMENT_3D ( 'NONE', #5491, #350, #2943 ) ;
#6000 = EDGE_LOOP ( 'NONE', ( #6397, #6662, #536, #9729 ) ) ;
#6001 = ORIENTED_EDGE ( 'NONE', *, *, #8638, .F. ) ;
#6002 = CARTESIAN_POINT ( 'NONE',  ( -9.231793644322822300, -30.39513334381997500, 14.28218670468146800 ) ) ;
#6003 = CARTESIAN_POINT ( 'NONE',  ( 35.13109455567031600, -30.18916715126121600, 13.56676028455132300 ) ) ;
#6004 = ORIENTED_EDGE ( 'NONE', *, *, #3272, .F. ) ;
#6005 = CARTESIAN_POINT ( 'NONE',  ( -26.86885140135164100, -32.84591943300463900, 47.43335354415473400 ) ) ;
#6006 = AXIS2_PLACEMENT_3D ( 'NONE', #9096, #7480, #5072 ) ;
#6007 = DIRECTION ( 'NONE',  ( -1.000000000000000000, -1.609823385706476600E-015, 0.0000000000000000000 ) ) ;
#6008 = VECTOR ( 'NONE', #1905, 1000.000000000000000 ) ;
#6009 = CARTESIAN_POINT ( 'NONE',  ( 52.24722262487908600, 68.08766407117322200, 47.29142807850549000 ) ) ;
#6010 = DIRECTION ( 'NONE',  ( 1.000000000000000000, 0.0000000000000000000, 0.0000000000000000000 ) ) ;
#6011 = DIRECTION ( 'NONE',  ( -0.0000000000000000000, -0.0000000000000000000, -1.000000000000000000 ) ) ;
#6012 = VERTEX_POINT ( 'NONE', #3520 ) ;
#6013 = ORIENTED_EDGE ( 'NONE', *, *, #7663, .T. ) ;
#6014 = ORIENTED_EDGE ( 'NONE', *, *, #6977, .T. ) ;
#6015 = CARTESIAN_POINT ( 'NONE',  ( 26.88247239614251800, -18.52275989687055400, 3.000000000000000000 ) ) ;
#6016 = DIRECTION ( 'NONE',  ( 0.0000000000000000000, 0.0000000000000000000, -1.000000000000000000 ) ) ;
#6017 = CIRCLE ( 'NONE', #5612, 52.92058191901593000 ) ;
#6018 = EDGE_CURVE ( 'NONE', #8324, #526, #1432, .T. ) ;
#6019 = EDGE_CURVE ( 'NONE', #6176, #1017, #8919, .T. ) ;
#6020 = CARTESIAN_POINT ( 'NONE',  ( -10.30433950871791600, -30.18579248210430400, 47.44502177122846100 ) ) ;
#6021 = CARTESIAN_POINT ( 'NONE',  ( 50.16044702067368600, -26.37519891327379200, 52.00000000000002100 ) ) ;
#6022 = CARTESIAN_POINT ( 'NONE',  ( -59.27767215660225700, -33.30447551494692200, 46.01007006353241700 ) ) ;
#6023 = CARTESIAN_POINT ( 'NONE',  ( 20.43058411207293900, 70.68294828389906600, 47.48622826149018300 ) ) ;
#6024 = VECTOR ( 'NONE', #7712, 1000.000000000000000 ) ;
#6025 = EDGE_LOOP ( 'NONE', ( #1824, #7297, #7121, #7178, #3969, #3456, #4628 ) ) ;
#6026 = CARTESIAN_POINT ( 'NONE',  ( 52.39135720192228300, -30.29143031251383900, 13.91818639255003200 ) ) ;
#6027 = LINE ( 'NONE', #6941, #4741 ) ;
#6028 = CARTESIAN_POINT ( 'NONE',  ( 35.92452208019201300, 68.02426035739100000, 13.49954016622350000 ) ) ;
#6029 = CARTESIAN_POINT ( 'NONE',  ( 18.41657429237898200, -33.15553880688658900, 46.48771649178679200 ) ) ;
#6030 = CARTESIAN_POINT ( 'NONE',  ( -57.60579053462645000, 70.68277512728411700, 47.48673861149426800 ) ) ;
#6031 = VECTOR ( 'NONE', #7954, 1000.000000000000000 ) ;
#6032 = ORIENTED_EDGE ( 'NONE', *, *, #3392, .T. ) ;
#6033 = CARTESIAN_POINT ( 'NONE',  ( 60.16044702067368600, 63.80992920665787000, 0.0000000000000000000 ) ) ;
#6034 = EDGE_CURVE ( 'NONE', #4837, #522, #899, .T. ) ;
#6035 = CIRCLE ( 'NONE', #10613, 1.000000000000000900 ) ;
#6036 = CARTESIAN_POINT ( 'NONE',  ( 47.59153152915219900, 69.42859507026720700, 41.69952674472168000 ) ) ;
#6037 = CARTESIAN_POINT ( 'NONE',  ( 33.67274641663750100, -30.65625525197416200, 15.24349833912912700 ) ) ;
#6038 = CARTESIAN_POINT ( 'NONE',  ( 60.16044702067369300, 10.48310668740399400, 30.50000000000000000 ) ) ;
#6039 = EDGE_LOOP ( 'NONE', ( #8119, #9696, #10341 ) ) ;
#6040 = CARTESIAN_POINT ( 'NONE',  ( 60.16044702067369300, 64.07531163979639600, 57.36015214575591200 ) ) ;
#6041 = CARTESIAN_POINT ( 'NONE',  ( -61.04602967032580100, 64.23011617120123200, 52.00000000000002100 ) ) ;
#6042 = CARTESIAN_POINT ( 'NONE',  ( 53.16044702067375000, 43.63761170006511500, 26.17902992074464700 ) ) ;
#6043 = LINE ( 'NONE', #366, #3718 ) ;
#6044 = CARTESIAN_POINT ( 'NONE',  ( -9.502522745213818600, 70.84746806376688300, 14.00690927629784900 ) ) ;
#6045 = CYLINDRICAL_SURFACE ( 'NONE', #1049, 1.000000000000000900 ) ;
#6046 = CARTESIAN_POINT ( 'NONE',  ( 53.16044702067385700, -30.72293962258782700, 15.50000000000000000 ) ) ;
#6047 = CARTESIAN_POINT ( 'NONE',  ( -132.8082378770764600, -26.16654736466225400, 57.58586771000597100 ) ) ;
#6048 = LINE ( 'NONE', #120, #10309 ) ;
#6049 = CARTESIAN_POINT ( 'NONE',  ( -55.33955297932620700, 10.48310668740397500, 30.50000000000000000 ) ) ;
#6050 = VERTEX_POINT ( 'NONE', #5161 ) ;
#6051 = EDGE_CURVE ( 'NONE', #2696, #7518, #3203, .T. ) ;
#6052 = CARTESIAN_POINT ( 'NONE',  ( -9.821979134772886900, -30.24954068947066300, 47.22679946501696700 ) ) ;
#6053 = DIRECTION ( 'NONE',  ( 0.0000000000000000000, 1.000000000000000000, 0.0000000000000000000 ) ) ;
#6054 = VECTOR ( 'NONE', #2338, 1000.000000000000000 ) ;
#6055 = CARTESIAN_POINT ( 'NONE',  ( 33.72283906574904900, -30.58844033812553000, 46.01213823740297200 ) ) ;
#6056 = B_SPLINE_CURVE_WITH_KNOTS ( 'NONE', 3,
 ( #8655, #9664, #1970, #10398, #6260, #7908 ),
 .UNSPECIFIED., .F., .F.,
 ( 4, 2, 4 ),
 ( 6.938893903907228400E-018, 0.0002700818596215813600, 0.0005401637192431557800 ),
 .UNSPECIFIED. ) ;
#6057 = ORIENTED_EDGE ( 'NONE', *, *, #3802, .T. ) ;
#6058 = LINE ( 'NONE', #7322, #10444 ) ;
#6059 = CARTESIAN_POINT ( 'NONE',  ( 50.53038682860546500, -30.19868383203199600, 47.40087701602664100 ) ) ;
#6060 = CARTESIAN_POINT ( 'NONE',  ( -56.04602967032580800, 60.67025643711578900, 8.000000000000000000 ) ) ;
#6061 = AXIS2_PLACEMENT_3D ( 'NONE', #8565, #9357, #2825 ) ;
#6062 = CARTESIAN_POINT ( 'NONE',  ( 19.14114007975628300, -32.91560170640237000, 47.22577069338046100 ) ) ;
#6063 = AXIS2_PLACEMENT_3D ( 'NONE', #259, #6906, #8505 ) ;
#6064 = EDGE_CURVE ( 'NONE', #4935, #7110, #9175, .T. ) ;
#6065 = CARTESIAN_POINT ( 'NONE',  ( 60.16044702067367200, 65.43763521084511600, 58.55017742233653900 ) ) ;
#6066 = ORIENTED_EDGE ( 'NONE', *, *, #7683, .F. ) ;
#6067 = CARTESIAN_POINT ( 'NONE',  ( 43.45971108938665100, 70.48310668740398900, 30.50000000000000000 ) ) ;
#6068 = DIRECTION ( 'NONE',  ( -1.000000000000000000, 0.0000000000000000000, -0.0000000000000000000 ) ) ;
#6069 = CARTESIAN_POINT ( 'NONE',  ( -15.98955297932633200, 64.69007228669742900, 32.95073593128705600 ) ) ;
#6070 = VECTOR ( 'NONE', #4406, 1000.000000000000000 ) ;
#6071 = PLANE ( 'NONE',  #4363 ) ;
#6072 = ORIENTED_EDGE ( 'NONE', *, *, #6456, .F. ) ;
#6073 = DIRECTION ( 'NONE',  ( 0.0000000000000000000, -0.9829457601109555800, -0.1838957114233395800 ) ) ;
#6074 = EDGE_CURVE ( 'NONE', #3259, #8309, #8827, .T. ) ;
#6075 = DIRECTION ( 'NONE',  ( 0.0000000000000000000, -1.000000000000000000, 0.0000000000000000000 ) ) ;
#6076 = AXIS2_PLACEMENT_3D ( 'NONE', #2462, #9752, #9898 ) ;
#6077 = AXIS2_PLACEMENT_3D ( 'NONE', #7632, #1811, #6677 ) ;
#6078 = CARTESIAN_POINT ( 'NONE',  ( 51.93745922539483900, 61.73493073494454100, 47.72248775674343300 ) ) ;
#6079 = CARTESIAN_POINT ( 'NONE',  ( -8.839552979326148500, -30.72293962258783800, 45.50000000000000000 ) ) ;
#6080 = FACE_OUTER_BOUND ( 'NONE', #1948, .T. ) ;
#6081 = CARTESIAN_POINT ( 'NONE',  ( 50.32621368453427400, 49.35070674561333700, -1.040834085586084300E-014 ) ) ;
#6082 = CARTESIAN_POINT ( 'NONE',  ( -12.43918029584230700, -30.39782763344912900, 46.70745186629108800 ) ) ;
#6083 = EDGE_LOOP ( 'NONE', ( #1704, #9872, #9731, #1030 ) ) ;
#6084 = CARTESIAN_POINT ( 'NONE',  ( 4.522081351288268700, 70.67836328974988200, 13.50027294252317500 ) ) ;
#6085 = CARTESIAN_POINT ( 'NONE',  ( 20.82066569211254500, 70.71462993421835100, 47.39252262901017300 ) ) ;
#6086 = ORIENTED_EDGE ( 'NONE', *, *, #2197, .T. ) ;
#6087 = CARTESIAN_POINT ( 'NONE',  ( -56.04602967032580800, -19.05501194873043900, 5.000000000000000000 ) ) ;
#6088 = EDGE_CURVE ( 'NONE', #7013, #3189, #7130, .T. ) ;
#6089 = LINE ( 'NONE', #7162, #5315 ) ;
#6090 = CARTESIAN_POINT ( 'NONE',  ( 49.22237616398759000, -30.58887534674137100, 14.98948247064432800 ) ) ;
#6091 = ORIENTED_EDGE ( 'NONE', *, *, #452, .T. ) ;
#6092 = AXIS2_PLACEMENT_3D ( 'NONE', #5352, #2697, #3385 ) ;
#6093 = DIRECTION ( 'NONE',  ( -1.000000000000000000, 0.0000000000000000000, 0.0000000000000000000 ) ) ;
#6094 = CARTESIAN_POINT ( 'NONE',  ( -58.86080539028204600, 70.90875894155073000, 46.80504510122571600 ) ) ;
#6095 = EDGE_CURVE ( 'NONE', #2882, #6353, #5839, .T. ) ;
#6096 = ADVANCED_FACE ( 'NONE', ( #4931 ), #1298, .F. ) ;
#6097 = CARTESIAN_POINT ( 'NONE',  ( 45.26044702067368100, 70.44460891519811700, 28.35098846298115300 ) ) ;
#6098 = VERTEX_POINT ( 'NONE', #1962 ) ;
#6099 = VERTEX_POINT ( 'NONE', #1892 ) ;
#6100 = ORIENTED_EDGE ( 'NONE', *, *, #570, .F. ) ;
#6101 = VERTEX_POINT ( 'NONE', #10241 ) ;
#6102 = EDGE_CURVE ( 'NONE', #6232, #3858, #9958, .T. ) ;
#6103 = CARTESIAN_POINT ( 'NONE',  ( -12.59475603553751300, -30.45807326175550900, 14.50733126608359100 ) ) ;
#6104 = CARTESIAN_POINT ( 'NONE',  ( 50.58506586256098800, -27.62008754603139200, 50.55189248625124800 ) ) ;
#6105 = CARTESIAN_POINT ( 'NONE',  ( -39.83955297932630700, 68.57785688051522800, 45.50000000000000000 ) ) ;
#6106 = CARTESIAN_POINT ( 'NONE',  ( -56.04602967032580800, -23.95501194873044100, 9.900000000000000400 ) ) ;
#6107 = VERTEX_POINT ( 'NONE', #348 ) ;
#6108 = DIRECTION ( 'NONE',  ( 1.000000000000000000, 0.0000000000000000000, 0.0000000000000000000 ) ) ;
#6109 = DIRECTION ( 'NONE',  ( -1.000000000000000000, 0.0000000000000000000, 0.0000000000000000000 ) ) ;
#6110 = ORIENTED_EDGE ( 'NONE', *, *, #489, .F. ) ;
#6111 = CARTESIAN_POINT ( 'NONE',  ( -18.10244381015299800, 68.52338427758293400, 40.30576773453596900 ) ) ;
#6112 = EDGE_CURVE ( 'NONE', #6448, #5864, #5592, .T. ) ;
#6113 = CARTESIAN_POINT ( 'NONE',  ( 25.51067559004540900, 35.94008258931091900, 10.10991943830292300 ) ) ;
#6114 = ORIENTED_EDGE ( 'NONE', *, *, #2303, .F. ) ;
#6115 = ORIENTED_EDGE ( 'NONE', *, *, #3475, .F. ) ;
#6116 = CARTESIAN_POINT ( 'NONE',  ( -24.33955297932613200, -33.45785864922131500, 45.50000000000000000 ) ) ;
#6117 = EDGE_LOOP ( 'NONE', ( #6248, #2059, #6086, #1159 ) ) ;
#6118 = CARTESIAN_POINT ( 'NONE',  ( -59.33955297932634200, 71.27490271540916900, 15.37186173385273200 ) ) ;
#6119 = VERTEX_POINT ( 'NONE', #4666 ) ;
#6120 = CARTESIAN_POINT ( 'NONE',  ( -13.11752760385748600, 37.09024010312946700, 9.263639781882645300 ) ) ;
#6121 = VERTEX_POINT ( 'NONE', #5421 ) ;
#6122 = ORIENTED_EDGE ( 'NONE', *, *, #3742, .F. ) ;
#6123 = EDGE_LOOP ( 'NONE', ( #34, #10554, #9993, #6910 ) ) ;
#6124 = CARTESIAN_POINT ( 'NONE',  ( 18.17302371217580500, 71.23594082613279000, 45.75812014233034800 ) ) ;
#6125 = AXIS2_PLACEMENT_3D ( 'NONE', #10698, #2466, #9829 ) ;
#6126 =( BOUNDED_CURVE ( )  B_SPLINE_CURVE ( 3, ( #4573, #5399, #2101, #5358 ),
 .UNSPECIFIED., .F., .F. ) 
 B_SPLINE_CURVE_WITH_KNOTS ( ( 4, 4 ),
 ( 4.688354920697869400, 4.712388980384698600 ),
 .UNSPECIFIED. ) 
 CURVE ( )  GEOMETRIC_REPRESENTATION_ITEM ( )  RATIONAL_B_SPLINE_CURVE ( ( 1.000000000000000000, 0.9999518642438547400, 0.9999518642438547400, 1.000000000000000000 ) ) 
 REPRESENTATION_ITEM ( '' )  );
#6127 = EDGE_CURVE ( 'NONE', #9663, #6135, #7899, .T. ) ;
#6128 = FACE_OUTER_BOUND ( 'NONE', #4295, .T. ) ;
#6129 = CARTESIAN_POINT ( 'NONE',  ( 49.39317136934784000, -30.46760408953583600, 46.45716921109115600 ) ) ;
#6130 = CARTESIAN_POINT ( 'NONE',  ( -14.52975500468218000, 64.29857802407536800, 31.91520202535380000 ) ) ;
#6131 = CARTESIAN_POINT ( 'NONE',  ( -18.48955297932633000, 62.69007228669750000, 40.51286796564304600 ) ) ;
#6132 = ORIENTED_EDGE ( 'NONE', *, *, #10191, .F. ) ;
#6133 = DIRECTION ( 'NONE',  ( 1.000000000000000000, 1.594400883811537700E-015, 2.055878905713900400E-016 ) ) ;
#6134 = VERTEX_POINT ( 'NONE', #10418 ) ;
#6135 = VERTEX_POINT ( 'NONE', #7103 ) ;
#6136 = VERTEX_POINT ( 'NONE', #2942 ) ;
#6137 = CARTESIAN_POINT ( 'NONE',  ( 53.06218719550642500, -33.26675772048086800, 46.13253221513175400 ) ) ;
#6138 = LINE ( 'NONE', #1161, #3155 ) ;
#6139 = CARTESIAN_POINT ( 'NONE',  ( 35.13114859864837300, -32.84591943300461000, 47.43335354415472700 ) ) ;
#6140 = AXIS2_PLACEMENT_3D ( 'NONE', #933, #6788, #3443 ) ;
#6141 = EDGE_CURVE ( 'NONE', #9626, #9580, #9566, .T. ) ;
#6142 = CARTESIAN_POINT ( 'NONE',  ( 33.66044702067368600, 71.31277590714869100, 45.50000000000000000 ) ) ;
#6143 = CARTESIAN_POINT ( 'NONE',  ( 42.76044702067365200, 70.47903179704961500, 29.80073593128698300 ) ) ;
#6144 = CARTESIAN_POINT ( 'NONE',  ( 35.66044702067369300, 73.48310668740417400, 15.50000000000000000 ) ) ;
#6145 = CARTESIAN_POINT ( 'NONE',  ( 18.16044702067385700, -30.72293962258783400, 15.50000000000000000 ) ) ;
#6146 = ORIENTED_EDGE ( 'NONE', *, *, #4763, .T. ) ;
#6147 = AXIS2_PLACEMENT_3D ( 'NONE', #4444, #2759, #8533 ) ;
#6148 = ORIENTED_EDGE ( 'NONE', *, *, #2708, .F. ) ;
#6149 = DIRECTION ( 'NONE',  ( 0.0000000000000000000, 0.0000000000000000000, 1.000000000000000000 ) ) ;
#6150 = CARTESIAN_POINT ( 'NONE',  ( 45.91044702067366500, 64.69007228669752900, 32.95073593128706300 ) ) ;
#6151 = DIRECTION ( 'NONE',  ( 0.0000000000000000000, 0.0000000000000000000, 1.000000000000000000 ) ) ;
#6152 = CYLINDRICAL_SURFACE ( 'NONE', #4777, 2.000000000000001800 ) ;
#6153 = CARTESIAN_POINT ( 'NONE',  ( 51.42516895328567000, 70.67808960840120800, 13.49946613378536700 ) ) ;
#6154 = CARTESIAN_POINT ( 'NONE',  ( -14.11752760385748000, -17.52275989687055700, 3.414213562373096700 ) ) ;
#6155 = LINE ( 'NONE', #446, #7055 ) ;
#6156 = VERTEX_POINT ( 'NONE', #5490 ) ;
#6157 = CARTESIAN_POINT ( 'NONE',  ( -12.07459774468928200, 68.14726248366470400, 13.92136558584264200 ) ) ;
#6158 = CARTESIAN_POINT ( 'NONE',  ( -57.07483104671434400, 70.67808960840120800, 13.49946613378535100 ) ) ;
#6159 = EDGE_CURVE ( 'NONE', #1454, #7286, #2981, .T. ) ;
#6160 = CARTESIAN_POINT ( 'NONE',  ( -71.04602967032586500, 62.73011617120125300, 60.00000000000002100 ) ) ;
#6161 = CARTESIAN_POINT ( 'NONE',  ( 48.98278932143017500, 70.39119322433391800, 32.48754432611078600 ) ) ;
#6162 = AXIS2_PLACEMENT_3D ( 'NONE', #8810, #5551, #10443 ) ;
#6163 = CIRCLE ( 'NONE', #4974, 60.00000000000000000 ) ;
#6164 = AXIS2_PLACEMENT_3D ( 'NONE', #10083, #2679, #1697 ) ;
#6165 = CARTESIAN_POINT ( 'NONE',  ( 3.998173509918016700, 70.71487442898784100, 13.60820298217128200 ) ) ;
#6166 = DIRECTION ( 'NONE',  ( 1.000000000000000000, 0.0000000000000000000, 0.0000000000000000000 ) ) ;
#6167 = FACE_OUTER_BOUND ( 'NONE', #3297, .T. ) ;
#6168 = PLANE ( 'NONE',  #9727 ) ;
#6169 = ORIENTED_EDGE ( 'NONE', *, *, #9603, .F. ) ;
#6170 = DIRECTION ( 'NONE',  ( 1.609823385706476600E-015, -1.000000000000000000, -4.165779463821302700E-032 ) ) ;
#6171 = DIRECTION ( 'NONE',  ( -1.000000000000000000, -1.609823385706476600E-015, 0.0000000000000000000 ) ) ;
#6172 = SURFACE_STYLE_USAGE ( .BOTH. , #2862 ) ;
#6173 = DIRECTION ( 'NONE',  ( -1.000000000000000000, -1.609823385706476600E-015, -1.156482317317871500E-016 ) ) ;
#6174 = CIRCLE ( 'NONE', #1351, 1.399999999999998600 ) ;
#6175 = CARTESIAN_POINT ( 'NONE',  ( 45.55334023948709200, 70.46577844079544700, 29.05809524416767100 ) ) ;
#6176 = VERTEX_POINT ( 'NONE', #9577 ) ;
#6177 = CARTESIAN_POINT ( 'NONE',  ( 52.49924802116423500, -32.99306559930857200, 46.99152284956493000 ) ) ;
#6178 = VERTEX_POINT ( 'NONE', #7858 ) ;
#6179 = STYLED_ITEM ( 'NONE', ( #7817 ), #10014 ) ;
#6180 = CARTESIAN_POINT ( 'NONE',  ( -71.04602967032580800, 64.23011617120123200, 53.90000000000002000 ) ) ;
#6181 = EDGE_CURVE ( 'NONE', #3638, #2346, #6680, .T. ) ;
#6182 = VECTOR ( 'NONE', #7773, 1000.000000000000000 ) ;
#6183 = CARTESIAN_POINT ( 'NONE',  ( 50.16044702067368600, -26.37519891327379200, 52.00000000000002100 ) ) ;
#6184 = DIRECTION ( 'NONE',  ( 0.0000000000000000000, 0.0000000000000000000, 1.000000000000000000 ) ) ;
#6185 = ADVANCED_FACE ( 'NONE', ( #7002 ), #2333, .T. ) ;
#6186 = VECTOR ( 'NONE', #1941, 1000.000000000000000 ) ;
#6187 = DIRECTION ( 'NONE',  ( -1.000000000000000000, -1.609823385706476600E-015, -1.156482317317871500E-016 ) ) ;
#6188 = CARTESIAN_POINT ( 'NONE',  ( -8.839552979326217800, 10.48310668740398200, 30.50000000000000000 ) ) ;
#6189 = VECTOR ( 'NONE', #6918, 1000.000000000000000 ) ;
#6190 = CARTESIAN_POINT ( 'NONE',  ( 37.59850795308178600, -30.58893274144029900, 46.01029410947542400 ) ) ;
#6191 = ORIENTED_EDGE ( 'NONE', *, *, #9110, .T. ) ;
#6192 = CARTESIAN_POINT ( 'NONE',  ( -39.83955297932630700, 68.57785688051522800, 15.50000000000000000 ) ) ;
#6193 = CARTESIAN_POINT ( 'NONE',  ( 50.62778827129055500, 70.70116343258165200, 13.56761369079868900 ) ) ;
#6194 = CARTESIAN_POINT ( 'NONE',  ( 45.91044702067365800, 70.43303490583558400, 32.95073593128699900 ) ) ;
#6195 = VECTOR ( 'NONE', #3728, 1000.000000000000000 ) ;
#6196 = CARTESIAN_POINT ( 'NONE',  ( 54.32621368453427400, 49.35070674561333700, -1.040834085586084300E-014 ) ) ;
#6197 = LINE ( 'NONE', #4581, #9923 ) ;
#6198 = CARTESIAN_POINT ( 'NONE',  ( -56.43816563790449000, 70.74892922589573600, 13.70965140868846400 ) ) ;
#6199 = ORIENTED_EDGE ( 'NONE', *, *, #2228, .T. ) ;
#6200 = EDGE_CURVE ( 'NONE', #6176, #9799, #4558, .T. ) ;
#6201 = CARTESIAN_POINT ( 'NONE',  ( 49.16044702067372200, 70.44402646178203000, 32.66520202535433300 ) ) ;
#6202 = DIRECTION ( 'NONE',  ( -1.594400883811534800E-015, 1.000000000000000000, -1.047444401652940200E-014 ) ) ;
#6203 = CIRCLE ( 'NONE', #7184, 2.000000000000001800 ) ;
#6204 = EDGE_LOOP ( 'NONE', ( #2463, #7567, #3316, #4423, #6091, #9598, #7016, #4003, #9976 ) ) ;
#6205 = DIRECTION ( 'NONE',  ( 0.0000000000000000000, 0.0000000000000000000, 1.000000000000000000 ) ) ;
#6206 = AXIS2_PLACEMENT_3D ( 'NONE', #9414, #5440, #2845 ) ;
#6207 = CARTESIAN_POINT ( 'NONE',  ( 2.660447020673690800, 73.48310668740411700, 45.50000000000000000 ) ) ;
#6208 = ADVANCED_FACE ( 'NONE', ( #5715 ), #5584, .F. ) ;
#6209 = AXIS2_PLACEMENT_3D ( 'NONE', #8142, #1635, #7427 ) ;
#6210 = DIRECTION ( 'NONE',  ( 1.000000000000000000, -0.0000000000000000000, -0.0000000000000000000 ) ) ;
#6211 = AXIS2_PLACEMENT_3D ( 'NONE', #10604, #8223, #10714 ) ;
#6212 = CIRCLE ( 'NONE', #3870, 60.00000000000000000 ) ;
#6213 = CARTESIAN_POINT ( 'NONE',  ( 2.660447020673682300, 73.48310668740411700, 15.50000000000000000 ) ) ;
#6214 = CARTESIAN_POINT ( 'NONE',  ( 49.16044702067387800, -33.41997979128040400, 45.62815743688999200 ) ) ;
#6215 = CARTESIAN_POINT ( 'NONE',  ( 37.26427029183194900, -33.08718450723373600, 46.70182250880206700 ) ) ;
#6216 = ORIENTED_EDGE ( 'NONE', *, *, #2752, .F. ) ;
#6217 = DIRECTION ( 'NONE',  ( 0.0000000000000000000, 0.0000000000000000000, 1.000000000000000000 ) ) ;
#6218 = CARTESIAN_POINT ( 'NONE',  ( 50.16044702067368600, 65.47281530273673400, 53.43725393319378000 ) ) ;
#6219 = CARTESIAN_POINT ( 'NONE',  ( 22.10898890751107300, -30.58696193612726700, 14.98092632939600800 ) ) ;
#6220 = PLANE ( 'NONE',  #1971 ) ;
#6221 = CARTESIAN_POINT ( 'NONE',  ( 47.84779393930882200, 68.48252915910735800, 40.41650636461434900 ) ) ;
#6222 = CARTESIAN_POINT ( 'NONE',  ( -19.04738809419393800, 70.35511150926149100, 32.47303714022186900 ) ) ;
#6223 = CARTESIAN_POINT ( 'NONE',  ( 22.16044702067376800, 20.56252476838796300, 30.50000000000000400 ) ) ;
#6224 = LINE ( 'NONE', #5216, #4277 ) ;
#6225 = CARTESIAN_POINT ( 'NONE',  ( -18.31697281270537700, 69.71175910195742600, 40.10134639764086000 ) ) ;
#6226 = ORIENTED_EDGE ( 'NONE', *, *, #4971, .T. ) ;
#6227 = EDGE_CURVE ( 'NONE', #5060, #1460, #6749, .T. ) ;
#6228 = ORIENTED_EDGE ( 'NONE', *, *, #6548, .T. ) ;
#6229 = AXIS2_PLACEMENT_3D ( 'NONE', #10026, #2548, #9986 ) ;
#6230 = DIRECTION ( 'NONE',  ( 1.000000000000000000, 0.0000000000000000000, 0.0000000000000000000 ) ) ;
#6231 = CARTESIAN_POINT ( 'NONE',  ( -12.83955297932615400, -33.45785864922133600, 45.50000000000000000 ) ) ;
#6232 = VERTEX_POINT ( 'NONE', #3229 ) ;
#6233 = CARTESIAN_POINT ( 'NONE',  ( 50.16044702067368600, 62.28944222599720600, 53.43725393319378000 ) ) ;
#6234 = CIRCLE ( 'NONE', #6350, 60.00000000000000700 ) ;
#6235 = CARTESIAN_POINT ( 'NONE',  ( 52.17376573125363100, 68.10373318765817900, 13.77070553294021900 ) ) ;
#6236 = ORIENTED_EDGE ( 'NONE', *, *, #7878, .T. ) ;
#6237 = CARTESIAN_POINT ( 'NONE',  ( -36.33752760385750200, 33.35024010312945800, 4.000000000000000000 ) ) ;
#6238 = DIRECTION ( 'NONE',  ( 1.000000000000000000, 1.609823385706476600E-015, 1.156482317317871500E-016 ) ) ;
#6239 = CARTESIAN_POINT ( 'NONE',  ( -10.97076030325150400, -32.82330316228681300, 47.50014823481635100 ) ) ;
#6240 = ADVANCED_FACE ( 'NONE', ( #5461 ), #117, .T. ) ;
#6241 = EDGE_CURVE ( 'NONE', #9954, #7257, #7568, .T. ) ;
#6242 = ORIENTED_EDGE ( 'NONE', *, *, #6548, .F. ) ;
#6243 = VERTEX_POINT ( 'NONE', #670 ) ;
#6244 = CARTESIAN_POINT ( 'NONE',  ( -19.48955297932634400, 68.79063802799397800, 39.51286796564298200 ) ) ;
#6245 = ORIENTED_EDGE ( 'NONE', *, *, #6622, .T. ) ;
#6246 = ORIENTED_EDGE ( 'NONE', *, *, #2555, .T. ) ;
#6247 = EDGE_CURVE ( 'NONE', #1899, #3267, #8139, .T. ) ;
#6248 = ORIENTED_EDGE ( 'NONE', *, *, #1557, .F. ) ;
#6249 = VERTEX_POINT ( 'NONE', #7307 ) ;
#6250 = CARTESIAN_POINT ( 'NONE',  ( 51.82066569211272600, -32.85971267629096100, 47.39252262901015200 ) ) ;
#6251 = CARTESIAN_POINT ( 'NONE',  ( 35.79613518748158200, -32.82340458049190300, 47.49984925543876800 ) ) ;
#6252 = ORIENTED_EDGE ( 'NONE', *, *, #10313, .T. ) ;
#6253 = ORIENTED_EDGE ( 'NONE', *, *, #3884, .T. ) ;
#6254 = CARTESIAN_POINT ( 'NONE',  ( -26.60869562897714100, 68.02846313620740700, 13.51374924449797500 ) ) ;
#6255 = CARTESIAN_POINT ( 'NONE',  ( 18.55097806630800200, -30.39582138151718400, 14.28464133985792600 ) ) ;
#6256 = DIRECTION ( 'NONE',  ( -0.0000000000000000000, 0.0000000000000000000, -1.000000000000000000 ) ) ;
#6257 = DIRECTION ( 'NONE',  ( 1.000000000000000000, 0.0000000000000000000, 0.0000000000000000000 ) ) ;
#6258 = CARTESIAN_POINT ( 'NONE',  ( -55.33955297932614300, -30.72293962258784500, 15.50000000000000000 ) ) ;
#6259 = CARTESIAN_POINT ( 'NONE',  ( -16.33955297932633100, 64.69007228669738700, 28.35098846298122800 ) ) ;
#6260 = CARTESIAN_POINT ( 'NONE',  ( 48.32753829017197200, 68.65883461189952200, 39.92091545055131300 ) ) ;
#6261 = CARTESIAN_POINT ( 'NONE',  ( 37.94247239614252700, -14.90975989687055900, 4.000000000000000000 ) ) ;
#6262 = CARTESIAN_POINT ( 'NONE',  ( -71.04602967032580800, 56.90992920665785700, 5.000000000000000000 ) ) ;
#6263 = EDGE_CURVE ( 'NONE', #6496, #4735, #508, .T. ) ;
#6264 = ORIENTED_EDGE ( 'NONE', *, *, #10560, .F. ) ;
#6265 = ADVANCED_FACE ( 'NONE', ( #3110 ), #8653, .T. ) ;
#6266 = EDGE_LOOP ( 'NONE', ( #6169, #2112 ) ) ;
#6267 = EDGE_LOOP ( 'NONE', ( #1047, #4826 ) ) ;
#6268 = ORIENTED_EDGE ( 'NONE', *, *, #3303, .T. ) ;
#6269 = DIRECTION ( 'NONE',  ( -1.000000000000000000, 0.0000000000000000000, 0.0000000000000000000 ) ) ;
#6270 = CARTESIAN_POINT ( 'NONE',  ( 50.58506586256083900, 62.98522753844361700, 50.55189248625123400 ) ) ;
#6271 = CARTESIAN_POINT ( 'NONE',  ( -58.58944862568096600, 70.81825706508500700, 13.91725300995626600 ) ) ;
#6272 =( BOUNDED_CURVE ( )  B_SPLINE_CURVE ( 3, ( #7560, #1031, #10121, #3507 ),
 .UNSPECIFIED., .F., .F. ) 
 B_SPLINE_CURVE_WITH_KNOTS ( ( 4, 4 ),
 ( 4.101523742188842200, 4.651327837663457900 ),
 .UNSPECIFIED. ) 
 CURVE ( )  GEOMETRIC_REPRESENTATION_ITEM ( )  RATIONAL_B_SPLINE_CURVE ( ( 1.000000000000000000, 0.9749678610986887200, 0.9749678610986887200, 1.000000000000000000 ) ) 
 REPRESENTATION_ITEM ( '' )  );
#6273 = LINE ( 'NONE', #6292, #4074 ) ;
#6274 = CARTESIAN_POINT ( 'NONE',  ( 48.41044702067365100, 69.49789468872793900, 31.91520202535427900 ) ) ;
#6275 = CARTESIAN_POINT ( 'NONE',  ( 34.05807395722966600, -33.08655644579639000, 46.70377594517699300 ) ) ;
#6276 = CARTESIAN_POINT ( 'NONE',  ( -55.72894722976285200, -33.08351502693745500, 14.28598676118487300 ) ) ;
#6277 = CARTESIAN_POINT ( 'NONE',  ( -12.58342570762104100, -33.15553880688658900, 46.48771649178682700 ) ) ;
#6278 = ORIENTED_EDGE ( 'NONE', *, *, #6095, .T. ) ;
#6279 = ORIENTED_EDGE ( 'NONE', *, *, #5645, .T. ) ;
#6280 = ORIENTED_EDGE ( 'NONE', *, *, #7433, .T. ) ;
#6281 = CARTESIAN_POINT ( 'NONE',  ( 25.88060874372187900, 35.39024010312946400, 9.324662987640136800 ) ) ;
#6282 = EDGE_CURVE ( 'NONE', #5473, #9663, #889, .T. ) ;
#6283 = DIRECTION ( 'NONE',  ( -1.000000000000000000, 0.0000000000000000000, 0.0000000000000000000 ) ) ;
#6284 = LINE ( 'NONE', #5979, #9602 ) ;
#6285 = CARTESIAN_POINT ( 'NONE',  ( 41.44247239614252700, -14.90975989687055900, 4.000000000000000000 ) ) ;
#6286 = CARTESIAN_POINT ( 'NONE',  ( 45.16044702067369300, -23.95501194873044100, 5.000000000000000000 ) ) ;
#6287 = ORIENTED_EDGE ( 'NONE', *, *, #2210, .T. ) ;
#6288 = CARTESIAN_POINT ( 'NONE',  ( 53.16044702067385700, -33.41951909764286900, 45.62971612474358100 ) ) ;
#6289 = CIRCLE ( 'NONE', #5873, 1.000000000000000000 ) ;
#6290 = EDGE_CURVE ( 'NONE', #5589, #8898, #5058, .T. ) ;
#6291 = CARTESIAN_POINT ( 'NONE',  ( -59.33955297932625000, 20.56252476838794900, 30.50000000000000400 ) ) ;
#6292 = CARTESIAN_POINT ( 'NONE',  ( -61.04602967032580100, -26.37519891327379200, 50.10000000000002300 ) ) ;
#6293 = CARTESIAN_POINT ( 'NONE',  ( 19.63109455567030900, -30.18916715126121300, 13.56676028455132700 ) ) ;
#6294 = ADVANCED_FACE ( 'NONE', ( #8267 ), #4690, .F. ) ;
#6295 = AXIS2_PLACEMENT_3D ( 'NONE', #5307, #1931, #8641 ) ;
#6296 = DIRECTION ( 'NONE',  ( 1.000000000000000000, 0.0000000000000000000, 0.0000000000000000000 ) ) ;
#6297 = CARTESIAN_POINT ( 'NONE',  ( 53.16044702067376400, 20.56252476838797000, 30.50000000000000400 ) ) ;
#6298 = CYLINDRICAL_SURFACE ( 'NONE', #381, 2.500000000000002200 ) ;
#6299 = ORIENTED_EDGE ( 'NONE', *, *, #1837, .T. ) ;
#6300 = CARTESIAN_POINT ( 'NONE',  ( -24.73572970816821800, 70.94210176516114100, 46.70182250880206700 ) ) ;
#6301 = DIRECTION ( 'NONE',  ( 1.000000000000000000, 1.609823385706476600E-015, -0.0000000000000000000 ) ) ;
#6302 = CARTESIAN_POINT ( 'NONE',  ( -15.11752760385748400, 0.0000000000000000000, 4.000000000000000000 ) ) ;
#6303 = CARTESIAN_POINT ( 'NONE',  ( -132.8082378770764600, 70.48310668740396100, 30.50000000000000000 ) ) ;
#6304 = CARTESIAN_POINT ( 'NONE',  ( 42.76044702067367400, 64.69007228669748600, 29.80073593128704300 ) ) ;
#6305 = LINE ( 'NONE', #4372, #1757 ) ;
#6306 = CARTESIAN_POINT ( 'NONE',  ( 60.16044702067369300, 63.16199222007408300, 3.665112136637754100 ) ) ;
#6307 = DIRECTION ( 'NONE',  ( -1.638987529116218700E-015, 1.000000000000000000, 0.0000000000000000000 ) ) ;
#6308 = ORIENTED_EDGE ( 'NONE', *, *, #7956, .F. ) ;
#6309 = FACE_OUTER_BOUND ( 'NONE', #4370, .T. ) ;
#6310 = EDGE_LOOP ( 'NONE', ( #3502, #6849, #9051 ) ) ;
#6311 = EDGE_CURVE ( 'NONE', #7296, #5168, #4807, .T. ) ;
#6312 = AXIS2_PLACEMENT_3D ( 'NONE', #10458, #2918, #2988 ) ;
#6313 = CARTESIAN_POINT ( 'NONE',  ( -9.235729708168047800, -33.08718450723373600, 46.70182250880206700 ) ) ;
#6314 = EDGE_CURVE ( 'NONE', #2221, #6795, #7491, .T. ) ;
#6315 = CIRCLE ( 'NONE', #3143, 59.99999999999997200 ) ;
#6316 = CYLINDRICAL_SURFACE ( 'NONE', #2868, 60.00000000000000000 ) ;
#6317 = DIRECTION ( 'NONE',  ( -0.0000000000000000000, 0.0000000000000000000, 1.000000000000000000 ) ) ;
#6318 = ORIENTED_EDGE ( 'NONE', *, *, #9189, .F. ) ;
#6319 = CARTESIAN_POINT ( 'NONE',  ( 45.16044702067369300, 61.80992920665785600, 5.000000000000000000 ) ) ;
#6320 = CARTESIAN_POINT ( 'NONE',  ( 50.16044702067367200, -24.98417861599381600, 53.30901035730082100 ) ) ;
#6321 = ADVANCED_FACE ( 'NONE', ( #2583 ), #2075, .F. ) ;
#6322 = CIRCLE ( 'NONE', #8620, 1.999999999999999100 ) ;
#6323 = VECTOR ( 'NONE', #6840, 1000.000000000000000 ) ;
#6324 = CIRCLE ( 'NONE', #9297, 2.500000000000002200 ) ;
#6325 = VECTOR ( 'NONE', #3133, 1000.000000000000000 ) ;
#6326 = EDGE_CURVE ( 'NONE', #3935, #2242, #10588, .T. ) ;
#6327 = CARTESIAN_POINT ( 'NONE',  ( -43.83955297932632100, 71.31277590714869100, 15.50000000000000000 ) ) ;
#6328 = CARTESIAN_POINT ( 'NONE',  ( -42.85885992024390100, 70.77051896432973900, 47.22577069338046100 ) ) ;
#6329 = CYLINDRICAL_SURFACE ( 'NONE', #7667, 2.000000000000012000 ) ;
#6330 = DIRECTION ( 'NONE',  ( 1.000000000000000000, 0.0000000000000000000, 0.0000000000000000000 ) ) ;
#6331 = CARTESIAN_POINT ( 'NONE',  ( -24.43781280449374900, 71.12167497840825100, 46.13253221513176800 ) ) ;
#6332 = CARTESIAN_POINT ( 'NONE',  ( 50.16044702067368600, 65.47281530273673400, 53.43725393319378000 ) ) ;
#6333 = CARTESIAN_POINT ( 'NONE',  ( 6.647947738464050200, 71.23620159947624600, 45.75724934956179600 ) ) ;
#6334 = VERTEX_POINT ( 'NONE', #1696 ) ;
#6335 = CARTESIAN_POINT ( 'NONE',  ( 50.16959071880507500, -21.55958963499454100, 52.94059138024627500 ) ) ;
#6336 = CARTESIAN_POINT ( 'NONE',  ( 49.54804602476349400, -33.08435446160605400, 14.28859990521050500 ) ) ;
#6337 = DIRECTION ( 'NONE',  ( -1.000000000000000000, 0.0000000000000000000, 0.0000000000000000000 ) ) ;
#6338 = AXIS2_PLACEMENT_3D ( 'NONE', #6481, #702, #2282 ) ;
#6339 = LINE ( 'NONE', #5134, #4670 ) ;
#6340 = CARTESIAN_POINT ( 'NONE',  ( -41.56941588792691500, -32.82803102597169700, 47.48622826149018300 ) ) ;
#6341 = DIRECTION ( 'NONE',  ( -1.594400883811535600E-015, 1.000000000000000000, -1.047444401652940000E-014 ) ) ;
#6342 = EDGE_CURVE ( 'NONE', #1449, #1374, #1803, .T. ) ;
#6343 = CARTESIAN_POINT ( 'NONE',  ( 44.33544702067369100, 62.69007228669776300, 31.91520202535434700 ) ) ;
#6344 = EDGE_LOOP ( 'NONE', ( #7231, #10700 ) ) ;
#6345 = CARTESIAN_POINT ( 'NONE',  ( -58.95195397523652800, -33.08435446160606100, 14.28859990521048900 ) ) ;
#6346 = LINE ( 'NONE', #1328, #9926 ) ;
#6347 = DIRECTION ( 'NONE',  ( 0.0000000000000000000, 0.1527604739939493200, -0.9882632430608476700 ) ) ;
#6348 = AXIS2_PLACEMENT_3D ( 'NONE', #8770, #2960, #2141 ) ;
#6349 = ORIENTED_EDGE ( 'NONE', *, *, #1794, .T. ) ;
#6350 = AXIS2_PLACEMENT_3D ( 'NONE', #9656, #9724, #4743 ) ;
#6351 = DIRECTION ( 'NONE',  ( 0.0000000000000000000, 0.0000000000000000000, -1.000000000000000000 ) ) ;
#6352 = CARTESIAN_POINT ( 'NONE',  ( 51.69400012251524900, 70.70122637005869100, 47.43220025939528700 ) ) ;
#6353 = VERTEX_POINT ( 'NONE', #6046 ) ;
#6354 = CARTESIAN_POINT ( 'NONE',  ( -8.839552979326217800, 10.48310668740398200, 30.50000000000000000 ) ) ;
#6355 = DIRECTION ( 'NONE',  ( -1.000000000000000000, 0.0000000000000000000, 0.0000000000000000000 ) ) ;
#6356 = CIRCLE ( 'NONE', #5520, 52.92058191901593000 ) ;
#6357 = VERTEX_POINT ( 'NONE', #4355 ) ;
#6358 = DIRECTION ( 'NONE',  ( -4.625929269271484900E-016, 1.000000000000000000, 0.0000000000000000000 ) ) ;
#6359 = CARTESIAN_POINT ( 'NONE',  ( -42.10579053462645800, 70.68277512728411700, 47.48673861149424600 ) ) ;
#6360 = CARTESIAN_POINT ( 'NONE',  ( 21.39536137834860700, -30.29232730748912400, 47.07869549017868800 ) ) ;
#6361 = ORIENTED_EDGE ( 'NONE', *, *, #8095, .T. ) ;
#6362 = CARTESIAN_POINT ( 'NONE',  ( -57.60491464120654800, -30.17338355687059700, 47.48680050506430900 ) ) ;
#6363 = CARTESIAN_POINT ( 'NONE',  ( 37.66044702067370100, 73.48310668740417400, 45.50000000000000000 ) ) ;
#6364 = ORIENTED_EDGE ( 'NONE', *, *, #9806, .F. ) ;
#6365 = DIRECTION ( 'NONE',  ( 1.000000000000000000, 0.0000000000000000000, 0.0000000000000000000 ) ) ;
#6366 = EDGE_CURVE ( 'NONE', #808, #4559, #4414, .T. ) ;
#6367 = ORIENTED_EDGE ( 'NONE', *, *, #1020, .T. ) ;
#6368 = CARTESIAN_POINT ( 'NONE',  ( 45.16044702067369300, -19.05501194873043900, 5.000000000000000000 ) ) ;
#6369 = AXIS2_PLACEMENT_3D ( 'NONE', #1388, #2088, #7973 ) ;
#6370 = ORIENTED_EDGE ( 'NONE', *, *, #9891, .F. ) ;
#6371 = ADVANCED_FACE ( 'NONE', ( #626 ), #3549, .T. ) ;
#6372 = AXIS2_PLACEMENT_3D ( 'NONE', #697, #10574, #660 ) ;
#6373 = CARTESIAN_POINT ( 'NONE',  ( -26.86641119629138100, 68.04387154061036800, 47.43396315314851800 ) ) ;
#6374 = DIRECTION ( 'NONE',  ( 1.000000000000000000, 0.0000000000000000000, 0.0000000000000000000 ) ) ;
#6375 = CARTESIAN_POINT ( 'NONE',  ( -71.04602967032580800, -23.95501194873044100, 6.899999999999999500 ) ) ;
#6376 = ORIENTED_EDGE ( 'NONE', *, *, #3803, .F. ) ;
#6377 = CARTESIAN_POINT ( 'NONE',  ( 46.99524499531940300, 70.48310668740398900, 30.50000000000000000 ) ) ;
#6378 = EDGE_LOOP ( 'NONE', ( #2494, #7036, #5177, #4078 ) ) ;
#6379 = CARTESIAN_POINT ( 'NONE',  ( -59.33955297932615000, -33.45785864922132200, 15.50000000000000000 ) ) ;
#6380 = EDGE_LOOP ( 'NONE', ( #6625, #3497, #7359, #9145 ) ) ;
#6381 = ORIENTED_EDGE ( 'NONE', *, *, #7928, .T. ) ;
#6382 = CARTESIAN_POINT ( 'NONE',  ( -71.04602967032586500, 66.23011617120124600, 60.00000000000002100 ) ) ;
#6383 = ORIENTED_EDGE ( 'NONE', *, *, #8769, .T. ) ;
#6384 = ORIENTED_EDGE ( 'NONE', *, *, #3373, .F. ) ;
#6385 = DIRECTION ( 'NONE',  ( 0.0000000000000000000, 0.0000000000000000000, -1.000000000000000000 ) ) ;
#6386 = AXIS2_PLACEMENT_3D ( 'NONE', #317, #2793, #9359 ) ;
#6387 = CARTESIAN_POINT ( 'NONE',  ( 50.72061322978395000, -25.98832673472961800, 50.13728645930928000 ) ) ;
#6388 = EDGE_CURVE ( 'NONE', #10291, #5359, #6272, .T. ) ;
#6389 = ORIENTED_EDGE ( 'NONE', *, *, #7750, .T. ) ;
#6390 = DIRECTION ( 'NONE',  ( 1.000000000000000000, -0.0000000000000000000, -0.0000000000000000000 ) ) ;
#6391 = VERTEX_POINT ( 'NONE', #5764 ) ;
#6392 = ORIENTED_EDGE ( 'NONE', *, *, #9328, .F. ) ;
#6393 = CARTESIAN_POINT ( 'NONE',  ( 49.82350095074107100, 70.84740366713106100, 46.99329394968419400 ) ) ;
#6394 = FACE_OUTER_BOUND ( 'NONE', #4705, .T. ) ;
#6395 = CARTESIAN_POINT ( 'NONE',  ( -28.33955297932632400, 68.57785688051524200, 15.50000000000000000 ) ) ;
#6396 = CARTESIAN_POINT ( 'NONE',  ( -39.83955297932631400, 71.31277590714869100, 45.50000000000000000 ) ) ;
#6397 = ORIENTED_EDGE ( 'NONE', *, *, #1211, .F. ) ;
#6398 = ORIENTED_EDGE ( 'NONE', *, *, #10125, .T. ) ;
#6399 = CARTESIAN_POINT ( 'NONE',  ( 45.16044702067369300, 67.00934761752108700, 10.38075333641062800 ) ) ;
#6400 = ORIENTED_EDGE ( 'NONE', *, *, #6034, .T. ) ;
#6401 = CARTESIAN_POINT ( 'NONE',  ( -41.23752760385750100, 33.35024010312945800, 8.650000000000000400 ) ) ;
#6402 = ORIENTED_EDGE ( 'NONE', *, *, #2428, .F. ) ;
#6403 = DIRECTION ( 'NONE',  ( 1.000000000000000000, 0.0000000000000000000, 0.0000000000000000000 ) ) ;
#6404 = CARTESIAN_POINT ( 'NONE',  ( -57.86641119629123900, -30.18895428268301400, 47.43396315314850400 ) ) ;
#6405 = CARTESIAN_POINT ( 'NONE',  ( -17.48955297932633000, 68.44617026388613100, 40.51286796564298200 ) ) ;
#6406 = CARTESIAN_POINT ( 'NONE',  ( 50.67926909012332700, -21.79236563313260800, 50.24896642044105700 ) ) ;
#6407 = EDGE_CURVE ( 'NONE', #7139, #1193, #6224, .T. ) ;
#6408 = LINE ( 'NONE', #10483, #555 ) ;
#6409 = CARTESIAN_POINT ( 'NONE',  ( 34.05807395722950300, 70.94147370372377300, 46.70377594517700000 ) ) ;
#6410 = CARTESIAN_POINT ( 'NONE',  ( -14.11752760385748600, 35.42436320469006000, 9.283996658764849000 ) ) ;
#6411 = ORIENTED_EDGE ( 'NONE', *, *, #6247, .F. ) ;
#6412 = CARTESIAN_POINT ( 'NONE',  ( -26.47041335351881800, 68.02436011043492700, 47.50012219141359500 ) ) ;
#6413 = ORIENTED_EDGE ( 'NONE', *, *, #4501, .F. ) ;
#6414 = DIRECTION ( 'NONE',  ( 0.0000000000000000000, 0.0000000000000000000, -1.000000000000000000 ) ) ;
#6415 = VECTOR ( 'NONE', #4493, 1000.000000000000100 ) ;
#6416 = CARTESIAN_POINT ( 'NONE',  ( -26.33955297932631700, 73.48310668740407400, 45.50000000000000000 ) ) ;
#6417 = AXIS2_PLACEMENT_3D ( 'NONE', #4275, #7695, #5149 ) ;
#6418 = ORIENTED_EDGE ( 'NONE', *, *, #5969, .T. ) ;
#6419 = CYLINDRICAL_SURFACE ( 'NONE', #10170, 1.999999999999999100 ) ;
#6420 = ORIENTED_EDGE ( 'NONE', *, *, #8617, .F. ) ;
#6421 = AXIS2_PLACEMENT_3D ( 'NONE', #1538, #4023, #9816 ) ;
#6422 = CARTESIAN_POINT ( 'NONE',  ( 35.13358880370863300, 68.04387154061042500, 47.43396315314851100 ) ) ;
#6423 = ADVANCED_FACE ( 'NONE', ( #7765 ), #6613, .F. ) ;
#6424 = LINE ( 'NONE', #5423, #4755 ) ;
#6425 = CARTESIAN_POINT ( 'NONE',  ( -55.33955297932620700, 17.29239248953932100, 30.50000000000000400 ) ) ;
#6426 = CARTESIAN_POINT ( 'NONE',  ( -14.11752760385748600, 38.09024010312946700, 10.26363978188264500 ) ) ;
#6427 = CIRCLE ( 'NONE', #5196, 2.000000000000001800 ) ;
#6428 = ORIENTED_EDGE ( 'NONE', *, *, #6872, .T. ) ;
#6429 = EDGE_CURVE ( 'NONE', #9588, #8665, #10337, .T. ) ;
#6430 = EDGE_CURVE ( 'NONE', #4221, #2906, #367, .T. ) ;
#6431 = CARTESIAN_POINT ( 'NONE',  ( -28.33955297932632800, 71.31277590714869100, 15.50000000000000000 ) ) ;
#6432 = CARTESIAN_POINT ( 'NONE',  ( -40.50075197883595000, 70.84798285723596200, 46.99152284956493000 ) ) ;
#6433 = AXIS2_PLACEMENT_3D ( 'NONE', #8704, #1261, #382 ) ;
#6434 = FACE_OUTER_BOUND ( 'NONE', #5481, .T. ) ;
#6435 = AXIS2_PLACEMENT_3D ( 'NONE', #2248, #5587, #8988 ) ;
#6436 = CARTESIAN_POINT ( 'NONE',  ( 22.16044702067387800, -30.68930735569035700, 45.63025720958920300 ) ) ;
#6437 = DIRECTION ( 'NONE',  ( 2.932034848225395500E-016, -0.1838957114233399600, 0.9829457601109552500 ) ) ;
#6438 = CARTESIAN_POINT ( 'NONE',  ( 45.91044702067366500, 64.69007228669761400, 40.51286796564302500 ) ) ;
#6439 = CARTESIAN_POINT ( 'NONE',  ( -58.93918029584232000, -30.39782763344912600, 46.70745186629106600 ) ) ;
#6440 = VERTEX_POINT ( 'NONE', #1841 ) ;
#6441 = CARTESIAN_POINT ( 'NONE',  ( -14.11752760385748600, 36.09024010312946700, 8.490435472824181300 ) ) ;
#6442 = CARTESIAN_POINT ( 'NONE',  ( 35.79613518748141100, 70.67832183841929300, 47.49984925543876800 ) ) ;
#6443 = FACE_BOUND ( 'NONE', #9586, .T. ) ;
#6444 = CARTESIAN_POINT ( 'NONE',  ( -27.85768285284949600, 68.22422018751063900, 46.80868971097901000 ) ) ;
#6445 = CIRCLE ( 'NONE', #2720, 59.99999999999999300 ) ;
#6446 = CARTESIAN_POINT ( 'NONE',  ( -71.04602967032580800, 10.48310668740397300, 30.50000000000000000 ) ) ;
#6447 = FACE_OUTER_BOUND ( 'NONE', #2716, .T. ) ;
#6448 = VERTEX_POINT ( 'NONE', #8447 ) ;
#6449 = EDGE_CURVE ( 'NONE', #3787, #9045, #8791, .T. ) ;
#6450 = LINE ( 'NONE', #2594, #9919 ) ;
#6451 = CIRCLE ( 'NONE', #4124, 60.00000000000000000 ) ;
#6452 = CARTESIAN_POINT ( 'NONE',  ( 18.16044702067370100, 68.57785688051524200, 45.50000000000000000 ) ) ;
#6453 = ORIENTED_EDGE ( 'NONE', *, *, #9931, .T. ) ;
#6454 = DIRECTION ( 'NONE',  ( 0.0000000000000000000, 0.0000000000000000000, 1.000000000000000000 ) ) ;
#6455 = CARTESIAN_POINT ( 'NONE',  ( -55.33955297932627100, 68.54422461361771500, 45.63025720958917500 ) ) ;
#6456 = EDGE_CURVE ( 'NONE', #8523, #9681, #4024, .T. ) ;
#6457 = CARTESIAN_POINT ( 'NONE',  ( -36.98752760385749400, -14.90975989687055900, 3.000000000000000000 ) ) ;
#6458 = CYLINDRICAL_SURFACE ( 'NONE', #572, 2.000000000000001800 ) ;
#6459 = DIRECTION ( 'NONE',  ( 0.0000000000000000000, 0.0000000000000000000, 1.000000000000000000 ) ) ;
#6460 = B_SPLINE_CURVE_WITH_KNOTS ( 'NONE', 3,
 ( #8325, #8388, #3454, #9223, #1237, #4557, #2832, #7611, #6966, #7038, #7869, #8605, #3716, #8681, #4293, #9257, #5308, #3680, #2013, #10065, #4337, #980, #9436, #6797 ),
 .UNSPECIFIED., .F., .F.,
 ( 4, 2, 2, 2, 2, 2, 2, 2, 2, 2, 2, 4 ),
 ( 0.006369424049232934800, 0.006769429621276834200, 0.007169435193320734500, 0.007969446337408535000, 0.008769457481496337200, 0.009169463053540239200, 0.009569468625584141200, 0.01036947976967194900, 0.01076948534171584900, 0.01116949091375975100, 0.01196950205784754800, 0.01276951320193534500 ),
 .UNSPECIFIED. ) ;
#6461 = ORIENTED_EDGE ( 'NONE', *, *, #6977, .F. ) ;
#6462 = EDGE_CURVE ( 'NONE', #722, #4859, #8527, .T. ) ;
#6463 = CARTESIAN_POINT ( 'NONE',  ( -132.8082378770764600, 27.37181057052336500, 30.50000000000000000 ) ) ;
#6464 = DIRECTION ( 'NONE',  ( 0.0000000000000000000, 0.0000000000000000000, 1.000000000000000000 ) ) ;
#6465 = DIRECTION ( 'NONE',  ( 1.000000000000000000, -0.0000000000000000000, -0.0000000000000000000 ) ) ;
#6466 = CARTESIAN_POINT ( 'NONE',  ( -26.47076030325168000, 70.67822042021417400, 47.50014823481635100 ) ) ;
#6467 = LINE ( 'NONE', #2161, #1530 ) ;
#6468 = CARTESIAN_POINT ( 'NONE',  ( 3.424079399083429300, 70.81965261166008900, 47.07755070606837900 ) ) ;
#6469 = CARTESIAN_POINT ( 'NONE',  ( -9.096694725981471700, 68.31343972487225400, 46.48953342699893200 ) ) ;
#6470 = ORIENTED_EDGE ( 'NONE', *, *, #4664, .T. ) ;
#6471 = ADVANCED_FACE ( 'NONE', ( #2212 ), #2460, .T. ) ;
#6472 = DIRECTION ( 'NONE',  ( 0.0000000000000000000, 0.0000000000000000000, 1.000000000000000000 ) ) ;
#6473 = CARTESIAN_POINT ( 'NONE',  ( -25.32197913477304900, 68.10445794739806000, 47.22679946501696700 ) ) ;
#6474 = AXIS2_PLACEMENT_3D ( 'NONE', #2808, #1286, #9485 ) ;
#6475 = ORIENTED_EDGE ( 'NONE', *, *, #877, .F. ) ;
#6476 = CARTESIAN_POINT ( 'NONE',  ( -56.04602967032580800, -26.30929178370303100, 9.297367386975592400 ) ) ;
#6477 = CARTESIAN_POINT ( 'NONE',  ( 51.16044702067370100, 73.48310668740420200, 15.50000000000000000 ) ) ;
#6478 = EDGE_CURVE ( 'NONE', #5485, #9848, #6356, .T. ) ;
#6479 = LINE ( 'NONE', #8622, #3760 ) ;
#6480 = VERTEX_POINT ( 'NONE', #166 ) ;
#6481 = CARTESIAN_POINT ( 'NONE',  ( 45.16044702067369300, 65.12513958651717900, 11.05139489186360700 ) ) ;
#6482 = DIRECTION ( 'NONE',  ( 1.609823385706476600E-015, -1.000000000000000000, -4.165779463821302700E-032 ) ) ;
#6483 = DIRECTION ( 'NONE',  ( -1.000000000000000000, 0.0000000000000000000, 0.0000000000000000000 ) ) ;
#6484 = CARTESIAN_POINT ( 'NONE',  ( -18.48955297932634100, 69.46613139135953900, 31.91520202535428700 ) ) ;
#6485 = ORIENTED_EDGE ( 'NONE', *, *, #2506, .T. ) ;
#6486 = DIRECTION ( 'NONE',  ( 0.0000000000000000000, 0.0000000000000000000, 1.000000000000000000 ) ) ;
#6487 = FACE_OUTER_BOUND ( 'NONE', #3641, .T. ) ;
#6488 = CARTESIAN_POINT ( 'NONE',  ( 34.06081970415754500, 68.25274489137650800, 46.70745186629105200 ) ) ;
#6489 = VERTEX_POINT ( 'NONE', #124 ) ;
#6490 = EDGE_CURVE ( 'NONE', #7013, #9076, #243, .T. ) ;
#6491 = AXIS2_PLACEMENT_3D ( 'NONE', #5911, #3442, #2598 ) ;
#6492 = CARTESIAN_POINT ( 'NONE',  ( 51.29613518748143300, 70.67832183841929300, 47.49984925543874700 ) ) ;
#6493 = ORIENTED_EDGE ( 'NONE', *, *, #5431, .T. ) ;
#6494 = DIRECTION ( 'NONE',  ( -1.594400883811536700E-015, 1.000000000000000000, 0.0000000000000000000 ) ) ;
#6495 = VERTEX_POINT ( 'NONE', #8588 ) ;
#6496 = VERTEX_POINT ( 'NONE', #7056 ) ;
#6497 = ORIENTED_EDGE ( 'NONE', *, *, #1085, .T. ) ;
#6498 = CARTESIAN_POINT ( 'NONE',  ( -26.61050931020433600, 70.68300600963897300, 13.51394238300087700 ) ) ;
#6499 = ORIENTED_EDGE ( 'NONE', *, *, #8257, .F. ) ;
#6500 = CARTESIAN_POINT ( 'NONE',  ( -41.23752760385750100, 33.35024010312945800, 8.650000000000000400 ) ) ;
#6501 = CARTESIAN_POINT ( 'NONE',  ( -56.04602967032580800, 54.90992920665785700, 5.000000000000000000 ) ) ;
#6502 = DIRECTION ( 'NONE',  ( 1.609823385706476600E-015, -1.000000000000000000, -4.165779463821302700E-032 ) ) ;
#6503 = DIRECTION ( 'NONE',  ( 1.000000000000000000, 0.0000000000000000000, 0.0000000000000000000 ) ) ;
#6504 = CARTESIAN_POINT ( 'NONE',  ( 4.394209465373564600, 70.68277512728413100, 47.48673861149426800 ) ) ;
#6505 = VERTEX_POINT ( 'NONE', #10225 ) ;
#6506 = EDGE_CURVE ( 'NONE', #2449, #9845, #5960, .T. ) ;
#6507 = CARTESIAN_POINT ( 'NONE',  ( 33.66044702067368600, 71.31277590714869100, 45.50000000000000000 ) ) ;
#6508 = CARTESIAN_POINT ( 'NONE',  ( 51.42516895328585500, -32.82317235047381100, 13.49946613378536700 ) ) ;
#6509 = AXIS2_PLACEMENT_3D ( 'NONE', #5276, #9405, #6068 ) ;
#6510 = MECHANICAL_DESIGN_GEOMETRIC_PRESENTATION_REPRESENTATION (  '', ( #7813 ), #4288 ) ;
#6511 = ORIENTED_EDGE ( 'NONE', *, *, #5416, .T. ) ;
#6512 = VERTEX_POINT ( 'NONE', #1171 ) ;
#6513 = ORIENTED_EDGE ( 'NONE', *, *, #6605, .T. ) ;
#6514 = EDGE_CURVE ( 'NONE', #4227, #4709, #5705, .T. ) ;
#6515 = ORIENTED_EDGE ( 'NONE', *, *, #574, .F. ) ;
#6516 = CARTESIAN_POINT ( 'NONE',  ( -13.45043676519224900, 36.23537662187906200, 10.26363978188264700 ) ) ;
#6517 = LINE ( 'NONE', #2363, #8946 ) ;
#6518 = DIRECTION ( 'NONE',  ( -1.619075244245020800E-015, 1.000000000000000000, 0.0000000000000000000 ) ) ;
#6519 = DIRECTION ( 'NONE',  ( 1.000000000000000000, 1.603063405027194900E-016, 0.0000000000000000000 ) ) ;
#6520 = EDGE_LOOP ( 'NONE', ( #380, #4377, #9819, #4868, #6349 ) ) ;
#6521 = CARTESIAN_POINT ( 'NONE',  ( 48.24239449085296600, 68.60600619143521300, 40.07480369172252200 ) ) ;
#6522 = EDGE_LOOP ( 'NONE', ( #7947, #4575, #3922, #1812 ) ) ;
#6523 = EDGE_LOOP ( 'NONE', ( #1717, #4746, #5623, #7143, #3027 ) ) ;
#6524 = VERTEX_POINT ( 'NONE', #6196 ) ;
#6525 = CARTESIAN_POINT ( 'NONE',  ( -56.04602967032580800, 61.80992920665785600, 5.000000000000000000 ) ) ;
#6526 = CARTESIAN_POINT ( 'NONE',  ( 3.643579459498458700, 68.10432668020151000, 13.77274710912329200 ) ) ;
#6527 = CARTESIAN_POINT ( 'NONE',  ( -42.74112259762337400, 68.08600764125185400, 13.70986368167312900 ) ) ;
#6528 = CIRCLE ( 'NONE', #1504, 59.99999999999997200 ) ;
#6529 = CARTESIAN_POINT ( 'NONE',  ( -61.04602967032580100, 63.63594168900053900, 56.86384176188964500 ) ) ;
#6530 = CARTESIAN_POINT ( 'NONE',  ( 53.16044702067370100, 73.48310668740420200, 15.50000000000000000 ) ) ;
#6531 = EDGE_CURVE ( 'NONE', #2833, #3586, #6479, .T. ) ;
#6532 = ADVANCED_FACE ( 'NONE', ( #4159 ), #9169, .T. ) ;
#6533 = ORIENTED_EDGE ( 'NONE', *, *, #3635, .T. ) ;
#6534 = ORIENTED_EDGE ( 'NONE', *, *, #4228, .F. ) ;
#6535 = VERTEX_POINT ( 'NONE', #2846 ) ;
#6536 = CARTESIAN_POINT ( 'NONE',  ( 4.924522080192164500, -30.16934309946358500, 13.49954016622350000 ) ) ;
#6537 = B_SPLINE_CURVE_WITH_KNOTS ( 'NONE', 3,
 ( #10579, #5660, #5003, #5902, #1654, #7411, #4102, #2420, #924, #7481, #6736, #1730, #5038, #28, #3260, #8198, #4965, #1768, #2564, #9098, #8337, #816, #10688, #5762, #4238, #60 ),
 .UNSPECIFIED., .F., .F.,
 ( 4, 2, 2, 2, 2, 2, 2, 2, 2, 2, 2, 2, 4 ),
 ( 0.006342387075903268600, 0.006740216801652427000, 0.007138046527401584500, 0.007933705978899896100, 0.008331535704649045000, 0.008729365430398193900, 0.009127195156147342700, 0.009525024881896491600, 0.01032068433339480800, 0.01071851405914396600, 0.01111634378489312300, 0.01191200323639144000, 0.01270766268788975700 ),
 .UNSPECIFIED. ) ;
#6538 = CIRCLE ( 'NONE', #6576, 3.499999999999999600 ) ;
#6539 = CARTESIAN_POINT ( 'NONE',  ( -25.00467953454357000, -30.31634314087385100, 46.99503805186613900 ) ) ;
#6540 = DIRECTION ( 'NONE',  ( 0.0000000000000000000, 1.000000000000000000, -0.0000000000000000000 ) ) ;
#6541 = DIRECTION ( 'NONE',  ( 0.0000000000000000000, 1.000000000000000000, 0.0000000000000000000 ) ) ;
#6542 = FACE_OUTER_BOUND ( 'NONE', #9579, .T. ) ;
#6543 = EDGE_LOOP ( 'NONE', ( #1268, #585, #5406, #3547 ) ) ;
#6544 = DIRECTION ( 'NONE',  ( 1.000000000000000000, 0.0000000000000000000, 0.0000000000000000000 ) ) ;
#6545 = CARTESIAN_POINT ( 'NONE',  ( -26.60579053462645000, 70.68277512728411700, 47.48673861149426800 ) ) ;
#6546 = AXIS2_PLACEMENT_3D ( 'NONE', #5725, #7335, #7265 ) ;
#6547 = CARTESIAN_POINT ( 'NONE',  ( 2.855774448672843600, 71.04712056448595100, 46.37164858284342700 ) ) ;
#6548 = EDGE_CURVE ( 'NONE', #6357, #9742, #7373, .T. ) ;
#6549 = CARTESIAN_POINT ( 'NONE',  ( -9.238676636758844700, 68.25321152704714200, 46.70578863413464900 ) ) ;
#6550 = FACE_OUTER_BOUND ( 'NONE', #8833, .T. ) ;
#6551 = DIRECTION ( 'NONE',  ( -1.587713011910975900E-015, 1.000000000000000000, 2.311004495114864600E-014 ) ) ;
#6552 = CARTESIAN_POINT ( 'NONE',  ( -40.23867663675870400, -30.39829426911973800, 46.70578863413462800 ) ) ;
#6553 = CIRCLE ( 'NONE', #663, 1.000000000000000000 ) ;
#6554 = VERTEX_POINT ( 'NONE', #4576 ) ;
#6555 = EDGE_CURVE ( 'NONE', #10634, #8324, #108, .T. ) ;
#6556 = VECTOR ( 'NONE', #10340, 1000.000000000000000 ) ;
#6557 = AXIS2_PLACEMENT_3D ( 'NONE', #4400, #1012, #214 ) ;
#6558 = CARTESIAN_POINT ( 'NONE',  ( 53.16044702067371500, 64.07827180745077600, 45.50000000000000000 ) ) ;
#6559 = ORIENTED_EDGE ( 'NONE', *, *, #473, .T. ) ;
#6560 = FACE_OUTER_BOUND ( 'NONE', #6879, .T. ) ;
#6561 = ORIENTED_EDGE ( 'NONE', *, *, #9773, .T. ) ;
#6562 = CARTESIAN_POINT ( 'NONE',  ( -41.57547791980799400, 68.02426035739095800, 13.49954016622349900 ) ) ;
#6563 = CARTESIAN_POINT ( 'NONE',  ( -26.06941588792690800, -32.82803102597168300, 47.48622826149019000 ) ) ;
#6564 = DIRECTION ( 'NONE',  ( 1.609823385706476600E-015, -1.000000000000000000, -4.165779463821302700E-032 ) ) ;
#6565 = CARTESIAN_POINT ( 'NONE',  ( -14.11752760385748600, 35.39024010312946400, 9.324662987640136800 ) ) ;
#6566 = LINE ( 'NONE', #780, #4371 ) ;
#6567 = FACE_BOUND ( 'NONE', #1441, .T. ) ;
#6568 = CARTESIAN_POINT ( 'NONE',  ( -39.83955297932616400, -33.38120710560659900, 15.24066099409187700 ) ) ;
#6569 = CARTESIAN_POINT ( 'NONE',  ( 2.722376163987593900, -30.58887534674137900, 14.98948247064432900 ) ) ;
#6570 = CIRCLE ( 'NONE', #5458, 1.000000000000000900 ) ;
#6571 = VERTEX_POINT ( 'NONE', #9492 ) ;
#6572 = EDGE_CURVE ( 'NONE', #3327, #150, #3627, .T. ) ;
#6573 = EDGE_CURVE ( 'NONE', #7548, #1590, #6740, .T. ) ;
#6574 = CARTESIAN_POINT ( 'NONE',  ( -28.33955297932616400, -30.72293962258786200, 45.50000000000000000 ) ) ;
#6575 = DIRECTION ( 'NONE',  ( 1.000000000000000000, 1.603063405027194900E-016, 0.0000000000000000000 ) ) ;
#6576 = AXIS2_PLACEMENT_3D ( 'NONE', #5255, #6850, #6818 ) ;
#6577 = AXIS2_PLACEMENT_3D ( 'NONE', #6261, #1326, #1289 ) ;
#6578 = CIRCLE ( 'NONE', #591, 52.92058191901601600 ) ;
#6579 = CARTESIAN_POINT ( 'NONE',  ( -55.33955297932629900, 70.48310668740397500, 30.50000000000000000 ) ) ;
#6580 = CARTESIAN_POINT ( 'NONE',  ( -33.48752760385749400, -14.90975989687055900, 8.650000000000000400 ) ) ;
#6581 = FACE_OUTER_BOUND ( 'NONE', #1719, .T. ) ;
#6582 = CARTESIAN_POINT ( 'NONE',  ( -42.33752760385750200, 33.35024010312945800, -1.040834085586084300E-014 ) ) ;
#6583 = VERTEX_POINT ( 'NONE', #267 ) ;
#6584 = CIRCLE ( 'NONE', #925, 52.92058191901600800 ) ;
#6585 = CARTESIAN_POINT ( 'NONE',  ( 52.39524450973657800, -32.96432308532410400, 13.92119940995662500 ) ) ;
#6586 = ADVANCED_FACE ( 'NONE', ( #10470 ), #5832, .F. ) ;
#6587 = DIRECTION ( 'NONE',  ( -0.6243862104790659500, 0.0000000000000000000, 0.7811157789749171300 ) ) ;
#6588 = CYLINDRICAL_SURFACE ( 'NONE', #10631, 1.899999999999999000 ) ;
#6589 = DIRECTION ( 'NONE',  ( -1.000000000000000000, -3.504670666705304800E-015, -0.0000000000000000000 ) ) ;
#6590 = CARTESIAN_POINT ( 'NONE',  ( 60.16044702067369300, 54.90992920665785700, 5.000000000000000000 ) ) ;
#6591 = VERTEX_POINT ( 'NONE', #7881 ) ;
#6592 = DIRECTION ( 'NONE',  ( 0.0000000000000000000, -0.5735764363510524900, 0.8191520442889873600 ) ) ;
#6593 = EDGE_CURVE ( 'NONE', #4098, #8537, #1675, .T. ) ;
#6594 = DIRECTION ( 'NONE',  ( 1.000000000000000000, 1.603063405027194900E-016, 0.0000000000000000000 ) ) ;
#6595 = VECTOR ( 'NONE', #1825, 1000.000000000000000 ) ;
#6596 =( BOUNDED_CURVE ( )  B_SPLINE_CURVE ( 3, ( #5721, #4825, #6516, #7332 ),
 .UNSPECIFIED., .F., .F. ) 
 B_SPLINE_CURVE_WITH_KNOTS ( ( 4, 4 ),
 ( 3.752457891786729500, 4.712388980384689700 ),
 .UNSPECIFIED. ) 
 CURVE ( )  GEOMETRIC_REPRESENTATION_ITEM ( )  RATIONAL_B_SPLINE_CURVE ( ( 1.000000000000000000, 0.9246738887853149800, 0.9246738887853149800, 1.000000000000000000 ) ) 
 REPRESENTATION_ITEM ( '' )  );
#6597 = CARTESIAN_POINT ( 'NONE',  ( 53.16044702067370100, 73.48310668740420200, 15.50000000000000000 ) ) ;
#6598 = ORIENTED_EDGE ( 'NONE', *, *, #4169, .F. ) ;
#6599 = CARTESIAN_POINT ( 'NONE',  ( -59.14266239136993200, 68.34502242109523700, 46.37495291163286000 ) ) ;
#6600 = DIRECTION ( 'NONE',  ( 1.000000000000000000, 1.609823385706476600E-015, -0.0000000000000000000 ) ) ;
#6601 = CARTESIAN_POINT ( 'NONE',  ( 3.643579459498619900, -30.24940942227408100, 13.77274710912328900 ) ) ;
#6602 = CYLINDRICAL_SURFACE ( 'NONE', #3850, 1.000000000000000900 ) ;
#6603 = B_SPLINE_CURVE_WITH_KNOTS ( 'NONE', 3,
 ( #6379, #5519, #4623, #2214, #531, #1405, #6345, #9570, #7065, #10372, #8739, #5449, #4727, #9606, #3080, #464, #10445, #1375, #7165, #6276, #8025, #8812, #7993, #3045 ),
 .UNSPECIFIED., .F., .F.,
 ( 4, 2, 2, 2, 2, 2, 2, 2, 2, 2, 2, 4 ),
 ( 0.006369424049232958300, 0.006769429621276856800, 0.007169435193320755300, 0.007969446337408550600, 0.008769457481496347600, 0.009169463053540244400, 0.009569468625584141200, 0.01036947976967195600, 0.01076948534171586300, 0.01116949091375977000, 0.01196950205784758100, 0.01276951320193539500 ),
 .UNSPECIFIED. ) ;
#6604 = CARTESIAN_POINT ( 'NONE',  ( 35.39508535879347300, -30.17338355687058600, 47.48680050506430200 ) ) ;
#6605 = EDGE_CURVE ( 'NONE', #5757, #6876, #2842, .T. ) ;
#6606 = CARTESIAN_POINT ( 'NONE',  ( -24.33955297932629900, 71.23612436353391800, 15.24066099409186800 ) ) ;
#6607 = DIRECTION ( 'NONE',  ( 4.570284219494838400E-033, 0.0000000000000000000, 1.000000000000000000 ) ) ;
#6608 = VERTEX_POINT ( 'NONE', #1215 ) ;
#6609 = CARTESIAN_POINT ( 'NONE',  ( -40.93989211662466200, 68.08572968216852000, 47.29108936670986900 ) ) ;
#6610 = CARTESIAN_POINT ( 'NONE',  ( -8.852052261535943600, 71.23620159947626000, 45.75724934956181800 ) ) ;
#6611 = ORIENTED_EDGE ( 'NONE', *, *, #8292, .F. ) ;
#6612 = CARTESIAN_POINT ( 'NONE',  ( 24.88247239614251800, -18.52275989687055400, 9.263639781882645300 ) ) ;
#6613 = TOROIDAL_SURFACE ( 'NONE', #6417, 59.03175416344812000, 1.000000000000000000 ) ;
#6614 = CARTESIAN_POINT ( 'NONE',  ( -12.43918029584245100, 68.25274489137650800, 46.70745186629106600 ) ) ;
#6615 = EDGE_LOOP ( 'NONE', ( #9969, #2356, #1583, #4416 ) ) ;
#6616 = AXIS2_PLACEMENT_3D ( 'NONE', #1411, #3154, #4732 ) ;
#6617 = DIRECTION ( 'NONE',  ( -1.619075244245020200E-015, 1.000000000000000000, -2.752427915216534100E-014 ) ) ;
#6618 = AXIS2_PLACEMENT_3D ( 'NONE', #10355, #8651, #7087 ) ;
#6619 = CARTESIAN_POINT ( 'NONE',  ( 50.16044702067370100, -28.31514790746099700, 52.84661536579609700 ) ) ;
#6620 = DIRECTION ( 'NONE',  ( -1.000000000000000000, 0.0000000000000000000, 0.0000000000000000000 ) ) ;
#6621 = VERTEX_POINT ( 'NONE', #10194 ) ;
#6622 = EDGE_CURVE ( 'NONE', #9004, #6524, #9945, .T. ) ;
#6623 = ORIENTED_EDGE ( 'NONE', *, *, #4773, .F. ) ;
#6624 = CARTESIAN_POINT ( 'NONE',  ( 4.529586646481189600, 68.02436011043495500, 47.50012219141359500 ) ) ;
#6625 = ORIENTED_EDGE ( 'NONE', *, *, #1891, .T. ) ;
#6626 = CARTESIAN_POINT ( 'NONE',  ( -71.04602967032580800, -23.95501194873044100, 5.000000000000000000 ) ) ;
#6627 = ORIENTED_EDGE ( 'NONE', *, *, #4773, .T. ) ;
#6628 = CARTESIAN_POINT ( 'NONE',  ( 52.74453278357506700, -24.98944494367786700, 46.72753136234467100 ) ) ;
#6629 = CARTESIAN_POINT ( 'NONE',  ( 18.16044702067368300, 71.31277590714870500, 15.50000000000000000 ) ) ;
#6630 = ORIENTED_EDGE ( 'NONE', *, *, #8947, .F. ) ;
#6631 = CARTESIAN_POINT ( 'NONE',  ( 18.25961932352082000, 68.41024161410395300, 46.13529537627119500 ) ) ;
#6632 = CARTESIAN_POINT ( 'NONE',  ( -43.44902193369218000, 68.25073863944457700, 14.28464133985791800 ) ) ;
#6633 = CARTESIAN_POINT ( 'NONE',  ( -24.35205226153577800, -33.38128434154886300, 45.75724934956181800 ) ) ;
#6634 = ORIENTED_EDGE ( 'NONE', *, *, #545, .F. ) ;
#6635 = ADVANCED_FACE ( 'NONE', ( #2320 ), #7500, .F. ) ;
#6636 = EDGE_CURVE ( 'NONE', #3372, #6773, #6089, .T. ) ;
#6637 = EDGE_CURVE ( 'NONE', #6524, #9004, #9685, .T. ) ;
#6638 = VERTEX_POINT ( 'NONE', #10505 ) ;
#6639 = PLANE ( 'NONE',  #2614 ) ;
#6640 = VERTEX_POINT ( 'NONE', #557 ) ;
#6641 = AXIS2_PLACEMENT_3D ( 'NONE', #3065, #9556, #5541 ) ;
#6642 = ORIENTED_EDGE ( 'NONE', *, *, #7911, .T. ) ;
#6643 = AXIS2_PLACEMENT_3D ( 'NONE', #8241, #8206, #6494 ) ;
#6644 = CARTESIAN_POINT ( 'NONE',  ( -59.24118367646897100, -33.26667909558639700, 46.13278356156683900 ) ) ;
#6645 = CARTESIAN_POINT ( 'NONE',  ( 3.050978066307995300, -30.39582138151718000, 14.28464133985791700 ) ) ;
#6646 = ORIENTED_EDGE ( 'NONE', *, *, #2550, .T. ) ;
#6647 = CARTESIAN_POINT ( 'NONE',  ( 20.69264781223960600, -32.84165132730741700, 13.55368265994383500 ) ) ;
#6648 = ORIENTED_EDGE ( 'NONE', *, *, #1744, .F. ) ;
#6649 = CARTESIAN_POINT ( 'NONE',  ( -11.11050931020414700, -32.82808875171159000, 13.51394238300087200 ) ) ;
#6650 = ORIENTED_EDGE ( 'NONE', *, *, #9987, .T. ) ;
#6651 = CARTESIAN_POINT ( 'NONE',  ( -43.58144891062962500, 68.31296929035829600, 46.49123464712618400 ) ) ;
#6652 = ORIENTED_EDGE ( 'NONE', *, *, #1502, .F. ) ;
#6653 = CARTESIAN_POINT ( 'NONE',  ( -19.39010773601224400, 69.67540648318110600, 40.31259330228447600 ) ) ;
#6654 = CIRCLE ( 'NONE', #4502, 2.000000000000000000 ) ;
#6655 = EDGE_CURVE ( 'NONE', #9845, #7440, #8010, .T. ) ;
#6656 = CARTESIAN_POINT ( 'NONE',  ( -71.04602967032580800, 73.48310668740397500, 30.50000000000000400 ) ) ;
#6657 = AXIS2_PLACEMENT_3D ( 'NONE', #9323, #10100, #5091 ) ;
#6658 = CARTESIAN_POINT ( 'NONE',  ( -43.74110834625329100, 71.12157521195027200, 14.86715418018974900 ) ) ;
#6659 = ORIENTED_EDGE ( 'NONE', *, *, #5009, .F. ) ;
#6660 = EDGE_CURVE ( 'NONE', #4199, #3746, #5306, .T. ) ;
#6661 = ORIENTED_EDGE ( 'NONE', *, *, #9544, .T. ) ;
#6662 = ORIENTED_EDGE ( 'NONE', *, *, #7011, .T. ) ;
#6663 = CARTESIAN_POINT ( 'NONE',  ( 22.10898890751090900, 68.44187919405466400, 14.98092632939600000 ) ) ;
#6664 = FACE_OUTER_BOUND ( 'NONE', #10646, .T. ) ;
#6665 = DIRECTION ( 'NONE',  ( 0.0000000000000000000, -9.684806018886875100E-015, -1.000000000000000000 ) ) ;
#6666 = DIRECTION ( 'NONE',  ( 1.000000000000000000, -0.0000000000000000000, -0.0000000000000000000 ) ) ;
#6667 = CARTESIAN_POINT ( 'NONE',  ( 45.16044702067369300, 0.0000000000000000000, 3.000000000000000000 ) ) ;
#6668 = VECTOR ( 'NONE', #5300, 1000.000000000000000 ) ;
#6669 = DIRECTION ( 'NONE',  ( -1.638987529116215900E-015, 1.000000000000000000, -1.770106531445513200E-015 ) ) ;
#6670 = VERTEX_POINT ( 'NONE', #3810 ) ;
#6671 = CARTESIAN_POINT ( 'NONE',  ( 18.35733760863009700, 68.34502242109526500, 46.37495291163286700 ) ) ;
#6672 = CARTESIAN_POINT ( 'NONE',  ( 2.673023712175972100, -33.38102356820540700, 45.75812014233033400 ) ) ;
#6673 = EDGE_CURVE ( 'NONE', #3164, #10366, #5824, .T. ) ;
#6674 = FACE_OUTER_BOUND ( 'NONE', #3654, .T. ) ;
#6675 = CARTESIAN_POINT ( 'NONE',  ( -15.11752760385748400, -16.52275989687055700, 3.000000000000000000 ) ) ;
#6676 = DIRECTION ( 'NONE',  ( 1.000000000000000000, 1.609823385706476600E-015, -2.312964634635743000E-016 ) ) ;
#6677 = DIRECTION ( 'NONE',  ( 1.606207778533891500E-015, -1.000000000000000000, 5.310319594336538700E-015 ) ) ;
#6678 = FACE_OUTER_BOUND ( 'NONE', #9542, .T. ) ;
#6679 = ORIENTED_EDGE ( 'NONE', *, *, #8336, .T. ) ;
#6680 = B_SPLINE_CURVE_WITH_KNOTS ( 'NONE', 3,
 ( #1379, #7138, #2220, #2156, #7931, #3049, #1308, #10338, #2902, #387, #8821, #2190, #3892, #4695, #8782, #2975, #9505, #429, #2119, #1267, #10448, #7071, #7893, #3780, #3859, #5526, #7174, #537, #7996, #2253, #9678, #2387 ),
 .UNSPECIFIED., .F., .F.,
 ( 4, 2, 2, 2, 2, 2, 2, 2, 2, 2, 2, 2, 2, 2, 2, 4 ),
 ( 8.673617379884035500E-019, 0.0003978912550167412200, 0.0007957825100334815700, 0.001193673765050221900, 0.001591565020066962300, 0.001989456275083702500, 0.002387347530100442900, 0.003183130040133931500, 0.003581021295150676200, 0.003978912550167423200, 0.004376803805184168800, 0.004774695060200914400, 0.005172586315217660900, 0.005570477570234406500, 0.005968368825251152900, 0.006366260080267898600 ),
 .UNSPECIFIED. ) ;
#6681 = DIRECTION ( 'NONE',  ( -1.000000000000000000, 0.0000000000000000000, 0.0000000000000000000 ) ) ;
#6682 = DIRECTION ( 'NONE',  ( 0.0000000000000000000, 1.000000000000000000, 0.0000000000000000000 ) ) ;
#6683 = LINE ( 'NONE', #5175, #3177 ) ;
#6684 = CARTESIAN_POINT ( 'NONE',  ( -13.53881704803933100, 70.48310668740398900, 30.50000000000000000 ) ) ;
#6685 = CARTESIAN_POINT ( 'NONE',  ( 50.16044702067368600, -5.782694442137692900, 26.17902992074464700 ) ) ;
#6686 = AXIS2_PLACEMENT_3D ( 'NONE', #3974, #5682, #3173 ) ;
#6687 = DIRECTION ( 'NONE',  ( -0.0000000000000000000, -0.0000000000000000000, 1.000000000000000000 ) ) ;
#6688 = LINE ( 'NONE', #5030, #3703 ) ;
#6689 = VERTEX_POINT ( 'NONE', #10404 ) ;
#6690 = EDGE_CURVE ( 'NONE', #2696, #907, #3234, .T. ) ;
#6691 = DIRECTION ( 'NONE',  ( 0.0000000000000000000, 0.0000000000000000000, -1.000000000000000000 ) ) ;
#6692 = ADVANCED_FACE ( 'NONE', ( #5047 ), #3101, .F. ) ;
#6693 = DIRECTION ( 'NONE',  ( 0.0000000000000000000, -1.000000000000000000, 0.0000000000000000000 ) ) ;
#6694 = DIRECTION ( 'NONE',  ( 0.0000000000000000000, 3.540213062891026400E-015, -1.000000000000000000 ) ) ;
#6695 = VECTOR ( 'NONE', #4884, 1000.000000000000000 ) ;
#6696 = DIRECTION ( 'NONE',  ( 1.000000000000000000, 1.603063405027194900E-016, 0.0000000000000000000 ) ) ;
#6697 = EDGE_CURVE ( 'NONE', #5359, #3111, #2402, .T. ) ;
#6698 = ORIENTED_EDGE ( 'NONE', *, *, #2470, .T. ) ;
#6699 = CARTESIAN_POINT ( 'NONE',  ( 6.463329859779085100, 68.34488339686380700, 46.37546170744725100 ) ) ;
#6700 = AXIS2_PLACEMENT_3D ( 'NONE', #5817, #9946, #5850 ) ;
#6701 = EDGE_CURVE ( 'NONE', #7476, #6121, #2448, .T. ) ;
#6702 = FACE_BOUND ( 'NONE', #3845, .T. ) ;
#6703 = DIRECTION ( 'NONE',  ( -1.594400883811535600E-015, 1.000000000000000000, -1.047444401652940000E-014 ) ) ;
#6704 = AXIS2_PLACEMENT_3D ( 'NONE', #4565, #7874, #9373 ) ;
#6705 = CIRCLE ( 'NONE', #3488, 60.00000000000000700 ) ;
#6706 = CARTESIAN_POINT ( 'NONE',  ( 20.69566049128194500, 68.04070974003171600, 47.44502177122846800 ) ) ;
#6707 = CARTESIAN_POINT ( 'NONE',  ( 2.855774448673008300, -33.19220330655856800, 46.37164858284342700 ) ) ;
#6708 = FACE_OUTER_BOUND ( 'NONE', #6204, .T. ) ;
#6709 = ORIENTED_EDGE ( 'NONE', *, *, #10436, .F. ) ;
#6710 = DIRECTION ( 'NONE',  ( 1.000000000000000000, -0.0000000000000000000, -0.0000000000000000000 ) ) ;
#6711 = CARTESIAN_POINT ( 'NONE',  ( 49.16044702067371500, 68.52687554205161300, 45.69744987483697000 ) ) ;
#6712 = FACE_OUTER_BOUND ( 'NONE', #8190, .T. ) ;
#6713 = DIRECTION ( 'NONE',  ( 0.0000000000000000000, 0.0000000000000000000, 1.000000000000000000 ) ) ;
#6714 = SPHERICAL_SURFACE ( 'NONE', #8184, 1.000000000000000000 ) ;
#6715 = VERTEX_POINT ( 'NONE', #1292 ) ;
#6716 = EDGE_CURVE ( 'NONE', #6176, #10373, #7753, .T. ) ;
#6717 = CARTESIAN_POINT ( 'NONE',  ( 6.660447020673698800, 71.31277590714870500, 45.50000000000000000 ) ) ;
#6718 = CARTESIAN_POINT ( 'NONE',  ( 45.16044702067369300, 10.48310668740399400, 30.50000000000000000 ) ) ;
#6719 = AXIS2_PLACEMENT_3D ( 'NONE', #8165, #3299, #784 ) ;
#6720 = CARTESIAN_POINT ( 'NONE',  ( 34.42540225531072900, 68.14726248366470400, 13.92136558584264200 ) ) ;
#6721 = CARTESIAN_POINT ( 'NONE',  ( -40.32174440694555500, 68.22415226669726000, 46.80892437815208500 ) ) ;
#6722 = CARTESIAN_POINT ( 'NONE',  ( 47.41044702067365100, 68.83433092090103900, 13.10889571142229900 ) ) ;
#6723 = CYLINDRICAL_SURFACE ( 'NONE', #3656, 1.899999999999999700 ) ;
#6724 = CARTESIAN_POINT ( 'NONE',  ( -61.04602967032580100, -5.782694442137692900, 26.17902992074464700 ) ) ;
#6725 = CARTESIAN_POINT ( 'NONE',  ( -12.58144891062961400, 68.31296929035831100, 46.49123464712621300 ) ) ;
#6726 = VERTEX_POINT ( 'NONE', #457 ) ;
#6727 = DIRECTION ( 'NONE',  ( 1.000000000000000000, 0.0000000000000000000, 0.0000000000000000000 ) ) ;
#6728 = CARTESIAN_POINT ( 'NONE',  ( -56.80979467565266100, 68.04017663669738200, 13.55316419702326600 ) ) ;
#6729 = CARTESIAN_POINT ( 'NONE',  ( 50.21238444981742100, -28.54671882198358500, 52.26016853262357400 ) ) ;
#6730 = DIRECTION ( 'NONE',  ( 1.000000000000000000, 0.0000000000000000000, 0.0000000000000000000 ) ) ;
#6731 = CIRCLE ( 'NONE', #7236, 1.399999999999998600 ) ;
#6732 = CARTESIAN_POINT ( 'NONE',  ( -71.04602967032580800, -27.58271795291771500, 58.55017742233655300 ) ) ;
#6733 = ORIENTED_EDGE ( 'NONE', *, *, #1614, .F. ) ;
#6734 = EDGE_CURVE ( 'NONE', #10482, #1193, #3620, .T. ) ;
#6735 = DIRECTION ( 'NONE',  ( 0.0000000000000000000, 1.000000000000000000, 0.0000000000000000000 ) ) ;
#6736 = CARTESIAN_POINT ( 'NONE',  ( -58.24112259762321000, -30.23109038332447400, 13.70986368167312200 ) ) ;
#6737 = VERTEX_POINT ( 'NONE', #5478 ) ;
#6738 = DIRECTION ( 'NONE',  ( -1.000000000000000000, -1.609823385706476600E-015, 2.312964634635743000E-016 ) ) ;
#6739 = CARTESIAN_POINT ( 'NONE',  ( -17.07435095397204300, 70.48310668740398900, 30.50000000000000000 ) ) ;
#6740 = LINE ( 'NONE', #7018, #1419 ) ;
#6741 = ORIENTED_EDGE ( 'NONE', *, *, #1973, .F. ) ;
#6742 = ADVANCED_FACE ( 'NONE', ( #6080 ), #1410, .F. ) ;
#6743 = CARTESIAN_POINT ( 'NONE',  ( -14.11752760385748600, -9.714477141289696200E-016, 9.140568438989676200E-032 ) ) ;
#6744 = CARTESIAN_POINT ( 'NONE',  ( -24.72894722976286600, -33.08351502693746900, 14.28598676118488000 ) ) ;
#6745 = ORIENTED_EDGE ( 'NONE', *, *, #4109, .T. ) ;
#6746 = B_SPLINE_CURVE_WITH_KNOTS ( 'NONE', 3,
 ( #307, #6118, #4618, #7059, #10303, #9417, #9455, #6271, #1295, #372, #2106, #7094, #1138, #6158, #1173, #6198, #4538, #3812, #10262, #1218, #2816, #3659, #7019, #7884 ),
 .UNSPECIFIED., .F., .F.,
 ( 4, 2, 2, 2, 2, 2, 2, 2, 2, 2, 2, 4 ),
 ( 0.006369424049232964300, 0.006769429621276876700, 0.007169435193320789100, 0.007969446337408606100, 0.008769457481496423900, 0.009169463053540334600, 0.009569468625584245200, 0.01036947976967204600, 0.01076948534171594100, 0.01116949091375983600, 0.01196950205784761900, 0.01276951320193540400 ),
 .UNSPECIFIED. ) ;
#6747 = B_SPLINE_CURVE_WITH_KNOTS ( 'NONE', 3,
 ( #5947, #68, #2538, #3370, #9139, #7456, #5121, #894, #10013, #4216, #2571, #9973, #4978, #5877, #131, #3406, #5082, #4148, #1780, #7564, #2608, #8240, #8379, #1630, #7421, #3306, #10729, #5806, #824, #6644, #6022, #4321, #1850, #8455 ),
 .UNSPECIFIED., .F., .F.,
 ( 4, 2, 2, 2, 2, 2, 2, 2, 2, 2, 2, 2, 2, 2, 2, 2, 4 ),
 ( 6.938893903907228400E-018, 0.0004000698325101554000, 0.0008001396650203038600, 0.001200209497530452400, 0.001600279330040600800, 0.002000349162550749100, 0.002400418995060897900, 0.002800488827571046300, 0.003200558660081194600, 0.003600628492591343000, 0.004000698325101491300, 0.004400768157611640100, 0.004800837990121788900, 0.005200907822631936800, 0.005600977655142085600, 0.006001047487652233500, 0.006401117320162382300 ),
 .UNSPECIFIED. ) ;
#6748 = EDGE_CURVE ( 'NONE', #3253, #4019, #353, .T. ) ;
#6749 = CIRCLE ( 'NONE', #6616, 52.92058191901602300 ) ;
#6750 = CARTESIAN_POINT ( 'NONE',  ( 54.32621368453427400, 49.35070674561333700, 3.000000000000000000 ) ) ;
#6751 = CARTESIAN_POINT ( 'NONE',  ( -15.46568036110676500, 70.46066004904152200, 28.85447600243052700 ) ) ;
#6752 = EDGE_LOOP ( 'NONE', ( #6856, #1311, #6911, #4805 ) ) ;
#6753 = CARTESIAN_POINT ( 'NONE',  ( 35.52321959931308000, 68.02446546358443400, 13.50023440605407600 ) ) ;
#6754 = CARTESIAN_POINT ( 'NONE',  ( -9.600490427453172200, 70.82034869124891000, 47.07544141014533100 ) ) ;
#6755 = CARTESIAN_POINT ( 'NONE',  ( -12.83955297932623600, 20.56252476838795900, 30.50000000000000400 ) ) ;
#6756 = ORIENTED_EDGE ( 'NONE', *, *, #8719, .T. ) ;
#6757 = ORIENTED_EDGE ( 'NONE', *, *, #5200, .T. ) ;
#6758 = CARTESIAN_POINT ( 'NONE',  ( 6.660447020673717400, 68.57785688051524200, 15.50000000000000000 ) ) ;
#6759 = ORIENTED_EDGE ( 'NONE', *, *, #4520, .T. ) ;
#6760 = ORIENTED_EDGE ( 'NONE', *, *, #9722, .T. ) ;
#6761 = CARTESIAN_POINT ( 'NONE',  ( -40.93816563790451100, 70.74892922589572200, 13.70965140868847800 ) ) ;
#6762 = CARTESIAN_POINT ( 'NONE',  ( 37.66044702067377900, 17.29239248953933100, 30.50000000000000400 ) ) ;
#6763 = ORIENTED_EDGE ( 'NONE', *, *, #2036, .F. ) ;
#6764 = AXIS2_PLACEMENT_3D ( 'NONE', #636, #7452, #4932 ) ;
#6765 = CARTESIAN_POINT ( 'NONE',  ( 18.40524396446233600, 68.31299051968288400, 14.50733126608358600 ) ) ;
#6766 = AXIS2_PLACEMENT_3D ( 'NONE', #7685, #1057, #5242 ) ;
#6767 = ORIENTED_EDGE ( 'NONE', *, *, #9793, .F. ) ;
#6768 = DIRECTION ( 'NONE',  ( -1.000000000000000000, -0.0000000000000000000, 0.0000000000000000000 ) ) ;
#6769 = CARTESIAN_POINT ( 'NONE',  ( -71.04602967032580800, 63.16199222007411200, 3.665112136637782600 ) ) ;
#6770 = ORIENTED_EDGE ( 'NONE', *, *, #3181, .F. ) ;
#6771 = EDGE_LOOP ( 'NONE', ( #4977, #7010, #437, #9068, #8710, #266 ) ) ;
#6772 = CARTESIAN_POINT ( 'NONE',  ( 36.99924802116407100, 70.84798285723593400, 46.99152284956494400 ) ) ;
#6773 = VERTEX_POINT ( 'NONE', #6130 ) ;
#6774 = CARTESIAN_POINT ( 'NONE',  ( -8.839552979326317200, 71.31277590714870500, 15.50000000000000000 ) ) ;
#6775 = CARTESIAN_POINT ( 'NONE',  ( -17.48955297932634100, 68.44617026388614500, 41.51286796564298200 ) ) ;
#6776 = CARTESIAN_POINT ( 'NONE',  ( 4.529239696748502900, -32.82330316228681300, 47.50014823481634400 ) ) ;
#6777 = CIRCLE ( 'NONE', #7779, 60.00000000000000000 ) ;
#6778 = DIRECTION ( 'NONE',  ( 1.000000000000000000, 0.0000000000000000000, 0.0000000000000000000 ) ) ;
#6779 = EDGE_CURVE ( 'NONE', #5142, #241, #1015, .T. ) ;
#6780 = CARTESIAN_POINT ( 'NONE',  ( -8.839552979326148500, -30.72293962258783800, 45.50000000000000000 ) ) ;
#6781 = DIRECTION ( 'NONE',  ( 1.000000000000000000, 0.0000000000000000000, 0.0000000000000000000 ) ) ;
#6782 = ORIENTED_EDGE ( 'NONE', *, *, #10155, .T. ) ;
#6783 = AXIS2_PLACEMENT_3D ( 'NONE', #10500, #8874, #1366 ) ;
#6784 = AXIS2_PLACEMENT_3D ( 'NONE', #10412, #743, #3226 ) ;
#6785 = CARTESIAN_POINT ( 'NONE',  ( 51.43874400962457800, 68.02936668293243400, 47.48316957576801700 ) ) ;
#6786 = ORIENTED_EDGE ( 'NONE', *, *, #5566, .T. ) ;
#6787 = ORIENTED_EDGE ( 'NONE', *, *, #3094, .T. ) ;
#6788 = DIRECTION ( 'NONE',  ( 1.000000000000000000, -0.0000000000000000000, -0.0000000000000000000 ) ) ;
#6789 = VECTOR ( 'NONE', #9333, 1000.000000000000000 ) ;
#6790 = DIRECTION ( 'NONE',  ( 1.000000000000000000, 1.609823385706476600E-015, -0.0000000000000000000 ) ) ;
#6791 = DIRECTION ( 'NONE',  ( 1.000000000000000000, 1.603063405027194900E-016, 0.0000000000000000000 ) ) ;
#6792 = CARTESIAN_POINT ( 'NONE',  ( 20.02923969674849400, -32.82330316228680500, 47.50014823481632900 ) ) ;
#6793 = ORIENTED_EDGE ( 'NONE', *, *, #12, .T. ) ;
#6794 = CARTESIAN_POINT ( 'NONE',  ( -12.64422555132717800, 71.04712056448595100, 46.37164858284342700 ) ) ;
#6795 = VERTEX_POINT ( 'NONE', #6452 ) ;
#6796 = VERTEX_POINT ( 'NONE', #4464 ) ;
#6797 = CARTESIAN_POINT ( 'NONE',  ( 6.660447020673865700, -33.45785864922130800, 15.50000000000000000 ) ) ;
#6798 = ADVANCED_FACE ( 'NONE', ( #7234 ), #6602, .T. ) ;
#6799 = VECTOR ( 'NONE', #3402, 1000.000000000000000 ) ;
#6800 =( GEOMETRIC_REPRESENTATION_CONTEXT ( 3 ) GLOBAL_UNCERTAINTY_ASSIGNED_CONTEXT ( ( #9210 ) ) GLOBAL_UNIT_ASSIGNED_CONTEXT ( ( #9470, #8637, #3598 ) ) REPRESENTATION_CONTEXT ( 'NONE', 'WORKASPACE' ) );
#6801 = CARTESIAN_POINT ( 'NONE',  ( -39.83752760385750200, 33.35024010312945800, -1.040834085586084300E-014 ) ) ;
#6802 = DIRECTION ( 'NONE',  ( 0.0000000000000000000, 0.0000000000000000000, 1.000000000000000000 ) ) ;
#6803 = EDGE_CURVE ( 'NONE', #10331, #150, #8781, .T. ) ;
#6804 = CARTESIAN_POINT ( 'NONE',  ( 51.00136078269596100, -29.58428584231534600, 49.37764437714802300 ) ) ;
#6805 = CARTESIAN_POINT ( 'NONE',  ( -59.33955297932633500, 70.48310668740397500, 30.50000000000000000 ) ) ;
#6806 = CYLINDRICAL_SURFACE ( 'NONE', #5135, 1.000000000000000900 ) ;
#6807 = CARTESIAN_POINT ( 'NONE',  ( -26.60579053462628700, -32.82785786935673400, 47.48673861149426800 ) ) ;
#6808 = EDGE_LOOP ( 'NONE', ( #8029, #9314, #4333, #9473, #3665 ) ) ;
#6809 = FACE_OUTER_BOUND ( 'NONE', #7363, .T. ) ;
#6810 = CARTESIAN_POINT ( 'NONE',  ( -43.07459774468913600, -30.29234522573731400, 13.92136558584264500 ) ) ;
#6811 = ADVANCED_FACE ( 'NONE', ( #7490 ), #9557, .T. ) ;
#6812 = CYLINDRICAL_SURFACE ( 'NONE', #10511, 1.000000000000000900 ) ;
#6813 = DIRECTION ( 'NONE',  ( 1.609823385706476600E-015, -1.000000000000000000, -4.165779463821302700E-032 ) ) ;
#6814 = VERTEX_POINT ( 'NONE', #5938 ) ;
#6815 = CARTESIAN_POINT ( 'NONE',  ( -39.83955297932632100, 73.48310668740404600, 45.50000000000000000 ) ) ;
#6816 = CARTESIAN_POINT ( 'NONE',  ( -14.11752760385748600, 36.09024010312946700, 4.000000000000001800 ) ) ;
#6817 = EDGE_CURVE ( 'NONE', #6357, #9626, #7367, .T. ) ;
#6818 = DIRECTION ( 'NONE',  ( 1.000000000000000000, 0.0000000000000000000, 0.0000000000000000000 ) ) ;
#6819 = CARTESIAN_POINT ( 'NONE',  ( -71.04602967032587900, 118.4771256549985000, 30.50000000000004600 ) ) ;
#6820 = TOROIDAL_SURFACE ( 'NONE', #5457, 3.500000000000002200, 1.000000000000000000 ) ;
#6821 = CARTESIAN_POINT ( 'NONE',  ( -24.58405183253860900, -33.15467685960809500, 14.50803016031318800 ) ) ;
#6822 = EDGE_LOOP ( 'NONE', ( #19, #1039, #2781, #9610 ) ) ;
#6823 = VECTOR ( 'NONE', #9061, 1000.000000000000000 ) ;
#6824 = EDGE_LOOP ( 'NONE', ( #3108, #6757 ) ) ;
#6825 = CARTESIAN_POINT ( 'NONE',  ( 50.82687497965825700, -30.17697348957331000, 47.47462767900078300 ) ) ;
#6826 = CARTESIAN_POINT ( 'NONE',  ( -71.04602967032580800, 61.17492835968160100, 48.16909574168947500 ) ) ;
#6827 = DIRECTION ( 'NONE',  ( 0.0000000000000000000, 0.0000000000000000000, 1.000000000000000000 ) ) ;
#6828 = VECTOR ( 'NONE', #8394, 1000.000000000000000 ) ;
#6829 = AXIS2_PLACEMENT_3D ( 'NONE', #5746, #10633, #4847 ) ;
#6830 = VECTOR ( 'NONE', #8487, 1000.000000000000000 ) ;
#6831 = EDGE_CURVE ( 'NONE', #3962, #8573, #6922, .T. ) ;
#6832 = ORIENTED_EDGE ( 'NONE', *, *, #10386, .F. ) ;
#6833 = CARTESIAN_POINT ( 'NONE',  ( 45.16044702067369300, 54.90992920665785700, 3.000000000000000000 ) ) ;
#6834 = CARTESIAN_POINT ( 'NONE',  ( -13.11752760385748600, 37.09024010312946700, 9.263639781882645300 ) ) ;
#6835 = FACE_OUTER_BOUND ( 'NONE', #5722, .T. ) ;
#6836 = CARTESIAN_POINT ( 'NONE',  ( 47.76826795132643600, 69.43327625282671500, 41.67496845832093300 ) ) ;
#6837 = CARTESIAN_POINT ( 'NONE',  ( -28.33955297932616400, -30.72293962258784100, 15.50000000000000000 ) ) ;
#6838 = VECTOR ( 'NONE', #4469, 1000.000000000000000 ) ;
#6839 = VECTOR ( 'NONE', #5582, 1000.000000000000000 ) ;
#6840 = DIRECTION ( 'NONE',  ( 1.609823385706476600E-015, -1.000000000000000000, -4.165779463821302700E-032 ) ) ;
#6841 = CIRCLE ( 'NONE', #1486, 0.5000000000000004400 ) ;
#6842 = CARTESIAN_POINT ( 'NONE',  ( -61.04602967032580100, 64.23011617120123200, 50.10000000000002300 ) ) ;
#6843 = CARTESIAN_POINT ( 'NONE',  ( 25.21538155747727900, 36.23537662187904800, 10.26363978188264500 ) ) ;
#6844 = EDGE_CURVE ( 'NONE', #3819, #4270, #9416, .T. ) ;
#6845 = DIRECTION ( 'NONE',  ( 1.000000000000000000, 1.609823385706476600E-015, -0.0000000000000000000 ) ) ;
#6846 = CARTESIAN_POINT ( 'NONE',  ( -9.938165637904498700, 70.74892922589577900, 13.70965140868847200 ) ) ;
#6847 = LINE ( 'NONE', #5564, #9152 ) ;
#6848 = CARTESIAN_POINT ( 'NONE',  ( 49.16044702067370100, 73.48310668740420200, 15.50000000000000000 ) ) ;
#6849 = ORIENTED_EDGE ( 'NONE', *, *, #5115, .T. ) ;
#6850 = DIRECTION ( 'NONE',  ( 0.0000000000000000000, -0.0000000000000000000, -1.000000000000000000 ) ) ;
#6851 = DIRECTION ( 'NONE',  ( 0.0000000000000000000, 0.0000000000000000000, -1.000000000000000000 ) ) ;
#6852 = CARTESIAN_POINT ( 'NONE',  ( 22.16044702067368600, 71.31277590714870500, 45.50000000000000000 ) ) ;
#6853 = VECTOR ( 'NONE', #947, 1000.000000000000000 ) ;
#6854 = EDGE_CURVE ( 'NONE', #6670, #6107, #5083, .T. ) ;
#6855 = CARTESIAN_POINT ( 'NONE',  ( 49.25972320665308500, -30.55528424148092600, 14.86456217552655400 ) ) ;
#6856 = ORIENTED_EDGE ( 'NONE', *, *, #828, .T. ) ;
#6857 = AXIS2_PLACEMENT_3D ( 'NONE', #8871, #6541, #648 ) ;
#6858 = DIRECTION ( 'NONE',  ( 0.0000000000000000000, 0.0000000000000000000, 1.000000000000000000 ) ) ;
#6859 = CARTESIAN_POINT ( 'NONE',  ( 18.17302371217598300, -33.38102356820540700, 45.75812014233033400 ) ) ;
#6860 = CARTESIAN_POINT ( 'NONE',  ( 33.66044702067377900, 17.29239248953933100, 30.50000000000000400 ) ) ;
#6861 = EDGE_CURVE ( 'NONE', #9045, #4685, #2505, .T. ) ;
#6862 = ADVANCED_FACE ( 'NONE', ( #880 ), #1288, .F. ) ;
#6863 = VECTOR ( 'NONE', #9534, 1000.000000000000000 ) ;
#6864 = CARTESIAN_POINT ( 'NONE',  ( 50.16044702067368600, 10.79455806419284200, 28.33951496037232300 ) ) ;
#6865 = VERTEX_POINT ( 'NONE', #4496 ) ;
#6866 = VERTEX_POINT ( 'NONE', #3616 ) ;
#6867 = CARTESIAN_POINT ( 'NONE',  ( 42.99352580908208700, 70.48174837524412300, 30.03381471969543200 ) ) ;
#6868 = DIRECTION ( 'NONE',  ( 1.000000000000000000, 1.425225579937531700E-016, 0.0000000000000000000 ) ) ;
#6869 = ORIENTED_EDGE ( 'NONE', *, *, #2758, .T. ) ;
#6870 = VECTOR ( 'NONE', #8128, 1000.000000000000100 ) ;
#6871 = CARTESIAN_POINT ( 'NONE',  ( -71.04602967032580800, 63.63594168900053900, 56.86384176188963800 ) ) ;
#6872 = EDGE_CURVE ( 'NONE', #10117, #2992, #1930, .T. ) ;
#6873 = ORIENTED_EDGE ( 'NONE', *, *, #4091, .T. ) ;
#6874 = CARTESIAN_POINT ( 'NONE',  ( -24.33955297932631400, 73.48310668740407400, 15.50000000000000000 ) ) ;
#6875 = CARTESIAN_POINT ( 'NONE',  ( 41.44247239614252700, -14.90975989687055900, 8.650000000000000400 ) ) ;
#6876 = VERTEX_POINT ( 'NONE', #1251 ) ;
#6877 = ORIENTED_EDGE ( 'NONE', *, *, #5767, .F. ) ;
#6878 = CARTESIAN_POINT ( 'NONE',  ( -71.04602967032580800, -23.32001110175415400, 48.16909574168948200 ) ) ;
#6879 = EDGE_LOOP ( 'NONE', ( #5234, #8696, #891, #5542, #3364, #1189 ) ) ;
#6880 = DIRECTION ( 'NONE',  ( 0.0000000000000000000, 0.0000000000000000000, -1.000000000000000000 ) ) ;
#6881 = ORIENTED_EDGE ( 'NONE', *, *, #7790, .T. ) ;
#6882 = CARTESIAN_POINT ( 'NONE',  ( -13.11752760385748600, -18.52275989687055700, 9.263639781882645300 ) ) ;
#6883 = CARTESIAN_POINT ( 'NONE',  ( -27.67609805246857800, -30.31678452251983600, 14.00650777892164800 ) ) ;
#6884 = VERTEX_POINT ( 'NONE', #6116 ) ;
#6885 = B_SPLINE_CURVE_WITH_KNOTS ( 'NONE', 3,
 ( #4458, #7655, #1134, #1876, #6943, #2811, #10257, #3503, #3693, #4532, #6193, #7841, #10295, #6153, #5357, #6975, #2025, #370, #1210, #7012, #2061, #1167, #7801, #9451 ),
 .UNSPECIFIED., .F., .F.,
 ( 4, 2, 2, 2, 2, 2, 2, 2, 2, 2, 2, 4 ),
 ( 0.006369424049232907100, 0.006769429621276793500, 0.007169435193320680700, 0.007969446337408462100, 0.008769457481496243500, 0.009169463053540136800, 0.009569468625584030100, 0.01036947976967184100, 0.01076948534171574100, 0.01116949091375964300, 0.01196950205784745600, 0.01276951320193527000 ),
 .UNSPECIFIED. ) ;
#6886 = EDGE_CURVE ( 'NONE', #10644, #8301, #4922, .T. ) ;
#6887 = ORIENTED_EDGE ( 'NONE', *, *, #4928, .T. ) ;
#6888 = CARTESIAN_POINT ( 'NONE',  ( 50.63109455567033000, -30.18916715126122300, 13.56676028455133900 ) ) ;
#6889 = ORIENTED_EDGE ( 'NONE', *, *, #3236, .T. ) ;
#6890 = DIRECTION ( 'NONE',  ( 1.000000000000000000, 0.0000000000000000000, -0.0000000000000000000 ) ) ;
#6891 = ORIENTED_EDGE ( 'NONE', *, *, #10540, .T. ) ;
#6892 = CARTESIAN_POINT ( 'NONE',  ( -55.33955297932629200, 71.27443635557023100, 45.62971612474358100 ) ) ;
#6893 = VERTEX_POINT ( 'NONE', #9531 ) ;
#6894 = ORIENTED_EDGE ( 'NONE', *, *, #7963, .T. ) ;
#6895 = DIRECTION ( 'NONE',  ( 1.573428027951569800E-015, -1.000000000000000000, 0.0000000000000000000 ) ) ;
#6896 = AXIS2_PLACEMENT_3D ( 'NONE', #4684, #10437, #3282 ) ;
#6897 = EDGE_LOOP ( 'NONE', ( #8275, #5654, #6497, #10718, #6470 ) ) ;
#6898 = ORIENTED_EDGE ( 'NONE', *, *, #6314, .T. ) ;
#6899 = DIRECTION ( 'NONE',  ( 1.000000000000000000, 3.569163070562645700E-016, 0.0000000000000000000 ) ) ;
#6900 = DIRECTION ( 'NONE',  ( -1.000000000000000000, -1.609823385706476600E-015, 1.156482317317871500E-016 ) ) ;
#6901 = ORIENTED_EDGE ( 'NONE', *, *, #3411, .T. ) ;
#6902 = CARTESIAN_POINT ( 'NONE',  ( 50.16044702067368600, -26.37519891327379200, 53.90000000000002000 ) ) ;
#6903 = CARTESIAN_POINT ( 'NONE',  ( 45.16044702067369300, 56.90992920665785700, 5.000000000000000000 ) ) ;
#6904 = AXIS2_PLACEMENT_3D ( 'NONE', #10090, #4362, #10232 ) ;
#6905 = VECTOR ( 'NONE', #2009, 1000.000000000000000 ) ;
#6906 = DIRECTION ( 'NONE',  ( -1.000000000000000000, 0.0000000000000000000, 0.0000000000000000000 ) ) ;
#6907 = CARTESIAN_POINT ( 'NONE',  ( -19.48955297932634100, 69.77890127105484900, 39.66562843963694000 ) ) ;
#6908 = DIRECTION ( 'NONE',  ( -1.619075244245019800E-015, 1.000000000000000000, 0.0000000000000000000 ) ) ;
#6909 = EDGE_LOOP ( 'NONE', ( #8043, #6146, #9782, #7273, #9574, #2281, #3405, #7124, #7422, #4693, #4070, #7597, #1851, #2021, #7622, #9717, #10709, #5342, #4190, #4850, #7827, #5838, #6793, #9028, #1651, #7630, #7000, #8954, #8045, #9856, #6511, #3634, #3956, #8225, #8414, #6014 ) ) ;
#6910 = ORIENTED_EDGE ( 'NONE', *, *, #270, .F. ) ;
#6911 = ORIENTED_EDGE ( 'NONE', *, *, #622, .F. ) ;
#6912 = CARTESIAN_POINT ( 'NONE',  ( 52.66044702067371500, 62.74133133021667400, 46.82287565553230000 ) ) ;
#6913 = CARTESIAN_POINT ( 'NONE',  ( -132.8082378770764600, 73.48310668740396100, 30.50000000000000400 ) ) ;
#6914 = CARTESIAN_POINT ( 'NONE',  ( -15.11752760385748800, 35.09024010312946700, 3.000000000000000000 ) ) ;
#6915 = LINE ( 'NONE', #2797, #9225 ) ;
#6916 = EDGE_CURVE ( 'NONE', #7628, #6998, #2974, .T. ) ;
#6917 = CARTESIAN_POINT ( 'NONE',  ( -12.74038067647905200, -30.55532435617654500, 46.13529537627118100 ) ) ;
#6918 = DIRECTION ( 'NONE',  ( -1.000000000000000000, -4.857238570644847900E-017, 4.570284219494838400E-033 ) ) ;
#6919 = AXIS2_PLACEMENT_3D ( 'NONE', #9147, #6681, #10019 ) ;
#6920 = CARTESIAN_POINT ( 'NONE',  ( -26.07547791980784500, -30.16934309946357800, 13.49954016622349500 ) ) ;
#6921 = VERTEX_POINT ( 'NONE', #4533 ) ;
#6922 =( BOUNDED_CURVE ( )  B_SPLINE_CURVE ( 3, ( #3469, #7625, #3432, #229 ),
 .UNSPECIFIED., .F., .F. ) 
 B_SPLINE_CURVE_WITH_KNOTS ( ( 4, 4 ),
 ( 1.570796326794896600, 1.631857469516127900 ),
 .UNSPECIFIED. ) 
 CURVE ( )  GEOMETRIC_REPRESENTATION_ITEM ( )  RATIONAL_B_SPLINE_CURVE ( ( 1.000000000000000000, 0.9996893188711549700, 0.9996893188711549700, 1.000000000000000000 ) ) 
 REPRESENTATION_ITEM ( '' )  );
#6923 = DIRECTION ( 'NONE',  ( 1.000000000000000000, 0.0000000000000000000, 0.0000000000000000000 ) ) ;
#6924 = LINE ( 'NONE', #3500, #6415 ) ;
#6925 = CARTESIAN_POINT ( 'NONE',  ( -55.59468170713380200, 71.01102317295438100, 46.48592630112440800 ) ) ;
#6926 = DIRECTION ( 'NONE',  ( 1.000000000000000000, 0.0000000000000000000, -0.0000000000000000000 ) ) ;
#6927 = LINE ( 'NONE', #10593, #2521 ) ;
#6928 = EDGE_LOOP ( 'NONE', ( #7088, #6646, #1977, #7323, #2155, #3139, #9040, #10078, #4604, #961 ) ) ;
#6929 = DIRECTION ( 'NONE',  ( 0.0000000000000000000, 0.0000000000000000000, 1.000000000000000000 ) ) ;
#6930 = CARTESIAN_POINT ( 'NONE',  ( 45.26044702067365200, 67.85138516079007300, 12.92499999999895400 ) ) ;
#6931 = MECHANICAL_DESIGN_GEOMETRIC_PRESENTATION_REPRESENTATION (  '', ( #6179 ), #6800 ) ;
#6932 = EDGE_CURVE ( 'NONE', #6136, #5732, #6126, .T. ) ;
#6933 = FACE_OUTER_BOUND ( 'NONE', #2817, .T. ) ;
#6934 = CARTESIAN_POINT ( 'NONE',  ( -8.839552979326155600, -30.72293962258783800, 15.50000000000000000 ) ) ;
#6935 = DIRECTION ( 'NONE',  ( -1.611847229761783200E-015, 1.000000000000000000, -4.452456921673804600E-015 ) ) ;
#6936 = DIRECTION ( 'NONE',  ( 1.000000000000000000, -0.0000000000000000000, -0.0000000000000000000 ) ) ;
#6937 = CARTESIAN_POINT ( 'NONE',  ( -26.47076030325151700, -32.82330316228681300, 47.50014823481635100 ) ) ;
#6938 = CYLINDRICAL_SURFACE ( 'NONE', #9810, 1.899999999999999000 ) ;
#6939 = ORIENTED_EDGE ( 'NONE', *, *, #8493, .F. ) ;
#6940 = DIRECTION ( 'NONE',  ( 1.000000000000000000, 1.603063405027194900E-016, 0.0000000000000000000 ) ) ;
#6941 = CARTESIAN_POINT ( 'NONE',  ( 50.16044702067368600, -30.24796447045477500, 53.43725393319378000 ) ) ;
#6942 = CARTESIAN_POINT ( 'NONE',  ( -13.11752760385748600, -18.00080557695490000, 10.26363978188264500 ) ) ;
#6943 = CARTESIAN_POINT ( 'NONE',  ( 49.25889165374676500, 71.12157521195028700, 14.86715418018974700 ) ) ;
#6944 = CARTESIAN_POINT ( 'NONE',  ( -40.94182520693612300, -30.23050457523964200, 13.70785373847572300 ) ) ;
#6945 = FACE_BOUND ( 'NONE', #8065, .T. ) ;
#6946 = CARTESIAN_POINT ( 'NONE',  ( -10.83955297932631000, 73.48310668740410300, 45.50000000000000000 ) ) ;
#6947 = CARTESIAN_POINT ( 'NONE',  ( -9.231793644322985800, 68.25005060174734700, 14.28218670468145900 ) ) ;
#6948 = DIRECTION ( 'NONE',  ( 1.000000000000000000, 1.387778780781446500E-015, 0.0000000000000000000 ) ) ;
#6949 = ORIENTED_EDGE ( 'NONE', *, *, #9609, .F. ) ;
#6950 = EDGE_CURVE ( 'NONE', #2560, #2590, #4210, .T. ) ;
#6951 = CARTESIAN_POINT ( 'NONE',  ( 25.88247239614251800, -17.52275989687055700, 4.000000000000001800 ) ) ;
#6952 = FACE_OUTER_BOUND ( 'NONE', #1852, .T. ) ;
#6953 = CARTESIAN_POINT ( 'NONE',  ( 18.41657429237881200, 71.01045606481395100, 46.48771649178681300 ) ) ;
#6954 = CYLINDRICAL_SURFACE ( 'NONE', #10680, 1.000000000000000900 ) ;
#6955 = CARTESIAN_POINT ( 'NONE',  ( 50.16044702067368600, 64.23011617120123200, 52.00000000000002100 ) ) ;
#6956 = LINE ( 'NONE', #10409, #1258 ) ;
#6957 = LINE ( 'NONE', #8979, #9642 ) ;
#6958 = CARTESIAN_POINT ( 'NONE',  ( 49.16044702067387800, -30.67195828412420500, 45.69744987483697700 ) ) ;
#6959 = CARTESIAN_POINT ( 'NONE',  ( -59.33955297932615000, -33.45785864922134300, 45.50000000000000000 ) ) ;
#6960 = CARTESIAN_POINT ( 'NONE',  ( -61.04602967032579400, 63.57531163979637500, 57.36015214575593300 ) ) ;
#6961 = AXIS2_PLACEMENT_3D ( 'NONE', #2508, #8175, #5018 ) ;
#6962 = CIRCLE ( 'NONE', #6980, 2.500000000000002200 ) ;
#6963 = CIRCLE ( 'NONE', #4686, 3.500000000000003100 ) ;
#6964 = DIRECTION ( 'NONE',  ( 0.0000000000000000000, 0.0000000000000000000, 1.000000000000000000 ) ) ;
#6965 = ORIENTED_EDGE ( 'NONE', *, *, #9042, .T. ) ;
#6966 = CARTESIAN_POINT ( 'NONE',  ( 3.633049540720573400, -32.91217771585280600, 13.76377908748838400 ) ) ;
#6967 = CARTESIAN_POINT ( 'NONE',  ( -71.04602967032583600, -28.37519891327388100, 60.00000000000000700 ) ) ;
#6968 = CARTESIAN_POINT ( 'NONE',  ( 33.75972320665307800, -30.55528424148091900, 14.86456217552655600 ) ) ;
#6969 = DIRECTION ( 'NONE',  ( 0.0000000000000000000, 1.000000000000000000, 0.0000000000000000000 ) ) ;
#6970 = VECTOR ( 'NONE', #507, 1000.000000000000000 ) ;
#6971 = DIRECTION ( 'NONE',  ( -0.0000000000000000000, 1.000000000000000000, -0.0000000000000000000 ) ) ;
#6972 = CARTESIAN_POINT ( 'NONE',  ( -14.11752760385748400, -9.714477141289696200E-016, 4.000000000000000000 ) ) ;
#6973 = CARTESIAN_POINT ( 'NONE',  ( -18.99978767295986500, 69.55629135305243000, 41.00561718158113700 ) ) ;
#6974 = ORIENTED_EDGE ( 'NONE', *, *, #7122, .T. ) ;
#6975 = CARTESIAN_POINT ( 'NONE',  ( 52.06183436209552400, 70.74892922589576500, 13.70965140868848000 ) ) ;
#6976 = EDGE_CURVE ( 'NONE', #4759, #3128, #2279, .T. ) ;
#6977 = EDGE_CURVE ( 'NONE', #7314, #4322, #9818, .T. ) ;
#6978 = CARTESIAN_POINT ( 'NONE',  ( -40.60864279807773900, -30.29143031251385000, 13.91818639255003000 ) ) ;
#6979 = AXIS2_PLACEMENT_3D ( 'NONE', #2072, #9461, #5370 ) ;
#6980 = AXIS2_PLACEMENT_3D ( 'NONE', #7553, #3501, #1765 ) ;
#6981 = VECTOR ( 'NONE', #556, 1000.000000000000000 ) ;
#6982 = CARTESIAN_POINT ( 'NONE',  ( 52.39135720192214100, 68.14634757044127900, 13.91818639255003400 ) ) ;
#6983 = ORIENTED_EDGE ( 'NONE', *, *, #1934, .F. ) ;
#6984 = DIRECTION ( 'NONE',  ( 1.000000000000000000, 4.857238570644848500E-017, -4.570284219494838400E-033 ) ) ;
#6985 = DIRECTION ( 'NONE',  ( 1.604619215278546600E-015, -1.000000000000000000, 0.0000000000000000000 ) ) ;
#6986 = CARTESIAN_POINT ( 'NONE',  ( 21.76427029183177800, 70.94210176516112700, 46.70182250880206700 ) ) ;
#6987 = ADVANCED_FACE ( 'NONE', ( #5572 ), #7626, .F. ) ;
#6988 = ORIENTED_EDGE ( 'NONE', *, *, #2065, .F. ) ;
#6989 = CARTESIAN_POINT ( 'NONE',  ( 42.77674468271879200, 64.69007228669777000, 29.82261583846605300 ) ) ;
#6990 = CARTESIAN_POINT ( 'NONE',  ( 25.88247239614252100, -16.85688299843114300, 9.283996658764849000 ) ) ;
#6991 = ORIENTED_EDGE ( 'NONE', *, *, #1823, .T. ) ;
#6992 = AXIS2_PLACEMENT_3D ( 'NONE', #8089, #3142, #8911 ) ;
#6993 = DIRECTION ( 'NONE',  ( -1.000000000000000000, 0.0000000000000000000, 0.0000000000000000000 ) ) ;
#6994 = CARTESIAN_POINT ( 'NONE',  ( -28.33955297932632400, 68.57785688051521300, 45.50000000000000000 ) ) ;
#6995 = EDGE_CURVE ( 'NONE', #5732, #5952, #9290, .T. ) ;
#6996 = CARTESIAN_POINT ( 'NONE',  ( -8.839552979326310100, 71.31277590714870500, 45.50000000000000000 ) ) ;
#6997 = CARTESIAN_POINT ( 'NONE',  ( 2.660447020673863100, -33.45785864922133600, 45.50000000000000000 ) ) ;
#6998 = VERTEX_POINT ( 'NONE', #2273 ) ;
#6999 = CARTESIAN_POINT ( 'NONE',  ( 49.41657429237899600, -33.15553880688657500, 46.48771649178679900 ) ) ;
#7000 = ORIENTED_EDGE ( 'NONE', *, *, #7261, .T. ) ;
#7001 = CARTESIAN_POINT ( 'NONE',  ( 34.42407939908359500, -32.96473535373272800, 47.07755070606837200 ) ) ;
#7002 = FACE_OUTER_BOUND ( 'NONE', #5459, .T. ) ;
#7003 = ORIENTED_EDGE ( 'NONE', *, *, #3175, .T. ) ;
#7004 = DIRECTION ( 'NONE',  ( 1.000000000000000000, 0.0000000000000000000, 0.0000000000000000000 ) ) ;
#7005 = CARTESIAN_POINT ( 'NONE',  ( 50.42334717408008500, 65.94099831564190600, 51.15210295212743600 ) ) ;
#7006 = CARTESIAN_POINT ( 'NONE',  ( -15.63244619813978400, 64.83310363623054700, 29.05809524416776700 ) ) ;
#7007 = DIRECTION ( 'NONE',  ( 1.609823385706476600E-015, -1.000000000000000000, -4.165779463821302700E-032 ) ) ;
#7008 = EDGE_LOOP ( 'NONE', ( #9937, #5727, #6199, #8561 ) ) ;
#7009 = CARTESIAN_POINT ( 'NONE',  ( -14.67345486165339000, 64.26494542027639100, 32.09497253250599200 ) ) ;
#7010 = ORIENTED_EDGE ( 'NONE', *, *, #9272, .T. ) ;
#7011 = EDGE_CURVE ( 'NONE', #88, #1899, #9162, .T. ) ;
#7012 = CARTESIAN_POINT ( 'NONE',  ( 52.77105277023697700, 70.93843228486484500, 14.28598676118488200 ) ) ;
#7013 = VERTEX_POINT ( 'NONE', #10501 ) ;
#7014 = VERTEX_POINT ( 'NONE', #4787 ) ;
#7015 = CARTESIAN_POINT ( 'NONE',  ( 43.45971108938665100, 70.48310668740398900, 30.50000000000000000 ) ) ;
#7016 = ORIENTED_EDGE ( 'NONE', *, *, #2271, .T. ) ;
#7017 = ADVANCED_FACE ( 'NONE', ( #7118 ), #5544, .T. ) ;
#7018 = CARTESIAN_POINT ( 'NONE',  ( 50.16044702067368600, 63.63594168900053900, 56.86384176188961700 ) ) ;
#7019 = CARTESIAN_POINT ( 'NONE',  ( -55.33955297932630700, 71.23612436353394600, 15.24066099409187700 ) ) ;
#7020 = ORIENTED_EDGE ( 'NONE', *, *, #473, .F. ) ;
#7021 = DIRECTION ( 'NONE',  ( 0.0000000000000000000, -1.000000000000000000, 0.0000000000000000000 ) ) ;
#7022 = PLANE ( 'NONE',  #8481 ) ;
#7023 = EDGE_LOOP ( 'NONE', ( #1556, #6411 ) ) ;
#7024 = VERTEX_POINT ( 'NONE', #8014 ) ;
#7025 = ORIENTED_EDGE ( 'NONE', *, *, #6449, .T. ) ;
#7026 = AXIS2_PLACEMENT_3D ( 'NONE', #10320, #2921, #6108 ) ;
#7027 = CARTESIAN_POINT ( 'NONE',  ( 25.86928193496217800, 35.51996675275351100, 9.509931843722046800 ) ) ;
#7028 = EDGE_CURVE ( 'NONE', #2442, #6440, #5451, .T. ) ;
#7029 = VECTOR ( 'NONE', #3, 1000.000000000000000 ) ;
#7030 = CARTESIAN_POINT ( 'NONE',  ( -56.04602967032580800, -23.95501194873044100, 5.000000000000000000 ) ) ;
#7031 = DIRECTION ( 'NONE',  ( -1.000000000000000000, 0.0000000000000000000, -0.0000000000000000000 ) ) ;
#7032 = CARTESIAN_POINT ( 'NONE',  ( 60.16044702067369300, -26.37519891327379200, 52.00000000000002100 ) ) ;
#7033 = ORIENTED_EDGE ( 'NONE', *, *, #6506, .T. ) ;
#7034 = ORIENTED_EDGE ( 'NONE', *, *, #5555, .F. ) ;
#7035 = ORIENTED_EDGE ( 'NONE', *, *, #9250, .F. ) ;
#7036 = ORIENTED_EDGE ( 'NONE', *, *, #354, .T. ) ;
#7037 = VECTOR ( 'NONE', #7759, 1000.000000000000000 ) ;
#7038 = CARTESIAN_POINT ( 'NONE',  ( 3.998173509918192500, -32.85995717106046500, 13.60820298217128500 ) ) ;
#7039 = EDGE_CURVE ( 'NONE', #8500, #7653, #502, .T. ) ;
#7040 = DIRECTION ( 'NONE',  ( 1.000000000000000000, 0.0000000000000000000, 0.0000000000000000000 ) ) ;
#7041 = CARTESIAN_POINT ( 'NONE',  ( 50.34674508473872100, 66.07494841347453000, 51.50741385136619500 ) ) ;
#7042 = DIRECTION ( 'NONE',  ( -0.0000000000000000000, 0.0000000000000000000, 1.000000000000000000 ) ) ;
#7043 = ORIENTED_EDGE ( 'NONE', *, *, #9348, .T. ) ;
#7044 = ADVANCED_FACE ( 'NONE', ( #1137 ), #2706, .F. ) ;
#7045 = VERTEX_POINT ( 'NONE', #3950 ) ;
#7046 = DIRECTION ( 'NONE',  ( -1.000000000000000000, -4.857238570644847900E-017, -0.0000000000000000000 ) ) ;
#7047 = ORIENTED_EDGE ( 'NONE', *, *, #143, .T. ) ;
#7048 = CARTESIAN_POINT ( 'NONE',  ( 37.66044702067372200, 68.57785688051524200, 15.50000000000000000 ) ) ;
#7049 = CARTESIAN_POINT ( 'NONE',  ( 60.16044702067369300, 61.17492835968161600, 48.16909574168948900 ) ) ;
#7050 = ORIENTED_EDGE ( 'NONE', *, *, #5009, .T. ) ;
#7051 = CARTESIAN_POINT ( 'NONE',  ( 48.41044702067365800, 64.69007228669752900, 31.91520202535432600 ) ) ;
#7052 = DIRECTION ( 'NONE',  ( 1.609823385706476600E-015, -1.000000000000000000, -4.165779463821302700E-032 ) ) ;
#7053 = CIRCLE ( 'NONE', #2142, 60.00000000000000000 ) ;
#7054 = CARTESIAN_POINT ( 'NONE',  ( -42.36890544432970500, -30.18916715126122700, 13.56676028455132700 ) ) ;
#7055 = VECTOR ( 'NONE', #7086, 1000.000000000000000 ) ;
#7056 = CARTESIAN_POINT ( 'NONE',  ( 48.41044702067365800, 63.89450874643644300, 39.51286796564303200 ) ) ;
#7057 = ORIENTED_EDGE ( 'NONE', *, *, #3221, .F. ) ;
#7058 = DIRECTION ( 'NONE',  ( 1.000000000000000000, 0.0000000000000000000, 0.0000000000000000000 ) ) ;
#7059 = CARTESIAN_POINT ( 'NONE',  ( -59.27815181244561400, 71.15991762536489800, 14.99163790877212300 ) ) ;
#7060 = EDGE_CURVE ( 'NONE', #10391, #1454, #9033, .T. ) ;
#7061 = CARTESIAN_POINT ( 'NONE',  ( -15.11752760385748400, -18.52275989687055700, 3.000000000000000000 ) ) ;
#7062 = CARTESIAN_POINT ( 'NONE',  ( 52.91406145545165900, 68.31219821720327400, 14.50446528216650900 ) ) ;
#7063 = FACE_OUTER_BOUND ( 'NONE', #6824, .T. ) ;
#7064 = AXIS2_PLACEMENT_3D ( 'NONE', #6446, #1474, #1438 ) ;
#7065 = CARTESIAN_POINT ( 'NONE',  ( -58.36695045927943000, -32.91217771585282000, 13.76377908748837900 ) ) ;
#7066 = CARTESIAN_POINT ( 'NONE',  ( -9.094681707133629400, -33.15610591502699800, 46.48592630112440800 ) ) ;
#7067 = EDGE_CURVE ( 'NONE', #164, #8303, #620, .T. ) ;
#7068 = VECTOR ( 'NONE', #4197, 1000.000000000000000 ) ;
#7069 = CARTESIAN_POINT ( 'NONE',  ( 34.04804602476348000, -33.08435446160605400, 14.28859990521050200 ) ) ;
#7070 = ORIENTED_EDGE ( 'NONE', *, *, #6478, .F. ) ;
#7071 = CARTESIAN_POINT ( 'NONE',  ( 3.427941659595970000, -30.29179345072054700, 47.08055067344096800 ) ) ;
#7072 = DIRECTION ( 'NONE',  ( -1.000000000000000000, -1.425225579937531700E-016, -0.0000000000000000000 ) ) ;
#7073 = ADVANCED_FACE ( 'NONE', ( #4798 ), #4405, .F. ) ;
#7074 = FACE_OUTER_BOUND ( 'NONE', #8375, .T. ) ;
#7075 = DIRECTION ( 'NONE',  ( 1.609823385706476600E-015, -1.000000000000000000, -4.165779463821302700E-032 ) ) ;
#7076 = ORIENTED_EDGE ( 'NONE', *, *, #5509, .F. ) ;
#7077 = CARTESIAN_POINT ( 'NONE',  ( 45.16044702067369300, -22.81533917918839200, 8.000000000000000000 ) ) ;
#7078 = CIRCLE ( 'NONE', #6372, 52.92058191901601600 ) ;
#7079 = EDGE_LOOP ( 'NONE', ( #6661, #220, #139, #9686 ) ) ;
#7080 = EDGE_CURVE ( 'NONE', #8931, #5843, #6346, .T. ) ;
#7081 = FACE_OUTER_BOUND ( 'NONE', #6083, .T. ) ;
#7082 = CARTESIAN_POINT ( 'NONE',  ( -28.27762383601257700, 68.44379260466875800, 14.98948247064432600 ) ) ;
#7083 = CARTESIAN_POINT ( 'NONE',  ( 19.25887740237681500, -30.23109038332444200, 13.70986368167312700 ) ) ;
#7084 = VECTOR ( 'NONE', #8080, 1000.000000000000000 ) ;
#7085 = DIRECTION ( 'NONE',  ( 0.0000000000000000000, 0.0000000000000000000, 1.000000000000000000 ) ) ;
#7086 = DIRECTION ( 'NONE',  ( 1.000000000000000000, 0.0000000000000000000, 0.0000000000000000000 ) ) ;
#7087 = DIRECTION ( 'NONE',  ( -1.609823385706476600E-015, 1.000000000000000000, 0.0000000000000000000 ) ) ;
#7088 = ORIENTED_EDGE ( 'NONE', *, *, #7766, .T. ) ;
#7089 = CARTESIAN_POINT ( 'NONE',  ( 6.660447020673698800, 71.31277590714870500, 45.50000000000000000 ) ) ;
#7090 = DIRECTION ( 'NONE',  ( 1.000000000000000000, 1.603063405027194900E-016, 0.0000000000000000000 ) ) ;
#7091 = CIRCLE ( 'NONE', #8271, 5.000000000000000000 ) ;
#7092 = CIRCLE ( 'NONE', #8, 52.92058191901593000 ) ;
#7093 = AXIS2_PLACEMENT_3D ( 'NONE', #10496, #9691, #10532 ) ;
#7094 = CARTESIAN_POINT ( 'NONE',  ( -57.61050931020432100, 70.68300600963895900, 13.51394238300087000 ) ) ;
#7095 = CIRCLE ( 'NONE', #3994, 2.000000000000000900 ) ;
#7096 = EDGE_CURVE ( 'NONE', #9474, #4443, #5696, .T. ) ;
#7097 = CARTESIAN_POINT ( 'NONE',  ( 52.76820635567703700, 68.25005060174736100, 14.28218670468147900 ) ) ;
#7098 = LINE ( 'NONE', #5778, #9913 ) ;
#7099 = DIRECTION ( 'NONE',  ( 0.0000000000000000000, 1.000000000000000000, 0.0000000000000000000 ) ) ;
#7100 = CARTESIAN_POINT ( 'NONE',  ( -12.64422555132700900, -33.19220330655856800, 46.37164858284342700 ) ) ;
#7101 = ADVANCED_FACE ( 'NONE', ( #10715 ), #493, .T. ) ;
#7102 = CYLINDRICAL_SURFACE ( 'NONE', #3930, 2.000000000000015500 ) ;
#7103 = CARTESIAN_POINT ( 'NONE',  ( 60.16044702067369300, -32.44987874101830300, 35.12228167828153100 ) ) ;
#7104 = ORIENTED_EDGE ( 'NONE', *, *, #5995, .F. ) ;
#7105 = AXIS2_PLACEMENT_3D ( 'NONE', #8499, #983, #4482 ) ;
#7106 = AXIS2_PLACEMENT_3D ( 'NONE', #5844, #6790, #9215 ) ;
#7107 = DIRECTION ( 'NONE',  ( -1.000000000000000000, -1.425225579937531700E-016, -0.0000000000000000000 ) ) ;
#7108 = CIRCLE ( 'NONE', #9438, 5.000000000000000000 ) ;
#7109 = CARTESIAN_POINT ( 'NONE',  ( 49.92407939908361000, -32.96473535373274200, 47.07755070606838600 ) ) ;
#7110 = VERTEX_POINT ( 'NONE', #2176 ) ;
#7111 = CARTESIAN_POINT ( 'NONE',  ( 48.20739204528168600, 69.70622519004130900, 40.13806683981704300 ) ) ;
#7112 = DIRECTION ( 'NONE',  ( -1.000000000000000000, 0.0000000000000000000, 0.0000000000000000000 ) ) ;
#7113 = DIRECTION ( 'NONE',  ( 1.000000000000000000, 0.0000000000000000000, 0.0000000000000000000 ) ) ;
#7114 = CARTESIAN_POINT ( 'NONE',  ( -53.42279006193195600, -11.33733507041127100, -1.040834085586084300E-014 ) ) ;
#7115 =( BOUNDED_CURVE ( )  B_SPLINE_CURVE ( 3, ( #2782, #1914, #1991, #7697 ),
 .UNSPECIFIED., .F., .F. ) 
 B_SPLINE_CURVE_WITH_KNOTS ( ( 4, 4 ),
 ( 4.894252791065305500, 6.465049117860210100 ),
 .UNSPECIFIED. ) 
 CURVE ( )  GEOMETRIC_REPRESENTATION_ITEM ( )  RATIONAL_B_SPLINE_CURVE ( ( 1.000000000000000000, 0.8047378541243631600, 0.8047378541243631600, 1.000000000000000000 ) ) 
 REPRESENTATION_ITEM ( '' )  );
#7116 = DIRECTION ( 'NONE',  ( -1.000000000000000000, 0.0000000000000000000, 0.0000000000000000000 ) ) ;
#7117 = DIRECTION ( 'NONE',  ( 1.000000000000000000, 0.0000000000000000000, -0.0000000000000000000 ) ) ;
#7118 = FACE_OUTER_BOUND ( 'NONE', #2114, .T. ) ;
#7119 = CARTESIAN_POINT ( 'NONE',  ( -17.62058764916544400, 68.44617026438986300, 40.51286796564298200 ) ) ;
#7120 = DIRECTION ( 'NONE',  ( -0.0000000000000000000, -0.0000000000000000000, -1.000000000000000000 ) ) ;
#7121 = ORIENTED_EDGE ( 'NONE', *, *, #6932, .T. ) ;
#7122 = EDGE_CURVE ( 'NONE', #1741, #363, #3344, .T. ) ;
#7123 = CARTESIAN_POINT ( 'NONE',  ( 49.16044702067388500, -33.41998545748174400, 15.37186173385272700 ) ) ;
#7124 = ORIENTED_EDGE ( 'NONE', *, *, #4636, .T. ) ;
#7125 = ADVANCED_FACE ( 'NONE', ( #5174 ), #9283, .F. ) ;
#7126 = DIRECTION ( 'NONE',  ( 0.0000000000000000000, 0.0000000000000000000, -1.000000000000000000 ) ) ;
#7127 = CARTESIAN_POINT ( 'NONE',  ( 50.31149973384880500, 62.34499228907770900, 51.69490358372773600 ) ) ;
#7128 = ORIENTED_EDGE ( 'NONE', *, *, #3146, .T. ) ;
#7129 = CARTESIAN_POINT ( 'NONE',  ( -71.04602967032585100, 65.43763521084508700, 58.55017742233656000 ) ) ;
#7130 = CIRCLE ( 'NONE', #6061, 1.399999999999998600 ) ;
#7131 = CARTESIAN_POINT ( 'NONE',  ( 49.07434158844862500, 69.59113996300450800, 40.80854925524207000 ) ) ;
#7132 = CARTESIAN_POINT ( 'NONE',  ( 33.66044702067387100, -33.41997979128040400, 45.62815743688999200 ) ) ;
#7133 = EDGE_LOOP ( 'NONE', ( #8179, #6534, #413, #3556 ) ) ;
#7134 = CARTESIAN_POINT ( 'NONE',  ( -57.42279006193196300, -11.33733507041127100, -1.040834085586084300E-014 ) ) ;
#7135 = CARTESIAN_POINT ( 'NONE',  ( -24.73179364432282800, -30.39513334381998200, 14.28218670468146300 ) ) ;
#7136 = ORIENTED_EDGE ( 'NONE', *, *, #9029, .F. ) ;
#7137 = EDGE_LOOP ( 'NONE', ( #3118, #3192, #10114, #1053 ) ) ;
#7138 = CARTESIAN_POINT ( 'NONE',  ( 6.660447020673866600, -30.68930735569036400, 45.63025720958919600 ) ) ;
#7139 = VERTEX_POINT ( 'NONE', #767 ) ;
#7140 = CARTESIAN_POINT ( 'NONE',  ( 36.67802086522695500, 68.10445794739807500, 47.22679946501693800 ) ) ;
#7141 = EDGE_CURVE ( 'NONE', #6737, #3231, #8002, .T. ) ;
#7142 = ORIENTED_EDGE ( 'NONE', *, *, #9250, .T. ) ;
#7143 = ORIENTED_EDGE ( 'NONE', *, *, #714, .F. ) ;
#7144 = DIRECTION ( 'NONE',  ( -1.619075244245020000E-015, 1.000000000000000000, -2.659909329831104100E-015 ) ) ;
#7145 = ORIENTED_EDGE ( 'NONE', *, *, #7493, .F. ) ;
#7146 = VERTEX_POINT ( 'NONE', #4128 ) ;
#7147 = VERTEX_POINT ( 'NONE', #805 ) ;
#7148 = CARTESIAN_POINT ( 'NONE',  ( -71.04602967032587900, 118.4771256549985000, 30.50000000000004600 ) ) ;
#7149 = CARTESIAN_POINT ( 'NONE',  ( -43.07592060091658900, 70.81965261166008900, 47.07755070606839400 ) ) ;
#7150 = ADVANCED_FACE ( 'NONE', ( #4917 ), #7619, .F. ) ;
#7151 = CARTESIAN_POINT ( 'NONE',  ( 18.22283906574904600, -30.58844033812553700, 46.01213823740297200 ) ) ;
#7152 = DIRECTION ( 'NONE',  ( 1.609823385706476600E-015, -1.000000000000000000, -4.165779463821302700E-032 ) ) ;
#7153 = CARTESIAN_POINT ( 'NONE',  ( -59.24038067647906300, -30.55532435617654500, 46.13529537627117300 ) ) ;
#7154 = CARTESIAN_POINT ( 'NONE',  ( 6.562187195506251800, 71.12167497840826500, 46.13253221513176800 ) ) ;
#7155 = EDGE_LOOP ( 'NONE', ( #397, #9714, #7676, #2997 ) ) ;
#7156 = DIRECTION ( 'NONE',  ( -5.551115123125778800E-015, 1.000000000000000000, -9.684806018886889300E-015 ) ) ;
#7157 = EDGE_CURVE ( 'NONE', #250, #6098, #5442, .T. ) ;
#7158 = DIRECTION ( 'NONE',  ( 0.0000000000000000000, 1.000000000000000000, 0.0000000000000000000 ) ) ;
#7159 = ORIENTED_EDGE ( 'NONE', *, *, #3839, .T. ) ;
#7160 = VERTEX_POINT ( 'NONE', #9772 ) ;
#7161 = ORIENTED_EDGE ( 'NONE', *, *, #10018, .T. ) ;
#7162 = CARTESIAN_POINT ( 'NONE',  ( -14.52975500468217300, 62.69007228669750000, 40.51286796564304600 ) ) ;
#7163 = DIRECTION ( 'NONE',  ( 1.000000000000000000, -0.0000000000000000000, -0.0000000000000000000 ) ) ;
#7164 = DIRECTION ( 'NONE',  ( 1.000000000000000000, 1.609823385706476600E-015, -0.0000000000000000000 ) ) ;
#7165 = CARTESIAN_POINT ( 'NONE',  ( -56.00252274521365300, -32.99255080583946400, 14.00690927629784200 ) ) ;
#7166 = AXIS2_PLACEMENT_3D ( 'NONE', #3766, #3039, #9632 ) ;
#7167 = CARTESIAN_POINT ( 'NONE',  ( -8.839552979326118300, -33.41951909764288300, 45.62971612474358100 ) ) ;
#7168 = ORIENTED_EDGE ( 'NONE', *, *, #1917, .T. ) ;
#7169 = AXIS2_PLACEMENT_3D ( 'NONE', #1470, #4060, #769 ) ;
#7170 = VERTEX_POINT ( 'NONE', #2305 ) ;
#7171 = VERTEX_POINT ( 'NONE', #7327 ) ;
#7172 = DIRECTION ( 'NONE',  ( -1.000000000000000000, -0.0000000000000000000, 0.0000000000000000000 ) ) ;
#7173 = EDGE_CURVE ( 'NONE', #2100, #10644, #2313, .T. ) ;
#7174 = CARTESIAN_POINT ( 'NONE',  ( 2.857337608630242400, -30.49010516316784000, 46.37495291163286000 ) ) ;
#7175 = LINE ( 'NONE', #715, #3821 ) ;
#7176 = CARTESIAN_POINT ( 'NONE',  ( 34.14231714715052100, 68.22422018751062500, 46.80868971097898200 ) ) ;
#7177 = ADVANCED_FACE ( 'NONE', ( #2963 ), #8150, .T. ) ;
#7178 = ORIENTED_EDGE ( 'NONE', *, *, #2923, .T. ) ;
#7179 = DIRECTION ( 'NONE',  ( 1.609823385706476600E-015, -1.000000000000000000, -4.165779463821302700E-032 ) ) ;
#7180 = FACE_BOUND ( 'NONE', #4425, .T. ) ;
#7181 = EDGE_CURVE ( 'NONE', #6119, #2196, #4181, .T. ) ;
#7182 = DIRECTION ( 'NONE',  ( 1.000000000000000000, 1.603063405027194900E-016, 0.0000000000000000000 ) ) ;
#7183 = AXIS2_PLACEMENT_3D ( 'NONE', #5281, #4492, #1983 ) ;
#7184 = AXIS2_PLACEMENT_3D ( 'NONE', #8949, #5554, #4760 ) ;
#7185 = CARTESIAN_POINT ( 'NONE',  ( 19.89508535879347300, -30.17338355687058600, 47.48680050506430200 ) ) ;
#7186 = DIRECTION ( 'NONE',  ( 0.0000000000000000000, 0.0000000000000000000, -1.000000000000000000 ) ) ;
#7187 = LINE ( 'NONE', #9992, #2384 ) ;
#7188 = CLOSED_SHELL ( 'NONE', ( #7598, #5010, #2390, #10675, #5977, #8188, #6321, #9465, #7435, #638, #10030, #8845, #2663, #8343, #1281, #6532, #8868, #2116, #9646, #2498, #5284, #1312, #1520, #1570, #10287, #7880, #4857, #4700, #2944, #7486, #2917, #466, #7962, #8938, #5667, #49, #2216, #3157, #1344, #10156, #1029, #7328, #6742, #3367, #5927, #8087, #4754, #8707, #2052, #6586, #3266, #2972, #3105, #9701, #1390, #5061, #5113, #7769, #5456, #4907, #8569, #6811, #1468, #8036, #909, #7934, #5169, #1222, #8760, #7073, #5717, #566, #10392, #7984, #2605, #2193, #6185, #9968, #10727, #163, #4479, #10520, #3476, #4358, #2887, #10334, #6208, #616, #7125, #5613, #6096, #692, #8892, #1792, #6692, #1414, #539, #8973, #8787, #8286, #5233, #9545, #9260, #8997, #3216, #6987, #5560, #1623, #8236, #6294, #2079, #4624, #7272, #146, #7245, #7017, #7380, #8392, #7853, #4561, #4193, #319, #217, #6371, #2166, #10568, #3981, #9809, #2143, #4008, #6635, #2337, #5400, #1599, #201, #1369, #1493, #513, #3421, #4312, #2240, #3852, #2264, #7177, #2998, #7150, #2288, #10362, #97, #3318, #5435, #8133, #1861, #9379, #3931, #7645, #3546, #7044, #1969, #7541, #3824, #1252, #854, #8463, #1135, #9205, #10102, #434, #751, #1678, #8917, #4729, #7904, #5637, #9156, #1086, #8648, #9596, #4040, #3531, #2553, #1735, #5869, #4093, #4421, #9726, #3655, #10420, #3794, #3026, #9490, #1912, #4593, #7225, #9915, #4950, #6240, #6798, #10446, #4830, #4677, #5373, #9753, #6862, #490, #10086, #6471, #3052, #8512, #10464, #5488, #3741, #7101, #6265, #3878, #3765, #9024, #806, #4926, #8212, #7714, #5512, #9676, #5768, #1845, #9868, #964, #3487, #4244, #1543, #4145, #4534, #7658, #4802, #2856, #2719, #10650, #4651, #777, #1446, #590, #8450, #9046, #9572, #2443, #6423, #402, #9520, #5819, #1018, #4297, #3710, #8728, #9104, #10618 ) ) ;
#7189 = CARTESIAN_POINT ( 'NONE',  ( -58.85768285284934400, -30.36930292958325900, 46.80868971097901000 ) ) ;
#7190 = CARTESIAN_POINT ( 'NONE',  ( -12.83955297932632100, 73.48310668740397500, 30.50000000000000400 ) ) ;
#7191 = DIRECTION ( 'NONE',  ( 0.0000000000000000000, 1.000000000000000000, -0.0000000000000000000 ) ) ;
#7192 = DIRECTION ( 'NONE',  ( 1.609823385706476600E-015, -1.000000000000000000, 0.0000000000000000000 ) ) ;
#7193 = LINE ( 'NONE', #8766, #310 ) ;
#7194 = CARTESIAN_POINT ( 'NONE',  ( -26.07226912488356900, 68.02446917307530300, 47.49975303815987400 ) ) ;
#7195 = CARTESIAN_POINT ( 'NONE',  ( 49.16044702067370100, 73.48310668740420200, 45.50000000000000000 ) ) ;
#7196 = DIRECTION ( 'NONE',  ( -1.000000000000000000, -1.609823385706476600E-015, 0.0000000000000000000 ) ) ;
#7197 = VECTOR ( 'NONE', #6899, 1000.000000000000000 ) ;
#7198 = EDGE_LOOP ( 'NONE', ( #9871, #7159, #2983, #2163 ) ) ;
#7199 = EDGE_CURVE ( 'NONE', #9799, #6608, #3228, .T. ) ;
#7200 = CARTESIAN_POINT ( 'NONE',  ( -71.04602967032580800, -26.16654736466222200, 57.58586771000599900 ) ) ;
#7201 = AXIS2_PLACEMENT_3D ( 'NONE', #5821, #9048, #1718 ) ;
#7202 = DIRECTION ( 'NONE',  ( -1.619075244245020000E-015, 1.000000000000000000, 0.0000000000000000000 ) ) ;
#7203 = EDGE_CURVE ( 'NONE', #9681, #3396, #9025, .T. ) ;
#7204 = LINE ( 'NONE', #5351, #4761 ) ;
#7205 = CYLINDRICAL_SURFACE ( 'NONE', #162, 2.000000000000007100 ) ;
#7206 = ORIENTED_EDGE ( 'NONE', *, *, #9575, .F. ) ;
#7207 = CARTESIAN_POINT ( 'NONE',  ( 6.660447020673711200, 68.51061310569534200, 15.23956597998646600 ) ) ;
#7208 = CARTESIAN_POINT ( 'NONE',  ( 50.68305138422195500, -25.61937089834486200, 50.24621506371882900 ) ) ;
#7209 = FACE_BOUND ( 'NONE', #801, .T. ) ;
#7210 = CIRCLE ( 'NONE', #3286, 1.000000000000000900 ) ;
#7211 = CARTESIAN_POINT ( 'NONE',  ( 34.63713292319751200, -20.38517556395939700, 3.000000000000000000 ) ) ;
#7212 = CARTESIAN_POINT ( 'NONE',  ( 52.32621368453427400, 49.35070674561333700, -1.040834085586084300E-014 ) ) ;
#7213 = ORIENTED_EDGE ( 'NONE', *, *, #3291, .F. ) ;
#7214 = EDGE_CURVE ( 'NONE', #9561, #1732, #3480, .T. ) ;
#7215 = CARTESIAN_POINT ( 'NONE',  ( -24.33955297932614700, -30.72293962258784100, 45.50000000000000000 ) ) ;
#7216 = CARTESIAN_POINT ( 'NONE',  ( -43.82697628782420900, 71.23594082613279000, 45.75812014233032700 ) ) ;
#7217 = VECTOR ( 'NONE', #7407, 1000.000000000000000 ) ;
#7218 = CARTESIAN_POINT ( 'NONE',  ( -13.11752760385748600, -18.52275989687055700, 3.000000000000000000 ) ) ;
#7219 = LINE ( 'NONE', #600, #1122 ) ;
#7220 = CARTESIAN_POINT ( 'NONE',  ( -57.07226912488339100, -30.16955191514793100, 47.49975303815987400 ) ) ;
#7221 = CARTESIAN_POINT ( 'NONE',  ( -56.04602967032580800, -22.81533917918841000, 8.000000000000000000 ) ) ;
#7222 = ORIENTED_EDGE ( 'NONE', *, *, #7557, .T. ) ;
#7223 = CARTESIAN_POINT ( 'NONE',  ( -59.33955297932632800, 71.31277590714869100, 45.50000000000000000 ) ) ;
#7224 = CARTESIAN_POINT ( 'NONE',  ( -14.11752760385748400, -18.52275989687055700, 9.263639781882645300 ) ) ;
#7225 = ADVANCED_FACE ( 'NONE', ( #10075 ), #7883, .F. ) ;
#7226 = CARTESIAN_POINT ( 'NONE',  ( -27.67272501525711800, 68.17079363580715800, 46.99667611563689500 ) ) ;
#7227 = VECTOR ( 'NONE', #2539, 1000.000000000000000 ) ;
#7228 = CARTESIAN_POINT ( 'NONE',  ( -18.48955297932634100, 64.69007228669750000, 40.51286796564302500 ) ) ;
#7229 = CARTESIAN_POINT ( 'NONE',  ( -132.8082378770764600, 10.48310668740396200, 30.50000000000000000 ) ) ;
#7230 = EDGE_CURVE ( 'NONE', #5585, #3525, #1008, .T. ) ;
#7231 = ORIENTED_EDGE ( 'NONE', *, *, #2682, .T. ) ;
#7232 = DIRECTION ( 'NONE',  ( 1.000000000000000000, 0.0000000000000000000, 0.0000000000000000000 ) ) ;
#7233 = CARTESIAN_POINT ( 'NONE',  ( 21.39524450973639300, 70.81924034325155000, 13.92119940995661900 ) ) ;
#7234 = FACE_OUTER_BOUND ( 'NONE', #1559, .T. ) ;
#7235 = DIRECTION ( 'NONE',  ( 1.000000000000000000, 0.0000000000000000000, -0.0000000000000000000 ) ) ;
#7236 = AXIS2_PLACEMENT_3D ( 'NONE', #5237, #219, #10145 ) ;
#7237 = EDGE_LOOP ( 'NONE', ( #8341, #7409, #5016, #2132 ) ) ;
#7238 = EDGE_CURVE ( 'NONE', #10224, #3040, #6339, .T. ) ;
#7239 = DIRECTION ( 'NONE',  ( 1.000000000000000000, 0.0000000000000000000, 0.0000000000000000000 ) ) ;
#7240 = ORIENTED_EDGE ( 'NONE', *, *, #8526, .F. ) ;
#7241 =( BOUNDED_CURVE ( )  B_SPLINE_CURVE ( 3, ( #6914, #963, #168, #6816 ),
 .UNSPECIFIED., .F., .F. ) 
 B_SPLINE_CURVE_WITH_KNOTS ( ( 4, 4 ),
 ( 1.570796326794896600, 3.141592653589794900 ),
 .UNSPECIFIED. ) 
 CURVE ( )  GEOMETRIC_REPRESENTATION_ITEM ( )  RATIONAL_B_SPLINE_CURVE ( ( 1.000000000000000000, 0.8047378541243646000, 0.8047378541243646000, 1.000000000000000000 ) ) 
 REPRESENTATION_ITEM ( '' )  );
#7242 = VECTOR ( 'NONE', #6813, 1000.000000000000000 ) ;
#7243 = ORIENTED_EDGE ( 'NONE', *, *, #3109, .F. ) ;
#7244 = CARTESIAN_POINT ( 'NONE',  ( -27.95195397523670500, 70.93927171953340900, 14.28859990521050000 ) ) ;
#7245 = ADVANCED_FACE ( 'NONE', ( #8774 ), #5059, .T. ) ;
#7246 = DIRECTION ( 'NONE',  ( 0.0000000000000000000, 0.0000000000000000000, 1.000000000000000000 ) ) ;
#7247 = DIRECTION ( 'NONE',  ( 0.0000000000000000000, 1.000000000000000000, -1.047444401652940000E-014 ) ) ;
#7248 = CARTESIAN_POINT ( 'NONE',  ( -56.32197913477286700, -30.24954068947065300, 47.22679946501695300 ) ) ;
#7249 = ORIENTED_EDGE ( 'NONE', *, *, #3568, .F. ) ;
#7250 = CARTESIAN_POINT ( 'NONE',  ( 6.181706266604762400, 70.90879992291215200, 46.80491334438635000 ) ) ;
#7251 = EDGE_CURVE ( 'NONE', #1590, #3819, #10327, .T. ) ;
#7252 = ORIENTED_EDGE ( 'NONE', *, *, #9440, .T. ) ;
#7253 = FACE_OUTER_BOUND ( 'NONE', #2771, .T. ) ;
#7254 = CARTESIAN_POINT ( 'NONE',  ( 35.39420946537356400, 70.68277512728411700, 47.48673861149425300 ) ) ;
#7255 = DIRECTION ( 'NONE',  ( 1.000000000000000000, 0.0000000000000000000, 0.0000000000000000000 ) ) ;
#7256 = AXIS2_PLACEMENT_3D ( 'NONE', #4450, #6936, #3608 ) ;
#7257 = VERTEX_POINT ( 'NONE', #6758 ) ;
#7258 = AXIS2_PLACEMENT_3D ( 'NONE', #6049, #1070, #7698 ) ;
#7259 = CARTESIAN_POINT ( 'NONE',  ( -56.04602967032580800, 64.16420904163041400, 9.297367386975608400 ) ) ;
#7260 = CARTESIAN_POINT ( 'NONE',  ( -24.40149204691836700, 68.44384999936768600, 46.01029410947543900 ) ) ;
#7261 = EDGE_CURVE ( 'NONE', #273, #8416, #8904, .T. ) ;
#7262 = CARTESIAN_POINT ( 'NONE',  ( -14.11752760385748600, 37.09024010312946700, 9.263639781882645300 ) ) ;
#7263 = VERTEX_POINT ( 'NONE', #48 ) ;
#7264 = ORIENTED_EDGE ( 'NONE', *, *, #5610, .T. ) ;
#7265 = DIRECTION ( 'NONE',  ( 0.0000000000000000000, 0.0000000000000000000, -1.000000000000000000 ) ) ;
#7266 = ORIENTED_EDGE ( 'NONE', *, *, #9021, .F. ) ;
#7267 = ORIENTED_EDGE ( 'NONE', *, *, #8497, .F. ) ;
#7268 = ORIENTED_EDGE ( 'NONE', *, *, #7635, .T. ) ;
#7269 = VERTEX_POINT ( 'NONE', #6656 ) ;
#7270 = DIRECTION ( 'NONE',  ( 0.0000000000000000000, 1.000000000000000000, 0.0000000000000000000 ) ) ;
#7271 = EDGE_CURVE ( 'NONE', #6156, #2365, #2439, .T. ) ;
#7272 = ADVANCED_FACE ( 'NONE', ( #226 ), #1655, .F. ) ;
#7273 = ORIENTED_EDGE ( 'NONE', *, *, #9189, .T. ) ;
#7274 = DIRECTION ( 'NONE',  ( -1.594400883811535600E-015, 1.000000000000000000, -1.047444401652940000E-014 ) ) ;
#7275 = ORIENTED_EDGE ( 'NONE', *, *, #3221, .T. ) ;
#7276 = ORIENTED_EDGE ( 'NONE', *, *, #4360, .T. ) ;
#7277 = CARTESIAN_POINT ( 'NONE',  ( -59.33955297932617200, -30.72293962258784800, 15.50000000000000000 ) ) ;
#7278 = CIRCLE ( 'NONE', #6919, 1.000000000000000900 ) ;
#7279 = B_SPLINE_CURVE_WITH_KNOTS ( 'NONE', 3,
 ( #3752, #9516, #4600, #2047, #10318, #5430, #322, #6215, #5131, #3489, #395, #10345, #440, #4519, #1821, #5959, #6251, #2659, #8427, #6139, #1156, #7792, #356, #7001, #8643, #9477, #6275, #706, #8956, #10614, #4032, #2151, #7132, #8701 ),
 .UNSPECIFIED., .F., .F.,
 ( 4, 2, 2, 2, 2, 2, 2, 2, 2, 2, 2, 2, 2, 2, 2, 2, 4 ),
 ( 6.938893903907228400E-018, 0.0004000698325101536600, 0.0008001396650203003900, 0.001200209497530447200, 0.001600279330040593800, 0.002000349162550740500, 0.002400418995060887500, 0.002800488827571034100, 0.003200558660081180700, 0.003600628492591327400, 0.004000698325101474000, 0.004400768157611621000, 0.004800837990121768100, 0.005200907822631914200, 0.005600977655142061300, 0.006001047487652207500, 0.006401117320162354500 ),
 .UNSPECIFIED. ) ;
#7280 = CARTESIAN_POINT ( 'NONE',  ( -24.33955297932631400, 70.48310668740398900, 30.50000000000000000 ) ) ;
#7281 = CARTESIAN_POINT ( 'NONE',  ( -39.90096670603785600, 71.15997893499603300, 46.00815311873946500 ) ) ;
#7282 = ORIENTED_EDGE ( 'NONE', *, *, #5254, .T. ) ;
#7283 = VERTEX_POINT ( 'NONE', #6930 ) ;
#7284 = ORIENTED_EDGE ( 'NONE', *, *, #10451, .T. ) ;
#7285 = DIRECTION ( 'NONE',  ( -1.000000000000000000, -1.603063405027194900E-016, -5.646572479740024200E-029 ) ) ;
#7286 = VERTEX_POINT ( 'NONE', #6065 ) ;
#7287 = CARTESIAN_POINT ( 'NONE',  ( -18.50522768096084300, 69.48054064797341300, 41.42284999800439500 ) ) ;
#7288 = CARTESIAN_POINT ( 'NONE',  ( -28.27767215660242100, 71.15939277287429800, 46.01007006353241700 ) ) ;
#7289 = EDGE_CURVE ( 'NONE', #4270, #7548, #10706, .T. ) ;
#7290 = FACE_OUTER_BOUND ( 'NONE', #3913, .T. ) ;
#7291 = CARTESIAN_POINT ( 'NONE',  ( 35.93058411207293500, 70.68294828389906600, 47.48622826149018300 ) ) ;
#7292 = CARTESIAN_POINT ( 'NONE',  ( -9.821979134773043200, 68.10445794739807500, 47.22679946501696700 ) ) ;
#7293 = PLANE ( 'NONE',  #8254 ) ;
#7294 = ORIENTED_EDGE ( 'NONE', *, *, #7251, .T. ) ;
#7295 = DIRECTION ( 'NONE',  ( -0.0000000000000000000, -0.0000000000000000000, 1.000000000000000000 ) ) ;
#7296 = VERTEX_POINT ( 'NONE', #8467 ) ;
#7297 = ORIENTED_EDGE ( 'NONE', *, *, #7896, .T. ) ;
#7298 = CARTESIAN_POINT ( 'NONE',  ( 53.16044702067376400, 27.37181057052339700, 30.50000000000000000 ) ) ;
#7299 = VECTOR ( 'NONE', #2289, 1000.000000000000000 ) ;
#7300 = CARTESIAN_POINT ( 'NONE',  ( 45.16044702067367900, 63.16199222007408300, 3.665112136637753300 ) ) ;
#7301 = AXIS2_PLACEMENT_3D ( 'NONE', #6319, #9541, #3745 ) ;
#7302 = DIRECTION ( 'NONE',  ( 0.0000000000000000000, 0.0000000000000000000, -1.000000000000000000 ) ) ;
#7303 = CIRCLE ( 'NONE', #4026, 52.92058191901593000 ) ;
#7304 = CARTESIAN_POINT ( 'NONE',  ( 41.44247239614252700, -14.90975989687055900, 4.000000000000000000 ) ) ;
#7305 = ORIENTED_EDGE ( 'NONE', *, *, #10087, .F. ) ;
#7306 = EDGE_CURVE ( 'NONE', #7110, #4935, #6731, .T. ) ;
#7307 = CARTESIAN_POINT ( 'NONE',  ( -56.04602967032580800, -29.15443035959371800, 10.38075333641063500 ) ) ;
#7308 = CARTESIAN_POINT ( 'NONE',  ( -40.82623426874641100, 68.10373318765817900, 13.77070553294021200 ) ) ;
#7309 = CARTESIAN_POINT ( 'NONE',  ( -13.11752760385748600, -18.52275989687055700, 4.000000000000000000 ) ) ;
#7310 = FACE_OUTER_BOUND ( 'NONE', #4648, .T. ) ;
#7311 = DIRECTION ( 'NONE',  ( 1.000000000000000000, 1.603063405027194900E-016, 0.0000000000000000000 ) ) ;
#7312 = CARTESIAN_POINT ( 'NONE',  ( 50.63114859864821000, 70.70083669093200700, 47.43335354415471300 ) ) ;
#7313 = FACE_BOUND ( 'NONE', #8916, .T. ) ;
#7314 = VERTEX_POINT ( 'NONE', #6033 ) ;
#7315 = EDGE_CURVE ( 'NONE', #6535, #313, #4015, .T. ) ;
#7316 = CARTESIAN_POINT ( 'NONE',  ( -43.83955297932631400, 68.57785688051522800, 15.50000000000000000 ) ) ;
#7317 = CARTESIAN_POINT ( 'NONE',  ( -15.98955297932634200, 69.42859507026720700, 41.69952674472168800 ) ) ;
#7318 = AXIS2_PLACEMENT_3D ( 'NONE', #423, #9500, #7754 ) ;
#7319 = CIRCLE ( 'NONE', #8396, 52.92058191901600800 ) ;
#7320 = CARTESIAN_POINT ( 'NONE',  ( 60.16044702067367200, 62.73011617120128800, 60.00000000000002100 ) ) ;
#7321 = DIRECTION ( 'NONE',  ( -1.000000000000000000, 0.0000000000000000000, 0.0000000000000000000 ) ) ;
#7322 = CARTESIAN_POINT ( 'NONE',  ( -61.04602967032580100, -32.44987874101829600, 35.12228167828154600 ) ) ;
#7323 = ORIENTED_EDGE ( 'NONE', *, *, #9922, .T. ) ;
#7324 = CARTESIAN_POINT ( 'NONE',  ( 49.16044702067379300, 27.37181057052339400, 30.50000000000000000 ) ) ;
#7325 = FACE_OUTER_BOUND ( 'NONE', #7669, .T. ) ;
#7326 = ORIENTED_EDGE ( 'NONE', *, *, #10263, .F. ) ;
#7327 = CARTESIAN_POINT ( 'NONE',  ( 33.66044702067385700, -30.72293962258784800, 45.50000000000000000 ) ) ;
#7328 = ADVANCED_FACE ( 'NONE', ( #1796 ), #9401, .F. ) ;
#7329 = DIRECTION ( 'NONE',  ( -1.000000000000000000, 0.0000000000000000000, 0.0000000000000000000 ) ) ;
#7330 = FACE_OUTER_BOUND ( 'NONE', #9835, .T. ) ;
#7331 = CARTESIAN_POINT ( 'NONE',  ( -40.50467953454357000, -30.31634314087385100, 46.99503805186612500 ) ) ;
#7332 = CARTESIAN_POINT ( 'NONE',  ( -13.11752760385748600, 36.56828578321381000, 10.26363978188264500 ) ) ;
#7333 = VECTOR ( 'NONE', #9196, 1000.000000000000000 ) ;
#7334 = VERTEX_POINT ( 'NONE', #289 ) ;
#7335 = DIRECTION ( 'NONE',  ( -0.0000000000000000000, 1.000000000000000000, -0.0000000000000000000 ) ) ;
#7336 = DIRECTION ( 'NONE',  ( -1.000000000000000000, 0.0000000000000000000, 0.0000000000000000000 ) ) ;
#7337 = EDGE_CURVE ( 'NONE', #6715, #9022, #8640, .T. ) ;
#7338 = LINE ( 'NONE', #6582, #475 ) ;
#7339 = CARTESIAN_POINT ( 'NONE',  ( 53.14964217025550400, 63.85056319280624100, 45.73877026212913000 ) ) ;
#7340 = LINE ( 'NONE', #6069, #8366 ) ;
#7341 = CARTESIAN_POINT ( 'NONE',  ( 2.722376163987433500, 68.44379260466877200, 14.98948247064432800 ) ) ;
#7342 = DIRECTION ( 'NONE',  ( 3.978816904743046300E-017, -0.8191520442889873600, 0.5735764363510524900 ) ) ;
#7343 = LINE ( 'NONE', #3325, #7725 ) ;
#7344 = DIRECTION ( 'NONE',  ( 1.000000000000000000, 1.609823385706476600E-015, -0.0000000000000000000 ) ) ;
#7345 = CARTESIAN_POINT ( 'NONE',  ( -56.04602967032580800, 61.80992920665785600, 5.000000000000000000 ) ) ;
#7346 = CARTESIAN_POINT ( 'NONE',  ( -71.04602967032583600, -24.87519891327388100, 60.00000000000000700 ) ) ;
#7347 = CIRCLE ( 'NONE', #8747, 1.899999999999999000 ) ;
#7348 = CARTESIAN_POINT ( 'NONE',  ( 4.523219599313237400, -30.16954820565703700, 13.50023440605407600 ) ) ;
#7349 = B_SPLINE_CURVE_WITH_KNOTS ( 'NONE', 3,
 ( #9543, #6320, #9506, #431, #4512, #4630, #5336, #2039, #1310, #10379, #2861, #8746, #8636, #10450, #7208, #2255, #6387, #8033, #8784, #1482 ),
 .UNSPECIFIED., .F., .F.,
 ( 4, 2, 2, 2, 2, 2, 2, 2, 2, 4 ),
 ( 0.0000000000000000000, 0.0005799299662119645700, 0.001159859932423929100, 0.001739789898635893600, 0.002319719864847858300, 0.002899649831059822300, 0.003479579797271787200, 0.004059509763483752100, 0.004349474746589737800, 0.004639439729695722700 ),
 .UNSPECIFIED. ) ;
#7350 = ORIENTED_EDGE ( 'NONE', *, *, #6637, .F. ) ;
#7351 = EDGE_CURVE ( 'NONE', #503, #5494, #7356, .T. ) ;
#7352 = CARTESIAN_POINT ( 'NONE',  ( 45.26044702067366600, 64.88789995259982400, 28.35098846298121300 ) ) ;
#7353 = DIRECTION ( 'NONE',  ( -1.311190023292975100E-016, 1.000000000000000000, 0.0000000000000000000 ) ) ;
#7354 = CARTESIAN_POINT ( 'NONE',  ( -40.50467953454374700, 68.17126039880120900, 46.99503805186613900 ) ) ;
#7355 = DIRECTION ( 'NONE',  ( 1.000000000000000000, 1.609823385706476600E-015, 2.312964634635743000E-016 ) ) ;
#7356 = LINE ( 'NONE', #3530, #6070 ) ;
#7357 = CARTESIAN_POINT ( 'NONE',  ( 2.660447020673694300, 71.31277590714869100, 45.50000000000000000 ) ) ;
#7358 = CARTESIAN_POINT ( 'NONE',  ( -57.33955297932630700, 73.48310668740401800, 15.50000000000000000 ) ) ;
#7359 = ORIENTED_EDGE ( 'NONE', *, *, #4570, .T. ) ;
#7360 = DIRECTION ( 'NONE',  ( 0.0000000000000000000, 0.0000000000000000000, 1.000000000000000000 ) ) ;
#7361 = CARTESIAN_POINT ( 'NONE',  ( -39.83955297932631400, 70.48310668740398900, 30.50000000000000000 ) ) ;
#7362 = AXIS2_PLACEMENT_3D ( 'NONE', #9409, #3798, #8612 ) ;
#7363 = EDGE_LOOP ( 'NONE', ( #7387, #4172, #2853, #6361 ) ) ;
#7364 = CARTESIAN_POINT ( 'NONE',  ( -42.36641119629124600, -30.18895428268302400, 47.43396315314850400 ) ) ;
#7365 = CARTESIAN_POINT ( 'NONE',  ( -71.04602967032580800, 10.48310668740397300, 30.50000000000000000 ) ) ;
#7366 = EDGE_CURVE ( 'NONE', #907, #5473, #10663, .T. ) ;
#7367 = CIRCLE ( 'NONE', #432, 60.00000000000000700 ) ;
#7368 = VERTEX_POINT ( 'NONE', #3567 ) ;
#7369 = CARTESIAN_POINT ( 'NONE',  ( 60.16044702067369300, -23.95501194873044100, 5.000000000000000000 ) ) ;
#7370 = EDGE_LOOP ( 'NONE', ( #797, #8940, #1963, #1974, #2416, #6148 ) ) ;
#7371 = DIRECTION ( 'NONE',  ( 1.609823385706476600E-015, -1.000000000000000000, -4.165779463821302700E-032 ) ) ;
#7372 = VERTEX_POINT ( 'NONE', #251 ) ;
#7373 =( BOUNDED_CURVE ( )  B_SPLINE_CURVE ( 3, ( #2780, #1949, #4535, #3731 ),
 .UNSPECIFIED., .F., .F. ) 
 B_SPLINE_CURVE_WITH_KNOTS ( ( 4, 4 ),
 ( 4.672124734714506300, 4.712388980384678100 ),
 .UNSPECIFIED. ) 
 CURVE ( )  GEOMETRIC_REPRESENTATION_ITEM ( )  RATIONAL_B_SPLINE_CURVE ( ( 1.000000000000000000, 0.9998649037730451500, 0.9998649037730451500, 1.000000000000000000 ) ) 
 REPRESENTATION_ITEM ( '' )  );
#7374 = DIRECTION ( 'NONE',  ( 0.0000000000000000000, -1.000000000000000000, 0.0000000000000000000 ) ) ;
#7375 = CARTESIAN_POINT ( 'NONE',  ( -43.82725358336268300, 68.51117250990155600, 15.24349833912912200 ) ) ;
#7376 = CYLINDRICAL_SURFACE ( 'NONE', #5793, 9.999999999999994700 ) ;
#7377 = CARTESIAN_POINT ( 'NONE',  ( -26.20386481251842900, -32.82340458049192500, 47.49984925543877500 ) ) ;
#7378 = DIRECTION ( 'NONE',  ( 0.0000000000000000000, 0.0000000000000000000, -1.000000000000000000 ) ) ;
#7379 = VERTEX_POINT ( 'NONE', #7720 ) ;
#7380 = ADVANCED_FACE ( 'NONE', ( #1271 ), #3749, .F. ) ;
#7381 = EDGE_CURVE ( 'NONE', #8272, #10196, #10453, .T. ) ;
#7382 = AXIS2_PLACEMENT_3D ( 'NONE', #6354, #2272, #1231 ) ;
#7383 = DIRECTION ( 'NONE',  ( -1.638987529116215700E-015, 1.000000000000000000, -9.178330163050808500E-016 ) ) ;
#7384 = ORIENTED_EDGE ( 'NONE', *, *, #4792, .F. ) ;
#7385 = CARTESIAN_POINT ( 'NONE',  ( 4.131094555670306300, -30.18916715126120600, 13.56676028455132000 ) ) ;
#7386 = ORIENTED_EDGE ( 'NONE', *, *, #3890, .F. ) ;
#7387 = ORIENTED_EDGE ( 'NONE', *, *, #5086, .T. ) ;
#7388 = VERTEX_POINT ( 'NONE', #3492 ) ;
#7389 = CARTESIAN_POINT ( 'NONE',  ( 45.16044702067369300, 63.16199222007408300, 3.665112136637754100 ) ) ;
#7390 = CARTESIAN_POINT ( 'NONE',  ( -8.839552979326308300, 73.48310668740410300, 15.50000000000000000 ) ) ;
#7391 = ORIENTED_EDGE ( 'NONE', *, *, #9272, .F. ) ;
#7392 = DIRECTION ( 'NONE',  ( 0.7009994144339907200, -0.1311474053361114700, 0.7009994144339978300 ) ) ;
#7393 = DIRECTION ( 'NONE',  ( -0.0000000000000000000, 1.000000000000000000, 0.0000000000000000000 ) ) ;
#7394 = CARTESIAN_POINT ( 'NONE',  ( -15.98955297932633200, 64.69007228669751400, 40.51286796564302500 ) ) ;
#7395 = VERTEX_POINT ( 'NONE', #7612 ) ;
#7396 = EDGE_CURVE ( 'NONE', #4472, #410, #8504, .T. ) ;
#7397 = ORIENTED_EDGE ( 'NONE', *, *, #8283, .T. ) ;
#7398 = DIRECTION ( 'NONE',  ( 1.609823385706476600E-015, -1.000000000000000000, -4.165779463821302700E-032 ) ) ;
#7399 = AXIS2_PLACEMENT_3D ( 'NONE', #9812, #7504, #9950 ) ;
#7400 = ORIENTED_EDGE ( 'NONE', *, *, #10626, .F. ) ;
#7401 = ORIENTED_EDGE ( 'NONE', *, *, #5291, .F. ) ;
#7402 = CARTESIAN_POINT ( 'NONE',  ( 53.16044702067368600, 71.31277590714871900, 15.50000000000000000 ) ) ;
#7403 = EDGE_CURVE ( 'NONE', #10644, #8437, #9804, .T. ) ;
#7404 = CARTESIAN_POINT ( 'NONE',  ( -61.04602967032580100, -32.44987874101829600, 35.12228167828154600 ) ) ;
#7405 = ORIENTED_EDGE ( 'NONE', *, *, #8153, .F. ) ;
#7406 = CARTESIAN_POINT ( 'NONE',  ( 6.660447020673706800, 68.54422461361772900, 45.63025720958918900 ) ) ;
#7407 = DIRECTION ( 'NONE',  ( -1.000000000000000000, -6.811184200154377300E-015, 0.0000000000000000000 ) ) ;
#7408 = ORIENTED_EDGE ( 'NONE', *, *, #5305, .F. ) ;
#7409 = ORIENTED_EDGE ( 'NONE', *, *, #2085, .T. ) ;
#7410 = VERTEX_POINT ( 'NONE', #2662 ) ;
#7411 = CARTESIAN_POINT ( 'NONE',  ( -59.09475603553752200, -30.45807326175550900, 14.50733126608358200 ) ) ;
#7412 = DIRECTION ( 'NONE',  ( -1.000000000000000000, 0.0000000000000000000, 0.0000000000000000000 ) ) ;
#7413 = DIRECTION ( 'NONE',  ( 1.000000000000000000, 0.0000000000000000000, 0.0000000000000000000 ) ) ;
#7414 = VECTOR ( 'NONE', #9496, 1000.000000000000000 ) ;
#7415 = CARTESIAN_POINT ( 'NONE',  ( -71.04602967032580800, 64.16420904163041400, 9.297367386975608400 ) ) ;
#7416 = EDGE_CURVE ( 'NONE', #5489, #2833, #7108, .T. ) ;
#7417 = CARTESIAN_POINT ( 'NONE',  ( -57.86641119629140200, 68.04387154061041100, 47.43396315314851800 ) ) ;
#7418 = ORIENTED_EDGE ( 'NONE', *, *, #9049, .T. ) ;
#7419 = CARTESIAN_POINT ( 'NONE',  ( -24.33955297932623200, 20.56252476838795600, 30.50000000000000400 ) ) ;
#7420 = VERTEX_POINT ( 'NONE', #4338 ) ;
#7421 = CARTESIAN_POINT ( 'NONE',  ( -58.67649904925880800, -32.99248640920365700, 46.99329394968421500 ) ) ;
#7422 = ORIENTED_EDGE ( 'NONE', *, *, #3949, .T. ) ;
#7423 = ORIENTED_EDGE ( 'NONE', *, *, #3914, .F. ) ;
#7424 = CARTESIAN_POINT ( 'NONE',  ( 50.16044702067368600, 10.48310668740397300, 30.50000000000000000 ) ) ;
#7425 = VECTOR ( 'NONE', #7274, 1000.000000000000000 ) ;
#7426 = CARTESIAN_POINT ( 'NONE',  ( -25.32239115883523800, 70.77009123091600900, 13.77294528950233900 ) ) ;
#7427 = DIRECTION ( 'NONE',  ( 0.0000000000000000000, 0.0000000000000000000, -1.000000000000000000 ) ) ;
#7428 = CARTESIAN_POINT ( 'NONE',  ( -43.77716093425112800, 68.44335759605292000, 46.01213823740297200 ) ) ;
#7429 = ORIENTED_EDGE ( 'NONE', *, *, #9457, .F. ) ;
#7430 = CARTESIAN_POINT ( 'NONE',  ( -10.70386481251858700, 70.67832183841929300, 47.49984925543877500 ) ) ;
#7431 = AXIS2_PLACEMENT_3D ( 'NONE', #9820, #8948, #3255 ) ;
#7432 = DIRECTION ( 'NONE',  ( -0.0000000000000000000, 0.0000000000000000000, 1.000000000000000000 ) ) ;
#7433 = EDGE_CURVE ( 'NONE', #3789, #8296, #4139, .T. ) ;
#7434 = DIRECTION ( 'NONE',  ( 1.000000000000000000, 1.603063405027194900E-016, 0.0000000000000000000 ) ) ;
#7435 = ADVANCED_FACE ( 'NONE', ( #2194 ), #744, .F. ) ;
#7436 = CARTESIAN_POINT ( 'NONE',  ( -71.04602967032583600, -24.87519891327388100, 60.00000000000000700 ) ) ;
#7437 = DIRECTION ( 'NONE',  ( 1.609823385706476600E-015, -1.000000000000000000, -4.165779463821302700E-032 ) ) ;
#7438 = DIRECTION ( 'NONE',  ( -0.0000000000000000000, -1.000000000000000000, -0.0000000000000000000 ) ) ;
#7439 = LINE ( 'NONE', #4744, #10530 ) ;
#7440 = VERTEX_POINT ( 'NONE', #7938 ) ;
#7441 = CARTESIAN_POINT ( 'NONE',  ( 5.678020865226943500, 68.10445794739803200, 47.22679946501695300 ) ) ;
#7442 = DIRECTION ( 'NONE',  ( 1.000000000000000000, 1.603063405027194900E-016, 0.0000000000000000000 ) ) ;
#7443 = FACE_OUTER_BOUND ( 'NONE', #2503, .T. ) ;
#7444 = CARTESIAN_POINT ( 'NONE',  ( 53.07671299093070200, -25.65486937369171400, 46.08486622754991700 ) ) ;
#7445 = AXIS2_PLACEMENT_3D ( 'NONE', #1938, #2130, #481 ) ;
#7446 = SURFACE_SIDE_STYLE ('',( #8219 ) ) ;
#7447 = AXIS2_PLACEMENT_3D ( 'NONE', #812, #10575, #9020 ) ;
#7448 = CIRCLE ( 'NONE', #8152, 60.00000000000000000 ) ;
#7449 = CARTESIAN_POINT ( 'NONE',  ( -12.83955297932622100, 10.48310668740398200, 30.50000000000000000 ) ) ;
#7450 = ORIENTED_EDGE ( 'NONE', *, *, #396, .F. ) ;
#7451 = DIRECTION ( 'NONE',  ( 0.0000000000000000000, -0.5735764363510524900, -0.8191520442889873600 ) ) ;
#7452 = DIRECTION ( 'NONE',  ( 1.000000000000000000, -0.0000000000000000000, 0.0000000000000000000 ) ) ;
#7453 = CARTESIAN_POINT ( 'NONE',  ( -59.33955297932631400, 68.57785688051521300, 45.50000000000000000 ) ) ;
#7454 = VECTOR ( 'NONE', #1637, 1000.000000000000000 ) ;
#7455 = CARTESIAN_POINT ( 'NONE',  ( 50.73374366343490000, -26.37519891327412900, 50.09999999999959600 ) ) ;
#7456 = CARTESIAN_POINT ( 'NONE',  ( -55.53507028980611400, -33.19206292539780600, 46.37209799849230800 ) ) ;
#7457 = CARTESIAN_POINT ( 'NONE',  ( 24.88247239614251800, -18.52275989687055400, 4.000000000000000000 ) ) ;
#7458 = EDGE_LOOP ( 'NONE', ( #9463, #1976 ) ) ;
#7459 = EDGE_CURVE ( 'NONE', #4985, #7641, #4537, .T. ) ;
#7460 = CARTESIAN_POINT ( 'NONE',  ( -61.04602967032580100, -26.22039438186902100, 57.36015214575595400 ) ) ;
#7461 = DIRECTION ( 'NONE',  ( 1.000000000000000000, 0.0000000000000000000, 0.0000000000000000000 ) ) ;
#7462 = LINE ( 'NONE', #4901, #205 ) ;
#7463 = CARTESIAN_POINT ( 'NONE',  ( -9.604755490263446700, -32.96432308532411800, 13.92119940995661900 ) ) ;
#7464 = DIRECTION ( 'NONE',  ( -1.000000000000000000, -1.609823385706476600E-015, 2.312964634635743000E-016 ) ) ;
#7465 = CARTESIAN_POINT ( 'NONE',  ( -11.74078466846798800, 70.74891782148577600, 47.29038196465390300 ) ) ;
#7466 = FACE_OUTER_BOUND ( 'NONE', #2336, .T. ) ;
#7467 = DIRECTION ( 'NONE',  ( 1.000000000000000000, 0.0000000000000000000, -0.0000000000000000000 ) ) ;
#7468 = ORIENTED_EDGE ( 'NONE', *, *, #6844, .F. ) ;
#7469 = LINE ( 'NONE', #9839, #1387 ) ;
#7470 = CARTESIAN_POINT ( 'NONE',  ( -12.83955297932631400, 68.54463232551050600, 45.62867814821817800 ) ) ;
#7471 = CARTESIAN_POINT ( 'NONE',  ( 45.21247239614250900, 33.35024010312945800, 4.000000000000000000 ) ) ;
#7472 = FACE_OUTER_BOUND ( 'NONE', #785, .T. ) ;
#7473 = CARTESIAN_POINT ( 'NONE',  ( 22.16044702067370100, 68.57785688051524200, 15.50000000000000000 ) ) ;
#7474 = CARTESIAN_POINT ( 'NONE',  ( 33.66044702067370100, 71.27490271540915500, 15.37186173385273200 ) ) ;
#7475 = FACE_OUTER_BOUND ( 'NONE', #1960, .T. ) ;
#7476 = VERTEX_POINT ( 'NONE', #355 ) ;
#7477 = CARTESIAN_POINT ( 'NONE',  ( -13.11752760385748600, 37.09024010312946700, 9.263639781882645300 ) ) ;
#7478 = DIRECTION ( 'NONE',  ( 1.604619215278546600E-015, -1.000000000000000000, 0.0000000000000000000 ) ) ;
#7479 = EDGE_CURVE ( 'NONE', #1709, #427, #5157, .T. ) ;
#7480 = DIRECTION ( 'NONE',  ( 0.0000000000000000000, 0.0000000000000000000, 1.000000000000000000 ) ) ;
#7481 = CARTESIAN_POINT ( 'NONE',  ( -58.35642054050138900, -30.24940942227409500, 13.77274710912328200 ) ) ;
#7482 = VECTOR ( 'NONE', #2432, 1000.000000000000000 ) ;
#7483 = CARTESIAN_POINT ( 'NONE',  ( 45.16044702067369300, -29.15443035959369700, 10.38075333641064200 ) ) ;
#7484 = CARTESIAN_POINT ( 'NONE',  ( 6.464929710193874100, -33.19206292539779900, 46.37209799849230800 ) ) ;
#7485 = VERTEX_POINT ( 'NONE', #4633 ) ;
#7486 = ADVANCED_FACE ( 'NONE', ( #2701 ), #101, .T. ) ;
#7487 = CARTESIAN_POINT ( 'NONE',  ( -57.47041335351882900, 68.02436011043489800, 47.50012219141359500 ) ) ;
#7488 = CARTESIAN_POINT ( 'NONE',  ( 45.16044702067369300, -27.37780733825310300, 5.954545454545445300 ) ) ;
#7489 = CARTESIAN_POINT ( 'NONE',  ( -27.58944862568081300, -32.96333980715765900, 13.91725300995626900 ) ) ;
#7490 = FACE_OUTER_BOUND ( 'NONE', #4940, .T. ) ;
#7491 = B_SPLINE_CURVE_WITH_KNOTS ( 'NONE', 3,
 ( #8231, #9927, #62, #9964, #5866, #3334, #7519, #4140, #3298, #887, #783, #10654, #9167, #6706, #9895, #5733, #1733, #3400, #2422, #4966, #10721, #5797, #2566, #8340, #818, #9823, #6671, #6631, #9864, #4904, #4173, #5005 ),
 .UNSPECIFIED., .F., .F.,
 ( 4, 2, 2, 2, 2, 2, 2, 2, 2, 2, 2, 2, 2, 2, 2, 4 ),
 ( 0.0000000000000000000, 0.0003978912550167356900, 0.0007957825100334713800, 0.001193673765050206900, 0.001591565020066942800, 0.001989456275083678600, 0.002387347530100413800, 0.003183130040133898100, 0.003581021295150645400, 0.003978912550167392800, 0.004376803805184139300, 0.004774695060200885800, 0.005172586315217633100, 0.005570477570234380400, 0.005968368825251126900, 0.006366260080267874300 ),
 .UNSPECIFIED. ) ;
#7492 = B_SPLINE_CURVE_WITH_KNOTS ( 'NONE', 3,
 ( #9404, #2767, #6037, #5311, #6968, #2669, #8436, #3495, #9265, #4345, #10112, #5172, #6003, #5206, #224, #2985, #4639, #9518, #4522, #2836, #10427, #5433, #1278, #5463, #10388, #1320 ),
 .UNSPECIFIED., .F., .F.,
 ( 4, 2, 2, 2, 2, 2, 2, 2, 2, 2, 2, 2, 4 ),
 ( 0.006342387075903227000, 0.006740216801652392300, 0.007138046527401556800, 0.007933705978899887500, 0.008331535704649043300, 0.008729365430398199100, 0.009127195156147354900, 0.009525024881896510700, 0.01032068433339480100, 0.01071851405914394500, 0.01111634378489308900, 0.01191200323639138000, 0.01270766268788966900 ),
 .UNSPECIFIED. ) ;
#7493 = EDGE_CURVE ( 'NONE', #5978, #6865, #1923, .T. ) ;
#7494 = DIRECTION ( 'NONE',  ( 1.000000000000000000, -0.0000000000000000000, -0.0000000000000000000 ) ) ;
#7495 = EDGE_LOOP ( 'NONE', ( #4683, #2620, #9611, #10235 ) ) ;
#7496 = DIRECTION ( 'NONE',  ( 0.0000000000000000000, 0.0000000000000000000, 1.000000000000000000 ) ) ;
#7497 = CARTESIAN_POINT ( 'NONE',  ( -11.85885992024389200, 70.77051896432973900, 47.22577069338046800 ) ) ;
#7498 = ORIENTED_EDGE ( 'NONE', *, *, #2951, .T. ) ;
#7499 = PLANE ( 'NONE',  #6229 ) ;
#7500 = CYLINDRICAL_SURFACE ( 'NONE', #8599, 2.000000000000015500 ) ;
#7501 = ORIENTED_EDGE ( 'NONE', *, *, #843, .F. ) ;
#7502 = AXIS2_PLACEMENT_3D ( 'NONE', #6244, #6347, #9613 ) ;
#7503 = CARTESIAN_POINT ( 'NONE',  ( 60.16044702067367200, 62.73011617120128800, 60.00000000000002100 ) ) ;
#7504 = DIRECTION ( 'NONE',  ( 1.000000000000000000, 1.603063405027194900E-016, 0.0000000000000000000 ) ) ;
#7505 = AXIS2_PLACEMENT_3D ( 'NONE', #1149, #8674, #7932 ) ;
#7506 = CARTESIAN_POINT ( 'NONE',  ( -12.83955297932615200, -30.72293962258783800, 15.50000000000000000 ) ) ;
#7507 = CARTESIAN_POINT ( 'NONE',  ( -39.83955297932615700, -30.72293962258784500, 45.50000000000000000 ) ) ;
#7508 = EDGE_CURVE ( 'NONE', #9385, #4304, #6467, .T. ) ;
#7509 = ORIENTED_EDGE ( 'NONE', *, *, #984, .F. ) ;
#7510 = CARTESIAN_POINT ( 'NONE',  ( 6.178255593054474900, 68.22415226669727400, 46.80892437815208500 ) ) ;
#7511 = ORIENTED_EDGE ( 'NONE', *, *, #7067, .F. ) ;
#7512 = CYLINDRICAL_SURFACE ( 'NONE', #4552, 1.000000000000000900 ) ;
#7513 = CARTESIAN_POINT ( 'NONE',  ( 60.16044702067369300, -26.37519891327379200, 53.90000000000002000 ) ) ;
#7514 = ORIENTED_EDGE ( 'NONE', *, *, #6088, .T. ) ;
#7515 = CARTESIAN_POINT ( 'NONE',  ( 53.16044702067370100, 73.48310668740420200, 45.50000000000000000 ) ) ;
#7516 = CARTESIAN_POINT ( 'NONE',  ( -59.33955297932626400, 27.37181057052337600, 30.50000000000000000 ) ) ;
#7517 = CARTESIAN_POINT ( 'NONE',  ( 42.76044702067367400, 64.69007228669748600, 29.80073593128704300 ) ) ;
#7518 = VERTEX_POINT ( 'NONE', #1418 ) ;
#7519 = CARTESIAN_POINT ( 'NONE',  ( 21.90330527401853200, 68.31343972487222500, 46.48953342699891100 ) ) ;
#7520 = CARTESIAN_POINT ( 'NONE',  ( 2.722327843397765800, -33.30447551494692200, 46.01007006353241700 ) ) ;
#7521 = ORIENTED_EDGE ( 'NONE', *, *, #7730, .T. ) ;
#7522 = EDGE_CURVE ( 'NONE', #3396, #5836, #3610, .T. ) ;
#7523 = EDGE_CURVE ( 'NONE', #6121, #4481, #10202, .T. ) ;
#7524 = ORIENTED_EDGE ( 'NONE', *, *, #7306, .T. ) ;
#7525 = DIRECTION ( 'NONE',  ( 1.609823385706476600E-015, -1.000000000000000000, -4.165779463821302700E-032 ) ) ;
#7526 = VERTEX_POINT ( 'NONE', #8105 ) ;
#7527 = AXIS2_PLACEMENT_3D ( 'NONE', #7369, #9128, #4925 ) ;
#7528 = CARTESIAN_POINT ( 'NONE',  ( 45.16044702067369300, -23.95501194873044100, 5.000000000000000000 ) ) ;
#7529 = DIRECTION ( 'NONE',  ( -0.0000000000000000000, -0.0000000000000000000, 1.000000000000000000 ) ) ;
#7530 = ORIENTED_EDGE ( 'NONE', *, *, #855, .F. ) ;
#7531 = CARTESIAN_POINT ( 'NONE',  ( -25.10475549026362800, 70.81924034325147900, 13.92119940995661200 ) ) ;
#7532 = CARTESIAN_POINT ( 'NONE',  ( -132.8082378770764600, 68.44617026388613100, 41.51286796564299000 ) ) ;
#7533 = ORIENTED_EDGE ( 'NONE', *, *, #9285, .T. ) ;
#7534 = CARTESIAN_POINT ( 'NONE',  ( -9.084051832538609300, -33.15467685960810200, 14.50803016031319400 ) ) ;
#7535 = ORIENTED_EDGE ( 'NONE', *, *, #1338, .F. ) ;
#7536 = ORIENTED_EDGE ( 'NONE', *, *, #5472, .F. ) ;
#7537 = CARTESIAN_POINT ( 'NONE',  ( 42.76044702067366600, 64.69416571815639800, 29.80073593128703600 ) ) ;
#7538 = CARTESIAN_POINT ( 'NONE',  ( 50.16044702067368600, -26.16654736466224300, 57.58586771000596400 ) ) ;
#7539 = CIRCLE ( 'NONE', #10234, 5.000000000000000000 ) ;
#7540 = DIRECTION ( 'NONE',  ( -1.000000000000000000, -1.609823385706476600E-015, 0.0000000000000000000 ) ) ;
#7541 = ADVANCED_FACE ( 'NONE', ( #3881 ), #5949, .F. ) ;
#7542 = AXIS2_PLACEMENT_3D ( 'NONE', #7218, #1427, #8933 ) ;
#7543 = CARTESIAN_POINT ( 'NONE',  ( -40.08405183253879000, 71.00959411753542800, 14.50803016031318500 ) ) ;
#7544 = ORIENTED_EDGE ( 'NONE', *, *, #2108, .F. ) ;
#7545 = DIRECTION ( 'NONE',  ( -1.594400883811535600E-015, 1.000000000000000000, -1.047444401652940000E-014 ) ) ;
#7546 = EDGE_CURVE ( 'NONE', #1374, #1870, #8381, .T. ) ;
#7547 = EDGE_LOOP ( 'NONE', ( #295, #9705, #4152, #5498 ) ) ;
#7548 = VERTEX_POINT ( 'NONE', #7969 ) ;
#7549 = DIRECTION ( 'NONE',  ( -0.8750000000000332000, -4.163336342344325700E-014, -0.4841229182758672900 ) ) ;
#7550 = ORIENTED_EDGE ( 'NONE', *, *, #4150, .T. ) ;
#7551 = LINE ( 'NONE', #3736, #5500 ) ;
#7552 = CARTESIAN_POINT ( 'NONE',  ( 4.395085358793310500, 68.02830081479798700, 47.48680050506429500 ) ) ;
#7553 = CARTESIAN_POINT ( 'NONE',  ( 41.44247239614252700, -14.90975989687055900, 4.000000000000000000 ) ) ;
#7554 = CARTESIAN_POINT ( 'NONE',  ( 18.16044702067368300, 71.31277590714870500, 15.50000000000000000 ) ) ;
#7555 = DIRECTION ( 'NONE',  ( 1.609823385706476600E-015, -1.000000000000000000, -4.165779463821302700E-032 ) ) ;
#7556 = EDGE_LOOP ( 'NONE', ( #10395, #4667, #4953, #579 ) ) ;
#7557 = EDGE_CURVE ( 'NONE', #3149, #236, #6212, .T. ) ;
#7558 = ORIENTED_EDGE ( 'NONE', *, *, #9922, .F. ) ;
#7559 = ORIENTED_EDGE ( 'NONE', *, *, #7991, .T. ) ;
#7560 = CARTESIAN_POINT ( 'NONE',  ( -13.93667964815026900, 35.74913373892482600, 9.837216218233701100 ) ) ;
#7561 = EDGE_CURVE ( 'NONE', #2928, #6814, #6847, .T. ) ;
#7562 = LINE ( 'NONE', #674, #5634 ) ;
#7563 = CARTESIAN_POINT ( 'NONE',  ( -56.43989211662464800, 68.08572968216853400, 47.29108936670988300 ) ) ;
#7564 = CARTESIAN_POINT ( 'NONE',  ( -57.86885140135164100, -32.84591943300463200, 47.43335354415473400 ) ) ;
#7565 = CARTESIAN_POINT ( 'NONE',  ( -28.33955297932615000, -33.41998545748177200, 15.37186173385272000 ) ) ;
#7566 = CIRCLE ( 'NONE', #6312, 2.000000000000001800 ) ;
#7567 = ORIENTED_EDGE ( 'NONE', *, *, #301, .T. ) ;
#7568 = B_SPLINE_CURVE_WITH_KNOTS ( 'NONE', 3,
 ( #9788, #1450, #8959, #7341, #2314, #8030, #4835, #10616, #5663, #6526, #2286, #3087, #1481, #8067, #8859, #4869, #10518, #8993, #5697, #3117, #605, #4799, #10580, #10478, #7207, #8889 ),
 .UNSPECIFIED., .F., .F.,
 ( 4, 2, 2, 2, 2, 2, 2, 2, 2, 2, 2, 2, 4 ),
 ( 0.006342387075903246000, 0.006740216801652396600, 0.007138046527401548100, 0.007933705978899849300, 0.008331535704649005100, 0.008729365430398160900, 0.009127195156147315000, 0.009525024881896470800, 0.01032068433339478100, 0.01071851405914393300, 0.01111634378489308500, 0.01191200323639139300, 0.01270766268788969800 ),
 .UNSPECIFIED. ) ;
#7569 = CARTESIAN_POINT ( 'NONE',  ( 52.02669060419839300, -30.22417416405972200, 47.31412156713743400 ) ) ;
#7570 = LINE ( 'NONE', #10209, #8720 ) ;
#7571 = CARTESIAN_POINT ( 'NONE',  ( -10.97791864871156300, -32.82344603182251300, 13.50027294252317500 ) ) ;
#7572 = CARTESIAN_POINT ( 'NONE',  ( 21.39950957254699700, -32.96543143332153400, 47.07544141014531600 ) ) ;
#7573 = DIRECTION ( 'NONE',  ( 2.932034848225395000E-016, -0.1838957114233399600, 0.9829457601109553600 ) ) ;
#7574 = VECTOR ( 'NONE', #7295, 1000.000000000000000 ) ;
#7575 = ORIENTED_EDGE ( 'NONE', *, *, #6064, .F. ) ;
#7576 = EDGE_CURVE ( 'NONE', #3253, #1560, #482, .T. ) ;
#7577 = CARTESIAN_POINT ( 'NONE',  ( 37.66044702067370100, 73.48310668740417400, 45.50000000000000000 ) ) ;
#7578 = CARTESIAN_POINT ( 'NONE',  ( -58.35642054050154600, 68.10432668020148100, 13.77274710912328400 ) ) ;
#7579 = LINE ( 'NONE', #2497, #3187 ) ;
#7580 = CARTESIAN_POINT ( 'NONE',  ( -12.83955297932615000, -30.68971918547862300, 15.37133780032230000 ) ) ;
#7581 = CARTESIAN_POINT ( 'NONE',  ( 33.66044702067369300, 73.48310668740398900, 30.50000000000000400 ) ) ;
#7582 = ORIENTED_EDGE ( 'NONE', *, *, #7271, .T. ) ;
#7583 = CIRCLE ( 'NONE', #4503, 4.900000000000001200 ) ;
#7584 = VERTEX_POINT ( 'NONE', #4770 ) ;
#7585 = CARTESIAN_POINT ( 'NONE',  ( 52.66044702067370800, 68.22012886844507300, 46.82287565553230000 ) ) ;
#7586 = DIRECTION ( 'NONE',  ( 1.619075244245020000E-015, -1.000000000000000000, 0.0000000000000000000 ) ) ;
#7587 = DIRECTION ( 'NONE',  ( 1.000000000000000000, 0.0000000000000000000, 0.0000000000000000000 ) ) ;
#7588 = EDGE_CURVE ( 'NONE', #1124, #3927, #8632, .T. ) ;
#7589 = CARTESIAN_POINT ( 'NONE',  ( 36.89950957254683300, 70.82034869124892400, 47.07544141014531600 ) ) ;
#7590 = CARTESIAN_POINT ( 'NONE',  ( -11.37221172870946600, 70.70116343258168000, 13.56761369079868700 ) ) ;
#7591 = AXIS2_PLACEMENT_3D ( 'NONE', #7516, #6845, #3395 ) ;
#7592 = FACE_OUTER_BOUND ( 'NONE', #898, .T. ) ;
#7593 = CARTESIAN_POINT ( 'NONE',  ( -32.08752760385749500, -14.90975989687055900, 8.650000000000000400 ) ) ;
#7594 = CARTESIAN_POINT ( 'NONE',  ( 4.930584112073098000, -32.82803102597168300, 47.48622826149018300 ) ) ;
#7595 = FACE_OUTER_BOUND ( 'NONE', #1501, .T. ) ;
#7596 = DIRECTION ( 'NONE',  ( 0.0000000000000000000, -1.000000000000000000, 0.0000000000000000000 ) ) ;
#7597 = ORIENTED_EDGE ( 'NONE', *, *, #3158, .T. ) ;
#7598 = ADVANCED_FACE ( 'NONE', ( #10319 ), #6458, .F. ) ;
#7599 = CARTESIAN_POINT ( 'NONE',  ( -13.11752760385748600, -20.52275989687055700, 4.000000000000000000 ) ) ;
#7600 = DIRECTION ( 'NONE',  ( 1.609823385706476600E-015, -1.000000000000000000, 0.0000000000000000000 ) ) ;
#7601 = CARTESIAN_POINT ( 'NONE',  ( 34.63713292319751200, -20.38517556395939700, -1.040834085586084300E-014 ) ) ;
#7602 = FACE_OUTER_BOUND ( 'NONE', #5851, .T. ) ;
#7603 = DIRECTION ( 'NONE',  ( 0.0000000000000000000, 0.0000000000000000000, 1.000000000000000000 ) ) ;
#7604 = CIRCLE ( 'NONE', #3211, 4.900000000000001200 ) ;
#7605 = VERTEX_POINT ( 'NONE', #10587 ) ;
#7606 = EDGE_CURVE ( 'NONE', #1554, #526, #4258, .T. ) ;
#7607 = CARTESIAN_POINT ( 'NONE',  ( 37.66044702067371500, 68.51061310569537000, 15.23956597998646400 ) ) ;
#7608 = CARTESIAN_POINT ( 'NONE',  ( 21.18256776144937000, -32.91615473439756600, 47.22411160762042900 ) ) ;
#7609 = EDGE_CURVE ( 'NONE', #8296, #8108, #8761, .T. ) ;
#7610 = VECTOR ( 'NONE', #5948, 1000.000000000000000 ) ;
#7611 = CARTESIAN_POINT ( 'NONE',  ( 3.410551374319194200, -32.96333980715765200, 13.91725300995627100 ) ) ;
#7612 = CARTESIAN_POINT ( 'NONE',  ( -35.98752760385749400, -14.90975989687055900, 7.000000000000000000 ) ) ;
#7613 = ORIENTED_EDGE ( 'NONE', *, *, #1557, .T. ) ;
#7614 = CARTESIAN_POINT ( 'NONE',  ( -56.04602967032580800, 56.90992920665785700, 5.000000000000000000 ) ) ;
#7615 = DIRECTION ( 'NONE',  ( -0.0000000000000000000, -0.0000000000000000000, -1.000000000000000000 ) ) ;
#7616 = CARTESIAN_POINT ( 'NONE',  ( 18.16044702067370400, 68.54463644340603400, 15.37133780032230000 ) ) ;
#7617 = CARTESIAN_POINT ( 'NONE',  ( 35.52208135128827100, 70.67836328974989600, 13.50027294252317500 ) ) ;
#7618 = CARTESIAN_POINT ( 'NONE',  ( -28.33955297932616100, -33.41997979128041900, 45.62815743688999200 ) ) ;
#7619 = CYLINDRICAL_SURFACE ( 'NONE', #8333, 2.000000000000015500 ) ;
#7620 = CARTESIAN_POINT ( 'NONE',  ( 50.42117605068691700, 66.84193769712881300, 51.09292886514575800 ) ) ;
#7621 = CARTESIAN_POINT ( 'NONE',  ( -71.04602967032580800, 61.68521411253468800, 3.104097538031597800 ) ) ;
#7622 = ORIENTED_EDGE ( 'NONE', *, *, #4796, .T. ) ;
#7623 = EDGE_CURVE ( 'NONE', #32, #3269, #1788, .T. ) ;
#7624 = DIRECTION ( 'NONE',  ( 1.000000000000000000, -0.0000000000000000000, 0.0000000000000000000 ) ) ;
#7625 = CARTESIAN_POINT ( 'NONE',  ( 25.88247239614251800, 35.42436320469006000, 9.283996658764849000 ) ) ;
#7626 = CYLINDRICAL_SURFACE ( 'NONE', #8538, 0.5000000000000004400 ) ;
#7627 = DIRECTION ( 'NONE',  ( 0.0000000000000000000, 1.000000000000000000, 0.0000000000000000000 ) ) ;
#7628 = VERTEX_POINT ( 'NONE', #8897 ) ;
#7629 = CARTESIAN_POINT ( 'NONE',  ( 60.16044702067369300, -17.05501194873043900, 3.000000000000000000 ) ) ;
#7630 = ORIENTED_EDGE ( 'NONE', *, *, #8153, .T. ) ;
#7631 = DIRECTION ( 'NONE',  ( 1.619075244245020000E-015, -1.000000000000000000, 5.319818659662208200E-015 ) ) ;
#7632 = CARTESIAN_POINT ( 'NONE',  ( -8.839552979326232000, 20.56252476838795900, 30.50000000000000400 ) ) ;
#7633 = AXIS2_PLACEMENT_3D ( 'NONE', #6426, #639, #3162 ) ;
#7634 = VERTEX_POINT ( 'NONE', #10552 ) ;
#7635 = EDGE_CURVE ( 'NONE', #9869, #2601, #4525, .T. ) ;
#7636 = CIRCLE ( 'NONE', #631, 1.900000000000000600 ) ;
#7637 = DIRECTION ( 'NONE',  ( 1.000000000000000000, 1.603063405027194900E-016, 0.0000000000000000000 ) ) ;
#7638 = EDGE_LOOP ( 'NONE', ( #4949, #3904, #3011, #10405, #2406, #2604, #9559, #1445 ) ) ;
#7639 = CARTESIAN_POINT ( 'NONE',  ( 22.06218719550642100, -33.26675772048085400, 46.13253221513175400 ) ) ;
#7640 = DIRECTION ( 'NONE',  ( 0.0000000000000000000, 0.0000000000000000000, -1.000000000000000000 ) ) ;
#7641 = VERTEX_POINT ( 'NONE', #4740 ) ;
#7642 = ORIENTED_EDGE ( 'NONE', *, *, #7635, .F. ) ;
#7643 = VERTEX_POINT ( 'NONE', #7277 ) ;
#7644 = CARTESIAN_POINT ( 'NONE',  ( 49.16044702067382100, 10.48310668740399300, 30.50000000000000000 ) ) ;
#7645 = ADVANCED_FACE ( 'NONE', ( #8122 ), #7102, .F. ) ;
#7646 = ORIENTED_EDGE ( 'NONE', *, *, #7623, .F. ) ;
#7647 = AXIS2_PLACEMENT_3D ( 'NONE', #5155, #7603, #9140 ) ;
#7648 = VERTEX_POINT ( 'NONE', #3342 ) ;
#7649 = CARTESIAN_POINT ( 'NONE',  ( 48.27973421299846300, 69.46507538444855400, 41.50618503329889100 ) ) ;
#7650 = CARTESIAN_POINT ( 'NONE',  ( -27.35885992024373800, -32.91560170640238400, 47.22577069338046100 ) ) ;
#7651 = PLANE ( 'NONE',  #7732 ) ;
#7652 = ORIENTED_EDGE ( 'NONE', *, *, #7157, .F. ) ;
#7653 = VERTEX_POINT ( 'NONE', #4910 ) ;
#7654 = DIRECTION ( 'NONE',  ( 0.0000000000000000000, 0.1526783015915142400, -0.9882759413357844500 ) ) ;
#7655 = CARTESIAN_POINT ( 'NONE',  ( 49.16044702067369300, 71.27490271540914100, 15.37186173385272300 ) ) ;
#7656 = EDGE_LOOP ( 'NONE', ( #1439, #5848, #9743, #3120 ) ) ;
#7657 = ORIENTED_EDGE ( 'NONE', *, *, #5736, .T. ) ;
#7658 = ADVANCED_FACE ( 'NONE', ( #9672 ), #10623, .F. ) ;
#7659 = DIRECTION ( 'NONE',  ( 1.000000000000000000, 1.609823385706476600E-015, -0.0000000000000000000 ) ) ;
#7660 = CARTESIAN_POINT ( 'NONE',  ( -9.608642798077880800, 68.14634757044123600, 13.91818639255001600 ) ) ;
#7661 = CARTESIAN_POINT ( 'NONE',  ( -61.04602967032580100, -26.37519891327379200, 52.00000000000002100 ) ) ;
#7662 = ORIENTED_EDGE ( 'NONE', *, *, #4292, .F. ) ;
#7663 = EDGE_CURVE ( 'NONE', #7584, #5726, #10573, .T. ) ;
#7664 = CARTESIAN_POINT ( 'NONE',  ( -12.58144891062945800, -30.45805203243090600, 46.49123464712619100 ) ) ;
#7665 = DIRECTION ( 'NONE',  ( 1.000000000000000000, 0.0000000000000000000, 0.0000000000000000000 ) ) ;
#7666 = EDGE_LOOP ( 'NONE', ( #7020, #10106, #1880, #9643 ) ) ;
#7667 = AXIS2_PLACEMENT_3D ( 'NONE', #10152, #118, #157 ) ;
#7668 = CARTESIAN_POINT ( 'NONE',  ( 49.16044702067371500, 68.57785688051524200, 45.50000000000000000 ) ) ;
#7669 = EDGE_LOOP ( 'NONE', ( #107, #10240, #1055, #6114 ) ) ;
#7670 = ORIENTED_EDGE ( 'NONE', *, *, #1934, .T. ) ;
#7671 = EDGE_LOOP ( 'NONE', ( #787, #8918, #1989, #1051 ) ) ;
#7672 = CARTESIAN_POINT ( 'NONE',  ( 41.44247239614252700, -14.90975989687055900, 8.650000000000000400 ) ) ;
#7673 = VECTOR ( 'NONE', #1297, 1000.000000000000000 ) ;
#7674 = DIRECTION ( 'NONE',  ( 6.973669755571783600E-016, -0.1838957114233399600, 0.9829457601109552500 ) ) ;
#7675 = CARTESIAN_POINT ( 'NONE',  ( -71.04602967032580800, -32.44987874101830300, 35.12228167828141100 ) ) ;
#7676 = ORIENTED_EDGE ( 'NONE', *, *, #159, .T. ) ;
#7677 = CARTESIAN_POINT ( 'NONE',  ( -12.58342570762120300, 71.01045606481395100, 46.48771649178682000 ) ) ;
#7678 = ORIENTED_EDGE ( 'NONE', *, *, #8698, .T. ) ;
#7679 = ORIENTED_EDGE ( 'NONE', *, *, #6701, .T. ) ;
#7680 = ORIENTED_EDGE ( 'NONE', *, *, #975, .T. ) ;
#7681 = DIRECTION ( 'NONE',  ( -1.619075244245020200E-015, 1.000000000000000000, 1.829555025996872900E-013 ) ) ;
#7682 = CIRCLE ( 'NONE', #3588, 59.99999999999997900 ) ;
#7683 = EDGE_CURVE ( 'NONE', #3189, #5531, #3218, .T. ) ;
#7684 = DIRECTION ( 'NONE',  ( 1.000000000000000000, 1.609823385706476600E-015, -0.0000000000000000000 ) ) ;
#7685 = CARTESIAN_POINT ( 'NONE',  ( -39.83955297932632100, 73.48310668740404600, 15.50000000000000000 ) ) ;
#7686 = CARTESIAN_POINT ( 'NONE',  ( 50.22653119867239000, 66.12018883345369600, 52.27409409867985300 ) ) ;
#7687 = CYLINDRICAL_SURFACE ( 'NONE', #111, 2.000000000000001800 ) ;
#7688 = CARTESIAN_POINT ( 'NONE',  ( -28.27767215660226400, -33.30447551494692200, 46.01007006353241700 ) ) ;
#7689 = VERTEX_POINT ( 'NONE', #1631 ) ;
#7690 = CARTESIAN_POINT ( 'NONE',  ( 60.16044702067369300, 10.48310668740399400, 30.50000000000000000 ) ) ;
#7691 = VECTOR ( 'NONE', #2651, 1000.000000000000000 ) ;
#7692 = DIRECTION ( 'NONE',  ( 1.000000000000000000, 1.603063405027194900E-016, 0.0000000000000000000 ) ) ;
#7693 = CARTESIAN_POINT ( 'NONE',  ( -10.97791864871173600, 70.67836328974986800, 13.50027294252317000 ) ) ;
#7694 = TOROIDAL_SURFACE ( 'NONE', #10710, 3.500000000000002700, 1.000000000000000000 ) ;
#7695 = DIRECTION ( 'NONE',  ( 1.000000000000000000, 1.594400883811535600E-015, -1.544146327605652500E-029 ) ) ;
#7696 = ORIENTED_EDGE ( 'NONE', *, *, #4854, .F. ) ;
#7697 = CARTESIAN_POINT ( 'NONE',  ( -18.48955297932633400, 65.31592815729840100, 31.91520202535432600 ) ) ;
#7698 = DIRECTION ( 'NONE',  ( 1.619075244245020000E-015, -1.000000000000000000, 0.0000000000000000000 ) ) ;
#7699 = EDGE_CURVE ( 'NONE', #1017, #6608, #3470, .T. ) ;
#7700 = CARTESIAN_POINT ( 'NONE',  ( -11.49282439762401600, -30.20043820803003200, 47.39494116741399700 ) ) ;
#7701 = CIRCLE ( 'NONE', #8749, 1.000000000000000900 ) ;
#7702 = DIRECTION ( 'NONE',  ( 1.000000000000000000, 0.0000000000000000000, 0.0000000000000000000 ) ) ;
#7703 = CARTESIAN_POINT ( 'NONE',  ( -27.57459774468912500, -30.29234522573729600, 13.92136558584264000 ) ) ;
#7704 =( BOUNDED_CURVE ( )  B_SPLINE_CURVE ( 3, ( #408, #450, #4383, #4751 ),
 .UNSPECIFIED., .F., .F. ) 
 B_SPLINE_CURVE_WITH_KNOTS ( ( 4, 4 ),
 ( 4.712388980384689700, 5.497787143782130000 ),
 .UNSPECIFIED. ) 
 CURVE ( )  GEOMETRIC_REPRESENTATION_ITEM ( )  RATIONAL_B_SPLINE_CURVE ( ( 1.000000000000000000, 0.9492530216741921200, 0.9492530216741921200, 1.000000000000000000 ) ) 
 REPRESENTATION_ITEM ( '' )  );
#7705 = LINE ( 'NONE', #6967, #7197 ) ;
#7706 = DIRECTION ( 'NONE',  ( 1.609823385706476600E-015, -1.000000000000000000, 0.0000000000000000000 ) ) ;
#7707 = ORIENTED_EDGE ( 'NONE', *, *, #347, .T. ) ;
#7708 = CARTESIAN_POINT ( 'NONE',  ( 60.16044702067369300, 61.80992920665785600, 5.000000000000000000 ) ) ;
#7709 = CARTESIAN_POINT ( 'NONE',  ( 52.91406145545181500, -30.45728095927587000, 14.50446528216650500 ) ) ;
#7710 = CARTESIAN_POINT ( 'NONE',  ( 37.66044702067372200, 68.57785688051524200, 15.50000000000000000 ) ) ;
#7711 = AXIS2_PLACEMENT_3D ( 'NONE', #5452, #4589, #8711 ) ;
#7712 = DIRECTION ( 'NONE',  ( -1.000000000000000000, -3.504670666705304800E-015, -0.0000000000000000000 ) ) ;
#7713 = CARTESIAN_POINT ( 'NONE',  ( -58.24078466846797400, 70.74891782148577600, 47.29038196465390300 ) ) ;
#7714 = ADVANCED_FACE ( 'NONE', ( #5563 ), #4980, .F. ) ;
#7715 = TOROIDAL_SURFACE ( 'NONE', #9017, 2.000000000000000000, 1.000000000000000000 ) ;
#7716 = CARTESIAN_POINT ( 'NONE',  ( 60.16044702067368600, 73.48310668740398900, 30.50000000000000400 ) ) ;
#7717 = FACE_OUTER_BOUND ( 'NONE', #772, .T. ) ;
#7718 = EDGE_CURVE ( 'NONE', #5503, #4176, #3352, .T. ) ;
#7719 = ORIENTED_EDGE ( 'NONE', *, *, #2884, .T. ) ;
#7720 = CARTESIAN_POINT ( 'NONE',  ( -24.33955297932631700, 73.48310668740397500, 30.50000000000000400 ) ) ;
#7721 = CARTESIAN_POINT ( 'NONE',  ( 48.41044702067365100, 68.82276910198831400, 39.51286796564298200 ) ) ;
#7722 = CARTESIAN_POINT ( 'NONE',  ( 50.54589751402202300, -27.75814222010062000, 50.68319181374617000 ) ) ;
#7723 = CARTESIAN_POINT ( 'NONE',  ( 50.17755929236236800, 65.95068045467009200, 52.82928943160143800 ) ) ;
#7724 = CYLINDRICAL_SURFACE ( 'NONE', #9777, 1.000000000000000000 ) ;
#7725 = VECTOR ( 'NONE', #6696, 1000.000000000000000 ) ;
#7726 = DIRECTION ( 'NONE',  ( 0.7071067811865506800, -6.279138716373800400E-015, -0.7071067811865443500 ) ) ;
#7727 = CIRCLE ( 'NONE', #7591, 59.99999999999997200 ) ;
#7728 = CARTESIAN_POINT ( 'NONE',  ( -19.22784705986833100, 69.61327236149000400, 40.68017913944131400 ) ) ;
#7729 = CARTESIAN_POINT ( 'NONE',  ( 45.16044702067369300, 0.0000000000000000000, 0.0000000000000000000 ) ) ;
#7730 = EDGE_CURVE ( 'NONE', #789, #9684, #869, .T. ) ;
#7731 = CARTESIAN_POINT ( 'NONE',  ( -41.30979467565251900, -30.18525937876998500, 13.55316419702327700 ) ) ;
#7732 = AXIS2_PLACEMENT_3D ( 'NONE', #2700, #187, #1871 ) ;
#7733 = AXIS2_PLACEMENT_3D ( 'NONE', #6441, #5683, #10671 ) ;
#7734 = CIRCLE ( 'NONE', #5874, 1.000000000000000900 ) ;
#7735 = DIRECTION ( 'NONE',  ( 1.000000000000000000, -0.0000000000000000000, -0.0000000000000000000 ) ) ;
#7736 = CIRCLE ( 'NONE', #5985, 1.000000000000000000 ) ;
#7737 = EDGE_LOOP ( 'NONE', ( #281, #4706, #15, #9859, #8928, #7791 ) ) ;
#7738 = CARTESIAN_POINT ( 'NONE',  ( -12.83955297932616100, -30.68971506758318300, 45.62867814821817100 ) ) ;
#7739 = DIRECTION ( 'NONE',  ( 0.0000000000000000000, 0.0000000000000000000, -1.000000000000000000 ) ) ;
#7740 = DIRECTION ( 'NONE',  ( 0.0000000000000000000, -1.000000000000000000, 0.0000000000000000000 ) ) ;
#7741 = CARTESIAN_POINT ( 'NONE',  ( -25.80979467565250100, -30.18525937876998100, 13.55316419702326900 ) ) ;
#7742 = FACE_OUTER_BOUND ( 'NONE', #3734, .T. ) ;
#7743 = EDGE_CURVE ( 'NONE', #2223, #8081, #7347, .T. ) ;
#7744 = CARTESIAN_POINT ( 'NONE',  ( 50.24648294671766300, -30.23100909531540700, 47.29050461442221800 ) ) ;
#7745 = ORIENTED_EDGE ( 'NONE', *, *, #1674, .T. ) ;
#7746 = AXIS2_PLACEMENT_3D ( 'NONE', #6188, #10032, #1866 ) ;
#7747 = DIRECTION ( 'NONE',  ( 1.000000000000000000, 0.0000000000000000000, 0.0000000000000000000 ) ) ;
#7748 = DIRECTION ( 'NONE',  ( -1.000000000000000000, 0.0000000000000000000, 0.0000000000000000000 ) ) ;
#7749 = CARTESIAN_POINT ( 'NONE',  ( -59.14422555132718200, 71.04712056448593700, 46.37164858284343400 ) ) ;
#7750 = EDGE_CURVE ( 'NONE', #10331, #7628, #1813, .T. ) ;
#7751 = DIRECTION ( 'NONE',  ( 0.0000000000000000000, 0.0000000000000000000, -1.000000000000000000 ) ) ;
#7752 = CARTESIAN_POINT ( 'NONE',  ( 45.38674916292108500, 70.46066831346982400, 28.85477868237324700 ) ) ;
#7753 = LINE ( 'NONE', #3915, #9677 ) ;
#7754 = DIRECTION ( 'NONE',  ( -1.573428027951567200E-015, 1.000000000000000000, 0.0000000000000000000 ) ) ;
#7755 = DIRECTION ( 'NONE',  ( -1.000000000000000000, -1.609823385706476600E-015, 0.0000000000000000000 ) ) ;
#7756 = EDGE_LOOP ( 'NONE', ( #11, #6881, #6634, #9293 ) ) ;
#7757 = CARTESIAN_POINT ( 'NONE',  ( -12.74027679334694500, -30.55528424148093300, 14.86456217552655800 ) ) ;
#7758 = CARTESIAN_POINT ( 'NONE',  ( 50.17763516258706600, -28.09595276020962000, 52.82844814009490600 ) ) ;
#7759 = DIRECTION ( 'NONE',  ( 1.609823385706476600E-015, -1.000000000000000000, -4.165779463821302700E-032 ) ) ;
#7760 = CARTESIAN_POINT ( 'NONE',  ( -39.83752760385750200, 33.35024010312945800, 4.000000000000000000 ) ) ;
#7761 = ORIENTED_EDGE ( 'NONE', *, *, #2622, .T. ) ;
#7762 = DIRECTION ( 'NONE',  ( 0.0000000000000000000, 0.0000000000000000000, 1.000000000000000000 ) ) ;
#7763 = CARTESIAN_POINT ( 'NONE',  ( -71.04602967032580800, 63.80992920665785600, 0.0000000000000000000 ) ) ;
#7764 = CARTESIAN_POINT ( 'NONE',  ( 37.66044702067387100, -30.72293962258783000, 45.50000000000000000 ) ) ;
#7765 = FACE_OUTER_BOUND ( 'NONE', #3140, .T. ) ;
#7766 = EDGE_CURVE ( 'NONE', #9086, #8683, #739, .T. ) ;
#7767 = EDGE_LOOP ( 'NONE', ( #10118, #2976, #10258, #5202 ) ) ;
#7768 = DIRECTION ( 'NONE',  ( 1.000000000000000000, 0.0000000000000000000, 0.0000000000000000000 ) ) ;
#7769 = ADVANCED_FACE ( 'NONE', ( #996 ), #9539, .T. ) ;
#7770 = ORIENTED_EDGE ( 'NONE', *, *, #3475, .T. ) ;
#7771 = DIRECTION ( 'NONE',  ( -0.0000000000000000000, -1.000000000000000000, -4.165779463821302700E-032 ) ) ;
#7772 = ORIENTED_EDGE ( 'NONE', *, *, #4854, .T. ) ;
#7773 = DIRECTION ( 'NONE',  ( 1.000000000000000000, 1.603063405027194900E-016, 0.0000000000000000000 ) ) ;
#7774 = ORIENTED_EDGE ( 'NONE', *, *, #3587, .T. ) ;
#7775 = CARTESIAN_POINT ( 'NONE',  ( 25.88247239614251400, -17.52275989687055700, 3.414213562373095400 ) ) ;
#7776 = VECTOR ( 'NONE', #7835, 1000.000000000000000 ) ;
#7777 = ORIENTED_EDGE ( 'NONE', *, *, #211, .T. ) ;
#7778 = DIRECTION ( 'NONE',  ( 1.609823385706476600E-015, -1.000000000000000000, 0.0000000000000000000 ) ) ;
#7779 = AXIS2_PLACEMENT_3D ( 'NONE', #3905, #2202, #1429 ) ;
#7780 = ORIENTED_EDGE ( 'NONE', *, *, #4939, .T. ) ;
#7781 = CARTESIAN_POINT ( 'NONE',  ( 25.80808870305145000, 35.64266947630437700, 9.685169493783035900 ) ) ;
#7782 = EDGE_CURVE ( 'NONE', #8824, #10380, #8372, .T. ) ;
#7783 = EDGE_LOOP ( 'NONE', ( #10645, #8312, #2219, #9652 ) ) ;
#7784 = CARTESIAN_POINT ( 'NONE',  ( 49.30585764824822100, -30.51784509413209500, 46.27421689899200900 ) ) ;
#7785 = ORIENTED_EDGE ( 'NONE', *, *, #1274, .F. ) ;
#7786 = DIRECTION ( 'NONE',  ( 1.609823385706476600E-015, -1.000000000000000000, -4.165779463821302700E-032 ) ) ;
#7787 = FILL_AREA_STYLE_COLOUR ( '', #4471 ) ;
#7788 = ORIENTED_EDGE ( 'NONE', *, *, #2775, .T. ) ;
#7789 = CARTESIAN_POINT ( 'NONE',  ( 4.660447020673694300, 73.48310668740411700, 15.50000000000000000 ) ) ;
#7790 = EDGE_CURVE ( 'NONE', #8898, #9446, #8314, .T. ) ;
#7791 = ORIENTED_EDGE ( 'NONE', *, *, #10204, .T. ) ;
#7792 = CARTESIAN_POINT ( 'NONE',  ( 34.75921533153219700, -32.89400056355842100, 47.29038196465388200 ) ) ;
#7793 = AXIS2_PLACEMENT_3D ( 'NONE', #5611, #8727, #10462 ) ;
#7794 = EDGE_CURVE ( 'NONE', #6107, #5060, #5165, .T. ) ;
#7795 = ORIENTED_EDGE ( 'NONE', *, *, #3560, .T. ) ;
#7796 = EDGE_LOOP ( 'NONE', ( #2876, #134, #2207, #1236 ) ) ;
#7797 = EDGE_LOOP ( 'NONE', ( #8199, #3781, #4170 ) ) ;
#7798 = AXIS2_PLACEMENT_3D ( 'NONE', #10357, #7120, #2098 ) ;
#7799 = CARTESIAN_POINT ( 'NONE',  ( -132.8082378770764600, 69.42859507026717800, 41.69952674472168800 ) ) ;
#7800 = CARTESIAN_POINT ( 'NONE',  ( 24.88247239614251800, -18.52275989687055400, 10.26363978188264500 ) ) ;
#7801 = CARTESIAN_POINT ( 'NONE',  ( 53.16044702067368600, 71.23612436353390400, 15.24066099409187600 ) ) ;
#7802 = ORIENTED_EDGE ( 'NONE', *, *, #5037, .F. ) ;
#7803 = EDGE_LOOP ( 'NONE', ( #10383, #2848, #8748 ) ) ;
#7804 = ORIENTED_EDGE ( 'NONE', *, *, #1020, .F. ) ;
#7805 = CARTESIAN_POINT ( 'NONE',  ( 2.660447020673778700, 17.29239248953932400, 30.50000000000000400 ) ) ;
#7806 = CARTESIAN_POINT ( 'NONE',  ( -13.74573079776038400, -17.37260238305200100, 10.10991943830292400 ) ) ;
#7807 = DIRECTION ( 'NONE',  ( 0.0000000000000000000, 0.0000000000000000000, -1.000000000000000000 ) ) ;
#7808 = LINE ( 'NONE', #8627, #4599 ) ;
#7809 = EDGE_CURVE ( 'NONE', #4411, #4559, #5296, .T. ) ;
#7810 = DIRECTION ( 'NONE',  ( 1.000000000000000000, 1.603063405027194900E-016, 0.0000000000000000000 ) ) ;
#7811 = CARTESIAN_POINT ( 'NONE',  ( 49.82390194753129700, 68.17170178044723600, 14.00650777892165500 ) ) ;
#7812 = AXIS2_PLACEMENT_3D ( 'NONE', #9794, #3966, #4803 ) ;
#7813 = STYLED_ITEM ( 'NONE', ( #2935 ), #8958 ) ;
#7814 = CARTESIAN_POINT ( 'NONE',  ( 3.633049540720402400, 70.76709497378018900, 13.76377908748839300 ) ) ;
#7815 = PLANE ( 'NONE',  #1776 ) ;
#7816 = CARTESIAN_POINT ( 'NONE',  ( -28.33955297932615400, -30.68971918547862600, 15.37133780032229600 ) ) ;
#7817 = PRESENTATION_STYLE_ASSIGNMENT (( #6172 ) ) ;
#7818 = VERTEX_POINT ( 'NONE', #8456 ) ;
#7819 = EDGE_CURVE ( 'NONE', #10085, #9930, #2431, .T. ) ;
#7820 = ORIENTED_EDGE ( 'NONE', *, *, #5908, .F. ) ;
#7821 = CARTESIAN_POINT ( 'NONE',  ( 33.90328833398432800, -33.15563365417249700, 14.51105109821025300 ) ) ;
#7822 = CARTESIAN_POINT ( 'NONE',  ( 50.50191250887075300, -30.20098472104863800, 13.60692099700160900 ) ) ;
#7823 = LINE ( 'NONE', #9063, #3562 ) ;
#7824 = CARTESIAN_POINT ( 'NONE',  ( -14.11566395143685200, 35.39024010312946400, 9.324662987640136800 ) ) ;
#7825 = DIRECTION ( 'NONE',  ( 0.0000000000000000000, 0.0000000000000000000, 1.000000000000000000 ) ) ;
#7826 = VECTOR ( 'NONE', #950, 1000.000000000000000 ) ;
#7827 = ORIENTED_EDGE ( 'NONE', *, *, #9129, .T. ) ;
#7828 = CARTESIAN_POINT ( 'NONE',  ( 49.25881632353104300, -33.26667909558639000, 46.13278356156682500 ) ) ;
#7829 = PRODUCT_DEFINITION ( 'UNKNOWN', '', #9679, #3709 ) ;
#7830 = EDGE_CURVE ( 'NONE', #7933, #4584, #218, .T. ) ;
#7831 = VECTOR ( 'NONE', #5571, 1000.000000000000000 ) ;
#7832 = CARTESIAN_POINT ( 'NONE',  ( 53.16044702067370800, 68.57785688051524200, 15.50000000000000000 ) ) ;
#7833 = CARTESIAN_POINT ( 'NONE',  ( 53.16044702067385000, -33.45785864922130100, 15.50000000000000000 ) ) ;
#7834 = CARTESIAN_POINT ( 'NONE',  ( 50.72061322978381500, 64.61698834974541200, 50.13728645930928000 ) ) ;
#7835 = DIRECTION ( 'NONE',  ( 1.000000000000000000, 4.857238570644847900E-017, 0.0000000000000000000 ) ) ;
#7836 = CARTESIAN_POINT ( 'NONE',  ( 45.91044702067365800, 70.43303490583558400, 32.95073593128699900 ) ) ;
#7837 = FACE_BOUND ( 'NONE', #3713, .T. ) ;
#7838 = VERTEX_POINT ( 'NONE', #3479 ) ;
#7839 = CARTESIAN_POINT ( 'NONE',  ( -19.26623552144013700, 70.42477031630993200, 32.69188456746807200 ) ) ;
#7840 = DIRECTION ( 'NONE',  ( -1.000000000000000000, -1.609823385706476600E-015, 0.0000000000000000000 ) ) ;
#7841 = CARTESIAN_POINT ( 'NONE',  ( 50.88949068979570000, 70.68300600963897300, 13.51394238300088300 ) ) ;
#7842 = CARTESIAN_POINT ( 'NONE',  ( -41.97678040068677800, -30.16954820565704400, 13.50023440605408000 ) ) ;
#7843 = LINE ( 'NONE', #6529, #8729 ) ;
#7844 = ORIENTED_EDGE ( 'NONE', *, *, #10296, .F. ) ;
#7845 = CIRCLE ( 'NONE', #10236, 52.92058191901600800 ) ;
#7846 = ORIENTED_EDGE ( 'NONE', *, *, #6916, .T. ) ;
#7847 = EDGE_CURVE ( 'NONE', #4831, #929, #9142, .T. ) ;
#7848 = CARTESIAN_POINT ( 'NONE',  ( 22.16044702067368600, 71.31277590714870500, 15.50000000000000000 ) ) ;
#7849 = CARTESIAN_POINT ( 'NONE',  ( 48.73354237913766700, 70.23355335279835300, 32.23829738381829200 ) ) ;
#7850 = CARTESIAN_POINT ( 'NONE',  ( 4.925168953285662200, 70.67808960840120800, 13.49946613378536000 ) ) ;
#7851 = CARTESIAN_POINT ( 'NONE',  ( -56.04602967032580800, 0.0000000000000000000, 0.0000000000000000000 ) ) ;
#7852 = CARTESIAN_POINT ( 'NONE',  ( -8.900966706037655400, -33.30506167706867200, 46.00815311873948600 ) ) ;
#7853 = ADVANCED_FACE ( 'NONE', ( #7742 ), #1131, .F. ) ;
#7854 = FACE_OUTER_BOUND ( 'NONE', #6039, .T. ) ;
#7855 = CARTESIAN_POINT ( 'NONE',  ( 33.75889165374692900, -33.26665795402286800, 14.86715418018974900 ) ) ;
#7856 = FACE_OUTER_BOUND ( 'NONE', #9302, .T. ) ;
#7857 = ORIENTED_EDGE ( 'NONE', *, *, #4763, .F. ) ;
#7858 = CARTESIAN_POINT ( 'NONE',  ( 49.16044702067370100, 71.31277590714869100, 45.50000000000000000 ) ) ;
#7859 = AXIS2_PLACEMENT_3D ( 'NONE', #7030, #6283, #3996 ) ;
#7860 =( NAMED_UNIT ( * ) SI_UNIT ( $, .STERADIAN. ) SOLID_ANGLE_UNIT ( ) );
#7861 = AXIS2_PLACEMENT_3D ( 'NONE', #9936, #6607, #4882 ) ;
#7862 = CARTESIAN_POINT ( 'NONE',  ( -18.48955297932632600, 63.18896620333794800, 40.09865440326994700 ) ) ;
#7863 = VECTOR ( 'NONE', #919, 1000.000000000000000 ) ;
#7864 = EDGE_CURVE ( 'NONE', #4443, #9474, #9274, .T. ) ;
#7865 = FACE_OUTER_BOUND ( 'NONE', #9174, .T. ) ;
#7866 = CARTESIAN_POINT ( 'NONE',  ( -15.98955297932633900, 68.44617026388613100, 40.51286796564298200 ) ) ;
#7867 = DIRECTION ( 'NONE',  ( -1.000000000000000000, 0.0000000000000000000, -0.0000000000000000000 ) ) ;
#7868 = ORIENTED_EDGE ( 'NONE', *, *, #8616, .T. ) ;
#7869 = CARTESIAN_POINT ( 'NONE',  ( 4.127788271290711500, -32.84624617465428300, 13.56761369079868400 ) ) ;
#7870 = DIRECTION ( 'NONE',  ( 0.0000000000000000000, 0.0000000000000000000, 1.000000000000000000 ) ) ;
#7871 = CARTESIAN_POINT ( 'NONE',  ( 22.16044702067387100, -30.65569584776796200, 15.23956597998646200 ) ) ;
#7872 = LINE ( 'NONE', #2073, #611 ) ;
#7873 = CARTESIAN_POINT ( 'NONE',  ( -39.83752760385750200, 33.35024010312945800, 4.000000000000000000 ) ) ;
#7874 = DIRECTION ( 'NONE',  ( 1.000000000000000000, 0.0000000000000000000, -0.0000000000000000000 ) ) ;
#7875 = CARTESIAN_POINT ( 'NONE',  ( -14.11566395143685200, -16.82275989687055800, 9.324662987640136800 ) ) ;
#7876 = DIRECTION ( 'NONE',  ( -1.000000000000000000, 0.0000000000000000000, 0.0000000000000000000 ) ) ;
#7877 = ORIENTED_EDGE ( 'NONE', *, *, #7011, .F. ) ;
#7878 = EDGE_CURVE ( 'NONE', #5589, #722, #9212, .T. ) ;
#7879 = CARTESIAN_POINT ( 'NONE',  ( -41.57547791980785200, -30.16934309946358500, 13.49954016622350200 ) ) ;
#7880 = ADVANCED_FACE ( 'NONE', ( #8896 ), #2695, .T. ) ;
#7881 = CARTESIAN_POINT ( 'NONE',  ( -71.04602967032580800, -23.95501194873044100, 9.900000000000000400 ) ) ;
#7882 = CARTESIAN_POINT ( 'NONE',  ( 40.21247239614250900, 33.35024010312945800, 4.000000000000000000 ) ) ;
#7883 = CYLINDRICAL_SURFACE ( 'NONE', #5239, 1.000000000000000900 ) ;
#7884 = CARTESIAN_POINT ( 'NONE',  ( -55.33955297932629900, 71.31277590714869100, 15.50000000000000000 ) ) ;
#7885 = CARTESIAN_POINT ( 'NONE',  ( -15.93575043382707100, 64.11490951022649700, 32.89693338578780400 ) ) ;
#7886 = DIRECTION ( 'NONE',  ( 5.814484458649067700E-029, -1.047444401652940000E-014, -1.000000000000000000 ) ) ;
#7887 = ORIENTED_EDGE ( 'NONE', *, *, #73, .F. ) ;
#7888 = DIRECTION ( 'NONE',  ( 1.000000000000000000, 4.857238570644846600E-017, -4.570284219494838400E-033 ) ) ;
#7889 = CARTESIAN_POINT ( 'NONE',  ( 6.660447020673809800, 10.48310668740398600, 30.50000000000000000 ) ) ;
#7890 = CARTESIAN_POINT ( 'NONE',  ( -12.07592060091642200, -32.96473535373274200, 47.07755070606839400 ) ) ;
#7891 = CARTESIAN_POINT ( 'NONE',  ( 34.63304954072057000, -32.91217771585280600, 13.76377908748839300 ) ) ;
#7892 = VECTOR ( 'NONE', #589, 1000.000000000000000 ) ;
#7893 = CARTESIAN_POINT ( 'NONE',  ( 3.327274984743052500, -30.31587637787976100, 46.99667611563685200 ) ) ;
#7894 = EDGE_LOOP ( 'NONE', ( #9078, #5916, #5077, #4834, #3934, #3975, #10361, #8132, #1683, #9569, #8302, #8556, #9277, #13, #8695, #954, #4567, #5876, #2213, #5223, #8055, #1417, #3516, #269, #6499, #9343, #613, #1695, #7544, #5483, #10218, #4691, #2672, #6364, #10280, #9186, #5361, #2366, #10067, #6652, #5313, #4460, #5872, #5372, #9584, #5641, #9847, #26, #10523, #7326, #5505 ) ) ;
#7895 = ORIENTED_EDGE ( 'NONE', *, *, #957, .T. ) ;
#7896 = EDGE_CURVE ( 'NONE', #3746, #6136, #5688, .T. ) ;
#7897 = ORIENTED_EDGE ( 'NONE', *, *, #1860, .F. ) ;
#7898 = CARTESIAN_POINT ( 'NONE',  ( -24.33955297932630700, 73.48310668740407400, 45.50000000000000000 ) ) ;
#7899 = CIRCLE ( 'NONE', #4952, 28.12686385698111400 ) ;
#7900 = ORIENTED_EDGE ( 'NONE', *, *, #5629, .T. ) ;
#7901 = CARTESIAN_POINT ( 'NONE',  ( 50.16044702067368600, -21.69072443564891400, 53.43725393319378000 ) ) ;
#7902 = CARTESIAN_POINT ( 'NONE',  ( -25.32623426874639300, 68.10373318765817900, 13.77070553294020900 ) ) ;
#7903 = CARTESIAN_POINT ( 'NONE',  ( 19.50191250887073800, -30.20098472104863400, 13.60692099700160700 ) ) ;
#7904 = ADVANCED_FACE ( 'NONE', ( #4909 ), #9607, .T. ) ;
#7905 = CARTESIAN_POINT ( 'NONE',  ( 47.59087779420645600, 68.45085897173044000, 40.50056934663145100 ) ) ;
#7906 = ORIENTED_EDGE ( 'NONE', *, *, #9427, .T. ) ;
#7907 = CARTESIAN_POINT ( 'NONE',  ( 47.41044702067365800, 64.48566435059106500, 30.91520202535431500 ) ) ;
#7908 = CARTESIAN_POINT ( 'NONE',  ( 48.28544702067371500, 68.63271861446367000, 39.99699088391886200 ) ) ;
#7909 = ORIENTED_EDGE ( 'NONE', *, *, #632, .T. ) ;
#7910 = DIRECTION ( 'NONE',  ( 0.0000000000000000000, 0.0000000000000000000, 1.000000000000000000 ) ) ;
#7911 = EDGE_CURVE ( 'NONE', #10477, #6689, #2054, .T. ) ;
#7912 = ORIENTED_EDGE ( 'NONE', *, *, #3461, .T. ) ;
#7913 = CARTESIAN_POINT ( 'NONE',  ( -132.8082378770764600, 70.48310668740396100, 30.50000000000000000 ) ) ;
#7914 = ORIENTED_EDGE ( 'NONE', *, *, #890, .F. ) ;
#7915 = DIRECTION ( 'NONE',  ( 1.000000000000000000, 0.0000000000000000000, 0.0000000000000000000 ) ) ;
#7916 = CARTESIAN_POINT ( 'NONE',  ( 50.54589751402188800, 62.84717286437442900, 50.68319181374615600 ) ) ;
#7917 = DIRECTION ( 'NONE',  ( 1.000000000000000000, 0.0000000000000000000, 0.0000000000000000000 ) ) ;
#7918 = ORIENTED_EDGE ( 'NONE', *, *, #4203, .F. ) ;
#7919 = CARTESIAN_POINT ( 'NONE',  ( 45.16044702067369300, -23.83029685460728300, 3.104097538031596000 ) ) ;
#7920 = CARTESIAN_POINT ( 'NONE',  ( 49.16044702067372900, 68.57785688051524200, 15.50000000000000000 ) ) ;
#7921 = DIRECTION ( 'NONE',  ( 1.609823385706476600E-015, -1.000000000000000000, -4.165779463821302700E-032 ) ) ;
#7922 = DIRECTION ( 'NONE',  ( 1.000000000000000000, 0.0000000000000000000, 0.0000000000000000000 ) ) ;
#7923 = ORIENTED_EDGE ( 'NONE', *, *, #8638, .T. ) ;
#7924 = EDGE_LOOP ( 'NONE', ( #3897, #5214, #8936, #1712 ) ) ;
#7925 = CARTESIAN_POINT ( 'NONE',  ( -12.74118367646898300, -33.26667909558638300, 46.13278356156683900 ) ) ;
#7926 = AXIS2_PLACEMENT_3D ( 'NONE', #1600, #9730, #8932 ) ;
#7927 = CARTESIAN_POINT ( 'NONE',  ( 33.66044702067386400, -33.41998545748174400, 15.37186173385272300 ) ) ;
#7928 = EDGE_CURVE ( 'NONE', #1688, #2131, #7872, .T. ) ;
#7929 = VECTOR ( 'NONE', #2729, 1000.000000000000000 ) ;
#7930 = ORIENTED_EDGE ( 'NONE', *, *, #4169, .T. ) ;
#7931 = CARTESIAN_POINT ( 'NONE',  ( 6.561295345263580700, -30.55532595375956700, 46.13529157058125900 ) ) ;
#7932 = DIRECTION ( 'NONE',  ( 1.000000000000000000, 0.0000000000000000000, 0.0000000000000000000 ) ) ;
#7933 = VERTEX_POINT ( 'NONE', #499 ) ;
#7934 = ADVANCED_FACE ( 'NONE', ( #9018 ), #3090, .T. ) ;
#7935 = ORIENTED_EDGE ( 'NONE', *, *, #6531, .F. ) ;
#7936 = ORIENTED_EDGE ( 'NONE', *, *, #3771, .F. ) ;
#7937 = ORIENTED_EDGE ( 'NONE', *, *, #8937, .T. ) ;
#7938 = CARTESIAN_POINT ( 'NONE',  ( -12.83955297932613600, -33.45785864922130800, 15.50000000000000000 ) ) ;
#7939 = CIRCLE ( 'NONE', #7256, 1.899999999999999000 ) ;
#7940 = EDGE_CURVE ( 'NONE', #9848, #9845, #2433, .T. ) ;
#7941 = DIRECTION ( 'NONE',  ( 0.0000000000000000000, 0.0000000000000000000, -1.000000000000000000 ) ) ;
#7942 = CARTESIAN_POINT ( 'NONE',  ( 43.94247239614253400, -14.90975989687055900, 4.000000000000000000 ) ) ;
#7943 = CARTESIAN_POINT ( 'NONE',  ( 21.39135720192229300, -30.29143031251383500, 13.91818639255003200 ) ) ;
#7944 = ORIENTED_EDGE ( 'NONE', *, *, #451, .F. ) ;
#7945 = AXIS2_PLACEMENT_3D ( 'NONE', #3069, #8843, #3911 ) ;
#7946 = ORIENTED_EDGE ( 'NONE', *, *, #10088, .T. ) ;
#7947 = ORIENTED_EDGE ( 'NONE', *, *, #5151, .T. ) ;
#7948 = CARTESIAN_POINT ( 'NONE',  ( -57.99282439762401300, -30.20043820803003600, 47.39494116741398200 ) ) ;
#7949 = CARTESIAN_POINT ( 'NONE',  ( -71.04602967032580800, 64.23011617120123200, 52.00000000000002100 ) ) ;
#7950 = CIRCLE ( 'NONE', #795, 52.92058191901602300 ) ;
#7951 = CARTESIAN_POINT ( 'NONE',  ( 49.17264739370968100, -33.38183152189389300, 15.24455901932126500 ) ) ;
#7952 = CARTESIAN_POINT ( 'NONE',  ( -12.83955297932622100, 17.29239248953932400, 30.50000000000000400 ) ) ;
#7953 = ORIENTED_EDGE ( 'NONE', *, *, #6326, .F. ) ;
#7954 = DIRECTION ( 'NONE',  ( 1.609823385706476600E-015, -1.000000000000000000, -4.165779463821302700E-032 ) ) ;
#7955 = CARTESIAN_POINT ( 'NONE',  ( -59.33955297932632800, 68.57785688051522800, 15.50000000000000000 ) ) ;
#7956 = EDGE_CURVE ( 'NONE', #6638, #4411, #6203, .T. ) ;
#7957 = CARTESIAN_POINT ( 'NONE',  ( 48.15273345488592600, 69.69581783355346300, 40.20699072397722800 ) ) ;
#7958 = DIRECTION ( 'NONE',  ( 1.638987529116215900E-015, -1.000000000000000000, 0.0000000000000000000 ) ) ;
#7959 = LINE ( 'NONE', #7009, #4475 ) ;
#7960 = CARTESIAN_POINT ( 'NONE',  ( 45.16044702067369300, 56.90992920665785700, 5.000000000000000000 ) ) ;
#7961 = CARTESIAN_POINT ( 'NONE',  ( 37.66044702067370100, 73.48310668740417400, 15.50000000000000000 ) ) ;
#7962 = ADVANCED_FACE ( 'NONE', ( #5436 ), #2823, .F. ) ;
#7963 = EDGE_CURVE ( 'NONE', #8792, #9352, #9407, .T. ) ;
#7964 = LINE ( 'NONE', #3983, #7574 ) ;
#7965 = VERTEX_POINT ( 'NONE', #10542 ) ;
#7966 = CARTESIAN_POINT ( 'NONE',  ( 35.00717560237585200, 68.05535546595744700, 47.39494116741398200 ) ) ;
#7967 = LINE ( 'NONE', #389, #5776 ) ;
#7968 = CARTESIAN_POINT ( 'NONE',  ( -12.83955297932632600, 73.48310668740408900, 15.50000000000000000 ) ) ;
#7969 = CARTESIAN_POINT ( 'NONE',  ( 60.16044702067369300, 63.63594168900053900, 56.86384176188961700 ) ) ;
#7970 = FACE_OUTER_BOUND ( 'NONE', #1035, .T. ) ;
#7971 = ORIENTED_EDGE ( 'NONE', *, *, #792, .F. ) ;
#7972 = EDGE_CURVE ( 'NONE', #10131, #5589, #1264, .T. ) ;
#7973 = DIRECTION ( 'NONE',  ( 0.0000000000000000000, 0.0000000000000000000, 1.000000000000000000 ) ) ;
#7974 = CARTESIAN_POINT ( 'NONE',  ( -43.44192604277051800, 70.94147370372377300, 46.70377594517700000 ) ) ;
#7975 = FACE_OUTER_BOUND ( 'NONE', #1330, .T. ) ;
#7976 = CARTESIAN_POINT ( 'NONE',  ( -5.165733838350420300E-013, 64.69007228669710200, -6.234330878690322800E-013 ) ) ;
#7977 = CARTESIAN_POINT ( 'NONE',  ( -43.83955297932622100, 17.29239248953932100, 30.50000000000000400 ) ) ;
#7978 = VECTOR ( 'NONE', #1037, 1000.000000000000000 ) ;
#7979 = CARTESIAN_POINT ( 'NONE',  ( -59.08144891062946200, -30.45805203243091000, 46.49123464712618400 ) ) ;
#7980 = DIRECTION ( 'NONE',  ( -1.573428027951569800E-015, 1.000000000000000000, 0.0000000000000000000 ) ) ;
#7981 = ORIENTED_EDGE ( 'NONE', *, *, #5583, .T. ) ;
#7982 = CARTESIAN_POINT ( 'NONE',  ( 50.75700021802881400, -21.88347656687183500, 50.02728182078848800 ) ) ;
#7983 = CARTESIAN_POINT ( 'NONE',  ( 19.49817350991802600, 70.71487442898785500, 13.60820298217128700 ) ) ;
#7984 = ADVANCED_FACE ( 'NONE', ( #5040 ), #6723, .F. ) ;
#7985 = VECTOR ( 'NONE', #2404, 1000.000000000000000 ) ;
#7986 = DIRECTION ( 'NONE',  ( 1.594400883811535600E-015, -1.000000000000000000, 0.0000000000000000000 ) ) ;
#7987 = FACE_OUTER_BOUND ( 'NONE', #2145, .T. ) ;
#7988 = AXIS2_PLACEMENT_3D ( 'NONE', #3888, #2185, #7202 ) ;
#7989 = CARTESIAN_POINT ( 'NONE',  ( -40.81743223855065800, -32.91615473439756600, 47.22411160762042900 ) ) ;
#7990 = CIRCLE ( 'NONE', #2456, 2.000000000000012000 ) ;
#7991 = EDGE_CURVE ( 'NONE', #3962, #5745, #345, .T. ) ;
#7992 = FACE_OUTER_BOUND ( 'NONE', #627, .T. ) ;
#7993 = CARTESIAN_POINT ( 'NONE',  ( -55.33955297932612900, -33.38120710560661300, 15.24066099409187200 ) ) ;
#7994 = CARTESIAN_POINT ( 'NONE',  ( -25.10864279807772800, -30.29143031251385700, 13.91818639255002700 ) ) ;
#7995 = CIRCLE ( 'NONE', #2888, 60.00000000000000000 ) ;
#7996 = CARTESIAN_POINT ( 'NONE',  ( 2.722839065749045300, -30.58844033812555100, 46.01213823740300100 ) ) ;
#7997 = ORIENTED_EDGE ( 'NONE', *, *, #4520, .F. ) ;
#7998 = CARTESIAN_POINT ( 'NONE',  ( 33.66044702067370800, 68.54463232551061900, 45.62867814821820600 ) ) ;
#7999 = DIRECTION ( 'NONE',  ( 1.609823385706476600E-015, -1.000000000000000000, -4.165779463821302700E-032 ) ) ;
#8000 = AXIS2_PLACEMENT_3D ( 'NONE', #6042, #8442, #8479 ) ;
#8001 = CARTESIAN_POINT ( 'NONE',  ( -13.11752760385748600, 39.09024010312946700, 4.000000000000000000 ) ) ;
#8002 = CIRCLE ( 'NONE', #9854, 59.99999999999999300 ) ;
#8003 = DIRECTION ( 'NONE',  ( 0.0000000000000000000, 0.0000000000000000000, 1.000000000000000000 ) ) ;
#8004 = ORIENTED_EDGE ( 'NONE', *, *, #8326, .F. ) ;
#8005 = CARTESIAN_POINT ( 'NONE',  ( -27.35642054050154900, 68.10432668020148100, 13.77274710912328500 ) ) ;
#8006 = CARTESIAN_POINT ( 'NONE',  ( -13.11752760385748600, 37.09024010312946700, 10.26363978188264500 ) ) ;
#8007 = CARTESIAN_POINT ( 'NONE',  ( 18.16044702067386400, -30.68971506758317600, 45.62867814821817100 ) ) ;
#8008 = PLANE ( 'NONE',  #1529 ) ;
#8009 = CARTESIAN_POINT ( 'NONE',  ( -14.11752760385748600, -16.85688299843114300, 9.283996658764849000 ) ) ;
#8010 = CIRCLE ( 'NONE', #1406, 52.92058191901593000 ) ;
#8011 = CARTESIAN_POINT ( 'NONE',  ( 42.71247239614250900, 33.35024010312945800, 4.000000000000000000 ) ) ;
#8012 = CARTESIAN_POINT ( 'NONE',  ( 50.92342173421705800, -22.09691606147939100, 49.59927459050390300 ) ) ;
#8013 = EDGE_CURVE ( 'NONE', #6796, #7296, #4790, .T. ) ;
#8014 = CARTESIAN_POINT ( 'NONE',  ( -30.98752760385749700, -14.90975989687055900, 4.000000000000000000 ) ) ;
#8015 = ORIENTED_EDGE ( 'NONE', *, *, #6605, .F. ) ;
#8016 = AXIS2_PLACEMENT_3D ( 'NONE', #546, #7112, #7870 ) ;
#8017 = AXIS2_PLACEMENT_3D ( 'NONE', #2741, #5289, #3473 ) ;
#8018 = DIRECTION ( 'NONE',  ( -0.7009994144339910500, 0.1311474053361114100, -0.7009994144339974900 ) ) ;
#8019 = CARTESIAN_POINT ( 'NONE',  ( 50.16299231212717300, 62.71131913320756000, 53.15783231944559600 ) ) ;
#8020 = ORIENTED_EDGE ( 'NONE', *, *, #7366, .F. ) ;
#8021 = CARTESIAN_POINT ( 'NONE',  ( 50.16044702067367200, 59.39545227898627600, 52.94773815368693400 ) ) ;
#8022 = CARTESIAN_POINT ( 'NONE',  ( 48.43898730388365700, 70.47007853112792500, 31.94374230856426100 ) ) ;
#8023 = VECTOR ( 'NONE', #2529, 1000.000000000000000 ) ;
#8024 = VERTEX_POINT ( 'NONE', #630 ) ;
#8025 = CARTESIAN_POINT ( 'NONE',  ( -55.58405183253859900, -33.15467685960810900, 14.50803016031317900 ) ) ;
#8026 = CARTESIAN_POINT ( 'NONE',  ( -56.04602967032580800, 61.80992920665785600, 5.000000000000000000 ) ) ;
#8027 = VERTEX_POINT ( 'NONE', #1478 ) ;
#8028 = CARTESIAN_POINT ( 'NONE',  ( -132.8082378770765200, 67.85138516079004500, 12.92499999999927400 ) ) ;
#8029 = ORIENTED_EDGE ( 'NONE', *, *, #984, .T. ) ;
#8030 = CARTESIAN_POINT ( 'NONE',  ( 2.905243964462333600, 68.31299051968291300, 14.50733126608359500 ) ) ;
#8031 = EDGE_LOOP ( 'NONE', ( #5051, #8872, #9549, #9456 ) ) ;
#8032 = TOROIDAL_SURFACE ( 'NONE', #9510, 3.500000000000002200, 1.000000000000000000 ) ;
#8033 = CARTESIAN_POINT ( 'NONE',  ( 50.73103940228197200, -26.17965540639463700, 50.10761141566499100 ) ) ;
#8034 = EDGE_CURVE ( 'NONE', #6495, #5264, #94, .T. ) ;
#8035 = ORIENTED_EDGE ( 'NONE', *, *, #8526, .T. ) ;
#8036 = ADVANCED_FACE ( 'NONE', ( #2565 ), #5678, .T. ) ;
#8037 = DIRECTION ( 'NONE',  ( 1.000000000000000000, 0.0000000000000000000, -0.0000000000000000000 ) ) ;
#8038 = CARTESIAN_POINT ( 'NONE',  ( 50.89420946537357800, 70.68277512728411700, 47.48673861149424600 ) ) ;
#8039 =( BOUNDED_CURVE ( )  B_SPLINE_CURVE ( 3, ( #3868, #10527, #2324, #2295 ),
 .UNSPECIFIED., .F., .F. ) 
 B_SPLINE_CURVE_WITH_KNOTS ( ( 4, 4 ),
 ( 4.712388980384689700, 6.283185307179586200 ),
 .UNSPECIFIED. ) 
 CURVE ( )  GEOMETRIC_REPRESENTATION_ITEM ( )  RATIONAL_B_SPLINE_CURVE ( ( 1.000000000000000000, 0.8047378541243649400, 0.8047378541243649400, 1.000000000000000000 ) ) 
 REPRESENTATION_ITEM ( '' )  );
#8040 = ORIENTED_EDGE ( 'NONE', *, *, #4392, .F. ) ;
#8041 = DIRECTION ( 'NONE',  ( 1.000000000000000000, -0.0000000000000000000, 0.0000000000000000000 ) ) ;
#8042 = ORIENTED_EDGE ( 'NONE', *, *, #3914, .T. ) ;
#8043 = ORIENTED_EDGE ( 'NONE', *, *, #5583, .F. ) ;
#8044 = CARTESIAN_POINT ( 'NONE',  ( -26.86641119629122400, -30.18895428268301000, 47.43396315314849700 ) ) ;
#8045 = ORIENTED_EDGE ( 'NONE', *, *, #9171, .T. ) ;
#8046 = DIRECTION ( 'NONE',  ( -1.606207778533891900E-015, 1.000000000000000000, 0.0000000000000000000 ) ) ;
#8047 = CARTESIAN_POINT ( 'NONE',  ( -24.33955297932629200, 71.27443635557021700, 45.62971612474358100 ) ) ;
#8048 = CARTESIAN_POINT ( 'NONE',  ( -15.98955297932634600, 70.43303490583555500, 32.95073593128699200 ) ) ;
#8049 = ORIENTED_EDGE ( 'NONE', *, *, #8377, .T. ) ;
#8050 = CARTESIAN_POINT ( 'NONE',  ( 51.66065236025490000, -23.32001110175416200, 48.16909574168949600 ) ) ;
#8051 = EDGE_CURVE ( 'NONE', #3256, #8745, #2307, .T. ) ;
#8052 = CARTESIAN_POINT ( 'NONE',  ( 41.44247239614252700, -14.90975989687055900, 7.000000000000000000 ) ) ;
#8053 = ORIENTED_EDGE ( 'NONE', *, *, #9511, .F. ) ;
#8054 = ORIENTED_EDGE ( 'NONE', *, *, #6950, .T. ) ;
#8055 = ORIENTED_EDGE ( 'NONE', *, *, #4047, .F. ) ;
#8056 = DIRECTION ( 'NONE',  ( 0.0000000000000000000, 0.0000000000000000000, 1.000000000000000000 ) ) ;
#8057 = CARTESIAN_POINT ( 'NONE',  ( -27.93918029584247600, 68.25274489137653700, 46.70745186629109500 ) ) ;
#8058 = CARTESIAN_POINT ( 'NONE',  ( -40.31829373339510200, -33.05388266498480500, 46.80491334438636400 ) ) ;
#8059 = FACE_OUTER_BOUND ( 'NONE', #4318, .T. ) ;
#8060 = AXIS2_PLACEMENT_3D ( 'NONE', #5590, #709, #4034 ) ;
#8061 = DIRECTION ( 'NONE',  ( 0.0000000000000000000, 0.0000000000000000000, 1.000000000000000000 ) ) ;
#8062 = ORIENTED_EDGE ( 'NONE', *, *, #1100, .T. ) ;
#8063 = AXIS2_PLACEMENT_3D ( 'NONE', #6060, #10099, #10137 ) ;
#8064 = ORIENTED_EDGE ( 'NONE', *, *, #58, .T. ) ;
#8065 = EDGE_LOOP ( 'NONE', ( #7946, #8042, #7923 ) ) ;
#8066 = AXIS2_PLACEMENT_3D ( 'NONE', #4096, #4133, #3145 ) ;
#8067 = CARTESIAN_POINT ( 'NONE',  ( 4.391304371022871000, 68.02846313620742100, 13.51374924449798000 ) ) ;
#8068 = LINE ( 'NONE', #5408, #3281 ) ;
#8069 = CARTESIAN_POINT ( 'NONE',  ( -14.11752760385748600, 36.56828578321381000, 9.263639781882645300 ) ) ;
#8070 = CARTESIAN_POINT ( 'NONE',  ( -55.43870465473657600, 68.41024321168696100, 46.13529157058128800 ) ) ;
#8071 = ORIENTED_EDGE ( 'NONE', *, *, #3322, .T. ) ;
#8072 = VERTEX_POINT ( 'NONE', #703 ) ;
#8073 = DIRECTION ( 'NONE',  ( -1.594400883811535600E-015, 1.000000000000000000, -1.047444401652940200E-014 ) ) ;
#8074 = FACE_OUTER_BOUND ( 'NONE', #533, .T. ) ;
#8075 = EDGE_CURVE ( 'NONE', #4304, #375, #3601, .T. ) ;
#8076 = CARTESIAN_POINT ( 'NONE',  ( -24.33955297932613600, -30.68930735569037400, 45.63025720958918200 ) ) ;
#8077 = CARTESIAN_POINT ( 'NONE',  ( -14.35601318708252100, 70.48310668740397500, 31.31719613904318700 ) ) ;
#8078 = AXIS2_PLACEMENT_3D ( 'NONE', #2124, #7075, #3825 ) ;
#8079 = AXIS2_PLACEMENT_3D ( 'NONE', #6302, #7191, #10498 ) ;
#8080 = DIRECTION ( 'NONE',  ( 0.0000000000000000000, 1.000000000000000000, -0.0000000000000000000 ) ) ;
#8081 = VERTEX_POINT ( 'NONE', #10473 ) ;
#8082 = DIRECTION ( 'NONE',  ( -0.0000000000000000000, 1.101101203583761300E-014, 1.000000000000000000 ) ) ;
#8083 = CARTESIAN_POINT ( 'NONE',  ( -24.40096670603782100, 71.15997893499604700, 46.00815311873948600 ) ) ;
#8084 = DIRECTION ( 'NONE',  ( 0.0000000000000000000, 0.0000000000000000000, 1.000000000000000000 ) ) ;
#8085 = CARTESIAN_POINT ( 'NONE',  ( 34.13919460971796100, 70.90875894155073000, 46.80504510122569400 ) ) ;
#8086 = CARTESIAN_POINT ( 'NONE',  ( 41.44247239614252700, -14.90975989687055900, 3.000000000000000000 ) ) ;
#8087 = ADVANCED_FACE ( 'NONE', ( #10193 ), #1253, .F. ) ;
#8088 = VECTOR ( 'NONE', #7156, 1000.000000000000000 ) ;
#8089 = CARTESIAN_POINT ( 'NONE',  ( -39.83955297932621400, 10.48310668740397800, 30.50000000000000000 ) ) ;
#8090 = CARTESIAN_POINT ( 'NONE',  ( -39.93781280449360300, -33.26675772048088900, 46.13253221513175400 ) ) ;
#8091 = FACE_BOUND ( 'NONE', #2481, .T. ) ;
#8092 = VERTEX_POINT ( 'NONE', #8855 ) ;
#8093 = DIRECTION ( 'NONE',  ( 0.0000000000000000000, 0.0000000000000000000, 1.000000000000000000 ) ) ;
#8094 = CARTESIAN_POINT ( 'NONE',  ( -61.04602967032580100, -26.37519891327379200, 52.00000000000002100 ) ) ;
#8095 = EDGE_CURVE ( 'NONE', #8416, #1862, #10315, .T. ) ;
#8096 = CIRCLE ( 'NONE', #8063, 5.000000000000000900 ) ;
#8097 = ORIENTED_EDGE ( 'NONE', *, *, #9466, .F. ) ;
#8098 = CARTESIAN_POINT ( 'NONE',  ( -44.96479852183384200, 56.32270110567862500, 3.000000000000000000 ) ) ;
#8099 = ORIENTED_EDGE ( 'NONE', *, *, #3735, .F. ) ;
#8100 = CARTESIAN_POINT ( 'NONE',  ( 35.52958664648121400, 68.02436011043494100, 47.50012219141360200 ) ) ;
#8101 = CARTESIAN_POINT ( 'NONE',  ( -55.82174440694552000, 68.22415226669726000, 46.80892437815206400 ) ) ;
#8102 = VECTOR ( 'NONE', #9347, 1000.000000000000000 ) ;
#8103 = CIRCLE ( 'NONE', #141, 60.00000000000000000 ) ;
#8104 = CARTESIAN_POINT ( 'NONE',  ( 49.22232784339762200, 71.15939277287432700, 46.01007006353241700 ) ) ;
#8105 = CARTESIAN_POINT ( 'NONE',  ( -71.04602967032580800, -26.37519891327379200, 50.10000000000002300 ) ) ;
#8106 = LINE ( 'NONE', #1884, #6830 ) ;
#8107 = B_SPLINE_CURVE_WITH_KNOTS ( 'NONE', 3,
 ( #7089, #4681, #6333, #1365, #7154, #2204, #8800, #5714, #7250, #1567, #9805, #730, #4888, #3134, #8118, #9693, #9769, #5751, #6504, #1466, #8147, #4816, #9735, #6468, #10562, #3946, #8216, #8873, #6547, #10639, #3174, #2301, #1499, #7357 ),
 .UNSPECIFIED., .F., .F.,
 ( 4, 2, 2, 2, 2, 2, 2, 2, 2, 2, 2, 2, 2, 2, 2, 2, 4 ),
 ( 8.673617379884035500E-019, 0.0004000698325101466700, 0.0008001396650202924700, 0.001200209497530438300, 0.001600279330040584100, 0.002000349162550730000, 0.002400418995060875800, 0.002800488827571021100, 0.003200558660081167300, 0.003600628492591313000, 0.004000698325101459200, 0.004400768157611602800, 0.004800837990121747300, 0.005200907822631891700, 0.005600977655142036100, 0.006001047487652180600, 0.006401117320162325000 ),
 .UNSPECIFIED. ) ;
#8108 = VERTEX_POINT ( 'NONE', #9890 ) ;
#8109 = EDGE_CURVE ( 'NONE', #4439, #10366, #1913, .T. ) ;
#8110 = CARTESIAN_POINT ( 'NONE',  ( -28.24110834625327400, 71.12157521195025800, 14.86715418018974500 ) ) ;
#8111 = CARTESIAN_POINT ( 'NONE',  ( -40.31829373339526500, 70.90879992291215200, 46.80491334438635700 ) ) ;
#8112 = VECTOR ( 'NONE', #7876, 1000.000000000000000 ) ;
#8113 = CARTESIAN_POINT ( 'NONE',  ( 42.71247239614250900, 33.35024010312945800, -1.040834085586084300E-014 ) ) ;
#8114 = DIRECTION ( 'NONE',  ( 0.0000000000000000000, 0.0000000000000000000, 1.000000000000000000 ) ) ;
#8115 = CARTESIAN_POINT ( 'NONE',  ( -18.82315187264222400, 69.52371968712385800, 41.18715247513084400 ) ) ;
#8116 = FACE_OUTER_BOUND ( 'NONE', #264, .T. ) ;
#8117 = CARTESIAN_POINT ( 'NONE',  ( -27.94192604277051100, 70.94147370372377300, 46.70377594517701400 ) ) ;
#8118 = CARTESIAN_POINT ( 'NONE',  ( 5.194000122515253000, 70.70122637005869100, 47.43220025939528000 ) ) ;
#8119 = ORIENTED_EDGE ( 'NONE', *, *, #1579, .F. ) ;
#8120 = PLANE ( 'NONE',  #2376 ) ;
#8121 = AXIS2_PLACEMENT_3D ( 'NONE', #5686, #2373, #8220 ) ;
#8122 = FACE_OUTER_BOUND ( 'NONE', #8815, .T. ) ;
#8123 = CARTESIAN_POINT ( 'NONE',  ( 50.16044702067368600, -28.07079382360824100, 53.43725393319378000 ) ) ;
#8124 = EDGE_CURVE ( 'NONE', #8523, #9580, #2650, .T. ) ;
#8125 = ORIENTED_EDGE ( 'NONE', *, *, #3146, .F. ) ;
#8126 = CARTESIAN_POINT ( 'NONE',  ( -71.04602967032580800, 64.23011617120123200, 52.00000000000002100 ) ) ;
#8127 = VECTOR ( 'NONE', #9366, 1000.000000000000000 ) ;
#8128 = DIRECTION ( 'NONE',  ( -2.932034848225394500E-016, 0.1838957114233399600, -0.9829457601109552500 ) ) ;
#8129 = CARTESIAN_POINT ( 'NONE',  ( -40.60864279807790900, 68.14634757044126400, 13.91818639255003000 ) ) ;
#8130 = CARTESIAN_POINT ( 'NONE',  ( -24.73572970816805500, -33.08718450723374400, 46.70182250880206700 ) ) ;
#8131 = CARTESIAN_POINT ( 'NONE',  ( 6.660447020673696100, 73.48310668740413100, 15.50000000000000000 ) ) ;
#8132 = ORIENTED_EDGE ( 'NONE', *, *, #4183, .T. ) ;
#8133 = ADVANCED_FACE ( 'NONE', ( #860 ), #8621, .F. ) ;
#8134 = EDGE_CURVE ( 'NONE', #1163, #6591, #5285, .T. ) ;
#8135 = DIRECTION ( 'NONE',  ( -0.0000000000000000000, -0.0000000000000000000, 1.000000000000000000 ) ) ;
#8136 = CARTESIAN_POINT ( 'NONE',  ( 49.63919460971799000, 70.90875894155073000, 46.80504510122570100 ) ) ;
#8137 = ORIENTED_EDGE ( 'NONE', *, *, #4004, .T. ) ;
#8138 = CARTESIAN_POINT ( 'NONE',  ( 3.425402255310884500, -30.29234522573728200, 13.92136558584263500 ) ) ;
#8139 = CIRCLE ( 'NONE', #10068, 2.000000000000001800 ) ;
#8140 = ORIENTED_EDGE ( 'NONE', *, *, #6429, .T. ) ;
#8141 = CARTESIAN_POINT ( 'NONE',  ( -24.40149204691821400, -30.58893274144031300, 46.01029410947546700 ) ) ;
#8142 = CARTESIAN_POINT ( 'NONE',  ( 60.16044702067369300, -27.27022232858981700, 11.05139489186361200 ) ) ;
#8143 = ORIENTED_EDGE ( 'NONE', *, *, #1229, .T. ) ;
#8144 = DIRECTION ( 'NONE',  ( -2.932034848225395500E-016, 0.1838957114233399600, -0.9829457601109552500 ) ) ;
#8145 = DIRECTION ( 'NONE',  ( 0.0000000000000000000, 0.0000000000000000000, 1.000000000000000000 ) ) ;
#8146 = ORIENTED_EDGE ( 'NONE', *, *, #9255, .F. ) ;
#8147 = CARTESIAN_POINT ( 'NONE',  ( 4.004203291872585200, 70.71415059414886200, 47.39394569755320000 ) ) ;
#8148 = EDGE_CURVE ( 'NONE', #2616, #2331, #8239, .T. ) ;
#8149 = FACE_OUTER_BOUND ( 'NONE', #3382, .T. ) ;
#8150 = PLANE ( 'NONE',  #3569 ) ;
#8151 = ORIENTED_EDGE ( 'NONE', *, *, #1647, .T. ) ;
#8152 = AXIS2_PLACEMENT_3D ( 'NONE', #1649, #9851, #3324 ) ;
#8153 = EDGE_CURVE ( 'NONE', #10310, #273, #1513, .T. ) ;
#8154 = ORIENTED_EDGE ( 'NONE', *, *, #8856, .T. ) ;
#8155 = ORIENTED_EDGE ( 'NONE', *, *, #7157, .T. ) ;
#8156 = CARTESIAN_POINT ( 'NONE',  ( 37.66044702067380700, 10.48310668740399100, 30.50000000000000000 ) ) ;
#8157 = ORIENTED_EDGE ( 'NONE', *, *, #9146, .F. ) ;
#8158 = ORIENTED_EDGE ( 'NONE', *, *, #7847, .T. ) ;
#8159 = ORIENTED_EDGE ( 'NONE', *, *, #10664, .T. ) ;
#8160 = CARTESIAN_POINT ( 'NONE',  ( 60.16044702067369300, 54.90992920665785700, 3.000000000000000000 ) ) ;
#8161 = CARTESIAN_POINT ( 'NONE',  ( 52.82871416967934400, 62.94751024077120900, 46.63207864263628000 ) ) ;
#8162 =( BOUNDED_CURVE ( )  B_SPLINE_CURVE ( 3, ( #1972, #5383, #2867, #8639 ),
 .UNSPECIFIED., .F., .F. ) 
 B_SPLINE_CURVE_WITH_KNOTS ( ( 4, 4 ),
 ( 0.9599310885990552900, 1.509735184073664100 ),
 .UNSPECIFIED. ) 
 CURVE ( )  GEOMETRIC_REPRESENTATION_ITEM ( )  RATIONAL_B_SPLINE_CURVE ( ( 1.000000000000000000, 0.9749678610986892700, 0.9749678610986892700, 1.000000000000000000 ) ) 
 REPRESENTATION_ITEM ( '' )  );
#8163 = ORIENTED_EDGE ( 'NONE', *, *, #2197, .F. ) ;
#8164 = DIRECTION ( 'NONE',  ( -0.0000000000000000000, 0.0000000000000000000, 1.000000000000000000 ) ) ;
#8165 = CARTESIAN_POINT ( 'NONE',  ( -39.83752760385750200, 33.35024010312945800, 4.000000000000000000 ) ) ;
#8166 = CARTESIAN_POINT ( 'NONE',  ( -25.31743223855062700, -32.91615473439756600, 47.22411160762044300 ) ) ;
#8167 = EDGE_CURVE ( 'NONE', #6134, #1038, #2556, .T. ) ;
#8168 = ORIENTED_EDGE ( 'NONE', *, *, #8167, .F. ) ;
#8169 = CARTESIAN_POINT ( 'NONE',  ( -71.04602967032583600, -24.87519891327388100, 60.00000000000000700 ) ) ;
#8170 = VERTEX_POINT ( 'NONE', #7513 ) ;
#8171 = CARTESIAN_POINT ( 'NONE',  ( 60.16044702067369300, -23.83029685460728300, 3.104097538031596000 ) ) ;
#8172 = DIRECTION ( 'NONE',  ( -0.0000000000000000000, 0.0000000000000000000, 1.000000000000000000 ) ) ;
#8173 = LINE ( 'NONE', #2042, #2751 ) ;
#8174 = CARTESIAN_POINT ( 'NONE',  ( -26.99282439762402300, -30.20043820803003600, 47.39494116741398200 ) ) ;
#8175 = DIRECTION ( 'NONE',  ( -1.000000000000000000, -1.594400883811526300E-015, 8.761117936248933900E-016 ) ) ;
#8176 = ORIENTED_EDGE ( 'NONE', *, *, #1484, .F. ) ;
#8177 = ORIENTED_EDGE ( 'NONE', *, *, #3527, .F. ) ;
#8178 = CARTESIAN_POINT ( 'NONE',  ( 22.16044702067370100, 68.57785688051524200, 15.50000000000000000 ) ) ;
#8179 = ORIENTED_EDGE ( 'NONE', *, *, #6748, .F. ) ;
#8180 = CARTESIAN_POINT ( 'NONE',  ( -42.85503951091340700, 68.10410788922959600, 47.22800376173366700 ) ) ;
#8181 = ORIENTED_EDGE ( 'NONE', *, *, #8095, .F. ) ;
#8182 = PLANE ( 'NONE',  #1694 ) ;
#8183 = CARTESIAN_POINT ( 'NONE',  ( -28.32697628782422300, 71.23594082613279000, 45.75812014233032700 ) ) ;
#8184 = AXIS2_PLACEMENT_3D ( 'NONE', #6882, #6053, #3624 ) ;
#8185 = EDGE_CURVE ( 'NONE', #7024, #10091, #5556, .T. ) ;
#8186 = VECTOR ( 'NONE', #4675, 1000.000000000000000 ) ;
#8187 = CARTESIAN_POINT ( 'NONE',  ( -9.504679534543713600, 68.17126039880123800, 46.99503805186614600 ) ) ;
#8188 = ADVANCED_FACE ( 'NONE', ( #6712 ), #9785, .F. ) ;
#8189 = ORIENTED_EDGE ( 'NONE', *, *, #6282, .T. ) ;
#8190 = EDGE_LOOP ( 'NONE', ( #1140, #96, #974, #3048 ) ) ;
#8191 = EDGE_LOOP ( 'NONE', ( #245, #8348, #5327, #8321 ) ) ;
#8192 = CARTESIAN_POINT ( 'NONE',  ( -26.33955297932631700, 73.48310668740407400, 15.50000000000000000 ) ) ;
#8193 = VECTOR ( 'NONE', #7525, 1000.000000000000000 ) ;
#8194 = CARTESIAN_POINT ( 'NONE',  ( -14.11752760385748600, 36.04771873266206900, 10.26363978188264500 ) ) ;
#8195 = CARTESIAN_POINT ( 'NONE',  ( -18.11466684517359100, 68.52423138424518400, 40.30416056482584300 ) ) ;
#8196 = AXIS2_PLACEMENT_3D ( 'NONE', #9112, #6575, #8211 ) ;
#8197 = VECTOR ( 'NONE', #2755, 1000.000000000000000 ) ;
#8198 = CARTESIAN_POINT ( 'NONE',  ( -57.07547791980785900, -30.16934309946359200, 13.49954016622349500 ) ) ;
#8199 = ORIENTED_EDGE ( 'NONE', *, *, #2923, .F. ) ;
#8200 = DIRECTION ( 'NONE',  ( -1.000000000000000000, 0.0000000000000000000, 0.0000000000000000000 ) ) ;
#8201 = CARTESIAN_POINT ( 'NONE',  ( -42.36890544432987600, 68.04408440918859900, 13.56676028455132900 ) ) ;
#8202 = CARTESIAN_POINT ( 'NONE',  ( -61.04602967032580100, 61.17492835968160100, 48.16909574168947500 ) ) ;
#8203 = FACE_OUTER_BOUND ( 'NONE', #7756, .T. ) ;
#8204 = DIRECTION ( 'NONE',  ( 0.0000000000000000000, 8.942870605682763800E-016, 1.000000000000000000 ) ) ;
#8205 = CARTESIAN_POINT ( 'NONE',  ( 60.16044702067369300, 63.57531163979638900, 57.36015214575591200 ) ) ;
#8206 = DIRECTION ( 'NONE',  ( 1.000000000000000000, 1.594400883811536700E-015, 1.095139742030927500E-016 ) ) ;
#8207 = VECTOR ( 'NONE', #2814, 1000.000000000000000 ) ;
#8208 = ORIENTED_EDGE ( 'NONE', *, *, #5356, .F. ) ;
#8209 = EDGE_CURVE ( 'NONE', #4322, #3636, #602, .T. ) ;
#8210 = CARTESIAN_POINT ( 'NONE',  ( 18.22184818755456000, -33.30500036743755700, 14.99163790877212900 ) ) ;
#8211 = DIRECTION ( 'NONE',  ( 0.0000000000000000000, 1.000000000000000000, 0.0000000000000000000 ) ) ;
#8212 = ADVANCED_FACE ( 'NONE', ( #4388 ), #9095, .F. ) ;
#8213 = AXIS2_PLACEMENT_3D ( 'NONE', #4659, #10368, #2931 ) ;
#8214 = LINE ( 'NONE', #5266, #1090 ) ;
#8215 = CARTESIAN_POINT ( 'NONE',  ( -39.93870465473660400, 68.41024321168696100, 46.13529157058126600 ) ) ;
#8216 = CARTESIAN_POINT ( 'NONE',  ( 3.058073957229505700, 70.94147370372375900, 46.70377594517699300 ) ) ;
#8217 = ORIENTED_EDGE ( 'NONE', *, *, #10515, .T. ) ;
#8218 = CARTESIAN_POINT ( 'NONE',  ( -8.839552979326287000, 68.54422461361771500, 45.63025720958918900 ) ) ;
#8219 = SURFACE_STYLE_FILL_AREA ( #10004 ) ;
#8220 = DIRECTION ( 'NONE',  ( 0.0000000000000000000, 0.0000000000000000000, 1.000000000000000000 ) ) ;
#8221 = CARTESIAN_POINT ( 'NONE',  ( -30.98752760385749700, -14.90975989687055900, 7.000000000000000000 ) ) ;
#8222 = FACE_BOUND ( 'NONE', #2319, .T. ) ;
#8223 = DIRECTION ( 'NONE',  ( -1.000000000000000000, -1.594400883811531200E-015, 4.111757811428299200E-016 ) ) ;
#8224 = LINE ( 'NONE', #6874, #3725 ) ;
#8225 = ORIENTED_EDGE ( 'NONE', *, *, #7060, .T. ) ;
#8226 = DIRECTION ( 'NONE',  ( 1.606207778533891500E-015, -1.000000000000000000, 0.0000000000000000000 ) ) ;
#8227 = EDGE_CURVE ( 'NONE', #6440, #3419, #9138, .T. ) ;
#8228 = FACE_OUTER_BOUND ( 'NONE', #2475, .T. ) ;
#8229 = DIRECTION ( 'NONE',  ( 1.000000000000000000, 1.609823385706476600E-015, -0.0000000000000000000 ) ) ;
#8230 = LINE ( 'NONE', #5246, #2291 ) ;
#8231 = CARTESIAN_POINT ( 'NONE',  ( 22.16044702067370100, 68.57785688051524200, 45.50000000000000000 ) ) ;
#8232 = CARTESIAN_POINT ( 'NONE',  ( 0.0000000000000000000, -17.05501194873043900, 3.000000000000000000 ) ) ;
#8233 = VECTOR ( 'NONE', #7438, 1000.000000000000000 ) ;
#8234 = CARTESIAN_POINT ( 'NONE',  ( 18.16044702067369700, 68.57785688051524200, 15.50000000000000000 ) ) ;
#8235 = VECTOR ( 'NONE', #8796, 1000.000000000000000 ) ;
#8236 = ADVANCED_FACE ( 'NONE', ( #7472 ), #5805, .F. ) ;
#8237 = CARTESIAN_POINT ( 'NONE',  ( 2.660447020673682300, 73.48310668740411700, 15.50000000000000000 ) ) ;
#8238 = CARTESIAN_POINT ( 'NONE',  ( -42.50182649008182500, -32.85995717106046500, 13.60820298217128900 ) ) ;
#8239 = LINE ( 'NONE', #814, #7217 ) ;
#8240 = CARTESIAN_POINT ( 'NONE',  ( -58.24078466846783200, -32.89400056355845000, 47.29038196465390300 ) ) ;
#8241 = CARTESIAN_POINT ( 'NONE',  ( -15.33955297932633100, 64.69007228669738700, 28.76520202535432000 ) ) ;
#8242 = ORIENTED_EDGE ( 'NONE', *, *, #8185, .T. ) ;
#8243 = EDGE_CURVE ( 'NONE', #6098, #250, #5031, .T. ) ;
#8244 = CARTESIAN_POINT ( 'NONE',  ( 21.39524450973656000, -32.96432308532409600, 13.92119940995662100 ) ) ;
#8245 = DIRECTION ( 'NONE',  ( 1.609823385706476600E-015, -1.000000000000000000, -4.165779463821302700E-032 ) ) ;
#8246 = CARTESIAN_POINT ( 'NONE',  ( -8.890547366975685200, -33.30282785278760100, 14.98311939265720800 ) ) ;
#8247 = CARTESIAN_POINT ( 'NONE',  ( -43.83955297932631400, 68.57785688051521300, 45.50000000000000000 ) ) ;
#8248 = CARTESIAN_POINT ( 'NONE',  ( -10.97076030325166400, 70.67822042021420300, 47.50014823481635100 ) ) ;
#8249 = VECTOR ( 'NONE', #734, 1000.000000000000000 ) ;
#8250 = CARTESIAN_POINT ( 'NONE',  ( 0.0000000000000000000, 0.0000000000000000000, 0.0000000000000000000 ) ) ;
#8251 = VERTEX_POINT ( 'NONE', #846 ) ;
#8252 = AXIS2_PLACEMENT_3D ( 'NONE', #1254, #336, #3657 ) ;
#8253 = CARTESIAN_POINT ( 'NONE',  ( -33.48752760385749400, -14.90975989687055900, 4.000000000000000000 ) ) ;
#8254 = AXIS2_PLACEMENT_3D ( 'NONE', #9775, #875, #2517 ) ;
#8255 = CARTESIAN_POINT ( 'NONE',  ( 50.19619304852864900, 59.32457801451077000, 52.44944560155708800 ) ) ;
#8256 = CARTESIAN_POINT ( 'NONE',  ( 50.16044702067368600, -26.37519891327379200, 50.10000000000002300 ) ) ;
#8257 = EDGE_CURVE ( 'NONE', #4958, #10224, #85, .T. ) ;
#8258 = VECTOR ( 'NONE', #4718, 1000.000000000000100 ) ;
#8259 = DIRECTION ( 'NONE',  ( 0.0000000000000000000, 0.0000000000000000000, -1.000000000000000000 ) ) ;
#8260 = DIRECTION ( 'NONE',  ( 1.000000000000000000, 1.603063405027194900E-016, 0.0000000000000000000 ) ) ;
#8261 = ORIENTED_EDGE ( 'NONE', *, *, #1409, .T. ) ;
#8262 = DIRECTION ( 'NONE',  ( 0.0000000000000000000, 0.0000000000000000000, -1.000000000000000000 ) ) ;
#8263 = CARTESIAN_POINT ( 'NONE',  ( 18.16044702067369700, 71.27490271540914100, 15.37186173385272900 ) ) ;
#8264 = EDGE_LOOP ( 'NONE', ( #8955, #7804, #5855, #9983 ) ) ;
#8265 = DIRECTION ( 'NONE',  ( -1.000000000000000000, -1.609823385706476600E-015, -2.312964634635743000E-016 ) ) ;
#8266 = CARTESIAN_POINT ( 'NONE',  ( -42.85642054050156700, 68.10432668020149500, 13.77274710912329600 ) ) ;
#8267 = FACE_OUTER_BOUND ( 'NONE', #3150, .T. ) ;
#8268 = CARTESIAN_POINT ( 'NONE',  ( -24.40096670603765700, -33.30506167706867900, 46.00815311873946500 ) ) ;
#8269 = ORIENTED_EDGE ( 'NONE', *, *, #7972, .T. ) ;
#8270 = EDGE_CURVE ( 'NONE', #7045, #313, #335, .T. ) ;
#8271 = AXIS2_PLACEMENT_3D ( 'NONE', #1531, #690, #3212 ) ;
#8272 = VERTEX_POINT ( 'NONE', #1910 ) ;
#8273 = ORIENTED_EDGE ( 'NONE', *, *, #7896, .F. ) ;
#8274 = CARTESIAN_POINT ( 'NONE',  ( 34.64496048908678500, -30.24919063130221300, 47.22800376173366700 ) ) ;
#8275 = ORIENTED_EDGE ( 'NONE', *, *, #5444, .T. ) ;
#8276 = VERTEX_POINT ( 'NONE', #9195 ) ;
#8277 = CARTESIAN_POINT ( 'NONE',  ( 21.06183436209568100, -32.89401196796836800, 13.70965140868848300 ) ) ;
#8278 = EDGE_LOOP ( 'NONE', ( #9329, #1106, #3220, #3366 ) ) ;
#8279 = CARTESIAN_POINT ( 'NONE',  ( -8.839552979326132500, -33.38120710560659900, 15.24066099409188100 ) ) ;
#8280 = CARTESIAN_POINT ( 'NONE',  ( -12.83955297932631900, 70.47903179704960100, 29.80073593128698300 ) ) ;
#8281 = CARTESIAN_POINT ( 'NONE',  ( -12.17649904925896600, 70.84740366713103300, 46.99329394968421500 ) ) ;
#8282 = ORIENTED_EDGE ( 'NONE', *, *, #5903, .F. ) ;
#8283 = EDGE_CURVE ( 'NONE', #5609, #6099, #10447, .T. ) ;
#8284 = ORIENTED_EDGE ( 'NONE', *, *, #3635, .F. ) ;
#8285 = CARTESIAN_POINT ( 'NONE',  ( -1.898706219646884900E-015, 39.09024010312946700, 4.000000000000000000 ) ) ;
#8286 = ADVANCED_FACE ( 'NONE', ( #7602 ), #6588, .F. ) ;
#8287 = AXIS2_PLACEMENT_3D ( 'NONE', #2577, #9217, #138 ) ;
#8288 = EDGE_LOOP ( 'NONE', ( #10730, #7530, #7076, #5360 ) ) ;
#8289 = ORIENTED_EDGE ( 'NONE', *, *, #10626, .T. ) ;
#8290 = CARTESIAN_POINT ( 'NONE',  ( -8.839552979326246200, 27.37181057052338700, 30.50000000000000000 ) ) ;
#8291 = DIRECTION ( 'NONE',  ( 0.0000000000000000000, 0.0000000000000000000, 1.000000000000000000 ) ) ;
#8292 = EDGE_CURVE ( 'NONE', #2100, #10471, #2296, .T. ) ;
#8293 = ORIENTED_EDGE ( 'NONE', *, *, #8051, .T. ) ;
#8294 = CARTESIAN_POINT ( 'NONE',  ( -43.83955297932615700, -30.72293962258786200, 45.50000000000000000 ) ) ;
#8295 = DIRECTION ( 'NONE',  ( 1.000000000000000000, 0.0000000000000000000, 0.0000000000000000000 ) ) ;
#8296 = VERTEX_POINT ( 'NONE', #8507 ) ;
#8297 = CARTESIAN_POINT ( 'NONE',  ( 6.660447020673714700, 68.57785688051524200, 45.50000000000000000 ) ) ;
#8298 = DIRECTION ( 'NONE',  ( 0.0000000000000000000, 0.0000000000000000000, 1.000000000000000000 ) ) ;
#8299 = DIRECTION ( 'NONE',  ( 0.0000000000000000000, -1.000000000000000000, 0.0000000000000000000 ) ) ;
#8300 = VERTEX_POINT ( 'NONE', #6842 ) ;
#8301 = VERTEX_POINT ( 'NONE', #6871 ) ;
#8302 = ORIENTED_EDGE ( 'NONE', *, *, #828, .F. ) ;
#8303 = VERTEX_POINT ( 'NONE', #5176 ) ;
#8304 = DIRECTION ( 'NONE',  ( 1.609823385706476600E-015, -1.000000000000000000, -4.165779463821302700E-032 ) ) ;
#8305 = CARTESIAN_POINT ( 'NONE',  ( 6.264270291831945900, -33.08718450723374400, 46.70182250880206000 ) ) ;
#8306 = CIRCLE ( 'NONE', #8323, 59.99999999999997200 ) ;
#8307 = EDGE_CURVE ( 'NONE', #2229, #6893, #6962, .T. ) ;
#8308 = CARTESIAN_POINT ( 'NONE',  ( -56.04602967032580800, 61.80992920665785600, 9.900000000000000400 ) ) ;
#8309 = VERTEX_POINT ( 'NONE', #4269 ) ;
#8310 = ORIENTED_EDGE ( 'NONE', *, *, #3068, .F. ) ;
#8311 = VERTEX_POINT ( 'NONE', #10116 ) ;
#8312 = ORIENTED_EDGE ( 'NONE', *, *, #1399, .F. ) ;
#8313 = CARTESIAN_POINT ( 'NONE',  ( -25.80735218776040800, -32.84165132730743200, 13.55368265994383100 ) ) ;
#8314 = B_SPLINE_CURVE_WITH_KNOTS ( 'NONE', 3,
 ( #2690, #7565, #8380, #9281, #10015, #5046, #1703, #7489, #4367, #5122, #10132, #172, #8420, #9211, #8313, #3371, #9172, #4217, #5984, #6744, #6821, #4248, #9974, #69 ),
 .UNSPECIFIED., .F., .F.,
 ( 4, 2, 2, 2, 2, 2, 2, 2, 2, 2, 2, 4 ),
 ( 0.006369424049232945200, 0.006769429621276843800, 0.007169435193320742300, 0.007969446337408540200, 0.008769457481496338900, 0.009169463053540242600, 0.009569468625584148100, 0.01036947976967195600, 0.01076948534171585900, 0.01116949091375976300, 0.01196950205784756000, 0.01276951320193535900 ),
 .UNSPECIFIED. ) ;
#8315 = B_SPLINE_CURVE_WITH_KNOTS ( 'NONE', 3,
 ( #7764, #2809, #8547, #6190, #8582, #3646, #3579, #3689, #4529, #9374, #5247, #4455, #10220, #407, #1207, #8652, #6604, #9143, #36, #9977, #8274, #3517, #4327, #9248, #3558, #242, #8524, #5950, #6055, #4434, #1114, #8458 ),
 .UNSPECIFIED., .F., .F.,
 ( 4, 2, 2, 2, 2, 2, 2, 2, 2, 2, 2, 2, 2, 2, 2, 4 ),
 ( 0.0000000000000000000, 0.0003978912550167409500, 0.0007957825100334819000, 0.001193673765050222700, 0.001591565020066963800, 0.001989456275083704600, 0.002387347530100445500, 0.003183130040133935400, 0.003581021295150680100, 0.003978912550167425800, 0.004376803805184170500, 0.004774695060200915200, 0.005172586315217660900, 0.005570477570234406500, 0.005968368825251152100, 0.006366260080267896000 ),
 .UNSPECIFIED. ) ;
#8316 = CIRCLE ( 'NONE', #4916, 1.000000000000000900 ) ;
#8317 = CARTESIAN_POINT ( 'NONE',  ( -14.11752760385748600, 37.09024010312946700, 9.140568438989676200E-032 ) ) ;
#8318 = DIRECTION ( 'NONE',  ( 0.0000000000000000000, 0.0000000000000000000, 1.000000000000000000 ) ) ;
#8319 = DIRECTION ( 'NONE',  ( 1.000000000000000000, 0.0000000000000000000, 0.0000000000000000000 ) ) ;
#8320 = CARTESIAN_POINT ( 'NONE',  ( -42.73716024769202400, 68.08541527368574000, 47.29216817450321000 ) ) ;
#8321 = ORIENTED_EDGE ( 'NONE', *, *, #7750, .F. ) ;
#8322 = CARTESIAN_POINT ( 'NONE',  ( -19.29197475538186500, 69.63438770982064300, 40.55690289484224600 ) ) ;
#8323 = AXIS2_PLACEMENT_3D ( 'NONE', #8965, #6600, #719 ) ;
#8324 = VERTEX_POINT ( 'NONE', #7621 ) ;
#8325 = CARTESIAN_POINT ( 'NONE',  ( 2.660447020673858200, -33.45785864922130800, 15.50000000000000000 ) ) ;
#8326 = EDGE_CURVE ( 'NONE', #8409, #9385, #6450, .T. ) ;
#8327 = CARTESIAN_POINT ( 'NONE',  ( -12.74038067647920500, 68.41024161410392400, 46.13529537627117300 ) ) ;
#8328 = FACE_OUTER_BOUND ( 'NONE', #5944, .T. ) ;
#8329 = CARTESIAN_POINT ( 'NONE',  ( 19.25887740237665800, 68.08600764125185400, 13.70986368167313100 ) ) ;
#8330 = CARTESIAN_POINT ( 'NONE',  ( 33.67264739370949700, 71.23674877982129800, 15.24455901932126700 ) ) ;
#8331 = ORIENTED_EDGE ( 'NONE', *, *, #314, .T. ) ;
#8332 = EDGE_CURVE ( 'NONE', #4176, #5864, #1779, .T. ) ;
#8333 = AXIS2_PLACEMENT_3D ( 'NONE', #7358, #7398, #7255 ) ;
#8334 = DIRECTION ( 'NONE',  ( 1.609823385706476600E-015, -1.000000000000000000, -4.165779463821302700E-032 ) ) ;
#8335 = CYLINDRICAL_SURFACE ( 'NONE', #2804, 28.12686385698107800 ) ;
#8336 = EDGE_CURVE ( 'NONE', #522, #4056, #4515, .T. ) ;
#8337 = CARTESIAN_POINT ( 'NONE',  ( -56.00620856384574600, -30.31595626274118900, 14.00361017943398400 ) ) ;
#8338 = AXIS2_PLACEMENT_3D ( 'NONE', #4608, #4527, #6149 ) ;
#8339 = CIRCLE ( 'NONE', #10311, 59.99999999999999300 ) ;
#8340 = CARTESIAN_POINT ( 'NONE',  ( 18.64231714715052500, 68.22422018751063900, 46.80868971097899600 ) ) ;
#8341 = ORIENTED_EDGE ( 'NONE', *, *, #9585, .T. ) ;
#8342 = CARTESIAN_POINT ( 'NONE',  ( 6.660447020673869300, -33.41951909764289000, 45.62971612474358100 ) ) ;
#8343 = ADVANCED_FACE ( 'NONE', ( #10699 ), #6329, .F. ) ;
#8344 = CARTESIAN_POINT ( 'NONE',  ( -33.48752760385749400, -14.90975989687055900, 3.000000000000000000 ) ) ;
#8345 = CIRCLE ( 'NONE', #5303, 52.92058191901602300 ) ;
#8346 = DIRECTION ( 'NONE',  ( -1.000000000000000000, -1.609823385706476600E-015, -1.156482317317871500E-016 ) ) ;
#8347 = ORIENTED_EDGE ( 'NONE', *, *, #2036, .T. ) ;
#8348 = ORIENTED_EDGE ( 'NONE', *, *, #8802, .T. ) ;
#8349 = EDGE_CURVE ( 'NONE', #666, #6448, #7734, .T. ) ;
#8350 = CARTESIAN_POINT ( 'NONE',  ( 50.16044702067368600, 64.23011617120123200, 52.00000000000002100 ) ) ;
#8351 = CARTESIAN_POINT ( 'NONE',  ( 45.16044702067369300, 54.90992920665785700, 5.000000000000000000 ) ) ;
#8352 = AXIS2_PLACEMENT_3D ( 'NONE', #915, #1759, #7549 ) ;
#8353 = CIRCLE ( 'NONE', #9115, 59.99999999999997200 ) ;
#8354 = CARTESIAN_POINT ( 'NONE',  ( 34.64357945949847600, 68.10432668020149500, 13.77274710912329100 ) ) ;
#8355 = DIRECTION ( 'NONE',  ( -0.0000000000000000000, -0.0000000000000000000, 1.000000000000000000 ) ) ;
#8356 = DIRECTION ( 'NONE',  ( 1.573428027951567600E-015, -1.000000000000000000, 0.0000000000000000000 ) ) ;
#8357 = EDGE_CURVE ( 'NONE', #4837, #10167, #2043, .T. ) ;
#8358 = CIRCLE ( 'NONE', #4762, 5.000000000000000000 ) ;
#8359 = FACE_OUTER_BOUND ( 'NONE', #3942, .T. ) ;
#8360 = ORIENTED_EDGE ( 'NONE', *, *, #2582, .F. ) ;
#8361 = DIRECTION ( 'NONE',  ( -1.609823385706476600E-015, 1.000000000000000000, 0.0000000000000000000 ) ) ;
#8362 = PLANE ( 'NONE',  #3854 ) ;
#8363 = DIRECTION ( 'NONE',  ( -1.000000000000000000, -1.609823385706476600E-015, 0.0000000000000000000 ) ) ;
#8364 = LINE ( 'NONE', #8402, #8498 ) ;
#8365 = DIRECTION ( 'NONE',  ( 1.000000000000000000, 4.857238570644847900E-017, 0.0000000000000000000 ) ) ;
#8366 = VECTOR ( 'NONE', #4489, 1000.000000000000100 ) ;
#8367 = ORIENTED_EDGE ( 'NONE', *, *, #5753, .T. ) ;
#8368 = DIRECTION ( 'NONE',  ( -3.978816904743045000E-017, 0.8191520442889873600, 0.5735764363510524900 ) ) ;
#8369 = DIRECTION ( 'NONE',  ( 1.000000000000000000, 1.609823385706476600E-015, -0.0000000000000000000 ) ) ;
#8370 = EDGE_CURVE ( 'NONE', #5066, #3231, #8364, .T. ) ;
#8371 = CARTESIAN_POINT ( 'NONE',  ( -12.45195397523670000, 70.93927171953343700, 14.28859990521050200 ) ) ;
#8372 = LINE ( 'NONE', #3408, #7227 ) ;
#8373 = DIRECTION ( 'NONE',  ( 1.000000000000000000, 0.0000000000000000000, -0.0000000000000000000 ) ) ;
#8374 = CARTESIAN_POINT ( 'NONE',  ( 3.058073957229670900, -33.08655644579640400, 46.70377594517699300 ) ) ;
#8375 = EDGE_LOOP ( 'NONE', ( #10139, #7936, #2890, #5109 ) ) ;
#8376 = CARTESIAN_POINT ( 'NONE',  ( -56.04602967032580800, 61.80992920665785600, 5.000000000000000000 ) ) ;
#8377 = EDGE_CURVE ( 'NONE', #410, #634, #10557, .T. ) ;
#8378 = CARTESIAN_POINT ( 'NONE',  ( 50.24648294671749900, 68.08592635324282600, 47.29050461442220400 ) ) ;
#8379 = CARTESIAN_POINT ( 'NONE',  ( -58.35885992024373800, -32.91560170640237700, 47.22577069338046100 ) ) ;
#8380 = CARTESIAN_POINT ( 'NONE',  ( -28.32735260629034400, -33.38183152189392200, 15.24455901932126300 ) ) ;
#8381 = CIRCLE ( 'NONE', #3358, 2.000000000000012000 ) ;
#8382 = B_SPLINE_CURVE_WITH_KNOTS ( 'NONE', 3,
 ( #8123, #6619, #6729, #1831, #2588, #9124, #4265, #6804, #5139, #114, #9228, #4302 ),
 .UNSPECIFIED., .F., .F.,
 ( 4, 2, 2, 2, 2, 4 ),
 ( 0.0000000000000000000, 0.001891830346471768800, 0.002837745519707664500, 0.003783660692943560100, 0.005675491039415369800, 0.007567321385887179100 ),
 .UNSPECIFIED. ) ;
#8383 = B_SPLINE_CURVE_WITH_KNOTS ( 'NONE', 3,
 ( #4976, #5771, #1553, #4113, #1629, #5804, #9069, #2430, #9935, #8238, #3233, #9001, #5835, #4080, #4908, #33, #823, #10660, #1702, #5045, #5740, #753, #6568, #2501 ),
 .UNSPECIFIED., .F., .F.,
 ( 4, 2, 2, 2, 2, 2, 2, 2, 2, 2, 2, 4 ),
 ( 0.006369424049232927000, 0.006769429621276823800, 0.007169435193320721500, 0.007969446337408514100, 0.008769457481496306000, 0.009169463053540202700, 0.009569468625584101300, 0.01036947976967191600, 0.01076948534171582500, 0.01116949091375973200, 0.01196950205784752900, 0.01276951320193532800 ),
 .UNSPECIFIED. ) ;
#8384 = EDGE_CURVE ( 'NONE', #1548, #10504, #9657, .T. ) ;
#8385 = EDGE_LOOP ( 'NONE', ( #10732, #652, #8189, #3394, #5863, #10632 ) ) ;
#8386 = DIRECTION ( 'NONE',  ( 0.0000000000000000000, 0.0000000000000000000, 1.000000000000000000 ) ) ;
#8387 = CARTESIAN_POINT ( 'NONE',  ( 34.63713292319751200, -20.38517556395939700, -1.040834085586084300E-014 ) ) ;
#8388 = CARTESIAN_POINT ( 'NONE',  ( 2.660447020673858600, -33.41998545748173700, 15.37186173385272200 ) ) ;
#8389 = VECTOR ( 'NONE', #8554, 1000.000000000000000 ) ;
#8390 = CARTESIAN_POINT ( 'NONE',  ( -11.49282439762416400, 68.05535546595741900, 47.39494116741398200 ) ) ;
#8391 = ORIENTED_EDGE ( 'NONE', *, *, #314, .F. ) ;
#8392 = ADVANCED_FACE ( 'NONE', ( #3341 ), #5968, .T. ) ;
#8393 = AXIS2_PLACEMENT_3D ( 'NONE', #850, #9060, #7374 ) ;
#8394 = DIRECTION ( 'NONE',  ( -1.000000000000000000, 0.0000000000000000000, 0.0000000000000000000 ) ) ;
#8395 = CARTESIAN_POINT ( 'NONE',  ( -57.07547791980800200, 68.02426035739094300, 13.49954016622348600 ) ) ;
#8396 = AXIS2_PLACEMENT_3D ( 'NONE', #9027, #8995, #10617 ) ;
#8397 = CARTESIAN_POINT ( 'NONE',  ( 19.14357945949846900, 68.10432668020146700, 13.77274710912328700 ) ) ;
#8398 = DIRECTION ( 'NONE',  ( 0.0000000000000000000, 0.0000000000000000000, 1.000000000000000000 ) ) ;
#8399 = AXIS2_PLACEMENT_3D ( 'NONE', #6477, #8984, #9886 ) ;
#8400 = ORIENTED_EDGE ( 'NONE', *, *, #3236, .F. ) ;
#8401 = CIRCLE ( 'NONE', #9294, 1.899999999999999000 ) ;
#8402 = CARTESIAN_POINT ( 'NONE',  ( 50.16044702067368600, 70.30479599894567900, 35.12228167828152400 ) ) ;
#8403 = VERTEX_POINT ( 'NONE', #1132 ) ;
#8404 = DIRECTION ( 'NONE',  ( -1.000000000000000000, -1.594400883811535600E-015, 1.755596732159894500E-029 ) ) ;
#8405 = CARTESIAN_POINT ( 'NONE',  ( 36.68256776144918500, 70.77107199232497700, 47.22411160762042900 ) ) ;
#8406 = CARTESIAN_POINT ( 'NONE',  ( -43.59475603553751500, -30.45807326175551200, 14.50733126608359100 ) ) ;
#8407 = ORIENTED_EDGE ( 'NONE', *, *, #1078, .F. ) ;
#8408 = DIRECTION ( 'NONE',  ( 1.594400883811535600E-015, -1.000000000000000000, 0.0000000000000000000 ) ) ;
#8409 = VERTEX_POINT ( 'NONE', #6942 ) ;
#8410 = DIRECTION ( 'NONE',  ( 1.000000000000000000, -0.0000000000000000000, -0.0000000000000000000 ) ) ;
#8411 = EDGE_CURVE ( 'NONE', #6571, #9241, #3084, .T. ) ;
#8412 = EDGE_CURVE ( 'NONE', #5101, #7395, #9398, .T. ) ;
#8413 = ORIENTED_EDGE ( 'NONE', *, *, #3181, .T. ) ;
#8414 = ORIENTED_EDGE ( 'NONE', *, *, #9365, .F. ) ;
#8415 = AXIS2_PLACEMENT_3D ( 'NONE', #1364, #4713, #3837 ) ;
#8416 = VERTEX_POINT ( 'NONE', #4568 ) ;
#8417 = AXIS2_PLACEMENT_3D ( 'NONE', #3391, #8334, #9855 ) ;
#8418 = CARTESIAN_POINT ( 'NONE',  ( -55.33955297932620700, 10.48310668740397500, 30.50000000000000000 ) ) ;
#8419 =( BOUNDED_CURVE ( )  B_SPLINE_CURVE ( 3, ( #8280, #832, #9939, #6684 ),
 .UNSPECIFIED., .F., .F. ) 
 B_SPLINE_CURVE_WITH_KNOTS ( ( 4, 4 ),
 ( 1.559141661806930700, 1.570796326794908500 ),
 .UNSPECIFIED. ) 
 CURVE ( )  GEOMETRIC_REPRESENTATION_ITEM ( )  RATIONAL_B_SPLINE_CURVE ( ( 1.000000000000000000, 0.9999886807640329100, 0.9999886807640329100, 1.000000000000000000 ) ) 
 REPRESENTATION_ITEM ( '' )  );
#8420 = CARTESIAN_POINT ( 'NONE',  ( -26.47791864871156900, -32.82344603182251300, 13.50027294252317300 ) ) ;
#8421 = EDGE_LOOP ( 'NONE', ( #8660, #640, #3910, #2107 ) ) ;
#8422 = CARTESIAN_POINT ( 'NONE',  ( 51.13367727093658000, -30.16876160688212500, 47.50242925351156500 ) ) ;
#8423 = ORIENTED_EDGE ( 'NONE', *, *, #10713, .T. ) ;
#8424 = CARTESIAN_POINT ( 'NONE',  ( 52.66044702067370100, 73.48310668740420200, 46.82287565553229300 ) ) ;
#8425 = ORIENTED_EDGE ( 'NONE', *, *, #5808, .T. ) ;
#8426 = DIRECTION ( 'NONE',  ( 1.000000000000000000, 1.609823385706476600E-015, -0.0000000000000000000 ) ) ;
#8427 = CARTESIAN_POINT ( 'NONE',  ( 35.39420946537372700, -32.82785786935672700, 47.48673861149425300 ) ) ;
#8428 = LINE ( 'NONE', #3375, #2624 ) ;
#8429 = DIRECTION ( 'NONE',  ( 1.604619215278547400E-015, -1.000000000000000000, 0.0000000000000000000 ) ) ;
#8430 = ORIENTED_EDGE ( 'NONE', *, *, #5389, .F. ) ;
#8431 = CARTESIAN_POINT ( 'NONE',  ( -55.73179364432297700, 68.25005060174734700, 14.28218670468146500 ) ) ;
#8432 = EDGE_CURVE ( 'NONE', #10499, #8792, #3993, .T. ) ;
#8433 = VERTEX_POINT ( 'NONE', #6192 ) ;
#8434 = ORIENTED_EDGE ( 'NONE', *, *, #4378, .T. ) ;
#8435 = CARTESIAN_POINT ( 'NONE',  ( 48.41044702067365800, 64.69007228669760000, 39.51286796564302500 ) ) ;
#8436 = CARTESIAN_POINT ( 'NONE',  ( 34.05097806630800500, -30.39582138151717700, 14.28464133985792200 ) ) ;
#8437 = VERTEX_POINT ( 'NONE', #2881 ) ;
#8438 = CARTESIAN_POINT ( 'NONE',  ( -27.67649904925880800, -32.99248640920367800, 46.99329394968421500 ) ) ;
#8439 = VECTOR ( 'NONE', #7810, 1000.000000000000000 ) ;
#8440 = DIRECTION ( 'NONE',  ( 1.000000000000000000, 0.0000000000000000000, 0.0000000000000000000 ) ) ;
#8441 = CARTESIAN_POINT ( 'NONE',  ( -14.11752760385748600, 38.09024010312946700, 9.263639781882645300 ) ) ;
#8442 = DIRECTION ( 'NONE',  ( 1.000000000000000000, 1.609823385706476600E-015, -0.0000000000000000000 ) ) ;
#8443 = CARTESIAN_POINT ( 'NONE',  ( -42.49808749112928300, -30.20098472104864800, 13.60692099700160000 ) ) ;
#8444 = VERTEX_POINT ( 'NONE', #368 ) ;
#8445 = EDGE_LOOP ( 'NONE', ( #5271, #5497, #2725, #7070 ) ) ;
#8446 = ORIENTED_EDGE ( 'NONE', *, *, #1519, .T. ) ;
#8447 = CARTESIAN_POINT ( 'NONE',  ( 24.88247239614251400, 37.09024010312946700, 10.26363978188264500 ) ) ;
#8448 = CARTESIAN_POINT ( 'NONE',  ( -17.48955297932633400, 64.69007228669748600, 39.51286796564302500 ) ) ;
#8449 = EDGE_CURVE ( 'NONE', #3160, #6865, #7995, .T. ) ;
#8450 = ADVANCED_FACE ( 'NONE', ( #10052 ), #327, .F. ) ;
#8451 = CIRCLE ( 'NONE', #379, 3.500000000000003100 ) ;
#8452 = CARTESIAN_POINT ( 'NONE',  ( 45.91044702067366500, 64.69007228669761400, 40.51286796564302500 ) ) ;
#8453 = CARTESIAN_POINT ( 'NONE',  ( -15.98955297932633200, 64.69007228669751400, 40.51286796564302500 ) ) ;
#8454 = DIRECTION ( 'NONE',  ( 0.0000000000000000000, 0.0000000000000000000, -1.000000000000000000 ) ) ;
#8455 = CARTESIAN_POINT ( 'NONE',  ( -59.33955297932615000, -33.45785864922134300, 45.50000000000000000 ) ) ;
#8456 = CARTESIAN_POINT ( 'NONE',  ( -28.33955297932632800, 71.31277590714869100, 15.50000000000000000 ) ) ;
#8457 = ORIENTED_EDGE ( 'NONE', *, *, #287, .T. ) ;
#8458 = CARTESIAN_POINT ( 'NONE',  ( 33.66044702067385700, -30.72293962258784800, 45.50000000000000000 ) ) ;
#8459 = CARTESIAN_POINT ( 'NONE',  ( 51.54113005042237500, -30.17949170272497000, 47.46609145886932200 ) ) ;
#8460 = FACE_OUTER_BOUND ( 'NONE', #1863, .T. ) ;
#8461 = CARTESIAN_POINT ( 'NONE',  ( 20.43058411207309900, -32.82803102597167600, 47.48622826149018300 ) ) ;
#8462 = CARTESIAN_POINT ( 'NONE',  ( -55.35205226153593800, 71.23620159947623200, 45.75724934956181800 ) ) ;
#8463 = ADVANCED_FACE ( 'NONE', ( #3730 ), #4506, .F. ) ;
#8464 = AXIS2_PLACEMENT_3D ( 'NONE', #9623, #3903, #7113 ) ;
#8465 = ORIENTED_EDGE ( 'NONE', *, *, #6555, .F. ) ;
#8466 = EDGE_CURVE ( 'NONE', #9930, #10085, #592, .T. ) ;
#8467 = CARTESIAN_POINT ( 'NONE',  ( -61.04602967032580100, -26.37519891327379200, 53.90000000000002000 ) ) ;
#8468 = CARTESIAN_POINT ( 'NONE',  ( -59.33955297932632800, 68.57785688051522800, 15.50000000000000000 ) ) ;
#8469 = FACE_OUTER_BOUND ( 'NONE', #3163, .T. ) ;
#8470 = CARTESIAN_POINT ( 'NONE',  ( -12.17609805246857800, -30.31678452251984300, 14.00650777892165200 ) ) ;
#8471 = CARTESIAN_POINT ( 'NONE',  ( 50.34664339910708700, -28.22029096546857100, 51.50779610346750600 ) ) ;
#8472 = CARTESIAN_POINT ( 'NONE',  ( -39.83955297932631400, 71.31277590714869100, 15.50000000000000000 ) ) ;
#8473 = CARTESIAN_POINT ( 'NONE',  ( -56.04602967032580800, 63.16199222007411200, 3.665112136637782600 ) ) ;
#8474 = ORIENTED_EDGE ( 'NONE', *, *, #9097, .T. ) ;
#8475 = FACE_OUTER_BOUND ( 'NONE', #7656, .T. ) ;
#8476 = ORIENTED_EDGE ( 'NONE', *, *, #7096, .T. ) ;
#8477 = CARTESIAN_POINT ( 'NONE',  ( 51.66065236025478000, 61.17492835968161600, 48.16909574168948900 ) ) ;
#8478 = DIRECTION ( 'NONE',  ( 0.0000000000000000000, -0.0000000000000000000, -1.000000000000000000 ) ) ;
#8479 = DIRECTION ( 'NONE',  ( 1.726899151442189300E-015, -1.000000000000000000, 0.0000000000000000000 ) ) ;
#8480 = CYLINDRICAL_SURFACE ( 'NONE', #1302, 4.899999999999980800 ) ;
#8481 = AXIS2_PLACEMENT_3D ( 'NONE', #9567, #8615, #2785 ) ;
#8482 = LINE ( 'NONE', #798, #7084 ) ;
#8483 = DIRECTION ( 'NONE',  ( 0.0000000000000000000, 0.0000000000000000000, 1.000000000000000000 ) ) ;
#8484 = TOROIDAL_SURFACE ( 'NONE', #1761, 2.000000000000000000, 1.000000000000000000 ) ;
#8485 = VERTEX_POINT ( 'NONE', #4714 ) ;
#8486 = CARTESIAN_POINT ( 'NONE',  ( -12.83955297932615700, -30.72293962258785500, 45.50000000000000000 ) ) ;
#8487 = DIRECTION ( 'NONE',  ( 1.000000000000000000, 4.857238570644847900E-017, -4.570284219494838400E-033 ) ) ;
#8488 = DIRECTION ( 'NONE',  ( 0.0000000000000000000, 0.0000000000000000000, -1.000000000000000000 ) ) ;
#8489 = LINE ( 'NONE', #9568, #1636 ) ;
#8490 = CARTESIAN_POINT ( 'NONE',  ( 21.90531829286620200, 71.01102317295439500, 46.48592630112440100 ) ) ;
#8491 = LINE ( 'NONE', #7799, #10185 ) ;
#8492 = CYLINDRICAL_SURFACE ( 'NONE', #8066, 2.000000000000000000 ) ;
#8493 = EDGE_CURVE ( 'NONE', #4518, #7818, #5273, .T. ) ;
#8494 = CIRCLE ( 'NONE', #1130, 1.399999999999998600 ) ;
#8495 = CARTESIAN_POINT ( 'NONE',  ( 25.88185098560845200, -16.83980951087263400, 9.304344048900814500 ) ) ;
#8496 = CARTESIAN_POINT ( 'NONE',  ( -12.83955297932632300, 71.31277590714869100, 45.50000000000000000 ) ) ;
#8497 = EDGE_CURVE ( 'NONE', #5101, #7024, #5425, .T. ) ;
#8498 = VECTOR ( 'NONE', #6010, 1000.000000000000000 ) ;
#8499 = CARTESIAN_POINT ( 'NONE',  ( 51.16044702067370100, 73.48310668740420200, 45.50000000000000000 ) ) ;
#8500 = VERTEX_POINT ( 'NONE', #9594 ) ;
#8501 = CARTESIAN_POINT ( 'NONE',  ( -9.826234268746228300, -30.24881592973078200, 13.77070553294020700 ) ) ;
#8502 = CARTESIAN_POINT ( 'NONE',  ( 50.72298673428061700, -26.76304609638542700, 50.12996763652611800 ) ) ;
#8503 = DIRECTION ( 'NONE',  ( 1.000000000000000000, 1.603063405027194900E-016, 0.0000000000000000000 ) ) ;
#8504 = LINE ( 'NONE', #6833, #8127 ) ;
#8505 = DIRECTION ( 'NONE',  ( 0.0000000000000000000, 0.0000000000000000000, 1.000000000000000000 ) ) ;
#8506 = CARTESIAN_POINT ( 'NONE',  ( -13.93667964815027300, -17.18165353266591200, 9.837216218233695700 ) ) ;
#8507 = CARTESIAN_POINT ( 'NONE',  ( -13.11752760385748600, -19.52275989687055700, 9.263639781882645300 ) ) ;
#8508 = VERTEX_POINT ( 'NONE', #5573 ) ;
#8509 = EDGE_CURVE ( 'NONE', #2530, #9449, #9533, .T. ) ;
#8510 = DIRECTION ( 'NONE',  ( 1.000000000000000000, -0.0000000000000000000, -0.0000000000000000000 ) ) ;
#8511 = CARTESIAN_POINT ( 'NONE',  ( -9.228947229763036800, 70.93843228486487400, 14.28598676118487800 ) ) ;
#8512 = ADVANCED_FACE ( 'NONE', ( #5545 ), #76, .F. ) ;
#8513 = CARTESIAN_POINT ( 'NONE',  ( -43.83955297932625000, 27.37181057052338000, 30.50000000000000000 ) ) ;
#8514 = CARTESIAN_POINT ( 'NONE',  ( -12.83955297932631400, 68.54463644340600600, 15.37133780032230700 ) ) ;
#8515 = VECTOR ( 'NONE', #8018, 1000.000000000000000 ) ;
#8516 = DIRECTION ( 'NONE',  ( 1.000000000000000000, 0.0000000000000000000, -0.0000000000000000000 ) ) ;
#8517 = CARTESIAN_POINT ( 'NONE',  ( -8.852155949448718500, -30.65577268498696000, 45.75832789536877200 ) ) ;
#8518 = CARTESIAN_POINT ( 'NONE',  ( 25.88247239614251400, 37.09024010312946700, 9.263639781882645300 ) ) ;
#8519 = ORIENTED_EDGE ( 'NONE', *, *, #3866, .T. ) ;
#8520 = PLANE ( 'NONE',  #10201 ) ;
#8521 = CARTESIAN_POINT ( 'NONE',  ( -27.24112259762321000, -30.23109038332446000, 13.70986368167312400 ) ) ;
#8522 = AXIS2_PLACEMENT_3D ( 'NONE', #1576, #8093, #10541 ) ;
#8523 = VERTEX_POINT ( 'NONE', #3761 ) ;
#8524 = CARTESIAN_POINT ( 'NONE',  ( 33.85733760863023900, -30.49010516316782600, 46.37495291163284600 ) ) ;
#8525 = B_SPLINE_CURVE_WITH_KNOTS ( 'NONE', 3,
 ( #5022, #1639, #6610, #3452, #1670, #9909, #10024, #10063, #2478, #5920, #6754, #9116, #1787, #5847, #2621, #5130, #7430, #8248, #9079, #4986, #7, #7465, #7497, #2512, #8281, #4189, #5232, #7677, #6794, #10207, #10140, #248, #1967, #8496 ),
 .UNSPECIFIED., .F., .F.,
 ( 4, 2, 2, 2, 2, 2, 2, 2, 2, 2, 2, 2, 2, 2, 2, 2, 4 ),
 ( 0.0000000000000000000, 0.0004000698325101479700, 0.0008001396650202959400, 0.001200209497530444000, 0.001600279330040591900, 0.002000349162550740000, 0.002400418995060887900, 0.002800488827571035900, 0.003200558660081183800, 0.003600628492591331700, 0.004000698325101480000, 0.004400768157611628000, 0.004800837990121775900, 0.005200907822631923800, 0.005600977655142071700, 0.006001047487652219600, 0.006401117320162367500 ),
 .UNSPECIFIED. ) ;
#8526 = EDGE_CURVE ( 'NONE', #6893, #250, #9131, .T. ) ;
#8527 = CIRCLE ( 'NONE', #3283, 59.99999999999997200 ) ;
#8528 = DIRECTION ( 'NONE',  ( 0.0000000000000000000, 0.0000000000000000000, -1.000000000000000000 ) ) ;
#8529 = CARTESIAN_POINT ( 'NONE',  ( 53.10898890751107600, -30.58696193612725300, 14.98092632939600600 ) ) ;
#8530 = ORIENTED_EDGE ( 'NONE', *, *, #1276, .T. ) ;
#8531 = CARTESIAN_POINT ( 'NONE',  ( -33.48752760385749400, -14.90975989687055900, 7.000000000000000000 ) ) ;
#8532 = CARTESIAN_POINT ( 'NONE',  ( -59.32697628782420900, 71.23594082613279000, 45.75812014233032700 ) ) ;
#8533 = DIRECTION ( 'NONE',  ( 1.000000000000000000, 0.0000000000000000000, -0.0000000000000000000 ) ) ;
#8534 = ORIENTED_EDGE ( 'NONE', *, *, #975, .F. ) ;
#8535 = ORIENTED_EDGE ( 'NONE', *, *, #8449, .T. ) ;
#8536 = CARTESIAN_POINT ( 'NONE',  ( 51.93745922539495300, -23.88001347701712300, 47.72248775674346900 ) ) ;
#8537 = VERTEX_POINT ( 'NONE', #8048 ) ;
#8538 = AXIS2_PLACEMENT_3D ( 'NONE', #2778, #4459, #10534 ) ;
#8539 = VERTEX_POINT ( 'NONE', #4610 ) ;
#8540 = EDGE_CURVE ( 'NONE', #3164, #5043, #8107, .T. ) ;
#8541 = CARTESIAN_POINT ( 'NONE',  ( 48.11335434273402700, 69.45149084468393100, 41.57845123273153800 ) ) ;
#8542 = CARTESIAN_POINT ( 'NONE',  ( 50.46453763571491900, -27.99266704263940400, 50.98495673010026500 ) ) ;
#8543 = CARTESIAN_POINT ( 'NONE',  ( 50.71292373967434500, 64.71067445416358100, 50.15926016656459300 ) ) ;
#8544 = EDGE_LOOP ( 'NONE', ( #7679, #9310, #1620 ) ) ;
#8545 = CARTESIAN_POINT ( 'NONE',  ( 44.11247239614250800, 33.35024010312945800, 7.000000000000000000 ) ) ;
#8546 = CARTESIAN_POINT ( 'NONE',  ( 3.142317147150517400, 68.22422018751062500, 46.80868971097898200 ) ) ;
#8547 = CARTESIAN_POINT ( 'NONE',  ( 37.64784405055127800, -30.65577268498695000, 45.75832789536874400 ) ) ;
#8548 = EDGE_LOOP ( 'NONE', ( #9814, #7514 ) ) ;
#8549 = CARTESIAN_POINT ( 'NONE',  ( -18.15266989381628400, 68.53852431343797500, 40.26422156658774300 ) ) ;
#8550 = CARTESIAN_POINT ( 'NONE',  ( 24.88247239614251400, 36.56828578321381000, 10.26363978188264500 ) ) ;
#8551 = ORIENTED_EDGE ( 'NONE', *, *, #7557, .F. ) ;
#8552 = ORIENTED_EDGE ( 'NONE', *, *, #9392, .T. ) ;
#8553 = ORIENTED_EDGE ( 'NONE', *, *, #9309, .F. ) ;
#8554 = DIRECTION ( 'NONE',  ( -1.594400883811535600E-015, 1.000000000000000000, -1.047444401652940000E-014 ) ) ;
#8555 = PLANE ( 'NONE',  #1793 ) ;
#8556 = ORIENTED_EDGE ( 'NONE', *, *, #8708, .F. ) ;
#8557 = EDGE_CURVE ( 'NONE', #7634, #7641, #7338, .T. ) ;
#8558 = CARTESIAN_POINT ( 'NONE',  ( -55.40149204691819300, -30.58893274144031300, 46.01029410947543900 ) ) ;
#8559 = AXIS2_PLACEMENT_3D ( 'NONE', #6525, #2933, #1546 ) ;
#8560 = DIRECTION ( 'NONE',  ( 0.0000000000000000000, 0.0000000000000000000, -1.000000000000000000 ) ) ;
#8561 = ORIENTED_EDGE ( 'NONE', *, *, #5493, .T. ) ;
#8562 = ORIENTED_EDGE ( 'NONE', *, *, #3964, .T. ) ;
#8563 = ORIENTED_EDGE ( 'NONE', *, *, #2322, .T. ) ;
#8564 = CIRCLE ( 'NONE', #9424, 52.92058191901602300 ) ;
#8565 = CARTESIAN_POINT ( 'NONE',  ( -33.48752760385749400, -14.90975989687055900, 8.650000000000000400 ) ) ;
#8566 = DIRECTION ( 'NONE',  ( -1.619075244245019800E-015, 1.000000000000000000, -1.792547591842700500E-015 ) ) ;
#8567 = EDGE_LOOP ( 'NONE', ( #1944, #3066 ) ) ;
#8568 = CARTESIAN_POINT ( 'NONE',  ( -56.80599987748474400, 70.70122637005867700, 47.43220025939528700 ) ) ;
#8569 = ADVANCED_FACE ( 'NONE', ( #6702, #4120 ), #3976, .T. ) ;
#8570 = DIRECTION ( 'NONE',  ( 0.0000000000000000000, 1.000000000000000000, 0.0000000000000000000 ) ) ;
#8571 = EDGE_LOOP ( 'NONE', ( #8966, #7914, #8430, #7400 ) ) ;
#8572 = CARTESIAN_POINT ( 'NONE',  ( -55.33955297932614300, -30.72293962258784500, 45.50000000000000000 ) ) ;
#8573 = VERTEX_POINT ( 'NONE', #1603 ) ;
#8574 = ORIENTED_EDGE ( 'NONE', *, *, #2065, .T. ) ;
#8575 = DIRECTION ( 'NONE',  ( -0.0000000000000000000, 0.0000000000000000000, -1.000000000000000000 ) ) ;
#8576 = LINE ( 'NONE', #10452, #9874 ) ;
#8577 = EDGE_CURVE ( 'NONE', #6391, #9957, #9388, .T. ) ;
#8578 = CARTESIAN_POINT ( 'NONE',  ( -11.85642054050138900, -30.24940942227408100, 13.77274710912328700 ) ) ;
#8579 = DIRECTION ( 'NONE',  ( 0.0000000000000000000, 0.0000000000000000000, 1.000000000000000000 ) ) ;
#8580 = ORIENTED_EDGE ( 'NONE', *, *, #3196, .T. ) ;
#8581 = DIRECTION ( 'NONE',  ( 1.000000000000000000, 0.0000000000000000000, 0.0000000000000000000 ) ) ;
#8582 = CARTESIAN_POINT ( 'NONE',  ( 37.56129534526357400, -30.55532595375956000, 46.13529157058124500 ) ) ;
#8583 = CARTESIAN_POINT ( 'NONE',  ( -19.48955296829749200, 69.73790906673455900, 39.93082196596354500 ) ) ;
#8584 = FACE_BOUND ( 'NONE', #6267, .T. ) ;
#8585 = CARTESIAN_POINT ( 'NONE',  ( 25.70162444043530300, 35.74913373892482600, 9.837216218233701100 ) ) ;
#8586 = CARTESIAN_POINT ( 'NONE',  ( -14.11752760385748400, -17.52275989687055700, 4.000000000000001800 ) ) ;
#8587 = VECTOR ( 'NONE', #8144, 1000.000000000000100 ) ;
#8588 = CARTESIAN_POINT ( 'NONE',  ( 50.16044702067368600, 64.23011617120123200, 53.90000000000002000 ) ) ;
#8589 = ORIENTED_EDGE ( 'NONE', *, *, #3674, .F. ) ;
#8590 = CARTESIAN_POINT ( 'NONE',  ( -71.04602967032580800, -26.37519891327379200, 52.00000000000002100 ) ) ;
#8591 = EDGE_CURVE ( 'NONE', #2229, #4443, #5154, .T. ) ;
#8592 = DIRECTION ( 'NONE',  ( 1.000000000000000000, 0.0000000000000000000, -0.0000000000000000000 ) ) ;
#8593 = CARTESIAN_POINT ( 'NONE',  ( 53.16044702067370800, 68.57785688051524200, 15.50000000000000000 ) ) ;
#8594 = CARTESIAN_POINT ( 'NONE',  ( 4.389490689795682200, 70.68300600963895900, 13.51394238300087900 ) ) ;
#8595 = CARTESIAN_POINT ( 'NONE',  ( 18.55807395722951700, 70.94147370372377300, 46.70377594517700000 ) ) ;
#8596 = CYLINDRICAL_SURFACE ( 'NONE', #4794, 1.899999999999999000 ) ;
#8597 = ORIENTED_EDGE ( 'NONE', *, *, #10074, .T. ) ;
#8598 = CARTESIAN_POINT ( 'NONE',  ( 49.61590245664606900, -30.37587388611430200, 46.78600863767041300 ) ) ;
#8599 = AXIS2_PLACEMENT_3D ( 'NONE', #6946, #4498, #6230 ) ;
#8600 = DIRECTION ( 'NONE',  ( -1.000000000000000000, 0.0000000000000000000, 0.0000000000000000000 ) ) ;
#8601 = VECTOR ( 'NONE', #7786, 1000.000000000000000 ) ;
#8602 = AXIS2_PLACEMENT_3D ( 'NONE', #3958, #5516, #1403 ) ;
#8603 = ORIENTED_EDGE ( 'NONE', *, *, #8970, .T. ) ;
#8604 = CARTESIAN_POINT ( 'NONE',  ( 52.39950957254699700, -32.96543143332153400, 47.07544141014531600 ) ) ;
#8605 = CARTESIAN_POINT ( 'NONE',  ( 4.389490689795852800, -32.82808875171159000, 13.51394238300087600 ) ) ;
#8606 = CIRCLE ( 'NONE', #100, 59.99999999999997200 ) ;
#8607 = CARTESIAN_POINT ( 'NONE',  ( 33.66044702067370800, 70.48310668740398900, 30.50000000000000000 ) ) ;
#8608 = DIRECTION ( 'NONE',  ( -1.619075244245020200E-015, 1.000000000000000000, -2.486436982233423900E-014 ) ) ;
#8609 = CIRCLE ( 'NONE', #2520, 59.99999999999997200 ) ;
#8610 = DIRECTION ( 'NONE',  ( 1.609823385706476600E-015, -1.000000000000000000, -4.165779463821302700E-032 ) ) ;
#8611 = CIRCLE ( 'NONE', #1195, 60.00000000000001400 ) ;
#8612 = DIRECTION ( 'NONE',  ( 0.0000000000000000000, 0.0000000000000000000, -1.000000000000000000 ) ) ;
#8613 = ORIENTED_EDGE ( 'NONE', *, *, #4095, .F. ) ;
#8614 = CARTESIAN_POINT ( 'NONE',  ( -18.81578680896347300, 69.52251444239647100, 41.19380525572957200 ) ) ;
#8615 = DIRECTION ( 'NONE',  ( 1.000000000000000000, 1.609823385706476600E-015, -1.156482317317871500E-016 ) ) ;
#8616 = EDGE_CURVE ( 'NONE', #7518, #2882, #8606, .T. ) ;
#8617 = EDGE_CURVE ( 'NONE', #6440, #634, #6322, .T. ) ;
#8618 = CARTESIAN_POINT ( 'NONE',  ( 6.660447020673696100, 73.48310668740413100, 15.50000000000000000 ) ) ;
#8619 = AXIS2_PLACEMENT_3D ( 'NONE', #3895, #8037, #6351 ) ;
#8620 = AXIS2_PLACEMENT_3D ( 'NONE', #651, #5608, #621 ) ;
#8621 = CYLINDRICAL_SURFACE ( 'NONE', #8417, 2.000000000000001800 ) ;
#8622 = CARTESIAN_POINT ( 'NONE',  ( 45.16044702067369300, -23.83029685460728300, 3.104097538031596000 ) ) ;
#8623 = CARTESIAN_POINT ( 'NONE',  ( -8.839552979326132500, -33.45785864922130800, 45.50000000000000000 ) ) ;
#8624 = CIRCLE ( 'NONE', #6338, 1.999999999999998200 ) ;
#8625 =( BOUNDED_CURVE ( )  B_SPLINE_CURVE ( 3, ( #2437, #3350, #4224, #868 ),
 .UNSPECIFIED., .F., .F. ) 
 B_SPLINE_CURVE_WITH_KNOTS ( ( 4, 4 ),
 ( 1.570796326794897400, 3.141592653589794900 ),
 .UNSPECIFIED. ) 
 CURVE ( )  GEOMETRIC_REPRESENTATION_ITEM ( )  RATIONAL_B_SPLINE_CURVE ( ( 1.000000000000000000, 0.8047378541243648300, 0.8047378541243648300, 1.000000000000000000 ) ) 
 REPRESENTATION_ITEM ( '' )  );
#8626 = ORIENTED_EDGE ( 'NONE', *, *, #8509, .F. ) ;
#8627 = CARTESIAN_POINT ( 'NONE',  ( -71.04602967032580800, 0.0000000000000000000, 3.000000000000000000 ) ) ;
#8628 = CARTESIAN_POINT ( 'NONE',  ( -15.44240340035067200, 64.86865804514967200, 28.86805244637865500 ) ) ;
#8629 = DIRECTION ( 'NONE',  ( 1.609823385706476600E-015, -1.000000000000000000, -4.165779463821302700E-032 ) ) ;
#8630 = CARTESIAN_POINT ( 'NONE',  ( -26.33955297932631700, 73.48310668740407400, 15.50000000000000000 ) ) ;
#8631 = CARTESIAN_POINT ( 'NONE',  ( 18.92407939908343600, 70.81965261166011800, 47.07755070606840100 ) ) ;
#8632 = CIRCLE ( 'NONE', #4422, 60.00000000000000700 ) ;
#8633 = CARTESIAN_POINT ( 'NONE',  ( -12.83955297932632600, 73.48310668740408900, 15.50000000000000000 ) ) ;
#8634 = CARTESIAN_POINT ( 'NONE',  ( 51.69020532434752400, -30.18525937876997400, 13.55316419702328200 ) ) ;
#8635 = ORIENTED_EDGE ( 'NONE', *, *, #3137, .T. ) ;
#8636 = CARTESIAN_POINT ( 'NONE',  ( 50.58541918356652200, -25.13188025352593500, 50.55076022284780600 ) ) ;
#8637 =( NAMED_UNIT ( * ) PLANE_ANGLE_UNIT ( ) SI_UNIT ( $, .RADIAN. ) );
#8638 = EDGE_CURVE ( 'NONE', #1562, #10417, #7091, .T. ) ;
#8639 = CARTESIAN_POINT ( 'NONE',  ( 25.88060874372187600, -16.82275989687055400, 9.324662987640136800 ) ) ;
#8640 = LINE ( 'NONE', #1123, #9547 ) ;
#8641 = DIRECTION ( 'NONE',  ( 3.469446951953614200E-016, -1.000000000000000000, 0.0000000000000000000 ) ) ;
#8642 = CARTESIAN_POINT ( 'NONE',  ( 50.50420329187276300, -32.85923333622145700, 47.39394569755319300 ) ) ;
#8643 = CARTESIAN_POINT ( 'NONE',  ( 34.32350095074120600, -32.99248640920364300, 46.99329394968419400 ) ) ;
#8644 = ORIENTED_EDGE ( 'NONE', *, *, #8893, .T. ) ;
#8645 = CARTESIAN_POINT ( 'NONE',  ( 48.28544702067369300, 68.63271861446362700, 39.99699088391884100 ) ) ;
#8646 = CARTESIAN_POINT ( 'NONE',  ( 50.73374366343461600, 64.32721090495495300, 50.10000000000003000 ) ) ;
#8647 = CARTESIAN_POINT ( 'NONE',  ( 45.26044702067368100, 70.44460891519811700, 28.35098846298115300 ) ) ;
#8648 = ADVANCED_FACE ( 'NONE', ( #3071 ), #4853, .T. ) ;
#8649 = ORIENTED_EDGE ( 'NONE', *, *, #2940, .T. ) ;
#8650 = DIRECTION ( 'NONE',  ( 1.573428027951567400E-015, -1.000000000000000000, 5.310319594336539500E-015 ) ) ;
#8651 = DIRECTION ( 'NONE',  ( 1.000000000000000000, 1.609823385706476600E-015, -0.0000000000000000000 ) ) ;
#8652 = CARTESIAN_POINT ( 'NONE',  ( 35.52958664648134900, -30.16944285250751900, 47.50012219141358800 ) ) ;
#8653 = CYLINDRICAL_SURFACE ( 'NONE', #2516, 1.000000000000000900 ) ;
#8654 = CARTESIAN_POINT ( 'NONE',  ( -19.28879098712394900, 69.63324013196343300, 40.56365819669854700 ) ) ;
#8655 = CARTESIAN_POINT ( 'NONE',  ( 48.41044702067365100, 68.82276910198830000, 39.51286796564298200 ) ) ;
#8656 = EDGE_CURVE ( 'NONE', #7420, #1720, #2177, .T. ) ;
#8657 = ORIENTED_EDGE ( 'NONE', *, *, #1579, .T. ) ;
#8658 = CARTESIAN_POINT ( 'NONE',  ( -6.749214519700661800E-015, 63.80992920665787000, 0.0000000000000000000 ) ) ;
#8659 = CARTESIAN_POINT ( 'NONE',  ( -56.04602967032580800, -23.95501194873044100, 5.000000000000000000 ) ) ;
#8660 = ORIENTED_EDGE ( 'NONE', *, *, #2489, .T. ) ;
#8661 = CARTESIAN_POINT ( 'NONE',  ( -13.45043676519225400, -17.66789641562013100, 10.26363978188264500 ) ) ;
#8662 = DIRECTION ( 'NONE',  ( -1.000000000000000000, 0.0000000000000000000, 0.0000000000000000000 ) ) ;
#8663 = FACE_OUTER_BOUND ( 'NONE', #1133, .T. ) ;
#8664 = CARTESIAN_POINT ( 'NONE',  ( 49.92540225531073600, 68.14726248366470400, 13.92136558584264900 ) ) ;
#8665 = VERTEX_POINT ( 'NONE', #2623 ) ;
#8666 = DIRECTION ( 'NONE',  ( 1.000000000000000000, 0.0000000000000000000, 0.0000000000000000000 ) ) ;
#8667 = CARTESIAN_POINT ( 'NONE',  ( -24.33955297932615400, -30.72293962258784100, 15.50000000000000000 ) ) ;
#8668 = AXIS2_PLACEMENT_3D ( 'NONE', #1535, #658, #9739 ) ;
#8669 = ORIENTED_EDGE ( 'NONE', *, *, #7588, .F. ) ;
#8670 = CARTESIAN_POINT ( 'NONE',  ( 25.70162444043530300, 35.74913373892482600, 9.837216218233701100 ) ) ;
#8671 = EDGE_CURVE ( 'NONE', #1732, #5066, #1903, .T. ) ;
#8672 = ORIENTED_EDGE ( 'NONE', *, *, #191, .T. ) ;
#8673 = EDGE_LOOP ( 'NONE', ( #4491, #7391, #1798, #5878 ) ) ;
#8674 = DIRECTION ( 'NONE',  ( 0.0000000000000000000, 0.0000000000000000000, 1.000000000000000000 ) ) ;
#8675 = PLANE ( 'NONE',  #1645 ) ;
#8676 = ORIENTED_EDGE ( 'NONE', *, *, #8307, .F. ) ;
#8677 = CARTESIAN_POINT ( 'NONE',  ( 45.45998192565210900, 70.46353422937939100, 28.96473693033270200 ) ) ;
#8678 = CARTESIAN_POINT ( 'NONE',  ( -71.04602967032580800, -80.62220839707113400, 30.50000000000002100 ) ) ;
#8679 = ORIENTED_EDGE ( 'NONE', *, *, #3015, .T. ) ;
#8680 = CARTESIAN_POINT ( 'NONE',  ( 52.90531829286636900, -33.15610591502699100, 46.48592630112439400 ) ) ;
#8681 = CARTESIAN_POINT ( 'NONE',  ( 4.925168953285835400, -32.82317235047381100, 13.49946613378535800 ) ) ;
#8682 = EDGE_CURVE ( 'NONE', #8081, #2223, #847, .T. ) ;
#8683 = VERTEX_POINT ( 'NONE', #79 ) ;
#8684 = VERTEX_POINT ( 'NONE', #7538 ) ;
#8685 = DIRECTION ( 'NONE',  ( 1.609823385706476600E-015, -1.000000000000000000, -4.165779463821302700E-032 ) ) ;
#8686 = ORIENTED_EDGE ( 'NONE', *, *, #7230, .F. ) ;
#8687 = DIRECTION ( 'NONE',  ( -1.000000000000000000, -1.609823385706476600E-015, 0.0000000000000000000 ) ) ;
#8688 = AXIS2_PLACEMENT_3D ( 'NONE', #2796, #2008, #8570 ) ;
#8689 = FACE_BOUND ( 'NONE', #4793, .T. ) ;
#8690 = CARTESIAN_POINT ( 'NONE',  ( -24.33955297932621800, 10.48310668740398000, 30.50000000000000000 ) ) ;
#8691 = ORIENTED_EDGE ( 'NONE', *, *, #7315, .T. ) ;
#8692 = DIRECTION ( 'NONE',  ( 1.573428027951569800E-015, -1.000000000000000000, 0.0000000000000000000 ) ) ;
#8693 = ORIENTED_EDGE ( 'NONE', *, *, #1458, .T. ) ;
#8694 = ORIENTED_EDGE ( 'NONE', *, *, #8292, .T. ) ;
#8695 = ORIENTED_EDGE ( 'NONE', *, *, #3291, .T. ) ;
#8696 = ORIENTED_EDGE ( 'NONE', *, *, #4282, .T. ) ;
#8697 = LINE ( 'NONE', #1846, #9736 ) ;
#8698 = EDGE_CURVE ( 'NONE', #6583, #3128, #988, .T. ) ;
#8699 = DIRECTION ( 'NONE',  ( -1.000000000000000000, 0.0000000000000000000, -0.0000000000000000000 ) ) ;
#8700 = CARTESIAN_POINT ( 'NONE',  ( 50.14357945949846100, 68.10432668020146700, 13.77274710912329600 ) ) ;
#8701 = CARTESIAN_POINT ( 'NONE',  ( 33.66044702067386400, -33.45785864922132900, 45.50000000000000000 ) ) ;
#8702 = AXIS2_PLACEMENT_3D ( 'NONE', #3681, #2699, #324 ) ;
#8703 = DIRECTION ( 'NONE',  ( 1.609823385706476600E-015, -1.000000000000000000, -4.165779463821302700E-032 ) ) ;
#8704 = CARTESIAN_POINT ( 'NONE',  ( -71.04602967032580800, -25.72039438186902100, 57.36015214575595400 ) ) ;
#8705 = CARTESIAN_POINT ( 'NONE',  ( -11.49579670812726200, -32.85923333622147200, 47.39394569755320700 ) ) ;
#8706 = EDGE_LOOP ( 'NONE', ( #1343, #2150, #10517, #2857, #3493, #791, #7294, #520 ) ) ;
#8707 = ADVANCED_FACE ( 'NONE', ( #7209, #6443, #1110, #5019, #4652 ), #1789, .F. ) ;
#8708 = EDGE_CURVE ( 'NONE', #5952, #2906, #2290, .T. ) ;
#8709 = VERTEX_POINT ( 'NONE', #9181 ) ;
#8710 = ORIENTED_EDGE ( 'NONE', *, *, #10460, .F. ) ;
#8711 = DIRECTION ( 'NONE',  ( -1.311190023292972900E-016, 1.000000000000000000, 0.0000000000000000000 ) ) ;
#8712 = CYLINDRICAL_SURFACE ( 'NONE', #10567, 4.900000000000000400 ) ;
#8713 = CARTESIAN_POINT ( 'NONE',  ( 2.660447020673693400, 73.48310668740397500, 30.50000000000000400 ) ) ;
#8714 = DIRECTION ( 'NONE',  ( 1.000000000000000000, -0.0000000000000000000, 0.0000000000000000000 ) ) ;
#8715 = LINE ( 'NONE', #3244, #4088 ) ;
#8716 = ORIENTED_EDGE ( 'NONE', *, *, #4836, .T. ) ;
#8717 = DIRECTION ( 'NONE',  ( 1.609823385706476600E-015, -1.000000000000000000, -4.165779463821302700E-032 ) ) ;
#8718 = ORIENTED_EDGE ( 'NONE', *, *, #5723, .F. ) ;
#8719 = EDGE_CURVE ( 'NONE', #5043, #5335, #10439, .T. ) ;
#8720 = VECTOR ( 'NONE', #4517, 1000.000000000000000 ) ;
#8721 = CARTESIAN_POINT ( 'NONE',  ( 48.29496857805448000, 69.59468864629658900, 40.02621829194887900 ) ) ;
#8722 = CARTESIAN_POINT ( 'NONE',  ( -24.73179364432299500, 68.25005060174736100, 14.28218670468146800 ) ) ;
#8723 = DIRECTION ( 'NONE',  ( -0.0000000000000000000, -0.0000000000000000000, -1.000000000000000000 ) ) ;
#8724 = LINE ( 'NONE', #7436, #5395 ) ;
#8725 = VERTEX_POINT ( 'NONE', #5057 ) ;
#8726 = CARTESIAN_POINT ( 'NONE',  ( -17.93475359884655200, 68.48464813018513600, 40.41068730661608300 ) ) ;
#8727 = DIRECTION ( 'NONE',  ( -1.000000000000000000, -1.609823385706476600E-015, 0.0000000000000000000 ) ) ;
#8728 = ADVANCED_FACE ( 'NONE', ( #3207 ), #4767, .F. ) ;
#8729 = VECTOR ( 'NONE', #4107, 1000.000000000000000 ) ;
#8730 = CARTESIAN_POINT ( 'NONE',  ( -61.04602967032580100, 64.23011617120123200, 52.00000000000002100 ) ) ;
#8731 = CARTESIAN_POINT ( 'NONE',  ( 50.42388379002120000, 62.52025483980934700, 51.14970382557324100 ) ) ;
#8732 = AXIS2_PLACEMENT_3D ( 'NONE', #3923, #2970, #4662 ) ;
#8733 = CARTESIAN_POINT ( 'NONE',  ( -13.93667964815027300, -17.18165353266591200, 9.837216218233695700 ) ) ;
#8734 = ORIENTED_EDGE ( 'NONE', *, *, #6051, .F. ) ;
#8735 = VECTOR ( 'NONE', #5032, 1000.000000000000000 ) ;
#8736 = VERTEX_POINT ( 'NONE', #1673 ) ;
#8737 = EDGE_CURVE ( 'NONE', #2491, #2885, #1382, .T. ) ;
#8738 = DIRECTION ( 'NONE',  ( 1.000000000000000000, -0.0000000000000000000, 0.0000000000000000000 ) ) ;
#8739 = CARTESIAN_POINT ( 'NONE',  ( -57.87221172870930300, -32.84624617465428300, 13.56761369079867100 ) ) ;
#8740 = COLOUR_RGB ( '',0.7921568627450980000, 0.8196078431372548800, 0.9333333333333333500 ) ;
#8741 = CARTESIAN_POINT ( 'NONE',  ( -12.82697628782404400, -33.38102356820541400, 45.75812014233033400 ) ) ;
#8742 = FACE_OUTER_BOUND ( 'NONE', #4320, .T. ) ;
#8743 = DIRECTION ( 'NONE',  ( -0.0000000000000000000, 0.0000000000000000000, 1.000000000000000000 ) ) ;
#8744 = FACE_OUTER_BOUND ( 'NONE', #1332, .T. ) ;
#8745 = VERTEX_POINT ( 'NONE', #5025 ) ;
#8746 = CARTESIAN_POINT ( 'NONE',  ( 50.54548562308291800, -24.99107414454256900, 50.68472273536724500 ) ) ;
#8747 = AXIS2_PLACEMENT_3D ( 'NONE', #680, #1664, #4936 ) ;
#8748 = ORIENTED_EDGE ( 'NONE', *, *, #6112, .F. ) ;
#8749 = AXIS2_PLACEMENT_3D ( 'NONE', #1964, #1119, #6093 ) ;
#8750 = DIRECTION ( 'NONE',  ( 0.0000000000000000000, 0.0000000000000000000, -1.000000000000000000 ) ) ;
#8751 = FACE_OUTER_BOUND ( 'NONE', #7797, .T. ) ;
#8752 = AXIS2_PLACEMENT_3D ( 'NONE', #4417, #300, #7768 ) ;
#8753 = VECTOR ( 'NONE', #10570, 1000.000000000000000 ) ;
#8754 = DIRECTION ( 'NONE',  ( -1.000000000000000000, -4.857238570644847900E-017, 4.570284219494838400E-033 ) ) ;
#8755 = CYLINDRICAL_SURFACE ( 'NONE', #438, 60.00000000000000000 ) ;
#8756 = LINE ( 'NONE', #7394, #4772 ) ;
#8757 = DIRECTION ( 'NONE',  ( -1.000000000000000000, -1.609823385706476600E-015, 0.0000000000000000000 ) ) ;
#8758 = DIRECTION ( 'NONE',  ( 0.0000000000000000000, -1.000000000000000000, 0.0000000000000000000 ) ) ;
#8759 = DIRECTION ( 'NONE',  ( 1.609823385706476600E-015, -1.000000000000000000, -4.165779463821302700E-032 ) ) ;
#8760 = ADVANCED_FACE ( 'NONE', ( #6952 ), #7499, .T. ) ;
#8761 = LINE ( 'NONE', #3124, #10064 ) ;
#8762 = CARTESIAN_POINT ( 'NONE',  ( 19.50717560237599800, -30.20043820803001500, 47.39494116741396800 ) ) ;
#8763 = CARTESIAN_POINT ( 'NONE',  ( 45.16044702067369300, -17.05501194873043900, 5.000000000000000000 ) ) ;
#8764 = CARTESIAN_POINT ( 'NONE',  ( -14.52975500468218200, 64.69007228669742900, 31.91520202535380000 ) ) ;
#8765 = CARTESIAN_POINT ( 'NONE',  ( -25.00075197883594300, 70.84798285723592000, 46.99152284956495200 ) ) ;
#8766 = CARTESIAN_POINT ( 'NONE',  ( -59.33955297932634200, 73.48310668740401800, 15.50000000000000000 ) ) ;
#8767 = CARTESIAN_POINT ( 'NONE',  ( -17.59028536657183000, 69.65405790215581300, 40.51286796493357700 ) ) ;
#8768 = ORIENTED_EDGE ( 'NONE', *, *, #4736, .T. ) ;
#8769 = EDGE_CURVE ( 'NONE', #4846, #6866, #2543, .T. ) ;
#8770 = CARTESIAN_POINT ( 'NONE',  ( 42.71247239614250900, 33.35024010312945800, 4.000000000000000000 ) ) ;
#8771 = AXIS2_PLACEMENT_3D ( 'NONE', #9030, #7311, #4110 ) ;
#8772 = AXIS2_PLACEMENT_3D ( 'NONE', #1641, #870, #10 ) ;
#8773 = CARTESIAN_POINT ( 'NONE',  ( 53.16044702067382100, -5.782694442137692900, 26.17902992074464700 ) ) ;
#8774 = FACE_OUTER_BOUND ( 'NONE', #4720, .T. ) ;
#8775 = CARTESIAN_POINT ( 'NONE',  ( 50.16044702067368600, -26.37519891327379200, 52.00000000000002100 ) ) ;
#8776 = CARTESIAN_POINT ( 'NONE',  ( 49.16044702067388500, -30.72293962258783000, 15.50000000000000000 ) ) ;
#8777 = DIRECTION ( 'NONE',  ( 1.224646799147353200E-016, 1.000000000000000000, 0.0000000000000000000 ) ) ;
#8778 = ORIENTED_EDGE ( 'NONE', *, *, #1229, .F. ) ;
#8779 = CARTESIAN_POINT ( 'NONE',  ( 53.16044702067371500, 63.96536702149425900, 45.61944785094988200 ) ) ;
#8780 = DIRECTION ( 'NONE',  ( 1.000000000000000000, 0.0000000000000000000, 0.0000000000000000000 ) ) ;
#8781 = LINE ( 'NONE', #5250, #2203 ) ;
#8782 = CARTESIAN_POINT ( 'NONE',  ( 4.927730875116602700, -30.16955191514793800, 47.49975303815987400 ) ) ;
#8783 = EDGE_LOOP ( 'NONE', ( #4731, #8053, #1782, #7050, #5133 ) ) ;
#8784 = CARTESIAN_POINT ( 'NONE',  ( 50.73374366343475100, -26.27810417952007100, 50.10000000000000900 ) ) ;
#8785 = EDGE_LOOP ( 'NONE', ( #1473, #2076, #7384, #5981 ) ) ;
#8786 = EDGE_CURVE ( 'NONE', #3789, #1593, #5794, .T. ) ;
#8787 = ADVANCED_FACE ( 'NONE', ( #725 ), #3591, .F. ) ;
#8788 = CARTESIAN_POINT ( 'NONE',  ( -71.04602967032580800, -23.95501194873044100, 5.000000000000000000 ) ) ;
#8789 = ORIENTED_EDGE ( 'NONE', *, *, #4212, .T. ) ;
#8790 = CARTESIAN_POINT ( 'NONE',  ( 20.02208135128827100, 70.67836328974989600, 13.50027294252318000 ) ) ;
#8791 = CIRCLE ( 'NONE', #10608, 59.99999999999997200 ) ;
#8792 = VERTEX_POINT ( 'NONE', #6180 ) ;
#8793 = CARTESIAN_POINT ( 'NONE',  ( 18.16044702067386000, -30.72293962258785500, 45.50000000000000000 ) ) ;
#8794 = CARTESIAN_POINT ( 'NONE',  ( 47.41044702067365800, 68.44617026388614500, 40.51286796564298200 ) ) ;
#8795 = ORIENTED_EDGE ( 'NONE', *, *, #2256, .F. ) ;
#8796 = DIRECTION ( 'NONE',  ( -0.6243862104790658400, -0.0000000000000000000, 0.7811157789749171300 ) ) ;
#8797 = DIRECTION ( 'NONE',  ( 1.000000000000000000, 0.0000000000000000000, 0.0000000000000000000 ) ) ;
#8798 = CARTESIAN_POINT ( 'NONE',  ( 60.16044702067370100, -24.87519891327383400, 60.00000000000000700 ) ) ;
#8799 = ORIENTED_EDGE ( 'NONE', *, *, #7214, .T. ) ;
#8800 = CARTESIAN_POINT ( 'NONE',  ( 6.405318292866198200, 71.01102317295438100, 46.48592630112440100 ) ) ;
#8801 = CARTESIAN_POINT ( 'NONE',  ( 6.660447020673696100, 73.48310668740413100, 15.50000000000000000 ) ) ;
#8802 = EDGE_CURVE ( 'NONE', #150, #6998, #6460, .T. ) ;
#8803 = VERTEX_POINT ( 'NONE', #2083 ) ;
#8804 = CARTESIAN_POINT ( 'NONE',  ( 50.49817350991820300, -32.85995717106046500, 13.60820298217128900 ) ) ;
#8805 = EDGE_LOOP ( 'NONE', ( #2452, #8691, #5290, #9344, #4301, #10358, #4964, #6402, #6887 ) ) ;
#8806 = CARTESIAN_POINT ( 'NONE',  ( 6.660447020673692500, 73.48310668740413100, 45.50000000000000000 ) ) ;
#8807 = CARTESIAN_POINT ( 'NONE',  ( -24.82174440694551600, 68.22415226669726000, 46.80892437815207100 ) ) ;
#8808 = CARTESIAN_POINT ( 'NONE',  ( -41.70386481251842500, -32.82340458049193200, 47.49984925543876800 ) ) ;
#8809 = VERTEX_POINT ( 'NONE', #142 ) ;
#8810 = CARTESIAN_POINT ( 'NONE',  ( -61.04602967032580100, 64.23011617120123200, 52.00000000000002100 ) ) ;
#8811 = VERTEX_POINT ( 'NONE', #2873 ) ;
#8812 = CARTESIAN_POINT ( 'NONE',  ( -55.39054736697567400, -33.30282785278760100, 14.98311939265720700 ) ) ;
#8813 = VERTEX_POINT ( 'NONE', #5344 ) ;
#8814 = AXIS2_PLACEMENT_3D ( 'NONE', #8351, #6923, #2038 ) ;
#8815 = EDGE_LOOP ( 'NONE', ( #2640, #17, #10130, #10304 ) ) ;
#8816 = CARTESIAN_POINT ( 'NONE',  ( -10.30599987748458400, -32.84630911213133000, 47.43220025939530200 ) ) ;
#8817 = ORIENTED_EDGE ( 'NONE', *, *, #3691, .T. ) ;
#8818 = AXIS2_PLACEMENT_3D ( 'NONE', #8253, #2626, #6727 ) ;
#8819 = EDGE_CURVE ( 'NONE', #7388, #7160, #7279, .T. ) ;
#8820 = EDGE_LOOP ( 'NONE', ( #7267, #2592, #2859, #6132 ) ) ;
#8821 = CARTESIAN_POINT ( 'NONE',  ( 5.895361378348605200, -30.29232730748912800, 47.07869549017868800 ) ) ;
#8822 = ORIENTED_EDGE ( 'NONE', *, *, #8411, .T. ) ;
#8823 = CARTESIAN_POINT ( 'NONE',  ( 45.16044702067369300, -25.30707496214667500, 3.665112136637757300 ) ) ;
#8824 = VERTEX_POINT ( 'NONE', #5387 ) ;
#8825 = VERTEX_POINT ( 'NONE', #9786 ) ;
#8826 = CARTESIAN_POINT ( 'NONE',  ( 50.25921533153204000, 70.74891782148580400, 47.29038196465388200 ) ) ;
#8827 =( BOUNDED_CURVE ( )  B_SPLINE_CURVE ( 3, ( #2715, #8495, #6990, #1079 ),
 .UNSPECIFIED., .F., .F. ) 
 B_SPLINE_CURVE_WITH_KNOTS ( ( 4, 4 ),
 ( 4.651327837663456100, 4.712388980384689700 ),
 .UNSPECIFIED. ) 
 CURVE ( )  GEOMETRIC_REPRESENTATION_ITEM ( )  RATIONAL_B_SPLINE_CURVE ( ( 1.000000000000000000, 0.9996893188711549700, 0.9996893188711549700, 1.000000000000000000 ) ) 
 REPRESENTATION_ITEM ( '' )  );
#8828 = DIRECTION ( 'NONE',  ( 1.000000000000000000, 0.0000000000000000000, 0.0000000000000000000 ) ) ;
#8829 = LINE ( 'NONE', #9430, #6905 ) ;
#8830 = EDGE_CURVE ( 'NONE', #3111, #9771, #2801, .T. ) ;
#8831 = DIRECTION ( 'NONE',  ( -1.000000000000000000, 0.0000000000000000000, 0.0000000000000000000 ) ) ;
#8832 = CARTESIAN_POINT ( 'NONE',  ( -40.60049042745319500, 70.82034869124891000, 47.07544141014530900 ) ) ;
#8833 = EDGE_LOOP ( 'NONE', ( #10205, #2030, #3696, #3519 ) ) ;
#8834 = AXIS2_PLACEMENT_3D ( 'NONE', #10239, #8743, #3778 ) ;
#8835 = AXIS2_PLACEMENT_3D ( 'NONE', #90, #7654, #5899 ) ;
#8836 = ORIENTED_EDGE ( 'NONE', *, *, #4442, .T. ) ;
#8837 = EDGE_LOOP ( 'NONE', ( #9576, #9711 ) ) ;
#8838 = ORIENTED_EDGE ( 'NONE', *, *, #8384, .T. ) ;
#8839 = CARTESIAN_POINT ( 'NONE',  ( 60.16044702067369300, -26.30929178370303100, 9.297367386975594200 ) ) ;
#8840 = DIRECTION ( 'NONE',  ( 1.609823385706476600E-015, -1.000000000000000000, -4.165779463821302700E-032 ) ) ;
#8841 = CARTESIAN_POINT ( 'NONE',  ( 50.16044702067380700, -21.61543908489376900, 53.19187467486911200 ) ) ;
#8842 = CIRCLE ( 'NONE', #8619, 2.000000000000000000 ) ;
#8843 = DIRECTION ( 'NONE',  ( 1.000000000000000000, 1.594400883811535800E-015, -1.755596732159896400E-029 ) ) ;
#8844 = CARTESIAN_POINT ( 'NONE',  ( -132.8082378770764600, 73.48310668740396100, 30.50000000000000400 ) ) ;
#8845 = ADVANCED_FACE ( 'NONE', ( #6835 ), #9263, .F. ) ;
#8846 = ORIENTED_EDGE ( 'NONE', *, *, #8905, .F. ) ;
#8847 = CARTESIAN_POINT ( 'NONE',  ( 24.88247239614251400, 38.09024010312946700, 3.000000000000000000 ) ) ;
#8848 = CARTESIAN_POINT ( 'NONE',  ( -43.83955297932615000, -33.45785864922134300, 45.50000000000000000 ) ) ;
#8849 = CARTESIAN_POINT ( 'NONE',  ( 52.66044702067370800, 68.22012886844507300, 46.82287565553230000 ) ) ;
#8850 = EDGE_CURVE ( 'NONE', #9335, #6249, #2946, .T. ) ;
#8851 = CARTESIAN_POINT ( 'NONE',  ( -33.48752760385749400, -14.90975989687055900, -1.040834085586084300E-014 ) ) ;
#8852 = FACE_BOUND ( 'NONE', #6771, .T. ) ;
#8853 = AXIS2_PLACEMENT_3D ( 'NONE', #2519, #4993, #6551 ) ;
#8854 = CARTESIAN_POINT ( 'NONE',  ( -28.33955297932633100, 70.48310668740398900, 30.50000000000000000 ) ) ;
#8855 = CARTESIAN_POINT ( 'NONE',  ( 32.63713292319751200, -20.38517556395939700, -1.040834085586084300E-014 ) ) ;
#8856 = EDGE_CURVE ( 'NONE', #7147, #4709, #3481, .T. ) ;
#8857 = CIRCLE ( 'NONE', #7746, 60.00000000000000000 ) ;
#8858 = ORIENTED_EDGE ( 'NONE', *, *, #374, .F. ) ;
#8859 = CARTESIAN_POINT ( 'NONE',  ( 4.523219599313069500, 68.02446546358442000, 13.50023440605407300 ) ) ;
#8860 = CYLINDRICAL_SURFACE ( 'NONE', #6783, 1.399999999999998600 ) ;
#8861 = DIRECTION ( 'NONE',  ( -0.0000000000000000000, -0.0000000000000000000, -1.000000000000000000 ) ) ;
#8862 = DIRECTION ( 'NONE',  ( 1.000000000000000000, 0.0000000000000000000, -0.0000000000000000000 ) ) ;
#8863 = CARTESIAN_POINT ( 'NONE',  ( -132.8082378770764600, 69.42859507026719300, 41.69952674472168800 ) ) ;
#8864 = CIRCLE ( 'NONE', #8853, 59.00000000000000700 ) ;
#8865 = ORIENTED_EDGE ( 'NONE', *, *, #8786, .F. ) ;
#8866 = EDGE_CURVE ( 'NONE', #3894, #1534, #8489, .T. ) ;
#8867 = CARTESIAN_POINT ( 'NONE',  ( -26.47041335351866600, -30.16944285250753700, 47.50012219141359500 ) ) ;
#8868 = ADVANCED_FACE ( 'NONE', ( #4900 ), #323, .T. ) ;
#8869 = FACE_OUTER_BOUND ( 'NONE', #676, .T. ) ;
#8870 = CARTESIAN_POINT ( 'NONE',  ( 20.02958664648134900, -30.16944285250752200, 47.50012219141358100 ) ) ;
#8871 = CARTESIAN_POINT ( 'NONE',  ( 24.88247239614251800, -18.52275989687055400, 9.263639781882645300 ) ) ;
#8872 = ORIENTED_EDGE ( 'NONE', *, *, #10041, .F. ) ;
#8873 = CARTESIAN_POINT ( 'NONE',  ( 2.916574292378812500, 71.01045606481395100, 46.48771649178680600 ) ) ;
#8874 = DIRECTION ( 'NONE',  ( -0.0000000000000000000, -0.0000000000000000000, -1.000000000000000000 ) ) ;
#8875 = CARTESIAN_POINT ( 'NONE',  ( 60.16044702067369300, -29.15443035959369700, 10.38075333641064200 ) ) ;
#8876 = DIRECTION ( 'NONE',  ( 0.0000000000000000000, 0.0000000000000000000, 1.000000000000000000 ) ) ;
#8877 = VECTOR ( 'NONE', #497, 1000.000000000000000 ) ;
#8878 = CARTESIAN_POINT ( 'NONE',  ( -28.32686712528593300, 68.51045767053922500, 45.75921544411351500 ) ) ;
#8879 = VECTOR ( 'NONE', #445, 1000.000000000000000 ) ;
#8880 = AXIS2_PLACEMENT_3D ( 'NONE', #3200, #8862, #5701 ) ;
#8881 = CARTESIAN_POINT ( 'NONE',  ( -43.64422555132701100, -33.19220330655858200, 46.37164858284342000 ) ) ;
#8882 = DIRECTION ( 'NONE',  ( 1.000000000000000000, 1.603063405027194900E-016, 0.0000000000000000000 ) ) ;
#8883 = LINE ( 'NONE', #2777, #981 ) ;
#8884 = EDGE_CURVE ( 'NONE', #7379, #5978, #6578, .T. ) ;
#8885 = ORIENTED_EDGE ( 'NONE', *, *, #3717, .T. ) ;
#8886 = VECTOR ( 'NONE', #6482, 1000.000000000000000 ) ;
#8887 = LINE ( 'NONE', #1958, #3086 ) ;
#8888 = EDGE_CURVE ( 'NONE', #3111, #9222, #2419, .T. ) ;
#8889 = CARTESIAN_POINT ( 'NONE',  ( 6.660447020673717400, 68.57785688051524200, 15.50000000000000000 ) ) ;
#8890 = ORIENTED_EDGE ( 'NONE', *, *, #3005, .T. ) ;
#8891 = AXIS2_PLACEMENT_3D ( 'NONE', #1790, #5889, #8361 ) ;
#8892 = ADVANCED_FACE ( 'NONE', ( #8228 ), #10370, .F. ) ;
#8893 = EDGE_CURVE ( 'NONE', #4685, #6156, #7462, .T. ) ;
#8894 = CARTESIAN_POINT ( 'NONE',  ( -55.35215594944871500, -30.65577268498696000, 45.75832789536875800 ) ) ;
#8895 = PLANE ( 'NONE',  #4325 ) ;
#8896 = FACE_OUTER_BOUND ( 'NONE', #1327, .T. ) ;
#8897 = CARTESIAN_POINT ( 'NONE',  ( 6.660447020673877300, -30.72293962258783800, 15.50000000000000000 ) ) ;
#8898 = VERTEX_POINT ( 'NONE', #3009 ) ;
#8899 = CARTESIAN_POINT ( 'NONE',  ( -59.33955297932631400, 68.57785688051521300, 45.50000000000000000 ) ) ;
#8900 = CARTESIAN_POINT ( 'NONE',  ( -42.74078466846800900, 70.74891782148577600, 47.29038196465388200 ) ) ;
#8901 = DIRECTION ( 'NONE',  ( -1.000000000000000000, -1.609823385706476600E-015, 0.0000000000000000000 ) ) ;
#8902 = CARTESIAN_POINT ( 'NONE',  ( -56.04602967032580800, -23.95501194873044100, 5.000000000000000000 ) ) ;
#8903 = CARTESIAN_POINT ( 'NONE',  ( -24.59468170713380200, 71.01102317295436700, 46.48592630112440800 ) ) ;
#8904 = CIRCLE ( 'NONE', #3783, 52.92058191901602300 ) ;
#8905 = EDGE_CURVE ( 'NONE', #6893, #2229, #9008, .T. ) ;
#8906 = DIRECTION ( 'NONE',  ( 1.000000000000000000, 0.0000000000000000000, 0.0000000000000000000 ) ) ;
#8907 = ORIENTED_EDGE ( 'NONE', *, *, #7718, .F. ) ;
#8908 = AXIS2_PLACEMENT_3D ( 'NONE', #435, #5304, #9214 ) ;
#8909 = AXIS2_PLACEMENT_3D ( 'NONE', #399, #7342, #7451 ) ;
#8910 = CARTESIAN_POINT ( 'NONE',  ( -57.42279006193196300, -11.33733507041127100, 3.000000000000000000 ) ) ;
#8911 = DIRECTION ( 'NONE',  ( 1.619075244245020000E-015, -1.000000000000000000, 5.319818659662208200E-015 ) ) ;
#8912 = EDGE_CURVE ( 'NONE', #7643, #1165, #6537, .T. ) ;
#8913 = EDGE_LOOP ( 'NONE', ( #249, #9608, #6216, #10455, #8838, #9837, #3663, #5700, #2434, #4058, #5595, #3204, #7035, #10211, #1700, #4033, #7981, #5068, #10260, #2173, #7249, #104, #2585, #71, #6949, #3566, #5565, #9193, #5191 ) ) ;
#8914 = CARTESIAN_POINT ( 'NONE',  ( -40.60049042745301800, -32.96543143332154800, 47.07544141014530900 ) ) ;
#8915 = VECTOR ( 'NONE', #1103, 1000.000000000000000 ) ;
#8916 = EDGE_LOOP ( 'NONE', ( #3529, #5818, #3808, #10487 ) ) ;
#8917 = ADVANCED_FACE ( 'NONE', ( #3862 ), #5865, .T. ) ;
#8918 = ORIENTED_EDGE ( 'NONE', *, *, #10651, .F. ) ;
#8919 = CIRCLE ( 'NONE', #9916, 1.000000000000000000 ) ;
#8920 = CARTESIAN_POINT ( 'NONE',  ( 37.64784405055112200, 68.51068994291435400, 45.75832789536877200 ) ) ;
#8921 = EDGE_CURVE ( 'NONE', #1026, #5333, #10180, .T. ) ;
#8922 = VERTEX_POINT ( 'NONE', #6484 ) ;
#8923 = CARTESIAN_POINT ( 'NONE',  ( -44.96479852183384200, 56.32270110567862500, -1.040834085586084300E-014 ) ) ;
#8924 = ORIENTED_EDGE ( 'NONE', *, *, #9042, .F. ) ;
#8925 = CARTESIAN_POINT ( 'NONE',  ( 60.16044702067369300, -27.27022232858981700, 11.05139489186361200 ) ) ;
#8926 = ORIENTED_EDGE ( 'NONE', *, *, #10564, .T. ) ;
#8927 = B_SPLINE_CURVE_WITH_KNOTS ( 'NONE', 3,
 ( #3472, #8342, #9202, #9102, #4174, #7484, #9928, #8305, #29, #10009, #2603, #1802, #9242, #962, #2531, #7594, #10047, #6776, #5112, #2641, #5831, #4313, #9168, #5975, #888, #851, #8374, #5867, #6707, #1734, #7520, #6672, #3365, #2567 ),
 .UNSPECIFIED., .F., .F.,
 ( 4, 2, 2, 2, 2, 2, 2, 2, 2, 2, 2, 2, 2, 2, 2, 2, 4 ),
 ( 7.152448122690996000E-018, 0.0004000698325101531800, 0.0008001396650202992000, 0.001200209497530445300, 0.001600279330040591200, 0.002000349162550737000, 0.002400418995060883200, 0.002800488827571028900, 0.003200558660081175100, 0.003600628492591321300, 0.004000698325101467000, 0.004400768157611613200, 0.004800837990121759400, 0.005200907822631905600, 0.005600977655142050900, 0.006001047487652197100, 0.006401117320162343300 ),
 .UNSPECIFIED. ) ;
#8928 = ORIENTED_EDGE ( 'NONE', *, *, #9309, .T. ) ;
#8929 = CARTESIAN_POINT ( 'NONE',  ( -28.14266239136979300, -30.49010516316785400, 46.37495291163288200 ) ) ;
#8930 = CARTESIAN_POINT ( 'NONE',  ( -40.81743223855083600, 70.77107199232494800, 47.22411160762042900 ) ) ;
#8931 = VERTEX_POINT ( 'NONE', #93 ) ;
#8932 = DIRECTION ( 'NONE',  ( -1.594400883811535600E-015, 1.000000000000000000, 0.0000000000000000000 ) ) ;
#8933 = DIRECTION ( 'NONE',  ( 1.000000000000000000, 0.0000000000000000000, 0.0000000000000000000 ) ) ;
#8934 = DIRECTION ( 'NONE',  ( -1.638987529116218300E-015, 1.000000000000000000, 0.0000000000000000000 ) ) ;
#8935 = DIRECTION ( 'NONE',  ( 1.000000000000000000, 0.0000000000000000000, 0.0000000000000000000 ) ) ;
#8936 = ORIENTED_EDGE ( 'NONE', *, *, #4203, .T. ) ;
#8937 = EDGE_CURVE ( 'NONE', #5235, #4518, #9907, .T. ) ;
#8938 = ADVANCED_FACE ( 'NONE', ( #8751 ), #1893, .F. ) ;
#8939 = ORIENTED_EDGE ( 'NONE', *, *, #1985, .T. ) ;
#8940 = ORIENTED_EDGE ( 'NONE', *, *, #8888, .F. ) ;
#8941 = ORIENTED_EDGE ( 'NONE', *, *, #3373, .T. ) ;
#8942 = CARTESIAN_POINT ( 'NONE',  ( -15.33955297932634700, 70.44460891519810300, 28.35098846298116700 ) ) ;
#8943 = CARTESIAN_POINT ( 'NONE',  ( -26.99282439762418000, 68.05535546595743300, 47.39494116741399700 ) ) ;
#8944 = CARTESIAN_POINT ( 'NONE',  ( -39.93870465473644100, -30.55532595375957800, 46.13529157058124500 ) ) ;
#8945 = DIRECTION ( 'NONE',  ( 0.0000000000000000000, 0.0000000000000000000, 1.000000000000000000 ) ) ;
#8946 = VECTOR ( 'NONE', #4775, 1000.000000000000000 ) ;
#8947 = EDGE_CURVE ( 'NONE', #10131, #6480, #6566, .T. ) ;
#8948 = DIRECTION ( 'NONE',  ( -1.000000000000000000, -1.609823385706476600E-015, 2.312964634635743000E-016 ) ) ;
#8949 = CARTESIAN_POINT ( 'NONE',  ( -55.42279006193196300, -11.33733507041127100, -1.040834085586084300E-014 ) ) ;
#8950 = ORIENTED_EDGE ( 'NONE', *, *, #6854, .F. ) ;
#8951 = CARTESIAN_POINT ( 'NONE',  ( 49.16044702067402000, 69.61830525729524800, 40.65028522257033900 ) ) ;
#8952 = AXIS2_PLACEMENT_3D ( 'NONE', #5312, #8503, #1980 ) ;
#8953 = ORIENTED_EDGE ( 'NONE', *, *, #5027, .T. ) ;
#8954 = ORIENTED_EDGE ( 'NONE', *, *, #253, .T. ) ;
#8955 = ORIENTED_EDGE ( 'NONE', *, *, #5272, .F. ) ;
#8956 = CARTESIAN_POINT ( 'NONE',  ( 33.85577444867301000, -33.19220330655856800, 46.37164858284342700 ) ) ;
#8957 = AXIS2_PLACEMENT_3D ( 'NONE', #4063, #8945, #3252 ) ;
#8958 = MANIFOLD_SOLID_BREP ( 'Cut-Extrude15', #7188 ) ;
#8959 = CARTESIAN_POINT ( 'NONE',  ( 2.672746416637333600, 68.51117250990155600, 15.24349833912912200 ) ) ;
#8960 = DIRECTION ( 'NONE',  ( 1.000000000000000000, -0.0000000000000000000, -0.0000000000000000000 ) ) ;
#8961 = CIRCLE ( 'NONE', #8016, 1.899999999999999700 ) ;
#8962 = DIRECTION ( 'NONE',  ( 1.000000000000000000, 0.0000000000000000000, -0.0000000000000000000 ) ) ;
#8963 = CARTESIAN_POINT ( 'NONE',  ( -14.11752760385748400, -18.52275989687055700, 9.263639781882645300 ) ) ;
#8964 = ORIENTED_EDGE ( 'NONE', *, *, #8921, .F. ) ;
#8965 = CARTESIAN_POINT ( 'NONE',  ( 18.16044702067376400, 27.37181057052339000, 30.50000000000000000 ) ) ;
#8966 = ORIENTED_EDGE ( 'NONE', *, *, #8850, .F. ) ;
#8967 = ORIENTED_EDGE ( 'NONE', *, *, #2157, .T. ) ;
#8968 = CIRCLE ( 'NONE', #939, 3.499999999999999600 ) ;
#8969 = EDGE_CURVE ( 'NONE', #503, #2871, #9975, .T. ) ;
#8970 = EDGE_CURVE ( 'NONE', #8803, #8437, #6043, .T. ) ;
#8971 = CARTESIAN_POINT ( 'NONE',  ( -28.27815181244561800, 71.15991762536492600, 14.99163790877212900 ) ) ;
#8972 = CARTESIAN_POINT ( 'NONE',  ( 45.91044702067365100, 68.44617026388616000, 41.51286796564299000 ) ) ;
#8973 = ADVANCED_FACE ( 'NONE', ( #4111 ), #976, .T. ) ;
#8974 = AXIS2_PLACEMENT_3D ( 'NONE', #6286, #8714, #8750 ) ;
#8975 = CARTESIAN_POINT ( 'NONE',  ( -43.83955297932615000, -33.45785864922134300, 45.50000000000000000 ) ) ;
#8976 = CARTESIAN_POINT ( 'NONE',  ( -132.8082378770764600, -27.37780733825314900, 5.954545454545445300 ) ) ;
#8977 = LINE ( 'NONE', #5569, #1088 ) ;
#8978 = ORIENTED_EDGE ( 'NONE', *, *, #418, .F. ) ;
#8979 = CARTESIAN_POINT ( 'NONE',  ( -14.11752760385748400, -17.48023852640315900, 9.263639781882645300 ) ) ;
#8980 = CARTESIAN_POINT ( 'NONE',  ( -27.67649904925897900, 70.84740366713101900, 46.99329394968421500 ) ) ;
#8981 = CARTESIAN_POINT ( 'NONE',  ( 51.69264781223961300, -32.84165132730742400, 13.55368265994384000 ) ) ;
#8982 = CIRCLE ( 'NONE', #2325, 52.92058191901593000 ) ;
#8983 = DIRECTION ( 'NONE',  ( 1.000000000000000000, 0.0000000000000000000, 0.0000000000000000000 ) ) ;
#8984 = DIRECTION ( 'NONE',  ( 1.609823385706476600E-015, -1.000000000000000000, -4.165779463821302700E-032 ) ) ;
#8985 = VECTOR ( 'NONE', #7058, 1000.000000000000000 ) ;
#8986 = ORIENTED_EDGE ( 'NONE', *, *, #10548, .F. ) ;
#8987 = DIRECTION ( 'NONE',  ( 1.609823385706476600E-015, -1.000000000000000000, -4.165779463821302700E-032 ) ) ;
#8988 = DIRECTION ( 'NONE',  ( 0.0000000000000000000, 1.000000000000000000, 0.0000000000000000000 ) ) ;
#8989 = EDGE_CURVE ( 'NONE', #7653, #9684, #7241, .T. ) ;
#8990 = CYLINDRICAL_SURFACE ( 'NONE', #2667, 2.000000000000008900 ) ;
#8991 = EDGE_LOOP ( 'NONE', ( #10479, #2225, #1817, #10038, #1168, #5382 ) ) ;
#8992 = LINE ( 'NONE', #3425, #8735 ) ;
#8993 = CARTESIAN_POINT ( 'NONE',  ( 5.558174793063733100, 68.08542183316699000, 13.70785373847571400 ) ) ;
#8994 = EDGE_LOOP ( 'NONE', ( #9429, #388, #6630, #8125 ) ) ;
#8995 = DIRECTION ( 'NONE',  ( 1.000000000000000000, 1.609823385706476600E-015, -0.0000000000000000000 ) ) ;
#8996 = CARTESIAN_POINT ( 'NONE',  ( -15.11752760385748800, 37.09024010312946700, 4.000000000000000000 ) ) ;
#8997 = ADVANCED_FACE ( 'NONE', ( #8999 ), #8480, .T. ) ;
#8998 = CARTESIAN_POINT ( 'NONE',  ( -33.48752760385749400, -14.90975989687055900, 4.000000000000000000 ) ) ;
#8999 = FACE_OUTER_BOUND ( 'NONE', #5438, .T. ) ;
#9000 = LINE ( 'NONE', #3276, #196 ) ;
#9001 = CARTESIAN_POINT ( 'NONE',  ( -42.11050931020417900, -32.82808875171158300, 13.51394238300088100 ) ) ;
#9002 = DIRECTION ( 'NONE',  ( 0.0000000000000000000, 0.0000000000000000000, -1.000000000000000000 ) ) ;
#9003 = CIRCLE ( 'NONE', #9713, 59.99999999999997200 ) ;
#9004 = VERTEX_POINT ( 'NONE', #6081 ) ;
#9005 = EDGE_CURVE ( 'NONE', #3819, #5726, #1625, .T. ) ;
#9006 = DIRECTION ( 'NONE',  ( -1.619075244245020000E-015, 1.000000000000000000, -2.659909329831104100E-015 ) ) ;
#9007 = CARTESIAN_POINT ( 'NONE',  ( -28.24038067647904500, -30.55532435617653800, 46.13529537627115900 ) ) ;
#9008 = CIRCLE ( 'NONE', #10438, 2.500000000000002200 ) ;
#9009 = CARTESIAN_POINT ( 'NONE',  ( -13.11752760385748600, 37.09024010312946700, 4.000000000000000000 ) ) ;
#9010 = DIRECTION ( 'NONE',  ( -1.000000000000000000, -1.603063405027194900E-016, -0.0000000000000000000 ) ) ;
#9011 = LINE ( 'NONE', #239, #6838 ) ;
#9012 = CARTESIAN_POINT ( 'NONE',  ( -28.33955297932632800, 71.31277590714869100, 45.50000000000000000 ) ) ;
#9013 = CARTESIAN_POINT ( 'NONE',  ( 43.94247239614253400, -14.90975989687055900, -1.040834085586084300E-014 ) ) ;
#9014 = CYLINDRICAL_SURFACE ( 'NONE', #8399, 1.999999999999994900 ) ;
#9015 = CIRCLE ( 'NONE', #2259, 1.899999999999999000 ) ;
#9016 = CARTESIAN_POINT ( 'NONE',  ( 52.06183436209568100, -32.89401196796838200, 13.70965140868848300 ) ) ;
#9017 = AXIS2_PLACEMENT_3D ( 'NONE', #9009, #1564, #4011 ) ;
#9018 = FACE_OUTER_BOUND ( 'NONE', #10516, .T. ) ;
#9019 = CARTESIAN_POINT ( 'NONE',  ( -43.17272501525697200, -30.31587637787977800, 46.99667611563686600 ) ) ;
#9020 = DIRECTION ( 'NONE',  ( 1.619075244245020800E-015, -1.000000000000000000, 0.0000000000000000000 ) ) ;
#9021 = EDGE_CURVE ( 'NONE', #2493, #9385, #5669, .T. ) ;
#9022 = VERTEX_POINT ( 'NONE', #6878 ) ;
#9023 = CARTESIAN_POINT ( 'NONE',  ( -132.8082378770764600, 73.48310668740396100, 30.50000000000000400 ) ) ;
#9024 = ADVANCED_FACE ( 'NONE', ( #716 ), #4637, .T. ) ;
#9025 = CIRCLE ( 'NONE', #3304, 1.000000000000000900 ) ;
#9026 = CARTESIAN_POINT ( 'NONE',  ( -39.89101109248910900, 68.44187919405466400, 14.98092632939599900 ) ) ;
#9027 = CARTESIAN_POINT ( 'NONE',  ( 37.66044702067377900, 20.56252476838796600, 30.50000000000000400 ) ) ;
#9028 = ORIENTED_EDGE ( 'NONE', *, *, #8969, .T. ) ;
#9029 = EDGE_CURVE ( 'NONE', #666, #3962, #9253, .T. ) ;
#9030 = CARTESIAN_POINT ( 'NONE',  ( -132.8082378770764600, 68.44617026388613100, 41.51286796564299000 ) ) ;
#9031 = AXIS2_PLACEMENT_3D ( 'NONE', #2082, #2831, #5427 ) ;
#9032 = DIRECTION ( 'NONE',  ( 1.000000000000000000, 0.0000000000000000000, -0.0000000000000000000 ) ) ;
#9033 = LINE ( 'NONE', #8844, #231 ) ;
#9034 = ORIENTED_EDGE ( 'NONE', *, *, #3542, .T. ) ;
#9035 = CARTESIAN_POINT ( 'NONE',  ( 2.660447020673695200, 71.31277590714870500, 15.50000000000000000 ) ) ;
#9036 = ORIENTED_EDGE ( 'NONE', *, *, #8866, .T. ) ;
#9037 = DIRECTION ( 'NONE',  ( 1.619075244245020800E-015, -1.000000000000000000, 0.0000000000000000000 ) ) ;
#9038 = CARTESIAN_POINT ( 'NONE',  ( -40.09669472598150000, 68.31343972487223900, 46.48953342699891800 ) ) ;
#9039 = CARTESIAN_POINT ( 'NONE',  ( -43.83955297932632800, 73.48310668740404600, 15.50000000000000000 ) ) ;
#9040 = ORIENTED_EDGE ( 'NONE', *, *, #570, .T. ) ;
#9041 = CARTESIAN_POINT ( 'NONE',  ( 2.660447020673778700, 20.56252476838795900, 30.50000000000000400 ) ) ;
#9042 = EDGE_CURVE ( 'NONE', #1331, #3149, #193, .T. ) ;
#9043 = VECTOR ( 'NONE', #8304, 1000.000000000000000 ) ;
#9044 = CARTESIAN_POINT ( 'NONE',  ( 53.16044702067385700, -33.38120710560659200, 15.24066099409187400 ) ) ;
#9045 = VERTEX_POINT ( 'NONE', #1915 ) ;
#9046 = ADVANCED_FACE ( 'NONE', ( #7081 ), #2164, .T. ) ;
#9047 = DIRECTION ( 'NONE',  ( -1.587348738856585400E-015, 0.9829457601109553600, 0.1838957114233399900 ) ) ;
#9048 = DIRECTION ( 'NONE',  ( -1.000000000000000000, -1.609823385706476600E-015, 0.0000000000000000000 ) ) ;
#9049 = EDGE_CURVE ( 'NONE', #1165, #3886, #10549, .T. ) ;
#9050 = CARTESIAN_POINT ( 'NONE',  ( -14.11752760385748400, -17.52275989687055700, 8.490435472824181300 ) ) ;
#9051 = ORIENTED_EDGE ( 'NONE', *, *, #8921, .T. ) ;
#9052 = ORIENTED_EDGE ( 'NONE', *, *, #2392, .T. ) ;
#9053 = CARTESIAN_POINT ( 'NONE',  ( 6.261323363241145600, 68.25321152704712800, 46.70578863413464200 ) ) ;
#9054 = ORIENTED_EDGE ( 'NONE', *, *, #6074, .T. ) ;
#9055 = CARTESIAN_POINT ( 'NONE',  ( -17.48955297932634100, 68.44617026388613100, 40.51286796564298200 ) ) ;
#9056 = VERTEX_POINT ( 'NONE', #5185 ) ;
#9057 = CARTESIAN_POINT ( 'NONE',  ( 47.50047921681312600, 68.44617026537048300, 40.51286796564298200 ) ) ;
#9058 =( NAMED_UNIT ( * ) SI_UNIT ( $, .STERADIAN. ) SOLID_ANGLE_UNIT ( ) );
#9059 = ORIENTED_EDGE ( 'NONE', *, *, #4988, .F. ) ;
#9060 = DIRECTION ( 'NONE',  ( -1.000000000000000000, -1.603063405027194900E-016, -0.0000000000000000000 ) ) ;
#9061 = DIRECTION ( 'NONE',  ( 1.000000000000000000, -0.0000000000000000000, 0.0000000000000000000 ) ) ;
#9062 = ORIENTED_EDGE ( 'NONE', *, *, #2532, .T. ) ;
#9063 = CARTESIAN_POINT ( 'NONE',  ( -8.839552979326301200, 73.48310668740410300, 45.50000000000000000 ) ) ;
#9064 = EDGE_CURVE ( 'NONE', #1560, #45, #8353, .T. ) ;
#9065 = ORIENTED_EDGE ( 'NONE', *, *, #2362, .T. ) ;
#9066 = CARTESIAN_POINT ( 'NONE',  ( 60.16044702067369300, -26.16654736466222200, 57.58586771000595700 ) ) ;
#9067 = VERTEX_POINT ( 'NONE', #2642 ) ;
#9068 = ORIENTED_EDGE ( 'NONE', *, *, #6716, .T. ) ;
#9069 = CARTESIAN_POINT ( 'NONE',  ( -43.45195397523653500, -33.08435446160606100, 14.28859990521049600 ) ) ;
#9070 = CARTESIAN_POINT ( 'NONE',  ( -13.11752760385748600, 37.09024010312946700, 9.263639781882645300 ) ) ;
#9071 = B_SPLINE_CURVE_WITH_KNOTS ( 'NONE', 3,
 ( #7585, #6009, #3540, #10187, #2634, #9299, #10115, #10076, #7620, #3498, #2702, #5209 ),
 .UNSPECIFIED., .F., .F.,
 ( 4, 2, 2, 2, 2, 4 ),
 ( 6.938893903907228400E-018, 0.001887415117983132100, 0.002831122676974685700, 0.003774830235966239900, 0.005662245353949315800, 0.007549660471932392200 ),
 .UNSPECIFIED. ) ;
#9072 = ORIENTED_EDGE ( 'NONE', *, *, #6314, .F. ) ;
#9073 = CARTESIAN_POINT ( 'NONE',  ( 21.77105277023713000, -33.08351502693744800, 14.28598676118487800 ) ) ;
#9074 = CARTESIAN_POINT ( 'NONE',  ( -12.86143288650670300, 64.69007228669741500, 29.82261583846741700 ) ) ;
#9075 = ORIENTED_EDGE ( 'NONE', *, *, #8937, .F. ) ;
#9076 = VERTEX_POINT ( 'NONE', #9308 ) ;
#9077 = PLANE ( 'NONE',  #3319 ) ;
#9078 = ORIENTED_EDGE ( 'NONE', *, *, #5048, .F. ) ;
#9079 = CARTESIAN_POINT ( 'NONE',  ( -11.10579053462644300, 70.68277512728411700, 47.48673861149426800 ) ) ;
#9080 = AXIS2_PLACEMENT_3D ( 'NONE', #773, #4268, #8259 ) ;
#9081 = DIRECTION ( 'NONE',  ( 1.609823385706476600E-015, -1.000000000000000000, -4.165779463821302700E-032 ) ) ;
#9082 = EDGE_CURVE ( 'NONE', #10576, #6866, #1767, .T. ) ;
#9083 = VECTOR ( 'NONE', #4596, 1000.000000000000000 ) ;
#9084 = CARTESIAN_POINT ( 'NONE',  ( 53.16044702067379300, 10.48310668740399300, 30.50000000000000000 ) ) ;
#9085 = CARTESIAN_POINT ( 'NONE',  ( -42.11050931020434300, 70.68300600963898700, 13.51394238300088300 ) ) ;
#9086 = VERTEX_POINT ( 'NONE', #10160 ) ;
#9087 = CARTESIAN_POINT ( 'NONE',  ( 18.16044702067369000, 73.48310668740414500, 15.50000000000000000 ) ) ;
#9088 = ORIENTED_EDGE ( 'NONE', *, *, #4435, .F. ) ;
#9089 = ORIENTED_EDGE ( 'NONE', *, *, #2312, .T. ) ;
#9090 = CARTESIAN_POINT ( 'NONE',  ( 51.47641310943119200, 60.80219765437317400, 48.46635253305073800 ) ) ;
#9091 = CARTESIAN_POINT ( 'NONE',  ( 35.12778827129054100, 70.70116343258166600, 13.56761369079868400 ) ) ;
#9092 = FACE_OUTER_BOUND ( 'NONE', #10531, .T. ) ;
#9093 = DIRECTION ( 'NONE',  ( 1.000000000000000000, 0.0000000000000000000, 0.0000000000000000000 ) ) ;
#9094 = AXIS2_PLACEMENT_3D ( 'NONE', #1864, #7755, #6895 ) ;
#9095 = PLANE ( 'NONE',  #5119 ) ;
#9096 = CARTESIAN_POINT ( 'NONE',  ( 34.63713292319751200, -20.38517556395939700, -1.040834085586084300E-014 ) ) ;
#9097 = EDGE_CURVE ( 'NONE', #8409, #6505, #5330, .T. ) ;
#9098 = CARTESIAN_POINT ( 'NONE',  ( -56.10864279807771700, -30.29143031251385700, 13.91818639255002300 ) ) ;
#9099 = ORIENTED_EDGE ( 'NONE', *, *, #6478, .T. ) ;
#9100 = AXIS2_PLACEMENT_3D ( 'NONE', #8678, #2763, #3750 ) ;
#9101 = DIRECTION ( 'NONE',  ( 1.000000000000000000, 0.0000000000000000000, 0.0000000000000000000 ) ) ;
#9102 = CARTESIAN_POINT ( 'NONE',  ( 6.599033293962333100, -33.30506167706867900, 46.00815311873946500 ) ) ;
#9103 = CARTESIAN_POINT ( 'NONE',  ( -24.43781280449358200, -33.26675772048088200, 46.13253221513175400 ) ) ;
#9104 = ADVANCED_FACE ( 'NONE', ( #1505 ), #3449, .F. ) ;
#9105 = VECTOR ( 'NONE', #4872, 1000.000000000000000 ) ;
#9106 = DIRECTION ( 'NONE',  ( 0.0000000000000000000, 0.0000000000000000000, 1.000000000000000000 ) ) ;
#9107 = DIRECTION ( 'NONE',  ( 1.609823385706476600E-015, -1.000000000000000000, 0.0000000000000000000 ) ) ;
#9108 = CIRCLE ( 'NONE', #5691, 1.899999999999999700 ) ;
#9109 = ORIENTED_EDGE ( 'NONE', *, *, #7479, .F. ) ;
#9110 = EDGE_CURVE ( 'NONE', #2347, #4548, #5414, .T. ) ;
#9111 = CARTESIAN_POINT ( 'NONE',  ( -24.58405183253879400, 71.00959411753549900, 14.50803016031317000 ) ) ;
#9112 = CARTESIAN_POINT ( 'NONE',  ( -132.8082378770764600, 60.67025643711578200, 8.000000000000000000 ) ) ;
#9113 = AXIS2_PLACEMENT_3D ( 'NONE', #7599, #9311, #6880 ) ;
#9114 = CIRCLE ( 'NONE', #6295, 60.00000000000000000 ) ;
#9115 = AXIS2_PLACEMENT_3D ( 'NONE', #2707, #8410, #4315 ) ;
#9116 = CARTESIAN_POINT ( 'NONE',  ( -9.817432238550800600, 70.77107199232493400, 47.22411160762044300 ) ) ;
#9117 = CARTESIAN_POINT ( 'NONE',  ( -44.96479852183384200, 56.32270110567862500, -1.040834085586084300E-014 ) ) ;
#9118 = LINE ( 'NONE', #2087, #5662 ) ;
#9119 = ORIENTED_EDGE ( 'NONE', *, *, #7864, .T. ) ;
#9120 = DIRECTION ( 'NONE',  ( 0.0000000000000000000, 0.0000000000000000000, -1.000000000000000000 ) ) ;
#9121 = CARTESIAN_POINT ( 'NONE',  ( -43.82735260629051800, 71.23674877982129800, 15.24455901932126900 ) ) ;
#9122 = PLANE ( 'NONE',  #4229 ) ;
#9123 = LINE ( 'NONE', #9522, #5268 ) ;
#9124 = CARTESIAN_POINT ( 'NONE',  ( 50.59068786708046200, -29.19041626098219700, 50.52020386995982200 ) ) ;
#9125 = CARTESIAN_POINT ( 'NONE',  ( 42.71247239614250900, 33.35024010312945800, 3.000000000000000000 ) ) ;
#9126 = VERTEX_POINT ( 'NONE', #5323 ) ;
#9127 = CARTESIAN_POINT ( 'NONE',  ( -14.11752760385748400, -16.82275989687055800, 9.324662987640136800 ) ) ;
#9128 = DIRECTION ( 'NONE',  ( 1.000000000000000000, -0.0000000000000000000, 0.0000000000000000000 ) ) ;
#9129 = EDGE_CURVE ( 'NONE', #5600, #4165, #10043, .T. ) ;
#9130 = CARTESIAN_POINT ( 'NONE',  ( 52.99389747262070200, -25.42898458813889600, 46.30783860587919100 ) ) ;
#9131 = CIRCLE ( 'NONE', #6577, 1.000000000000000900 ) ;
#9132 = CARTESIAN_POINT ( 'NONE',  ( 18.54804602476332000, 70.93927171953348000, 14.28859990521050200 ) ) ;
#9133 = FACE_OUTER_BOUND ( 'NONE', #8805, .T. ) ;
#9134 = DIRECTION ( 'NONE',  ( 1.000000000000000000, 0.0000000000000000000, 0.0000000000000000000 ) ) ;
#9135 = VECTOR ( 'NONE', #10147, 1000.000000000000000 ) ;
#9136 = FACE_OUTER_BOUND ( 'NONE', #7737, .T. ) ;
#9137 = CARTESIAN_POINT ( 'NONE',  ( -59.33955297932632800, 68.54463232551057700, 45.62867814821819200 ) ) ;
#9138 = CIRCLE ( 'NONE', #7527, 4.900000000000001200 ) ;
#9139 = CARTESIAN_POINT ( 'NONE',  ( -55.43781280449357500, -33.26675772048089600, 46.13253221513175400 ) ) ;
#9140 = DIRECTION ( 'NONE',  ( 1.000000000000000000, 0.0000000000000000000, 0.0000000000000000000 ) ) ;
#9141 = CIRCLE ( 'NONE', #10407, 59.99999999999997200 ) ;
#9142 = B_SPLINE_CURVE_WITH_KNOTS ( 'NONE', 3,
 ( #6852, #10269, #10165, #4544, #3592, #2712, #8490, #6986, #2822, #9317, #2788, #1922, #2855, #6085, #9423, #6023, #5224, #1959, #5329, #1111, #1144, #311, #2748, #8631, #343, #4507, #8595, #6953, #9464, #3702, #240, #6124, #3667, #1887 ),
 .UNSPECIFIED., .F., .F.,
 ( 4, 2, 2, 2, 2, 2, 2, 2, 2, 2, 2, 2, 2, 2, 2, 2, 4 ),
 ( 0.0000000000000000000, 0.0004000698325101450400, 0.0008001396650202900900, 0.001200209497530435100, 0.001600279330040580200, 0.002000349162550725300, 0.002400418995060870200, 0.002800488827571015500, 0.003200558660081160400, 0.003600628492591305200, 0.004000698325101450500, 0.004400768157611595900, 0.004800837990121740300, 0.005200907822631885600, 0.005600977655142030900, 0.006001047487652175400, 0.006401117320162320700 ),
 .UNSPECIFIED. ) ;
#9143 = CARTESIAN_POINT ( 'NONE',  ( 35.13358880370879700, -30.18895428268301400, 47.43396315314850400 ) ) ;
#9144 = B_SPLINE_CURVE_WITH_KNOTS ( 'NONE', 3,
 ( #6780, #1107, #8517, #5219, #5187, #4361, #2710, #1003, #3622, #234, #4428, #6052, #1918, #6020, #10089, #10126, #4467, #1072, #7700, #3477, #10197, #5152, #2743, #1807, #6082, #7664, #2644, #6917, #1036, #1955, #7738, #8486 ),
 .UNSPECIFIED., .F., .F.,
 ( 4, 2, 2, 2, 2, 2, 2, 2, 2, 2, 2, 2, 2, 2, 2, 4 ),
 ( 7.949501638480626900E-018, 0.0003978912550167497300, 0.0007957825100334914400, 0.001193673765050233100, 0.001591565020066975100, 0.001989456275083716800, 0.002387347530100458100, 0.003183130040133954500, 0.003581021295150702300, 0.003978912550167450900, 0.004376803805184199100, 0.004774695060200946500, 0.005172586315217694700, 0.005570477570234442900, 0.005968368825251191100, 0.006366260080267939300 ),
 .UNSPECIFIED. ) ;
#9145 = ORIENTED_EDGE ( 'NONE', *, *, #2635, .T. ) ;
#9146 = EDGE_CURVE ( 'NONE', #6554, #1988, #5917, .T. ) ;
#9147 = CARTESIAN_POINT ( 'NONE',  ( -13.11752760385748600, -18.52275989687055700, 9.263639781882645300 ) ) ;
#9148 = DIRECTION ( 'NONE',  ( 1.000000000000000000, 0.0000000000000000000, -0.0000000000000000000 ) ) ;
#9149 = CARTESIAN_POINT ( 'NONE',  ( 33.90524396446232900, 68.31299051968292700, 14.50733126608358600 ) ) ;
#9150 = CARTESIAN_POINT ( 'NONE',  ( -15.11752760385748400, -18.52275989687055700, 4.000000000000000000 ) ) ;
#9151 = CARTESIAN_POINT ( 'NONE',  ( -19.48955297932634400, 69.77890127105483500, 39.66562843963693300 ) ) ;
#9152 = VECTOR ( 'NONE', #4704, 1000.000000000000000 ) ;
#9153 = UNCERTAINTY_MEASURE_WITH_UNIT (LENGTH_MEASURE( 1.000000000000000100E-005 ), #2455, 'distance_accuracy_value', 'NONE');
#9154 = DIRECTION ( 'NONE',  ( 1.619075244245020000E-015, -1.000000000000000000, 5.319818659662208200E-015 ) ) ;
#9155 = ORIENTED_EDGE ( 'NONE', *, *, #7609, .F. ) ;
#9156 = ADVANCED_FACE ( 'NONE', ( #3198 ), #1238, .T. ) ;
#9157 = CARTESIAN_POINT ( 'NONE',  ( -42.86695045927961400, 70.76709497378018900, 13.76377908748839500 ) ) ;
#9158 = CARTESIAN_POINT ( 'NONE',  ( -15.98955297932633200, 64.69007228669751400, 40.51286796564302500 ) ) ;
#9159 = AXIS2_PLACEMENT_3D ( 'NONE', #4223, #7496, #8319 ) ;
#9160 = CARTESIAN_POINT ( 'NONE',  ( 4.660447020673694300, 73.48310668740411700, 45.50000000000000000 ) ) ;
#9161 = AXIS2_PLACEMENT_3D ( 'NONE', #5293, #1073, #7600 ) ;
#9162 = LINE ( 'NONE', #2206, #7892 ) ;
#9163 = DIRECTION ( 'NONE',  ( 6.868773869024349100E-017, -0.1838957114233399600, 0.9829457601109552500 ) ) ;
#9164 = ORIENTED_EDGE ( 'NONE', *, *, #270, .T. ) ;
#9165 = CARTESIAN_POINT ( 'NONE',  ( -28.33955297932625000, 20.56252476838795600, 30.50000000000000400 ) ) ;
#9166 = ORIENTED_EDGE ( 'NONE', *, *, #1421, .T. ) ;
#9167 = CARTESIAN_POINT ( 'NONE',  ( 21.06010788337536600, 68.08572968216856200, 47.29108936670987600 ) ) ;
#9168 = CARTESIAN_POINT ( 'NONE',  ( 3.641140079756280700, -32.91560170640237700, 47.22577069338046100 ) ) ;
#9169 = CYLINDRICAL_SURFACE ( 'NONE', #8252, 4.900000000000000400 ) ;
#9170 = ORIENTED_EDGE ( 'NONE', *, *, #6573, .F. ) ;
#9171 = EDGE_CURVE ( 'NONE', #8824, #1826, #4892, .T. ) ;
#9172 = CARTESIAN_POINT ( 'NONE',  ( -25.32239115883506700, -32.91517397298864000, 13.77294528950234200 ) ) ;
#9173 = VERTEX_POINT ( 'NONE', #2927 ) ;
#9174 = EDGE_LOOP ( 'NONE', ( #9330, #923, #7161, #931 ) ) ;
#9175 = CIRCLE ( 'NONE', #5656, 1.399999999999998600 ) ;
#9176 = CARTESIAN_POINT ( 'NONE',  ( 60.16044702067368600, 70.30479599894570700, 35.12228167828143900 ) ) ;
#9177 = CARTESIAN_POINT ( 'NONE',  ( 52.37433941758139600, -30.28554317329503600, 47.10246068753050300 ) ) ;
#9178 = ORIENTED_EDGE ( 'NONE', *, *, #5767, .T. ) ;
#9179 = CARTESIAN_POINT ( 'NONE',  ( -12.59671166601567700, -33.15563365417249700, 14.51105109821025100 ) ) ;
#9180 = CARTESIAN_POINT ( 'NONE',  ( 18.63919460971813500, -33.05384168362334700, 46.80504510122569400 ) ) ;
#9181 = CARTESIAN_POINT ( 'NONE',  ( -38.43752760385750400, 33.35024010312945800, 7.000000000000000000 ) ) ;
#9182 = ORIENTED_EDGE ( 'NONE', *, *, #10524, .T. ) ;
#9183 = ORIENTED_EDGE ( 'NONE', *, *, #5566, .F. ) ;
#9184 = CARTESIAN_POINT ( 'NONE',  ( -12.07205834040419600, 68.14671070864795900, 47.08055067344099600 ) ) ;
#9185 = AXIS2_PLACEMENT_3D ( 'NONE', #9150, #7393, #761 ) ;
#9186 = ORIENTED_EDGE ( 'NONE', *, *, #1985, .F. ) ;
#9187 = CARTESIAN_POINT ( 'NONE',  ( 60.16044702067369300, 43.63761170006511500, 26.17902992074464700 ) ) ;
#9188 = CARTESIAN_POINT ( 'NONE',  ( -58.94902193369218000, 68.25073863944457700, 14.28464133985791700 ) ) ;
#9189 = EDGE_CURVE ( 'NONE', #6571, #10434, #6746, .T. ) ;
#9190 = EDGE_LOOP ( 'NONE', ( #10656, #1684, #8140, #5906, #5375 ) ) ;
#9191 = CARTESIAN_POINT ( 'NONE',  ( 21.05817479306373100, 68.08542183316700400, 13.70785373847572000 ) ) ;
#9192 = CARTESIAN_POINT ( 'NONE',  ( 37.41594816746123100, 71.00959411753548500, 14.50803016031317800 ) ) ;
#9193 = ORIENTED_EDGE ( 'NONE', *, *, #5389, .T. ) ;
#9194 = DIRECTION ( 'NONE',  ( 1.000000000000000000, 1.609823385706476600E-015, 1.156482317317871500E-016 ) ) ;
#9195 = CARTESIAN_POINT ( 'NONE',  ( 32.63713292319751200, -20.38517556395939700, 3.000000000000000000 ) ) ;
#9196 = DIRECTION ( 'NONE',  ( 1.609823385706476600E-015, -1.000000000000000000, -4.165779463821302700E-032 ) ) ;
#9197 = ORIENTED_EDGE ( 'NONE', *, *, #4292, .T. ) ;
#9198 = ORIENTED_EDGE ( 'NONE', *, *, #1805, .F. ) ;
#9199 = CARTESIAN_POINT ( 'NONE',  ( 37.40531829286619800, 71.01102317295439500, 46.48592630112440800 ) ) ;
#9200 = EDGE_LOOP ( 'NONE', ( #7034, #6869, #9860, #4728, #129, #2267 ) ) ;
#9201 = CARTESIAN_POINT ( 'NONE',  ( -11.50182649008198500, 70.71487442898786900, 13.60820298217127800 ) ) ;
#9202 = CARTESIAN_POINT ( 'NONE',  ( 6.647947738464218900, -33.38128434154886300, 45.75724934956181800 ) ) ;
#9203 = LINE ( 'NONE', #3058, #3938 ) ;
#9204 = EDGE_CURVE ( 'NONE', #461, #2713, #2676, .T. ) ;
#9205 = ADVANCED_FACE ( 'NONE', ( #9774 ), #3714, .F. ) ;
#9206 = CARTESIAN_POINT ( 'NONE',  ( -57.99282439762417600, 68.05535546595743300, 47.39494116741399700 ) ) ;
#9207 = ORIENTED_EDGE ( 'NONE', *, *, #5756, .T. ) ;
#9208 = ORIENTED_EDGE ( 'NONE', *, *, #4611, .F. ) ;
#9209 = ORIENTED_EDGE ( 'NONE', *, *, #3754, .F. ) ;
#9210 = UNCERTAINTY_MEASURE_WITH_UNIT (LENGTH_MEASURE( 1.000000000000000100E-005 ), #9470, 'distance_accuracy_value', 'NONE');
#9211 = CARTESIAN_POINT ( 'NONE',  ( -26.07483104671417000, -32.82317235047382600, 13.49946613378536000 ) ) ;
#9212 = B_SPLINE_CURVE_WITH_KNOTS ( 'NONE', 3,
 ( #1183, #7816, #9389, #1996, #3555, #1075, #4395, #6883, #7703, #5295, #8521, #9354, #4432, #5261, #276, #6920, #7741, #4470, #10237, #7994, #1221, #7135, #3012, #4692, #2187, #8667 ),
 .UNSPECIFIED., .F., .F.,
 ( 4, 2, 2, 2, 2, 2, 2, 2, 2, 2, 2, 2, 4 ),
 ( 0.006342387075903244300, 0.006740216801652400100, 0.007138046527401555000, 0.007933705978899866600, 0.008331535704649017200, 0.008729365430398166100, 0.009127195156147316700, 0.009525024881896467300, 0.01032068433339476700, 0.01071851405914392400, 0.01111634378489307800, 0.01191200323639138700, 0.01270766268788969500 ),
 .UNSPECIFIED. ) ;
#9213 = CIRCLE ( 'NONE', #41, 1.399999999999998600 ) ;
#9214 = DIRECTION ( 'NONE',  ( 1.000000000000000000, 0.0000000000000000000, 0.0000000000000000000 ) ) ;
#9215 = DIRECTION ( 'NONE',  ( 1.619075244245020000E-015, -1.000000000000000000, 0.0000000000000000000 ) ) ;
#9216 = CARTESIAN_POINT ( 'NONE',  ( -12.74110834625309800, -33.26665795402286100, 14.86715418018974000 ) ) ;
#9217 = DIRECTION ( 'NONE',  ( 1.000000000000000000, -0.0000000000000000000, 0.0000000000000000000 ) ) ;
#9218 = ORIENTED_EDGE ( 'NONE', *, *, #1139, .T. ) ;
#9219 = CARTESIAN_POINT ( 'NONE',  ( -19.42747625105105400, 69.69640507236756800, 40.18515285733980800 ) ) ;
#9220 = AXIS2_PLACEMENT_3D ( 'NONE', #6801, #7085, #986 ) ;
#9221 = ORIENTED_EDGE ( 'NONE', *, *, #8449, .F. ) ;
#9222 = VERTEX_POINT ( 'NONE', #7262 ) ;
#9223 = CARTESIAN_POINT ( 'NONE',  ( 2.721848187554555000, -33.30500036743755700, 14.99163790877212700 ) ) ;
#9224 = EDGE_CURVE ( 'NONE', #10391, #8444, #4369, .T. ) ;
#9225 = VECTOR ( 'NONE', #603, 1000.000000000000000 ) ;
#9226 = DIRECTION ( 'NONE',  ( 1.609823385706476600E-015, -1.000000000000000000, -4.165779463821302700E-032 ) ) ;
#9227 = CARTESIAN_POINT ( 'NONE',  ( -56.32623426874639000, 68.10373318765813600, 13.77070553294020000 ) ) ;
#9228 = CARTESIAN_POINT ( 'NONE',  ( 52.24626661697973900, -30.23244035168673300, 47.29251208957126100 ) ) ;
#9229 = CARTESIAN_POINT ( 'NONE',  ( -39.83955297932631400, 73.48310668740397500, 30.50000000000000400 ) ) ;
#9230 = LINE ( 'NONE', #4156, #953 ) ;
#9231 = VERTEX_POINT ( 'NONE', #9673 ) ;
#9232 = DIRECTION ( 'NONE',  ( 0.0000000000000000000, 0.0000000000000000000, -1.000000000000000000 ) ) ;
#9233 = CARTESIAN_POINT ( 'NONE',  ( 21.77105277023697000, 70.93843228486484500, 14.28598676118487600 ) ) ;
#9234 = LINE ( 'NONE', #6106, #169 ) ;
#9235 = CARTESIAN_POINT ( 'NONE',  ( 49.16044702067387800, -33.45785864922132900, 45.50000000000000000 ) ) ;
#9236 = EDGE_CURVE ( 'NONE', #2365, #4879, #1, .T. ) ;
#9237 = DIRECTION ( 'NONE',  ( -0.0000000000000000000, 0.0000000000000000000, 1.000000000000000000 ) ) ;
#9238 = CARTESIAN_POINT ( 'NONE',  ( -43.44902193369200900, -30.39582138151718400, 14.28464133985792400 ) ) ;
#9239 = AXIS2_PLACEMENT_3D ( 'NONE', #8453, #7886, #5367 ) ;
#9240 = CYLINDRICAL_SURFACE ( 'NONE', #2904, 1.000000000000000900 ) ;
#9241 = VERTEX_POINT ( 'NONE', #7955 ) ;
#9242 = CARTESIAN_POINT ( 'NONE',  ( 5.564386502999417100, -32.89447195299492700, 47.28897289183627400 ) ) ;
#9243 = CIRCLE ( 'NONE', #1545, 59.03175416344812000 ) ;
#9244 = CARTESIAN_POINT ( 'NONE',  ( 49.75426148541201600, 68.18808812509077200, 46.93630597778145800 ) ) ;
#9245 = DIRECTION ( 'NONE',  ( -0.0000000000000000000, 0.0000000000000000000, 1.000000000000000000 ) ) ;
#9246 = ORIENTED_EDGE ( 'NONE', *, *, #9021, .T. ) ;
#9247 = LINE ( 'NONE', #8435, #972 ) ;
#9248 = CARTESIAN_POINT ( 'NONE',  ( 34.14231714715067800, -30.36930292958324500, 46.80868971097898900 ) ) ;
#9249 = ORIENTED_EDGE ( 'NONE', *, *, #5368, .T. ) ;
#9250 = EDGE_CURVE ( 'NONE', #7933, #6554, #3190, .T. ) ;
#9251 = CARTESIAN_POINT ( 'NONE',  ( -71.04602967032580800, 60.67025643711578900, 8.000000000000000000 ) ) ;
#9252 = AXIS2_PLACEMENT_3D ( 'NONE', #1844, #7627, #3509 ) ;
#9253 = LINE ( 'NONE', #5943, #2410 ) ;
#9254 = CARTESIAN_POINT ( 'NONE',  ( 18.25881632353102900, -33.26667909558638300, 46.13278356156682500 ) ) ;
#9255 = EDGE_CURVE ( 'NONE', #7518, #427, #4634, .T. ) ;
#9256 = FACE_OUTER_BOUND ( 'NONE', #506, .T. ) ;
#9257 = CARTESIAN_POINT ( 'NONE',  ( 5.561834362095673600, -32.89401196796838200, 13.70965140868847100 ) ) ;
#9258 = LINE ( 'NONE', #9351, #7978 ) ;
#9259 = ORIENTED_EDGE ( 'NONE', *, *, #1139, .F. ) ;
#9260 = ADVANCED_FACE ( 'NONE', ( #1500 ), #6938, .F. ) ;
#9261 = CARTESIAN_POINT ( 'NONE',  ( -132.8082378770764600, 73.48310668740396100, 30.50000000000000400 ) ) ;
#9262 = CARTESIAN_POINT ( 'NONE',  ( -57.47678040068693400, 68.02446546358442000, 13.50023440605406200 ) ) ;
#9263 = CYLINDRICAL_SURFACE ( 'NONE', #10092, 1.899999999999999000 ) ;
#9264 = CARTESIAN_POINT ( 'NONE',  ( 19.50191250887058600, 68.05590197897603800, 13.60692099700160400 ) ) ;
#9265 = CARTESIAN_POINT ( 'NONE',  ( 34.42540225531089200, -30.29234522573728200, 13.92136558584264000 ) ) ;
#9266 = CARTESIAN_POINT ( 'NONE',  ( -27.94192604277034800, -33.08655644579640400, 46.70377594517700700 ) ) ;
#9267 = FACE_OUTER_BOUND ( 'NONE', #9617, .T. ) ;
#9268 = LINE ( 'NONE', #1611, #210 ) ;
#9269 = CARTESIAN_POINT ( 'NONE',  ( -13.11752760385748600, 39.09024010312946700, 3.000000000000000000 ) ) ;
#9270 = LINE ( 'NONE', #9360, #853 ) ;
#9271 = DIRECTION ( 'NONE',  ( 1.000000000000000000, 0.0000000000000000000, 0.0000000000000000000 ) ) ;
#9272 = EDGE_CURVE ( 'NONE', #6101, #9799, #2789, .T. ) ;
#9273 = CARTESIAN_POINT ( 'NONE',  ( -61.04602967032580100, 0.0000000000000000000, 0.0000000000000000000 ) ) ;
#9274 = CIRCLE ( 'NONE', #4340, 2.500000000000002200 ) ;
#9275 = CARTESIAN_POINT ( 'NONE',  ( -9.506208563845920200, 68.17087352066856500, 14.00361017943397900 ) ) ;
#9276 = DIRECTION ( 'NONE',  ( -1.594400883811535600E-015, 1.000000000000000000, -1.047444401652940000E-014 ) ) ;
#9277 = ORIENTED_EDGE ( 'NONE', *, *, #6995, .F. ) ;
#9278 = DIRECTION ( 'NONE',  ( 1.573428027951567600E-015, -1.000000000000000000, 0.0000000000000000000 ) ) ;
#9279 = DIRECTION ( 'NONE',  ( -4.625929269271484900E-016, 1.000000000000000000, 0.0000000000000000000 ) ) ;
#9280 = DIRECTION ( 'NONE',  ( -1.000000000000000000, -0.0000000000000000000, 0.0000000000000000000 ) ) ;
#9281 = CARTESIAN_POINT ( 'NONE',  ( -28.27815181244545400, -33.30500036743757200, 14.99163790877212000 ) ) ;
#9282 = AXIS2_PLACEMENT_3D ( 'NONE', #5692, #3222, #1443 ) ;
#9283 = CYLINDRICAL_SURFACE ( 'NONE', #6896, 1.999999999999998200 ) ;
#9284 = CARTESIAN_POINT ( 'NONE',  ( 60.16044702067369300, -27.27022232858981700, 9.051394891863601800 ) ) ;
#9285 = EDGE_CURVE ( 'NONE', #9332, #4227, #896, .T. ) ;
#9286 = ORIENTED_EDGE ( 'NONE', *, *, #7847, .F. ) ;
#9287 = DIRECTION ( 'NONE',  ( 1.000000000000000000, 1.609823385706476600E-015, -0.0000000000000000000 ) ) ;
#9288 = CARTESIAN_POINT ( 'NONE',  ( 22.09903329396233200, -33.30506167706867200, 46.00815311873946500 ) ) ;
#9289 = CARTESIAN_POINT ( 'NONE',  ( -57.06941588792705700, 70.68294828389902300, 47.48622826149019000 ) ) ;
#9290 = LINE ( 'NONE', #7913, #10084 ) ;
#9291 = DIRECTION ( 'NONE',  ( 1.000000000000000000, 0.0000000000000000000, -0.0000000000000000000 ) ) ;
#9292 = ORIENTED_EDGE ( 'NONE', *, *, #2189, .F. ) ;
#9293 = ORIENTED_EDGE ( 'NONE', *, *, #7878, .F. ) ;
#9294 = AXIS2_PLACEMENT_3D ( 'NONE', #3347, #2364, #9877 ) ;
#9295 = CARTESIAN_POINT ( 'NONE',  ( -9.506208563845753200, -30.31595626274118200, 14.00361017943399000 ) ) ;
#9296 = CARTESIAN_POINT ( 'NONE',  ( 50.25139477635611500, -28.28326853256122000, 52.07775732844564200 ) ) ;
#9297 = AXIS2_PLACEMENT_3D ( 'NONE', #2632, #8398, #8295 ) ;
#9298 = ORIENTED_EDGE ( 'NONE', *, *, #9236, .F. ) ;
#9299 = CARTESIAN_POINT ( 'NONE',  ( 51.01301599267011300, 67.43413985404619400, 49.38551432328191000 ) ) ;
#9300 = CYLINDRICAL_SURFACE ( 'NONE', #3081, 1.000000000000000900 ) ;
#9301 = CARTESIAN_POINT ( 'NONE',  ( -61.04602967032580100, -26.37519891327379200, 52.00000000000002100 ) ) ;
#9302 = EDGE_LOOP ( 'NONE', ( #826, #7745, #4730, #5309, #2500, #2230 ) ) ;
#9303 = DIRECTION ( 'NONE',  ( -1.000000000000000000, 0.0000000000000000000, 0.0000000000000000000 ) ) ;
#9304 = CARTESIAN_POINT ( 'NONE',  ( -43.82725358336252000, -30.65625525197417300, 15.24349833912912200 ) ) ;
#9305 = ORIENTED_EDGE ( 'NONE', *, *, #179, .F. ) ;
#9306 = CARTESIAN_POINT ( 'NONE',  ( -12.74027679334710000, 68.41020149940833100, 14.86456217552655600 ) ) ;
#9307 = ORIENTED_EDGE ( 'NONE', *, *, #10125, .F. ) ;
#9308 = CARTESIAN_POINT ( 'NONE',  ( -32.08752760385749500, -14.90975989687055900, 7.000000000000000000 ) ) ;
#9309 = EDGE_CURVE ( 'NONE', #1763, #2638, #10166, .T. ) ;
#9310 = ORIENTED_EDGE ( 'NONE', *, *, #7523, .T. ) ;
#9311 = DIRECTION ( 'NONE',  ( 1.000000000000000000, -0.0000000000000000000, 0.0000000000000000000 ) ) ;
#9312 = CARTESIAN_POINT ( 'NONE',  ( 45.91044702067376400, 10.48310668740399300, 30.50000000000000000 ) ) ;
#9313 = AXIS2_PLACEMENT_3D ( 'NONE', #7968, #541, #10521 ) ;
#9314 = ORIENTED_EDGE ( 'NONE', *, *, #6141, .T. ) ;
#9315 = AXIS2_PLACEMENT_3D ( 'NONE', #6041, #5106, #1025 ) ;
#9316 = DIRECTION ( 'NONE',  ( 0.0000000000000000000, -1.000000000000000000, 0.0000000000000000000 ) ) ;
#9317 = CARTESIAN_POINT ( 'NONE',  ( 21.49924802116406000, 70.84798285723593400, 46.99152284956493000 ) ) ;
#9318 = ORIENTED_EDGE ( 'NONE', *, *, #9603, .T. ) ;
#9319 = ORIENTED_EDGE ( 'NONE', *, *, #7337, .F. ) ;
#9320 = CARTESIAN_POINT ( 'NONE',  ( 50.25887740237683200, -30.23109038332445000, 13.70986368167313100 ) ) ;
#9321 = ORIENTED_EDGE ( 'NONE', *, *, #4913, .T. ) ;
#9322 = CARTESIAN_POINT ( 'NONE',  ( 37.26820635567703000, 68.25005060174734700, 14.28218670468146500 ) ) ;
#9323 = CARTESIAN_POINT ( 'NONE',  ( 80.44901622941746700, 67.85138516079013000, 12.92499999999895800 ) ) ;
#9324 = ORIENTED_EDGE ( 'NONE', *, *, #4808, .F. ) ;
#9325 = CARTESIAN_POINT ( 'NONE',  ( -55.33955297932629900, 71.31277590714869100, 45.50000000000000000 ) ) ;
#9326 = EDGE_LOOP ( 'NONE', ( #3977, #4579, #504, #3513 ) ) ;
#9327 = CARTESIAN_POINT ( 'NONE',  ( 52.66044702067391400, -24.88641407228938400, 46.82287565553222900 ) ) ;
#9328 = EDGE_CURVE ( 'NONE', #883, #9957, #189, .T. ) ;
#9329 = ORIENTED_EDGE ( 'NONE', *, *, #5378, .T. ) ;
#9330 = ORIENTED_EDGE ( 'NONE', *, *, #3258, .F. ) ;
#9331 = CARTESIAN_POINT ( 'NONE',  ( -12.44902193369201300, -30.39582138151718000, 14.28464133985792000 ) ) ;
#9332 = VERTEX_POINT ( 'NONE', #5689 ) ;
#9333 = DIRECTION ( 'NONE',  ( 1.609823385706476600E-015, -1.000000000000000000, -4.165779463821302700E-032 ) ) ;
#9334 = CARTESIAN_POINT ( 'NONE',  ( -27.86080539028189000, -33.05384168362335400, 46.80504510122570800 ) ) ;
#9335 = VERTEX_POINT ( 'NONE', #6476 ) ;
#9336 = LINE ( 'NONE', #7885, #3813 ) ;
#9337 = CARTESIAN_POINT ( 'NONE',  ( 2.857337608630084800, 68.34502242109525100, 46.37495291163286000 ) ) ;
#9338 = DIRECTION ( 'NONE',  ( 1.000000000000000000, 1.609823385706476600E-015, -0.0000000000000000000 ) ) ;
#9339 = CARTESIAN_POINT ( 'NONE',  ( -18.48955297932633700, 68.75033111293781500, 39.64324803444073100 ) ) ;
#9340 = CARTESIAN_POINT ( 'NONE',  ( -17.48955297932633400, 63.74065331216825600, 40.33524465737404100 ) ) ;
#9341 = CARTESIAN_POINT ( 'NONE',  ( -12.83955297932631700, 71.27490271540914100, 15.37186173385272500 ) ) ;
#9342 = ORIENTED_EDGE ( 'NONE', *, *, #9997, .T. ) ;
#9343 = ORIENTED_EDGE ( 'NONE', *, *, #9433, .F. ) ;
#9344 = ORIENTED_EDGE ( 'NONE', *, *, #5337, .T. ) ;
#9345 = DIRECTION ( 'NONE',  ( 1.000000000000000000, 3.569163070562645700E-016, 0.0000000000000000000 ) ) ;
#9346 = CARTESIAN_POINT ( 'NONE',  ( -12.59475603553767400, 68.31299051968289900, 14.50733126608359100 ) ) ;
#9347 = DIRECTION ( 'NONE',  ( 1.609823385706476600E-015, -1.000000000000000000, -4.165779463821302700E-032 ) ) ;
#9348 = EDGE_CURVE ( 'NONE', #385, #10305, #7448, .T. ) ;
#9349 = LINE ( 'NONE', #6565, #7299 ) ;
#9350 = CARTESIAN_POINT ( 'NONE',  ( -15.98955297932633200, 64.69007228669751400, 40.51286796564302500 ) ) ;
#9351 = CARTESIAN_POINT ( 'NONE',  ( -8.839552979326308300, 73.48310668740410300, 15.50000000000000000 ) ) ;
#9352 = VERTEX_POINT ( 'NONE', #2447 ) ;
#9353 = CARTESIAN_POINT ( 'NONE',  ( 2.758891653746739600, 71.12157521195025800, 14.86715418018974500 ) ) ;
#9354 = CARTESIAN_POINT ( 'NONE',  ( -26.99808749112927600, -30.20098472104864800, 13.60692099700159700 ) ) ;
#9355 = ORIENTED_EDGE ( 'NONE', *, *, #5200, .F. ) ;
#9356 = CARTESIAN_POINT ( 'NONE',  ( -29.98752760385749400, -14.90975989687055900, 3.000000000000000000 ) ) ;
#9357 = DIRECTION ( 'NONE',  ( 0.0000000000000000000, 0.0000000000000000000, 1.000000000000000000 ) ) ;
#9358 = CIRCLE ( 'NONE', #6979, 52.92058191901593000 ) ;
#9359 = DIRECTION ( 'NONE',  ( 1.000000000000000000, 0.0000000000000000000, 0.0000000000000000000 ) ) ;
#9360 = CARTESIAN_POINT ( 'NONE',  ( 25.88247239614251800, -18.52275989687055400, -9.140568438989676200E-032 ) ) ;
#9361 = DIRECTION ( 'NONE',  ( 1.000000000000000000, 0.0000000000000000000, -0.0000000000000000000 ) ) ;
#9362 = AXIS2_PLACEMENT_3D ( 'NONE', #2664, #10069, #3459 ) ;
#9363 = FACE_OUTER_BOUND ( 'NONE', #2386, .T. ) ;
#9364 = ORIENTED_EDGE ( 'NONE', *, *, #8283, .F. ) ;
#9365 = EDGE_CURVE ( 'NONE', #7314, #1454, #7078, .T. ) ;
#9366 = DIRECTION ( 'NONE',  ( 1.000000000000000000, 0.0000000000000000000, 0.0000000000000000000 ) ) ;
#9367 = LINE ( 'NONE', #2270, #8088 ) ;
#9368 = CARTESIAN_POINT ( 'NONE',  ( 48.72563203729011900, 69.51995733806624900, 41.20827969092918200 ) ) ;
#9369 = CARTESIAN_POINT ( 'NONE',  ( 45.16044702067369300, -27.27022232858981700, 11.05139489186361200 ) ) ;
#9370 = DIRECTION ( 'NONE',  ( -0.0000000000000000000, 0.0000000000000000000, 1.000000000000000000 ) ) ;
#9371 = CYLINDRICAL_SURFACE ( 'NONE', #10569, 1.000000000000000900 ) ;
#9372 = ORIENTED_EDGE ( 'NONE', *, *, #8737, .F. ) ;
#9373 = DIRECTION ( 'NONE',  ( 0.0000000000000000000, 0.0000000000000000000, -1.000000000000000000 ) ) ;
#9374 = CARTESIAN_POINT ( 'NONE',  ( 36.99532046545645900, -30.31634314087383000, 46.99503805186612500 ) ) ;
#9375 = CARTESIAN_POINT ( 'NONE',  ( -18.71533464225368000, 69.50711779629951100, 41.27830593766044100 ) ) ;
#9376 = PLANE ( 'NONE',  #3020 ) ;
#9377 = EDGE_CURVE ( 'NONE', #5757, #9563, #9636, .T. ) ;
#9378 = CARTESIAN_POINT ( 'NONE',  ( -40.08593854454822000, -30.45728095927588800, 14.50446528216650700 ) ) ;
#9379 = ADVANCED_FACE ( 'NONE', ( #708 ), #3056, .F. ) ;
#9380 = CIRCLE ( 'NONE', #4198, 59.99999999999997200 ) ;
#9381 = AXIS2_PLACEMENT_3D ( 'NONE', #6626, #6666, #8298 ) ;
#9382 = CARTESIAN_POINT ( 'NONE',  ( -71.04602967032580800, -80.62220839707113400, 30.50000000000002100 ) ) ;
#9383 = CARTESIAN_POINT ( 'NONE',  ( -11.10869562897713800, 68.02846313620740700, 13.51374924449797600 ) ) ;
#9384 = FACE_OUTER_BOUND ( 'NONE', #4235, .T. ) ;
#9385 = VERTEX_POINT ( 'NONE', #4921 ) ;
#9386 = DIRECTION ( 'NONE',  ( 1.000000000000000000, 0.0000000000000000000, 0.0000000000000000000 ) ) ;
#9387 = DIRECTION ( 'NONE',  ( 1.609823385706476600E-015, -1.000000000000000000, 0.0000000000000000000 ) ) ;
#9388 = LINE ( 'NONE', #9842, #7985 ) ;
#9389 = CARTESIAN_POINT ( 'NONE',  ( -28.32725358336252300, -30.65625525197417300, 15.24349833912912000 ) ) ;
#9390 = VECTOR ( 'NONE', #1982, 1000.000000000000000 ) ;
#9391 = FACE_OUTER_BOUND ( 'NONE', #5724, .T. ) ;
#9392 = EDGE_CURVE ( 'NONE', #200, #3787, #5913, .T. ) ;
#9393 = LINE ( 'NONE', #2864, #5270 ) ;
#9394 = AXIS2_PLACEMENT_3D ( 'NONE', #6762, #8363, #4264 ) ;
#9395 = CARTESIAN_POINT ( 'NONE',  ( 36.67376573125361000, 68.10373318765816500, 13.77070553294021100 ) ) ;
#9396 = EDGE_CURVE ( 'NONE', #8825, #2696, #8382, .T. ) ;
#9397 = CARTESIAN_POINT ( 'NONE',  ( 60.16044702067369300, -26.37519891327379200, 50.10000000000002300 ) ) ;
#9398 = LINE ( 'NONE', #298, #1648 ) ;
#9399 = CYLINDRICAL_SURFACE ( 'NONE', #2105, 1.000000000000000900 ) ;
#9400 = CARTESIAN_POINT ( 'NONE',  ( 60.16044702067369300, 65.12513958651717900, 11.05139489186360700 ) ) ;
#9401 = PLANE ( 'NONE',  #10210 ) ;
#9402 = ORIENTED_EDGE ( 'NONE', *, *, #2550, .F. ) ;
#9403 = CARTESIAN_POINT ( 'NONE',  ( -14.11752760385748600, 35.09024010312946700, 4.000000000000000000 ) ) ;
#9404 = CARTESIAN_POINT ( 'NONE',  ( 33.66044702067387100, -30.72293962258783000, 15.50000000000000000 ) ) ;
#9405 = DIRECTION ( 'NONE',  ( 0.0000000000000000000, 0.0000000000000000000, -1.000000000000000000 ) ) ;
#9406 = CARTESIAN_POINT ( 'NONE',  ( -28.33955297932615700, -33.45785864922134300, 45.50000000000000000 ) ) ;
#9407 = CIRCLE ( 'NONE', #9728, 1.899999999999999000 ) ;
#9408 = DIRECTION ( 'NONE',  ( -1.000000000000000000, 0.0000000000000000000, 0.0000000000000000000 ) ) ;
#9409 = CARTESIAN_POINT ( 'NONE',  ( 45.16044702067369300, -27.27022232858981700, 11.05139489186361200 ) ) ;
#9410 = DIRECTION ( 'NONE',  ( 1.000000000000000000, 1.609823385706476600E-015, -2.312964634635743000E-016 ) ) ;
#9411 = EDGE_LOOP ( 'NONE', ( #1848, #6533, #4052, #2218 ) ) ;
#9412 = EDGE_CURVE ( 'NONE', #7045, #6496, #9247, .T. ) ;
#9413 = DIRECTION ( 'NONE',  ( 0.0000000000000000000, 0.0000000000000000000, 1.000000000000000000 ) ) ;
#9414 = CARTESIAN_POINT ( 'NONE',  ( -39.83955297932621400, 10.48310668740397800, 30.50000000000000000 ) ) ;
#9415 = CARTESIAN_POINT ( 'NONE',  ( -14.11752760385748600, 36.09024010312946700, 8.490435472824181300 ) ) ;
#9416 = LINE ( 'NONE', #2599, #5184 ) ;
#9417 = CARTESIAN_POINT ( 'NONE',  ( -59.09671166601585700, 71.01055091209987300, 14.51105109821024900 ) ) ;
#9418 = DIRECTION ( 'NONE',  ( 1.000000000000000000, 0.0000000000000000000, 0.0000000000000000000 ) ) ;
#9419 = CARTESIAN_POINT ( 'NONE',  ( 49.55097806630785600, 68.25073863944459200, 14.28464133985792400 ) ) ;
#9420 = EDGE_LOOP ( 'NONE', ( #81, #1685, #5599 ) ) ;
#9421 = CARTESIAN_POINT ( 'NONE',  ( -14.11752760385748600, 36.56828578321381000, 10.26363978188264500 ) ) ;
#9422 = CARTESIAN_POINT ( 'NONE',  ( -13.11752760385748600, 38.09024010312946700, 4.000000000000000000 ) ) ;
#9423 = CARTESIAN_POINT ( 'NONE',  ( 20.69400012251525600, 70.70122637005869100, 47.43220025939528000 ) ) ;
#9424 = AXIS2_PLACEMENT_3D ( 'NONE', #9901, #10728, #7383 ) ;
#9425 = ORIENTED_EDGE ( 'NONE', *, *, #1837, .F. ) ;
#9426 = CARTESIAN_POINT ( 'NONE',  ( -12.83955297932625000, 27.37181057052338700, 30.50000000000000000 ) ) ;
#9427 = EDGE_CURVE ( 'NONE', #2630, #5625, #8992, .T. ) ;
#9428 = CARTESIAN_POINT ( 'NONE',  ( 52.17376573125378800, -30.24881592973077800, 13.77070553294021800 ) ) ;
#9429 = ORIENTED_EDGE ( 'NONE', *, *, #2965, .T. ) ;
#9430 = CARTESIAN_POINT ( 'NONE',  ( 32.63713292319751200, -20.38517556395939700, -1.040834085586084300E-014 ) ) ;
#9431 = ORIENTED_EDGE ( 'NONE', *, *, #1660, .T. ) ;
#9433 = EDGE_CURVE ( 'NONE', #5494, #4958, #10056, .T. ) ;
#9432 = CARTESIAN_POINT ( 'NONE',  ( -61.04602967032580100, 43.63761170006511500, 26.17902992074464700 ) ) ;
#9434 = CARTESIAN_POINT ( 'NONE',  ( 51.69400012251541900, -32.84630911213133000, 47.43220025939528700 ) ) ;
#9435 = ORIENTED_EDGE ( 'NONE', *, *, #5756, .F. ) ;
#9436 = CARTESIAN_POINT ( 'NONE',  ( 6.660447020673872800, -33.38120710560659900, 15.24066099409187600 ) ) ;
#9437 = CIRCLE ( 'NONE', #629, 60.00000000000000000 ) ;
#9438 = AXIS2_PLACEMENT_3D ( 'NONE', #7077, #7867, #2980 ) ;
#9439 = ORIENTED_EDGE ( 'NONE', *, *, #10460, .T. ) ;
#9440 = EDGE_CURVE ( 'NONE', #6535, #8027, #2673, .T. ) ;
#9441 = CARTESIAN_POINT ( 'NONE',  ( -12.82725358336250900, -30.65625525197416600, 15.24349833912912000 ) ) ;
#9442 = DIRECTION ( 'NONE',  ( -1.000000000000000000, -4.857238570644847900E-017, 0.0000000000000000000 ) ) ;
#9443 = CARTESIAN_POINT ( 'NONE',  ( 18.82390194753142900, -30.31678452251983600, 14.00650777892165000 ) ) ;
#9444 = AXIS2_PLACEMENT_3D ( 'NONE', #3729, #9488, #4569 ) ;
#9445 = CARTESIAN_POINT ( 'NONE',  ( -56.00620856384589500, 68.17087352066855000, 14.00361017943398100 ) ) ;
#9446 = VERTEX_POINT ( 'NONE', #1721 ) ;
#9447 = CARTESIAN_POINT ( 'NONE',  ( 60.16044702067369300, 60.67025643711581000, 8.000000000000000000 ) ) ;
#9448 = DIRECTION ( 'NONE',  ( 0.0000000000000000000, 0.0000000000000000000, 1.000000000000000000 ) ) ;
#9449 = VERTEX_POINT ( 'NONE', #3387 ) ;
#9450 = CARTESIAN_POINT ( 'NONE',  ( -18.48955297932634100, 69.77890127105484900, 39.66562843963693300 ) ) ;
#9451 = CARTESIAN_POINT ( 'NONE',  ( 53.16044702067368600, 71.31277590714871900, 15.50000000000000000 ) ) ;
#9452 = ORIENTED_EDGE ( 'NONE', *, *, #510, .T. ) ;
#9453 = CARTESIAN_POINT ( 'NONE',  ( -71.04602967032580800, 64.23011617120123200, 52.00000000000002100 ) ) ;
#9454 = ORIENTED_EDGE ( 'NONE', *, *, #8856, .F. ) ;
#9455 = CARTESIAN_POINT ( 'NONE',  ( -58.95195397523669100, 70.93927171953345100, 14.28859990521048900 ) ) ;
#9456 = ORIENTED_EDGE ( 'NONE', *, *, #6817, .F. ) ;
#9457 = EDGE_CURVE ( 'NONE', #2889, #7263, #1742, .T. ) ;
#9458 = CARTESIAN_POINT ( 'NONE',  ( -15.33955297932633100, 64.96539364637706600, 28.35098846298122800 ) ) ;
#9459 = AXIS2_PLACEMENT_3D ( 'NONE', #752, #9828, #8204 ) ;
#9460 = ORIENTED_EDGE ( 'NONE', *, *, #9377, .T. ) ;
#9461 = DIRECTION ( 'NONE',  ( -1.000000000000000000, -1.609823385706476600E-015, 0.0000000000000000000 ) ) ;
#9462 = ORIENTED_EDGE ( 'NONE', *, *, #1794, .F. ) ;
#9463 = ORIENTED_EDGE ( 'NONE', *, *, #9619, .F. ) ;
#9464 = CARTESIAN_POINT ( 'NONE',  ( 18.35577444867284000, 71.04712056448595100, 46.37164858284342700 ) ) ;
#9465 = ADVANCED_FACE ( 'NONE', ( #7325 ), #835, .F. ) ;
#9466 = EDGE_CURVE ( 'NONE', #427, #1741, #1618, .T. ) ;
#9467 = DIRECTION ( 'NONE',  ( -1.609823385706476600E-015, 1.000000000000000000, 0.0000000000000000000 ) ) ;
#9468 = FACE_OUTER_BOUND ( 'NONE', #9896, .T. ) ;
#9469 = CARTESIAN_POINT ( 'NONE',  ( 53.16044702067384300, -30.65569584776795200, 15.23956597998645900 ) ) ;
#9470 =( LENGTH_UNIT ( ) NAMED_UNIT ( * ) SI_UNIT ( .MILLI., .METRE. ) );
#9471 = EDGE_LOOP ( 'NONE', ( #8284, #3673, #9298, #1830 ) ) ;
#9472 = ORIENTED_EDGE ( 'NONE', *, *, #2440, .F. ) ;
#9473 = ORIENTED_EDGE ( 'NONE', *, *, #6456, .T. ) ;
#9474 = VERTEX_POINT ( 'NONE', #5205 ) ;
#9475 = CARTESIAN_POINT ( 'NONE',  ( 49.22232784339777800, -33.30447551494690800, 46.01007006353240300 ) ) ;
#9476 = FACE_OUTER_BOUND ( 'NONE', #2860, .T. ) ;
#9477 = CARTESIAN_POINT ( 'NONE',  ( 34.13919460971811800, -33.05384168362334700, 46.80504510122568700 ) ) ;
#9478 = EDGE_CURVE ( 'NONE', #10602, #9056, #7705, .T. ) ;
#9479 = CARTESIAN_POINT ( 'NONE',  ( 50.16286205207953200, 65.74624771886702500, 53.16164002388308800 ) ) ;
#9480 = CARTESIAN_POINT ( 'NONE',  ( -13.53881704803933100, 70.48310668740398900, 30.50000000000000000 ) ) ;
#9481 = ORIENTED_EDGE ( 'NONE', *, *, #7080, .F. ) ;
#9482 = ORIENTED_EDGE ( 'NONE', *, *, #2024, .F. ) ;
#9483 = ORIENTED_EDGE ( 'NONE', *, *, #384, .T. ) ;
#9484 = CARTESIAN_POINT ( 'NONE',  ( -132.8082378770764600, 70.48310668740396100, 30.50000000000000000 ) ) ;
#9485 = DIRECTION ( 'NONE',  ( -1.611847229761783200E-015, 1.000000000000000000, 0.0000000000000000000 ) ) ;
#9486 = DIRECTION ( 'NONE',  ( -0.0000000000000000000, -1.000000000000000000, -4.165779463821302700E-032 ) ) ;
#9487 = DIRECTION ( 'NONE',  ( 1.609823385706476600E-015, -1.000000000000000000, 0.0000000000000000000 ) ) ;
#9488 = DIRECTION ( 'NONE',  ( 1.000000000000000000, -0.0000000000000000000, 0.0000000000000000000 ) ) ;
#9489 = FACE_OUTER_BOUND ( 'NONE', #5664, .T. ) ;
#9490 = ADVANCED_FACE ( 'NONE', ( #3577 ), #9371, .F. ) ;
#9491 = CIRCLE ( 'NONE', #9394, 52.92058191901593000 ) ;
#9492 = CARTESIAN_POINT ( 'NONE',  ( -59.33955297932633500, 71.31277590714869100, 15.50000000000000000 ) ) ;
#9493 = VERTEX_POINT ( 'NONE', #6142 ) ;
#9494 = AXIS2_PLACEMENT_3D ( 'NONE', #8156, #664, #1512 ) ;
#9495 = EDGE_CURVE ( 'NONE', #2100, #8803, #5530, .T. ) ;
#9496 = DIRECTION ( 'NONE',  ( 0.0000000000000000000, 1.000000000000000000, 0.0000000000000000000 ) ) ;
#9497 = CARTESIAN_POINT ( 'NONE',  ( 50.63109455567016000, 68.04408440918864200, 13.56676028455132900 ) ) ;
#9498 = CIRCLE ( 'NONE', #3363, 1.000000000000000000 ) ;
#9499 = DIRECTION ( 'NONE',  ( 1.000000000000000000, 1.603063405027194900E-016, 0.0000000000000000000 ) ) ;
#9500 = DIRECTION ( 'NONE',  ( -1.000000000000000000, -1.609823385706476600E-015, 0.0000000000000000000 ) ) ;
#9501 = CARTESIAN_POINT ( 'NONE',  ( -9.600490427453003400, -32.96543143332154100, 47.07544141014533100 ) ) ;
#9502 = FACE_BOUND ( 'NONE', #8288, .T. ) ;
#9503 = CARTESIAN_POINT ( 'NONE',  ( 35.92516895328582600, -32.82317235047381100, 13.49946613378536100 ) ) ;
#9504 = ORIENTED_EDGE ( 'NONE', *, *, #1116, .T. ) ;
#9505 = CARTESIAN_POINT ( 'NONE',  ( 4.395085358793471300, -30.17338355687059000, 47.48680050506430200 ) ) ;
#9506 = CARTESIAN_POINT ( 'NONE',  ( 50.16286205207968900, -24.85906736560801600, 53.16164002388308800 ) ) ;
#9507 = AXIS2_PLACEMENT_3D ( 'NONE', #4389, #7659, #197 ) ;
#9508 = FACE_BOUND ( 'NONE', #3644, .T. ) ;
#9509 = DIRECTION ( 'NONE',  ( 0.0000000000000000000, 0.0000000000000000000, 1.000000000000000000 ) ) ;
#9510 = AXIS2_PLACEMENT_3D ( 'NONE', #5391, #7042, #4007 ) ;
#9511 = EDGE_CURVE ( 'NONE', #10482, #6535, #4326, .T. ) ;
#9512 = EDGE_LOOP ( 'NONE', ( #3762, #9704, #540, #2485 ) ) ;
#9513 = CARTESIAN_POINT ( 'NONE',  ( 50.14114007975629100, -32.91560170640237000, 47.22577069338044700 ) ) ;
#9514 = CIRCLE ( 'NONE', #5052, 1.399999999999998600 ) ;
#9515 = ORIENTED_EDGE ( 'NONE', *, *, #452, .F. ) ;
#9516 = CARTESIAN_POINT ( 'NONE',  ( 37.66044702067387100, -33.41951909764287600, 45.62971612474358100 ) ) ;
#9517 = DIRECTION ( 'NONE',  ( -1.573428027951567600E-015, 1.000000000000000000, 0.0000000000000000000 ) ) ;
#9518 = CARTESIAN_POINT ( 'NONE',  ( 36.55817479306389800, -30.23050457523961800, 13.70785373847572000 ) ) ;
#9519 = CARTESIAN_POINT ( 'NONE',  ( -28.24027679334710000, 68.41020149940833100, 14.86456217552655600 ) ) ;
#9520 = ADVANCED_FACE ( 'NONE', ( #7970 ), #3399, .F. ) ;
#9521 = CIRCLE ( 'NONE', #10141, 1.000000000000000900 ) ;
#9522 = CARTESIAN_POINT ( 'NONE',  ( -132.8082378770764600, 70.48310668740396100, 30.50000000000000000 ) ) ;
#9523 = CARTESIAN_POINT ( 'NONE',  ( -15.63244619813979800, 70.46577844079544700, 29.05809524416773500 ) ) ;
#9524 = CIRCLE ( 'NONE', #781, 1.000000000000000900 ) ;
#9525 = DIRECTION ( 'NONE',  ( 1.000000000000000000, 1.594400883811535600E-015, -1.755596732159894500E-029 ) ) ;
#9526 = CARTESIAN_POINT ( 'NONE',  ( -14.11752760385748400, -16.87396444631492200, 9.263639781882645300 ) ) ;
#9527 = ORIENTED_EDGE ( 'NONE', *, *, #642, .F. ) ;
#9528 = CARTESIAN_POINT ( 'NONE',  ( -17.75353351841974400, 68.45635522977055100, 40.48623681534287000 ) ) ;
#9529 = EDGE_CURVE ( 'NONE', #568, #532, #5781, .T. ) ;
#9530 = EDGE_CURVE ( 'NONE', #9067, #6571, #7845, .T. ) ;
#9531 = CARTESIAN_POINT ( 'NONE',  ( 38.94247239614252700, -14.90975989687055900, 4.000000000000000000 ) ) ;
#9532 = AXIS2_PLACEMENT_3D ( 'NONE', #6724, #1751, #5780 ) ;
#9533 = CIRCLE ( 'NONE', #10492, 5.000000000000000900 ) ;
#9534 = DIRECTION ( 'NONE',  ( 1.609823385706476600E-015, -1.000000000000000000, -4.165779463821302700E-032 ) ) ;
#9535 = LINE ( 'NONE', #2488, #2044 ) ;
#9536 = CIRCLE ( 'NONE', #7447, 59.99999999999997200 ) ;
#9537 = CARTESIAN_POINT ( 'NONE',  ( 49.17274641663734500, 68.51117250990157000, 15.24349833912912500 ) ) ;
#9538 = CARTESIAN_POINT ( 'NONE',  ( -9.500751978835765500, -32.99306559930857200, 46.99152284956495200 ) ) ;
#9539 = CYLINDRICAL_SURFACE ( 'NONE', #7647, 2.500000000000002200 ) ;
#9540 = DIRECTION ( 'NONE',  ( -1.619075244245020800E-015, 1.000000000000000000, 0.0000000000000000000 ) ) ;
#9541 = DIRECTION ( 'NONE',  ( 1.000000000000000000, -0.0000000000000000000, 0.0000000000000000000 ) ) ;
#9542 = EDGE_LOOP ( 'NONE', ( #6485, #8924, #8407, #6383 ) ) ;
#9543 = CARTESIAN_POINT ( 'NONE',  ( 50.16044702067368600, -25.13249978173830400, 53.43725393319378000 ) ) ;
#9544 = EDGE_CURVE ( 'NONE', #8403, #2713, #9118, .T. ) ;
#9545 = ADVANCED_FACE ( 'NONE', ( #4758 ), #3445, .T. ) ;
#9546 = PLANE ( 'NONE',  #9313 ) ;
#9547 = VECTOR ( 'NONE', #1016, 1000.000000000000000 ) ;
#9548 = CARTESIAN_POINT ( 'NONE',  ( 49.17302371217596900, -33.38102356820540000, 45.75812014233032700 ) ) ;
#9549 = ORIENTED_EDGE ( 'NONE', *, *, #6141, .F. ) ;
#9550 = CARTESIAN_POINT ( 'NONE',  ( 49.16044702066111700, 69.75335287228372700, 39.83100279201843800 ) ) ;
#9551 = CARTESIAN_POINT ( 'NONE',  ( -25.00620856384592000, 68.17087352066855000, 14.00361017943398600 ) ) ;
#9552 = CARTESIAN_POINT ( 'NONE',  ( 21.76820635567717600, -30.39513334381997100, 14.28218670468146500 ) ) ;
#9553 = CARTESIAN_POINT ( 'NONE',  ( 21.90330527401868800, -30.45852246694482100, 46.48953342699891800 ) ) ;
#9554 = DIRECTION ( 'NONE',  ( 1.000000000000000000, 0.0000000000000000000, 0.0000000000000000000 ) ) ;
#9555 = CARTESIAN_POINT ( 'NONE',  ( -56.10463862165139700, -30.29232730748913500, 47.07869549017868800 ) ) ;
#9556 = DIRECTION ( 'NONE',  ( 1.000000000000000000, 0.0000000000000000000, -0.0000000000000000000 ) ) ;
#9557 = CYLINDRICAL_SURFACE ( 'NONE', #9708, 1.399999999999998600 ) ;
#9558 = EDGE_CURVE ( 'NONE', #5235, #1124, #3315, .T. ) ;
#9559 = ORIENTED_EDGE ( 'NONE', *, *, #667, .F. ) ;
#9560 = DIRECTION ( 'NONE',  ( -1.000000000000000000, -4.857238570644847900E-017, -0.0000000000000000000 ) ) ;
#9561 = VERTEX_POINT ( 'NONE', #7832 ) ;
#9562 = DIRECTION ( 'NONE',  ( 0.0000000000000000000, 0.0000000000000000000, -1.000000000000000000 ) ) ;
#9563 = VERTEX_POINT ( 'NONE', #3755 ) ;
#9564 = CARTESIAN_POINT ( 'NONE',  ( 18.16044702067376400, 17.29239248953932800, 30.50000000000000400 ) ) ;
#9565 = CARTESIAN_POINT ( 'NONE',  ( 26.88247239614251800, -16.52275989687055400, 3.000000000000000000 ) ) ;
#9566 = CIRCLE ( 'NONE', #7502, 1.000000000000004700 ) ;
#9567 = CARTESIAN_POINT ( 'NONE',  ( 2.660447020673682300, 73.48310668740411700, 15.50000000000000000 ) ) ;
#9568 = CARTESIAN_POINT ( 'NONE',  ( 37.66044702067370100, 73.48310668740417400, 15.50000000000000000 ) ) ;
#9569 = ORIENTED_EDGE ( 'NONE', *, *, #7214, .F. ) ;
#9570 = CARTESIAN_POINT ( 'NONE',  ( -58.58944862568079500, -32.96333980715765900, 13.91725300995626400 ) ) ;
#9571 = CARTESIAN_POINT ( 'NONE',  ( -11.36885140135163800, -32.84591943300461700, 47.43335354415473400 ) ) ;
#9572 = ADVANCED_FACE ( 'NONE', ( #1373 ), #5262, .F. ) ;
#9573 = AXIS2_PLACEMENT_3D ( 'NONE', #2772, #6768, #9232 ) ;
#9574 = ORIENTED_EDGE ( 'NONE', *, *, #3621, .T. ) ;
#9575 = EDGE_CURVE ( 'NONE', #10305, #4500, #9894, .T. ) ;
#9576 = ORIENTED_EDGE ( 'NONE', *, *, #8682, .F. ) ;
#9577 = CARTESIAN_POINT ( 'NONE',  ( 24.88247239614251800, -20.52275989687055400, 3.000000000000000000 ) ) ;
#9578 = ORIENTED_EDGE ( 'NONE', *, *, #4064, .T. ) ;
#9579 = EDGE_LOOP ( 'NONE', ( #1753, #10653, #6453, #2233, #10129, #9740, #543, #10353, #529, #10135, #181 ) ) ;
#9580 = VERTEX_POINT ( 'NONE', #2914 ) ;
#9581 = CARTESIAN_POINT ( 'NONE',  ( -59.33955297932634200, 73.48310668740401800, 15.50000000000000000 ) ) ;
#9582 = EDGE_LOOP ( 'NONE', ( #7033, #3446, #321, #3261 ) ) ;
#9583 = CARTESIAN_POINT ( 'NONE',  ( 53.14794773846422500, -33.38128434154884900, 45.75724934956181800 ) ) ;
#9584 = ORIENTED_EDGE ( 'NONE', *, *, #9997, .F. ) ;
#9585 = EDGE_CURVE ( 'NONE', #4278, #4887, #9770, .T. ) ;
#9586 = EDGE_LOOP ( 'NONE', ( #5588, #9725 ) ) ;
#9587 = CARTESIAN_POINT ( 'NONE',  ( 49.16044702062941200, 69.72572488562289500, 40.00477953250572900 ) ) ;
#9588 = VERTEX_POINT ( 'NONE', #7901 ) ;
#9589 = DIRECTION ( 'NONE',  ( -1.000000000000000000, 0.0000000000000000000, 0.0000000000000000000 ) ) ;
#9590 = AXIS2_PLACEMENT_3D ( 'NONE', #6685, #802, #2578 ) ;
#9591 = CARTESIAN_POINT ( 'NONE',  ( 18.64231714715067400, -30.36930292958324200, 46.80868971097897500 ) ) ;
#9592 = CARTESIAN_POINT ( 'NONE',  ( 25.88247239614251400, 37.09024010312946700, 4.000000000000000000 ) ) ;
#9593 = CARTESIAN_POINT ( 'NONE',  ( -25.10049042745318500, 70.82034869124889600, 47.07544141014533100 ) ) ;
#9594 = CARTESIAN_POINT ( 'NONE',  ( 26.88247239614251400, 35.09024010312946700, 3.000000000000000000 ) ) ;
#9595 = ORIENTED_EDGE ( 'NONE', *, *, #6200, .T. ) ;
#9596 = ADVANCED_FACE ( 'NONE', ( #10037 ), #2952, .T. ) ;
#9597 = VERTEX_POINT ( 'NONE', #3335 ) ;
#9598 = ORIENTED_EDGE ( 'NONE', *, *, #7416, .T. ) ;
#9599 = ORIENTED_EDGE ( 'NONE', *, *, #6572, .F. ) ;
#9600 = DIRECTION ( 'NONE',  ( -1.000000000000000000, -1.603063405027194900E-016, -0.0000000000000000000 ) ) ;
#9601 = CARTESIAN_POINT ( 'NONE',  ( -40.09468170713365300, -33.15610591502701300, 46.48592630112438000 ) ) ;
#9602 = VECTOR ( 'NONE', #2684, 1000.000000000000000 ) ;
#9603 = EDGE_CURVE ( 'NONE', #7296, #6796, #5405, .T. ) ;
#9604 = CARTESIAN_POINT ( 'NONE',  ( 47.89342084372559300, 69.66812303114457400, 40.40024965090955100 ) ) ;
#9605 = AXIS2_PLACEMENT_3D ( 'NONE', #7032, #6890, #3631 ) ;
#9606 = CARTESIAN_POINT ( 'NONE',  ( -57.07483104671417400, -32.82317235047382600, 13.49946613378535400 ) ) ;
#9607 = PLANE ( 'NONE',  #3016 ) ;
#9608 = ORIENTED_EDGE ( 'NONE', *, *, #2245, .T. ) ;
#9609 = EDGE_CURVE ( 'NONE', #9022, #9597, #7583, .T. ) ;
#9610 = ORIENTED_EDGE ( 'NONE', *, *, #2175, .F. ) ;
#9611 = ORIENTED_EDGE ( 'NONE', *, *, #6779, .F. ) ;
#9612 = CARTESIAN_POINT ( 'NONE',  ( 24.88247239614251800, -18.52275989687055400, 9.263639781882645300 ) ) ;
#9613 = DIRECTION ( 'NONE',  ( 0.0000000000000000000, 0.9882632430608476700, 0.1527604739939493200 ) ) ;
#9614 = FACE_OUTER_BOUND ( 'NONE', #9582, .T. ) ;
#9615 = CARTESIAN_POINT ( 'NONE',  ( 34.42794165959583800, 68.14671070864797300, 47.08055067344098200 ) ) ;
#9616 = CARTESIAN_POINT ( 'NONE',  ( 35.66044702067369300, 73.48310668740417400, 45.50000000000000000 ) ) ;
#9617 = EDGE_LOOP ( 'NONE', ( #810, #9099, #5514, #4531 ) ) ;
#9618 = CARTESIAN_POINT ( 'NONE',  ( -28.33955297932623600, 10.48310668740398000, 30.50000000000000000 ) ) ;
#9619 = EDGE_CURVE ( 'NONE', #1951, #5933, #9514, .T. ) ;
#9620 = LINE ( 'NONE', #6087, #7691 ) ;
#9621 = DIRECTION ( 'NONE',  ( 0.0000000000000000000, 0.0000000000000000000, 1.000000000000000000 ) ) ;
#9622 = CARTESIAN_POINT ( 'NONE',  ( 46.99524499531940300, 70.48310668740398900, 30.50000000000000000 ) ) ;
#9623 = CARTESIAN_POINT ( 'NONE',  ( 42.71247239614250900, 33.35024010312945800, -1.040834085586084300E-014 ) ) ;
#9624 = CARTESIAN_POINT ( 'NONE',  ( -16.11300013530820900, 70.47733032715164800, 29.53864918133614400 ) ) ;
#9625 = FACE_OUTER_BOUND ( 'NONE', #9420, .T. ) ;
#9626 = VERTEX_POINT ( 'NONE', #3230 ) ;
#9627 = DIRECTION ( 'NONE',  ( 1.000000000000000000, 0.0000000000000000000, 0.0000000000000000000 ) ) ;
#9628 = CARTESIAN_POINT ( 'NONE',  ( -39.83752760385750200, 33.35024010312945800, 7.000000000000000000 ) ) ;
#9629 = CARTESIAN_POINT ( 'NONE',  ( -18.01751405760274200, 69.43895266228641100, 41.64536169340583900 ) ) ;
#9630 = CARTESIAN_POINT ( 'NONE',  ( 51.47611682340176700, -22.94668098616659400, 48.46683056926759300 ) ) ;
#9631 = FACE_OUTER_BOUND ( 'NONE', #7133, .T. ) ;
#9632 = DIRECTION ( 'NONE',  ( 1.000000000000000000, 0.0000000000000000000, 0.0000000000000000000 ) ) ;
#9633 = CARTESIAN_POINT ( 'NONE',  ( 50.19002219977424100, 62.43299577290161300, 52.64611342352538500 ) ) ;
#9634 = AXIS2_PLACEMENT_3D ( 'NONE', #7211, #1521, #9651 ) ;
#9635 = CARTESIAN_POINT ( 'NONE',  ( -41.97076030325152400, -32.82330316228682700, 47.50014823481632900 ) ) ;
#9636 = LINE ( 'NONE', #9050, #1095 ) ;
#9637 = EDGE_LOOP ( 'NONE', ( #6782, #6974, #5773, #1089 ) ) ;
#9638 = EDGE_CURVE ( 'NONE', #6640, #7410, #460, .T. ) ;
#9639 = CARTESIAN_POINT ( 'NONE',  ( -12.83955297932615200, -30.72293962258783800, 15.50000000000000000 ) ) ;
#9640 = CARTESIAN_POINT ( 'NONE',  ( 42.71247239614250900, 33.35024010312945800, 3.000000000000000000 ) ) ;
#9641 = LINE ( 'NONE', #5679, #7454 ) ;
#9642 = VECTOR ( 'NONE', #5711, 1000.000000000000000 ) ;
#9643 = ORIENTED_EDGE ( 'NONE', *, *, #10018, .F. ) ;
#9644 = CARTESIAN_POINT ( 'NONE',  ( 34.64496048908663500, 68.10410788922963800, 47.22800376173368200 ) ) ;
#9645 = AXIS2_PLACEMENT_3D ( 'NONE', #4556, #6964, #394 ) ;
#9646 = ADVANCED_FACE ( 'NONE', ( #1235 ), #5143, .F. ) ;
#9647 = EDGE_CURVE ( 'NONE', #2616, #8508, #2162, .T. ) ;
#9648 = VECTOR ( 'NONE', #2332, 1000.000000000000000 ) ;
#9649 = AXIS2_PLACEMENT_3D ( 'NONE', #4514, #9361, #5339 ) ;
#9650 = FACE_OUTER_BOUND ( 'NONE', #1307, .T. ) ;
#9651 = DIRECTION ( 'NONE',  ( 1.000000000000000000, 0.0000000000000000000, 0.0000000000000000000 ) ) ;
#9652 = ORIENTED_EDGE ( 'NONE', *, *, #6716, .F. ) ;
#9653 = CIRCLE ( 'NONE', #9795, 4.900000000000000400 ) ;
#9654 = CARTESIAN_POINT ( 'NONE',  ( -56.04602967032580800, 65.23272459618051800, 5.954545454545448800 ) ) ;
#9655 = CARTESIAN_POINT ( 'NONE',  ( -14.52975500468217300, 62.69007228669751400, 40.51286796564304600 ) ) ;
#9656 = CARTESIAN_POINT ( 'NONE',  ( -28.33955297932623600, 10.48310668740398000, 30.50000000000000000 ) ) ;
#9657 = CIRCLE ( 'NONE', #2144, 4.900000000000000400 ) ;
#9658 = CARTESIAN_POINT ( 'NONE',  ( 21.49532046545644100, -30.31634314087384000, 46.99503805186613200 ) ) ;
#9659 = DIRECTION ( 'NONE',  ( -1.000000000000000000, -1.603063405027194900E-016, -0.0000000000000000000 ) ) ;
#9660 = LINE ( 'NONE', #4999, #5288 ) ;
#9661 = CARTESIAN_POINT ( 'NONE',  ( -58.23716024769186100, -30.23049801575834300, 47.29216817450321700 ) ) ;
#9662 = CARTESIAN_POINT ( 'NONE',  ( -17.69278427985786100, 69.65547792500926500, 40.49938483736644900 ) ) ;
#9663 = VERTEX_POINT ( 'NONE', #9897 ) ;
#9664 = CARTESIAN_POINT ( 'NONE',  ( 48.41044702067365800, 68.79603911710492500, 39.59937862464681000 ) ) ;
#9665 = EDGE_CURVE ( 'NONE', #3131, #8433, #2573, .T. ) ;
#9666 = DIRECTION ( 'NONE',  ( 1.000000000000000000, 1.603063405027194900E-016, 0.0000000000000000000 ) ) ;
#9667 = DIRECTION ( 'NONE',  ( 1.000000000000000000, 0.0000000000000000000, 0.0000000000000000000 ) ) ;
#9668 = AXIS2_PLACEMENT_3D ( 'NONE', #1128, #6969, #8579 ) ;
#9669 = AXIS2_PLACEMENT_3D ( 'NONE', #1867, #1091, #1935 ) ;
#9670 = DIRECTION ( 'NONE',  ( 0.0000000000000000000, 0.0000000000000000000, 1.000000000000000000 ) ) ;
#9671 = CARTESIAN_POINT ( 'NONE',  ( -24.43870465473657900, 68.41024321168696100, 46.13529157058126600 ) ) ;
#9672 = FACE_OUTER_BOUND ( 'NONE', #4336, .T. ) ;
#9673 = CARTESIAN_POINT ( 'NONE',  ( -12.85704271989704500, 64.69007228669742900, 29.82261583846737500 ) ) ;
#9674 = ORIENTED_EDGE ( 'NONE', *, *, #1595, .F. ) ;
#9675 = PLANE ( 'NONE',  #9282 ) ;
#9676 = ADVANCED_FACE ( 'NONE', ( #6560 ), #5765, .F. ) ;
#9677 = VECTOR ( 'NONE', #1436, 1000.000000000000000 ) ;
#9678 = CARTESIAN_POINT ( 'NONE',  ( 2.660447020673858600, -30.68971506758318000, 45.62867814821817800 ) ) ;
#9679 = PRODUCT_DEFINITION_FORMATION_WITH_SPECIFIED_SOURCE ( 'ANY', '', #4938, .NOT_KNOWN. ) ;
#9680 = CARTESIAN_POINT ( 'NONE',  ( 37.46332985977909400, 68.34488339686379300, 46.37546170744722900 ) ) ;
#9681 = VERTEX_POINT ( 'NONE', #4967 ) ;
#9682 = EDGE_CURVE ( 'NONE', #666, #5864, #2405, .T. ) ;
#9683 = CARTESIAN_POINT ( 'NONE',  ( 49.92407939908344600, 70.81965261166011800, 47.07755070606839400 ) ) ;
#9684 = VERTEX_POINT ( 'NONE', #167 ) ;
#9685 = CIRCLE ( 'NONE', #7166, 2.000000000000001800 ) ;
#9686 = ORIENTED_EDGE ( 'NONE', *, *, #5645, .F. ) ;
#9687 = CARTESIAN_POINT ( 'NONE',  ( -28.09671166601584600, 71.01055091209987300, 14.51105109821025100 ) ) ;
#9688 = CARTESIAN_POINT ( 'NONE',  ( -43.77767215660242100, 71.15939277287429800, 46.01007006353241700 ) ) ;
#9689 = ORIENTED_EDGE ( 'NONE', *, *, #8989, .F. ) ;
#9690 = CARTESIAN_POINT ( 'NONE',  ( -17.48955297932633400, 67.85138516078997400, 12.92499999999895800 ) ) ;
#9691 = DIRECTION ( 'NONE',  ( 1.000000000000000000, -0.0000000000000000000, 0.0000000000000000000 ) ) ;
#9692 = ORIENTED_EDGE ( 'NONE', *, *, #4378, .F. ) ;
#9693 = CARTESIAN_POINT ( 'NONE',  ( 4.930584112072938100, 70.68294828389906600, 47.48622826149019700 ) ) ;
#9694 = CARTESIAN_POINT ( 'NONE',  ( 50.31145048444719200, -21.47881632909572100, 51.68775542695045300 ) ) ;
#9695 = EDGE_CURVE ( 'NONE', #8813, #2992, #4104, .T. ) ;
#9696 = ORIENTED_EDGE ( 'NONE', *, *, #1805, .T. ) ;
#9697 = VECTOR ( 'NONE', #7637, 1000.000000000000000 ) ;
#9698 = PLANE ( 'NONE',  #1282 ) ;
#9699 = DIRECTION ( 'NONE',  ( 1.000000000000000000, 0.0000000000000000000, 0.0000000000000000000 ) ) ;
#9700 = ORIENTED_EDGE ( 'NONE', *, *, #3126, .T. ) ;
#9701 = ADVANCED_FACE ( 'NONE', ( #8475 ), #6298, .T. ) ;
#9702 = CARTESIAN_POINT ( 'NONE',  ( 45.16044702067369300, 54.90992920665785700, 3.000000000000000000 ) ) ;
#9703 = CARTESIAN_POINT ( 'NONE',  ( -39.83955297932613600, -33.45785864922132200, 45.50000000000000000 ) ) ;
#9704 = ORIENTED_EDGE ( 'NONE', *, *, #7561, .F. ) ;
#9705 = ORIENTED_EDGE ( 'NONE', *, *, #1953, .T. ) ;
#9706 = CARTESIAN_POINT ( 'NONE',  ( -39.83955297932622800, 20.56252476838795200, 30.50000000000000400 ) ) ;
#9707 = EDGE_LOOP ( 'NONE', ( #2209, #8562, #1480, #656 ) ) ;
#9708 = AXIS2_PLACEMENT_3D ( 'NONE', #6875, #6011, #265 ) ;
#9709 = ORIENTED_EDGE ( 'NONE', *, *, #9647, .T. ) ;
#9710 = CARTESIAN_POINT ( 'NONE',  ( -12.83955297932615400, -33.45785864922133600, 45.50000000000000000 ) ) ;
#9711 = ORIENTED_EDGE ( 'NONE', *, *, #7743, .F. ) ;
#9712 = AXIS2_PLACEMENT_3D ( 'NONE', #1349, #7072, #2077 ) ;
#9713 = AXIS2_PLACEMENT_3D ( 'NONE', #4351, #8510, #1836 ) ;
#9714 = ORIENTED_EDGE ( 'NONE', *, *, #2698, .T. ) ;
#9715 = ORIENTED_EDGE ( 'NONE', *, *, #3051, .F. ) ;
#9716 = CARTESIAN_POINT ( 'NONE',  ( -55.33955297932629200, 68.57785688051522800, 45.50000000000000000 ) ) ;
#9717 = ORIENTED_EDGE ( 'NONE', *, *, #6854, .T. ) ;
#9718 = ORIENTED_EDGE ( 'NONE', *, *, #1266, .F. ) ;
#9719 = CARTESIAN_POINT ( 'NONE',  ( 53.16044702067370100, 71.27443635557021700, 45.62971612474358800 ) ) ;
#9720 = DIRECTION ( 'NONE',  ( -1.619075244245019800E-015, 1.000000000000000000, -1.792547591842700500E-015 ) ) ;
#9721 = VECTOR ( 'NONE', #3305, 1000.000000000000000 ) ;
#9722 = EDGE_CURVE ( 'NONE', #8072, #3327, #8927, .T. ) ;
#9723 = DIRECTION ( 'NONE',  ( 1.609823385706476600E-015, -1.000000000000000000, -4.165779463821302700E-032 ) ) ;
#9724 = DIRECTION ( 'NONE',  ( -1.000000000000000000, -1.609823385706476600E-015, -2.312964634635743000E-016 ) ) ;
#9725 = ORIENTED_EDGE ( 'NONE', *, *, #10296, .T. ) ;
#9726 = ADVANCED_FACE ( 'NONE', ( #6309 ), #4240, .T. ) ;
#9727 = AXIS2_PLACEMENT_3D ( 'NONE', #8633, #3704, #9467 ) ;
#9728 = AXIS2_PLACEMENT_3D ( 'NONE', #8126, #9747, #8061 ) ;
#9729 = ORIENTED_EDGE ( 'NONE', *, *, #3015, .F. ) ;
#9730 = DIRECTION ( 'NONE',  ( 1.000000000000000000, 1.594400883811535600E-015, -1.544146327605653900E-029 ) ) ;
#9731 = ORIENTED_EDGE ( 'NONE', *, *, #8124, .T. ) ;
#9732 = CARTESIAN_POINT ( 'NONE',  ( -55.33955297932629900, 71.31277590714869100, 15.50000000000000000 ) ) ;
#9733 = ORIENTED_EDGE ( 'NONE', *, *, #9064, .F. ) ;
#9734 = CARTESIAN_POINT ( 'NONE',  ( -25.80599987748475500, 70.70122637005867700, 47.43220025939529400 ) ) ;
#9735 = CARTESIAN_POINT ( 'NONE',  ( 3.641140079756116000, 70.77051896432975300, 47.22577069338047600 ) ) ;
#9736 = VECTOR ( 'NONE', #5366, 1000.000000000000000 ) ;
#9737 = CARTESIAN_POINT ( 'NONE',  ( -8.839552979326315500, 68.57785688051524200, 15.50000000000000000 ) ) ;
#9738 = CARTESIAN_POINT ( 'NONE',  ( -8.839552979326308300, 68.57785688051524200, 45.50000000000000000 ) ) ;
#9739 = DIRECTION ( 'NONE',  ( 0.0000000000000000000, -1.000000000000000000, 0.0000000000000000000 ) ) ;
#9740 = ORIENTED_EDGE ( 'NONE', *, *, #5894, .F. ) ;
#9741 = CARTESIAN_POINT ( 'NONE',  ( 50.16044702067368600, 62.98741703966574300, 53.43725393319378000 ) ) ;
#9742 = VERTEX_POINT ( 'NONE', #6739 ) ;
#9743 = ORIENTED_EDGE ( 'NONE', *, *, #8591, .T. ) ;
#9744 = CARTESIAN_POINT ( 'NONE',  ( -43.07592060091641900, -32.96473535373275600, 47.07755070606839400 ) ) ;
#9745 = DIRECTION ( 'NONE',  ( 1.619075244245020800E-015, -1.000000000000000000, 0.0000000000000000000 ) ) ;
#9746 = CIRCLE ( 'NONE', #5536, 1.000000000000000900 ) ;
#9747 = DIRECTION ( 'NONE',  ( -1.000000000000000000, 0.0000000000000000000, 0.0000000000000000000 ) ) ;
#9748 = EDGE_CURVE ( 'NONE', #7526, #5168, #4097, .T. ) ;
#9749 = ORIENTED_EDGE ( 'NONE', *, *, #6112, .T. ) ;
#9750 = CARTESIAN_POINT ( 'NONE',  ( -61.04602967032580100, -26.37519891327379200, 52.00000000000002100 ) ) ;
#9751 = CARTESIAN_POINT ( 'NONE',  ( 37.56129534526342400, 68.41024321168698900, 46.13529157058125900 ) ) ;
#9752 = DIRECTION ( 'NONE',  ( -1.000000000000000000, -1.609823385706476600E-015, 0.0000000000000000000 ) ) ;
#9753 = ADVANCED_FACE ( 'NONE', ( #180 ), #4490, .T. ) ;
#9754 = CYLINDRICAL_SURFACE ( 'NONE', #1424, 0.5000000000000004400 ) ;
#9755 = DIRECTION ( 'NONE',  ( -1.000000000000000000, 0.0000000000000000000, 0.0000000000000000000 ) ) ;
#9756 = CARTESIAN_POINT ( 'NONE',  ( 52.39950957254683300, 70.82034869124892400, 47.07544141014531600 ) ) ;
#9757 = DIRECTION ( 'NONE',  ( -1.000000000000000000, -1.609823385706476600E-015, 0.0000000000000000000 ) ) ;
#9758 = CIRCLE ( 'NONE', #9948, 1.999999999999998200 ) ;
#9759 = ORIENTED_EDGE ( 'NONE', *, *, #7766, .F. ) ;
#9760 = B_SPLINE_CURVE_WITH_KNOTS ( 'NONE', 3,
 ( #3767, #2146, #4617, #10364, #1217, #6270, #7916, #2962, #8731, #4654, #7127, #10406, #659, #9633, #695, #8019, #1401, #9741 ),
 .UNSPECIFIED., .F., .F.,
 ( 4, 2, 2, 2, 2, 2, 2, 2, 4 ),
 ( 0.004639439729695698400, 0.005219047334705398900, 0.005798654939715100300, 0.006378262544724800900, 0.006957870149734502300, 0.007537477754744195000, 0.008117085359753889500, 0.008696692964763583900, 0.009276300569773276600 ),
 .UNSPECIFIED. ) ;
#9761 = EDGE_CURVE ( 'NONE', #1826, #3727, #4354, .T. ) ;
#9762 = CARTESIAN_POINT ( 'NONE',  ( -27.58944862568099800, 70.81825706508504900, 13.91725300995627300 ) ) ;
#9763 = CARTESIAN_POINT ( 'NONE',  ( 44.33544702067369100, 64.29857802407535400, 31.91520202535434700 ) ) ;
#9764 = VECTOR ( 'NONE', #2461, 1000.000000000000000 ) ;
#9765 = CARTESIAN_POINT ( 'NONE',  ( -43.83955297932632800, 73.48310668740404600, 15.50000000000000000 ) ) ;
#9766 = CARTESIAN_POINT ( 'NONE',  ( -14.11752760385748400, -9.714477141289696200E-016, 9.140568438989676200E-032 ) ) ;
#9767 = CARTESIAN_POINT ( 'NONE',  ( -132.8082378770764600, 65.12513958651717900, 11.05139489186360700 ) ) ;
#9768 = ORIENTED_EDGE ( 'NONE', *, *, #738, .T. ) ;
#9769 = CARTESIAN_POINT ( 'NONE',  ( 4.796135187481418400, 70.67832183841927900, 47.49984925543876100 ) ) ;
#9770 = CIRCLE ( 'NONE', #1708, 2.000000000000000000 ) ;
#9771 = VERTEX_POINT ( 'NONE', #9415 ) ;
#9772 = CARTESIAN_POINT ( 'NONE',  ( 33.66044702067386400, -33.45785864922132900, 45.50000000000000000 ) ) ;
#9773 = EDGE_CURVE ( 'NONE', #6099, #7014, #7115, .T. ) ;
#9774 = FACE_OUTER_BOUND ( 'NONE', #2731, .T. ) ;
#9775 = CARTESIAN_POINT ( 'NONE',  ( -59.33955297932634200, 73.48310668740401800, 15.50000000000000000 ) ) ;
#9776 = CARTESIAN_POINT ( 'NONE',  ( -56.04602967032580800, -23.95501194873044100, 5.000000000000000000 ) ) ;
#9777 = AXIS2_PLACEMENT_3D ( 'NONE', #1679, #6693, #1716 ) ;
#9778 = CARTESIAN_POINT ( 'NONE',  ( -40.32174440694539200, -30.36923500876989500, 46.80892437815208500 ) ) ;
#9779 = CARTESIAN_POINT ( 'NONE',  ( 26.88247239614251400, 0.0000000000000000000, 3.000000000000000000 ) ) ;
#9780 = VECTOR ( 'NONE', #8262, 1000.000000000000000 ) ;
#9781 = EDGE_CURVE ( 'NONE', #8251, #8276, #6427, .T. ) ;
#9782 = ORIENTED_EDGE ( 'NONE', *, *, #9530, .T. ) ;
#9783 = DIRECTION ( 'NONE',  ( 1.000000000000000000, 1.609823385706476600E-015, -0.0000000000000000000 ) ) ;
#9784 = DIRECTION ( 'NONE',  ( 1.000000000000000000, 3.569163070562645700E-016, 0.0000000000000000000 ) ) ;
#9785 = CYLINDRICAL_SURFACE ( 'NONE', #1563, 1.000000000000000900 ) ;
#9786 = CARTESIAN_POINT ( 'NONE',  ( 50.16044702067368600, -28.07079382360824100, 53.43725393319378000 ) ) ;
#9787 = FACE_OUTER_BOUND ( 'NONE', #5763, .T. ) ;
#9788 = CARTESIAN_POINT ( 'NONE',  ( 2.660447020673710700, 68.57785688051524200, 15.50000000000000000 ) ) ;
#9789 = CARTESIAN_POINT ( 'NONE',  ( -40.08593854454837700, 68.31219821720326000, 14.50446528216650100 ) ) ;
#9790 = LINE ( 'NONE', #2016, #9135 ) ;
#9791 = EDGE_CURVE ( 'NONE', #7605, #8825, #1879, .T. ) ;
#9792 = CARTESIAN_POINT ( 'NONE',  ( 51.66065236025490000, -23.32001110175416200, 48.16909574168949600 ) ) ;
#9793 = EDGE_CURVE ( 'NONE', #2606, #8684, #1223, .T. ) ;
#9794 = CARTESIAN_POINT ( 'NONE',  ( 24.88247239614251400, 39.09024010312946700, 4.000000000000000000 ) ) ;
#9795 = AXIS2_PLACEMENT_3D ( 'NONE', #1819, #4374, #6827 ) ;
#9796 = CARTESIAN_POINT ( 'NONE',  ( 52.76427029183177800, 70.94210176516112700, 46.70182250880206000 ) ) ;
#9797 = VECTOR ( 'NONE', #9784, 1000.000000000000000 ) ;
#9798 = CARTESIAN_POINT ( 'NONE',  ( -14.11752760385748600, 36.09024010312946700, 4.000000000000000000 ) ) ;
#9799 = VERTEX_POINT ( 'NONE', #6015 ) ;
#9800 = CARTESIAN_POINT ( 'NONE',  ( -26.07483104671434400, 70.67808960840119400, 13.49946613378535400 ) ) ;
#9801 = PLANE ( 'NONE',  #6961 ) ;
#9802 = CARTESIAN_POINT ( 'NONE',  ( 25.70162444043530700, -17.18165353266590900, 9.837216218233695700 ) ) ;
#9803 = CARTESIAN_POINT ( 'NONE',  ( -28.33955297932634200, 71.27489704920779400, 45.62815743688999200 ) ) ;
#9804 = CIRCLE ( 'NONE', #2799, 28.12686385698107800 ) ;
#9805 = CARTESIAN_POINT ( 'NONE',  ( 5.899509572546824300, 70.82034869124891000, 47.07544141014532400 ) ) ;
#9806 = EDGE_CURVE ( 'NONE', #10249, #1329, #133, .T. ) ;
#9807 = CARTESIAN_POINT ( 'NONE',  ( 53.10945263302430400, -33.30282785278759400, 14.98311939265720800 ) ) ;
#9808 = VERTEX_POINT ( 'NONE', #2740 ) ;
#9809 = ADVANCED_FACE ( 'NONE', ( #2394 ), #8555, .T. ) ;
#9810 = AXIS2_PLACEMENT_3D ( 'NONE', #8775, #6374, #6414 ) ;
#9811 = CARTESIAN_POINT ( 'NONE',  ( -14.11752760385748400, -17.52275989687055700, 8.490435472824181300 ) ) ;
#9812 = CARTESIAN_POINT ( 'NONE',  ( -132.8082378770764600, 17.29239248953930600, 30.50000000000000400 ) ) ;
#9813 = EDGE_CURVE ( 'NONE', #2442, #2724, #447, .T. ) ;
#9814 = ORIENTED_EDGE ( 'NONE', *, *, #4808, .T. ) ;
#9815 = CARTESIAN_POINT ( 'NONE',  ( -41.57226912488342700, -30.16955191514795200, 47.49975303815987400 ) ) ;
#9816 = DIRECTION ( 'NONE',  ( 1.609823385706476600E-015, -1.000000000000000000, 0.0000000000000000000 ) ) ;
#9817 = UNCERTAINTY_MEASURE_WITH_UNIT (LENGTH_MEASURE( 1.000000000000000100E-005 ), #5422, 'distance_accuracy_value', 'NONE');
#9818 = LINE ( 'NONE', #8658, #755 ) ;
#9819 = ORIENTED_EDGE ( 'NONE', *, *, #9377, .F. ) ;
#9820 = CARTESIAN_POINT ( 'NONE',  ( -24.33955297932621800, 17.29239248953932400, 30.50000000000000400 ) ) ;
#9821 = VERTEX_POINT ( 'NONE', #6079 ) ;
#9822 = ORIENTED_EDGE ( 'NONE', *, *, #8912, .F. ) ;
#9823 = CARTESIAN_POINT ( 'NONE',  ( 18.41855108937041100, 68.31296929035831100, 46.49123464712622000 ) ) ;
#9824 = CIRCLE ( 'NONE', #10071, 1.000000000000000900 ) ;
#9825 = DIRECTION ( 'NONE',  ( 1.645631508522105200E-015, -1.000000000000000000, 0.0000000000000000000 ) ) ;
#9826 = EDGE_CURVE ( 'NONE', #811, #4694, #2020, .T. ) ;
#9827 = ORIENTED_EDGE ( 'NONE', *, *, #6748, .T. ) ;
#9828 = DIRECTION ( 'NONE',  ( 1.000000000000000000, -0.0000000000000000000, -0.0000000000000000000 ) ) ;
#9829 = DIRECTION ( 'NONE',  ( 1.573428027951567600E-015, -1.000000000000000000, 5.310319594336540300E-015 ) ) ;
#9830 = EDGE_LOOP ( 'NONE', ( #5713, #4696, #6004, #2037 ) ) ;
#9831 = CARTESIAN_POINT ( 'NONE',  ( 2.759723206653065000, -30.55528424148092300, 14.86456217552655600 ) ) ;
#9832 = ORIENTED_EDGE ( 'NONE', *, *, #418, .T. ) ;
#9833 = B_SPLINE_CURVE_WITH_KNOTS ( 'NONE', 3,
 ( #6145, #2018, #3831, #361, #4524, #2165, #6255, #9443, #2954, #444, #7083, #7903, #6293, #2877, #10390, #2986, #3756, #10286, #5434, #7943, #3793, #9552, #5465, #6219, #7871, #4602 ),
 .UNSPECIFIED., .F., .F.,
 ( 4, 2, 2, 2, 2, 2, 2, 2, 2, 2, 2, 2, 4 ),
 ( 0.006342387075903224400, 0.006740216801652376700, 0.007138046527401529000, 0.007933705978899838900, 0.008331535704648989500, 0.008729365430398140100, 0.009127195156147288900, 0.009525024881896439500, 0.01032068433339473900, 0.01071851405914389700, 0.01111634378489305400, 0.01191200323639135500, 0.01270766268788966000 ),
 .UNSPECIFIED. ) ;
#9834 = ORIENTED_EDGE ( 'NONE', *, *, #6159, .T. ) ;
#9835 = EDGE_LOOP ( 'NONE', ( #1096, #5826, #2900, #254, #4572, #7276 ) ) ;
#9836 = DIRECTION ( 'NONE',  ( -1.594400883811535600E-015, 1.000000000000000000, -1.047444401652940000E-014 ) ) ;
#9837 = ORIENTED_EDGE ( 'NONE', *, *, #1062, .T. ) ;
#9838 = CARTESIAN_POINT ( 'NONE',  ( -132.8082378770763800, 67.85138516078973200, 12.92499999999820800 ) ) ;
#9839 = CARTESIAN_POINT ( 'NONE',  ( 44.33544702067367600, 64.69007228669777000, 31.91520202535432600 ) ) ;
#9840 = CARTESIAN_POINT ( 'NONE',  ( -26.06941588792707500, 70.68294828389902300, 47.48622826149019000 ) ) ;
#9841 = AXIS2_PLACEMENT_3D ( 'NONE', #3960, #4898, #1477 ) ;
#9842 = CARTESIAN_POINT ( 'NONE',  ( 45.16044702067369300, 65.12513958651717900, 9.051394891863608900 ) ) ;
#9843 = EDGE_LOOP ( 'NONE', ( #4738, #9324, #10238, #5690 ) ) ;
#9844 = EDGE_CURVE ( 'NONE', #2724, #634, #5132, .T. ) ;
#9845 = VERTEX_POINT ( 'NONE', #6231 ) ;
#9846 = CARTESIAN_POINT ( 'NONE',  ( 51.02208135128846300, -32.82344603182251300, 13.50027294252318600 ) ) ;
#9847 = ORIENTED_EDGE ( 'NONE', *, *, #2312, .F. ) ;
#9848 = VERTEX_POINT ( 'NONE', #8623 ) ;
#9849 = CARTESIAN_POINT ( 'NONE',  ( 6.660447020673713900, 70.48310668740398900, 30.50000000000000000 ) ) ;
#9850 = CARTESIAN_POINT ( 'NONE',  ( -18.48955297932633400, 64.69007228669741500, 31.91520202535433300 ) ) ;
#9851 = DIRECTION ( 'NONE',  ( 1.000000000000000000, -0.0000000000000000000, -0.0000000000000000000 ) ) ;
#9852 = VERTEX_POINT ( 'NONE', #6306 ) ;
#9853 = CARTESIAN_POINT ( 'NONE',  ( 33.66044702067377900, 27.37181057052339400, 30.50000000000000000 ) ) ;
#9854 = AXIS2_PLACEMENT_3D ( 'NONE', #10642, #1533, #5754 ) ;
#9855 = DIRECTION ( 'NONE',  ( 1.000000000000000000, 0.0000000000000000000, 0.0000000000000000000 ) ) ;
#9856 = ORIENTED_EDGE ( 'NONE', *, *, #9761, .T. ) ;
#9857 = AXIS2_PLACEMENT_3D ( 'NONE', #5173, #2770, #186 ) ;
#9858 = ORIENTED_EDGE ( 'NONE', *, *, #7606, .T. ) ;
#9859 = ORIENTED_EDGE ( 'NONE', *, *, #3093, .T. ) ;
#9860 = ORIENTED_EDGE ( 'NONE', *, *, #2381, .T. ) ;
#9861 = CARTESIAN_POINT ( 'NONE',  ( 33.66044702067368600, 73.48310668740417400, 15.50000000000000000 ) ) ;
#9862 = AXIS2_PLACEMENT_3D ( 'NONE', #10079, #23, #5002 ) ;
#9863 = ORIENTED_EDGE ( 'NONE', *, *, #156, .F. ) ;
#9864 = CARTESIAN_POINT ( 'NONE',  ( 18.22283906574888900, 68.44335759605292000, 46.01213823740299300 ) ) ;
#9865 = CARTESIAN_POINT ( 'NONE',  ( -39.83955297932629900, 68.51061310569529900, 15.23956597998646100 ) ) ;
#9866 = FACE_OUTER_BOUND ( 'NONE', #4368, .T. ) ;
#9867 = CARTESIAN_POINT ( 'NONE',  ( -43.83955297932632800, 73.48310668740404600, 15.50000000000000000 ) ) ;
#9868 = ADVANCED_FACE ( 'NONE', ( #10416 ), #10302, .F. ) ;
#9869 = VERTEX_POINT ( 'NONE', #5363 ) ;
#9870 = ORIENTED_EDGE ( 'NONE', *, *, #8656, .F. ) ;
#9871 = ORIENTED_EDGE ( 'NONE', *, *, #7819, .T. ) ;
#9872 = ORIENTED_EDGE ( 'NONE', *, *, #10059, .F. ) ;
#9873 = CARTESIAN_POINT ( 'NONE',  ( 2.672746416637492600, -30.65625525197416200, 15.24349833912911800 ) ) ;
#9874 = VECTOR ( 'NONE', #8861, 1000.000000000000000 ) ;
#9875 = EDGE_CURVE ( 'NONE', #8725, #1582, #9758, .T. ) ;
#9876 = CARTESIAN_POINT ( 'NONE',  ( 45.16044702067369300, 60.67025643711581000, 8.000000000000000000 ) ) ;
#9877 = DIRECTION ( 'NONE',  ( 0.0000000000000000000, 0.0000000000000000000, -1.000000000000000000 ) ) ;
#9878 = AXIS2_PLACEMENT_3D ( 'NONE', #8923, #8135, #5668 ) ;
#9879 = AXIS2_PLACEMENT_3D ( 'NONE', #3991, #6519, #4866 ) ;
#9880 = CARTESIAN_POINT ( 'NONE',  ( -43.35768285284950000, 68.22422018751061000, 46.80868971097898900 ) ) ;
#9881 = LINE ( 'NONE', #5230, #1076 ) ;
#9882 = VERTEX_POINT ( 'NONE', #4577 ) ;
#9883 = CARTESIAN_POINT ( 'NONE',  ( -8.938704654736579200, 68.41024321168697500, 46.13529157058128800 ) ) ;
#9884 = FACE_OUTER_BOUND ( 'NONE', #4919, .T. ) ;
#9885 = DIRECTION ( 'NONE',  ( 0.0000000000000000000, 0.6427876096865351400, 0.7660444431189815700 ) ) ;
#9886 = DIRECTION ( 'NONE',  ( 1.000000000000000000, 0.0000000000000000000, 0.0000000000000000000 ) ) ;
#9887 = CIRCLE ( 'NONE', #4438, 52.92058191901601600 ) ;
#9888 = ORIENTED_EDGE ( 'NONE', *, *, #3920, .T. ) ;
#9889 = CARTESIAN_POINT ( 'NONE',  ( 4.007175602375835600, 68.05535546595743300, 47.39494116741396800 ) ) ;
#9890 = CARTESIAN_POINT ( 'NONE',  ( -13.11752760385748600, -19.52275989687055700, 4.000000000000000000 ) ) ;
#9891 = EDGE_CURVE ( 'NONE', #10085, #4166, #6553, .T. ) ;
#9892 = LINE ( 'NONE', #2544, #10033 ) ;
#9893 = CARTESIAN_POINT ( 'NONE',  ( 47.76647182006838900, 69.43322597784177200, 41.67523181347230800 ) ) ;
#9894 = CIRCLE ( 'NONE', #1855, 2.000000000000000000 ) ;
#9895 = CARTESIAN_POINT ( 'NONE',  ( 20.42773087511644900, 68.02446917307534600, 47.49975303815987400 ) ) ;
#9896 = EDGE_LOOP ( 'NONE', ( #9709, #8425, #4059, #470, #4045, #4814 ) ) ;
#9897 = CARTESIAN_POINT ( 'NONE',  ( 60.16044702067369300, -23.32001110175416200, 48.16909574168949600 ) ) ;
#9898 = DIRECTION ( 'NONE',  ( -1.619075244245020000E-015, 1.000000000000000000, -4.452456921673804600E-015 ) ) ;
#9899 = CARTESIAN_POINT ( 'NONE',  ( -58.35503951091339300, 68.10410788922959600, 47.22800376173368200 ) ) ;
#9900 = CIRCLE ( 'NONE', #4061, 52.92058191901600800 ) ;
#9901 = CARTESIAN_POINT ( 'NONE',  ( 18.16044702067376400, 20.56252476838796300, 30.50000000000000400 ) ) ;
#9902 = CARTESIAN_POINT ( 'NONE',  ( 2.660447020673870600, -30.72293962258783800, 15.50000000000000000 ) ) ;
#9903 = LINE ( 'NONE', #3245, #2693 ) ;
#9904 = EDGE_LOOP ( 'NONE', ( #2483, #9052, #349, #7057 ) ) ;
#9905 = EDGE_CURVE ( 'NONE', #929, #6795, #2154, .T. ) ;
#9906 = DIRECTION ( 'NONE',  ( -0.0000000000000000000, -0.0000000000000000000, -1.000000000000000000 ) ) ;
#9907 = CIRCLE ( 'NONE', #5259, 52.92058191901601600 ) ;
#9908 = CARTESIAN_POINT ( 'NONE',  ( 33.72237616398744800, 68.44379260466878600, 14.98948247064432200 ) ) ;
#9909 = CARTESIAN_POINT ( 'NONE',  ( -9.035070289806288500, 71.04698018332520300, 46.37209799849231500 ) ) ;
#9910 = CIRCLE ( 'NONE', #8818, 2.499999999999998700 ) ;
#9911 = DIRECTION ( 'NONE',  ( -1.606207778533891900E-015, 1.000000000000000000, -9.178330163050810500E-016 ) ) ;
#9912 = LINE ( 'NONE', #1337, #6839 ) ;
#9913 = VECTOR ( 'NONE', #2369, 1000.000000000000000 ) ;
#9914 = CARTESIAN_POINT ( 'NONE',  ( -11.36641119629138100, 68.04387154061041100, 47.43396315314850400 ) ) ;
#9915 = ADVANCED_FACE ( 'NONE', ( #3433 ), #6812, .T. ) ;
#9916 = AXIS2_PLACEMENT_3D ( 'NONE', #75, #7494, #8318 ) ;
#9917 = CARTESIAN_POINT ( 'NONE',  ( -40.82239115883525200, 70.77009123091602300, 13.77294528950235300 ) ) ;
#9918 = AXIS2_PLACEMENT_3D ( 'NONE', #5718, #1573, #7360 ) ;
#9919 = VECTOR ( 'NONE', #10040, 1000.000000000000000 ) ;
#9920 = CARTESIAN_POINT ( 'NONE',  ( -39.83955297932615700, -30.72293962258784500, 45.50000000000000000 ) ) ;
#9921 = CARTESIAN_POINT ( 'NONE',  ( 37.60945263302416200, 71.15774511071498400, 14.98311939265720300 ) ) ;
#9922 = EDGE_CURVE ( 'NONE', #921, #3028, #3834, .T. ) ;
#9923 = VECTOR ( 'NONE', #7740, 1000.000000000000000 ) ;
#9924 = VERTEX_POINT ( 'NONE', #415 ) ;
#9925 = CARTESIAN_POINT ( 'NONE',  ( 18.22184818755439700, 71.15991762536491200, 14.99163790877213200 ) ) ;
#9926 = VECTOR ( 'NONE', #3912, 1000.000000000000000 ) ;
#9927 = CARTESIAN_POINT ( 'NONE',  ( 22.16044702067370400, 68.54422461361774300, 45.63025720958920300 ) ) ;
#9928 = CARTESIAN_POINT ( 'NONE',  ( 6.405318292866363400, -33.15610591502700500, 46.48592630112439400 ) ) ;
#9929 = CARTESIAN_POINT ( 'NONE',  ( -24.59468170713363500, -33.15610591502700500, 46.48592630112440100 ) ) ;
#9930 = VERTEX_POINT ( 'NONE', #7882 ) ;
#9931 = EDGE_CURVE ( 'NONE', #5188, #5914, #3565, .T. ) ;
#9932 = CARTESIAN_POINT ( 'NONE',  ( -59.27716093425112800, 68.44335759605293400, 46.01213823740298600 ) ) ;
#9933 = AXIS2_PLACEMENT_3D ( 'NONE', #748, #786, #4075 ) ;
#9934 = AXIS2_PLACEMENT_3D ( 'NONE', #4750, #553, #2993 ) ;
#9935 = CARTESIAN_POINT ( 'NONE',  ( -42.86695045927945100, -32.91217771585282700, 13.76377908748839300 ) ) ;
#9936 = CARTESIAN_POINT ( 'NONE',  ( -14.11752760385748400, -17.48023852640315900, 10.26363978188264500 ) ) ;
#9937 = ORIENTED_EDGE ( 'NONE', *, *, #9412, .T. ) ;
#9938 = CARTESIAN_POINT ( 'NONE',  ( -12.08944862568080800, -32.96333980715764500, 13.91725300995627100 ) ) ;
#9939 = CARTESIAN_POINT ( 'NONE',  ( -13.30572242904730700, 70.48310668740397500, 30.26690538100797300 ) ) ;
#9940 = CARTESIAN_POINT ( 'NONE',  ( -19.23181701358370800, 69.61450176900207500, 40.67303363557204000 ) ) ;
#9941 = ORIENTED_EDGE ( 'NONE', *, *, #1953, .F. ) ;
#9942 =( BOUNDED_CURVE ( )  B_SPLINE_CURVE ( 3, ( #5340, #7862, #10342, #4284 ),
 .UNSPECIFIED., .F., .F. ) 
 B_SPLINE_CURVE_WITH_KNOTS ( ( 4, 4 ),
 ( 4.712388980384691500, 6.283185307179584500 ),
 .UNSPECIFIED. ) 
 CURVE ( )  GEOMETRIC_REPRESENTATION_ITEM ( )  RATIONAL_B_SPLINE_CURVE ( ( 1.000000000000000000, 0.8047378541243654900, 0.8047378541243654900, 1.000000000000000000 ) ) 
 REPRESENTATION_ITEM ( '' )  );
#9943 = DIRECTION ( 'NONE',  ( 0.0000000000000000000, 0.0000000000000000000, -1.000000000000000000 ) ) ;
#9944 = EDGE_CURVE ( 'NONE', #1997, #5264, #9760, .T. ) ;
#9945 = CIRCLE ( 'NONE', #2718, 2.000000000000001800 ) ;
#9946 = DIRECTION ( 'NONE',  ( 1.609823385706476600E-015, -1.000000000000000000, -4.165779463821302700E-032 ) ) ;
#9947 = EDGE_LOOP ( 'NONE', ( #1659, #5624, #8865, #10246 ) ) ;
#9948 = AXIS2_PLACEMENT_3D ( 'NONE', #1255, #4536, #10326 ) ;
#9949 = DIRECTION ( 'NONE',  ( 1.000000000000000000, 0.0000000000000000000, -0.0000000000000000000 ) ) ;
#9950 = DIRECTION ( 'NONE',  ( 0.0000000000000000000, 1.000000000000000000, 0.0000000000000000000 ) ) ;
#9951 = EDGE_CURVE ( 'NONE', #5864, #1688, #2919, .T. ) ;
#9952 = CARTESIAN_POINT ( 'NONE',  ( -43.74038067647905600, -30.55532435617654800, 46.13529537627117300 ) ) ;
#9953 = DIRECTION ( 'NONE',  ( 1.609823385706476600E-015, -1.000000000000000000, -4.165779463821302700E-032 ) ) ;
#9954 = VERTEX_POINT ( 'NONE', #458 ) ;
#9955 = ORIENTED_EDGE ( 'NONE', *, *, #10003, .T. ) ;
#9956 = CARTESIAN_POINT ( 'NONE',  ( -3.591020385867859000E-013, 64.69007228669721600, -6.265108014444322200E-013 ) ) ;
#9957 = VERTEX_POINT ( 'NONE', #4723 ) ;
#9958 = CIRCLE ( 'NONE', #7301, 4.900000000000001200 ) ;
#9959 = ORIENTED_EDGE ( 'NONE', *, *, #4306, .T. ) ;
#9960 = CARTESIAN_POINT ( 'NONE',  ( 24.88247239614251800, -18.52275989687055400, 4.000000000000000000 ) ) ;
#9961 = CARTESIAN_POINT ( 'NONE',  ( 44.33544702067367600, 64.69007228669777000, 31.91520202535432600 ) ) ;
#9962 = CARTESIAN_POINT ( 'NONE',  ( 19.13304954072041400, 70.76709497378020300, 13.76377908748839500 ) ) ;
#9963 = ORIENTED_EDGE ( 'NONE', *, *, #10572, .T. ) ;
#9964 = CARTESIAN_POINT ( 'NONE',  ( 22.09850795308162900, 68.44384999936771400, 46.01029410947544600 ) ) ;
#9965 = DIRECTION ( 'NONE',  ( 1.000000000000000000, 0.0000000000000000000, 0.0000000000000000000 ) ) ;
#9966 = ORIENTED_EDGE ( 'NONE', *, *, #10564, .F. ) ;
#9967 = EDGE_CURVE ( 'NONE', #6865, #1124, #4116, .T. ) ;
#9968 = ADVANCED_FACE ( 'NONE', ( #1612 ), #2528, .F. ) ;
#9969 = ORIENTED_EDGE ( 'NONE', *, *, #5166, .F. ) ;
#9970 = EDGE_LOOP ( 'NONE', ( #8964, #7780, #7511, #10590, #3510, #3240 ) ) ;
#9971 = ORIENTED_EDGE ( 'NONE', *, *, #4271, .T. ) ;
#9972 = PLANE ( 'NONE',  #3557 ) ;
#9973 = CARTESIAN_POINT ( 'NONE',  ( -56.31743223855065100, -32.91615473439756600, 47.22411160762044300 ) ) ;
#9974 = CARTESIAN_POINT ( 'NONE',  ( -24.33955297932613200, -33.38120710560659900, 15.24066099409187200 ) ) ;
#9975 = B_SPLINE_CURVE_WITH_KNOTS ( 'NONE', 3,
 ( #6629, #8263, #3332, #9925, #2527, #3362, #9132, #4207, #9962, #7983, #10708, #145, #8790, #4114, #4877, #968, #2215, #7233, #4067, #9233, #2174, #519, #4017, #2912 ),
 .UNSPECIFIED., .F., .F.,
 ( 4, 2, 2, 2, 2, 2, 2, 2, 2, 2, 2, 4 ),
 ( 0.006369424049232930500, 0.006769429621276828100, 0.007169435193320724900, 0.007969446337408524600, 0.008769457481496323300, 0.009169463053540221800, 0.009569468625584120300, 0.01036947976967191600, 0.01076948534171581400, 0.01116949091375971400, 0.01196950205784752500, 0.01276951320193533800 ),
 .UNSPECIFIED. ) ;
#9976 = ORIENTED_EDGE ( 'NONE', *, *, #2722, .T. ) ;
#9977 = CARTESIAN_POINT ( 'NONE',  ( 34.76283975230815300, -30.23049801575833900, 47.29216817450322500 ) ) ;
#9978 = B_SPLINE_CURVE_WITH_KNOTS ( 'NONE', 3,
 ( #6395, #1279, #3902, #7082, #9519, #2915, #4601, #3023, #10349, #8005, #4708, #3867, #443, #6254, #10389, #2129, #10490, #5534, #7902, #2953, #9551, #8722, #3792, #5464, #1322, #614 ),
 .UNSPECIFIED., .F., .F.,
 ( 4, 2, 2, 2, 2, 2, 2, 2, 2, 2, 2, 2, 4 ),
 ( 0.006342387075903241700, 0.006740216801652398400, 0.007138046527401555900, 0.007933705978899870100, 0.008331535704649025900, 0.008729365430398181700, 0.009127195156147339300, 0.009525024881896495100, 0.01032068433339479800, 0.01071851405914395200, 0.01111634378489310600, 0.01191200323639140900, 0.01270766268788971000 ),
 .UNSPECIFIED. ) ;
#9979 = CARTESIAN_POINT ( 'NONE',  ( 18.16044702067387100, -33.41998545748173700, 15.37186173385272500 ) ) ;
#9980 = ORIENTED_EDGE ( 'NONE', *, *, #7588, .T. ) ;
#9981 = CARTESIAN_POINT ( 'NONE',  ( -11.50182649008180900, -32.85995717106046500, 13.60820298217128000 ) ) ;
#9982 = ORIENTED_EDGE ( 'NONE', *, *, #10212, .T. ) ;
#9983 = ORIENTED_EDGE ( 'NONE', *, *, #4435, .T. ) ;
#9984 = DIRECTION ( 'NONE',  ( 0.0000000000000000000, -0.9829457601109555800, -0.1838957114233395800 ) ) ;
#9985 = AXIS2_PLACEMENT_3D ( 'NONE', #10051, #1810, #5081 ) ;
#9986 = DIRECTION ( 'NONE',  ( 1.000000000000000000, 0.0000000000000000000, -0.0000000000000000000 ) ) ;
#9987 = EDGE_CURVE ( 'NONE', #2346, #10331, #10027, .T. ) ;
#9988 = VECTOR ( 'NONE', #67, 1000.000000000000000 ) ;
#9989 = ORIENTED_EDGE ( 'NONE', *, *, #3093, .F. ) ;
#9990 = CARTESIAN_POINT ( 'NONE',  ( 80.44901622941746700, 67.85138516079013000, 12.92499999999895800 ) ) ;
#9991 = ORIENTED_EDGE ( 'NONE', *, *, #8819, .F. ) ;
#9992 = CARTESIAN_POINT ( 'NONE',  ( -43.83955297932632800, 73.48310668740404600, 45.50000000000000000 ) ) ;
#9993 = ORIENTED_EDGE ( 'NONE', *, *, #2523, .T. ) ;
#9994 = VERTEX_POINT ( 'NONE', #559 ) ;
#9995 = DIRECTION ( 'NONE',  ( 1.594400883811535600E-015, -1.000000000000000000, 1.047444401652940000E-014 ) ) ;
#9996 = DIRECTION ( 'NONE',  ( 1.000000000000000000, 0.0000000000000000000, 0.0000000000000000000 ) ) ;
#9997 = EDGE_CURVE ( 'NONE', #8433, #10117, #2280, .T. ) ;
#9998 = FACE_OUTER_BOUND ( 'NONE', #7547, .T. ) ;
#9999 = CARTESIAN_POINT ( 'NONE',  ( 6.660447020673697000, 73.48310668740397500, 30.50000000000000400 ) ) ;
#10000 = AXIS2_PLACEMENT_3D ( 'NONE', #4671, #439, #10425 ) ;
#10001 = CARTESIAN_POINT ( 'NONE',  ( 45.16044702067369300, 67.00934761752111500, 10.38075333641062100 ) ) ;
#10002 = CARTESIAN_POINT ( 'NONE',  ( 18.16044702067386800, -33.45785864922133600, 45.50000000000000000 ) ) ;
#10003 = EDGE_CURVE ( 'NONE', #10434, #6334, #5653, .T. ) ;
#10004 = FILL_AREA_STYLE ('',( #1693 ) ) ;
#10005 = ORIENTED_EDGE ( 'NONE', *, *, #7699, .F. ) ;
#10006 = AXIS2_PLACEMENT_3D ( 'NONE', #7789, #352, #2041 ) ;
#10007 = ORIENTED_EDGE ( 'NONE', *, *, #1532, .F. ) ;
#10008 = CARTESIAN_POINT ( 'NONE',  ( -24.33955297932624600, 27.37181057052338300, 30.50000000000000000 ) ) ;
#10009 = CARTESIAN_POINT ( 'NONE',  ( 5.999248021164230900, -32.99306559930857200, 46.99152284956494400 ) ) ;
#10010 = LINE ( 'NONE', #4797, #1605 ) ;
#10011 = DIRECTION ( 'NONE',  ( 0.0000000000000000000, -0.0000000000000000000, -1.000000000000000000 ) ) ;
#10012 = CARTESIAN_POINT ( 'NONE',  ( 49.16044702067370800, 73.48310668740398900, 30.50000000000000400 ) ) ;
#10013 = CARTESIAN_POINT ( 'NONE',  ( -55.81829373339507300, -33.05388266498480500, 46.80491334438638500 ) ) ;
#10014 = ADVANCED_BREP_SHAPE_REPRESENTATION ( 'Housing', ( #8958, #6386 ), #1082 ) ;
#10015 = CARTESIAN_POINT ( 'NONE',  ( -28.24110834625310000, -33.26665795402286800, 14.86715418018973800 ) ) ;
#10016 = VECTOR ( 'NONE', #9659, 1000.000000000000000 ) ;
#10017 = ORIENTED_EDGE ( 'NONE', *, *, #8540, .F. ) ;
#10018 = EDGE_CURVE ( 'NONE', #10381, #8251, #7964, .T. ) ;
#10019 = DIRECTION ( 'NONE',  ( 0.0000000000000000000, 0.0000000000000000000, 1.000000000000000000 ) ) ;
#10020 = CARTESIAN_POINT ( 'NONE',  ( 44.11247239614250800, 33.35024010312945800, 8.650000000000000400 ) ) ;
#10021 = FACE_OUTER_BOUND ( 'NONE', #6310, .T. ) ;
#10022 = CARTESIAN_POINT ( 'NONE',  ( 53.16044702067370800, 70.30479599894567900, 35.12228167828152400 ) ) ;
#10023 = CARTESIAN_POINT ( 'NONE',  ( 18.55807395722967400, -33.08655644579639700, 46.70377594517699300 ) ) ;
#10024 = CARTESIAN_POINT ( 'NONE',  ( -9.094681707133800000, 71.01102317295436700, 46.48592630112440100 ) ) ;
#10025 = EDGE_CURVE ( 'NONE', #6726, #10305, #10157, .T. ) ;
#10026 = CARTESIAN_POINT ( 'NONE',  ( 42.71247239614250900, 33.35024010312945800, 8.650000000000000400 ) ) ;
#10027 = CIRCLE ( 'NONE', #874, 59.99999999999997200 ) ;
#10028 = ORIENTED_EDGE ( 'NONE', *, *, #5471, .T. ) ;
#10029 = CARTESIAN_POINT ( 'NONE',  ( -12.77716093425112800, 68.44335759605292000, 46.01213823740299300 ) ) ;
#10030 = ADVANCED_FACE ( 'NONE', ( #312 ), #8596, .F. ) ;
#10031 = DIRECTION ( 'NONE',  ( -1.609823385706476600E-015, 1.000000000000000000, 0.0000000000000000000 ) ) ;
#10032 = DIRECTION ( 'NONE',  ( 1.000000000000000000, 1.609823385706476600E-015, -2.312964634635743000E-016 ) ) ;
#10033 = VECTOR ( 'NONE', #1669, 1000.000000000000000 ) ;
#10034 = CARTESIAN_POINT ( 'NONE',  ( 18.25972320665291400, 68.41020149940834500, 14.86456217552655600 ) ) ;
#10035 = CARTESIAN_POINT ( 'NONE',  ( 33.90328833398416500, 71.01055091209988700, 14.51105109821025400 ) ) ;
#10036 = VERTEX_POINT ( 'NONE', #7402 ) ;
#10037 = FACE_OUTER_BOUND ( 'NONE', #5253, .T. ) ;
#10038 = ORIENTED_EDGE ( 'NONE', *, *, #9585, .F. ) ;
#10039 = DIRECTION ( 'NONE',  ( 1.000000000000000000, 0.0000000000000000000, 0.0000000000000000000 ) ) ;
#10040 = DIRECTION ( 'NONE',  ( 0.0000000000000000000, -1.000000000000000000, 0.0000000000000000000 ) ) ;
#10041 = EDGE_CURVE ( 'NONE', #9580, #8922, #8864, .T. ) ;
#10042 = CARTESIAN_POINT ( 'NONE',  ( -132.8082378770764600, 69.44617026388613100, 41.51286796564299000 ) ) ;
#10043 = CIRCLE ( 'NONE', #2409, 52.92058191901602300 ) ;
#10044 = CARTESIAN_POINT ( 'NONE',  ( -8.839552979326299500, 71.23612436353393200, 15.24066099409187400 ) ) ;
#10045 = CYLINDRICAL_SURFACE ( 'NONE', #7169, 2.000000000000001800 ) ;
#10046 = DIRECTION ( 'NONE',  ( -1.619075244245020800E-015, 1.000000000000000000, 0.0000000000000000000 ) ) ;
#10047 = CARTESIAN_POINT ( 'NONE',  ( 4.796135187481582700, -32.82340458049191100, 47.49984925543876800 ) ) ;
#10048 = CIRCLE ( 'NONE', #4702, 60.00000000000000000 ) ;
#10049 = ORIENTED_EDGE ( 'NONE', *, *, #8411, .F. ) ;
#10050 = DIRECTION ( 'NONE',  ( 1.609823385706476600E-015, -1.000000000000000000, -4.165779463821302700E-032 ) ) ;
#10051 = CARTESIAN_POINT ( 'NONE',  ( -71.04602967032580800, 63.57531163979637500, 57.36015214575593300 ) ) ;
#10052 = FACE_OUTER_BOUND ( 'NONE', #6808, .T. ) ;
#10053 = CARTESIAN_POINT ( 'NONE',  ( -57.33955297932630700, 73.48310668740401800, 45.50000000000000000 ) ) ;
#10054 = LINE ( 'NONE', #9421, #2691 ) ;
#10055 = AXIS2_PLACEMENT_3D ( 'NONE', #8194, #10577, #5655 ) ;
#10056 = B_SPLINE_CURVE_WITH_KNOTS ( 'NONE', 3,
 ( #1795, #7616, #53, #951, #10034, #6765, #10072, #989, #2631, #8397, #8329, #9264, #4344, #5857, #4201, #4995, #18, #9191, #5822, #5064, #2557, #4234, #878, #6663, #1681, #7473 ),
 .UNSPECIFIED., .F., .F.,
 ( 4, 2, 2, 2, 2, 2, 2, 2, 2, 2, 2, 2, 4 ),
 ( 0.006342387075903234800, 0.006740216801652389700, 0.007138046527401544600, 0.007933705978899854500, 0.008331535704649015500, 0.008729365430398176500, 0.009127195156147335800, 0.009525024881896496800, 0.01032068433339480800, 0.01071851405914395700, 0.01111634378489310600, 0.01191200323639139700, 0.01270766268788968600 ),
 .UNSPECIFIED. ) ;
#10057 = B_SPLINE_CURVE_WITH_KNOTS ( 'NONE', 3,
 ( #5107, #6628, #1653, #4206, #9130, #7444, #884, #2490, #3580, #3543 ),
 .UNSPECIFIED., .F., .F.,
 ( 4, 2, 2, 2, 4 ),
 ( 0.002991398167468651500, 0.003484614323315707100, 0.003977830479162762300, 0.004471046635009818400, 0.004964262790856873600 ),
 .UNSPECIFIED. ) ;
#10058 = CYLINDRICAL_SURFACE ( 'NONE', #2127, 2.000000000000001800 ) ;
#10059 = EDGE_CURVE ( 'NONE', #8523, #9882, #6688, .T. ) ;
#10060 = DIRECTION ( 'NONE',  ( -0.0000000000000000000, -0.0000000000000000000, -1.000000000000000000 ) ) ;
#10061 = CARTESIAN_POINT ( 'NONE',  ( -12.83955297932613600, -33.45785864922130800, 15.50000000000000000 ) ) ;
#10062 = CARTESIAN_POINT ( 'NONE',  ( 21.90531829286637200, -33.15610591502700500, 46.48592630112440100 ) ) ;
#10063 = CARTESIAN_POINT ( 'NONE',  ( -9.235729708168214800, 70.94210176516114100, 46.70182250880206700 ) ) ;
#10064 = VECTOR ( 'NONE', #1456, 1000.000000000000000 ) ;
#10065 = CARTESIAN_POINT ( 'NONE',  ( 6.271052770237139900, -33.08351502693745500, 14.28598676118488300 ) ) ;
#10066 = CARTESIAN_POINT ( 'NONE',  ( 33.66044702067377900, 20.56252476838796600, 30.50000000000000400 ) ) ;
#10067 = ORIENTED_EDGE ( 'NONE', *, *, #10348, .F. ) ;
#10068 = AXIS2_PLACEMENT_3D ( 'NONE', #8098, #6486, #1516 ) ;
#10069 = DIRECTION ( 'NONE',  ( -1.000000000000000000, -1.609823385706476600E-015, 0.0000000000000000000 ) ) ;
#10070 = CARTESIAN_POINT ( 'NONE',  ( -55.33955297932629900, 68.51061310569534200, 15.23956597998646200 ) ) ;
#10071 = AXIS2_PLACEMENT_3D ( 'NONE', #5810, #1667, #7461 ) ;
#10072 = CARTESIAN_POINT ( 'NONE',  ( 18.55097806630784500, 68.25073863944459200, 14.28464133985791700 ) ) ;
#10073 = CARTESIAN_POINT ( 'NONE',  ( 33.66044702067386400, -33.45785864922130800, 15.50000000000000000 ) ) ;
#10074 = EDGE_CURVE ( 'NONE', #2491, #10596, #8724, .T. ) ;
#10075 = FACE_OUTER_BOUND ( 'NONE', #8421, .T. ) ;
#10076 = CARTESIAN_POINT ( 'NONE',  ( 50.57694436334453800, 67.04851501955683100, 50.51784898447965600 ) ) ;
#10077 = DIRECTION ( 'NONE',  ( -0.7009994144339920500, -0.1311474053361134400, 0.7009994144339961600 ) ) ;
#10078 = ORIENTED_EDGE ( 'NONE', *, *, #8509, .T. ) ;
#10079 = CARTESIAN_POINT ( 'NONE',  ( 22.16044702067369300, 73.48310668740416000, 15.50000000000000000 ) ) ;
#10080 = CARTESIAN_POINT ( 'NONE',  ( 37.46492971019372200, 71.04698018332518900, 46.37209799849231500 ) ) ;
#10081 = DIRECTION ( 'NONE',  ( 1.000000000000000000, 1.594400883811535600E-015, -1.544146327605653900E-029 ) ) ;
#10082 = DIRECTION ( 'NONE',  ( -1.000000000000000000, -1.609823385706476600E-015, 2.312964634635743000E-016 ) ) ;
#10083 = CARTESIAN_POINT ( 'NONE',  ( 24.88247239614251400, 37.09024010312946700, 9.263639781882645300 ) ) ;
#10084 = VECTOR ( 'NONE', #7090, 1000.000000000000000 ) ;
#10085 = VERTEX_POINT ( 'NONE', #7471 ) ;
#10086 = ADVANCED_FACE ( 'NONE', ( #6167 ), #9240, .F. ) ;
#10087 = EDGE_CURVE ( 'NONE', #5201, #6535, #8339, .T. ) ;
#10088 = EDGE_CURVE ( 'NONE', #10417, #14, #3968, .T. ) ;
#10089 = CARTESIAN_POINT ( 'NONE',  ( -10.57226912488340400, -30.16955191514793500, 47.49975303815987400 ) ) ;
#10090 = CARTESIAN_POINT ( 'NONE',  ( 45.16044702067369300, 61.80992920665785600, 5.000000000000000000 ) ) ;
#10091 = VERTEX_POINT ( 'NONE', #8221 ) ;
#10092 = AXIS2_PLACEMENT_3D ( 'NONE', #2385, #1514, #5731 ) ;
#10093 = CARTESIAN_POINT ( 'NONE',  ( 51.23547521167711200, 68.02404390466372800, 47.50119503069184600 ) ) ;
#10094 = ORIENTED_EDGE ( 'NONE', *, *, #574, .T. ) ;
#10095 =( BOUNDED_CURVE ( )  B_SPLINE_CURVE ( 3, ( #6067, #4448, #6867, #6143 ),
 .UNSPECIFIED., .F., .F. ) 
 B_SPLINE_CURVE_WITH_KNOTS ( ( 4, 4 ),
 ( 1.570796326794887700, 1.582450991782865500 ),
 .UNSPECIFIED. ) 
 CURVE ( )  GEOMETRIC_REPRESENTATION_ITEM ( )  RATIONAL_B_SPLINE_CURVE ( ( 1.000000000000000000, 0.9999886807640329100, 0.9999886807640329100, 1.000000000000000000 ) ) 
 REPRESENTATION_ITEM ( '' )  );
#10096 = VECTOR ( 'NONE', #10060, 1000.000000000000000 ) ;
#10097 = CARTESIAN_POINT ( 'NONE',  ( 49.16044702067372200, 70.48310668740400300, 30.50000000000000000 ) ) ;
#10098 = ORIENTED_EDGE ( 'NONE', *, *, #2653, .T. ) ;
#10099 = DIRECTION ( 'NONE',  ( 1.000000000000000000, -0.0000000000000000000, -0.0000000000000000000 ) ) ;
#10100 = DIRECTION ( 'NONE',  ( -1.587348738856585400E-015, 0.9829457601109553600, 0.1838957114233399900 ) ) ;
#10101 = CARTESIAN_POINT ( 'NONE',  ( -59.33955297932635600, 71.27489704920779400, 45.62815743688999200 ) ) ;
#10102 = ADVANCED_FACE ( 'NONE', ( #2660 ), #9122, .T. ) ;
#10103 = ORIENTED_EDGE ( 'NONE', *, *, #9748, .F. ) ;
#10104 = ORIENTED_EDGE ( 'NONE', *, *, #4827, .F. ) ;
#10105 = CARTESIAN_POINT ( 'NONE',  ( -71.04602967032580800, 43.63761170006511500, 26.17902992074464700 ) ) ;
#10106 = ORIENTED_EDGE ( 'NONE', *, *, #3258, .T. ) ;
#10107 = ORIENTED_EDGE ( 'NONE', *, *, #9558, .T. ) ;
#10108 = CARTESIAN_POINT ( 'NONE',  ( 48.41044702067365800, 65.31592815729848700, 31.91520202535431800 ) ) ;
#10109 = EDGE_CURVE ( 'NONE', #3894, #10442, #10290, .T. ) ;
#10110 = ORIENTED_EDGE ( 'NONE', *, *, #920, .T. ) ;
#10111 = CARTESIAN_POINT ( 'NONE',  ( -12.77762383601241100, -30.58887534674137100, 14.98948247064432800 ) ) ;
#10112 = CARTESIAN_POINT ( 'NONE',  ( 34.75887740237681800, -30.23109038332444600, 13.70986368167313100 ) ) ;
#10113 = CARTESIAN_POINT ( 'NONE',  ( -37.33752760385750200, 33.35024010312945800, 4.000000000000000000 ) ) ;
#10114 = ORIENTED_EDGE ( 'NONE', *, *, #6290, .F. ) ;
#10115 = CARTESIAN_POINT ( 'NONE',  ( 50.89355125694523700, 67.34014985087698300, 49.66680899743418100 ) ) ;
#10116 = CARTESIAN_POINT ( 'NONE',  ( -14.11566395143685200, -16.82275989687055800, 9.324662987640136800 ) ) ;
#10117 = VERTEX_POINT ( 'NONE', #7361 ) ;
#10118 = ORIENTED_EDGE ( 'NONE', *, *, #5291, .T. ) ;
#10119 = ORIENTED_EDGE ( 'NONE', *, *, #7060, .F. ) ;
#10120 = DIRECTION ( 'NONE',  ( 1.000000000000000000, 1.603063405027194900E-016, 0.0000000000000000000 ) ) ;
#10121 = CARTESIAN_POINT ( 'NONE',  ( -14.10433714267714800, 35.51996675275351100, 9.509931843722046800 ) ) ;
#10122 = FACE_OUTER_BOUND ( 'NONE', #1033, .T. ) ;
#10123 = DIRECTION ( 'NONE',  ( 0.0000000000000000000, 1.387778780781444400E-014, 1.000000000000000000 ) ) ;
#10124 = CYLINDRICAL_SURFACE ( 'NONE', #7445, 1.900000000000000600 ) ;
#10125 = EDGE_CURVE ( 'NONE', #7014, #8922, #3183, .T. ) ;
#10126 = CARTESIAN_POINT ( 'NONE',  ( -10.97041335351865500, -30.16944285250753300, 47.50012219141359500 ) ) ;
#10127 = EDGE_LOOP ( 'NONE', ( #8694, #1170, #2522, #655 ) ) ;
#10128 = DIRECTION ( 'NONE',  ( 0.0000000000000000000, 0.0000000000000000000, -1.000000000000000000 ) ) ;
#10129 = ORIENTED_EDGE ( 'NONE', *, *, #2210, .F. ) ;
#10130 = ORIENTED_EDGE ( 'NONE', *, *, #3436, .F. ) ;
#10131 = VERTEX_POINT ( 'NONE', #3250 ) ;
#10132 = CARTESIAN_POINT ( 'NONE',  ( -26.87221172870929900, -32.84624617465429000, 13.56761369079868200 ) ) ;
#10133 = B_SPLINE_CURVE_WITH_KNOTS ( 'NONE', 3,
 ( #256, #292, #8502, #2727, #3573, #6104, #7722, #8542, #1127, #8471, #3607, #9296, #4381, #1978, #7758, #2802, #3642, #4487 ),
 .UNSPECIFIED., .F., .F.,
 ( 4, 2, 2, 2, 2, 2, 2, 2, 4 ),
 ( 0.004639439729695722700, 0.005219047334705423200, 0.005798654939715123700, 0.006378262544724824300, 0.006957870149734524800, 0.007537477754744225300, 0.008117085359753925900, 0.008696692964763625500, 0.009276300569773327000 ),
 .UNSPECIFIED. ) ;
#10134 = CYLINDRICAL_SURFACE ( 'NONE', #4719, 2.499999999999998700 ) ;
#10135 = ORIENTED_EDGE ( 'NONE', *, *, #10410, .F. ) ;
#10136 = DIRECTION ( 'NONE',  ( -5.551115123125778800E-015, 1.000000000000000000, -9.684806018886889300E-015 ) ) ;
#10137 = DIRECTION ( 'NONE',  ( 0.0000000000000000000, 0.0000000000000000000, 1.000000000000000000 ) ) ;
#10138 = CARTESIAN_POINT ( 'NONE',  ( 18.82350095074121300, -32.99248640920364300, 46.99329394968419400 ) ) ;
#10139 = ORIENTED_EDGE ( 'NONE', *, *, #608, .T. ) ;
#10140 = CARTESIAN_POINT ( 'NONE',  ( -12.77767215660241900, 71.15939277287429800, 46.01007006353241700 ) ) ;
#10141 = AXIS2_PLACEMENT_3D ( 'NONE', #5, #2576, #8386 ) ;
#10142 = ORIENTED_EDGE ( 'NONE', *, *, #2108, .T. ) ;
#10143 = ORIENTED_EDGE ( 'NONE', *, *, #4076, .T. ) ;
#10144 = EDGE_CURVE ( 'NONE', #2898, #7269, #5904, .T. ) ;
#10145 = DIRECTION ( 'NONE',  ( 1.000000000000000000, 0.0000000000000000000, 0.0000000000000000000 ) ) ;
#10146 = FACE_OUTER_BOUND ( 'NONE', #4923, .T. ) ;
#10147 = DIRECTION ( 'NONE',  ( 1.000000000000000000, 1.603063405027194900E-016, 0.0000000000000000000 ) ) ;
#10148 = CARTESIAN_POINT ( 'NONE',  ( 25.88247239614251400, 9.714477141289696200E-016, 4.000000000000000000 ) ) ;
#10149 = EDGE_LOOP ( 'NONE', ( #2920, #2241, #5074, #2191 ) ) ;
#10150 = DIRECTION ( 'NONE',  ( -1.000000000000000000, 0.0000000000000000000, 0.0000000000000000000 ) ) ;
#10151 = CARTESIAN_POINT ( 'NONE',  ( -13.11752760385748600, 38.09024010312946700, 9.263639781882645300 ) ) ;
#10152 = CARTESIAN_POINT ( 'NONE',  ( 45.16044702067369300, -27.27022232858981700, 11.05139489186361200 ) ) ;
#10153 = VECTOR ( 'NONE', #3153, 1000.000000000000000 ) ;
#10154 = PLANE ( 'NONE',  #5795 ) ;
#10155 = EDGE_CURVE ( 'NONE', #2882, #1741, #10538, .T. ) ;
#10156 = ADVANCED_FACE ( 'NONE', ( #8091, #7837, #9502, #7313, #4626, #699, #4878, #1214, #2779 ), #2647, .T. ) ;
#10157 = LINE ( 'NONE', #5785, #61 ) ;
#10158 = ORIENTED_EDGE ( 'NONE', *, *, #4243, .F. ) ;
#10159 = CARTESIAN_POINT ( 'NONE',  ( -10.57547791980800500, 68.02426035739098600, 13.49954016622349200 ) ) ;
#10160 = CARTESIAN_POINT ( 'NONE',  ( -56.04602967032580800, -23.83029685460729800, 3.104097538031595200 ) ) ;
#10161 = CARTESIAN_POINT ( 'NONE',  ( 45.16044702067369300, 65.12513958651717900, 11.05139489186360700 ) ) ;
#10162 = DIRECTION ( 'NONE',  ( 1.619075244245020000E-015, -1.000000000000000000, 0.0000000000000000000 ) ) ;
#10163 = LINE ( 'NONE', #5299, #6556 ) ;
#10164 = CARTESIAN_POINT ( 'NONE',  ( 2.672647393709496600, 71.23674877982131200, 15.24455901932127200 ) ) ;
#10165 = CARTESIAN_POINT ( 'NONE',  ( 22.14794773846405500, 71.23620159947626000, 45.75724934956181800 ) ) ;
#10166 = LINE ( 'NONE', #7228, #5004 ) ;
#10167 = VERTEX_POINT ( 'NONE', #5719 ) ;
#10168 = EDGE_CURVE ( 'NONE', #1534, #7388, #9491, .T. ) ;
#10169 = CARTESIAN_POINT ( 'NONE',  ( 42.71247239614250900, 33.35024010312945800, 8.650000000000000400 ) ) ;
#10170 = AXIS2_PLACEMENT_3D ( 'NONE', #8763, #6257, #7186 ) ;
#10171 = VECTOR ( 'NONE', #5217, 1000.000000000000000 ) ;
#10172 = CARTESIAN_POINT ( 'NONE',  ( 33.66044702067387100, -30.72293962258783000, 15.50000000000000000 ) ) ;
#10173 = CARTESIAN_POINT ( 'NONE',  ( 20.69400012251541600, -32.84630911213132300, 47.43220025939528000 ) ) ;
#10174 = CARTESIAN_POINT ( 'NONE',  ( -56.43561349700075200, 70.74938921092228800, 47.28897289183628100 ) ) ;
#10175 = EDGE_CURVE ( 'NONE', #7653, #4887, #3961, .T. ) ;
#10176 = FACE_OUTER_BOUND ( 'NONE', #778, .T. ) ;
#10177 = CYLINDRICAL_SURFACE ( 'NONE', #4554, 1.000000000000003800 ) ;
#10178 = EDGE_LOOP ( 'NONE', ( #932, #10544 ) ) ;
#10179 = CARTESIAN_POINT ( 'NONE',  ( 51.66065236025490000, -23.32001110175416200, 48.16909574168949600 ) ) ;
#10180 = LINE ( 'NONE', #7517, #10687 ) ;
#10181 = CARTESIAN_POINT ( 'NONE',  ( -9.941825206936105300, -30.23050457523962800, 13.70785373847571600 ) ) ;
#10182 = CARTESIAN_POINT ( 'NONE',  ( 2.660447020673806200, 10.48310668740398600, 30.50000000000000000 ) ) ;
#10183 = PLANE ( 'NONE',  #6509 ) ;
#10184 = DIRECTION ( 'NONE',  ( 0.0000000000000000000, 1.000000000000000000, 0.0000000000000000000 ) ) ;
#10185 = VECTOR ( 'NONE', #1828, 1000.000000000000000 ) ;
#10186 = CIRCLE ( 'NONE', #1547, 3.500000000000003100 ) ;
#10187 = CARTESIAN_POINT ( 'NONE',  ( 51.41907218504773900, 67.69774532756845500, 48.57096593176375900 ) ) ;
#10188 = CARTESIAN_POINT ( 'NONE',  ( -14.04314391076642800, -17.07518927004546300, 9.685169493783034200 ) ) ;
#10189 = FACE_OUTER_BOUND ( 'NONE', #9904, .T. ) ;
#10190 = CARTESIAN_POINT ( 'NONE',  ( -18.46941573533687000, 69.75735866050148100, 39.80499544523298300 ) ) ;
#10191 = EDGE_CURVE ( 'NONE', #7024, #1858, #4997, .T. ) ;
#10192 = DIRECTION ( 'NONE',  ( 1.000000000000000000, 0.0000000000000000000, -0.0000000000000000000 ) ) ;
#10193 = FACE_OUTER_BOUND ( 'NONE', #10271, .T. ) ;
#10194 = CARTESIAN_POINT ( 'NONE',  ( -36.33752760385750200, 33.35024010312945800, 3.000000000000000000 ) ) ;
#10195 = CARTESIAN_POINT ( 'NONE',  ( -8.839552979326294100, 68.51061310569532700, 15.23956597998646100 ) ) ;
#10196 = VERTEX_POINT ( 'NONE', #4231 ) ;
#10197 = CARTESIAN_POINT ( 'NONE',  ( -11.85503951091323300, -30.24919063130220900, 47.22800376173367500 ) ) ;
#10198 = CARTESIAN_POINT ( 'NONE',  ( 50.16044702067368600, 62.28944222599720600, 53.43725393319378000 ) ) ;
#10199 = CARTESIAN_POINT ( 'NONE',  ( 6.271052770236967600, 70.93843228486483100, 14.28598676118487500 ) ) ;
#10200 = DIRECTION ( 'NONE',  ( 1.000000000000000000, 0.0000000000000000000, 0.0000000000000000000 ) ) ;
#10201 = AXIS2_PLACEMENT_3D ( 'NONE', #4431, #272, #9387 ) ;
#10202 = LINE ( 'NONE', #2195, #4267 ) ;
#10203 = CARTESIAN_POINT ( 'NONE',  ( 60.16044702067369300, -22.81533917918839200, 8.000000000000000000 ) ) ;
#10204 = EDGE_CURVE ( 'NONE', #2638, #1397, #5523, .T. ) ;
#10205 = ORIENTED_EDGE ( 'NONE', *, *, #7403, .T. ) ;
#10206 = DIRECTION ( 'NONE',  ( 0.0000000000000000000, 0.0000000000000000000, 1.000000000000000000 ) ) ;
#10207 = CARTESIAN_POINT ( 'NONE',  ( -12.74118367646914900, 71.12159635351373800, 46.13278356156683900 ) ) ;
#10208 = DIRECTION ( 'NONE',  ( 1.000000000000000000, 4.857238570644847300E-017, -7.571884297642115700E-033 ) ) ;
#10209 = CARTESIAN_POINT ( 'NONE',  ( 25.88247239614251800, -19.52275989687055400, 4.000000000000000000 ) ) ;
#10210 = AXIS2_PLACEMENT_3D ( 'NONE', #6864, #9291, #8575 ) ;
#10211 = ORIENTED_EDGE ( 'NONE', *, *, #2800, .T. ) ;
#10212 = EDGE_CURVE ( 'NONE', #3787, #4879, #7187, .T. ) ;
#10213 = CARTESIAN_POINT ( 'NONE',  ( 48.41044702067364400, 69.58828435443855700, 39.63113206952122200 ) ) ;
#10214 = DIRECTION ( 'NONE',  ( -1.573428027951567600E-015, 1.000000000000000000, -3.540213062891027100E-015 ) ) ;
#10215 = CARTESIAN_POINT ( 'NONE',  ( 50.68305138422182000, 64.98594418613018300, 50.24621506371882900 ) ) ;
#10216 = CARTESIAN_POINT ( 'NONE',  ( -28.08342570762105000, -33.15553880688658200, 46.48771649178682700 ) ) ;
#10217 = AXIS2_PLACEMENT_3D ( 'NONE', #5302, #9509, #1191 ) ;
#10218 = ORIENTED_EDGE ( 'NONE', *, *, #4359, .F. ) ;
#10219 = DIRECTION ( 'NONE',  ( 0.0000000000000000000, -6.938893903907228400E-015, -1.000000000000000000 ) ) ;
#10220 = CARTESIAN_POINT ( 'NONE',  ( 36.56010788337553700, -30.23081242424114000, 47.29108936670986900 ) ) ;
#10221 = VECTOR ( 'NONE', #7412, 1000.000000000000000 ) ;
#10222 = ORIENTED_EDGE ( 'NONE', *, *, #5936, .T. ) ;
#10223 = CARTESIAN_POINT ( 'NONE',  ( -39.83955297932617200, -30.65569584776797300, 15.23956597998646600 ) ) ;
#10224 = VERTEX_POINT ( 'NONE', #2665 ) ;
#10225 = CARTESIAN_POINT ( 'NONE',  ( -13.93667964815027300, -17.18165353266591200, 9.837216218233695700 ) ) ;
#10226 = CARTESIAN_POINT ( 'NONE',  ( -11.85642054050155100, 68.10432668020151000, 13.77274710912329100 ) ) ;
#10227 = ORIENTED_EDGE ( 'NONE', *, *, #2834, .F. ) ;
#10228 = EDGE_CURVE ( 'NONE', #1329, #4597, #8857, .T. ) ;
#10229 = EDGE_LOOP ( 'NONE', ( #7535, #4436, #741, #5208 ) ) ;
#10230 = DIRECTION ( 'NONE',  ( 1.000000000000000000, 0.0000000000000000000, 0.0000000000000000000 ) ) ;
#10231 = VECTOR ( 'NONE', #10628, 1000.000000000000000 ) ;
#10232 = DIRECTION ( 'NONE',  ( 0.0000000000000000000, 0.0000000000000000000, -1.000000000000000000 ) ) ;
#10233 = ORIENTED_EDGE ( 'NONE', *, *, #714, .T. ) ;
#10234 = AXIS2_PLACEMENT_3D ( 'NONE', #9876, #74, #5017 ) ;
#10235 = ORIENTED_EDGE ( 'NONE', *, *, #4030, .F. ) ;
#10236 = AXIS2_PLACEMENT_3D ( 'NONE', #6291, #8757, #9517 ) ;
#10237 = CARTESIAN_POINT ( 'NONE',  ( -25.32623426874624100, -30.24881592973079200, 13.77070553294021200 ) ) ;
#10238 = ORIENTED_EDGE ( 'NONE', *, *, #7683, .T. ) ;
#10239 = CARTESIAN_POINT ( 'NONE',  ( 24.88247239614251400, 37.09024010312946700, 4.000000000000000000 ) ) ;
#10240 = ORIENTED_EDGE ( 'NONE', *, *, #6844, .T. ) ;
#10241 = CARTESIAN_POINT ( 'NONE',  ( 26.88247239614251800, -16.52275989687055400, 3.000000000000000000 ) ) ;
#10242 = ORIENTED_EDGE ( 'NONE', *, *, #2708, .T. ) ;
#10243 = CARTESIAN_POINT ( 'NONE',  ( -58.35885992024390100, 70.77051896432973900, 47.22577069338046800 ) ) ;
#10244 = EDGE_LOOP ( 'NONE', ( #9088, #1023, #8310 ) ) ;
#10245 = CARTESIAN_POINT ( 'NONE',  ( -55.33955297932613600, -30.68930735569037100, 45.63025720958917500 ) ) ;
#10246 = ORIENTED_EDGE ( 'NONE', *, *, #632, .F. ) ;
#10247 = PRODUCT_RELATED_PRODUCT_CATEGORY ( 'part', '', ( #4938 ) ) ;
#10248 = EDGE_CURVE ( 'NONE', #7410, #921, #1740, .T. ) ;
#10249 = VERTEX_POINT ( 'NONE', #2587 ) ;
#10250 = ORIENTED_EDGE ( 'NONE', *, *, #10524, .F. ) ;
#10251 = CARTESIAN_POINT ( 'NONE',  ( -8.839552979326132500, -30.65569584776797300, 15.23956597998645900 ) ) ;
#10252 = ORIENTED_EDGE ( 'NONE', *, *, #9097, .F. ) ;
#10253 = CARTESIAN_POINT ( 'NONE',  ( 50.54548562308276900, 65.61424093993247200, 50.68472273536725900 ) ) ;
#10254 = PLANE ( 'NONE',  #4138 ) ;
#10255 = LINE ( 'NONE', #8317, #4314 ) ;
#10256 = DIRECTION ( 'NONE',  ( 1.609823385706476600E-015, -1.000000000000000000, -4.165779463821302700E-032 ) ) ;
#10257 = CARTESIAN_POINT ( 'NONE',  ( 49.54804602476331600, 70.93927171953348000, 14.28859990521050500 ) ) ;
#10258 = ORIENTED_EDGE ( 'NONE', *, *, #6803, .F. ) ;
#10259 = ORIENTED_EDGE ( 'NONE', *, *, #6102, .T. ) ;
#10260 = ORIENTED_EDGE ( 'NONE', *, *, #765, .F. ) ;
#10261 = CARTESIAN_POINT ( 'NONE',  ( -9.941825206936272300, 68.08542183316701800, 13.70785373847571600 ) ) ;
#10262 = CARTESIAN_POINT ( 'NONE',  ( -56.00252274521381700, 70.84746806376682600, 14.00690927629784200 ) ) ;
#10263 = EDGE_CURVE ( 'NONE', #9241, #6334, #10589, .T. ) ;
#10264 = VECTOR ( 'NONE', #7182, 1000.000000000000000 ) ;
#10265 = CARTESIAN_POINT ( 'NONE',  ( 45.16044702067369300, 27.37181057052339700, 30.50000000000000000 ) ) ;
#10266 = CARTESIAN_POINT ( 'NONE',  ( 52.05817479306374200, 68.08542183316708900, 13.70785373847573200 ) ) ;
#10267 = CARTESIAN_POINT ( 'NONE',  ( 5.192647812239428600, 70.69656858523478600, 13.55368265994382800 ) ) ;
#10268 = CARTESIAN_POINT ( 'NONE',  ( -39.83752760385750200, 33.35024010312945800, 3.000000000000000000 ) ) ;
#10269 = CARTESIAN_POINT ( 'NONE',  ( 22.16044702067370100, 71.27443635557021700, 45.62971612474358100 ) ) ;
#10270 = ORIENTED_EDGE ( 'NONE', *, *, #7718, .T. ) ;
#10271 = EDGE_LOOP ( 'NONE', ( #7935, #2471, #5429, #9759, #7275, #6001, #7887, #8626, #10250, #678, #6191, #7897 ) ) ;
#10272 = CARTESIAN_POINT ( 'NONE',  ( 49.40524396446251400, -30.45807326175549400, 14.50733126608358800 ) ) ;
#10273 = FACE_BOUND ( 'NONE', #3428, .T. ) ;
#10274 = CARTESIAN_POINT ( 'NONE',  ( -71.04602967032580800, 54.90992920665785700, 3.000000000000000000 ) ) ;
#10275 = AXIS2_PLACEMENT_3D ( 'NONE', #8730, #6269, #2999 ) ;
#10276 = CARTESIAN_POINT ( 'NONE',  ( 6.660447020673696100, 73.48310668740413100, 15.50000000000000000 ) ) ;
#10277 = AXIS2_PLACEMENT_3D ( 'NONE', #4734, #7235, #10480 ) ;
#10278 = DIRECTION ( 'NONE',  ( -0.0000000000000000000, 0.0000000000000000000, 1.000000000000000000 ) ) ;
#10279 = CYLINDRICAL_SURFACE ( 'NONE', #530, 2.000000000000000000 ) ;
#10280 = ORIENTED_EDGE ( 'NONE', *, *, #1126, .F. ) ;
#10281 = AXIS2_PLACEMENT_3D ( 'NONE', #3478, #4317, #7739 ) ;
#10282 = DIRECTION ( 'NONE',  ( 1.000000000000000000, -0.0000000000000000000, 0.0000000000000000000 ) ) ;
#10283 = CARTESIAN_POINT ( 'NONE',  ( 50.89420946537372700, -32.82785786935672000, 47.48673861149424600 ) ) ;
#10284 = DIRECTION ( 'NONE',  ( 1.000000000000000000, 0.0000000000000000000, 0.0000000000000000000 ) ) ;
#10285 = FACE_OUTER_BOUND ( 'NONE', #2096, .T. ) ;
#10286 = CARTESIAN_POINT ( 'NONE',  ( 21.05817479306389500, -30.23050457523961800, 13.70785373847572000 ) ) ;
#10287 = ADVANCED_FACE ( 'NONE', ( #3308 ), #436, .T. ) ;
#10288 = DIRECTION ( 'NONE',  ( -0.0000000000000000000, 0.0000000000000000000, 1.000000000000000000 ) ) ;
#10289 = CARTESIAN_POINT ( 'NONE',  ( -59.32725358336268300, 68.51117250990157000, 15.24349833912911800 ) ) ;
#10290 = CIRCLE ( 'NONE', #7201, 59.99999999999997200 ) ;
#10291 = VERTEX_POINT ( 'NONE', #1205 ) ;
#10292 = CARTESIAN_POINT ( 'NONE',  ( 48.41044702067365800, 64.71997824693845300, 31.91520202535431800 ) ) ;
#10293 = CARTESIAN_POINT ( 'NONE',  ( 25.88247239614251400, 9.714477141289696200E-016, -9.140568438989676200E-032 ) ) ;
#10294 = CARTESIAN_POINT ( 'NONE',  ( 60.16044702067369300, 0.0000000000000000000, 3.000000000000000000 ) ) ;
#10295 = CARTESIAN_POINT ( 'NONE',  ( 51.02208135128830000, 70.67836328974991000, 13.50027294252318600 ) ) ;
#10296 = EDGE_CURVE ( 'NONE', #4411, #6638, #7566, .T. ) ;
#10297 = CARTESIAN_POINT ( 'NONE',  ( -39.89101109248895900, -30.58696193612727400, 14.98092632939600600 ) ) ;
#10298 = AXIS2_PLACEMENT_3D ( 'NONE', #10724, #8962, #1658 ) ;
#10299 = CIRCLE ( 'NONE', #5999, 1.000000000000000900 ) ;
#10300 = AXIS2_PLACEMENT_3D ( 'NONE', #10578, #3114, #1542 ) ;
#10301 = CARTESIAN_POINT ( 'NONE',  ( -12.83955297932632600, 73.48310668740410300, 45.50000000000000000 ) ) ;
#10302 = PLANE ( 'NONE',  #4590 ) ;
#10303 = CARTESIAN_POINT ( 'NONE',  ( -59.24110834625328400, 71.12157521195025800, 14.86715418018974200 ) ) ;
#10304 = ORIENTED_EDGE ( 'NONE', *, *, #7493, .T. ) ;
#10305 = VERTEX_POINT ( 'NONE', #1393 ) ;
#10306 = CARTESIAN_POINT ( 'NONE',  ( -132.8082378770764600, 73.48310668740396100, 30.50000000000000400 ) ) ;
#10307 = CARTESIAN_POINT ( 'NONE',  ( 6.660447020673702300, 71.31277590714870500, 15.50000000000000000 ) ) ;
#10308 = FACE_OUTER_BOUND ( 'NONE', #10636, .T. ) ;
#10309 = VECTOR ( 'NONE', #3330, 1000.000000000000000 ) ;
#10310 = VERTEX_POINT ( 'NONE', #4342 ) ;
#10311 = AXIS2_PLACEMENT_3D ( 'NONE', #809, #4893, #6617 ) ;
#10312 = CARTESIAN_POINT ( 'NONE',  ( 50.16044702067368600, 62.98741703966574300, 53.43725393319378000 ) ) ;
#10313 = EDGE_CURVE ( 'NONE', #4879, #7485, #7303, .T. ) ;
#10314 = CARTESIAN_POINT ( 'NONE',  ( -61.04602967032580100, -25.78102443107316700, 56.86384176188965300 ) ) ;
#10315 = LINE ( 'NONE', #3926, #8886 ) ;
#10316 = CIRCLE ( 'NONE', #10536, 2.500000000000002200 ) ;
#10317 = ORIENTED_EDGE ( 'NONE', *, *, #9665, .T. ) ;
#10318 = CARTESIAN_POINT ( 'NONE',  ( 37.56218719550641800, -33.26675772048088200, 46.13253221513175400 ) ) ;
#10319 = FACE_OUTER_BOUND ( 'NONE', #7155, .T. ) ;
#10320 = CARTESIAN_POINT ( 'NONE',  ( -44.96479852183384200, 56.32270110567862500, -1.040834085586084300E-014 ) ) ;
#10321 = CARTESIAN_POINT ( 'NONE',  ( -18.48955297932633700, 68.79063802799399200, 39.51286796564298200 ) ) ;
#10322 = ORIENTED_EDGE ( 'NONE', *, *, #1624, .F. ) ;
#10323 = CARTESIAN_POINT ( 'NONE',  ( 53.16044702067376400, 17.29239248953933500, 30.50000000000000400 ) ) ;
#10324 = EDGE_CURVE ( 'NONE', #8665, #6243, #6155, .T. ) ;
#10325 = CARTESIAN_POINT ( 'NONE',  ( -15.11752760385748400, -16.52275989687055700, 3.000000000000000000 ) ) ;
#10326 = DIRECTION ( 'NONE',  ( 1.000000000000000000, 0.0000000000000000000, 0.0000000000000000000 ) ) ;
#10327 = CIRCLE ( 'NONE', #1065, 0.5000000000000004400 ) ;
#10328 = DIRECTION ( 'NONE',  ( 1.000000000000000000, 0.0000000000000000000, 0.0000000000000000000 ) ) ;
#10329 = CARTESIAN_POINT ( 'NONE',  ( -59.33955297932632800, 73.48310668740401800, 45.50000000000000000 ) ) ;
#10330 = CARTESIAN_POINT ( 'NONE',  ( 48.59046428692006700, 70.07601797333973100, 32.09521929160068500 ) ) ;
#10331 = VERTEX_POINT ( 'NONE', #2878 ) ;
#10332 = CARTESIAN_POINT ( 'NONE',  ( 6.660447020673705900, 71.23612436353388900, 15.24066099409187200 ) ) ;
#10333 = CARTESIAN_POINT ( 'NONE',  ( -10.17933430788729000, -32.85971267629096100, 47.39252262901018800 ) ) ;
#10334 = ADVANCED_FACE ( 'NONE', ( #9363 ), #6419, .F. ) ;
#10335 = CARTESIAN_POINT ( 'NONE',  ( 37.27105277023713400, -33.08351502693744100, 14.28598676118488500 ) ) ;
#10336 = EDGE_CURVE ( 'NONE', #8027, #2648, #682, .T. ) ;
#10337 = CIRCLE ( 'NONE', #5852, 4.899999999999980800 ) ;
#10338 = CARTESIAN_POINT ( 'NONE',  ( 6.261323363241318800, -30.39829426911973100, 46.70578863413462000 ) ) ;
#10339 = VERTEX_POINT ( 'NONE', #9592 ) ;
#10340 = DIRECTION ( 'NONE',  ( -0.0000000000000000000, -0.0000000000000000000, 1.000000000000000000 ) ) ;
#10341 = ORIENTED_EDGE ( 'NONE', *, *, #1250, .T. ) ;
#10342 = CARTESIAN_POINT ( 'NONE',  ( -18.07533941695323400, 62.69007228669751400, 40.51286796564303900 ) ) ;
#10343 = ORIENTED_EDGE ( 'NONE', *, *, #9638, .F. ) ;
#10344 = CARTESIAN_POINT ( 'NONE',  ( 50.16044702067368600, 64.23011617120123200, 52.00000000000002100 ) ) ;
#10345 = CARTESIAN_POINT ( 'NONE',  ( 36.68256776144937000, -32.91615473439756600, 47.22411160762042900 ) ) ;
#10346 = LINE ( 'NONE', #1162, #7776 ) ;
#10347 = ORIENTED_EDGE ( 'NONE', *, *, #8830, .T. ) ;
#10348 = EDGE_CURVE ( 'NONE', #9742, #10720, #3465, .T. ) ;
#10349 = CARTESIAN_POINT ( 'NONE',  ( -27.57459774468928500, 68.14726248366469000, 13.92136558584263600 ) ) ;
#10350 = CARTESIAN_POINT ( 'NONE',  ( 60.16044702067369300, 73.48310668740420200, 53.43725393319378000 ) ) ;
#10351 = CARTESIAN_POINT ( 'NONE',  ( -39.83955297932615700, -30.72293962258784500, 15.50000000000000000 ) ) ;
#10352 = DIRECTION ( 'NONE',  ( -0.0000000000000000000, -0.0000000000000000000, 1.000000000000000000 ) ) ;
#10353 = ORIENTED_EDGE ( 'NONE', *, *, #5115, .F. ) ;
#10354 = CARTESIAN_POINT ( 'NONE',  ( 25.88247239614251800, -17.52275989687055700, 4.000000000000001800 ) ) ;
#10355 = CARTESIAN_POINT ( 'NONE',  ( 18.16044702067369000, 73.48310668740414500, 15.50000000000000000 ) ) ;
#10356 = ORIENTED_EDGE ( 'NONE', *, *, #1727, .F. ) ;
#10357 = CARTESIAN_POINT ( 'NONE',  ( 42.71247239614250900, 33.35024010312945800, 8.650000000000000400 ) ) ;
#10358 = ORIENTED_EDGE ( 'NONE', *, *, #6430, .F. ) ;
#10359 = ORIENTED_EDGE ( 'NONE', *, *, #587, .F. ) ;
#10360 = DIRECTION ( 'NONE',  ( 0.0000000000000000000, 0.0000000000000000000, 1.000000000000000000 ) ) ;
#10361 = ORIENTED_EDGE ( 'NONE', *, *, #8357, .T. ) ;
#10362 = ADVANCED_FACE ( 'NONE', ( #6678 ), #3170, .F. ) ;
#10363 = CARTESIAN_POINT ( 'NONE',  ( 52.66044702067370100, 73.48310668740420200, 46.82287565553229300 ) ) ;
#10364 = CARTESIAN_POINT ( 'NONE',  ( 50.68293413487384700, 63.47322576464954800, 50.24655670455032200 ) ) ;
#10365 = CARTESIAN_POINT ( 'NONE',  ( 60.16044702067369300, 73.48310668740420200, 53.43725393319378000 ) ) ;
#10366 = VERTEX_POINT ( 'NONE', #4644 ) ;
#10367 = EDGE_CURVE ( 'NONE', #1732, #6737, #5251, .T. ) ;
#10368 = DIRECTION ( 'NONE',  ( 0.8019708676888641600, -1.333513573255644500E-015, -0.5973631453131088600 ) ) ;
#10369 = CARTESIAN_POINT ( 'NONE',  ( 48.52733017401622800, 69.97991614454890900, 32.03208517869683900 ) ) ;
#10370 = PLANE ( 'NONE',  #3589 ) ;
#10371 = AXIS2_PLACEMENT_3D ( 'NONE', #8448, #9276, #10123 ) ;
#10372 = CARTESIAN_POINT ( 'NONE',  ( -58.00182649008181800, -32.85995717106047200, 13.60820298217127300 ) ) ;
#10373 = VERTEX_POINT ( 'NONE', #10431 ) ;
#10374 = ORIENTED_EDGE ( 'NONE', *, *, #1475, .F. ) ;
#10375 = CARTESIAN_POINT ( 'NONE',  ( -8.852052261535774800, -33.38128434154886300, 45.75724934956181800 ) ) ;
#10376 = EDGE_CURVE ( 'NONE', #6638, #808, #1361, .T. ) ;
#10377 = CARTESIAN_POINT ( 'NONE',  ( 36.19264781223960600, -32.84165132730742400, 13.55368265994383300 ) ) ;
#10378 = FACE_OUTER_BOUND ( 'NONE', #8706, .T. ) ;
#10379 = CARTESIAN_POINT ( 'NONE',  ( 50.42334717408022700, -24.66431676883313200, 51.15210295212740000 ) ) ;
#10380 = VERTEX_POINT ( 'NONE', #7048 ) ;
#10381 = VERTEX_POINT ( 'NONE', #10396 ) ;
#10382 = ORIENTED_EDGE ( 'NONE', *, *, #2217, .F. ) ;
#10383 = ORIENTED_EDGE ( 'NONE', *, *, #8349, .F. ) ;
#10384 = DIRECTION ( 'NONE',  ( 1.000000000000000000, 0.0000000000000000000, 0.0000000000000000000 ) ) ;
#10385 = CYLINDRICAL_SURFACE ( 'NONE', #1919, 2.000000000000001800 ) ;
#10386 = EDGE_CURVE ( 'NONE', #10036, #10391, #9887, .T. ) ;
#10387 = CARTESIAN_POINT ( 'NONE',  ( 49.16044702071803100, 69.67116032370928700, 40.33884910390146000 ) ) ;
#10388 = CARTESIAN_POINT ( 'NONE',  ( 37.66044702067385700, -30.65569584776795500, 15.23956597998645700 ) ) ;
#10389 = CARTESIAN_POINT ( 'NONE',  ( -26.47678040068693400, 68.02446546358442000, 13.50023440605406900 ) ) ;
#10390 = CARTESIAN_POINT ( 'NONE',  ( 20.02321959931323300, -30.16954820565702600, 13.50023440605407500 ) ) ;
#10391 = VERTEX_POINT ( 'NONE', #4563 ) ;
#10392 = ADVANCED_FACE ( 'NONE', ( #5123 ), #7694, .F. ) ;
#10393 = ORIENTED_EDGE ( 'NONE', *, *, #3361, .F. ) ;
#10394 = CARTESIAN_POINT ( 'NONE',  ( 19.26283975230814600, -30.23049801575833200, 47.29216817450319600 ) ) ;
#10395 = ORIENTED_EDGE ( 'NONE', *, *, #2800, .F. ) ;
#10396 = CARTESIAN_POINT ( 'NONE',  ( 36.63713292319751200, -20.38517556395939700, -1.040834085586084300E-014 ) ) ;
#10397 = CARTESIAN_POINT ( 'NONE',  ( -17.48955297932634100, 69.42859507026720700, 41.69952674472168800 ) ) ;
#10398 = CARTESIAN_POINT ( 'NONE',  ( 48.35760757560196100, 68.69425282472840900, 39.84423928240514100 ) ) ;
#10399 = CARTESIAN_POINT ( 'NONE',  ( -17.48955297932633000, 69.65405790207597600, 40.51286796564296800 ) ) ;
#10400 = CARTESIAN_POINT ( 'NONE',  ( -13.53881704803933100, 70.48310668740398900, 30.50000000000000000 ) ) ;
#10401 = LINE ( 'NONE', #4972, #6799 ) ;
#10402 = CARTESIAN_POINT ( 'NONE',  ( 49.16044702067387800, -33.45785864922130800, 15.50000000000000000 ) ) ;
#10403 = VECTOR ( 'NONE', #1601, 1000.000000000000000 ) ;
#10404 = CARTESIAN_POINT ( 'NONE',  ( -38.43752760385750400, 33.35024010312945800, 8.650000000000000400 ) ) ;
#10405 = ORIENTED_EDGE ( 'NONE', *, *, #10695, .F. ) ;
#10406 = CARTESIAN_POINT ( 'NONE',  ( 50.25139477635598700, 62.32204655191381400, 52.07775732844564900 ) ) ;
#10407 = AXIS2_PLACEMENT_3D ( 'NONE', #9853, #9783, #6518 ) ;
#10408 = CARTESIAN_POINT ( 'NONE',  ( 45.16044702067369300, -25.30707496214667500, 3.665112136637757300 ) ) ;
#10409 = CARTESIAN_POINT ( 'NONE',  ( 47.41044702067365800, 64.69007228669761400, 40.51286796564302500 ) ) ;
#10410 = EDGE_CURVE ( 'NONE', #679, #7283, #3047, .T. ) ;
#10411 = CARTESIAN_POINT ( 'NONE',  ( 60.16044702067370100, -27.58271795291769000, 58.55017742233656000 ) ) ;
#10412 = CARTESIAN_POINT ( 'NONE',  ( -56.04602967032580800, -27.27022232858981700, 11.05139489186361200 ) ) ;
#10413 = FACE_OUTER_BOUND ( 'NONE', #9411, .T. ) ;
#10414 = CARTESIAN_POINT ( 'NONE',  ( -39.83752760385750200, 33.35024010312945800, 4.000000000000000000 ) ) ;
#10415 = DIRECTION ( 'NONE',  ( 1.000000000000000000, 0.0000000000000000000, 0.0000000000000000000 ) ) ;
#10416 = FACE_OUTER_BOUND ( 'NONE', #7008, .T. ) ;
#10417 = VERTEX_POINT ( 'NONE', #3169 ) ;
#10418 = CARTESIAN_POINT ( 'NONE',  ( -55.33955297932629900, 73.48310668740397500, 30.50000000000000400 ) ) ;
#10419 = AXIS2_PLACEMENT_3D ( 'NONE', #1975, #1052, #1932 ) ;
#10420 = ADVANCED_FACE ( 'NONE', ( #4480 ), #4849, .F. ) ;
#10421 = LINE ( 'NONE', #3208, #10667 ) ;
#10422 = AXIS2_PLACEMENT_3D ( 'NONE', #1201, #5350, #4676 ) ;
#10423 = CARTESIAN_POINT ( 'NONE',  ( -71.04602967032580800, 54.90992920665785700, 5.000000000000000000 ) ) ;
#10424 = AXIS2_PLACEMENT_3D ( 'NONE', #1027, #10192, #192 ) ;
#10425 = DIRECTION ( 'NONE',  ( 1.000000000000000000, 0.0000000000000000000, 0.0000000000000000000 ) ) ;
#10426 = VERTEX_POINT ( 'NONE', #9802 ) ;
#10427 = CARTESIAN_POINT ( 'NONE',  ( 36.99379143615426100, -30.31595626274117400, 14.00361017943399000 ) ) ;
#10428 = CARTESIAN_POINT ( 'NONE',  ( 50.16044702067368600, 64.02146462258961900, 57.58586771000597100 ) ) ;
#10429 = VECTOR ( 'NONE', #2327, 1000.000000000000000 ) ;
#10430 = DIRECTION ( 'NONE',  ( -1.000000000000000000, -4.857238570644847900E-017, -1.162958903666516400E-033 ) ) ;
#10431 = CARTESIAN_POINT ( 'NONE',  ( -13.11752760385748600, -20.52275989687055700, 3.000000000000000000 ) ) ;
#10432 = LINE ( 'NONE', #1108, #6189 ) ;
#10433 = CARTESIAN_POINT ( 'NONE',  ( -58.35503951091322300, -30.24919063130222000, 47.22800376173367500 ) ) ;
#10434 = VERTEX_POINT ( 'NONE', #9732 ) ;
#10435 = CARTESIAN_POINT ( 'NONE',  ( 50.20743796940264800, -21.48804571433217300, 52.43650713134776700 ) ) ;
#10436 = EDGE_CURVE ( 'NONE', #1397, #8523, #8977, .T. ) ;
#10437 = DIRECTION ( 'NONE',  ( 1.000000000000000000, 0.0000000000000000000, 0.0000000000000000000 ) ) ;
#10438 = AXIS2_PLACEMENT_3D ( 'NONE', #7304, #2351, #5695 ) ;
#10439 = CIRCLE ( 'NONE', #1777, 52.92058191901600800 ) ;
#10440 = VECTOR ( 'NONE', #6940, 1000.000000000000000 ) ;
#10441 = CARTESIAN_POINT ( 'NONE',  ( -43.44192604277034800, -33.08655644579639700, 46.70377594517699300 ) ) ;
#10442 = VERTEX_POINT ( 'NONE', #10635 ) ;
#10443 = DIRECTION ( 'NONE',  ( 0.0000000000000000000, 0.0000000000000000000, 1.000000000000000000 ) ) ;
#10444 = VECTOR ( 'NONE', #3280, 1000.000000000000000 ) ;
#10445 = CARTESIAN_POINT ( 'NONE',  ( -56.32239115883506700, -32.91517397298863300, 13.77294528950233700 ) ) ;
#10446 = ADVANCED_FACE ( 'NONE', ( #54 ), #6806, .T. ) ;
#10447 = LINE ( 'NONE', #5825, #2188 ) ;
#10448 = CARTESIAN_POINT ( 'NONE',  ( 3.644960489086783700, -30.24919063130221600, 47.22800376173366700 ) ) ;
#10449 = ORIENTED_EDGE ( 'NONE', *, *, #5550, .T. ) ;
#10450 = CARTESIAN_POINT ( 'NONE',  ( 50.65373294069724600, -25.44364870904071900, 50.33316124404589000 ) ) ;
#10451 = EDGE_CURVE ( 'NONE', #9882, #6099, #2266, .T. ) ;
#10452 = CARTESIAN_POINT ( 'NONE',  ( 42.84247239614252600, -14.90975989687055900, 8.650000000000000400 ) ) ;
#10453 = LINE ( 'NONE', #2764, #6595 ) ;
#10454 = CARTESIAN_POINT ( 'NONE',  ( -56.04602967032580800, 61.80992920665785600, 5.000000000000000000 ) ) ;
#10455 = ORIENTED_EDGE ( 'NONE', *, *, #2256, .T. ) ;
#10456 = CARTESIAN_POINT ( 'NONE',  ( -39.93781280449377400, 71.12167497840825100, 46.13253221513175400 ) ) ;
#10457 = CARTESIAN_POINT ( 'NONE',  ( 18.25961932352096900, -30.55532435617653400, 46.13529537627117300 ) ) ;
#10458 = CARTESIAN_POINT ( 'NONE',  ( -55.42279006193196300, -11.33733507041127100, -1.040834085586084300E-014 ) ) ;
#10459 = CARTESIAN_POINT ( 'NONE',  ( 50.53688106769996600, -21.64222113190524900, 50.70872125728627800 ) ) ;
#10460 = EDGE_CURVE ( 'NONE', #2738, #10373, #4614, .T. ) ;
#10461 = CARTESIAN_POINT ( 'NONE',  ( 36.56438650299924800, 70.74938921092230300, 47.28897289183627400 ) ) ;
#10462 = DIRECTION ( 'NONE',  ( 1.609823385706476600E-015, -1.000000000000000000, 0.0000000000000000000 ) ) ;
#10463 = ORIENTED_EDGE ( 'NONE', *, *, #10548, .T. ) ;
#10464 = ADVANCED_FACE ( 'NONE', ( #9625 ), #4218, .T. ) ;
#10465 = DIRECTION ( 'NONE',  ( -1.609823385706476600E-015, 1.000000000000000000, 4.165779463821302700E-032 ) ) ;
#10466 = CARTESIAN_POINT ( 'NONE',  ( -28.27716093425114300, 68.44335759605293400, 46.01213823740298600 ) ) ;
#10467 = ORIENTED_EDGE ( 'NONE', *, *, #6950, .F. ) ;
#10468 = CARTESIAN_POINT ( 'NONE',  ( -43.77767215660225000, -33.30447551494692200, 46.01007006353241700 ) ) ;
#10469 = DIRECTION ( 'NONE',  ( 0.0000000000000000000, 1.000000000000000000, 0.0000000000000000000 ) ) ;
#10470 = FACE_OUTER_BOUND ( 'NONE', #5965, .T. ) ;
#10471 = VERTEX_POINT ( 'NONE', #2328 ) ;
#10472 = AXIS2_PLACEMENT_3D ( 'NONE', #7805, #1136, #5286 ) ;
#10473 = CARTESIAN_POINT ( 'NONE',  ( 60.16044702067369300, 64.23011617120123200, 50.10000000000002300 ) ) ;
#10474 = AXIS2_PLACEMENT_3D ( 'NONE', #4412, #7726, #1060 ) ;
#10475 = ORIENTED_EDGE ( 'NONE', *, *, #9236, .T. ) ;
#10476 = EDGE_CURVE ( 'NONE', #2131, #4176, #2010, .T. ) ;
#10477 = VERTEX_POINT ( 'NONE', #6401 ) ;
#10478 = CARTESIAN_POINT ( 'NONE',  ( 6.608988907510910100, 68.44187919405467800, 14.98092632939599700 ) ) ;
#10479 = ORIENTED_EDGE ( 'NONE', *, *, #156, .T. ) ;
#10480 = DIRECTION ( 'NONE',  ( 0.0000000000000000000, 0.0000000000000000000, -1.000000000000000000 ) ) ;
#10481 = ORIENTED_EDGE ( 'NONE', *, *, #1674, .F. ) ;
#10482 = VERTEX_POINT ( 'NONE', #10494 ) ;
#10483 = CARTESIAN_POINT ( 'NONE',  ( -132.8082378770764600, 64.02146462258959000, 57.58586771000597100 ) ) ;
#10484 = CARTESIAN_POINT ( 'NONE',  ( 50.50420329187259900, 70.71415059414884800, 47.39394569755319300 ) ) ;
#10485 = ORIENTED_EDGE ( 'NONE', *, *, #5272, .T. ) ;
#10486 = CARTESIAN_POINT ( 'NONE',  ( -10.83955297932631000, 73.48310668740410300, 45.50000000000000000 ) ) ;
#10487 = ORIENTED_EDGE ( 'NONE', *, *, #2412, .F. ) ;
#10488 = EDGE_CURVE ( 'NONE', #9126, #9449, #9108, .T. ) ;
#10489 = ORIENTED_EDGE ( 'NONE', *, *, #4457, .F. ) ;
#10490 = CARTESIAN_POINT ( 'NONE',  ( -25.80979467565265800, 68.04017663669735300, 13.55316419702326600 ) ) ;
#10491 = ORIENTED_EDGE ( 'NONE', *, *, #2489, .F. ) ;
#10492 = AXIS2_PLACEMENT_3D ( 'NONE', #7221, #5470, #7910 ) ;
#10493 = CARTESIAN_POINT ( 'NONE',  ( 24.88247239614251400, 9.714477141289696200E-016, 9.263639781882645300 ) ) ;
#10494 = CARTESIAN_POINT ( 'NONE',  ( 47.41044702067359400, 69.42859507026720700, 41.69952674472168800 ) ) ;
#10495 = CARTESIAN_POINT ( 'NONE',  ( 60.16044702067369300, 64.23011617120123200, 53.90000000000002000 ) ) ;
#10496 = CARTESIAN_POINT ( 'NONE',  ( 45.16044702067369300, 54.90992920665785700, 5.000000000000000000 ) ) ;
#10497 = CARTESIAN_POINT ( 'NONE',  ( 24.88247239614251400, 38.09024010312946700, 4.000000000000000000 ) ) ;
#10498 = DIRECTION ( 'NONE',  ( 0.0000000000000000000, 0.0000000000000000000, 1.000000000000000000 ) ) ;
#10499 = VERTEX_POINT ( 'NONE', #4012 ) ;
#10500 = CARTESIAN_POINT ( 'NONE',  ( -39.83752760385750200, 33.35024010312945800, 8.650000000000000400 ) ) ;
#10501 = CARTESIAN_POINT ( 'NONE',  ( -32.08752760385749500, -14.90975989687055900, 8.650000000000000400 ) ) ;
#10502 = ORIENTED_EDGE ( 'NONE', *, *, #5048, .T. ) ;
#10503 = ORIENTED_EDGE ( 'NONE', *, *, #6241, .T. ) ;
#10504 = VERTEX_POINT ( 'NONE', #4781 ) ;
#10505 = CARTESIAN_POINT ( 'NONE',  ( -53.42279006193195600, -11.33733507041127100, -1.040834085586084300E-014 ) ) ;
#10506 = CARTESIAN_POINT ( 'NONE',  ( -28.08144891062962100, 68.31296929035828200, 46.49123464712619800 ) ) ;
#10507 = DIRECTION ( 'NONE',  ( -0.0000000000000000000, -1.000000000000000000, 0.0000000000000000000 ) ) ;
#10508 = CIRCLE ( 'NONE', #8880, 1.899999999999999000 ) ;
#10509 = EDGE_CURVE ( 'NONE', #4199, #5188, #6927, .T. ) ;
#10510 = CARTESIAN_POINT ( 'NONE',  ( 45.16044702067369300, -23.95501194873044100, 5.000000000000000000 ) ) ;
#10511 = AXIS2_PLACEMENT_3D ( 'NONE', #524, #9562, #6337 ) ;
#10512 = DIRECTION ( 'NONE',  ( 1.609823385706476600E-015, -1.000000000000000000, -4.165779463821302700E-032 ) ) ;
#10513 = CARTESIAN_POINT ( 'NONE',  ( -33.48752760385749400, -14.90975989687055900, 8.650000000000000400 ) ) ;
#10514 = ORIENTED_EDGE ( 'NONE', *, *, #9529, .T. ) ;
#10515 = EDGE_CURVE ( 'NONE', #6893, #9474, #825, .T. ) ;
#10516 = EDGE_LOOP ( 'NONE', ( #3254, #4391, #165, #2086 ) ) ;
#10517 = ORIENTED_EDGE ( 'NONE', *, *, #5840, .T. ) ;
#10518 = CARTESIAN_POINT ( 'NONE',  ( 5.190205324347342500, 68.04017663669736700, 13.55316419702326800 ) ) ;
#10519 = CIRCLE ( 'NONE', #3241, 4.900000000000000400 ) ;
#10520 = ADVANCED_FACE ( 'NONE', ( #304 ), #10279, .F. ) ;
#10521 = DIRECTION ( 'NONE',  ( -1.609823385706476600E-015, 1.000000000000000000, 0.0000000000000000000 ) ) ;
#10522 = ORIENTED_EDGE ( 'NONE', *, *, #1367, .F. ) ;
#10523 = ORIENTED_EDGE ( 'NONE', *, *, #3717, .F. ) ;
#10524 = EDGE_CURVE ( 'NONE', #3640, #2530, #4745, .T. ) ;
#10525 = FACE_BOUND ( 'NONE', #151, .T. ) ;
#10526 = CARTESIAN_POINT ( 'NONE',  ( -27.35503951091324400, -30.24919063130223800, 47.22800376173368900 ) ) ;
#10527 = CARTESIAN_POINT ( 'NONE',  ( 26.29668595851560700, 35.67602654075636800, 3.000000000000000000 ) ) ;
#10528 = CARTESIAN_POINT ( 'NONE',  ( 18.92794165959597300, -30.29179345072054400, 47.08055067344095300 ) ) ;
#10529 = DIRECTION ( 'NONE',  ( 1.020826264760129400E-015, -0.1838957114233399600, 0.9829457601109552500 ) ) ;
#10530 = VECTOR ( 'NONE', #10529, 1000.000000000000100 ) ;
#10531 = EDGE_LOOP ( 'NONE', ( #6623, #2756, #4071, #4399 ) ) ;
#10532 = DIRECTION ( 'NONE',  ( 0.0000000000000000000, 0.0000000000000000000, -1.000000000000000000 ) ) ;
#10533 = DIRECTION ( 'NONE',  ( 1.000000000000000000, 1.609823385706476600E-015, -0.0000000000000000000 ) ) ;
#10534 = DIRECTION ( 'NONE',  ( 0.0000000000000000000, 0.0000000000000000000, 1.000000000000000000 ) ) ;
#10535 = CIRCLE ( 'NONE', #9444, 1.999999999999998200 ) ;
#10536 = AXIS2_PLACEMENT_3D ( 'NONE', #10414, #5412, #7922 ) ;
#10537 = CARTESIAN_POINT ( 'NONE',  ( -42.74078466846783200, -32.89400056355842100, 47.29038196465388200 ) ) ;
#10538 = LINE ( 'NONE', #1680, #7068 ) ;
#10539 = EDGE_LOOP ( 'NONE', ( #9431, #4616, #1822, #7868, #6278, #110, #4839, #2850, #5673, #1430, #9182, #6100, #8289, #946, #1723, #9733, #10449, #9372, #8597, #3818, #3933 ) ) ;
#10540 = EDGE_CURVE ( 'NONE', #5755, #5914, #7439, .T. ) ;
#10541 = DIRECTION ( 'NONE',  ( 1.000000000000000000, 0.0000000000000000000, 0.0000000000000000000 ) ) ;
#10542 = CARTESIAN_POINT ( 'NONE',  ( -14.11752760385748400, -18.52275989687055700, 4.000000000000000000 ) ) ;
#10543 = CIRCLE ( 'NONE', #1902, 52.92058191901602300 ) ;
#10544 = ORIENTED_EDGE ( 'NONE', *, *, #1860, .T. ) ;
#10545 = CARTESIAN_POINT ( 'NONE',  ( 48.41044702067365800, 63.74065331216835500, 40.33524465737404100 ) ) ;
#10546 = ORIENTED_EDGE ( 'NONE', *, *, #8989, .T. ) ;
#10547 = CARTESIAN_POINT ( 'NONE',  ( 41.44247239614252700, -14.90975989687055900, 7.000000000000000000 ) ) ;
#10548 = EDGE_CURVE ( 'NONE', #2992, #5843, #4046, .T. ) ;
#10549 = LINE ( 'NONE', #1882, #10171 ) ;
#10550 = AXIS2_PLACEMENT_3D ( 'NONE', #1713, #4291, #1750 ) ;
#10551 = CARTESIAN_POINT ( 'NONE',  ( 49.25881632353088000, 71.12159635351372300, 46.13278356156683200 ) ) ;
#10552 = CARTESIAN_POINT ( 'NONE',  ( -42.33752760385750200, 33.35024010312945800, 4.000000000000000000 ) ) ;
#10553 = VECTOR ( 'NONE', #9386, 1000.000000000000000 ) ;
#10554 = ORIENTED_EDGE ( 'NONE', *, *, #5597, .T. ) ;
#10555 = CARTESIAN_POINT ( 'NONE',  ( -27.85768285284935100, -30.36930292958325200, 46.80868971097899600 ) ) ;
#10556 = CARTESIAN_POINT ( 'NONE',  ( -41.17933430788747300, 70.71462993421832300, 47.39252262901015200 ) ) ;
#10557 = LINE ( 'NONE', #10294, #6195 ) ;
#10558 = CARTESIAN_POINT ( 'NONE',  ( -14.11752760385748600, 37.09024010312946700, 9.263639781882645300 ) ) ;
#10559 = FACE_OUTER_BOUND ( 'NONE', #1698, .T. ) ;
#10560 = EDGE_CURVE ( 'NONE', #7965, #2738, #5640, .T. ) ;
#10561 = DIRECTION ( 'NONE',  ( 1.000000000000000000, 1.594400883811535800E-015, -1.755596732159896400E-029 ) ) ;
#10562 = CARTESIAN_POINT ( 'NONE',  ( 3.323500950741048700, 70.84740366713104700, 46.99329394968421500 ) ) ;
#10563 = ORIENTED_EDGE ( 'NONE', *, *, #6227, .T. ) ;
#10564 = EDGE_CURVE ( 'NONE', #5914, #2331, #2909, .T. ) ;
#10565 = CARTESIAN_POINT ( 'NONE',  ( 25.51067559004541300, -17.37260238305199800, 10.10991943830292400 ) ) ;
#10566 = CARTESIAN_POINT ( 'NONE',  ( 52.77105277023714100, -33.08351502693744800, 14.28598676118488900 ) ) ;
#10567 = AXIS2_PLACEMENT_3D ( 'NONE', #8376, #3437, #4279 ) ;
#10568 = ADVANCED_FACE ( 'NONE', ( #687 ), #9077, .T. ) ;
#10569 = AXIS2_PLACEMENT_3D ( 'NONE', #9403, #185, #2015 ) ;
#10570 = DIRECTION ( 'NONE',  ( -0.0000000000000000000, 0.0000000000000000000, 1.000000000000000000 ) ) ;
#10571 = DIRECTION ( 'NONE',  ( -1.000000000000000000, 0.0000000000000000000, 0.0000000000000000000 ) ) ;
#10572 = EDGE_CURVE ( 'NONE', #9808, #1763, #9230, .T. ) ;
#10573 = CIRCLE ( 'NONE', #1350, 60.00000000000000700 ) ;
#10574 = DIRECTION ( 'NONE',  ( 1.000000000000000000, 1.425225579937531700E-016, 0.0000000000000000000 ) ) ;
#10575 = DIRECTION ( 'NONE',  ( -1.000000000000000000, -1.609823385706476600E-015, 0.0000000000000000000 ) ) ;
#10576 = VERTEX_POINT ( 'NONE', #6579 ) ;
#10577 = DIRECTION ( 'NONE',  ( 4.570284219494838400E-033, -0.0000000000000000000, 1.000000000000000000 ) ) ;
#10578 = CARTESIAN_POINT ( 'NONE',  ( -28.33955297932626400, 27.37181057052338300, 30.50000000000000000 ) ) ;
#10579 = CARTESIAN_POINT ( 'NONE',  ( -59.33955297932617200, -30.72293962258784800, 15.50000000000000000 ) ) ;
#10580 = CARTESIAN_POINT ( 'NONE',  ( 6.414061455451650000, 68.31219821720327400, 14.50446528216649800 ) ) ;
#10581 = CARTESIAN_POINT ( 'NONE',  ( -42.49808749112943900, 68.05590197897605300, 13.60692099700160900 ) ) ;
#10582 = CARTESIAN_POINT ( 'NONE',  ( 37.26132336324117500, 68.25321152704715600, 46.70578863413464200 ) ) ;
#10583 = ORIENTED_EDGE ( 'NONE', *, *, #9905, .F. ) ;
#10584 = EDGE_CURVE ( 'NONE', #2242, #1551, #8419, .T. ) ;
#10585 = DIRECTION ( 'NONE',  ( 1.573428027951569800E-015, -1.000000000000000000, 0.0000000000000000000 ) ) ;
#10586 = CARTESIAN_POINT ( 'NONE',  ( 52.49924802116407100, 70.84798285723593400, 46.99152284956493000 ) ) ;
#10587 = CARTESIAN_POINT ( 'NONE',  ( 50.16044702067368600, -27.61789804480928000, 53.43725393319378000 ) ) ;
#10588 = CIRCLE ( 'NONE', #1754, 60.00000000000000700 ) ;
#10589 = B_SPLINE_CURVE_WITH_KNOTS ( 'NONE', 3,
 ( #8468, #2628, #10289, #5098, #2056, #1829, #9188, #3423, #5929, #7578, #83, #5893, #913, #3533, #9262, #8395, #6728, #3460, #9227, #1756, #9445, #8431, #4300, #4526, #10070, #5962 ),
 .UNSPECIFIED., .F., .F.,
 ( 4, 2, 2, 2, 2, 2, 2, 2, 2, 2, 2, 2, 4 ),
 ( 0.006342387075903279900, 0.006740216801652442600, 0.007138046527401605300, 0.007933705978899930800, 0.008331535704649088400, 0.008729365430398247600, 0.009127195156147405200, 0.009525024881896564400, 0.01032068433339486000, 0.01071851405914400800, 0.01111634378489315500, 0.01191200323639145800, 0.01270766268788976100 ),
 .UNSPECIFIED. ) ;
#10590 = ORIENTED_EDGE ( 'NONE', *, *, #4474, .T. ) ;
#10591 = CARTESIAN_POINT ( 'NONE',  ( 43.45971108938665100, 70.48310668740398900, 30.50000000000000000 ) ) ;
#10592 = CARTESIAN_POINT ( 'NONE',  ( -42.49579670812745000, 70.71415059414883300, 47.39394569755319300 ) ) ;
#10593 = CARTESIAN_POINT ( 'NONE',  ( 47.41044702067365100, 67.85138516079007300, 12.92499999999895800 ) ) ;
#10594 = DIRECTION ( 'NONE',  ( 0.0000000000000000000, 0.0000000000000000000, 1.000000000000000000 ) ) ;
#10595 = DIRECTION ( 'NONE',  ( -1.000000000000000000, 0.0000000000000000000, 0.0000000000000000000 ) ) ;
#10596 = VERTEX_POINT ( 'NONE', #5054 ) ;
#10597 = EDGE_CURVE ( 'NONE', #6012, #8736, #8715, .T. ) ;
#10598 = CARTESIAN_POINT ( 'NONE',  ( 34.64114007975612000, 70.77051896432975300, 47.22577069338046100 ) ) ;
#10599 = CARTESIAN_POINT ( 'NONE',  ( 53.16044702067385000, -33.45785864922130100, 15.50000000000000000 ) ) ;
#10600 = ORIENTED_EDGE ( 'NONE', *, *, #3094, .F. ) ;
#10601 = CARTESIAN_POINT ( 'NONE',  ( 2.660447020673778700, 20.56252476838795900, 30.50000000000000400 ) ) ;
#10602 = VERTEX_POINT ( 'NONE', #4984 ) ;
#10603 = CARTESIAN_POINT ( 'NONE',  ( 51.66065236025478000, 61.17492835968161600, 48.16909574168948900 ) ) ;
#10604 = CARTESIAN_POINT ( 'NONE',  ( 42.76044702067377300, 10.48310668740399100, 30.50000000000000000 ) ) ;
#10605 = ORIENTED_EDGE ( 'NONE', *, *, #20, .T. ) ;
#10606 = ORIENTED_EDGE ( 'NONE', *, *, #2000, .T. ) ;
#10607 = ORIENTED_EDGE ( 'NONE', *, *, #7508, .F. ) ;
#10608 = AXIS2_PLACEMENT_3D ( 'NONE', #8513, #3471, #10046 ) ;
#10609 = ORIENTED_EDGE ( 'NONE', *, *, #1304, .T. ) ;
#10610 = DIRECTION ( 'NONE',  ( -0.0000000000000000000, 1.000000000000000000, -0.0000000000000000000 ) ) ;
#10611 = ORIENTED_EDGE ( 'NONE', *, *, #7433, .F. ) ;
#10612 = CARTESIAN_POINT ( 'NONE',  ( 48.27637639102325600, 69.46477152895444400, 41.50781023004707700 ) ) ;
#10613 = AXIS2_PLACEMENT_3D ( 'NONE', #1856, #2656, #5229 ) ;
#10614 = CARTESIAN_POINT ( 'NONE',  ( 33.75881632353102200, -33.26667909558639000, 46.13278356156683900 ) ) ;
#10615 = ORIENTED_EDGE ( 'NONE', *, *, #7782, .T. ) ;
#10616 = CARTESIAN_POINT ( 'NONE',  ( 3.323901947531267400, 68.17170178044725000, 14.00650777892165200 ) ) ;
#10617 = DIRECTION ( 'NONE',  ( 1.573428027951567600E-015, -1.000000000000000000, 0.0000000000000000000 ) ) ;
#10618 = ADVANCED_FACE ( 'NONE', ( #1200 ), #1868, .F. ) ;
#10619 = ORIENTED_EDGE ( 'NONE', *, *, #765, .T. ) ;
#10620 = CARTESIAN_POINT ( 'NONE',  ( -55.35215594944887800, 68.51068994291431100, 45.75832789536875800 ) ) ;
#10621 = ORIENTED_EDGE ( 'NONE', *, *, #9609, .T. ) ;
#10622 = CARTESIAN_POINT ( 'NONE',  ( 49.41657429237883300, 71.01045606481396500, 46.48771649178682700 ) ) ;
#10623 = PLANE ( 'NONE',  #4975 ) ;
#10624 = FACE_OUTER_BOUND ( 'NONE', #5222, .T. ) ;
#10625 = EDGE_CURVE ( 'NONE', #2465, #7283, #173, .T. ) ;
#10626 = EDGE_CURVE ( 'NONE', #6249, #3791, #9881, .T. ) ;
#10627 = CARTESIAN_POINT ( 'NONE',  ( -24.82174440694536700, -30.36923500876987000, 46.80892437815209200 ) ) ;
#10628 = DIRECTION ( 'NONE',  ( -1.000000000000000000, -7.985357962588784700E-015, 3.405095727884151900E-014 ) ) ;
#10629 = ORIENTED_EDGE ( 'NONE', *, *, #2140, .F. ) ;
#10630 = AXIS2_PLACEMENT_3D ( 'NONE', #4619, #6317, #6330 ) ;
#10631 = AXIS2_PLACEMENT_3D ( 'NONE', #9301, #3541, #2703 ) ;
#10632 = ORIENTED_EDGE ( 'NONE', *, *, #9826, .F. ) ;
#10633 = DIRECTION ( 'NONE',  ( 0.0000000000000000000, 0.0000000000000000000, 1.000000000000000000 ) ) ;
#10634 = VERTEX_POINT ( 'NONE', #1749 ) ;
#10635 = CARTESIAN_POINT ( 'NONE',  ( 37.66044702067387100, -30.72293962258783000, 45.50000000000000000 ) ) ;
#10636 = EDGE_LOOP ( 'NONE', ( #10546, #1827, #3779, #5420 ) ) ;
#10637 = CARTESIAN_POINT ( 'NONE',  ( -28.33955297932623600, 17.29239248953932400, 30.50000000000000400 ) ) ;
#10638 = CARTESIAN_POINT ( 'NONE',  ( -28.24118367646915900, 71.12159635351373800, 46.13278356156683900 ) ) ;
#10639 = CARTESIAN_POINT ( 'NONE',  ( 2.758816323530868300, 71.12159635351375200, 46.13278356156684600 ) ) ;
#10640 = LINE ( 'NONE', #1129, #6008 ) ;
#10641 = CARTESIAN_POINT ( 'NONE',  ( 35.13114859864821000, 70.70083669093200700, 47.43335354415472700 ) ) ;
#10642 = CARTESIAN_POINT ( 'NONE',  ( 60.16044702067369300, 10.48310668740399400, 30.50000000000000000 ) ) ;
#10643 = CARTESIAN_POINT ( 'NONE',  ( -71.04602967032580800, 61.80992920665785600, 5.000000000000000000 ) ) ;
#10644 = VERTEX_POINT ( 'NONE', #6826 ) ;
#10645 = ORIENTED_EDGE ( 'NONE', *, *, #6019, .T. ) ;
#10646 = EDGE_LOOP ( 'NONE', ( #7222, #2704, #10049, #2368, #35, #6965 ) ) ;
#10647 = CARTESIAN_POINT ( 'NONE',  ( -42.49282439762402700, -30.20043820803005000, 47.39494116741398200 ) ) ;
#10648 = CARTESIAN_POINT ( 'NONE',  ( 25.88247239614251800, -16.52275989687055400, 3.000000000000000000 ) ) ;
#10649 = FACE_OUTER_BOUND ( 'NONE', #6117, .T. ) ;
#10650 = ADVANCED_FACE ( 'NONE', ( #6542 ), #3485, .F. ) ;
#10651 = EDGE_CURVE ( 'NONE', #1449, #6050, #3953, .T. ) ;
#10652 = DIRECTION ( 'NONE',  ( 1.000000000000000000, 1.609823385706476600E-015, -2.312964634635743000E-016 ) ) ;
#10653 = ORIENTED_EDGE ( 'NONE', *, *, #10509, .T. ) ;
#10654 = CARTESIAN_POINT ( 'NONE',  ( 21.17802086522695500, 68.10445794739808900, 47.22679946501695300 ) ) ;
#10655 = CARTESIAN_POINT ( 'NONE',  ( -43.74027679334710000, 68.41020149940833100, 14.86456217552655300 ) ) ;
#10656 = ORIENTED_EDGE ( 'NONE', *, *, #6282, .F. ) ;
#10657 = CARTESIAN_POINT ( 'NONE',  ( -25.67933430788729900, -32.85971267629096100, 47.39252262901018800 ) ) ;
#10658 = DIRECTION ( 'NONE',  ( 0.0000000000000000000, -1.000000000000000000, 0.0000000000000000000 ) ) ;
#10659 = FACE_OUTER_BOUND ( 'NONE', #8191, .T. ) ;
#10660 = CARTESIAN_POINT ( 'NONE',  ( -40.60475549026345000, -32.96432308532411100, 13.92119940995661800 ) ) ;
#10661 = VECTOR ( 'NONE', #5687, 1000.000000000000000 ) ;
#10662 = ORIENTED_EDGE ( 'NONE', *, *, #8109, .T. ) ;
#10663 = B_SPLINE_CURVE_WITH_KNOTS ( 'NONE', 3,
 ( #9327, #3637, #8536, #10179 ),
 .UNSPECIFIED., .F., .F.,
 ( 4, 4 ),
 ( 1.075528555105620400E-016, 0.002294671250849827800 ),
 .UNSPECIFIED. ) ;
#10664 = EDGE_CURVE ( 'NONE', #10196, #461, #4880, .T. ) ;
#10665 = CARTESIAN_POINT ( 'NONE',  ( -27.93918029584231300, -30.39782763344914000, 46.70745186629107300 ) ) ;
#10666 = CARTESIAN_POINT ( 'NONE',  ( 45.16044702067369300, 61.80992920665785600, 5.000000000000000000 ) ) ;
#10667 = VECTOR ( 'NONE', #4944, 1000.000000000000000 ) ;
#10668 = CARTESIAN_POINT ( 'NONE',  ( 49.16044702067370100, 73.48310668740420200, 45.50000000000000000 ) ) ;
#10669 = CARTESIAN_POINT ( 'NONE',  ( -42.10491464120670500, 68.02830081479795900, 47.48680050506428800 ) ) ;
#10670 = ORIENTED_EDGE ( 'NONE', *, *, #347, .F. ) ;
#10671 = DIRECTION ( 'NONE',  ( 0.0000000000000000000, 0.6427876096865350300, -0.7660444431189815700 ) ) ;
#10672 = VECTOR ( 'NONE', #4106, 1000.000000000000000 ) ;
#10673 = ORIENTED_EDGE ( 'NONE', *, *, #7576, .T. ) ;
#10674 = CARTESIAN_POINT ( 'NONE',  ( 52.91594816746139400, -33.15467685960809500, 14.50803016031319000 ) ) ;
#10675 = ADVANCED_FACE ( 'NONE', ( #5631 ), #7687, .F. ) ;
#10676 = VECTOR ( 'NONE', #2147, 1000.000000000000000 ) ;
#10677 = DIRECTION ( 'NONE',  ( -3.720860615945670500E-017, 0.7660444431189816800, -0.6427876096865351400 ) ) ;
#10678 = DIRECTION ( 'NONE',  ( -1.594400883811535600E-015, 1.000000000000000000, -1.047444401652940000E-014 ) ) ;
#10679 = CYLINDRICAL_SURFACE ( 'NONE', #8464, 2.500000000000002200 ) ;
#10680 = AXIS2_PLACEMENT_3D ( 'NONE', #6259, #5314, #2094 ) ;
#10681 = CARTESIAN_POINT ( 'NONE',  ( -39.90149204691822900, -30.58893274144031000, 46.01029410947543900 ) ) ;
#10682 = DIRECTION ( 'NONE',  ( 0.0000000000000000000, 0.0000000000000000000, -1.000000000000000000 ) ) ;
#10683 = LINE ( 'NONE', #1766, #7333 ) ;
#10684 = EDGE_CURVE ( 'NONE', #4481, #7476, #3683, .T. ) ;
#10685 = VERTEX_POINT ( 'NONE', #7675 ) ;
#10686 = CARTESIAN_POINT ( 'NONE',  ( 47.58845942009203600, 68.45072398986880600, 40.50092295677764300 ) ) ;
#10687 = VECTOR ( 'NONE', #6703, 1000.000000000000000 ) ;
#10688 = CARTESIAN_POINT ( 'NONE',  ( -55.58593854454818500, -30.45728095927588100, 14.50446528216650100 ) ) ;
#10689 = CIRCLE ( 'NONE', #9362, 60.00000000000000000 ) ;
#10690 = CARTESIAN_POINT ( 'NONE',  ( -39.83955297932630700, 68.57785688051522800, 15.50000000000000000 ) ) ;
#10691 = FACE_OUTER_BOUND ( 'NONE', #8783, .T. ) ;
#10692 = DIRECTION ( 'NONE',  ( 0.0000000000000000000, 0.6427876096865351400, 0.7660444431189815700 ) ) ;
#10693 = CYLINDRICAL_SURFACE ( 'NONE', #9590, 28.12686385698111400 ) ;
#10694 = DIRECTION ( 'NONE',  ( -1.000000000000000000, 0.0000000000000000000, 0.0000000000000000000 ) ) ;
#10695 = EDGE_CURVE ( 'NONE', #4709, #25, #2769, .T. ) ;
#10696 = CARTESIAN_POINT ( 'NONE',  ( 42.76044702067366600, 67.85138516079007300, 12.92499999999895400 ) ) ;
#10697 = AXIS2_PLACEMENT_3D ( 'NONE', #271, #3512, #170 ) ;
#10698 = CARTESIAN_POINT ( 'NONE',  ( -55.33955297932621400, 20.56252476838795200, 30.50000000000000400 ) ) ;
#10699 = FACE_OUTER_BOUND ( 'NONE', #2989, .T. ) ;
#10700 = ORIENTED_EDGE ( 'NONE', *, *, #2140, .T. ) ;
#10701 = CARTESIAN_POINT ( 'NONE',  ( -24.33955297932631700, 71.31277590714869100, 15.50000000000000000 ) ) ;
#10702 = DIRECTION ( 'NONE',  ( 0.0000000000000000000, 1.000000000000000000, 0.0000000000000000000 ) ) ;
#10703 = CARTESIAN_POINT ( 'NONE',  ( -56.04602967032580800, 0.0000000000000000000, 3.000000000000000000 ) ) ;
#10704 = CARTESIAN_POINT ( 'NONE',  ( -41.57226912488358300, 68.02446917307534600, 47.49975303815988100 ) ) ;
#10705 = CARTESIAN_POINT ( 'NONE',  ( -18.02426163734330400, 69.43927661136400800, 41.64366233803602300 ) ) ;
#10706 = CIRCLE ( 'NONE', #10419, 0.5000000000000004400 ) ;
#10707 = EDGE_CURVE ( 'NONE', #3287, #8170, #1469, .T. ) ;
#10708 = CARTESIAN_POINT ( 'NONE',  ( 19.62778827129054800, 70.70116343258166600, 13.56761369079868700 ) ) ;
#10709 = ORIENTED_EDGE ( 'NONE', *, *, #7794, .T. ) ;
#10710 = AXIS2_PLACEMENT_3D ( 'NONE', #7873, #3724, #5394 ) ;
#10711 = CARTESIAN_POINT ( 'NONE',  ( -132.8082378770764600, 73.48310668740396100, 30.50000000000000400 ) ) ;
#10712 = DIRECTION ( 'NONE',  ( -1.000000000000000000, -0.0000000000000000000, 0.0000000000000000000 ) ) ;
#10713 = EDGE_CURVE ( 'NONE', #5043, #8811, #4346, .T. ) ;
#10714 = DIRECTION ( 'NONE',  ( 1.619075244245020000E-015, -1.000000000000000000, 0.0000000000000000000 ) ) ;
#10715 = FACE_OUTER_BOUND ( 'NONE', #1933, .T. ) ;
#10716 = CARTESIAN_POINT ( 'NONE',  ( 3.644960489086626500, 68.10410788922962400, 47.22800376173366700 ) ) ;
#10717 = CARTESIAN_POINT ( 'NONE',  ( -18.36787211917164300, 68.62944174064891500, 40.00799181406782900 ) ) ;
#10718 = ORIENTED_EDGE ( 'NONE', *, *, #4912, .T. ) ;
#10719 = CARTESIAN_POINT ( 'NONE',  ( 47.84341170572667300, 68.48174378193024800, 40.41860734575335800 ) ) ;
#10720 = VERTEX_POINT ( 'NONE', #2078 ) ;
#10721 = CARTESIAN_POINT ( 'NONE',  ( 19.14496048908664600, 68.10410788922963800, 47.22800376173368900 ) ) ;
#10722 = VECTOR ( 'NONE', #1770, 1000.000000000000000 ) ;
#10723 = CARTESIAN_POINT ( 'NONE',  ( -24.33955297932612900, -33.41951909764289000, 45.62971612474358100 ) ) ;
#10724 = CARTESIAN_POINT ( 'NONE',  ( 60.16044702067369300, 0.0000000000000000000, 3.000000000000000000 ) ) ;
#10725 = EDGE_CURVE ( 'NONE', #3372, #9882, #5884, .T. ) ;
#10726 = ORIENTED_EDGE ( 'NONE', *, *, #8969, .F. ) ;
#10727 = ADVANCED_FACE ( 'NONE', ( #1729 ), #8675, .F. ) ;
#10728 = DIRECTION ( 'NONE',  ( -1.000000000000000000, -1.609823385706476600E-015, 0.0000000000000000000 ) ) ;
#10729 = CARTESIAN_POINT ( 'NONE',  ( -58.94192604277034800, -33.08655644579639700, 46.70377594517700700 ) ) ;
#10730 = ORIENTED_EDGE ( 'NONE', *, *, #7790, .F. ) ;
#10731 = DIRECTION ( 'NONE',  ( -0.0000000000000000000, -1.000000000000000000, -0.0000000000000000000 ) ) ;
#10732 = ORIENTED_EDGE ( 'NONE', *, *, #527, .F. ) ;
ENDSEC;
END-ISO-10303-21;
