ISO-10303-21;
HEADER;
FILE_DESCRIPTION (( 'STEP AP214' ),
    '1' );
FILE_NAME ('Top_Cover.STEP',
    '2019-01-10T18:30:40',
    ( '' ),
    ( '' ),
    'SwSTEP 2.0',
    'SolidWorks 2017',
    '' );
FILE_SCHEMA (( 'AUTOMOTIVE_DESIGN' ));
ENDSEC;

DATA;
#1 = LINE ( 'NONE', #840, #4028 ) ;
#2 = VERTEX_POINT ( 'NONE', #4199 ) ;
#3 = DIRECTION ( 'NONE',  ( 1.000000000000000000, -3.469446951953611000E-015, 0.0000000000000000000 ) ) ;
#4 = EDGE_CURVE ( 'NONE', #1596, #2918, #4412, .T. ) ;
#5 = CYLINDRICAL_SURFACE ( 'NONE', #3213, 59.80000000000000400 ) ;
#6 = ORIENTED_EDGE ( 'NONE', *, *, #2517, .T. ) ;
#7 = DIRECTION ( 'NONE',  ( -1.000000000000000000, 0.0000000000000000000, 0.0000000000000000000 ) ) ;
#8 = CARTESIAN_POINT ( 'NONE',  ( 22.12118930743507800, -2.608791270933974000, 61.00000000000000000 ) ) ;
#9 = CARTESIAN_POINT ( 'NONE',  ( -8.538126418299873100, 2.509040140443743900, 61.00000000000000000 ) ) ;
#10 = DIRECTION ( 'NONE',  ( 1.000000000000000000, 1.734723475976805500E-015, 0.0000000000000000000 ) ) ;
#11 = CYLINDRICAL_SURFACE ( 'NONE', #2130, 1.000000000000000900 ) ;
#12 = ADVANCED_FACE ( 'NONE', ( #2359 ), #2253, .T. ) ;
#13 = EDGE_LOOP ( 'NONE', ( #2697, #3313, #768, #2422 ) ) ;
#14 = DIRECTION ( 'NONE',  ( -0.0000000000000000000, -0.0000000000000000000, 1.000000000000000000 ) ) ;
#15 = ORIENTED_EDGE ( 'NONE', *, *, #1863, .T. ) ;
#16 = AXIS2_PLACEMENT_3D ( 'NONE', #4221, #3563, #4549 ) ;
#17 = EDGE_CURVE ( 'NONE', #2015, #4569, #3757, .T. ) ;
#18 = CARTESIAN_POINT ( 'NONE',  ( 13.90621397421730200, 24.79284818263748500, 58.49999999999999300 ) ) ;
#19 = CARTESIAN_POINT ( 'NONE',  ( -11.67303828389237500, -5.841465319699430800, 57.49999999999999300 ) ) ;
#20 = DIRECTION ( 'NONE',  ( 0.0000000000000000000, 0.0000000000000000000, -1.000000000000000000 ) ) ;
#21 = ORIENTED_EDGE ( 'NONE', *, *, #2101, .T. ) ;
#22 = DIRECTION ( 'NONE',  ( -0.0000000000000000000, 0.0000000000000000000, -1.000000000000000000 ) ) ;
#23 = CARTESIAN_POINT ( 'NONE',  ( 60.16044702067370100, -25.72988431768143200, 57.99999999999998600 ) ) ;
#24 = AXIS2_PLACEMENT_3D ( 'NONE', #3455, #3781, #1659 ) ;
#25 = DIRECTION ( 'NONE',  ( -1.000000000000000000, 6.938893903907228400E-015, 0.0000000000000000000 ) ) ;
#26 = ORIENTED_EDGE ( 'NONE', *, *, #2754, .F. ) ;
#27 = DIRECTION ( 'NONE',  ( 0.0000000000000000000, 0.0000000000000000000, -1.000000000000000000 ) ) ;
#28 = DIRECTION ( 'NONE',  ( 1.000000000000000000, 0.0000000000000000000, 0.0000000000000000000 ) ) ;
#29 = VERTEX_POINT ( 'NONE', #3478 ) ;
#30 = SURFACE_SIDE_STYLE ('',( #3394 ) ) ;
#31 = ADVANCED_FACE ( 'NONE', ( #2705 ), #1641, .F. ) ;
#32 = CARTESIAN_POINT ( 'NONE',  ( 4.312881914040462800, 12.72464238830773000, 61.00000000000000000 ) ) ;
#33 = VECTOR ( 'NONE', #401, 1000.000000000000100 ) ;
#34 = EDGE_CURVE ( 'NONE', #4304, #300, #1755, .T. ) ;
#35 = EDGE_LOOP ( 'NONE', ( #3030, #1636, #3538, #1094, #4059, #138, #1383, #2073, #69, #3673, #1772, #946 ) ) ;
#36 = DIRECTION ( 'NONE',  ( -0.0000000000000000000, -0.0000000000000000000, -1.000000000000000000 ) ) ;
#37 = CARTESIAN_POINT ( 'NONE',  ( -5.902720333823521200, -0.1263659440326053700, 57.49999999999999300 ) ) ;
#38 = LINE ( 'NONE', #1564, #3888 ) ;
#39 = CYLINDRICAL_SURFACE ( 'NONE', #1153, 0.9999999999999991100 ) ;
#40 = ORIENTED_EDGE ( 'NONE', *, *, #3055, .F. ) ;
#41 = EDGE_CURVE ( 'NONE', #3335, #4015, #4305, .T. ) ;
#42 = ORIENTED_EDGE ( 'NONE', *, *, #2847, .F. ) ;
#43 = EDGE_CURVE ( 'NONE', #1110, #2243, #3539, .T. ) ;
#44 = DIRECTION ( 'NONE',  ( 0.0000000000000000000, 0.0000000000000000000, -1.000000000000000000 ) ) ;
#45 = AXIS2_PLACEMENT_3D ( 'NONE', #1936, #533, #1556 ) ;
#46 = LINE ( 'NONE', #4179, #2176 ) ;
#47 = ORIENTED_EDGE ( 'NONE', *, *, #1366, .T. ) ;
#48 = CARTESIAN_POINT ( 'NONE',  ( -3.675550151243721400, 3.675550151243721400, 61.00000000000000000 ) ) ;
#49 = CARTESIAN_POINT ( 'NONE',  ( 9.655668061225073400, 5.906982506970207300, 57.49999999999999300 ) ) ;
#50 = CIRCLE ( 'NONE', #1484, 1.000000000000000000 ) ;
#51 = CARTESIAN_POINT ( 'NONE',  ( -7.048217099102744000, 2.424203546944345300, 61.00000000000000000 ) ) ;
#52 = CARTESIAN_POINT ( 'NONE',  ( 14.52848416190444800, 25.57565072064806300, 61.00000000000000000 ) ) ;
#53 = CIRCLE ( 'NONE', #4326, 59.79999999999999000 ) ;
#54 = AXIS2_PLACEMENT_3D ( 'NONE', #4007, #164, #4394 ) ;
#55 = ORIENTED_EDGE ( 'NONE', *, *, #4471, .F. ) ;
#56 = ORIENTED_EDGE ( 'NONE', *, *, #2429, .T. ) ;
#57 = FACE_OUTER_BOUND ( 'NONE', #1319, .T. ) ;
#58 = DIRECTION ( 'NONE',  ( -0.0000000000000000000, -0.0000000000000000000, 1.000000000000000000 ) ) ;
#59 = DIRECTION ( 'NONE',  ( -0.0000000000000000000, -0.0000000000000000000, 1.000000000000000000 ) ) ;
#60 = DIRECTION ( 'NONE',  ( -0.0000000000000000000, -0.0000000000000000000, 1.000000000000000000 ) ) ;
#61 = CIRCLE ( 'NONE', #263, 17.91666666666666800 ) ;
#62 = ORIENTED_EDGE ( 'NONE', *, *, #3204, .T. ) ;
#63 = ADVANCED_FACE ( 'NONE', ( #57 ), #4181, .F. ) ;
#64 = ORIENTED_EDGE ( 'NONE', *, *, #3008, .F. ) ;
#65 = CARTESIAN_POINT ( 'NONE',  ( -3.675550151243721400, 3.675550151243721400, 57.49999999999999300 ) ) ;
#66 = VERTEX_POINT ( 'NONE', #320 ) ;
#67 = CYLINDRICAL_SURFACE ( 'NONE', #54, 1.000000000000000900 ) ;
#68 = VERTEX_POINT ( 'NONE', #3180 ) ;
#69 = ORIENTED_EDGE ( 'NONE', *, *, #3033, .F. ) ;
#70 = CIRCLE ( 'NONE', #1717, 24.50000000000000000 ) ;
#71 =( LENGTH_UNIT ( ) NAMED_UNIT ( * ) SI_UNIT ( .MILLI., .METRE. ) );
#72 = CARTESIAN_POINT ( 'NONE',  ( 4.312881914040462800, 12.72464238830773000, 58.49999999999999300 ) ) ;
#73 = EDGE_CURVE ( 'NONE', #3812, #2486, #1217, .T. ) ;
#74 = ORIENTED_EDGE ( 'NONE', *, *, #4438, .T. ) ;
#75 = CARTESIAN_POINT ( 'NONE',  ( 9.362774842411623100, 18.83519548845871200, 58.49999999999999300 ) ) ;
#76 = DIRECTION ( 'NONE',  ( -0.0000000000000000000, -0.0000000000000000000, 1.000000000000000000 ) ) ;
#77 = CARTESIAN_POINT ( 'NONE',  ( 12.84113785633033300, 18.99168276054421500, 61.00000000000000000 ) ) ;
#78 = DIRECTION ( 'NONE',  ( -1.000000000000000000, -6.938893903907222100E-015, 0.0000000000000000000 ) ) ;
#79 = VERTEX_POINT ( 'NONE', #3860 ) ;
#80 = DIRECTION ( 'NONE',  ( -0.0000000000000000000, -0.0000000000000000000, 1.000000000000000000 ) ) ;
#81 = AXIS2_PLACEMENT_3D ( 'NONE', #4445, #4097, #1992 ) ;
#82 = DIRECTION ( 'NONE',  ( -0.0000000000000000000, -0.0000000000000000000, 1.000000000000000000 ) ) ;
#83 = CARTESIAN_POINT ( 'NONE',  ( -8.475530016074323200, -1.124429713586879900, 58.49999999999999300 ) ) ;
#84 = ORIENTED_EDGE ( 'NONE', *, *, #1134, .T. ) ;
#85 = CARTESIAN_POINT ( 'NONE',  ( 14.52848416190444800, 25.57565072064806300, 58.49999999999999300 ) ) ;
#86 = CIRCLE ( 'NONE', #4116, 24.49999999999999300 ) ;
#87 = AXIS2_PLACEMENT_3D ( 'NONE', #1785, #697, #1097 ) ;
#88 = EDGE_LOOP ( 'NONE', ( #2584, #1569, #230, #2739 ) ) ;
#89 = ADVANCED_FACE ( 'NONE', ( #2654 ), #717, .F. ) ;
#90 = DIRECTION ( 'NONE',  ( -0.0000000000000000000, -0.0000000000000000000, 1.000000000000000000 ) ) ;
#91 = DIRECTION ( 'NONE',  ( 1.000000000000000000, 0.0000000000000000000, 0.0000000000000000000 ) ) ;
#92 = CARTESIAN_POINT ( 'NONE',  ( 24.31288191404052400, -7.275357611692262700, 61.00000000000000000 ) ) ;
#93 = LINE ( 'NONE', #3258, #1844 ) ;
#94 =( GEOMETRIC_REPRESENTATION_CONTEXT ( 3 ) GLOBAL_UNCERTAINTY_ASSIGNED_CONTEXT ( ( #1672 ) ) GLOBAL_UNIT_ASSIGNED_CONTEXT ( ( #509, #3361, #2587 ) ) REPRESENTATION_CONTEXT ( 'NONE', 'WORKASPACE' ) );
#95 = DIRECTION ( 'NONE',  ( -1.000000000000000000, 0.0000000000000000000, 0.0000000000000000000 ) ) ;
#96 = DIRECTION ( 'NONE',  ( 0.0000000000000000000, 0.0000000000000000000, -1.000000000000000000 ) ) ;
#97 = VECTOR ( 'NONE', #3115, 1000.000000000000100 ) ;
#98 = DIRECTION ( 'NONE',  ( -0.0000000000000000000, -0.0000000000000000000, 1.000000000000000000 ) ) ;
#99 = EDGE_CURVE ( 'NONE', #1683, #1393, #1815, .T. ) ;
#100 = LINE ( 'NONE', #3876, #1966 ) ;
#101 = DIRECTION ( 'NONE',  ( -1.000000000000000000, 0.0000000000000000000, 0.0000000000000000000 ) ) ;
#102 = VERTEX_POINT ( 'NONE', #1709 ) ;
#103 = VECTOR ( 'NONE', #2823, 1000.000000000000000 ) ;
#104 = CIRCLE ( 'NONE', #3669, 16.41666666666666800 ) ;
#105 = AXIS2_PLACEMENT_3D ( 'NONE', #4276, #60, #769 ) ;
#107 = CARTESIAN_POINT ( 'NONE',  ( 4.312881914040462800, 12.72464238830773000, 61.00000000000000000 ) ) ;
#106 = CIRCLE ( 'NONE', #2110, 10.58333333333333400 ) ;
#108 = CARTESIAN_POINT ( 'NONE',  ( 11.87919036247796400, 21.35161100852505500, 58.49999999999999300 ) ) ;
#109 = ORIENTED_EDGE ( 'NONE', *, *, #419, .F. ) ;
#110 = CARTESIAN_POINT ( 'NONE',  ( -15.68711808595947600, -7.275357611692262700, 61.00000000000000000 ) ) ;
#111 = VECTOR ( 'NONE', #624, 1000.000000000000000 ) ;
#112 = CYLINDRICAL_SURFACE ( 'NONE', #3001, 1.000000000000000900 ) ;
#113 = EDGE_CURVE ( 'NONE', #4038, #3759, #839, .T. ) ;
#114 = AXIS2_PLACEMENT_3D ( 'NONE', #4275, #58, #2520 ) ;
#115 = ORIENTED_EDGE ( 'NONE', *, *, #1617, .F. ) ;
#116 = CIRCLE ( 'NONE', #105, 16.41666666666666800 ) ;
#117 = ORIENTED_EDGE ( 'NONE', *, *, #3706, .F. ) ;
#118 = ORIENTED_EDGE ( 'NONE', *, *, #1225, .T. ) ;
#119 = CARTESIAN_POINT ( 'NONE',  ( 24.31288191404052100, 32.72464238830784200, 61.00000000000000000 ) ) ;
#120 = ORIENTED_EDGE ( 'NONE', *, *, #2096, .F. ) ;
#121 = AXIS2_PLACEMENT_3D ( 'NONE', #2281, #1515, #2607 ) ;
#122 = LINE ( 'NONE', #461, #3758 ) ;
#123 = ORIENTED_EDGE ( 'NONE', *, *, #2258, .T. ) ;
#124 = DIRECTION ( 'NONE',  ( 1.000000000000000000, 0.0000000000000000000, 0.0000000000000000000 ) ) ;
#125 = CARTESIAN_POINT ( 'NONE',  ( 18.09957116453583500, 24.16728823420892500, 61.00000000000000000 ) ) ;
#126 = VECTOR ( 'NONE', #703, 1000.000000000000000 ) ;
#127 = VECTOR ( 'NONE', #2804, 1000.000000000000000 ) ;
#128 = CARTESIAN_POINT ( 'NONE',  ( 21.41408252624853500, -3.315898052120524100, 61.00000000000000000 ) ) ;
#129 = ORIENTED_EDGE ( 'NONE', *, *, #687, .T. ) ;
#130 = DIRECTION ( 'NONE',  ( -1.000000000000000000, 5.204170427930416600E-015, 0.0000000000000000000 ) ) ;
#131 = PLANE ( 'NONE',  #1995 ) ;
#132 = LINE ( 'NONE', #1668, #3664 ) ;
#133 = EDGE_LOOP ( 'NONE', ( #3963, #1208, #2036, #3143 ) ) ;
#134 = CARTESIAN_POINT ( 'NONE',  ( -0.5671561276412144800, 20.38572411063546900, 61.00000000000000000 ) ) ;
#135 = CARTESIAN_POINT ( 'NONE',  ( 19.64631557328216600, -5.083665005086887200, 61.00000000000000000 ) ) ;
#136 = DIRECTION ( 'NONE',  ( -0.0000000000000000000, 0.0000000000000000000, -1.000000000000000000 ) ) ;
#137 = EDGE_CURVE ( 'NONE', #3292, #1889, #3911, .T. ) ;
#138 = ORIENTED_EDGE ( 'NONE', *, *, #1307, .T. ) ;
#139 = CARTESIAN_POINT ( 'NONE',  ( 6.812881914040462800, 12.72464238830773000, 61.00000000000000000 ) ) ;
#140 = CARTESIAN_POINT ( 'NONE',  ( 14.52848416190445000, -0.1263659440326036500, 57.49999999999999300 ) ) ;
#141 = DIRECTION ( 'NONE',  ( -0.0000000000000000000, -0.0000000000000000000, 1.000000000000000000 ) ) ;
#142 = CARTESIAN_POINT ( 'NONE',  ( 9.192919955722137700, 20.38572411063546900, 61.00000000000000000 ) ) ;
#143 = EDGE_CURVE ( 'NONE', #329, #961, #3370, .T. ) ;
#144 = ORIENTED_EDGE ( 'NONE', *, *, #1955, .T. ) ;
#145 = AXIS2_PLACEMENT_3D ( 'NONE', #1072, #3586, #3275 ) ;
#146 = DIRECTION ( 'NONE',  ( -1.000000000000000000, 3.469446951953614200E-015, 0.0000000000000000000 ) ) ;
#147 = CARTESIAN_POINT ( 'NONE',  ( 11.17208358129141700, 3.390566986903861900, 61.00000000000000000 ) ) ;
#148 = EDGE_CURVE ( 'NONE', #1976, #3840, #942, .T. ) ;
#149 = DIRECTION ( 'NONE',  ( -0.0000000000000000000, 0.0000000000000000000, 1.000000000000000000 ) ) ;
#150 = DIRECTION ( 'NONE',  ( 0.0000000000000000000, 0.0000000000000000000, -1.000000000000000000 ) ) ;
#151 = CARTESIAN_POINT ( 'NONE',  ( 24.31288191404052400, -7.275357611692262700, 57.99999999999999300 ) ) ;
#152 = ORIENTED_EDGE ( 'NONE', *, *, #1039, .F. ) ;
#153 = CARTESIAN_POINT ( 'NONE',  ( 60.16044702067366500, 67.23011617120128800, 59.00000000000000000 ) ) ;
#154 = VECTOR ( 'NONE', #2861, 1000.000000000000100 ) ;
#155 = APPLICATION_CONTEXT ( 'automotive_design' ) ;
#156 = ORIENTED_EDGE ( 'NONE', *, *, #676, .F. ) ;
#158 = CARTESIAN_POINT ( 'NONE',  ( 6.812881914040462800, 12.72464238830773000, 57.49999999999999300 ) ) ;
#157 = DIRECTION ( 'NONE',  ( -1.000000000000000000, 0.0000000000000000000, 0.0000000000000000000 ) ) ;
#159 = DIRECTION ( 'NONE',  ( 0.0000000000000000000, -0.0000000000000000000, -1.000000000000000000 ) ) ;
#160 = VECTOR ( 'NONE', #2983, 1000.000000000000100 ) ;
#161 = EDGE_CURVE ( 'NONE', #2943, #257, #4072, .T. ) ;
#162 = VERTEX_POINT ( 'NONE', #3227 ) ;
#163 = CARTESIAN_POINT ( 'NONE',  ( -71.04602967032586500, -24.53146485598512100, 60.20000000000000300 ) ) ;
#164 = DIRECTION ( 'NONE',  ( -0.0000000000000000000, -0.0000000000000000000, 1.000000000000000000 ) ) ;
#165 = EDGE_LOOP ( 'NONE', ( #1561, #4452, #4323, #3193 ) ) ;
#166 = EDGE_CURVE ( 'NONE', #570, #162, #3647, .T. ) ;
#167 = CARTESIAN_POINT ( 'NONE',  ( -5.021193487363407600, 19.58384405555868600, 61.00000000000000000 ) ) ;
#168 = FACE_OUTER_BOUND ( 'NONE', #926, .T. ) ;
#169 = AXIS2_PLACEMENT_3D ( 'NONE', #3337, #1224, #3691 ) ;
#170 = CARTESIAN_POINT ( 'NONE',  ( 18.16195401593507000, 25.51305431842251500, 58.49999999999999300 ) ) ;
#171 = SURFACE_STYLE_USAGE ( .BOTH. , #1850 ) ;
#172 = CARTESIAN_POINT ( 'NONE',  ( -4.736210323023544600, 4.736210323023544600, 58.49999999999999300 ) ) ;
#173 = FACE_OUTER_BOUND ( 'NONE', #387, .T. ) ;
#174 = VERTEX_POINT ( 'NONE', #3934 ) ;
#175 = ORIENTED_EDGE ( 'NONE', *, *, #4529, .T. ) ;
#176 = ORIENTED_EDGE ( 'NONE', *, *, #426, .F. ) ;
#177 = CARTESIAN_POINT ( 'NONE',  ( -15.68711808595947600, -7.275357611692262700, 61.00000000000000000 ) ) ;
#178 = CARTESIAN_POINT ( 'NONE',  ( 6.529554195334377200, 11.56863027879363400, 61.00000000000000000 ) ) ;
#179 = CYLINDRICAL_SURFACE ( 'NONE', #4060, 10.58333333333333400 ) ;
#180 = AXIS2_PLACEMENT_3D ( 'NONE', #147, #1560, #1549 ) ;
#181 = EDGE_CURVE ( 'NONE', #391, #4395, #2699, .T. ) ;
#182 = ORIENTED_EDGE ( 'NONE', *, *, #1395, .T. ) ;
#183 = ORIENTED_EDGE ( 'NONE', *, *, #1770, .T. ) ;
#184 = VERTEX_POINT ( 'NONE', #2140 ) ;
#185 = CIRCLE ( 'NONE', #2260, 59.80000000000000400 ) ;
#186 = EDGE_CURVE ( 'NONE', #68, #174, #2858, .T. ) ;
#187 = CARTESIAN_POINT ( 'NONE',  ( -71.04602967032585100, -28.37519891327388400, 61.00000000000000000 ) ) ;
#188 = ORIENTED_EDGE ( 'NONE', *, *, #355, .F. ) ;
#189 = FACE_OUTER_BOUND ( 'NONE', #1451, .T. ) ;
#190 = CIRCLE ( 'NONE', #464, 1.000000000000000900 ) ;
#191 = CARTESIAN_POINT ( 'NONE',  ( 20.29880211197329500, 31.29075009631488400, 58.49999999999999300 ) ) ;
#192 = ORIENTED_EDGE ( 'NONE', *, *, #372, .T. ) ;
#193 = DIRECTION ( 'NONE',  ( 0.7071067811865474600, -0.7071067811865474600, 0.0000000000000000000 ) ) ;
#194 = CARTESIAN_POINT ( 'NONE',  ( -0.02990423314414361600, 5.906982506970203800, 57.49999999999999300 ) ) ;
#195 = EDGE_CURVE ( 'NONE', #4346, #729, #116, .T. ) ;
#196 = ORIENTED_EDGE ( 'NONE', *, *, #2490, .T. ) ;
#197 = CARTESIAN_POINT ( 'NONE',  ( 4.312881914040462800, 12.72464238830773000, 58.49999999999999300 ) ) ;
#198 = CARTESIAN_POINT ( 'NONE',  ( 4.312881914040462800, 12.72464238830773000, 61.00000000000000000 ) ) ;
#199 = CARTESIAN_POINT ( 'NONE',  ( 13.90621397421730200, 0.6564365939779777100, 57.49999999999999300 ) ) ;
#200 = EDGE_CURVE ( 'NONE', #2740, #3970, #1418, .T. ) ;
#201 = DIRECTION ( 'NONE',  ( -0.0000000000000000000, 0.0000000000000000000, -1.000000000000000000 ) ) ;
#202 = CARTESIAN_POINT ( 'NONE',  ( -4.736210323023544600, 4.736210323023544600, 61.00000000000000000 ) ) ;
#203 = EDGE_CURVE ( 'NONE', #961, #2652, #1638, .T. ) ;
#204 = AXIS2_PLACEMENT_3D ( 'NONE', #1005, #1713, #1342 ) ;
#205 = ADVANCED_FACE ( 'NONE', ( #1371 ), #3306, .F. ) ;
#206 = DIRECTION ( 'NONE',  ( -0.0000000000000000000, -0.0000000000000000000, 1.000000000000000000 ) ) ;
#207 = EDGE_CURVE ( 'NONE', #4547, #102, #1748, .T. ) ;
#208 = AXIS2_PLACEMENT_3D ( 'NONE', #4009, #4066, #1251 ) ;
#209 = CIRCLE ( 'NONE', #3170, 16.41666666666666800 ) ;
#210 = CARTESIAN_POINT ( 'NONE',  ( 60.16044702067370800, -25.72988431768143900, 57.99999999999997900 ) ) ;
#211 = DIRECTION ( 'NONE',  ( 0.0000000000000000000, 0.0000000000000000000, -1.000000000000000000 ) ) ;
#212 = DIRECTION ( 'NONE',  ( -0.0000000000000000000, -0.0000000000000000000, 1.000000000000000000 ) ) ;
#213 = ORIENTED_EDGE ( 'NONE', *, *, #1670, .T. ) ;
#214 = CIRCLE ( 'NONE', #4231, 1.000000000000000000 ) ;
#215 = ORIENTED_EDGE ( 'NONE', *, *, #3971, .F. ) ;
#216 = VECTOR ( 'NONE', #1407, 1000.000000000000100 ) ;
#217 = CYLINDRICAL_SURFACE ( 'NONE', #353, 53.12058191901591900 ) ;
#218 = LINE ( 'NONE', #49, #2910 ) ;
#219 = CIRCLE ( 'NONE', #2290, 10.58333333333333400 ) ;
#220 = EDGE_LOOP ( 'NONE', ( #3219, #1804, #4082, #2329 ) ) ;
#221 = CARTESIAN_POINT ( 'NONE',  ( 60.16044702067367200, 65.66828637195190800, 58.55826961124565600 ) ) ;
#222 = LINE ( 'NONE', #255, #2187 ) ;
#223 = VECTOR ( 'NONE', #4294, 1000.000000000000000 ) ;
#224 = EDGE_CURVE ( 'NONE', #596, #1671, #2802, .T. ) ;
#225 = EDGE_LOOP ( 'NONE', ( #1536, #4076, #4123, #84 ) ) ;
#226 = CARTESIAN_POINT ( 'NONE',  ( -4.021193487363407600, 19.58384405555868600, 58.49999999999999300 ) ) ;
#227 = CYLINDRICAL_SURFACE ( 'NONE', #2962, 0.9999999999999991100 ) ;
#228 = CARTESIAN_POINT ( 'NONE',  ( 19.64631557328216600, 30.53294978170234900, 58.49999999999999300 ) ) ;
#229 = AXIS2_PLACEMENT_3D ( 'NONE', #1294, #2002, #266 ) ;
#230 = ORIENTED_EDGE ( 'NONE', *, *, #3210, .T. ) ;
#231 = ORIENTED_EDGE ( 'NONE', *, *, #2275, .F. ) ;
#232 = VERTEX_POINT ( 'NONE', #3243 ) ;
#233 = CIRCLE ( 'NONE', #4487, 24.50000000000000000 ) ;
#234 = EDGE_LOOP ( 'NONE', ( #2325, #3485, #776, #2178 ) ) ;
#235 = EDGE_CURVE ( 'NONE', #278, #2273, #2245, .T. ) ;
#236 = VERTEX_POINT ( 'NONE', #2492 ) ;
#237 = CARTESIAN_POINT ( 'NONE',  ( 4.312881914040462800, 12.72464238830773000, 58.49999999999999300 ) ) ;
#238 = AXIS2_PLACEMENT_3D ( 'NONE', #4546, #2668, #975 ) ;
#239 = CIRCLE ( 'NONE', #3446, 2.049999999999999800 ) ;
#240 = ORIENTED_EDGE ( 'NONE', *, *, #2674, .T. ) ;
#241 = CARTESIAN_POINT ( 'NONE',  ( 14.61332075540384600, 24.08574140145093900, 58.49999999999999300 ) ) ;
#242 = CIRCLE ( 'NONE', #1657, 16.41666666666666800 ) ;
#243 = AXIS2_PLACEMENT_3D ( 'NONE', #399, #1828, #3988 ) ;
#244 = DIRECTION ( 'NONE',  ( 1.000000000000000000, 3.569163070562645700E-016, 0.0000000000000000000 ) ) ;
#245 = DIRECTION ( 'NONE',  ( -0.0000000000000000000, 1.000000000000000000, -0.0000000000000000000 ) ) ;
#246 = VERTEX_POINT ( 'NONE', #2522 ) ;
#247 = EDGE_CURVE ( 'NONE', #3292, #246, #2355, .T. ) ;
#248 = DIRECTION ( 'NONE',  ( -1.000000000000000000, -3.569163070562645700E-016, 0.0000000000000000000 ) ) ;
#249 = ORIENTED_EDGE ( 'NONE', *, *, #3677, .T. ) ;
#250 = ADVANCED_FACE ( 'NONE', ( #168 ), #1921, .T. ) ;
#251 = ORIENTED_EDGE ( 'NONE', *, *, #2272, .T. ) ;
#252 = CARTESIAN_POINT ( 'NONE',  ( 13.90621397421730200, 0.6564365939779777100, 61.00000000000000000 ) ) ;
#253 = AXIS2_PLACEMENT_3D ( 'NONE', #4205, #3499, #3157 ) ;
#254 = DIRECTION ( 'NONE',  ( -1.000000000000000000, 0.0000000000000000000, 0.0000000000000000000 ) ) ;
#255 = CARTESIAN_POINT ( 'NONE',  ( -7.048217099102744000, 2.424203546944345700, 61.00000000000000000 ) ) ;
#256 = AXIS2_PLACEMENT_3D ( 'NONE', #656, #248, #4129 ) ;
#257 = VERTEX_POINT ( 'NONE', #1528 ) ;
#258 = EDGE_CURVE ( 'NONE', #1864, #2675, #3798, .T. ) ;
#259 = ORIENTED_EDGE ( 'NONE', *, *, #966, .T. ) ;
#260 = CARTESIAN_POINT ( 'NONE',  ( -13.63711808595947300, 32.72464238830784200, 57.99999999999999300 ) ) ;
#261 = LINE ( 'NONE', #2512, #33 ) ;
#262 = ORIENTED_EDGE ( 'NONE', *, *, #1670, .F. ) ;
#263 = AXIS2_PLACEMENT_3D ( 'NONE', #2635, #3643, #489 ) ;
#264 = VECTOR ( 'NONE', #864, 1000.000000000000000 ) ;
#265 = DIRECTION ( 'NONE',  ( -0.0000000000000000000, -0.0000000000000000000, 1.000000000000000000 ) ) ;
#266 = DIRECTION ( 'NONE',  ( 1.000000000000000000, 0.0000000000000000000, 0.0000000000000000000 ) ) ;
#267 = EDGE_LOOP ( 'NONE', ( #1306, #2800, #1420, #1933 ) ) ;
#268 = ORIENTED_EDGE ( 'NONE', *, *, #166, .F. ) ;
#269 = VECTOR ( 'NONE', #3998, 1000.000000000000000 ) ;
#270 = CARTESIAN_POINT ( 'NONE',  ( -8.475530016074328500, 26.57371449020233800, 61.00000000000000000 ) ) ;
#271 = ORIENTED_EDGE ( 'NONE', *, *, #4438, .F. ) ;
#272 = CARTESIAN_POINT ( 'NONE',  ( 4.312881914040462800, 12.72464238830773000, 58.49999999999999300 ) ) ;
#273 = VERTEX_POINT ( 'NONE', #2631 ) ;
#274 = CYLINDRICAL_SURFACE ( 'NONE', #2720, 10.58333333333333400 ) ;
#275 = CARTESIAN_POINT ( 'NONE',  ( -7.129763931860733100, 26.51133163880310000, 57.49999999999999300 ) ) ;
#276 = PLANE ( 'NONE',  #1999 ) ;
#277 = LINE ( 'NONE', #241, #2979 ) ;
#278 = VERTEX_POINT ( 'NONE', #3968 ) ;
#279 = EDGE_LOOP ( 'NONE', ( #1175, #1508, #2571, #2709 ) ) ;
#280 = VECTOR ( 'NONE', #719, 1000.000000000000000 ) ;
#281 = AXIS2_PLACEMENT_3D ( 'NONE', #4222, #2812, #3458 ) ;
#282 = VECTOR ( 'NONE', #1091, 1000.000000000000000 ) ;
#283 = CARTESIAN_POINT ( 'NONE',  ( -11.67303828389237500, -5.841465319699430800, 61.00000000000000000 ) ) ;
#284 = DIRECTION ( 'NONE',  ( 1.000000000000000000, 0.0000000000000000000, 0.0000000000000000000 ) ) ;
#285 = ORIENTED_EDGE ( 'NONE', *, *, #3033, .T. ) ;
#286 = ORIENTED_EDGE ( 'NONE', *, *, #2018, .T. ) ;
#287 = ORIENTED_EDGE ( 'NONE', *, *, #3500, .F. ) ;
#288 = EDGE_CURVE ( 'NONE', #4107, #2547, #4584, .T. ) ;
#289 = EDGE_CURVE ( 'NONE', #4065, #2350, #832, .T. ) ;
#290 = VECTOR ( 'NONE', #90, 1000.000000000000000 ) ;
#291 = AXIS2_PLACEMENT_3D ( 'NONE', #4005, #2199, #1495 ) ;
#292 = CARTESIAN_POINT ( 'NONE',  ( 60.16044702067372200, -80.62220839707110500, 30.50000000000002100 ) ) ;
#293 = EDGE_LOOP ( 'NONE', ( #1156, #3835, #1718, #1387 ) ) ;
#294 = LINE ( 'NONE', #4321, #3926 ) ;
#295 = DIRECTION ( 'NONE',  ( 0.7071067811865474600, 0.7071067811865474600, 0.0000000000000000000 ) ) ;
#296 = CARTESIAN_POINT ( 'NONE',  ( 2.096209632746546300, 11.56863027879363600, 61.00000000000000000 ) ) ;
#297 = DIRECTION ( 'NONE',  ( 1.000000000000000000, 3.569163070562645700E-016, 0.0000000000000000000 ) ) ;
#298 = AXIS2_PLACEMENT_3D ( 'NONE', #1927, #2264, #4366 ) ;
#299 = ADVANCED_FACE ( 'NONE', ( #4120, #3255, #3694, #3134, #3531, #1266 ), #2217, .T. ) ;
#300 = VERTEX_POINT ( 'NONE', #4353 ) ;
#301 = ORIENTED_EDGE ( 'NONE', *, *, #1894, .T. ) ;
#302 = CARTESIAN_POINT ( 'NONE',  ( 60.16044702067366500, 62.38638211391253200, 60.19999999999999600 ) ) ;
#303 = DIRECTION ( 'NONE',  ( -0.0000000000000000000, 0.0000000000000000000, -1.000000000000000000 ) ) ;
#304 = CARTESIAN_POINT ( 'NONE',  ( -71.04602967032586500, 17.29239248953929200, 30.50000000000000400 ) ) ;
#305 = VERTEX_POINT ( 'NONE', #2952 ) ;
#306 = EDGE_CURVE ( 'NONE', #1877, #3420, #601, .T. ) ;
#307 = DIRECTION ( 'NONE',  ( -1.000000000000000000, 1.796363396442988000E-015, 0.0000000000000000000 ) ) ;
#308 = ORIENTED_EDGE ( 'NONE', *, *, #1621, .T. ) ;
#309 = DIRECTION ( 'NONE',  ( 1.000000000000000000, 0.0000000000000000000, 0.0000000000000000000 ) ) ;
#310 = AXIS2_PLACEMENT_3D ( 'NONE', #304, #312, #1701 ) ;
#311 = LINE ( 'NONE', #2731, #97 ) ;
#312 = DIRECTION ( 'NONE',  ( -1.000000000000000000, -3.569163070562645700E-016, -0.0000000000000000000 ) ) ;
#313 = EDGE_CURVE ( 'NONE', #538, #729, #1314, .T. ) ;
#314 = VERTEX_POINT ( 'NONE', #125 ) ;
#315 = AXIS2_PLACEMENT_3D ( 'NONE', #3796, #529, #3027 ) ;
#316 = LINE ( 'NONE', #4166, #2343 ) ;
#317 = ORIENTED_EDGE ( 'NONE', *, *, #1567, .F. ) ;
#318 = DIRECTION ( 'NONE',  ( 1.000000000000000000, 3.569163070562645700E-016, -0.0000000000000000000 ) ) ;
#319 = DIRECTION ( 'NONE',  ( -0.7071067811865475700, -0.7071067811865475700, 0.0000000000000000000 ) ) ;
#320 = CARTESIAN_POINT ( 'NONE',  ( -7.129763931860734900, 26.51133163880310000, 61.00000000000000000 ) ) ;
#321 = FACE_BOUND ( 'NONE', #3035, .T. ) ;
#322 = CIRCLE ( 'NONE', #2349, 9.083333333333332100 ) ;
#323 = AXIS2_PLACEMENT_3D ( 'NONE', #65, #1463, #1919 ) ;
#324 = VERTEX_POINT ( 'NONE', #108 ) ;
#325 = DIRECTION ( 'NONE',  ( -0.0000000000000000000, -0.0000000000000000000, 1.000000000000000000 ) ) ;
#326 = FACE_OUTER_BOUND ( 'NONE', #844, .T. ) ;
#327 = DIRECTION ( 'NONE',  ( 4.641400604620220000E-016, -1.000000000000000000, 0.0000000000000000000 ) ) ;
#328 = CIRCLE ( 'NONE', #1900, 24.50000000000000000 ) ;
#329 = VERTEX_POINT ( 'NONE', #1867 ) ;
#330 = ORIENTED_EDGE ( 'NONE', *, *, #3570, .F. ) ;
#331 = DIRECTION ( 'NONE',  ( 1.000000000000000000, 3.569163070562645700E-016, 0.0000000000000000000 ) ) ;
#332 = EDGE_CURVE ( 'NONE', #1523, #2321, #2086, .T. ) ;
#333 = ORIENTED_EDGE ( 'NONE', *, *, #2164, .F. ) ;
#334 = ORIENTED_EDGE ( 'NONE', *, *, #4538, .F. ) ;
#335 = DIRECTION ( 'NONE',  ( 1.000000000000000000, 0.0000000000000000000, 0.0000000000000000000 ) ) ;
#336 = VERTEX_POINT ( 'NONE', #3279 ) ;
#337 = EDGE_CURVE ( 'NONE', #795, #3548, #3966, .T. ) ;
#338 = DIRECTION ( 'NONE',  ( 3.481050453465164800E-016, -1.000000000000000000, 0.0000000000000000000 ) ) ;
#339 = CARTESIAN_POINT ( 'NONE',  ( -9.536190187854149500, 25.51305431842251900, 61.00000000000000000 ) ) ;
#340 = VECTOR ( 'NONE', #3405, 1000.000000000000000 ) ;
#341 = AXIS2_PLACEMENT_3D ( 'NONE', #2991, #4371, #1915 ) ;
#342 = ORIENTED_EDGE ( 'NONE', *, *, #3019, .T. ) ;
#343 = ADVANCED_FACE ( 'NONE', ( #3188 ), #227, .F. ) ;
#344 = ORIENTED_EDGE ( 'NONE', *, *, #668, .T. ) ;
#345 = ADVANCED_FACE ( 'NONE', ( #3036 ), #274, .T. ) ;
#346 = CARTESIAN_POINT ( 'NONE',  ( 9.192919955722139500, 20.38572411063546900, 57.49999999999999300 ) ) ;
#347 = CIRCLE ( 'NONE', #4429, 2.500000000000000400 ) ;
#348 = EDGE_CURVE ( 'NONE', #838, #781, #3903, .T. ) ;
#349 = VERTEX_POINT ( 'NONE', #1555 ) ;
#350 = AXIS2_PLACEMENT_3D ( 'NONE', #812, #1210, #4352 ) ;
#351 = LINE ( 'NONE', #3612, #3325 ) ;
#352 = CARTESIAN_POINT ( 'NONE',  ( 13.39621524737379400, 12.72464238830773000, 61.00000000000000000 ) ) ;
#353 = AXIS2_PLACEMENT_3D ( 'NONE', #677, #655, #2730 ) ;
#354 = ORIENTED_EDGE ( 'NONE', *, *, #73, .T. ) ;
#355 = EDGE_CURVE ( 'NONE', #951, #1523, #3077, .T. ) ;
#356 = ORIENTED_EDGE ( 'NONE', *, *, #2729, .F. ) ;
#357 = CARTESIAN_POINT ( 'NONE',  ( -11.02055174520124200, 30.53294978170234600, 58.49999999999999300 ) ) ;
#358 = ORIENTED_EDGE ( 'NONE', *, *, #3525, .F. ) ;
#359 = ADVANCED_FACE ( 'NONE', ( #4021 ), #2919, .F. ) ;
#360 = DIRECTION ( 'NONE',  ( 0.0000000000000000000, 0.0000000000000000000, -1.000000000000000000 ) ) ;
#361 = DIRECTION ( 'NONE',  ( 1.000000000000000000, 1.387778780781444400E-014, 0.0000000000000000000 ) ) ;
#362 = EDGE_CURVE ( 'NONE', #1699, #4075, #1049, .T. ) ;
#363 = DIRECTION ( 'NONE',  ( 1.000000000000000000, 0.0000000000000000000, 0.0000000000000000000 ) ) ;
#364 = CARTESIAN_POINT ( 'NONE',  ( 28.81288191404046400, 12.72464238830773000, 57.99999999999998600 ) ) ;
#365 = DIRECTION ( 'NONE',  ( 3.569163070562645700E-016, -1.000000000000000000, 0.0000000000000000000 ) ) ;
#366 = VECTOR ( 'NONE', #1398, 1000.000000000000100 ) ;
#367 = CARTESIAN_POINT ( 'NONE',  ( -5.902720333823528300, 25.57565072064806000, 61.00000000000000000 ) ) ;
#368 = ORIENTED_EDGE ( 'NONE', *, *, #2997, .F. ) ;
#369 = CYLINDRICAL_SURFACE ( 'NONE', #2973, 1.000000000000000900 ) ;
#370 = ORIENTED_EDGE ( 'NONE', *, *, #4471, .T. ) ;
#371 = FACE_OUTER_BOUND ( 'NONE', #3588, .T. ) ;
#372 = EDGE_CURVE ( 'NONE', #3201, #1492, #2026, .T. ) ;
#373 = CARTESIAN_POINT ( 'NONE',  ( -9.536190187854149500, -0.06376954180705840500, 58.49999999999999300 ) ) ;
#374 = DIRECTION ( 'NONE',  ( 0.0000000000000000000, 0.0000000000000000000, -1.000000000000000000 ) ) ;
#375 = ORIENTED_EDGE ( 'NONE', *, *, #4283, .T. ) ;
#376 = AXIS2_PLACEMENT_3D ( 'NONE', #2191, #2892, #1465 ) ;
#377 = CARTESIAN_POINT ( 'NONE',  ( 4.312881914040462800, 12.72464238830773000, 57.49999999999999300 ) ) ;
#378 = DIRECTION ( 'NONE',  ( 0.7071067811865475700, -0.7071067811865475700, 0.0000000000000000000 ) ) ;
#379 = DIRECTION ( 'NONE',  ( -0.0000000000000000000, -0.0000000000000000000, 1.000000000000000000 ) ) ;
#380 = CARTESIAN_POINT ( 'NONE',  ( -1.954158458196018500, 4.196386446017861300, 61.00000000000000000 ) ) ;
#381 = ORIENTED_EDGE ( 'NONE', *, *, #1621, .F. ) ;
#382 = VECTOR ( 'NONE', #456, 1000.000000000000000 ) ;
#383 = ADVANCED_FACE ( 'NONE', ( #3752 ), #1624, .F. ) ;
#384 = FACE_BOUND ( 'NONE', #1529, .T. ) ;
#385 = CARTESIAN_POINT ( 'NONE',  ( -1.954158458196023900, 21.25289833059759600, 58.49999999999999300 ) ) ;
#386 = ORIENTED_EDGE ( 'NONE', *, *, #3390, .F. ) ;
#387 = EDGE_LOOP ( 'NONE', ( #109, #3000, #2773, #2704 ) ) ;
#388 = ORIENTED_EDGE ( 'NONE', *, *, #3161, .T. ) ;
#389 = CIRCLE ( 'NONE', #1551, 2.049999999999999800 ) ;
#390 = CARTESIAN_POINT ( 'NONE',  ( 4.312881914040462800, 12.72464238830773000, 57.49999999999999300 ) ) ;
#391 = VERTEX_POINT ( 'NONE', #3355 ) ;
#392 = DIRECTION ( 'NONE',  ( -1.000000000000000000, 0.0000000000000000000, 0.0000000000000000000 ) ) ;
#393 = EDGE_CURVE ( 'NONE', #2686, #1035, #1807, .T. ) ;
#394 = VECTOR ( 'NONE', #1123, 1000.000000000000000 ) ;
#395 = DIRECTION ( 'NONE',  ( 1.000000000000000000, 3.569163070562645700E-016, 0.0000000000000000000 ) ) ;
#396 = EDGE_CURVE ( 'NONE', #1908, #4107, #3640, .T. ) ;
#397 = DIRECTION ( 'NONE',  ( -0.0000000000000000000, -0.0000000000000000000, 1.000000000000000000 ) ) ;
#398 = AXIS2_PLACEMENT_3D ( 'NONE', #3768, #4475, #2723 ) ;
#399 = CARTESIAN_POINT ( 'NONE',  ( -5.021193487363406800, 5.865440721056776500, 58.49999999999999300 ) ) ;
#400 = DIRECTION ( 'NONE',  ( -1.000000000000000000, 1.734723475976805500E-015, 0.0000000000000000000 ) ) ;
#401 = DIRECTION ( 'NONE',  ( 0.7071067811865474600, -0.7071067811865474600, 0.0000000000000000000 ) ) ;
#402 = EDGE_LOOP ( 'NONE', ( #4355, #3964, #3780, #4335 ) ) ;
#403 = AXIS2_PLACEMENT_3D ( 'NONE', #2326, #2005, #2052 ) ;
#404 = EDGE_CURVE ( 'NONE', #3420, #983, #3247, .T. ) ;
#405 = DIRECTION ( 'NONE',  ( -0.0000000000000000000, -0.0000000000000000000, 1.000000000000000000 ) ) ;
#406 = ADVANCED_FACE ( 'NONE', ( #2585 ), #3583, .T. ) ;
#407 = DIRECTION ( 'NONE',  ( 1.000000000000000000, 0.0000000000000000000, 0.0000000000000000000 ) ) ;
#408 = CARTESIAN_POINT ( 'NONE',  ( -15.68711808595947600, -7.275357611692262700, 57.99999999999999300 ) ) ;
#409 = ORIENTED_EDGE ( 'NONE', *, *, #17, .T. ) ;
#410 = EDGE_CURVE ( 'NONE', #1010, #3476, #1471, .T. ) ;
#411 = DIRECTION ( 'NONE',  ( 0.7071067811865474600, -0.7071067811865474600, 0.0000000000000000000 ) ) ;
#412 = PRESENTATION_LAYER_ASSIGNMENT (  '', '', ( #3946 ) ) ;
#413 = ORIENTED_EDGE ( 'NONE', *, *, #1481, .T. ) ;
#414 = CARTESIAN_POINT ( 'NONE',  ( -71.04602967032589300, 65.66828637195186500, 58.55826961124565600 ) ) ;
#415 = CARTESIAN_POINT ( 'NONE',  ( -13.49542547935415500, -2.608791270933972200, 58.49999999999999300 ) ) ;
#416 = EDGE_CURVE ( 'NONE', #1444, #2243, #2746, .T. ) ;
#417 = CARTESIAN_POINT ( 'NONE',  ( 4.312881914040462800, 12.72464238830773000, 58.49999999999999300 ) ) ;
#418 = LINE ( 'NONE', #1026, #366 ) ;
#419 = EDGE_CURVE ( 'NONE', #4373, #2229, #3521, .T. ) ;
#420 = EDGE_LOOP ( 'NONE', ( #2816, #2478, #15, #2006 ) ) ;
#421 = DIRECTION ( 'NONE',  ( 1.000000000000000000, 0.0000000000000000000, 0.0000000000000000000 ) ) ;
#422 = CYLINDRICAL_SURFACE ( 'NONE', #291, 16.41666666666666800 ) ;
#423 = ADVANCED_FACE ( 'NONE', ( #3031 ), #1363, .F. ) ;
#424 = ORIENTED_EDGE ( 'NONE', *, *, #1627, .T. ) ;
#425 = DIRECTION ( 'NONE',  ( 1.000000000000000000, 0.0000000000000000000, 0.0000000000000000000 ) ) ;
#426 = EDGE_CURVE ( 'NONE', #1322, #3162, #1686, .T. ) ;
#427 = AXIS2_PLACEMENT_3D ( 'NONE', #1650, #3788, #1664 ) ;
#428 = FACE_BOUND ( 'NONE', #4228, .T. ) ;
#429 = ORIENTED_EDGE ( 'NONE', *, *, #137, .T. ) ;
#430 = FACE_OUTER_BOUND ( 'NONE', #3416, .T. ) ;
#431 = LINE ( 'NONE', #1530, #3695 ) ;
#432 = AXIS2_PLACEMENT_3D ( 'NONE', #3353, #1959, #3305 ) ;
#433 = ORIENTED_EDGE ( 'NONE', *, *, #3893, .F. ) ;
#434 = ORIENTED_EDGE ( 'NONE', *, *, #2072, .F. ) ;
#435 = PRESENTATION_STYLE_ASSIGNMENT (( #171 ) ) ;
#436 = CARTESIAN_POINT ( 'NONE',  ( -10.24329696904069400, 0.6433372393794891700, 57.49999999999999300 ) ) ;
#437 = DIRECTION ( 'NONE',  ( 0.0000000000000000000, 0.0000000000000000000, -1.000000000000000000 ) ) ;
#438 = DIRECTION ( 'NONE',  ( -1.000000000000000000, 0.0000000000000000000, 0.0000000000000000000 ) ) ;
#439 = VERTEX_POINT ( 'NONE', #950 ) ;
#440 = ORIENTED_EDGE ( 'NONE', *, *, #2429, .F. ) ;
#441 = DIRECTION ( 'NONE',  ( 1.000000000000000000, 0.0000000000000000000, 0.0000000000000000000 ) ) ;
#442 = DIRECTION ( 'NONE',  ( -1.000000000000000000, 0.0000000000000000000, 0.0000000000000000000 ) ) ;
#443 = ORIENTED_EDGE ( 'NONE', *, *, #3997, .T. ) ;
#444 = DIRECTION ( 'NONE',  ( 0.0000000000000000000, 0.0000000000000000000, -1.000000000000000000 ) ) ;
#445 = PLANE ( 'NONE',  #1577 ) ;
#446 = FACE_OUTER_BOUND ( 'NONE', #3357, .T. ) ;
#447 = ORIENTED_EDGE ( 'NONE', *, *, #4114, .F. ) ;
#448 = ORIENTED_EDGE ( 'NONE', *, *, #956, .T. ) ;
#449 = LINE ( 'NONE', #3190, #3762 ) ;
#450 = CARTESIAN_POINT ( 'NONE',  ( -0.02990423314414968800, 19.54230226964525500, 57.49999999999999300 ) ) ;
#451 = CARTESIAN_POINT ( 'NONE',  ( -71.04602967032586500, -28.15588826358580500, 57.99999999999999300 ) ) ;
#452 = EDGE_CURVE ( 'NONE', #3005, #2354, #4406, .T. ) ;
#453 = ORIENTED_EDGE ( 'NONE', *, *, #2328, .T. ) ;
#454 = ADVANCED_FACE ( 'NONE', ( #3959 ), #4460, .F. ) ;
#455 = CARTESIAN_POINT ( 'NONE',  ( -10.24329696904069400, 24.80594753723597300, 61.00000000000000000 ) ) ;
#456 = DIRECTION ( 'NONE',  ( 1.000000000000000000, 3.569163070562645700E-016, 0.0000000000000000000 ) ) ;
#457 = ORIENTED_EDGE ( 'NONE', *, *, #2581, .F. ) ;
#458 = CARTESIAN_POINT ( 'NONE',  ( -0.5671561276412101500, 5.063560665979992800, 57.49999999999999300 ) ) ;
#459 = AXIS2_PLACEMENT_3D ( 'NONE', #4399, #2647, #1311 ) ;
#460 = CARTESIAN_POINT ( 'NONE',  ( -7.048217099102744000, 2.424203546944345300, 58.49999999999999300 ) ) ;
#461 = CARTESIAN_POINT ( 'NONE',  ( -71.04602967032586500, -27.81336911402450000, 58.55826961124564900 ) ) ;
#462 = ORIENTED_EDGE ( 'NONE', *, *, #1646, .T. ) ;
#463 = DIRECTION ( 'NONE',  ( -0.0000000000000000000, -0.0000000000000000000, -1.000000000000000000 ) ) ;
#464 = AXIS2_PLACEMENT_3D ( 'NONE', #3470, #2388, #3101 ) ;
#465 = ORIENTED_EDGE ( 'NONE', *, *, #2330, .F. ) ;
#466 = DIRECTION ( 'NONE',  ( -1.000000000000000000, 1.734723475976805500E-015, 0.0000000000000000000 ) ) ;
#467 = DIRECTION ( 'NONE',  ( -3.107616103446883400E-016, 1.000000000000000000, 0.0000000000000000000 ) ) ;
#468 = DIRECTION ( 'NONE',  ( 0.0000000000000000000, 0.0000000000000000000, -1.000000000000000000 ) ) ;
#469 = DIRECTION ( 'NONE',  ( 0.0000000000000000000, -1.000000000000000000, 0.0000000000000000000 ) ) ;
#470 = AXIS2_PLACEMENT_3D ( 'NONE', #4297, #1160, #2905 ) ;
#471 = CARTESIAN_POINT ( 'NONE',  ( 11.13054179537798700, 8.381856241123118800, 57.49999999999999300 ) ) ;
#472 = ORIENTED_EDGE ( 'NONE', *, *, #475, .F. ) ;
#473 =( NAMED_UNIT ( * ) SI_UNIT ( $, .STERADIAN. ) SOLID_ANGLE_UNIT ( ) );
#474 = FACE_OUTER_BOUND ( 'NONE', #1837, .T. ) ;
#475 = EDGE_CURVE ( 'NONE', #3425, #1616, #1634, .T. ) ;
#476 = CIRCLE ( 'NONE', #3569, 1.000000000000000000 ) ;
#477 = DIRECTION ( 'NONE',  ( 1.000000000000000000, 0.0000000000000000000, 0.0000000000000000000 ) ) ;
#478 = CARTESIAN_POINT ( 'NONE',  ( -10.24329696904069400, 24.80594753723597300, 58.49999999999999300 ) ) ;
#479 = ORIENTED_EDGE ( 'NONE', *, *, #2896, .F. ) ;
#480 = FACE_OUTER_BOUND ( 'NONE', #3038, .T. ) ;
#481 = LINE ( 'NONE', #831, #649 ) ;
#482 = AXIS2_PLACEMENT_3D ( 'NONE', #2663, #2598, #477 ) ;
#483 = DIRECTION ( 'NONE',  ( -0.0000000000000000000, -0.0000000000000000000, -1.000000000000000000 ) ) ;
#484 = VERTEX_POINT ( 'NONE', #3773 ) ;
#485 = CARTESIAN_POINT ( 'NONE',  ( -71.04602967032586500, -25.72988431768147800, 57.99999999999998600 ) ) ;
#486 = ORIENTED_EDGE ( 'NONE', *, *, #904, .T. ) ;
#487 = DIRECTION ( 'NONE',  ( -0.0000000000000000000, -0.0000000000000000000, 1.000000000000000000 ) ) ;
#488 = CIRCLE ( 'NONE', #879, 1.000000000000000900 ) ;
#489 = DIRECTION ( 'NONE',  ( -1.000000000000000000, -8.713959786302100500E-016, 0.0000000000000000000 ) ) ;
#490 = ORIENTED_EDGE ( 'NONE', *, *, #1276, .F. ) ;
#492 = CARTESIAN_POINT ( 'NONE',  ( -71.04602967032589300, 66.01080552151316300, 57.99999999999999300 ) ) ;
#491 = DIRECTION ( 'NONE',  ( -0.0000000000000000000, -0.0000000000000000000, 1.000000000000000000 ) ) ;
#493 = AXIS2_PLACEMENT_3D ( 'NONE', #2120, #3526, #2063 ) ;
#494 = EDGE_LOOP ( 'NONE', ( #978, #4488, #2384, #3891 ) ) ;
#495 = EDGE_CURVE ( 'NONE', #896, #3845, #1859, .T. ) ;
#496 = VECTOR ( 'NONE', #1177, 1000.000000000000000 ) ;
#497 = ORIENTED_EDGE ( 'NONE', *, *, #4163, .F. ) ;
#498 = ORIENTED_EDGE ( 'NONE', *, *, #755, .T. ) ;
#499 = EDGE_CURVE ( 'NONE', #1327, #845, #2079, .T. ) ;
#500 = ORIENTED_EDGE ( 'NONE', *, *, #3679, .T. ) ;
#501 = DIRECTION ( 'NONE',  ( -1.000000000000000000, 0.0000000000000000000, 0.0000000000000000000 ) ) ;
#502 = AXIS2_PLACEMENT_3D ( 'NONE', #878, #530, #3341 ) ;
#503 = VECTOR ( 'NONE', #59, 1000.000000000000000 ) ;
#504 = VERTEX_POINT ( 'NONE', #634 ) ;
#505 = ORIENTED_EDGE ( 'NONE', *, *, #3827, .F. ) ;
#506 = DIRECTION ( 'NONE',  ( -1.000000000000000000, -3.569163070562645700E-016, -0.0000000000000000000 ) ) ;
#507 = CARTESIAN_POINT ( 'NONE',  ( 4.312881914040462800, 12.72464238830773000, 57.49999999999999300 ) ) ;
#508 = FACE_OUTER_BOUND ( 'NONE', #2764, .T. ) ;
#509 =( LENGTH_UNIT ( ) NAMED_UNIT ( * ) SI_UNIT ( .MILLI., .METRE. ) );
#510 = ORIENTED_EDGE ( 'NONE', *, *, #2623, .T. ) ;
#511 = DIRECTION ( 'NONE',  ( 0.7071067811865474600, -0.7071067811865474600, 0.0000000000000000000 ) ) ;
#512 = CARTESIAN_POINT ( 'NONE',  ( 9.655668061225073400, 5.906982506970207300, 61.00000000000000000 ) ) ;
#513 = CARTESIAN_POINT ( 'NONE',  ( -0.02990423314414361600, 5.906982506970203800, 61.00000000000000000 ) ) ;
#514 = DIRECTION ( 'NONE',  ( -0.0000000000000000000, -0.0000000000000000000, 1.000000000000000000 ) ) ;
#515 = DIRECTION ( 'NONE',  ( 1.000000000000000000, 3.569163070562645700E-016, 0.0000000000000000000 ) ) ;
#516 = AXIS2_PLACEMENT_3D ( 'NONE', #2616, #1254, #1615 ) ;
#517 = ORIENTED_EDGE ( 'NONE', *, *, #3319, .T. ) ;
#518 = CARTESIAN_POINT ( 'NONE',  ( 60.16044702067368600, 20.56252476838810800, 30.50000000000000400 ) ) ;
#519 = EDGE_CURVE ( 'NONE', #1492, #961, #2914, .T. ) ;
#520 = ORIENTED_EDGE ( 'NONE', *, *, #1818, .F. ) ;
#521 = VECTOR ( 'NONE', #3792, 1000.000000000000000 ) ;
#522 = AXIS2_PLACEMENT_3D ( 'NONE', #4092, #265, #3448 ) ;
#523 = CARTESIAN_POINT ( 'NONE',  ( 21.41408252624853900, 28.76518282873598400, 61.00000000000000000 ) ) ;
#524 = DIRECTION ( 'NONE',  ( 1.000000000000000000, 0.0000000000000000000, 0.0000000000000000000 ) ) ;
#525 = ORIENTED_EDGE ( 'NONE', *, *, #1199, .T. ) ;
#526 = AXIS2_PLACEMENT_3D ( 'NONE', #4386, #2940, #146 ) ;
#527 = DIRECTION ( 'NONE',  ( -0.0000000000000000000, -0.0000000000000000000, 1.000000000000000000 ) ) ;
#528 = CARTESIAN_POINT ( 'NONE',  ( -71.04602967032585100, -25.72988431768148500, 57.99999999999997900 ) ) ;
#529 = DIRECTION ( 'NONE',  ( -0.0000000000000000000, 0.0000000000000000000, -1.000000000000000000 ) ) ;
#530 = DIRECTION ( 'NONE',  ( -0.0000000000000000000, 0.0000000000000000000, 1.000000000000000000 ) ) ;
#531 = ORIENTED_EDGE ( 'NONE', *, *, #337, .T. ) ;
#532 = CARTESIAN_POINT ( 'NONE',  ( 11.87919036247796400, 21.35161100852505500, 61.00000000000000000 ) ) ;
#533 = DIRECTION ( 'NONE',  ( -0.0000000000000000000, -0.0000000000000000000, 1.000000000000000000 ) ) ;
#534 = LINE ( 'NONE', #1433, #4161 ) ;
#535 = CARTESIAN_POINT ( 'NONE',  ( -7.768423234887774400, -1.831536494773426900, 57.49999999999999300 ) ) ;
#536 = CIRCLE ( 'NONE', #3603, 17.91666666666666800 ) ;
#537 = EDGE_CURVE ( 'NONE', #4500, #3351, #222, .T. ) ;
#538 = VERTEX_POINT ( 'NONE', #609 ) ;
#539 = CYLINDRICAL_SURFACE ( 'NONE', #2163, 1.000000000000000900 ) ;
#540 = CARTESIAN_POINT ( 'NONE',  ( -71.04602967032587900, 66.23011617120124600, 59.00000000000000000 ) ) ;
#541 = CIRCLE ( 'NONE', #4453, 2.500000000000000400 ) ;
#542 = DIRECTION ( 'NONE',  ( 1.000000000000000000, 0.0000000000000000000, 0.0000000000000000000 ) ) ;
#543 = EDGE_CURVE ( 'NONE', #2821, #4350, #4295, .T. ) ;
#544 = LINE ( 'NONE', #1890, #1584 ) ;
#545 = ADVANCED_FACE ( 'NONE', ( #430 ), #3364, .F. ) ;
#546 = ORIENTED_EDGE ( 'NONE', *, *, #1076, .T. ) ;
#547 = LINE ( 'NONE', #1956, #3127 ) ;
#548 = AXIS2_PLACEMENT_3D ( 'NONE', #4006, #4393, #1236 ) ;
#549 = FACE_OUTER_BOUND ( 'NONE', #420, .T. ) ;
#550 = DIRECTION ( 'NONE',  ( 1.000000000000000000, 3.569163070562645700E-016, 0.0000000000000000000 ) ) ;
#551 = DIRECTION ( 'NONE',  ( 0.7071067811865474600, 0.7071067811865474600, 0.0000000000000000000 ) ) ;
#552 = VERTEX_POINT ( 'NONE', #270 ) ;
#553 = ORIENTED_EDGE ( 'NONE', *, *, #1134, .F. ) ;
#554 = EDGE_LOOP ( 'NONE', ( #2596, #472, #3537, #2196 ) ) ;
#555 = DIRECTION ( 'NONE',  ( -0.0000000000000000000, -0.0000000000000000000, 1.000000000000000000 ) ) ;
#556 = AXIS2_PLACEMENT_3D ( 'NONE', #1415, #378, #718 ) ;
#557 = VERTEX_POINT ( 'NONE', #2763 ) ;
#558 = EDGE_LOOP ( 'NONE', ( #342, #4118 ) ) ;
#559 = ORIENTED_EDGE ( 'NONE', *, *, #4496, .T. ) ;
#560 = CIRCLE ( 'NONE', #3181, 1.000000000000000000 ) ;
#561 = PLANE ( 'NONE',  #1568 ) ;
#562 = DIRECTION ( 'NONE',  ( 1.000000000000000000, 0.0000000000000000000, 0.0000000000000000000 ) ) ;
#563 = ORIENTED_EDGE ( 'NONE', *, *, #362, .T. ) ;
#564 = AXIS2_PLACEMENT_3D ( 'NONE', #3229, #3598, #1852 ) ;
#565 = VECTOR ( 'NONE', #374, 1000.000000000000000 ) ;
#566 = CARTESIAN_POINT ( 'NONE',  ( -13.63711808595947300, 32.72464238830784200, 61.00000000000000000 ) ) ;
#567 = ORIENTED_EDGE ( 'NONE', *, *, #1244, .T. ) ;
#568 = EDGE_CURVE ( 'NONE', #1444, #2846, #1978, .T. ) ;
#569 = CARTESIAN_POINT ( 'NONE',  ( 24.31288191404052400, -7.275357611692262700, 57.99999999999999300 ) ) ;
#570 = VERTEX_POINT ( 'NONE', #3451 ) ;
#571 = DIRECTION ( 'NONE',  ( -0.0000000000000000000, 0.0000000000000000000, -1.000000000000000000 ) ) ;
#572 = CARTESIAN_POINT ( 'NONE',  ( 60.16044702067366500, 67.23011617120128800, 57.99999999999999300 ) ) ;
#573 = STYLED_ITEM ( 'NONE', ( #435 ), #299 ) ;
#574 = ORIENTED_EDGE ( 'NONE', *, *, #1970, .F. ) ;
#575 = CARTESIAN_POINT ( 'NONE',  ( -0.5671561276412093700, 5.063560665979991900, 61.00000000000000000 ) ) ;
#576 = DIRECTION ( 'NONE',  ( -0.0000000000000000000, -0.0000000000000000000, 1.000000000000000000 ) ) ;
#577 = EDGE_CURVE ( 'NONE', #4524, #1422, #653, .T. ) ;
#578 = AXIS2_PLACEMENT_3D ( 'NONE', #833, #2630, #1554 ) ;
#579 = DIRECTION ( 'NONE',  ( 1.000000000000000000, 0.0000000000000000000, 0.0000000000000000000 ) ) ;
#580 = AXIS2_PLACEMENT_3D ( 'NONE', #3264, #3983, #3965 ) ;
#581 = CYLINDRICAL_SURFACE ( 'NONE', #1119, 1.000000000000000900 ) ;
#582 = DIRECTION ( 'NONE',  ( 1.000000000000000000, 3.569163070562645700E-016, -0.0000000000000000000 ) ) ;
#583 = DIRECTION ( 'NONE',  ( -0.0000000000000000000, -0.0000000000000000000, 1.000000000000000000 ) ) ;
#584 = ORIENTED_EDGE ( 'NONE', *, *, #762, .F. ) ;
#585 = ADVANCED_FACE ( 'NONE', ( #4067 ), #683, .F. ) ;
#586 = LINE ( 'NONE', #818, #1851 ) ;
#587 = DIRECTION ( 'NONE',  ( -0.0000000000000000000, -0.0000000000000000000, 1.000000000000000000 ) ) ;
#588 = EDGE_LOOP ( 'NONE', ( #3109, #443, #4041, #1941 ) ) ;
#589 = CARTESIAN_POINT ( 'NONE',  ( -1.954158458196023900, 21.25289833059759600, 57.49999999999999300 ) ) ;
#590 = VERTEX_POINT ( 'NONE', #1346 ) ;
#591 = ADVANCED_FACE ( 'NONE', ( #4177 ), #1041, .T. ) ;
#592 = UNCERTAINTY_MEASURE_WITH_UNIT (LENGTH_MEASURE( 1.000000000000000100E-005 ), #71, 'distance_accuracy_value', 'NONE');
#593 = CIRCLE ( 'NONE', #1368, 1.000000000000000000 ) ;
#594 = LINE ( 'NONE', #4096, #3240 ) ;
#595 = DIRECTION ( 'NONE',  ( 1.000000000000000000, 0.0000000000000000000, 0.0000000000000000000 ) ) ;
#596 = VERTEX_POINT ( 'NONE', #210 ) ;
#597 = CIRCLE ( 'NONE', #2432, 0.9999999999999991100 ) ;
#598 = EDGE_CURVE ( 'NONE', #4470, #68, #547, .T. ) ;
#599 = ORIENTED_EDGE ( 'NONE', *, *, #4329, .T. ) ;
#600 = DIRECTION ( 'NONE',  ( 0.0000000000000000000, -1.000000000000000000, 0.0000000000000000000 ) ) ;
#601 = CIRCLE ( 'NONE', #1989, 1.000000000000000900 ) ;
#602 = DIRECTION ( 'NONE',  ( 0.7071067811865475700, -0.7071067811865475700, 0.0000000000000000000 ) ) ;
#603 = CIRCLE ( 'NONE', #1252, 1.000000000000000900 ) ;
#604 = DIRECTION ( 'NONE',  ( -1.000000000000000000, -3.569163070562645700E-016, 0.0000000000000000000 ) ) ;
#605 = AXIS2_PLACEMENT_3D ( 'NONE', #4455, #3043, #928 ) ;
#606 = ORIENTED_EDGE ( 'NONE', *, *, #1562, .T. ) ;
#607 = ORIENTED_EDGE ( 'NONE', *, *, #714, .F. ) ;
#608 = ORIENTED_EDGE ( 'NONE', *, *, #2050, .T. ) ;
#609 = CARTESIAN_POINT ( 'NONE',  ( 17.16389024638079900, 22.94024463617171600, 61.00000000000000000 ) ) ;
#610 = VECTOR ( 'NONE', #2126, 1000.000000000000000 ) ;
#611 = ORIENTED_EDGE ( 'NONE', *, *, #2781, .F. ) ;
#612 = EDGE_CURVE ( 'NONE', #3457, #324, #1588, .T. ) ;
#613 = ORIENTED_EDGE ( 'NONE', *, *, #2018, .F. ) ;
#614 = DIRECTION ( 'NONE',  ( -0.0000000000000000000, 0.0000000000000000000, 1.000000000000000000 ) ) ;
#615 = CARTESIAN_POINT ( 'NONE',  ( 7.988432065284186500, 7.988432065284186500, 58.49999999999999300 ) ) ;
#616 = AXIS2_PLACEMENT_3D ( 'NONE', #2580, #3634, #3979 ) ;
#617 = CIRCLE ( 'NONE', #4148, 24.49999999999999300 ) ;
#618 = ORIENTED_EDGE ( 'NONE', *, *, #2553, .F. ) ;
#619 = ORIENTED_EDGE ( 'NONE', *, *, #4291, .T. ) ;
#620 = DIRECTION ( 'NONE',  ( 0.0000000000000000000, 1.000000000000000000, 0.0000000000000000000 ) ) ;
#621 = LINE ( 'NONE', #140, #4135 ) ;
#622 = VERTEX_POINT ( 'NONE', #4203 ) ;
#623 = DIRECTION ( 'NONE',  ( 1.000000000000000000, 0.0000000000000000000, 0.0000000000000000000 ) ) ;
#624 = DIRECTION ( 'NONE',  ( -0.0000000000000000000, -0.0000000000000000000, 1.000000000000000000 ) ) ;
#625 = DIRECTION ( 'NONE',  ( 0.7071067811865474600, 0.7071067811865474600, 0.0000000000000000000 ) ) ;
#626 = VERTEX_POINT ( 'NONE', #2721 ) ;
#627 = EDGE_CURVE ( 'NONE', #257, #2316, #3746, .T. ) ;
#628 = DIRECTION ( 'NONE',  ( 0.7071067811865474600, -0.7071067811865474600, 0.0000000000000000000 ) ) ;
#629 = ORIENTED_EDGE ( 'NONE', *, *, #3932, .F. ) ;
#630 = CIRCLE ( 'NONE', #917, 2.049999999999999800 ) ;
#631 = DIRECTION ( 'NONE',  ( -0.0000000000000000000, -0.0000000000000000000, 1.000000000000000000 ) ) ;
#632 = AXIS2_PLACEMENT_3D ( 'NONE', #1281, #3078, #918 ) ;
#633 = ORIENTED_EDGE ( 'NONE', *, *, #4322, .F. ) ;
#634 = CARTESIAN_POINT ( 'NONE',  ( 2.096209632746546300, 13.88065449782182600, 61.00000000000000000 ) ) ;
#635 = ADVANCED_FACE ( 'NONE', ( #326 ), #931, .T. ) ;
#636 = VECTOR ( 'NONE', #2933, 1000.000000000000000 ) ;
#637 = DIRECTION ( 'NONE',  ( -1.000000000000000000, 0.0000000000000000000, 0.0000000000000000000 ) ) ;
#638 = AXIS2_PLACEMENT_3D ( 'NONE', #3418, #737, #688 ) ;
#639 = EDGE_CURVE ( 'NONE', #1645, #1234, #2412, .T. ) ;
#640 = ORIENTED_EDGE ( 'NONE', *, *, #3051, .T. ) ;
#641 = CARTESIAN_POINT ( 'NONE',  ( -71.04602967032589300, 63.58480157560883600, 57.99999999999998600 ) ) ;
#642 = CIRCLE ( 'NONE', #3006, 1.000000000000000000 ) ;
#643 = ORIENTED_EDGE ( 'NONE', *, *, #2272, .F. ) ;
#644 = LINE ( 'NONE', #3633, #2689 ) ;
#645 = DIRECTION ( 'NONE',  ( -0.0000000000000000000, -0.0000000000000000000, 1.000000000000000000 ) ) ;
#646 = CARTESIAN_POINT ( 'NONE',  ( 20.35342235446871600, -4.376558223900343800, 58.49999999999999300 ) ) ;
#647 = EDGE_LOOP ( 'NONE', ( #1563, #2400, #3958, #2491 ) ) ;
#648 = VECTOR ( 'NONE', #1241, 1000.000000000000100 ) ;
#649 = VECTOR ( 'NONE', #1176, 1000.000000000000100 ) ;
#650 = EDGE_LOOP ( 'NONE', ( #1487, #3750, #1940, #724 ) ) ;
#651 = EDGE_CURVE ( 'NONE', #2918, #314, #4576, .T. ) ;
#652 = VERTEX_POINT ( 'NONE', #3818 ) ;
#653 = CIRCLE ( 'NONE', #4168, 1.000000000000000000 ) ;
#654 = CIRCLE ( 'NONE', #829, 9.083333333333332100 ) ;
#655 = DIRECTION ( 'NONE',  ( 1.000000000000000000, 3.569163070562645700E-016, 0.0000000000000000000 ) ) ;
#656 = CARTESIAN_POINT ( 'NONE',  ( -71.04602967032585100, -28.37519891327388400, 59.00000000000000000 ) ) ;
#657 = DIRECTION ( 'NONE',  ( 0.0000000000000000000, 0.0000000000000000000, -1.000000000000000000 ) ) ;
#658 = ORIENTED_EDGE ( 'NONE', *, *, #2115, .F. ) ;
#659 = VERTEX_POINT ( 'NONE', #2055 ) ;
#660 = ORIENTED_EDGE ( 'NONE', *, *, #577, .F. ) ;
#661 = EDGE_CURVE ( 'NONE', #1221, #4074, #1742, .T. ) ;
#662 = ADVANCED_FACE ( 'NONE', ( #1158 ), #2695, .F. ) ;
#663 = CARTESIAN_POINT ( 'NONE',  ( 11.17208358129141700, 22.05871778971160100, 58.49999999999999300 ) ) ;
#664 = ORIENTED_EDGE ( 'NONE', *, *, #3681, .F. ) ;
#665 = ORIENTED_EDGE ( 'NONE', *, *, #4502, .T. ) ;
#666 = ORIENTED_EDGE ( 'NONE', *, *, #3270, .T. ) ;
#667 = EDGE_CURVE ( 'NONE', #1234, #3970, #2978, .T. ) ;
#668 = EDGE_CURVE ( 'NONE', #1255, #652, #603, .T. ) ;
#669 = LINE ( 'NONE', #1248, #2261 ) ;
#670 = AXIS2_PLACEMENT_3D ( 'NONE', #1896, #782, #2556 ) ;
#671 = VERTEX_POINT ( 'NONE', #528 ) ;
#672 = ORIENTED_EDGE ( 'NONE', *, *, #4517, .F. ) ;
#673 = CARTESIAN_POINT ( 'NONE',  ( -9.473807336454905600, 1.281996542406533400, 61.00000000000000000 ) ) ;
#674 = VECTOR ( 'NONE', #36, 1000.000000000000000 ) ;
#675 = VECTOR ( 'NONE', #4174, 1000.000000000000100 ) ;
#676 = EDGE_CURVE ( 'NONE', #1035, #336, #938, .T. ) ;
#677 = CARTESIAN_POINT ( 'NONE',  ( -71.04602967032586500, 17.29239248953929200, 30.50000000000000400 ) ) ;
#678 = ORIENTED_EDGE ( 'NONE', *, *, #2298, .T. ) ;
#679 = DIRECTION ( 'NONE',  ( -0.0000000000000000000, -0.0000000000000000000, -1.000000000000000000 ) ) ;
#680 = AXIS2_PLACEMENT_3D ( 'NONE', #3989, #2220, #2588 ) ;
#681 = ORIENTED_EDGE ( 'NONE', *, *, #3438, .F. ) ;
#682 = CARTESIAN_POINT ( 'NONE',  ( -5.021193487363407600, 19.58384405555868600, 61.00000000000000000 ) ) ;
#683 = PLANE ( 'NONE',  #3849 ) ;
#684 = ADVANCED_FACE ( 'NONE', ( #778 ), #3854, .T. ) ;
#685 = ORIENTED_EDGE ( 'NONE', *, *, #181, .T. ) ;
#686 = CARTESIAN_POINT ( 'NONE',  ( 9.049092237064005700, 9.049092237064005700, 58.49999999999999300 ) ) ;
#687 = EDGE_CURVE ( 'NONE', #3887, #1968, #4585, .T. ) ;
#688 = DIRECTION ( 'NONE',  ( -1.000000000000000000, 1.734723475976805500E-015, 0.0000000000000000000 ) ) ;
#689 = DIRECTION ( 'NONE',  ( 1.000000000000000000, -3.469446951953614200E-015, 0.0000000000000000000 ) ) ;
#690 = CARTESIAN_POINT ( 'NONE',  ( 9.362774842411619500, 6.614089288156753500, 58.49999999999999300 ) ) ;
#691 = CARTESIAN_POINT ( 'NONE',  ( 3.156869804526369900, 10.50797010701381300, 58.49999999999999300 ) ) ;
#692 = DIRECTION ( 'NONE',  ( 0.0000000000000000000, 1.000000000000000000, 0.0000000000000000000 ) ) ;
#693 = CARTESIAN_POINT ( 'NONE',  ( 17.10129384415525800, 26.57371449020234200, 61.00000000000000000 ) ) ;
#694 = AXIS2_PLACEMENT_3D ( 'NONE', #1714, #3804, #284 ) ;
#695 = FACE_OUTER_BOUND ( 'NONE', #2204, .T. ) ;
#696 = ORIENTED_EDGE ( 'NONE', *, *, #4159, .T. ) ;
#697 = DIRECTION ( 'NONE',  ( -0.0000000000000000000, -0.0000000000000000000, -1.000000000000000000 ) ) ;
#698 = AXIS2_PLACEMENT_3D ( 'NONE', #272, #2745, #637 ) ;
#699 = CYLINDRICAL_SURFACE ( 'NONE', #758, 2.500000000000000400 ) ;
#700 = CARTESIAN_POINT ( 'NONE',  ( 8.655668061225071600, 19.54230226964525500, 61.00000000000000000 ) ) ;
#701 = EDGE_CURVE ( 'NONE', #1260, #1422, #1751, .T. ) ;
#702 = ORIENTED_EDGE ( 'NONE', *, *, #4159, .F. ) ;
#703 = DIRECTION ( 'NONE',  ( -0.0000000000000000000, -0.0000000000000000000, -1.000000000000000000 ) ) ;
#704 = DIRECTION ( 'NONE',  ( 1.000000000000000000, 0.0000000000000000000, 0.0000000000000000000 ) ) ;
#705 = LINE ( 'NONE', #1971, #2122 ) ;
#706 = ADVANCED_FACE ( 'NONE', ( #2546 ), #2288, .F. ) ;
#707 = LINE ( 'NONE', #4160, #4014 ) ;
#708 = ORIENTED_EDGE ( 'NONE', *, *, #2379, .T. ) ;
#709 = CIRCLE ( 'NONE', #723, 2.500000000000000400 ) ;
#710 = ORIENTED_EDGE ( 'NONE', *, *, #2968, .F. ) ;
#711 = ORIENTED_EDGE ( 'NONE', *, *, #4362, .F. ) ;
#712 = CARTESIAN_POINT ( 'NONE',  ( 11.97396363636820200, 17.60468042998940400, 57.49999999999999300 ) ) ;
#713 = DIRECTION ( 'NONE',  ( 1.000000000000000000, 0.0000000000000000000, 0.0000000000000000000 ) ) ;
#714 = EDGE_CURVE ( 'NONE', #1010, #4444, #2805, .T. ) ;
#715 = ORIENTED_EDGE ( 'NONE', *, *, #1646, .F. ) ;
#716 = ORIENTED_EDGE ( 'NONE', *, *, #2039, .F. ) ;
#717 = CYLINDRICAL_SURFACE ( 'NONE', #2701, 1.000000000000000000 ) ;
#718 = DIRECTION ( 'NONE',  ( 0.7071067811865474600, 0.7071067811865474600, 0.0000000000000000000 ) ) ;
#719 = DIRECTION ( 'NONE',  ( -0.0000000000000000000, -0.0000000000000000000, 1.000000000000000000 ) ) ;
#720 = CARTESIAN_POINT ( 'NONE',  ( 12.93985053425778300, 5.158333939870227700, 61.00000000000000000 ) ) ;
#721 = CARTESIAN_POINT ( 'NONE',  ( -3.348199808287273700, 7.844604346626054400, 57.49999999999999300 ) ) ;
#722 = LINE ( 'NONE', #1673, #1988 ) ;
#723 = AXIS2_PLACEMENT_3D ( 'NONE', #972, #1304, #3778 ) ;
#724 = ORIENTED_EDGE ( 'NONE', *, *, #313, .T. ) ;
#725 = ORIENTED_EDGE ( 'NONE', *, *, #3085, .F. ) ;
#726 = FACE_OUTER_BOUND ( 'NONE', #3856, .T. ) ;
#727 = DIRECTION ( 'NONE',  ( -0.0000000000000000000, 0.0000000000000000000, -1.000000000000000000 ) ) ;
#728 = CYLINDRICAL_SURFACE ( 'NONE', #3688, 1.000000000000000000 ) ;
#729 = VERTEX_POINT ( 'NONE', #2626 ) ;
#730 = ORIENTED_EDGE ( 'NONE', *, *, #3225, .F. ) ;
#731 = EDGE_CURVE ( 'NONE', #3162, #4448, #2419, .T. ) ;
#732 = CIRCLE ( 'NONE', #350, 1.000000000000000900 ) ;
#733 = CARTESIAN_POINT ( 'NONE',  ( -7.048217099102747500, 23.02508122967112000, 58.49999999999999300 ) ) ;
#734 = ADVANCED_FACE ( 'NONE', ( #4416, #3309, #384, #3534, #2702, #4467, #2479, #4121, #4023 ), #3709, .T. ) ;
#735 = ORIENTED_EDGE ( 'NONE', *, *, #790, .F. ) ;
#736 = DIRECTION ( 'NONE',  ( -0.0000000000000000000, 0.0000000000000000000, -1.000000000000000000 ) ) ;
#737 = DIRECTION ( 'NONE',  ( -0.0000000000000000000, -0.0000000000000000000, 1.000000000000000000 ) ) ;
#738 = AXIS2_PLACEMENT_3D ( 'NONE', #2403, #2375, #3430 ) ;
#739 = ORIENTED_EDGE ( 'NONE', *, *, #1339, .F. ) ;
#740 = DIRECTION ( 'NONE',  ( -0.0000000000000000000, -0.0000000000000000000, 1.000000000000000000 ) ) ;
#741 = CARTESIAN_POINT ( 'NONE',  ( -0.5671561276412162600, 20.38572411063546900, 57.49999999999999300 ) ) ;
#742 = ORIENTED_EDGE ( 'NONE', *, *, #161, .F. ) ;
#743 = DIRECTION ( 'NONE',  ( -0.0000000000000000000, -0.0000000000000000000, 1.000000000000000000 ) ) ;
#744 = CARTESIAN_POINT ( 'NONE',  ( -5.021193487363406800, 5.865440721056776500, 58.49999999999999300 ) ) ;
#745 = DIRECTION ( 'NONE',  ( 1.000000000000000000, 3.569163070562645700E-016, -0.0000000000000000000 ) ) ;
#746 = DIRECTION ( 'NONE',  ( -4.641400604620220000E-016, 1.000000000000000000, 0.0000000000000000000 ) ) ;
#747 = DIRECTION ( 'NONE',  ( 1.000000000000000000, 0.0000000000000000000, 0.0000000000000000000 ) ) ;
#748 = DIRECTION ( 'NONE',  ( 0.7071067811865474600, 0.7071067811865474600, 0.0000000000000000000 ) ) ;
#749 = CARTESIAN_POINT ( 'NONE',  ( 4.312881914040462800, 12.72464238830773000, 58.49999999999999300 ) ) ;
#750 = DIRECTION ( 'NONE',  ( -0.0000000000000000000, -0.0000000000000000000, 1.000000000000000000 ) ) ;
#751 = ADVANCED_FACE ( 'NONE', ( #1812 ), #2860, .F. ) ;
#752 = CARTESIAN_POINT ( 'NONE',  ( 7.988432065284186500, 7.988432065284186500, 57.49999999999999300 ) ) ;
#753 = EDGE_CURVE ( 'NONE', #4375, #3201, #890, .T. ) ;
#754 = EDGE_CURVE ( 'NONE', #4375, #3698, #3905, .T. ) ;
#755 = EDGE_CURVE ( 'NONE', #1671, #4469, #53, .T. ) ;
#756 = VECTOR ( 'NONE', #1576, 1000.000000000000000 ) ;
#757 = DIRECTION ( 'NONE',  ( -0.0000000000000000000, -0.0000000000000000000, 1.000000000000000000 ) ) ;
#758 = AXIS2_PLACEMENT_3D ( 'NONE', #2796, #2780, #4214 ) ;
#759 = ORIENTED_EDGE ( 'NONE', *, *, #1491, .T. ) ;
#760 = CIRCLE ( 'NONE', #3367, 1.000000000000000900 ) ;
#761 = CARTESIAN_POINT ( 'NONE',  ( 8.655668061225071600, 19.54230226964525500, 61.00000000000000000 ) ) ;
#762 = EDGE_CURVE ( 'NONE', #336, #626, #277, .T. ) ;
#763 = DIRECTION ( 'NONE',  ( -0.0000000000000000000, 0.0000000000000000000, 1.000000000000000000 ) ) ;
#764 = ORIENTED_EDGE ( 'NONE', *, *, #925, .T. ) ;
#765 = AXIS2_PLACEMENT_3D ( 'NONE', #2254, #3330, #4034 ) ;
#766 = LINE ( 'NONE', #172, #648 ) ;
#767 = DIRECTION ( 'NONE',  ( 1.000000000000000000, 0.0000000000000000000, 0.0000000000000000000 ) ) ;
#768 = ORIENTED_EDGE ( 'NONE', *, *, #962, .T. ) ;
#769 = DIRECTION ( 'NONE',  ( -1.000000000000000000, 1.796363396442988000E-015, 0.0000000000000000000 ) ) ;
#770 = VECTOR ( 'NONE', #3342, 1000.000000000000000 ) ;
#771 = FACE_OUTER_BOUND ( 'NONE', #3596, .T. ) ;
#772 = CARTESIAN_POINT ( 'NONE',  ( 4.312881914040462800, 12.72464238830773000, 61.00000000000000000 ) ) ;
#773 = DIRECTION ( 'NONE',  ( 1.000000000000000000, 0.0000000000000000000, 0.0000000000000000000 ) ) ;
#774 = DIRECTION ( 'NONE',  ( -0.0000000000000000000, -0.0000000000000000000, 1.000000000000000000 ) ) ;
#775 = ORIENTED_EDGE ( 'NONE', *, *, #568, .T. ) ;
#776 = ORIENTED_EDGE ( 'NONE', *, *, #3906, .F. ) ;
#777 = EDGE_LOOP ( 'NONE', ( #2427, #3187, #215, #447 ) ) ;
#778 = FACE_OUTER_BOUND ( 'NONE', #88, .T. ) ;
#779 = ORIENTED_EDGE ( 'NONE', *, *, #258, .T. ) ;
#780 = ADVANCED_FACE ( 'NONE', ( #2028 ), #1922, .T. ) ;
#781 = VERTEX_POINT ( 'NONE', #2685 ) ;
#782 = DIRECTION ( 'NONE',  ( 1.000000000000000000, 3.569163070562645700E-016, 0.0000000000000000000 ) ) ;
#783 = ORIENTED_EDGE ( 'NONE', *, *, #1512, .T. ) ;
#784 = EDGE_CURVE ( 'NONE', #3670, #4470, #1099, .T. ) ;
#785 = ADVANCED_FACE ( 'NONE', ( #173 ), #4407, .F. ) ;
#786 = CIRCLE ( 'NONE', #4390, 59.79999999999999000 ) ;
#787 = ORIENTED_EDGE ( 'NONE', *, *, #3681, .T. ) ;
#788 = EDGE_CURVE ( 'NONE', #1752, #1683, #3799, .T. ) ;
#789 = EDGE_LOOP ( 'NONE', ( #735, #1376, #1111, #3711 ) ) ;
#790 = EDGE_CURVE ( 'NONE', #3177, #4375, #488, .T. ) ;
#791 = DIRECTION ( 'NONE',  ( 1.000000000000000000, 0.0000000000000000000, 0.0000000000000000000 ) ) ;
#792 = LINE ( 'NONE', #2136, #2931 ) ;
#793 = AXIS2_PLACEMENT_3D ( 'NONE', #848, #3010, #4413 ) ;
#794 = CARTESIAN_POINT ( 'NONE',  ( 4.312881914040462800, 12.72464238830773000, 58.49999999999999300 ) ) ;
#795 = VERTEX_POINT ( 'NONE', #572 ) ;
#796 = ORIENTED_EDGE ( 'NONE', *, *, #1120, .F. ) ;
#797 = AXIS2_PLACEMENT_3D ( 'NONE', #2493, #3196, #1068 ) ;
#798 = DIRECTION ( 'NONE',  ( 1.000000000000000000, 0.0000000000000000000, 0.0000000000000000000 ) ) ;
#799 = CARTESIAN_POINT ( 'NONE',  ( -5.902720333823521200, -0.1263659440326053700, 58.49999999999999300 ) ) ;
#800 = VERTEX_POINT ( 'NONE', #4093 ) ;
#801 = CIRCLE ( 'NONE', #2713, 17.91666666666666800 ) ;
#802 = CARTESIAN_POINT ( 'NONE',  ( 15.67398092718366700, 2.424203546944343000, 61.00000000000000000 ) ) ;
#803 = CARTESIAN_POINT ( 'NONE',  ( 2.096209632746546300, 13.88065449782182600, 57.49999999999999300 ) ) ;
#804 = ORIENTED_EDGE ( 'NONE', *, *, #2224, .F. ) ;
#805 = ORIENTED_EDGE ( 'NONE', *, *, #1287, .F. ) ;
#806 = ADVANCED_FACE ( 'NONE', ( #771 ), #1619, .T. ) ;
#807 = CARTESIAN_POINT ( 'NONE',  ( -9.536190187854147700, -0.06376954180705753100, 57.49999999999999300 ) ) ;
#808 = DIRECTION ( 'NONE',  ( 0.7071067811865475700, -0.7071067811865475700, 0.0000000000000000000 ) ) ;
#809 = EDGE_CURVE ( 'NONE', #4071, #2350, #709, .T. ) ;
#810 = VECTOR ( 'NONE', #463, 1000.000000000000000 ) ;
#811 = PRESENTATION_LAYER_ASSIGNMENT (  '', '', ( #573 ) ) ;
#812 = CARTESIAN_POINT ( 'NONE',  ( 11.13054179537798700, 8.381856241123118800, 58.49999999999999300 ) ) ;
#813 = CARTESIAN_POINT ( 'NONE',  ( 4.312881914040462800, 12.72464238830773000, 58.49999999999999300 ) ) ;
#814 = FACE_OUTER_BOUND ( 'NONE', #2233, .T. ) ;
#815 = DIRECTION ( 'NONE',  ( -0.0000000000000000000, 0.0000000000000000000, 1.000000000000000000 ) ) ;
#816 = ORIENTED_EDGE ( 'NONE', *, *, #4184, .T. ) ;
#817 = DIRECTION ( 'NONE',  ( -1.000000000000000000, 0.0000000000000000000, 0.0000000000000000000 ) ) ;
#818 = CARTESIAN_POINT ( 'NONE',  ( -3.675550151243721400, 3.675550151243721400, 58.49999999999999300 ) ) ;
#819 = AXIS2_PLACEMENT_3D ( 'NONE', #2602, #1570, #4398 ) ;
#820 = CIRCLE ( 'NONE', #2726, 9.083333333333332100 ) ;
#821 = LINE ( 'NONE', #3579, #1682 ) ;
#822 = ORIENTED_EDGE ( 'NONE', *, *, #2648, .T. ) ;
#823 = VECTOR ( 'NONE', #3197, 1000.000000000000100 ) ;
#824 = CIRCLE ( 'NONE', #4506, 10.58333333333333400 ) ;
#825 = CARTESIAN_POINT ( 'NONE',  ( 13.90621397421730200, 24.79284818263748500, 57.49999999999999300 ) ) ;
#826 = DIRECTION ( 'NONE',  ( 0.0000000000000000000, 0.0000000000000000000, -1.000000000000000000 ) ) ;
#827 = EDGE_LOOP ( 'NONE', ( #3192, #725 ) ) ;
#828 = ADVANCED_FACE ( 'NONE', ( #1979 ), #3585, .F. ) ;
#829 = AXIS2_PLACEMENT_3D ( 'NONE', #4465, #4437, #595 ) ;
#830 = ORIENTED_EDGE ( 'NONE', *, *, #627, .T. ) ;
#831 = CARTESIAN_POINT ( 'NONE',  ( 9.049092237064005700, 9.049092237064005700, 58.49999999999999300 ) ) ;
#832 = LINE ( 'NONE', #1901, #496 ) ;
#833 = CARTESIAN_POINT ( 'NONE',  ( 11.17208358129141700, 22.05871778971160100, 57.49999999999999300 ) ) ;
#834 =( NAMED_UNIT ( * ) SI_UNIT ( $, .STERADIAN. ) SOLID_ANGLE_UNIT ( ) );
#835 = CARTESIAN_POINT ( 'NONE',  ( 9.049092237064005700, 9.049092237064005700, 57.49999999999999300 ) ) ;
#836 = VECTOR ( 'NONE', #2985, 1000.000000000000000 ) ;
#837 = ORIENTED_EDGE ( 'NONE', *, *, #1339, .T. ) ;
#838 = VERTEX_POINT ( 'NONE', #3436 ) ;
#839 = LINE ( 'NONE', #1028, #1538 ) ;
#840 = CARTESIAN_POINT ( 'NONE',  ( 15.75552775994166400, 26.51133163880309600, 57.49999999999999300 ) ) ;
#842 = DIRECTION ( 'NONE',  ( -0.0000000000000000000, -0.0000000000000000000, 1.000000000000000000 ) ) ;
#841 = CARTESIAN_POINT ( 'NONE',  ( 4.312881914040462800, 12.72464238830773000, 58.49999999999999300 ) ) ;
#843 = VECTOR ( 'NONE', #27, 1000.000000000000000 ) ;
#844 = EDGE_LOOP ( 'NONE', ( #4340, #4086, #1586, #2303 ) ) ;
#845 = VERTEX_POINT ( 'NONE', #4490 ) ;
#846 = CYLINDRICAL_SURFACE ( 'NONE', #3776, 1.000000000000000000 ) ;
#847 = CARTESIAN_POINT ( 'NONE',  ( -3.675550151243721400, 3.675550151243721400, 57.49999999999999300 ) ) ;
#848 = CARTESIAN_POINT ( 'NONE',  ( -71.04602967032587900, 67.23011617120124600, 59.00000000000000000 ) ) ;
#849 = DIRECTION ( 'NONE',  ( 1.000000000000000000, 0.0000000000000000000, 0.0000000000000000000 ) ) ;
#850 = EDGE_CURVE ( 'NONE', #3520, #1110, #4521, .T. ) ;
#851 = VERTEX_POINT ( 'NONE', #2364 ) ;
#852 = DIRECTION ( 'NONE',  ( 0.0000000000000000000, 0.0000000000000000000, -1.000000000000000000 ) ) ;
#853 = CIRCLE ( 'NONE', #2372, 1.000000000000000900 ) ;
#854 = DIRECTION ( 'NONE',  ( 1.000000000000000000, 0.0000000000000000000, 0.0000000000000000000 ) ) ;
#855 = ORIENTED_EDGE ( 'NONE', *, *, #2298, .F. ) ;
#856 = EDGE_CURVE ( 'NONE', #66, #552, #50, .T. ) ;
#857 = AXIS2_PLACEMENT_3D ( 'NONE', #2845, #3907, #28 ) ;
#858 = SURFACE_SIDE_STYLE ('',( #4292 ) ) ;
#859 = CARTESIAN_POINT ( 'NONE',  ( -8.538126418299873100, 22.94024463617172000, 57.49999999999999300 ) ) ;
#860 = ADVANCED_FACE ( 'NONE', ( #933 ), #561, .T. ) ;
#861 = EDGE_CURVE ( 'NONE', #1221, #3260, #2586, .T. ) ;
#862 = AXIS2_PLACEMENT_3D ( 'NONE', #3552, #2121, #25 ) ;
#863 = EDGE_LOOP ( 'NONE', ( #2853, #2624 ) ) ;
#864 = DIRECTION ( 'NONE',  ( 4.222223050327063400E-016, -1.000000000000000000, -0.0000000000000000000 ) ) ;
#865 = ORIENTED_EDGE ( 'NONE', *, *, #34, .T. ) ;
#866 = CARTESIAN_POINT ( 'NONE',  ( 6.529554195334380800, 13.88065449782182400, 58.49999999999999300 ) ) ;
#867 = DIRECTION ( 'NONE',  ( -1.000000000000000000, -3.469446951953614200E-015, 0.0000000000000000000 ) ) ;
#868 = PLANE ( 'NONE',  #3441 ) ;
#869 = CARTESIAN_POINT ( 'NONE',  ( 4.312881914040462800, 12.72464238830773000, 61.00000000000000000 ) ) ;
#870 = CARTESIAN_POINT ( 'NONE',  ( -71.04602967032589300, 67.23011617120124600, 57.99999999999999300 ) ) ;
#871 = EDGE_CURVE ( 'NONE', #484, #1780, #3413, .T. ) ;
#872 = FACE_OUTER_BOUND ( 'NONE', #3892, .T. ) ;
#873 = CARTESIAN_POINT ( 'NONE',  ( 5.468894023554558000, 14.94131466960164700, 61.00000000000000000 ) ) ;
#874 = CARTESIAN_POINT ( 'NONE',  ( -0.7370110143306912700, 6.614089288156751700, 61.00000000000000000 ) ) ;
#875 = ORIENTED_EDGE ( 'NONE', *, *, #861, .F. ) ;
#876 = EDGE_CURVE ( 'NONE', #3916, #3845, #1159, .T. ) ;
#877 = CIRCLE ( 'NONE', #4302, 1.000000000000000000 ) ;
#878 = CARTESIAN_POINT ( 'NONE',  ( 4.312881914040462800, 12.72464238830773000, 61.00000000000000000 ) ) ;
#879 = AXIS2_PLACEMENT_3D ( 'NONE', #2700, #583, #3054 ) ;
#880 = ORIENTED_EDGE ( 'NONE', *, *, #2854, .T. ) ;
#881 = DIRECTION ( 'NONE',  ( 0.0000000000000000000, 0.0000000000000000000, -1.000000000000000000 ) ) ;
#882 = APPLICATION_PROTOCOL_DEFINITION ( 'draft international standard', 'automotive_design', 1998, #2280 ) ;
#883 = CIRCLE ( 'NONE', #1458, 1.000000000000000900 ) ;
#884 = CIRCLE ( 'NONE', #1888, 24.50000000000000000 ) ;
#885 = ORIENTED_EDGE ( 'NONE', *, *, #598, .T. ) ;
#886 = AXIS2_PLACEMENT_3D ( 'NONE', #2391, #1647, #3072 ) ;
#887 = EDGE_CURVE ( 'NONE', #845, #2321, #1531, .T. ) ;
#888 = VECTOR ( 'NONE', #576, 1000.000000000000000 ) ;
#889 = CIRCLE ( 'NONE', #1189, 16.41666666666666800 ) ;
#890 = LINE ( 'NONE', #1565, #4522 ) ;
#891 = VERTEX_POINT ( 'NONE', #646 ) ;
#892 = ORIENTED_EDGE ( 'NONE', *, *, #289, .F. ) ;
#893 = LINE ( 'NONE', #2873, #1478 ) ;
#894 = CYLINDRICAL_SURFACE ( 'NONE', #1025, 1.000000000000000900 ) ;
#895 = ORIENTED_EDGE ( 'NONE', *, *, #1507, .F. ) ;
#896 = VERTEX_POINT ( 'NONE', #693 ) ;
#897 = ORIENTED_EDGE ( 'NONE', *, *, #731, .F. ) ;
#898 = DIRECTION ( 'NONE',  ( 0.7071067811865474600, -0.7071067811865474600, 0.0000000000000000000 ) ) ;
#899 = CARTESIAN_POINT ( 'NONE',  ( -71.04602967032589300, 66.01080552151316300, 57.99999999999999300 ) ) ;
#900 = LINE ( 'NONE', #187, #2869 ) ;
#901 = ORIENTED_EDGE ( 'NONE', *, *, #1014, .F. ) ;
#902 = ORIENTED_EDGE ( 'NONE', *, *, #4184, .F. ) ;
#903 = ADVANCED_FACE ( 'NONE', ( #4461 ), #4577, .F. ) ;
#904 = EDGE_CURVE ( 'NONE', #3970, #4091, #4296, .T. ) ;
#905 = CYLINDRICAL_SURFACE ( 'NONE', #1493, 1.000000000000000900 ) ;
#906 = EDGE_LOOP ( 'NONE', ( #3807, #2806, #4427, #3245 ) ) ;
#907 = DIRECTION ( 'NONE',  ( -1.000000000000000000, 0.0000000000000000000, 0.0000000000000000000 ) ) ;
#908 = CARTESIAN_POINT ( 'NONE',  ( 19.64631557328216600, -5.083665005086887200, 61.00000000000000000 ) ) ;
#909 = AXIS2_PLACEMENT_3D ( 'NONE', #1736, #3528, #704 ) ;
#910 = DIRECTION ( 'NONE',  ( -1.000000000000000000, 3.469446951953617300E-015, 0.0000000000000000000 ) ) ;
#911 = CARTESIAN_POINT ( 'NONE',  ( 60.16044702067370800, -29.37519891327383800, 57.99999999999999300 ) ) ;
#912 = EDGE_CURVE ( 'NONE', #4444, #4468, #1860, .T. ) ;
#913 = VERTEX_POINT ( 'NONE', #2088 ) ;
#914 = AXIS2_PLACEMENT_3D ( 'NONE', #847, #3237, #1861 ) ;
#915 = ORIENTED_EDGE ( 'NONE', *, *, #1818, .T. ) ;
#916 = VERTEX_POINT ( 'NONE', #3820 ) ;
#917 = AXIS2_PLACEMENT_3D ( 'NONE', #151, #852, #1899 ) ;
#918 = DIRECTION ( 'NONE',  ( -1.000000000000000000, 0.0000000000000000000, 0.0000000000000000000 ) ) ;
#919 = CARTESIAN_POINT ( 'NONE',  ( 9.049092237064005700, 9.049092237064005700, 58.49999999999999300 ) ) ;
#920 = ORIENTED_EDGE ( 'NONE', *, *, #3559, .F. ) ;
#921 = DIRECTION ( 'NONE',  ( 0.7071067811865474600, 0.7071067811865474600, 0.0000000000000000000 ) ) ;
#922 = CIRCLE ( 'NONE', #2767, 1.000000000000000900 ) ;
#923 = CIRCLE ( 'NONE', #4141, 0.9999999999999991100 ) ;
#924 = EDGE_LOOP ( 'NONE', ( #2371, #2105, #3452, #2836 ) ) ;
#925 = EDGE_CURVE ( 'NONE', #3744, #891, #3522, .T. ) ;
#926 = EDGE_LOOP ( 'NONE', ( #4423, #1667, #940, #880 ) ) ;
#927 = CIRCLE ( 'NONE', #932, 1.000000000000000000 ) ;
#928 = DIRECTION ( 'NONE',  ( -1.000000000000000000, 0.0000000000000000000, 0.0000000000000000000 ) ) ;
#929 = LINE ( 'NONE', #1848, #4571 ) ;
#930 = ORIENTED_EDGE ( 'NONE', *, *, #1232, .F. ) ;
#931 = CYLINDRICAL_SURFACE ( 'NONE', #3936, 2.500000000000000400 ) ;
#932 = AXIS2_PLACEMENT_3D ( 'NONE', #744, #3930, #3880 ) ;
#933 = FACE_OUTER_BOUND ( 'NONE', #1814, .T. ) ;
#934 = CARTESIAN_POINT ( 'NONE',  ( -3.675550151243721400, 3.675550151243721400, 58.49999999999999300 ) ) ;
#935 = ORIENTED_EDGE ( 'NONE', *, *, #4298, .F. ) ;
#936 = EDGE_LOOP ( 'NONE', ( #2735, #192, #2444, #3855, #3650, #3238, #3490, #4531, #1994, #775, #479 ) ) ;
#937 = PLANE ( 'NONE',  #3273 ) ;
#938 = CIRCLE ( 'NONE', #482, 1.000000000000000900 ) ;
#939 = AXIS2_PLACEMENT_3D ( 'NONE', #1430, #1408, #1750 ) ;
#940 = ORIENTED_EDGE ( 'NONE', *, *, #4, .F. ) ;
#941 = ORIENTED_EDGE ( 'NONE', *, *, #3525, .T. ) ;
#942 = LINE ( 'NONE', #2064, #4358 ) ;
#943 = CIRCLE ( 'NONE', #1380, 1.000000000000000900 ) ;
#944 = CARTESIAN_POINT ( 'NONE',  ( 5.468894023554558000, 14.94131466960164700, 58.49999999999999300 ) ) ;
#945 = DIRECTION ( 'NONE',  ( 1.000000000000000000, 0.0000000000000000000, 0.0000000000000000000 ) ) ;
#946 = ORIENTED_EDGE ( 'NONE', *, *, #1414, .F. ) ;
#947 = ORIENTED_EDGE ( 'NONE', *, *, #288, .T. ) ;
#948 = FILL_AREA_STYLE_COLOUR ( '', #1662 ) ;
#949 = FACE_OUTER_BOUND ( 'NONE', #2340, .T. ) ;
#950 = CARTESIAN_POINT ( 'NONE',  ( 15.67398092718367400, 23.02508122967112000, 61.00000000000000000 ) ) ;
#951 = VERTEX_POINT ( 'NONE', #1018 ) ;
#952 = FACE_OUTER_BOUND ( 'NONE', #494, .T. ) ;
#953 = EDGE_CURVE ( 'NONE', #349, #3565, #597, .T. ) ;
#954 = ORIENTED_EDGE ( 'NONE', *, *, #4443, .T. ) ;
#955 = CARTESIAN_POINT ( 'NONE',  ( 11.97396363636820000, 17.60468042998940400, 58.49999999999999300 ) ) ;
#956 = EDGE_CURVE ( 'NONE', #257, #4395, #889, .T. ) ;
#957 = ORIENTED_EDGE ( 'NONE', *, *, #113, .F. ) ;
#958 = CARTESIAN_POINT ( 'NONE',  ( 4.312881914040462800, 12.72464238830773000, 57.49999999999999300 ) ) ;
#959 = DIRECTION ( 'NONE',  ( 1.000000000000000000, 3.569163070562645700E-016, -0.0000000000000000000 ) ) ;
#960 = AXIS2_PLACEMENT_3D ( 'NONE', #2413, #631, #3449 ) ;
#961 = VERTEX_POINT ( 'NONE', #2757 ) ;
#962 = EDGE_CURVE ( 'NONE', #3530, #2463, #1263, .T. ) ;
#963 = EDGE_LOOP ( 'NONE', ( #1206, #3980, #3604, #2665 ) ) ;
#964 = AXIS2_PLACEMENT_3D ( 'NONE', #4073, #1964, #2319 ) ;
#965 = ORIENTED_EDGE ( 'NONE', *, *, #4200, .F. ) ;
#966 = EDGE_CURVE ( 'NONE', #3544, #1260, #2414, .T. ) ;
#967 = DIRECTION ( 'NONE',  ( 1.000000000000000000, 0.0000000000000000000, 0.0000000000000000000 ) ) ;
#968 = ORIENTED_EDGE ( 'NONE', *, *, #3417, .F. ) ;
#969 = AXIS2_PLACEMENT_3D ( 'NONE', #3189, #3221, #3112 ) ;
#970 = CARTESIAN_POINT ( 'NONE',  ( -5.280450146136372400, 0.6564365939779742700, 61.00000000000000000 ) ) ;
#971 = CARTESIAN_POINT ( 'NONE',  ( 18.86906079712162000, 0.6433372393794875000, 61.00000000000000000 ) ) ;
#972 = CARTESIAN_POINT ( 'NONE',  ( 4.312881914040462800, 12.72464238830773000, 61.00000000000000000 ) ) ;
#973 = LINE ( 'NONE', #3220, #3837 ) ;
#974 = CARTESIAN_POINT ( 'NONE',  ( -1.797671186110514400, 7.674749459936574400, 58.49999999999999300 ) ) ;
#975 = DIRECTION ( 'NONE',  ( 1.000000000000000000, 0.0000000000000000000, 0.0000000000000000000 ) ) ;
#976 = CYLINDRICAL_SURFACE ( 'NONE', #1843, 1.000000000000000000 ) ;
#977 = CARTESIAN_POINT ( 'NONE',  ( 9.192919955722139500, 5.063560665979996300, 61.00000000000000000 ) ) ;
#978 = ORIENTED_EDGE ( 'NONE', *, *, #904, .F. ) ;
#979 = EDGE_LOOP ( 'NONE', ( #3639, #1428, #1313, #3393 ) ) ;
#980 = DIRECTION ( 'NONE',  ( 1.000000000000000000, 3.469446951953611000E-015, 0.0000000000000000000 ) ) ;
#981 = CIRCLE ( 'NONE', #765, 17.91666666666666800 ) ;
#982 = AXIS2_PLACEMENT_3D ( 'NONE', #485, #3638, #1887 ) ;
#983 = VERTEX_POINT ( 'NONE', #2162 ) ;
#984 = VECTOR ( 'NONE', #1155, 1000.000000000000000 ) ;
#985 = EDGE_CURVE ( 'NONE', #3105, #1010, #3464, .T. ) ;
#986 = EDGE_CURVE ( 'NONE', #552, #1884, #2189, .T. ) ;
#987 = EDGE_CURVE ( 'NONE', #2675, #1110, #4178, .T. ) ;
#988 = CARTESIAN_POINT ( 'NONE',  ( 60.16044702067370800, -30.37519891327383800, 59.00000000000000000 ) ) ;
#989 = AXIS2_PLACEMENT_3D ( 'NONE', #682, #3831, #2461 ) ;
#990 = ORIENTED_EDGE ( 'NONE', *, *, #2462, .F. ) ;
#991 = ORIENTED_EDGE ( 'NONE', *, *, #1607, .F. ) ;
#992 = ORIENTED_EDGE ( 'NONE', *, *, #4291, .F. ) ;
#993 = CARTESIAN_POINT ( 'NONE',  ( -10.24329696904069400, 0.6433372393794891700, 61.00000000000000000 ) ) ;
#994 = CARTESIAN_POINT ( 'NONE',  ( -10.24329696904069400, 0.6433372393794891700, 58.49999999999999300 ) ) ;
#995 = LINE ( 'NONE', #4230, #3747 ) ;
#996 = CLOSED_SHELL ( 'NONE', ( #2387, #2458, #3200, #2151, #4527, #1284, #359, #3990, #2537, #1148, #1300, #2834, #1486, #2566, #3608, #751, #591, #1372, #3760, #250, #780, #1186, #1575, #3885, #2410, #806, #2059, #406, #4495, #3156, #684, #4286, #706, #3249, #2440, #2360, #4213, #860, #1710, #1455, #1079, #12, #3373, #4378, #2333, #3578, #383, #1778, #2173, #345, #1440, #545, #1975, #3222, #4572, #4405, #2102, #1643, #3524, #1685, #585, #635, #4553, #3556, #1341, #299, #3961, #2485, #2894, #4240, #3915, #4316, #1238, #4094, #3868, #2876, #1836, #63, #2833, #1129, #1411, #785, #423, #734, #828, #2765, #3173, #3480, #1059, #3502, #454, #1392, #662, #2628, #31, #1152, #903, #4136, #4482, #1954, #1834, #3625, #4237, #1096, #89, #3532, #1810, #1406, #343, #2851, #3846, #2655, #205, #2510, #3154, #1729, #3764, #3048, #2271, #2124, #3937, #2197, #2337, #1762, #2803, #4264, #1457, #1783 ) ) ;
#997 = EDGE_CURVE ( 'NONE', #1602, #3162, #824, .T. ) ;
#998 = ORIENTED_EDGE ( 'NONE', *, *, #3654, .T. ) ;
#999 = ORIENTED_EDGE ( 'NONE', *, *, #2930, .F. ) ;
#1000 = AXIS2_PLACEMENT_3D ( 'NONE', #4499, #297, #1338 ) ;
#1001 = VECTOR ( 'NONE', #1522, 1000.000000000000000 ) ;
#1002 = ORIENTED_EDGE ( 'NONE', *, *, #4322, .T. ) ;
#1003 = ORIENTED_EDGE ( 'NONE', *, *, #651, .T. ) ;
#1004 = CARTESIAN_POINT ( 'NONE',  ( 4.312881914040462800, 12.72464238830773000, 61.00000000000000000 ) ) ;
#1005 = CARTESIAN_POINT ( 'NONE',  ( 13.64695731544433400, 19.58384405555868200, 57.49999999999999300 ) ) ;
#1006 = LINE ( 'NONE', #3376, #3659 ) ;
#1007 = EDGE_LOOP ( 'NONE', ( #448, #1317, #681, #3864 ) ) ;
#1008 = CARTESIAN_POINT ( 'NONE',  ( -4.736210323023544600, 4.736210323023544600, 61.00000000000000000 ) ) ;
#1009 = EDGE_LOOP ( 'NONE', ( #4436, #1595, #4201, #3254, #26, #4087 ) ) ;
#1010 = VERTEX_POINT ( 'NONE', #2574 ) ;
#1011 = EDGE_CURVE ( 'NONE', #4349, #4128, #328, .T. ) ;
#1012 = DIRECTION ( 'NONE',  ( 1.000000000000000000, 3.569163070562645700E-016, 0.0000000000000000000 ) ) ;
#1013 = ORIENTED_EDGE ( 'NONE', *, *, #1183, .T. ) ;
#1014 = EDGE_CURVE ( 'NONE', #851, #1976, #3960, .T. ) ;
#1015 = DIRECTION ( 'NONE',  ( -0.0000000000000000000, 0.0000000000000000000, 1.000000000000000000 ) ) ;
#1016 = ORIENTED_EDGE ( 'NONE', *, *, #3202, .F. ) ;
#1017 = CARTESIAN_POINT ( 'NONE',  ( 4.312881914040462800, 12.72464238830773000, 57.49999999999999300 ) ) ;
#1018 = CARTESIAN_POINT ( 'NONE',  ( -71.04602967032586500, -28.71893297056263700, 60.20000000000000300 ) ) ;
#1019 = AXIS2_PLACEMENT_3D ( 'NONE', #3789, #602, #3732 ) ;
#1020 = ORIENTED_EDGE ( 'NONE', *, *, #3210, .F. ) ;
#1021 = ORIENTED_EDGE ( 'NONE', *, *, #1677, .F. ) ;
#1022 = CARTESIAN_POINT ( 'NONE',  ( -0.02990423314414968800, 19.54230226964525500, 61.00000000000000000 ) ) ;
#1023 = FACE_OUTER_BOUND ( 'NONE', #2719, .T. ) ;
#1024 = CARTESIAN_POINT ( 'NONE',  ( -71.04602967032585100, -28.37519891327388400, 59.00000000000000000 ) ) ;
#1025 = AXIS2_PLACEMENT_3D ( 'NONE', #1740, #1361, #2459 ) ;
#1026 = CARTESIAN_POINT ( 'NONE',  ( -4.736210323023544600, 4.736210323023544600, 61.00000000000000000 ) ) ;
#1027 = CARTESIAN_POINT ( 'NONE',  ( 9.049092237064005700, 9.049092237064005700, 61.00000000000000000 ) ) ;
#1028 = CARTESIAN_POINT ( 'NONE',  ( 10.42343501419144000, 7.674749459936570900, 58.49999999999999300 ) ) ;
#1029 = VECTOR ( 'NONE', #3104, 1000.000000000000000 ) ;
#1030 = CARTESIAN_POINT ( 'NONE',  ( 13.39621524737379400, 12.72464238830773000, 57.49999999999999300 ) ) ;
#1031 = ORIENTED_EDGE ( 'NONE', *, *, #499, .T. ) ;
#1032 = AXIS2_PLACEMENT_3D ( 'NONE', #4236, #201, #441 ) ;
#1033 = LINE ( 'NONE', #1776, #1622 ) ;
#1034 = DIRECTION ( 'NONE',  ( -0.7071067811865475700, -0.7071067811865475700, 0.0000000000000000000 ) ) ;
#1035 = VERTEX_POINT ( 'NONE', #2938 ) ;
#1036 = SURFACE_STYLE_FILL_AREA ( #3869 ) ;
#1037 = LINE ( 'NONE', #1378, #4573 ) ;
#1038 = CARTESIAN_POINT ( 'NONE',  ( 4.312881914040462800, 12.72464238830773000, 58.49999999999999300 ) ) ;
#1039 = EDGE_CURVE ( 'NONE', #4444, #4152, #1687, .T. ) ;
#1040 = ORIENTED_EDGE ( 'NONE', *, *, #499, .F. ) ;
#1041 = CYLINDRICAL_SURFACE ( 'NONE', #1960, 2.500000000000000400 ) ;
#1042 = FACE_OUTER_BOUND ( 'NONE', #2239, .T. ) ;
#1043 = DIRECTION ( 'NONE',  ( 1.000000000000000000, 3.469446951953614200E-015, 0.0000000000000000000 ) ) ;
#1044 = DIRECTION ( 'NONE',  ( -1.000000000000000000, 2.602085213965208300E-015, 0.0000000000000000000 ) ) ;
#1045 = CARTESIAN_POINT ( 'NONE',  ( -14.25322579396668800, 28.71056258624057000, 58.49999999999999300 ) ) ;
#1046 = CARTESIAN_POINT ( 'NONE',  ( -10.24329696904069400, 0.6433372393794891700, 61.00000000000000000 ) ) ;
#1047 = CARTESIAN_POINT ( 'NONE',  ( 20.35342235446871600, 29.82584300051580700, 58.49999999999999300 ) ) ;
#1048 = ORIENTED_EDGE ( 'NONE', *, *, #4283, .F. ) ;
#1049 = LINE ( 'NONE', #2324, #1209 ) ;
#1050 =( GEOMETRIC_REPRESENTATION_CONTEXT ( 3 ) GLOBAL_UNCERTAINTY_ASSIGNED_CONTEXT ( ( #3540 ) ) GLOBAL_UNIT_ASSIGNED_CONTEXT ( ( #4013, #3656, #834 ) ) REPRESENTATION_CONTEXT ( 'NONE', 'WORKASPACE' ) );
#1051 = CARTESIAN_POINT ( 'NONE',  ( -7.768423234887774400, -1.831536494773426900, 58.49999999999999300 ) ) ;
#1052 = ORIENTED_EDGE ( 'NONE', *, *, #2870, .T. ) ;
#1053 = ORIENTED_EDGE ( 'NONE', *, *, #2258, .F. ) ;
#1054 = VERTEX_POINT ( 'NONE', #2157 ) ;
#1055 = FACE_OUTER_BOUND ( 'NONE', #1990, .T. ) ;
#1056 = AXIS2_PLACEMENT_3D ( 'NONE', #1349, #4421, #1666 ) ;
#1057 = CARTESIAN_POINT ( 'NONE',  ( 9.049092237064005700, 9.049092237064005700, 57.49999999999999300 ) ) ;
#1058 = VERTEX_POINT ( 'NONE', #1128 ) ;
#1059 = ADVANCED_FACE ( 'NONE', ( #1472 ), #3641, .F. ) ;
#1060 = ORIENTED_EDGE ( 'NONE', *, *, #247, .F. ) ;
#1061 = CARTESIAN_POINT ( 'NONE',  ( 10.57992228627694900, 21.25289833059759600, 57.49999999999999300 ) ) ;
#1062 = LINE ( 'NONE', #2047, #2320 ) ;
#1063 = EDGE_CURVE ( 'NONE', #2023, #1968, #3366, .T. ) ;
#1064 = ORIENTED_EDGE ( 'NONE', *, *, #962, .F. ) ;
#1065 = CARTESIAN_POINT ( 'NONE',  ( -17.73711808595947700, 32.72464238830784200, 61.00000000000000000 ) ) ;
#1066 = CARTESIAN_POINT ( 'NONE',  ( 10.42343501419144200, 17.77453531667888600, 57.49999999999999300 ) ) ;
#1067 = AXIS2_PLACEMENT_3D ( 'NONE', #377, #2840, #1075 ) ;
#1068 = DIRECTION ( 'NONE',  ( 1.000000000000000000, 0.0000000000000000000, 0.0000000000000000000 ) ) ;
#1069 = CYLINDRICAL_SURFACE ( 'NONE', #3333, 1.000000000000000900 ) ;
#1070 = VERTEX_POINT ( 'NONE', #2545 ) ;
#1071 = DIRECTION ( 'NONE',  ( -0.0000000000000000000, 0.0000000000000000000, -1.000000000000000000 ) ) ;
#1072 = CARTESIAN_POINT ( 'NONE',  ( -15.68711808595947600, 32.72464238830784200, 61.00000000000000000 ) ) ;
#1073 = CARTESIAN_POINT ( 'NONE',  ( 20.29880211197330600, -5.841465319699427300, 57.49999999999999300 ) ) ;
#1074 = ORIENTED_EDGE ( 'NONE', *, *, #1063, .T. ) ;
#1075 = DIRECTION ( 'NONE',  ( 1.000000000000000000, 0.0000000000000000000, 0.0000000000000000000 ) ) ;
#1076 = EDGE_CURVE ( 'NONE', #3082, #504, #3032, .T. ) ;
#1077 = CARTESIAN_POINT ( 'NONE',  ( 10.42343501419144400, 17.77453531667888600, 58.49999999999999300 ) ) ;
#1078 = CARTESIAN_POINT ( 'NONE',  ( 12.84113785633032900, 6.457602016071243500, 61.00000000000000000 ) ) ;
#1079 = ADVANCED_FACE ( 'NONE', ( #2696 ), #2352, .F. ) ;
#1080 = AXIS2_PLACEMENT_3D ( 'NONE', #2099, #3847, #1726 ) ;
#1081 = ORIENTED_EDGE ( 'NONE', *, *, #1276, .T. ) ;
#1082 = CARTESIAN_POINT ( 'NONE',  ( 60.16044702067370800, -29.37519891327383800, 59.00000000000000000 ) ) ;
#1083 = AXIS2_PLACEMENT_3D ( 'NONE', #2527, #2880, #773 ) ;
#1084 = FACE_OUTER_BOUND ( 'NONE', #1791, .T. ) ;
#1085 = DIRECTION ( 'NONE',  ( 1.000000000000000000, 0.0000000000000000000, 0.0000000000000000000 ) ) ;
#1086 = ORIENTED_EDGE ( 'NONE', *, *, #1679, .F. ) ;
#1087 = DIRECTION ( 'NONE',  ( -0.0000000000000000000, -0.0000000000000000000, 1.000000000000000000 ) ) ;
#1088 = DIRECTION ( 'NONE',  ( -0.0000000000000000000, -0.0000000000000000000, 1.000000000000000000 ) ) ;
#1089 = CIRCLE ( 'NONE', #4056, 1.000000000000000000 ) ;
#1090 = ORIENTED_EDGE ( 'NONE', *, *, #2210, .T. ) ;
#1091 = DIRECTION ( 'NONE',  ( -0.0000000000000000000, -0.0000000000000000000, 1.000000000000000000 ) ) ;
#1092 = DIRECTION ( 'NONE',  ( -1.000000000000000000, 6.938893903907228400E-015, 0.0000000000000000000 ) ) ;
#1093 = CIRCLE ( 'NONE', #969, 1.000000000000000000 ) ;
#1094 = ORIENTED_EDGE ( 'NONE', *, *, #3456, .T. ) ;
#1095 = VECTOR ( 'NONE', #2544, 1000.000000000000000 ) ;
#1096 = ADVANCED_FACE ( 'NONE', ( #3850 ), #112, .F. ) ;
#1097 = DIRECTION ( 'NONE',  ( -1.000000000000000000, 0.0000000000000000000, 0.0000000000000000000 ) ) ;
#1098 = EDGE_CURVE ( 'NONE', #4400, #246, #2471, .T. ) ;
#1099 = CIRCLE ( 'NONE', #229, 1.000000000000000900 ) ;
#1100 = EDGE_LOOP ( 'NONE', ( #3986, #2582, #1476, #3149 ) ) ;
#1101 = EDGE_LOOP ( 'NONE', ( #2504, #1916, #3858, #4173 ) ) ;
#1102 = ORIENTED_EDGE ( 'NONE', *, *, #3444, .T. ) ;
#1103 = DIRECTION ( 'NONE',  ( -1.000000000000000000, 0.0000000000000000000, 0.0000000000000000000 ) ) ;
#1104 = CARTESIAN_POINT ( 'NONE',  ( 22.26288191404052300, 32.72464238830784200, 57.99999999999999300 ) ) ;
#1105 = DIRECTION ( 'NONE',  ( 1.000000000000000000, 0.0000000000000000000, 0.0000000000000000000 ) ) ;
#1106 = DIRECTION ( 'NONE',  ( -0.0000000000000000000, -0.0000000000000000000, -1.000000000000000000 ) ) ;
#1107 = CARTESIAN_POINT ( 'NONE',  ( 4.312881914040462800, 12.72464238830773000, 61.00000000000000000 ) ) ;
#1108 = LINE ( 'NONE', #741, #1644 ) ;
#1109 = AXIS2_PLACEMENT_3D ( 'NONE', #2332, #4442, #2714 ) ;
#1110 = VERTEX_POINT ( 'NONE', #3947 ) ;
#1111 = ORIENTED_EDGE ( 'NONE', *, *, #372, .F. ) ;
#1112 = DIRECTION ( 'NONE',  ( -0.0000000000000000000, 0.0000000000000000000, 1.000000000000000000 ) ) ;
#1113 = VERTEX_POINT ( 'NONE', #2901 ) ;
#1114 = CARTESIAN_POINT ( 'NONE',  ( -71.04602967032589300, 63.58480157560883600, 57.99999999999998600 ) ) ;
#1115 = CARTESIAN_POINT ( 'NONE',  ( -8.475530016074328500, 26.57371449020233800, 58.49999999999999300 ) ) ;
#1116 = LINE ( 'NONE', #1600, #3602 ) ;
#1117 = ORIENTED_EDGE ( 'NONE', *, *, #2379, .F. ) ;
#1118 = VERTEX_POINT ( 'NONE', #1502 ) ;
#1119 = AXIS2_PLACEMENT_3D ( 'NONE', #2787, #1087, #2106 ) ;
#1120 = EDGE_CURVE ( 'NONE', #3105, #3660, #2301, .T. ) ;
#1121 = LINE ( 'NONE', #1073, #565 ) ;
#1122 = DIRECTION ( 'NONE',  ( 1.000000000000000000, 0.0000000000000000000, 0.0000000000000000000 ) ) ;
#1123 = DIRECTION ( 'NONE',  ( 0.0000000000000000000, 0.0000000000000000000, 1.000000000000000000 ) ) ;
#1124 = VERTEX_POINT ( 'NONE', #3267 ) ;
#1125 = DIRECTION ( 'NONE',  ( 1.000000000000000000, 0.0000000000000000000, 0.0000000000000000000 ) ) ;
#1126 = DIRECTION ( 'NONE',  ( -0.0000000000000000000, 0.0000000000000000000, -1.000000000000000000 ) ) ;
#1127 = AXIS2_PLACEMENT_3D ( 'NONE', #1146, #2194, #3605 ) ;
#1128 = CARTESIAN_POINT ( 'NONE',  ( -4.021193487363407600, 19.58384405555868600, 61.00000000000000000 ) ) ;
#1129 = ADVANCED_FACE ( 'NONE', ( #549 ), #2915, .F. ) ;
#1130 = DIRECTION ( 'NONE',  ( 0.0000000000000000000, 0.0000000000000000000, -1.000000000000000000 ) ) ;
#1131 = CARTESIAN_POINT ( 'NONE',  ( 4.312881914040462800, 12.72464238830773000, 57.49999999999999300 ) ) ;
#1132 = DIRECTION ( 'NONE',  ( 1.000000000000000000, 0.0000000000000000000, 0.0000000000000000000 ) ) ;
#1133 = LINE ( 'NONE', #2716, #3336 ) ;
#1134 = EDGE_CURVE ( 'NONE', #2969, #4547, #431, .T. ) ;
#1135 = CARTESIAN_POINT ( 'NONE',  ( -4.736210323023544600, 4.736210323023544600, 57.49999999999999300 ) ) ;
#1136 = CARTESIAN_POINT ( 'NONE',  ( -11.72765852638778700, -4.376558223900342000, 57.49999999999999300 ) ) ;
#1137 = AXIS2_PLACEMENT_3D ( 'NONE', #2789, #3492, #689 ) ;
#1138 = CARTESIAN_POINT ( 'NONE',  ( 9.049092237064005700, 9.049092237064005700, 61.00000000000000000 ) ) ;
#1139 = DIRECTION ( 'NONE',  ( 0.7071067811865474600, 0.7071067811865474600, 0.0000000000000000000 ) ) ;
#1140 = CARTESIAN_POINT ( 'NONE',  ( -1.797671186110514800, 7.674749459936574400, 61.00000000000000000 ) ) ;
#1141 = EDGE_CURVE ( 'NONE', #246, #4388, #3248, .T. ) ;
#1142 = CIRCLE ( 'NONE', #2464, 1.000000000000000900 ) ;
#1143 = DIRECTION ( 'NONE',  ( -1.000000000000000000, -8.673617379884027600E-016, 0.0000000000000000000 ) ) ;
#1144 = AXIS2_PLACEMENT_3D ( 'NONE', #2274, #1910, #3024 ) ;
#1145 = ORIENTED_EDGE ( 'NONE', *, *, #2436, .F. ) ;
#1146 = CARTESIAN_POINT ( 'NONE',  ( 4.312881914040462800, 12.72464238830773000, 57.49999999999999300 ) ) ;
#1147 = FACE_OUTER_BOUND ( 'NONE', #924, .T. ) ;
#1148 = ADVANCED_FACE ( 'NONE', ( #1365 ), #1589, .F. ) ;
#1149 = ORIENTED_EDGE ( 'NONE', *, *, #3074, .F. ) ;
#1150 = DIRECTION ( 'NONE',  ( -1.000000000000000000, 0.0000000000000000000, 0.0000000000000000000 ) ) ;
#1151 = EDGE_LOOP ( 'NONE', ( #2092, #1858, #2683, #2358, #4284, #3481, #1470, #4526, #3649, #308 ) ) ;
#1152 = ADVANCED_FACE ( 'NONE', ( #1042 ), #2908, .F. ) ;
#1153 = AXIS2_PLACEMENT_3D ( 'NONE', #2019, #2770, #4494 ) ;
#1154 = LINE ( 'NONE', #2270, #1467 ) ;
#1155 = DIRECTION ( 'NONE',  ( -0.0000000000000000000, -0.0000000000000000000, 1.000000000000000000 ) ) ;
#1156 = ORIENTED_EDGE ( 'NONE', *, *, #3620, .F. ) ;
#1157 = DIRECTION ( 'NONE',  ( 1.000000000000000000, 0.0000000000000000000, 0.0000000000000000000 ) ) ;
#1158 = FACE_OUTER_BOUND ( 'NONE', #789, .T. ) ;
#1159 = CIRCLE ( 'NONE', #694, 1.000000000000000900 ) ;
#1160 = DIRECTION ( 'NONE',  ( -0.0000000000000000000, 0.0000000000000000000, -1.000000000000000000 ) ) ;
#1161 = DIRECTION ( 'NONE',  ( 0.7071067811865474600, 0.7071067811865474600, 0.0000000000000000000 ) ) ;
#1162 = EDGE_LOOP ( 'NONE', ( #3949, #3421, #4020, #640 ) ) ;
#1163 = ORIENTED_EDGE ( 'NONE', *, *, #2775, .F. ) ;
#1164 = CARTESIAN_POINT ( 'NONE',  ( 24.31288191404052100, 32.72464238830784200, 57.99999999999999300 ) ) ;
#1165 = ORIENTED_EDGE ( 'NONE', *, *, #2610, .F. ) ;
#1166 = CARTESIAN_POINT ( 'NONE',  ( 24.31288191404052100, 32.72464238830784200, 57.99999999999999300 ) ) ;
#1167 = EDGE_CURVE ( 'NONE', #3887, #3548, #4068, .T. ) ;
#1168 = FACE_OUTER_BOUND ( 'NONE', #1374, .T. ) ;
#1169 = ORIENTED_EDGE ( 'NONE', *, *, #288, .F. ) ;
#1170 = DIRECTION ( 'NONE',  ( -0.0000000000000000000, -0.0000000000000000000, 1.000000000000000000 ) ) ;
#1171 = CIRCLE ( 'NONE', #1056, 17.91666666666666800 ) ;
#1172 = STYLED_ITEM ( 'NONE', ( #2791 ), #1341 ) ;
#1173 = ORIENTED_EDGE ( 'NONE', *, *, #3288, .F. ) ;
#1174 = EDGE_CURVE ( 'NONE', #4015, #2634, #1154, .T. ) ;
#1175 = ORIENTED_EDGE ( 'NONE', *, *, #1512, .F. ) ;
#1176 = DIRECTION ( 'NONE',  ( 0.7071067811865474600, -0.7071067811865474600, 0.0000000000000000000 ) ) ;
#1177 = DIRECTION ( 'NONE',  ( -0.0000000000000000000, -0.0000000000000000000, 1.000000000000000000 ) ) ;
#1178 = CARTESIAN_POINT ( 'NONE',  ( 12.93985053425778300, 5.158333939870227700, 58.49999999999999300 ) ) ;
#1179 = VERTEX_POINT ( 'NONE', #2279 ) ;
#1180 = CARTESIAN_POINT ( 'NONE',  ( -11.67303828389237800, 31.29075009631488100, 58.49999999999999300 ) ) ;
#1181 = CARTESIAN_POINT ( 'NONE',  ( 9.049092237064005700, 9.049092237064005700, 61.00000000000000000 ) ) ;
#1182 = ORIENTED_EDGE ( 'NONE', *, *, #519, .F. ) ;
#1183 = EDGE_CURVE ( 'NONE', #2023, #4127, #2529, .T. ) ;
#1184 = PLANE ( 'NONE',  #3359 ) ;
#1185 = DIRECTION ( 'NONE',  ( -4.641400604620219000E-016, 1.000000000000000000, 0.0000000000000000000 ) ) ;
#1186 = ADVANCED_FACE ( 'NONE', ( #1581 ), #1545, .F. ) ;
#1187 = CARTESIAN_POINT ( 'NONE',  ( 15.67398092718366700, 2.424203546944343000, 58.49999999999999300 ) ) ;
#1188 = ORIENTED_EDGE ( 'NONE', *, *, #495, .T. ) ;
#1189 = AXIS2_PLACEMENT_3D ( 'NONE', #2027, #2042, #4556 ) ;
#1190 = DIRECTION ( 'NONE',  ( -0.0000000000000000000, 0.0000000000000000000, 1.000000000000000000 ) ) ;
#1191 = CARTESIAN_POINT ( 'NONE',  ( -71.04602967032586500, -24.53146485598512100, 60.20000000000000300 ) ) ;
#1192 = DIRECTION ( 'NONE',  ( -0.0000000000000000000, 0.0000000000000000000, 1.000000000000000000 ) ) ;
#1193 = DIRECTION ( 'NONE',  ( -0.0000000000000000000, 0.0000000000000000000, 1.000000000000000000 ) ) ;
#1194 = FACE_OUTER_BOUND ( 'NONE', #3791, .T. ) ;
#1195 = ORIENTED_EDGE ( 'NONE', *, *, #3870, .T. ) ;
#1196 = CARTESIAN_POINT ( 'NONE',  ( -3.675550151243721400, 3.675550151243721400, 57.49999999999999300 ) ) ;
#1197 = AXIS2_PLACEMENT_3D ( 'NONE', #2828, #3226, #1513 ) ;
#1198 = CYLINDRICAL_SURFACE ( 'NONE', #3113, 1.000000000000000900 ) ;
#1199 = EDGE_CURVE ( 'NONE', #1602, #570, #2639, .T. ) ;
#1200 = LINE ( 'NONE', #3562, #1356 ) ;
#1201 = FACE_OUTER_BOUND ( 'NONE', #3878, .T. ) ;
#1202 = ORIENTED_EDGE ( 'NONE', *, *, #3437, .T. ) ;
#1203 = CARTESIAN_POINT ( 'NONE',  ( 7.988432065284186500, 7.988432065284186500, 61.00000000000000000 ) ) ;
#1204 = VECTOR ( 'NONE', #3913, 1000.000000000000000 ) ;
#1205 = DIRECTION ( 'NONE',  ( 1.000000000000000000, 0.0000000000000000000, 0.0000000000000000000 ) ) ;
#1206 = ORIENTED_EDGE ( 'NONE', *, *, #2673, .F. ) ;
#1207 = AXIS2_PLACEMENT_3D ( 'NONE', #3571, #2046, #4523 ) ;
#1208 = ORIENTED_EDGE ( 'NONE', *, *, #4256, .T. ) ;
#1209 = VECTOR ( 'NONE', #4043, 1000.000000000000000 ) ;
#1210 = DIRECTION ( 'NONE',  ( -0.0000000000000000000, -0.0000000000000000000, 1.000000000000000000 ) ) ;
#1211 = DIRECTION ( 'NONE',  ( -1.000000000000000000, -8.673617379884027600E-016, 0.0000000000000000000 ) ) ;
#1212 = CARTESIAN_POINT ( 'NONE',  ( -71.04602967032586500, -25.95501194873050100, 60.20000000000000300 ) ) ;
#1213 = DIRECTION ( 'NONE',  ( 1.000000000000000000, 0.0000000000000000000, 0.0000000000000000000 ) ) ;
#1214 = EDGE_LOOP ( 'NONE', ( #330, #1728, #629, #117 ) ) ;
#1215 = ORIENTED_EDGE ( 'NONE', *, *, #195, .T. ) ;
#1216 = PLANE ( 'NONE',  #1725 ) ;
#1217 = LINE ( 'NONE', #2830, #280 ) ;
#1218 = CARTESIAN_POINT ( 'NONE',  ( 5.468894023554558000, 10.50797010701381500, 58.49999999999999300 ) ) ;
#1219 = LINE ( 'NONE', #1140, #282 ) ;
#1220 = EDGE_LOOP ( 'NONE', ( #2651, #2863, #1879, #3071 ) ) ;
#1221 = VERTEX_POINT ( 'NONE', #1178 ) ;
#1222 = VERTEX_POINT ( 'NONE', #4354 ) ;
#1223 = LINE ( 'NONE', #1862, #290 ) ;
#1224 = DIRECTION ( 'NONE',  ( 0.0000000000000000000, 0.0000000000000000000, -1.000000000000000000 ) ) ;
#1225 = EDGE_CURVE ( 'NONE', #1654, #1585, #3582, .T. ) ;
#1226 = VERTEX_POINT ( 'NONE', #3680 ) ;
#1227 = ORIENTED_EDGE ( 'NONE', *, *, #4098, .F. ) ;
#1228 = FACE_OUTER_BOUND ( 'NONE', #3613, .T. ) ;
#1229 = DIRECTION ( 'NONE',  ( -0.0000000000000000000, -0.0000000000000000000, 1.000000000000000000 ) ) ;
#1230 = ORIENTED_EDGE ( 'NONE', *, *, #4139, .T. ) ;
#1231 = DIRECTION ( 'NONE',  ( -0.7071067811865475700, -0.7071067811865475700, 0.0000000000000000000 ) ) ;
#1232 = EDGE_CURVE ( 'NONE', #3322, #1602, #3895, .T. ) ;
#1233 = ORIENTED_EDGE ( 'NONE', *, *, #4131, .F. ) ;
#1234 = VERTEX_POINT ( 'NONE', #3358 ) ;
#1235 = DIRECTION ( 'NONE',  ( -1.000000000000000000, 2.673702238202785600E-015, 0.0000000000000000000 ) ) ;
#1236 = DIRECTION ( 'NONE',  ( 1.000000000000000000, 0.0000000000000000000, 0.0000000000000000000 ) ) ;
#1237 = DIRECTION ( 'NONE',  ( -1.000000000000000000, 6.938893903907222100E-015, 0.0000000000000000000 ) ) ;
#1238 = ADVANCED_FACE ( 'NONE', ( #3954 ), #868, .T. ) ;
#1239 = ORIENTED_EDGE ( 'NONE', *, *, #1225, .F. ) ;
#1240 = CARTESIAN_POINT ( 'NONE',  ( 20.72954858070712800, 12.72464238830773000, 61.00000000000000000 ) ) ;
#1241 = DIRECTION ( 'NONE',  ( 0.7071067811865474600, 0.7071067811865474600, 0.0000000000000000000 ) ) ;
#1242 = ORIENTED_EDGE ( 'NONE', *, *, #3298, .T. ) ;
#1243 = CARTESIAN_POINT ( 'NONE',  ( 4.312881914040462800, 12.72464238830773000, 61.00000000000000000 ) ) ;
#1244 = EDGE_CURVE ( 'NONE', #4500, #1753, #766, .T. ) ;
#1245 = LINE ( 'NONE', #275, #4055 ) ;
#1246 = DIRECTION ( 'NONE',  ( -0.0000000000000000000, 0.0000000000000000000, 1.000000000000000000 ) ) ;
#1247 = CARTESIAN_POINT ( 'NONE',  ( 9.049092237064005700, 9.049092237064005700, 57.49999999999999300 ) ) ;
#1248 = CARTESIAN_POINT ( 'NONE',  ( -5.902720333823530100, 25.57565072064806300, 57.49999999999999300 ) ) ;
#1249 = ORIENTED_EDGE ( 'NONE', *, *, #754, .T. ) ;
#1250 = CYLINDRICAL_SURFACE ( 'NONE', #427, 9.083333333333332100 ) ;
#1251 = DIRECTION ( 'NONE',  ( 1.000000000000000000, 3.469446951953614200E-015, 0.0000000000000000000 ) ) ;
#1252 = AXIS2_PLACEMENT_3D ( 'NONE', #135, #3675, #2225 ) ;
#1253 = CARTESIAN_POINT ( 'NONE',  ( 14.90621397421730200, 24.79284818263748500, 58.49999999999999300 ) ) ;
#1254 = DIRECTION ( 'NONE',  ( -0.0000000000000000000, -0.0000000000000000000, 1.000000000000000000 ) ) ;
#1255 = VERTEX_POINT ( 'NONE', #3308 ) ;
#1256 = DIRECTION ( 'NONE',  ( -0.0000000000000000000, -0.0000000000000000000, 1.000000000000000000 ) ) ;
#1257 = FACE_BOUND ( 'NONE', #2835, .T. ) ;
#1258 = FACE_OUTER_BOUND ( 'NONE', #3805, .T. ) ;
#1259 = CIRCLE ( 'NONE', #470, 1.000000000000000900 ) ;
#1260 = VERTEX_POINT ( 'NONE', #142 ) ;
#1261 = AXIS2_PLACEMENT_3D ( 'NONE', #2966, #1229, #3327 ) ;
#1262 = VECTOR ( 'NONE', #2456, 1000.000000000000000 ) ;
#1263 = CIRCLE ( 'NONE', #3790, 59.79999999999999000 ) ;
#1264 = ORIENTED_EDGE ( 'NONE', *, *, #4415, .F. ) ;
#1265 = ORIENTED_EDGE ( 'NONE', *, *, #2472, .T. ) ;
#1266 = FACE_OUTER_BOUND ( 'NONE', #1275, .T. ) ;
#1267 = CARTESIAN_POINT ( 'NONE',  ( 7.988432065284186500, 7.988432065284186500, 57.49999999999999300 ) ) ;
#1268 = DIRECTION ( 'NONE',  ( 0.7071067811865474600, -0.7071067811865474600, 0.0000000000000000000 ) ) ;
#1269 = AXIS2_PLACEMENT_3D ( 'NONE', #3250, #1130, #442 ) ;
#1270 = ORIENTED_EDGE ( 'NONE', *, *, #953, .T. ) ;
#1271 = ORIENTED_EDGE ( 'NONE', *, *, #1928, .F. ) ;
#1272 = EDGE_LOOP ( 'NONE', ( #2048, #453, #1081, #1986 ) ) ;
#1273 = ADVANCED_BREP_SHAPE_REPRESENTATION ( 'Top_Cover', ( #4144, #3013 ), #94 ) ;
#1274 = FACE_OUTER_BOUND ( 'NONE', #2071, .T. ) ;
#1275 = EDGE_LOOP ( 'NONE', ( #3784, #2671, #2526, #3674 ) ) ;
#1276 = EDGE_CURVE ( 'NONE', #2219, #2289, #2128, .T. ) ;
#1277 = DIRECTION ( 'NONE',  ( -0.0000000000000000000, -0.0000000000000000000, 1.000000000000000000 ) ) ;
#1278 = FACE_OUTER_BOUND ( 'NONE', #3044, .T. ) ;
#1279 = VECTOR ( 'NONE', #467, 1000.000000000000000 ) ;
#1280 = ORIENTED_EDGE ( 'NONE', *, *, #1183, .F. ) ;
#1281 = CARTESIAN_POINT ( 'NONE',  ( 13.90621397421730200, 0.6564365939779777100, 58.49999999999999300 ) ) ;
#1282 = AXIS2_PLACEMENT_3D ( 'NONE', #3593, #3883, #1840 ) ;
#1283 = EDGE_LOOP ( 'NONE', ( #716, #2481, #1630, #3655 ) ) ;
#1284 = ADVANCED_FACE ( 'NONE', ( #1918 ), #539, .F. ) ;
#1285 = ORIENTED_EDGE ( 'NONE', *, *, #2284, .F. ) ;
#1286 = AXIS2_PLACEMENT_3D ( 'NONE', #2576, #4360, #2221 ) ;
#1287 = EDGE_CURVE ( 'NONE', #3910, #1884, #3073, .T. ) ;
#1288 = DIRECTION ( 'NONE',  ( 0.7071067811865474600, 0.7071067811865474600, 0.0000000000000000000 ) ) ;
#1289 = VERTEX_POINT ( 'NONE', #3487 ) ;
#1290 = AXIS2_PLACEMENT_3D ( 'NONE', #1787, #395, #746 ) ;
#1291 = CARTESIAN_POINT ( 'NONE',  ( -14.25322579396669600, -3.261277809625113400, 57.49999999999999300 ) ) ;
#1292 = DIRECTION ( 'NONE',  ( 1.000000000000000000, 0.0000000000000000000, 0.0000000000000000000 ) ) ;
#1293 = CARTESIAN_POINT ( 'NONE',  ( 14.89621524737379600, 12.72464238830773000, 58.49999999999999300 ) ) ;
#1294 = CARTESIAN_POINT ( 'NONE',  ( 22.12118930743508500, 28.05807604754943100, 61.00000000000000000 ) ) ;
#1295 = ORIENTED_EDGE ( 'NONE', *, *, #2850, .F. ) ;
#1296 = LINE ( 'NONE', #1389, #4001 ) ;
#1297 = LINE ( 'NONE', #2363, #3574 ) ;
#1298 = EDGE_CURVE ( 'NONE', #1753, #3812, #927, .T. ) ;
#1299 = ORIENTED_EDGE ( 'NONE', *, *, #1935, .T. ) ;
#1300 = ADVANCED_FACE ( 'NONE', ( #1681 ), #2296, .F. ) ;
#1301 = VECTOR ( 'NONE', #3942, 1000.000000000000100 ) ;
#1302 = DIRECTION ( 'NONE',  ( -0.0000000000000000000, -0.0000000000000000000, 1.000000000000000000 ) ) ;
#1303 = LINE ( 'NONE', #3693, #4513 ) ;
#1304 = DIRECTION ( 'NONE',  ( -0.0000000000000000000, 0.0000000000000000000, 1.000000000000000000 ) ) ;
#1305 = ORIENTED_EDGE ( 'NONE', *, *, #3284, .T. ) ;
#1306 = ORIENTED_EDGE ( 'NONE', *, *, #3738, .T. ) ;
#1307 = EDGE_CURVE ( 'NONE', #2, #1653, #4516, .T. ) ;
#1308 = CARTESIAN_POINT ( 'NONE',  ( -0.7370110143306953800, 18.83519548845870500, 61.00000000000000000 ) ) ;
#1309 = PRESENTATION_LAYER_ASSIGNMENT (  '', '', ( #1172 ) ) ;
#1310 = FACE_BOUND ( 'NONE', #4095, .T. ) ;
#1311 = DIRECTION ( 'NONE',  ( 1.000000000000000000, 0.0000000000000000000, 0.0000000000000000000 ) ) ;
#1312 = ORIENTED_EDGE ( 'NONE', *, *, #4512, .T. ) ;
#1313 = ORIENTED_EDGE ( 'NONE', *, *, #17, .F. ) ;
#1314 = LINE ( 'NONE', #3328, #1982 ) ;
#1315 = CARTESIAN_POINT ( 'NONE',  ( -15.68711808595947600, 32.72464238830784200, 57.99999999999999300 ) ) ;
#1316 = AXIS2_PLACEMENT_3D ( 'NONE', #478, #1566, #1237 ) ;
#1317 = ORIENTED_EDGE ( 'NONE', *, *, #2498, .T. ) ;
#1318 = ORIENTED_EDGE ( 'NONE', *, *, #3500, .T. ) ;
#1319 = EDGE_LOOP ( 'NONE', ( #4564, #3412, #3397, #500, #1031, #1661, #3052, #2981, #498, #2879, #4309, #3242, #3184, #531, #2357, #606 ) ) ;
#1320 = LINE ( 'NONE', #2859, #2986 ) ;
#1321 = CARTESIAN_POINT ( 'NONE',  ( 14.61332075540385000, 1.363543375164523600, 58.49999999999999300 ) ) ;
#1322 = VERTEX_POINT ( 'NONE', #4238 ) ;
#1323 = ORIENTED_EDGE ( 'NONE', *, *, #3591, .F. ) ;
#1324 = CIRCLE ( 'NONE', #797, 10.58333333333333400 ) ;
#1325 = ORIENTED_EDGE ( 'NONE', *, *, #2181, .T. ) ;
#1326 = EDGE_CURVE ( 'NONE', #1653, #1925, #3689, .T. ) ;
#1327 = VERTEX_POINT ( 'NONE', #2487 ) ;
#1328 = CIRCLE ( 'NONE', #2660, 1.000000000000000900 ) ;
#1329 = ORIENTED_EDGE ( 'NONE', *, *, #410, .F. ) ;
#1330 = DIRECTION ( 'NONE',  ( 0.0000000000000000000, 0.0000000000000000000, -1.000000000000000000 ) ) ;
#1331 = DIRECTION ( 'NONE',  ( 1.000000000000000000, 0.0000000000000000000, 0.0000000000000000000 ) ) ;
#1332 = VERTEX_POINT ( 'NONE', #373 ) ;
#1333 = CARTESIAN_POINT ( 'NONE',  ( 4.312881914040462800, 12.72464238830773000, 58.49999999999999300 ) ) ;
#1334 = DIRECTION ( 'NONE',  ( -1.000000000000000000, 0.0000000000000000000, 0.0000000000000000000 ) ) ;
#1335 = AXIS2_PLACEMENT_3D ( 'NONE', #3163, #1771, #363 ) ;
#1336 = EDGE_CURVE ( 'NONE', #3351, #2752, #4401, .T. ) ;
#1337 = CARTESIAN_POINT ( 'NONE',  ( -4.314086706176859700, 20.29095083674523500, 61.00000000000000000 ) ) ;
#1338 = DIRECTION ( 'NONE',  ( 0.0000000000000000000, 1.000000000000000000, 0.0000000000000000000 ) ) ;
#1339 = EDGE_CURVE ( 'NONE', #1226, #2547, #4170, .T. ) ;
#1340 = ORIENTED_EDGE ( 'NONE', *, *, #1878, .T. ) ;
#1341 = ADVANCED_FACE ( 'NONE', ( #1355, #428, #2409, #4061, #4113, #1310, #3123, #2183, #3023, #4570, #1257, #321, #2075, #3741, #2022, #1856, #3844 ), #2103, .T. ) ;
#1342 = DIRECTION ( 'NONE',  ( 1.000000000000000000, 0.0000000000000000000, 0.0000000000000000000 ) ) ;
#1343 = ORIENTED_EDGE ( 'NONE', *, *, #3489, .T. ) ;
#1344 = DIRECTION ( 'NONE',  ( -0.0000000000000000000, -0.0000000000000000000, 1.000000000000000000 ) ) ;
#1345 = LINE ( 'NONE', #615, #1727 ) ;
#1346 = CARTESIAN_POINT ( 'NONE',  ( -4.314086706176859700, 20.29095083674523200, 58.49999999999999300 ) ) ;
#1347 = ORIENTED_EDGE ( 'NONE', *, *, #1593, .T. ) ;
#1348 = CARTESIAN_POINT ( 'NONE',  ( 9.049092237064005700, 9.049092237064005700, 58.49999999999999300 ) ) ;
#1349 = CARTESIAN_POINT ( 'NONE',  ( 4.312881914040462800, 12.72464238830773000, 58.49999999999999300 ) ) ;
#1350 = EDGE_CURVE ( 'NONE', #1492, #3177, #2346, .T. ) ;
#1351 = FACE_OUTER_BOUND ( 'NONE', #3770, .T. ) ;
#1352 = ORIENTED_EDGE ( 'NONE', *, *, #3256, .T. ) ;
#1353 = DIRECTION ( 'NONE',  ( -0.0000000000000000000, -0.0000000000000000000, 1.000000000000000000 ) ) ;
#1354 = CARTESIAN_POINT ( 'NONE',  ( -13.63711808595947300, 32.72464238830784200, 61.00000000000000000 ) ) ;
#1355 = FACE_BOUND ( 'NONE', #3310, .T. ) ;
#1356 = VECTOR ( 'NONE', #1431, 1000.000000000000100 ) ;
#1357 = VECTOR ( 'NONE', #3555, 1000.000000000000000 ) ;
#1358 = AXIS2_PLACEMENT_3D ( 'NONE', #3164, #1379, #3843 ) ;
#1359 = PRESENTATION_STYLE_ASSIGNMENT (( #4402 ) ) ;
#1360 = EDGE_LOOP ( 'NONE', ( #1040, #3431, #4539, #1543 ) ) ;
#1361 = DIRECTION ( 'NONE',  ( -0.0000000000000000000, -0.0000000000000000000, 1.000000000000000000 ) ) ;
#1362 = DIRECTION ( 'NONE',  ( 0.7071067811865474600, 0.7071067811865474600, 0.0000000000000000000 ) ) ;
#1363 = CYLINDRICAL_SURFACE ( 'NONE', #3079, 24.50000000000000000 ) ;
#1364 = DIRECTION ( 'NONE',  ( 0.0000000000000000000, 0.0000000000000000000, 1.000000000000000000 ) ) ;
#1365 = FACE_OUTER_BOUND ( 'NONE', #4589, .T. ) ;
#1366 = EDGE_CURVE ( 'NONE', #3434, #2311, #1404, .T. ) ;
#1367 = EDGE_CURVE ( 'NONE', #4373, #2389, #2583, .T. ) ;
#1368 = AXIS2_PLACEMENT_3D ( 'NONE', #4050, #1946, #4411 ) ;
#1369 = VERTEX_POINT ( 'NONE', #3223 ) ;
#1370 = ORIENTED_EDGE ( 'NONE', *, *, #4558, .T. ) ;
#1371 = FACE_OUTER_BOUND ( 'NONE', #4057, .T. ) ;
#1372 = ADVANCED_FACE ( 'NONE', ( #1462 ), #422, .F. ) ;
#1373 = EDGE_LOOP ( 'NONE', ( #1182, #3779, #2934, #4018 ) ) ;
#1374 = EDGE_LOOP ( 'NONE', ( #4325, #4306, #1370, #1312 ) ) ;
#1375 = DIRECTION ( 'NONE',  ( -0.0000000000000000000, 0.0000000000000000000, -1.000000000000000000 ) ) ;
#1376 = ORIENTED_EDGE ( 'NONE', *, *, #1350, .F. ) ;
#1377 = PLANE ( 'NONE',  #16 ) ;
#1378 = CARTESIAN_POINT ( 'NONE',  ( -71.04602967032586500, -28.15588826358580500, 57.99999999999999300 ) ) ;
#1379 = DIRECTION ( 'NONE',  ( -0.0000000000000000000, -0.0000000000000000000, 1.000000000000000000 ) ) ;
#1380 = AXIS2_PLACEMENT_3D ( 'NONE', #2974, #1574, #130 ) ;
#1381 = FACE_OUTER_BOUND ( 'NONE', #3909, .T. ) ;
#1382 = ORIENTED_EDGE ( 'NONE', *, *, #2159, .F. ) ;
#1383 = ORIENTED_EDGE ( 'NONE', *, *, #1326, .T. ) ;
#1384 = CARTESIAN_POINT ( 'NONE',  ( -5.280450146136377800, 24.79284818263748100, 58.49999999999999300 ) ) ;
#1385 = LINE ( 'NONE', #4333, #2996 ) ;
#1386 = ORIENTED_EDGE ( 'NONE', *, *, #2621, .F. ) ;
#1387 = ORIENTED_EDGE ( 'NONE', *, *, #3298, .F. ) ;
#1388 = EDGE_CURVE ( 'NONE', #3318, #2675, #536, .T. ) ;
#1389 = CARTESIAN_POINT ( 'NONE',  ( 9.049092237064005700, 9.049092237064005700, 61.00000000000000000 ) ) ;
#1390 = EDGE_LOOP ( 'NONE', ( #3815, #2200, #375, #947, #739, #2577, #2760, #2029, #2956 ) ) ;
#1391 = DIRECTION ( 'NONE',  ( -0.0000000000000000000, -0.0000000000000000000, 1.000000000000000000 ) ) ;
#1392 = ADVANCED_FACE ( 'NONE', ( #4511 ), #1198, .F. ) ;
#1393 = VERTEX_POINT ( 'NONE', #3261 ) ;
#1394 = MECHANICAL_DESIGN_GEOMETRIC_PRESENTATION_REPRESENTATION (  '', ( #1172 ), #2650 ) ;
#1395 = EDGE_CURVE ( 'NONE', #3368, #2067, #3235, .T. ) ;
#1396 = DIRECTION ( 'NONE',  ( -0.0000000000000000000, 0.0000000000000000000, -1.000000000000000000 ) ) ;
#1397 = AXIS2_PLACEMENT_3D ( 'NONE', #2438, #4557, #2093 ) ;
#1398 = DIRECTION ( 'NONE',  ( 0.7071067811865474600, 0.7071067811865474600, 0.0000000000000000000 ) ) ;
#1399 = CARTESIAN_POINT ( 'NONE',  ( 20.72954858070712800, 12.72464238830773000, 58.49999999999999300 ) ) ;
#1400 = CIRCLE ( 'NONE', #1518, 1.000000000000000900 ) ;
#1401 = DIRECTION ( 'NONE',  ( -0.0000000000000000000, 0.0000000000000000000, -1.000000000000000000 ) ) ;
#1402 = CYLINDRICAL_SURFACE ( 'NONE', #3662, 1.000000000000000900 ) ;
#1403 = ORIENTED_EDGE ( 'NONE', *, *, #701, .F. ) ;
#1404 = LINE ( 'NONE', #712, #3787 ) ;
#1405 =( LENGTH_UNIT ( ) NAMED_UNIT ( * ) SI_UNIT ( .MILLI., .METRE. ) );
#1406 = ADVANCED_FACE ( 'NONE', ( #480 ), #976, .F. ) ;
#1407 = DIRECTION ( 'NONE',  ( 0.7071067811865474600, -0.7071067811865474600, 0.0000000000000000000 ) ) ;
#1408 = DIRECTION ( 'NONE',  ( -0.0000000000000000000, -0.0000000000000000000, 1.000000000000000000 ) ) ;
#1409 = EDGE_CURVE ( 'NONE', #273, #1752, #2849, .T. ) ;
#1410 = ORIENTED_EDGE ( 'NONE', *, *, #2498, .F. ) ;
#1411 = ADVANCED_FACE ( 'NONE', ( #371 ), #3407, .F. ) ;
#1412 = VECTOR ( 'NONE', #3513, 1000.000000000000000 ) ;
#1413 = CARTESIAN_POINT ( 'NONE',  ( -5.021193487363407600, 19.58384405555868600, 58.49999999999999300 ) ) ;
#1414 = EDGE_CURVE ( 'NONE', #4349, #1924, #3516, .T. ) ;
#1415 = CARTESIAN_POINT ( 'NONE',  ( -4.736210323023544600, 4.736210323023544600, 57.49999999999999300 ) ) ;
#1416 = ORIENTED_EDGE ( 'NONE', *, *, #714, .T. ) ;
#1417 = ORIENTED_EDGE ( 'NONE', *, *, #3679, .F. ) ;
#1418 = CIRCLE ( 'NONE', #2779, 9.083333333333332100 ) ;
#1419 = AXIS2_PLACEMENT_3D ( 'NONE', #993, #2112, #1448 ) ;
#1420 = ORIENTED_EDGE ( 'NONE', *, *, #912, .F. ) ;
#1421 = EDGE_LOOP ( 'NONE', ( #2208, #2381, #4261, #990 ) ) ;
#1422 = VERTEX_POINT ( 'NONE', #134 ) ;
#1423 = EDGE_CURVE ( 'NONE', #1443, #2929, #2236, .T. ) ;
#1424 = VECTOR ( 'NONE', #3581, 1000.000000000000000 ) ;
#1425 = AXIS2_PLACEMENT_3D ( 'NONE', #4259, #2562, #1103 ) ;
#1426 = EDGE_CURVE ( 'NONE', #4169, #184, #644, .T. ) ;
#1427 = DIRECTION ( 'NONE',  ( -0.0000000000000000000, -0.0000000000000000000, 1.000000000000000000 ) ) ;
#1428 = ORIENTED_EDGE ( 'NONE', *, *, #3957, .F. ) ;
#1429 = EDGE_LOOP ( 'NONE', ( #1074, #2658, #1501, #1280 ) ) ;
#1430 = CARTESIAN_POINT ( 'NONE',  ( 19.64631557328216600, 30.53294978170234900, 57.49999999999999300 ) ) ;
#1431 = DIRECTION ( 'NONE',  ( 0.7071067811865474600, -0.7071067811865474600, 0.0000000000000000000 ) ) ;
#1432 = EDGE_LOOP ( 'NONE', ( #2020, #2601, #1410, #3018 ) ) ;
#1433 = CARTESIAN_POINT ( 'NONE',  ( 7.988432065284186500, 7.988432065284186500, 58.49999999999999300 ) ) ;
#1434 = PLANE ( 'NONE',  #556 ) ;
#1435 = CARTESIAN_POINT ( 'NONE',  ( 13.90621397421730200, 0.6564365939779777100, 61.00000000000000000 ) ) ;
#1436 = AXIS2_PLACEMENT_3D ( 'NONE', #390, #1781, #1122 ) ;
#1437 = PLANE ( 'NONE',  #2593 ) ;
#1438 = CARTESIAN_POINT ( 'NONE',  ( -13.49542547935415500, 28.05807604754943400, 57.49999999999999300 ) ) ;
#1439 = CIRCLE ( 'NONE', #1905, 1.000000000000000900 ) ;
#1440 = ADVANCED_FACE ( 'NONE', ( #4165 ), #2944, .T. ) ;
#1441 = ORIENTED_EDGE ( 'NONE', *, *, #3940, .T. ) ;
#1442 = CARTESIAN_POINT ( 'NONE',  ( -4.215374028249403400, 18.99168276054421900, 61.00000000000000000 ) ) ;
#1443 = VERTEX_POINT ( 'NONE', #2932 ) ;
#1444 = VERTEX_POINT ( 'NONE', #3651 ) ;
#1445 = LINE ( 'NONE', #1308, #521 ) ;
#1446 = MECHANICAL_DESIGN_GEOMETRIC_PRESENTATION_REPRESENTATION (  '', ( #573 ), #1050 ) ;
#1447 = DIRECTION ( 'NONE',  ( -1.000000000000000000, 0.0000000000000000000, 0.0000000000000000000 ) ) ;
#1448 = DIRECTION ( 'NONE',  ( 1.000000000000000000, -3.577867169202161500E-015, 0.0000000000000000000 ) ) ;
#1449 = CARTESIAN_POINT ( 'NONE',  ( 28.81288191404046400, 12.72464238830773000, 61.00000000000000000 ) ) ;
#1450 = CARTESIAN_POINT ( 'NONE',  ( -4.215374028249404300, 18.99168276054421900, 57.49999999999999300 ) ) ;
#1451 = EDGE_LOOP ( 'NONE', ( #3944, #3914, #1980, #64 ) ) ;
#1452 = CARTESIAN_POINT ( 'NONE',  ( -8.475530016074328500, 26.57371449020233800, 57.49999999999999300 ) ) ;
#1453 = DIRECTION ( 'NONE',  ( -1.000000000000000000, -9.548936565009947900E-016, 0.0000000000000000000 ) ) ;
#1454 = EDGE_CURVE ( 'NONE', #1825, #3737, #3068, .T. ) ;
#1455 = ADVANCED_FACE ( 'NONE', ( #4454 ), #1184, .F. ) ;
#1456 = DIRECTION ( 'NONE',  ( 0.0000000000000000000, 0.0000000000000000000, -1.000000000000000000 ) ) ;
#1457 = ADVANCED_FACE ( 'NONE', ( #4396 ), #4109, .T. ) ;
#1458 = AXIS2_PLACEMENT_3D ( 'NONE', #761, #303, #3584 ) ;
#1459 = CIRCLE ( 'NONE', #3415, 2.500000000000000400 ) ;
#1460 = ORIENTED_EDGE ( 'NONE', *, *, #1955, .F. ) ;
#1461 = CARTESIAN_POINT ( 'NONE',  ( 16.39418706296870500, 27.28082127138888800, 57.49999999999999300 ) ) ;
#1462 = FACE_OUTER_BOUND ( 'NONE', #650, .T. ) ;
#1463 = DIRECTION ( 'NONE',  ( 0.7071067811865475700, -0.7071067811865475700, 0.0000000000000000000 ) ) ;
#1464 = ORIENTED_EDGE ( 'NONE', *, *, #3495, .F. ) ;
#1465 = DIRECTION ( 'NONE',  ( 1.000000000000000000, 3.469446951953617300E-015, 0.0000000000000000000 ) ) ;
#1466 = DIRECTION ( 'NONE',  ( -0.0000000000000000000, 0.0000000000000000000, -1.000000000000000000 ) ) ;
#1467 = VECTOR ( 'NONE', #4032, 1000.000000000000000 ) ;
#1468 = CYLINDRICAL_SURFACE ( 'NONE', #1067, 17.91666666666666800 ) ;
#1469 = VECTOR ( 'NONE', #1139, 1000.000000000000100 ) ;
#1470 = ORIENTED_EDGE ( 'NONE', *, *, #4194, .T. ) ;
#1471 = LINE ( 'NONE', #934, #2300 ) ;
#1472 = FACE_OUTER_BOUND ( 'NONE', #3923, .T. ) ;
#1473 = DIRECTION ( 'NONE',  ( -0.0000000000000000000, -0.0000000000000000000, 1.000000000000000000 ) ) ;
#1474 = DIRECTION ( 'NONE',  ( -1.000000000000000000, 0.0000000000000000000, 0.0000000000000000000 ) ) ;
#1475 = EDGE_CURVE ( 'NONE', #1993, #2943, #593, .T. ) ;
#1476 = ORIENTED_EDGE ( 'NONE', *, *, #41, .F. ) ;
#1477 = ORIENTED_EDGE ( 'NONE', *, *, #1287, .T. ) ;
#1478 = VECTOR ( 'NONE', #4456, 1000.000000000000000 ) ;
#1479 = DIRECTION ( 'NONE',  ( -0.0000000000000000000, 0.0000000000000000000, -1.000000000000000000 ) ) ;
#1480 = DIRECTION ( 'NONE',  ( -0.0000000000000000000, 0.0000000000000000000, 1.000000000000000000 ) ) ;
#1481 = EDGE_CURVE ( 'NONE', #2921, #2311, #4008, .T. ) ;
#1482 = CARTESIAN_POINT ( 'NONE',  ( 24.31288191404052400, -7.275357611692262700, 61.00000000000000000 ) ) ;
#1483 = VECTOR ( 'NONE', #2062, 1000.000000000000100 ) ;
#1484 = AXIS2_PLACEMENT_3D ( 'NONE', #3386, #4079, #1973 ) ;
#1485 = ORIENTED_EDGE ( 'NONE', *, *, #3591, .T. ) ;
#1486 = ADVANCED_FACE ( 'NONE', ( #3182 ), #1912, .F. ) ;
#1487 = ORIENTED_EDGE ( 'NONE', *, *, #195, .F. ) ;
#1488 = ORIENTED_EDGE ( 'NONE', *, *, #419, .T. ) ;
#1489 = DIRECTION ( 'NONE',  ( -0.0000000000000000000, -0.0000000000000000000, 1.000000000000000000 ) ) ;
#1490 = CIRCLE ( 'NONE', #315, 1.000000000000000900 ) ;
#1491 = EDGE_CURVE ( 'NONE', #2988, #3271, #1626, .T. ) ;
#1492 = VERTEX_POINT ( 'NONE', #2640 ) ;
#1493 = AXIS2_PLACEMENT_3D ( 'NONE', #3985, #1527, #3442 ) ;
#1494 = LINE ( 'NONE', #3125, #4315 ) ;
#1495 = DIRECTION ( 'NONE',  ( 1.000000000000000000, 0.0000000000000000000, 0.0000000000000000000 ) ) ;
#1496 = DIRECTION ( 'NONE',  ( -1.000000000000000000, 0.0000000000000000000, 0.0000000000000000000 ) ) ;
#1497 = ORIENTED_EDGE ( 'NONE', *, *, #1774, .F. ) ;
#1498 = EDGE_CURVE ( 'NONE', #3425, #1369, #705, .T. ) ;
#1499 = FACE_OUTER_BOUND ( 'NONE', #1101, .T. ) ;
#1500 = MECHANICAL_DESIGN_GEOMETRIC_PRESENTATION_REPRESENTATION (  '', ( #3946 ), #3398 ) ;
#1501 = ORIENTED_EDGE ( 'NONE', *, *, #1744, .F. ) ;
#1502 = CARTESIAN_POINT ( 'NONE',  ( 20.29880211197329800, -5.841465319699420200, 58.49999999999999300 ) ) ;
#1503 = CARTESIAN_POINT ( 'NONE',  ( 16.38108770837022000, 22.31797444848456600, 57.49999999999999300 ) ) ;
#1504 = CARTESIAN_POINT ( 'NONE',  ( 18.86906079712162000, 24.80594753723596600, 57.49999999999999300 ) ) ;
#1505 = ORIENTED_EDGE ( 'NONE', *, *, #1801, .T. ) ;
#1506 = DIRECTION ( 'NONE',  ( -0.0000000000000000000, -0.0000000000000000000, 1.000000000000000000 ) ) ;
#1507 = EDGE_CURVE ( 'NONE', #4128, #913, #38, .T. ) ;
#1508 = ORIENTED_EDGE ( 'NONE', *, *, #1174, .T. ) ;
#1509 = DIRECTION ( 'NONE',  ( -0.0000000000000000000, -0.0000000000000000000, 1.000000000000000000 ) ) ;
#1510 = CARTESIAN_POINT ( 'NONE',  ( 60.16044702067370800, -28.37519891327383800, 61.00000000000000000 ) ) ;
#1511 = DIRECTION ( 'NONE',  ( 0.0000000000000000000, 0.0000000000000000000, -1.000000000000000000 ) ) ;
#1512 = EDGE_CURVE ( 'NONE', #4015, #1255, #2964, .T. ) ;
#1513 = DIRECTION ( 'NONE',  ( 0.7071067811865474600, -0.7071067811865474600, 0.0000000000000000000 ) ) ;
#1514 = CARTESIAN_POINT ( 'NONE',  ( 9.362774842411623100, 18.83519548845871200, 61.00000000000000000 ) ) ;
#1515 = DIRECTION ( 'NONE',  ( -0.0000000000000000000, -0.0000000000000000000, 1.000000000000000000 ) ) ;
#1516 = VECTOR ( 'NONE', #1735, 1000.000000000000000 ) ;
#1517 = DIRECTION ( 'NONE',  ( 1.000000000000000000, 0.0000000000000000000, 0.0000000000000000000 ) ) ;
#1518 = AXIS2_PLACEMENT_3D ( 'NONE', #3701, #3020, #524 ) ;
#1519 = EDGE_CURVE ( 'NONE', #3340, #2921, #820, .T. ) ;
#1520 = ORIENTED_EDGE ( 'NONE', *, *, #34, .F. ) ;
#1521 = FACE_OUTER_BOUND ( 'NONE', #2024, .T. ) ;
#1522 = DIRECTION ( 'NONE',  ( -0.0000000000000000000, -0.0000000000000000000, 1.000000000000000000 ) ) ;
#1523 = VERTEX_POINT ( 'NONE', #163 ) ;
#1524 = AXIS2_PLACEMENT_3D ( 'NONE', #3066, #244, #2679 ) ;
#1525 = CIRCLE ( 'NONE', #3291, 2.000000000000001800 ) ;
#1527 = DIRECTION ( 'NONE',  ( -0.0000000000000000000, -0.0000000000000000000, 1.000000000000000000 ) ) ;
#1526 = VECTOR ( 'NONE', #2190, 1000.000000000000000 ) ;
#1528 = CARTESIAN_POINT ( 'NONE',  ( -5.902720333823521200, -0.1263659440326053700, 61.00000000000000000 ) ) ;
#1529 = EDGE_LOOP ( 'NONE', ( #2872, #196, #3700, #413, #4124, #4588, #611, #2138 ) ) ;
#1530 = CARTESIAN_POINT ( 'NONE',  ( 12.93985053425778600, 20.29095083674523200, 58.49999999999999300 ) ) ;
#1531 = LINE ( 'NONE', #4167, #2799 ) ;
#1532 = DIRECTION ( 'NONE',  ( -0.0000000000000000000, 0.0000000000000000000, -1.000000000000000000 ) ) ;
#1533 = ORIENTED_EDGE ( 'NONE', *, *, #3706, .T. ) ;
#1534 = VECTOR ( 'NONE', #2563, 1000.000000000000000 ) ;
#1535 = ORIENTED_EDGE ( 'NONE', *, *, #2181, .F. ) ;
#1536 = ORIENTED_EDGE ( 'NONE', *, *, #1617, .T. ) ;
#1537 = CARTESIAN_POINT ( 'NONE',  ( 4.312881914040462800, 12.72464238830773000, 61.00000000000000000 ) ) ;
#1538 = VECTOR ( 'NONE', #2443, 1000.000000000000000 ) ;
#1539 = DIRECTION ( 'NONE',  ( 0.0000000000000000000, 1.000000000000000000, 0.0000000000000000000 ) ) ;
#1540 = EDGE_CURVE ( 'NONE', #1752, #391, #2465, .T. ) ;
#1541 = LINE ( 'NONE', #2474, #2142 ) ;
#1542 = VERTEX_POINT ( 'NONE', #4392 ) ;
#1543 = ORIENTED_EDGE ( 'NONE', *, *, #2768, .T. ) ;
#1544 = CARTESIAN_POINT ( 'NONE',  ( 24.31288191404052400, -7.275357611692262700, 61.00000000000000000 ) ) ;
#1545 = PLANE ( 'NONE',  #1939 ) ;
#1546 = CYLINDRICAL_SURFACE ( 'NONE', #3941, 2.500000000000000400 ) ;
#1547 = AXIS2_PLACEMENT_3D ( 'NONE', #3110, #3819, #309 ) ;
#1548 = ORIENTED_EDGE ( 'NONE', *, *, #2839, .T. ) ;
#1549 = DIRECTION ( 'NONE',  ( 1.000000000000000000, -6.071532165918819300E-015, 0.0000000000000000000 ) ) ;
#1550 = ORIENTED_EDGE ( 'NONE', *, *, #2450, .T. ) ;
#1551 = AXIS2_PLACEMENT_3D ( 'NONE', #4580, #2453, #2810 ) ;
#1552 = CARTESIAN_POINT ( 'NONE',  ( 4.312881914040462800, 12.72464238830773000, 57.49999999999999300 ) ) ;
#1553 = ORIENTED_EDGE ( 'NONE', *, *, #337, .F. ) ;
#1554 = DIRECTION ( 'NONE',  ( 1.000000000000000000, 0.0000000000000000000, 0.0000000000000000000 ) ) ;
#1555 = CARTESIAN_POINT ( 'NONE',  ( -7.129763931860731300, -1.062046862187642900, 58.49999999999999300 ) ) ;
#1556 = DIRECTION ( 'NONE',  ( 1.000000000000000000, 0.0000000000000000000, 0.0000000000000000000 ) ) ;
#1557 = ORIENTED_EDGE ( 'NONE', *, *, #3879, .F. ) ;
#1558 = LINE ( 'NONE', #3491, #1516 ) ;
#1559 = CARTESIAN_POINT ( 'NONE',  ( -0.7370110143306972700, 18.83519548845870900, 58.49999999999999300 ) ) ;
#1560 = DIRECTION ( 'NONE',  ( -0.0000000000000000000, 0.0000000000000000000, -1.000000000000000000 ) ) ;
#1561 = ORIENTED_EDGE ( 'NONE', *, *, #1098, .F. ) ;
#1562 = EDGE_CURVE ( 'NONE', #1987, #2941, #2524, .T. ) ;
#1563 = ORIENTED_EDGE ( 'NONE', *, *, #3171, .F. ) ;
#1564 = CARTESIAN_POINT ( 'NONE',  ( -20.18711808595954000, 12.72464238830773400, 57.49999999999999300 ) ) ;
#1565 = CARTESIAN_POINT ( 'NONE',  ( -14.25322579396669600, 28.71056258624057400, 57.49999999999999300 ) ) ;
#1566 = DIRECTION ( 'NONE',  ( -0.0000000000000000000, -0.0000000000000000000, 1.000000000000000000 ) ) ;
#1567 = EDGE_CURVE ( 'NONE', #2712, #2015, #4343, .T. ) ;
#1568 = AXIS2_PLACEMENT_3D ( 'NONE', #1267, #1034, #3832 ) ;
#1569 = ORIENTED_EDGE ( 'NONE', *, *, #4137, .T. ) ;
#1570 = DIRECTION ( 'NONE',  ( -0.0000000000000000000, -0.0000000000000000000, 1.000000000000000000 ) ) ;
#1571 = CARTESIAN_POINT ( 'NONE',  ( 5.468894023554558000, 14.94131466960164700, 57.49999999999999300 ) ) ;
#1572 = FACE_OUTER_BOUND ( 'NONE', #1676, .T. ) ;
#1573 = ORIENTED_EDGE ( 'NONE', *, *, #2050, .F. ) ;
#1574 = DIRECTION ( 'NONE',  ( -0.0000000000000000000, -0.0000000000000000000, 1.000000000000000000 ) ) ;
#1575 = ADVANCED_FACE ( 'NONE', ( #1351 ), #2287, .F. ) ;
#1576 = DIRECTION ( 'NONE',  ( 0.0000000000000000000, 0.0000000000000000000, -1.000000000000000000 ) ) ;
#1577 = AXIS2_PLACEMENT_3D ( 'NONE', #2976, #808, #1161 ) ;
#1578 = CIRCLE ( 'NONE', #2249, 1.000000000000000900 ) ;
#1579 = EDGE_CURVE ( 'NONE', #484, #3887, #1525, .T. ) ;
#1580 = ORIENTED_EDGE ( 'NONE', *, *, #4052, .T. ) ;
#1581 = FACE_OUTER_BOUND ( 'NONE', #3262, .T. ) ;
#1582 = LINE ( 'NONE', #686, #2909 ) ;
#1583 = DIRECTION ( 'NONE',  ( 1.000000000000000000, 3.569163070562645700E-016, 0.0000000000000000000 ) ) ;
#1584 = VECTOR ( 'NONE', #3329, 1000.000000000000000 ) ;
#1585 = VERTEX_POINT ( 'NONE', #873 ) ;
#1586 = ORIENTED_EDGE ( 'NONE', *, *, #289, .T. ) ;
#1587 = DIRECTION ( 'NONE',  ( 1.000000000000000000, 0.0000000000000000000, 0.0000000000000000000 ) ) ;
#1588 = CIRCLE ( 'NONE', #2680, 1.000000000000000900 ) ;
#1589 = CYLINDRICAL_SURFACE ( 'NONE', #4418, 1.000000000000000900 ) ;
#1590 = CARTESIAN_POINT ( 'NONE',  ( 9.049092237064005700, 9.049092237064005700, 57.49999999999999300 ) ) ;
#1591 = EDGE_LOOP ( 'NONE', ( #1417, #4249, #3684, #998 ) ) ;
#1592 = ORIENTED_EDGE ( 'NONE', *, *, #788, .T. ) ;
#1593 = EDGE_CURVE ( 'NONE', #4152, #3105, #1089, .T. ) ;
#1594 = DIRECTION ( 'NONE',  ( -1.000000000000000000, 0.0000000000000000000, 0.0000000000000000000 ) ) ;
#1595 = ORIENTED_EDGE ( 'NONE', *, *, #3971, .T. ) ;
#1596 = VERTEX_POINT ( 'NONE', #2625 ) ;
#1597 = ORIENTED_EDGE ( 'NONE', *, *, #1658, .T. ) ;
#1598 = FACE_OUTER_BOUND ( 'NONE', #133, .T. ) ;
#1599 = DIRECTION ( 'NONE',  ( -0.0000000000000000000, -0.0000000000000000000, 1.000000000000000000 ) ) ;
#1600 = CARTESIAN_POINT ( 'NONE',  ( 18.09957116453583100, 24.16728823420892500, 57.49999999999999300 ) ) ;
#1601 = AXIS2_PLACEMENT_3D ( 'NONE', #1046, #2108, #1690 ) ;
#1602 = VERTEX_POINT ( 'NONE', #4062 ) ;
#1603 = CIRCLE ( 'NONE', #24, 1.000000000000000900 ) ;
#1604 = CARTESIAN_POINT ( 'NONE',  ( 13.90621397421730200, 24.79284818263748500, 57.49999999999999300 ) ) ;
#1605 = FACE_OUTER_BOUND ( 'NONE', #777, .T. ) ;
#1606 = ORIENTED_EDGE ( 'NONE', *, *, #4098, .T. ) ;
#1607 = EDGE_CURVE ( 'NONE', #3548, #1987, #3686, .T. ) ;
#1608 = AXIS2_PLACEMENT_3D ( 'NONE', #415, #757, #1143 ) ;
#1609 = CYLINDRICAL_SURFACE ( 'NONE', #3088, 2.049999999999999800 ) ;
#1610 = ORIENTED_EDGE ( 'NONE', *, *, #2768, .F. ) ;
#1611 = AXIS2_PLACEMENT_3D ( 'NONE', #2117, #736, #1085 ) ;
#1612 = CARTESIAN_POINT ( 'NONE',  ( 4.312881914040462800, 12.72464238830773000, 58.49999999999999300 ) ) ;
#1613 = EDGE_LOOP ( 'NONE', ( #2265, #1347, #2817, #2366, #4493, #4532, #4183 ) ) ;
#1614 = DIRECTION ( 'NONE',  ( -0.0000000000000000000, -0.0000000000000000000, 1.000000000000000000 ) ) ;
#1615 = DIRECTION ( 'NONE',  ( 1.000000000000000000, 0.0000000000000000000, 0.0000000000000000000 ) ) ;
#1616 = VERTEX_POINT ( 'NONE', #3424 ) ;
#1617 = EDGE_CURVE ( 'NONE', #4547, #1829, #1796, .T. ) ;
#1618 = VECTOR ( 'NONE', #2636, 1000.000000000000100 ) ;
#1619 = PLANE ( 'NONE',  #1019 ) ;
#1620 = ORIENTED_EDGE ( 'NONE', *, *, #1567, .T. ) ;
#1621 = EDGE_CURVE ( 'NONE', #3351, #4410, #877, .T. ) ;
#1622 = VECTOR ( 'NONE', #743, 1000.000000000000000 ) ;
#1623 = DIRECTION ( 'NONE',  ( -0.0000000000000000000, -0.0000000000000000000, 1.000000000000000000 ) ) ;
#1624 = PLANE ( 'NONE',  #4351 ) ;
#1625 = ORIENTED_EDGE ( 'NONE', *, *, #2242, .F. ) ;
#1626 = CIRCLE ( 'NONE', #1680, 16.41666666666666800 ) ;
#1627 = EDGE_CURVE ( 'NONE', #439, #538, #2736, .T. ) ;
#1628 = VECTOR ( 'NONE', #3615, 1000.000000000000000 ) ;
#1629 = CYLINDRICAL_SURFACE ( 'NONE', #1000, 2.000000000000001800 ) ;
#1630 = ORIENTED_EDGE ( 'NONE', *, *, #4443, .F. ) ;
#1631 = CARTESIAN_POINT ( 'NONE',  ( 8.655668061225071600, 5.906982506970207300, 58.49999999999999300 ) ) ;
#1632 = EDGE_CURVE ( 'NONE', #1393, #391, #4058, .T. ) ;
#1633 = AXIS2_PLACEMENT_3D ( 'NONE', #3931, #826, #1150 ) ;
#1634 = LINE ( 'NONE', #3414, #2535 ) ;
#1635 = VERTEX_POINT ( 'NONE', #3062 ) ;
#1636 = ORIENTED_EDGE ( 'NONE', *, *, #1507, .T. ) ;
#1637 = DIRECTION ( 'NONE',  ( -0.0000000000000000000, 0.0000000000000000000, -1.000000000000000000 ) ) ;
#1638 = CIRCLE ( 'NONE', #1282, 1.000000000000000900 ) ;
#1639 = ORIENTED_EDGE ( 'NONE', *, *, #99, .T. ) ;
#1640 = ORIENTED_EDGE ( 'NONE', *, *, #754, .F. ) ;
#1641 = CYLINDRICAL_SURFACE ( 'NONE', #1358, 1.000000000000000000 ) ;
#1642 = DIRECTION ( 'NONE',  ( -1.000000000000000000, -3.569163070562645700E-016, -0.0000000000000000000 ) ) ;
#1643 = ADVANCED_FACE ( 'NONE', ( #4223 ), #2637, .T. ) ;
#1644 = VECTOR ( 'NONE', #96, 1000.000000000000000 ) ;
#1645 = VERTEX_POINT ( 'NONE', #4504 ) ;
#1646 = EDGE_CURVE ( 'NONE', #659, #4244, #1674, .T. ) ;
#1647 = DIRECTION ( 'NONE',  ( -0.0000000000000000000, -0.0000000000000000000, 1.000000000000000000 ) ) ;
#1648 = LINE ( 'NONE', #170, #2560 ) ;
#1649 = ORIENTED_EDGE ( 'NONE', *, *, #3999, .F. ) ;
#1650 = CARTESIAN_POINT ( 'NONE',  ( 4.312881914040462800, 12.72464238830773000, 57.49999999999999300 ) ) ;
#1651 = DIRECTION ( 'NONE',  ( 3.481050453465165300E-016, -1.000000000000000000, 0.0000000000000000000 ) ) ;
#1652 = CYLINDRICAL_SURFACE ( 'NONE', #738, 1.000000000000000000 ) ;
#1653 = VERTEX_POINT ( 'NONE', #283 ) ;
#1654 = VERTEX_POINT ( 'NONE', #944 ) ;
#1655 = CARTESIAN_POINT ( 'NONE',  ( -13.49542547935415500, -2.608791270933972200, 61.00000000000000000 ) ) ;
#1656 = ORIENTED_EDGE ( 'NONE', *, *, #3648, .T. ) ;
#1657 = AXIS2_PLACEMENT_3D ( 'NONE', #107, #3214, #1125 ) ;
#1658 = EDGE_CURVE ( 'NONE', #3212, #1596, #1578, .T. ) ;
#1659 = DIRECTION ( 'NONE',  ( 1.000000000000000000, 0.0000000000000000000, 0.0000000000000000000 ) ) ;
#1660 = DIRECTION ( 'NONE',  ( -0.0000000000000000000, -0.0000000000000000000, 1.000000000000000000 ) ) ;
#1661 = ORIENTED_EDGE ( 'NONE', *, *, #887, .T. ) ;
#1662 = COLOUR_RGB ( '',0.7921568627450980000, 0.8196078431372548800, 0.9333333333333333500 ) ;
#1663 = AXIS2_PLACEMENT_3D ( 'NONE', #2732, #3925, #2209 ) ;
#1664 = DIRECTION ( 'NONE',  ( 1.000000000000000000, 0.0000000000000000000, 0.0000000000000000000 ) ) ;
#1665 = DIRECTION ( 'NONE',  ( -3.481050453465164300E-016, 1.000000000000000000, 0.0000000000000000000 ) ) ;
#1666 = DIRECTION ( 'NONE',  ( -1.000000000000000000, 0.0000000000000000000, 0.0000000000000000000 ) ) ;
#1667 = ORIENTED_EDGE ( 'NONE', *, *, #3058, .T. ) ;
#1668 = CARTESIAN_POINT ( 'NONE',  ( -3.675550151243721400, 3.675550151243721400, 61.00000000000000000 ) ) ;
#1669 = LINE ( 'NONE', #2282, #3731 ) ;
#1670 = EDGE_CURVE ( 'NONE', #2638, #68, #3454, .T. ) ;
#1671 = VERTEX_POINT ( 'NONE', #4119 ) ;
#1672 = UNCERTAINTY_MEASURE_WITH_UNIT (LENGTH_MEASURE( 1.000000000000000100E-005 ), #509, 'distance_accuracy_value', 'NONE');
#1673 = CARTESIAN_POINT ( 'NONE',  ( -71.04602967032585100, -25.72988431768148500, 57.99999999999997900 ) ) ;
#1674 = CIRCLE ( 'NONE', #522, 1.000000000000000900 ) ;
#1675 = CARTESIAN_POINT ( 'NONE',  ( -71.04602967032589300, 67.23011617120124600, 57.99999999999999300 ) ) ;
#1676 = EDGE_LOOP ( 'NONE', ( #3323, #2867, #2644, #4030 ) ) ;
#1677 = EDGE_CURVE ( 'NONE', #1968, #795, #2402, .T. ) ;
#1678 = ORIENTED_EDGE ( 'NONE', *, *, #4200, .T. ) ;
#1679 = EDGE_CURVE ( 'NONE', #4469, #3460, #1297, .T. ) ;
#1680 = AXIS2_PLACEMENT_3D ( 'NONE', #3009, #1246, #3348 ) ;
#1681 = FACE_OUTER_BOUND ( 'NONE', #35, .T. ) ;
#1682 = VECTOR ( 'NONE', #3642, 1000.000000000000000 ) ;
#1683 = VERTEX_POINT ( 'NONE', #1321 ) ;
#1684 = CARTESIAN_POINT ( 'NONE',  ( -5.987556927322926500, 24.08574140145093500, 58.49999999999999300 ) ) ;
#1685 = ADVANCED_FACE ( 'NONE', ( #4285 ), #1250, .F. ) ;
#1686 = CIRCLE ( 'NONE', #2044, 1.000000000000000900 ) ;
#1687 = LINE ( 'NONE', #458, #4348 ) ;
#1688 = CARTESIAN_POINT ( 'NONE',  ( -4.736210323023544600, 4.736210323023544600, 58.49999999999999300 ) ) ;
#1689 = CARTESIAN_POINT ( 'NONE',  ( -9.536190187854149500, -0.06376954180705840500, 61.00000000000000000 ) ) ;
#1690 = DIRECTION ( 'NONE',  ( 1.000000000000000000, 0.0000000000000000000, 0.0000000000000000000 ) ) ;
#1691 = AXIS2_PLACEMENT_3D ( 'NONE', #3148, #3523, #1043 ) ;
#1692 = ORIENTED_EDGE ( 'NONE', *, *, #3995, .T. ) ;
#1693 = ORIENTED_EDGE ( 'NONE', *, *, #790, .T. ) ;
#1694 = ORIENTED_EDGE ( 'NONE', *, *, #1832, .F. ) ;
#1695 = DIRECTION ( 'NONE',  ( -1.000000000000000000, 0.0000000000000000000, 0.0000000000000000000 ) ) ;
#1696 = CIRCLE ( 'NONE', #2733, 16.41666666666666800 ) ;
#1697 = DIRECTION ( 'NONE',  ( -0.0000000000000000000, -0.0000000000000000000, 1.000000000000000000 ) ) ;
#1698 = ORIENTED_EDGE ( 'NONE', *, *, #1454, .F. ) ;
#1699 = VERTEX_POINT ( 'NONE', #2025 ) ;
#1700 = VERTEX_POINT ( 'NONE', #226 ) ;
#1701 = DIRECTION ( 'NONE',  ( -2.612506735896004000E-016, 1.000000000000000000, 0.0000000000000000000 ) ) ;
#1702 = ORIENTED_EDGE ( 'NONE', *, *, #2942, .T. ) ;
#1703 = ORIENTED_EDGE ( 'NONE', *, *, #2457, .F. ) ;
#1704 = DIRECTION ( 'NONE',  ( -1.000000000000000000, 0.0000000000000000000, 0.0000000000000000000 ) ) ;
#1705 = CYLINDRICAL_SURFACE ( 'NONE', #87, 2.049999999999999800 ) ;
#1706 = EDGE_CURVE ( 'NONE', #3698, #3910, #923, .T. ) ;
#1707 = ORIENTED_EDGE ( 'NONE', *, *, #3648, .F. ) ;
#1708 = DIRECTION ( 'NONE',  ( 0.0000000000000000000, 0.0000000000000000000, -1.000000000000000000 ) ) ;
#1709 = CARTESIAN_POINT ( 'NONE',  ( 12.84113785633033300, 18.99168276054421500, 58.49999999999999300 ) ) ;
#1710 = ADVANCED_FACE ( 'NONE', ( #3119 ), #699, .T. ) ;
#1711 = EDGE_LOOP ( 'NONE', ( #1656, #1325, #1799, #249 ) ) ;
#1712 = CARTESIAN_POINT ( 'NONE',  ( 22.26288191404052300, 32.72464238830784200, 61.00000000000000000 ) ) ;
#1713 = DIRECTION ( 'NONE',  ( -0.0000000000000000000, -0.0000000000000000000, 1.000000000000000000 ) ) ;
#1714 = CARTESIAN_POINT ( 'NONE',  ( 19.64631557328216600, 30.53294978170234900, 61.00000000000000000 ) ) ;
#1715 = AXIS2_PLACEMENT_3D ( 'NONE', #2057, #4505, #2798 ) ;
#1716 = ORIENTED_EDGE ( 'NONE', *, *, #1747, .T. ) ;
#1717 = AXIS2_PLACEMENT_3D ( 'NONE', #4216, #1767, #713 ) ;
#1718 = ORIENTED_EDGE ( 'NONE', *, *, #3356, .F. ) ;
#1719 = CARTESIAN_POINT ( 'NONE',  ( 4.312881914040462800, 12.72464238830773000, 61.00000000000000000 ) ) ;
#1720 = DIRECTION ( 'NONE',  ( 0.7071067811865474600, -0.7071067811865474600, 0.0000000000000000000 ) ) ;
#1721 = DIRECTION ( 'NONE',  ( -0.0000000000000000000, -0.0000000000000000000, 1.000000000000000000 ) ) ;
#1722 = CARTESIAN_POINT ( 'NONE',  ( 16.38108770837021300, 3.131310328130890500, 61.00000000000000000 ) ) ;
#1723 = ORIENTED_EDGE ( 'NONE', *, *, #410, .T. ) ;
#1724 = FACE_OUTER_BOUND ( 'NONE', #3040, .T. ) ;
#1725 = AXIS2_PLACEMENT_3D ( 'NONE', #3715, #4385, #2620 ) ;
#1726 = DIRECTION ( 'NONE',  ( 1.000000000000000000, 0.0000000000000000000, 0.0000000000000000000 ) ) ;
#1727 = VECTOR ( 'NONE', #3094, 1000.000000000000100 ) ;
#1728 = ORIENTED_EDGE ( 'NONE', *, *, #4256, .F. ) ;
#1729 = ADVANCED_FACE ( 'NONE', ( #2068 ), #369, .F. ) ;
#1730 = CARTESIAN_POINT ( 'NONE',  ( 11.87919036247796400, 4.097673768090408500, 61.00000000000000000 ) ) ;
#1731 = EDGE_CURVE ( 'NONE', #2929, #1058, #3631, .T. ) ;
#1732 = LINE ( 'NONE', #1875, #2784 ) ;
#1733 = ORIENTED_EDGE ( 'NONE', *, *, #3365, .F. ) ;
#1734 = EDGE_CURVE ( 'NONE', #3737, #2744, #214, .T. ) ;
#1735 = DIRECTION ( 'NONE',  ( -0.0000000000000000000, -0.0000000000000000000, -1.000000000000000000 ) ) ;
#1736 = CARTESIAN_POINT ( 'NONE',  ( 4.312881914040462800, 12.72464238830773000, 61.00000000000000000 ) ) ;
#1737 = VECTOR ( 'NONE', #4039, 1000.000000000000100 ) ;
#1738 = LINE ( 'NONE', #2877, #1526 ) ;
#1739 = ORIENTED_EDGE ( 'NONE', *, *, #1011, .F. ) ;
#1740 = CARTESIAN_POINT ( 'NONE',  ( 16.38108770837021300, 3.131310328130890500, 57.49999999999999300 ) ) ;
#1741 = DIRECTION ( 'NONE',  ( -0.0000000000000000000, 0.0000000000000000000, 1.000000000000000000 ) ) ;
#1742 = LINE ( 'NONE', #2392, #823 ) ;
#1743 = VECTOR ( 'NONE', #2677, 1000.000000000000000 ) ;
#1744 = EDGE_CURVE ( 'NONE', #4127, #795, #316, .T. ) ;
#1745 = AXIS2_PLACEMENT_3D ( 'NONE', #2177, #4250, #1092 ) ;
#1746 = ORIENTED_EDGE ( 'NONE', *, *, #2674, .F. ) ;
#1747 = EDGE_CURVE ( 'NONE', #622, #1289, #3682, .T. ) ;
#1748 = CIRCLE ( 'NONE', #3265, 1.000000000000000900 ) ;
#1749 = SURFACE_STYLE_USAGE ( .BOTH. , #4254 ) ;
#1750 = DIRECTION ( 'NONE',  ( 1.000000000000000000, 0.0000000000000000000, 0.0000000000000000000 ) ) ;
#1751 = CIRCLE ( 'NONE', #2525, 9.083333333333332100 ) ;
#1752 = VERTEX_POINT ( 'NONE', #3137 ) ;
#1753 = VERTEX_POINT ( 'NONE', #2756 ) ;
#1754 = CARTESIAN_POINT ( 'NONE',  ( 4.312881914040462800, 12.72464238830773000, 58.49999999999999300 ) ) ;
#1755 = LINE ( 'NONE', #1066, #3467 ) ;
#1756 = CARTESIAN_POINT ( 'NONE',  ( -71.04602967032586500, -27.81336911402450000, 58.55826961124564900 ) ) ;
#1757 = DIRECTION ( 'NONE',  ( -1.000000000000000000, 0.0000000000000000000, 0.0000000000000000000 ) ) ;
#1758 = CARTESIAN_POINT ( 'NONE',  ( 60.16044702067368600, 20.56252476838810800, 30.50000000000000400 ) ) ;
#1759 = AXIS2_PLACEMENT_3D ( 'NONE', #1797, #4155, #4253 ) ;
#1760 = CARTESIAN_POINT ( 'NONE',  ( 7.988432065284186500, 7.988432065284186500, 57.49999999999999300 ) ) ;
#1761 = LINE ( 'NONE', #3272, #3316 ) ;
#1762 = ADVANCED_FACE ( 'NONE', ( #1147 ), #2687, .F. ) ;
#1763 = ORIENTED_EDGE ( 'NONE', *, *, #1593, .F. ) ;
#1764 = CARTESIAN_POINT ( 'NONE',  ( -14.25322579396668800, -3.261277809625106300, 58.49999999999999300 ) ) ;
#1765 = LINE ( 'NONE', #3508, #2369 ) ;
#1766 = EDGE_LOOP ( 'NONE', ( #3003, #855, #4278, #3081 ) ) ;
#1767 = DIRECTION ( 'NONE',  ( -0.0000000000000000000, 0.0000000000000000000, 1.000000000000000000 ) ) ;
#1768 = ORIENTED_EDGE ( 'NONE', *, *, #4446, .F. ) ;
#1769 = DIRECTION ( 'NONE',  ( 1.000000000000000000, 3.569163070562645700E-016, -0.0000000000000000000 ) ) ;
#1770 = EDGE_CURVE ( 'NONE', #1635, #1332, #4338, .T. ) ;
#1771 = DIRECTION ( 'NONE',  ( -0.0000000000000000000, -0.0000000000000000000, 1.000000000000000000 ) ) ;
#1772 = ORIENTED_EDGE ( 'NONE', *, *, #4538, .T. ) ;
#1773 = CARTESIAN_POINT ( 'NONE',  ( -9.473807336454903800, 24.16728823420892900, 61.00000000000000000 ) ) ;
#1774 = EDGE_CURVE ( 'NONE', #1700, #1058, #2011, .T. ) ;
#1775 = ORIENTED_EDGE ( 'NONE', *, *, #871, .T. ) ;
#1776 = CARTESIAN_POINT ( 'NONE',  ( 20.64631557328216600, 30.53294978170234900, 57.49999999999999300 ) ) ;
#1777 = AXIS2_PLACEMENT_3D ( 'NONE', #1798, #2166, #3159 ) ;
#1778 = ADVANCED_FACE ( 'NONE', ( #1084 ), #3403, .F. ) ;
#1779 = ORIENTED_EDGE ( 'NONE', *, *, #2328, .F. ) ;
#1780 = VERTEX_POINT ( 'NONE', #4555 ) ;
#1781 = DIRECTION ( 'NONE',  ( -0.0000000000000000000, -0.0000000000000000000, 1.000000000000000000 ) ) ;
#1782 = EDGE_CURVE ( 'NONE', #1054, #2652, #100, .T. ) ;
#1783 = ADVANCED_FACE ( 'NONE', ( #4507 ), #2180, .T. ) ;
#1784 = FILL_AREA_STYLE_COLOUR ( '', #1969 ) ;
#1785 = CARTESIAN_POINT ( 'NONE',  ( -15.68711808595947600, 32.72464238830784200, 61.00000000000000000 ) ) ;
#1786 = AXIS2_PLACEMENT_3D ( 'NONE', #4414, #150, #501 ) ;
#1787 = CARTESIAN_POINT ( 'NONE',  ( -71.04602967032586500, 10.48310668740400300, 30.50000000000000000 ) ) ;
#1788 = CARTESIAN_POINT ( 'NONE',  ( 4.312881914040462800, 12.72464238830773000, 61.00000000000000000 ) ) ;
#1789 = CARTESIAN_POINT ( 'NONE',  ( 14.52848416190445000, 25.57565072064806700, 57.49999999999999300 ) ) ;
#1790 = ORIENTED_EDGE ( 'NONE', *, *, #4229, .T. ) ;
#1791 = EDGE_LOOP ( 'NONE', ( #759, #62, #1698, #517 ) ) ;
#1792 = DIRECTION ( 'NONE',  ( -1.000000000000000000, -3.469446951953614200E-015, 0.0000000000000000000 ) ) ;
#1793 = VECTOR ( 'NONE', #842, 1000.000000000000000 ) ;
#1794 = CARTESIAN_POINT ( 'NONE',  ( 4.312881914040462800, 12.72464238830773000, 61.00000000000000000 ) ) ;
#1795 = ORIENTED_EDGE ( 'NONE', *, *, #1983, .F. ) ;
#1796 = LINE ( 'NONE', #4474, #3577 ) ;
#1797 = CARTESIAN_POINT ( 'NONE',  ( -5.280450146136372400, 0.6564365939779742700, 57.49999999999999300 ) ) ;
#1798 = CARTESIAN_POINT ( 'NONE',  ( -71.04602967032585100, -30.37519891327388400, 61.00000000000000000 ) ) ;
#1799 = ORIENTED_EDGE ( 'NONE', *, *, #3995, .F. ) ;
#1800 = DIRECTION ( 'NONE',  ( 0.0000000000000000000, -0.0000000000000000000, -1.000000000000000000 ) ) ;
#1801 = EDGE_CURVE ( 'NONE', #2153, #4071, #4004, .T. ) ;
#1802 = ORIENTED_EDGE ( 'NONE', *, *, #1388, .F. ) ;
#1803 = CARTESIAN_POINT ( 'NONE',  ( -71.04602967032589300, 62.38638211391248200, 60.19999999999999600 ) ) ;
#1804 = ORIENTED_EDGE ( 'NONE', *, *, #475, .T. ) ;
#1805 = DIRECTION ( 'NONE',  ( -1.000000000000000000, 0.0000000000000000000, 0.0000000000000000000 ) ) ;
#1806 = CARTESIAN_POINT ( 'NONE',  ( 4.312881914040462800, 12.72464238830773000, 57.99999999999998600 ) ) ;
#1807 = LINE ( 'NONE', #4069, #888 ) ;
#1808 = AXIS2_PLACEMENT_3D ( 'NONE', #1438, #3901, #2508 ) ;
#1809 = VECTOR ( 'NONE', #3217, 1000.000000000000100 ) ;
#1810 = ADVANCED_FACE ( 'NONE', ( #3176 ), #2231, .F. ) ;
#1811 = DIRECTION ( 'NONE',  ( 1.000000000000000000, 0.0000000000000000000, 0.0000000000000000000 ) ) ;
#1812 = FACE_OUTER_BOUND ( 'NONE', #3748, .T. ) ;
#1813 = ORIENTED_EDGE ( 'NONE', *, *, #2164, .T. ) ;
#1814 = EDGE_LOOP ( 'NONE', ( #1963, #3466, #123, #546 ) ) ;
#1815 = LINE ( 'NONE', #3505, #2139 ) ;
#1816 = LINE ( 'NONE', #4101, #340 ) ;
#1817 = AXIS2_PLACEMENT_3D ( 'NONE', #237, #4534, #3432 ) ;
#1818 = EDGE_CURVE ( 'NONE', #1833, #1635, #2116, .T. ) ;
#1819 = ORIENTED_EDGE ( 'NONE', *, *, #2472, .F. ) ;
#1820 = ORIENTED_EDGE ( 'NONE', *, *, #1958, .F. ) ;
#1821 = CARTESIAN_POINT ( 'NONE',  ( 4.312881914040462800, 12.72464238830773000, 57.49999999999999300 ) ) ;
#1822 = VERTEX_POINT ( 'NONE', #1442 ) ;
#1823 = CARTESIAN_POINT ( 'NONE',  ( -71.04602967032583600, -80.62220839707113400, 30.50000000000002100 ) ) ;
#1824 = CIRCLE ( 'NONE', #1786, 2.049999999999999800 ) ;
#1825 = VERTEX_POINT ( 'NONE', #85 ) ;
#1826 = DIRECTION ( 'NONE',  ( -0.0000000000000000000, -0.0000000000000000000, 1.000000000000000000 ) ) ;
#1827 = LINE ( 'NONE', #1061, #2769 ) ;
#1828 = DIRECTION ( 'NONE',  ( -0.0000000000000000000, -0.0000000000000000000, 1.000000000000000000 ) ) ;
#1829 = VERTEX_POINT ( 'NONE', #2127 ) ;
#1830 = CARTESIAN_POINT ( 'NONE',  ( 16.39418706296870500, -1.831536494773425200, 58.49999999999999300 ) ) ;
#1831 = CARTESIAN_POINT ( 'NONE',  ( -71.04602967032586500, 20.56252476838806200, 30.50000000000000400 ) ) ;
#1832 = EDGE_CURVE ( 'NONE', #300, #3434, #3065, .T. ) ;
#1833 = VERTEX_POINT ( 'NONE', #1764 ) ;
#1834 = ADVANCED_FACE ( 'NONE', ( #814 ), #3948, .F. ) ;
#1835 = DIRECTION ( 'NONE',  ( 0.0000000000000000000, 0.0000000000000000000, -1.000000000000000000 ) ) ;
#1836 = ADVANCED_FACE ( 'NONE', ( #1521 ), #2550, .T. ) ;
#1837 = EDGE_LOOP ( 'NONE', ( #3331, #1892, #2415, #1873 ) ) ;
#1838 = VECTOR ( 'NONE', #4435, 1000.000000000000000 ) ;
#1839 = DIRECTION ( 'NONE',  ( 0.0000000000000000000, 0.0000000000000000000, 1.000000000000000000 ) ) ;
#1840 = DIRECTION ( 'NONE',  ( 1.000000000000000000, -1.734723475976805500E-014, 0.0000000000000000000 ) ) ;
#1841 = CARTESIAN_POINT ( 'NONE',  ( -7.755323880289291900, 22.31797444848457000, 58.49999999999999300 ) ) ;
#1842 = CARTESIAN_POINT ( 'NONE',  ( -9.473807336454905600, 1.281996542406533400, 58.49999999999999300 ) ) ;
#1843 = AXIS2_PLACEMENT_3D ( 'NONE', #450, #2916, #798 ) ;
#1844 = VECTOR ( 'NONE', #2212, 1000.000000000000000 ) ;
#1845 = CARTESIAN_POINT ( 'NONE',  ( -4.314086706176859700, 20.29095083674523200, 61.00000000000000000 ) ) ;
#1846 = AXIS2_PLACEMENT_3D ( 'NONE', #869, #4341, #4359 ) ;
#1847 = FACE_OUTER_BOUND ( 'NONE', #1766, .T. ) ;
#1848 = CARTESIAN_POINT ( 'NONE',  ( -1.797671186110514800, 17.77453531667888600, 57.49999999999999300 ) ) ;
#1849 = CARTESIAN_POINT ( 'NONE',  ( 13.90621397421730200, 24.79284818263748500, 61.00000000000000000 ) ) ;
#1850 = SURFACE_SIDE_STYLE ('',( #2592 ) ) ;
#1851 = VECTOR ( 'NONE', #1904, 1000.000000000000100 ) ;
#1852 = DIRECTION ( 'NONE',  ( 1.000000000000000000, 0.0000000000000000000, 0.0000000000000000000 ) ) ;
#1853 = ORIENTED_EDGE ( 'NONE', *, *, #986, .F. ) ;
#1854 = DIRECTION ( 'NONE',  ( -0.0000000000000000000, -0.0000000000000000000, 1.000000000000000000 ) ) ;
#1855 = DIRECTION ( 'NONE',  ( -1.000000000000000000, 6.938893903907222100E-015, 0.0000000000000000000 ) ) ;
#1856 = FACE_BOUND ( 'NONE', #936, .T. ) ;
#1857 = CIRCLE ( 'NONE', #1691, 1.000000000000000000 ) ;
#1858 = ORIENTED_EDGE ( 'NONE', *, *, #3932, .T. ) ;
#1859 = LINE ( 'NONE', #3084, #3462 ) ;
#1860 = CIRCLE ( 'NONE', #253, 9.083333333333332100 ) ;
#1861 = DIRECTION ( 'NONE',  ( 0.7071067811865474600, 0.7071067811865474600, 0.0000000000000000000 ) ) ;
#1862 = CARTESIAN_POINT ( 'NONE',  ( 22.22954858070713200, 12.72464238830773000, 57.49999999999999300 ) ) ;
#1863 = EDGE_CURVE ( 'NONE', #2273, #2085, #973, .T. ) ;
#1864 = VERTEX_POINT ( 'NONE', #1842 ) ;
#1865 = VERTEX_POINT ( 'NONE', #2528 ) ;
#1866 = CARTESIAN_POINT ( 'NONE',  ( -0.02990423314414968800, 19.54230226964525500, 58.49999999999999300 ) ) ;
#1867 = CARTESIAN_POINT ( 'NONE',  ( -9.536190187854147700, 25.51305431842251900, 58.49999999999999300 ) ) ;
#1868 = CARTESIAN_POINT ( 'NONE',  ( -3.675550151243721400, 3.675550151243721400, 61.00000000000000000 ) ) ;
#1869 = EDGE_CURVE ( 'NONE', #1585, #4075, #3021, .T. ) ;
#1870 = AXIS2_PLACEMENT_3D ( 'NONE', #1017, #2087, #2069 ) ;
#1871 = ORIENTED_EDGE ( 'NONE', *, *, #4382, .T. ) ;
#1872 = EDGE_LOOP ( 'NONE', ( #3303, #2030, #2500, #1052 ) ) ;
#1873 = ORIENTED_EDGE ( 'NONE', *, *, #2968, .T. ) ;
#1874 = CARTESIAN_POINT ( 'NONE',  ( 3.156869804526369400, 10.50797010701381300, 61.00000000000000000 ) ) ;
#1875 = CARTESIAN_POINT ( 'NONE',  ( 7.988432065284186500, 7.988432065284186500, 61.00000000000000000 ) ) ;
#1876 = CIRCLE ( 'NONE', #680, 53.12058191901592600 ) ;
#1877 = VERTEX_POINT ( 'NONE', #2147 ) ;
#1878 = EDGE_CURVE ( 'NONE', #3646, #3332, #261, .T. ) ;
#1879 = ORIENTED_EDGE ( 'NONE', *, *, #1627, .F. ) ;
#1880 = AXIS2_PLACEMENT_3D ( 'NONE', #1024, #3488, #3015 ) ;
#1881 = LINE ( 'NONE', #1138, #4314 ) ;
#1882 = VECTOR ( 'NONE', #763, 1000.000000000000000 ) ;
#1883 = DIRECTION ( 'NONE',  ( 1.000000000000000000, 0.0000000000000000000, 0.0000000000000000000 ) ) ;
#1884 = VERTEX_POINT ( 'NONE', #1115 ) ;
#1885 = CARTESIAN_POINT ( 'NONE',  ( 15.75552775994166400, 26.51133163880309600, 61.00000000000000000 ) ) ;
#1886 = CIRCLE ( 'NONE', #4269, 10.58333333333333400 ) ;
#1887 = DIRECTION ( 'NONE',  ( -1.000000000000000000, 0.0000000000000000000, -0.0000000000000000000 ) ) ;
#1888 = AXIS2_PLACEMENT_3D ( 'NONE', #772, #1112, #3938 ) ;
#1889 = VERTEX_POINT ( 'NONE', #2893 ) ;
#1890 = CARTESIAN_POINT ( 'NONE',  ( 11.97396363636819800, 7.844604346626052700, 57.49999999999999300 ) ) ;
#1891 = CARTESIAN_POINT ( 'NONE',  ( 20.64631557328216600, -5.083665005086887200, 58.49999999999999300 ) ) ;
#1892 = ORIENTED_EDGE ( 'NONE', *, *, #762, .T. ) ;
#1893 = CIRCLE ( 'NONE', #1032, 1.000000000000000900 ) ;
#1894 = EDGE_CURVE ( 'NONE', #1585, #4540, #4565, .T. ) ;
#1895 = ORIENTED_EDGE ( 'NONE', *, *, #2007, .F. ) ;
#1896 = CARTESIAN_POINT ( 'NONE',  ( -71.04602967032585100, -29.37519891327388100, 59.00000000000000000 ) ) ;
#1897 = DIRECTION ( 'NONE',  ( -0.0000000000000000000, -0.0000000000000000000, 1.000000000000000000 ) ) ;
#1898 = EDGE_LOOP ( 'NONE', ( #3132, #3344, #2344, #3777 ) ) ;
#1899 = DIRECTION ( 'NONE',  ( -1.000000000000000000, 0.0000000000000000000, 0.0000000000000000000 ) ) ;
#1900 = AXIS2_PLACEMENT_3D ( 'NONE', #1806, #2218, #3280 ) ;
#1901 = CARTESIAN_POINT ( 'NONE',  ( 6.529554195334379900, 13.88065449782182400, 57.49999999999999300 ) ) ;
#1902 =( NAMED_UNIT ( * ) PLANE_ANGLE_UNIT ( ) SI_UNIT ( $, .RADIAN. ) );
#1903 = CARTESIAN_POINT ( 'NONE',  ( 10.42343501419144000, 7.674749459936570900, 58.49999999999999300 ) ) ;
#1904 = DIRECTION ( 'NONE',  ( 0.7071067811865474600, 0.7071067811865474600, 0.0000000000000000000 ) ) ;
#1905 = AXIS2_PLACEMENT_3D ( 'NONE', #455, #3637, #2543 ) ;
#1906 = EDGE_LOOP ( 'NONE', ( #2694, #42, #1285, #710 ) ) ;
#1907 = EDGE_CURVE ( 'NONE', #4468, #2131, #2460, .T. ) ;
#1908 = VERTEX_POINT ( 'NONE', #385 ) ;
#1909 = LINE ( 'NONE', #3972, #1793 ) ;
#1910 = DIRECTION ( 'NONE',  ( 0.7071067811865475700, -0.7071067811865475700, 0.0000000000000000000 ) ) ;
#1911 = ORIENTED_EDGE ( 'NONE', *, *, #4219, .T. ) ;
#1912 = CYLINDRICAL_SURFACE ( 'NONE', #2882, 2.049999999999999800 ) ;
#1913 = DIRECTION ( 'NONE',  ( 1.000000000000000000, 0.0000000000000000000, 0.0000000000000000000 ) ) ;
#1914 = DIRECTION ( 'NONE',  ( -1.000000000000000000, 0.0000000000000000000, 0.0000000000000000000 ) ) ;
#1915 = DIRECTION ( 'NONE',  ( 1.000000000000000000, -3.469446951953614200E-015, 0.0000000000000000000 ) ) ;
#1916 = ORIENTED_EDGE ( 'NONE', *, *, #4381, .T. ) ;
#1917 = DIRECTION ( 'NONE',  ( -1.000000000000000000, 0.0000000000000000000, 0.0000000000000000000 ) ) ;
#1918 = FACE_OUTER_BOUND ( 'NONE', #3093, .T. ) ;
#1919 = DIRECTION ( 'NONE',  ( 0.7071067811865474600, 0.7071067811865474600, 0.0000000000000000000 ) ) ;
#1920 = ORIENTED_EDGE ( 'NONE', *, *, #598, .F. ) ;
#1921 = CYLINDRICAL_SURFACE ( 'NONE', #2643, 17.91666666666666800 ) ;
#1922 = CYLINDRICAL_SURFACE ( 'NONE', #4568, 17.91666666666666800 ) ;
#1923 = ORIENTED_EDGE ( 'NONE', *, *, #3089, .T. ) ;
#1924 = VERTEX_POINT ( 'NONE', #1449 ) ;
#1925 = VERTEX_POINT ( 'NONE', #2480 ) ;
#1926 = DIRECTION ( 'NONE',  ( -0.0000000000000000000, -0.0000000000000000000, 1.000000000000000000 ) ) ;
#1927 = CARTESIAN_POINT ( 'NONE',  ( 4.312881914040462800, 12.72464238830773000, 57.49999999999999300 ) ) ;
#1928 = EDGE_CURVE ( 'NONE', #1226, #3271, #476, .T. ) ;
#1929 = CIRCLE ( 'NONE', #1846, 2.500000000000000400 ) ;
#1930 = ORIENTED_EDGE ( 'NONE', *, *, #166, .T. ) ;
#1931 = ORIENTED_EDGE ( 'NONE', *, *, #543, .T. ) ;
#1932 = CARTESIAN_POINT ( 'NONE',  ( 17.10129384415525400, -1.124429713586880400, 58.49999999999999300 ) ) ;
#1933 = ORIENTED_EDGE ( 'NONE', *, *, #1039, .T. ) ;
#1934 = CARTESIAN_POINT ( 'NONE',  ( 22.87898962204761900, -3.261277809625116900, 57.49999999999999300 ) ) ;
#1935 = EDGE_CURVE ( 'NONE', #1179, #3544, #2578, .T. ) ;
#1936 = CARTESIAN_POINT ( 'NONE',  ( -7.768423234887781500, 27.28082127138888800, 57.49999999999999300 ) ) ;
#1937 = EDGE_CURVE ( 'NONE', #2963, #3916, #1033, .T. ) ;
#1938 = CYLINDRICAL_SURFACE ( 'NONE', #298, 16.41666666666666800 ) ;
#1939 = AXIS2_PLACEMENT_3D ( 'NONE', #835, #1231, #193 ) ;
#1940 = ORIENTED_EDGE ( 'NONE', *, *, #2159, .T. ) ;
#1941 = ORIENTED_EDGE ( 'NONE', *, *, #3839, .F. ) ;
#1942 = LINE ( 'NONE', #3503, #4195 ) ;
#1943 = EDGE_CURVE ( 'NONE', #4091, #2219, #2902, .T. ) ;
#1944 = EDGE_LOOP ( 'NONE', ( #1775, #388, #3133, #2703 ) ) ;
#1945 = AXIS2_PLACEMENT_3D ( 'NONE', #1604, #2614, #1913 ) ;
#1946 = DIRECTION ( 'NONE',  ( -0.0000000000000000000, -0.0000000000000000000, 1.000000000000000000 ) ) ;
#1947 = DIRECTION ( 'NONE',  ( 1.000000000000000000, 0.0000000000000000000, 0.0000000000000000000 ) ) ;
#1948 = DIRECTION ( 'NONE',  ( -3.481050453465164800E-016, 1.000000000000000000, 0.0000000000000000000 ) ) ;
#1949 = ORIENTED_EDGE ( 'NONE', *, *, #784, .T. ) ;
#1950 = CARTESIAN_POINT ( 'NONE',  ( 4.312881914040462800, 12.72464238830773000, 58.49999999999999300 ) ) ;
#1951 = DIRECTION ( 'NONE',  ( -0.0000000000000000000, -0.0000000000000000000, 1.000000000000000000 ) ) ;
#1952 = CARTESIAN_POINT ( 'NONE',  ( 4.312881914040462800, 12.72464238830773000, 57.49999999999999300 ) ) ;
#1953 = FACE_OUTER_BOUND ( 'NONE', #3875, .T. ) ;
#1954 = ADVANCED_FACE ( 'NONE', ( #872 ), #1402, .F. ) ;
#1955 = EDGE_CURVE ( 'NONE', #659, #174, #586, .T. ) ;
#1956 = CARTESIAN_POINT ( 'NONE',  ( 22.87898962204762300, 28.71056258624057000, 57.49999999999999300 ) ) ;
#1957 = CARTESIAN_POINT ( 'NONE',  ( -12.78831869816761300, 28.76518282873598400, 58.49999999999999300 ) ) ;
#1958 = EDGE_CURVE ( 'NONE', #2776, #2229, #4217, .T. ) ;
#1959 = DIRECTION ( 'NONE',  ( -0.0000000000000000000, -0.0000000000000000000, 1.000000000000000000 ) ) ;
#1960 = AXIS2_PLACEMENT_3D ( 'NONE', #3406, #2302, #4472 ) ;
#1961 = DIRECTION ( 'NONE',  ( -0.0000000000000000000, -0.0000000000000000000, 1.000000000000000000 ) ) ;
#1962 = LINE ( 'NONE', #3761, #756 ) ;
#1963 = ORIENTED_EDGE ( 'NONE', *, *, #2749, .F. ) ;
#1964 = DIRECTION ( 'NONE',  ( -0.0000000000000000000, 0.0000000000000000000, 1.000000000000000000 ) ) ;
#1965 = AXIS2_PLACEMENT_3D ( 'NONE', #4265, #1489, #425 ) ;
#1966 = VECTOR ( 'NONE', #2448, 1000.000000000000000 ) ;
#1967 = FACE_OUTER_BOUND ( 'NONE', #3718, .T. ) ;
#1968 = VERTEX_POINT ( 'NONE', #870 ) ;
#1969 = COLOUR_RGB ( '',0.7921568627450980000, 0.8196078431372548800, 0.9333333333333333500 ) ;
#1970 = EDGE_CURVE ( 'NONE', #4524, #4075, #4451, .T. ) ;
#1971 = CARTESIAN_POINT ( 'NONE',  ( 60.16044702067370800, -30.37519891327383800, 57.99999999999999300 ) ) ;
#1972 = CIRCLE ( 'NONE', #2885, 1.000000000000000000 ) ;
#1973 = DIRECTION ( 'NONE',  ( 1.000000000000000000, 3.469446951953614200E-015, 0.0000000000000000000 ) ) ;
#1974 = DIRECTION ( 'NONE',  ( -0.0000000000000000000, 0.0000000000000000000, 1.000000000000000000 ) ) ;
#1975 = ADVANCED_FACE ( 'NONE', ( #1194 ), #131, .T. ) ;
#1976 = VERTEX_POINT ( 'NONE', #3629 ) ;
#1977 = CARTESIAN_POINT ( 'NONE',  ( -3.348199808287273700, 17.60468042998940800, 57.49999999999999300 ) ) ;
#1978 = CIRCLE ( 'NONE', #3391, 1.000000000000000900 ) ;
#1979 = FACE_OUTER_BOUND ( 'NONE', #4320, .T. ) ;
#1980 = ORIENTED_EDGE ( 'NONE', *, *, #668, .F. ) ;
#1981 = ORIENTED_EDGE ( 'NONE', *, *, #4022, .T. ) ;
#1982 = VECTOR ( 'NONE', #2205, 1000.000000000000000 ) ;
#1983 = EDGE_CURVE ( 'NONE', #4448, #2898, #3886, .T. ) ;
#1984 = DIRECTION ( 'NONE',  ( -1.000000000000000000, -1.734723475976807100E-015, 0.0000000000000000000 ) ) ;
#1985 = ORIENTED_EDGE ( 'NONE', *, *, #1167, .T. ) ;
#1986 = ORIENTED_EDGE ( 'NONE', *, *, #3600, .F. ) ;
#1987 = VERTEX_POINT ( 'NONE', #4002 ) ;
#1988 = VECTOR ( 'NONE', #3053, 1000.000000000000000 ) ;
#1989 = AXIS2_PLACEMENT_3D ( 'NONE', #2247, #141, #4324 ) ;
#1990 = EDGE_LOOP ( 'NONE', ( #607, #2808, #1763, #152 ) ) ;
#1991 = CIRCLE ( 'NONE', #4241, 1.000000000000000900 ) ;
#1992 = DIRECTION ( 'NONE',  ( 1.000000000000000000, 0.0000000000000000000, 0.0000000000000000000 ) ) ;
#1993 = VERTEX_POINT ( 'NONE', #3282 ) ;
#1994 = ORIENTED_EDGE ( 'NONE', *, *, #416, .F. ) ;
#1995 = AXIS2_PLACEMENT_3D ( 'NONE', #1196, #2255, #3685 ) ;
#1996 = EDGE_CURVE ( 'NONE', #29, #4071, #3783, .T. ) ;
#1997 = CIRCLE ( 'NONE', #819, 1.000000000000000900 ) ;
#1998 = DIRECTION ( 'NONE',  ( -1.000000000000000000, 0.0000000000000000000, 0.0000000000000000000 ) ) ;
#1999 = AXIS2_PLACEMENT_3D ( 'NONE', #2318, #4449, #4158 ) ;
#2000 = ORIENTED_EDGE ( 'NONE', *, *, #3897, .T. ) ;
#2001 = DIRECTION ( 'NONE',  ( -0.0000000000000000000, 0.0000000000000000000, -1.000000000000000000 ) ) ;
#2002 = DIRECTION ( 'NONE',  ( -0.0000000000000000000, 0.0000000000000000000, -1.000000000000000000 ) ) ;
#2003 = ORIENTED_EDGE ( 'NONE', *, *, #452, .F. ) ;
#2004 = DIRECTION ( 'NONE',  ( -0.0000000000000000000, -0.0000000000000000000, 1.000000000000000000 ) ) ;
#2005 = DIRECTION ( 'NONE',  ( -0.7071067811865475700, -0.7071067811865475700, 0.0000000000000000000 ) ) ;
#2006 = ORIENTED_EDGE ( 'NONE', *, *, #4036, .T. ) ;
#2007 = EDGE_CURVE ( 'NONE', #2898, #1393, #1732, .T. ) ;
#2008 = CARTESIAN_POINT ( 'NONE',  ( 60.16044702067366500, 66.23011617120127400, 59.00000000000000000 ) ) ;
#2009 = ORIENTED_EDGE ( 'NONE', *, *, #1983, .T. ) ;
#2010 = EDGE_CURVE ( 'NONE', #4346, #4033, #1909, .T. ) ;
#2011 = LINE ( 'NONE', #4204, #2734 ) ;
#2012 = CARTESIAN_POINT ( 'NONE',  ( -20.18711808595954000, 12.72464238830773400, 57.99999999999998600 ) ) ;
#2013 = AXIS2_PLACEMENT_3D ( 'NONE', #119, #3283, #3667 ) ;
#2014 = DIRECTION ( 'NONE',  ( -0.0000000000000000000, -0.0000000000000000000, 1.000000000000000000 ) ) ;
#2015 = VERTEX_POINT ( 'NONE', #2590 ) ;
#2016 = CARTESIAN_POINT ( 'NONE',  ( -10.24329696904069400, 24.80594753723597300, 57.49999999999999300 ) ) ;
#2017 = VECTOR ( 'NONE', #3321, 1000.000000000000000 ) ;
#2018 = EDGE_CURVE ( 'NONE', #162, #3322, #3943, .T. ) ;
#2019 = CARTESIAN_POINT ( 'NONE',  ( 13.64695731544433100, 5.865440721056774700, 57.49999999999999300 ) ) ;
#2020 = ORIENTED_EDGE ( 'NONE', *, *, #1540, .F. ) ;
#2021 = DIRECTION ( 'NONE',  ( -0.0000000000000000000, -0.0000000000000000000, 1.000000000000000000 ) ) ;
#2022 = FACE_BOUND ( 'NONE', #1009, .T. ) ;
#2023 = VERTEX_POINT ( 'NONE', #492 ) ;
#2024 = EDGE_LOOP ( 'NONE', ( #3687, #599, #3233, #2078, #3396, #129, #3191, #1233, #433, #2548, #1064, #3022, #2198, #188, #40, #2003 ) ) ;
#2025 = CARTESIAN_POINT ( 'NONE',  ( 3.156869804526364600, 14.94131466960164500, 58.49999999999999300 ) ) ;
#2026 = CIRCLE ( 'NONE', #3166, 1.000000000000000900 ) ;
#2027 = CARTESIAN_POINT ( 'NONE',  ( 4.312881914040462800, 12.72464238830773000, 61.00000000000000000 ) ) ;
#2028 = FACE_OUTER_BOUND ( 'NONE', #1711, .T. ) ;
#2029 = ORIENTED_EDGE ( 'NONE', *, *, #2466, .T. ) ;
#2030 = ORIENTED_EDGE ( 'NONE', *, *, #4501, .T. ) ;
#2031 = ORIENTED_EDGE ( 'NONE', *, *, #4377, .T. ) ;
#2032 = CARTESIAN_POINT ( 'NONE',  ( 4.312881914040462800, 12.72464238830773000, 57.49999999999999300 ) ) ;
#2033 = CARTESIAN_POINT ( 'NONE',  ( -11.72765852638778800, -4.376558223900343800, 61.00000000000000000 ) ) ;
#2034 = LINE ( 'NONE', #1291, #610 ) ;
#2035 = ORIENTED_EDGE ( 'NONE', *, *, #612, .T. ) ;
#2036 = ORIENTED_EDGE ( 'NONE', *, *, #3894, .T. ) ;
#2037 = CARTESIAN_POINT ( 'NONE',  ( -17.73711808595947700, -7.275357611692262700, 57.99999999999999300 ) ) ;
#2038 = ORIENTED_EDGE ( 'NONE', *, *, #1774, .T. ) ;
#2039 = EDGE_CURVE ( 'NONE', #1222, #2, #1142, .T. ) ;
#2040 = CIRCLE ( 'NONE', #2104, 59.79999999999999700 ) ;
#2041 = ORIENTED_EDGE ( 'NONE', *, *, #2286, .T. ) ;
#2042 = DIRECTION ( 'NONE',  ( -0.0000000000000000000, 0.0000000000000000000, 1.000000000000000000 ) ) ;
#2043 = CYLINDRICAL_SURFACE ( 'NONE', #238, 1.000000000000000000 ) ;
#2044 = AXIS2_PLACEMENT_3D ( 'NONE', #4125, #2014, #3824 ) ;
#2045 = ORIENTED_EDGE ( 'NONE', *, *, #2072, .T. ) ;
#2046 = DIRECTION ( 'NONE',  ( -0.0000000000000000000, -0.0000000000000000000, 1.000000000000000000 ) ) ;
#2047 = CARTESIAN_POINT ( 'NONE',  ( 12.84113785633033300, 18.99168276054421500, 57.49999999999999300 ) ) ;
#2048 = ORIENTED_EDGE ( 'NONE', *, *, #1076, .F. ) ;
#2049 = AXIS2_PLACEMENT_3D ( 'NONE', #1631, #1277, #1984 ) ;
#2050 = EDGE_CURVE ( 'NONE', #2316, #1993, #2633, .T. ) ;
#2051 = DIRECTION ( 'NONE',  ( 0.7071067811865474600, 0.7071067811865474600, 0.0000000000000000000 ) ) ;
#2052 = DIRECTION ( 'NONE',  ( 0.7071067811865474600, -0.7071067811865474600, 0.0000000000000000000 ) ) ;
#2053 = ORIENTED_EDGE ( 'NONE', *, *, #3894, .F. ) ;
#2054 = AXIS2_PLACEMENT_3D ( 'NONE', #1503, #82, #1811 ) ;
#2055 = CARTESIAN_POINT ( 'NONE',  ( 18.16195401593507300, 25.51305431842251900, 58.49999999999999300 ) ) ;
#2056 = CARTESIAN_POINT ( 'NONE',  ( 4.312881914040462800, 12.72464238830773000, 61.00000000000000000 ) ) ;
#2057 = CARTESIAN_POINT ( 'NONE',  ( -2.546319753210494000, 22.05871778971160100, 57.49999999999999300 ) ) ;
#2058 = DIRECTION ( 'NONE',  ( 0.7071067811865474600, -0.7071067811865474600, 0.0000000000000000000 ) ) ;
#2059 = ADVANCED_FACE ( 'NONE', ( #3169 ), #445, .T. ) ;
#2060 = CARTESIAN_POINT ( 'NONE',  ( -4.314086706176859700, 5.158333939870229500, 61.00000000000000000 ) ) ;
#2061 = EDGE_CURVE ( 'NONE', #729, #1829, #3347, .T. ) ;
#2062 = DIRECTION ( 'NONE',  ( 0.7071067811865474600, 0.7071067811865474600, 0.0000000000000000000 ) ) ;
#2063 = DIRECTION ( 'NONE',  ( 0.7071067811865474600, 0.7071067811865474600, 0.0000000000000000000 ) ) ;
#2064 = CARTESIAN_POINT ( 'NONE',  ( -17.73711808595947700, -7.275357611692262700, 61.00000000000000000 ) ) ;
#2065 = FACE_OUTER_BOUND ( 'NONE', #293, .T. ) ;
#2066 = EDGE_CURVE ( 'NONE', #3473, #3368, #3017, .T. ) ;
#2067 = VERTEX_POINT ( 'NONE', #3037 ) ;
#2068 = FACE_OUTER_BOUND ( 'NONE', #1100, .T. ) ;
#2069 = DIRECTION ( 'NONE',  ( 1.000000000000000000, 0.0000000000000000000, 0.0000000000000000000 ) ) ;
#2070 = CARTESIAN_POINT ( 'NONE',  ( -2.504777967297061800, 8.381856241123122300, 58.49999999999999300 ) ) ;
#2071 = EDGE_LOOP ( 'NONE', ( #3063, #3299, #4476, #2193 ) ) ;
#2072 = EDGE_CURVE ( 'NONE', #4409, #3434, #3834, .T. ) ;
#2073 = ORIENTED_EDGE ( 'NONE', *, *, #2822, .T. ) ;
#2074 = AXIS2_PLACEMENT_3D ( 'NONE', #4489, #3767, #4519 ) ;
#2075 = FACE_BOUND ( 'NONE', #2250, .T. ) ;
#2076 = CIRCLE ( 'NONE', #243, 1.000000000000000000 ) ;
#2077 = PLANE ( 'NONE',  #1397 ) ;
#2078 = ORIENTED_EDGE ( 'NONE', *, *, #871, .F. ) ;
#2079 = CIRCLE ( 'NONE', #2365, 59.80000000000000400 ) ;
#2080 = VECTOR ( 'NONE', #2565, 1000.000000000000000 ) ;
#2081 = CARTESIAN_POINT ( 'NONE',  ( -3.675550151243721400, 3.675550151243721400, 58.49999999999999300 ) ) ;
#2082 = CARTESIAN_POINT ( 'NONE',  ( 9.192919955722139500, 5.063560665979996300, 58.49999999999999300 ) ) ;
#2083 = CARTESIAN_POINT ( 'NONE',  ( 60.16044702067365100, 118.4771256549985500, 30.50000000000002100 ) ) ;
#2084 = AXIS2_PLACEMENT_3D ( 'NONE', #228, #2004, #4459 ) ;
#2085 = VERTEX_POINT ( 'NONE', #3346 ) ;
#2086 = LINE ( 'NONE', #1191, #382 ) ;
#2087 = DIRECTION ( 'NONE',  ( -0.0000000000000000000, -0.0000000000000000000, 1.000000000000000000 ) ) ;
#2088 = CARTESIAN_POINT ( 'NONE',  ( -20.18711808595954000, 12.72464238830773400, 61.00000000000000000 ) ) ;
#2089 = ORIENTED_EDGE ( 'NONE', *, *, #3797, .T. ) ;
#2090 = ORIENTED_EDGE ( 'NONE', *, *, #2450, .F. ) ;
#2091 = CIRCLE ( 'NONE', #376, 0.9999999999999991100 ) ;
#2092 = ORIENTED_EDGE ( 'NONE', *, *, #2451, .F. ) ;
#2093 = DIRECTION ( 'NONE',  ( -1.000000000000000000, 0.0000000000000000000, -0.0000000000000000000 ) ) ;
#2094 = LINE ( 'NONE', #2783, #127 ) ;
#2095 = CARTESIAN_POINT ( 'NONE',  ( -7.129763931860731300, -1.062046862187642900, 57.49999999999999300 ) ) ;
#2096 = EDGE_CURVE ( 'NONE', #4515, #2085, #2897, .T. ) ;
#2097 = EDGE_LOOP ( 'NONE', ( #2519, #1488, #2041, #711 ) ) ;
#2098 = CARTESIAN_POINT ( 'NONE',  ( 4.312881914040462800, 12.72464238830773000, 58.49999999999999300 ) ) ;
#2099 = CARTESIAN_POINT ( 'NONE',  ( 19.64631557328216600, -5.083665005086887200, 57.49999999999999300 ) ) ;
#2100 = EDGE_LOOP ( 'NONE', ( #804, #1230, #3158, #2591 ) ) ;
#2101 = EDGE_CURVE ( 'NONE', #4065, #4304, #2575, .T. ) ;
#2102 = ADVANCED_FACE ( 'NONE', ( #695 ), #937, .F. ) ;
#2103 = PLANE ( 'NONE',  #1777 ) ;
#2104 = AXIS2_PLACEMENT_3D ( 'NONE', #3668, #515, #1948 ) ;
#2105 = ORIENTED_EDGE ( 'NONE', *, *, #3663, .F. ) ;
#2106 = DIRECTION ( 'NONE',  ( 1.000000000000000000, 0.0000000000000000000, 0.0000000000000000000 ) ) ;
#2107 = CARTESIAN_POINT ( 'NONE',  ( -2.546319753210494000, 22.05871778971160100, 58.49999999999999300 ) ) ;
#2108 = DIRECTION ( 'NONE',  ( -0.0000000000000000000, 0.0000000000000000000, -1.000000000000000000 ) ) ;
#2109 = ORIENTED_EDGE ( 'NONE', *, *, #912, .T. ) ;
#2110 = AXIS2_PLACEMENT_3D ( 'NONE', #4561, #1302, #3381 ) ;
#2111 = DIRECTION ( 'NONE',  ( -1.000000000000000000, 3.469446951953614200E-015, 0.0000000000000000000 ) ) ;
#2112 = DIRECTION ( 'NONE',  ( -0.0000000000000000000, 0.0000000000000000000, -1.000000000000000000 ) ) ;
#2113 = SURFACE_STYLE_USAGE ( .BOTH. , #30 ) ;
#2114 = CARTESIAN_POINT ( 'NONE',  ( 9.049092237064005700, 9.049092237064005700, 61.00000000000000000 ) ) ;
#2115 = EDGE_CURVE ( 'NONE', #4432, #3811, #1400, .T. ) ;
#2116 = CIRCLE ( 'NONE', #1608, 1.000000000000000900 ) ;
#2117 = CARTESIAN_POINT ( 'NONE',  ( -5.021193487363406800, 5.865440721056776500, 61.00000000000000000 ) ) ;
#2118 = ORIENTED_EDGE ( 'NONE', *, *, #3135, .F. ) ;
#2119 = EDGE_CURVE ( 'NONE', #2483, #4074, #1962, .T. ) ;
#2120 = CARTESIAN_POINT ( 'NONE',  ( -4.736210323023544600, 4.736210323023544600, 57.49999999999999300 ) ) ;
#2121 = DIRECTION ( 'NONE',  ( -0.0000000000000000000, -0.0000000000000000000, 1.000000000000000000 ) ) ;
#2122 = VECTOR ( 'NONE', #2999, 1000.000000000000000 ) ;
#2123 = AXIS2_PLACEMENT_3D ( 'NONE', #1482, #1106, #95 ) ;
#2124 = ADVANCED_FACE ( 'NONE', ( #4447 ), #4215, .F. ) ;
#2125 = ORIENTED_EDGE ( 'NONE', *, *, #393, .F. ) ;
#2126 = DIRECTION ( 'NONE',  ( 0.0000000000000000000, 0.0000000000000000000, -1.000000000000000000 ) ) ;
#2127 = CARTESIAN_POINT ( 'NONE',  ( 15.67398092718367400, 23.02508122967112000, 58.49999999999999300 ) ) ;
#2128 = LINE ( 'NONE', #2604, #4290 ) ;
#2129 = ORIENTED_EDGE ( 'NONE', *, *, #3743, .T. ) ;
#2130 = AXIS2_PLACEMENT_3D ( 'NONE', #436, #76, #2888 ) ;
#2131 = VERTEX_POINT ( 'NONE', #4439 ) ;
#2132 = EDGE_CURVE ( 'NONE', #4138, #3460, #1669, .T. ) ;
#2133 = VECTOR ( 'NONE', #245, 1000.000000000000000 ) ;
#2134 = DIRECTION ( 'NONE',  ( -0.0000000000000000000, -0.0000000000000000000, 1.000000000000000000 ) ) ;
#2135 =( NAMED_UNIT ( * ) SI_UNIT ( $, .STERADIAN. ) SOLID_ANGLE_UNIT ( ) );
#2136 = CARTESIAN_POINT ( 'NONE',  ( -12.78831869816760900, -3.315898052120519200, 61.00000000000000000 ) ) ;
#2137 = VERTEX_POINT ( 'NONE', #221 ) ;
#2138 = ORIENTED_EDGE ( 'NONE', *, *, #2724, .F. ) ;
#2139 = VECTOR ( 'NONE', #4562, 1000.000000000000000 ) ;
#2140 = CARTESIAN_POINT ( 'NONE',  ( -71.04602967032585100, -30.37519891327388400, 59.00000000000000000 ) ) ;
#2141 = DIRECTION ( 'NONE',  ( -0.0000000000000000000, -0.0000000000000000000, 1.000000000000000000 ) ) ;
#2142 = VECTOR ( 'NONE', #748, 1000.000000000000100 ) ;
#2143 = ORIENTED_EDGE ( 'NONE', *, *, #2496, .T. ) ;
#2144 = ORIENTED_EDGE ( 'NONE', *, *, #4478, .T. ) ;
#2145 = ORIENTED_EDGE ( 'NONE', *, *, #2708, .F. ) ;
#2146 = CARTESIAN_POINT ( 'NONE',  ( -71.04602967032589300, 62.38638211391248200, 60.19999999999999600 ) ) ;
#2147 = CARTESIAN_POINT ( 'NONE',  ( 21.41408252624853500, -3.315898052120524100, 58.49999999999999300 ) ) ;
#2148 = CIRCLE ( 'NONE', #1633, 2.049999999999999800 ) ;
#2149 = EDGE_LOOP ( 'NONE', ( #1053, #1090, #4477, #486, #4133, #1779 ) ) ;
#2150 = CIRCLE ( 'NONE', #616, 0.9999999999999991100 ) ;
#2151 = ADVANCED_FACE ( 'NONE', ( #2065 ), #2285, .F. ) ;
#2152 = CARTESIAN_POINT ( 'NONE',  ( 11.87919036247796400, 21.35161100852505500, 57.49999999999999300 ) ) ;
#2153 = VERTEX_POINT ( 'NONE', #178 ) ;
#2154 = AXIS2_PLACEMENT_3D ( 'NONE', #1435, #1126, #1105 ) ;
#2155 = DIRECTION ( 'NONE',  ( 1.000000000000000000, 3.569163070562645700E-016, 0.0000000000000000000 ) ) ;
#2156 = ORIENTED_EDGE ( 'NONE', *, *, #986, .T. ) ;
#2157 = CARTESIAN_POINT ( 'NONE',  ( -9.243296969040692100, 24.80594753723597300, 58.49999999999999300 ) ) ;
#2158 = PLANE ( 'NONE',  #323 ) ;
#2159 = EDGE_CURVE ( 'NONE', #4033, #538, #3231, .T. ) ;
#2160 = ORIENTED_EDGE ( 'NONE', *, *, #1747, .F. ) ;
#2161 = CARTESIAN_POINT ( 'NONE',  ( 11.13054179537799000, 17.06742853549233600, 61.00000000000000000 ) ) ;
#2162 = CARTESIAN_POINT ( 'NONE',  ( 22.87898962204761600, -3.261277809625113400, 61.00000000000000000 ) ) ;
#2163 = AXIS2_PLACEMENT_3D ( 'NONE', #2016, #1256, #3469 ) ;
#2164 = EDGE_CURVE ( 'NONE', #2131, #3332, #4334, .T. ) ;
#2165 = EDGE_CURVE ( 'NONE', #232, #305, #2518, .T. ) ;
#2166 = DIRECTION ( 'NONE',  ( 0.0000000000000000000, -0.0000000000000000000, 1.000000000000000000 ) ) ;
#2167 = CARTESIAN_POINT ( 'NONE',  ( -71.04602967032586500, -25.72988431768147800, 57.99999999999998600 ) ) ;
#2168 = AXIS2_PLACEMENT_3D ( 'NONE', #167, #3723, #1587 ) ;
#2169 = ORIENTED_EDGE ( 'NONE', *, *, #1907, .T. ) ;
#2170 = DIRECTION ( 'NONE',  ( -0.0000000000000000000, 0.0000000000000000000, 1.000000000000000000 ) ) ;
#2171 = DIRECTION ( 'NONE',  ( 1.000000000000000000, 0.0000000000000000000, 0.0000000000000000000 ) ) ;
#2172 = DIRECTION ( 'NONE',  ( -0.0000000000000000000, -0.0000000000000000000, 1.000000000000000000 ) ) ;
#2173 = ADVANCED_FACE ( 'NONE', ( #1572 ), #4450, .F. ) ;
#2174 = DIRECTION ( 'NONE',  ( 0.7071067811865474600, -0.7071067811865474600, 0.0000000000000000000 ) ) ;
#2175 = CARTESIAN_POINT ( 'NONE',  ( 9.192919955722137700, 20.38572411063546900, 58.49999999999999300 ) ) ;
#2176 = VECTOR ( 'NONE', #4514, 1000.000000000000100 ) ;
#2177 = CARTESIAN_POINT ( 'NONE',  ( 8.655668061225071600, 19.54230226964525500, 58.49999999999999300 ) ) ;
#2178 = ORIENTED_EDGE ( 'NONE', *, *, #3334, .T. ) ;
#2179 = EDGE_CURVE ( 'NONE', #3530, #1671, #4563, .T. ) ;
#2180 = CYLINDRICAL_SURFACE ( 'NONE', #2334, 1.000000000000000900 ) ;
#2181 = EDGE_CURVE ( 'NONE', #2331, #66, #1245, .T. ) ;
#2182 = ORIENTED_EDGE ( 'NONE', *, *, #1632, .T. ) ;
#2183 = FACE_BOUND ( 'NONE', #2957, .T. ) ;
#2184 = CIRCLE ( 'NONE', #3749, 1.000000000000000900 ) ;
#2185 = EDGE_LOOP ( 'NONE', ( #2513, #120 ) ) ;
#2186 = DIRECTION ( 'NONE',  ( -0.0000000000000000000, -0.0000000000000000000, 1.000000000000000000 ) ) ;
#2187 = VECTOR ( 'NONE', #4142, 1000.000000000000000 ) ;
#2188 = AXIS2_PLACEMENT_3D ( 'NONE', #1004, #1015, #4150 ) ;
#2189 = LINE ( 'NONE', #1452, #3128 ) ;
#2190 = DIRECTION ( 'NONE',  ( -0.0000000000000000000, 0.0000000000000000000, 1.000000000000000000 ) ) ;
#2191 = CARTESIAN_POINT ( 'NONE',  ( -11.02055174520124200, 30.53294978170234600, 61.00000000000000000 ) ) ;
#2192 = ORIENTED_EDGE ( 'NONE', *, *, #332, .T. ) ;
#2193 = ORIENTED_EDGE ( 'NONE', *, *, #543, .F. ) ;
#2194 = DIRECTION ( 'NONE',  ( -0.0000000000000000000, -0.0000000000000000000, 1.000000000000000000 ) ) ;
#2195 = AXIS2_PLACEMENT_3D ( 'NONE', #1841, #1854, #1792 ) ;
#2196 = ORIENTED_EDGE ( 'NONE', *, *, #1426, .T. ) ;
#2197 = ADVANCED_FACE ( 'NONE', ( #3399 ), #3628, .F. ) ;
#2198 = ORIENTED_EDGE ( 'NONE', *, *, #3070, .F. ) ;
#2199 = DIRECTION ( 'NONE',  ( -0.0000000000000000000, -0.0000000000000000000, 1.000000000000000000 ) ) ;
#2200 = ORIENTED_EDGE ( 'NONE', *, *, #2284, .T. ) ;
#2201 = CARTESIAN_POINT ( 'NONE',  ( -11.72765852638779400, 29.82584300051580300, 61.00000000000000000 ) ) ;
#2202 = LINE ( 'NONE', #3494, #4480 ) ;
#2203 = ORIENTED_EDGE ( 'NONE', *, *, #2490, .F. ) ;
#2204 = EDGE_LOOP ( 'NONE', ( #301, #1485, #3404, #118 ) ) ;
#2205 = DIRECTION ( 'NONE',  ( 0.0000000000000000000, 0.0000000000000000000, -1.000000000000000000 ) ) ;
#2206 = CARTESIAN_POINT ( 'NONE',  ( 4.312881914040462800, 12.72464238830773000, 57.49999999999999300 ) ) ;
#2207 = FACE_OUTER_BOUND ( 'NONE', #2353, .T. ) ;
#2208 = ORIENTED_EDGE ( 'NONE', *, *, #1782, .F. ) ;
#2209 = DIRECTION ( 'NONE',  ( 1.000000000000000000, 0.0000000000000000000, 0.0000000000000000000 ) ) ;
#2210 = EDGE_CURVE ( 'NONE', #3599, #2740, #642, .T. ) ;
#2211 = ORIENTED_EDGE ( 'NONE', *, *, #4227, .F. ) ;
#2212 = DIRECTION ( 'NONE',  ( -0.0000000000000000000, -0.0000000000000000000, -1.000000000000000000 ) ) ;
#2213 = DIRECTION ( 'NONE',  ( -0.0000000000000000000, -0.0000000000000000000, 1.000000000000000000 ) ) ;
#2214 = CARTESIAN_POINT ( 'NONE',  ( -5.021193487363406800, 5.865440721056776500, 57.49999999999999300 ) ) ;
#2215 = ORIENTED_EDGE ( 'NONE', *, *, #186, .F. ) ;
#2216 = AXIS2_PLACEMENT_3D ( 'NONE', #153, #3672, #469 ) ;
#2217 = PLANE ( 'NONE',  #982 ) ;
#2218 = DIRECTION ( 'NONE',  ( 0.0000000000000000000, 0.0000000000000000000, -1.000000000000000000 ) ) ;
#2219 = VERTEX_POINT ( 'NONE', #4498 ) ;
#2220 = DIRECTION ( 'NONE',  ( -1.000000000000000000, -3.569163070562645700E-016, -0.0000000000000000000 ) ) ;
#2221 = DIRECTION ( 'NONE',  ( -1.000000000000000000, 0.0000000000000000000, 0.0000000000000000000 ) ) ;
#2222 = AXIS2_PLACEMENT_3D ( 'NONE', #4099, #3402, #1594 ) ;
#2223 = VERTEX_POINT ( 'NONE', #4146 ) ;
#2224 = EDGE_CURVE ( 'NONE', #3722, #1699, #2782, .T. ) ;
#2225 = DIRECTION ( 'NONE',  ( 1.000000000000000000, -1.474514954580284800E-014, 0.0000000000000000000 ) ) ;
#2226 = DIRECTION ( 'NONE',  ( 1.000000000000000000, 3.569163070562645700E-016, 0.0000000000000000000 ) ) ;
#2227 = AXIS2_PLACEMENT_3D ( 'NONE', #3881, #1769, #2489 ) ;
#2228 = CIRCLE ( 'NONE', #638, 1.000000000000000900 ) ;
#2229 = VERTEX_POINT ( 'NONE', #260 ) ;
#2230 = CARTESIAN_POINT ( 'NONE',  ( -11.02055174520124200, 30.53294978170234600, 57.49999999999999300 ) ) ;
#2231 = CYLINDRICAL_SURFACE ( 'NONE', #204, 1.000000000000000900 ) ;
#2232 = CARTESIAN_POINT ( 'NONE',  ( 0.0000000000000000000, 0.0000000000000000000, 0.0000000000000000000 ) ) ;
#2233 = EDGE_LOOP ( 'NONE', ( #2211, #4045, #368, #658 ) ) ;
#2234 = DIRECTION ( 'NONE',  ( 1.000000000000000000, 0.0000000000000000000, 0.0000000000000000000 ) ) ;
#2235 = DIRECTION ( 'NONE',  ( 0.0000000000000000000, -0.0000000000000000000, -1.000000000000000000 ) ) ;
#2236 = LINE ( 'NONE', #4308, #1301 ) ;
#2237 = FACE_OUTER_BOUND ( 'NONE', #1373, .T. ) ;
#2238 = PRODUCT_DEFINITION_SHAPE ( 'NONE', 'NONE',  #3244 ) ;
#2239 = EDGE_LOOP ( 'NONE', ( #1746, #1853, #3514, #1535 ) ) ;
#2240 = CARTESIAN_POINT ( 'NONE',  ( 28.81288191404046400, 12.72464238830773000, 57.49999999999999300 ) ) ;
#2241 = DIRECTION ( 'NONE',  ( 1.000000000000000000, 0.0000000000000000000, 0.0000000000000000000 ) ) ;
#2242 = EDGE_CURVE ( 'NONE', #184, #1780, #2684, .T. ) ;
#2243 = VERTEX_POINT ( 'NONE', #1689 ) ;
#2244 = ORIENTED_EDGE ( 'NONE', *, *, #3729, .F. ) ;
#2245 = CIRCLE ( 'NONE', #2936, 2.049999999999999800 ) ;
#2246 = CARTESIAN_POINT ( 'NONE',  ( 8.655668061225071600, 19.54230226964525500, 57.49999999999999300 ) ) ;
#2247 = CARTESIAN_POINT ( 'NONE',  ( 22.12118930743507800, -2.608791270933974000, 58.49999999999999300 ) ) ;
#2248 = DIRECTION ( 'NONE',  ( 0.0000000000000000000, 0.0000000000000000000, -1.000000000000000000 ) ) ;
#2249 = AXIS2_PLACEMENT_3D ( 'NONE', #971, #2737, #3435 ) ;
#2250 = EDGE_LOOP ( 'NONE', ( #1117, #1597, #2801, #1003, #1548, #665, #1949, #3852, #334, #1002 ) ) ;
#2251 = ORIENTED_EDGE ( 'NONE', *, *, #1943, .F. ) ;
#2252 =( LENGTH_UNIT ( ) NAMED_UNIT ( * ) SI_UNIT ( .MILLI., .METRE. ) );
#2253 = CYLINDRICAL_SURFACE ( 'NONE', #281, 17.91666666666666800 ) ;
#2254 = CARTESIAN_POINT ( 'NONE',  ( 4.312881914040462800, 12.72464238830773000, 61.00000000000000000 ) ) ;
#2255 = DIRECTION ( 'NONE',  ( 0.7071067811865475700, -0.7071067811865475700, 0.0000000000000000000 ) ) ;
#2256 = CIRCLE ( 'NONE', #2195, 1.000000000000000000 ) ;
#2257 = ORIENTED_EDGE ( 'NONE', *, *, #2010, .F. ) ;
#2258 = EDGE_CURVE ( 'NONE', #3599, #3082, #1345, .T. ) ;
#2259 = ORIENTED_EDGE ( 'NONE', *, *, #186, .T. ) ;
#2260 = AXIS2_PLACEMENT_3D ( 'NONE', #1823, #3338, #1185 ) ;
#2261 = VECTOR ( 'NONE', #3733, 1000.000000000000000 ) ;
#2262 = DIRECTION ( 'NONE',  ( -1.000000000000000000, -3.569163070562645700E-016, 0.0000000000000000000 ) ) ;
#2263 = CARTESIAN_POINT ( 'NONE',  ( -0.02990423314414361600, 5.906982506970203800, 58.49999999999999300 ) ) ;
#2264 = DIRECTION ( 'NONE',  ( -0.0000000000000000000, -0.0000000000000000000, 1.000000000000000000 ) ) ;
#2265 = ORIENTED_EDGE ( 'NONE', *, *, #3738, .F. ) ;
#2266 = FACE_OUTER_BOUND ( 'NONE', #220, .T. ) ;
#2267 = CARTESIAN_POINT ( 'NONE',  ( -3.253426534397040500, 21.35161100852505100, 61.00000000000000000 ) ) ;
#2268 = FILL_AREA_STYLE_COLOUR ( '', #4464 ) ;
#2269 = ORIENTED_EDGE ( 'NONE', *, *, #348, .F. ) ;
#2270 = CARTESIAN_POINT ( 'NONE',  ( 17.10129384415525400, -1.124429713586879300, 58.49999999999999300 ) ) ;
#2271 = ADVANCED_FACE ( 'NONE', ( #1847 ), #3061, .F. ) ;
#2272 = EDGE_CURVE ( 'NONE', #2821, #4346, #209, .T. ) ;
#2273 = VERTEX_POINT ( 'NONE', #2772 ) ;
#2274 = CARTESIAN_POINT ( 'NONE',  ( -4.736210323023544600, 4.736210323023544600, 57.49999999999999300 ) ) ;
#2275 = EDGE_CURVE ( 'NONE', #2350, #300, #311, .T. ) ;
#2276 = ORIENTED_EDGE ( 'NONE', *, *, #2847, .T. ) ;
#2277 = AXIS2_PLACEMENT_3D ( 'NONE', #970, #4164, #3786 ) ;
#2278 = CARTESIAN_POINT ( 'NONE',  ( -9.243296969040692100, 24.80594753723597300, 61.00000000000000000 ) ) ;
#2279 = CARTESIAN_POINT ( 'NONE',  ( 9.655668061225073400, 19.54230226964525500, 58.49999999999999300 ) ) ;
#2280 = APPLICATION_CONTEXT ( 'automotive_design' ) ;
#2281 = CARTESIAN_POINT ( 'NONE',  ( 19.64631557328216600, 30.53294978170234900, 58.49999999999999300 ) ) ;
#2282 = CARTESIAN_POINT ( 'NONE',  ( -71.04602967032589300, 66.57385022849000200, 60.20000000000000300 ) ) ;
#2283 = AXIS2_PLACEMENT_3D ( 'NONE', #3730, #3745, #2378 ) ;
#2284 = EDGE_CURVE ( 'NONE', #2559, #4587, #4391, .T. ) ;
#2285 = CYLINDRICAL_SURFACE ( 'NONE', #4108, 1.000000000000000900 ) ;
#2286 = EDGE_CURVE ( 'NONE', #2229, #2776, #3285, .T. ) ;
#2287 = PLANE ( 'NONE',  #1144 ) ;
#2288 = PLANE ( 'NONE',  #3623 ) ;
#2289 = VERTEX_POINT ( 'NONE', #296 ) ;
#2290 = AXIS2_PLACEMENT_3D ( 'NONE', #794, #3626, #4280 ) ;
#2291 = VECTOR ( 'NONE', #2501, 1000.000000000000000 ) ;
#2292 = CARTESIAN_POINT ( 'NONE',  ( -4.215374028249403400, 6.457602016071246200, 58.49999999999999300 ) ) ;
#2293 = CARTESIAN_POINT ( 'NONE',  ( -7.768423234887781500, 27.28082127138888800, 58.49999999999999300 ) ) ;
#2294 = DIRECTION ( 'NONE',  ( -0.0000000000000000000, -0.0000000000000000000, 1.000000000000000000 ) ) ;
#2295 = ORIENTED_EDGE ( 'NONE', *, *, #3070, .T. ) ;
#2296 = CYLINDRICAL_SURFACE ( 'NONE', #2398, 24.50000000000000000 ) ;
#2297 = CYLINDRICAL_SURFACE ( 'NONE', #2054, 1.000000000000000900 ) ;
#2298 = EDGE_CURVE ( 'NONE', #1332, #3520, #2228, .T. ) ;
#2299 = ORIENTED_EDGE ( 'NONE', *, *, #627, .F. ) ;
#2300 = VECTOR ( 'NONE', #551, 1000.000000000000100 ) ;
#2301 = LINE ( 'NONE', #1868, #1809 ) ;
#2302 = DIRECTION ( 'NONE',  ( -0.0000000000000000000, -0.0000000000000000000, 1.000000000000000000 ) ) ;
#2303 = ORIENTED_EDGE ( 'NONE', *, *, #809, .F. ) ;
#2304 = ORIENTED_EDGE ( 'NONE', *, *, #2312, .F. ) ;
#2305 = DIRECTION ( 'NONE',  ( -0.0000000000000000000, -0.0000000000000000000, 1.000000000000000000 ) ) ;
#2306 = CARTESIAN_POINT ( 'NONE',  ( -9.243296969040692100, 0.6433372393794891700, 57.49999999999999300 ) ) ;
#2307 = CARTESIAN_POINT ( 'NONE',  ( -5.021193487363406800, 5.865440721056776500, 57.49999999999999300 ) ) ;
#2308 = AXIS2_PLACEMENT_3D ( 'NONE', #2857, #397, #1447 ) ;
#2309 = DIRECTION ( 'NONE',  ( -1.000000000000000000, -3.469446951953617300E-015, 0.0000000000000000000 ) ) ;
#2310 = ORIENTED_EDGE ( 'NONE', *, *, #3957, .T. ) ;
#2311 = VERTEX_POINT ( 'NONE', #955 ) ;
#2312 = EDGE_CURVE ( 'NONE', #590, #2929, #3507, .T. ) ;
#2313 = EDGE_CURVE ( 'NONE', #3460, #2137, #4281, .T. ) ;
#2314 = VECTOR ( 'NONE', #1539, 1000.000000000000000 ) ;
#2315 = AXIS2_PLACEMENT_3D ( 'NONE', #1866, #3996, #867 ) ;
#2316 = VERTEX_POINT ( 'NONE', #4466 ) ;
#2317 = ORIENTED_EDGE ( 'NONE', *, *, #4229, .F. ) ;
#2318 = CARTESIAN_POINT ( 'NONE',  ( -3.675550151243721400, 3.675550151243721400, 57.49999999999999300 ) ) ;
#2319 = DIRECTION ( 'NONE',  ( 1.000000000000000000, 0.0000000000000000000, 0.0000000000000000000 ) ) ;
#2320 = VECTOR ( 'NONE', #3825, 1000.000000000000000 ) ;
#2321 = VERTEX_POINT ( 'NONE', #4180 ) ;
#2322 = STYLED_ITEM ( 'NONE', ( #4151 ), #4144 ) ;
#2323 = CARTESIAN_POINT ( 'NONE',  ( 60.16044702067368600, 10.48310668740404900, 30.50000000000000000 ) ) ;
#2324 = CARTESIAN_POINT ( 'NONE',  ( 3.156869804526365500, 14.94131466960164500, 57.49999999999999300 ) ) ;
#2325 = ORIENTED_EDGE ( 'NONE', *, *, #2436, .T. ) ;
#2326 = CARTESIAN_POINT ( 'NONE',  ( 9.049092237064005700, 9.049092237064005700, 57.49999999999999300 ) ) ;
#2327 = CYLINDRICAL_SURFACE ( 'NONE', #3116, 59.79999999999999000 ) ;
#2328 = EDGE_CURVE ( 'NONE', #3082, #2219, #1459, .T. ) ;
#2329 = ORIENTED_EDGE ( 'NONE', *, *, #4345, .T. ) ;
#2330 = EDGE_CURVE ( 'NONE', #1322, #1683, #534, .T. ) ;
#2331 = VERTEX_POINT ( 'NONE', #3150 ) ;
#2332 = CARTESIAN_POINT ( 'NONE',  ( -2.546319753210488600, 3.390566986903858400, 57.49999999999999300 ) ) ;
#2333 = ADVANCED_FACE ( 'NONE', ( #474 ), #4198, .F. ) ;
#2334 = AXIS2_PLACEMENT_3D ( 'NONE', #2818, #4542, #692 ) ;
#2335 = ORIENTED_EDGE ( 'NONE', *, *, #2451, .T. ) ;
#2336 = DIRECTION ( 'NONE',  ( -0.7071067811865475700, -0.7071067811865475700, 0.0000000000000000000 ) ) ;
#2337 = ADVANCED_FACE ( 'NONE', ( #2397 ), #581, .F. ) ;
#2338 = FACE_OUTER_BOUND ( 'NONE', #402, .T. ) ;
#2339 = EDGE_LOOP ( 'NONE', ( #55, #2035, #2089, #4143, #510, #2886, #2542, #4162, #4248 ) ) ;
#2340 = EDGE_LOOP ( 'NONE', ( #2539, #2864, #3765, #3821 ) ) ;
#2341 = EDGE_CURVE ( 'NONE', #2941, #4169, #4100, .T. ) ;
#2342 = AXIS2_PLACEMENT_3D ( 'NONE', #199, #2664, #2241 ) ;
#2343 = VECTOR ( 'NONE', #2394, 1000.000000000000000 ) ;
#2344 = ORIENTED_EDGE ( 'NONE', *, *, #639, .T. ) ;
#2345 = CARTESIAN_POINT ( 'NONE',  ( 4.312881914040462800, 12.72464238830773000, 58.49999999999999300 ) ) ;
#2346 = LINE ( 'NONE', #2468, #2291 ) ;
#2347 = CIRCLE ( 'NONE', #208, 1.000000000000000000 ) ;
#2348 = CIRCLE ( 'NONE', #1663, 10.58333333333333400 ) ;
#2349 = AXIS2_PLACEMENT_3D ( 'NONE', #3269, #815, #4317 ) ;
#2350 = VERTEX_POINT ( 'NONE', #4559 ) ;
#2351 = CARTESIAN_POINT ( 'NONE',  ( 13.64695731544433100, 5.865440721056774700, 58.49999999999999300 ) ) ;
#2352 = CYLINDRICAL_SURFACE ( 'NONE', #4029, 9.083333333333332100 ) ;
#2353 = EDGE_LOOP ( 'NONE', ( #730, #619, #3121, #696 ) ) ;
#2354 = VERTEX_POINT ( 'NONE', #1756 ) ;
#2355 = CIRCLE ( 'NONE', #3734, 10.58333333333333400 ) ;
#2356 = EDGE_CURVE ( 'NONE', #4074, #2821, #922, .T. ) ;
#2357 = ORIENTED_EDGE ( 'NONE', *, *, #1607, .T. ) ;
#2358 = ORIENTED_EDGE ( 'NONE', *, *, #1731, .T. ) ;
#2359 = FACE_OUTER_BOUND ( 'NONE', #2987, .T. ) ;
#2360 = ADVANCED_FACE ( 'NONE', ( #2338 ), #1377, .F. ) ;
#2361 = DIRECTION ( 'NONE',  ( -0.0000000000000000000, -0.0000000000000000000, -1.000000000000000000 ) ) ;
#2362 = CYLINDRICAL_SURFACE ( 'NONE', #2980, 1.000000000000000900 ) ;
#2363 = CARTESIAN_POINT ( 'NONE',  ( 60.16044702067367200, 63.80992920665789800, 60.20000000000000300 ) ) ;
#2364 = CARTESIAN_POINT ( 'NONE',  ( -13.63711808595947500, -7.275357611692262700, 61.00000000000000000 ) ) ;
#2365 = AXIS2_PLACEMENT_3D ( 'NONE', #292, #3427, #1665 ) ;
#2366 = ORIENTED_EDGE ( 'NONE', *, *, #3839, .T. ) ;
#2367 = ORIENTED_EDGE ( 'NONE', *, *, #2610, .T. ) ;
#2368 = DIRECTION ( 'NONE',  ( 2.612506735896004000E-016, -1.000000000000000000, 0.0000000000000000000 ) ) ;
#2369 = VECTOR ( 'NONE', #3572, 1000.000000000000000 ) ;
#2370 = CARTESIAN_POINT ( 'NONE',  ( 17.16389024638079500, 2.509040140443739000, 57.49999999999999300 ) ) ;
#2371 = ORIENTED_EDGE ( 'NONE', *, *, #3111, .F. ) ;
#2372 = AXIS2_PLACEMENT_3D ( 'NONE', #1849, #3241, #747 ) ;
#2373 = EDGE_CURVE ( 'NONE', #2559, #336, #418, .T. ) ;
#2374 = FACE_OUTER_BOUND ( 'NONE', #1906, .T. ) ;
#2375 = DIRECTION ( 'NONE',  ( -0.0000000000000000000, -0.0000000000000000000, 1.000000000000000000 ) ) ;
#2376 = ORIENTED_EDGE ( 'NONE', *, *, #2972, .T. ) ;
#2377 = ORIENTED_EDGE ( 'NONE', *, *, #1298, .T. ) ;
#2378 = DIRECTION ( 'NONE',  ( 1.000000000000000000, 0.0000000000000000000, 0.0000000000000000000 ) ) ;
#2379 = EDGE_CURVE ( 'NONE', #3212, #4582, #1296, .T. ) ;
#2380 = AXIS2_PLACEMENT_3D ( 'NONE', #841, #491, #157 ) ;
#2381 = ORIENTED_EDGE ( 'NONE', *, *, #4219, .F. ) ;
#2382 = CARTESIAN_POINT ( 'NONE',  ( 12.93985053425778300, 5.158333939870227700, 57.49999999999999300 ) ) ;
#2383 = LINE ( 'NONE', #3978, #3069 ) ;
#2384 = ORIENTED_EDGE ( 'NONE', *, *, #3782, .F. ) ;
#2385 = CARTESIAN_POINT ( 'NONE',  ( -4.215374028249405200, 6.457602016071245300, 57.49999999999999300 ) ) ;
#2386 = CIRCLE ( 'NONE', #3830, 0.9999999999999991100 ) ;
#2387 = ADVANCED_FACE ( 'NONE', ( #189 ), #3606, .F. ) ;
#2388 = DIRECTION ( 'NONE',  ( -0.0000000000000000000, 0.0000000000000000000, -1.000000000000000000 ) ) ;
#2389 = VERTEX_POINT ( 'NONE', #1065 ) ;
#2390 = CARTESIAN_POINT ( 'NONE',  ( -4.021193487363406800, 5.865440721056776500, 58.49999999999999300 ) ) ;
#2391 = CARTESIAN_POINT ( 'NONE',  ( -10.24329696904069400, 0.6433372393794891700, 57.49999999999999300 ) ) ;
#2392 = CARTESIAN_POINT ( 'NONE',  ( 9.049092237064005700, 9.049092237064005700, 58.49999999999999300 ) ) ;
#2393 = AXIS2_PLACEMENT_3D ( 'NONE', #2407, #3131, #2425 ) ;
#2394 = DIRECTION ( 'NONE',  ( -3.126598750329282200E-015, 1.000000000000000000, 0.0000000000000000000 ) ) ;
#2395 = CARTESIAN_POINT ( 'NONE',  ( -71.04602967032585100, -30.37519891327388400, 61.00000000000000000 ) ) ;
#2396 = EDGE_CURVE ( 'NONE', #557, #2067, #3976, .T. ) ;
#2397 = FACE_OUTER_BOUND ( 'NONE', #3380, .T. ) ;
#2398 = AXIS2_PLACEMENT_3D ( 'NONE', #1821, #2515, #407 ) ;
#2399 = DIRECTION ( 'NONE',  ( -0.0000000000000000000, 0.0000000000000000000, -1.000000000000000000 ) ) ;
#2400 = ORIENTED_EDGE ( 'NONE', *, *, #1232, .T. ) ;
#2401 = DIRECTION ( 'NONE',  ( -0.0000000000000000000, -0.0000000000000000000, 1.000000000000000000 ) ) ;
#2402 = LINE ( 'NONE', #1675, #3636 ) ;
#2403 = CARTESIAN_POINT ( 'NONE',  ( -7.755323880289291000, 3.131310328130892300, 57.49999999999999300 ) ) ;
#2404 = ORIENTED_EDGE ( 'NONE', *, *, #3559, .T. ) ;
#2405 = VERTEX_POINT ( 'NONE', #3841 ) ;
#2406 = DIRECTION ( 'NONE',  ( 1.000000000000000000, 3.569163070562645700E-016, 0.0000000000000000000 ) ) ;
#2407 = CARTESIAN_POINT ( 'NONE',  ( 16.39418706296870500, -1.831536494773425200, 61.00000000000000000 ) ) ;
#2408 = AXIS2_PLACEMENT_3D ( 'NONE', #8, #2811, #2475 ) ;
#2409 = FACE_BOUND ( 'NONE', #2761, .T. ) ;
#2410 = ADVANCED_FACE ( 'NONE', ( #3712 ), #3871, .T. ) ;
#2411 = VERTEX_POINT ( 'NONE', #3549 ) ;
#2412 = CIRCLE ( 'NONE', #2188, 9.083333333333332100 ) ;
#2413 = CARTESIAN_POINT ( 'NONE',  ( 19.64631557328216600, -5.083665005086887200, 58.49999999999999300 ) ) ;
#2414 = LINE ( 'NONE', #346, #1412 ) ;
#2415 = ORIENTED_EDGE ( 'NONE', *, *, #3797, .F. ) ;
#2416 = ORIENTED_EDGE ( 'NONE', *, *, #2839, .F. ) ;
#2417 = VECTOR ( 'NONE', #2454, 1000.000000000000000 ) ;
#2418 = CARTESIAN_POINT ( 'NONE',  ( -17.73711808595947700, 32.72464238830784200, 57.99999999999999300 ) ) ;
#2419 = LINE ( 'NONE', #2946, #836 ) ;
#2420 = ORIENTED_EDGE ( 'NONE', *, *, #3444, .F. ) ;
#2421 = ORIENTED_EDGE ( 'NONE', *, *, #3417, .T. ) ;
#2422 = ORIENTED_EDGE ( 'NONE', *, *, #3533, .T. ) ;
#2423 = EDGE_CURVE ( 'NONE', #1976, #851, #4541, .T. ) ;
#2424 = CARTESIAN_POINT ( 'NONE',  ( 11.97396363636819700, 7.844604346626054400, 61.00000000000000000 ) ) ;
#2425 = DIRECTION ( 'NONE',  ( 1.000000000000000000, -3.469446951953611000E-015, 0.0000000000000000000 ) ) ;
#2426 = VECTOR ( 'NONE', #1391, 1000.000000000000000 ) ;
#2427 = ORIENTED_EDGE ( 'NONE', *, *, #2210, .F. ) ;
#2428 = ORIENTED_EDGE ( 'NONE', *, *, #2396, .F. ) ;
#2429 = EDGE_CURVE ( 'NONE', #2547, #2223, #4083, .T. ) ;
#2430 = CARTESIAN_POINT ( 'NONE',  ( -71.04602967032586500, 10.48310668740400300, 30.50000000000000000 ) ) ;
#2431 = FACE_OUTER_BOUND ( 'NONE', #3590, .T. ) ;
#2432 = AXIS2_PLACEMENT_3D ( 'NONE', #1051, #4134, #4567 ) ;
#2433 = ORIENTED_EDGE ( 'NONE', *, *, #1409, .T. ) ;
#2434 = ORIENTED_EDGE ( 'NONE', *, *, #4300, .T. ) ;
#2435 = VECTOR ( 'NONE', #506, 1000.000000000000000 ) ;
#2436 = EDGE_CURVE ( 'NONE', #2153, #4038, #1881, .T. ) ;
#2437 = DIRECTION ( 'NONE',  ( 0.7071067811865474600, -0.7071067811865474600, 0.0000000000000000000 ) ) ;
#2438 = CARTESIAN_POINT ( 'NONE',  ( -71.04602967032585100, -30.37519891327388400, 57.99999999999999300 ) ) ;
#2439 = ORIENTED_EDGE ( 'NONE', *, *, #568, .F. ) ;
#2440 = ADVANCED_FACE ( 'NONE', ( #2207 ), #4479, .T. ) ;
#2441 = AXIS2_PLACEMENT_3D ( 'NONE', #2627, #2947, #849 ) ;
#2442 = DIRECTION ( 'NONE',  ( 1.000000000000000000, 3.569163070562645700E-016, -0.0000000000000000000 ) ) ;
#2443 = DIRECTION ( 'NONE',  ( 0.0000000000000000000, 0.0000000000000000000, -1.000000000000000000 ) ) ;
#2444 = ORIENTED_EDGE ( 'NONE', *, *, #519, .T. ) ;
#2445 = PRODUCT ( 'Top_Cover', 'Top_Cover', '', ( #4426 ) ) ;
#2446 = CARTESIAN_POINT ( 'NONE',  ( 60.16044702067367200, 66.57385022849004500, 60.20000000000000300 ) ) ;
#2447 = ORIENTED_EDGE ( 'NONE', *, *, #2724, .T. ) ;
#2448 = DIRECTION ( 'NONE',  ( -0.0000000000000000000, -0.0000000000000000000, 1.000000000000000000 ) ) ;
#2449 = ORIENTED_EDGE ( 'NONE', *, *, #3114, .T. ) ;
#2450 = EDGE_CURVE ( 'NONE', #4379, #4038, #3045, .T. ) ;
#2451 = EDGE_CURVE ( 'NONE', #3083, #4410, #3486, .T. ) ;
#2452 = DIRECTION ( 'NONE',  ( -0.0000000000000000000, -0.0000000000000000000, 1.000000000000000000 ) ) ;
#2453 = DIRECTION ( 'NONE',  ( 0.0000000000000000000, 0.0000000000000000000, -1.000000000000000000 ) ) ;
#2454 = DIRECTION ( 'NONE',  ( -0.0000000000000000000, -0.0000000000000000000, 1.000000000000000000 ) ) ;
#2455 = VECTOR ( 'NONE', #2452, 1000.000000000000000 ) ;
#2456 = DIRECTION ( 'NONE',  ( 0.0000000000000000000, 0.0000000000000000000, -1.000000000000000000 ) ) ;
#2457 = EDGE_CURVE ( 'NONE', #4350, #4033, #242, .T. ) ;
#2458 = ADVANCED_FACE ( 'NONE', ( #3984 ), #11, .F. ) ;
#2459 = DIRECTION ( 'NONE',  ( 1.000000000000000000, 0.0000000000000000000, 0.0000000000000000000 ) ) ;
#2460 = CIRCLE ( 'NONE', #3057, 1.000000000000000000 ) ;
#2461 = DIRECTION ( 'NONE',  ( 1.000000000000000000, 6.938893903907228400E-015, 0.0000000000000000000 ) ) ;
#2462 = EDGE_CURVE ( 'NONE', #2652, #3318, #1439, .T. ) ;
#2463 = VERTEX_POINT ( 'NONE', #1803 ) ;
#2464 = AXIS2_PLACEMENT_3D ( 'NONE', #2955, #3661, #1855 ) ;
#2465 = LINE ( 'NONE', #2611, #2017 ) ;
#2466 = EDGE_CURVE ( 'NONE', #2988, #1035, #853, .T. ) ;
#2467 = CIRCLE ( 'NONE', #1269, 2.049999999999999800 ) ;
#2468 = CARTESIAN_POINT ( 'NONE',  ( -12.78831869816760900, 28.76518282873598400, 57.49999999999999300 ) ) ;
#2469 = VECTOR ( 'NONE', #44, 1000.000000000000000 ) ;
#2470 = ORIENTED_EDGE ( 'NONE', *, *, #3663, .T. ) ;
#2471 = LINE ( 'NONE', #3622, #2747 ) ;
#2472 = EDGE_CURVE ( 'NONE', #79, #3212, #351, .T. ) ;
#2473 = DIRECTION ( 'NONE',  ( -0.0000000000000000000, -0.0000000000000000000, 1.000000000000000000 ) ) ;
#2474 = CARTESIAN_POINT ( 'NONE',  ( -4.736210323023544600, 4.736210323023544600, 58.49999999999999300 ) ) ;
#2475 = DIRECTION ( 'NONE',  ( 1.000000000000000000, -8.673617379884027600E-016, 0.0000000000000000000 ) ) ;
#2476 = DIRECTION ( 'NONE',  ( -1.000000000000000000, -3.569163070562645700E-016, 0.0000000000000000000 ) ) ;
#2477 = AXIS2_PLACEMENT_3D ( 'NONE', #3666, #4347, #2594 ) ;
#2478 = ORIENTED_EDGE ( 'NONE', *, *, #4496, .F. ) ;
#2479 = FACE_BOUND ( 'NONE', #4384, .T. ) ;
#2480 = CARTESIAN_POINT ( 'NONE',  ( 20.29880211197330600, -5.841465319699427300, 61.00000000000000000 ) ) ;
#2481 = ORIENTED_EDGE ( 'NONE', *, *, #2942, .F. ) ;
#2482 = ORIENTED_EDGE ( 'NONE', *, *, #4139, .F. ) ;
#2483 = VERTEX_POINT ( 'NONE', #802 ) ;
#2484 = LINE ( 'NONE', #4117, #2865 ) ;
#2485 = ADVANCED_FACE ( 'NONE', ( #4369 ), #3429, .F. ) ;
#2486 = VERTEX_POINT ( 'NONE', #2899 ) ;
#2487 = CARTESIAN_POINT ( 'NONE',  ( 60.16044702067370100, -27.81336911402445400, 58.55826961124564900 ) ) ;
#2488 = LINE ( 'NONE', #3529, #2426 ) ;
#2489 = DIRECTION ( 'NONE',  ( 4.641400604620220000E-016, -1.000000000000000000, 0.0000000000000000000 ) ) ;
#2490 = EDGE_CURVE ( 'NONE', #3759, #3340, #732, .T. ) ;
#2491 = ORIENTED_EDGE ( 'NONE', *, *, #731, .T. ) ;
#2492 = CARTESIAN_POINT ( 'NONE',  ( 15.75552775994166100, -1.062046862187636000, 58.49999999999999300 ) ) ;
#2493 = CARTESIAN_POINT ( 'NONE',  ( 4.312881914040462800, 12.72464238830773000, 61.00000000000000000 ) ) ;
#2494 = DIRECTION ( 'NONE',  ( 1.000000000000000000, 0.0000000000000000000, 0.0000000000000000000 ) ) ;
#2495 = CYLINDRICAL_SURFACE ( 'NONE', #1261, 1.000000000000000000 ) ;
#2496 = EDGE_CURVE ( 'NONE', #1070, #3722, #3546, .T. ) ;
#2497 = ORIENTED_EDGE ( 'NONE', *, *, #495, .F. ) ;
#2498 = EDGE_CURVE ( 'NONE', #4395, #273, #621, .T. ) ;
#2499 = AXIS2_PLACEMENT_3D ( 'NONE', #2161, #727, #4267 ) ;
#2500 = ORIENTED_EDGE ( 'NONE', *, *, #1770, .F. ) ;
#2501 = DIRECTION ( 'NONE',  ( -0.0000000000000000000, -0.0000000000000000000, -1.000000000000000000 ) ) ;
#2502 = DIRECTION ( 'NONE',  ( 0.0000000000000000000, -1.000000000000000000, 0.0000000000000000000 ) ) ;
#2503 = AXIS2_PLACEMENT_3D ( 'NONE', #2612, #3372, #4040 ) ;
#2504 = ORIENTED_EDGE ( 'NONE', *, *, #235, .F. ) ;
#2505 = ORIENTED_EDGE ( 'NONE', *, *, #4194, .F. ) ;
#2506 = DIRECTION ( 'NONE',  ( -1.000000000000000000, 6.938893903907228400E-015, 0.0000000000000000000 ) ) ;
#2507 = DIRECTION ( 'NONE',  ( 0.7071067811865474600, -0.7071067811865474600, 0.0000000000000000000 ) ) ;
#2508 = DIRECTION ( 'NONE',  ( 1.000000000000000000, 0.0000000000000000000, 0.0000000000000000000 ) ) ;
#2509 = ORIENTED_EDGE ( 'NONE', *, *, #1878, .F. ) ;
#2510 = ADVANCED_FACE ( 'NONE', ( #2374 ), #2605, .F. ) ;
#2511 = DIRECTION ( 'NONE',  ( -0.0000000000000000000, -0.0000000000000000000, 1.000000000000000000 ) ) ;
#2512 = CARTESIAN_POINT ( 'NONE',  ( 7.988432065284186500, 7.988432065284186500, 58.49999999999999300 ) ) ;
#2513 = ORIENTED_EDGE ( 'NONE', *, *, #4036, .F. ) ;
#2514 = ORIENTED_EDGE ( 'NONE', *, *, #1481, .F. ) ;
#2515 = DIRECTION ( 'NONE',  ( -0.0000000000000000000, -0.0000000000000000000, 1.000000000000000000 ) ) ;
#2516 = CARTESIAN_POINT ( 'NONE',  ( 12.93985053425779000, 20.29095083674523500, 61.00000000000000000 ) ) ;
#2517 = EDGE_CURVE ( 'NONE', #1924, #4470, #3209, .T. ) ;
#2518 = CIRCLE ( 'NONE', #1817, 17.91666666666666800 ) ;
#2519 = ORIENTED_EDGE ( 'NONE', *, *, #1367, .F. ) ;
#2520 = DIRECTION ( 'NONE',  ( 1.000000000000000000, 0.0000000000000000000, 0.0000000000000000000 ) ) ;
#2521 = DIRECTION ( 'NONE',  ( 0.7071067811865474600, -0.7071067811865474600, 0.0000000000000000000 ) ) ;
#2522 = CARTESIAN_POINT ( 'NONE',  ( 14.89621524737379600, 12.72464238830773000, 61.00000000000000000 ) ) ;
#2523 = DIRECTION ( 'NONE',  ( -1.000000000000000000, 0.0000000000000000000, 0.0000000000000000000 ) ) ;
#2524 = LINE ( 'NONE', #2959, #264 ) ;
#2525 = AXIS2_PLACEMENT_3D ( 'NONE', #198, #3371, #542 ) ;
#2526 = ORIENTED_EDGE ( 'NONE', *, *, #2971, .T. ) ;
#2527 = CARTESIAN_POINT ( 'NONE',  ( 4.312881914040462800, 12.72464238830773000, 57.49999999999999300 ) ) ;
#2528 = CARTESIAN_POINT ( 'NONE',  ( 17.10129384415525800, 26.57371449020234200, 58.49999999999999300 ) ) ;
#2529 = LINE ( 'NONE', #899, #2855 ) ;
#2530 = CYLINDRICAL_SURFACE ( 'NONE', #1945, 1.000000000000000900 ) ;
#2531 = ORIENTED_EDGE ( 'NONE', *, *, #3438, .T. ) ;
#2532 = EDGE_LOOP ( 'NONE', ( #2862, #1985, #1553, #1021 ) ) ;
#2533 = AXIS2_PLACEMENT_3D ( 'NONE', #3882, #318, #4211 ) ;
#2534 = EDGE_CURVE ( 'NONE', #2405, #659, #1648, .T. ) ;
#2535 = VECTOR ( 'NONE', #1642, 1000.000000000000000 ) ;
#2536 = VECTOR ( 'NONE', #1364, 1000.000000000000000 ) ;
#2537 = ADVANCED_FACE ( 'NONE', ( #726 ), #1069, .F. ) ;
#2538 = DIRECTION ( 'NONE',  ( -1.000000000000000000, 0.0000000000000000000, 0.0000000000000000000 ) ) ;
#2539 = ORIENTED_EDGE ( 'NONE', *, *, #2313, .F. ) ;
#2540 = ORIENTED_EDGE ( 'NONE', *, *, #2534, .F. ) ;
#2541 = PLANE ( 'NONE',  #580 ) ;
#2542 = ORIENTED_EDGE ( 'NONE', *, *, #1734, .T. ) ;
#2543 = DIRECTION ( 'NONE',  ( 1.000000000000000000, 0.0000000000000000000, 0.0000000000000000000 ) ) ;
#2544 = DIRECTION ( 'NONE',  ( -3.107616103446883400E-016, 1.000000000000000000, 0.0000000000000000000 ) ) ;
#2545 = CARTESIAN_POINT ( 'NONE',  ( -0.5671561276412144800, 20.38572411063546900, 58.49999999999999300 ) ) ;
#2546 = FACE_OUTER_BOUND ( 'NONE', #4420, .T. ) ;
#2547 = VERTEX_POINT ( 'NONE', #2267 ) ;
#2548 = ORIENTED_EDGE ( 'NONE', *, *, #3114, .F. ) ;
#2549 = ORIENTED_EDGE ( 'NONE', *, *, #661, .T. ) ;
#2550 = PLANE ( 'NONE',  #3207 ) ;
#2551 = FACE_OUTER_BOUND ( 'NONE', #588, .T. ) ;
#2552 = VERTEX_POINT ( 'NONE', #2989 ) ;
#2553 = EDGE_CURVE ( 'NONE', #3260, #2483, #3867, .T. ) ;
#2554 = DIRECTION ( 'NONE',  ( 0.7071067811865474600, 0.7071067811865474600, 0.0000000000000000000 ) ) ;
#2555 = LINE ( 'NONE', #1008, #3268 ) ;
#2556 = DIRECTION ( 'NONE',  ( 0.0000000000000000000, 1.000000000000000000, 0.0000000000000000000 ) ) ;
#2557 = CARTESIAN_POINT ( 'NONE',  ( 20.35342235446871600, -4.376558223900342000, 57.49999999999999300 ) ) ;
#2558 = ORIENTED_EDGE ( 'NONE', *, *, #4512, .F. ) ;
#2559 = VERTEX_POINT ( 'NONE', #532 ) ;
#2560 = VECTOR ( 'NONE', #3671, 1000.000000000000000 ) ;
#2561 = AXIS2_PLACEMENT_3D ( 'NONE', #1758, #2476, #365 ) ;
#2562 = DIRECTION ( 'NONE',  ( 0.0000000000000000000, 0.0000000000000000000, -1.000000000000000000 ) ) ;
#2563 = DIRECTION ( 'NONE',  ( -0.0000000000000000000, -0.0000000000000000000, 1.000000000000000000 ) ) ;
#2564 = ORIENTED_EDGE ( 'NONE', *, *, #3570, .T. ) ;
#2565 = DIRECTION ( 'NONE',  ( -0.0000000000000000000, -0.0000000000000000000, 1.000000000000000000 ) ) ;
#2566 = ADVANCED_FACE ( 'NONE', ( #1499 ), #1609, .F. ) ;
#2567 = DIRECTION ( 'NONE',  ( -0.7071067811865475700, -0.7071067811865475700, 0.0000000000000000000 ) ) ;
#2568 = DIRECTION ( 'NONE',  ( 0.7071067811865474600, -0.7071067811865474600, 0.0000000000000000000 ) ) ;
#2569 = CIRCLE ( 'NONE', #2380, 17.91666666666666800 ) ;
#2570 = AXIS2_PLACEMENT_3D ( 'NONE', #1315, #1708, #1998 ) ;
#2571 = ORIENTED_EDGE ( 'NONE', *, *, #4077, .T. ) ;
#2572 = DIRECTION ( 'NONE',  ( 1.000000000000000000, 0.0000000000000000000, 0.0000000000000000000 ) ) ;
#2573 = AXIS2_PLACEMENT_3D ( 'NONE', #3445, #3838, #3103 ) ;
#2574 = CARTESIAN_POINT ( 'NONE',  ( -0.7370110143306912700, 6.614089288156751700, 58.49999999999999300 ) ) ;
#2575 = LINE ( 'NONE', #2681, #1618 ) ;
#2576 = CARTESIAN_POINT ( 'NONE',  ( -15.68711808595947600, 32.72464238830784200, 57.99999999999999300 ) ) ;
#2577 = ORIENTED_EDGE ( 'NONE', *, *, #1928, .T. ) ;
#2578 = CIRCLE ( 'NONE', #1745, 1.000000000000000000 ) ;
#2579 = DIRECTION ( 'NONE',  ( -1.000000000000000000, 0.0000000000000000000, 0.0000000000000000000 ) ) ;
#2580 = CARTESIAN_POINT ( 'NONE',  ( 13.64695731544433100, 5.865440721056774700, 61.00000000000000000 ) ) ;
#2581 = EDGE_CURVE ( 'NONE', #2137, #4127, #3387, .T. ) ;
#2582 = ORIENTED_EDGE ( 'NONE', *, *, #1174, .F. ) ;
#2583 = CIRCLE ( 'NONE', #145, 2.049999999999999800 ) ;
#2584 = ORIENTED_EDGE ( 'NONE', *, *, #3058, .F. ) ;
#2585 = FACE_OUTER_BOUND ( 'NONE', #647, .T. ) ;
#2586 = LINE ( 'NONE', #2382, #2536 ) ;
#2587 =( NAMED_UNIT ( * ) SI_UNIT ( $, .STERADIAN. ) SOLID_ANGLE_UNIT ( ) );
#2588 = DIRECTION ( 'NONE',  ( -3.918760103844005300E-016, 1.000000000000000000, 0.0000000000000000000 ) ) ;
#2589 = ORIENTED_EDGE ( 'NONE', *, *, #4131, .T. ) ;
#2590 = CARTESIAN_POINT ( 'NONE',  ( -8.475530016074323200, -1.124429713586879900, 61.00000000000000000 ) ) ;
#2591 = ORIENTED_EDGE ( 'NONE', *, *, #362, .F. ) ;
#2592 = SURFACE_STYLE_FILL_AREA ( #2967 ) ;
#2593 = AXIS2_PLACEMENT_3D ( 'NONE', #1760, #2813, #2507 ) ;
#2594 = DIRECTION ( 'NONE',  ( -1.000000000000000000, 0.0000000000000000000, -0.0000000000000000000 ) ) ;
#2595 = ORIENTED_EDGE ( 'NONE', *, *, #1540, .T. ) ;
#2596 = ORIENTED_EDGE ( 'NONE', *, *, #4329, .F. ) ;
#2597 = ORIENTED_EDGE ( 'NONE', *, *, #1937, .F. ) ;
#2598 = DIRECTION ( 'NONE',  ( -0.0000000000000000000, 0.0000000000000000000, -1.000000000000000000 ) ) ;
#2599 = CIRCLE ( 'NONE', #526, 1.000000000000000000 ) ;
#2600 = CARTESIAN_POINT ( 'NONE',  ( 17.10129384415525400, -1.124429713586880400, 61.00000000000000000 ) ) ;
#2601 = ORIENTED_EDGE ( 'NONE', *, *, #1409, .F. ) ;
#2602 = CARTESIAN_POINT ( 'NONE',  ( 13.90621397421730200, 24.79284818263748500, 58.49999999999999300 ) ) ;
#2603 = DIRECTION ( 'NONE',  ( 1.000000000000000000, 0.0000000000000000000, 0.0000000000000000000 ) ) ;
#2604 = CARTESIAN_POINT ( 'NONE',  ( 2.096209632746546300, 11.56863027879363600, 57.49999999999999300 ) ) ;
#2605 = CYLINDRICAL_SURFACE ( 'NONE', #578, 1.000000000000000900 ) ;
#2606 = EDGE_LOOP ( 'NONE', ( #21, #865, #231, #892 ) ) ;
#2607 = DIRECTION ( 'NONE',  ( -1.000000000000000000, 1.040834085586083300E-014, 0.0000000000000000000 ) ) ;
#2608 = CARTESIAN_POINT ( 'NONE',  ( 22.12118930743508500, 28.05807604754943100, 57.49999999999999300 ) ) ;
#2609 = LINE ( 'NONE', #4370, #2435 ) ;
#2610 = EDGE_CURVE ( 'NONE', #1889, #4400, #1886, .T. ) ;
#2611 = CARTESIAN_POINT ( 'NONE',  ( 14.90621397421730200, 0.6564365939779777100, 57.49999999999999300 ) ) ;
#2612 = CARTESIAN_POINT ( 'NONE',  ( 24.31288191404052100, 32.72464238830784200, 61.00000000000000000 ) ) ;
#2613 = VERTEX_POINT ( 'NONE', #2951 ) ;
#2614 = DIRECTION ( 'NONE',  ( -0.0000000000000000000, -0.0000000000000000000, 1.000000000000000000 ) ) ;
#2615 = AXIS2_PLACEMENT_3D ( 'NONE', #2632, #1192, #1213 ) ;
#2616 = CARTESIAN_POINT ( 'NONE',  ( 8.655668061225071600, 5.906982506970207300, 57.49999999999999300 ) ) ;
#2617 = CARTESIAN_POINT ( 'NONE',  ( -2.546319753210488600, 3.390566986903858400, 58.49999999999999300 ) ) ;
#2618 = ORIENTED_EDGE ( 'NONE', *, *, #3729, .T. ) ;
#2619 = CYLINDRICAL_SURFACE ( 'NONE', #3041, 1.000000000000000900 ) ;
#2620 = DIRECTION ( 'NONE',  ( 0.7071067811865474600, -0.7071067811865474600, 0.0000000000000000000 ) ) ;
#2621 = EDGE_CURVE ( 'NONE', #1987, #484, #2609, .T. ) ;
#2622 = AXIS2_PLACEMENT_3D ( 'NONE', #2937, #1190, #124 ) ;
#2623 = EDGE_CURVE ( 'NONE', #2686, #1825, #1997, .T. ) ;
#2624 = ORIENTED_EDGE ( 'NONE', *, *, #2900, .F. ) ;
#2625 = CARTESIAN_POINT ( 'NONE',  ( 18.09957116453583100, 1.281996542406533400, 61.00000000000000000 ) ) ;
#2626 = CARTESIAN_POINT ( 'NONE',  ( 17.16389024638079900, 22.94024463617171600, 58.49999999999999300 ) ) ;
#2627 = CARTESIAN_POINT ( 'NONE',  ( 4.312881914040462800, 12.72464238830773000, 61.00000000000000000 ) ) ;
#2628 = ADVANCED_FACE ( 'NONE', ( #952 ), #2495, .F. ) ;
#2629 = EDGE_LOOP ( 'NONE', ( #1625, #3801, #4115, #3800 ) ) ;
#2630 = DIRECTION ( 'NONE',  ( -0.0000000000000000000, -0.0000000000000000000, 1.000000000000000000 ) ) ;
#2631 = CARTESIAN_POINT ( 'NONE',  ( 14.52848416190445000, -0.1263659440326036500, 58.49999999999999300 ) ) ;
#2632 = CARTESIAN_POINT ( 'NONE',  ( 4.312881914040462800, 12.72464238830773000, 61.00000000000000000 ) ) ;
#2633 = LINE ( 'NONE', #4342, #3450 ) ;
#2634 = VERTEX_POINT ( 'NONE', #1932 ) ;
#2635 = CARTESIAN_POINT ( 'NONE',  ( 4.312881914040462800, 12.72464238830773000, 58.49999999999999300 ) ) ;
#2636 = DIRECTION ( 'NONE',  ( 0.7071067811865474600, 0.7071067811865474600, 0.0000000000000000000 ) ) ;
#2637 = CYLINDRICAL_SURFACE ( 'NONE', #3908, 2.500000000000000400 ) ;
#2638 = VERTEX_POINT ( 'NONE', #191 ) ;
#2639 = CIRCLE ( 'NONE', #3463, 1.000000000000000000 ) ;
#2640 = CARTESIAN_POINT ( 'NONE',  ( -12.78831869816761300, 28.76518282873598400, 61.00000000000000000 ) ) ;
#2641 = DIRECTION ( 'NONE',  ( -1.000000000000000000, -3.469446951953614200E-015, 0.0000000000000000000 ) ) ;
#2642 = CARTESIAN_POINT ( 'NONE',  ( 10.57992228627694900, 4.196386446017864800, 58.49999999999999300 ) ) ;
#2643 = AXIS2_PLACEMENT_3D ( 'NONE', #3195, #1088, #421 ) ;
#2644 = ORIENTED_EDGE ( 'NONE', *, *, #661, .F. ) ;
#2645 = VECTOR ( 'NONE', #921, 1000.000000000000100 ) ;
#2646 = DIRECTION ( 'NONE',  ( -1.000000000000000000, -3.569163070562645700E-016, 0.0000000000000000000 ) ) ;
#2647 = DIRECTION ( 'NONE',  ( -0.0000000000000000000, -0.0000000000000000000, 1.000000000000000000 ) ) ;
#2648 = EDGE_CURVE ( 'NONE', #2613, #1864, #1171, .T. ) ;
#2649 = CARTESIAN_POINT ( 'NONE',  ( 13.90621397421730200, 0.6564365939779777100, 57.49999999999999300 ) ) ;
#2650 =( GEOMETRIC_REPRESENTATION_CONTEXT ( 3 ) GLOBAL_UNCERTAINTY_ASSIGNED_CONTEXT ( ( #592 ) ) GLOBAL_UNIT_ASSIGNED_CONTEXT ( ( #71, #3211, #2135 ) ) REPRESENTATION_CONTEXT ( 'NONE', 'WORKASPACE' ) );
#2651 = ORIENTED_EDGE ( 'NONE', *, *, #2061, .F. ) ;
#2652 = VERTEX_POINT ( 'NONE', #2278 ) ;
#2653 = DIRECTION ( 'NONE',  ( 1.000000000000000000, 0.0000000000000000000, 0.0000000000000000000 ) ) ;
#2654 = FACE_OUTER_BOUND ( 'NONE', #3369, .T. ) ;
#2655 = ADVANCED_FACE ( 'NONE', ( #4430 ), #905, .F. ) ;
#2656 = DIRECTION ( 'NONE',  ( 0.7071067811865475700, -0.7071067811865475700, 0.0000000000000000000 ) ) ;
#2657 = CYLINDRICAL_SURFACE ( 'NONE', #1965, 1.000000000000000000 ) ;
#2658 = ORIENTED_EDGE ( 'NONE', *, *, #1677, .T. ) ;
#2659 = ORIENTED_EDGE ( 'NONE', *, *, #2648, .F. ) ;
#2660 = AXIS2_PLACEMENT_3D ( 'NONE', #4246, #3477, #2829 ) ;
#2661 = LINE ( 'NONE', #2884, #3095 ) ;
#2662 = CARTESIAN_POINT ( 'NONE',  ( 24.31288191404052100, 32.72464238830784200, 61.00000000000000000 ) ) ;
#2663 = CARTESIAN_POINT ( 'NONE',  ( 13.90621397421730200, 24.79284818263748500, 61.00000000000000000 ) ) ;
#2664 = DIRECTION ( 'NONE',  ( -0.0000000000000000000, -0.0000000000000000000, 1.000000000000000000 ) ) ;
#2665 = ORIENTED_EDGE ( 'NONE', *, *, #258, .F. ) ;
#2666 = CARTESIAN_POINT ( 'NONE',  ( 3.156869804526365500, 14.94131466960164500, 61.00000000000000000 ) ) ;
#2667 = CYLINDRICAL_SURFACE ( 'NONE', #3060, 2.049999999999999800 ) ;
#2668 = DIRECTION ( 'NONE',  ( -0.0000000000000000000, -0.0000000000000000000, 1.000000000000000000 ) ) ;
#2669 = DIRECTION ( 'NONE',  ( 0.7071067811865474600, -0.7071067811865474600, 0.0000000000000000000 ) ) ;
#2670 = DIRECTION ( 'NONE',  ( -0.0000000000000000000, -0.0000000000000000000, 1.000000000000000000 ) ) ;
#2671 = ORIENTED_EDGE ( 'NONE', *, *, #3433, .F. ) ;
#2672 = CARTESIAN_POINT ( 'NONE',  ( 19.64631557328216600, 30.53294978170234900, 57.49999999999999300 ) ) ;
#2673 = EDGE_CURVE ( 'NONE', #3520, #1864, #3865, .T. ) ;
#2674 = EDGE_CURVE ( 'NONE', #1884, #2331, #4544, .T. ) ;
#2675 = VERTEX_POINT ( 'NONE', #673 ) ;
#2676 = CARTESIAN_POINT ( 'NONE',  ( 4.312881914040462800, 12.72464238830773000, 57.49999999999999300 ) ) ;
#2677 = DIRECTION ( 'NONE',  ( -0.0000000000000000000, -0.0000000000000000000, 1.000000000000000000 ) ) ;
#2678 = ORIENTED_EDGE ( 'NONE', *, *, #1475, .T. ) ;
#2679 = DIRECTION ( 'NONE',  ( -4.641400604620219000E-016, 1.000000000000000000, 0.0000000000000000000 ) ) ;
#2680 = AXIS2_PLACEMENT_3D ( 'NONE', #663, #4503, #3097 ) ;
#2681 = CARTESIAN_POINT ( 'NONE',  ( -3.675550151243721400, 3.675550151243721400, 58.49999999999999300 ) ) ;
#2682 = AXIS2_PLACEMENT_3D ( 'NONE', #3230, #3616, #2568 ) ;
#2683 = ORIENTED_EDGE ( 'NONE', *, *, #1423, .T. ) ;
#2684 = CIRCLE ( 'NONE', #256, 2.000000000000001800 ) ;
#2685 = CARTESIAN_POINT ( 'NONE',  ( 9.362774842411619500, 6.614089288156753500, 61.00000000000000000 ) ) ;
#2686 = VERTEX_POINT ( 'NONE', #1253 ) ;
#2687 = CYLINDRICAL_SURFACE ( 'NONE', #1080, 1.000000000000000900 ) ;
#2688 = ORIENTED_EDGE ( 'NONE', *, *, #41, .T. ) ;
#2689 = VECTOR ( 'NONE', #2883, 1000.000000000000000 ) ;
#2690 = CYLINDRICAL_SURFACE ( 'NONE', #2790, 1.000000000000000900 ) ;
#2691 = COLOUR_RGB ( '',0.7921568627450980000, 0.8196078431372548800, 0.9333333333333333500 ) ;
#2692 = VECTOR ( 'NONE', #4535, 1000.000000000000100 ) ;
#2693 = EDGE_CURVE ( 'NONE', #916, #1865, #3713, .T. ) ;
#2694 = ORIENTED_EDGE ( 'NONE', *, *, #612, .F. ) ;
#2695 = CYLINDRICAL_SURFACE ( 'NONE', #1808, 1.000000000000000900 ) ;
#2696 = FACE_OUTER_BOUND ( 'NONE', #1898, .T. ) ;
#2697 = ORIENTED_EDGE ( 'NONE', *, *, #755, .F. ) ;
#2698 = ORIENTED_EDGE ( 'NONE', *, *, #966, .F. ) ;
#2699 = CIRCLE ( 'NONE', #2154, 1.000000000000000900 ) ;
#2700 = CARTESIAN_POINT ( 'NONE',  ( -13.49542547935415500, 28.05807604754943400, 58.49999999999999300 ) ) ;
#2701 = AXIS2_PLACEMENT_3D ( 'NONE', #3829, #1721, #2777 ) ;
#2702 = FACE_BOUND ( 'NONE', #2339, .T. ) ;
#2703 = ORIENTED_EDGE ( 'NONE', *, *, #2621, .T. ) ;
#2704 = ORIENTED_EDGE ( 'NONE', *, *, #1958, .T. ) ;
#2705 = FACE_OUTER_BOUND ( 'NONE', #1214, .T. ) ;
#2706 = FACE_OUTER_BOUND ( 'NONE', #4431, .T. ) ;
#2707 = AXIS2_PLACEMENT_3D ( 'NONE', #569, #4089, #2995 ) ;
#2708 = EDGE_CURVE ( 'NONE', #3332, #781, #1006, .T. ) ;
#2709 = ORIENTED_EDGE ( 'NONE', *, *, #3008, .T. ) ;
#2710 = CARTESIAN_POINT ( 'NONE',  ( 9.049092237064005700, 9.049092237064005700, 58.49999999999999300 ) ) ;
#2711 = FACE_OUTER_BOUND ( 'NONE', #1162, .T. ) ;
#2712 = VERTEX_POINT ( 'NONE', #2033 ) ;
#2713 = AXIS2_PLACEMENT_3D ( 'NONE', #3440, #587, #3736 ) ;
#2714 = DIRECTION ( 'NONE',  ( 1.000000000000000000, 0.0000000000000000000, 0.0000000000000000000 ) ) ;
#2715 = ORIENTED_EDGE ( 'NONE', *, *, #2132, .T. ) ;
#2716 = CARTESIAN_POINT ( 'NONE',  ( 7.988432065284186500, 7.988432065284186500, 58.49999999999999300 ) ) ;
#2717 = ORIENTED_EDGE ( 'NONE', *, *, #2534, .T. ) ;
#2718 = DIRECTION ( 'NONE',  ( -0.0000000000000000000, -0.0000000000000000000, 1.000000000000000000 ) ) ;
#2719 = EDGE_LOOP ( 'NONE', ( #1086, #4026, #2449, #2715 ) ) ;
#2720 = AXIS2_PLACEMENT_3D ( 'NONE', #507, #1170, #4336 ) ;
#2721 = CARTESIAN_POINT ( 'NONE',  ( 14.61332075540385100, 24.08574140145094200, 58.49999999999999300 ) ) ;
#2722 = ORIENTED_EDGE ( 'NONE', *, *, #2224, .T. ) ;
#2723 = DIRECTION ( 'NONE',  ( -1.000000000000000000, 0.0000000000000000000, 0.0000000000000000000 ) ) ;
#2724 = EDGE_CURVE ( 'NONE', #1542, #29, #3607, .T. ) ;
#2725 = FILL_AREA_STYLE ('',( #948 ) ) ;
#2726 = AXIS2_PLACEMENT_3D ( 'NONE', #1612, #2305, #1235 ) ;
#2727 = DIRECTION ( 'NONE',  ( 0.7071067811865474600, 0.7071067811865474600, 0.0000000000000000000 ) ) ;
#2728 = CARTESIAN_POINT ( 'NONE',  ( 7.988432065284186500, 7.988432065284186500, 61.00000000000000000 ) ) ;
#2729 = EDGE_CURVE ( 'NONE', #781, #4432, #190, .T. ) ;
#2730 = DIRECTION ( 'NONE',  ( -2.612506735896004000E-016, 1.000000000000000000, 0.0000000000000000000 ) ) ;
#2731 = CARTESIAN_POINT ( 'NONE',  ( -3.675550151243721400, 3.675550151243721400, 61.00000000000000000 ) ) ;
#2732 = CARTESIAN_POINT ( 'NONE',  ( 4.312881914040462800, 12.72464238830773000, 61.00000000000000000 ) ) ;
#2733 = AXIS2_PLACEMENT_3D ( 'NONE', #2345, #3136, #4202 ) ;
#2734 = VECTOR ( 'NONE', #645, 1000.000000000000000 ) ;
#2735 = ORIENTED_EDGE ( 'NONE', *, *, #3107, .F. ) ;
#2736 = CIRCLE ( 'NONE', #2074, 1.000000000000000900 ) ;
#2737 = DIRECTION ( 'NONE',  ( -0.0000000000000000000, 0.0000000000000000000, -1.000000000000000000 ) ) ;
#2738 = DIRECTION ( 'NONE',  ( 4.222223050327063400E-016, -1.000000000000000000, -0.0000000000000000000 ) ) ;
#2739 = ORIENTED_EDGE ( 'NONE', *, *, #651, .F. ) ;
#2740 = VERTEX_POINT ( 'NONE', #3724 ) ;
#2741 =( NAMED_UNIT ( * ) SI_UNIT ( $, .STERADIAN. ) SOLID_ANGLE_UNIT ( ) );
#2742 = FACE_OUTER_BOUND ( 'NONE', #3806, .T. ) ;
#2743 = FACE_OUTER_BOUND ( 'NONE', #2606, .T. ) ;
#2744 = VERTEX_POINT ( 'NONE', #1684 ) ;
#2745 = DIRECTION ( 'NONE',  ( -0.0000000000000000000, -0.0000000000000000000, 1.000000000000000000 ) ) ;
#2746 = LINE ( 'NONE', #202, #2645 ) ;
#2747 = VECTOR ( 'NONE', #2186, 1000.000000000000000 ) ;
#2748 = CARTESIAN_POINT ( 'NONE',  ( 20.35342235446871600, 29.82584300051580700, 61.00000000000000000 ) ) ;
#2749 = EDGE_CURVE ( 'NONE', #800, #504, #3484, .T. ) ;
#2750 = DIRECTION ( 'NONE',  ( -1.000000000000000000, 3.469446951953614200E-015, 0.0000000000000000000 ) ) ;
#2751 = ORIENTED_EDGE ( 'NONE', *, *, #2900, .T. ) ;
#2752 = VERTEX_POINT ( 'NONE', #2060 ) ;
#2753 = VECTOR ( 'NONE', #657, 1000.000000000000000 ) ;
#2754 = EDGE_CURVE ( 'NONE', #3465, #2289, #2555, .T. ) ;
#2755 = FACE_OUTER_BOUND ( 'NONE', #3902, .T. ) ;
#2756 = CARTESIAN_POINT ( 'NONE',  ( -4.314086706176859700, 5.158333939870229500, 58.49999999999999300 ) ) ;
#2757 = CARTESIAN_POINT ( 'NONE',  ( -9.536190187854147700, 25.51305431842251900, 61.00000000000000000 ) ) ;
#2758 = AXIS2_PLACEMENT_3D ( 'NONE', #110, #2889, #2523 ) ;
#2759 = ORIENTED_EDGE ( 'NONE', *, *, #1632, .F. ) ;
#2760 = ORIENTED_EDGE ( 'NONE', *, *, #1491, .F. ) ;
#2761 = EDGE_LOOP ( 'NONE', ( #618, #2376, #4197, #3705, #2144, #3474, #424, #1382, #1703, #1352 ) ) ;
#2762 = CIRCLE ( 'NONE', #3920, 2.049999999999999800 ) ;
#2763 = CARTESIAN_POINT ( 'NONE',  ( 26.36288191404052100, 32.72464238830784200, 61.00000000000000000 ) ) ;
#2764 = EDGE_LOOP ( 'NONE', ( #3826, #3851, #2982, #3253 ) ) ;
#2765 = ADVANCED_FACE ( 'NONE', ( #1605 ), #2043, .F. ) ;
#2766 = ORIENTED_EDGE ( 'NONE', *, *, #3236, .T. ) ;
#2767 = AXIS2_PLACEMENT_3D ( 'NONE', #4579, #2473, #1044 ) ;
#2768 = EDGE_CURVE ( 'NONE', #951, #845, #1494, .T. ) ;
#2769 = VECTOR ( 'NONE', #4255, 1000.000000000000000 ) ;
#2770 = DIRECTION ( 'NONE',  ( -0.0000000000000000000, -0.0000000000000000000, 1.000000000000000000 ) ) ;
#2772 = CARTESIAN_POINT ( 'NONE',  ( 22.26288191404052700, -7.275357611692262700, 61.00000000000000000 ) ) ;
#2771 = CARTESIAN_POINT ( 'NONE',  ( 10.57992228627694900, 4.196386446017864800, 61.00000000000000000 ) ) ;
#2773 = ORIENTED_EDGE ( 'NONE', *, *, #4362, .T. ) ;
#2774 = ORIENTED_EDGE ( 'NONE', *, *, #3763, .T. ) ;
#2775 = EDGE_CURVE ( 'NONE', #102, #4388, #1062, .T. ) ;
#2776 = VERTEX_POINT ( 'NONE', #2418 ) ;
#2777 = DIRECTION ( 'NONE',  ( 1.000000000000000000, 0.0000000000000000000, 0.0000000000000000000 ) ) ;
#2778 = VERTEX_POINT ( 'NONE', #4528 ) ;
#2779 = AXIS2_PLACEMENT_3D ( 'NONE', #749, #3215, #1805 ) ;
#2780 = DIRECTION ( 'NONE',  ( -0.0000000000000000000, -0.0000000000000000000, 1.000000000000000000 ) ) ;
#2781 = EDGE_CURVE ( 'NONE', #29, #4065, #347, .T. ) ;
#2782 = LINE ( 'NONE', #2710, #3117 ) ;
#2783 = CARTESIAN_POINT ( 'NONE',  ( -71.04602967032585100, -30.37519891327388400, 57.99999999999999300 ) ) ;
#2784 = VECTOR ( 'NONE', #511, 1000.000000000000100 ) ;
#2785 = DIRECTION ( 'NONE',  ( -0.0000000000000000000, -0.0000000000000000000, 1.000000000000000000 ) ) ;
#2786 = EDGE_LOOP ( 'NONE', ( #1239, #3277, #563, #3873 ) ) ;
#2787 = CARTESIAN_POINT ( 'NONE',  ( 22.12118930743507800, -2.608791270933974000, 57.49999999999999300 ) ) ;
#2788 = CARTESIAN_POINT ( 'NONE',  ( 3.156869804526369400, 10.50797010701381300, 57.49999999999999300 ) ) ;
#2789 = CARTESIAN_POINT ( 'NONE',  ( -7.768423234887774400, -1.831536494773426900, 61.00000000000000000 ) ) ;
#2790 = AXIS2_PLACEMENT_3D ( 'NONE', #3857, #4274, #335 ) ;
#2791 = PRESENTATION_STYLE_ASSIGNMENT (( #1749 ) ) ;
#2792 = CYLINDRICAL_SURFACE ( 'NONE', #1127, 9.083333333333332100 ) ;
#2793 = LINE ( 'NONE', #807, #1628 ) ;
#2794 = EDGE_LOOP ( 'NONE', ( #1340, #3617, #2269, #935 ) ) ;
#2795 = CARTESIAN_POINT ( 'NONE',  ( -1.797671186110514400, 7.674749459936574400, 61.00000000000000000 ) ) ;
#2796 = CARTESIAN_POINT ( 'NONE',  ( 4.312881914040462800, 12.72464238830773000, 57.49999999999999300 ) ) ;
#2797 = VECTOR ( 'NONE', #1961, 1000.000000000000000 ) ;
#2798 = DIRECTION ( 'NONE',  ( 1.000000000000000000, 0.0000000000000000000, 0.0000000000000000000 ) ) ;
#2799 = VECTOR ( 'NONE', #4186, 1000.000000000000000 ) ;
#2800 = ORIENTED_EDGE ( 'NONE', *, *, #2997, .T. ) ;
#2801 = ORIENTED_EDGE ( 'NONE', *, *, #4, .T. ) ;
#2802 = LINE ( 'NONE', #23, #1095 ) ;
#2803 = ADVANCED_FACE ( 'NONE', ( #3383 ), #3813, .T. ) ;
#2804 = DIRECTION ( 'NONE',  ( -3.126598750329292000E-015, 1.000000000000000000, 0.0000000000000000000 ) ) ;
#2805 = CIRCLE ( 'NONE', #3138, 1.000000000000000000 ) ;
#2806 = ORIENTED_EDGE ( 'NONE', *, *, #393, .T. ) ;
#2807 = ORIENTED_EDGE ( 'NONE', *, *, #2286, .F. ) ;
#2808 = ORIENTED_EDGE ( 'NONE', *, *, #985, .F. ) ;
#2809 = EDGE_CURVE ( 'NONE', #4169, #3425, #1991, .T. ) ;
#2810 = DIRECTION ( 'NONE',  ( -1.000000000000000000, 0.0000000000000000000, 0.0000000000000000000 ) ) ;
#2811 = DIRECTION ( 'NONE',  ( -0.0000000000000000000, 0.0000000000000000000, -1.000000000000000000 ) ) ;
#2812 = DIRECTION ( 'NONE',  ( -0.0000000000000000000, -0.0000000000000000000, 1.000000000000000000 ) ) ;
#2813 = DIRECTION ( 'NONE',  ( -0.7071067811865475700, -0.7071067811865475700, 0.0000000000000000000 ) ) ;
#2814 = DIRECTION ( 'NONE',  ( -0.0000000000000000000, 0.0000000000000000000, 1.000000000000000000 ) ) ;
#2815 = CYLINDRICAL_SURFACE ( 'NONE', #4551, 1.000000000000000000 ) ;
#2816 = ORIENTED_EDGE ( 'NONE', *, *, #4381, .F. ) ;
#2817 = ORIENTED_EDGE ( 'NONE', *, *, #1120, .T. ) ;
#2818 = CARTESIAN_POINT ( 'NONE',  ( -71.04602967032589300, 67.23011617120124600, 59.00000000000000000 ) ) ;
#2819 = CYLINDRICAL_SURFACE ( 'NONE', #939, 1.000000000000000900 ) ;
#2820 = AXIS2_PLACEMENT_3D ( 'NONE', #417, #1473, #2579 ) ;
#2821 = VERTEX_POINT ( 'NONE', #3145 ) ;
#2822 = EDGE_CURVE ( 'NONE', #1925, #1118, #1121, .T. ) ;
#2823 = DIRECTION ( 'NONE',  ( -0.0000000000000000000, -0.0000000000000000000, 1.000000000000000000 ) ) ;
#2824 = CARTESIAN_POINT ( 'NONE',  ( 22.22954858070713200, 12.72464238830773000, 61.00000000000000000 ) ) ;
#2825 = ORIENTED_EDGE ( 'NONE', *, *, #4227, .T. ) ;
#2826 = AXIS2_PLACEMENT_3D ( 'NONE', #2293, #2401, #910 ) ;
#2827 = CARTESIAN_POINT ( 'NONE',  ( -71.04602967032589300, 68.23011617120124600, 59.00000000000000000 ) ) ;
#2828 = CARTESIAN_POINT ( 'NONE',  ( 7.988432065284186500, 7.988432065284186500, 57.49999999999999300 ) ) ;
#2829 = DIRECTION ( 'NONE',  ( 0.0000000000000000000, -1.000000000000000000, 0.0000000000000000000 ) ) ;
#2830 = CARTESIAN_POINT ( 'NONE',  ( -4.021193487363406800, 5.865440721056776500, 57.49999999999999300 ) ) ;
#2831 = ORIENTED_EDGE ( 'NONE', *, *, #4415, .T. ) ;
#2832 = CARTESIAN_POINT ( 'NONE',  ( 4.312881914040462800, 12.72464238830773000, 57.49999999999999300 ) ) ;
#2833 = ADVANCED_FACE ( 'NONE', ( #2711 ), #2667, .F. ) ;
#2834 = ADVANCED_FACE ( 'NONE', ( #3047 ), #1705, .F. ) ;
#2835 = EDGE_LOOP ( 'NONE', ( #3884, #954, #1620, #409, #2618, #2688, #783, #344, #1923 ) ) ;
#2836 = ORIENTED_EDGE ( 'NONE', *, *, #3089, .F. ) ;
#2837 =( NAMED_UNIT ( * ) PLANE_ANGLE_UNIT ( ) SI_UNIT ( $, .RADIAN. ) );
#2838 = DIRECTION ( 'NONE',  ( -0.0000000000000000000, -0.0000000000000000000, -1.000000000000000000 ) ) ;
#2839 = EDGE_CURVE ( 'NONE', #314, #2405, #4037, .T. ) ;
#2840 = DIRECTION ( 'NONE',  ( -0.0000000000000000000, -0.0000000000000000000, 1.000000000000000000 ) ) ;
#2841 = DIRECTION ( 'NONE',  ( -1.000000000000000000, 0.0000000000000000000, 0.0000000000000000000 ) ) ;
#2842 = DIRECTION ( 'NONE',  ( 1.000000000000000000, 0.0000000000000000000, 0.0000000000000000000 ) ) ;
#2843 = CARTESIAN_POINT ( 'NONE',  ( -1.797671186110518300, 17.77453531667889300, 58.49999999999999300 ) ) ;
#2844 = VECTOR ( 'NONE', #98, 1000.000000000000000 ) ;
#2845 = CARTESIAN_POINT ( 'NONE',  ( 8.655668061225071600, 5.906982506970207300, 57.49999999999999300 ) ) ;
#2846 = VERTEX_POINT ( 'NONE', #2852 ) ;
#2847 = EDGE_CURVE ( 'NONE', #4587, #3457, #1827, .T. ) ;
#2848 = AXIS2_PLACEMENT_3D ( 'NONE', #518, #2646, #3002 ) ;
#2849 = CIRCLE ( 'NONE', #3536, 1.000000000000000900 ) ;
#2850 = EDGE_CURVE ( 'NONE', #3493, #2137, #449, .T. ) ;
#2851 = ADVANCED_FACE ( 'NONE', ( #2431 ), #2819, .F. ) ;
#2852 = CARTESIAN_POINT ( 'NONE',  ( -14.25322579396669600, -3.261277809625113400, 61.00000000000000000 ) ) ;
#2853 = ORIENTED_EDGE ( 'NONE', *, *, #1395, .F. ) ;
#2854 = EDGE_CURVE ( 'NONE', #1596, #232, #1942, .T. ) ;
#2855 = VECTOR ( 'NONE', #3657, 1000.000000000000000 ) ;
#2856 = ORIENTED_EDGE ( 'NONE', *, *, #3401, .F. ) ;
#2857 = CARTESIAN_POINT ( 'NONE',  ( 22.12118930743508500, 28.05807604754943100, 58.49999999999999300 ) ) ;
#2858 = CIRCLE ( 'NONE', #2308, 1.000000000000000900 ) ;
#2859 = CARTESIAN_POINT ( 'NONE',  ( 9.362774842411619500, 18.83519548845870500, 58.49999999999999300 ) ) ;
#2860 = CYLINDRICAL_SURFACE ( 'NONE', #548, 9.083333333333332100 ) ;
#2861 = DIRECTION ( 'NONE',  ( 0.7071067811865474600, 0.7071067811865474600, 0.0000000000000000000 ) ) ;
#2862 = ORIENTED_EDGE ( 'NONE', *, *, #687, .F. ) ;
#2863 = ORIENTED_EDGE ( 'NONE', *, *, #313, .F. ) ;
#2864 = ORIENTED_EDGE ( 'NONE', *, *, #2132, .F. ) ;
#2865 = VECTOR ( 'NONE', #2361, 1000.000000000000000 ) ;
#2866 = ORIENTED_EDGE ( 'NONE', *, *, #2496, .F. ) ;
#2867 = ORIENTED_EDGE ( 'NONE', *, *, #2119, .T. ) ;
#2868 = ORIENTED_EDGE ( 'NONE', *, *, #1869, .T. ) ;
#2869 = VECTOR ( 'NONE', #1583, 1000.000000000000000 ) ;
#2870 = EDGE_CURVE ( 'NONE', #1635, #1444, #792, .T. ) ;
#2871 = ORIENTED_EDGE ( 'NONE', *, *, #4502, .F. ) ;
#2872 = ORIENTED_EDGE ( 'NONE', *, *, #3906, .T. ) ;
#2873 = CARTESIAN_POINT ( 'NONE',  ( -8.538126418299873100, 2.509040140443743900, 57.49999999999999300 ) ) ;
#2874 = DIRECTION ( 'NONE',  ( -0.0000000000000000000, -0.0000000000000000000, 1.000000000000000000 ) ) ;
#2875 = LINE ( 'NONE', #2081, #3653 ) ;
#2876 = ADVANCED_FACE ( 'NONE', ( #2266 ), #2077, .T. ) ;
#2877 = CARTESIAN_POINT ( 'NONE',  ( 17.10129384415525100, 26.57371449020234200, 57.49999999999999300 ) ) ;
#2878 = EDGE_CURVE ( 'NONE', #1616, #3005, #2094, .T. ) ;
#2879 = ORIENTED_EDGE ( 'NONE', *, *, #1679, .T. ) ;
#2880 = DIRECTION ( 'NONE',  ( -0.0000000000000000000, -0.0000000000000000000, 1.000000000000000000 ) ) ;
#2881 = CARTESIAN_POINT ( 'NONE',  ( -5.280450146136377800, 24.79284818263748100, 61.00000000000000000 ) ) ;
#2882 = AXIS2_PLACEMENT_3D ( 'NONE', #2662, #3385, #3690 ) ;
#2883 = DIRECTION ( 'NONE',  ( -1.000000000000000000, -3.569163070562645700E-016, -0.0000000000000000000 ) ) ;
#2884 = CARTESIAN_POINT ( 'NONE',  ( -9.473807336454905600, 24.16728823420893200, 57.49999999999999300 ) ) ;
#2885 = AXIS2_PLACEMENT_3D ( 'NONE', #1413, #3896, #2506 ) ;
#2886 = ORIENTED_EDGE ( 'NONE', *, *, #1454, .T. ) ;
#2887 = CIRCLE ( 'NONE', #2084, 1.000000000000000900 ) ;
#2888 = DIRECTION ( 'NONE',  ( 1.000000000000000000, 0.0000000000000000000, 0.0000000000000000000 ) ) ;
#2889 = DIRECTION ( 'NONE',  ( 0.0000000000000000000, 0.0000000000000000000, -1.000000000000000000 ) ) ;
#2890 = EDGE_LOOP ( 'NONE', ( #3739, #1639, #1895, #1678 ) ) ;
#2891 = CARTESIAN_POINT ( 'NONE',  ( 26.36288191404052500, -7.275357611692262700, 57.99999999999999300 ) ) ;
#2892 = DIRECTION ( 'NONE',  ( -0.0000000000000000000, 0.0000000000000000000, -1.000000000000000000 ) ) ;
#2893 = CARTESIAN_POINT ( 'NONE',  ( 12.84113785633032900, 6.457602016071243500, 58.49999999999999300 ) ) ;
#2894 = ADVANCED_FACE ( 'NONE', ( #949 ), #5, .T. ) ;
#2895 = DIRECTION ( 'NONE',  ( 0.7071067811865475700, -0.7071067811865475700, 0.0000000000000000000 ) ) ;
#2896 = EDGE_CURVE ( 'NONE', #913, #2846, #70, .T. ) ;
#2897 = CIRCLE ( 'NONE', #2707, 2.049999999999999800 ) ;
#2898 = VERTEX_POINT ( 'NONE', #1730 ) ;
#2899 = CARTESIAN_POINT ( 'NONE',  ( -4.021193487363406800, 5.865440721056776500, 61.00000000000000000 ) ) ;
#2900 = EDGE_CURVE ( 'NONE', #2067, #3368, #239, .T. ) ;
#2901 = CARTESIAN_POINT ( 'NONE',  ( -13.63711808595947500, -7.275357611692262700, 57.99999999999999300 ) ) ;
#2902 = LINE ( 'NONE', #3315, #3735 ) ;
#2903 = FACE_OUTER_BOUND ( 'NONE', #1591, .T. ) ;
#2904 = AXIS2_PLACEMENT_3D ( 'NONE', #1552, #1897, #1947 ) ;
#2905 = DIRECTION ( 'NONE',  ( 1.000000000000000000, 3.469446951953611000E-015, 0.0000000000000000000 ) ) ;
#2906 = ORIENTED_EDGE ( 'NONE', *, *, #2457, .T. ) ;
#2907 = CARTESIAN_POINT ( 'NONE',  ( 60.16044702067366500, 68.23011617120128800, 59.00000000000000000 ) ) ;
#2908 = CYLINDRICAL_SURFACE ( 'NONE', #45, 1.000000000000000000 ) ;
#2909 = VECTOR ( 'NONE', #4258, 1000.000000000000100 ) ;
#2910 = VECTOR ( 'NONE', #405, 1000.000000000000000 ) ;
#2911 = LINE ( 'NONE', #4327, #1469 ) ;
#2912 = ORIENTED_EDGE ( 'NONE', *, *, #1832, .T. ) ;
#2913 = AXIS2_PLACEMENT_3D ( 'NONE', #3011, #1974, #4080 ) ;
#2914 = LINE ( 'NONE', #4156, #3848 ) ;
#2915 = CYLINDRICAL_SURFACE ( 'NONE', #2123, 2.049999999999999800 ) ;
#2916 = DIRECTION ( 'NONE',  ( -0.0000000000000000000, -0.0000000000000000000, 1.000000000000000000 ) ) ;
#2917 = DIRECTION ( 'NONE',  ( 0.7071067811865474600, -0.7071067811865474600, 0.0000000000000000000 ) ) ;
#2918 = VERTEX_POINT ( 'NONE', #2824 ) ;
#2919 = CYLINDRICAL_SURFACE ( 'NONE', #516, 1.000000000000000900 ) ;
#2920 = DIRECTION ( 'NONE',  ( -0.0000000000000000000, -0.0000000000000000000, 1.000000000000000000 ) ) ;
#2921 = VERTEX_POINT ( 'NONE', #4209 ) ;
#2922 = ORIENTED_EDGE ( 'NONE', *, *, #788, .F. ) ;
#2923 = CARTESIAN_POINT ( 'NONE',  ( 12.93985053425779000, 20.29095083674523500, 58.49999999999999300 ) ) ;
#2924 = ORIENTED_EDGE ( 'NONE', *, *, #4446, .T. ) ;
#2925 = DIRECTION ( 'NONE',  ( 1.000000000000000000, 3.569163070562645700E-016, 0.0000000000000000000 ) ) ;
#2926 = DIRECTION ( 'NONE',  ( 0.7071067811865474600, -0.7071067811865474600, 0.0000000000000000000 ) ) ;
#2927 = CIRCLE ( 'NONE', #3395, 1.000000000000000900 ) ;
#2928 = EDGE_LOOP ( 'NONE', ( #1249, #4132, #1477, #240, #1707, #3266, #2990, #1606, #3918, #213, #2259, #1460, #462, #4187, #3067, #2129, #1441, #3374, #285, #2470, #764, #2949, #4419, #271, #1270, #4554, #3091, #1580, #915, #183, #678, #3527, #2659, #1911, #3375, #999, #1693 ) ) ;
#2929 = VERTEX_POINT ( 'NONE', #1845 ) ;
#2930 = EDGE_CURVE ( 'NONE', #3177, #329, #1385, .T. ) ;
#2931 = VECTOR ( 'NONE', #4193, 1000.000000000000000 ) ;
#2932 = CARTESIAN_POINT ( 'NONE',  ( -7.048217099102747500, 23.02508122967112000, 61.00000000000000000 ) ) ;
#2933 = DIRECTION ( 'NONE',  ( -0.0000000000000000000, -0.0000000000000000000, -1.000000000000000000 ) ) ;
#2934 = ORIENTED_EDGE ( 'NONE', *, *, #2930, .T. ) ;
#2935 = DIRECTION ( 'NONE',  ( -0.0000000000000000000, -0.0000000000000000000, -1.000000000000000000 ) ) ;
#2936 = AXIS2_PLACEMENT_3D ( 'NONE', #92, #437, #2841 ) ;
#2937 = CARTESIAN_POINT ( 'NONE',  ( 4.312881914040462800, 12.72464238830773000, 61.00000000000000000 ) ) ;
#2938 = CARTESIAN_POINT ( 'NONE',  ( 14.90621397421730200, 24.79284818263748500, 61.00000000000000000 ) ) ;
#2939 = FILL_AREA_STYLE ('',( #3927 ) ) ;
#2940 = DIRECTION ( 'NONE',  ( -0.0000000000000000000, -0.0000000000000000000, 1.000000000000000000 ) ) ;
#2941 = VERTEX_POINT ( 'NONE', #1510 ) ;
#2942 = EDGE_CURVE ( 'NONE', #2712, #1222, #3147, .T. ) ;
#2943 = VERTEX_POINT ( 'NONE', #799 ) ;
#2944 = PLANE ( 'NONE',  #914 ) ;
#2945 = CARTESIAN_POINT ( 'NONE',  ( 14.52848416190445000, -0.1263659440326036500, 61.00000000000000000 ) ) ;
#2946 = CARTESIAN_POINT ( 'NONE',  ( 10.57992228627694900, 4.196386446017863000, 57.49999999999999300 ) ) ;
#2947 = DIRECTION ( 'NONE',  ( -0.0000000000000000000, 0.0000000000000000000, 1.000000000000000000 ) ) ;
#2948 = AXIS2_PLACEMENT_3D ( 'NONE', #177, #3345, #817 ) ;
#2949 = ORIENTED_EDGE ( 'NONE', *, *, #4077, .F. ) ;
#2950 = DIRECTION ( 'NONE',  ( -1.000000000000000000, -3.469446951953613400E-015, 0.0000000000000000000 ) ) ;
#2951 = CARTESIAN_POINT ( 'NONE',  ( -9.473807336454903800, 24.16728823420892900, 58.49999999999999300 ) ) ;
#2952 = CARTESIAN_POINT ( 'NONE',  ( 22.22954858070713200, 12.72464238830773000, 58.49999999999999300 ) ) ;
#2953 = CARTESIAN_POINT ( 'NONE',  ( 11.97396363636819700, 7.844604346626054400, 58.49999999999999300 ) ) ;
#2954 = DIRECTION ( 'NONE',  ( -0.0000000000000000000, -0.0000000000000000000, 1.000000000000000000 ) ) ;
#2955 = CARTESIAN_POINT ( 'NONE',  ( -11.02055174520123700, -5.083665005086890800, 58.49999999999999300 ) ) ;
#2956 = ORIENTED_EDGE ( 'NONE', *, *, #676, .T. ) ;
#2957 = EDGE_LOOP ( 'NONE', ( #3863, #4288 ) ) ;
#2958 = CIRCLE ( 'NONE', #3422, 2.500000000000000400 ) ;
#2959 = CARTESIAN_POINT ( 'NONE',  ( 60.16044702067370800, -30.37519891327383800, 61.00000000000000000 ) ) ;
#2960 = DIRECTION ( 'NONE',  ( 0.7071067811865474600, -0.7071067811865474600, 0.0000000000000000000 ) ) ;
#2961 = CARTESIAN_POINT ( 'NONE',  ( 2.096209632746546700, 13.88065449782182600, 58.49999999999999300 ) ) ;
#2962 = AXIS2_PLACEMENT_3D ( 'NONE', #2230, #2920, #2603 ) ;
#2963 = VERTEX_POINT ( 'NONE', #3610 ) ;
#2964 = LINE ( 'NONE', #1203, #1737 ) ;
#2965 = CARTESIAN_POINT ( 'NONE',  ( 10.42343501419144000, 7.674749459936570900, 61.00000000000000000 ) ) ;
#2966 = CARTESIAN_POINT ( 'NONE',  ( -2.504777967297061800, 8.381856241123122300, 57.49999999999999300 ) ) ;
#2967 = FILL_AREA_STYLE ('',( #2268 ) ) ;
#2968 = EDGE_CURVE ( 'NONE', #324, #2559, #3977, .T. ) ;
#2969 = VERTEX_POINT ( 'NONE', #2516 ) ;
#2970 = CARTESIAN_POINT ( 'NONE',  ( -1.954158458196019400, 4.196386446017861300, 57.49999999999999300 ) ) ;
#2971 = EDGE_CURVE ( 'NONE', #671, #3530, #4084, .T. ) ;
#2972 = EDGE_CURVE ( 'NONE', #3260, #3292, #2150, .T. ) ;
#2973 = AXIS2_PLACEMENT_3D ( 'NONE', #3511, #325, #3498 ) ;
#2974 = CARTESIAN_POINT ( 'NONE',  ( 19.64631557328216600, -5.083665005086887200, 58.49999999999999300 ) ) ;
#2975 = VERTEX_POINT ( 'NONE', #2201 ) ;
#2976 = CARTESIAN_POINT ( 'NONE',  ( -3.675550151243721400, 3.675550151243721400, 57.49999999999999300 ) ) ;
#2977 = ORIENTED_EDGE ( 'NONE', *, *, #1475, .F. ) ;
#2978 = LINE ( 'NONE', #721, #1262 ) ;
#2979 = VECTOR ( 'NONE', #4433, 1000.000000000000000 ) ;
#2980 = AXIS2_PLACEMENT_3D ( 'NONE', #1504, #3904, #3203 ) ;
#2981 = ORIENTED_EDGE ( 'NONE', *, *, #224, .T. ) ;
#2982 = ORIENTED_EDGE ( 'NONE', *, *, #4548, .F. ) ;
#2983 = DIRECTION ( 'NONE',  ( 0.7071067811865474600, 0.7071067811865474600, 0.0000000000000000000 ) ) ;
#2984 = ORIENTED_EDGE ( 'NONE', *, *, #4485, .F. ) ;
#2985 = DIRECTION ( 'NONE',  ( -0.0000000000000000000, -0.0000000000000000000, 1.000000000000000000 ) ) ;
#2986 = VECTOR ( 'NONE', #4299, 1000.000000000000000 ) ;
#2987 = EDGE_LOOP ( 'NONE', ( #1802, #3293, #822, #779 ) ) ;
#2988 = VERTEX_POINT ( 'NONE', #52 ) ;
#2989 = CARTESIAN_POINT ( 'NONE',  ( -4.215374028249403400, 6.457602016071246200, 61.00000000000000000 ) ) ;
#2990 = ORIENTED_EDGE ( 'NONE', *, *, #3410, .T. ) ;
#2991 = CARTESIAN_POINT ( 'NONE',  ( -2.546319753210494000, 22.05871778971160100, 61.00000000000000000 ) ) ;
#2992 = CARTESIAN_POINT ( 'NONE',  ( -71.04602967032586500, -24.53146485598512100, 60.20000000000000300 ) ) ;
#2993 = LINE ( 'NONE', #3676, #2314 ) ;
#2994 = ORIENTED_EDGE ( 'NONE', *, *, #876, .T. ) ;
#2995 = DIRECTION ( 'NONE',  ( -1.000000000000000000, 0.0000000000000000000, 0.0000000000000000000 ) ) ;
#2996 = VECTOR ( 'NONE', #2917, 1000.000000000000100 ) ;
#2997 = EDGE_CURVE ( 'NONE', #3811, #4468, #294, .T. ) ;
#2998 = ORIENTED_EDGE ( 'NONE', *, *, #99, .F. ) ;
#2999 = DIRECTION ( 'NONE',  ( -3.126598750329292000E-015, 1.000000000000000000, 0.0000000000000000000 ) ) ;
#3000 = ORIENTED_EDGE ( 'NONE', *, *, #3019, .F. ) ;
#3001 = AXIS2_PLACEMENT_3D ( 'NONE', #3987, #3246, #3614 ) ;
#3002 = DIRECTION ( 'NONE',  ( 3.918760103844006300E-016, -1.000000000000000000, 0.0000000000000000000 ) ) ;
#3003 = ORIENTED_EDGE ( 'NONE', *, *, #850, .F. ) ;
#3004 = DIRECTION ( 'NONE',  ( 1.000000000000000000, 3.569163070562645700E-016, 0.0000000000000000000 ) ) ;
#3005 = VERTEX_POINT ( 'NONE', #451 ) ;
#3006 = AXIS2_PLACEMENT_3D ( 'NONE', #3816, #2021, #2750 ) ;
#3007 = EDGE_CURVE ( 'NONE', #3318, #2613, #2661, .T. ) ;
#3008 = EDGE_CURVE ( 'NONE', #891, #1255, #3921, .T. ) ;
#3009 = CARTESIAN_POINT ( 'NONE',  ( 4.312881914040462800, 12.72464238830773000, 61.00000000000000000 ) ) ;
#3010 = DIRECTION ( 'NONE',  ( -1.000000000000000000, -3.569163070562645700E-016, 0.0000000000000000000 ) ) ;
#3011 = CARTESIAN_POINT ( 'NONE',  ( 4.312881914040462800, 12.72464238830773000, 61.00000000000000000 ) ) ;
#3012 = CYLINDRICAL_SURFACE ( 'NONE', #1759, 1.000000000000000000 ) ;
#3013 = AXIS2_PLACEMENT_3D ( 'NONE', #2232, #3312, #2653 ) ;
#3014 = CARTESIAN_POINT ( 'NONE',  ( 4.312881914040462800, 12.72464238830773000, 58.49999999999999300 ) ) ;
#3015 = DIRECTION ( 'NONE',  ( 0.0000000000000000000, 1.000000000000000000, 0.0000000000000000000 ) ) ;
#3016 = CARTESIAN_POINT ( 'NONE',  ( -13.49542547935415500, 28.05807604754943400, 61.00000000000000000 ) ) ;
#3017 = LINE ( 'NONE', #4019, #810 ) ;
#3018 = ORIENTED_EDGE ( 'NONE', *, *, #181, .F. ) ;
#3019 = EDGE_CURVE ( 'NONE', #2389, #4373, #2148, .T. ) ;
#3020 = DIRECTION ( 'NONE',  ( -0.0000000000000000000, 0.0000000000000000000, -1.000000000000000000 ) ) ;
#3021 = CIRCLE ( 'NONE', #4383, 2.500000000000000400 ) ;
#3022 = ORIENTED_EDGE ( 'NONE', *, *, #2971, .F. ) ;
#3023 = FACE_OUTER_BOUND ( 'NONE', #1944, .T. ) ;
#3024 = DIRECTION ( 'NONE',  ( 0.7071067811865474600, 0.7071067811865474600, 0.0000000000000000000 ) ) ;
#3025 = FACE_OUTER_BOUND ( 'NONE', #1429, .T. ) ;
#3026 = CIRCLE ( 'NONE', #2408, 1.000000000000000900 ) ;
#3027 = DIRECTION ( 'NONE',  ( 1.000000000000000000, 1.387778780781444400E-014, 0.0000000000000000000 ) ) ;
#3028 = AXIS2_PLACEMENT_3D ( 'NONE', #1461, #1826, #2171 ) ;
#3029 = LINE ( 'NONE', #1027, #2692 ) ;
#3030 = ORIENTED_EDGE ( 'NONE', *, *, #1011, .T. ) ;
#3031 = FACE_OUTER_BOUND ( 'NONE', #4088, .T. ) ;
#3032 = LINE ( 'NONE', #803, #2080 ) ;
#3033 = EDGE_CURVE ( 'NONE', #3420, #1118, #617, .T. ) ;
#3034 = AXIS2_PLACEMENT_3D ( 'NONE', #3828, #3059, #980 ) ;
#3035 = EDGE_LOOP ( 'NONE', ( #4266, #830, #2831, #286, #3580, #2009, #4242, #2182, #685 ) ) ;
#3036 = FACE_OUTER_BOUND ( 'NONE', #165, .T. ) ;
#3037 = CARTESIAN_POINT ( 'NONE',  ( 26.36288191404052100, 32.72464238830784200, 57.99999999999999300 ) ) ;
#3038 = EDGE_LOOP ( 'NONE', ( #2866, #358, #660, #2482 ) ) ;
#3039 = EDGE_LOOP ( 'NONE', ( #505, #2678, #2531, #2433, #1592, #465, #3692, #4257, #525 ) ) ;
#3040 = EDGE_LOOP ( 'NONE', ( #3075, #4243, #2295, #3443 ) ) ;
#3041 = AXIS2_PLACEMENT_3D ( 'NONE', #3754, #1623, #623 ) ;
#3042 = LINE ( 'NONE', #2146, #1424 ) ;
#3043 = DIRECTION ( 'NONE',  ( 0.0000000000000000000, 0.0000000000000000000, -1.000000000000000000 ) ) ;
#3044 = EDGE_LOOP ( 'NONE', ( #2856, #4270, #381, #4273 ) ) ;
#3045 = CIRCLE ( 'NONE', #3740, 1.000000000000000900 ) ;
#3046 = CARTESIAN_POINT ( 'NONE',  ( -71.04602967032589300, 66.57385022849000200, 60.20000000000000300 ) ) ;
#3047 = FACE_OUTER_BOUND ( 'NONE', #2097, .T. ) ;
#3048 = ADVANCED_FACE ( 'NONE', ( #508 ), #728, .F. ) ;
#3049 = ORIENTED_EDGE ( 'NONE', *, *, #3897, .F. ) ;
#3050 = CARTESIAN_POINT ( 'NONE',  ( -4.736210323023544600, 4.736210323023544600, 57.49999999999999300 ) ) ;
#3051 = EDGE_CURVE ( 'NONE', #3840, #1113, #2762, .T. ) ;
#3052 = ORIENTED_EDGE ( 'NONE', *, *, #3130, .T. ) ;
#3053 = DIRECTION ( 'NONE',  ( 1.000000000000000000, 3.569163070562645700E-016, 0.0000000000000000000 ) ) ;
#3054 = DIRECTION ( 'NONE',  ( -1.000000000000000000, -3.469446951953611000E-015, 0.0000000000000000000 ) ) ;
#3055 = EDGE_CURVE ( 'NONE', #2354, #951, #185, .T. ) ;
#3056 = ORIENTED_EDGE ( 'NONE', *, *, #1366, .F. ) ;
#3057 = AXIS2_PLACEMENT_3D ( 'NONE', #3185, #14, #3553 ) ;
#3058 = EDGE_CURVE ( 'NONE', #305, #2918, #1223, .T. ) ;
#3059 = DIRECTION ( 'NONE',  ( -0.0000000000000000000, 0.0000000000000000000, -1.000000000000000000 ) ) ;
#3060 = AXIS2_PLACEMENT_3D ( 'NONE', #3573, #2838, #392 ) ;
#3061 = CYLINDRICAL_SURFACE ( 'NONE', #886, 1.000000000000000900 ) ;
#3062 = CARTESIAN_POINT ( 'NONE',  ( -12.78831869816761100, -3.315898052120521000, 58.49999999999999300 ) ) ;
#3063 = ORIENTED_EDGE ( 'NONE', *, *, #2356, .F. ) ;
#3064 = PRODUCT_RELATED_PRODUCT_CATEGORY ( 'part', '', ( #2445 ) ) ;
#3065 = CIRCLE ( 'NONE', #2499, 1.000000000000000900 ) ;
#3066 = CARTESIAN_POINT ( 'NONE',  ( -71.04602967032583600, -80.62220839707113400, 30.50000000000002100 ) ) ;
#3067 = ORIENTED_EDGE ( 'NONE', *, *, #2165, .F. ) ;
#3068 = CIRCLE ( 'NONE', #2820, 16.41666666666666800 ) ;
#3069 = VECTOR ( 'NONE', #4130, 1000.000000000000000 ) ;
#3070 = EDGE_CURVE ( 'NONE', #1523, #671, #786, .T. ) ;
#3071 = ORIENTED_EDGE ( 'NONE', *, *, #4408, .F. ) ;
#3072 = DIRECTION ( 'NONE',  ( 1.000000000000000000, 0.0000000000000000000, 0.0000000000000000000 ) ) ;
#3073 = LINE ( 'NONE', #1348, #3793 ) ;
#3074 = EDGE_CURVE ( 'NONE', #557, #3473, #3809, .T. ) ;
#3075 = ORIENTED_EDGE ( 'NONE', *, *, #3130, .F. ) ;
#3076 = DIRECTION ( 'NONE',  ( 0.7071067811865474600, 0.7071067811865474600, 0.0000000000000000000 ) ) ;
#3077 = LINE ( 'NONE', #1212, #2133 ) ;
#3078 = DIRECTION ( 'NONE',  ( -0.0000000000000000000, -0.0000000000000000000, 1.000000000000000000 ) ) ;
#3079 = AXIS2_PLACEMENT_3D ( 'NONE', #1952, #3392, #4462 ) ;
#3080 = CARTESIAN_POINT ( 'NONE',  ( 60.16044702067367200, 66.01080552151320500, 57.99999999999999300 ) ) ;
#3081 = ORIENTED_EDGE ( 'NONE', *, *, #43, .F. ) ;
#3082 = VERTEX_POINT ( 'NONE', #2961 ) ;
#3083 = VERTEX_POINT ( 'NONE', #3710 ) ;
#3084 = CARTESIAN_POINT ( 'NONE',  ( -4.736210323023544600, 4.736210323023544600, 61.00000000000000000 ) ) ;
#3085 = EDGE_CURVE ( 'NONE', #1113, #3840, #1824, .T. ) ;
#3086 = DIRECTION ( 'NONE',  ( -0.0000000000000000000, -0.0000000000000000000, 1.000000000000000000 ) ) ;
#3087 = FACE_OUTER_BOUND ( 'NONE', #4081, .T. ) ;
#3088 = AXIS2_PLACEMENT_3D ( 'NONE', #1544, #483, #4012 ) ;
#3089 = EDGE_CURVE ( 'NONE', #652, #1925, #4425, .T. ) ;
#3090 = ORIENTED_EDGE ( 'NONE', *, *, #784, .F. ) ;
#3091 = ORIENTED_EDGE ( 'NONE', *, *, #2039, .T. ) ;
#3092 = DIRECTION ( 'NONE',  ( -1.000000000000000000, 0.0000000000000000000, 0.0000000000000000000 ) ) ;
#3093 = EDGE_LOOP ( 'NONE', ( #2118, #3259, #3597, #3363 ) ) ;
#3094 = DIRECTION ( 'NONE',  ( 0.7071067811865474600, -0.7071067811865474600, 0.0000000000000000000 ) ) ;
#3095 = VECTOR ( 'NONE', #3224, 1000.000000000000000 ) ;
#3096 = ORIENTED_EDGE ( 'NONE', *, *, #3350, .F. ) ;
#3097 = DIRECTION ( 'NONE',  ( -1.000000000000000000, -3.469446951953611000E-015, 0.0000000000000000000 ) ) ;
#3098 = DIRECTION ( 'NONE',  ( -0.0000000000000000000, -0.0000000000000000000, 1.000000000000000000 ) ) ;
#3099 = VECTOR ( 'NONE', #1800, 1000.000000000000000 ) ;
#3100 = ORIENTED_EDGE ( 'NONE', *, *, #4529, .F. ) ;
#3101 = DIRECTION ( 'NONE',  ( 1.000000000000000000, 6.938893903907222100E-015, 0.0000000000000000000 ) ) ;
#3102 = EDGE_LOOP ( 'NONE', ( #2251, #1343, #4252, #490 ) ) ;
#3103 = DIRECTION ( 'NONE',  ( 1.000000000000000000, 0.0000000000000000000, 0.0000000000000000000 ) ) ;
#3104 = DIRECTION ( 'NONE',  ( 1.000000000000000000, 3.569163070562645700E-016, 0.0000000000000000000 ) ) ;
#3105 = VERTEX_POINT ( 'NONE', #874 ) ;
#3106 = FACE_OUTER_BOUND ( 'NONE', #1360, .T. ) ;
#3107 = EDGE_CURVE ( 'NONE', #3201, #913, #3426, .T. ) ;
#3108 = DIRECTION ( 'NONE',  ( -0.0000000000000000000, -0.0000000000000000000, 1.000000000000000000 ) ) ;
#3109 = ORIENTED_EDGE ( 'NONE', *, *, #4300, .F. ) ;
#3110 = CARTESIAN_POINT ( 'NONE',  ( 4.312881914040462800, 12.72464238830773000, 61.00000000000000000 ) ) ;
#3111 = EDGE_CURVE ( 'NONE', #3744, #652, #3547, .T. ) ;
#3112 = DIRECTION ( 'NONE',  ( 1.000000000000000000, 3.469446951953614200E-015, 0.0000000000000000000 ) ) ;
#3113 = AXIS2_PLACEMENT_3D ( 'NONE', #825, #3962, #2572 ) ;
#3114 = EDGE_CURVE ( 'NONE', #2463, #4138, #2993, .T. ) ;
#3115 = DIRECTION ( 'NONE',  ( 0.7071067811865474600, 0.7071067811865474600, 0.0000000000000000000 ) ) ;
#3116 = AXIS2_PLACEMENT_3D ( 'NONE', #3872, #1012, #3504 ) ;
#3117 = VECTOR ( 'NONE', #628, 1000.000000000000100 ) ;
#3118 = EDGE_LOOP ( 'NONE', ( #3049, #2038, #3721, #2304 ) ) ;
#3119 = FACE_OUTER_BOUND ( 'NONE', #1272, .T. ) ;
#3120 = DIRECTION ( 'NONE',  ( 1.000000000000000000, 3.569163070562645700E-016, -0.0000000000000000000 ) ) ;
#3121 = ORIENTED_EDGE ( 'NONE', *, *, #3495, .T. ) ;
#3122 = EDGE_LOOP ( 'NONE', ( #457, #1295, #2589, #1013 ) ) ;
#3123 = FACE_BOUND ( 'NONE', #3755, .T. ) ;
#3124 = FACE_OUTER_BOUND ( 'NONE', #3118, .T. ) ;
#3125 = CARTESIAN_POINT ( 'NONE',  ( -71.04602967032586500, -28.71893297056263700, 60.20000000000000300 ) ) ;
#3126 = ORIENTED_EDGE ( 'NONE', *, *, #3390, .T. ) ;
#3127 = VECTOR ( 'NONE', #1330, 1000.000000000000000 ) ;
#3128 = VECTOR ( 'NONE', #4147, 1000.000000000000000 ) ;
#3129 = CARTESIAN_POINT ( 'NONE',  ( 9.655668061225073400, 19.54230226964525500, 61.00000000000000000 ) ) ;
#3130 = EDGE_CURVE ( 'NONE', #2321, #596, #2040, .T. ) ;
#3131 = DIRECTION ( 'NONE',  ( -0.0000000000000000000, 0.0000000000000000000, -1.000000000000000000 ) ) ;
#3132 = ORIENTED_EDGE ( 'NONE', *, *, #200, .F. ) ;
#3133 = ORIENTED_EDGE ( 'NONE', *, *, #1562, .F. ) ;
#3134 = FACE_BOUND ( 'NONE', #2185, .T. ) ;
#3135 = EDGE_CURVE ( 'NONE', #1054, #329, #3263, .T. ) ;
#3136 = DIRECTION ( 'NONE',  ( -0.0000000000000000000, -0.0000000000000000000, 1.000000000000000000 ) ) ;
#3137 = CARTESIAN_POINT ( 'NONE',  ( 14.90621397421730200, 0.6564365939779777100, 58.49999999999999300 ) ) ;
#3138 = AXIS2_PLACEMENT_3D ( 'NONE', #2263, #4051, #2641 ) ;
#3139 = ORIENTED_EDGE ( 'NONE', *, *, #4163, .T. ) ;
#3140 = ORIENTED_EDGE ( 'NONE', *, *, #1996, .T. ) ;
#3141 = ORIENTED_EDGE ( 'NONE', *, *, #3401, .T. ) ;
#3142 = LINE ( 'NONE', #3564, #4251 ) ;
#3143 = ORIENTED_EDGE ( 'NONE', *, *, #2312, .T. ) ;
#3144 = ORIENTED_EDGE ( 'NONE', *, *, #887, .F. ) ;
#3145 = CARTESIAN_POINT ( 'NONE',  ( 17.16389024638079200, 2.509040140443740400, 58.49999999999999300 ) ) ;
#3146 = AXIS2_PLACEMENT_3D ( 'NONE', #3601, #3627, #3567 ) ;
#3147 = LINE ( 'NONE', #1136, #3099 ) ;
#3148 = CARTESIAN_POINT ( 'NONE',  ( -7.755323880289291900, 22.31797444848457000, 61.00000000000000000 ) ) ;
#3149 = ORIENTED_EDGE ( 'NONE', *, *, #3236, .F. ) ;
#3150 = CARTESIAN_POINT ( 'NONE',  ( -7.129763931860734900, 26.51133163880310000, 58.49999999999999300 ) ) ;
#3151 = DIRECTION ( 'NONE',  ( -0.0000000000000000000, -0.0000000000000000000, 1.000000000000000000 ) ) ;
#3152 = CARTESIAN_POINT ( 'NONE',  ( 12.84113785633032900, 6.457602016071243500, 57.49999999999999300 ) ) ;
#3153 = DIRECTION ( 'NONE',  ( -0.0000000000000000000, -0.0000000000000000000, 1.000000000000000000 ) ) ;
#3154 = ADVANCED_FACE ( 'NONE', ( #1381 ), #67, .F. ) ;
#3155 = ORIENTED_EDGE ( 'NONE', *, *, #3074, .T. ) ;
#3156 = ADVANCED_FACE ( 'NONE', ( #3378 ), #1938, .F. ) ;
#3157 = DIRECTION ( 'NONE',  ( -1.000000000000000000, 0.0000000000000000000, 0.0000000000000000000 ) ) ;
#3158 = ORIENTED_EDGE ( 'NONE', *, *, #1970, .T. ) ;
#3159 = DIRECTION ( 'NONE',  ( 1.000000000000000000, 0.0000000000000000000, -0.0000000000000000000 ) ) ;
#3160 = CARTESIAN_POINT ( 'NONE',  ( 18.86906079712162000, 24.80594753723596600, 61.00000000000000000 ) ) ;
#3161 = EDGE_CURVE ( 'NONE', #1780, #2941, #900, .T. ) ;
#3162 = VERTEX_POINT ( 'NONE', #2642 ) ;
#3163 = CARTESIAN_POINT ( 'NONE',  ( 19.64631557328216600, -5.083665005086887200, 57.49999999999999300 ) ) ;
#3164 = CARTESIAN_POINT ( 'NONE',  ( -7.755323880289291900, 22.31797444848457000, 57.49999999999999300 ) ) ;
#3165 = EDGE_LOOP ( 'NONE', ( #520, #4440, #2439, #3400 ) ) ;
#3166 = AXIS2_PLACEMENT_3D ( 'NONE', #3016, #4085, #3726 ) ;
#3167 = DIRECTION ( 'NONE',  ( -1.000000000000000000, 3.469446951953617300E-015, 0.0000000000000000000 ) ) ;
#3168 = ORIENTED_EDGE ( 'NONE', *, *, #3461, .T. ) ;
#3169 = FACE_OUTER_BOUND ( 'NONE', #3589, .T. ) ;
#3170 = AXIS2_PLACEMENT_3D ( 'NONE', #4486, #1660, #307 ) ;
#3171 = EDGE_CURVE ( 'NONE', #3322, #4448, #3707, .T. ) ;
#3172 = DIRECTION ( 'NONE',  ( 0.7071067811865474600, -0.7071067811865474600, 0.0000000000000000000 ) ) ;
#3173 = ADVANCED_FACE ( 'NONE', ( #4537 ), #3479, .F. ) ;
#3174 = DIRECTION ( 'NONE',  ( -0.0000000000000000000, 0.0000000000000000000, 1.000000000000000000 ) ) ;
#3175 = DIRECTION ( 'NONE',  ( -0.0000000000000000000, -0.0000000000000000000, 1.000000000000000000 ) ) ;
#3176 = FACE_OUTER_BOUND ( 'NONE', #4356, .T. ) ;
#3177 = VERTEX_POINT ( 'NONE', #1957 ) ;
#3178 = DIRECTION ( 'NONE',  ( -0.0000000000000000000, -0.0000000000000000000, 1.000000000000000000 ) ) ;
#3179 = DIRECTION ( 'NONE',  ( -0.0000000000000000000, -0.0000000000000000000, 1.000000000000000000 ) ) ;
#3180 = CARTESIAN_POINT ( 'NONE',  ( 22.87898962204761600, 28.71056258624056300, 58.49999999999999300 ) ) ;
#3181 = AXIS2_PLACEMENT_3D ( 'NONE', #3814, #1375, #4145 ) ;
#3182 = FACE_OUTER_BOUND ( 'NONE', #4533, .T. ) ;
#3183 = CIRCLE ( 'NONE', #502, 17.91666666666666800 ) ;
#3184 = ORIENTED_EDGE ( 'NONE', *, *, #1744, .T. ) ;
#3185 = CARTESIAN_POINT ( 'NONE',  ( 8.655668061225071600, 5.906982506970207300, 58.49999999999999300 ) ) ;
#3186 = ORIENTED_EDGE ( 'NONE', *, *, #4003, .F. ) ;
#3187 = ORIENTED_EDGE ( 'NONE', *, *, #3967, .F. ) ;
#3188 = FACE_OUTER_BOUND ( 'NONE', #4189, .T. ) ;
#3189 = CARTESIAN_POINT ( 'NONE',  ( -5.021193487363406800, 5.865440721056776500, 61.00000000000000000 ) ) ;
#3190 = CARTESIAN_POINT ( 'NONE',  ( -71.04602967032589300, 65.66828637195186500, 58.55826961124565600 ) ) ;
#3191 = ORIENTED_EDGE ( 'NONE', *, *, #1063, .F. ) ;
#3192 = ORIENTED_EDGE ( 'NONE', *, *, #3051, .F. ) ;
#3193 = ORIENTED_EDGE ( 'NONE', *, *, #1141, .F. ) ;
#3194 = CARTESIAN_POINT ( 'NONE',  ( 9.655668061225073400, 19.54230226964525500, 57.49999999999999300 ) ) ;
#3195 = CARTESIAN_POINT ( 'NONE',  ( 4.312881914040462800, 12.72464238830773000, 57.49999999999999300 ) ) ;
#3196 = DIRECTION ( 'NONE',  ( -0.0000000000000000000, 0.0000000000000000000, 1.000000000000000000 ) ) ;
#3197 = DIRECTION ( 'NONE',  ( 0.7071067811865474600, -0.7071067811865474600, 0.0000000000000000000 ) ) ;
#3198 = FACE_OUTER_BOUND ( 'NONE', #1872, .T. ) ;
#3199 = ORIENTED_EDGE ( 'NONE', *, *, #856, .T. ) ;
#3200 = ADVANCED_FACE ( 'NONE', ( #446 ), #846, .F. ) ;
#3201 = VERTEX_POINT ( 'NONE', #4434 ) ;
#3202 = EDGE_CURVE ( 'NONE', #2744, #2223, #4364, .T. ) ;
#3203 = DIRECTION ( 'NONE',  ( 1.000000000000000000, 0.0000000000000000000, 0.0000000000000000000 ) ) ;
#3204 = EDGE_CURVE ( 'NONE', #3271, #3737, #669, .T. ) ;
#3205 = CARTESIAN_POINT ( 'NONE',  ( 11.13054179537799000, 17.06742853549233600, 58.49999999999999300 ) ) ;
#3206 = VECTOR ( 'NONE', #1268, 1000.000000000000100 ) ;
#3207 = AXIS2_PLACEMENT_3D ( 'NONE', #1831, #3953, #3252 ) ;
#3208 = ORIENTED_EDGE ( 'NONE', *, *, #985, .T. ) ;
#3209 = CIRCLE ( 'NONE', #2622, 24.50000000000000000 ) ;
#3210 = EDGE_CURVE ( 'NONE', #4244, #314, #1116, .T. ) ;
#3211 =( NAMED_UNIT ( * ) PLANE_ANGLE_UNIT ( ) SI_UNIT ( $, .RADIAN. ) );
#3212 = VERTEX_POINT ( 'NONE', #4212 ) ;
#3213 = AXIS2_PLACEMENT_3D ( 'NONE', #3836, #331, #3519 ) ;
#3214 = DIRECTION ( 'NONE',  ( -0.0000000000000000000, 0.0000000000000000000, 1.000000000000000000 ) ) ;
#3215 = DIRECTION ( 'NONE',  ( -0.0000000000000000000, -0.0000000000000000000, 1.000000000000000000 ) ) ;
#3216 = ORIENTED_EDGE ( 'NONE', *, *, #876, .F. ) ;
#3217 = DIRECTION ( 'NONE',  ( 0.7071067811865474600, 0.7071067811865474600, 0.0000000000000000000 ) ) ;
#3218 = PLANE ( 'NONE',  #2682 ) ;
#3219 = ORIENTED_EDGE ( 'NONE', *, *, #1498, .F. ) ;
#3220 = CARTESIAN_POINT ( 'NONE',  ( 22.26288191404052700, -7.275357611692262700, 61.00000000000000000 ) ) ;
#3221 = DIRECTION ( 'NONE',  ( -0.0000000000000000000, 0.0000000000000000000, -1.000000000000000000 ) ) ;
#3222 = ADVANCED_FACE ( 'NONE', ( #2551 ), #1546, .T. ) ;
#3223 = CARTESIAN_POINT ( 'NONE',  ( 60.16044702067370100, -28.15588826358576200, 57.99999999999999300 ) ) ;
#3224 = DIRECTION ( 'NONE',  ( 0.0000000000000000000, 0.0000000000000000000, -1.000000000000000000 ) ) ;
#3225 = EDGE_CURVE ( 'NONE', #1822, #2552, #1324, .T. ) ;
#3226 = DIRECTION ( 'NONE',  ( -0.7071067811865475700, -0.7071067811865475700, 0.0000000000000000000 ) ) ;
#3227 = CARTESIAN_POINT ( 'NONE',  ( -3.253426534397037400, 4.097673768090405800, 61.00000000000000000 ) ) ;
#3228 = LINE ( 'NONE', #2788, #4277 ) ;
#3229 = CARTESIAN_POINT ( 'NONE',  ( -5.021193487363407600, 19.58384405555868600, 57.49999999999999300 ) ) ;
#3230 = CARTESIAN_POINT ( 'NONE',  ( 9.049092237064005700, 9.049092237064005700, 57.49999999999999300 ) ) ;
#3231 = CIRCLE ( 'NONE', #964, 16.41666666666666800 ) ;
#3232 = CARTESIAN_POINT ( 'NONE',  ( -4.736210323023544600, 4.736210323023544600, 61.00000000000000000 ) ) ;
#3233 = ORIENTED_EDGE ( 'NONE', *, *, #2242, .T. ) ;
#3234 = AXIS2_PLACEMENT_3D ( 'NONE', #3924, #2170, #767 ) ;
#3235 = CIRCLE ( 'NONE', #3823, 2.049999999999999800 ) ;
#3236 = EDGE_CURVE ( 'NONE', #236, #3335, #2488, .T. ) ;
#3237 = DIRECTION ( 'NONE',  ( 0.7071067811865475700, -0.7071067811865475700, 0.0000000000000000000 ) ) ;
#3238 = ORIENTED_EDGE ( 'NONE', *, *, #1388, .T. ) ;
#3239 = VECTOR ( 'NONE', #3343, 1000.000000000000000 ) ;
#3240 = VECTOR ( 'NONE', #3929, 1000.000000000000000 ) ;
#3241 = DIRECTION ( 'NONE',  ( -0.0000000000000000000, 0.0000000000000000000, -1.000000000000000000 ) ) ;
#3242 = ORIENTED_EDGE ( 'NONE', *, *, #2581, .T. ) ;
#3243 = CARTESIAN_POINT ( 'NONE',  ( 18.09957116453583100, 1.281996542406533400, 58.49999999999999300 ) ) ;
#3244 = PRODUCT_DEFINITION ( 'UNKNOWN', '', #3482, #4389 ) ;
#3245 = ORIENTED_EDGE ( 'NONE', *, *, #3319, .F. ) ;
#3246 = DIRECTION ( 'NONE',  ( -0.0000000000000000000, -0.0000000000000000000, 1.000000000000000000 ) ) ;
#3247 = LINE ( 'NONE', #1934, #4520 ) ;
#3248 = CIRCLE ( 'NONE', #2615, 10.58333333333333400 ) ;
#3249 = ADVANCED_FACE ( 'NONE', ( #1598 ), #1437, .T. ) ;
#3250 = CARTESIAN_POINT ( 'NONE',  ( 24.31288191404052400, -7.275357611692262700, 61.00000000000000000 ) ) ;
#3251 = CARTESIAN_POINT ( 'NONE',  ( -9.243296969040692100, 0.6433372393794891700, 58.49999999999999300 ) ) ;
#3252 = DIRECTION ( 'NONE',  ( 3.569163070562645700E-016, -1.000000000000000000, 0.0000000000000000000 ) ) ;
#3253 = ORIENTED_EDGE ( 'NONE', *, *, #3874, .F. ) ;
#3254 = ORIENTED_EDGE ( 'NONE', *, *, #3600, .T. ) ;
#3255 = FACE_BOUND ( 'NONE', #3542, .T. ) ;
#3256 = EDGE_CURVE ( 'NONE', #4350, #2483, #4311, .T. ) ;
#3257 = LINE ( 'NONE', #859, #3697 ) ;
#3258 = CARTESIAN_POINT ( 'NONE',  ( -7.048217099102744000, 23.02508122967112000, 57.49999999999999300 ) ) ;
#3259 = ORIENTED_EDGE ( 'NONE', *, *, #1782, .T. ) ;
#3260 = VERTEX_POINT ( 'NONE', #720 ) ;
#3261 = CARTESIAN_POINT ( 'NONE',  ( 14.61332075540385000, 1.363543375164523600, 61.00000000000000000 ) ) ;
#3262 = EDGE_LOOP ( 'NONE', ( #2031, #2156, #805, #1981 ) ) ;
#3263 = CIRCLE ( 'NONE', #1316, 1.000000000000000900 ) ;
#3264 = CARTESIAN_POINT ( 'NONE',  ( -71.04602967032589300, 66.01080552151316300, 57.99999999999999300 ) ) ;
#3265 = AXIS2_PLACEMENT_3D ( 'NONE', #3900, #4260, #78 ) ;
#3266 = ORIENTED_EDGE ( 'NONE', *, *, #2693, .T. ) ;
#3267 = CARTESIAN_POINT ( 'NONE',  ( -8.538126418299873100, 22.94024463617172000, 58.49999999999999300 ) ) ;
#3268 = VECTOR ( 'NONE', #625, 1000.000000000000100 ) ;
#3269 = CARTESIAN_POINT ( 'NONE',  ( 4.312881914040462800, 12.72464238830773000, 61.00000000000000000 ) ) ;
#3270 = EDGE_CURVE ( 'NONE', #2921, #4409, #4190, .T. ) ;
#3271 = VERTEX_POINT ( 'NONE', #367 ) ;
#3272 = CARTESIAN_POINT ( 'NONE',  ( 21.41408252624853100, -3.315898052120520100, 58.49999999999999300 ) ) ;
#3273 = AXIS2_PLACEMENT_3D ( 'NONE', #3050, #2656, #1288 ) ;
#3274 = ORIENTED_EDGE ( 'NONE', *, *, #404, .F. ) ;
#3275 = DIRECTION ( 'NONE',  ( -1.000000000000000000, 0.0000000000000000000, 0.0000000000000000000 ) ) ;
#3276 = MECHANICAL_DESIGN_GEOMETRIC_PRESENTATION_REPRESENTATION (  '', ( #2322 ), #3611 ) ;
#3277 = ORIENTED_EDGE ( 'NONE', *, *, #4003, .T. ) ;
#3278 = CARTESIAN_POINT ( 'NONE',  ( -3.253426534397039200, 21.35161100852504700, 57.49999999999999300 ) ) ;
#3279 = CARTESIAN_POINT ( 'NONE',  ( 14.61332075540385100, 24.08574140145094200, 61.00000000000000000 ) ) ;
#3280 = DIRECTION ( 'NONE',  ( -1.000000000000000000, 0.0000000000000000000, 0.0000000000000000000 ) ) ;
#3281 = EDGE_LOOP ( 'NONE', ( #3699, #1386, #991, #4574 ) ) ;
#3282 = CARTESIAN_POINT ( 'NONE',  ( -5.987556927322921200, 1.363543375164522300, 58.49999999999999300 ) ) ;
#3283 = DIRECTION ( 'NONE',  ( -0.0000000000000000000, -0.0000000000000000000, -1.000000000000000000 ) ) ;
#3284 = EDGE_CURVE ( 'NONE', #3565, #2015, #3142, .T. ) ;
#3285 = CIRCLE ( 'NONE', #2570, 2.049999999999999800 ) ;
#3286 = ORIENTED_EDGE ( 'NONE', *, *, #2396, .T. ) ;
#3287 = CARTESIAN_POINT ( 'NONE',  ( 9.049092237064005700, 9.049092237064005700, 61.00000000000000000 ) ) ;
#3288 = EDGE_CURVE ( 'NONE', #3951, #1179, #3320, .T. ) ;
#3289 = CARTESIAN_POINT ( 'NONE',  ( -71.04602967032589300, 68.23011617120124600, 59.00000000000000000 ) ) ;
#3290 = FACE_OUTER_BOUND ( 'NONE', #3933, .T. ) ;
#3291 = AXIS2_PLACEMENT_3D ( 'NONE', #540, #2262, #4441 ) ;
#3292 = VERTEX_POINT ( 'NONE', #1078 ) ;
#3293 = ORIENTED_EDGE ( 'NONE', *, *, #3007, .T. ) ;
#3294 = CARTESIAN_POINT ( 'NONE',  ( -5.902720333823528300, 25.57565072064806000, 58.49999999999999300 ) ) ;
#3295 = CARTESIAN_POINT ( 'NONE',  ( -2.546319753210488600, 3.390566986903858400, 61.00000000000000000 ) ) ;
#3296 = VECTOR ( 'NONE', #1509, 1000.000000000000000 ) ;
#3297 = FACE_OUTER_BOUND ( 'NONE', #1283, .T. ) ;
#3298 = EDGE_CURVE ( 'NONE', #2638, #622, #2202, .T. ) ;
#3299 = ORIENTED_EDGE ( 'NONE', *, *, #2119, .F. ) ;
#3300 = AXIS2_PLACEMENT_3D ( 'NONE', #908, #136, #1205 ) ;
#3301 = VECTOR ( 'NONE', #2738, 1000.000000000000000 ) ;
#3302 = CARTESIAN_POINT ( 'NONE',  ( 20.64631557328216600, -5.083665005086887200, 57.49999999999999300 ) ) ;
#3303 = ORIENTED_EDGE ( 'NONE', *, *, #416, .T. ) ;
#3304 = EDGE_LOOP ( 'NONE', ( #715, #2540, #2416, #1020 ) ) ;
#3305 = DIRECTION ( 'NONE',  ( -1.000000000000000000, 0.0000000000000000000, 0.0000000000000000000 ) ) ;
#3306 = CYLINDRICAL_SURFACE ( 'NONE', #3028, 1.000000000000000900 ) ;
#3307 = DIRECTION ( 'NONE',  ( -0.0000000000000000000, -0.0000000000000000000, 1.000000000000000000 ) ) ;
#3308 = CARTESIAN_POINT ( 'NONE',  ( 20.35342235446871600, -4.376558223900343800, 61.00000000000000000 ) ) ;
#3309 = FACE_BOUND ( 'NONE', #3560, .T. ) ;
#3310 = EDGE_LOOP ( 'NONE', ( #1145, #1505, #3975, #3665, #2912, #434, #2558, #1550 ) ) ;
#3311 = ORIENTED_EDGE ( 'NONE', *, *, #3940, .F. ) ;
#3312 = DIRECTION ( 'NONE',  ( 0.0000000000000000000, 0.0000000000000000000, 1.000000000000000000 ) ) ;
#3313 = ORIENTED_EDGE ( 'NONE', *, *, #2179, .F. ) ;
#3314 = DIRECTION ( 'NONE',  ( 0.0000000000000000000, 0.0000000000000000000, -1.000000000000000000 ) ) ;
#3315 = CARTESIAN_POINT ( 'NONE',  ( -4.736210323023544600, 4.736210323023544600, 58.49999999999999300 ) ) ;
#3316 = VECTOR ( 'NONE', #444, 1000.000000000000000 ) ;
#3317 = VERTEX_POINT ( 'NONE', #1047 ) ;
#3318 = VERTEX_POINT ( 'NONE', #1773 ) ;
#3319 = EDGE_CURVE ( 'NONE', #1825, #2988, #3541, .T. ) ;
#3320 = CIRCLE ( 'NONE', #862, 1.000000000000000000 ) ;
#3321 = DIRECTION ( 'NONE',  ( -0.0000000000000000000, -0.0000000000000000000, 1.000000000000000000 ) ) ;
#3322 = VERTEX_POINT ( 'NONE', #380 ) ;
#3323 = ORIENTED_EDGE ( 'NONE', *, *, #2553, .T. ) ;
#3324 = DIRECTION ( 'NONE',  ( 0.0000000000000000000, 0.0000000000000000000, -1.000000000000000000 ) ) ;
#3325 = VECTOR ( 'NONE', #1839, 1000.000000000000000 ) ;
#3326 = AXIS2_PLACEMENT_3D ( 'NONE', #2032, #3810, #4508 ) ;
#3327 = DIRECTION ( 'NONE',  ( 1.000000000000000000, 0.0000000000000000000, 0.0000000000000000000 ) ) ;
#3328 = CARTESIAN_POINT ( 'NONE',  ( 17.16389024638079900, 22.94024463617171600, 57.49999999999999300 ) ) ;
#3329 = DIRECTION ( 'NONE',  ( -0.0000000000000000000, -0.0000000000000000000, 1.000000000000000000 ) ) ;
#3330 = DIRECTION ( 'NONE',  ( -0.0000000000000000000, 0.0000000000000000000, 1.000000000000000000 ) ) ;
#3331 = ORIENTED_EDGE ( 'NONE', *, *, #2373, .T. ) ;
#3332 = VERTEX_POINT ( 'NONE', #690 ) ;
#3333 = AXIS2_PLACEMENT_3D ( 'NONE', #2246, #3307, #4042 ) ;
#3334 = EDGE_CURVE ( 'NONE', #1542, #2153, #1765, .T. ) ;
#3335 = VERTEX_POINT ( 'NONE', #3861 ) ;
#3336 = VECTOR ( 'NONE', #4140, 1000.000000000000100 ) ;
#3337 = CARTESIAN_POINT ( 'NONE',  ( 4.312881914040462800, 12.72464238830773000, 58.49999999999999300 ) ) ;
#3338 = DIRECTION ( 'NONE',  ( 1.000000000000000000, 3.569163070562645700E-016, 0.0000000000000000000 ) ) ;
#3339 = AXIS2_PLACEMENT_3D ( 'NONE', #3842, #319, #2521 ) ;
#3340 = VERTEX_POINT ( 'NONE', #2953 ) ;
#3341 = DIRECTION ( 'NONE',  ( 1.000000000000000000, 0.0000000000000000000, 0.0000000000000000000 ) ) ;
#3342 = DIRECTION ( 'NONE',  ( -0.0000000000000000000, -0.0000000000000000000, -1.000000000000000000 ) ) ;
#3343 = DIRECTION ( 'NONE',  ( 1.000000000000000000, 3.569163070562645700E-016, 0.0000000000000000000 ) ) ;
#3344 = ORIENTED_EDGE ( 'NONE', *, *, #4114, .T. ) ;
#3345 = DIRECTION ( 'NONE',  ( -0.0000000000000000000, -0.0000000000000000000, -1.000000000000000000 ) ) ;
#3346 = CARTESIAN_POINT ( 'NONE',  ( 22.26288191404052700, -7.275357611692262700, 57.99999999999999300 ) ) ;
#3347 = CIRCLE ( 'NONE', #2222, 1.000000000000000900 ) ;
#3348 = DIRECTION ( 'NONE',  ( 1.000000000000000000, 0.0000000000000000000, 0.0000000000000000000 ) ) ;
#3349 = CARTESIAN_POINT ( 'NONE',  ( -71.04602967032586500, 27.37181057052335100, 30.50000000000000000 ) ) ;
#3350 = EDGE_CURVE ( 'NONE', #2311, #4304, #3702, .T. ) ;
#3351 = VERTEX_POINT ( 'NONE', #51 ) ;
#3352 = CYLINDRICAL_SURFACE ( 'NONE', #2573, 10.58333333333333400 ) ;
#3353 = CARTESIAN_POINT ( 'NONE',  ( 4.312881914040462800, 12.72464238830773000, 58.49999999999999300 ) ) ;
#3354 = CARTESIAN_POINT ( 'NONE',  ( 4.312881914040462800, 12.72464238830773000, 58.49999999999999300 ) ) ;
#3355 = CARTESIAN_POINT ( 'NONE',  ( 14.90621397421730200, 0.6564365939779777100, 61.00000000000000000 ) ) ;
#3356 = EDGE_CURVE ( 'NONE', #622, #3916, #1490, .T. ) ;
#3357 = EDGE_LOOP ( 'NONE', ( #3100, #354, #2505, #702 ) ) ;
#3358 = CARTESIAN_POINT ( 'NONE',  ( -3.348199808287271900, 7.844604346626056200, 61.00000000000000000 ) ) ;
#3359 = AXIS2_PLACEMENT_3D ( 'NONE', #1135, #2895, #3609 ) ;
#3360 = VECTOR ( 'NONE', #4287, 1000.000000000000100 ) ;
#3361 =( NAMED_UNIT ( * ) PLANE_ANGLE_UNIT ( ) SI_UNIT ( $, .RADIAN. ) );
#3362 = LINE ( 'NONE', #3658, #4172 ) ;
#3363 = ORIENTED_EDGE ( 'NONE', *, *, #143, .F. ) ;
#3364 = CYLINDRICAL_SURFACE ( 'NONE', #3326, 16.41666666666666800 ) ;
#3365 = EDGE_CURVE ( 'NONE', #2223, #1908, #3973, .T. ) ;
#3366 = LINE ( 'NONE', #3594, #223 ) ;
#3367 = AXIS2_PLACEMENT_3D ( 'NONE', #3475, #4196, #3092 ) ;
#3368 = VERTEX_POINT ( 'NONE', #1104 ) ;
#3369 = EDGE_LOOP ( 'NONE', ( #1497, #664, #992, #1649 ) ) ;
#3370 = LINE ( 'NONE', #339, #2417 ) ;
#3371 = DIRECTION ( 'NONE',  ( -0.0000000000000000000, 0.0000000000000000000, 1.000000000000000000 ) ) ;
#3372 = DIRECTION ( 'NONE',  ( 0.0000000000000000000, 0.0000000000000000000, -1.000000000000000000 ) ) ;
#3373 = ADVANCED_FACE ( 'NONE', ( #3198 ), #1434, .F. ) ;
#3374 = ORIENTED_EDGE ( 'NONE', *, *, #306, .T. ) ;
#3375 = ORIENTED_EDGE ( 'NONE', *, *, #3135, .T. ) ;
#3376 = CARTESIAN_POINT ( 'NONE',  ( 9.362774842411619500, 6.614089288156753500, 57.49999999999999300 ) ) ;
#3377 = EDGE_LOOP ( 'NONE', ( #1739, #968 ) ) ;
#3378 = FACE_OUTER_BOUND ( 'NONE', #1007, .T. ) ;
#3379 = EDGE_LOOP ( 'NONE', ( #3144, #1610, #4583, #2192 ) ) ;
#3380 = EDGE_LOOP ( 'NONE', ( #3802, #287, #633, #3274 ) ) ;
#3382 = DIRECTION ( 'NONE',  ( 1.000000000000000000, 0.0000000000000000000, 0.0000000000000000000 ) ) ;
#3381 = DIRECTION ( 'NONE',  ( -1.000000000000000000, -1.803019675818413500E-015, 0.0000000000000000000 ) ) ;
#3383 = FACE_OUTER_BOUND ( 'NONE', #2629, .T. ) ;
#3384 = EDGE_CURVE ( 'NONE', #1179, #3795, #4530, .T. ) ;
#3385 = DIRECTION ( 'NONE',  ( -0.0000000000000000000, -0.0000000000000000000, -1.000000000000000000 ) ) ;
#3386 = CARTESIAN_POINT ( 'NONE',  ( -7.768423234887781500, 27.28082127138888800, 61.00000000000000000 ) ) ;
#3387 = CIRCLE ( 'NONE', #2848, 53.12058191901591900 ) ;
#3388 = DIRECTION ( 'NONE',  ( -0.0000000000000000000, -0.0000000000000000000, 1.000000000000000000 ) ) ;
#3389 = ORIENTED_EDGE ( 'NONE', *, *, #4271, .T. ) ;
#3390 = EDGE_CURVE ( 'NONE', #3473, #557, #389, .T. ) ;
#3391 = AXIS2_PLACEMENT_3D ( 'NONE', #1655, #2399, #3468 ) ;
#3392 = DIRECTION ( 'NONE',  ( -0.0000000000000000000, -0.0000000000000000000, 1.000000000000000000 ) ) ;
#3393 = ORIENTED_EDGE ( 'NONE', *, *, #3284, .F. ) ;
#3394 = SURFACE_STYLE_FILL_AREA ( #2725 ) ;
#3395 = AXIS2_PLACEMENT_3D ( 'NONE', #1830, #2511, #400 ) ;
#3396 = ORIENTED_EDGE ( 'NONE', *, *, #1579, .T. ) ;
#3397 = ORIENTED_EDGE ( 'NONE', *, *, #1498, .T. ) ;
#3398 =( GEOMETRIC_REPRESENTATION_CONTEXT ( 3 ) GLOBAL_UNCERTAINTY_ASSIGNED_CONTEXT ( ( #4207 ) ) GLOBAL_UNIT_ASSIGNED_CONTEXT ( ( #2252, #1902, #473 ) ) REPRESENTATION_CONTEXT ( 'NONE', 'WORKASPACE' ) );
#3399 = FACE_OUTER_BOUND ( 'NONE', #3165, .T. ) ;
#3400 = ORIENTED_EDGE ( 'NONE', *, *, #2870, .F. ) ;
#3401 = EDGE_CURVE ( 'NONE', #2778, #4500, #4361, .T. ) ;
#3402 = DIRECTION ( 'NONE',  ( -0.0000000000000000000, -0.0000000000000000000, 1.000000000000000000 ) ) ;
#3403 = CYLINDRICAL_SURFACE ( 'NONE', #1870, 16.41666666666666800 ) ;
#3404 = ORIENTED_EDGE ( 'NONE', *, *, #3763, .F. ) ;
#3405 = DIRECTION ( 'NONE',  ( 0.0000000000000000000, 0.0000000000000000000, -1.000000000000000000 ) ) ;
#3406 = CARTESIAN_POINT ( 'NONE',  ( 4.312881914040462800, 12.72464238830773000, 57.49999999999999300 ) ) ;
#3407 = CYLINDRICAL_SURFACE ( 'NONE', #2013, 2.049999999999999800 ) ;
#3408 = CARTESIAN_POINT ( 'NONE',  ( -7.755323880289291000, 3.131310328130892300, 61.00000000000000000 ) ) ;
#3409 = FACE_OUTER_BOUND ( 'NONE', #13, .T. ) ;
#3410 = EDGE_CURVE ( 'NONE', #1865, #3317, #1541, .T. ) ;
#3411 = FACE_OUTER_BOUND ( 'NONE', #2890, .T. ) ;
#3412 = ORIENTED_EDGE ( 'NONE', *, *, #2809, .T. ) ;
#3413 = LINE ( 'NONE', #2395, #3301 ) ;
#3414 = CARTESIAN_POINT ( 'NONE',  ( -71.04602967032585100, -29.37519891327388100, 57.99999999999999300 ) ) ;
#3415 = AXIS2_PLACEMENT_3D ( 'NONE', #2098, #3178, #4245 ) ;
#3416 = EDGE_LOOP ( 'NONE', ( #2257, #643, #1931, #2906 ) ) ;
#3417 = EDGE_CURVE ( 'NONE', #4128, #4349, #233, .T. ) ;
#3418 = CARTESIAN_POINT ( 'NONE',  ( -10.24329696904069400, 0.6433372393794891700, 58.49999999999999300 ) ) ;
#3419 = ORIENTED_EDGE ( 'NONE', *, *, #3677, .F. ) ;
#3420 = VERTEX_POINT ( 'NONE', #3725 ) ;
#3421 = ORIENTED_EDGE ( 'NONE', *, *, #2423, .F. ) ;
#3422 = AXIS2_PLACEMENT_3D ( 'NONE', #1719, #614, #967 ) ;
#3423 = CIRCLE ( 'NONE', #3146, 10.58333333333333400 ) ;
#3424 = CARTESIAN_POINT ( 'NONE',  ( -71.04602967032585100, -29.37519891327388100, 57.99999999999999300 ) ) ;
#3425 = VERTEX_POINT ( 'NONE', #911 ) ;
#3426 = CIRCLE ( 'NONE', #2441, 24.50000000000000000 ) ;
#3427 = DIRECTION ( 'NONE',  ( 1.000000000000000000, 3.569163070562645700E-016, 0.0000000000000000000 ) ) ;
#3428 = ORIENTED_EDGE ( 'NONE', *, *, #1734, .F. ) ;
#3429 = CYLINDRICAL_SURFACE ( 'NONE', #3974, 53.12058191901591900 ) ;
#3430 = DIRECTION ( 'NONE',  ( 1.000000000000000000, 0.0000000000000000000, 0.0000000000000000000 ) ) ;
#3431 = ORIENTED_EDGE ( 'NONE', *, *, #3654, .F. ) ;
#3432 = DIRECTION ( 'NONE',  ( -1.000000000000000000, 0.0000000000000000000, 0.0000000000000000000 ) ) ;
#3433 = EDGE_CURVE ( 'NONE', #671, #596, #722, .T. ) ;
#3434 = VERTEX_POINT ( 'NONE', #3719 ) ;
#3435 = DIRECTION ( 'NONE',  ( 1.000000000000000000, -8.673617379884027600E-016, 0.0000000000000000000 ) ) ;
#3436 = CARTESIAN_POINT ( 'NONE',  ( 5.468894023554557100, 10.50797010701381500, 61.00000000000000000 ) ) ;
#3437 = EDGE_CURVE ( 'NONE', #851, #1113, #2484, .T. ) ;
#3438 = EDGE_CURVE ( 'NONE', #2943, #273, #1696, .T. ) ;
#3439 = ORIENTED_EDGE ( 'NONE', *, *, #3997, .F. ) ;
#3440 = CARTESIAN_POINT ( 'NONE',  ( 4.312881914040462800, 12.72464238830773000, 58.49999999999999300 ) ) ;
#3441 = AXIS2_PLACEMENT_3D ( 'NONE', #2992, #881, #4044 ) ;
#3442 = DIRECTION ( 'NONE',  ( 1.000000000000000000, 0.0000000000000000000, 0.0000000000000000000 ) ) ;
#3443 = ORIENTED_EDGE ( 'NONE', *, *, #3433, .T. ) ;
#3444 = EDGE_CURVE ( 'NONE', #3845, #3317, #1816, .T. ) ;
#3445 = CARTESIAN_POINT ( 'NONE',  ( 4.312881914040462800, 12.72464238830773000, 57.49999999999999300 ) ) ;
#3446 = AXIS2_PLACEMENT_3D ( 'NONE', #1166, #4272, #1474 ) ;
#3447 = EDGE_LOOP ( 'NONE', ( #4112, #1173, #1323, #497 ) ) ;
#3448 = DIRECTION ( 'NONE',  ( -1.000000000000000000, -3.469446951953611000E-015, 0.0000000000000000000 ) ) ;
#3449 = DIRECTION ( 'NONE',  ( -1.000000000000000000, -6.938893903907222100E-015, 0.0000000000000000000 ) ) ;
#3450 = VECTOR ( 'NONE', #2235, 1000.000000000000000 ) ;
#3451 = CARTESIAN_POINT ( 'NONE',  ( -3.253426534397037400, 4.097673768090405800, 58.49999999999999300 ) ) ;
#3452 = ORIENTED_EDGE ( 'NONE', *, *, #2822, .F. ) ;
#3453 = DIRECTION ( 'NONE',  ( 0.0000000000000000000, 0.0000000000000000000, 1.000000000000000000 ) ) ;
#3454 = CIRCLE ( 'NONE', #605, 24.49999999999999300 ) ;
#3455 = CARTESIAN_POINT ( 'NONE',  ( 16.39418706296870500, 27.28082127138888800, 61.00000000000000000 ) ) ;
#3456 = EDGE_CURVE ( 'NONE', #2846, #1833, #2034, .T. ) ;
#3457 = VERTEX_POINT ( 'NONE', #3483 ) ;
#3458 = DIRECTION ( 'NONE',  ( 1.000000000000000000, 0.0000000000000000000, 0.0000000000000000000 ) ) ;
#3459 = VECTOR ( 'NONE', #4424, 1000.000000000000000 ) ;
#3460 = VERTEX_POINT ( 'NONE', #2446 ) ;
#3461 = EDGE_CURVE ( 'NONE', #1289, #3698, #3912, .T. ) ;
#3462 = VECTOR ( 'NONE', #2727, 1000.000000000000100 ) ;
#3463 = AXIS2_PLACEMENT_3D ( 'NONE', #2617, #4016, #1917 ) ;
#3464 = LINE ( 'NONE', #4154, #4232 ) ;
#3465 = VERTEX_POINT ( 'NONE', #2795 ) ;
#3466 = ORIENTED_EDGE ( 'NONE', *, *, #3967, .T. ) ;
#3467 = VECTOR ( 'NONE', #4536, 1000.000000000000000 ) ;
#3468 = DIRECTION ( 'NONE',  ( 1.000000000000000000, 8.673617379884027600E-016, 0.0000000000000000000 ) ) ;
#3469 = DIRECTION ( 'NONE',  ( 1.000000000000000000, 0.0000000000000000000, 0.0000000000000000000 ) ) ;
#3470 = CARTESIAN_POINT ( 'NONE',  ( 8.655668061225071600, 5.906982506970207300, 61.00000000000000000 ) ) ;
#3471 = LINE ( 'NONE', #1688, #1483 ) ;
#3472 = AXIS2_PLACEMENT_3D ( 'NONE', #3295, #1532, #4374 ) ;
#3473 = VERTEX_POINT ( 'NONE', #1712 ) ;
#3474 = ORIENTED_EDGE ( 'NONE', *, *, #3769, .T. ) ;
#3475 = CARTESIAN_POINT ( 'NONE',  ( 18.86906079712162000, 0.6433372393794875000, 58.49999999999999300 ) ) ;
#3476 = VERTEX_POINT ( 'NONE', #691 ) ;
#3477 = DIRECTION ( 'NONE',  ( -1.000000000000000000, -3.569163070562645700E-016, 0.0000000000000000000 ) ) ;
#3478 = CARTESIAN_POINT ( 'NONE',  ( 6.812881914040462800, 12.72464238830773000, 58.49999999999999300 ) ) ;
#3479 = CYLINDRICAL_SURFACE ( 'NONE', #2342, 1.000000000000000900 ) ;
#3480 = ADVANCED_FACE ( 'NONE', ( #1274 ), #894, .F. ) ;
#3481 = ORIENTED_EDGE ( 'NONE', *, *, #3225, .T. ) ;
#3482 = PRODUCT_DEFINITION_FORMATION_WITH_SPECIFIED_SOURCE ( 'ANY', '', #2445, .NOT_KNOWN. ) ;
#3483 = CARTESIAN_POINT ( 'NONE',  ( 10.57992228627694900, 21.25289833059759600, 58.49999999999999300 ) ) ;
#3484 = LINE ( 'NONE', #2728, #675 ) ;
#3485 = ORIENTED_EDGE ( 'NONE', *, *, #113, .T. ) ;
#3486 = CIRCLE ( 'NONE', #3234, 16.41666666666666800 ) ;
#3487 = CARTESIAN_POINT ( 'NONE',  ( -11.67303828389238500, 31.29075009631489100, 61.00000000000000000 ) ) ;
#3488 = DIRECTION ( 'NONE',  ( 1.000000000000000000, 3.569163070562645700E-016, 0.0000000000000000000 ) ) ;
#3489 = EDGE_CURVE ( 'NONE', #4091, #3465, #1219, .T. ) ;
#3490 = ORIENTED_EDGE ( 'NONE', *, *, #987, .T. ) ;
#3491 = CARTESIAN_POINT ( 'NONE',  ( -17.73711808595947700, 32.72464238830784200, 61.00000000000000000 ) ) ;
#3492 = DIRECTION ( 'NONE',  ( -0.0000000000000000000, 0.0000000000000000000, -1.000000000000000000 ) ) ;
#3493 = VERTEX_POINT ( 'NONE', #414 ) ;
#3494 = CARTESIAN_POINT ( 'NONE',  ( 20.29880211197330900, 31.29075009631489100, 57.49999999999999300 ) ) ;
#3495 = EDGE_CURVE ( 'NONE', #2411, #4049, #3423, .T. ) ;
#3496 = DIRECTION ( 'NONE',  ( 1.000000000000000000, 0.0000000000000000000, 0.0000000000000000000 ) ) ;
#3497 = ORIENTED_EDGE ( 'NONE', *, *, #2061, .T. ) ;
#3498 = DIRECTION ( 'NONE',  ( 1.000000000000000000, 0.0000000000000000000, 0.0000000000000000000 ) ) ;
#3499 = DIRECTION ( 'NONE',  ( -0.0000000000000000000, -0.0000000000000000000, 1.000000000000000000 ) ) ;
#3500 = EDGE_CURVE ( 'NONE', #4582, #1877, #1761, .T. ) ;
#3501 = ORIENTED_EDGE ( 'NONE', *, *, #3743, .F. ) ;
#3502 = ADVANCED_FACE ( 'NONE', ( #2755 ), #2657, .F. ) ;
#3503 = CARTESIAN_POINT ( 'NONE',  ( 18.09957116453582800, 1.281996542406535200, 57.49999999999999300 ) ) ;
#3504 = DIRECTION ( 'NONE',  ( -4.641400604620220000E-016, 1.000000000000000000, 0.0000000000000000000 ) ) ;
#3505 = CARTESIAN_POINT ( 'NONE',  ( 14.61332075540384800, 1.363543375164524500, 57.49999999999999300 ) ) ;
#3506 = AXIS2_PLACEMENT_3D ( 'NONE', #4492, #604, #2368 ) ;
#3507 = LINE ( 'NONE', #1337, #2455 ) ;
#3508 = CARTESIAN_POINT ( 'NONE',  ( 6.529554195334377200, 11.56863027879363400, 57.49999999999999300 ) ) ;
#3509 = ORIENTED_EDGE ( 'NONE', *, *, #3870, .F. ) ;
#3510 = VECTOR ( 'NONE', #2926, 1000.000000000000100 ) ;
#3511 = CARTESIAN_POINT ( 'NONE',  ( 16.39418706296870500, -1.831536494773425200, 57.49999999999999300 ) ) ;
#3512 = CIRCLE ( 'NONE', #4310, 1.000000000000000900 ) ;
#3513 = DIRECTION ( 'NONE',  ( -0.0000000000000000000, -0.0000000000000000000, 1.000000000000000000 ) ) ;
#3514 = ORIENTED_EDGE ( 'NONE', *, *, #856, .F. ) ;
#3515 = ORIENTED_EDGE ( 'NONE', *, *, #1706, .F. ) ;
#3516 = LINE ( 'NONE', #2240, #3296 ) ;
#3517 = DIRECTION ( 'NONE',  ( -0.7071067811865475700, -0.7071067811865475700, 0.0000000000000000000 ) ) ;
#3518 = VECTOR ( 'NONE', #1511, 1000.000000000000000 ) ;
#3519 = DIRECTION ( 'NONE',  ( -4.641400604620219000E-016, 1.000000000000000000, 0.0000000000000000000 ) ) ;
#3520 = VERTEX_POINT ( 'NONE', #3251 ) ;
#3521 = LINE ( 'NONE', #566, #770 ) ;
#3522 = CIRCLE ( 'NONE', #960, 1.000000000000000900 ) ;
#3523 = DIRECTION ( 'NONE',  ( -0.0000000000000000000, 0.0000000000000000000, -1.000000000000000000 ) ) ;
#3524 = ADVANCED_FACE ( 'NONE', ( #4473 ), #3218, .F. ) ;
#3525 = EDGE_CURVE ( 'NONE', #1422, #1070, #1108, .T. ) ;
#3526 = DIRECTION ( 'NONE',  ( 0.7071067811865475700, -0.7071067811865475700, 0.0000000000000000000 ) ) ;
#3527 = ORIENTED_EDGE ( 'NONE', *, *, #2673, .T. ) ;
#3528 = DIRECTION ( 'NONE',  ( -0.0000000000000000000, 0.0000000000000000000, 1.000000000000000000 ) ) ;
#3529 = CARTESIAN_POINT ( 'NONE',  ( 15.75552775994166400, -1.062046862187637800, 57.49999999999999300 ) ) ;
#3530 = VERTEX_POINT ( 'NONE', #1114 ) ;
#3531 = FACE_BOUND ( 'NONE', #827, .T. ) ;
#3532 = ADVANCED_FACE ( 'NONE', ( #4126 ), #2362, .F. ) ;
#3533 = EDGE_CURVE ( 'NONE', #2463, #4469, #3042, .T. ) ;
#3534 = FACE_BOUND ( 'NONE', #3618, .T. ) ;
#3535 = DIRECTION ( 'NONE',  ( -0.0000000000000000000, -0.0000000000000000000, 1.000000000000000000 ) ) ;
#3536 = AXIS2_PLACEMENT_3D ( 'NONE', #4332, #2213, #466 ) ;
#3537 = ORIENTED_EDGE ( 'NONE', *, *, #2809, .F. ) ;
#3538 = ORIENTED_EDGE ( 'NONE', *, *, #2896, .T. ) ;
#3539 = CIRCLE ( 'NONE', #1601, 1.000000000000000900 ) ;
#3540 = UNCERTAINTY_MEASURE_WITH_UNIT (LENGTH_MEASURE( 1.000000000000000100E-005 ), #4013, 'distance_accuracy_value', 'NONE');
#3541 = LINE ( 'NONE', #1789, #4247 ) ;
#3542 = EDGE_LOOP ( 'NONE', ( #1820, #2807 ) ) ;
#3543 = EDGE_CURVE ( 'NONE', #2634, #236, #2927, .T. ) ;
#3544 = VERTEX_POINT ( 'NONE', #2175 ) ;
#3545 = AXIS2_PLACEMENT_3D ( 'NONE', #4510, #3086, #1704 ) ;
#3546 = CIRCLE ( 'NONE', #2315, 1.000000000000000000 ) ;
#3547 = LINE ( 'NONE', #3302, #1001 ) ;
#3548 = VERTEX_POINT ( 'NONE', #2907 ) ;
#3549 = CARTESIAN_POINT ( 'NONE',  ( -4.215374028249403400, 18.99168276054421900, 58.49999999999999300 ) ) ;
#3550 = CARTESIAN_POINT ( 'NONE',  ( 17.16389024638079200, 2.509040140443740400, 61.00000000000000000 ) ) ;
#3551 = CARTESIAN_POINT ( 'NONE',  ( -3.253426534397037400, 4.097673768090405800, 61.00000000000000000 ) ) ;
#3552 = CARTESIAN_POINT ( 'NONE',  ( 8.655668061225071600, 19.54230226964525500, 58.49999999999999300 ) ) ;
#3553 = DIRECTION ( 'NONE',  ( -1.000000000000000000, -1.734723475976807100E-015, 0.0000000000000000000 ) ) ;
#3554 = ORIENTED_EDGE ( 'NONE', *, *, #207, .F. ) ;
#3555 = DIRECTION ( 'NONE',  ( 0.0000000000000000000, 0.0000000000000000000, -1.000000000000000000 ) ) ;
#3556 = ADVANCED_FACE ( 'NONE', ( #1168 ), #3595, .F. ) ;
#3557 = DIRECTION ( 'NONE',  ( 1.000000000000000000, 0.0000000000000000000, 0.0000000000000000000 ) ) ;
#3558 = DIRECTION ( 'NONE',  ( 1.000000000000000000, 3.569163070562645700E-016, 0.0000000000000000000 ) ) ;
#3559 = EDGE_CURVE ( 'NONE', #2975, #1289, #2091, .T. ) ;
#3560 = EDGE_LOOP ( 'NONE', ( #1329, #1416, #2109, #2169, #1813, #2509, #3439 ) ) ;
#3561 = CIRCLE ( 'NONE', #3506, 53.12058191901591900 ) ;
#3562 = CARTESIAN_POINT ( 'NONE',  ( 7.988432065284186500, 7.988432065284186500, 58.49999999999999300 ) ) ;
#3563 = DIRECTION ( 'NONE',  ( 0.7071067811865475700, -0.7071067811865475700, 0.0000000000000000000 ) ) ;
#3564 = CARTESIAN_POINT ( 'NONE',  ( -8.475530016074323200, -1.124429713586878600, 61.00000000000000000 ) ) ;
#3565 = VERTEX_POINT ( 'NONE', #83 ) ;
#3566 = AXIS2_PLACEMENT_3D ( 'NONE', #2070, #1344, #4543 ) ;
#3567 = DIRECTION ( 'NONE',  ( -1.000000000000000000, 0.0000000000000000000, 0.0000000000000000000 ) ) ;
#3568 = DIRECTION ( 'NONE',  ( -0.0000000000000000000, -0.0000000000000000000, -1.000000000000000000 ) ) ;
#3569 = AXIS2_PLACEMENT_3D ( 'NONE', #2881, #1466, #4282 ) ;
#3570 = EDGE_CURVE ( 'NONE', #4192, #1124, #2256, .T. ) ;
#3571 = CARTESIAN_POINT ( 'NONE',  ( -10.24329696904069400, 24.80594753723597300, 58.49999999999999300 ) ) ;
#3572 = DIRECTION ( 'NONE',  ( -0.0000000000000000000, -0.0000000000000000000, 1.000000000000000000 ) ) ;
#3573 = CARTESIAN_POINT ( 'NONE',  ( -15.68711808595947600, -7.275357611692262700, 61.00000000000000000 ) ) ;
#3574 = VECTOR ( 'NONE', #620, 1000.000000000000000 ) ;
#3575 = ORIENTED_EDGE ( 'NONE', *, *, #753, .T. ) ;
#3576 = CARTESIAN_POINT ( 'NONE',  ( 11.13054179537798700, 8.381856241123118800, 61.00000000000000000 ) ) ;
#3577 = VECTOR ( 'NONE', #3076, 1000.000000000000100 ) ;
#3578 = ADVANCED_FACE ( 'NONE', ( #3087 ), #179, .T. ) ;
#3579 = CARTESIAN_POINT ( 'NONE',  ( -4.314086706176859700, 5.158333939870229500, 57.49999999999999300 ) ) ;
#3580 = ORIENTED_EDGE ( 'NONE', *, *, #3171, .T. ) ;
#3581 = DIRECTION ( 'NONE',  ( 1.000000000000000000, 3.569163070562645700E-016, 0.0000000000000000000 ) ) ;
#3582 = LINE ( 'NONE', #1571, #269 ) ;
#3583 = CYLINDRICAL_SURFACE ( 'NONE', #81, 10.58333333333333400 ) ;
#3584 = DIRECTION ( 'NONE',  ( 1.000000000000000000, 0.0000000000000000000, 0.0000000000000000000 ) ) ;
#3585 = CYLINDRICAL_SURFACE ( 'NONE', #1109, 1.000000000000000000 ) ;
#3586 = DIRECTION ( 'NONE',  ( 0.0000000000000000000, 0.0000000000000000000, -1.000000000000000000 ) ) ;
#3587 = DIRECTION ( 'NONE',  ( 1.000000000000000000, 0.0000000000000000000, 0.0000000000000000000 ) ) ;
#3588 = EDGE_LOOP ( 'NONE', ( #2428, #386, #4025, #182 ) ) ;
#3589 = EDGE_LOOP ( 'NONE', ( #3652, #1930, #1264, #608 ) ) ;
#3590 = EDGE_LOOP ( 'NONE', ( #2597, #1227, #2420, #3216 ) ) ;
#3591 = EDGE_CURVE ( 'NONE', #4540, #3951, #1320, .T. ) ;
#3592 = CARTESIAN_POINT ( 'NONE',  ( -71.04602967032586500, 20.56252476838806200, 30.50000000000000400 ) ) ;
#3593 = CARTESIAN_POINT ( 'NONE',  ( -10.24329696904069400, 24.80594753723597300, 61.00000000000000000 ) ) ;
#3594 = CARTESIAN_POINT ( 'NONE',  ( -71.04602967032589300, 66.01080552151316300, 57.99999999999999300 ) ) ;
#3595 = CYLINDRICAL_SURFACE ( 'NONE', #1083, 9.083333333333332100 ) ;
#3596 = EDGE_LOOP ( 'NONE', ( #3389, #1305, #317, #1702 ) ) ;
#3597 = ORIENTED_EDGE ( 'NONE', *, *, #203, .F. ) ;
#3598 = DIRECTION ( 'NONE',  ( -0.0000000000000000000, -0.0000000000000000000, 1.000000000000000000 ) ) ;
#3599 = VERTEX_POINT ( 'NONE', #2843 ) ;
#3600 = EDGE_CURVE ( 'NONE', #504, #2289, #1929, .T. ) ;
#3601 = CARTESIAN_POINT ( 'NONE',  ( 4.312881914040462800, 12.72464238830773000, 58.49999999999999300 ) ) ;
#3602 = VECTOR ( 'NONE', #212, 1000.000000000000000 ) ;
#3603 = AXIS2_PLACEMENT_3D ( 'NONE', #1537, #149, #1883 ) ;
#3604 = ORIENTED_EDGE ( 'NONE', *, *, #987, .F. ) ;
#3605 = DIRECTION ( 'NONE',  ( 1.000000000000000000, 0.0000000000000000000, 0.0000000000000000000 ) ) ;
#3606 = CYLINDRICAL_SURFACE ( 'NONE', #1335, 1.000000000000000900 ) ;
#3607 = CIRCLE ( 'NONE', #698, 2.500000000000000400 ) ;
#3608 = ADVANCED_FACE ( 'NONE', ( #2706 ), #3862, .F. ) ;
#3609 = DIRECTION ( 'NONE',  ( 0.7071067811865474600, 0.7071067811865474600, 0.0000000000000000000 ) ) ;
#3610 = CARTESIAN_POINT ( 'NONE',  ( 20.64631557328216600, 30.53294978170234900, 58.49999999999999300 ) ) ;
#3611 =( GEOMETRIC_REPRESENTATION_CONTEXT ( 3 ) GLOBAL_UNCERTAINTY_ASSIGNED_CONTEXT ( ( #3621 ) ) GLOBAL_UNIT_ASSIGNED_CONTEXT ( ( #1405, #2837, #2741 ) ) REPRESENTATION_CONTEXT ( 'NONE', 'WORKASPACE' ) );
#3612 = CARTESIAN_POINT ( 'NONE',  ( 18.16195401593507000, -0.06376954180705926600, 57.49999999999999300 ) ) ;
#3613 = EDGE_LOOP ( 'NONE', ( #3728, #4233, #4149, #875 ) ) ;
#3614 = DIRECTION ( 'NONE',  ( 1.000000000000000000, 0.0000000000000000000, 0.0000000000000000000 ) ) ;
#3615 = DIRECTION ( 'NONE',  ( 0.0000000000000000000, -0.0000000000000000000, -1.000000000000000000 ) ) ;
#3616 = DIRECTION ( 'NONE',  ( -0.7071067811865475700, -0.7071067811865475700, 0.0000000000000000000 ) ) ;
#3617 = ORIENTED_EDGE ( 'NONE', *, *, #2708, .T. ) ;
#3618 = EDGE_LOOP ( 'NONE', ( #2774, #4404, #1299, #1790, #2143, #2722, #3186 ) ) ;
#3619 = DIRECTION ( 'NONE',  ( 0.0000000000000000000, 0.0000000000000000000, -1.000000000000000000 ) ) ;
#3620 = EDGE_CURVE ( 'NONE', #2963, #2638, #3803, .T. ) ;
#3621 = UNCERTAINTY_MEASURE_WITH_UNIT (LENGTH_MEASURE( 1.000000000000000100E-005 ), #1405, 'distance_accuracy_value', 'NONE');
#3622 = CARTESIAN_POINT ( 'NONE',  ( 14.89621524737379600, 12.72464238830773000, 57.49999999999999300 ) ) ;
#3623 = AXIS2_PLACEMENT_3D ( 'NONE', #1247, #3720, #2960 ) ;
#3624 = EDGE_LOOP ( 'NONE', ( #2125, #4463, #584, #156 ) ) ;
#3625 = ADVANCED_FACE ( 'NONE', ( #1055 ), #2815, .F. ) ;
#3626 = DIRECTION ( 'NONE',  ( -0.0000000000000000000, -0.0000000000000000000, 1.000000000000000000 ) ) ;
#3627 = DIRECTION ( 'NONE',  ( -0.0000000000000000000, -0.0000000000000000000, 1.000000000000000000 ) ) ;
#3628 = CYLINDRICAL_SURFACE ( 'NONE', #2283, 1.000000000000000900 ) ;
#3629 = CARTESIAN_POINT ( 'NONE',  ( -17.73711808595947700, -7.275357611692262700, 61.00000000000000000 ) ) ;
#3630 = AXIS2_PLACEMENT_3D ( 'NONE', #2107, #3179, #1757 ) ;
#3631 = CIRCLE ( 'NONE', #989, 1.000000000000000000 ) ;
#3632 = PLANE ( 'NONE',  #2477 ) ;
#3633 = CARTESIAN_POINT ( 'NONE',  ( -71.04602967032585100, -30.37519891327388400, 59.00000000000000000 ) ) ;
#3634 = DIRECTION ( 'NONE',  ( -0.0000000000000000000, 0.0000000000000000000, -1.000000000000000000 ) ) ;
#3635 = ORIENTED_EDGE ( 'NONE', *, *, #3356, .T. ) ;
#3636 = VECTOR ( 'NONE', #4153, 1000.000000000000000 ) ;
#3637 = DIRECTION ( 'NONE',  ( -0.0000000000000000000, 0.0000000000000000000, -1.000000000000000000 ) ) ;
#3638 = DIRECTION ( 'NONE',  ( 0.0000000000000000000, 0.0000000000000000000, -1.000000000000000000 ) ) ;
#3639 = ORIENTED_EDGE ( 'NONE', *, *, #953, .F. ) ;
#3640 = LINE ( 'NONE', #589, #2797 ) ;
#3641 = CYLINDRICAL_SURFACE ( 'NONE', #3714, 1.000000000000000900 ) ;
#3642 = DIRECTION ( 'NONE',  ( 0.0000000000000000000, -0.0000000000000000000, -1.000000000000000000 ) ) ;
#3643 = DIRECTION ( 'NONE',  ( -0.0000000000000000000, -0.0000000000000000000, 1.000000000000000000 ) ) ;
#3644 = ORIENTED_EDGE ( 'NONE', *, *, #701, .T. ) ;
#3645 = DIRECTION ( 'NONE',  ( 0.7071067811865474600, 0.7071067811865474600, 0.0000000000000000000 ) ) ;
#3646 = VERTEX_POINT ( 'NONE', #1218 ) ;
#3647 = LINE ( 'NONE', #3551, #4235 ) ;
#3648 = EDGE_CURVE ( 'NONE', #916, #2331, #61, .T. ) ;
#3649 = ORIENTED_EDGE ( 'NONE', *, *, #1336, .F. ) ;
#3650 = ORIENTED_EDGE ( 'NONE', *, *, #2462, .T. ) ;
#3651 = CARTESIAN_POINT ( 'NONE',  ( -12.78831869816761100, -3.315898052120521000, 61.00000000000000000 ) ) ;
#3652 = ORIENTED_EDGE ( 'NONE', *, *, #3827, .T. ) ;
#3653 = VECTOR ( 'NONE', #295, 1000.000000000000100 ) ;
#3654 = EDGE_CURVE ( 'NONE', #2354, #1327, #122, .T. ) ;
#3655 = ORIENTED_EDGE ( 'NONE', *, *, #1307, .F. ) ;
#3656 =( NAMED_UNIT ( * ) PLANE_ANGLE_UNIT ( ) SI_UNIT ( $, .RADIAN. ) );
#3657 = DIRECTION ( 'NONE',  ( 1.000000000000000000, 3.569163070562645700E-016, 0.0000000000000000000 ) ) ;
#3658 = CARTESIAN_POINT ( 'NONE',  ( 21.41408252624853500, 28.76518282873598100, 57.49999999999999300 ) ) ;
#3659 = VECTOR ( 'NONE', #3453, 1000.000000000000000 ) ;
#3660 = VERTEX_POINT ( 'NONE', #1874 ) ;
#3661 = DIRECTION ( 'NONE',  ( -0.0000000000000000000, -0.0000000000000000000, 1.000000000000000000 ) ) ;
#3662 = AXIS2_PLACEMENT_3D ( 'NONE', #2608, #1506, #1517 ) ;
#3663 = EDGE_CURVE ( 'NONE', #1118, #3744, #943, .T. ) ;
#3664 = VECTOR ( 'NONE', #2051, 1000.000000000000100 ) ;
#3665 = ORIENTED_EDGE ( 'NONE', *, *, #2275, .T. ) ;
#3666 = CARTESIAN_POINT ( 'NONE',  ( -71.04602967032589300, 63.80992920665785600, 60.20000000000000300 ) ) ;
#3667 = DIRECTION ( 'NONE',  ( -1.000000000000000000, 0.0000000000000000000, 0.0000000000000000000 ) ) ;
#3668 = CARTESIAN_POINT ( 'NONE',  ( 60.16044702067368600, 27.37181057052339700, 30.50000000000000000 ) ) ;
#3669 = AXIS2_PLACEMENT_3D ( 'NONE', #1754, #2785, #4218 ) ;
#3670 = VERTEX_POINT ( 'NONE', #523 ) ;
#3671 = DIRECTION ( 'NONE',  ( 0.0000000000000000000, 0.0000000000000000000, -1.000000000000000000 ) ) ;
#3672 = DIRECTION ( 'NONE',  ( 1.000000000000000000, 3.569163070562645700E-016, -0.0000000000000000000 ) ) ;
#3673 = ORIENTED_EDGE ( 'NONE', *, *, #404, .T. ) ;
#3674 = ORIENTED_EDGE ( 'NONE', *, *, #2179, .T. ) ;
#3675 = DIRECTION ( 'NONE',  ( -0.0000000000000000000, 0.0000000000000000000, -1.000000000000000000 ) ) ;
#3676 = CARTESIAN_POINT ( 'NONE',  ( -71.04602967032589300, 62.38638211391247500, 60.20000000000000300 ) ) ;
#3677 = EDGE_CURVE ( 'NONE', #3969, #916, #1, .T. ) ;
#3678 = DIRECTION ( 'NONE',  ( 0.7071067811865474600, -0.7071067811865474600, 0.0000000000000000000 ) ) ;
#3679 = EDGE_CURVE ( 'NONE', #1369, #1327, #1876, .T. ) ;
#3680 = CARTESIAN_POINT ( 'NONE',  ( -5.987556927322926500, 24.08574140145093500, 61.00000000000000000 ) ) ;
#3681 = EDGE_CURVE ( 'NONE', #2411, #1700, #2599, .T. ) ;
#3682 = CIRCLE ( 'NONE', #4481, 24.50000000000000000 ) ;
#3683 = AXIS2_PLACEMENT_3D ( 'NONE', #197, #527, #907 ) ;
#3684 = ORIENTED_EDGE ( 'NONE', *, *, #452, .T. ) ;
#3685 = DIRECTION ( 'NONE',  ( 0.7071067811865474600, 0.7071067811865474600, 0.0000000000000000000 ) ) ;
#3686 = CIRCLE ( 'NONE', #4000, 2.000000000000001800 ) ;
#3687 = ORIENTED_EDGE ( 'NONE', *, *, #2878, .F. ) ;
#3688 = AXIS2_PLACEMENT_3D ( 'NONE', #2214, #3919, #3587 ) ;
#3689 = CIRCLE ( 'NONE', #3772, 24.50000000000000000 ) ;
#3690 = DIRECTION ( 'NONE',  ( -1.000000000000000000, 0.0000000000000000000, 0.0000000000000000000 ) ) ;
#3691 = DIRECTION ( 'NONE',  ( -1.000000000000000000, 0.0000000000000000000, -0.0000000000000000000 ) ) ;
#3692 = ORIENTED_EDGE ( 'NONE', *, *, #426, .T. ) ;
#3693 = CARTESIAN_POINT ( 'NONE',  ( -11.72765852638778800, 29.82584300051579600, 61.00000000000000000 ) ) ;
#3694 = FACE_BOUND ( 'NONE', #863, .T. ) ;
#3695 = VECTOR ( 'NONE', #2248, 1000.000000000000000 ) ;
#3696 = DIRECTION ( 'NONE',  ( -0.0000000000000000000, -0.0000000000000000000, 1.000000000000000000 ) ) ;
#3697 = VECTOR ( 'NONE', #2954, 1000.000000000000000 ) ;
#3698 = VERTEX_POINT ( 'NONE', #1180 ) ;
#3699 = ORIENTED_EDGE ( 'NONE', *, *, #1579, .F. ) ;
#3700 = ORIENTED_EDGE ( 'NONE', *, *, #1519, .T. ) ;
#3701 = CARTESIAN_POINT ( 'NONE',  ( 8.655668061225071600, 5.906982506970207300, 61.00000000000000000 ) ) ;
#3702 = CIRCLE ( 'NONE', #4176, 1.000000000000000900 ) ;
#3703 = ORIENTED_EDGE ( 'NONE', *, *, #1658, .F. ) ;
#3704 = ORIENTED_EDGE ( 'NONE', *, *, #3817, .F. ) ;
#3705 = ORIENTED_EDGE ( 'NONE', *, *, #1141, .T. ) ;
#3706 = EDGE_CURVE ( 'NONE', #1124, #3083, #3257, .T. ) ;
#3707 = CIRCLE ( 'NONE', #2913, 10.58333333333333400 ) ;
#3708 = CARTESIAN_POINT ( 'NONE',  ( -3.675550151243721400, 3.675550151243721400, 61.00000000000000000 ) ) ;
#3709 = PLANE ( 'NONE',  #169 ) ;
#3710 = CARTESIAN_POINT ( 'NONE',  ( -8.538126418299873100, 22.94024463617172000, 61.00000000000000000 ) ) ;
#3711 = ORIENTED_EDGE ( 'NONE', *, *, #753, .F. ) ;
#3712 = FACE_OUTER_BOUND ( 'NONE', #279, .T. ) ;
#3713 = CIRCLE ( 'NONE', #3545, 1.000000000000000900 ) ;
#3714 = AXIS2_PLACEMENT_3D ( 'NONE', #471, #3935, #791 ) ;
#3715 = CARTESIAN_POINT ( 'NONE',  ( 7.988432065284186500, 7.988432065284186500, 57.49999999999999300 ) ) ;
#3716 = ORIENTED_EDGE ( 'NONE', *, *, #3461, .F. ) ;
#3717 = AXIS2_PLACEMENT_3D ( 'NONE', #1722, #1401, #10 ) ;
#3718 = EDGE_LOOP ( 'NONE', ( #74, #2766, #2244, #2310 ) ) ;
#3719 = CARTESIAN_POINT ( 'NONE',  ( 11.97396363636820000, 17.60468042998940400, 61.00000000000000000 ) ) ;
#3720 = DIRECTION ( 'NONE',  ( -0.7071067811865475700, -0.7071067811865475700, 0.0000000000000000000 ) ) ;
#3721 = ORIENTED_EDGE ( 'NONE', *, *, #1731, .F. ) ;
#3722 = VERTEX_POINT ( 'NONE', #1559 ) ;
#3723 = DIRECTION ( 'NONE',  ( -0.0000000000000000000, 0.0000000000000000000, -1.000000000000000000 ) ) ;
#3724 = CARTESIAN_POINT ( 'NONE',  ( -3.348199808287273700, 17.60468042998940800, 58.49999999999999300 ) ) ;
#3725 = CARTESIAN_POINT ( 'NONE',  ( 22.87898962204761200, -3.261277809625109800, 58.49999999999999300 ) ) ;
#3726 = DIRECTION ( 'NONE',  ( 1.000000000000000000, -3.469446951953611000E-015, 0.0000000000000000000 ) ) ;
#3727 = ORIENTED_EDGE ( 'NONE', *, *, #2854, .F. ) ;
#3728 = ORIENTED_EDGE ( 'NONE', *, *, #4110, .F. ) ;
#3729 = EDGE_CURVE ( 'NONE', #4569, #3335, #981, .T. ) ;
#3730 = CARTESIAN_POINT ( 'NONE',  ( -13.49542547935415500, -2.608791270933972200, 57.49999999999999300 ) ) ;
#3731 = VECTOR ( 'NONE', #3004, 1000.000000000000000 ) ;
#3732 = DIRECTION ( 'NONE',  ( 0.7071067811865474600, 0.7071067811865474600, 0.0000000000000000000 ) ) ;
#3733 = DIRECTION ( 'NONE',  ( 0.0000000000000000000, 0.0000000000000000000, -1.000000000000000000 ) ) ;
#3734 = AXIS2_PLACEMENT_3D ( 'NONE', #1788, #1480, #854 ) ;
#3735 = VECTOR ( 'NONE', #3645, 1000.000000000000100 ) ;
#3736 = DIRECTION ( 'NONE',  ( -1.000000000000000000, 0.0000000000000000000, 0.0000000000000000000 ) ) ;
#3737 = VERTEX_POINT ( 'NONE', #3294 ) ;
#3738 = EDGE_CURVE ( 'NONE', #4152, #3811, #654, .T. ) ;
#3739 = ORIENTED_EDGE ( 'NONE', *, *, #2330, .T. ) ;
#3740 = AXIS2_PLACEMENT_3D ( 'NONE', #3576, #1479, #91 ) ;
#3741 = FACE_BOUND ( 'NONE', #1151, .T. ) ;
#3742 = CIRCLE ( 'NONE', #3982, 9.083333333333332100 ) ;
#3743 = EDGE_CURVE ( 'NONE', #232, #79, #760, .T. ) ;
#3744 = VERTEX_POINT ( 'NONE', #1891 ) ;
#3745 = DIRECTION ( 'NONE',  ( -0.0000000000000000000, -0.0000000000000000000, 1.000000000000000000 ) ) ;
#3746 = CIRCLE ( 'NONE', #2277, 1.000000000000000000 ) ;
#3747 = VECTOR ( 'NONE', #774, 1000.000000000000000 ) ;
#3748 = EDGE_LOOP ( 'NONE', ( #2514, #666, #2045, #47 ) ) ;
#3749 = AXIS2_PLACEMENT_3D ( 'NONE', #18, #1427, #3890 ) ;
#3750 = ORIENTED_EDGE ( 'NONE', *, *, #2010, .T. ) ;
#3751 = DIRECTION ( 'NONE',  ( 1.000000000000000000, 0.0000000000000000000, 0.0000000000000000000 ) ) ;
#3752 = FACE_OUTER_BOUND ( 'NONE', #3774, .T. ) ;
#3753 = DIRECTION ( 'NONE',  ( -1.000000000000000000, 0.0000000000000000000, 0.0000000000000000000 ) ) ;
#3754 = CARTESIAN_POINT ( 'NONE',  ( 11.13054179537799000, 17.06742853549233600, 57.49999999999999300 ) ) ;
#3755 = EDGE_LOOP ( 'NONE', ( #559, #4458 ) ) ;
#3756 = ORIENTED_EDGE ( 'NONE', *, *, #2693, .F. ) ;
#3757 = CIRCLE ( 'NONE', #1137, 1.000000000000000000 ) ;
#3758 = VECTOR ( 'NONE', #2925, 1000.000000000000000 ) ;
#3759 = VERTEX_POINT ( 'NONE', #1903 ) ;
#3760 = ADVANCED_FACE ( 'NONE', ( #3290 ), #3352, .T. ) ;
#3761 = CARTESIAN_POINT ( 'NONE',  ( 15.67398092718366700, 2.424203546944344400, 58.49999999999999300 ) ) ;
#3762 = VECTOR ( 'NONE', #3558, 1000.000000000000000 ) ;
#3763 = EDGE_CURVE ( 'NONE', #1654, #3951, #46, .T. ) ;
#3764 = ADVANCED_FACE ( 'NONE', ( #1278 ), #1652, .F. ) ;
#3765 = ORIENTED_EDGE ( 'NONE', *, *, #3893, .T. ) ;
#3766 = CARTESIAN_POINT ( 'NONE',  ( -11.67303828389238500, 31.29075009631489100, 57.49999999999999300 ) ) ;
#3767 = DIRECTION ( 'NONE',  ( -0.0000000000000000000, 0.0000000000000000000, -1.000000000000000000 ) ) ;
#3768 = CARTESIAN_POINT ( 'NONE',  ( -15.68711808595947600, 32.72464238830784200, 61.00000000000000000 ) ) ;
#3769 = EDGE_CURVE ( 'NONE', #2969, #439, #132, .T. ) ;
#3770 = EDGE_LOOP ( 'NONE', ( #1188, #1102, #4483, #4122 ) ) ;
#3771 = ORIENTED_EDGE ( 'NONE', *, *, #4110, .T. ) ;
#3772 = AXIS2_PLACEMENT_3D ( 'NONE', #32, #3174, #3557 ) ;
#3773 = CARTESIAN_POINT ( 'NONE',  ( -71.04602967032589300, 66.23011617120124600, 61.00000000000000000 ) ) ;
#3774 = EDGE_LOOP ( 'NONE', ( #1016, #816, #837, #56 ) ) ;
#3775 = FACE_OUTER_BOUND ( 'NONE', #267, .T. ) ;
#3776 = AXIS2_PLACEMENT_3D ( 'NONE', #2307, #3388, #562 ) ;
#3777 = ORIENTED_EDGE ( 'NONE', *, *, #667, .T. ) ;
#3778 = DIRECTION ( 'NONE',  ( 1.000000000000000000, 0.0000000000000000000, 0.0000000000000000000 ) ) ;
#3779 = ORIENTED_EDGE ( 'NONE', *, *, #1350, .T. ) ;
#3780 = ORIENTED_EDGE ( 'NONE', *, *, #1336, .T. ) ;
#3781 = DIRECTION ( 'NONE',  ( -0.0000000000000000000, 0.0000000000000000000, -1.000000000000000000 ) ) ;
#3782 = EDGE_CURVE ( 'NONE', #3465, #1234, #560, .T. ) ;
#3783 = LINE ( 'NONE', #158, #2844 ) ;
#3784 = ORIENTED_EDGE ( 'NONE', *, *, #224, .F. ) ;
#3785 = CARTESIAN_POINT ( 'NONE',  ( 4.312881914040462800, 12.72464238830773000, 57.99999999999998600 ) ) ;
#3786 = DIRECTION ( 'NONE',  ( 1.000000000000000000, 0.0000000000000000000, 0.0000000000000000000 ) ) ;
#3787 = VECTOR ( 'NONE', #360, 1000.000000000000000 ) ;
#3788 = DIRECTION ( 'NONE',  ( -0.0000000000000000000, -0.0000000000000000000, 1.000000000000000000 ) ) ;
#3789 = CARTESIAN_POINT ( 'NONE',  ( -3.675550151243721400, 3.675550151243721400, 57.49999999999999300 ) ) ;
#3790 = AXIS2_PLACEMENT_3D ( 'NONE', #2430, #3120, #327 ) ;
#3791 = EDGE_LOOP ( 'NONE', ( #796, #3208, #1723, #2434 ) ) ;
#3792 = DIRECTION ( 'NONE',  ( -0.0000000000000000000, -0.0000000000000000000, 1.000000000000000000 ) ) ;
#3793 = VECTOR ( 'NONE', #2437, 1000.000000000000100 ) ;
#3794 = FACE_OUTER_BOUND ( 'NONE', #2794, .T. ) ;
#3795 = VERTEX_POINT ( 'NONE', #3129 ) ;
#3796 = CARTESIAN_POINT ( 'NONE',  ( 19.64631557328216600, 30.53294978170234900, 61.00000000000000000 ) ) ;
#3797 = EDGE_CURVE ( 'NONE', #324, #626, #3471, .T. ) ;
#3798 = LINE ( 'NONE', #4380, #984 ) ;
#3799 = CIRCLE ( 'NONE', #632, 1.000000000000000900 ) ;
#3800 = ORIENTED_EDGE ( 'NONE', *, *, #3161, .F. ) ;
#3801 = ORIENTED_EDGE ( 'NONE', *, *, #1426, .F. ) ;
#3802 = ORIENTED_EDGE ( 'NONE', *, *, #306, .F. ) ;
#3803 = CIRCLE ( 'NONE', #121, 1.000000000000000900 ) ;
#3804 = DIRECTION ( 'NONE',  ( -0.0000000000000000000, 0.0000000000000000000, -1.000000000000000000 ) ) ;
#3805 = EDGE_LOOP ( 'NONE', ( #2977, #1573, #2299, #742 ) ) ;
#3806 = EDGE_LOOP ( 'NONE', ( #1557, #1533, #2335, #1871 ) ) ;
#3807 = ORIENTED_EDGE ( 'NONE', *, *, #2623, .F. ) ;
#3808 = CARTESIAN_POINT ( 'NONE',  ( 11.87919036247796400, 4.097673768090408500, 58.49999999999999300 ) ) ;
#3809 = CIRCLE ( 'NONE', #2503, 2.049999999999999800 ) ;
#3810 = DIRECTION ( 'NONE',  ( -0.0000000000000000000, -0.0000000000000000000, 1.000000000000000000 ) ) ;
#3811 = VERTEX_POINT ( 'NONE', #977 ) ;
#3812 = VERTEX_POINT ( 'NONE', #2390 ) ;
#3813 = CYLINDRICAL_SURFACE ( 'NONE', #1880, 2.000000000000001800 ) ;
#3814 = CARTESIAN_POINT ( 'NONE',  ( -2.504777967297061800, 8.381856241123122300, 61.00000000000000000 ) ) ;
#3815 = ORIENTED_EDGE ( 'NONE', *, *, #2373, .F. ) ;
#3816 = CARTESIAN_POINT ( 'NONE',  ( -2.504777967297062300, 17.06742853549234000, 58.49999999999999300 ) ) ;
#3817 = EDGE_CURVE ( 'NONE', #896, #3969, #1603, .T. ) ;
#3818 = CARTESIAN_POINT ( 'NONE',  ( 20.64631557328216600, -5.083665005086887200, 61.00000000000000000 ) ) ;
#3819 = DIRECTION ( 'NONE',  ( -0.0000000000000000000, 0.0000000000000000000, 1.000000000000000000 ) ) ;
#3820 = CARTESIAN_POINT ( 'NONE',  ( 15.75552775994166400, 26.51133163880309600, 58.49999999999999300 ) ) ;
#3821 = ORIENTED_EDGE ( 'NONE', *, *, #2850, .T. ) ;
#3822 = CYLINDRICAL_SURFACE ( 'NONE', #1524, 59.80000000000000400 ) ;
#3823 = AXIS2_PLACEMENT_3D ( 'NONE', #1164, #4365, #101 ) ;
#3824 = DIRECTION ( 'NONE',  ( -1.000000000000000000, -8.673617379884027600E-016, 0.0000000000000000000 ) ) ;
#3825 = DIRECTION ( 'NONE',  ( -0.0000000000000000000, -0.0000000000000000000, 1.000000000000000000 ) ) ;
#3826 = ORIENTED_EDGE ( 'NONE', *, *, #73, .F. ) ;
#3827 = EDGE_CURVE ( 'NONE', #1993, #570, #2875, .T. ) ;
#3828 = CARTESIAN_POINT ( 'NONE',  ( 11.17208358129141700, 22.05871778971160100, 61.00000000000000000 ) ) ;
#3829 = CARTESIAN_POINT ( 'NONE',  ( -5.021193487363407600, 19.58384405555868600, 57.49999999999999300 ) ) ;
#3830 = AXIS2_PLACEMENT_3D ( 'NONE', #2351, #1614, #2309 ) ;
#3831 = DIRECTION ( 'NONE',  ( -0.0000000000000000000, 0.0000000000000000000, -1.000000000000000000 ) ) ;
#3832 = DIRECTION ( 'NONE',  ( 0.7071067811865474600, -0.7071067811865474600, 0.0000000000000000000 ) ) ;
#3833 = ORIENTED_EDGE ( 'NONE', *, *, #3384, .T. ) ;
#3834 = CIRCLE ( 'NONE', #4035, 9.083333333333332100 ) ;
#3835 = ORIENTED_EDGE ( 'NONE', *, *, #1937, .T. ) ;
#3836 = CARTESIAN_POINT ( 'NONE',  ( -71.04602967032590800, 118.4771256549985000, 30.50000000000002100 ) ) ;
#3837 = VECTOR ( 'NONE', #3568, 1000.000000000000000 ) ;
#3838 = DIRECTION ( 'NONE',  ( -0.0000000000000000000, -0.0000000000000000000, 1.000000000000000000 ) ) ;
#3839 = EDGE_CURVE ( 'NONE', #3660, #838, #2958, .T. ) ;
#3840 = VERTEX_POINT ( 'NONE', #2037 ) ;
#3841 = CARTESIAN_POINT ( 'NONE',  ( 18.16195401593507300, 25.51305431842251900, 61.00000000000000000 ) ) ;
#3842 = CARTESIAN_POINT ( 'NONE',  ( 7.988432065284186500, 7.988432065284186500, 57.49999999999999300 ) ) ;
#3843 = DIRECTION ( 'NONE',  ( 1.000000000000000000, 0.0000000000000000000, 0.0000000000000000000 ) ) ;
#3844 = FACE_BOUND ( 'NONE', #1613, .T. ) ;
#3845 = VERTEX_POINT ( 'NONE', #2748 ) ;
#3846 = ADVANCED_FACE ( 'NONE', ( #1228 ), #39, .F. ) ;
#3847 = DIRECTION ( 'NONE',  ( -0.0000000000000000000, -0.0000000000000000000, 1.000000000000000000 ) ) ;
#3848 = VECTOR ( 'NONE', #2058, 1000.000000000000100 ) ;
#3849 = AXIS2_PLACEMENT_3D ( 'NONE', #1057, #3517, #3172 ) ;
#3850 = FACE_OUTER_BOUND ( 'NONE', #1421, .T. ) ;
#3851 = ORIENTED_EDGE ( 'NONE', *, *, #1298, .F. ) ;
#3852 = ORIENTED_EDGE ( 'NONE', *, *, #2517, .F. ) ;
#3853 = VECTOR ( 'NONE', #2669, 1000.000000000000100 ) ;
#3854 = CYLINDRICAL_SURFACE ( 'NONE', #2904, 17.91666666666666800 ) ;
#3855 = ORIENTED_EDGE ( 'NONE', *, *, #203, .T. ) ;
#3856 = EDGE_LOOP ( 'NONE', ( #4293, #3833, #3509, #2698 ) ) ;
#3857 = CARTESIAN_POINT ( 'NONE',  ( -11.02055174520123700, -5.083665005086890800, 57.49999999999999300 ) ) ;
#3858 = ORIENTED_EDGE ( 'NONE', *, *, #2096, .T. ) ;
#3859 = DIRECTION ( 'NONE',  ( 0.7071067811865474600, -0.7071067811865474600, 0.0000000000000000000 ) ) ;
#3860 = CARTESIAN_POINT ( 'NONE',  ( 18.16195401593507300, -0.06376954180706100000, 58.49999999999999300 ) ) ;
#3861 = CARTESIAN_POINT ( 'NONE',  ( 15.75552775994166100, -1.062046862187636000, 61.00000000000000000 ) ) ;
#3862 = CYLINDRICAL_SURFACE ( 'NONE', #2948, 2.049999999999999800 ) ;
#3863 = ORIENTED_EDGE ( 'NONE', *, *, #2423, .T. ) ;
#3864 = ORIENTED_EDGE ( 'NONE', *, *, #161, .T. ) ;
#3865 = CIRCLE ( 'NONE', #4090, 1.000000000000000900 ) ;
#3866 = ORIENTED_EDGE ( 'NONE', *, *, #4377, .F. ) ;
#3867 = LINE ( 'NONE', #3287, #4484 ) ;
#3868 = ADVANCED_FACE ( 'NONE', ( #2903 ), #217, .F. ) ;
#3869 = FILL_AREA_STYLE ('',( #1784 ) ) ;
#3870 = EDGE_CURVE ( 'NONE', #1260, #3795, #3512, .T. ) ;
#3871 = PLANE ( 'NONE',  #1197 ) ;
#3872 = CARTESIAN_POINT ( 'NONE',  ( -71.04602967032586500, 27.37181057052335100, 30.50000000000000000 ) ) ;
#3873 = ORIENTED_EDGE ( 'NONE', *, *, #1869, .F. ) ;
#3874 = EDGE_CURVE ( 'NONE', #2486, #2752, #4457, .T. ) ;
#3875 = EDGE_LOOP ( 'NONE', ( #3096, #3056, #1694, #1520 ) ) ;
#3876 = CARTESIAN_POINT ( 'NONE',  ( -9.243296969040692100, 24.80594753723597300, 57.49999999999999300 ) ) ;
#3877 = AXIS2_PLACEMENT_3D ( 'NONE', #535, #206, #4048 ) ;
#3878 = EDGE_LOOP ( 'NONE', ( #144, #2924, #2871, #2717 ) ) ;
#3879 = EDGE_CURVE ( 'NONE', #1124, #2778, #104, .T. ) ;
#3880 = DIRECTION ( 'NONE',  ( -1.000000000000000000, 0.0000000000000000000, 0.0000000000000000000 ) ) ;
#3881 = CARTESIAN_POINT ( 'NONE',  ( -71.04602967032590800, 118.4771256549985000, 30.50000000000002100 ) ) ;
#3882 = CARTESIAN_POINT ( 'NONE',  ( 60.16044702067370800, -28.37519891327383800, 59.00000000000000000 ) ) ;
#3883 = DIRECTION ( 'NONE',  ( -0.0000000000000000000, 0.0000000000000000000, -1.000000000000000000 ) ) ;
#3884 = ORIENTED_EDGE ( 'NONE', *, *, #1326, .F. ) ;
#3885 = ADVANCED_FACE ( 'NONE', ( #1967 ), #1468, .T. ) ;
#3886 = CIRCLE ( 'NONE', #180, 1.000000000000000900 ) ;
#3887 = VERTEX_POINT ( 'NONE', #2827 ) ;
#3888 = VECTOR ( 'NONE', #1599, 1000.000000000000000 ) ;
#3889 = CIRCLE ( 'NONE', #1207, 1.000000000000000900 ) ;
#3890 = DIRECTION ( 'NONE',  ( -1.000000000000000000, 1.040834085586083300E-014, 0.0000000000000000000 ) ) ;
#3891 = ORIENTED_EDGE ( 'NONE', *, *, #3489, .F. ) ;
#3892 = EDGE_LOOP ( 'NONE', ( #2215, #1920, #3090, #1768 ) ) ;
#3893 = EDGE_CURVE ( 'NONE', #4138, #3493, #3955, .T. ) ;
#3894 = EDGE_CURVE ( 'NONE', #4192, #590, #1200, .T. ) ;
#3895 = LINE ( 'NONE', #2970, #3459 ) ;
#3896 = DIRECTION ( 'NONE',  ( -0.0000000000000000000, -0.0000000000000000000, 1.000000000000000000 ) ) ;
#3897 = EDGE_CURVE ( 'NONE', #1700, #590, #1972, .T. ) ;
#3898 = CARTESIAN_POINT ( 'NONE',  ( 26.36288191404052100, 32.72464238830784200, 61.00000000000000000 ) ) ;
#3899 = ORIENTED_EDGE ( 'NONE', *, *, #1894, .F. ) ;
#3900 = CARTESIAN_POINT ( 'NONE',  ( 13.64695731544433400, 19.58384405555868200, 58.49999999999999300 ) ) ;
#3901 = DIRECTION ( 'NONE',  ( -0.0000000000000000000, -0.0000000000000000000, 1.000000000000000000 ) ) ;
#3902 = EDGE_LOOP ( 'NONE', ( #3428, #4070, #1271, #902 ) ) ;
#3903 = LINE ( 'NONE', #4031, #3853 ) ;
#3904 = DIRECTION ( 'NONE',  ( -0.0000000000000000000, -0.0000000000000000000, 1.000000000000000000 ) ) ;
#3905 = CIRCLE ( 'NONE', #4263, 24.49999999999999300 ) ;
#3906 = EDGE_CURVE ( 'NONE', #1542, #3759, #1582, .T. ) ;
#3907 = DIRECTION ( 'NONE',  ( -0.0000000000000000000, -0.0000000000000000000, 1.000000000000000000 ) ) ;
#3908 = AXIS2_PLACEMENT_3D ( 'NONE', #958, #3098, #3751 ) ;
#3909 = EDGE_LOOP ( 'NONE', ( #176, #965, #1795, #897 ) ) ;
#3910 = VERTEX_POINT ( 'NONE', #4578 ) ;
#3911 = LINE ( 'NONE', #3152, #2753 ) ;
#3912 = LINE ( 'NONE', #3766, #843 ) ;
#3913 = DIRECTION ( 'NONE',  ( -0.0000000000000000000, -0.0000000000000000000, 1.000000000000000000 ) ) ;
#3914 = ORIENTED_EDGE ( 'NONE', *, *, #3111, .T. ) ;
#3915 = ADVANCED_FACE ( 'NONE', ( #3409 ), #4224, .T. ) ;
#3916 = VERTEX_POINT ( 'NONE', #3922 ) ;
#3917 = CARTESIAN_POINT ( 'NONE',  ( -4.736210323023544600, 4.736210323023544600, 61.00000000000000000 ) ) ;
#3918 = ORIENTED_EDGE ( 'NONE', *, *, #3620, .T. ) ;
#3919 = DIRECTION ( 'NONE',  ( -0.0000000000000000000, -0.0000000000000000000, 1.000000000000000000 ) ) ;
#3920 = AXIS2_PLACEMENT_3D ( 'NONE', #408, #1456, #2538 ) ;
#3921 = LINE ( 'NONE', #2557, #394 ) ;
#3922 = CARTESIAN_POINT ( 'NONE',  ( 20.64631557328216600, 30.53294978170234900, 61.00000000000000000 ) ) ;
#3923 = EDGE_LOOP ( 'NONE', ( #2203, #957, #2090, #4491 ) ) ;
#3924 = CARTESIAN_POINT ( 'NONE',  ( 4.312881914040462800, 12.72464238830773000, 61.00000000000000000 ) ) ;
#3925 = DIRECTION ( 'NONE',  ( -0.0000000000000000000, 0.0000000000000000000, 1.000000000000000000 ) ) ;
#3926 = VECTOR ( 'NONE', #1835, 1000.000000000000000 ) ;
#3927 = FILL_AREA_STYLE_COLOUR ( '', #2691 ) ;
#3928 = ORIENTED_EDGE ( 'NONE', *, *, #396, .F. ) ;
#3929 = DIRECTION ( 'NONE',  ( -0.0000000000000000000, -0.0000000000000000000, 1.000000000000000000 ) ) ;
#3930 = DIRECTION ( 'NONE',  ( -0.0000000000000000000, -0.0000000000000000000, 1.000000000000000000 ) ) ;
#3931 = CARTESIAN_POINT ( 'NONE',  ( -15.68711808595947600, 32.72464238830784200, 61.00000000000000000 ) ) ;
#3932 = EDGE_CURVE ( 'NONE', #3083, #1443, #1857, .T. ) ;
#3933 = EDGE_LOOP ( 'NONE', ( #2367, #4307, #1060, #429 ) ) ;
#3934 = CARTESIAN_POINT ( 'NONE',  ( 21.41408252624853900, 28.76518282873598400, 58.49999999999999300 ) ) ;
#3935 = DIRECTION ( 'NONE',  ( -0.0000000000000000000, -0.0000000000000000000, 1.000000000000000000 ) ) ;
#3936 = AXIS2_PLACEMENT_3D ( 'NONE', #2676, #3108, #3496 ) ;
#3937 = ADVANCED_FACE ( 'NONE', ( #3297 ), #2690, .F. ) ;
#3938 = DIRECTION ( 'NONE',  ( 1.000000000000000000, 0.0000000000000000000, 0.0000000000000000000 ) ) ;
#3939 = DIRECTION ( 'NONE',  ( 1.000000000000000000, 0.0000000000000000000, 0.0000000000000000000 ) ) ;
#3940 = EDGE_CURVE ( 'NONE', #79, #1877, #481, .T. ) ;
#3941 = AXIS2_PLACEMENT_3D ( 'NONE', #2832, #3153, #2842 ) ;
#3942 = DIRECTION ( 'NONE',  ( 0.7071067811865474600, -0.7071067811865474600, 0.0000000000000000000 ) ) ;
#3943 = CIRCLE ( 'NONE', #3472, 1.000000000000000000 ) ;
#3944 = ORIENTED_EDGE ( 'NONE', *, *, #925, .F. ) ;
#3945 = DIRECTION ( 'NONE',  ( -2.612506735896004000E-016, 1.000000000000000000, 0.0000000000000000000 ) ) ;
#3946 = STYLED_ITEM ( 'NONE', ( #1359 ), #1273 ) ;
#3947 = CARTESIAN_POINT ( 'NONE',  ( -9.243296969040692100, 0.6433372393794891700, 61.00000000000000000 ) ) ;
#3948 = CYLINDRICAL_SURFACE ( 'NONE', #857, 1.000000000000000900 ) ;
#3949 = ORIENTED_EDGE ( 'NONE', *, *, #3437, .F. ) ;
#3950 = CARTESIAN_POINT ( 'NONE',  ( -0.7370110143306972700, 18.83519548845870900, 61.00000000000000000 ) ) ;
#3951 = VERTEX_POINT ( 'NONE', #75 ) ;
#3952 = DIRECTION ( 'NONE',  ( -0.0000000000000000000, -0.0000000000000000000, 1.000000000000000000 ) ) ;
#3953 = DIRECTION ( 'NONE',  ( -1.000000000000000000, -3.569163070562645700E-016, 0.0000000000000000000 ) ) ;
#3954 = FACE_OUTER_BOUND ( 'NONE', #3379, .T. ) ;
#3955 = CIRCLE ( 'NONE', #2227, 59.79999999999999700 ) ;
#3956 = SHAPE_DEFINITION_REPRESENTATION ( #2238, #1273 ) ;
#3957 = EDGE_CURVE ( 'NONE', #4569, #349, #4344, .T. ) ;
#3958 = ORIENTED_EDGE ( 'NONE', *, *, #997, .T. ) ;
#3959 = FACE_OUTER_BOUND ( 'NONE', #3447, .T. ) ;
#3960 = CIRCLE ( 'NONE', #2758, 2.049999999999999800 ) ;
#3961 = ADVANCED_FACE ( 'NONE', ( #3025 ), #2541, .T. ) ;
#3962 = DIRECTION ( 'NONE',  ( -0.0000000000000000000, -0.0000000000000000000, 1.000000000000000000 ) ) ;
#3963 = ORIENTED_EDGE ( 'NONE', *, *, #1423, .F. ) ;
#3964 = ORIENTED_EDGE ( 'NONE', *, *, #537, .T. ) ;
#3965 = DIRECTION ( 'NONE',  ( -1.000000000000000000, 0.0000000000000000000, -0.0000000000000000000 ) ) ;
#3966 = CIRCLE ( 'NONE', #2216, 1.000000000000000900 ) ;
#3967 = EDGE_CURVE ( 'NONE', #800, #3599, #929, .T. ) ;
#3968 = CARTESIAN_POINT ( 'NONE',  ( 26.36288191404052500, -7.275357611692262700, 61.00000000000000000 ) ) ;
#3969 = VERTEX_POINT ( 'NONE', #1885 ) ;
#3970 = VERTEX_POINT ( 'NONE', #4312 ) ;
#3971 = EDGE_CURVE ( 'NONE', #1645, #800, #2347, .T. ) ;
#3972 = CARTESIAN_POINT ( 'NONE',  ( 20.72954858070712800, 12.72464238830773000, 57.49999999999999300 ) ) ;
#3973 = CIRCLE ( 'NONE', #3630, 1.000000000000000000 ) ;
#3974 = AXIS2_PLACEMENT_3D ( 'NONE', #3592, #2155, #3945 ) ;
#3975 = ORIENTED_EDGE ( 'NONE', *, *, #809, .T. ) ;
#3976 = LINE ( 'NONE', #3898, #126 ) ;
#3977 = LINE ( 'NONE', #2152, #1882 ) ;
#3978 = CARTESIAN_POINT ( 'NONE',  ( 15.67398092718367100, 23.02508122967111600, 57.49999999999999300 ) ) ;
#3979 = DIRECTION ( 'NONE',  ( 1.000000000000000000, 3.469446951953617300E-015, 0.0000000000000000000 ) ) ;
#3980 = ORIENTED_EDGE ( 'NONE', *, *, #850, .T. ) ;
#3981 = ORIENTED_EDGE ( 'NONE', *, *, #207, .T. ) ;
#3982 = AXIS2_PLACEMENT_3D ( 'NONE', #1333, #2134, #1453 ) ;
#3983 = DIRECTION ( 'NONE',  ( 0.0000000000000000000, 0.0000000000000000000, -1.000000000000000000 ) ) ;
#3984 = FACE_OUTER_BOUND ( 'NONE', #963, .T. ) ;
#3985 = CARTESIAN_POINT ( 'NONE',  ( 18.86906079712162000, 0.6433372393794875000, 57.49999999999999300 ) ) ;
#3986 = ORIENTED_EDGE ( 'NONE', *, *, #3543, .F. ) ;
#3987 = CARTESIAN_POINT ( 'NONE',  ( -10.24329696904069400, 24.80594753723597300, 57.49999999999999300 ) ) ;
#3988 = DIRECTION ( 'NONE',  ( -1.000000000000000000, 1.734723475976807100E-015, 0.0000000000000000000 ) ) ;
#3989 = CARTESIAN_POINT ( 'NONE',  ( 60.16044702067368600, 17.29239248953933500, 30.50000000000000400 ) ) ;
#3990 = ADVANCED_FACE ( 'NONE', ( #4111 ), #2530, .F. ) ;
#3991 = ORIENTED_EDGE ( 'NONE', *, *, #3085, .T. ) ;
#3992 = ORIENTED_EDGE ( 'NONE', *, *, #148, .F. ) ;
#3993 = LINE ( 'NONE', #2385, #1204 ) ;
#3994 = DIRECTION ( 'NONE',  ( -4.641400604620220000E-016, 1.000000000000000000, 0.0000000000000000000 ) ) ;
#3995 = EDGE_CURVE ( 'NONE', #3969, #66, #3183, .T. ) ;
#3996 = DIRECTION ( 'NONE',  ( -0.0000000000000000000, -0.0000000000000000000, 1.000000000000000000 ) ) ;
#3997 = EDGE_CURVE ( 'NONE', #3476, #3646, #4171, .T. ) ;
#3998 = DIRECTION ( 'NONE',  ( -0.0000000000000000000, -0.0000000000000000000, 1.000000000000000000 ) ) ;
#3999 = EDGE_CURVE ( 'NONE', #1058, #1822, #4010, .T. ) ;
#4000 = AXIS2_PLACEMENT_3D ( 'NONE', #2008, #582, #600 ) ;
#4001 = VECTOR ( 'NONE', #3859, 1000.000000000000100 ) ;
#4002 = CARTESIAN_POINT ( 'NONE',  ( 60.16044702067366500, 66.23011617120127400, 61.00000000000000000 ) ) ;
#4003 = EDGE_CURVE ( 'NONE', #1654, #1699, #541, .T. ) ;
#4004 = CIRCLE ( 'NONE', #1547, 2.500000000000000400 ) ;
#4005 = CARTESIAN_POINT ( 'NONE',  ( 4.312881914040462800, 12.72464238830773000, 57.49999999999999300 ) ) ;
#4006 = CARTESIAN_POINT ( 'NONE',  ( 4.312881914040462800, 12.72464238830773000, 57.49999999999999300 ) ) ;
#4007 = CARTESIAN_POINT ( 'NONE',  ( 11.17208358129141700, 3.390566986903861900, 57.49999999999999300 ) ) ;
#4008 = CIRCLE ( 'NONE', #3683, 9.083333333333332100 ) ;
#4009 = CARTESIAN_POINT ( 'NONE',  ( -2.504777967297062300, 17.06742853549234000, 61.00000000000000000 ) ) ;
#4010 = CIRCLE ( 'NONE', #2168, 1.000000000000000000 ) ;
#4011 = CYLINDRICAL_SURFACE ( 'NONE', #1436, 16.41666666666666800 ) ;
#4012 = DIRECTION ( 'NONE',  ( -1.000000000000000000, 0.0000000000000000000, 0.0000000000000000000 ) ) ;
#4013 =( LENGTH_UNIT ( ) NAMED_UNIT ( * ) SI_UNIT ( .MILLI., .METRE. ) );
#4014 = VECTOR ( 'NONE', #4560, 1000.000000000000100 ) ;
#4015 = VERTEX_POINT ( 'NONE', #2600 ) ;
#4016 = DIRECTION ( 'NONE',  ( -0.0000000000000000000, -0.0000000000000000000, 1.000000000000000000 ) ) ;
#4017 = CARTESIAN_POINT ( 'NONE',  ( 10.57992228627694900, 21.25289833059759600, 61.00000000000000000 ) ) ;
#4018 = ORIENTED_EDGE ( 'NONE', *, *, #143, .T. ) ;
#4019 = CARTESIAN_POINT ( 'NONE',  ( 22.26288191404052300, 32.72464238830784200, 61.00000000000000000 ) ) ;
#4020 = ORIENTED_EDGE ( 'NONE', *, *, #148, .T. ) ;
#4021 = FACE_OUTER_BOUND ( 'NONE', #4525, .T. ) ;
#4022 = EDGE_CURVE ( 'NONE', #3910, #2975, #1303, .T. ) ;
#4023 = FACE_OUTER_BOUND ( 'NONE', #2928, .T. ) ;
#4024 = EDGE_LOOP ( 'NONE', ( #2317, #259, #3644, #941 ) ) ;
#4025 = ORIENTED_EDGE ( 'NONE', *, *, #2066, .T. ) ;
#4026 = ORIENTED_EDGE ( 'NONE', *, *, #3533, .F. ) ;
#4027 = CARTESIAN_POINT ( 'NONE',  ( 4.312881914040462800, 12.72464238830773000, 57.49999999999999300 ) ) ;
#4028 = VECTOR ( 'NONE', #3314, 1000.000000000000000 ) ;
#4029 = AXIS2_PLACEMENT_3D ( 'NONE', #2206, #80, #1157 ) ;
#4030 = ORIENTED_EDGE ( 'NONE', *, *, #861, .T. ) ;
#4031 = CARTESIAN_POINT ( 'NONE',  ( 7.988432065284186500, 7.988432065284186500, 61.00000000000000000 ) ) ;
#4032 = DIRECTION ( 'NONE',  ( 0.0000000000000000000, 0.0000000000000000000, -1.000000000000000000 ) ) ;
#4033 = VERTEX_POINT ( 'NONE', #1240 ) ;
#4034 = DIRECTION ( 'NONE',  ( 1.000000000000000000, 0.0000000000000000000, 0.0000000000000000000 ) ) ;
#4035 = AXIS2_PLACEMENT_3D ( 'NONE', #1243, #4428, #579 ) ;
#4036 = EDGE_CURVE ( 'NONE', #2085, #4515, #630, .T. ) ;
#4037 = CIRCLE ( 'NONE', #4575, 1.000000000000000900 ) ;
#4038 = VERTEX_POINT ( 'NONE', #2965 ) ;
#4039 = DIRECTION ( 'NONE',  ( 0.7071067811865474600, -0.7071067811865474600, 0.0000000000000000000 ) ) ;
#4040 = DIRECTION ( 'NONE',  ( -1.000000000000000000, 0.0000000000000000000, 0.0000000000000000000 ) ) ;
#4041 = ORIENTED_EDGE ( 'NONE', *, *, #4298, .T. ) ;
#4042 = DIRECTION ( 'NONE',  ( 1.000000000000000000, 0.0000000000000000000, 0.0000000000000000000 ) ) ;
#4043 = DIRECTION ( 'NONE',  ( -0.0000000000000000000, -0.0000000000000000000, 1.000000000000000000 ) ) ;
#4044 = DIRECTION ( 'NONE',  ( -1.000000000000000000, 0.0000000000000000000, -0.0000000000000000000 ) ) ;
#4045 = ORIENTED_EDGE ( 'NONE', *, *, #1907, .F. ) ;
#4046 = CARTESIAN_POINT ( 'NONE',  ( -7.129763931860731300, -1.062046862187642900, 61.00000000000000000 ) ) ;
#4047 = DIRECTION ( 'NONE',  ( -0.0000000000000000000, -0.0000000000000000000, 1.000000000000000000 ) ) ;
#4048 = DIRECTION ( 'NONE',  ( 1.000000000000000000, 0.0000000000000000000, 0.0000000000000000000 ) ) ;
#4049 = VERTEX_POINT ( 'NONE', #2292 ) ;
#4050 = CARTESIAN_POINT ( 'NONE',  ( -5.280450146136372400, 0.6564365939779742700, 58.49999999999999300 ) ) ;
#4051 = DIRECTION ( 'NONE',  ( -0.0000000000000000000, -0.0000000000000000000, 1.000000000000000000 ) ) ;
#4052 = EDGE_CURVE ( 'NONE', #2, #1833, #86, .T. ) ;
#4053 = DIRECTION ( 'NONE',  ( -0.0000000000000000000, -0.0000000000000000000, 1.000000000000000000 ) ) ;
#4054 = DIRECTION ( 'NONE',  ( 1.000000000000000000, 0.0000000000000000000, 0.0000000000000000000 ) ) ;
#4055 = VECTOR ( 'NONE', #2718, 1000.000000000000000 ) ;
#4056 = AXIS2_PLACEMENT_3D ( 'NONE', #513, #2001, #1331 ) ;
#4057 = EDGE_LOOP ( 'NONE', ( #3756, #3419, #3704, #672 ) ) ;
#4058 = CIRCLE ( 'NONE', #4545, 1.000000000000000900 ) ;
#4059 = ORIENTED_EDGE ( 'NONE', *, *, #4052, .F. ) ;
#4060 = AXIS2_PLACEMENT_3D ( 'NONE', #1131, #3952, #3939 ) ;
#4061 = FACE_BOUND ( 'NONE', #1390, .T. ) ;
#4062 = CARTESIAN_POINT ( 'NONE',  ( -1.954158458196018500, 4.196386446017861300, 58.49999999999999300 ) ) ;
#4063 = FACE_OUTER_BOUND ( 'NONE', #1220, .T. ) ;
#4064 = ORIENTED_EDGE ( 'NONE', *, *, #3817, .T. ) ;
#4065 = VERTEX_POINT ( 'NONE', #866 ) ;
#4066 = DIRECTION ( 'NONE',  ( -0.0000000000000000000, 0.0000000000000000000, -1.000000000000000000 ) ) ;
#4067 = FACE_OUTER_BOUND ( 'NONE', #234, .T. ) ;
#4068 = LINE ( 'NONE', #3289, #3239 ) ;
#4069 = CARTESIAN_POINT ( 'NONE',  ( 14.90621397421730200, 24.79284818263748500, 57.49999999999999300 ) ) ;
#4070 = ORIENTED_EDGE ( 'NONE', *, *, #3204, .F. ) ;
#4071 = VERTEX_POINT ( 'NONE', #139 ) ;
#4072 = LINE ( 'NONE', #37, #1534 ) ;
#4073 = CARTESIAN_POINT ( 'NONE',  ( 4.312881914040462800, 12.72464238830773000, 61.00000000000000000 ) ) ;
#4074 = VERTEX_POINT ( 'NONE', #1187 ) ;
#4075 = VERTEX_POINT ( 'NONE', #2666 ) ;
#4076 = ORIENTED_EDGE ( 'NONE', *, *, #4408, .T. ) ;
#4077 = EDGE_CURVE ( 'NONE', #2634, #891, #1133, .T. ) ;
#4078 = VECTOR ( 'NONE', #740, 1000.000000000000000 ) ;
#4079 = DIRECTION ( 'NONE',  ( -0.0000000000000000000, 0.0000000000000000000, -1.000000000000000000 ) ) ;
#4080 = DIRECTION ( 'NONE',  ( 1.000000000000000000, 0.0000000000000000000, 0.0000000000000000000 ) ) ;
#4081 = EDGE_LOOP ( 'NONE', ( #370, #4185, #1048, #2276 ) ) ;
#4082 = ORIENTED_EDGE ( 'NONE', *, *, #2878, .T. ) ;
#4083 = LINE ( 'NONE', #3278, #674 ) ;
#4084 = LINE ( 'NONE', #2167, #1279 ) ;
#4085 = DIRECTION ( 'NONE',  ( -0.0000000000000000000, 0.0000000000000000000, -1.000000000000000000 ) ) ;
#4086 = ORIENTED_EDGE ( 'NONE', *, *, #2781, .T. ) ;
#4087 = ORIENTED_EDGE ( 'NONE', *, *, #3782, .T. ) ;
#4088 = EDGE_LOOP ( 'NONE', ( #895, #2421, #4313, #6, #885, #262, #1242, #1716, #3168, #1640, #3575, #4175 ) ) ;
#4089 = DIRECTION ( 'NONE',  ( 0.0000000000000000000, 0.0000000000000000000, -1.000000000000000000 ) ) ;
#4090 = AXIS2_PLACEMENT_3D ( 'NONE', #994, #4053, #1334 ) ;
#4091 = VERTEX_POINT ( 'NONE', #974 ) ;
#4092 = CARTESIAN_POINT ( 'NONE',  ( 18.86906079712162000, 24.80594753723596600, 58.49999999999999300 ) ) ;
#4093 = CARTESIAN_POINT ( 'NONE',  ( -1.797671186110518300, 17.77453531667889300, 61.00000000000000000 ) ) ;
#4094 = ADVANCED_FACE ( 'NONE', ( #3106 ), #3822, .T. ) ;
#4095 = EDGE_LOOP ( 'NONE', ( #3126, #3155 ) ) ;
#4096 = CARTESIAN_POINT ( 'NONE',  ( -5.987556927322923900, 24.08574140145093500, 61.00000000000000000 ) ) ;
#4097 = DIRECTION ( 'NONE',  ( -0.0000000000000000000, -0.0000000000000000000, 1.000000000000000000 ) ) ;
#4098 = EDGE_CURVE ( 'NONE', #3317, #2963, #2887, .T. ) ;
#4099 = CARTESIAN_POINT ( 'NONE',  ( 16.38108770837022000, 22.31797444848456600, 58.49999999999999300 ) ) ;
#4100 = CIRCLE ( 'NONE', #2533, 1.999999999999998200 ) ;
#4101 = CARTESIAN_POINT ( 'NONE',  ( 20.35342235446871200, 29.82584300051580300, 58.49999999999999300 ) ) ;
#4102 = DIRECTION ( 'NONE',  ( 1.000000000000000000, 0.0000000000000000000, 0.0000000000000000000 ) ) ;
#4103 = CARTESIAN_POINT ( 'NONE',  ( 4.312881914040462800, 12.72464238830773000, 58.49999999999999300 ) ) ;
#4104 = AXIS2_PLACEMENT_3D ( 'NONE', #1107, #2814, #2494 ) ;
#4105 = VECTOR ( 'NONE', #1362, 1000.000000000000100 ) ;
#4106 = CARTESIAN_POINT ( 'NONE',  ( -1.954158458196023900, 21.25289833059759600, 61.00000000000000000 ) ) ;
#4107 = VERTEX_POINT ( 'NONE', #4106 ) ;
#4108 = AXIS2_PLACEMENT_3D ( 'NONE', #2672, #555, #3382 ) ;
#4109 = CYLINDRICAL_SURFACE ( 'NONE', #670, 1.000000000000000900 ) ;
#4110 = EDGE_CURVE ( 'NONE', #1889, #1221, #2386, .T. ) ;
#4111 = FACE_OUTER_BOUND ( 'NONE', #906, .T. ) ;
#4112 = ORIENTED_EDGE ( 'NONE', *, *, #3384, .F. ) ;
#4113 = FACE_BOUND ( 'NONE', #558, .T. ) ;
#4114 = EDGE_CURVE ( 'NONE', #2740, #1645, #4376, .T. ) ;
#4115 = ORIENTED_EDGE ( 'NONE', *, *, #2341, .F. ) ;
#4116 = AXIS2_PLACEMENT_3D ( 'NONE', #3014, #3324, #254 ) ;
#4117 = CARTESIAN_POINT ( 'NONE',  ( -13.63711808595947500, -7.275357611692262700, 61.00000000000000000 ) ) ;
#4118 = ORIENTED_EDGE ( 'NONE', *, *, #1367, .T. ) ;
#4119 = CARTESIAN_POINT ( 'NONE',  ( 60.16044702067367200, 63.58480157560887800, 57.99999999999998600 ) ) ;
#4120 = FACE_BOUND ( 'NONE', #3377, .T. ) ;
#4121 = FACE_BOUND ( 'NONE', #3039, .T. ) ;
#4122 = ORIENTED_EDGE ( 'NONE', *, *, #4517, .T. ) ;
#4123 = ORIENTED_EDGE ( 'NONE', *, *, #3769, .F. ) ;
#4124 = ORIENTED_EDGE ( 'NONE', *, *, #3350, .T. ) ;
#4125 = CARTESIAN_POINT ( 'NONE',  ( 11.17208358129141700, 3.390566986903861900, 58.49999999999999300 ) ) ;
#4126 = FACE_OUTER_BOUND ( 'NONE', #3304, .T. ) ;
#4127 = VERTEX_POINT ( 'NONE', #3080 ) ;
#4128 = VERTEX_POINT ( 'NONE', #2012 ) ;
#4129 = DIRECTION ( 'NONE',  ( 0.0000000000000000000, -1.000000000000000000, 0.0000000000000000000 ) ) ;
#4130 = DIRECTION ( 'NONE',  ( -0.0000000000000000000, 0.0000000000000000000, 1.000000000000000000 ) ) ;
#4131 = EDGE_CURVE ( 'NONE', #3493, #2023, #3561, .T. ) ;
#4132 = ORIENTED_EDGE ( 'NONE', *, *, #1706, .T. ) ;
#4133 = ORIENTED_EDGE ( 'NONE', *, *, #1943, .T. ) ;
#4134 = DIRECTION ( 'NONE',  ( -0.0000000000000000000, -0.0000000000000000000, 1.000000000000000000 ) ) ;
#4135 = VECTOR ( 'NONE', #468, 1000.000000000000000 ) ;
#4136 = ADVANCED_FACE ( 'NONE', ( #1953 ), #2619, .F. ) ;
#4137 = EDGE_CURVE ( 'NONE', #305, #4244, #801, .T. ) ;
#4138 = VERTEX_POINT ( 'NONE', #3046 ) ;
#4139 = EDGE_CURVE ( 'NONE', #3722, #4524, #1445, .T. ) ;
#4140 = DIRECTION ( 'NONE',  ( 0.7071067811865474600, -0.7071067811865474600, 0.0000000000000000000 ) ) ;
#4141 = AXIS2_PLACEMENT_3D ( 'NONE', #357, #3535, #3167 ) ;
#4142 = DIRECTION ( 'NONE',  ( -0.0000000000000000000, -0.0000000000000000000, 1.000000000000000000 ) ) ;
#4143 = ORIENTED_EDGE ( 'NONE', *, *, #4206, .T. ) ;
#4144 = MANIFOLD_SOLID_BREP ( 'CoverFan', #996 ) ;
#4145 = DIRECTION ( 'NONE',  ( 1.000000000000000000, 0.0000000000000000000, 0.0000000000000000000 ) ) ;
#4146 = CARTESIAN_POINT ( 'NONE',  ( -3.253426534397040500, 21.35161100852505100, 58.49999999999999300 ) ) ;
#4147 = DIRECTION ( 'NONE',  ( -0.0000000000000000000, -0.0000000000000000000, -1.000000000000000000 ) ) ;
#4148 = AXIS2_PLACEMENT_3D ( 'NONE', #72, #3619, #1496 ) ;
#4149 = ORIENTED_EDGE ( 'NONE', *, *, #2972, .F. ) ;
#4150 = DIRECTION ( 'NONE',  ( 1.000000000000000000, 0.0000000000000000000, 0.0000000000000000000 ) ) ;
#4151 = PRESENTATION_STYLE_ASSIGNMENT (( #2113 ) ) ;
#4152 = VERTEX_POINT ( 'NONE', #575 ) ;
#4153 = DIRECTION ( 'NONE',  ( 1.000000000000000000, 3.569163070562645700E-016, 0.0000000000000000000 ) ) ;
#4154 = CARTESIAN_POINT ( 'NONE',  ( -0.7370110143306917200, 6.614089288156751700, 57.49999999999999300 ) ) ;
#4155 = DIRECTION ( 'NONE',  ( -0.0000000000000000000, -0.0000000000000000000, 1.000000000000000000 ) ) ;
#4156 = CARTESIAN_POINT ( 'NONE',  ( 7.988432065284186500, 7.988432065284186500, 61.00000000000000000 ) ) ;
#4157 = FACE_OUTER_BOUND ( 'NONE', #3281, .T. ) ;
#4158 = DIRECTION ( 'NONE',  ( 0.7071067811865474600, 0.7071067811865474600, 0.0000000000000000000 ) ) ;
#4159 = EDGE_CURVE ( 'NONE', #4049, #2552, #3993, .T. ) ;
#4160 = CARTESIAN_POINT ( 'NONE',  ( -3.675550151243721400, 3.675550151243721400, 58.49999999999999300 ) ) ;
#4161 = VECTOR ( 'NONE', #1720, 1000.000000000000100 ) ;
#4162 = ORIENTED_EDGE ( 'NONE', *, *, #3202, .T. ) ;
#4163 = EDGE_CURVE ( 'NONE', #3795, #4540, #883, .T. ) ;
#4164 = DIRECTION ( 'NONE',  ( -0.0000000000000000000, 0.0000000000000000000, -1.000000000000000000 ) ) ;
#4165 = FACE_OUTER_BOUND ( 'NONE', #225, .T. ) ;
#4166 = CARTESIAN_POINT ( 'NONE',  ( 60.16044702067367200, 66.01080552151320500, 57.99999999999999300 ) ) ;
#4167 = CARTESIAN_POINT ( 'NONE',  ( 60.16044702067370100, -24.53146485598507800, 60.20000000000000300 ) ) ;
#4168 = AXIS2_PLACEMENT_3D ( 'NONE', #1022, #1071, #4191 ) ;
#4169 = VERTEX_POINT ( 'NONE', #988 ) ;
#4170 = LINE ( 'NONE', #2114, #216 ) ;
#4171 = CIRCLE ( 'NONE', #432, 2.500000000000000400 ) ;
#4172 = VECTOR ( 'NONE', #1193, 1000.000000000000000 ) ;
#4173 = ORIENTED_EDGE ( 'NONE', *, *, #1863, .F. ) ;
#4174 = DIRECTION ( 'NONE',  ( 0.7071067811865474600, -0.7071067811865474600, 0.0000000000000000000 ) ) ;
#4175 = ORIENTED_EDGE ( 'NONE', *, *, #3107, .T. ) ;
#4176 = AXIS2_PLACEMENT_3D ( 'NONE', #3205, #1353, #7 ) ;
#4177 = FACE_OUTER_BOUND ( 'NONE', #4328, .T. ) ;
#4178 = CIRCLE ( 'NONE', #1419, 1.000000000000000900 ) ;
#4179 = CARTESIAN_POINT ( 'NONE',  ( -4.736210323023544600, 4.736210323023544600, 58.49999999999999300 ) ) ;
#4180 = CARTESIAN_POINT ( 'NONE',  ( 60.16044702067370100, -24.53146485598507800, 60.20000000000000300 ) ) ;
#4181 = PLANE ( 'NONE',  #2561 ) ;
#4182 = ORIENTED_EDGE ( 'NONE', *, *, #2356, .T. ) ;
#4183 = ORIENTED_EDGE ( 'NONE', *, *, #2115, .T. ) ;
#4184 = EDGE_CURVE ( 'NONE', #2744, #1226, #594, .T. ) ;
#4185 = ORIENTED_EDGE ( 'NONE', *, *, #396, .T. ) ;
#4186 = DIRECTION ( 'NONE',  ( -0.0000000000000000000, 1.000000000000000000, -0.0000000000000000000 ) ) ;
#4187 = ORIENTED_EDGE ( 'NONE', *, *, #4137, .F. ) ;
#4188 = EDGE_LOOP ( 'NONE', ( #2497, #4064, #1692, #3199, #3866, #2404, #2160, #3635, #2994 ) ) ;
#4189 = EDGE_LOOP ( 'NONE', ( #3515, #3716, #920, #4220 ) ) ;
#4190 = LINE ( 'NONE', #1030, #4078 ) ;
#4191 = DIRECTION ( 'NONE',  ( 1.000000000000000000, 0.0000000000000000000, 0.0000000000000000000 ) ) ;
#4192 = VERTEX_POINT ( 'NONE', #733 ) ;
#4193 = DIRECTION ( 'NONE',  ( -0.0000000000000000000, -0.0000000000000000000, 1.000000000000000000 ) ) ;
#4194 = EDGE_CURVE ( 'NONE', #2552, #2486, #1093, .T. ) ;
#4195 = VECTOR ( 'NONE', #20, 1000.000000000000000 ) ;
#4196 = DIRECTION ( 'NONE',  ( -0.0000000000000000000, -0.0000000000000000000, 1.000000000000000000 ) ) ;
#4197 = ORIENTED_EDGE ( 'NONE', *, *, #247, .T. ) ;
#4198 = PLANE ( 'NONE',  #493 ) ;
#4199 = CARTESIAN_POINT ( 'NONE',  ( -11.67303828389236700, -5.841465319699423700, 58.49999999999999300 ) ) ;
#4200 = EDGE_CURVE ( 'NONE', #2898, #1322, #4225, .T. ) ;
#4201 = ORIENTED_EDGE ( 'NONE', *, *, #2749, .T. ) ;
#4202 = DIRECTION ( 'NONE',  ( -1.000000000000000000, 0.0000000000000000000, 0.0000000000000000000 ) ) ;
#4203 = CARTESIAN_POINT ( 'NONE',  ( 20.29880211197330200, 31.29075009631489100, 61.00000000000000000 ) ) ;
#4204 = CARTESIAN_POINT ( 'NONE',  ( -4.021193487363407600, 19.58384405555868600, 57.49999999999999300 ) ) ;
#4205 = CARTESIAN_POINT ( 'NONE',  ( 4.312881914040462800, 12.72464238830773000, 58.49999999999999300 ) ) ;
#4206 = EDGE_CURVE ( 'NONE', #626, #2686, #2184, .T. ) ;
#4207 = UNCERTAINTY_MEASURE_WITH_UNIT (LENGTH_MEASURE( 1.000000000000000100E-005 ), #2252, 'distance_accuracy_value', 'NONE');
#4208 = AXIS2_PLACEMENT_3D ( 'NONE', #2083, #2442, #338 ) ;
#4209 = CARTESIAN_POINT ( 'NONE',  ( 13.39621524737379400, 12.72464238830773000, 58.49999999999999300 ) ) ;
#4210 = EDGE_LOOP ( 'NONE', ( #1733, #440, #1169, #3928 ) ) ;
#4211 = DIRECTION ( 'NONE',  ( 0.0000000000000000000, -1.000000000000000000, 0.0000000000000000000 ) ) ;
#4212 = CARTESIAN_POINT ( 'NONE',  ( 18.16195401593507300, -0.06376954180706100000, 61.00000000000000000 ) ) ;
#4213 = ADVANCED_FACE ( 'NONE', ( #2742 ), #4011, .F. ) ;
#4214 = DIRECTION ( 'NONE',  ( 1.000000000000000000, 0.0000000000000000000, 0.0000000000000000000 ) ) ;
#4215 = CYLINDRICAL_SURFACE ( 'NONE', #3877, 1.000000000000000000 ) ;
#4216 = CARTESIAN_POINT ( 'NONE',  ( 4.312881914040462800, 12.72464238830773000, 61.00000000000000000 ) ) ;
#4217 = CIRCLE ( 'NONE', #1286, 2.049999999999999800 ) ;
#4218 = DIRECTION ( 'NONE',  ( -1.000000000000000000, 0.0000000000000000000, 0.0000000000000000000 ) ) ;
#4219 = EDGE_CURVE ( 'NONE', #2613, #1054, #3889, .T. ) ;
#4220 = ORIENTED_EDGE ( 'NONE', *, *, #4022, .F. ) ;
#4221 = CARTESIAN_POINT ( 'NONE',  ( -4.736210323023544600, 4.736210323023544600, 57.49999999999999300 ) ) ;
#4222 = CARTESIAN_POINT ( 'NONE',  ( 4.312881914040462800, 12.72464238830773000, 57.49999999999999300 ) ) ;
#4223 = FACE_OUTER_BOUND ( 'NONE', #2786, .T. ) ;
#4224 = CYLINDRICAL_SURFACE ( 'NONE', #1290, 59.79999999999999000 ) ;
#4225 = LINE ( 'NONE', #3808, #1357 ) ;
#4226 = LINE ( 'NONE', #1450, #2469 ) ;
#4227 = EDGE_CURVE ( 'NONE', #2131, #4432, #218, .T. ) ;
#4228 = EDGE_LOOP ( 'NONE', ( #3899, #2868, #574, #4289, #1403, #1195, #3139 ) ) ;
#4229 = EDGE_CURVE ( 'NONE', #3544, #1070, #3742, .T. ) ;
#4230 = CARTESIAN_POINT ( 'NONE',  ( 5.468894023554557100, 10.50797010701381500, 57.49999999999999300 ) ) ;
#4231 = AXIS2_PLACEMENT_3D ( 'NONE', #1384, #1697, #2111 ) ;
#4232 = VECTOR ( 'NONE', #159, 1000.000000000000000 ) ;
#4233 = ORIENTED_EDGE ( 'NONE', *, *, #137, .F. ) ;
#4234 = ORIENTED_EDGE ( 'NONE', *, *, #1801, .F. ) ;
#4235 = VECTOR ( 'NONE', #379, 1000.000000000000000 ) ;
#4236 = CARTESIAN_POINT ( 'NONE',  ( -11.02055174520123700, -5.083665005086890800, 61.00000000000000000 ) ) ;
#4237 = ADVANCED_FACE ( 'NONE', ( #1258 ), #3012, .F. ) ;
#4238 = CARTESIAN_POINT ( 'NONE',  ( 11.87919036247796400, 4.097673768090408500, 58.49999999999999300 ) ) ;
#4239 = DIRECTION ( 'NONE',  ( -1.000000000000000000, -3.469446951953613400E-015, 0.0000000000000000000 ) ) ;
#4240 = ADVANCED_FACE ( 'NONE', ( #1023 ), #3632, .T. ) ;
#4241 = AXIS2_PLACEMENT_3D ( 'NONE', #1082, #745, #2502 ) ;
#4242 = ORIENTED_EDGE ( 'NONE', *, *, #2007, .T. ) ;
#4243 = ORIENTED_EDGE ( 'NONE', *, *, #332, .F. ) ;
#4244 = VERTEX_POINT ( 'NONE', #4331 ) ;
#4245 = DIRECTION ( 'NONE',  ( -1.000000000000000000, 0.0000000000000000000, 0.0000000000000000000 ) ) ;
#4246 = CARTESIAN_POINT ( 'NONE',  ( -71.04602967032585100, -29.37519891327388100, 59.00000000000000000 ) ) ;
#4247 = VECTOR ( 'NONE', #4262, 1000.000000000000000 ) ;
#4248 = ORIENTED_EDGE ( 'NONE', *, *, #3365, .T. ) ;
#4249 = ORIENTED_EDGE ( 'NONE', *, *, #4345, .F. ) ;
#4250 = DIRECTION ( 'NONE',  ( -0.0000000000000000000, -0.0000000000000000000, 1.000000000000000000 ) ) ;
#4251 = VECTOR ( 'NONE', #2141, 1000.000000000000000 ) ;
#4252 = ORIENTED_EDGE ( 'NONE', *, *, #2754, .T. ) ;
#4253 = DIRECTION ( 'NONE',  ( 1.000000000000000000, 0.0000000000000000000, 0.0000000000000000000 ) ) ;
#4254 = SURFACE_SIDE_STYLE ('',( #1036 ) ) ;
#4255 = DIRECTION ( 'NONE',  ( 0.0000000000000000000, 0.0000000000000000000, -1.000000000000000000 ) ) ;
#4256 = EDGE_CURVE ( 'NONE', #1443, #4192, #93, .T. ) ;
#4257 = ORIENTED_EDGE ( 'NONE', *, *, #997, .F. ) ;
#4258 = DIRECTION ( 'NONE',  ( 0.7071067811865474600, -0.7071067811865474600, 0.0000000000000000000 ) ) ;
#4259 = CARTESIAN_POINT ( 'NONE',  ( -15.68711808595947600, -7.275357611692262700, 61.00000000000000000 ) ) ;
#4260 = DIRECTION ( 'NONE',  ( -0.0000000000000000000, -0.0000000000000000000, 1.000000000000000000 ) ) ;
#4261 = ORIENTED_EDGE ( 'NONE', *, *, #3007, .F. ) ;
#4262 = DIRECTION ( 'NONE',  ( -0.0000000000000000000, -0.0000000000000000000, 1.000000000000000000 ) ) ;
#4263 = AXIS2_PLACEMENT_3D ( 'NONE', #4103, #211, #3753 ) ;
#4264 = ADVANCED_FACE ( 'NONE', ( #4157 ), #1629, .T. ) ;
#4265 = CARTESIAN_POINT ( 'NONE',  ( -5.280450146136377800, 24.79284818263748100, 57.49999999999999300 ) ) ;
#4266 = ORIENTED_EDGE ( 'NONE', *, *, #956, .F. ) ;
#4267 = DIRECTION ( 'NONE',  ( 1.000000000000000000, 0.0000000000000000000, 0.0000000000000000000 ) ) ;
#4268 = CARTESIAN_POINT ( 'NONE',  ( 22.87898962204762300, 28.71056258624057000, 61.00000000000000000 ) ) ;
#4269 = AXIS2_PLACEMENT_3D ( 'NONE', #3354, #3696, #1914 ) ;
#4270 = ORIENTED_EDGE ( 'NONE', *, *, #4382, .F. ) ;
#4271 = EDGE_CURVE ( 'NONE', #1222, #3565, #707, .T. ) ;
#4272 = DIRECTION ( 'NONE',  ( 0.0000000000000000000, 0.0000000000000000000, -1.000000000000000000 ) ) ;
#4273 = ORIENTED_EDGE ( 'NONE', *, *, #537, .F. ) ;
#4274 = DIRECTION ( 'NONE',  ( -0.0000000000000000000, -0.0000000000000000000, 1.000000000000000000 ) ) ;
#4275 = CARTESIAN_POINT ( 'NONE',  ( 4.312881914040462800, 12.72464238830773000, 57.49999999999999300 ) ) ;
#4276 = CARTESIAN_POINT ( 'NONE',  ( 4.312881914040462800, 12.72464238830773000, 58.49999999999999300 ) ) ;
#4277 = VECTOR ( 'NONE', #3151, 1000.000000000000000 ) ;
#4278 = ORIENTED_EDGE ( 'NONE', *, *, #4501, .F. ) ;
#4279 = EDGE_LOOP ( 'NONE', ( #1165, #3771, #2549, #4182, #251, #1215, #3497, #115, #3981, #2984 ) ) ;
#4280 = DIRECTION ( 'NONE',  ( -1.000000000000000000, 0.0000000000000000000, 0.0000000000000000000 ) ) ;
#4281 = CIRCLE ( 'NONE', #4208, 59.79999999999999700 ) ;
#4282 = DIRECTION ( 'NONE',  ( 1.000000000000000000, 3.469446951953614200E-015, 0.0000000000000000000 ) ) ;
#4283 = EDGE_CURVE ( 'NONE', #4587, #4107, #2348, .T. ) ;
#4284 = ORIENTED_EDGE ( 'NONE', *, *, #3999, .T. ) ;
#4285 = FACE_OUTER_BOUND ( 'NONE', #4024, .T. ) ;
#4286 = ADVANCED_FACE ( 'NONE', ( #1201 ), #276, .T. ) ;
#4287 = DIRECTION ( 'NONE',  ( 0.7071067811865474600, 0.7071067811865474600, 0.0000000000000000000 ) ) ;
#4288 = ORIENTED_EDGE ( 'NONE', *, *, #1014, .T. ) ;
#4289 = ORIENTED_EDGE ( 'NONE', *, *, #577, .T. ) ;
#4290 = VECTOR ( 'NONE', #487, 1000.000000000000000 ) ;
#4291 = EDGE_CURVE ( 'NONE', #1822, #2411, #4226, .T. ) ;
#4292 = SURFACE_STYLE_FILL_AREA ( #2939 ) ;
#4293 = ORIENTED_EDGE ( 'NONE', *, *, #1935, .F. ) ;
#4294 = DIRECTION ( 'NONE',  ( -3.126598750329282200E-015, 1.000000000000000000, 0.0000000000000000000 ) ) ;
#4295 = LINE ( 'NONE', #2370, #111 ) ;
#4296 = CIRCLE ( 'NONE', #3566, 1.000000000000000000 ) ;
#4297 = CARTESIAN_POINT ( 'NONE',  ( 13.64695731544433400, 19.58384405555868200, 61.00000000000000000 ) ) ;
#4298 = EDGE_CURVE ( 'NONE', #3646, #838, #995, .T. ) ;
#4299 = DIRECTION ( 'NONE',  ( 0.0000000000000000000, 0.0000000000000000000, -1.000000000000000000 ) ) ;
#4300 = EDGE_CURVE ( 'NONE', #3476, #3660, #3228, .T. ) ;
#4301 = LINE ( 'NONE', #48, #4318 ) ;
#4302 = AXIS2_PLACEMENT_3D ( 'NONE', #3408, #571, #4102 ) ;
#4303 = ORIENTED_EDGE ( 'NONE', *, *, #2066, .F. ) ;
#4304 = VERTEX_POINT ( 'NONE', #1077 ) ;
#4305 = CIRCLE ( 'NONE', #2393, 1.000000000000000900 ) ;
#4306 = ORIENTED_EDGE ( 'NONE', *, *, #1519, .F. ) ;
#4307 = ORIENTED_EDGE ( 'NONE', *, *, #1098, .T. ) ;
#4308 = CARTESIAN_POINT ( 'NONE',  ( 7.988432065284186500, 7.988432065284186500, 61.00000000000000000 ) ) ;
#4309 = ORIENTED_EDGE ( 'NONE', *, *, #2313, .T. ) ;
#4310 = AXIS2_PLACEMENT_3D ( 'NONE', #700, #22, #361 ) ;
#4311 = CIRCLE ( 'NONE', #3717, 1.000000000000000900 ) ;
#4312 = CARTESIAN_POINT ( 'NONE',  ( -3.348199808287271900, 7.844604346626056200, 58.49999999999999300 ) ) ;
#4313 = ORIENTED_EDGE ( 'NONE', *, *, #1414, .T. ) ;
#4314 = VECTOR ( 'NONE', #411, 1000.000000000000100 ) ;
#4315 = VECTOR ( 'NONE', #550, 1000.000000000000000 ) ;
#4316 = ADVANCED_FACE ( 'NONE', ( #1724 ), #2327, .T. ) ;
#4317 = DIRECTION ( 'NONE',  ( 1.000000000000000000, 0.0000000000000000000, 0.0000000000000000000 ) ) ;
#4318 = VECTOR ( 'NONE', #2554, 1000.000000000000100 ) ;
#4319 = DIRECTION ( 'NONE',  ( -0.0000000000000000000, 0.0000000000000000000, 1.000000000000000000 ) ) ;
#4320 = EDGE_LOOP ( 'NONE', ( #4363, #930, #613, #268 ) ) ;
#4321 = CARTESIAN_POINT ( 'NONE',  ( 9.192919955722139500, 5.063560665979995400, 57.49999999999999300 ) ) ;
#4322 = EDGE_CURVE ( 'NONE', #983, #4582, #3026, .T. ) ;
#4323 = ORIENTED_EDGE ( 'NONE', *, *, #2775, .T. ) ;
#4324 = DIRECTION ( 'NONE',  ( -1.000000000000000000, 2.602085213965208300E-015, 0.0000000000000000000 ) ) ;
#4325 = ORIENTED_EDGE ( 'NONE', *, *, #3270, .F. ) ;
#4326 = AXIS2_PLACEMENT_3D ( 'NONE', #2323, #959, #1651 ) ;
#4327 = CARTESIAN_POINT ( 'NONE',  ( -3.675550151243721400, 3.675550151243721400, 61.00000000000000000 ) ) ;
#4328 = EDGE_LOOP ( 'NONE', ( #2447, #3140, #4234, #4372 ) ) ;
#4329 = EDGE_CURVE ( 'NONE', #1616, #184, #1328, .T. ) ;
#4330 = AXIS2_PLACEMENT_3D ( 'NONE', #4422, #1951, #1211 ) ;
#4331 = CARTESIAN_POINT ( 'NONE',  ( 18.09957116453583500, 24.16728823420892500, 58.49999999999999300 ) ) ;
#4332 = CARTESIAN_POINT ( 'NONE',  ( 13.90621397421730200, 0.6564365939779777100, 58.49999999999999300 ) ) ;
#4333 = CARTESIAN_POINT ( 'NONE',  ( 7.988432065284186500, 7.988432065284186500, 58.49999999999999300 ) ) ;
#4334 = CIRCLE ( 'NONE', #2049, 1.000000000000000000 ) ;
#4335 = ORIENTED_EDGE ( 'NONE', *, *, #4548, .T. ) ;
#4336 = DIRECTION ( 'NONE',  ( 1.000000000000000000, 0.0000000000000000000, 0.0000000000000000000 ) ) ;
#4337 = AXIS2_PLACEMENT_3D ( 'NONE', #752, #2567, #2174 ) ;
#4338 = LINE ( 'NONE', #4586, #4105 ) ;
#4339 = PLANE ( 'NONE',  #4337 ) ;
#4340 = ORIENTED_EDGE ( 'NONE', *, *, #1996, .F. ) ;
#4341 = DIRECTION ( 'NONE',  ( -0.0000000000000000000, 0.0000000000000000000, 1.000000000000000000 ) ) ;
#4342 = CARTESIAN_POINT ( 'NONE',  ( -5.987556927322921200, 1.363543375164522300, 57.49999999999999300 ) ) ;
#4343 = LINE ( 'NONE', #3708, #160 ) ;
#4344 = LINE ( 'NONE', #2095, #3518 ) ;
#4345 = EDGE_CURVE ( 'NONE', #3005, #1369, #1037, .T. ) ;
#4346 = VERTEX_POINT ( 'NONE', #1399 ) ;
#4347 = DIRECTION ( 'NONE',  ( 0.0000000000000000000, 0.0000000000000000000, -1.000000000000000000 ) ) ;
#4348 = VECTOR ( 'NONE', #2874, 1000.000000000000000 ) ;
#4349 = VERTEX_POINT ( 'NONE', #364 ) ;
#4350 = VERTEX_POINT ( 'NONE', #3550 ) ;
#4351 = AXIS2_PLACEMENT_3D ( 'NONE', #1590, #2336, #898 ) ;
#4352 = DIRECTION ( 'NONE',  ( -1.000000000000000000, 1.734723475976805500E-015, 0.0000000000000000000 ) ) ;
#4353 = CARTESIAN_POINT ( 'NONE',  ( 10.42343501419144400, 17.77453531667888600, 61.00000000000000000 ) ) ;
#4354 = CARTESIAN_POINT ( 'NONE',  ( -11.72765852638778800, -4.376558223900343800, 58.49999999999999300 ) ) ;
#4355 = ORIENTED_EDGE ( 'NONE', *, *, #1244, .F. ) ;
#4356 = EDGE_LOOP ( 'NONE', ( #3554, #553, #4509, #1163 ) ) ;
#4357 = APPLICATION_PROTOCOL_DEFINITION ( 'draft international standard', 'automotive_design', 1998, #155 ) ;
#4358 = VECTOR ( 'NONE', #679, 1000.000000000000000 ) ;
#4359 = DIRECTION ( 'NONE',  ( 1.000000000000000000, 0.0000000000000000000, 0.0000000000000000000 ) ) ;
#4360 = DIRECTION ( 'NONE',  ( 0.0000000000000000000, 0.0000000000000000000, -1.000000000000000000 ) ) ;
#4361 = CIRCLE ( 'NONE', #4330, 1.000000000000000900 ) ;
#4362 = EDGE_CURVE ( 'NONE', #2389, #2776, #1558, .T. ) ;
#4363 = ORIENTED_EDGE ( 'NONE', *, *, #1199, .F. ) ;
#4364 = LINE ( 'NONE', #919, #3206 ) ;
#4365 = DIRECTION ( 'NONE',  ( 0.0000000000000000000, 0.0000000000000000000, -1.000000000000000000 ) ) ;
#4366 = DIRECTION ( 'NONE',  ( 1.000000000000000000, 0.0000000000000000000, 0.0000000000000000000 ) ) ;
#4367 = EDGE_LOOP ( 'NONE', ( #3501, #3727, #3703, #1819 ) ) ;
#4368 = PRESENTATION_LAYER_ASSIGNMENT (  '', '', ( #2322 ) ) ;
#4369 = FACE_OUTER_BOUND ( 'NONE', #3122, .T. ) ;
#4370 = CARTESIAN_POINT ( 'NONE',  ( -71.04602967032587900, 66.23011617120124600, 61.00000000000000000 ) ) ;
#4371 = DIRECTION ( 'NONE',  ( -0.0000000000000000000, 0.0000000000000000000, -1.000000000000000000 ) ) ;
#4372 = ORIENTED_EDGE ( 'NONE', *, *, #3334, .F. ) ;
#4373 = VERTEX_POINT ( 'NONE', #1354 ) ;
#4374 = DIRECTION ( 'NONE',  ( 1.000000000000000000, 8.673617379884035500E-016, 0.0000000000000000000 ) ) ;
#4375 = VERTEX_POINT ( 'NONE', #1045 ) ;
#4376 = LINE ( 'NONE', #1977, #1838 ) ;
#4377 = EDGE_CURVE ( 'NONE', #2975, #552, #3029, .T. ) ;
#4378 = ADVANCED_FACE ( 'NONE', ( #2237 ), #4581, .T. ) ;
#4379 = VERTEX_POINT ( 'NONE', #2424 ) ;
#4380 = CARTESIAN_POINT ( 'NONE',  ( -9.473807336454905600, 1.281996542406533400, 57.49999999999999300 ) ) ;
#4381 = EDGE_CURVE ( 'NONE', #278, #4515, #4387, .T. ) ;
#4382 = EDGE_CURVE ( 'NONE', #4410, #2778, #893, .T. ) ;
#4383 = AXIS2_PLACEMENT_3D ( 'NONE', #1794, #4319, #1132 ) ;
#4384 = EDGE_LOOP ( 'NONE', ( #2053, #2564, #4552, #3141, #567, #2377, #175, #1464, #787, #2000 ) ) ;
#4385 = DIRECTION ( 'NONE',  ( -0.7071067811865475700, -0.7071067811865475700, 0.0000000000000000000 ) ) ;
#4386 = CARTESIAN_POINT ( 'NONE',  ( -5.021193487363407600, 19.58384405555868600, 58.49999999999999300 ) ) ;
#4387 = LINE ( 'NONE', #4550, #636 ) ;
#4388 = VERTEX_POINT ( 'NONE', #77 ) ;
#4389 = PRODUCT_DEFINITION_CONTEXT ( 'detailed design', #2280, 'design' ) ;
#4390 = AXIS2_PLACEMENT_3D ( 'NONE', #3349, #2226, #3994 ) ;
#4391 = CIRCLE ( 'NONE', #3034, 1.000000000000000900 ) ;
#4392 = CARTESIAN_POINT ( 'NONE',  ( 6.529554195334377200, 11.56863027879363400, 58.49999999999999300 ) ) ;
#4393 = DIRECTION ( 'NONE',  ( -0.0000000000000000000, -0.0000000000000000000, 1.000000000000000000 ) ) ;
#4394 = DIRECTION ( 'NONE',  ( 1.000000000000000000, 0.0000000000000000000, 0.0000000000000000000 ) ) ;
#4395 = VERTEX_POINT ( 'NONE', #2945 ) ;
#4396 = FACE_OUTER_BOUND ( 'NONE', #554, .T. ) ;
#4397 = DIRECTION ( 'NONE',  ( -0.0000000000000000000, -0.0000000000000000000, 1.000000000000000000 ) ) ;
#4398 = DIRECTION ( 'NONE',  ( -1.000000000000000000, 0.0000000000000000000, 0.0000000000000000000 ) ) ;
#4399 = CARTESIAN_POINT ( 'NONE',  ( 8.655668061225071600, 19.54230226964525500, 57.49999999999999300 ) ) ;
#4400 = VERTEX_POINT ( 'NONE', #1293 ) ;
#4401 = LINE ( 'NONE', #3917, #3360 ) ;
#4402 = SURFACE_STYLE_USAGE ( .BOTH. , #858 ) ;
#4403 = CYLINDRICAL_SURFACE ( 'NONE', #564, 1.000000000000000000 ) ;
#4404 = ORIENTED_EDGE ( 'NONE', *, *, #3288, .T. ) ;
#4405 = ADVANCED_FACE ( 'NONE', ( #3775 ), #2792, .F. ) ;
#4406 = CIRCLE ( 'NONE', #310, 53.12058191901591900 ) ;
#4407 = CYLINDRICAL_SURFACE ( 'NONE', #398, 2.049999999999999800 ) ;
#4408 = EDGE_CURVE ( 'NONE', #1829, #439, #2383, .T. ) ;
#4409 = VERTEX_POINT ( 'NONE', #352 ) ;
#4410 = VERTEX_POINT ( 'NONE', #9 ) ;
#4411 = DIRECTION ( 'NONE',  ( -1.000000000000000000, -3.577867169202164600E-015, 0.0000000000000000000 ) ) ;
#4412 = CIRCLE ( 'NONE', #909, 17.91666666666666800 ) ;
#4413 = DIRECTION ( 'NONE',  ( 0.0000000000000000000, -1.000000000000000000, 0.0000000000000000000 ) ) ;
#4414 = CARTESIAN_POINT ( 'NONE',  ( -15.68711808595947600, -7.275357611692262700, 57.99999999999999300 ) ) ;
#4415 = EDGE_CURVE ( 'NONE', #2316, #162, #4301, .T. ) ;
#4416 = FACE_BOUND ( 'NONE', #4279, .T. ) ;
#4417 = DIRECTION ( 'NONE',  ( -0.0000000000000000000, -0.0000000000000000000, 1.000000000000000000 ) ) ;
#4418 = AXIS2_PLACEMENT_3D ( 'NONE', #2649, #2670, #4054 ) ;
#4419 = ORIENTED_EDGE ( 'NONE', *, *, #3543, .T. ) ;
#4420 = EDGE_LOOP ( 'NONE', ( #3311, #1265, #708, #1318 ) ) ;
#4421 = DIRECTION ( 'NONE',  ( -0.0000000000000000000, -0.0000000000000000000, 1.000000000000000000 ) ) ;
#4422 = CARTESIAN_POINT ( 'NONE',  ( -7.755323880289291000, 3.131310328130892300, 58.49999999999999300 ) ) ;
#4423 = ORIENTED_EDGE ( 'NONE', *, *, #2165, .T. ) ;
#4424 = DIRECTION ( 'NONE',  ( 0.0000000000000000000, 0.0000000000000000000, -1.000000000000000000 ) ) ;
#4425 = CIRCLE ( 'NONE', #3300, 1.000000000000000900 ) ;
#4426 = PRODUCT_CONTEXT ( 'NONE', #155, 'mechanical' ) ;
#4427 = ORIENTED_EDGE ( 'NONE', *, *, #2466, .F. ) ;
#4428 = DIRECTION ( 'NONE',  ( -0.0000000000000000000, 0.0000000000000000000, 1.000000000000000000 ) ) ;
#4429 = AXIS2_PLACEMENT_3D ( 'NONE', #1038, #3175, #4239 ) ;
#4430 = FACE_OUTER_BOUND ( 'NONE', #4367, .T. ) ;
#4431 = EDGE_LOOP ( 'NONE', ( #901, #1202, #3991, #3992 ) ) ;
#4432 = VERTEX_POINT ( 'NONE', #512 ) ;
#4433 = DIRECTION ( 'NONE',  ( 0.0000000000000000000, 0.0000000000000000000, -1.000000000000000000 ) ) ;
#4434 = CARTESIAN_POINT ( 'NONE',  ( -14.25322579396669600, 28.71056258624057400, 61.00000000000000000 ) ) ;
#4435 = DIRECTION ( 'NONE',  ( -0.0000000000000000000, -0.0000000000000000000, 1.000000000000000000 ) ) ;
#4436 = ORIENTED_EDGE ( 'NONE', *, *, #639, .F. ) ;
#4437 = DIRECTION ( 'NONE',  ( -0.0000000000000000000, 0.0000000000000000000, 1.000000000000000000 ) ) ;
#4438 = EDGE_CURVE ( 'NONE', #349, #236, #2569, .T. ) ;
#4439 = CARTESIAN_POINT ( 'NONE',  ( 9.655668061225073400, 5.906982506970207300, 58.49999999999999300 ) ) ;
#4440 = ORIENTED_EDGE ( 'NONE', *, *, #3456, .F. ) ;
#4441 = DIRECTION ( 'NONE',  ( 0.0000000000000000000, -1.000000000000000000, 0.0000000000000000000 ) ) ;
#4442 = DIRECTION ( 'NONE',  ( -0.0000000000000000000, -0.0000000000000000000, 1.000000000000000000 ) ) ;
#4443 = EDGE_CURVE ( 'NONE', #1653, #2712, #1893, .T. ) ;
#4444 = VERTEX_POINT ( 'NONE', #4497 ) ;
#4445 = CARTESIAN_POINT ( 'NONE',  ( 4.312881914040462800, 12.72464238830773000, 57.49999999999999300 ) ) ;
#4446 = EDGE_CURVE ( 'NONE', #174, #3670, #3362, .T. ) ;
#4447 = FACE_OUTER_BOUND ( 'NONE', #979, .T. ) ;
#4448 = VERTEX_POINT ( 'NONE', #2771 ) ;
#4449 = DIRECTION ( 'NONE',  ( 0.7071067811865475700, -0.7071067811865475700, 0.0000000000000000000 ) ) ;
#4450 = PLANE ( 'NONE',  #403 ) ;
#4451 = LINE ( 'NONE', #1181, #3510 ) ;
#4452 = ORIENTED_EDGE ( 'NONE', *, *, #4485, .T. ) ;
#4453 = AXIS2_PLACEMENT_3D ( 'NONE', #1950, #4417, #2950 ) ;
#4454 = FACE_OUTER_BOUND ( 'NONE', #3102, .T. ) ;
#4455 = CARTESIAN_POINT ( 'NONE',  ( 4.312881914040462800, 12.72464238830773000, 58.49999999999999300 ) ) ;
#4456 = DIRECTION ( 'NONE',  ( 0.0000000000000000000, 0.0000000000000000000, -1.000000000000000000 ) ) ;
#4457 = CIRCLE ( 'NONE', #1611, 1.000000000000000000 ) ;
#4458 = ORIENTED_EDGE ( 'NONE', *, *, #235, .T. ) ;
#4459 = DIRECTION ( 'NONE',  ( -1.000000000000000000, 0.0000000000000000000, 0.0000000000000000000 ) ) ;
#4460 = CYLINDRICAL_SURFACE ( 'NONE', #459, 1.000000000000000900 ) ;
#4461 = FACE_OUTER_BOUND ( 'NONE', #4210, .T. ) ;
#4462 = DIRECTION ( 'NONE',  ( 1.000000000000000000, 0.0000000000000000000, 0.0000000000000000000 ) ) ;
#4463 = ORIENTED_EDGE ( 'NONE', *, *, #4206, .F. ) ;
#4464 = COLOUR_RGB ( '',0.7921568627450980000, 0.8196078431372548800, 0.9333333333333333500 ) ;
#4465 = CARTESIAN_POINT ( 'NONE',  ( 4.312881914040462800, 12.72464238830773000, 61.00000000000000000 ) ) ;
#4466 = CARTESIAN_POINT ( 'NONE',  ( -5.987556927322921200, 1.363543375164522300, 61.00000000000000000 ) ) ;
#4467 = FACE_BOUND ( 'NONE', #2149, .T. ) ;
#4468 = VERTEX_POINT ( 'NONE', #2082 ) ;
#4469 = VERTEX_POINT ( 'NONE', #302 ) ;
#4470 = VERTEX_POINT ( 'NONE', #4268 ) ;
#4471 = EDGE_CURVE ( 'NONE', #3457, #1908, #106, .T. ) ;
#4472 = DIRECTION ( 'NONE',  ( 1.000000000000000000, 0.0000000000000000000, 0.0000000000000000000 ) ) ;
#4473 = FACE_OUTER_BOUND ( 'NONE', #2100, .T. ) ;
#4474 = CARTESIAN_POINT ( 'NONE',  ( -3.675550151243721400, 3.675550151243721400, 58.49999999999999300 ) ) ;
#4475 = DIRECTION ( 'NONE',  ( -0.0000000000000000000, -0.0000000000000000000, -1.000000000000000000 ) ) ;
#4476 = ORIENTED_EDGE ( 'NONE', *, *, #3256, .F. ) ;
#4477 = ORIENTED_EDGE ( 'NONE', *, *, #200, .T. ) ;
#4478 = EDGE_CURVE ( 'NONE', #4388, #2969, #1259, .T. ) ;
#4479 = CYLINDRICAL_SURFACE ( 'NONE', #114, 10.58333333333333400 ) ;
#4480 = VECTOR ( 'NONE', #750, 1000.000000000000000 ) ;
#4481 = AXIS2_PLACEMENT_3D ( 'NONE', #2056, #1741, #4566 ) ;
#4482 = ADVANCED_FACE ( 'NONE', ( #4063 ), #2297, .F. ) ;
#4483 = ORIENTED_EDGE ( 'NONE', *, *, #3410, .F. ) ;
#4484 = VECTOR ( 'NONE', #3678, 1000.000000000000100 ) ;
#4485 = EDGE_CURVE ( 'NONE', #4400, #102, #219, .T. ) ;
#4486 = CARTESIAN_POINT ( 'NONE',  ( 4.312881914040462800, 12.72464238830773000, 58.49999999999999300 ) ) ;
#4487 = AXIS2_PLACEMENT_3D ( 'NONE', #3785, #4518, #1695 ) ;
#4488 = ORIENTED_EDGE ( 'NONE', *, *, #667, .F. ) ;
#4489 = CARTESIAN_POINT ( 'NONE',  ( 16.38108770837022000, 22.31797444848456600, 61.00000000000000000 ) ) ;
#4490 = CARTESIAN_POINT ( 'NONE',  ( 60.16044702067370100, -28.71893297056259100, 60.20000000000000300 ) ) ;
#4491 = ORIENTED_EDGE ( 'NONE', *, *, #4558, .F. ) ;
#4492 = CARTESIAN_POINT ( 'NONE',  ( -71.04602967032586500, 20.56252476838806200, 30.50000000000000400 ) ) ;
#4493 = ORIENTED_EDGE ( 'NONE', *, *, #348, .T. ) ;
#4494 = DIRECTION ( 'NONE',  ( 1.000000000000000000, 0.0000000000000000000, 0.0000000000000000000 ) ) ;
#4495 = ADVANCED_FACE ( 'NONE', ( #3411 ), #4339, .T. ) ;
#4496 = EDGE_CURVE ( 'NONE', #2273, #278, #2467, .T. ) ;
#4498 = CARTESIAN_POINT ( 'NONE',  ( 2.096209632746546300, 11.56863027879363600, 58.49999999999999300 ) ) ;
#4497 = CARTESIAN_POINT ( 'NONE',  ( -0.5671561276412093700, 5.063560665979991900, 58.49999999999999300 ) ) ;
#4499 = CARTESIAN_POINT ( 'NONE',  ( -71.04602967032589300, 66.23011617120124600, 59.00000000000000000 ) ) ;
#4500 = VERTEX_POINT ( 'NONE', #460 ) ;
#4501 = EDGE_CURVE ( 'NONE', #2243, #1332, #2793, .T. ) ;
#4502 = EDGE_CURVE ( 'NONE', #2405, #3670, #2911, .T. ) ;
#4503 = DIRECTION ( 'NONE',  ( -0.0000000000000000000, -0.0000000000000000000, 1.000000000000000000 ) ) ;
#4504 = CARTESIAN_POINT ( 'NONE',  ( -3.348199808287273700, 17.60468042998940800, 61.00000000000000000 ) ) ;
#4505 = DIRECTION ( 'NONE',  ( -0.0000000000000000000, -0.0000000000000000000, 1.000000000000000000 ) ) ;
#4506 = AXIS2_PLACEMENT_3D ( 'NONE', #813, #2172, #438 ) ;
#4507 = FACE_OUTER_BOUND ( 'NONE', #2532, .T. ) ;
#4508 = DIRECTION ( 'NONE',  ( 1.000000000000000000, 0.0000000000000000000, 0.0000000000000000000 ) ) ;
#4509 = ORIENTED_EDGE ( 'NONE', *, *, #4478, .F. ) ;
#4510 = CARTESIAN_POINT ( 'NONE',  ( 16.39418706296870500, 27.28082127138888800, 58.49999999999999300 ) ) ;
#4511 = FACE_OUTER_BOUND ( 'NONE', #3624, .T. ) ;
#4512 = EDGE_CURVE ( 'NONE', #4379, #4409, #322, .T. ) ;
#4513 = VECTOR ( 'NONE', #4397, 1000.000000000000000 ) ;
#4514 = DIRECTION ( 'NONE',  ( 0.7071067811865474600, 0.7071067811865474600, 0.0000000000000000000 ) ) ;
#4515 = VERTEX_POINT ( 'NONE', #2891 ) ;
#4516 = LINE ( 'NONE', #19, #103 ) ;
#4517 = EDGE_CURVE ( 'NONE', #1865, #896, #1738, .T. ) ;
#4518 = DIRECTION ( 'NONE',  ( 0.0000000000000000000, 0.0000000000000000000, -1.000000000000000000 ) ) ;
#4519 = DIRECTION ( 'NONE',  ( 1.000000000000000000, -3.469446951953611000E-015, 0.0000000000000000000 ) ) ;
#4520 = VECTOR ( 'NONE', #2294, 1000.000000000000000 ) ;
#4521 = LINE ( 'NONE', #2306, #1743 ) ;
#4522 = VECTOR ( 'NONE', #1926, 1000.000000000000000 ) ;
#4523 = DIRECTION ( 'NONE',  ( -1.000000000000000000, -3.469446951953611000E-015, 0.0000000000000000000 ) ) ;
#4524 = VERTEX_POINT ( 'NONE', #3950 ) ;
#4525 = EDGE_LOOP ( 'NONE', ( #333, #2825, #356, #2145 ) ) ;
#4526 = ORIENTED_EDGE ( 'NONE', *, *, #3874, .T. ) ;
#4527 = ADVANCED_FACE ( 'NONE', ( #3124 ), #4403, .F. ) ;
#4528 = CARTESIAN_POINT ( 'NONE',  ( -8.538126418299873100, 2.509040140443743900, 58.49999999999999300 ) ) ;
#4529 = EDGE_CURVE ( 'NONE', #3812, #4049, #2076, .T. ) ;
#4530 = LINE ( 'NONE', #3194, #503 ) ;
#4531 = ORIENTED_EDGE ( 'NONE', *, *, #43, .T. ) ;
#4532 = ORIENTED_EDGE ( 'NONE', *, *, #2729, .T. ) ;
#4533 = EDGE_LOOP ( 'NONE', ( #1149, #3286, #2751, #4303 ) ) ;
#4534 = DIRECTION ( 'NONE',  ( -0.0000000000000000000, -0.0000000000000000000, 1.000000000000000000 ) ) ;
#4535 = DIRECTION ( 'NONE',  ( 0.7071067811865474600, -0.7071067811865474600, 0.0000000000000000000 ) ) ;
#4536 = DIRECTION ( 'NONE',  ( -0.0000000000000000000, 0.0000000000000000000, 1.000000000000000000 ) ) ;
#4537 = FACE_OUTER_BOUND ( 'NONE', #1432, .T. ) ;
#4538 = EDGE_CURVE ( 'NONE', #983, #1924, #884, .T. ) ;
#4539 = ORIENTED_EDGE ( 'NONE', *, *, #3055, .T. ) ;
#4540 = VERTEX_POINT ( 'NONE', #1514 ) ;
#4541 = CIRCLE ( 'NONE', #1425, 2.049999999999999800 ) ;
#4542 = DIRECTION ( 'NONE',  ( 1.000000000000000000, 3.569163070562645700E-016, 0.0000000000000000000 ) ) ;
#4543 = DIRECTION ( 'NONE',  ( -1.000000000000000000, 0.0000000000000000000, 0.0000000000000000000 ) ) ;
#4544 = CIRCLE ( 'NONE', #2826, 0.9999999999999991100 ) ;
#4545 = AXIS2_PLACEMENT_3D ( 'NONE', #252, #1637, #1292 ) ;
#4546 = CARTESIAN_POINT ( 'NONE',  ( -2.504777967297062300, 17.06742853549234000, 57.49999999999999300 ) ) ;
#4547 = VERTEX_POINT ( 'NONE', #2923 ) ;
#4548 = EDGE_CURVE ( 'NONE', #2752, #1753, #821, .T. ) ;
#4549 = DIRECTION ( 'NONE',  ( 0.7071067811865474600, 0.7071067811865474600, 0.0000000000000000000 ) ) ;
#4550 = CARTESIAN_POINT ( 'NONE',  ( 26.36288191404052500, -7.275357611692262700, 61.00000000000000000 ) ) ;
#4551 = AXIS2_PLACEMENT_3D ( 'NONE', #194, #4047, #2234 ) ;
#4552 = ORIENTED_EDGE ( 'NONE', *, *, #3879, .T. ) ;
#4553 = ADVANCED_FACE ( 'NONE', ( #2743 ), #2158, .T. ) ;
#4554 = ORIENTED_EDGE ( 'NONE', *, *, #4271, .F. ) ;
#4555 = CARTESIAN_POINT ( 'NONE',  ( -71.04602967032585100, -28.37519891327388400, 61.00000000000000000 ) ) ;
#4556 = DIRECTION ( 'NONE',  ( 1.000000000000000000, 0.0000000000000000000, 0.0000000000000000000 ) ) ;
#4557 = DIRECTION ( 'NONE',  ( 0.0000000000000000000, 0.0000000000000000000, -1.000000000000000000 ) ) ;
#4558 = EDGE_CURVE ( 'NONE', #3340, #4379, #544, .T. ) ;
#4559 = CARTESIAN_POINT ( 'NONE',  ( 6.529554195334379900, 13.88065449782182400, 61.00000000000000000 ) ) ;
#4560 = DIRECTION ( 'NONE',  ( 0.7071067811865474600, 0.7071067811865474600, 0.0000000000000000000 ) ) ;
#4561 = CARTESIAN_POINT ( 'NONE',  ( 4.312881914040462800, 12.72464238830773000, 58.49999999999999300 ) ) ;
#4562 = DIRECTION ( 'NONE',  ( 0.0000000000000000000, 0.0000000000000000000, 1.000000000000000000 ) ) ;
#4563 = LINE ( 'NONE', #641, #1029 ) ;
#4564 = ORIENTED_EDGE ( 'NONE', *, *, #2341, .T. ) ;
#4565 = LINE ( 'NONE', #3232, #154 ) ;
#4566 = DIRECTION ( 'NONE',  ( 1.000000000000000000, 0.0000000000000000000, 0.0000000000000000000 ) ) ;
#4567 = DIRECTION ( 'NONE',  ( -1.000000000000000000, 1.734723475976808700E-015, 0.0000000000000000000 ) ) ;
#4568 = AXIS2_PLACEMENT_3D ( 'NONE', #4027, #514, #945 ) ;
#4569 = VERTEX_POINT ( 'NONE', #4046 ) ;
#4570 = FACE_BOUND ( 'NONE', #4188, .T. ) ;
#4571 = VECTOR ( 'NONE', #2935, 1000.000000000000000 ) ;
#4572 = ADVANCED_FACE ( 'NONE', ( #3794 ), #1216, .T. ) ;
#4573 = VECTOR ( 'NONE', #2406, 1000.000000000000000 ) ;
#4574 = ORIENTED_EDGE ( 'NONE', *, *, #1167, .F. ) ;
#4575 = AXIS2_PLACEMENT_3D ( 'NONE', #3160, #1396, #3 ) ;
#4576 = CIRCLE ( 'NONE', #4104, 17.91666666666666800 ) ;
#4577 = CYLINDRICAL_SURFACE ( 'NONE', #1715, 1.000000000000000000 ) ;
#4578 = CARTESIAN_POINT ( 'NONE',  ( -11.72765852638779400, 29.82584300051580300, 58.49999999999999300 ) ) ;
#4579 = CARTESIAN_POINT ( 'NONE',  ( 16.38108770837021300, 3.131310328130890500, 58.49999999999999300 ) ) ;
#4580 = CARTESIAN_POINT ( 'NONE',  ( 24.31288191404052100, 32.72464238830784200, 61.00000000000000000 ) ) ;
#4581 = PLANE ( 'NONE',  #3339 ) ;
#4582 = VERTEX_POINT ( 'NONE', #128 ) ;
#4583 = ORIENTED_EDGE ( 'NONE', *, *, #355, .T. ) ;
#4584 = CIRCLE ( 'NONE', #341, 1.000000000000000000 ) ;
#4585 = CIRCLE ( 'NONE', #793, 1.000000000000000900 ) ;
#4586 = CARTESIAN_POINT ( 'NONE',  ( -4.736210323023544600, 4.736210323023544600, 58.49999999999999300 ) ) ;
#4587 = VERTEX_POINT ( 'NONE', #4017 ) ;
#4588 = ORIENTED_EDGE ( 'NONE', *, *, #2101, .F. ) ;
#4589 = EDGE_LOOP ( 'NONE', ( #2922, #2595, #2759, #2998 ) ) ;
ENDSEC;
END-ISO-10303-21;
