ISO-10303-21;
HEADER;
/* Generated by software containing ST-Developer
 * from STEP Tools, Inc. (www.steptools.com) 
 */

FILE_DESCRIPTION(
/* description */ (''),
/* implementation_level */ '2;1');

FILE_NAME(
/* name */ 
'C:/Users/jacka/Dropbox/3dPrinter/Venture Aeon/X-carriage/Files/X-Carr
iage.step',
/* time_stamp */ '2017-09-03T13:11:20+01:00',
/* author */ (''),
/* organization */ (''),
/* preprocessor_version */ 'ST-DEVELOPER v16.13',
/* originating_system */ 'Autodesk Translation Framework v6.1.1.50',
/* authorisation */ '');

FILE_SCHEMA (('AUTOMOTIVE_DESIGN { 1 0 10303 214 3 1 1 }'));
ENDSEC;

DATA;
#10=MECHANICAL_DESIGN_GEOMETRIC_PRESENTATION_REPRESENTATION('',(#13),#4917);
#11=SHAPE_REPRESENTATION_RELATIONSHIP('SRR','None',#4923,#12);
#12=ADVANCED_BREP_SHAPE_REPRESENTATION('',(#14),#4916);
#13=STYLED_ITEM('',(#4932),#14);
#14=MANIFOLD_SOLID_BREP('Mount',#2739);
#15=CONICAL_SURFACE('',#2936,3.5,0.785398163397448);
#16=CONICAL_SURFACE('',#2941,3.5,0.785398163397448);
#17=FACE_BOUND('',#446,.T.);
#18=FACE_BOUND('',#447,.T.);
#19=FACE_BOUND('',#448,.T.);
#20=FACE_BOUND('',#449,.T.);
#21=FACE_BOUND('',#461,.T.);
#22=FACE_BOUND('',#462,.T.);
#23=FACE_BOUND('',#485,.T.);
#24=FACE_BOUND('',#487,.T.);
#25=FACE_BOUND('',#490,.T.);
#26=FACE_BOUND('',#492,.T.);
#27=FACE_BOUND('',#502,.T.);
#28=FACE_BOUND('',#504,.T.);
#29=FACE_BOUND('',#506,.T.);
#30=FACE_BOUND('',#508,.T.);
#31=FACE_BOUND('',#522,.T.);
#32=FACE_BOUND('',#524,.T.);
#33=FACE_BOUND('',#526,.T.);
#34=FACE_BOUND('',#528,.T.);
#35=TOROIDAL_SURFACE('',#2802,8.50000057369471,2.5);
#36=TOROIDAL_SURFACE('',#2842,8.50000057369471,2.5);
#37=TOROIDAL_SURFACE('',#2860,8.50000057369471,2.5);
#38=TOROIDAL_SURFACE('',#2866,8.5000005736947,2.5);
#39=TOROIDAL_SURFACE('',#2877,8.5000005736947,2.5);
#40=TOROIDAL_SURFACE('',#2893,8.50000057369471,2.5);
#41=TOROIDAL_SURFACE('',#2899,8.5000005736947,2.5);
#42=TOROIDAL_SURFACE('',#2906,8.5000005736947,2.5);
#43=B_SPLINE_SURFACE_WITH_KNOTS('',3,3,((#3992,#3993,#3994,#3995,#3996,
#3997),(#3998,#3999,#4000,#4001,#4002,#4003),(#4004,#4005,#4006,#4007,#4008,
#4009),(#4010,#4011,#4012,#4013,#4014,#4015),(#4016,#4017,#4018,#4019,#4020,
#4021),(#4022,#4023,#4024,#4025,#4026,#4027)),.UNSPECIFIED.,.F.,.F.,.F.,
(4,1,1,4),(4,1,1,4),(0.,0.285714285714286,0.571428571428571,1.),(0.,0.10867816912804,
0.181130281880067,0.253582394632094),.UNSPECIFIED.);
#44=B_SPLINE_SURFACE_WITH_KNOTS('',3,3,((#4049,#4050,#4051,#4052,#4053,
#4054),(#4055,#4056,#4057,#4058,#4059,#4060),(#4061,#4062,#4063,#4064,#4065,
#4066),(#4067,#4068,#4069,#4070,#4071,#4072),(#4073,#4074,#4075,#4076,#4077,
#4078),(#4079,#4080,#4081,#4082,#4083,#4084)),.UNSPECIFIED.,.F.,.F.,.F.,
(4,1,1,4),(4,1,1,4),(0.,0.285714285714286,0.571428571428571,1.),(0.,0.0724519890250244,
0.108677983537537,0.253581961587586),.UNSPECIFIED.);
#45=B_SPLINE_SURFACE_WITH_KNOTS('',3,3,((#4174,#4175,#4176,#4177,#4178,
#4179),(#4180,#4181,#4182,#4183,#4184,#4185),(#4186,#4187,#4188,#4189,#4190,
#4191),(#4192,#4193,#4194,#4195,#4196,#4197),(#4198,#4199,#4200,#4201,#4202,
#4203),(#4204,#4205,#4206,#4207,#4208,#4209)),.UNSPECIFIED.,.F.,.F.,.F.,
(4,1,1,4),(4,1,1,4),(0.,0.285714285714286,0.571428571428571,1.),(0.,0.108678165605774,
0.181130276009623,0.253582386413472),.UNSPECIFIED.);
#46=B_SPLINE_SURFACE_WITH_KNOTS('',3,3,((#4231,#4232,#4233,#4234,#4235,
#4236),(#4237,#4238,#4239,#4240,#4241,#4242),(#4243,#4244,#4245,#4246,#4247,
#4248),(#4249,#4250,#4251,#4252,#4253,#4254),(#4255,#4256,#4257,#4258,#4259,
#4260),(#4261,#4262,#4263,#4264,#4265,#4266)),.UNSPECIFIED.,.F.,.F.,.F.,
(4,1,1,4),(4,1,1,4),(0.,0.285714285714286,0.571428571428571,1.),(0.,0.0724519866771095,
0.144903973354219,0.253581953369883),.UNSPECIFIED.);
#47=B_SPLINE_SURFACE_WITH_KNOTS('',3,3,((#4307,#4308,#4309,#4310,#4311,
#4312),(#4313,#4314,#4315,#4316,#4317,#4318),(#4319,#4320,#4321,#4322,#4323,
#4324),(#4325,#4326,#4327,#4328,#4329,#4330),(#4331,#4332,#4333,#4334,#4335,
#4336),(#4337,#4338,#4339,#4340,#4341,#4342)),.UNSPECIFIED.,.F.,.F.,.F.,
(4,1,1,4),(4,1,1,4),(0.,0.285714285714286,0.571428571428571,1.),(0.,0.144904225504054,
0.181130281880067,0.253582394632094),.UNSPECIFIED.);
#48=B_SPLINE_SURFACE_WITH_KNOTS('',3,3,((#4364,#4365,#4366,#4367,#4368,
#4369),(#4370,#4371,#4372,#4373,#4374,#4375),(#4376,#4377,#4378,#4379,#4380,
#4381),(#4382,#4383,#4384,#4385,#4386,#4387),(#4388,#4389,#4390,#4391,#4392,
#4393),(#4394,#4395,#4396,#4397,#4398,#4399)),.UNSPECIFIED.,.F.,.F.,.F.,
(4,1,1,4),(4,1,1,4),(0.,0.285714285714286,0.571428571428571,1.),(0.,0.0724519890250246,
0.108677983537537,0.253581961587586),.UNSPECIFIED.);
#49=B_SPLINE_SURFACE_WITH_KNOTS('',3,3,((#4472,#4473,#4474,#4475,#4476,
#4477),(#4478,#4479,#4480,#4481,#4482,#4483),(#4484,#4485,#4486,#4487,#4488,
#4489),(#4490,#4491,#4492,#4493,#4494,#4495),(#4496,#4497,#4498,#4499,#4500,
#4501),(#4502,#4503,#4504,#4505,#4506,#4507)),.UNSPECIFIED.,.F.,.F.,.F.,
(4,1,1,4),(4,1,1,4),(0.,0.285714285714286,0.571428571428571,1.),(1.81934221374634E-16,
0.108678165605774,0.181130276009622,0.253582386413471),.UNSPECIFIED.);
#50=B_SPLINE_SURFACE_WITH_KNOTS('',3,3,((#4529,#4530,#4531,#4532,#4533,
#4534),(#4535,#4536,#4537,#4538,#4539,#4540),(#4541,#4542,#4543,#4544,#4545,
#4546),(#4547,#4548,#4549,#4550,#4551,#4552),(#4553,#4554,#4555,#4556,#4557,
#4558),(#4559,#4560,#4561,#4562,#4563,#4564)),.UNSPECIFIED.,.F.,.F.,.F.,
(4,1,1,4),(4,1,1,4),(0.,0.285714285714286,0.571428571428571,1.),(0.,0.0724519866771094,
0.108677980015664,0.253581953369883),.UNSPECIFIED.);
#51=B_SPLINE_CURVE_WITH_KNOTS('',3,(#3985,#3986,#3987,#3988,#3989,#3990),
 .UNSPECIFIED.,.F.,.F.,(4,2,4),(0.177008917125508,0.222649179340622,0.24042329742412),
 .UNSPECIFIED.);
#52=B_SPLINE_CURVE_WITH_KNOTS('',3,(#4031,#4032,#4033,#4034,#4035,#4036),
 .UNSPECIFIED.,.F.,.F.,(4,1,1,4),(-0.253582394632094,-0.181130281880067,
-0.10867816912804,0.),.UNSPECIFIED.);
#53=B_SPLINE_CURVE_WITH_KNOTS('',3,(#4037,#4038,#4039,#4040,#4041,#4042),
 .UNSPECIFIED.,.F.,.F.,(4,1,1,4),(0.,0.10867816912804,0.181130281880067,
0.253582394632094),.UNSPECIFIED.);
#54=B_SPLINE_CURVE_WITH_KNOTS('',3,(#4088,#4089,#4090,#4091,#4092,#4093),
 .UNSPECIFIED.,.F.,.F.,(4,1,1,4),(-0.253581961587586,-0.108677983537537,
-0.0724519890250244,0.),.UNSPECIFIED.);
#55=B_SPLINE_CURVE_WITH_KNOTS('',3,(#4094,#4095,#4096,#4097,#4098,#4099),
 .UNSPECIFIED.,.F.,.F.,(4,1,1,4),(0.,0.0724519890250244,0.108677983537537,
0.253581961587586),.UNSPECIFIED.);
#56=B_SPLINE_CURVE_WITH_KNOTS('',3,(#4104,#4105,#4106,#4107,#4108,#4109),
 .UNSPECIFIED.,.F.,.F.,(4,2,4),(0.102136867969291,0.119910986052742,0.165551248267856),
 .UNSPECIFIED.);
#57=B_SPLINE_CURVE_WITH_KNOTS('',3,(#4168,#4169,#4170,#4171,#4172,#4173),
 .UNSPECIFIED.,.F.,.F.,(4,2,4),(0.519569046083257,0.565209304088512,0.582983408853069),
 .UNSPECIFIED.);
#58=B_SPLINE_CURVE_WITH_KNOTS('',3,(#4213,#4214,#4215,#4216,#4217,#4218),
 .UNSPECIFIED.,.F.,.F.,(4,1,1,4),(-0.253582386413472,-0.181130276009623,
-0.108678165605774,0.),.UNSPECIFIED.);
#59=B_SPLINE_CURVE_WITH_KNOTS('',3,(#4219,#4220,#4221,#4222,#4223,#4224),
 .UNSPECIFIED.,.F.,.F.,(4,1,1,4),(0.,0.108678165605774,0.181130276009623,
0.253582386413472),.UNSPECIFIED.);
#60=B_SPLINE_CURVE_WITH_KNOTS('',3,(#4269,#4270,#4271,#4272,#4273,#4274),
 .UNSPECIFIED.,.F.,.F.,(4,1,1,4),(-0.253581953369883,-0.144903973354219,
-0.0724519866771095,0.),.UNSPECIFIED.);
#61=B_SPLINE_CURVE_WITH_KNOTS('',3,(#4275,#4276,#4277,#4278,#4279,#4280),
 .UNSPECIFIED.,.F.,.F.,(4,1,1,4),(0.,0.0724519866771095,0.144903973354219,
0.253581953369883),.UNSPECIFIED.);
#62=B_SPLINE_CURVE_WITH_KNOTS('',3,(#4283,#4284,#4285,#4286,#4287,#4288),
 .UNSPECIFIED.,.F.,.F.,(4,2,4),(0.444886818887149,0.46266092365166,0.508301181656914),
 .UNSPECIFIED.);
#63=B_SPLINE_CURVE_WITH_KNOTS('',3,(#4300,#4301,#4302,#4303,#4304,#4305),
 .UNSPECIFIED.,.F.,.F.,(4,2,4),(0.177008917125508,0.222649179340622,0.24042329742412),
 .UNSPECIFIED.);
#64=B_SPLINE_CURVE_WITH_KNOTS('',3,(#4346,#4347,#4348,#4349,#4350,#4351),
 .UNSPECIFIED.,.F.,.F.,(4,1,1,4),(-0.253582394632094,-0.181130281880067,
-0.144904225504054,0.),.UNSPECIFIED.);
#65=B_SPLINE_CURVE_WITH_KNOTS('',3,(#4352,#4353,#4354,#4355,#4356,#4357),
 .UNSPECIFIED.,.F.,.F.,(4,1,1,4),(0.,0.144904225504054,0.181130281880067,
0.253582394632094),.UNSPECIFIED.);
#66=B_SPLINE_CURVE_WITH_KNOTS('',3,(#4402,#4403,#4404,#4405,#4406,#4407),
 .UNSPECIFIED.,.F.,.F.,(4,1,1,4),(-0.253581961587586,-0.108677983537537,
-0.0724519890250246,0.),.UNSPECIFIED.);
#67=B_SPLINE_CURVE_WITH_KNOTS('',3,(#4408,#4409,#4410,#4411,#4412,#4413),
 .UNSPECIFIED.,.F.,.F.,(4,1,1,4),(0.,0.0724519890250246,0.108677983537537,
0.253581961587586),.UNSPECIFIED.);
#68=B_SPLINE_CURVE_WITH_KNOTS('',3,(#4417,#4418,#4419,#4420,#4421,#4422),
 .UNSPECIFIED.,.F.,.F.,(4,2,4),(0.102136867969291,0.119910986052742,0.165551248267856),
 .UNSPECIFIED.);
#69=B_SPLINE_CURVE_WITH_KNOTS('',3,(#4466,#4467,#4468,#4469,#4470,#4471),
 .UNSPECIFIED.,.F.,.F.,(4,2,4),(0.519569046083257,0.565209304088512,0.582983408853068),
 .UNSPECIFIED.);
#70=B_SPLINE_CURVE_WITH_KNOTS('',3,(#4511,#4512,#4513,#4514,#4515,#4516),
 .UNSPECIFIED.,.F.,.F.,(4,1,1,4),(-0.253582386413471,-0.181130276009622,
-0.108678165605774,-1.81934221374634E-16),.UNSPECIFIED.);
#71=B_SPLINE_CURVE_WITH_KNOTS('',3,(#4517,#4518,#4519,#4520,#4521,#4522),
 .UNSPECIFIED.,.F.,.F.,(4,1,1,4),(1.81934221374634E-16,0.108678165605774,
0.181130276009622,0.253582386413471),.UNSPECIFIED.);
#72=B_SPLINE_CURVE_WITH_KNOTS('',3,(#4567,#4568,#4569,#4570,#4571,#4572),
 .UNSPECIFIED.,.F.,.F.,(4,1,1,4),(-0.253581953369883,-0.108677980015664,
-0.0724519866771094,0.),.UNSPECIFIED.);
#73=B_SPLINE_CURVE_WITH_KNOTS('',3,(#4573,#4574,#4575,#4576,#4577,#4578),
 .UNSPECIFIED.,.F.,.F.,(4,1,1,4),(0.,0.0724519866771094,0.108677980015664,
0.253581953369883),.UNSPECIFIED.);
#74=B_SPLINE_CURVE_WITH_KNOTS('',3,(#4581,#4582,#4583,#4584,#4585,#4586),
 .UNSPECIFIED.,.F.,.F.,(4,2,4),(0.444697020762295,0.462471125526805,0.508111383532059),
 .UNSPECIFIED.);
#75=CIRCLE('',#2790,1.);
#76=CIRCLE('',#2792,1.);
#77=CIRCLE('',#2794,1.00000000000001);
#78=CIRCLE('',#2795,1.);
#79=CIRCLE('',#2800,11.0000005736947);
#80=CIRCLE('',#2801,11.0000005736947);
#81=CIRCLE('',#2803,8.50000057369471);
#82=CIRCLE('',#2804,2.5000005736947);
#83=CIRCLE('',#2806,7.5);
#84=CIRCLE('',#2807,8.50000057369471);
#85=CIRCLE('',#2808,8.5000005736947);
#86=CIRCLE('',#2809,7.5);
#87=CIRCLE('',#2810,8.50000057369471);
#88=CIRCLE('',#2816,1.);
#89=CIRCLE('',#2817,0.999999999999999);
#90=CIRCLE('',#2819,1.);
#91=CIRCLE('',#2820,1.);
#92=CIRCLE('',#2823,7.5);
#93=CIRCLE('',#2826,1.);
#94=CIRCLE('',#2828,0.999999999999999);
#95=CIRCLE('',#2830,0.999999999999999);
#96=CIRCLE('',#2831,1.);
#97=CIRCLE('',#2836,11.0000005736947);
#98=CIRCLE('',#2837,11.0000005736947);
#99=CIRCLE('',#2838,11.0000005736947);
#100=CIRCLE('',#2839,11.0000005736947);
#101=CIRCLE('',#2840,11.0000005736947);
#102=CIRCLE('',#2841,11.0000005736947);
#103=CIRCLE('',#2843,2.5);
#104=CIRCLE('',#2849,1.);
#105=CIRCLE('',#2850,1.);
#106=CIRCLE('',#2852,1.);
#107=CIRCLE('',#2853,1.);
#108=CIRCLE('',#2856,7.5);
#109=CIRCLE('',#2859,2.5);
#110=CIRCLE('',#2861,2.5);
#111=CIRCLE('',#2862,8.5000005736947);
#112=CIRCLE('',#2864,2.5);
#113=CIRCLE('',#2867,11.0000005736947);
#114=CIRCLE('',#2868,2.5);
#115=CIRCLE('',#2870,2.5);
#116=CIRCLE('',#2873,11.0000005736947);
#117=CIRCLE('',#2875,2.5);
#118=CIRCLE('',#2876,2.5);
#119=CIRCLE('',#2878,8.50000057369471);
#120=CIRCLE('',#2881,2.5);
#121=CIRCLE('',#2884,2.5);
#122=CIRCLE('',#2885,2.5);
#123=CIRCLE('',#2886,2.5);
#124=CIRCLE('',#2887,1.5);
#125=CIRCLE('',#2888,1.5);
#126=CIRCLE('',#2889,1.5);
#127=CIRCLE('',#2890,1.5);
#128=CIRCLE('',#2892,2.5);
#129=CIRCLE('',#2894,8.50000057369471);
#130=CIRCLE('',#2896,8.50000057369471);
#131=CIRCLE('',#2898,2.5);
#132=CIRCLE('',#2900,11.0000005736947);
#133=CIRCLE('',#2903,11.0000005736947);
#134=CIRCLE('',#2905,2.50000057369471);
#135=CIRCLE('',#2908,4.);
#136=CIRCLE('',#2909,4.);
#137=CIRCLE('',#2911,4.);
#138=CIRCLE('',#2912,4.);
#139=CIRCLE('',#2913,4.);
#140=CIRCLE('',#2915,4.);
#141=CIRCLE('',#2937,4.);
#142=CIRCLE('',#2938,3.);
#143=CIRCLE('',#2942,4.);
#144=CIRCLE('',#2943,3.);
#145=CIRCLE('',#2954,1.5);
#146=CIRCLE('',#2956,1.5);
#147=CIRCLE('',#2958,1.5);
#148=CIRCLE('',#2960,1.5);
#149=CYLINDRICAL_SURFACE('',#2789,1.);
#150=CYLINDRICAL_SURFACE('',#2793,1.);
#151=CYLINDRICAL_SURFACE('',#2796,1.);
#152=CYLINDRICAL_SURFACE('',#2798,1.);
#153=CYLINDRICAL_SURFACE('',#2799,11.0000005736947);
#154=CYLINDRICAL_SURFACE('',#2812,1.);
#155=CYLINDRICAL_SURFACE('',#2815,1.);
#156=CYLINDRICAL_SURFACE('',#2818,1.);
#157=CYLINDRICAL_SURFACE('',#2821,1.);
#158=CYLINDRICAL_SURFACE('',#2822,7.5);
#159=CYLINDRICAL_SURFACE('',#2825,1.);
#160=CYLINDRICAL_SURFACE('',#2829,1.);
#161=CYLINDRICAL_SURFACE('',#2832,1.);
#162=CYLINDRICAL_SURFACE('',#2834,1.);
#163=CYLINDRICAL_SURFACE('',#2835,11.0000005736947);
#164=CYLINDRICAL_SURFACE('',#2845,1.);
#165=CYLINDRICAL_SURFACE('',#2848,1.);
#166=CYLINDRICAL_SURFACE('',#2851,1.);
#167=CYLINDRICAL_SURFACE('',#2854,1.);
#168=CYLINDRICAL_SURFACE('',#2855,7.5);
#169=CYLINDRICAL_SURFACE('',#2858,2.5);
#170=CYLINDRICAL_SURFACE('',#2863,2.5);
#171=CYLINDRICAL_SURFACE('',#2869,2.5);
#172=CYLINDRICAL_SURFACE('',#2872,11.0000005736947);
#173=CYLINDRICAL_SURFACE('',#2874,2.5);
#174=CYLINDRICAL_SURFACE('',#2880,2.5);
#175=CYLINDRICAL_SURFACE('',#2891,2.5);
#176=CYLINDRICAL_SURFACE('',#2897,2.5);
#177=CYLINDRICAL_SURFACE('',#2902,11.0000005736947);
#178=CYLINDRICAL_SURFACE('',#2904,2.5);
#179=CYLINDRICAL_SURFACE('',#2907,4.);
#180=CYLINDRICAL_SURFACE('',#2914,4.);
#181=CYLINDRICAL_SURFACE('',#2939,4.);
#182=CYLINDRICAL_SURFACE('',#2944,4.);
#183=CYLINDRICAL_SURFACE('',#2973,1.5);
#184=CYLINDRICAL_SURFACE('',#2974,1.5);
#185=CYLINDRICAL_SURFACE('',#2975,1.5);
#186=CYLINDRICAL_SURFACE('',#2976,1.5);
#187=ELLIPSE('',#2747,12.7017065846174,11.0000005736947);
#188=ELLIPSE('',#2752,12.7017065846174,11.0000005736947);
#189=ELLIPSE('',#2759,12.7017065846174,11.0000005736947);
#190=ELLIPSE('',#2764,12.7017065846174,11.0000005736947);
#191=ELLIPSE('',#2771,12.7017065846174,11.0000005736947);
#192=ELLIPSE('',#2776,12.7017065846174,11.0000005736947);
#193=ELLIPSE('',#2783,12.7017065846174,11.0000005736947);
#194=ELLIPSE('',#2788,12.7017065846174,11.0000005736947);
#195=ELLIPSE('',#2791,1.4142135623731,1.);
#196=ELLIPSE('',#2797,1.41421356237309,1.);
#197=ELLIPSE('',#2813,1.41421356237309,1.);
#198=ELLIPSE('',#2814,1.4142135623731,1.);
#199=ELLIPSE('',#2827,1.4142135623731,1.);
#200=ELLIPSE('',#2833,1.41421356237309,1.);
#201=ELLIPSE('',#2846,1.41421356237309,1.);
#202=ELLIPSE('',#2847,1.4142135623731,1.);
#203=FACE_OUTER_BOUND('',#357,.T.);
#204=FACE_OUTER_BOUND('',#358,.T.);
#205=FACE_OUTER_BOUND('',#359,.T.);
#206=FACE_OUTER_BOUND('',#360,.T.);
#207=FACE_OUTER_BOUND('',#361,.T.);
#208=FACE_OUTER_BOUND('',#362,.T.);
#209=FACE_OUTER_BOUND('',#363,.T.);
#210=FACE_OUTER_BOUND('',#364,.T.);
#211=FACE_OUTER_BOUND('',#365,.T.);
#212=FACE_OUTER_BOUND('',#366,.T.);
#213=FACE_OUTER_BOUND('',#367,.T.);
#214=FACE_OUTER_BOUND('',#368,.T.);
#215=FACE_OUTER_BOUND('',#369,.T.);
#216=FACE_OUTER_BOUND('',#370,.T.);
#217=FACE_OUTER_BOUND('',#371,.T.);
#218=FACE_OUTER_BOUND('',#372,.T.);
#219=FACE_OUTER_BOUND('',#373,.T.);
#220=FACE_OUTER_BOUND('',#374,.T.);
#221=FACE_OUTER_BOUND('',#375,.T.);
#222=FACE_OUTER_BOUND('',#376,.T.);
#223=FACE_OUTER_BOUND('',#377,.T.);
#224=FACE_OUTER_BOUND('',#378,.T.);
#225=FACE_OUTER_BOUND('',#379,.T.);
#226=FACE_OUTER_BOUND('',#380,.T.);
#227=FACE_OUTER_BOUND('',#381,.T.);
#228=FACE_OUTER_BOUND('',#382,.T.);
#229=FACE_OUTER_BOUND('',#383,.T.);
#230=FACE_OUTER_BOUND('',#384,.T.);
#231=FACE_OUTER_BOUND('',#385,.T.);
#232=FACE_OUTER_BOUND('',#386,.T.);
#233=FACE_OUTER_BOUND('',#387,.T.);
#234=FACE_OUTER_BOUND('',#388,.T.);
#235=FACE_OUTER_BOUND('',#389,.T.);
#236=FACE_OUTER_BOUND('',#390,.T.);
#237=FACE_OUTER_BOUND('',#391,.T.);
#238=FACE_OUTER_BOUND('',#392,.T.);
#239=FACE_OUTER_BOUND('',#393,.T.);
#240=FACE_OUTER_BOUND('',#394,.T.);
#241=FACE_OUTER_BOUND('',#395,.T.);
#242=FACE_OUTER_BOUND('',#396,.T.);
#243=FACE_OUTER_BOUND('',#397,.T.);
#244=FACE_OUTER_BOUND('',#398,.T.);
#245=FACE_OUTER_BOUND('',#399,.T.);
#246=FACE_OUTER_BOUND('',#400,.T.);
#247=FACE_OUTER_BOUND('',#401,.T.);
#248=FACE_OUTER_BOUND('',#402,.T.);
#249=FACE_OUTER_BOUND('',#403,.T.);
#250=FACE_OUTER_BOUND('',#404,.T.);
#251=FACE_OUTER_BOUND('',#405,.T.);
#252=FACE_OUTER_BOUND('',#406,.T.);
#253=FACE_OUTER_BOUND('',#407,.T.);
#254=FACE_OUTER_BOUND('',#408,.T.);
#255=FACE_OUTER_BOUND('',#409,.T.);
#256=FACE_OUTER_BOUND('',#410,.T.);
#257=FACE_OUTER_BOUND('',#411,.T.);
#258=FACE_OUTER_BOUND('',#412,.T.);
#259=FACE_OUTER_BOUND('',#413,.T.);
#260=FACE_OUTER_BOUND('',#414,.T.);
#261=FACE_OUTER_BOUND('',#415,.T.);
#262=FACE_OUTER_BOUND('',#416,.T.);
#263=FACE_OUTER_BOUND('',#417,.T.);
#264=FACE_OUTER_BOUND('',#418,.T.);
#265=FACE_OUTER_BOUND('',#419,.T.);
#266=FACE_OUTER_BOUND('',#420,.T.);
#267=FACE_OUTER_BOUND('',#421,.T.);
#268=FACE_OUTER_BOUND('',#422,.T.);
#269=FACE_OUTER_BOUND('',#423,.T.);
#270=FACE_OUTER_BOUND('',#424,.T.);
#271=FACE_OUTER_BOUND('',#425,.T.);
#272=FACE_OUTER_BOUND('',#426,.T.);
#273=FACE_OUTER_BOUND('',#427,.T.);
#274=FACE_OUTER_BOUND('',#428,.T.);
#275=FACE_OUTER_BOUND('',#429,.T.);
#276=FACE_OUTER_BOUND('',#430,.T.);
#277=FACE_OUTER_BOUND('',#431,.T.);
#278=FACE_OUTER_BOUND('',#432,.T.);
#279=FACE_OUTER_BOUND('',#433,.T.);
#280=FACE_OUTER_BOUND('',#434,.T.);
#281=FACE_OUTER_BOUND('',#435,.T.);
#282=FACE_OUTER_BOUND('',#436,.T.);
#283=FACE_OUTER_BOUND('',#437,.T.);
#284=FACE_OUTER_BOUND('',#438,.T.);
#285=FACE_OUTER_BOUND('',#439,.T.);
#286=FACE_OUTER_BOUND('',#440,.T.);
#287=FACE_OUTER_BOUND('',#441,.T.);
#288=FACE_OUTER_BOUND('',#442,.T.);
#289=FACE_OUTER_BOUND('',#443,.T.);
#290=FACE_OUTER_BOUND('',#444,.T.);
#291=FACE_OUTER_BOUND('',#445,.T.);
#292=FACE_OUTER_BOUND('',#450,.T.);
#293=FACE_OUTER_BOUND('',#451,.T.);
#294=FACE_OUTER_BOUND('',#452,.T.);
#295=FACE_OUTER_BOUND('',#453,.T.);
#296=FACE_OUTER_BOUND('',#454,.T.);
#297=FACE_OUTER_BOUND('',#455,.T.);
#298=FACE_OUTER_BOUND('',#456,.T.);
#299=FACE_OUTER_BOUND('',#457,.T.);
#300=FACE_OUTER_BOUND('',#458,.T.);
#301=FACE_OUTER_BOUND('',#459,.T.);
#302=FACE_OUTER_BOUND('',#460,.T.);
#303=FACE_OUTER_BOUND('',#463,.T.);
#304=FACE_OUTER_BOUND('',#464,.T.);
#305=FACE_OUTER_BOUND('',#465,.T.);
#306=FACE_OUTER_BOUND('',#466,.T.);
#307=FACE_OUTER_BOUND('',#467,.T.);
#308=FACE_OUTER_BOUND('',#468,.T.);
#309=FACE_OUTER_BOUND('',#469,.T.);
#310=FACE_OUTER_BOUND('',#470,.T.);
#311=FACE_OUTER_BOUND('',#471,.T.);
#312=FACE_OUTER_BOUND('',#472,.T.);
#313=FACE_OUTER_BOUND('',#473,.T.);
#314=FACE_OUTER_BOUND('',#474,.T.);
#315=FACE_OUTER_BOUND('',#475,.T.);
#316=FACE_OUTER_BOUND('',#476,.T.);
#317=FACE_OUTER_BOUND('',#477,.T.);
#318=FACE_OUTER_BOUND('',#478,.T.);
#319=FACE_OUTER_BOUND('',#479,.T.);
#320=FACE_OUTER_BOUND('',#480,.T.);
#321=FACE_OUTER_BOUND('',#481,.T.);
#322=FACE_OUTER_BOUND('',#482,.T.);
#323=FACE_OUTER_BOUND('',#483,.T.);
#324=FACE_OUTER_BOUND('',#484,.T.);
#325=FACE_OUTER_BOUND('',#486,.T.);
#326=FACE_OUTER_BOUND('',#488,.T.);
#327=FACE_OUTER_BOUND('',#489,.T.);
#328=FACE_OUTER_BOUND('',#491,.T.);
#329=FACE_OUTER_BOUND('',#493,.T.);
#330=FACE_OUTER_BOUND('',#494,.T.);
#331=FACE_OUTER_BOUND('',#495,.T.);
#332=FACE_OUTER_BOUND('',#496,.T.);
#333=FACE_OUTER_BOUND('',#497,.T.);
#334=FACE_OUTER_BOUND('',#498,.T.);
#335=FACE_OUTER_BOUND('',#499,.T.);
#336=FACE_OUTER_BOUND('',#500,.T.);
#337=FACE_OUTER_BOUND('',#501,.T.);
#338=FACE_OUTER_BOUND('',#503,.T.);
#339=FACE_OUTER_BOUND('',#505,.T.);
#340=FACE_OUTER_BOUND('',#507,.T.);
#341=FACE_OUTER_BOUND('',#509,.T.);
#342=FACE_OUTER_BOUND('',#510,.T.);
#343=FACE_OUTER_BOUND('',#511,.T.);
#344=FACE_OUTER_BOUND('',#512,.T.);
#345=FACE_OUTER_BOUND('',#513,.T.);
#346=FACE_OUTER_BOUND('',#514,.T.);
#347=FACE_OUTER_BOUND('',#515,.T.);
#348=FACE_OUTER_BOUND('',#516,.T.);
#349=FACE_OUTER_BOUND('',#517,.T.);
#350=FACE_OUTER_BOUND('',#518,.T.);
#351=FACE_OUTER_BOUND('',#519,.T.);
#352=FACE_OUTER_BOUND('',#520,.T.);
#353=FACE_OUTER_BOUND('',#521,.T.);
#354=FACE_OUTER_BOUND('',#523,.T.);
#355=FACE_OUTER_BOUND('',#525,.T.);
#356=FACE_OUTER_BOUND('',#527,.T.);
#357=EDGE_LOOP('',(#1711,#1712,#1713,#1714));
#358=EDGE_LOOP('',(#1715,#1716,#1717,#1718));
#359=EDGE_LOOP('',(#1719,#1720,#1721,#1722));
#360=EDGE_LOOP('',(#1723,#1724,#1725,#1726));
#361=EDGE_LOOP('',(#1727,#1728,#1729,#1730));
#362=EDGE_LOOP('',(#1731,#1732,#1733,#1734,#1735,#1736));
#363=EDGE_LOOP('',(#1737,#1738,#1739,#1740));
#364=EDGE_LOOP('',(#1741,#1742,#1743,#1744));
#365=EDGE_LOOP('',(#1745,#1746,#1747,#1748));
#366=EDGE_LOOP('',(#1749,#1750,#1751,#1752,#1753,#1754));
#367=EDGE_LOOP('',(#1755,#1756,#1757,#1758));
#368=EDGE_LOOP('',(#1759,#1760,#1761,#1762));
#369=EDGE_LOOP('',(#1763,#1764,#1765,#1766));
#370=EDGE_LOOP('',(#1767,#1768,#1769,#1770));
#371=EDGE_LOOP('',(#1771,#1772,#1773,#1774));
#372=EDGE_LOOP('',(#1775,#1776,#1777,#1778,#1779,#1780));
#373=EDGE_LOOP('',(#1781,#1782,#1783,#1784));
#374=EDGE_LOOP('',(#1785,#1786,#1787,#1788));
#375=EDGE_LOOP('',(#1789,#1790,#1791,#1792));
#376=EDGE_LOOP('',(#1793,#1794,#1795,#1796,#1797,#1798));
#377=EDGE_LOOP('',(#1799,#1800,#1801,#1802));
#378=EDGE_LOOP('',(#1803,#1804,#1805,#1806));
#379=EDGE_LOOP('',(#1807,#1808,#1809,#1810));
#380=EDGE_LOOP('',(#1811,#1812,#1813,#1814));
#381=EDGE_LOOP('',(#1815,#1816,#1817,#1818));
#382=EDGE_LOOP('',(#1819,#1820,#1821,#1822,#1823,#1824));
#383=EDGE_LOOP('',(#1825,#1826,#1827,#1828));
#384=EDGE_LOOP('',(#1829,#1830,#1831,#1832));
#385=EDGE_LOOP('',(#1833,#1834,#1835,#1836));
#386=EDGE_LOOP('',(#1837,#1838,#1839,#1840,#1841,#1842));
#387=EDGE_LOOP('',(#1843,#1844,#1845,#1846));
#388=EDGE_LOOP('',(#1847,#1848,#1849,#1850));
#389=EDGE_LOOP('',(#1851,#1852,#1853,#1854));
#390=EDGE_LOOP('',(#1855,#1856,#1857,#1858));
#391=EDGE_LOOP('',(#1859,#1860,#1861,#1862));
#392=EDGE_LOOP('',(#1863,#1864,#1865,#1866,#1867,#1868));
#393=EDGE_LOOP('',(#1869,#1870,#1871,#1872));
#394=EDGE_LOOP('',(#1873,#1874,#1875,#1876));
#395=EDGE_LOOP('',(#1877,#1878,#1879,#1880));
#396=EDGE_LOOP('',(#1881,#1882,#1883,#1884,#1885,#1886));
#397=EDGE_LOOP('',(#1887,#1888,#1889,#1890));
#398=EDGE_LOOP('',(#1891,#1892,#1893,#1894));
#399=EDGE_LOOP('',(#1895,#1896,#1897,#1898));
#400=EDGE_LOOP('',(#1899,#1900,#1901,#1902));
#401=EDGE_LOOP('',(#1903,#1904,#1905,#1906));
#402=EDGE_LOOP('',(#1907,#1908,#1909,#1910));
#403=EDGE_LOOP('',(#1911,#1912,#1913,#1914));
#404=EDGE_LOOP('',(#1915,#1916,#1917,#1918));
#405=EDGE_LOOP('',(#1919,#1920,#1921,#1922,#1923,#1924,#1925,#1926,#1927,
#1928,#1929,#1930,#1931,#1932,#1933,#1934,#1935,#1936));
#406=EDGE_LOOP('',(#1937,#1938,#1939,#1940));
#407=EDGE_LOOP('',(#1941,#1942,#1943,#1944));
#408=EDGE_LOOP('',(#1945,#1946,#1947,#1948));
#409=EDGE_LOOP('',(#1949,#1950,#1951,#1952));
#410=EDGE_LOOP('',(#1953,#1954,#1955,#1956));
#411=EDGE_LOOP('',(#1957,#1958,#1959,#1960));
#412=EDGE_LOOP('',(#1961,#1962,#1963,#1964));
#413=EDGE_LOOP('',(#1965,#1966,#1967,#1968,#1969,#1970,#1971,#1972));
#414=EDGE_LOOP('',(#1973,#1974,#1975,#1976));
#415=EDGE_LOOP('',(#1977,#1978,#1979,#1980));
#416=EDGE_LOOP('',(#1981,#1982,#1983,#1984));
#417=EDGE_LOOP('',(#1985,#1986,#1987,#1988));
#418=EDGE_LOOP('',(#1989,#1990,#1991,#1992));
#419=EDGE_LOOP('',(#1993,#1994,#1995,#1996));
#420=EDGE_LOOP('',(#1997,#1998,#1999,#2000));
#421=EDGE_LOOP('',(#2001,#2002,#2003,#2004,#2005,#2006,#2007,#2008,#2009,
#2010,#2011,#2012,#2013,#2014,#2015,#2016,#2017,#2018,#2019,#2020));
#422=EDGE_LOOP('',(#2021,#2022,#2023,#2024));
#423=EDGE_LOOP('',(#2025,#2026,#2027,#2028));
#424=EDGE_LOOP('',(#2029,#2030,#2031,#2032));
#425=EDGE_LOOP('',(#2033,#2034,#2035,#2036));
#426=EDGE_LOOP('',(#2037,#2038,#2039,#2040));
#427=EDGE_LOOP('',(#2041,#2042,#2043,#2044));
#428=EDGE_LOOP('',(#2045,#2046,#2047,#2048));
#429=EDGE_LOOP('',(#2049,#2050,#2051,#2052));
#430=EDGE_LOOP('',(#2053,#2054,#2055,#2056,#2057,#2058,#2059,#2060));
#431=EDGE_LOOP('',(#2061,#2062,#2063,#2064));
#432=EDGE_LOOP('',(#2065,#2066,#2067,#2068));
#433=EDGE_LOOP('',(#2069,#2070,#2071,#2072));
#434=EDGE_LOOP('',(#2073,#2074,#2075,#2076));
#435=EDGE_LOOP('',(#2077,#2078,#2079,#2080));
#436=EDGE_LOOP('',(#2081,#2082,#2083,#2084));
#437=EDGE_LOOP('',(#2085,#2086,#2087,#2088));
#438=EDGE_LOOP('',(#2089,#2090,#2091,#2092,#2093));
#439=EDGE_LOOP('',(#2094,#2095,#2096,#2097,#2098,#2099,#2100,#2101,#2102,
#2103,#2104,#2105));
#440=EDGE_LOOP('',(#2106,#2107,#2108,#2109));
#441=EDGE_LOOP('',(#2110,#2111,#2112,#2113));
#442=EDGE_LOOP('',(#2114,#2115,#2116,#2117,#2118));
#443=EDGE_LOOP('',(#2119,#2120,#2121,#2122));
#444=EDGE_LOOP('',(#2123,#2124,#2125,#2126));
#445=EDGE_LOOP('',(#2127,#2128,#2129,#2130,#2131,#2132,#2133,#2134));
#446=EDGE_LOOP('',(#2135));
#447=EDGE_LOOP('',(#2136));
#448=EDGE_LOOP('',(#2137));
#449=EDGE_LOOP('',(#2138));
#450=EDGE_LOOP('',(#2139,#2140,#2141,#2142));
#451=EDGE_LOOP('',(#2143,#2144,#2145,#2146));
#452=EDGE_LOOP('',(#2147,#2148,#2149,#2150,#2151,#2152,#2153,#2154,#2155,
#2156,#2157,#2158,#2159,#2160,#2161,#2162,#2163,#2164));
#453=EDGE_LOOP('',(#2165,#2166,#2167,#2168));
#454=EDGE_LOOP('',(#2169,#2170,#2171,#2172));
#455=EDGE_LOOP('',(#2173,#2174,#2175,#2176));
#456=EDGE_LOOP('',(#2177,#2178,#2179,#2180));
#457=EDGE_LOOP('',(#2181,#2182,#2183,#2184));
#458=EDGE_LOOP('',(#2185,#2186,#2187,#2188));
#459=EDGE_LOOP('',(#2189,#2190,#2191,#2192));
#460=EDGE_LOOP('',(#2193,#2194,#2195,#2196,#2197,#2198,#2199,#2200,#2201,
#2202,#2203,#2204,#2205,#2206,#2207,#2208,#2209,#2210,#2211,#2212,#2213,
#2214,#2215,#2216,#2217,#2218,#2219,#2220,#2221,#2222,#2223,#2224,#2225,
#2226,#2227,#2228,#2229,#2230,#2231,#2232,#2233,#2234,#2235,#2236,#2237,
#2238,#2239,#2240,#2241,#2242,#2243,#2244,#2245,#2246));
#461=EDGE_LOOP('',(#2247));
#462=EDGE_LOOP('',(#2248));
#463=EDGE_LOOP('',(#2249,#2250,#2251,#2252));
#464=EDGE_LOOP('',(#2253,#2254,#2255,#2256));
#465=EDGE_LOOP('',(#2257,#2258,#2259,#2260,#2261,#2262,#2263,#2264,#2265,
#2266,#2267,#2268,#2269));
#466=EDGE_LOOP('',(#2270,#2271,#2272,#2273,#2274,#2275));
#467=EDGE_LOOP('',(#2276,#2277,#2278,#2279));
#468=EDGE_LOOP('',(#2280,#2281,#2282,#2283));
#469=EDGE_LOOP('',(#2284,#2285,#2286,#2287));
#470=EDGE_LOOP('',(#2288,#2289,#2290,#2291));
#471=EDGE_LOOP('',(#2292,#2293,#2294,#2295,#2296,#2297));
#472=EDGE_LOOP('',(#2298,#2299,#2300,#2301));
#473=EDGE_LOOP('',(#2302,#2303,#2304,#2305,#2306,#2307,#2308,#2309,#2310,
#2311,#2312,#2313,#2314));
#474=EDGE_LOOP('',(#2315,#2316,#2317,#2318));
#475=EDGE_LOOP('',(#2319,#2320,#2321,#2322));
#476=EDGE_LOOP('',(#2323,#2324,#2325,#2326));
#477=EDGE_LOOP('',(#2327,#2328,#2329,#2330));
#478=EDGE_LOOP('',(#2331,#2332,#2333,#2334));
#479=EDGE_LOOP('',(#2335,#2336,#2337,#2338));
#480=EDGE_LOOP('',(#2339,#2340,#2341,#2342));
#481=EDGE_LOOP('',(#2343,#2344,#2345,#2346));
#482=EDGE_LOOP('',(#2347,#2348,#2349,#2350));
#483=EDGE_LOOP('',(#2351,#2352,#2353,#2354));
#484=EDGE_LOOP('',(#2355));
#485=EDGE_LOOP('',(#2356));
#486=EDGE_LOOP('',(#2357));
#487=EDGE_LOOP('',(#2358));
#488=EDGE_LOOP('',(#2359));
#489=EDGE_LOOP('',(#2360));
#490=EDGE_LOOP('',(#2361));
#491=EDGE_LOOP('',(#2362));
#492=EDGE_LOOP('',(#2363));
#493=EDGE_LOOP('',(#2364));
#494=EDGE_LOOP('',(#2365,#2366,#2367,#2368));
#495=EDGE_LOOP('',(#2369,#2370,#2371,#2372,#2373));
#496=EDGE_LOOP('',(#2374,#2375,#2376,#2377,#2378));
#497=EDGE_LOOP('',(#2379,#2380,#2381,#2382,#2383,#2384));
#498=EDGE_LOOP('',(#2385,#2386,#2387,#2388,#2389));
#499=EDGE_LOOP('',(#2390,#2391,#2392,#2393,#2394));
#500=EDGE_LOOP('',(#2395,#2396,#2397,#2398,#2399));
#501=EDGE_LOOP('',(#2400,#2401,#2402,#2403,#2404,#2405));
#502=EDGE_LOOP('',(#2406));
#503=EDGE_LOOP('',(#2407,#2408,#2409,#2410,#2411,#2412));
#504=EDGE_LOOP('',(#2413));
#505=EDGE_LOOP('',(#2414,#2415,#2416,#2417,#2418,#2419));
#506=EDGE_LOOP('',(#2420));
#507=EDGE_LOOP('',(#2421,#2422,#2423,#2424,#2425,#2426));
#508=EDGE_LOOP('',(#2427));
#509=EDGE_LOOP('',(#2428,#2429,#2430,#2431));
#510=EDGE_LOOP('',(#2432,#2433,#2434,#2435));
#511=EDGE_LOOP('',(#2436,#2437,#2438,#2439));
#512=EDGE_LOOP('',(#2440,#2441,#2442,#2443));
#513=EDGE_LOOP('',(#2444,#2445,#2446,#2447));
#514=EDGE_LOOP('',(#2448,#2449,#2450,#2451));
#515=EDGE_LOOP('',(#2452,#2453,#2454,#2455));
#516=EDGE_LOOP('',(#2456,#2457,#2458,#2459));
#517=EDGE_LOOP('',(#2460,#2461,#2462,#2463));
#518=EDGE_LOOP('',(#2464,#2465,#2466,#2467,#2468));
#519=EDGE_LOOP('',(#2469,#2470,#2471,#2472));
#520=EDGE_LOOP('',(#2473,#2474,#2475,#2476,#2477,#2478));
#521=EDGE_LOOP('',(#2479));
#522=EDGE_LOOP('',(#2480));
#523=EDGE_LOOP('',(#2481));
#524=EDGE_LOOP('',(#2482));
#525=EDGE_LOOP('',(#2483));
#526=EDGE_LOOP('',(#2484));
#527=EDGE_LOOP('',(#2485));
#528=EDGE_LOOP('',(#2486));
#529=LINE('',#3729,#803);
#530=LINE('',#3731,#804);
#531=LINE('',#3733,#805);
#532=LINE('',#3734,#806);
#533=LINE('',#3737,#807);
#534=LINE('',#3739,#808);
#535=LINE('',#3740,#809);
#536=LINE('',#3743,#810);
#537=LINE('',#3745,#811);
#538=LINE('',#3746,#812);
#539=LINE('',#3749,#813);
#540=LINE('',#3751,#814);
#541=LINE('',#3752,#815);
#542=LINE('',#3755,#816);
#543=LINE('',#3757,#817);
#544=LINE('',#3758,#818);
#545=LINE('',#3761,#819);
#546=LINE('',#3763,#820);
#547=LINE('',#3765,#821);
#548=LINE('',#3767,#822);
#549=LINE('',#3771,#823);
#550=LINE('',#3772,#824);
#551=LINE('',#3775,#825);
#552=LINE('',#3776,#826);
#553=LINE('',#3779,#827);
#554=LINE('',#3780,#828);
#555=LINE('',#3783,#829);
#556=LINE('',#3787,#830);
#557=LINE('',#3788,#831);
#558=LINE('',#3792,#832);
#559=LINE('',#3794,#833);
#560=LINE('',#3796,#834);
#561=LINE('',#3797,#835);
#562=LINE('',#3800,#836);
#563=LINE('',#3802,#837);
#564=LINE('',#3803,#838);
#565=LINE('',#3806,#839);
#566=LINE('',#3808,#840);
#567=LINE('',#3809,#841);
#568=LINE('',#3812,#842);
#569=LINE('',#3814,#843);
#570=LINE('',#3815,#844);
#571=LINE('',#3818,#845);
#572=LINE('',#3820,#846);
#573=LINE('',#3821,#847);
#574=LINE('',#3824,#848);
#575=LINE('',#3826,#849);
#576=LINE('',#3828,#850);
#577=LINE('',#3830,#851);
#578=LINE('',#3834,#852);
#579=LINE('',#3835,#853);
#580=LINE('',#3838,#854);
#581=LINE('',#3839,#855);
#582=LINE('',#3842,#856);
#583=LINE('',#3843,#857);
#584=LINE('',#3846,#858);
#585=LINE('',#3850,#859);
#586=LINE('',#3851,#860);
#587=LINE('',#3855,#861);
#588=LINE('',#3857,#862);
#589=LINE('',#3859,#863);
#590=LINE('',#3860,#864);
#591=LINE('',#3863,#865);
#592=LINE('',#3865,#866);
#593=LINE('',#3866,#867);
#594=LINE('',#3869,#868);
#595=LINE('',#3871,#869);
#596=LINE('',#3872,#870);
#597=LINE('',#3875,#871);
#598=LINE('',#3877,#872);
#599=LINE('',#3878,#873);
#600=LINE('',#3881,#874);
#601=LINE('',#3883,#875);
#602=LINE('',#3884,#876);
#603=LINE('',#3887,#877);
#604=LINE('',#3889,#878);
#605=LINE('',#3891,#879);
#606=LINE('',#3893,#880);
#607=LINE('',#3897,#881);
#608=LINE('',#3898,#882);
#609=LINE('',#3901,#883);
#610=LINE('',#3902,#884);
#611=LINE('',#3905,#885);
#612=LINE('',#3906,#886);
#613=LINE('',#3909,#887);
#614=LINE('',#3913,#888);
#615=LINE('',#3914,#889);
#616=LINE('',#3918,#890);
#617=LINE('',#3920,#891);
#618=LINE('',#3922,#892);
#619=LINE('',#3923,#893);
#620=LINE('',#3926,#894);
#621=LINE('',#3928,#895);
#622=LINE('',#3929,#896);
#623=LINE('',#3932,#897);
#624=LINE('',#3934,#898);
#625=LINE('',#3935,#899);
#626=LINE('',#3938,#900);
#627=LINE('',#3940,#901);
#628=LINE('',#3941,#902);
#629=LINE('',#3944,#903);
#630=LINE('',#3946,#904);
#631=LINE('',#3947,#905);
#632=LINE('',#3950,#906);
#633=LINE('',#3952,#907);
#634=LINE('',#3954,#908);
#635=LINE('',#3956,#909);
#636=LINE('',#3960,#910);
#637=LINE('',#3961,#911);
#638=LINE('',#3964,#912);
#639=LINE('',#3965,#913);
#640=LINE('',#3968,#914);
#641=LINE('',#3969,#915);
#642=LINE('',#3972,#916);
#643=LINE('',#3976,#917);
#644=LINE('',#3977,#918);
#645=LINE('',#3983,#919);
#646=LINE('',#4047,#920);
#647=LINE('',#4048,#921);
#648=LINE('',#4110,#922);
#649=LINE('',#4112,#923);
#650=LINE('',#4113,#924);
#651=LINE('',#4118,#925);
#652=LINE('',#4128,#926);
#653=LINE('',#4132,#927);
#654=LINE('',#4134,#928);
#655=LINE('',#4136,#929);
#656=LINE('',#4138,#930);
#657=LINE('',#4140,#931);
#658=LINE('',#4144,#932);
#659=LINE('',#4148,#933);
#660=LINE('',#4152,#934);
#661=LINE('',#4154,#935);
#662=LINE('',#4155,#936);
#663=LINE('',#4160,#937);
#664=LINE('',#4164,#938);
#665=LINE('',#4229,#939);
#666=LINE('',#4230,#940);
#667=LINE('',#4289,#941);
#668=LINE('',#4298,#942);
#669=LINE('',#4362,#943);
#670=LINE('',#4363,#944);
#671=LINE('',#4424,#945);
#672=LINE('',#4425,#946);
#673=LINE('',#4430,#947);
#674=LINE('',#4434,#948);
#675=LINE('',#4437,#949);
#676=LINE('',#4438,#950);
#677=LINE('',#4439,#951);
#678=LINE('',#4440,#952);
#679=LINE('',#4442,#953);
#680=LINE('',#4446,#954);
#681=LINE('',#4450,#955);
#682=LINE('',#4458,#956);
#683=LINE('',#4462,#957);
#684=LINE('',#4527,#958);
#685=LINE('',#4528,#959);
#686=LINE('',#4587,#960);
#687=LINE('',#4594,#961);
#688=LINE('',#4603,#962);
#689=LINE('',#4604,#963);
#690=LINE('',#4607,#964);
#691=LINE('',#4608,#965);
#692=LINE('',#4616,#966);
#693=LINE('',#4618,#967);
#694=LINE('',#4619,#968);
#695=LINE('',#4623,#969);
#696=LINE('',#4624,#970);
#697=LINE('',#4625,#971);
#698=LINE('',#4626,#972);
#699=LINE('',#4631,#973);
#700=LINE('',#4634,#974);
#701=LINE('',#4638,#975);
#702=LINE('',#4642,#976);
#703=LINE('',#4645,#977);
#704=LINE('',#4646,#978);
#705=LINE('',#4651,#979);
#706=LINE('',#4655,#980);
#707=LINE('',#4667,#981);
#708=LINE('',#4673,#982);
#709=LINE('',#4676,#983);
#710=LINE('',#4678,#984);
#711=LINE('',#4679,#985);
#712=LINE('',#4683,#986);
#713=LINE('',#4688,#987);
#714=LINE('',#4689,#988);
#715=LINE('',#4699,#989);
#716=LINE('',#4702,#990);
#717=LINE('',#4706,#991);
#718=LINE('',#4708,#992);
#719=LINE('',#4710,#993);
#720=LINE('',#4712,#994);
#721=LINE('',#4714,#995);
#722=LINE('',#4716,#996);
#723=LINE('',#4718,#997);
#724=LINE('',#4720,#998);
#725=LINE('',#4722,#999);
#726=LINE('',#4724,#1000);
#727=LINE('',#4726,#1001);
#728=LINE('',#4727,#1002);
#729=LINE('',#4728,#1003);
#730=LINE('',#4730,#1004);
#731=LINE('',#4732,#1005);
#732=LINE('',#4734,#1006);
#733=LINE('',#4736,#1007);
#734=LINE('',#4738,#1008);
#735=LINE('',#4740,#1009);
#736=LINE('',#4742,#1010);
#737=LINE('',#4744,#1011);
#738=LINE('',#4746,#1012);
#739=LINE('',#4748,#1013);
#740=LINE('',#4750,#1014);
#741=LINE('',#4751,#1015);
#742=LINE('',#4759,#1016);
#743=LINE('',#4763,#1017);
#744=LINE('',#4764,#1018);
#745=LINE('',#4765,#1019);
#746=LINE('',#4768,#1020);
#747=LINE('',#4770,#1021);
#748=LINE('',#4771,#1022);
#749=LINE('',#4773,#1023);
#750=LINE('',#4775,#1024);
#751=LINE('',#4776,#1025);
#752=LINE('',#4778,#1026);
#753=LINE('',#4779,#1027);
#754=LINE('',#4782,#1028);
#755=LINE('',#4784,#1029);
#756=LINE('',#4786,#1030);
#757=LINE('',#4787,#1031);
#758=LINE('',#4789,#1032);
#759=LINE('',#4790,#1033);
#760=LINE('',#4792,#1034);
#761=LINE('',#4796,#1035);
#762=LINE('',#4797,#1036);
#763=LINE('',#4798,#1037);
#764=LINE('',#4801,#1038);
#765=LINE('',#4802,#1039);
#766=LINE('',#4805,#1040);
#767=LINE('',#4807,#1041);
#768=LINE('',#4809,#1042);
#769=LINE('',#4810,#1043);
#770=LINE('',#4812,#1044);
#771=LINE('',#4813,#1045);
#772=LINE('',#4815,#1046);
#773=LINE('',#4817,#1047);
#774=LINE('',#4819,#1048);
#775=LINE('',#4820,#1049);
#776=LINE('',#4822,#1050);
#777=LINE('',#4823,#1051);
#778=LINE('',#4826,#1052);
#779=LINE('',#4827,#1053);
#780=LINE('',#4829,#1054);
#781=LINE('',#4832,#1055);
#782=LINE('',#4834,#1056);
#783=LINE('',#4835,#1057);
#784=LINE('',#4837,#1058);
#785=LINE('',#4838,#1059);
#786=LINE('',#4842,#1060);
#787=LINE('',#4843,#1061);
#788=LINE('',#4845,#1062);
#789=LINE('',#4848,#1063);
#790=LINE('',#4850,#1064);
#791=LINE('',#4851,#1065);
#792=LINE('',#4853,#1066);
#793=LINE('',#4854,#1067);
#794=LINE('',#4872,#1068);
#795=LINE('',#4873,#1069);
#796=LINE('',#4877,#1070);
#797=LINE('',#4879,#1071);
#798=LINE('',#4882,#1072);
#799=LINE('',#4886,#1073);
#800=LINE('',#4890,#1074);
#801=LINE('',#4894,#1075);
#802=LINE('',#4907,#1076);
#803=VECTOR('',#2981,10.);
#804=VECTOR('',#2982,10.);
#805=VECTOR('',#2983,10.);
#806=VECTOR('',#2984,10.);
#807=VECTOR('',#2987,10.);
#808=VECTOR('',#2988,10.);
#809=VECTOR('',#2989,10.);
#810=VECTOR('',#2992,10.);
#811=VECTOR('',#2993,10.);
#812=VECTOR('',#2994,10.);
#813=VECTOR('',#2997,10.);
#814=VECTOR('',#2998,10.);
#815=VECTOR('',#2999,10.);
#816=VECTOR('',#3002,10.);
#817=VECTOR('',#3003,10.);
#818=VECTOR('',#3004,10.);
#819=VECTOR('',#3007,10.);
#820=VECTOR('',#3008,10.);
#821=VECTOR('',#3009,10.);
#822=VECTOR('',#3010,10.);
#823=VECTOR('',#3015,10.);
#824=VECTOR('',#3016,10.);
#825=VECTOR('',#3019,10.);
#826=VECTOR('',#3020,10.);
#827=VECTOR('',#3023,10.);
#828=VECTOR('',#3024,10.);
#829=VECTOR('',#3027,10.);
#830=VECTOR('',#3030,10.);
#831=VECTOR('',#3031,10.);
#832=VECTOR('',#3034,10.);
#833=VECTOR('',#3035,10.);
#834=VECTOR('',#3036,10.);
#835=VECTOR('',#3037,10.);
#836=VECTOR('',#3040,10.);
#837=VECTOR('',#3041,10.);
#838=VECTOR('',#3042,10.);
#839=VECTOR('',#3045,10.);
#840=VECTOR('',#3046,10.);
#841=VECTOR('',#3047,10.);
#842=VECTOR('',#3050,10.);
#843=VECTOR('',#3051,10.);
#844=VECTOR('',#3052,10.);
#845=VECTOR('',#3055,10.);
#846=VECTOR('',#3056,10.);
#847=VECTOR('',#3057,10.);
#848=VECTOR('',#3060,10.);
#849=VECTOR('',#3061,10.);
#850=VECTOR('',#3062,10.);
#851=VECTOR('',#3063,10.);
#852=VECTOR('',#3068,10.);
#853=VECTOR('',#3069,10.);
#854=VECTOR('',#3072,10.);
#855=VECTOR('',#3073,10.);
#856=VECTOR('',#3076,10.);
#857=VECTOR('',#3077,10.);
#858=VECTOR('',#3080,10.);
#859=VECTOR('',#3083,10.);
#860=VECTOR('',#3084,10.);
#861=VECTOR('',#3087,10.);
#862=VECTOR('',#3088,10.);
#863=VECTOR('',#3089,10.);
#864=VECTOR('',#3090,10.);
#865=VECTOR('',#3093,10.);
#866=VECTOR('',#3094,10.);
#867=VECTOR('',#3095,10.);
#868=VECTOR('',#3098,10.);
#869=VECTOR('',#3099,10.);
#870=VECTOR('',#3100,10.);
#871=VECTOR('',#3103,10.);
#872=VECTOR('',#3104,10.);
#873=VECTOR('',#3105,10.);
#874=VECTOR('',#3108,10.);
#875=VECTOR('',#3109,10.);
#876=VECTOR('',#3110,10.);
#877=VECTOR('',#3113,10.);
#878=VECTOR('',#3114,10.);
#879=VECTOR('',#3115,10.);
#880=VECTOR('',#3116,10.);
#881=VECTOR('',#3121,10.);
#882=VECTOR('',#3122,10.);
#883=VECTOR('',#3125,10.);
#884=VECTOR('',#3126,10.);
#885=VECTOR('',#3129,10.);
#886=VECTOR('',#3130,10.);
#887=VECTOR('',#3133,10.);
#888=VECTOR('',#3136,10.);
#889=VECTOR('',#3137,10.);
#890=VECTOR('',#3140,10.);
#891=VECTOR('',#3141,10.);
#892=VECTOR('',#3142,10.);
#893=VECTOR('',#3143,10.);
#894=VECTOR('',#3146,10.);
#895=VECTOR('',#3147,10.);
#896=VECTOR('',#3148,10.);
#897=VECTOR('',#3151,10.);
#898=VECTOR('',#3152,10.);
#899=VECTOR('',#3153,10.);
#900=VECTOR('',#3156,10.);
#901=VECTOR('',#3157,10.);
#902=VECTOR('',#3158,10.);
#903=VECTOR('',#3161,10.);
#904=VECTOR('',#3162,10.);
#905=VECTOR('',#3163,10.);
#906=VECTOR('',#3166,10.);
#907=VECTOR('',#3167,10.);
#908=VECTOR('',#3168,10.);
#909=VECTOR('',#3169,10.);
#910=VECTOR('',#3174,10.);
#911=VECTOR('',#3175,10.);
#912=VECTOR('',#3178,10.);
#913=VECTOR('',#3179,10.);
#914=VECTOR('',#3182,10.);
#915=VECTOR('',#3183,10.);
#916=VECTOR('',#3186,10.);
#917=VECTOR('',#3189,10.);
#918=VECTOR('',#3190,10.);
#919=VECTOR('',#3195,10.);
#920=VECTOR('',#3204,10.);
#921=VECTOR('',#3205,10.);
#922=VECTOR('',#3212,10.);
#923=VECTOR('',#3215,10.);
#924=VECTOR('',#3216,10.);
#925=VECTOR('',#3221,10.);
#926=VECTOR('',#3234,10.);
#927=VECTOR('',#3237,10.);
#928=VECTOR('',#3238,10.);
#929=VECTOR('',#3239,10.);
#930=VECTOR('',#3240,10.);
#931=VECTOR('',#3241,10.);
#932=VECTOR('',#3244,10.);
#933=VECTOR('',#3247,10.);
#934=VECTOR('',#3250,10.);
#935=VECTOR('',#3251,10.);
#936=VECTOR('',#3252,10.);
#937=VECTOR('',#3257,10.);
#938=VECTOR('',#3260,10.);
#939=VECTOR('',#3273,10.);
#940=VECTOR('',#3274,10.);
#941=VECTOR('',#3279,10.);
#942=VECTOR('',#3290,10.);
#943=VECTOR('',#3299,10.);
#944=VECTOR('',#3300,10.);
#945=VECTOR('',#3309,10.);
#946=VECTOR('',#3310,10.);
#947=VECTOR('',#3315,10.);
#948=VECTOR('',#3318,10.);
#949=VECTOR('',#3321,10.);
#950=VECTOR('',#3322,10.);
#951=VECTOR('',#3323,10.);
#952=VECTOR('',#3324,10.);
#953=VECTOR('',#3325,10.);
#954=VECTOR('',#3328,10.);
#955=VECTOR('',#3331,10.);
#956=VECTOR('',#3342,10.);
#957=VECTOR('',#3345,10.);
#958=VECTOR('',#3358,10.);
#959=VECTOR('',#3359,10.);
#960=VECTOR('',#3364,10.);
#961=VECTOR('',#3375,10.);
#962=VECTOR('',#3386,10.);
#963=VECTOR('',#3387,10.);
#964=VECTOR('',#3390,10.);
#965=VECTOR('',#3391,10.);
#966=VECTOR('',#3402,10.);
#967=VECTOR('',#3405,10.);
#968=VECTOR('',#3406,10.);
#969=VECTOR('',#3411,10.);
#970=VECTOR('',#3412,10.);
#971=VECTOR('',#3413,10.);
#972=VECTOR('',#3414,10.);
#973=VECTOR('',#3419,10.);
#974=VECTOR('',#3422,10.);
#975=VECTOR('',#3429,10.);
#976=VECTOR('',#3434,10.);
#977=VECTOR('',#3437,10.);
#978=VECTOR('',#3438,10.);
#979=VECTOR('',#3443,10.);
#980=VECTOR('',#3446,10.);
#981=VECTOR('',#3459,10.);
#982=VECTOR('',#3468,10.);
#983=VECTOR('',#3471,10.);
#984=VECTOR('',#3472,10.);
#985=VECTOR('',#3473,10.);
#986=VECTOR('',#3478,10.);
#987=VECTOR('',#3485,10.);
#988=VECTOR('',#3486,10.);
#989=VECTOR('',#3501,10.);
#990=VECTOR('',#3506,10.);
#991=VECTOR('',#3509,10.);
#992=VECTOR('',#3510,10.);
#993=VECTOR('',#3511,10.);
#994=VECTOR('',#3512,10.);
#995=VECTOR('',#3513,10.);
#996=VECTOR('',#3514,10.);
#997=VECTOR('',#3515,10.);
#998=VECTOR('',#3516,10.);
#999=VECTOR('',#3517,10.);
#1000=VECTOR('',#3518,10.);
#1001=VECTOR('',#3519,10.);
#1002=VECTOR('',#3520,10.);
#1003=VECTOR('',#3521,10.);
#1004=VECTOR('',#3522,10.);
#1005=VECTOR('',#3523,10.);
#1006=VECTOR('',#3524,10.);
#1007=VECTOR('',#3525,10.);
#1008=VECTOR('',#3526,10.);
#1009=VECTOR('',#3527,10.);
#1010=VECTOR('',#3528,10.);
#1011=VECTOR('',#3529,10.);
#1012=VECTOR('',#3530,10.);
#1013=VECTOR('',#3531,10.);
#1014=VECTOR('',#3532,10.);
#1015=VECTOR('',#3533,10.);
#1016=VECTOR('',#3542,10.);
#1017=VECTOR('',#3545,10.);
#1018=VECTOR('',#3546,10.);
#1019=VECTOR('',#3547,10.);
#1020=VECTOR('',#3550,10.);
#1021=VECTOR('',#3551,10.);
#1022=VECTOR('',#3552,10.);
#1023=VECTOR('',#3553,10.);
#1024=VECTOR('',#3554,10.);
#1025=VECTOR('',#3555,10.);
#1026=VECTOR('',#3556,10.);
#1027=VECTOR('',#3557,10.);
#1028=VECTOR('',#3560,10.);
#1029=VECTOR('',#3561,10.);
#1030=VECTOR('',#3562,10.);
#1031=VECTOR('',#3563,10.);
#1032=VECTOR('',#3566,10.);
#1033=VECTOR('',#3567,10.);
#1034=VECTOR('',#3570,10.);
#1035=VECTOR('',#3573,10.);
#1036=VECTOR('',#3574,10.);
#1037=VECTOR('',#3575,10.);
#1038=VECTOR('',#3578,10.);
#1039=VECTOR('',#3579,10.);
#1040=VECTOR('',#3582,10.);
#1041=VECTOR('',#3583,10.);
#1042=VECTOR('',#3584,10.);
#1043=VECTOR('',#3585,10.);
#1044=VECTOR('',#3588,10.);
#1045=VECTOR('',#3589,10.);
#1046=VECTOR('',#3592,10.);
#1047=VECTOR('',#3593,10.);
#1048=VECTOR('',#3594,10.);
#1049=VECTOR('',#3595,10.);
#1050=VECTOR('',#3596,10.);
#1051=VECTOR('',#3597,10.);
#1052=VECTOR('',#3600,10.);
#1053=VECTOR('',#3601,10.);
#1054=VECTOR('',#3604,10.);
#1055=VECTOR('',#3607,10.);
#1056=VECTOR('',#3608,10.);
#1057=VECTOR('',#3609,10.);
#1058=VECTOR('',#3612,10.);
#1059=VECTOR('',#3613,10.);
#1060=VECTOR('',#3618,10.);
#1061=VECTOR('',#3619,10.);
#1062=VECTOR('',#3622,10.);
#1063=VECTOR('',#3625,10.);
#1064=VECTOR('',#3626,10.);
#1065=VECTOR('',#3627,10.);
#1066=VECTOR('',#3630,10.);
#1067=VECTOR('',#3631,10.);
#1068=VECTOR('',#3658,10.);
#1069=VECTOR('',#3659,10.);
#1070=VECTOR('',#3666,10.);
#1071=VECTOR('',#3669,10.);
#1072=VECTOR('',#3674,10.);
#1073=VECTOR('',#3679,10.);
#1074=VECTOR('',#3684,10.);
#1075=VECTOR('',#3689,10.);
#1076=VECTOR('',#3712,10.);
#1077=VERTEX_POINT('',#3727);
#1078=VERTEX_POINT('',#3728);
#1079=VERTEX_POINT('',#3730);
#1080=VERTEX_POINT('',#3732);
#1081=VERTEX_POINT('',#3736);
#1082=VERTEX_POINT('',#3738);
#1083=VERTEX_POINT('',#3742);
#1084=VERTEX_POINT('',#3744);
#1085=VERTEX_POINT('',#3748);
#1086=VERTEX_POINT('',#3750);
#1087=VERTEX_POINT('',#3754);
#1088=VERTEX_POINT('',#3756);
#1089=VERTEX_POINT('',#3760);
#1090=VERTEX_POINT('',#3762);
#1091=VERTEX_POINT('',#3764);
#1092=VERTEX_POINT('',#3766);
#1093=VERTEX_POINT('',#3770);
#1094=VERTEX_POINT('',#3774);
#1095=VERTEX_POINT('',#3778);
#1096=VERTEX_POINT('',#3782);
#1097=VERTEX_POINT('',#3784);
#1098=VERTEX_POINT('',#3786);
#1099=VERTEX_POINT('',#3790);
#1100=VERTEX_POINT('',#3791);
#1101=VERTEX_POINT('',#3793);
#1102=VERTEX_POINT('',#3795);
#1103=VERTEX_POINT('',#3799);
#1104=VERTEX_POINT('',#3801);
#1105=VERTEX_POINT('',#3805);
#1106=VERTEX_POINT('',#3807);
#1107=VERTEX_POINT('',#3811);
#1108=VERTEX_POINT('',#3813);
#1109=VERTEX_POINT('',#3817);
#1110=VERTEX_POINT('',#3819);
#1111=VERTEX_POINT('',#3823);
#1112=VERTEX_POINT('',#3825);
#1113=VERTEX_POINT('',#3827);
#1114=VERTEX_POINT('',#3829);
#1115=VERTEX_POINT('',#3833);
#1116=VERTEX_POINT('',#3837);
#1117=VERTEX_POINT('',#3841);
#1118=VERTEX_POINT('',#3845);
#1119=VERTEX_POINT('',#3847);
#1120=VERTEX_POINT('',#3849);
#1121=VERTEX_POINT('',#3853);
#1122=VERTEX_POINT('',#3854);
#1123=VERTEX_POINT('',#3856);
#1124=VERTEX_POINT('',#3858);
#1125=VERTEX_POINT('',#3862);
#1126=VERTEX_POINT('',#3864);
#1127=VERTEX_POINT('',#3868);
#1128=VERTEX_POINT('',#3870);
#1129=VERTEX_POINT('',#3874);
#1130=VERTEX_POINT('',#3876);
#1131=VERTEX_POINT('',#3880);
#1132=VERTEX_POINT('',#3882);
#1133=VERTEX_POINT('',#3886);
#1134=VERTEX_POINT('',#3888);
#1135=VERTEX_POINT('',#3890);
#1136=VERTEX_POINT('',#3892);
#1137=VERTEX_POINT('',#3896);
#1138=VERTEX_POINT('',#3900);
#1139=VERTEX_POINT('',#3904);
#1140=VERTEX_POINT('',#3908);
#1141=VERTEX_POINT('',#3910);
#1142=VERTEX_POINT('',#3912);
#1143=VERTEX_POINT('',#3916);
#1144=VERTEX_POINT('',#3917);
#1145=VERTEX_POINT('',#3919);
#1146=VERTEX_POINT('',#3921);
#1147=VERTEX_POINT('',#3925);
#1148=VERTEX_POINT('',#3927);
#1149=VERTEX_POINT('',#3931);
#1150=VERTEX_POINT('',#3933);
#1151=VERTEX_POINT('',#3937);
#1152=VERTEX_POINT('',#3939);
#1153=VERTEX_POINT('',#3943);
#1154=VERTEX_POINT('',#3945);
#1155=VERTEX_POINT('',#3949);
#1156=VERTEX_POINT('',#3951);
#1157=VERTEX_POINT('',#3953);
#1158=VERTEX_POINT('',#3955);
#1159=VERTEX_POINT('',#3959);
#1160=VERTEX_POINT('',#3963);
#1161=VERTEX_POINT('',#3967);
#1162=VERTEX_POINT('',#3971);
#1163=VERTEX_POINT('',#3973);
#1164=VERTEX_POINT('',#3975);
#1165=VERTEX_POINT('',#3979);
#1166=VERTEX_POINT('',#3980);
#1167=VERTEX_POINT('',#3982);
#1168=VERTEX_POINT('',#3984);
#1169=VERTEX_POINT('',#4028);
#1170=VERTEX_POINT('',#4029);
#1171=VERTEX_POINT('',#4044);
#1172=VERTEX_POINT('',#4045);
#1173=VERTEX_POINT('',#4085);
#1174=VERTEX_POINT('',#4086);
#1175=VERTEX_POINT('',#4101);
#1176=VERTEX_POINT('',#4103);
#1177=VERTEX_POINT('',#4115);
#1178=VERTEX_POINT('',#4117);
#1179=VERTEX_POINT('',#4121);
#1180=VERTEX_POINT('',#4125);
#1181=VERTEX_POINT('',#4127);
#1182=VERTEX_POINT('',#4129);
#1183=VERTEX_POINT('',#4131);
#1184=VERTEX_POINT('',#4133);
#1185=VERTEX_POINT('',#4135);
#1186=VERTEX_POINT('',#4137);
#1187=VERTEX_POINT('',#4139);
#1188=VERTEX_POINT('',#4141);
#1189=VERTEX_POINT('',#4143);
#1190=VERTEX_POINT('',#4145);
#1191=VERTEX_POINT('',#4147);
#1192=VERTEX_POINT('',#4149);
#1193=VERTEX_POINT('',#4151);
#1194=VERTEX_POINT('',#4153);
#1195=VERTEX_POINT('',#4158);
#1196=VERTEX_POINT('',#4159);
#1197=VERTEX_POINT('',#4161);
#1198=VERTEX_POINT('',#4163);
#1199=VERTEX_POINT('',#4210);
#1200=VERTEX_POINT('',#4211);
#1201=VERTEX_POINT('',#4226);
#1202=VERTEX_POINT('',#4227);
#1203=VERTEX_POINT('',#4267);
#1204=VERTEX_POINT('',#4282);
#1205=VERTEX_POINT('',#4294);
#1206=VERTEX_POINT('',#4295);
#1207=VERTEX_POINT('',#4297);
#1208=VERTEX_POINT('',#4299);
#1209=VERTEX_POINT('',#4343);
#1210=VERTEX_POINT('',#4344);
#1211=VERTEX_POINT('',#4359);
#1212=VERTEX_POINT('',#4360);
#1213=VERTEX_POINT('',#4400);
#1214=VERTEX_POINT('',#4415);
#1215=VERTEX_POINT('',#4427);
#1216=VERTEX_POINT('',#4429);
#1217=VERTEX_POINT('',#4431);
#1218=VERTEX_POINT('',#4433);
#1219=VERTEX_POINT('',#4435);
#1220=VERTEX_POINT('',#4441);
#1221=VERTEX_POINT('',#4443);
#1222=VERTEX_POINT('',#4445);
#1223=VERTEX_POINT('',#4447);
#1224=VERTEX_POINT('',#4449);
#1225=VERTEX_POINT('',#4456);
#1226=VERTEX_POINT('',#4457);
#1227=VERTEX_POINT('',#4459);
#1228=VERTEX_POINT('',#4461);
#1229=VERTEX_POINT('',#4508);
#1230=VERTEX_POINT('',#4509);
#1231=VERTEX_POINT('',#4524);
#1232=VERTEX_POINT('',#4525);
#1233=VERTEX_POINT('',#4565);
#1234=VERTEX_POINT('',#4580);
#1235=VERTEX_POINT('',#4592);
#1236=VERTEX_POINT('',#4596);
#1237=VERTEX_POINT('',#4600);
#1238=VERTEX_POINT('',#4601);
#1239=VERTEX_POINT('',#4606);
#1240=VERTEX_POINT('',#4610);
#1241=VERTEX_POINT('',#4614);
#1242=VERTEX_POINT('',#4621);
#1243=VERTEX_POINT('',#4628);
#1244=VERTEX_POINT('',#4630);
#1245=VERTEX_POINT('',#4632);
#1246=VERTEX_POINT('',#4640);
#1247=VERTEX_POINT('',#4644);
#1248=VERTEX_POINT('',#4648);
#1249=VERTEX_POINT('',#4650);
#1250=VERTEX_POINT('',#4652);
#1251=VERTEX_POINT('',#4654);
#1252=VERTEX_POINT('',#4657);
#1253=VERTEX_POINT('',#4659);
#1254=VERTEX_POINT('',#4661);
#1255=VERTEX_POINT('',#4663);
#1256=VERTEX_POINT('',#4666);
#1257=VERTEX_POINT('',#4672);
#1258=VERTEX_POINT('',#4675);
#1259=VERTEX_POINT('',#4677);
#1260=VERTEX_POINT('',#4681);
#1261=VERTEX_POINT('',#4687);
#1262=VERTEX_POINT('',#4696);
#1263=VERTEX_POINT('',#4698);
#1264=VERTEX_POINT('',#4703);
#1265=VERTEX_POINT('',#4705);
#1266=VERTEX_POINT('',#4707);
#1267=VERTEX_POINT('',#4709);
#1268=VERTEX_POINT('',#4711);
#1269=VERTEX_POINT('',#4713);
#1270=VERTEX_POINT('',#4715);
#1271=VERTEX_POINT('',#4717);
#1272=VERTEX_POINT('',#4719);
#1273=VERTEX_POINT('',#4721);
#1274=VERTEX_POINT('',#4723);
#1275=VERTEX_POINT('',#4725);
#1276=VERTEX_POINT('',#4729);
#1277=VERTEX_POINT('',#4731);
#1278=VERTEX_POINT('',#4733);
#1279=VERTEX_POINT('',#4735);
#1280=VERTEX_POINT('',#4737);
#1281=VERTEX_POINT('',#4739);
#1282=VERTEX_POINT('',#4741);
#1283=VERTEX_POINT('',#4743);
#1284=VERTEX_POINT('',#4745);
#1285=VERTEX_POINT('',#4747);
#1286=VERTEX_POINT('',#4749);
#1287=VERTEX_POINT('',#4752);
#1288=VERTEX_POINT('',#4754);
#1289=VERTEX_POINT('',#4757);
#1290=VERTEX_POINT('',#4761);
#1291=VERTEX_POINT('',#4762);
#1292=VERTEX_POINT('',#4767);
#1293=VERTEX_POINT('',#4769);
#1294=VERTEX_POINT('',#4772);
#1295=VERTEX_POINT('',#4774);
#1296=VERTEX_POINT('',#4777);
#1297=VERTEX_POINT('',#4781);
#1298=VERTEX_POINT('',#4783);
#1299=VERTEX_POINT('',#4785);
#1300=VERTEX_POINT('',#4794);
#1301=VERTEX_POINT('',#4795);
#1302=VERTEX_POINT('',#4800);
#1303=VERTEX_POINT('',#4804);
#1304=VERTEX_POINT('',#4806);
#1305=VERTEX_POINT('',#4808);
#1306=VERTEX_POINT('',#4816);
#1307=VERTEX_POINT('',#4818);
#1308=VERTEX_POINT('',#4821);
#1309=VERTEX_POINT('',#4825);
#1310=VERTEX_POINT('',#4831);
#1311=VERTEX_POINT('',#4833);
#1312=VERTEX_POINT('',#4841);
#1313=VERTEX_POINT('',#4847);
#1314=VERTEX_POINT('',#4849);
#1315=VERTEX_POINT('',#4857);
#1316=VERTEX_POINT('',#4859);
#1317=VERTEX_POINT('',#4864);
#1318=VERTEX_POINT('',#4866);
#1319=VERTEX_POINT('',#4883);
#1320=VERTEX_POINT('',#4887);
#1321=VERTEX_POINT('',#4891);
#1322=VERTEX_POINT('',#4895);
#1323=EDGE_CURVE('',#1077,#1078,#529,.T.);
#1324=EDGE_CURVE('',#1078,#1079,#530,.F.);
#1325=EDGE_CURVE('',#1079,#1080,#531,.T.);
#1326=EDGE_CURVE('',#1080,#1077,#532,.T.);
#1327=EDGE_CURVE('',#1080,#1081,#533,.T.);
#1328=EDGE_CURVE('',#1081,#1082,#534,.T.);
#1329=EDGE_CURVE('',#1082,#1077,#535,.T.);
#1330=EDGE_CURVE('',#1081,#1083,#536,.T.);
#1331=EDGE_CURVE('',#1083,#1084,#537,.T.);
#1332=EDGE_CURVE('',#1084,#1082,#538,.T.);
#1333=EDGE_CURVE('',#1083,#1085,#539,.T.);
#1334=EDGE_CURVE('',#1085,#1086,#540,.T.);
#1335=EDGE_CURVE('',#1086,#1084,#541,.T.);
#1336=EDGE_CURVE('',#1085,#1087,#542,.T.);
#1337=EDGE_CURVE('',#1087,#1088,#543,.F.);
#1338=EDGE_CURVE('',#1088,#1086,#544,.T.);
#1339=EDGE_CURVE('',#1078,#1089,#545,.T.);
#1340=EDGE_CURVE('',#1090,#1077,#546,.T.);
#1341=EDGE_CURVE('',#1091,#1090,#547,.T.);
#1342=EDGE_CURVE('',#1091,#1092,#548,.T.);
#1343=EDGE_CURVE('',#1089,#1092,#187,.T.);
#1344=EDGE_CURVE('',#1093,#1082,#549,.T.);
#1345=EDGE_CURVE('',#1090,#1093,#550,.T.);
#1346=EDGE_CURVE('',#1094,#1084,#551,.T.);
#1347=EDGE_CURVE('',#1093,#1094,#552,.T.);
#1348=EDGE_CURVE('',#1095,#1086,#553,.T.);
#1349=EDGE_CURVE('',#1094,#1095,#554,.T.);
#1350=EDGE_CURVE('',#1096,#1088,#555,.T.);
#1351=EDGE_CURVE('',#1097,#1096,#188,.T.);
#1352=EDGE_CURVE('',#1098,#1097,#556,.T.);
#1353=EDGE_CURVE('',#1095,#1098,#557,.T.);
#1354=EDGE_CURVE('',#1099,#1100,#558,.T.);
#1355=EDGE_CURVE('',#1100,#1101,#559,.F.);
#1356=EDGE_CURVE('',#1101,#1102,#560,.T.);
#1357=EDGE_CURVE('',#1102,#1099,#561,.T.);
#1358=EDGE_CURVE('',#1102,#1103,#562,.T.);
#1359=EDGE_CURVE('',#1103,#1104,#563,.T.);
#1360=EDGE_CURVE('',#1104,#1099,#564,.T.);
#1361=EDGE_CURVE('',#1105,#1104,#565,.T.);
#1362=EDGE_CURVE('',#1103,#1106,#566,.T.);
#1363=EDGE_CURVE('',#1106,#1105,#567,.T.);
#1364=EDGE_CURVE('',#1107,#1105,#568,.T.);
#1365=EDGE_CURVE('',#1106,#1108,#569,.T.);
#1366=EDGE_CURVE('',#1108,#1107,#570,.T.);
#1367=EDGE_CURVE('',#1108,#1109,#571,.T.);
#1368=EDGE_CURVE('',#1109,#1110,#572,.F.);
#1369=EDGE_CURVE('',#1110,#1107,#573,.T.);
#1370=EDGE_CURVE('',#1100,#1111,#574,.T.);
#1371=EDGE_CURVE('',#1112,#1099,#575,.T.);
#1372=EDGE_CURVE('',#1113,#1112,#576,.T.);
#1373=EDGE_CURVE('',#1113,#1114,#577,.T.);
#1374=EDGE_CURVE('',#1111,#1114,#189,.T.);
#1375=EDGE_CURVE('',#1115,#1104,#578,.T.);
#1376=EDGE_CURVE('',#1112,#1115,#579,.T.);
#1377=EDGE_CURVE('',#1116,#1105,#580,.T.);
#1378=EDGE_CURVE('',#1115,#1116,#581,.T.);
#1379=EDGE_CURVE('',#1117,#1107,#582,.T.);
#1380=EDGE_CURVE('',#1116,#1117,#583,.T.);
#1381=EDGE_CURVE('',#1118,#1110,#584,.T.);
#1382=EDGE_CURVE('',#1119,#1118,#190,.T.);
#1383=EDGE_CURVE('',#1120,#1119,#585,.T.);
#1384=EDGE_CURVE('',#1117,#1120,#586,.T.);
#1385=EDGE_CURVE('',#1121,#1122,#587,.T.);
#1386=EDGE_CURVE('',#1122,#1123,#588,.F.);
#1387=EDGE_CURVE('',#1123,#1124,#589,.T.);
#1388=EDGE_CURVE('',#1124,#1121,#590,.T.);
#1389=EDGE_CURVE('',#1125,#1121,#591,.T.);
#1390=EDGE_CURVE('',#1124,#1126,#592,.T.);
#1391=EDGE_CURVE('',#1126,#1125,#593,.T.);
#1392=EDGE_CURVE('',#1127,#1125,#594,.T.);
#1393=EDGE_CURVE('',#1126,#1128,#595,.T.);
#1394=EDGE_CURVE('',#1128,#1127,#596,.T.);
#1395=EDGE_CURVE('',#1129,#1127,#597,.T.);
#1396=EDGE_CURVE('',#1128,#1130,#598,.T.);
#1397=EDGE_CURVE('',#1130,#1129,#599,.T.);
#1398=EDGE_CURVE('',#1130,#1131,#600,.T.);
#1399=EDGE_CURVE('',#1131,#1132,#601,.F.);
#1400=EDGE_CURVE('',#1132,#1129,#602,.T.);
#1401=EDGE_CURVE('',#1122,#1133,#603,.T.);
#1402=EDGE_CURVE('',#1134,#1121,#604,.T.);
#1403=EDGE_CURVE('',#1135,#1134,#605,.T.);
#1404=EDGE_CURVE('',#1135,#1136,#606,.T.);
#1405=EDGE_CURVE('',#1133,#1136,#191,.T.);
#1406=EDGE_CURVE('',#1137,#1125,#607,.T.);
#1407=EDGE_CURVE('',#1134,#1137,#608,.T.);
#1408=EDGE_CURVE('',#1138,#1127,#609,.T.);
#1409=EDGE_CURVE('',#1137,#1138,#610,.T.);
#1410=EDGE_CURVE('',#1139,#1129,#611,.T.);
#1411=EDGE_CURVE('',#1138,#1139,#612,.T.);
#1412=EDGE_CURVE('',#1140,#1132,#613,.T.);
#1413=EDGE_CURVE('',#1141,#1140,#192,.T.);
#1414=EDGE_CURVE('',#1142,#1141,#614,.T.);
#1415=EDGE_CURVE('',#1139,#1142,#615,.T.);
#1416=EDGE_CURVE('',#1143,#1144,#616,.T.);
#1417=EDGE_CURVE('',#1144,#1145,#617,.F.);
#1418=EDGE_CURVE('',#1145,#1146,#618,.T.);
#1419=EDGE_CURVE('',#1146,#1143,#619,.T.);
#1420=EDGE_CURVE('',#1146,#1147,#620,.T.);
#1421=EDGE_CURVE('',#1147,#1148,#621,.T.);
#1422=EDGE_CURVE('',#1148,#1143,#622,.T.);
#1423=EDGE_CURVE('',#1147,#1149,#623,.T.);
#1424=EDGE_CURVE('',#1149,#1150,#624,.T.);
#1425=EDGE_CURVE('',#1150,#1148,#625,.T.);
#1426=EDGE_CURVE('',#1149,#1151,#626,.T.);
#1427=EDGE_CURVE('',#1151,#1152,#627,.T.);
#1428=EDGE_CURVE('',#1152,#1150,#628,.T.);
#1429=EDGE_CURVE('',#1151,#1153,#629,.T.);
#1430=EDGE_CURVE('',#1153,#1154,#630,.F.);
#1431=EDGE_CURVE('',#1154,#1152,#631,.T.);
#1432=EDGE_CURVE('',#1144,#1155,#632,.T.);
#1433=EDGE_CURVE('',#1156,#1143,#633,.T.);
#1434=EDGE_CURVE('',#1157,#1156,#634,.T.);
#1435=EDGE_CURVE('',#1157,#1158,#635,.T.);
#1436=EDGE_CURVE('',#1155,#1158,#193,.T.);
#1437=EDGE_CURVE('',#1159,#1148,#636,.T.);
#1438=EDGE_CURVE('',#1156,#1159,#637,.T.);
#1439=EDGE_CURVE('',#1160,#1150,#638,.T.);
#1440=EDGE_CURVE('',#1159,#1160,#639,.T.);
#1441=EDGE_CURVE('',#1161,#1152,#640,.T.);
#1442=EDGE_CURVE('',#1160,#1161,#641,.T.);
#1443=EDGE_CURVE('',#1162,#1154,#642,.T.);
#1444=EDGE_CURVE('',#1163,#1162,#194,.T.);
#1445=EDGE_CURVE('',#1164,#1163,#643,.T.);
#1446=EDGE_CURVE('',#1161,#1164,#644,.T.);
#1447=EDGE_CURVE('',#1165,#1166,#75,.T.);
#1448=EDGE_CURVE('',#1166,#1167,#645,.T.);
#1449=EDGE_CURVE('',#1167,#1168,#51,.T.);
#1450=EDGE_CURVE('',#1165,#1168,#195,.T.);
#1451=EDGE_CURVE('',#1169,#1170,#76,.T.);
#1452=EDGE_CURVE('',#1170,#1166,#52,.T.);
#1453=EDGE_CURVE('',#1165,#1169,#53,.T.);
#1454=EDGE_CURVE('',#1171,#1172,#77,.T.);
#1455=EDGE_CURVE('',#1172,#1170,#646,.T.);
#1456=EDGE_CURVE('',#1169,#1171,#647,.T.);
#1457=EDGE_CURVE('',#1173,#1174,#78,.T.);
#1458=EDGE_CURVE('',#1174,#1172,#54,.T.);
#1459=EDGE_CURVE('',#1171,#1173,#55,.T.);
#1460=EDGE_CURVE('',#1173,#1175,#196,.T.);
#1461=EDGE_CURVE('',#1175,#1176,#56,.T.);
#1462=EDGE_CURVE('',#1176,#1174,#648,.T.);
#1463=EDGE_CURVE('',#1168,#1175,#649,.T.);
#1464=EDGE_CURVE('',#1173,#1165,#650,.T.);
#1465=EDGE_CURVE('',#1177,#1172,#79,.T.);
#1466=EDGE_CURVE('',#1177,#1178,#651,.T.);
#1467=EDGE_CURVE('',#1170,#1178,#80,.T.);
#1468=EDGE_CURVE('',#1174,#1179,#81,.T.);
#1469=EDGE_CURVE('',#1177,#1179,#82,.T.);
#1470=EDGE_CURVE('',#1180,#1176,#83,.T.);
#1471=EDGE_CURVE('',#1181,#1180,#652,.T.);
#1472=EDGE_CURVE('',#1182,#1181,#84,.T.);
#1473=EDGE_CURVE('',#1183,#1182,#653,.T.);
#1474=EDGE_CURVE('',#1184,#1183,#654,.T.);
#1475=EDGE_CURVE('',#1185,#1184,#655,.T.);
#1476=EDGE_CURVE('',#1186,#1185,#656,.T.);
#1477=EDGE_CURVE('',#1187,#1186,#657,.T.);
#1478=EDGE_CURVE('',#1188,#1187,#85,.T.);
#1479=EDGE_CURVE('',#1189,#1188,#658,.T.);
#1480=EDGE_CURVE('',#1190,#1189,#86,.T.);
#1481=EDGE_CURVE('',#1191,#1190,#659,.T.);
#1482=EDGE_CURVE('',#1192,#1191,#87,.T.);
#1483=EDGE_CURVE('',#1193,#1192,#660,.T.);
#1484=EDGE_CURVE('',#1193,#1194,#661,.T.);
#1485=EDGE_CURVE('',#1179,#1194,#662,.T.);
#1486=EDGE_CURVE('',#1195,#1196,#663,.T.);
#1487=EDGE_CURVE('',#1196,#1197,#197,.T.);
#1488=EDGE_CURVE('',#1197,#1198,#664,.T.);
#1489=EDGE_CURVE('',#1198,#1195,#198,.T.);
#1490=EDGE_CURVE('',#1196,#1181,#88,.T.);
#1491=EDGE_CURVE('',#1180,#1197,#57,.T.);
#1492=EDGE_CURVE('',#1199,#1200,#89,.T.);
#1493=EDGE_CURVE('',#1200,#1181,#58,.T.);
#1494=EDGE_CURVE('',#1196,#1199,#59,.T.);
#1495=EDGE_CURVE('',#1201,#1202,#90,.T.);
#1496=EDGE_CURVE('',#1202,#1200,#665,.T.);
#1497=EDGE_CURVE('',#1199,#1201,#666,.T.);
#1498=EDGE_CURVE('',#1195,#1203,#91,.T.);
#1499=EDGE_CURVE('',#1203,#1202,#60,.T.);
#1500=EDGE_CURVE('',#1201,#1195,#61,.T.);
#1501=EDGE_CURVE('',#1198,#1204,#62,.T.);
#1502=EDGE_CURVE('',#1204,#1203,#667,.T.);
#1503=EDGE_CURVE('',#1204,#1167,#92,.T.);
#1504=EDGE_CURVE('',#1205,#1206,#93,.T.);
#1505=EDGE_CURVE('',#1206,#1207,#668,.T.);
#1506=EDGE_CURVE('',#1207,#1208,#63,.T.);
#1507=EDGE_CURVE('',#1205,#1208,#199,.T.);
#1508=EDGE_CURVE('',#1209,#1210,#94,.T.);
#1509=EDGE_CURVE('',#1210,#1206,#64,.T.);
#1510=EDGE_CURVE('',#1205,#1209,#65,.T.);
#1511=EDGE_CURVE('',#1211,#1212,#95,.T.);
#1512=EDGE_CURVE('',#1212,#1210,#669,.T.);
#1513=EDGE_CURVE('',#1209,#1211,#670,.T.);
#1514=EDGE_CURVE('',#1213,#1188,#96,.T.);
#1515=EDGE_CURVE('',#1188,#1212,#66,.T.);
#1516=EDGE_CURVE('',#1211,#1213,#67,.T.);
#1517=EDGE_CURVE('',#1213,#1214,#200,.T.);
#1518=EDGE_CURVE('',#1214,#1189,#68,.T.);
#1519=EDGE_CURVE('',#1208,#1214,#671,.T.);
#1520=EDGE_CURVE('',#1213,#1205,#672,.T.);
#1521=EDGE_CURVE('',#1215,#1212,#97,.T.);
#1522=EDGE_CURVE('',#1215,#1216,#673,.T.);
#1523=EDGE_CURVE('',#1216,#1217,#98,.T.);
#1524=EDGE_CURVE('',#1217,#1218,#674,.T.);
#1525=EDGE_CURVE('',#1218,#1219,#99,.T.);
#1526=EDGE_CURVE('',#1219,#1155,#675,.T.);
#1527=EDGE_CURVE('',#1158,#1163,#676,.T.);
#1528=EDGE_CURVE('',#1162,#1133,#677,.T.);
#1529=EDGE_CURVE('',#1136,#1141,#678,.T.);
#1530=EDGE_CURVE('',#1140,#1220,#679,.T.);
#1531=EDGE_CURVE('',#1220,#1221,#100,.T.);
#1532=EDGE_CURVE('',#1221,#1222,#680,.T.);
#1533=EDGE_CURVE('',#1222,#1223,#101,.T.);
#1534=EDGE_CURVE('',#1223,#1224,#681,.T.);
#1535=EDGE_CURVE('',#1210,#1224,#102,.T.);
#1536=EDGE_CURVE('',#1187,#1215,#103,.T.);
#1537=EDGE_CURVE('',#1225,#1226,#682,.T.);
#1538=EDGE_CURVE('',#1226,#1227,#201,.T.);
#1539=EDGE_CURVE('',#1227,#1228,#683,.T.);
#1540=EDGE_CURVE('',#1228,#1225,#202,.T.);
#1541=EDGE_CURVE('',#1226,#1191,#104,.T.);
#1542=EDGE_CURVE('',#1190,#1227,#69,.T.);
#1543=EDGE_CURVE('',#1229,#1230,#105,.T.);
#1544=EDGE_CURVE('',#1230,#1191,#70,.T.);
#1545=EDGE_CURVE('',#1226,#1229,#71,.T.);
#1546=EDGE_CURVE('',#1231,#1232,#106,.T.);
#1547=EDGE_CURVE('',#1232,#1230,#684,.T.);
#1548=EDGE_CURVE('',#1229,#1231,#685,.T.);
#1549=EDGE_CURVE('',#1225,#1233,#107,.T.);
#1550=EDGE_CURVE('',#1233,#1232,#72,.T.);
#1551=EDGE_CURVE('',#1231,#1225,#73,.T.);
#1552=EDGE_CURVE('',#1228,#1234,#74,.T.);
#1553=EDGE_CURVE('',#1234,#1233,#686,.T.);
#1554=EDGE_CURVE('',#1234,#1207,#108,.T.);
#1555=EDGE_CURVE('',#1186,#1235,#109,.F.);
#1556=EDGE_CURVE('',#1235,#1215,#687,.T.);
#1557=EDGE_CURVE('',#1224,#1236,#110,.T.);
#1558=EDGE_CURVE('',#1236,#1206,#111,.T.);
#1559=EDGE_CURVE('',#1237,#1238,#112,.F.);
#1560=EDGE_CURVE('',#1238,#1236,#688,.T.);
#1561=EDGE_CURVE('',#1224,#1237,#689,.T.);
#1562=EDGE_CURVE('',#1223,#1239,#690,.T.);
#1563=EDGE_CURVE('',#1237,#1239,#691,.T.);
#1564=EDGE_CURVE('',#1200,#1240,#113,.T.);
#1565=EDGE_CURVE('',#1240,#1182,#114,.T.);
#1566=EDGE_CURVE('',#1241,#1183,#115,.F.);
#1567=EDGE_CURVE('',#1240,#1241,#692,.T.);
#1568=EDGE_CURVE('',#1240,#1096,#693,.T.);
#1569=EDGE_CURVE('',#1087,#1241,#694,.T.);
#1570=EDGE_CURVE('',#1242,#1202,#116,.T.);
#1571=EDGE_CURVE('',#1111,#1242,#695,.T.);
#1572=EDGE_CURVE('',#1114,#1119,#696,.T.);
#1573=EDGE_CURVE('',#1089,#1118,#697,.T.);
#1574=EDGE_CURVE('',#1092,#1097,#698,.T.);
#1575=EDGE_CURVE('',#1242,#1243,#117,.T.);
#1576=EDGE_CURVE('',#1243,#1244,#699,.T.);
#1577=EDGE_CURVE('',#1244,#1245,#118,.F.);
#1578=EDGE_CURVE('',#1245,#1242,#700,.T.);
#1579=EDGE_CURVE('',#1203,#1243,#119,.T.);
#1580=EDGE_CURVE('',#1245,#1101,#701,.T.);
#1581=EDGE_CURVE('',#1194,#1246,#120,.T.);
#1582=EDGE_CURVE('',#1246,#1177,#702,.T.);
#1583=EDGE_CURVE('',#1246,#1247,#703,.T.);
#1584=EDGE_CURVE('',#1178,#1247,#704,.T.);
#1585=EDGE_CURVE('',#1248,#1193,#121,.T.);
#1586=EDGE_CURVE('',#1248,#1249,#705,.T.);
#1587=EDGE_CURVE('',#1250,#1249,#122,.T.);
#1588=EDGE_CURVE('',#1250,#1251,#706,.T.);
#1589=EDGE_CURVE('',#1247,#1251,#123,.T.);
#1590=EDGE_CURVE('',#1252,#1252,#124,.T.);
#1591=EDGE_CURVE('',#1253,#1253,#125,.T.);
#1592=EDGE_CURVE('',#1254,#1254,#126,.T.);
#1593=EDGE_CURVE('',#1255,#1255,#127,.T.);
#1594=EDGE_CURVE('',#1251,#1256,#707,.T.);
#1595=EDGE_CURVE('',#1256,#1178,#128,.T.);
#1596=EDGE_CURVE('',#1256,#1166,#129,.T.);
#1597=EDGE_CURVE('',#1257,#1250,#708,.T.);
#1598=EDGE_CURVE('',#1233,#1257,#130,.T.);
#1599=EDGE_CURVE('',#1258,#1238,#709,.T.);
#1600=EDGE_CURVE('',#1259,#1258,#710,.T.);
#1601=EDGE_CURVE('',#1244,#1259,#711,.T.);
#1602=EDGE_CURVE('',#1192,#1260,#131,.T.);
#1603=EDGE_CURVE('',#1260,#1248,#712,.T.);
#1604=EDGE_CURVE('',#1230,#1260,#132,.T.);
#1605=EDGE_CURVE('',#1260,#1261,#713,.T.);
#1606=EDGE_CURVE('',#1249,#1261,#714,.T.);
#1607=EDGE_CURVE('',#1261,#1232,#133,.T.);
#1608=EDGE_CURVE('',#1261,#1257,#134,.T.);
#1609=EDGE_CURVE('',#1184,#1262,#135,.T.);
#1610=EDGE_CURVE('',#1263,#1262,#715,.T.);
#1611=EDGE_CURVE('',#1263,#1185,#136,.F.);
#1612=EDGE_CURVE('',#1109,#1079,#716,.T.);
#1613=EDGE_CURVE('',#1264,#1259,#137,.T.);
#1614=EDGE_CURVE('',#1264,#1265,#717,.T.);
#1615=EDGE_CURVE('',#1265,#1266,#718,.T.);
#1616=EDGE_CURVE('',#1267,#1266,#719,.T.);
#1617=EDGE_CURVE('',#1268,#1267,#720,.F.);
#1618=EDGE_CURVE('',#1269,#1268,#721,.T.);
#1619=EDGE_CURVE('',#1270,#1269,#722,.F.);
#1620=EDGE_CURVE('',#1271,#1270,#723,.T.);
#1621=EDGE_CURVE('',#1271,#1272,#724,.T.);
#1622=EDGE_CURVE('',#1273,#1272,#725,.T.);
#1623=EDGE_CURVE('',#1274,#1273,#726,.F.);
#1624=EDGE_CURVE('',#1275,#1274,#727,.T.);
#1625=EDGE_CURVE('',#1131,#1275,#728,.T.);
#1626=EDGE_CURVE('',#1153,#1123,#729,.T.);
#1627=EDGE_CURVE('',#1276,#1145,#730,.T.);
#1628=EDGE_CURVE('',#1277,#1276,#731,.T.);
#1629=EDGE_CURVE('',#1278,#1277,#732,.F.);
#1630=EDGE_CURVE('',#1279,#1278,#733,.T.);
#1631=EDGE_CURVE('',#1279,#1280,#734,.T.);
#1632=EDGE_CURVE('',#1281,#1280,#735,.T.);
#1633=EDGE_CURVE('',#1282,#1281,#736,.F.);
#1634=EDGE_CURVE('',#1283,#1282,#737,.T.);
#1635=EDGE_CURVE('',#1284,#1283,#738,.F.);
#1636=EDGE_CURVE('',#1285,#1284,#739,.T.);
#1637=EDGE_CURVE('',#1286,#1285,#740,.F.);
#1638=EDGE_CURVE('',#1286,#1262,#741,.T.);
#1639=EDGE_CURVE('',#1287,#1287,#138,.T.);
#1640=EDGE_CURVE('',#1288,#1288,#139,.T.);
#1641=EDGE_CURVE('',#1258,#1289,#140,.F.);
#1642=EDGE_CURVE('',#1289,#1264,#742,.T.);
#1643=EDGE_CURVE('',#1290,#1291,#743,.T.);
#1644=EDGE_CURVE('',#1291,#1286,#744,.T.);
#1645=EDGE_CURVE('',#1285,#1290,#745,.T.);
#1646=EDGE_CURVE('',#1292,#1291,#746,.T.);
#1647=EDGE_CURVE('',#1293,#1292,#747,.T.);
#1648=EDGE_CURVE('',#1280,#1293,#748,.T.);
#1649=EDGE_CURVE('',#1279,#1294,#749,.T.);
#1650=EDGE_CURVE('',#1295,#1294,#750,.T.);
#1651=EDGE_CURVE('',#1217,#1295,#751,.T.);
#1652=EDGE_CURVE('',#1296,#1216,#752,.T.);
#1653=EDGE_CURVE('',#1263,#1296,#753,.T.);
#1654=EDGE_CURVE('',#1290,#1297,#754,.T.);
#1655=EDGE_CURVE('',#1298,#1297,#755,.T.);
#1656=EDGE_CURVE('',#1298,#1299,#756,.T.);
#1657=EDGE_CURVE('',#1292,#1299,#757,.T.);
#1658=EDGE_CURVE('',#1297,#1284,#758,.T.);
#1659=EDGE_CURVE('',#1283,#1298,#759,.T.);
#1660=EDGE_CURVE('',#1299,#1282,#760,.T.);
#1661=EDGE_CURVE('',#1300,#1301,#761,.T.);
#1662=EDGE_CURVE('',#1301,#1268,#762,.T.);
#1663=EDGE_CURVE('',#1267,#1300,#763,.T.);
#1664=EDGE_CURVE('',#1302,#1301,#764,.T.);
#1665=EDGE_CURVE('',#1269,#1302,#765,.T.);
#1666=EDGE_CURVE('',#1300,#1303,#766,.T.);
#1667=EDGE_CURVE('',#1304,#1303,#767,.T.);
#1668=EDGE_CURVE('',#1304,#1305,#768,.T.);
#1669=EDGE_CURVE('',#1302,#1305,#769,.T.);
#1670=EDGE_CURVE('',#1303,#1266,#770,.T.);
#1671=EDGE_CURVE('',#1265,#1304,#771,.T.);
#1672=EDGE_CURVE('',#1239,#1289,#772,.T.);
#1673=EDGE_CURVE('',#1306,#1222,#773,.T.);
#1674=EDGE_CURVE('',#1307,#1306,#774,.T.);
#1675=EDGE_CURVE('',#1272,#1307,#775,.T.);
#1676=EDGE_CURVE('',#1271,#1308,#776,.T.);
#1677=EDGE_CURVE('',#1305,#1308,#777,.T.);
#1678=EDGE_CURVE('',#1309,#1270,#778,.T.);
#1679=EDGE_CURVE('',#1302,#1309,#779,.T.);
#1680=EDGE_CURVE('',#1308,#1309,#780,.T.);
#1681=EDGE_CURVE('',#1310,#1274,#781,.T.);
#1682=EDGE_CURVE('',#1273,#1311,#782,.T.);
#1683=EDGE_CURVE('',#1311,#1310,#783,.T.);
#1684=EDGE_CURVE('',#1311,#1307,#784,.T.);
#1685=EDGE_CURVE('',#1306,#1310,#785,.T.);
#1686=EDGE_CURVE('',#1281,#1312,#786,.T.);
#1687=EDGE_CURVE('',#1312,#1299,#787,.T.);
#1688=EDGE_CURVE('',#1312,#1293,#788,.T.);
#1689=EDGE_CURVE('',#1313,#1278,#789,.T.);
#1690=EDGE_CURVE('',#1277,#1314,#790,.T.);
#1691=EDGE_CURVE('',#1314,#1313,#791,.T.);
#1692=EDGE_CURVE('',#1314,#1295,#792,.T.);
#1693=EDGE_CURVE('',#1294,#1313,#793,.T.);
#1694=EDGE_CURVE('',#1315,#1315,#141,.T.);
#1695=EDGE_CURVE('',#1316,#1316,#142,.T.);
#1696=EDGE_CURVE('',#1317,#1317,#143,.T.);
#1697=EDGE_CURVE('',#1318,#1318,#144,.T.);
#1698=EDGE_CURVE('',#1219,#1276,#794,.T.);
#1699=EDGE_CURVE('',#1314,#1218,#795,.T.);
#1700=EDGE_CURVE('',#1275,#1220,#796,.T.);
#1701=EDGE_CURVE('',#1221,#1310,#797,.T.);
#1702=EDGE_CURVE('',#1142,#1135,#798,.T.);
#1703=EDGE_CURVE('',#1319,#1319,#145,.T.);
#1704=EDGE_CURVE('',#1120,#1113,#799,.T.);
#1705=EDGE_CURVE('',#1320,#1320,#146,.T.);
#1706=EDGE_CURVE('',#1164,#1157,#800,.T.);
#1707=EDGE_CURVE('',#1321,#1321,#147,.T.);
#1708=EDGE_CURVE('',#1098,#1091,#801,.T.);
#1709=EDGE_CURVE('',#1322,#1322,#148,.T.);
#1710=EDGE_CURVE('',#1296,#1235,#802,.T.);
#1711=ORIENTED_EDGE('',*,*,#1323,.T.);
#1712=ORIENTED_EDGE('',*,*,#1324,.T.);
#1713=ORIENTED_EDGE('',*,*,#1325,.T.);
#1714=ORIENTED_EDGE('',*,*,#1326,.T.);
#1715=ORIENTED_EDGE('',*,*,#1327,.T.);
#1716=ORIENTED_EDGE('',*,*,#1328,.T.);
#1717=ORIENTED_EDGE('',*,*,#1329,.T.);
#1718=ORIENTED_EDGE('',*,*,#1326,.F.);
#1719=ORIENTED_EDGE('',*,*,#1330,.T.);
#1720=ORIENTED_EDGE('',*,*,#1331,.T.);
#1721=ORIENTED_EDGE('',*,*,#1332,.T.);
#1722=ORIENTED_EDGE('',*,*,#1328,.F.);
#1723=ORIENTED_EDGE('',*,*,#1333,.T.);
#1724=ORIENTED_EDGE('',*,*,#1334,.T.);
#1725=ORIENTED_EDGE('',*,*,#1335,.T.);
#1726=ORIENTED_EDGE('',*,*,#1331,.F.);
#1727=ORIENTED_EDGE('',*,*,#1336,.T.);
#1728=ORIENTED_EDGE('',*,*,#1337,.T.);
#1729=ORIENTED_EDGE('',*,*,#1338,.T.);
#1730=ORIENTED_EDGE('',*,*,#1334,.F.);
#1731=ORIENTED_EDGE('',*,*,#1339,.F.);
#1732=ORIENTED_EDGE('',*,*,#1323,.F.);
#1733=ORIENTED_EDGE('',*,*,#1340,.F.);
#1734=ORIENTED_EDGE('',*,*,#1341,.F.);
#1735=ORIENTED_EDGE('',*,*,#1342,.T.);
#1736=ORIENTED_EDGE('',*,*,#1343,.F.);
#1737=ORIENTED_EDGE('',*,*,#1329,.F.);
#1738=ORIENTED_EDGE('',*,*,#1344,.F.);
#1739=ORIENTED_EDGE('',*,*,#1345,.F.);
#1740=ORIENTED_EDGE('',*,*,#1340,.T.);
#1741=ORIENTED_EDGE('',*,*,#1332,.F.);
#1742=ORIENTED_EDGE('',*,*,#1346,.F.);
#1743=ORIENTED_EDGE('',*,*,#1347,.F.);
#1744=ORIENTED_EDGE('',*,*,#1344,.T.);
#1745=ORIENTED_EDGE('',*,*,#1335,.F.);
#1746=ORIENTED_EDGE('',*,*,#1348,.F.);
#1747=ORIENTED_EDGE('',*,*,#1349,.F.);
#1748=ORIENTED_EDGE('',*,*,#1346,.T.);
#1749=ORIENTED_EDGE('',*,*,#1338,.F.);
#1750=ORIENTED_EDGE('',*,*,#1350,.F.);
#1751=ORIENTED_EDGE('',*,*,#1351,.F.);
#1752=ORIENTED_EDGE('',*,*,#1352,.F.);
#1753=ORIENTED_EDGE('',*,*,#1353,.F.);
#1754=ORIENTED_EDGE('',*,*,#1348,.T.);
#1755=ORIENTED_EDGE('',*,*,#1354,.T.);
#1756=ORIENTED_EDGE('',*,*,#1355,.T.);
#1757=ORIENTED_EDGE('',*,*,#1356,.T.);
#1758=ORIENTED_EDGE('',*,*,#1357,.T.);
#1759=ORIENTED_EDGE('',*,*,#1358,.T.);
#1760=ORIENTED_EDGE('',*,*,#1359,.T.);
#1761=ORIENTED_EDGE('',*,*,#1360,.T.);
#1762=ORIENTED_EDGE('',*,*,#1357,.F.);
#1763=ORIENTED_EDGE('',*,*,#1361,.T.);
#1764=ORIENTED_EDGE('',*,*,#1359,.F.);
#1765=ORIENTED_EDGE('',*,*,#1362,.T.);
#1766=ORIENTED_EDGE('',*,*,#1363,.T.);
#1767=ORIENTED_EDGE('',*,*,#1364,.T.);
#1768=ORIENTED_EDGE('',*,*,#1363,.F.);
#1769=ORIENTED_EDGE('',*,*,#1365,.T.);
#1770=ORIENTED_EDGE('',*,*,#1366,.T.);
#1771=ORIENTED_EDGE('',*,*,#1367,.T.);
#1772=ORIENTED_EDGE('',*,*,#1368,.T.);
#1773=ORIENTED_EDGE('',*,*,#1369,.T.);
#1774=ORIENTED_EDGE('',*,*,#1366,.F.);
#1775=ORIENTED_EDGE('',*,*,#1370,.F.);
#1776=ORIENTED_EDGE('',*,*,#1354,.F.);
#1777=ORIENTED_EDGE('',*,*,#1371,.F.);
#1778=ORIENTED_EDGE('',*,*,#1372,.F.);
#1779=ORIENTED_EDGE('',*,*,#1373,.T.);
#1780=ORIENTED_EDGE('',*,*,#1374,.F.);
#1781=ORIENTED_EDGE('',*,*,#1360,.F.);
#1782=ORIENTED_EDGE('',*,*,#1375,.F.);
#1783=ORIENTED_EDGE('',*,*,#1376,.F.);
#1784=ORIENTED_EDGE('',*,*,#1371,.T.);
#1785=ORIENTED_EDGE('',*,*,#1361,.F.);
#1786=ORIENTED_EDGE('',*,*,#1377,.F.);
#1787=ORIENTED_EDGE('',*,*,#1378,.F.);
#1788=ORIENTED_EDGE('',*,*,#1375,.T.);
#1789=ORIENTED_EDGE('',*,*,#1364,.F.);
#1790=ORIENTED_EDGE('',*,*,#1379,.F.);
#1791=ORIENTED_EDGE('',*,*,#1380,.F.);
#1792=ORIENTED_EDGE('',*,*,#1377,.T.);
#1793=ORIENTED_EDGE('',*,*,#1369,.F.);
#1794=ORIENTED_EDGE('',*,*,#1381,.F.);
#1795=ORIENTED_EDGE('',*,*,#1382,.F.);
#1796=ORIENTED_EDGE('',*,*,#1383,.F.);
#1797=ORIENTED_EDGE('',*,*,#1384,.F.);
#1798=ORIENTED_EDGE('',*,*,#1379,.T.);
#1799=ORIENTED_EDGE('',*,*,#1385,.T.);
#1800=ORIENTED_EDGE('',*,*,#1386,.T.);
#1801=ORIENTED_EDGE('',*,*,#1387,.T.);
#1802=ORIENTED_EDGE('',*,*,#1388,.T.);
#1803=ORIENTED_EDGE('',*,*,#1389,.T.);
#1804=ORIENTED_EDGE('',*,*,#1388,.F.);
#1805=ORIENTED_EDGE('',*,*,#1390,.T.);
#1806=ORIENTED_EDGE('',*,*,#1391,.T.);
#1807=ORIENTED_EDGE('',*,*,#1392,.T.);
#1808=ORIENTED_EDGE('',*,*,#1391,.F.);
#1809=ORIENTED_EDGE('',*,*,#1393,.T.);
#1810=ORIENTED_EDGE('',*,*,#1394,.T.);
#1811=ORIENTED_EDGE('',*,*,#1395,.T.);
#1812=ORIENTED_EDGE('',*,*,#1394,.F.);
#1813=ORIENTED_EDGE('',*,*,#1396,.T.);
#1814=ORIENTED_EDGE('',*,*,#1397,.T.);
#1815=ORIENTED_EDGE('',*,*,#1398,.T.);
#1816=ORIENTED_EDGE('',*,*,#1399,.T.);
#1817=ORIENTED_EDGE('',*,*,#1400,.T.);
#1818=ORIENTED_EDGE('',*,*,#1397,.F.);
#1819=ORIENTED_EDGE('',*,*,#1401,.F.);
#1820=ORIENTED_EDGE('',*,*,#1385,.F.);
#1821=ORIENTED_EDGE('',*,*,#1402,.F.);
#1822=ORIENTED_EDGE('',*,*,#1403,.F.);
#1823=ORIENTED_EDGE('',*,*,#1404,.T.);
#1824=ORIENTED_EDGE('',*,*,#1405,.F.);
#1825=ORIENTED_EDGE('',*,*,#1389,.F.);
#1826=ORIENTED_EDGE('',*,*,#1406,.F.);
#1827=ORIENTED_EDGE('',*,*,#1407,.F.);
#1828=ORIENTED_EDGE('',*,*,#1402,.T.);
#1829=ORIENTED_EDGE('',*,*,#1392,.F.);
#1830=ORIENTED_EDGE('',*,*,#1408,.F.);
#1831=ORIENTED_EDGE('',*,*,#1409,.F.);
#1832=ORIENTED_EDGE('',*,*,#1406,.T.);
#1833=ORIENTED_EDGE('',*,*,#1395,.F.);
#1834=ORIENTED_EDGE('',*,*,#1410,.F.);
#1835=ORIENTED_EDGE('',*,*,#1411,.F.);
#1836=ORIENTED_EDGE('',*,*,#1408,.T.);
#1837=ORIENTED_EDGE('',*,*,#1400,.F.);
#1838=ORIENTED_EDGE('',*,*,#1412,.F.);
#1839=ORIENTED_EDGE('',*,*,#1413,.F.);
#1840=ORIENTED_EDGE('',*,*,#1414,.F.);
#1841=ORIENTED_EDGE('',*,*,#1415,.F.);
#1842=ORIENTED_EDGE('',*,*,#1410,.T.);
#1843=ORIENTED_EDGE('',*,*,#1416,.T.);
#1844=ORIENTED_EDGE('',*,*,#1417,.T.);
#1845=ORIENTED_EDGE('',*,*,#1418,.T.);
#1846=ORIENTED_EDGE('',*,*,#1419,.T.);
#1847=ORIENTED_EDGE('',*,*,#1420,.T.);
#1848=ORIENTED_EDGE('',*,*,#1421,.T.);
#1849=ORIENTED_EDGE('',*,*,#1422,.T.);
#1850=ORIENTED_EDGE('',*,*,#1419,.F.);
#1851=ORIENTED_EDGE('',*,*,#1423,.T.);
#1852=ORIENTED_EDGE('',*,*,#1424,.T.);
#1853=ORIENTED_EDGE('',*,*,#1425,.T.);
#1854=ORIENTED_EDGE('',*,*,#1421,.F.);
#1855=ORIENTED_EDGE('',*,*,#1426,.T.);
#1856=ORIENTED_EDGE('',*,*,#1427,.T.);
#1857=ORIENTED_EDGE('',*,*,#1428,.T.);
#1858=ORIENTED_EDGE('',*,*,#1424,.F.);
#1859=ORIENTED_EDGE('',*,*,#1429,.T.);
#1860=ORIENTED_EDGE('',*,*,#1430,.T.);
#1861=ORIENTED_EDGE('',*,*,#1431,.T.);
#1862=ORIENTED_EDGE('',*,*,#1427,.F.);
#1863=ORIENTED_EDGE('',*,*,#1432,.F.);
#1864=ORIENTED_EDGE('',*,*,#1416,.F.);
#1865=ORIENTED_EDGE('',*,*,#1433,.F.);
#1866=ORIENTED_EDGE('',*,*,#1434,.F.);
#1867=ORIENTED_EDGE('',*,*,#1435,.T.);
#1868=ORIENTED_EDGE('',*,*,#1436,.F.);
#1869=ORIENTED_EDGE('',*,*,#1422,.F.);
#1870=ORIENTED_EDGE('',*,*,#1437,.F.);
#1871=ORIENTED_EDGE('',*,*,#1438,.F.);
#1872=ORIENTED_EDGE('',*,*,#1433,.T.);
#1873=ORIENTED_EDGE('',*,*,#1425,.F.);
#1874=ORIENTED_EDGE('',*,*,#1439,.F.);
#1875=ORIENTED_EDGE('',*,*,#1440,.F.);
#1876=ORIENTED_EDGE('',*,*,#1437,.T.);
#1877=ORIENTED_EDGE('',*,*,#1428,.F.);
#1878=ORIENTED_EDGE('',*,*,#1441,.F.);
#1879=ORIENTED_EDGE('',*,*,#1442,.F.);
#1880=ORIENTED_EDGE('',*,*,#1439,.T.);
#1881=ORIENTED_EDGE('',*,*,#1431,.F.);
#1882=ORIENTED_EDGE('',*,*,#1443,.F.);
#1883=ORIENTED_EDGE('',*,*,#1444,.F.);
#1884=ORIENTED_EDGE('',*,*,#1445,.F.);
#1885=ORIENTED_EDGE('',*,*,#1446,.F.);
#1886=ORIENTED_EDGE('',*,*,#1441,.T.);
#1887=ORIENTED_EDGE('',*,*,#1447,.T.);
#1888=ORIENTED_EDGE('',*,*,#1448,.T.);
#1889=ORIENTED_EDGE('',*,*,#1449,.T.);
#1890=ORIENTED_EDGE('',*,*,#1450,.F.);
#1891=ORIENTED_EDGE('',*,*,#1451,.T.);
#1892=ORIENTED_EDGE('',*,*,#1452,.T.);
#1893=ORIENTED_EDGE('',*,*,#1447,.F.);
#1894=ORIENTED_EDGE('',*,*,#1453,.T.);
#1895=ORIENTED_EDGE('',*,*,#1454,.T.);
#1896=ORIENTED_EDGE('',*,*,#1455,.T.);
#1897=ORIENTED_EDGE('',*,*,#1451,.F.);
#1898=ORIENTED_EDGE('',*,*,#1456,.T.);
#1899=ORIENTED_EDGE('',*,*,#1457,.T.);
#1900=ORIENTED_EDGE('',*,*,#1458,.T.);
#1901=ORIENTED_EDGE('',*,*,#1454,.F.);
#1902=ORIENTED_EDGE('',*,*,#1459,.T.);
#1903=ORIENTED_EDGE('',*,*,#1460,.T.);
#1904=ORIENTED_EDGE('',*,*,#1461,.T.);
#1905=ORIENTED_EDGE('',*,*,#1462,.T.);
#1906=ORIENTED_EDGE('',*,*,#1457,.F.);
#1907=ORIENTED_EDGE('',*,*,#1463,.T.);
#1908=ORIENTED_EDGE('',*,*,#1460,.F.);
#1909=ORIENTED_EDGE('',*,*,#1464,.T.);
#1910=ORIENTED_EDGE('',*,*,#1450,.T.);
#1911=ORIENTED_EDGE('',*,*,#1455,.F.);
#1912=ORIENTED_EDGE('',*,*,#1465,.F.);
#1913=ORIENTED_EDGE('',*,*,#1466,.T.);
#1914=ORIENTED_EDGE('',*,*,#1467,.F.);
#1915=ORIENTED_EDGE('',*,*,#1458,.F.);
#1916=ORIENTED_EDGE('',*,*,#1468,.T.);
#1917=ORIENTED_EDGE('',*,*,#1469,.F.);
#1918=ORIENTED_EDGE('',*,*,#1465,.T.);
#1919=ORIENTED_EDGE('',*,*,#1462,.F.);
#1920=ORIENTED_EDGE('',*,*,#1470,.F.);
#1921=ORIENTED_EDGE('',*,*,#1471,.F.);
#1922=ORIENTED_EDGE('',*,*,#1472,.F.);
#1923=ORIENTED_EDGE('',*,*,#1473,.F.);
#1924=ORIENTED_EDGE('',*,*,#1474,.F.);
#1925=ORIENTED_EDGE('',*,*,#1475,.F.);
#1926=ORIENTED_EDGE('',*,*,#1476,.F.);
#1927=ORIENTED_EDGE('',*,*,#1477,.F.);
#1928=ORIENTED_EDGE('',*,*,#1478,.F.);
#1929=ORIENTED_EDGE('',*,*,#1479,.F.);
#1930=ORIENTED_EDGE('',*,*,#1480,.F.);
#1931=ORIENTED_EDGE('',*,*,#1481,.F.);
#1932=ORIENTED_EDGE('',*,*,#1482,.F.);
#1933=ORIENTED_EDGE('',*,*,#1483,.F.);
#1934=ORIENTED_EDGE('',*,*,#1484,.T.);
#1935=ORIENTED_EDGE('',*,*,#1485,.F.);
#1936=ORIENTED_EDGE('',*,*,#1468,.F.);
#1937=ORIENTED_EDGE('',*,*,#1453,.F.);
#1938=ORIENTED_EDGE('',*,*,#1464,.F.);
#1939=ORIENTED_EDGE('',*,*,#1459,.F.);
#1940=ORIENTED_EDGE('',*,*,#1456,.F.);
#1941=ORIENTED_EDGE('',*,*,#1486,.T.);
#1942=ORIENTED_EDGE('',*,*,#1487,.T.);
#1943=ORIENTED_EDGE('',*,*,#1488,.T.);
#1944=ORIENTED_EDGE('',*,*,#1489,.T.);
#1945=ORIENTED_EDGE('',*,*,#1490,.T.);
#1946=ORIENTED_EDGE('',*,*,#1471,.T.);
#1947=ORIENTED_EDGE('',*,*,#1491,.T.);
#1948=ORIENTED_EDGE('',*,*,#1487,.F.);
#1949=ORIENTED_EDGE('',*,*,#1492,.T.);
#1950=ORIENTED_EDGE('',*,*,#1493,.T.);
#1951=ORIENTED_EDGE('',*,*,#1490,.F.);
#1952=ORIENTED_EDGE('',*,*,#1494,.T.);
#1953=ORIENTED_EDGE('',*,*,#1495,.T.);
#1954=ORIENTED_EDGE('',*,*,#1496,.T.);
#1955=ORIENTED_EDGE('',*,*,#1492,.F.);
#1956=ORIENTED_EDGE('',*,*,#1497,.T.);
#1957=ORIENTED_EDGE('',*,*,#1498,.T.);
#1958=ORIENTED_EDGE('',*,*,#1499,.T.);
#1959=ORIENTED_EDGE('',*,*,#1495,.F.);
#1960=ORIENTED_EDGE('',*,*,#1500,.T.);
#1961=ORIENTED_EDGE('',*,*,#1489,.F.);
#1962=ORIENTED_EDGE('',*,*,#1501,.T.);
#1963=ORIENTED_EDGE('',*,*,#1502,.T.);
#1964=ORIENTED_EDGE('',*,*,#1498,.F.);
#1965=ORIENTED_EDGE('',*,*,#1449,.F.);
#1966=ORIENTED_EDGE('',*,*,#1503,.F.);
#1967=ORIENTED_EDGE('',*,*,#1501,.F.);
#1968=ORIENTED_EDGE('',*,*,#1488,.F.);
#1969=ORIENTED_EDGE('',*,*,#1491,.F.);
#1970=ORIENTED_EDGE('',*,*,#1470,.T.);
#1971=ORIENTED_EDGE('',*,*,#1461,.F.);
#1972=ORIENTED_EDGE('',*,*,#1463,.F.);
#1973=ORIENTED_EDGE('',*,*,#1486,.F.);
#1974=ORIENTED_EDGE('',*,*,#1500,.F.);
#1975=ORIENTED_EDGE('',*,*,#1497,.F.);
#1976=ORIENTED_EDGE('',*,*,#1494,.F.);
#1977=ORIENTED_EDGE('',*,*,#1504,.T.);
#1978=ORIENTED_EDGE('',*,*,#1505,.T.);
#1979=ORIENTED_EDGE('',*,*,#1506,.T.);
#1980=ORIENTED_EDGE('',*,*,#1507,.F.);
#1981=ORIENTED_EDGE('',*,*,#1508,.T.);
#1982=ORIENTED_EDGE('',*,*,#1509,.T.);
#1983=ORIENTED_EDGE('',*,*,#1504,.F.);
#1984=ORIENTED_EDGE('',*,*,#1510,.T.);
#1985=ORIENTED_EDGE('',*,*,#1511,.T.);
#1986=ORIENTED_EDGE('',*,*,#1512,.T.);
#1987=ORIENTED_EDGE('',*,*,#1508,.F.);
#1988=ORIENTED_EDGE('',*,*,#1513,.T.);
#1989=ORIENTED_EDGE('',*,*,#1514,.T.);
#1990=ORIENTED_EDGE('',*,*,#1515,.T.);
#1991=ORIENTED_EDGE('',*,*,#1511,.F.);
#1992=ORIENTED_EDGE('',*,*,#1516,.T.);
#1993=ORIENTED_EDGE('',*,*,#1517,.T.);
#1994=ORIENTED_EDGE('',*,*,#1518,.T.);
#1995=ORIENTED_EDGE('',*,*,#1479,.T.);
#1996=ORIENTED_EDGE('',*,*,#1514,.F.);
#1997=ORIENTED_EDGE('',*,*,#1519,.T.);
#1998=ORIENTED_EDGE('',*,*,#1517,.F.);
#1999=ORIENTED_EDGE('',*,*,#1520,.T.);
#2000=ORIENTED_EDGE('',*,*,#1507,.T.);
#2001=ORIENTED_EDGE('',*,*,#1512,.F.);
#2002=ORIENTED_EDGE('',*,*,#1521,.F.);
#2003=ORIENTED_EDGE('',*,*,#1522,.T.);
#2004=ORIENTED_EDGE('',*,*,#1523,.T.);
#2005=ORIENTED_EDGE('',*,*,#1524,.T.);
#2006=ORIENTED_EDGE('',*,*,#1525,.T.);
#2007=ORIENTED_EDGE('',*,*,#1526,.T.);
#2008=ORIENTED_EDGE('',*,*,#1436,.T.);
#2009=ORIENTED_EDGE('',*,*,#1527,.T.);
#2010=ORIENTED_EDGE('',*,*,#1444,.T.);
#2011=ORIENTED_EDGE('',*,*,#1528,.T.);
#2012=ORIENTED_EDGE('',*,*,#1405,.T.);
#2013=ORIENTED_EDGE('',*,*,#1529,.T.);
#2014=ORIENTED_EDGE('',*,*,#1413,.T.);
#2015=ORIENTED_EDGE('',*,*,#1530,.T.);
#2016=ORIENTED_EDGE('',*,*,#1531,.T.);
#2017=ORIENTED_EDGE('',*,*,#1532,.T.);
#2018=ORIENTED_EDGE('',*,*,#1533,.T.);
#2019=ORIENTED_EDGE('',*,*,#1534,.T.);
#2020=ORIENTED_EDGE('',*,*,#1535,.F.);
#2021=ORIENTED_EDGE('',*,*,#1515,.F.);
#2022=ORIENTED_EDGE('',*,*,#1478,.T.);
#2023=ORIENTED_EDGE('',*,*,#1536,.T.);
#2024=ORIENTED_EDGE('',*,*,#1521,.T.);
#2025=ORIENTED_EDGE('',*,*,#1510,.F.);
#2026=ORIENTED_EDGE('',*,*,#1520,.F.);
#2027=ORIENTED_EDGE('',*,*,#1516,.F.);
#2028=ORIENTED_EDGE('',*,*,#1513,.F.);
#2029=ORIENTED_EDGE('',*,*,#1537,.T.);
#2030=ORIENTED_EDGE('',*,*,#1538,.T.);
#2031=ORIENTED_EDGE('',*,*,#1539,.T.);
#2032=ORIENTED_EDGE('',*,*,#1540,.T.);
#2033=ORIENTED_EDGE('',*,*,#1541,.T.);
#2034=ORIENTED_EDGE('',*,*,#1481,.T.);
#2035=ORIENTED_EDGE('',*,*,#1542,.T.);
#2036=ORIENTED_EDGE('',*,*,#1538,.F.);
#2037=ORIENTED_EDGE('',*,*,#1543,.T.);
#2038=ORIENTED_EDGE('',*,*,#1544,.T.);
#2039=ORIENTED_EDGE('',*,*,#1541,.F.);
#2040=ORIENTED_EDGE('',*,*,#1545,.T.);
#2041=ORIENTED_EDGE('',*,*,#1546,.T.);
#2042=ORIENTED_EDGE('',*,*,#1547,.T.);
#2043=ORIENTED_EDGE('',*,*,#1543,.F.);
#2044=ORIENTED_EDGE('',*,*,#1548,.T.);
#2045=ORIENTED_EDGE('',*,*,#1549,.T.);
#2046=ORIENTED_EDGE('',*,*,#1550,.T.);
#2047=ORIENTED_EDGE('',*,*,#1546,.F.);
#2048=ORIENTED_EDGE('',*,*,#1551,.T.);
#2049=ORIENTED_EDGE('',*,*,#1540,.F.);
#2050=ORIENTED_EDGE('',*,*,#1552,.T.);
#2051=ORIENTED_EDGE('',*,*,#1553,.T.);
#2052=ORIENTED_EDGE('',*,*,#1549,.F.);
#2053=ORIENTED_EDGE('',*,*,#1506,.F.);
#2054=ORIENTED_EDGE('',*,*,#1554,.F.);
#2055=ORIENTED_EDGE('',*,*,#1552,.F.);
#2056=ORIENTED_EDGE('',*,*,#1539,.F.);
#2057=ORIENTED_EDGE('',*,*,#1542,.F.);
#2058=ORIENTED_EDGE('',*,*,#1480,.T.);
#2059=ORIENTED_EDGE('',*,*,#1518,.F.);
#2060=ORIENTED_EDGE('',*,*,#1519,.F.);
#2061=ORIENTED_EDGE('',*,*,#1537,.F.);
#2062=ORIENTED_EDGE('',*,*,#1551,.F.);
#2063=ORIENTED_EDGE('',*,*,#1548,.F.);
#2064=ORIENTED_EDGE('',*,*,#1545,.F.);
#2065=ORIENTED_EDGE('',*,*,#1555,.T.);
#2066=ORIENTED_EDGE('',*,*,#1556,.T.);
#2067=ORIENTED_EDGE('',*,*,#1536,.F.);
#2068=ORIENTED_EDGE('',*,*,#1477,.T.);
#2069=ORIENTED_EDGE('',*,*,#1509,.F.);
#2070=ORIENTED_EDGE('',*,*,#1535,.T.);
#2071=ORIENTED_EDGE('',*,*,#1557,.T.);
#2072=ORIENTED_EDGE('',*,*,#1558,.T.);
#2073=ORIENTED_EDGE('',*,*,#1559,.T.);
#2074=ORIENTED_EDGE('',*,*,#1560,.T.);
#2075=ORIENTED_EDGE('',*,*,#1557,.F.);
#2076=ORIENTED_EDGE('',*,*,#1561,.T.);
#2077=ORIENTED_EDGE('',*,*,#1561,.F.);
#2078=ORIENTED_EDGE('',*,*,#1534,.F.);
#2079=ORIENTED_EDGE('',*,*,#1562,.T.);
#2080=ORIENTED_EDGE('',*,*,#1563,.F.);
#2081=ORIENTED_EDGE('',*,*,#1493,.F.);
#2082=ORIENTED_EDGE('',*,*,#1564,.T.);
#2083=ORIENTED_EDGE('',*,*,#1565,.T.);
#2084=ORIENTED_EDGE('',*,*,#1472,.T.);
#2085=ORIENTED_EDGE('',*,*,#1566,.T.);
#2086=ORIENTED_EDGE('',*,*,#1473,.T.);
#2087=ORIENTED_EDGE('',*,*,#1565,.F.);
#2088=ORIENTED_EDGE('',*,*,#1567,.T.);
#2089=ORIENTED_EDGE('',*,*,#1567,.F.);
#2090=ORIENTED_EDGE('',*,*,#1568,.T.);
#2091=ORIENTED_EDGE('',*,*,#1350,.T.);
#2092=ORIENTED_EDGE('',*,*,#1337,.F.);
#2093=ORIENTED_EDGE('',*,*,#1569,.T.);
#2094=ORIENTED_EDGE('',*,*,#1496,.F.);
#2095=ORIENTED_EDGE('',*,*,#1570,.F.);
#2096=ORIENTED_EDGE('',*,*,#1571,.F.);
#2097=ORIENTED_EDGE('',*,*,#1374,.T.);
#2098=ORIENTED_EDGE('',*,*,#1572,.T.);
#2099=ORIENTED_EDGE('',*,*,#1382,.T.);
#2100=ORIENTED_EDGE('',*,*,#1573,.F.);
#2101=ORIENTED_EDGE('',*,*,#1343,.T.);
#2102=ORIENTED_EDGE('',*,*,#1574,.T.);
#2103=ORIENTED_EDGE('',*,*,#1351,.T.);
#2104=ORIENTED_EDGE('',*,*,#1568,.F.);
#2105=ORIENTED_EDGE('',*,*,#1564,.F.);
#2106=ORIENTED_EDGE('',*,*,#1575,.T.);
#2107=ORIENTED_EDGE('',*,*,#1576,.T.);
#2108=ORIENTED_EDGE('',*,*,#1577,.T.);
#2109=ORIENTED_EDGE('',*,*,#1578,.T.);
#2110=ORIENTED_EDGE('',*,*,#1499,.F.);
#2111=ORIENTED_EDGE('',*,*,#1579,.T.);
#2112=ORIENTED_EDGE('',*,*,#1575,.F.);
#2113=ORIENTED_EDGE('',*,*,#1570,.T.);
#2114=ORIENTED_EDGE('',*,*,#1578,.F.);
#2115=ORIENTED_EDGE('',*,*,#1580,.T.);
#2116=ORIENTED_EDGE('',*,*,#1355,.F.);
#2117=ORIENTED_EDGE('',*,*,#1370,.T.);
#2118=ORIENTED_EDGE('',*,*,#1571,.T.);
#2119=ORIENTED_EDGE('',*,*,#1581,.T.);
#2120=ORIENTED_EDGE('',*,*,#1582,.T.);
#2121=ORIENTED_EDGE('',*,*,#1469,.T.);
#2122=ORIENTED_EDGE('',*,*,#1485,.T.);
#2123=ORIENTED_EDGE('',*,*,#1582,.F.);
#2124=ORIENTED_EDGE('',*,*,#1583,.T.);
#2125=ORIENTED_EDGE('',*,*,#1584,.F.);
#2126=ORIENTED_EDGE('',*,*,#1466,.F.);
#2127=ORIENTED_EDGE('',*,*,#1581,.F.);
#2128=ORIENTED_EDGE('',*,*,#1484,.F.);
#2129=ORIENTED_EDGE('',*,*,#1585,.F.);
#2130=ORIENTED_EDGE('',*,*,#1586,.T.);
#2131=ORIENTED_EDGE('',*,*,#1587,.F.);
#2132=ORIENTED_EDGE('',*,*,#1588,.T.);
#2133=ORIENTED_EDGE('',*,*,#1589,.F.);
#2134=ORIENTED_EDGE('',*,*,#1583,.F.);
#2135=ORIENTED_EDGE('',*,*,#1590,.F.);
#2136=ORIENTED_EDGE('',*,*,#1591,.F.);
#2137=ORIENTED_EDGE('',*,*,#1592,.F.);
#2138=ORIENTED_EDGE('',*,*,#1593,.F.);
#2139=ORIENTED_EDGE('',*,*,#1589,.T.);
#2140=ORIENTED_EDGE('',*,*,#1594,.T.);
#2141=ORIENTED_EDGE('',*,*,#1595,.T.);
#2142=ORIENTED_EDGE('',*,*,#1584,.T.);
#2143=ORIENTED_EDGE('',*,*,#1452,.F.);
#2144=ORIENTED_EDGE('',*,*,#1467,.T.);
#2145=ORIENTED_EDGE('',*,*,#1595,.F.);
#2146=ORIENTED_EDGE('',*,*,#1596,.T.);
#2147=ORIENTED_EDGE('',*,*,#1448,.F.);
#2148=ORIENTED_EDGE('',*,*,#1596,.F.);
#2149=ORIENTED_EDGE('',*,*,#1594,.F.);
#2150=ORIENTED_EDGE('',*,*,#1588,.F.);
#2151=ORIENTED_EDGE('',*,*,#1597,.F.);
#2152=ORIENTED_EDGE('',*,*,#1598,.F.);
#2153=ORIENTED_EDGE('',*,*,#1553,.F.);
#2154=ORIENTED_EDGE('',*,*,#1554,.T.);
#2155=ORIENTED_EDGE('',*,*,#1505,.F.);
#2156=ORIENTED_EDGE('',*,*,#1558,.F.);
#2157=ORIENTED_EDGE('',*,*,#1560,.F.);
#2158=ORIENTED_EDGE('',*,*,#1599,.F.);
#2159=ORIENTED_EDGE('',*,*,#1600,.F.);
#2160=ORIENTED_EDGE('',*,*,#1601,.F.);
#2161=ORIENTED_EDGE('',*,*,#1576,.F.);
#2162=ORIENTED_EDGE('',*,*,#1579,.F.);
#2163=ORIENTED_EDGE('',*,*,#1502,.F.);
#2164=ORIENTED_EDGE('',*,*,#1503,.T.);
#2165=ORIENTED_EDGE('',*,*,#1585,.T.);
#2166=ORIENTED_EDGE('',*,*,#1483,.T.);
#2167=ORIENTED_EDGE('',*,*,#1602,.T.);
#2168=ORIENTED_EDGE('',*,*,#1603,.T.);
#2169=ORIENTED_EDGE('',*,*,#1544,.F.);
#2170=ORIENTED_EDGE('',*,*,#1604,.T.);
#2171=ORIENTED_EDGE('',*,*,#1602,.F.);
#2172=ORIENTED_EDGE('',*,*,#1482,.T.);
#2173=ORIENTED_EDGE('',*,*,#1603,.F.);
#2174=ORIENTED_EDGE('',*,*,#1605,.T.);
#2175=ORIENTED_EDGE('',*,*,#1606,.F.);
#2176=ORIENTED_EDGE('',*,*,#1586,.F.);
#2177=ORIENTED_EDGE('',*,*,#1547,.F.);
#2178=ORIENTED_EDGE('',*,*,#1607,.F.);
#2179=ORIENTED_EDGE('',*,*,#1605,.F.);
#2180=ORIENTED_EDGE('',*,*,#1604,.F.);
#2181=ORIENTED_EDGE('',*,*,#1587,.T.);
#2182=ORIENTED_EDGE('',*,*,#1606,.T.);
#2183=ORIENTED_EDGE('',*,*,#1608,.T.);
#2184=ORIENTED_EDGE('',*,*,#1597,.T.);
#2185=ORIENTED_EDGE('',*,*,#1550,.F.);
#2186=ORIENTED_EDGE('',*,*,#1598,.T.);
#2187=ORIENTED_EDGE('',*,*,#1608,.F.);
#2188=ORIENTED_EDGE('',*,*,#1607,.T.);
#2189=ORIENTED_EDGE('',*,*,#1609,.T.);
#2190=ORIENTED_EDGE('',*,*,#1610,.F.);
#2191=ORIENTED_EDGE('',*,*,#1611,.T.);
#2192=ORIENTED_EDGE('',*,*,#1475,.T.);
#2193=ORIENTED_EDGE('',*,*,#1325,.F.);
#2194=ORIENTED_EDGE('',*,*,#1612,.F.);
#2195=ORIENTED_EDGE('',*,*,#1367,.F.);
#2196=ORIENTED_EDGE('',*,*,#1365,.F.);
#2197=ORIENTED_EDGE('',*,*,#1362,.F.);
#2198=ORIENTED_EDGE('',*,*,#1358,.F.);
#2199=ORIENTED_EDGE('',*,*,#1356,.F.);
#2200=ORIENTED_EDGE('',*,*,#1580,.F.);
#2201=ORIENTED_EDGE('',*,*,#1577,.F.);
#2202=ORIENTED_EDGE('',*,*,#1601,.T.);
#2203=ORIENTED_EDGE('',*,*,#1613,.F.);
#2204=ORIENTED_EDGE('',*,*,#1614,.T.);
#2205=ORIENTED_EDGE('',*,*,#1615,.T.);
#2206=ORIENTED_EDGE('',*,*,#1616,.F.);
#2207=ORIENTED_EDGE('',*,*,#1617,.F.);
#2208=ORIENTED_EDGE('',*,*,#1618,.F.);
#2209=ORIENTED_EDGE('',*,*,#1619,.F.);
#2210=ORIENTED_EDGE('',*,*,#1620,.F.);
#2211=ORIENTED_EDGE('',*,*,#1621,.T.);
#2212=ORIENTED_EDGE('',*,*,#1622,.F.);
#2213=ORIENTED_EDGE('',*,*,#1623,.F.);
#2214=ORIENTED_EDGE('',*,*,#1624,.F.);
#2215=ORIENTED_EDGE('',*,*,#1625,.F.);
#2216=ORIENTED_EDGE('',*,*,#1398,.F.);
#2217=ORIENTED_EDGE('',*,*,#1396,.F.);
#2218=ORIENTED_EDGE('',*,*,#1393,.F.);
#2219=ORIENTED_EDGE('',*,*,#1390,.F.);
#2220=ORIENTED_EDGE('',*,*,#1387,.F.);
#2221=ORIENTED_EDGE('',*,*,#1626,.F.);
#2222=ORIENTED_EDGE('',*,*,#1429,.F.);
#2223=ORIENTED_EDGE('',*,*,#1426,.F.);
#2224=ORIENTED_EDGE('',*,*,#1423,.F.);
#2225=ORIENTED_EDGE('',*,*,#1420,.F.);
#2226=ORIENTED_EDGE('',*,*,#1418,.F.);
#2227=ORIENTED_EDGE('',*,*,#1627,.F.);
#2228=ORIENTED_EDGE('',*,*,#1628,.F.);
#2229=ORIENTED_EDGE('',*,*,#1629,.F.);
#2230=ORIENTED_EDGE('',*,*,#1630,.F.);
#2231=ORIENTED_EDGE('',*,*,#1631,.T.);
#2232=ORIENTED_EDGE('',*,*,#1632,.F.);
#2233=ORIENTED_EDGE('',*,*,#1633,.F.);
#2234=ORIENTED_EDGE('',*,*,#1634,.F.);
#2235=ORIENTED_EDGE('',*,*,#1635,.F.);
#2236=ORIENTED_EDGE('',*,*,#1636,.F.);
#2237=ORIENTED_EDGE('',*,*,#1637,.F.);
#2238=ORIENTED_EDGE('',*,*,#1638,.T.);
#2239=ORIENTED_EDGE('',*,*,#1609,.F.);
#2240=ORIENTED_EDGE('',*,*,#1474,.T.);
#2241=ORIENTED_EDGE('',*,*,#1566,.F.);
#2242=ORIENTED_EDGE('',*,*,#1569,.F.);
#2243=ORIENTED_EDGE('',*,*,#1336,.F.);
#2244=ORIENTED_EDGE('',*,*,#1333,.F.);
#2245=ORIENTED_EDGE('',*,*,#1330,.F.);
#2246=ORIENTED_EDGE('',*,*,#1327,.F.);
#2247=ORIENTED_EDGE('',*,*,#1639,.F.);
#2248=ORIENTED_EDGE('',*,*,#1640,.F.);
#2249=ORIENTED_EDGE('',*,*,#1613,.T.);
#2250=ORIENTED_EDGE('',*,*,#1600,.T.);
#2251=ORIENTED_EDGE('',*,*,#1641,.T.);
#2252=ORIENTED_EDGE('',*,*,#1642,.T.);
#2253=ORIENTED_EDGE('',*,*,#1643,.T.);
#2254=ORIENTED_EDGE('',*,*,#1644,.T.);
#2255=ORIENTED_EDGE('',*,*,#1637,.T.);
#2256=ORIENTED_EDGE('',*,*,#1645,.T.);
#2257=ORIENTED_EDGE('',*,*,#1638,.F.);
#2258=ORIENTED_EDGE('',*,*,#1644,.F.);
#2259=ORIENTED_EDGE('',*,*,#1646,.F.);
#2260=ORIENTED_EDGE('',*,*,#1647,.F.);
#2261=ORIENTED_EDGE('',*,*,#1648,.F.);
#2262=ORIENTED_EDGE('',*,*,#1631,.F.);
#2263=ORIENTED_EDGE('',*,*,#1649,.T.);
#2264=ORIENTED_EDGE('',*,*,#1650,.F.);
#2265=ORIENTED_EDGE('',*,*,#1651,.F.);
#2266=ORIENTED_EDGE('',*,*,#1523,.F.);
#2267=ORIENTED_EDGE('',*,*,#1652,.F.);
#2268=ORIENTED_EDGE('',*,*,#1653,.F.);
#2269=ORIENTED_EDGE('',*,*,#1610,.T.);
#2270=ORIENTED_EDGE('',*,*,#1643,.F.);
#2271=ORIENTED_EDGE('',*,*,#1654,.T.);
#2272=ORIENTED_EDGE('',*,*,#1655,.F.);
#2273=ORIENTED_EDGE('',*,*,#1656,.T.);
#2274=ORIENTED_EDGE('',*,*,#1657,.F.);
#2275=ORIENTED_EDGE('',*,*,#1646,.T.);
#2276=ORIENTED_EDGE('',*,*,#1655,.T.);
#2277=ORIENTED_EDGE('',*,*,#1658,.T.);
#2278=ORIENTED_EDGE('',*,*,#1635,.T.);
#2279=ORIENTED_EDGE('',*,*,#1659,.T.);
#2280=ORIENTED_EDGE('',*,*,#1659,.F.);
#2281=ORIENTED_EDGE('',*,*,#1634,.T.);
#2282=ORIENTED_EDGE('',*,*,#1660,.F.);
#2283=ORIENTED_EDGE('',*,*,#1656,.F.);
#2284=ORIENTED_EDGE('',*,*,#1661,.T.);
#2285=ORIENTED_EDGE('',*,*,#1662,.T.);
#2286=ORIENTED_EDGE('',*,*,#1617,.T.);
#2287=ORIENTED_EDGE('',*,*,#1663,.T.);
#2288=ORIENTED_EDGE('',*,*,#1662,.F.);
#2289=ORIENTED_EDGE('',*,*,#1664,.F.);
#2290=ORIENTED_EDGE('',*,*,#1665,.F.);
#2291=ORIENTED_EDGE('',*,*,#1618,.T.);
#2292=ORIENTED_EDGE('',*,*,#1661,.F.);
#2293=ORIENTED_EDGE('',*,*,#1666,.T.);
#2294=ORIENTED_EDGE('',*,*,#1667,.F.);
#2295=ORIENTED_EDGE('',*,*,#1668,.T.);
#2296=ORIENTED_EDGE('',*,*,#1669,.F.);
#2297=ORIENTED_EDGE('',*,*,#1664,.T.);
#2298=ORIENTED_EDGE('',*,*,#1667,.T.);
#2299=ORIENTED_EDGE('',*,*,#1670,.T.);
#2300=ORIENTED_EDGE('',*,*,#1615,.F.);
#2301=ORIENTED_EDGE('',*,*,#1671,.T.);
#2302=ORIENTED_EDGE('',*,*,#1671,.F.);
#2303=ORIENTED_EDGE('',*,*,#1614,.F.);
#2304=ORIENTED_EDGE('',*,*,#1642,.F.);
#2305=ORIENTED_EDGE('',*,*,#1672,.F.);
#2306=ORIENTED_EDGE('',*,*,#1562,.F.);
#2307=ORIENTED_EDGE('',*,*,#1533,.F.);
#2308=ORIENTED_EDGE('',*,*,#1673,.F.);
#2309=ORIENTED_EDGE('',*,*,#1674,.F.);
#2310=ORIENTED_EDGE('',*,*,#1675,.F.);
#2311=ORIENTED_EDGE('',*,*,#1621,.F.);
#2312=ORIENTED_EDGE('',*,*,#1676,.T.);
#2313=ORIENTED_EDGE('',*,*,#1677,.F.);
#2314=ORIENTED_EDGE('',*,*,#1668,.F.);
#2315=ORIENTED_EDGE('',*,*,#1678,.T.);
#2316=ORIENTED_EDGE('',*,*,#1619,.T.);
#2317=ORIENTED_EDGE('',*,*,#1665,.T.);
#2318=ORIENTED_EDGE('',*,*,#1679,.T.);
#2319=ORIENTED_EDGE('',*,*,#1669,.T.);
#2320=ORIENTED_EDGE('',*,*,#1677,.T.);
#2321=ORIENTED_EDGE('',*,*,#1680,.T.);
#2322=ORIENTED_EDGE('',*,*,#1679,.F.);
#2323=ORIENTED_EDGE('',*,*,#1681,.T.);
#2324=ORIENTED_EDGE('',*,*,#1623,.T.);
#2325=ORIENTED_EDGE('',*,*,#1682,.T.);
#2326=ORIENTED_EDGE('',*,*,#1683,.T.);
#2327=ORIENTED_EDGE('',*,*,#1684,.T.);
#2328=ORIENTED_EDGE('',*,*,#1674,.T.);
#2329=ORIENTED_EDGE('',*,*,#1685,.T.);
#2330=ORIENTED_EDGE('',*,*,#1683,.F.);
#2331=ORIENTED_EDGE('',*,*,#1684,.F.);
#2332=ORIENTED_EDGE('',*,*,#1682,.F.);
#2333=ORIENTED_EDGE('',*,*,#1622,.T.);
#2334=ORIENTED_EDGE('',*,*,#1675,.T.);
#2335=ORIENTED_EDGE('',*,*,#1660,.T.);
#2336=ORIENTED_EDGE('',*,*,#1633,.T.);
#2337=ORIENTED_EDGE('',*,*,#1686,.T.);
#2338=ORIENTED_EDGE('',*,*,#1687,.T.);
#2339=ORIENTED_EDGE('',*,*,#1688,.T.);
#2340=ORIENTED_EDGE('',*,*,#1647,.T.);
#2341=ORIENTED_EDGE('',*,*,#1657,.T.);
#2342=ORIENTED_EDGE('',*,*,#1687,.F.);
#2343=ORIENTED_EDGE('',*,*,#1689,.T.);
#2344=ORIENTED_EDGE('',*,*,#1629,.T.);
#2345=ORIENTED_EDGE('',*,*,#1690,.T.);
#2346=ORIENTED_EDGE('',*,*,#1691,.T.);
#2347=ORIENTED_EDGE('',*,*,#1692,.T.);
#2348=ORIENTED_EDGE('',*,*,#1650,.T.);
#2349=ORIENTED_EDGE('',*,*,#1693,.T.);
#2350=ORIENTED_EDGE('',*,*,#1691,.F.);
#2351=ORIENTED_EDGE('',*,*,#1689,.F.);
#2352=ORIENTED_EDGE('',*,*,#1693,.F.);
#2353=ORIENTED_EDGE('',*,*,#1649,.F.);
#2354=ORIENTED_EDGE('',*,*,#1630,.T.);
#2355=ORIENTED_EDGE('',*,*,#1694,.T.);
#2356=ORIENTED_EDGE('',*,*,#1695,.T.);
#2357=ORIENTED_EDGE('',*,*,#1640,.T.);
#2358=ORIENTED_EDGE('',*,*,#1694,.F.);
#2359=ORIENTED_EDGE('',*,*,#1695,.F.);
#2360=ORIENTED_EDGE('',*,*,#1696,.T.);
#2361=ORIENTED_EDGE('',*,*,#1697,.T.);
#2362=ORIENTED_EDGE('',*,*,#1639,.T.);
#2363=ORIENTED_EDGE('',*,*,#1696,.F.);
#2364=ORIENTED_EDGE('',*,*,#1697,.F.);
#2365=ORIENTED_EDGE('',*,*,#1686,.F.);
#2366=ORIENTED_EDGE('',*,*,#1632,.T.);
#2367=ORIENTED_EDGE('',*,*,#1648,.T.);
#2368=ORIENTED_EDGE('',*,*,#1688,.F.);
#2369=ORIENTED_EDGE('',*,*,#1690,.F.);
#2370=ORIENTED_EDGE('',*,*,#1628,.T.);
#2371=ORIENTED_EDGE('',*,*,#1698,.F.);
#2372=ORIENTED_EDGE('',*,*,#1525,.F.);
#2373=ORIENTED_EDGE('',*,*,#1699,.F.);
#2374=ORIENTED_EDGE('',*,*,#1627,.T.);
#2375=ORIENTED_EDGE('',*,*,#1417,.F.);
#2376=ORIENTED_EDGE('',*,*,#1432,.T.);
#2377=ORIENTED_EDGE('',*,*,#1526,.F.);
#2378=ORIENTED_EDGE('',*,*,#1698,.T.);
#2379=ORIENTED_EDGE('',*,*,#1626,.T.);
#2380=ORIENTED_EDGE('',*,*,#1386,.F.);
#2381=ORIENTED_EDGE('',*,*,#1401,.T.);
#2382=ORIENTED_EDGE('',*,*,#1528,.F.);
#2383=ORIENTED_EDGE('',*,*,#1443,.T.);
#2384=ORIENTED_EDGE('',*,*,#1430,.F.);
#2385=ORIENTED_EDGE('',*,*,#1625,.T.);
#2386=ORIENTED_EDGE('',*,*,#1700,.T.);
#2387=ORIENTED_EDGE('',*,*,#1530,.F.);
#2388=ORIENTED_EDGE('',*,*,#1412,.T.);
#2389=ORIENTED_EDGE('',*,*,#1399,.F.);
#2390=ORIENTED_EDGE('',*,*,#1681,.F.);
#2391=ORIENTED_EDGE('',*,*,#1701,.F.);
#2392=ORIENTED_EDGE('',*,*,#1531,.F.);
#2393=ORIENTED_EDGE('',*,*,#1700,.F.);
#2394=ORIENTED_EDGE('',*,*,#1624,.T.);
#2395=ORIENTED_EDGE('',*,*,#1672,.T.);
#2396=ORIENTED_EDGE('',*,*,#1641,.F.);
#2397=ORIENTED_EDGE('',*,*,#1599,.T.);
#2398=ORIENTED_EDGE('',*,*,#1559,.F.);
#2399=ORIENTED_EDGE('',*,*,#1563,.T.);
#2400=ORIENTED_EDGE('',*,*,#1403,.T.);
#2401=ORIENTED_EDGE('',*,*,#1407,.T.);
#2402=ORIENTED_EDGE('',*,*,#1409,.T.);
#2403=ORIENTED_EDGE('',*,*,#1411,.T.);
#2404=ORIENTED_EDGE('',*,*,#1415,.T.);
#2405=ORIENTED_EDGE('',*,*,#1702,.T.);
#2406=ORIENTED_EDGE('',*,*,#1703,.T.);
#2407=ORIENTED_EDGE('',*,*,#1384,.T.);
#2408=ORIENTED_EDGE('',*,*,#1704,.T.);
#2409=ORIENTED_EDGE('',*,*,#1372,.T.);
#2410=ORIENTED_EDGE('',*,*,#1376,.T.);
#2411=ORIENTED_EDGE('',*,*,#1378,.T.);
#2412=ORIENTED_EDGE('',*,*,#1380,.T.);
#2413=ORIENTED_EDGE('',*,*,#1705,.T.);
#2414=ORIENTED_EDGE('',*,*,#1434,.T.);
#2415=ORIENTED_EDGE('',*,*,#1438,.T.);
#2416=ORIENTED_EDGE('',*,*,#1440,.T.);
#2417=ORIENTED_EDGE('',*,*,#1442,.T.);
#2418=ORIENTED_EDGE('',*,*,#1446,.T.);
#2419=ORIENTED_EDGE('',*,*,#1706,.T.);
#2420=ORIENTED_EDGE('',*,*,#1707,.T.);
#2421=ORIENTED_EDGE('',*,*,#1353,.T.);
#2422=ORIENTED_EDGE('',*,*,#1708,.T.);
#2423=ORIENTED_EDGE('',*,*,#1341,.T.);
#2424=ORIENTED_EDGE('',*,*,#1345,.T.);
#2425=ORIENTED_EDGE('',*,*,#1347,.T.);
#2426=ORIENTED_EDGE('',*,*,#1349,.T.);
#2427=ORIENTED_EDGE('',*,*,#1709,.T.);
#2428=ORIENTED_EDGE('',*,*,#1663,.F.);
#2429=ORIENTED_EDGE('',*,*,#1616,.T.);
#2430=ORIENTED_EDGE('',*,*,#1670,.F.);
#2431=ORIENTED_EDGE('',*,*,#1666,.F.);
#2432=ORIENTED_EDGE('',*,*,#1680,.F.);
#2433=ORIENTED_EDGE('',*,*,#1676,.F.);
#2434=ORIENTED_EDGE('',*,*,#1620,.T.);
#2435=ORIENTED_EDGE('',*,*,#1678,.F.);
#2436=ORIENTED_EDGE('',*,*,#1685,.F.);
#2437=ORIENTED_EDGE('',*,*,#1673,.T.);
#2438=ORIENTED_EDGE('',*,*,#1532,.F.);
#2439=ORIENTED_EDGE('',*,*,#1701,.T.);
#2440=ORIENTED_EDGE('',*,*,#1692,.F.);
#2441=ORIENTED_EDGE('',*,*,#1699,.T.);
#2442=ORIENTED_EDGE('',*,*,#1524,.F.);
#2443=ORIENTED_EDGE('',*,*,#1651,.T.);
#2444=ORIENTED_EDGE('',*,*,#1645,.F.);
#2445=ORIENTED_EDGE('',*,*,#1636,.T.);
#2446=ORIENTED_EDGE('',*,*,#1658,.F.);
#2447=ORIENTED_EDGE('',*,*,#1654,.F.);
#2448=ORIENTED_EDGE('',*,*,#1572,.F.);
#2449=ORIENTED_EDGE('',*,*,#1373,.F.);
#2450=ORIENTED_EDGE('',*,*,#1704,.F.);
#2451=ORIENTED_EDGE('',*,*,#1383,.T.);
#2452=ORIENTED_EDGE('',*,*,#1529,.F.);
#2453=ORIENTED_EDGE('',*,*,#1404,.F.);
#2454=ORIENTED_EDGE('',*,*,#1702,.F.);
#2455=ORIENTED_EDGE('',*,*,#1414,.T.);
#2456=ORIENTED_EDGE('',*,*,#1574,.F.);
#2457=ORIENTED_EDGE('',*,*,#1342,.F.);
#2458=ORIENTED_EDGE('',*,*,#1708,.F.);
#2459=ORIENTED_EDGE('',*,*,#1352,.T.);
#2460=ORIENTED_EDGE('',*,*,#1527,.F.);
#2461=ORIENTED_EDGE('',*,*,#1435,.F.);
#2462=ORIENTED_EDGE('',*,*,#1706,.F.);
#2463=ORIENTED_EDGE('',*,*,#1445,.T.);
#2464=ORIENTED_EDGE('',*,*,#1653,.T.);
#2465=ORIENTED_EDGE('',*,*,#1710,.T.);
#2466=ORIENTED_EDGE('',*,*,#1555,.F.);
#2467=ORIENTED_EDGE('',*,*,#1476,.T.);
#2468=ORIENTED_EDGE('',*,*,#1611,.F.);
#2469=ORIENTED_EDGE('',*,*,#1556,.F.);
#2470=ORIENTED_EDGE('',*,*,#1710,.F.);
#2471=ORIENTED_EDGE('',*,*,#1652,.T.);
#2472=ORIENTED_EDGE('',*,*,#1522,.F.);
#2473=ORIENTED_EDGE('',*,*,#1612,.T.);
#2474=ORIENTED_EDGE('',*,*,#1324,.F.);
#2475=ORIENTED_EDGE('',*,*,#1339,.T.);
#2476=ORIENTED_EDGE('',*,*,#1573,.T.);
#2477=ORIENTED_EDGE('',*,*,#1381,.T.);
#2478=ORIENTED_EDGE('',*,*,#1368,.F.);
#2479=ORIENTED_EDGE('',*,*,#1707,.F.);
#2480=ORIENTED_EDGE('',*,*,#1593,.T.);
#2481=ORIENTED_EDGE('',*,*,#1703,.F.);
#2482=ORIENTED_EDGE('',*,*,#1592,.T.);
#2483=ORIENTED_EDGE('',*,*,#1709,.F.);
#2484=ORIENTED_EDGE('',*,*,#1591,.T.);
#2485=ORIENTED_EDGE('',*,*,#1705,.F.);
#2486=ORIENTED_EDGE('',*,*,#1590,.T.);
#2487=PLANE('',#2741);
#2488=PLANE('',#2742);
#2489=PLANE('',#2743);
#2490=PLANE('',#2744);
#2491=PLANE('',#2745);
#2492=PLANE('',#2746);
#2493=PLANE('',#2748);
#2494=PLANE('',#2749);
#2495=PLANE('',#2750);
#2496=PLANE('',#2751);
#2497=PLANE('',#2753);
#2498=PLANE('',#2754);
#2499=PLANE('',#2755);
#2500=PLANE('',#2756);
#2501=PLANE('',#2757);
#2502=PLANE('',#2758);
#2503=PLANE('',#2760);
#2504=PLANE('',#2761);
#2505=PLANE('',#2762);
#2506=PLANE('',#2763);
#2507=PLANE('',#2765);
#2508=PLANE('',#2766);
#2509=PLANE('',#2767);
#2510=PLANE('',#2768);
#2511=PLANE('',#2769);
#2512=PLANE('',#2770);
#2513=PLANE('',#2772);
#2514=PLANE('',#2773);
#2515=PLANE('',#2774);
#2516=PLANE('',#2775);
#2517=PLANE('',#2777);
#2518=PLANE('',#2778);
#2519=PLANE('',#2779);
#2520=PLANE('',#2780);
#2521=PLANE('',#2781);
#2522=PLANE('',#2782);
#2523=PLANE('',#2784);
#2524=PLANE('',#2785);
#2525=PLANE('',#2786);
#2526=PLANE('',#2787);
#2527=PLANE('',#2805);
#2528=PLANE('',#2811);
#2529=PLANE('',#2824);
#2530=PLANE('',#2844);
#2531=PLANE('',#2857);
#2532=PLANE('',#2865);
#2533=PLANE('',#2871);
#2534=PLANE('',#2879);
#2535=PLANE('',#2882);
#2536=PLANE('',#2883);
#2537=PLANE('',#2895);
#2538=PLANE('',#2901);
#2539=PLANE('',#2910);
#2540=PLANE('',#2916);
#2541=PLANE('',#2917);
#2542=PLANE('',#2918);
#2543=PLANE('',#2919);
#2544=PLANE('',#2920);
#2545=PLANE('',#2921);
#2546=PLANE('',#2922);
#2547=PLANE('',#2923);
#2548=PLANE('',#2924);
#2549=PLANE('',#2925);
#2550=PLANE('',#2926);
#2551=PLANE('',#2927);
#2552=PLANE('',#2928);
#2553=PLANE('',#2929);
#2554=PLANE('',#2930);
#2555=PLANE('',#2931);
#2556=PLANE('',#2932);
#2557=PLANE('',#2933);
#2558=PLANE('',#2934);
#2559=PLANE('',#2935);
#2560=PLANE('',#2940);
#2561=PLANE('',#2945);
#2562=PLANE('',#2946);
#2563=PLANE('',#2947);
#2564=PLANE('',#2948);
#2565=PLANE('',#2949);
#2566=PLANE('',#2950);
#2567=PLANE('',#2951);
#2568=PLANE('',#2952);
#2569=PLANE('',#2953);
#2570=PLANE('',#2955);
#2571=PLANE('',#2957);
#2572=PLANE('',#2959);
#2573=PLANE('',#2961);
#2574=PLANE('',#2962);
#2575=PLANE('',#2963);
#2576=PLANE('',#2964);
#2577=PLANE('',#2965);
#2578=PLANE('',#2966);
#2579=PLANE('',#2967);
#2580=PLANE('',#2968);
#2581=PLANE('',#2969);
#2582=PLANE('',#2970);
#2583=PLANE('',#2971);
#2584=PLANE('',#2972);
#2585=ADVANCED_FACE('',(#203),#2487,.T.);
#2586=ADVANCED_FACE('',(#204),#2488,.T.);
#2587=ADVANCED_FACE('',(#205),#2489,.T.);
#2588=ADVANCED_FACE('',(#206),#2490,.T.);
#2589=ADVANCED_FACE('',(#207),#2491,.T.);
#2590=ADVANCED_FACE('',(#208),#2492,.F.);
#2591=ADVANCED_FACE('',(#209),#2493,.T.);
#2592=ADVANCED_FACE('',(#210),#2494,.T.);
#2593=ADVANCED_FACE('',(#211),#2495,.T.);
#2594=ADVANCED_FACE('',(#212),#2496,.F.);
#2595=ADVANCED_FACE('',(#213),#2497,.T.);
#2596=ADVANCED_FACE('',(#214),#2498,.T.);
#2597=ADVANCED_FACE('',(#215),#2499,.T.);
#2598=ADVANCED_FACE('',(#216),#2500,.T.);
#2599=ADVANCED_FACE('',(#217),#2501,.T.);
#2600=ADVANCED_FACE('',(#218),#2502,.F.);
#2601=ADVANCED_FACE('',(#219),#2503,.T.);
#2602=ADVANCED_FACE('',(#220),#2504,.T.);
#2603=ADVANCED_FACE('',(#221),#2505,.T.);
#2604=ADVANCED_FACE('',(#222),#2506,.F.);
#2605=ADVANCED_FACE('',(#223),#2507,.T.);
#2606=ADVANCED_FACE('',(#224),#2508,.T.);
#2607=ADVANCED_FACE('',(#225),#2509,.T.);
#2608=ADVANCED_FACE('',(#226),#2510,.T.);
#2609=ADVANCED_FACE('',(#227),#2511,.T.);
#2610=ADVANCED_FACE('',(#228),#2512,.F.);
#2611=ADVANCED_FACE('',(#229),#2513,.T.);
#2612=ADVANCED_FACE('',(#230),#2514,.T.);
#2613=ADVANCED_FACE('',(#231),#2515,.T.);
#2614=ADVANCED_FACE('',(#232),#2516,.F.);
#2615=ADVANCED_FACE('',(#233),#2517,.T.);
#2616=ADVANCED_FACE('',(#234),#2518,.T.);
#2617=ADVANCED_FACE('',(#235),#2519,.T.);
#2618=ADVANCED_FACE('',(#236),#2520,.T.);
#2619=ADVANCED_FACE('',(#237),#2521,.T.);
#2620=ADVANCED_FACE('',(#238),#2522,.F.);
#2621=ADVANCED_FACE('',(#239),#2523,.T.);
#2622=ADVANCED_FACE('',(#240),#2524,.T.);
#2623=ADVANCED_FACE('',(#241),#2525,.T.);
#2624=ADVANCED_FACE('',(#242),#2526,.F.);
#2625=ADVANCED_FACE('',(#243),#149,.T.);
#2626=ADVANCED_FACE('',(#244),#43,.F.);
#2627=ADVANCED_FACE('',(#245),#150,.T.);
#2628=ADVANCED_FACE('',(#246),#44,.F.);
#2629=ADVANCED_FACE('',(#247),#151,.T.);
#2630=ADVANCED_FACE('',(#248),#152,.T.);
#2631=ADVANCED_FACE('',(#249),#153,.T.);
#2632=ADVANCED_FACE('',(#250),#35,.T.);
#2633=ADVANCED_FACE('',(#251),#2527,.T.);
#2634=ADVANCED_FACE('',(#252),#2528,.T.);
#2635=ADVANCED_FACE('',(#253),#154,.T.);
#2636=ADVANCED_FACE('',(#254),#155,.T.);
#2637=ADVANCED_FACE('',(#255),#45,.F.);
#2638=ADVANCED_FACE('',(#256),#156,.T.);
#2639=ADVANCED_FACE('',(#257),#46,.F.);
#2640=ADVANCED_FACE('',(#258),#157,.T.);
#2641=ADVANCED_FACE('',(#259),#158,.F.);
#2642=ADVANCED_FACE('',(#260),#2529,.T.);
#2643=ADVANCED_FACE('',(#261),#159,.T.);
#2644=ADVANCED_FACE('',(#262),#47,.F.);
#2645=ADVANCED_FACE('',(#263),#160,.T.);
#2646=ADVANCED_FACE('',(#264),#48,.F.);
#2647=ADVANCED_FACE('',(#265),#161,.T.);
#2648=ADVANCED_FACE('',(#266),#162,.T.);
#2649=ADVANCED_FACE('',(#267),#163,.T.);
#2650=ADVANCED_FACE('',(#268),#36,.T.);
#2651=ADVANCED_FACE('',(#269),#2530,.T.);
#2652=ADVANCED_FACE('',(#270),#164,.T.);
#2653=ADVANCED_FACE('',(#271),#165,.T.);
#2654=ADVANCED_FACE('',(#272),#49,.F.);
#2655=ADVANCED_FACE('',(#273),#166,.T.);
#2656=ADVANCED_FACE('',(#274),#50,.F.);
#2657=ADVANCED_FACE('',(#275),#167,.T.);
#2658=ADVANCED_FACE('',(#276),#168,.F.);
#2659=ADVANCED_FACE('',(#277),#2531,.T.);
#2660=ADVANCED_FACE('',(#278),#169,.T.);
#2661=ADVANCED_FACE('',(#279),#37,.T.);
#2662=ADVANCED_FACE('',(#280),#170,.T.);
#2663=ADVANCED_FACE('',(#281),#2532,.T.);
#2664=ADVANCED_FACE('',(#282),#38,.T.);
#2665=ADVANCED_FACE('',(#283),#171,.T.);
#2666=ADVANCED_FACE('',(#284),#2533,.T.);
#2667=ADVANCED_FACE('',(#285),#172,.T.);
#2668=ADVANCED_FACE('',(#286),#173,.T.);
#2669=ADVANCED_FACE('',(#287),#39,.T.);
#2670=ADVANCED_FACE('',(#288),#2534,.T.);
#2671=ADVANCED_FACE('',(#289),#174,.T.);
#2672=ADVANCED_FACE('',(#290),#2535,.T.);
#2673=ADVANCED_FACE('',(#291,#17,#18,#19,#20),#2536,.F.);
#2674=ADVANCED_FACE('',(#292),#175,.T.);
#2675=ADVANCED_FACE('',(#293),#40,.T.);
#2676=ADVANCED_FACE('',(#294),#2537,.T.);
#2677=ADVANCED_FACE('',(#295),#176,.T.);
#2678=ADVANCED_FACE('',(#296),#41,.T.);
#2679=ADVANCED_FACE('',(#297),#2538,.T.);
#2680=ADVANCED_FACE('',(#298),#177,.T.);
#2681=ADVANCED_FACE('',(#299),#178,.T.);
#2682=ADVANCED_FACE('',(#300),#42,.T.);
#2683=ADVANCED_FACE('',(#301),#179,.T.);
#2684=ADVANCED_FACE('',(#302,#21,#22),#2539,.T.);
#2685=ADVANCED_FACE('',(#303),#180,.T.);
#2686=ADVANCED_FACE('',(#304),#2540,.T.);
#2687=ADVANCED_FACE('',(#305),#2541,.T.);
#2688=ADVANCED_FACE('',(#306),#2542,.T.);
#2689=ADVANCED_FACE('',(#307),#2543,.T.);
#2690=ADVANCED_FACE('',(#308),#2544,.T.);
#2691=ADVANCED_FACE('',(#309),#2545,.T.);
#2692=ADVANCED_FACE('',(#310),#2546,.T.);
#2693=ADVANCED_FACE('',(#311),#2547,.T.);
#2694=ADVANCED_FACE('',(#312),#2548,.T.);
#2695=ADVANCED_FACE('',(#313),#2549,.T.);
#2696=ADVANCED_FACE('',(#314),#2550,.T.);
#2697=ADVANCED_FACE('',(#315),#2551,.T.);
#2698=ADVANCED_FACE('',(#316),#2552,.T.);
#2699=ADVANCED_FACE('',(#317),#2553,.T.);
#2700=ADVANCED_FACE('',(#318),#2554,.T.);
#2701=ADVANCED_FACE('',(#319),#2555,.T.);
#2702=ADVANCED_FACE('',(#320),#2556,.T.);
#2703=ADVANCED_FACE('',(#321),#2557,.T.);
#2704=ADVANCED_FACE('',(#322),#2558,.T.);
#2705=ADVANCED_FACE('',(#323),#2559,.T.);
#2706=ADVANCED_FACE('',(#324,#23),#15,.T.);
#2707=ADVANCED_FACE('',(#325,#24),#181,.T.);
#2708=ADVANCED_FACE('',(#326),#2560,.T.);
#2709=ADVANCED_FACE('',(#327,#25),#16,.T.);
#2710=ADVANCED_FACE('',(#328,#26),#182,.T.);
#2711=ADVANCED_FACE('',(#329),#2561,.T.);
#2712=ADVANCED_FACE('',(#330),#2562,.T.);
#2713=ADVANCED_FACE('',(#331),#2563,.T.);
#2714=ADVANCED_FACE('',(#332),#2564,.T.);
#2715=ADVANCED_FACE('',(#333),#2565,.T.);
#2716=ADVANCED_FACE('',(#334),#2566,.T.);
#2717=ADVANCED_FACE('',(#335),#2567,.T.);
#2718=ADVANCED_FACE('',(#336),#2568,.T.);
#2719=ADVANCED_FACE('',(#337,#27),#2569,.T.);
#2720=ADVANCED_FACE('',(#338,#28),#2570,.T.);
#2721=ADVANCED_FACE('',(#339,#29),#2571,.T.);
#2722=ADVANCED_FACE('',(#340,#30),#2572,.T.);
#2723=ADVANCED_FACE('',(#341),#2573,.T.);
#2724=ADVANCED_FACE('',(#342),#2574,.T.);
#2725=ADVANCED_FACE('',(#343),#2575,.T.);
#2726=ADVANCED_FACE('',(#344),#2576,.T.);
#2727=ADVANCED_FACE('',(#345),#2577,.T.);
#2728=ADVANCED_FACE('',(#346),#2578,.F.);
#2729=ADVANCED_FACE('',(#347),#2579,.F.);
#2730=ADVANCED_FACE('',(#348),#2580,.F.);
#2731=ADVANCED_FACE('',(#349),#2581,.F.);
#2732=ADVANCED_FACE('',(#350),#2582,.T.);
#2733=ADVANCED_FACE('',(#351),#2583,.T.);
#2734=ADVANCED_FACE('',(#352),#2584,.T.);
#2735=ADVANCED_FACE('',(#353,#31),#183,.F.);
#2736=ADVANCED_FACE('',(#354,#32),#184,.F.);
#2737=ADVANCED_FACE('',(#355,#33),#185,.F.);
#2738=ADVANCED_FACE('',(#356,#34),#186,.F.);
#2739=CLOSED_SHELL('',(#2585,#2586,#2587,#2588,#2589,#2590,#2591,#2592,
#2593,#2594,#2595,#2596,#2597,#2598,#2599,#2600,#2601,#2602,#2603,#2604,
#2605,#2606,#2607,#2608,#2609,#2610,#2611,#2612,#2613,#2614,#2615,#2616,
#2617,#2618,#2619,#2620,#2621,#2622,#2623,#2624,#2625,#2626,#2627,#2628,
#2629,#2630,#2631,#2632,#2633,#2634,#2635,#2636,#2637,#2638,#2639,#2640,
#2641,#2642,#2643,#2644,#2645,#2646,#2647,#2648,#2649,#2650,#2651,#2652,
#2653,#2654,#2655,#2656,#2657,#2658,#2659,#2660,#2661,#2662,#2663,#2664,
#2665,#2666,#2667,#2668,#2669,#2670,#2671,#2672,#2673,#2674,#2675,#2676,
#2677,#2678,#2679,#2680,#2681,#2682,#2683,#2684,#2685,#2686,#2687,#2688,
#2689,#2690,#2691,#2692,#2693,#2694,#2695,#2696,#2697,#2698,#2699,#2700,
#2701,#2702,#2703,#2704,#2705,#2706,#2707,#2708,#2709,#2710,#2711,#2712,
#2713,#2714,#2715,#2716,#2717,#2718,#2719,#2720,#2721,#2722,#2723,#2724,
#2725,#2726,#2727,#2728,#2729,#2730,#2731,#2732,#2733,#2734,#2735,#2736,
#2737,#2738));
#2740=AXIS2_PLACEMENT_3D('placement',#3725,#2977,#2978);
#2741=AXIS2_PLACEMENT_3D('',#3726,#2979,#2980);
#2742=AXIS2_PLACEMENT_3D('',#3735,#2985,#2986);
#2743=AXIS2_PLACEMENT_3D('',#3741,#2990,#2991);
#2744=AXIS2_PLACEMENT_3D('',#3747,#2995,#2996);
#2745=AXIS2_PLACEMENT_3D('',#3753,#3000,#3001);
#2746=AXIS2_PLACEMENT_3D('',#3759,#3005,#3006);
#2747=AXIS2_PLACEMENT_3D('',#3768,#3011,#3012);
#2748=AXIS2_PLACEMENT_3D('',#3769,#3013,#3014);
#2749=AXIS2_PLACEMENT_3D('',#3773,#3017,#3018);
#2750=AXIS2_PLACEMENT_3D('',#3777,#3021,#3022);
#2751=AXIS2_PLACEMENT_3D('',#3781,#3025,#3026);
#2752=AXIS2_PLACEMENT_3D('',#3785,#3028,#3029);
#2753=AXIS2_PLACEMENT_3D('',#3789,#3032,#3033);
#2754=AXIS2_PLACEMENT_3D('',#3798,#3038,#3039);
#2755=AXIS2_PLACEMENT_3D('',#3804,#3043,#3044);
#2756=AXIS2_PLACEMENT_3D('',#3810,#3048,#3049);
#2757=AXIS2_PLACEMENT_3D('',#3816,#3053,#3054);
#2758=AXIS2_PLACEMENT_3D('',#3822,#3058,#3059);
#2759=AXIS2_PLACEMENT_3D('',#3831,#3064,#3065);
#2760=AXIS2_PLACEMENT_3D('',#3832,#3066,#3067);
#2761=AXIS2_PLACEMENT_3D('',#3836,#3070,#3071);
#2762=AXIS2_PLACEMENT_3D('',#3840,#3074,#3075);
#2763=AXIS2_PLACEMENT_3D('',#3844,#3078,#3079);
#2764=AXIS2_PLACEMENT_3D('',#3848,#3081,#3082);
#2765=AXIS2_PLACEMENT_3D('',#3852,#3085,#3086);
#2766=AXIS2_PLACEMENT_3D('',#3861,#3091,#3092);
#2767=AXIS2_PLACEMENT_3D('',#3867,#3096,#3097);
#2768=AXIS2_PLACEMENT_3D('',#3873,#3101,#3102);
#2769=AXIS2_PLACEMENT_3D('',#3879,#3106,#3107);
#2770=AXIS2_PLACEMENT_3D('',#3885,#3111,#3112);
#2771=AXIS2_PLACEMENT_3D('',#3894,#3117,#3118);
#2772=AXIS2_PLACEMENT_3D('',#3895,#3119,#3120);
#2773=AXIS2_PLACEMENT_3D('',#3899,#3123,#3124);
#2774=AXIS2_PLACEMENT_3D('',#3903,#3127,#3128);
#2775=AXIS2_PLACEMENT_3D('',#3907,#3131,#3132);
#2776=AXIS2_PLACEMENT_3D('',#3911,#3134,#3135);
#2777=AXIS2_PLACEMENT_3D('',#3915,#3138,#3139);
#2778=AXIS2_PLACEMENT_3D('',#3924,#3144,#3145);
#2779=AXIS2_PLACEMENT_3D('',#3930,#3149,#3150);
#2780=AXIS2_PLACEMENT_3D('',#3936,#3154,#3155);
#2781=AXIS2_PLACEMENT_3D('',#3942,#3159,#3160);
#2782=AXIS2_PLACEMENT_3D('',#3948,#3164,#3165);
#2783=AXIS2_PLACEMENT_3D('',#3957,#3170,#3171);
#2784=AXIS2_PLACEMENT_3D('',#3958,#3172,#3173);
#2785=AXIS2_PLACEMENT_3D('',#3962,#3176,#3177);
#2786=AXIS2_PLACEMENT_3D('',#3966,#3180,#3181);
#2787=AXIS2_PLACEMENT_3D('',#3970,#3184,#3185);
#2788=AXIS2_PLACEMENT_3D('',#3974,#3187,#3188);
#2789=AXIS2_PLACEMENT_3D('',#3978,#3191,#3192);
#2790=AXIS2_PLACEMENT_3D('',#3981,#3193,#3194);
#2791=AXIS2_PLACEMENT_3D('',#3991,#3196,#3197);
#2792=AXIS2_PLACEMENT_3D('',#4030,#3198,#3199);
#2793=AXIS2_PLACEMENT_3D('',#4043,#3200,#3201);
#2794=AXIS2_PLACEMENT_3D('',#4046,#3202,#3203);
#2795=AXIS2_PLACEMENT_3D('',#4087,#3206,#3207);
#2796=AXIS2_PLACEMENT_3D('',#4100,#3208,#3209);
#2797=AXIS2_PLACEMENT_3D('',#4102,#3210,#3211);
#2798=AXIS2_PLACEMENT_3D('',#4111,#3213,#3214);
#2799=AXIS2_PLACEMENT_3D('',#4114,#3217,#3218);
#2800=AXIS2_PLACEMENT_3D('',#4116,#3219,#3220);
#2801=AXIS2_PLACEMENT_3D('',#4119,#3222,#3223);
#2802=AXIS2_PLACEMENT_3D('',#4120,#3224,#3225);
#2803=AXIS2_PLACEMENT_3D('',#4122,#3226,#3227);
#2804=AXIS2_PLACEMENT_3D('',#4123,#3228,#3229);
#2805=AXIS2_PLACEMENT_3D('',#4124,#3230,#3231);
#2806=AXIS2_PLACEMENT_3D('',#4126,#3232,#3233);
#2807=AXIS2_PLACEMENT_3D('',#4130,#3235,#3236);
#2808=AXIS2_PLACEMENT_3D('',#4142,#3242,#3243);
#2809=AXIS2_PLACEMENT_3D('',#4146,#3245,#3246);
#2810=AXIS2_PLACEMENT_3D('',#4150,#3248,#3249);
#2811=AXIS2_PLACEMENT_3D('',#4156,#3253,#3254);
#2812=AXIS2_PLACEMENT_3D('',#4157,#3255,#3256);
#2813=AXIS2_PLACEMENT_3D('',#4162,#3258,#3259);
#2814=AXIS2_PLACEMENT_3D('',#4165,#3261,#3262);
#2815=AXIS2_PLACEMENT_3D('',#4166,#3263,#3264);
#2816=AXIS2_PLACEMENT_3D('',#4167,#3265,#3266);
#2817=AXIS2_PLACEMENT_3D('',#4212,#3267,#3268);
#2818=AXIS2_PLACEMENT_3D('',#4225,#3269,#3270);
#2819=AXIS2_PLACEMENT_3D('',#4228,#3271,#3272);
#2820=AXIS2_PLACEMENT_3D('',#4268,#3275,#3276);
#2821=AXIS2_PLACEMENT_3D('',#4281,#3277,#3278);
#2822=AXIS2_PLACEMENT_3D('',#4290,#3280,#3281);
#2823=AXIS2_PLACEMENT_3D('',#4291,#3282,#3283);
#2824=AXIS2_PLACEMENT_3D('',#4292,#3284,#3285);
#2825=AXIS2_PLACEMENT_3D('',#4293,#3286,#3287);
#2826=AXIS2_PLACEMENT_3D('',#4296,#3288,#3289);
#2827=AXIS2_PLACEMENT_3D('',#4306,#3291,#3292);
#2828=AXIS2_PLACEMENT_3D('',#4345,#3293,#3294);
#2829=AXIS2_PLACEMENT_3D('',#4358,#3295,#3296);
#2830=AXIS2_PLACEMENT_3D('',#4361,#3297,#3298);
#2831=AXIS2_PLACEMENT_3D('',#4401,#3301,#3302);
#2832=AXIS2_PLACEMENT_3D('',#4414,#3303,#3304);
#2833=AXIS2_PLACEMENT_3D('',#4416,#3305,#3306);
#2834=AXIS2_PLACEMENT_3D('',#4423,#3307,#3308);
#2835=AXIS2_PLACEMENT_3D('',#4426,#3311,#3312);
#2836=AXIS2_PLACEMENT_3D('',#4428,#3313,#3314);
#2837=AXIS2_PLACEMENT_3D('',#4432,#3316,#3317);
#2838=AXIS2_PLACEMENT_3D('',#4436,#3319,#3320);
#2839=AXIS2_PLACEMENT_3D('',#4444,#3326,#3327);
#2840=AXIS2_PLACEMENT_3D('',#4448,#3329,#3330);
#2841=AXIS2_PLACEMENT_3D('',#4451,#3332,#3333);
#2842=AXIS2_PLACEMENT_3D('',#4452,#3334,#3335);
#2843=AXIS2_PLACEMENT_3D('',#4453,#3336,#3337);
#2844=AXIS2_PLACEMENT_3D('',#4454,#3338,#3339);
#2845=AXIS2_PLACEMENT_3D('',#4455,#3340,#3341);
#2846=AXIS2_PLACEMENT_3D('',#4460,#3343,#3344);
#2847=AXIS2_PLACEMENT_3D('',#4463,#3346,#3347);
#2848=AXIS2_PLACEMENT_3D('',#4464,#3348,#3349);
#2849=AXIS2_PLACEMENT_3D('',#4465,#3350,#3351);
#2850=AXIS2_PLACEMENT_3D('',#4510,#3352,#3353);
#2851=AXIS2_PLACEMENT_3D('',#4523,#3354,#3355);
#2852=AXIS2_PLACEMENT_3D('',#4526,#3356,#3357);
#2853=AXIS2_PLACEMENT_3D('',#4566,#3360,#3361);
#2854=AXIS2_PLACEMENT_3D('',#4579,#3362,#3363);
#2855=AXIS2_PLACEMENT_3D('',#4588,#3365,#3366);
#2856=AXIS2_PLACEMENT_3D('',#4589,#3367,#3368);
#2857=AXIS2_PLACEMENT_3D('',#4590,#3369,#3370);
#2858=AXIS2_PLACEMENT_3D('',#4591,#3371,#3372);
#2859=AXIS2_PLACEMENT_3D('',#4593,#3373,#3374);
#2860=AXIS2_PLACEMENT_3D('',#4595,#3376,#3377);
#2861=AXIS2_PLACEMENT_3D('',#4597,#3378,#3379);
#2862=AXIS2_PLACEMENT_3D('',#4598,#3380,#3381);
#2863=AXIS2_PLACEMENT_3D('',#4599,#3382,#3383);
#2864=AXIS2_PLACEMENT_3D('',#4602,#3384,#3385);
#2865=AXIS2_PLACEMENT_3D('',#4605,#3388,#3389);
#2866=AXIS2_PLACEMENT_3D('',#4609,#3392,#3393);
#2867=AXIS2_PLACEMENT_3D('',#4611,#3394,#3395);
#2868=AXIS2_PLACEMENT_3D('',#4612,#3396,#3397);
#2869=AXIS2_PLACEMENT_3D('',#4613,#3398,#3399);
#2870=AXIS2_PLACEMENT_3D('',#4615,#3400,#3401);
#2871=AXIS2_PLACEMENT_3D('',#4617,#3403,#3404);
#2872=AXIS2_PLACEMENT_3D('',#4620,#3407,#3408);
#2873=AXIS2_PLACEMENT_3D('',#4622,#3409,#3410);
#2874=AXIS2_PLACEMENT_3D('',#4627,#3415,#3416);
#2875=AXIS2_PLACEMENT_3D('',#4629,#3417,#3418);
#2876=AXIS2_PLACEMENT_3D('',#4633,#3420,#3421);
#2877=AXIS2_PLACEMENT_3D('',#4635,#3423,#3424);
#2878=AXIS2_PLACEMENT_3D('',#4636,#3425,#3426);
#2879=AXIS2_PLACEMENT_3D('',#4637,#3427,#3428);
#2880=AXIS2_PLACEMENT_3D('',#4639,#3430,#3431);
#2881=AXIS2_PLACEMENT_3D('',#4641,#3432,#3433);
#2882=AXIS2_PLACEMENT_3D('',#4643,#3435,#3436);
#2883=AXIS2_PLACEMENT_3D('',#4647,#3439,#3440);
#2884=AXIS2_PLACEMENT_3D('',#4649,#3441,#3442);
#2885=AXIS2_PLACEMENT_3D('',#4653,#3444,#3445);
#2886=AXIS2_PLACEMENT_3D('',#4656,#3447,#3448);
#2887=AXIS2_PLACEMENT_3D('',#4658,#3449,#3450);
#2888=AXIS2_PLACEMENT_3D('',#4660,#3451,#3452);
#2889=AXIS2_PLACEMENT_3D('',#4662,#3453,#3454);
#2890=AXIS2_PLACEMENT_3D('',#4664,#3455,#3456);
#2891=AXIS2_PLACEMENT_3D('',#4665,#3457,#3458);
#2892=AXIS2_PLACEMENT_3D('',#4668,#3460,#3461);
#2893=AXIS2_PLACEMENT_3D('',#4669,#3462,#3463);
#2894=AXIS2_PLACEMENT_3D('',#4670,#3464,#3465);
#2895=AXIS2_PLACEMENT_3D('',#4671,#3466,#3467);
#2896=AXIS2_PLACEMENT_3D('',#4674,#3469,#3470);
#2897=AXIS2_PLACEMENT_3D('',#4680,#3474,#3475);
#2898=AXIS2_PLACEMENT_3D('',#4682,#3476,#3477);
#2899=AXIS2_PLACEMENT_3D('',#4684,#3479,#3480);
#2900=AXIS2_PLACEMENT_3D('',#4685,#3481,#3482);
#2901=AXIS2_PLACEMENT_3D('',#4686,#3483,#3484);
#2902=AXIS2_PLACEMENT_3D('',#4690,#3487,#3488);
#2903=AXIS2_PLACEMENT_3D('',#4691,#3489,#3490);
#2904=AXIS2_PLACEMENT_3D('',#4692,#3491,#3492);
#2905=AXIS2_PLACEMENT_3D('',#4693,#3493,#3494);
#2906=AXIS2_PLACEMENT_3D('',#4694,#3495,#3496);
#2907=AXIS2_PLACEMENT_3D('',#4695,#3497,#3498);
#2908=AXIS2_PLACEMENT_3D('',#4697,#3499,#3500);
#2909=AXIS2_PLACEMENT_3D('',#4700,#3502,#3503);
#2910=AXIS2_PLACEMENT_3D('',#4701,#3504,#3505);
#2911=AXIS2_PLACEMENT_3D('',#4704,#3507,#3508);
#2912=AXIS2_PLACEMENT_3D('',#4753,#3534,#3535);
#2913=AXIS2_PLACEMENT_3D('',#4755,#3536,#3537);
#2914=AXIS2_PLACEMENT_3D('',#4756,#3538,#3539);
#2915=AXIS2_PLACEMENT_3D('',#4758,#3540,#3541);
#2916=AXIS2_PLACEMENT_3D('',#4760,#3543,#3544);
#2917=AXIS2_PLACEMENT_3D('',#4766,#3548,#3549);
#2918=AXIS2_PLACEMENT_3D('',#4780,#3558,#3559);
#2919=AXIS2_PLACEMENT_3D('',#4788,#3564,#3565);
#2920=AXIS2_PLACEMENT_3D('',#4791,#3568,#3569);
#2921=AXIS2_PLACEMENT_3D('',#4793,#3571,#3572);
#2922=AXIS2_PLACEMENT_3D('',#4799,#3576,#3577);
#2923=AXIS2_PLACEMENT_3D('',#4803,#3580,#3581);
#2924=AXIS2_PLACEMENT_3D('',#4811,#3586,#3587);
#2925=AXIS2_PLACEMENT_3D('',#4814,#3590,#3591);
#2926=AXIS2_PLACEMENT_3D('',#4824,#3598,#3599);
#2927=AXIS2_PLACEMENT_3D('',#4828,#3602,#3603);
#2928=AXIS2_PLACEMENT_3D('',#4830,#3605,#3606);
#2929=AXIS2_PLACEMENT_3D('',#4836,#3610,#3611);
#2930=AXIS2_PLACEMENT_3D('',#4839,#3614,#3615);
#2931=AXIS2_PLACEMENT_3D('',#4840,#3616,#3617);
#2932=AXIS2_PLACEMENT_3D('',#4844,#3620,#3621);
#2933=AXIS2_PLACEMENT_3D('',#4846,#3623,#3624);
#2934=AXIS2_PLACEMENT_3D('',#4852,#3628,#3629);
#2935=AXIS2_PLACEMENT_3D('',#4855,#3632,#3633);
#2936=AXIS2_PLACEMENT_3D('',#4856,#3634,#3635);
#2937=AXIS2_PLACEMENT_3D('',#4858,#3636,#3637);
#2938=AXIS2_PLACEMENT_3D('',#4860,#3638,#3639);
#2939=AXIS2_PLACEMENT_3D('',#4861,#3640,#3641);
#2940=AXIS2_PLACEMENT_3D('',#4862,#3642,#3643);
#2941=AXIS2_PLACEMENT_3D('',#4863,#3644,#3645);
#2942=AXIS2_PLACEMENT_3D('',#4865,#3646,#3647);
#2943=AXIS2_PLACEMENT_3D('',#4867,#3648,#3649);
#2944=AXIS2_PLACEMENT_3D('',#4868,#3650,#3651);
#2945=AXIS2_PLACEMENT_3D('',#4869,#3652,#3653);
#2946=AXIS2_PLACEMENT_3D('',#4870,#3654,#3655);
#2947=AXIS2_PLACEMENT_3D('',#4871,#3656,#3657);
#2948=AXIS2_PLACEMENT_3D('',#4874,#3660,#3661);
#2949=AXIS2_PLACEMENT_3D('',#4875,#3662,#3663);
#2950=AXIS2_PLACEMENT_3D('',#4876,#3664,#3665);
#2951=AXIS2_PLACEMENT_3D('',#4878,#3667,#3668);
#2952=AXIS2_PLACEMENT_3D('',#4880,#3670,#3671);
#2953=AXIS2_PLACEMENT_3D('',#4881,#3672,#3673);
#2954=AXIS2_PLACEMENT_3D('',#4884,#3675,#3676);
#2955=AXIS2_PLACEMENT_3D('',#4885,#3677,#3678);
#2956=AXIS2_PLACEMENT_3D('',#4888,#3680,#3681);
#2957=AXIS2_PLACEMENT_3D('',#4889,#3682,#3683);
#2958=AXIS2_PLACEMENT_3D('',#4892,#3685,#3686);
#2959=AXIS2_PLACEMENT_3D('',#4893,#3687,#3688);
#2960=AXIS2_PLACEMENT_3D('',#4896,#3690,#3691);
#2961=AXIS2_PLACEMENT_3D('',#4897,#3692,#3693);
#2962=AXIS2_PLACEMENT_3D('',#4898,#3694,#3695);
#2963=AXIS2_PLACEMENT_3D('',#4899,#3696,#3697);
#2964=AXIS2_PLACEMENT_3D('',#4900,#3698,#3699);
#2965=AXIS2_PLACEMENT_3D('',#4901,#3700,#3701);
#2966=AXIS2_PLACEMENT_3D('',#4902,#3702,#3703);
#2967=AXIS2_PLACEMENT_3D('',#4903,#3704,#3705);
#2968=AXIS2_PLACEMENT_3D('',#4904,#3706,#3707);
#2969=AXIS2_PLACEMENT_3D('',#4905,#3708,#3709);
#2970=AXIS2_PLACEMENT_3D('',#4906,#3710,#3711);
#2971=AXIS2_PLACEMENT_3D('',#4908,#3713,#3714);
#2972=AXIS2_PLACEMENT_3D('',#4909,#3715,#3716);
#2973=AXIS2_PLACEMENT_3D('',#4910,#3717,#3718);
#2974=AXIS2_PLACEMENT_3D('',#4911,#3719,#3720);
#2975=AXIS2_PLACEMENT_3D('',#4912,#3721,#3722);
#2976=AXIS2_PLACEMENT_3D('',#4913,#3723,#3724);
#2977=DIRECTION('axis',(0.,0.,1.));
#2978=DIRECTION('refdir',(1.,0.,0.));
#2979=DIRECTION('center_axis',(-0.612372435695794,0.707106781186548,-0.353553390593273));
#2980=DIRECTION('ref_axis',(-0.5,0.,0.866025403784439));
#2981=DIRECTION('',(-0.5,0.,0.866025403784439));
#2982=DIRECTION('',(-0.755928946018455,-0.654653670707977,0.));
#2983=DIRECTION('',(0.5,0.,-0.866025403784439));
#2984=DIRECTION('',(-0.755928946018455,-0.654653670707977,-1.45362315675074E-15));
#2985=DIRECTION('center_axis',(-0.612372435695795,0.707106781186548,0.353553390593274));
#2986=DIRECTION('ref_axis',(0.5,0.,0.866025403784439));
#2987=DIRECTION('',(-0.5,0.,-0.866025403784439));
#2988=DIRECTION('',(-0.377964473009227,-0.654653670707977,0.654653670707977));
#2989=DIRECTION('',(0.5,0.,0.866025403784439));
#2990=DIRECTION('center_axis',(0.,0.707106781186548,0.707106781186548));
#2991=DIRECTION('ref_axis',(1.,0.,0.));
#2992=DIRECTION('',(-1.,0.,0.));
#2993=DIRECTION('',(0.377964473009228,-0.654653670707977,0.654653670707977));
#2994=DIRECTION('',(1.,0.,0.));
#2995=DIRECTION('center_axis',(0.612372435695794,0.707106781186548,0.353553390593273));
#2996=DIRECTION('ref_axis',(0.5,0.,-0.866025403784439));
#2997=DIRECTION('',(-0.5,0.,0.866025403784439));
#2998=DIRECTION('',(0.755928946018455,-0.654653670707977,1.45362315675074E-15));
#2999=DIRECTION('',(0.5,0.,-0.866025403784439));
#3000=DIRECTION('center_axis',(0.612372435695795,0.707106781186548,-0.353553390593274));
#3001=DIRECTION('ref_axis',(-0.5,0.,-0.866025403784439));
#3002=DIRECTION('',(0.5,0.,0.866025403784439));
#3003=DIRECTION('',(-0.755928946018454,0.654653670707977,0.));
#3004=DIRECTION('',(-0.5,0.,-0.866025403784439));
#3005=DIRECTION('center_axis',(0.866025403784439,0.,0.5));
#3006=DIRECTION('ref_axis',(0.5,0.,-0.866025403784439));
#3007=DIRECTION('',(0.,1.,0.));
#3008=DIRECTION('',(0.,1.,0.));
#3009=DIRECTION('',(0.5,0.,-0.866025403784439));
#3010=DIRECTION('',(0.,1.,0.));
#3011=DIRECTION('center_axis',(0.866025403784439,0.,0.5));
#3012=DIRECTION('ref_axis',(-0.5,0.,0.866025403784439));
#3013=DIRECTION('center_axis',(-0.866025403784439,0.,0.5));
#3014=DIRECTION('ref_axis',(0.5,0.,0.866025403784439));
#3015=DIRECTION('',(0.,1.,0.));
#3016=DIRECTION('',(-0.5,0.,-0.866025403784439));
#3017=DIRECTION('center_axis',(0.,0.,1.));
#3018=DIRECTION('ref_axis',(1.,0.,0.));
#3019=DIRECTION('',(0.,1.,0.));
#3020=DIRECTION('',(-1.,0.,0.));
#3021=DIRECTION('center_axis',(0.866025403784439,0.,0.5));
#3022=DIRECTION('ref_axis',(0.5,0.,-0.866025403784439));
#3023=DIRECTION('',(0.,1.,0.));
#3024=DIRECTION('',(-0.5,0.,0.866025403784439));
#3025=DIRECTION('center_axis',(-0.866025403784439,0.,0.5));
#3026=DIRECTION('ref_axis',(0.5,0.,0.866025403784439));
#3027=DIRECTION('',(0.,-1.,0.));
#3028=DIRECTION('center_axis',(-0.866025403784439,0.,0.5));
#3029=DIRECTION('ref_axis',(0.5,0.,0.866025403784439));
#3030=DIRECTION('',(0.,1.,0.));
#3031=DIRECTION('',(0.5,0.,0.866025403784439));
#3032=DIRECTION('center_axis',(-0.612372435695795,0.707106781186547,-0.353553390593274));
#3033=DIRECTION('ref_axis',(-0.5,0.,0.866025403784439));
#3034=DIRECTION('',(-0.5,0.,0.866025403784439));
#3035=DIRECTION('',(-0.755928946018454,-0.654653670707978,0.));
#3036=DIRECTION('',(0.5,0.,-0.866025403784439));
#3037=DIRECTION('',(-0.755928946018454,-0.654653670707978,1.45362315675074E-15));
#3038=DIRECTION('center_axis',(-0.612372435695795,0.707106781186547,0.353553390593274));
#3039=DIRECTION('ref_axis',(0.5,0.,0.866025403784439));
#3040=DIRECTION('',(-0.5,0.,-0.866025403784439));
#3041=DIRECTION('',(-0.377964473009227,-0.654653670707977,0.654653670707977));
#3042=DIRECTION('',(0.5,0.,0.866025403784439));
#3043=DIRECTION('center_axis',(0.,0.707106781186548,0.707106781186548));
#3044=DIRECTION('ref_axis',(1.,0.,0.));
#3045=DIRECTION('',(1.,0.,0.));
#3046=DIRECTION('',(-1.,0.,0.));
#3047=DIRECTION('',(0.377964473009227,-0.654653670707977,0.654653670707977));
#3048=DIRECTION('center_axis',(0.612372435695795,0.707106781186547,0.353553390593274));
#3049=DIRECTION('ref_axis',(0.5,0.,-0.866025403784439));
#3050=DIRECTION('',(0.5,0.,-0.866025403784439));
#3051=DIRECTION('',(-0.5,0.,0.866025403784439));
#3052=DIRECTION('',(0.755928946018455,-0.654653670707977,-1.45362315675074E-15));
#3053=DIRECTION('center_axis',(0.612372435695794,0.707106781186548,-0.353553390593273));
#3054=DIRECTION('ref_axis',(-0.5,0.,-0.866025403784439));
#3055=DIRECTION('',(0.5,0.,0.866025403784439));
#3056=DIRECTION('',(-0.755928946018455,0.654653670707977,0.));
#3057=DIRECTION('',(-0.5,0.,-0.866025403784439));
#3058=DIRECTION('center_axis',(0.866025403784439,0.,0.5));
#3059=DIRECTION('ref_axis',(0.5,0.,-0.866025403784439));
#3060=DIRECTION('',(0.,1.,0.));
#3061=DIRECTION('',(0.,1.,0.));
#3062=DIRECTION('',(0.5,0.,-0.866025403784439));
#3063=DIRECTION('',(0.,1.,0.));
#3064=DIRECTION('center_axis',(0.866025403784439,0.,0.5));
#3065=DIRECTION('ref_axis',(-0.5,0.,0.866025403784439));
#3066=DIRECTION('center_axis',(-0.866025403784439,0.,0.5));
#3067=DIRECTION('ref_axis',(0.5,0.,0.866025403784439));
#3068=DIRECTION('',(0.,1.,0.));
#3069=DIRECTION('',(-0.5,0.,-0.866025403784439));
#3070=DIRECTION('center_axis',(0.,0.,1.));
#3071=DIRECTION('ref_axis',(1.,0.,0.));
#3072=DIRECTION('',(0.,1.,0.));
#3073=DIRECTION('',(-1.,0.,0.));
#3074=DIRECTION('center_axis',(0.866025403784439,0.,0.5));
#3075=DIRECTION('ref_axis',(0.5,0.,-0.866025403784439));
#3076=DIRECTION('',(0.,1.,0.));
#3077=DIRECTION('',(-0.5,0.,0.866025403784439));
#3078=DIRECTION('center_axis',(-0.866025403784439,0.,0.5));
#3079=DIRECTION('ref_axis',(0.5,0.,0.866025403784439));
#3080=DIRECTION('',(0.,-1.,0.));
#3081=DIRECTION('center_axis',(-0.866025403784439,0.,0.5));
#3082=DIRECTION('ref_axis',(0.5,0.,0.866025403784439));
#3083=DIRECTION('',(0.,1.,0.));
#3084=DIRECTION('',(0.5,0.,0.866025403784439));
#3085=DIRECTION('center_axis',(0.612372435695794,0.707106781186548,0.353553390593273));
#3086=DIRECTION('ref_axis',(0.5,0.,-0.866025403784439));
#3087=DIRECTION('',(0.5,0.,-0.866025403784439));
#3088=DIRECTION('',(0.755928946018455,-0.654653670707977,0.));
#3089=DIRECTION('',(-0.5,0.,0.866025403784439));
#3090=DIRECTION('',(0.755928946018455,-0.654653670707977,0.));
#3091=DIRECTION('center_axis',(0.612372435695794,0.707106781186548,-0.353553390593274));
#3092=DIRECTION('ref_axis',(-0.5,0.,-0.866025403784439));
#3093=DIRECTION('',(-0.5,0.,-0.866025403784439));
#3094=DIRECTION('',(0.5,0.,0.866025403784439));
#3095=DIRECTION('',(0.377964473009227,-0.654653670707977,-0.654653670707977));
#3096=DIRECTION('center_axis',(0.,0.707106781186548,-0.707106781186548));
#3097=DIRECTION('ref_axis',(-1.,0.,0.));
#3098=DIRECTION('',(-1.,0.,0.));
#3099=DIRECTION('',(1.,0.,0.));
#3100=DIRECTION('',(-0.377964473009227,-0.654653670707977,-0.654653670707977));
#3101=DIRECTION('center_axis',(-0.612372435695795,0.707106781186547,-0.353553390593274));
#3102=DIRECTION('ref_axis',(-0.5,0.,0.866025403784439));
#3103=DIRECTION('',(-0.5,0.,0.866025403784439));
#3104=DIRECTION('',(0.5,0.,-0.866025403784439));
#3105=DIRECTION('',(-0.755928946018455,-0.654653670707977,-1.45362315675074E-15));
#3106=DIRECTION('center_axis',(-0.612372435695795,0.707106781186548,0.353553390593274));
#3107=DIRECTION('ref_axis',(0.5,0.,0.866025403784439));
#3108=DIRECTION('',(-0.5,0.,-0.866025403784439));
#3109=DIRECTION('',(0.755928946018454,0.654653670707977,0.));
#3110=DIRECTION('',(0.5,0.,0.866025403784439));
#3111=DIRECTION('center_axis',(-0.866025403784439,0.,-0.5));
#3112=DIRECTION('ref_axis',(-0.5,0.,0.866025403784439));
#3113=DIRECTION('',(0.,1.,0.));
#3114=DIRECTION('',(0.,1.,0.));
#3115=DIRECTION('',(-0.5,0.,0.866025403784439));
#3116=DIRECTION('',(0.,1.,0.));
#3117=DIRECTION('center_axis',(-0.866025403784439,0.,-0.5));
#3118=DIRECTION('ref_axis',(-0.5,0.,0.866025403784439));
#3119=DIRECTION('center_axis',(0.866025403784439,0.,-0.5));
#3120=DIRECTION('ref_axis',(-0.5,0.,-0.866025403784439));
#3121=DIRECTION('',(0.,1.,0.));
#3122=DIRECTION('',(0.5,0.,0.866025403784439));
#3123=DIRECTION('center_axis',(0.,0.,-1.));
#3124=DIRECTION('ref_axis',(-1.,0.,0.));
#3125=DIRECTION('',(0.,1.,0.));
#3126=DIRECTION('',(1.,0.,0.));
#3127=DIRECTION('center_axis',(-0.866025403784439,0.,-0.5));
#3128=DIRECTION('ref_axis',(-0.5,0.,0.866025403784439));
#3129=DIRECTION('',(0.,1.,0.));
#3130=DIRECTION('',(0.5,0.,-0.866025403784439));
#3131=DIRECTION('center_axis',(0.866025403784439,0.,-0.5));
#3132=DIRECTION('ref_axis',(-0.5,0.,-0.866025403784439));
#3133=DIRECTION('',(0.,-1.,0.));
#3134=DIRECTION('center_axis',(0.866025403784439,0.,-0.5));
#3135=DIRECTION('ref_axis',(0.5,0.,0.866025403784439));
#3136=DIRECTION('',(0.,1.,0.));
#3137=DIRECTION('',(-0.5,0.,-0.866025403784439));
#3138=DIRECTION('center_axis',(0.612372435695795,0.707106781186547,0.353553390593274));
#3139=DIRECTION('ref_axis',(0.5,0.,-0.866025403784439));
#3140=DIRECTION('',(0.5,0.,-0.866025403784439));
#3141=DIRECTION('',(0.755928946018454,-0.654653670707978,0.));
#3142=DIRECTION('',(-0.5,0.,0.866025403784439));
#3143=DIRECTION('',(0.755928946018454,-0.654653670707978,-2.90724631350149E-15));
#3144=DIRECTION('center_axis',(0.612372435695794,0.707106781186548,-0.353553390593274));
#3145=DIRECTION('ref_axis',(-0.5,0.,-0.866025403784439));
#3146=DIRECTION('',(0.5,0.,0.866025403784439));
#3147=DIRECTION('',(0.377964473009227,-0.654653670707977,-0.654653670707977));
#3148=DIRECTION('',(-0.5,0.,-0.866025403784439));
#3149=DIRECTION('center_axis',(0.,0.707106781186548,-0.707106781186548));
#3150=DIRECTION('ref_axis',(-1.,0.,0.));
#3151=DIRECTION('',(1.,0.,0.));
#3152=DIRECTION('',(-0.377964473009228,-0.654653670707977,-0.654653670707977));
#3153=DIRECTION('',(-1.,0.,0.));
#3154=DIRECTION('center_axis',(-0.612372435695794,0.707106781186548,-0.353553390593274));
#3155=DIRECTION('ref_axis',(-0.5,0.,0.866025403784439));
#3156=DIRECTION('',(0.5,0.,-0.866025403784439));
#3157=DIRECTION('',(-0.755928946018455,-0.654653670707977,-1.45362315675074E-15));
#3158=DIRECTION('',(-0.5,0.,0.866025403784439));
#3159=DIRECTION('center_axis',(-0.612372435695794,0.707106781186548,0.353553390593274));
#3160=DIRECTION('ref_axis',(0.5,0.,0.866025403784439));
#3161=DIRECTION('',(-0.5,0.,-0.866025403784439));
#3162=DIRECTION('',(0.755928946018455,0.654653670707977,0.));
#3163=DIRECTION('',(0.5,0.,0.866025403784439));
#3164=DIRECTION('center_axis',(-0.866025403784439,0.,-0.5));
#3165=DIRECTION('ref_axis',(-0.5,0.,0.866025403784439));
#3166=DIRECTION('',(0.,1.,0.));
#3167=DIRECTION('',(0.,1.,0.));
#3168=DIRECTION('',(-0.5,0.,0.866025403784439));
#3169=DIRECTION('',(0.,1.,0.));
#3170=DIRECTION('center_axis',(-0.866025403784439,0.,-0.5));
#3171=DIRECTION('ref_axis',(-0.5,0.,0.866025403784439));
#3172=DIRECTION('center_axis',(0.866025403784439,0.,-0.5));
#3173=DIRECTION('ref_axis',(-0.5,0.,-0.866025403784439));
#3174=DIRECTION('',(0.,1.,0.));
#3175=DIRECTION('',(0.5,0.,0.866025403784439));
#3176=DIRECTION('center_axis',(0.,0.,-1.));
#3177=DIRECTION('ref_axis',(-1.,0.,0.));
#3178=DIRECTION('',(0.,1.,0.));
#3179=DIRECTION('',(1.,0.,0.));
#3180=DIRECTION('center_axis',(-0.866025403784439,0.,-0.5));
#3181=DIRECTION('ref_axis',(-0.5,0.,0.866025403784439));
#3182=DIRECTION('',(0.,1.,0.));
#3183=DIRECTION('',(0.5,0.,-0.866025403784439));
#3184=DIRECTION('center_axis',(0.866025403784439,0.,-0.5));
#3185=DIRECTION('ref_axis',(-0.5,0.,-0.866025403784439));
#3186=DIRECTION('',(0.,-1.,0.));
#3187=DIRECTION('center_axis',(0.866025403784439,0.,-0.5));
#3188=DIRECTION('ref_axis',(0.5,0.,0.866025403784439));
#3189=DIRECTION('',(0.,1.,0.));
#3190=DIRECTION('',(-0.5,0.,-0.866025403784439));
#3191=DIRECTION('center_axis',(0.,1.,0.));
#3192=DIRECTION('ref_axis',(0.707106781186544,0.,-0.707106781186551));
#3193=DIRECTION('center_axis',(0.,-1.,0.));
#3194=DIRECTION('ref_axis',(0.,0.,-1.));
#3195=DIRECTION('',(0.,-1.,0.));
#3196=DIRECTION('center_axis',(-0.707106781186545,-0.70710678118655,-3.14018491736754E-15));
#3197=DIRECTION('ref_axis',(-0.70710678118655,0.707106781186545,3.14018491736751E-15));
#3198=DIRECTION('center_axis',(1.,0.,0.));
#3199=DIRECTION('ref_axis',(0.,0.,-1.));
#3200=DIRECTION('center_axis',(1.,0.,0.));
#3201=DIRECTION('ref_axis',(0.,0.851469322748011,-0.524404416856917));
#3202=DIRECTION('center_axis',(1.,0.,0.));
#3203=DIRECTION('ref_axis',(0.,0.,-1.));
#3204=DIRECTION('',(1.,0.,0.));
#3205=DIRECTION('',(-1.,0.,0.));
#3206=DIRECTION('center_axis',(-2.10054196259079E-12,1.,0.));
#3207=DIRECTION('ref_axis',(0.,0.,-1.));
#3208=DIRECTION('center_axis',(0.,-1.,0.));
#3209=DIRECTION('ref_axis',(-0.707106781186548,0.,-0.707106781186548));
#3210=DIRECTION('center_axis',(-0.707106781186546,0.707106781186549,0.));
#3211=DIRECTION('ref_axis',(0.707106781186549,0.707106781186546,0.));
#3212=DIRECTION('',(0.,1.,0.));
#3213=DIRECTION('center_axis',(1.,0.,0.));
#3214=DIRECTION('ref_axis',(0.,-0.485071225225985,-0.874474645977664));
#3215=DIRECTION('',(-1.,0.,0.));
#3216=DIRECTION('',(1.,0.,0.));
#3217=DIRECTION('center_axis',(1.,0.,0.));
#3218=DIRECTION('ref_axis',(0.,0.,1.));
#3219=DIRECTION('center_axis',(-1.,0.,0.));
#3220=DIRECTION('ref_axis',(0.,0.583874199275732,0.811844147247563));
#3221=DIRECTION('',(1.,0.,0.));
#3222=DIRECTION('center_axis',(1.,0.,0.));
#3223=DIRECTION('ref_axis',(0.,0.583874199275732,0.811844147247563));
#3224=DIRECTION('center_axis',(-1.,0.,0.));
#3225=DIRECTION('ref_axis',(0.,0.,1.));
#3226=DIRECTION('center_axis',(1.,0.,0.));
#3227=DIRECTION('ref_axis',(0.,0.583874199275732,0.811844147247563));
#3228=DIRECTION('center_axis',(0.,-1.,0.));
#3229=DIRECTION('ref_axis',(0.,0.,1.));
#3230=DIRECTION('center_axis',(-1.,0.,0.));
#3231=DIRECTION('ref_axis',(0.,0.,1.));
#3232=DIRECTION('center_axis',(-1.,0.,0.));
#3233=DIRECTION('ref_axis',(0.,0.,1.));
#3234=DIRECTION('',(0.,-1.,0.));
#3235=DIRECTION('center_axis',(1.,0.,0.));
#3236=DIRECTION('ref_axis',(0.,0.58387423117721,-0.81184412430418));
#3237=DIRECTION('',(0.,1.,0.));
#3238=DIRECTION('',(0.,0.,1.));
#3239=DIRECTION('',(0.,1.,0.));
#3240=DIRECTION('',(0.,0.,1.));
#3241=DIRECTION('',(0.,-1.,0.));
#3242=DIRECTION('center_axis',(1.,0.,0.));
#3243=DIRECTION('ref_axis',(0.,0.583874199275732,0.811844147247563));
#3244=DIRECTION('',(0.,1.,0.));
#3245=DIRECTION('center_axis',(-1.,0.,0.));
#3246=DIRECTION('ref_axis',(0.,0.,1.));
#3247=DIRECTION('',(0.,-1.,0.));
#3248=DIRECTION('center_axis',(1.,0.,0.));
#3249=DIRECTION('ref_axis',(0.,0.58387423117721,-0.81184412430418));
#3250=DIRECTION('',(0.,1.,0.));
#3251=DIRECTION('',(0.,0.,1.));
#3252=DIRECTION('',(0.,-1.,0.));
#3253=DIRECTION('center_axis',(0.,0.,-1.));
#3254=DIRECTION('ref_axis',(0.,1.,0.));
#3255=DIRECTION('center_axis',(1.,0.,0.));
#3256=DIRECTION('ref_axis',(0.,-0.485071274919345,0.874474618412748));
#3257=DIRECTION('',(-1.,0.,0.));
#3258=DIRECTION('center_axis',(0.707106781186548,-0.707106781186548,0.));
#3259=DIRECTION('ref_axis',(-0.707106781186547,-0.707106781186547,0.));
#3260=DIRECTION('',(1.,0.,0.));
#3261=DIRECTION('center_axis',(-0.707106781186547,-0.707106781186548,3.14018491736754E-15));
#3262=DIRECTION('ref_axis',(-0.707106781186548,0.707106781186546,-3.14018491736753E-15));
#3263=DIRECTION('center_axis',(0.,1.,0.));
#3264=DIRECTION('ref_axis',(-0.707106781186549,0.,0.707106781186546));
#3265=DIRECTION('center_axis',(0.,-1.,0.));
#3266=DIRECTION('ref_axis',(0.,0.,1.));
#3267=DIRECTION('center_axis',(-1.,0.,0.));
#3268=DIRECTION('ref_axis',(0.,0.,1.));
#3269=DIRECTION('center_axis',(1.,0.,0.));
#3270=DIRECTION('ref_axis',(0.,0.851469298684793,0.524404455928081));
#3271=DIRECTION('center_axis',(-1.,0.,0.));
#3272=DIRECTION('ref_axis',(0.,0.,1.));
#3273=DIRECTION('',(-1.,0.,0.));
#3274=DIRECTION('',(1.,0.,0.));
#3275=DIRECTION('center_axis',(2.10054196259079E-12,1.,0.));
#3276=DIRECTION('ref_axis',(0.,0.,1.));
#3277=DIRECTION('center_axis',(0.,-1.,0.));
#3278=DIRECTION('ref_axis',(0.707106781186546,0.,0.707106781186549));
#3279=DIRECTION('',(0.,1.,0.));
#3280=DIRECTION('center_axis',(1.,0.,0.));
#3281=DIRECTION('ref_axis',(0.,0.,1.));
#3282=DIRECTION('center_axis',(-1.,0.,0.));
#3283=DIRECTION('ref_axis',(0.,0.,1.));
#3284=DIRECTION('center_axis',(0.,0.,1.));
#3285=DIRECTION('ref_axis',(0.,-1.,0.));
#3286=DIRECTION('center_axis',(0.,1.,0.));
#3287=DIRECTION('ref_axis',(0.707106781186544,0.,-0.707106781186551));
#3288=DIRECTION('center_axis',(0.,-1.,0.));
#3289=DIRECTION('ref_axis',(0.,0.,-1.));
#3290=DIRECTION('',(0.,-1.,0.));
#3291=DIRECTION('center_axis',(-0.707106781186545,-0.70710678118655,-3.14018491736754E-15));
#3292=DIRECTION('ref_axis',(-0.70710678118655,0.707106781186545,3.14018491736751E-15));
#3293=DIRECTION('center_axis',(1.,0.,0.));
#3294=DIRECTION('ref_axis',(0.,0.,-1.));
#3295=DIRECTION('center_axis',(1.,0.,0.));
#3296=DIRECTION('ref_axis',(0.,0.851469322748017,-0.524404416856908));
#3297=DIRECTION('center_axis',(1.,0.,0.));
#3298=DIRECTION('ref_axis',(0.,0.,-1.));
#3299=DIRECTION('',(1.,0.,0.));
#3300=DIRECTION('',(-1.,0.,0.));
#3301=DIRECTION('center_axis',(-2.10498285468929E-12,1.,0.));
#3302=DIRECTION('ref_axis',(0.,0.,-1.));
#3303=DIRECTION('center_axis',(0.,-1.,0.));
#3304=DIRECTION('ref_axis',(-0.707106781186549,0.,-0.707106781186546));
#3305=DIRECTION('center_axis',(-0.707106781186546,0.707106781186549,0.));
#3306=DIRECTION('ref_axis',(0.707106781186549,0.707106781186546,0.));
#3307=DIRECTION('center_axis',(1.,0.,0.));
#3308=DIRECTION('ref_axis',(0.,-0.485071225225984,-0.874474645977665));
#3309=DIRECTION('',(-1.,0.,0.));
#3310=DIRECTION('',(1.,0.,0.));
#3311=DIRECTION('center_axis',(1.,0.,0.));
#3312=DIRECTION('ref_axis',(0.,0.,1.));
#3313=DIRECTION('center_axis',(-1.,0.,0.));
#3314=DIRECTION('ref_axis',(0.,0.583874199275732,0.811844147247563));
#3315=DIRECTION('',(1.,0.,0.));
#3316=DIRECTION('center_axis',(-1.,0.,0.));
#3317=DIRECTION('ref_axis',(0.,0.,1.));
#3318=DIRECTION('',(1.,0.,0.));
#3319=DIRECTION('center_axis',(1.,0.,0.));
#3320=DIRECTION('ref_axis',(0.,0.,1.));
#3321=DIRECTION('',(1.,0.,0.));
#3322=DIRECTION('',(1.,0.,0.));
#3323=DIRECTION('',(1.,0.,0.));
#3324=DIRECTION('',(1.,0.,0.));
#3325=DIRECTION('',(1.,0.,0.));
#3326=DIRECTION('center_axis',(-1.,0.,0.));
#3327=DIRECTION('ref_axis',(0.,0.,1.));
#3328=DIRECTION('',(1.,0.,0.));
#3329=DIRECTION('center_axis',(1.,0.,0.));
#3330=DIRECTION('ref_axis',(0.,0.,1.));
#3331=DIRECTION('',(1.,0.,0.));
#3332=DIRECTION('center_axis',(1.,0.,0.));
#3333=DIRECTION('ref_axis',(0.,0.583874199275732,0.811844147247563));
#3334=DIRECTION('center_axis',(-1.,0.,0.));
#3335=DIRECTION('ref_axis',(0.,0.,1.));
#3336=DIRECTION('center_axis',(0.,1.,0.));
#3337=DIRECTION('ref_axis',(-1.,0.,0.));
#3338=DIRECTION('center_axis',(0.,0.,-1.));
#3339=DIRECTION('ref_axis',(0.,1.,0.));
#3340=DIRECTION('center_axis',(1.,0.,0.));
#3341=DIRECTION('ref_axis',(0.,-0.485071274919342,0.87447461841275));
#3342=DIRECTION('',(-1.,0.,0.));
#3343=DIRECTION('center_axis',(0.707106781186548,-0.707106781186548,0.));
#3344=DIRECTION('ref_axis',(-0.707106781186547,-0.707106781186547,0.));
#3345=DIRECTION('',(1.,0.,0.));
#3346=DIRECTION('center_axis',(-0.707106781186547,-0.707106781186548,3.14018491736754E-15));
#3347=DIRECTION('ref_axis',(-0.707106781186548,0.707106781186546,-3.14018491736754E-15));
#3348=DIRECTION('center_axis',(0.,1.,0.));
#3349=DIRECTION('ref_axis',(-0.707106781186551,0.,0.707106781186544));
#3350=DIRECTION('center_axis',(0.,-1.,0.));
#3351=DIRECTION('ref_axis',(0.,0.,1.));
#3352=DIRECTION('center_axis',(-1.,0.,0.));
#3353=DIRECTION('ref_axis',(0.,0.,1.));
#3354=DIRECTION('center_axis',(1.,0.,0.));
#3355=DIRECTION('ref_axis',(0.,0.851469298684793,0.524404455928081));
#3356=DIRECTION('center_axis',(-1.,0.,0.));
#3357=DIRECTION('ref_axis',(0.,0.,1.));
#3358=DIRECTION('',(-1.,0.,0.));
#3359=DIRECTION('',(1.,0.,0.));
#3360=DIRECTION('center_axis',(2.10498285468929E-12,1.,0.));
#3361=DIRECTION('ref_axis',(0.,0.,1.));
#3362=DIRECTION('center_axis',(0.,-1.,0.));
#3363=DIRECTION('ref_axis',(0.707106781186548,0.,0.707106781186548));
#3364=DIRECTION('',(0.,1.,0.));
#3365=DIRECTION('center_axis',(1.,0.,0.));
#3366=DIRECTION('ref_axis',(0.,0.,1.));
#3367=DIRECTION('center_axis',(-1.,0.,0.));
#3368=DIRECTION('ref_axis',(0.,0.,1.));
#3369=DIRECTION('center_axis',(0.,0.,1.));
#3370=DIRECTION('ref_axis',(0.,-1.,0.));
#3371=DIRECTION('center_axis',(0.,-1.,0.));
#3372=DIRECTION('ref_axis',(-0.707106781186547,0.,0.707106781186548));
#3373=DIRECTION('center_axis',(0.,-1.,0.));
#3374=DIRECTION('ref_axis',(-0.707106781186547,0.,0.707106781186548));
#3375=DIRECTION('',(0.,1.,0.));
#3376=DIRECTION('center_axis',(1.,0.,0.));
#3377=DIRECTION('ref_axis',(0.,0.,-1.));
#3378=DIRECTION('center_axis',(0.,1.,0.));
#3379=DIRECTION('ref_axis',(0.,0.,1.));
#3380=DIRECTION('center_axis',(-1.,0.,0.));
#3381=DIRECTION('ref_axis',(0.,0.583874199275732,0.811844147247563));
#3382=DIRECTION('center_axis',(0.,-1.,0.));
#3383=DIRECTION('ref_axis',(0.707106781186547,0.,0.707106781186547));
#3384=DIRECTION('center_axis',(0.,-1.,0.));
#3385=DIRECTION('ref_axis',(0.707106781186547,0.,0.707106781186547));
#3386=DIRECTION('',(0.,1.,0.));
#3387=DIRECTION('',(0.,-1.,0.));
#3388=DIRECTION('center_axis',(0.,0.,1.));
#3389=DIRECTION('ref_axis',(0.,-1.,0.));
#3390=DIRECTION('',(0.,-1.,0.));
#3391=DIRECTION('',(-1.,0.,0.));
#3392=DIRECTION('center_axis',(-1.,0.,0.));
#3393=DIRECTION('ref_axis',(0.,0.,1.));
#3394=DIRECTION('center_axis',(-1.,0.,0.));
#3395=DIRECTION('ref_axis',(0.,0.58387423117721,-0.811844124304181));
#3396=DIRECTION('center_axis',(0.,1.,0.));
#3397=DIRECTION('ref_axis',(0.,0.,-1.));
#3398=DIRECTION('center_axis',(0.,1.,0.));
#3399=DIRECTION('ref_axis',(-0.707106781186547,0.,-0.707106781186548));
#3400=DIRECTION('center_axis',(0.,-1.,0.));
#3401=DIRECTION('ref_axis',(-0.707106781186547,0.,-0.707106781186548));
#3402=DIRECTION('',(0.,-1.,0.));
#3403=DIRECTION('center_axis',(0.,0.,-1.));
#3404=DIRECTION('ref_axis',(0.,1.,0.));
#3405=DIRECTION('',(1.,0.,0.));
#3406=DIRECTION('',(-1.,0.,0.));
#3407=DIRECTION('center_axis',(1.,0.,0.));
#3408=DIRECTION('ref_axis',(0.,0.,1.));
#3409=DIRECTION('center_axis',(1.,0.,0.));
#3410=DIRECTION('ref_axis',(0.,0.58387423117721,-0.811844124304181));
#3411=DIRECTION('',(1.,0.,0.));
#3412=DIRECTION('',(-1.,0.,0.));
#3413=DIRECTION('',(1.,0.,0.));
#3414=DIRECTION('',(-1.,0.,0.));
#3415=DIRECTION('center_axis',(0.,1.,0.));
#3416=DIRECTION('ref_axis',(0.707106781186547,0.,-0.707106781186547));
#3417=DIRECTION('center_axis',(0.,-1.,0.));
#3418=DIRECTION('ref_axis',(0.,0.,-1.));
#3419=DIRECTION('',(0.,-1.,0.));
#3420=DIRECTION('center_axis',(0.,-1.,0.));
#3421=DIRECTION('ref_axis',(0.707106781186547,0.,-0.707106781186547));
#3422=DIRECTION('',(0.,1.,0.));
#3423=DIRECTION('center_axis',(1.,0.,0.));
#3424=DIRECTION('ref_axis',(0.,0.,-1.));
#3425=DIRECTION('center_axis',(-1.,0.,0.));
#3426=DIRECTION('ref_axis',(0.,0.58387423117721,-0.81184412430418));
#3427=DIRECTION('center_axis',(0.,0.,-1.));
#3428=DIRECTION('ref_axis',(0.,1.,0.));
#3429=DIRECTION('',(-1.,0.,0.));
#3430=DIRECTION('center_axis',(0.,1.,0.));
#3431=DIRECTION('ref_axis',(-0.707106781186547,0.,0.707106781186547));
#3432=DIRECTION('center_axis',(0.,1.,0.));
#3433=DIRECTION('ref_axis',(-0.707106781186547,0.,0.707106781186547));
#3434=DIRECTION('',(0.,1.,0.));
#3435=DIRECTION('center_axis',(0.,0.,1.));
#3436=DIRECTION('ref_axis',(1.,0.,0.));
#3437=DIRECTION('',(1.,0.,0.));
#3438=DIRECTION('',(0.,-1.,0.));
#3439=DIRECTION('center_axis',(0.,1.,0.));
#3440=DIRECTION('ref_axis',(1.,0.,0.));
#3441=DIRECTION('center_axis',(0.,1.,0.));
#3442=DIRECTION('ref_axis',(-0.707106781186547,0.,-0.707106781186547));
#3443=DIRECTION('',(1.,0.,-7.93016446160826E-17));
#3444=DIRECTION('center_axis',(0.,1.,0.));
#3445=DIRECTION('ref_axis',(0.707106781186547,0.,-0.707106781186547));
#3446=DIRECTION('',(0.,0.,1.));
#3447=DIRECTION('center_axis',(0.,1.,0.));
#3448=DIRECTION('ref_axis',(0.707106781186547,0.,0.707106781186547));
#3449=DIRECTION('center_axis',(0.,-1.,0.));
#3450=DIRECTION('ref_axis',(1.,0.,0.));
#3451=DIRECTION('center_axis',(0.,-1.,0.));
#3452=DIRECTION('ref_axis',(1.,0.,0.));
#3453=DIRECTION('center_axis',(0.,-1.,0.));
#3454=DIRECTION('ref_axis',(1.,0.,0.));
#3455=DIRECTION('center_axis',(0.,-1.,0.));
#3456=DIRECTION('ref_axis',(1.,0.,0.));
#3457=DIRECTION('center_axis',(0.,1.,0.));
#3458=DIRECTION('ref_axis',(0.707106781186547,0.,0.707106781186547));
#3459=DIRECTION('',(0.,1.,0.));
#3460=DIRECTION('center_axis',(0.,-1.,0.));
#3461=DIRECTION('ref_axis',(1.,0.,0.));
#3462=DIRECTION('center_axis',(1.,0.,0.));
#3463=DIRECTION('ref_axis',(0.,0.,-1.));
#3464=DIRECTION('center_axis',(-1.,0.,0.));
#3465=DIRECTION('ref_axis',(0.,0.583874199275732,0.811844147247563));
#3466=DIRECTION('center_axis',(1.,0.,0.));
#3467=DIRECTION('ref_axis',(0.,0.,-1.));
#3468=DIRECTION('',(0.,-1.,0.));
#3469=DIRECTION('center_axis',(-1.,0.,0.));
#3470=DIRECTION('ref_axis',(0.,0.58387423117721,-0.81184412430418));
#3471=DIRECTION('',(0.,0.,-1.));
#3472=DIRECTION('',(0.,-1.,0.));
#3473=DIRECTION('',(0.,0.,-1.));
#3474=DIRECTION('center_axis',(0.,1.,0.));
#3475=DIRECTION('ref_axis',(-0.707106781186547,0.,-0.707106781186547));
#3476=DIRECTION('center_axis',(0.,-1.,0.));
#3477=DIRECTION('ref_axis',(-1.,0.,0.));
#3478=DIRECTION('',(0.,-1.,0.));
#3479=DIRECTION('center_axis',(-1.,0.,0.));
#3480=DIRECTION('ref_axis',(0.,0.,1.));
#3481=DIRECTION('center_axis',(-1.,0.,0.));
#3482=DIRECTION('ref_axis',(0.,0.58387423117721,-0.811844124304181));
#3483=DIRECTION('center_axis',(-7.93016446160826E-17,0.,-1.));
#3484=DIRECTION('ref_axis',(-1.,0.,7.93016446160826E-17));
#3485=DIRECTION('',(1.,0.,0.));
#3486=DIRECTION('',(0.,1.,0.));
#3487=DIRECTION('center_axis',(1.,0.,0.));
#3488=DIRECTION('ref_axis',(0.,0.,1.));
#3489=DIRECTION('center_axis',(1.,0.,0.));
#3490=DIRECTION('ref_axis',(0.,0.58387423117721,-0.811844124304181));
#3491=DIRECTION('center_axis',(0.,1.,0.));
#3492=DIRECTION('ref_axis',(0.707106781186547,0.,-0.707106781186547));
#3493=DIRECTION('center_axis',(0.,-1.,0.));
#3494=DIRECTION('ref_axis',(-1.77635643176574E-15,0.,-1.));
#3495=DIRECTION('center_axis',(1.,0.,0.));
#3496=DIRECTION('ref_axis',(0.,0.,-1.));
#3497=DIRECTION('center_axis',(0.,1.,0.));
#3498=DIRECTION('ref_axis',(-0.707106781186547,0.,-0.707106781186548));
#3499=DIRECTION('center_axis',(0.,-1.,0.));
#3500=DIRECTION('ref_axis',(-0.707106781186547,0.,-0.707106781186548));
#3501=DIRECTION('',(0.,1.,0.));
#3502=DIRECTION('center_axis',(0.,-1.,0.));
#3503=DIRECTION('ref_axis',(-0.707106781186547,0.,-0.707106781186548));
#3504=DIRECTION('center_axis',(0.,1.,0.));
#3505=DIRECTION('ref_axis',(-1.,0.,0.));
#3506=DIRECTION('',(-1.,0.,0.));
#3507=DIRECTION('center_axis',(0.,-1.,0.));
#3508=DIRECTION('ref_axis',(0.707106781186548,0.,-0.707106781186547));
#3509=DIRECTION('',(0.,0.,-1.));
#3510=DIRECTION('',(-0.707106781186547,0.,0.707106781186548));
#3511=DIRECTION('',(1.,0.,0.));
#3512=DIRECTION('',(-0.707106781186547,0.,-0.707106781186548));
#3513=DIRECTION('',(0.,0.,1.));
#3514=DIRECTION('',(0.707106781186547,0.,-0.707106781186548));
#3515=DIRECTION('',(-1.,0.,0.));
#3516=DIRECTION('',(0.,0.,-1.));
#3517=DIRECTION('',(1.,0.,0.));
#3518=DIRECTION('',(-0.707106781186547,0.,-0.707106781186548));
#3519=DIRECTION('',(0.,0.,1.));
#3520=DIRECTION('',(1.,0.,0.));
#3521=DIRECTION('',(1.,0.,0.));
#3522=DIRECTION('',(1.,0.,0.));
#3523=DIRECTION('',(0.,0.,-1.));
#3524=DIRECTION('',(-0.707106861968003,0.,0.707106700405083));
#3525=DIRECTION('',(1.,0.,0.));
#3526=DIRECTION('',(0.,0.,1.));
#3527=DIRECTION('',(-1.,0.,0.));
#3528=DIRECTION('',(0.707106861968003,0.,0.707106700405083));
#3529=DIRECTION('',(0.,0.,-1.));
#3530=DIRECTION('',(-0.707106781186547,0.,0.707106781186548));
#3531=DIRECTION('',(1.,0.,-2.08166817117217E-16));
#3532=DIRECTION('',(-0.707106781186548,0.,-0.707106781186548));
#3533=DIRECTION('',(0.,0.,1.));
#3534=DIRECTION('center_axis',(0.,1.,0.));
#3535=DIRECTION('ref_axis',(-1.,0.,0.));
#3536=DIRECTION('center_axis',(0.,1.,0.));
#3537=DIRECTION('ref_axis',(-1.,0.,0.));
#3538=DIRECTION('center_axis',(0.,1.,0.));
#3539=DIRECTION('ref_axis',(0.707106781186548,0.,-0.707106781186547));
#3540=DIRECTION('center_axis',(0.,-1.,0.));
#3541=DIRECTION('ref_axis',(0.707106781186548,0.,-0.707106781186547));
#3542=DIRECTION('',(0.,1.,0.));
#3543=DIRECTION('center_axis',(-0.707106781186548,0.,0.707106781186548));
#3544=DIRECTION('ref_axis',(0.707106781186548,0.,0.707106781186548));
#3545=DIRECTION('',(-0.707106781186548,0.,-0.707106781186548));
#3546=DIRECTION('',(0.,-1.,0.));
#3547=DIRECTION('',(0.,1.,0.));
#3548=DIRECTION('center_axis',(-1.,0.,0.));
#3549=DIRECTION('ref_axis',(0.,0.,1.));
#3550=DIRECTION('',(0.,0.,1.));
#3551=DIRECTION('',(0.,0.707106781186547,0.707106781186548));
#3552=DIRECTION('',(0.,1.,0.));
#3553=DIRECTION('',(0.,1.,0.));
#3554=DIRECTION('',(0.,-0.707106781186547,0.707106781186548));
#3555=DIRECTION('',(0.,0.,1.));
#3556=DIRECTION('',(0.,1.,0.));
#3557=DIRECTION('',(0.,0.,-1.));
#3558=DIRECTION('center_axis',(0.,1.,0.));
#3559=DIRECTION('ref_axis',(0.,0.,1.));
#3560=DIRECTION('',(1.,0.,-2.08166817117217E-16));
#3561=DIRECTION('',(-0.707106781186547,0.,0.707106781186548));
#3562=DIRECTION('',(0.,0.,-1.));
#3563=DIRECTION('',(1.,0.,0.));
#3564=DIRECTION('center_axis',(0.707106781186548,0.,0.707106781186547));
#3565=DIRECTION('ref_axis',(0.707106781186547,0.,-0.707106781186548));
#3566=DIRECTION('',(0.,-1.,0.));
#3567=DIRECTION('',(0.,1.,0.));
#3568=DIRECTION('center_axis',(1.,0.,0.));
#3569=DIRECTION('ref_axis',(0.,0.,-1.));
#3570=DIRECTION('',(0.,-1.,0.));
#3571=DIRECTION('center_axis',(-0.707106781186548,0.,0.707106781186547));
#3572=DIRECTION('ref_axis',(0.707106781186547,0.,0.707106781186548));
#3573=DIRECTION('',(-0.707106781186547,0.,-0.707106781186548));
#3574=DIRECTION('',(0.,-1.,0.));
#3575=DIRECTION('',(0.,1.,0.));
#3576=DIRECTION('center_axis',(-1.,0.,0.));
#3577=DIRECTION('ref_axis',(0.,0.,1.));
#3578=DIRECTION('',(0.,0.,1.));
#3579=DIRECTION('',(0.,1.,0.));
#3580=DIRECTION('center_axis',(0.,1.,0.));
#3581=DIRECTION('ref_axis',(0.,0.,1.));
#3582=DIRECTION('',(1.,0.,0.));
#3583=DIRECTION('',(-0.707106781186547,0.,0.707106781186548));
#3584=DIRECTION('',(0.,0.,-1.));
#3585=DIRECTION('',(1.,0.,0.));
#3586=DIRECTION('center_axis',(0.707106781186548,0.,0.707106781186547));
#3587=DIRECTION('ref_axis',(0.707106781186547,0.,-0.707106781186548));
#3588=DIRECTION('',(0.,-1.,0.));
#3589=DIRECTION('',(0.,1.,0.));
#3590=DIRECTION('center_axis',(1.,0.,0.));
#3591=DIRECTION('ref_axis',(0.,0.,-1.));
#3592=DIRECTION('',(0.,0.,1.));
#3593=DIRECTION('',(0.,0.,-1.));
#3594=DIRECTION('',(0.,0.707106781186547,-0.707106781186548));
#3595=DIRECTION('',(0.,1.,0.));
#3596=DIRECTION('',(0.,1.,0.));
#3597=DIRECTION('',(0.,-0.707106781186547,-0.707106781186548));
#3598=DIRECTION('center_axis',(-0.707106781186548,0.,-0.707106781186547));
#3599=DIRECTION('ref_axis',(-0.707106781186547,0.,0.707106781186548));
#3600=DIRECTION('',(0.,-1.,0.));
#3601=DIRECTION('',(0.577350269189626,-0.577350269189626,-0.577350269189626));
#3602=DIRECTION('center_axis',(0.,0.707106781186548,-0.707106781186547));
#3603=DIRECTION('ref_axis',(-1.,0.,0.));
#3604=DIRECTION('',(-1.,0.,0.));
#3605=DIRECTION('center_axis',(-0.707106781186548,0.,0.707106781186547));
#3606=DIRECTION('ref_axis',(0.707106781186547,0.,0.707106781186548));
#3607=DIRECTION('',(0.,-1.,0.));
#3608=DIRECTION('',(0.,1.,0.));
#3609=DIRECTION('',(-0.577350269189626,0.577350269189626,-0.577350269189626));
#3610=DIRECTION('center_axis',(0.,0.707106781186548,0.707106781186547));
#3611=DIRECTION('ref_axis',(1.,0.,0.));
#3612=DIRECTION('',(1.,0.,0.));
#3613=DIRECTION('',(-1.,0.,0.));
#3614=DIRECTION('center_axis',(0.,0.,1.));
#3615=DIRECTION('ref_axis',(1.,0.,0.));
#3616=DIRECTION('center_axis',(0.707106700405083,0.,-0.707106861968003));
#3617=DIRECTION('ref_axis',(-0.707106861968003,0.,-0.707106700405083));
#3618=DIRECTION('',(0.,1.,0.));
#3619=DIRECTION('',(0.577350357133335,0.577350225217773,0.577350225217759));
#3620=DIRECTION('center_axis',(0.,0.707106781186548,-0.707106781186547));
#3621=DIRECTION('ref_axis',(-1.,0.,0.));
#3622=DIRECTION('',(-1.,0.,0.));
#3623=DIRECTION('center_axis',(0.707106700405083,0.,0.707106861968003));
#3624=DIRECTION('ref_axis',(0.707106861968003,0.,-0.707106700405083));
#3625=DIRECTION('',(0.,-1.,0.));
#3626=DIRECTION('',(0.,1.,0.));
#3627=DIRECTION('',(-0.577350357133335,-0.577350225217773,0.577350225217759));
#3628=DIRECTION('center_axis',(0.,0.707106781186548,0.707106781186547));
#3629=DIRECTION('ref_axis',(1.,0.,0.));
#3630=DIRECTION('',(-1.,0.,0.));
#3631=DIRECTION('',(1.,0.,0.));
#3632=DIRECTION('center_axis',(0.,0.,1.));
#3633=DIRECTION('ref_axis',(1.,0.,0.));
#3634=DIRECTION('center_axis',(0.,-1.,0.));
#3635=DIRECTION('ref_axis',(-1.,0.,0.));
#3636=DIRECTION('center_axis',(0.,1.,0.));
#3637=DIRECTION('ref_axis',(-1.,0.,0.));
#3638=DIRECTION('center_axis',(0.,-1.,0.));
#3639=DIRECTION('ref_axis',(-1.,0.,0.));
#3640=DIRECTION('center_axis',(0.,1.,0.));
#3641=DIRECTION('ref_axis',(-1.,0.,0.));
#3642=DIRECTION('center_axis',(0.,1.,0.));
#3643=DIRECTION('ref_axis',(-1.,0.,0.));
#3644=DIRECTION('center_axis',(0.,-1.,0.));
#3645=DIRECTION('ref_axis',(-1.,0.,0.));
#3646=DIRECTION('center_axis',(0.,1.,0.));
#3647=DIRECTION('ref_axis',(-1.,0.,0.));
#3648=DIRECTION('center_axis',(0.,-1.,0.));
#3649=DIRECTION('ref_axis',(-1.,0.,0.));
#3650=DIRECTION('center_axis',(0.,1.,0.));
#3651=DIRECTION('ref_axis',(-1.,0.,0.));
#3652=DIRECTION('center_axis',(0.,1.,0.));
#3653=DIRECTION('ref_axis',(-1.,0.,0.));
#3654=DIRECTION('center_axis',(0.,0.,-1.));
#3655=DIRECTION('ref_axis',(-1.,0.,0.));
#3656=DIRECTION('center_axis',(1.,0.,0.));
#3657=DIRECTION('ref_axis',(0.,0.,-1.));
#3658=DIRECTION('',(0.,-1.,0.));
#3659=DIRECTION('',(0.,0.,-1.));
#3660=DIRECTION('center_axis',(0.,0.,1.));
#3661=DIRECTION('ref_axis',(0.,-1.,0.));
#3662=DIRECTION('center_axis',(0.,0.,1.));
#3663=DIRECTION('ref_axis',(0.,-1.,0.));
#3664=DIRECTION('center_axis',(0.,0.,1.));
#3665=DIRECTION('ref_axis',(0.,-1.,0.));
#3666=DIRECTION('',(0.,1.,0.));
#3667=DIRECTION('center_axis',(-1.,0.,0.));
#3668=DIRECTION('ref_axis',(0.,0.,1.));
#3669=DIRECTION('',(0.,0.,1.));
#3670=DIRECTION('center_axis',(0.,1.,0.));
#3671=DIRECTION('ref_axis',(1.,0.,0.));
#3672=DIRECTION('center_axis',(0.,1.,0.));
#3673=DIRECTION('ref_axis',(1.,0.,0.));
#3674=DIRECTION('',(-1.,0.,0.));
#3675=DIRECTION('center_axis',(0.,-1.,0.));
#3676=DIRECTION('ref_axis',(1.,0.,0.));
#3677=DIRECTION('center_axis',(0.,1.,0.));
#3678=DIRECTION('ref_axis',(1.,0.,0.));
#3679=DIRECTION('',(1.,0.,0.));
#3680=DIRECTION('center_axis',(0.,-1.,0.));
#3681=DIRECTION('ref_axis',(1.,0.,0.));
#3682=DIRECTION('center_axis',(0.,1.,0.));
#3683=DIRECTION('ref_axis',(1.,0.,0.));
#3684=DIRECTION('',(-1.,0.,0.));
#3685=DIRECTION('center_axis',(0.,-1.,0.));
#3686=DIRECTION('ref_axis',(1.,0.,0.));
#3687=DIRECTION('center_axis',(0.,1.,0.));
#3688=DIRECTION('ref_axis',(1.,0.,0.));
#3689=DIRECTION('',(1.,0.,0.));
#3690=DIRECTION('center_axis',(0.,-1.,0.));
#3691=DIRECTION('ref_axis',(1.,0.,0.));
#3692=DIRECTION('center_axis',(0.,0.,1.));
#3693=DIRECTION('ref_axis',(1.,0.,0.));
#3694=DIRECTION('center_axis',(0.,0.,-1.));
#3695=DIRECTION('ref_axis',(-1.,0.,0.));
#3696=DIRECTION('center_axis',(0.,1.,0.));
#3697=DIRECTION('ref_axis',(0.,0.,1.));
#3698=DIRECTION('center_axis',(0.,1.,0.));
#3699=DIRECTION('ref_axis',(0.,0.,1.));
#3700=DIRECTION('center_axis',(2.08166817117217E-16,0.,1.));
#3701=DIRECTION('ref_axis',(1.,0.,-2.08166817117217E-16));
#3702=DIRECTION('center_axis',(0.,0.,1.));
#3703=DIRECTION('ref_axis',(1.,0.,0.));
#3704=DIRECTION('center_axis',(0.,0.,-1.));
#3705=DIRECTION('ref_axis',(-1.,0.,0.));
#3706=DIRECTION('center_axis',(0.,0.,1.));
#3707=DIRECTION('ref_axis',(1.,0.,0.));
#3708=DIRECTION('center_axis',(0.,0.,-1.));
#3709=DIRECTION('ref_axis',(-1.,0.,0.));
#3710=DIRECTION('center_axis',(0.,1.,0.));
#3711=DIRECTION('ref_axis',(1.,0.,0.));
#3712=DIRECTION('',(-1.,0.,0.));
#3713=DIRECTION('center_axis',(0.,0.,1.));
#3714=DIRECTION('ref_axis',(0.,-1.,0.));
#3715=DIRECTION('center_axis',(0.,0.,-1.));
#3716=DIRECTION('ref_axis',(0.,1.,0.));
#3717=DIRECTION('center_axis',(0.,1.,0.));
#3718=DIRECTION('ref_axis',(1.,0.,0.));
#3719=DIRECTION('center_axis',(0.,1.,0.));
#3720=DIRECTION('ref_axis',(1.,0.,0.));
#3721=DIRECTION('center_axis',(0.,1.,0.));
#3722=DIRECTION('ref_axis',(1.,0.,0.));
#3723=DIRECTION('center_axis',(0.,1.,0.));
#3724=DIRECTION('ref_axis',(1.,0.,0.));
#3725=CARTESIAN_POINT('',(0.,0.,0.));
#3726=CARTESIAN_POINT('Origin',(-4.91823045387173,8.5,6.98305344428851));
#3727=CARTESIAN_POINT('',(-7.95910346561914,8.,11.25));
#3728=CARTESIAN_POINT('',(-8.10344070169375,8.,11.4999994263053));
#3729=CARTESIAN_POINT('',(-5.35124315576395,8.,6.73305344428851));
#3730=CARTESIAN_POINT('',(-6.9487401633145,9.,11.4999994263053));
#3731=CARTESIAN_POINT('',(-13.4967014331067,3.32929919736334,11.4999994263053));
#3732=CARTESIAN_POINT('',(-6.80440292723988,9.,11.25));
#3733=CARTESIAN_POINT('',(-4.48521775197951,9.,7.23305344428851));
#3734=CARTESIAN_POINT('',(-6.80440292723989,9.,11.25));
#3735=CARTESIAN_POINT('Origin',(-9.78962347436775,8.5,7.07944634057598));
#3736=CARTESIAN_POINT('',(-9.02720146361994,9.,7.4));
#3737=CARTESIAN_POINT('',(-9.35661077247553,9.,6.82944634057598));
#3738=CARTESIAN_POINT('',(-9.60455173280957,8.,8.4));
#3739=CARTESIAN_POINT('',(-9.02720146361994,9.,7.4));
#3740=CARTESIAN_POINT('',(-10.22263617626,8.,7.32944634057598));
#3741=CARTESIAN_POINT('Origin',(-6.44772413359522,8.5,7.9));
#3742=CARTESIAN_POINT('',(-13.4727985363801,9.,7.4));
#3743=CARTESIAN_POINT('',(-6.44772413359522,9.,7.4));
#3744=CARTESIAN_POINT('',(-12.8954482671904,8.,8.4));
#3745=CARTESIAN_POINT('',(-13.4727985363801,9.,7.4));
#3746=CARTESIAN_POINT('',(-6.44772413359522,8.,8.4));
#3747=CARTESIAN_POINT('Origin',(-10.7206006592275,8.5,3.63305344428851));
#3748=CARTESIAN_POINT('',(-15.6955970727601,9.,11.25));
#3749=CARTESIAN_POINT('',(-11.1536133611197,9.,3.38305344428851));
#3750=CARTESIAN_POINT('',(-14.5408965343809,8.,11.25));
#3751=CARTESIAN_POINT('',(-15.6955970727601,9.,11.25));
#3752=CARTESIAN_POINT('',(-10.2875879573353,8.,3.88305344428851));
#3753=CARTESIAN_POINT('Origin',(-15.5919936797235,8.5,10.429446340576));
#3754=CARTESIAN_POINT('',(-15.5512598366855,9.,11.4999994263053));
#3755=CARTESIAN_POINT('',(-16.0250063816157,9.,10.679446340576));
#3756=CARTESIAN_POINT('',(-14.3965592983063,8.,11.4999994263053));
#3757=CARTESIAN_POINT('',(-18.0062197479205,11.1260576484019,11.4999994263053));
#3758=CARTESIAN_POINT('',(-15.1589809778313,8.,10.179446340576));
#3759=CARTESIAN_POINT('Origin',(-9.60455173280957,5.,14.1));
#3760=CARTESIAN_POINT('',(-8.10344070169375,14.0000002086163,11.4999994263053));
#3761=CARTESIAN_POINT('',(-8.10344070169375,5.,11.4999994263053));
#3762=CARTESIAN_POINT('',(-7.95910346561914,5.,11.25));
#3763=CARTESIAN_POINT('',(-7.95910346561914,5.,11.25));
#3764=CARTESIAN_POINT('',(-9.60455173280957,5.,14.1));
#3765=CARTESIAN_POINT('',(-4.52851908427301,5.,5.30805355185627));
#3766=CARTESIAN_POINT('',(-9.60455173280957,21.1021134590005,14.1));
#3767=CARTESIAN_POINT('',(-9.60455173280957,5.,14.1));
#3768=CARTESIAN_POINT('Origin',(-14.4542939940024,14.0000002086163,22.5));
#3769=CARTESIAN_POINT('Origin',(-9.60455173280957,5.,8.4));
#3770=CARTESIAN_POINT('',(-9.60455173280957,5.,8.4));
#3771=CARTESIAN_POINT('',(-9.60455173280957,5.,8.4));
#3772=CARTESIAN_POINT('',(-10.2226361141557,5.,7.32944644814374));
#3773=CARTESIAN_POINT('Origin',(-12.8954482671904,5.,8.4));
#3774=CARTESIAN_POINT('',(-12.8954482671904,5.,8.4));
#3775=CARTESIAN_POINT('',(-12.8954482671904,5.,8.4));
#3776=CARTESIAN_POINT('',(-6.44772413359522,5.,8.4));
#3777=CARTESIAN_POINT('Origin',(-14.5408965343809,5.,11.25));
#3778=CARTESIAN_POINT('',(-14.5408965343809,5.,11.25));
#3779=CARTESIAN_POINT('',(-14.5408965343809,5.,11.25));
#3780=CARTESIAN_POINT('',(-10.2875880194395,5.,3.88305355185627));
#3781=CARTESIAN_POINT('Origin',(-14.5408965343809,5.,11.25));
#3782=CARTESIAN_POINT('',(-14.3965592983063,14.0000002086163,11.4999994263053));
#3783=CARTESIAN_POINT('',(-14.3965592983063,5.,11.4999994263053));
#3784=CARTESIAN_POINT('',(-12.8954482671904,21.1021134590005,14.1));
#3785=CARTESIAN_POINT('Origin',(-8.04570600599758,14.0000002086163,22.5));
#3786=CARTESIAN_POINT('',(-12.8954482671904,5.,14.1));
#3787=CARTESIAN_POINT('',(-12.8954482671904,5.,14.1));
#3788=CARTESIAN_POINT('',(-14.5408965343809,5.,11.25));
#3789=CARTESIAN_POINT('Origin',(14.7692695461283,8.5,11.854446340576));
#3790=CARTESIAN_POINT('',(14.5408965343809,8.,11.25));
#3791=CARTESIAN_POINT('',(14.3965592983063,8.,11.4999994263053));
#3792=CARTESIAN_POINT('',(14.336256844236,8.,11.604446340576));
#3793=CARTESIAN_POINT('',(15.5512598366855,9.,11.4999994263053));
#3794=CARTESIAN_POINT('',(1.77115570975045,-2.93392024072055,11.4999994263053));
#3795=CARTESIAN_POINT('',(15.6955970727601,9.,11.25));
#3796=CARTESIAN_POINT('',(15.2022822480205,9.,12.104446340576));
#3797=CARTESIAN_POINT('',(15.6955970727601,9.,11.25));
#3798=CARTESIAN_POINT('Origin',(9.89787652563225,8.5,2.20805344428851));
#3799=CARTESIAN_POINT('',(13.4727985363801,9.,7.4));
#3800=CARTESIAN_POINT('',(10.3308892275245,9.,1.95805344428851));
#3801=CARTESIAN_POINT('',(12.8954482671904,8.,8.4));
#3802=CARTESIAN_POINT('',(13.4727985363801,9.,7.4));
#3803=CARTESIAN_POINT('',(9.46486382374003,8.,2.45805344428851));
#3804=CARTESIAN_POINT('Origin',(4.80227586640478,8.5,7.9));
#3805=CARTESIAN_POINT('',(9.60455173280956,8.,8.4));
#3806=CARTESIAN_POINT('',(4.80227586640478,8.,8.4));
#3807=CARTESIAN_POINT('',(9.02720146361994,9.,7.4));
#3808=CARTESIAN_POINT('',(4.80227586640478,9.,7.4));
#3809=CARTESIAN_POINT('',(9.02720146361994,9.,7.4));
#3810=CARTESIAN_POINT('Origin',(8.96689934077253,8.5,8.50444634057597));
#3811=CARTESIAN_POINT('',(7.95910346561913,8.,11.25));
#3812=CARTESIAN_POINT('',(9.39991204266475,8.,8.75444634057598));
#3813=CARTESIAN_POINT('',(6.80440292723988,9.,11.25));
#3814=CARTESIAN_POINT('',(8.53388663888031,9.,8.25444634057598));
#3815=CARTESIAN_POINT('',(6.80440292723988,9.,11.25));
#3816=CARTESIAN_POINT('Origin',(4.09550632027651,8.5,5.55805344428851));
#3817=CARTESIAN_POINT('',(6.94874016331449,9.,11.4999994263053));
#3818=CARTESIAN_POINT('',(3.66249361838429,9.,5.80805344428851));
#3819=CARTESIAN_POINT('',(8.10344070169375,8.,11.4999994263053));
#3820=CARTESIAN_POINT('',(-2.73836260506338,17.3892770864858,11.4999994263053));
#3821=CARTESIAN_POINT('',(4.52851902216873,8.,5.30805344428851));
#3822=CARTESIAN_POINT('Origin',(12.8954482671904,5.,14.1));
#3823=CARTESIAN_POINT('',(14.3965592983063,14.0000002086163,11.4999994263053));
#3824=CARTESIAN_POINT('',(14.3965592983063,5.,11.4999994263053));
#3825=CARTESIAN_POINT('',(14.5408965343809,5.,11.25));
#3826=CARTESIAN_POINT('',(14.5408965343809,5.,11.25));
#3827=CARTESIAN_POINT('',(12.8954482671904,5.,14.1));
#3828=CARTESIAN_POINT('',(15.158980915727,5.,10.1794464481437));
#3829=CARTESIAN_POINT('',(12.8954482671904,21.1021134590005,14.1));
#3830=CARTESIAN_POINT('',(12.8954482671904,5.,14.1));
#3831=CARTESIAN_POINT('Origin',(8.04570600599757,14.0000002086163,22.5));
#3832=CARTESIAN_POINT('Origin',(12.8954482671904,5.,8.4));
#3833=CARTESIAN_POINT('',(12.8954482671904,5.,8.4));
#3834=CARTESIAN_POINT('',(12.8954482671904,5.,8.4));
#3835=CARTESIAN_POINT('',(9.46486388584431,5.,2.45805355185627));
#3836=CARTESIAN_POINT('Origin',(9.60455173280956,5.,8.4));
#3837=CARTESIAN_POINT('',(9.60455173280956,5.,8.4));
#3838=CARTESIAN_POINT('',(9.60455173280956,5.,8.4));
#3839=CARTESIAN_POINT('',(4.80227586640478,5.,8.4));
#3840=CARTESIAN_POINT('Origin',(7.95910346561913,5.,11.25));
#3841=CARTESIAN_POINT('',(7.95910346561913,5.,11.25));
#3842=CARTESIAN_POINT('',(7.95910346561913,5.,11.25));
#3843=CARTESIAN_POINT('',(9.39991198056047,5.,8.75444644814374));
#3844=CARTESIAN_POINT('Origin',(7.95910346561913,5.,11.25));
#3845=CARTESIAN_POINT('',(8.10344070169374,14.0000002086163,11.4999994263053));
#3846=CARTESIAN_POINT('',(8.10344070169375,5.,11.4999994263053));
#3847=CARTESIAN_POINT('',(9.60455173280957,21.1021134590005,14.1));
#3848=CARTESIAN_POINT('Origin',(14.4542939940024,14.0000002086163,22.5));
#3849=CARTESIAN_POINT('',(9.60455173280956,5.,14.1));
#3850=CARTESIAN_POINT('',(9.60455173280956,5.,14.1));
#3851=CARTESIAN_POINT('',(7.95910346561913,5.,11.25));
#3852=CARTESIAN_POINT('Origin',(4.91823057808028,8.5,-6.98305365942402));
#3853=CARTESIAN_POINT('',(7.95910346561913,8.,-11.25));
#3854=CARTESIAN_POINT('',(8.10344103291654,8.,-11.5));
#3855=CARTESIAN_POINT('',(5.3512432799725,8.,-6.73305365942402));
#3856=CARTESIAN_POINT('',(6.94874049453729,9.,-11.5));
#3857=CARTESIAN_POINT('',(-4.73022090794594,19.1142772643684,-11.5));
#3858=CARTESIAN_POINT('',(6.80440292723988,9.,-11.25));
#3859=CARTESIAN_POINT('',(4.48521787618806,9.,-7.23305365942402));
#3860=CARTESIAN_POINT('',(6.80440292723988,9.,-11.25));
#3861=CARTESIAN_POINT('Origin',(9.7896233501592,8.5,-7.07944655571149));
#3862=CARTESIAN_POINT('',(9.60455173280956,8.,-8.4));
#3863=CARTESIAN_POINT('',(10.2226360520514,8.,-7.32944655571149));
#3864=CARTESIAN_POINT('',(9.02720146361994,9.,-7.4));
#3865=CARTESIAN_POINT('',(9.35661064826698,9.,-6.82944655571149));
#3866=CARTESIAN_POINT('',(9.02720146361994,9.,-7.4));
#3867=CARTESIAN_POINT('Origin',(6.44772413359521,8.5,-7.9));
#3868=CARTESIAN_POINT('',(12.8954482671904,8.,-8.4));
#3869=CARTESIAN_POINT('',(6.44772413359521,8.,-8.4));
#3870=CARTESIAN_POINT('',(13.4727985363801,9.,-7.4));
#3871=CARTESIAN_POINT('',(6.44772413359521,9.,-7.4));
#3872=CARTESIAN_POINT('',(13.4727985363801,9.,-7.4));
#3873=CARTESIAN_POINT('Origin',(10.720600783436,8.5,-3.63305365942402));
#3874=CARTESIAN_POINT('',(14.5408965343809,8.,-11.25));
#3875=CARTESIAN_POINT('',(10.2875880815438,8.,-3.88305365942402));
#3876=CARTESIAN_POINT('',(15.6955970727601,9.,-11.25));
#3877=CARTESIAN_POINT('',(11.1536134853282,9.,-3.38305365942402));
#3878=CARTESIAN_POINT('',(15.6955970727601,9.,-11.25));
#3879=CARTESIAN_POINT('Origin',(15.5919935555149,8.5,-10.4294465557115));
#3880=CARTESIAN_POINT('',(15.5512595054627,9.,-11.5));
#3881=CARTESIAN_POINT('',(16.0250062574072,9.,-10.6794465557115));
#3882=CARTESIAN_POINT('',(14.3965589670835,8.,-11.5));
#3883=CARTESIAN_POINT('',(4.23314208897312,-0.801777205695072,-11.5));
#3884=CARTESIAN_POINT('',(15.1589808536227,8.,-10.1794465557115));
#3885=CARTESIAN_POINT('Origin',(9.60455173280956,5.,-14.1));
#3886=CARTESIAN_POINT('',(8.10344070169375,14.0000002086163,-11.4999994263053));
#3887=CARTESIAN_POINT('',(8.10344103291655,9.50000010430813,-11.5));
#3888=CARTESIAN_POINT('',(7.95910346561913,5.,-11.25));
#3889=CARTESIAN_POINT('',(7.95910346561913,5.,-11.25));
#3890=CARTESIAN_POINT('',(9.60455173280956,5.,-14.1));
#3891=CARTESIAN_POINT('',(4.52851908427301,5.,-5.30805355185626));
#3892=CARTESIAN_POINT('',(9.60455173280957,21.1021134590005,-14.1));
#3893=CARTESIAN_POINT('',(9.60455173280956,5.,-14.1));
#3894=CARTESIAN_POINT('Origin',(14.4542939940024,14.0000002086163,-22.5));
#3895=CARTESIAN_POINT('Origin',(9.60455173280956,5.,-8.4));
#3896=CARTESIAN_POINT('',(9.60455173280956,5.,-8.4));
#3897=CARTESIAN_POINT('',(9.60455173280956,5.,-8.4));
#3898=CARTESIAN_POINT('',(10.2226361141557,5.,-7.32944644814373));
#3899=CARTESIAN_POINT('Origin',(12.8954482671904,5.,-8.4));
#3900=CARTESIAN_POINT('',(12.8954482671904,5.,-8.4));
#3901=CARTESIAN_POINT('',(12.8954482671904,5.,-8.4));
#3902=CARTESIAN_POINT('',(6.44772413359521,5.,-8.4));
#3903=CARTESIAN_POINT('Origin',(14.5408965343809,5.,-11.25));
#3904=CARTESIAN_POINT('',(14.5408965343809,5.,-11.25));
#3905=CARTESIAN_POINT('',(14.5408965343809,5.,-11.25));
#3906=CARTESIAN_POINT('',(10.2875880194395,5.,-3.88305355185626));
#3907=CARTESIAN_POINT('Origin',(14.5408965343809,5.,-11.25));
#3908=CARTESIAN_POINT('',(14.3965592983062,14.0000002086163,-11.4999994263053));
#3909=CARTESIAN_POINT('',(14.3965589670835,9.50000010430813,-11.5));
#3910=CARTESIAN_POINT('',(12.8954482671904,21.1021134590005,-14.1));
#3911=CARTESIAN_POINT('Origin',(8.04570600599757,14.0000002086163,-22.5));
#3912=CARTESIAN_POINT('',(12.8954482671904,5.,-14.1));
#3913=CARTESIAN_POINT('',(12.8954482671904,5.,-14.1));
#3914=CARTESIAN_POINT('',(14.5408965343809,5.,-11.25));
#3915=CARTESIAN_POINT('Origin',(-14.7692694219197,8.5,-11.8544465557115));
#3916=CARTESIAN_POINT('',(-14.5408965343809,8.,-11.25));
#3917=CARTESIAN_POINT('',(-14.3965589670835,8.,-11.5));
#3918=CARTESIAN_POINT('',(-14.3362567200275,8.,-11.6044465557115));
#3919=CARTESIAN_POINT('',(-15.5512595054627,9.,-11.5));
#3920=CARTESIAN_POINT('',(-19.9980780508031,12.8510578262845,-11.5));
#3921=CARTESIAN_POINT('',(-15.6955970727601,9.,-11.25));
#3922=CARTESIAN_POINT('',(-15.2022821238119,9.,-12.1044465557115));
#3923=CARTESIAN_POINT('',(-15.6955970727601,9.,-11.25));
#3924=CARTESIAN_POINT('Origin',(-9.8978766498408,8.5,-2.20805365942402));
#3925=CARTESIAN_POINT('',(-13.4727985363801,9.,-7.4));
#3926=CARTESIAN_POINT('',(-10.330889351733,9.,-1.95805365942402));
#3927=CARTESIAN_POINT('',(-12.8954482671904,8.,-8.4));
#3928=CARTESIAN_POINT('',(-13.4727985363801,9.,-7.4));
#3929=CARTESIAN_POINT('',(-9.46486394794858,8.,-2.45805365942402));
#3930=CARTESIAN_POINT('Origin',(-4.80227586640479,8.5,-7.9));
#3931=CARTESIAN_POINT('',(-9.02720146361994,9.,-7.4));
#3932=CARTESIAN_POINT('',(-4.80227586640479,9.,-7.4));
#3933=CARTESIAN_POINT('',(-9.60455173280957,8.,-8.4));
#3934=CARTESIAN_POINT('',(-9.02720146361994,9.,-7.4));
#3935=CARTESIAN_POINT('',(-4.80227586640479,8.,-8.4));
#3936=CARTESIAN_POINT('Origin',(-8.96689921656398,8.5,-8.50444655571149));
#3937=CARTESIAN_POINT('',(-6.80440292723989,9.,-11.25));
#3938=CARTESIAN_POINT('',(-8.53388651467176,9.,-8.25444655571149));
#3939=CARTESIAN_POINT('',(-7.95910346561914,8.,-11.25));
#3940=CARTESIAN_POINT('',(-6.80440292723989,9.,-11.25));
#3941=CARTESIAN_POINT('',(-9.3999119184562,8.,-8.75444655571149));
#3942=CARTESIAN_POINT('Origin',(-4.09550644448507,8.5,-5.55805365942402));
#3943=CARTESIAN_POINT('',(-6.9487404945373,9.,-11.5));
#3944=CARTESIAN_POINT('',(-3.66249374259285,9.,-5.80805365942402));
#3945=CARTESIAN_POINT('',(-8.10344103291655,8.,-11.5));
#3946=CARTESIAN_POINT('',(-11.034715053884,5.46144223238881,-11.5));
#3947=CARTESIAN_POINT('',(-4.52851914637729,8.,-5.30805365942402));
#3948=CARTESIAN_POINT('Origin',(-12.8954482671904,5.,-14.1));
#3949=CARTESIAN_POINT('',(-14.3965592983063,14.0000002086163,-11.4999994263053));
#3950=CARTESIAN_POINT('',(-14.3965589670835,9.50000010430813,-11.5));
#3951=CARTESIAN_POINT('',(-14.5408965343809,5.,-11.25));
#3952=CARTESIAN_POINT('',(-14.5408965343809,5.,-11.25));
#3953=CARTESIAN_POINT('',(-12.8954482671904,5.,-14.1));
#3954=CARTESIAN_POINT('',(-15.158980915727,5.,-10.1794464481437));
#3955=CARTESIAN_POINT('',(-12.8954482671904,21.1021134590005,-14.1));
#3956=CARTESIAN_POINT('',(-12.8954482671904,5.,-14.1));
#3957=CARTESIAN_POINT('Origin',(-8.04570600599758,14.0000002086163,-22.5));
#3958=CARTESIAN_POINT('Origin',(-12.8954482671904,5.,-8.4));
#3959=CARTESIAN_POINT('',(-12.8954482671904,5.,-8.4));
#3960=CARTESIAN_POINT('',(-12.8954482671904,5.,-8.4));
#3961=CARTESIAN_POINT('',(-9.46486388584431,5.,-2.45805355185626));
#3962=CARTESIAN_POINT('Origin',(-9.60455173280957,5.,-8.4));
#3963=CARTESIAN_POINT('',(-9.60455173280957,5.,-8.4));
#3964=CARTESIAN_POINT('',(-9.60455173280957,5.,-8.4));
#3965=CARTESIAN_POINT('',(-4.80227586640479,5.,-8.4));
#3966=CARTESIAN_POINT('Origin',(-7.95910346561914,5.,-11.25));
#3967=CARTESIAN_POINT('',(-7.95910346561914,5.,-11.25));
#3968=CARTESIAN_POINT('',(-7.95910346561914,5.,-11.25));
#3969=CARTESIAN_POINT('',(-9.39991198056048,5.,-8.75444644814373));
#3970=CARTESIAN_POINT('Origin',(-7.95910346561914,5.,-11.25));
#3971=CARTESIAN_POINT('',(-8.10344070169375,14.0000002086163,-11.4999994263053));
#3972=CARTESIAN_POINT('',(-8.10344103291655,9.50000010430813,-11.5));
#3973=CARTESIAN_POINT('',(-9.60455173280957,21.1021134590005,-14.1));
#3974=CARTESIAN_POINT('Origin',(-14.4542939940024,14.0000002086163,-22.5));
#3975=CARTESIAN_POINT('',(-9.60455173280957,5.,-14.1));
#3976=CARTESIAN_POINT('',(-9.60455173280957,5.,-14.1));
#3977=CARTESIAN_POINT('',(-7.95910346561914,5.,-11.25));
#3978=CARTESIAN_POINT('Origin',(27.,10.3166247865539,27.0000004097819));
#3979=CARTESIAN_POINT('',(27.,21.2111031800606,26.0000004097819));
#3980=CARTESIAN_POINT('',(28.,21.2111031800606,27.0000004097819));
#3981=CARTESIAN_POINT('Origin',(27.,21.2111031800606,27.0000004097819));
#3982=CARTESIAN_POINT('',(28.,19.9999999012798,27.0000004097819));
#3983=CARTESIAN_POINT('',(28.,10.3166247865539,27.0000004097819));
#3984=CARTESIAN_POINT('',(27.8483649759069,20.3627375279179,26.4705885968664));
#3985=CARTESIAN_POINT('Ctrl Pts',(28.,19.9999999012798,27.0000004097819));
#3986=CARTESIAN_POINT('Ctrl Pts',(28.,20.0912804340223,26.8782930501091));
#3987=CARTESIAN_POINT('Ctrl Pts',(27.9764788230379,20.1857900159252,26.7437479149139));
#3988=CARTESIAN_POINT('Ctrl Pts',(27.9025736441491,20.3024104359088,26.5661004639347));
#3989=CARTESIAN_POINT('Ctrl Pts',(27.8775069490322,20.3335955547927,26.5172876480118));
#3990=CARTESIAN_POINT('Ctrl Pts',(27.8483649759069,20.3627375279179,26.4705885968664));
#3991=CARTESIAN_POINT('Origin',(27.,21.2111025038248,27.0000004097819));
#3992=CARTESIAN_POINT('Ctrl Pts',(27.,21.2111031800606,26.0000004097819));
#3993=CARTESIAN_POINT('Ctrl Pts',(27.,21.5733637438207,26.0000004097819));
#3994=CARTESIAN_POINT('Ctrl Pts',(26.8400234940654,22.1819907324773,26.0000004097819));
#3995=CARTESIAN_POINT('Ctrl Pts',(26.2228052157665,22.7947846276187,26.0000004097819));
#3996=CARTESIAN_POINT('Ctrl Pts',(25.7415070425068,22.9302861942864,26.0000004097819));
#3997=CARTESIAN_POINT('Ctrl Pts',(25.5,22.9302861942864,26.0000004097819));
#3998=CARTESIAN_POINT('Ctrl Pts',(27.1495996501709,21.2111031800606,26.0000004097819));
#3999=CARTESIAN_POINT('Ctrl Pts',(27.159943052968,21.5993749696678,25.9999645959569));
#4000=CARTESIAN_POINT('Ctrl Pts',(27.0053565974146,22.2648641558832,26.0000199080012));
#4001=CARTESIAN_POINT('Ctrl Pts',(26.3268920593839,22.9647496636447,25.9999439730424));
#4002=CARTESIAN_POINT('Ctrl Pts',(25.7765145384227,23.1243396878884,26.0000004097819));
#4003=CARTESIAN_POINT('Ctrl Pts',(25.5,23.1243396878884,26.0000004097819));
#4004=CARTESIAN_POINT('Ctrl Pts',(27.4483680141904,21.2111031800606,26.0683689489342));
#4005=CARTESIAN_POINT('Ctrl Pts',(27.4792924239974,21.6513369640416,26.0779568932972));
#4006=CARTESIAN_POINT('Ctrl Pts',(27.335319972726,22.4301682926816,26.0943815041702));
#4007=CARTESIAN_POINT('Ctrl Pts',(26.5344829069992,23.303653556901,26.1120550853148));
#4008=CARTESIAN_POINT('Ctrl Pts',(25.8463429660183,23.5111261496291,26.1160824196634));
#4009=CARTESIAN_POINT('Ctrl Pts',(25.5,23.5111261496291,26.1160824196634));
#4010=CARTESIAN_POINT('Ctrl Pts',(27.8688155831438,21.2111031800606,26.4030047332722));
#4011=CARTESIAN_POINT('Ctrl Pts',(27.9147425699115,21.7243734857312,26.4563681024002));
#4012=CARTESIAN_POINT('Ctrl Pts',(27.75511995079,22.6495880075105,26.5460727558974));
#4013=CARTESIAN_POINT('Ctrl Pts',(26.780021454184,23.7123746576539,26.6384294089144));
#4014=CARTESIAN_POINT('Ctrl Pts',(25.9286080083941,23.9681578316528,26.6594409245027));
#4015=CARTESIAN_POINT('Ctrl Pts',(25.5,23.9681578316528,26.6594409245027));
#4016=CARTESIAN_POINT('Ctrl Pts',(28.,21.2111031800606,26.7756009345255));
#4017=CARTESIAN_POINT('Ctrl Pts',(28.0246797537764,21.7473779927071,26.8686036713725));
#4018=CARTESIAN_POINT('Ctrl Pts',(27.8066794398062,22.6907581774563,27.0168270235026));
#4019=CARTESIAN_POINT('Ctrl Pts',(26.7753949550542,23.7176765685524,27.1593264792094));
#4020=CARTESIAN_POINT('Ctrl Pts',(25.9267196503133,23.9543008542155,27.1900574606991));
#4021=CARTESIAN_POINT('Ctrl Pts',(25.5,23.9543008542155,27.1900574606991));
#4022=CARTESIAN_POINT('Ctrl Pts',(28.,21.2111031800606,27.0000004097819));
#4023=CARTESIAN_POINT('Ctrl Pts',(28.,21.7471819580739,27.1084695355822));
#4024=CARTESIAN_POINT('Ctrl Pts',(27.733372490109,22.6675651875926,27.2732467282089));
#4025=CARTESIAN_POINT('Ctrl Pts',(26.7046753596109,23.612684915922,27.4195295069867));
#4026=CARTESIAN_POINT('Ctrl Pts',(25.9025117375113,23.8233147416209,27.4500004249439));
#4027=CARTESIAN_POINT('Ctrl Pts',(25.5,23.8233147416209,27.4500004249439));
#4028=CARTESIAN_POINT('',(25.5,22.9302861942864,26.0000004097819));
#4029=CARTESIAN_POINT('',(25.5,23.8233147416209,27.4500004249439));
#4030=CARTESIAN_POINT('Origin',(25.5,22.9302861942864,27.0000004097819));
#4031=CARTESIAN_POINT('Ctrl Pts',(25.5,23.8233147416209,27.4500004249439));
#4032=CARTESIAN_POINT('Ctrl Pts',(25.9025117375113,23.8233147416209,27.4500004249439));
#4033=CARTESIAN_POINT('Ctrl Pts',(26.7046753596109,23.612684915922,27.4195295069867));
#4034=CARTESIAN_POINT('Ctrl Pts',(27.733372490109,22.6675651875926,27.2732467282089));
#4035=CARTESIAN_POINT('Ctrl Pts',(28.,21.7471819580739,27.1084695355822));
#4036=CARTESIAN_POINT('Ctrl Pts',(28.,21.2111031800606,27.0000004097819));
#4037=CARTESIAN_POINT('Ctrl Pts',(27.,21.2111031800606,26.0000004097819));
#4038=CARTESIAN_POINT('Ctrl Pts',(27.,21.5733637438207,26.0000004097819));
#4039=CARTESIAN_POINT('Ctrl Pts',(26.8400234940654,22.1819907324773,26.0000004097819));
#4040=CARTESIAN_POINT('Ctrl Pts',(26.2228052157665,22.7947846276187,26.0000004097819));
#4041=CARTESIAN_POINT('Ctrl Pts',(25.7415070425068,22.9302861942864,26.0000004097819));
#4042=CARTESIAN_POINT('Ctrl Pts',(25.5,22.9302861942864,26.0000004097819));
#4043=CARTESIAN_POINT('Origin',(-28.,22.9302861942864,27.0000004097819));
#4044=CARTESIAN_POINT('',(-25.5,22.9302861942864,26.0000004097819));
#4045=CARTESIAN_POINT('',(-25.5,23.8233147416209,27.4500004249439));
#4046=CARTESIAN_POINT('Origin',(-25.5,22.9302861942864,27.0000004097819));
#4047=CARTESIAN_POINT('',(-28.,23.8233147416209,27.4500004249439));
#4048=CARTESIAN_POINT('',(-28.,22.9302861942864,26.0000004097819));
#4049=CARTESIAN_POINT('Ctrl Pts',(-25.5,22.9302861942864,26.0000004097819));
#4050=CARTESIAN_POINT('Ctrl Pts',(-25.7415066300834,22.9302861942864,26.0000004097819));
#4051=CARTESIAN_POINT('Ctrl Pts',(-26.1003391310818,22.8294715948517,26.0000004097819));
#4052=CARTESIAN_POINT('Ctrl Pts',(-26.7789626075768,22.3082539641241,26.0000004097819));
#4053=CARTESIAN_POINT('Ctrl Pts',(-26.9999999999959,21.6941164402449,26.0000004097819));
#4054=CARTESIAN_POINT('Ctrl Pts',(-27.,21.2111031800781,26.0000004097819));
#4055=CARTESIAN_POINT('Ctrl Pts',(-25.5,23.1243396878883,26.0000004097819));
#4056=CARTESIAN_POINT('Ctrl Pts',(-25.7765140662167,23.1243396878883,26.0000004097819));
#4057=CARTESIAN_POINT('Ctrl Pts',(-26.1866740397346,23.0062054772617,25.9999552046792));
#4058=CARTESIAN_POINT('Ctrl Pts',(-26.942527731946,22.4071927471229,26.000034574156));
#4059=CARTESIAN_POINT('Ctrl Pts',(-27.1633908303451,21.7287980154833,25.9999526580968));
#4060=CARTESIAN_POINT('Ctrl Pts',(-27.1495996501714,21.2111031800794,26.0000004097819));
#4061=CARTESIAN_POINT('Ctrl Pts',(-25.5,23.5111261496305,26.1160824196631));
#4062=CARTESIAN_POINT('Ctrl Pts',(-25.8463423745657,23.5111261496305,26.1160824196631));
#4063=CARTESIAN_POINT('Ctrl Pts',(-26.3588613553318,23.3585678070991,26.1131111181656));
#4064=CARTESIAN_POINT('Ctrl Pts',(-27.2689252372519,22.6044920484885,26.0979324062196));
#4065=CARTESIAN_POINT('Ctrl Pts',(-27.4896004901836,21.7980805563371,26.0811528529205));
#4066=CARTESIAN_POINT('Ctrl Pts',(-27.4483680141923,21.2111031800819,26.0683689489344));
#4067=CARTESIAN_POINT('Ctrl Pts',(-25.5,23.9681578316556,26.6594409245026));
#4068=CARTESIAN_POINT('Ctrl Pts',(-25.9286072764568,23.9681578316556,26.6594409245026));
#4069=CARTESIAN_POINT('Ctrl Pts',(-26.5625704226555,23.7803844283865,26.6438758887042));
#4070=CARTESIAN_POINT('Ctrl Pts',(-27.6770399696799,22.8606632995575,26.5649360665974));
#4071=CARTESIAN_POINT('Ctrl Pts',(-27.9300514609246,21.8954624189608,26.4741557706064));
#4072=CARTESIAN_POINT('Ctrl Pts',(-27.868815583147,21.2111031800854,26.4030047332744));
#4073=CARTESIAN_POINT('Ctrl Pts',(-25.5,23.9543008542155,27.1900574606991));
#4074=CARTESIAN_POINT('Ctrl Pts',(-25.9267189216008,23.9543008542155,27.1900574606991));
#4075=CARTESIAN_POINT('Ctrl Pts',(-26.5589503260414,23.7795439492743,27.1671736414164));
#4076=CARTESIAN_POINT('Ctrl Pts',(-27.7140071522514,22.8978517077921,27.0462467679505));
#4077=CARTESIAN_POINT('Ctrl Pts',(-28.0329062821687,21.9261350425496,26.8996043718972));
#4078=CARTESIAN_POINT('Ctrl Pts',(-28.0000000000012,21.2111031800865,26.77560093453));
#4079=CARTESIAN_POINT('Ctrl Pts',(-25.5,23.8233147416209,27.4500004249439));
#4080=CARTESIAN_POINT('Ctrl Pts',(-25.9025110501388,23.8233147416209,27.4500004249439));
#4081=CARTESIAN_POINT('Ctrl Pts',(-26.5005652184696,23.6666940482481,27.4271579758751));
#4082=CARTESIAN_POINT('Ctrl Pts',(-27.6316043459613,22.8617990010736,27.3040647331551));
#4083=CARTESIAN_POINT('Ctrl Pts',(-27.9999999999932,21.9258736634844,27.1446256638758));
#4084=CARTESIAN_POINT('Ctrl Pts',(-28.,21.2111031800865,27.0000004097872));
#4085=CARTESIAN_POINT('',(-27.,21.2111031800781,26.0000004097819));
#4086=CARTESIAN_POINT('',(-28.,21.211103180076,27.0000004097806));
#4087=CARTESIAN_POINT('Origin',(-27.,21.2111031800781,27.0000004097819));
#4088=CARTESIAN_POINT('Ctrl Pts',(-28.,21.2111031800865,27.0000004097872));
#4089=CARTESIAN_POINT('Ctrl Pts',(-27.9999999999932,21.9258736634844,27.1446256638758));
#4090=CARTESIAN_POINT('Ctrl Pts',(-27.6316043459613,22.8617990010736,27.3040647331551));
#4091=CARTESIAN_POINT('Ctrl Pts',(-26.5005652184696,23.6666940482481,27.4271579758751));
#4092=CARTESIAN_POINT('Ctrl Pts',(-25.9025110501388,23.8233147416209,27.4500004249439));
#4093=CARTESIAN_POINT('Ctrl Pts',(-25.5,23.8233147416209,27.4500004249439));
#4094=CARTESIAN_POINT('Ctrl Pts',(-25.5,22.9302861942864,26.0000004097819));
#4095=CARTESIAN_POINT('Ctrl Pts',(-25.7415066300834,22.9302861942864,26.0000004097819));
#4096=CARTESIAN_POINT('Ctrl Pts',(-26.1003391310818,22.8294715948517,26.0000004097819));
#4097=CARTESIAN_POINT('Ctrl Pts',(-26.7789626075768,22.3082539641241,26.0000004097819));
#4098=CARTESIAN_POINT('Ctrl Pts',(-26.9999999999959,21.6941164402449,26.0000004097819));
#4099=CARTESIAN_POINT('Ctrl Pts',(-27.,21.2111031800781,26.0000004097819));
#4100=CARTESIAN_POINT('Origin',(-27.,10.3166247865539,27.0000004097819));
#4101=CARTESIAN_POINT('',(-27.8483649759069,20.3627375279179,26.4705885968664));
#4102=CARTESIAN_POINT('Origin',(-27.,21.2111025038248,27.0000004097819));
#4103=CARTESIAN_POINT('',(-28.,19.9999999012798,27.0000004097819));
#4104=CARTESIAN_POINT('Ctrl Pts',(-27.8483649759069,20.3627375279179,26.4705885968664));
#4105=CARTESIAN_POINT('Ctrl Pts',(-27.8775069490321,20.3335955547927,26.5172876480117));
#4106=CARTESIAN_POINT('Ctrl Pts',(-27.9025736441492,20.3024104359087,26.5661004639348));
#4107=CARTESIAN_POINT('Ctrl Pts',(-27.9764788230379,20.1857900159252,26.7437479149139));
#4108=CARTESIAN_POINT('Ctrl Pts',(-28.,20.0912804340223,26.8782930501091));
#4109=CARTESIAN_POINT('Ctrl Pts',(-28.,19.9999999012798,27.0000004097819));
#4110=CARTESIAN_POINT('',(-28.,10.3166247865539,27.0000004097819));
#4111=CARTESIAN_POINT('Origin',(-28.,21.2111025038248,27.0000004097819));
#4112=CARTESIAN_POINT('',(-28.,20.3627375279179,26.4705885968664));
#4113=CARTESIAN_POINT('',(-28.,21.2111025038248,26.0000004097819));
#4114=CARTESIAN_POINT('Origin',(-28.,14.0000002086163,22.5));
#4115=CARTESIAN_POINT('',(-25.5,14.0000002086163,33.5000005736947));
#4116=CARTESIAN_POINT('Origin',(-25.5,14.0000002086163,22.5));
#4117=CARTESIAN_POINT('',(25.5,14.0000002086163,33.5000005736947));
#4118=CARTESIAN_POINT('',(-28.,14.0000002086163,33.5000005736947));
#4119=CARTESIAN_POINT('Origin',(25.5,14.0000002086163,22.5));
#4120=CARTESIAN_POINT('Origin',(-25.5,14.0000002086163,22.5));
#4121=CARTESIAN_POINT('',(-28.,14.0000002086163,31.));
#4122=CARTESIAN_POINT('Origin',(-28.,14.0000002086163,22.5));
#4123=CARTESIAN_POINT('Origin',(-25.5,14.0000002086163,31.));
#4124=CARTESIAN_POINT('Origin',(-28.,0.,-33.5));
#4125=CARTESIAN_POINT('',(-28.,20.0000005159527,18.0000004097819));
#4126=CARTESIAN_POINT('Origin',(-28.,14.0000002086163,22.5));
#4127=CARTESIAN_POINT('',(-28.,21.2111036914993,18.0000004097819));
#4128=CARTESIAN_POINT('',(-28.,12.2141638793002,18.0000004097819));
#4129=CARTESIAN_POINT('',(-28.,14.0000002086163,13.9999994263053));
#4130=CARTESIAN_POINT('Origin',(-28.,14.0000002086163,22.5));
#4131=CARTESIAN_POINT('',(-28.,9.,13.9999994263053));
#4132=CARTESIAN_POINT('',(-28.,2.5,13.9999994263053));
#4133=CARTESIAN_POINT('',(-28.,9.,9.));
#4134=CARTESIAN_POINT('',(-28.,9.,-11.5));
#4135=CARTESIAN_POINT('',(-28.,5.,9.));
#4136=CARTESIAN_POINT('',(-28.,2.5,9.));
#4137=CARTESIAN_POINT('',(-28.,5.,-14.));
#4138=CARTESIAN_POINT('',(-28.,5.,-33.5));
#4139=CARTESIAN_POINT('',(-28.,14.0000002086163,-13.9999994263053));
#4140=CARTESIAN_POINT('',(-28.,7.00000010430813,-14.));
#4141=CARTESIAN_POINT('',(-28.,21.211103180076,-17.9999995902194));
#4142=CARTESIAN_POINT('Origin',(-28.,14.0000002086163,-22.5));
#4143=CARTESIAN_POINT('',(-28.,19.9999999012798,-17.9999995902181));
#4144=CARTESIAN_POINT('',(-28.,10.3166247865539,-17.9999995902181));
#4145=CARTESIAN_POINT('',(-28.,20.0000005159527,-26.9999995902181));
#4146=CARTESIAN_POINT('Origin',(-28.,14.0000002086163,-22.5));
#4147=CARTESIAN_POINT('',(-28.,21.2111036914993,-26.9999995902181));
#4148=CARTESIAN_POINT('',(-28.,12.2141638793002,-26.9999995902181));
#4149=CARTESIAN_POINT('',(-28.,14.0000002086163,-31.));
#4150=CARTESIAN_POINT('Origin',(-28.,14.0000002086163,-22.5));
#4151=CARTESIAN_POINT('',(-28.,0.,-31.));
#4152=CARTESIAN_POINT('',(-28.,0.,-31.));
#4153=CARTESIAN_POINT('',(-28.,0.,31.));
#4154=CARTESIAN_POINT('',(-28.,0.,-33.5));
#4155=CARTESIAN_POINT('',(-28.,0.,31.));
#4156=CARTESIAN_POINT('Origin',(-28.,20.6332495731077,26.0000004097819));
#4157=CARTESIAN_POINT('Origin',(-28.,21.2111030152636,18.0000004097819));
#4158=CARTESIAN_POINT('',(27.,21.2111036915168,19.0000004097819));
#4159=CARTESIAN_POINT('',(-27.,21.2111036914993,19.0000004097819));
#4160=CARTESIAN_POINT('',(-28.,21.2111030152636,19.0000004097819));
#4161=CARTESIAN_POINT('',(-27.8483650360762,20.3627379791874,18.5294121262782));
#4162=CARTESIAN_POINT('Origin',(-27.,21.2111030152636,18.0000004097819));
#4163=CARTESIAN_POINT('',(27.8483650360762,20.3627379791874,18.5294121262782));
#4164=CARTESIAN_POINT('',(-28.,20.3627379791874,18.5294121262782));
#4165=CARTESIAN_POINT('Origin',(27.,21.2111030152636,18.0000004097819));
#4166=CARTESIAN_POINT('Origin',(-27.,12.2141638793002,18.0000004097819));
#4167=CARTESIAN_POINT('Origin',(-27.,21.2111036914993,18.0000004097819));
#4168=CARTESIAN_POINT('Ctrl Pts',(-28.,20.0000005159527,18.0000004097819));
#4169=CARTESIAN_POINT('Ctrl Pts',(-28.,20.0912810236509,18.1217077706968));
#4170=CARTESIAN_POINT('Ctrl Pts',(-27.9764788224688,20.1857905784095,18.2562529055403));
#4171=CARTESIAN_POINT('Ctrl Pts',(-27.9025736586894,20.3024109418069,18.4339003208643));
#4172=CARTESIAN_POINT('Ctrl Pts',(-27.8775069836326,20.333596031631,18.4827131042889));
#4173=CARTESIAN_POINT('Ctrl Pts',(-27.8483650360762,20.3627379791874,18.5294121262782));
#4174=CARTESIAN_POINT('Ctrl Pts',(-27.,21.2111036914993,19.0000004097819));
#4175=CARTESIAN_POINT('Ctrl Pts',(-27.,21.5733642435185,19.0000004097819));
#4176=CARTESIAN_POINT('Ctrl Pts',(-26.8400244389738,22.1819908154815,19.0000004097819));
#4177=CARTESIAN_POINT('Ctrl Pts',(-26.2228058579386,22.7947855421427,19.0000004097819));
#4178=CARTESIAN_POINT('Ctrl Pts',(-25.7415070346795,22.9302866072673,19.0000004097819));
#4179=CARTESIAN_POINT('Ctrl Pts',(-25.5,22.9302866072673,19.0000004097819));
#4180=CARTESIAN_POINT('Ctrl Pts',(-27.1495996501709,21.2111036914993,19.0000004097819));
#4181=CARTESIAN_POINT('Ctrl Pts',(-27.1599430514826,21.5993754722122,19.0000362236018));
#4182=CARTESIAN_POINT('Ctrl Pts',(-27.005357166117,22.2648642509702,18.9999808395534));
#4183=CARTESIAN_POINT('Ctrl Pts',(-26.326892592989,22.9647508417909,19.0000567676165));
#4184=CARTESIAN_POINT('Ctrl Pts',(-25.7765145262632,23.1243400921289,19.0000004097819));
#4185=CARTESIAN_POINT('Ctrl Pts',(-25.5,23.1243400921289,19.0000004097819));
#4186=CARTESIAN_POINT('Ctrl Pts',(-27.4483717328132,21.2111036914993,18.9316342503181));
#4187=CARTESIAN_POINT('Ctrl Pts',(-27.4792961381792,21.6513374722725,18.9220463073321));
#4188=CARTESIAN_POINT('Ctrl Pts',(-27.3353210075343,22.4301748128978,18.905621734066));
#4189=CARTESIAN_POINT('Ctrl Pts',(-26.5344843497937,23.3036620574024,18.8879481884043));
#4190=CARTESIAN_POINT('Ctrl Pts',(-25.846342945242,23.5111372548815,18.8839209170471));
#4191=CARTESIAN_POINT('Ctrl Pts',(-25.5,23.5111372548815,18.8839209170471));
#4192=CARTESIAN_POINT('Ctrl Pts',(-27.8688231180745,21.2111036914993,18.5969995195322));
#4193=CARTESIAN_POINT('Ctrl Pts',(-27.9147500982466,21.724374001955,18.5436361580678));
#4194=CARTESIAN_POINT('Ctrl Pts',(-27.7551240293358,22.6496006372497,18.4539302310986));
#4195=CARTESIAN_POINT('Ctrl Pts',(-26.7800255353118,23.7123906274433,18.3615733248155));
#4196=CARTESIAN_POINT('Ctrl Pts',(-25.9286079809531,23.9681801873084,18.3405611774086));
#4197=CARTESIAN_POINT('Ctrl Pts',(-25.5,23.9681801873084,18.3405611774086));
#4198=CARTESIAN_POINT('Ctrl Pts',(-28.,21.2111036914993,18.2243998850383));
#4199=CARTESIAN_POINT('Ctrl Pts',(-28.0246797502321,21.7473785114485,18.1313971615476));
#4200=CARTESIAN_POINT('Ctrl Pts',(-27.8066748945976,22.6907589137738,17.9831734494044));
#4201=CARTESIAN_POINT('Ctrl Pts',(-26.7753918693679,23.7176780804798,17.8406742366848));
#4202=CARTESIAN_POINT('Ctrl Pts',(-25.926719629898,23.9543012787388,17.8099434411341));
#4203=CARTESIAN_POINT('Ctrl Pts',(-25.5,23.9543012787388,17.8099434411341));
#4204=CARTESIAN_POINT('Ctrl Pts',(-28.,21.2111036914993,18.0000004097819));
#4205=CARTESIAN_POINT('Ctrl Pts',(-28.,21.7471824767938,17.891531299559));
#4206=CARTESIAN_POINT('Ctrl Pts',(-27.7333740649564,22.6675648960205,17.7267539437928));
#4207=CARTESIAN_POINT('Ctrl Pts',(-26.7046764298976,23.6126860954735,17.5804711976779));
#4208=CARTESIAN_POINT('Ctrl Pts',(-25.9025117244658,23.8233151958998,17.5500004765764));
#4209=CARTESIAN_POINT('Ctrl Pts',(-25.5,23.8233151958998,17.5500004765764));
#4210=CARTESIAN_POINT('',(-25.5,22.9302866072673,19.0000004097819));
#4211=CARTESIAN_POINT('',(-25.5,23.8233151958998,17.5500004765764));
#4212=CARTESIAN_POINT('Origin',(-25.5,22.9302866072673,18.0000004097819));
#4213=CARTESIAN_POINT('Ctrl Pts',(-25.5,23.8233151958998,17.5500004765764));
#4214=CARTESIAN_POINT('Ctrl Pts',(-25.9025117244658,23.8233151958998,17.5500004765764));
#4215=CARTESIAN_POINT('Ctrl Pts',(-26.7046764298976,23.6126860954735,17.5804711976779));
#4216=CARTESIAN_POINT('Ctrl Pts',(-27.7333740649564,22.6675648960205,17.7267539437928));
#4217=CARTESIAN_POINT('Ctrl Pts',(-28.,21.7471824767938,17.891531299559));
#4218=CARTESIAN_POINT('Ctrl Pts',(-28.,21.2111036914993,18.0000004097819));
#4219=CARTESIAN_POINT('Ctrl Pts',(-27.,21.2111036914993,19.0000004097819));
#4220=CARTESIAN_POINT('Ctrl Pts',(-27.,21.5733642435185,19.0000004097819));
#4221=CARTESIAN_POINT('Ctrl Pts',(-26.8400244389738,22.1819908154815,19.0000004097819));
#4222=CARTESIAN_POINT('Ctrl Pts',(-26.2228058579386,22.7947855421427,19.0000004097819));
#4223=CARTESIAN_POINT('Ctrl Pts',(-25.7415070346795,22.9302866072673,19.0000004097819));
#4224=CARTESIAN_POINT('Ctrl Pts',(-25.5,22.9302866072673,19.0000004097819));
#4225=CARTESIAN_POINT('Origin',(-28.,22.9302866072673,18.0000004097819));
#4226=CARTESIAN_POINT('',(25.5,22.9302866072673,19.0000004097819));
#4227=CARTESIAN_POINT('',(25.5,23.8233151958998,17.5500004765764));
#4228=CARTESIAN_POINT('Origin',(25.5,22.9302866072673,18.0000004097819));
#4229=CARTESIAN_POINT('',(-28.,23.8233151958998,17.5500004765764));
#4230=CARTESIAN_POINT('',(-28.,22.9302866072673,19.0000004097819));
#4231=CARTESIAN_POINT('Ctrl Pts',(25.5,22.9302866072673,19.0000004097819));
#4232=CARTESIAN_POINT('Ctrl Pts',(25.741506622257,22.9302866072673,19.0000004097819));
#4233=CARTESIAN_POINT('Ctrl Pts',(26.2228158802756,22.7947707773307,19.0000004097819));
#4234=CARTESIAN_POINT('Ctrl Pts',(26.8400141957655,22.1819542736434,19.0000004097819));
#4235=CARTESIAN_POINT('Ctrl Pts',(26.999999999997,21.5733636249023,19.0000004097819));
#4236=CARTESIAN_POINT('Ctrl Pts',(27.,21.2111036915168,19.0000004097819));
#4237=CARTESIAN_POINT('Ctrl Pts',(25.5,23.1243400921289,19.0000004097819));
#4238=CARTESIAN_POINT('Ctrl Pts',(25.7765140540584,23.1243400921289,19.0000004097819));
#4239=CARTESIAN_POINT('Ctrl Pts',(26.3269034690704,22.9647335148556,19.0000567654087));
#4240=CARTESIAN_POINT('Ctrl Pts',(27.005343818007,22.2648246910592,18.9999808357061));
#4241=CARTESIAN_POINT('Ctrl Pts',(27.1599430338163,21.5993748091782,19.0000362235407));
#4242=CARTESIAN_POINT('Ctrl Pts',(27.1495996501714,21.2111036915181,19.0000004097819));
#4243=CARTESIAN_POINT('Ctrl Pts',(25.5,23.5111372548804,18.8839209170469));
#4244=CARTESIAN_POINT('Ctrl Pts',(25.8463423537912,23.5111372548804,18.8839209170469));
#4245=CARTESIAN_POINT('Ctrl Pts',(26.534496933627,23.3036396257108,18.8879486308334));
#4246=CARTESIAN_POINT('Ctrl Pts',(27.3353014762266,22.4301292261618,18.9056227131382));
#4247=CARTESIAN_POINT('Ctrl Pts',(27.4792960853668,21.651336720506,18.9220463237047));
#4248=CARTESIAN_POINT('Ctrl Pts',(27.4483717328144,21.2111036915206,18.9316342503174));
#4249=CARTESIAN_POINT('Ctrl Pts',(25.5,23.9681801873061,18.3405611774084));
#4250=CARTESIAN_POINT('Ctrl Pts',(25.9286072490182,23.9681801873061,18.3405611774084));
#4251=CARTESIAN_POINT('Ctrl Pts',(26.7800408027225,23.7123629956209,18.3615755877157));
#4252=CARTESIAN_POINT('Ctrl Pts',(27.7550987877271,22.6495469543333,18.4539356040837));
#4253=CARTESIAN_POINT('Ctrl Pts',(27.9147500198137,21.7243731254679,18.5436362491936));
#4254=CARTESIAN_POINT('Ctrl Pts',(27.868823118076,21.2111036915241,18.5969995195292));
#4255=CARTESIAN_POINT('Ctrl Pts',(25.5,23.9543012787388,17.8099434411341));
#4256=CARTESIAN_POINT('Ctrl Pts',(25.9267189011878,23.9543012787388,17.8099434411341));
#4257=CARTESIAN_POINT('Ctrl Pts',(26.7754083739594,23.7176522041851,17.8406775771029));
#4258=CARTESIAN_POINT('Ctrl Pts',(27.8066531447578,22.6907034200906,17.9831825720825));
#4259=CARTESIAN_POINT('Ctrl Pts',(28.0246797080826,21.7473775956775,18.1313973203644));
#4260=CARTESIAN_POINT('Ctrl Pts',(28.0000000000012,21.2111036915252,18.2243998850338));
#4261=CARTESIAN_POINT('Ctrl Pts',(25.5,23.8233151958998,17.5500004765764));
#4262=CARTESIAN_POINT('Ctrl Pts',(25.9025110370955,23.8233151958998,17.5500004765764));
#4263=CARTESIAN_POINT('Ctrl Pts',(26.7046931337929,23.612663070721,17.5804744518818));
#4264=CARTESIAN_POINT('Ctrl Pts',(27.7333569929427,22.6675101621164,17.7267642996942));
#4265=CARTESIAN_POINT('Ctrl Pts',(27.9999999999949,21.7471815613571,17.8915314847872));
#4266=CARTESIAN_POINT('Ctrl Pts',(28.,21.2111036915252,18.0000004097767));
#4267=CARTESIAN_POINT('',(28.,21.2111036915147,18.0000004097832));
#4268=CARTESIAN_POINT('Origin',(27.,21.2111036915168,18.0000004097819));
#4269=CARTESIAN_POINT('Ctrl Pts',(28.,21.2111036915252,18.0000004097767));
#4270=CARTESIAN_POINT('Ctrl Pts',(27.9999999999949,21.7471815613571,17.8915314847872));
#4271=CARTESIAN_POINT('Ctrl Pts',(27.7333569929427,22.6675101621164,17.7267642996942));
#4272=CARTESIAN_POINT('Ctrl Pts',(26.7046931337929,23.612663070721,17.5804744518818));
#4273=CARTESIAN_POINT('Ctrl Pts',(25.9025110370955,23.8233151958998,17.5500004765764));
#4274=CARTESIAN_POINT('Ctrl Pts',(25.5,23.8233151958998,17.5500004765764));
#4275=CARTESIAN_POINT('Ctrl Pts',(25.5,22.9302866072673,19.0000004097819));
#4276=CARTESIAN_POINT('Ctrl Pts',(25.741506622257,22.9302866072673,19.0000004097819));
#4277=CARTESIAN_POINT('Ctrl Pts',(26.2228158802756,22.7947707773307,19.0000004097819));
#4278=CARTESIAN_POINT('Ctrl Pts',(26.8400141957655,22.1819542736434,19.0000004097819));
#4279=CARTESIAN_POINT('Ctrl Pts',(26.999999999997,21.5733636249023,19.0000004097819));
#4280=CARTESIAN_POINT('Ctrl Pts',(27.,21.2111036915168,19.0000004097819));
#4281=CARTESIAN_POINT('Origin',(27.,12.2141638793002,18.0000004097819));
#4282=CARTESIAN_POINT('',(28.,20.0000005159527,18.0000004097819));
#4283=CARTESIAN_POINT('Ctrl Pts',(27.8483650360762,20.3627379791874,18.5294121262782));
#4284=CARTESIAN_POINT('Ctrl Pts',(27.8775069836325,20.3335960316311,18.482713104289));
#4285=CARTESIAN_POINT('Ctrl Pts',(27.9025736586895,20.3024109418068,18.4339003208642));
#4286=CARTESIAN_POINT('Ctrl Pts',(27.9764788224688,20.1857905784095,18.2562529055403));
#4287=CARTESIAN_POINT('Ctrl Pts',(28.,20.0912810236509,18.1217077706968));
#4288=CARTESIAN_POINT('Ctrl Pts',(28.,20.0000005159527,18.0000004097819));
#4289=CARTESIAN_POINT('',(28.,12.2141638793002,18.0000004097819));
#4290=CARTESIAN_POINT('Origin',(-28.,14.0000002086163,22.5));
#4291=CARTESIAN_POINT('Origin',(28.,14.0000002086163,22.5));
#4292=CARTESIAN_POINT('Origin',(-28.,24.4283277586003,19.0000004097819));
#4293=CARTESIAN_POINT('Origin',(27.,10.3166247865539,-17.9999995902181));
#4294=CARTESIAN_POINT('',(27.,21.2111031800606,-18.9999995902181));
#4295=CARTESIAN_POINT('',(28.,21.2111031800606,-17.9999995902181));
#4296=CARTESIAN_POINT('Origin',(27.,21.2111031800606,-17.9999995902181));
#4297=CARTESIAN_POINT('',(28.,19.9999999012798,-17.9999995902181));
#4298=CARTESIAN_POINT('',(28.,10.3166247865539,-17.9999995902181));
#4299=CARTESIAN_POINT('',(27.8483649759069,20.3627375279179,-18.5294114031336));
#4300=CARTESIAN_POINT('Ctrl Pts',(28.,19.9999999012798,-17.9999995902181));
#4301=CARTESIAN_POINT('Ctrl Pts',(28.,20.0912804340223,-18.1217069498909));
#4302=CARTESIAN_POINT('Ctrl Pts',(27.9764788230379,20.1857900159252,-18.2562520850861));
#4303=CARTESIAN_POINT('Ctrl Pts',(27.9025736441491,20.3024104359088,-18.4338995360653));
#4304=CARTESIAN_POINT('Ctrl Pts',(27.8775069490322,20.3335955547927,-18.4827123519882));
#4305=CARTESIAN_POINT('Ctrl Pts',(27.8483649759069,20.3627375279179,-18.5294114031336));
#4306=CARTESIAN_POINT('Origin',(27.,21.2111025038248,-17.9999995902181));
#4307=CARTESIAN_POINT('Ctrl Pts',(27.,21.2111031800606,-18.9999995902181));
#4308=CARTESIAN_POINT('Ctrl Pts',(27.,21.6941172650741,-18.9999995902181));
#4309=CARTESIAN_POINT('Ctrl Pts',(26.7789761793922,22.3082873696127,-18.9999995902181));
#4310=CARTESIAN_POINT('Ctrl Pts',(26.1003345164465,22.8294838060545,-18.9999995902181));
#4311=CARTESIAN_POINT('Ctrl Pts',(25.7415070425068,22.9302861942864,-18.9999995902181));
#4312=CARTESIAN_POINT('Ctrl Pts',(25.5,22.9302861942864,-18.9999995902181));
#4313=CARTESIAN_POINT('Ctrl Pts',(27.1495996501709,21.2111031800606,-18.9999995902181));
#4314=CARTESIAN_POINT('Ctrl Pts',(27.1633908539003,21.7287988995369,-19.0000473419848));
#4315=CARTESIAN_POINT('Ctrl Pts',(26.942544785214,22.4072282778041,-18.9999653849106));
#4316=CARTESIAN_POINT('Ctrl Pts',(26.1866691669318,23.0062191424946,-19.0000447385438));
#4317=CARTESIAN_POINT('Ctrl Pts',(25.7765145384227,23.1243396878884,-18.9999995902181));
#4318=CARTESIAN_POINT('Ctrl Pts',(25.5,23.1243396878884,-18.9999995902181));
#4319=CARTESIAN_POINT('Ctrl Pts',(27.4483717328138,21.2111031800606,-18.9316334307546));
#4320=CARTESIAN_POINT('Ctrl Pts',(27.4896042792232,21.798081558702,-18.9188495049373));
#4321=CARTESIAN_POINT('Ctrl Pts',(27.2689498846992,22.604539832786,-18.9020691480969));
#4322=CARTESIAN_POINT('Ctrl Pts',(26.3588567679169,23.3585920480282,-18.8868910012249));
#4323=CARTESIAN_POINT('Ctrl Pts',(25.8463429660183,23.5111368678822,-18.8839200868173));
#4324=CARTESIAN_POINT('Ctrl Pts',(25.5,23.5111368678822,-18.8839200868173));
#4325=CARTESIAN_POINT('Ctrl Pts',(27.8688231180757,21.2111031800606,-18.5969986999688));
#4326=CARTESIAN_POINT('Ctrl Pts',(27.9300591004326,21.8954635876214,-18.5258475411315));
#4327=CARTESIAN_POINT('Ctrl Pts',(27.6770741884871,22.8607256313195,-18.4350609071343));
#4328=CARTESIAN_POINT('Ctrl Pts',(26.5625673734234,23.7804199590057,-18.3561241200939));
#4329=CARTESIAN_POINT('Ctrl Pts',(25.9286080083941,23.9681798015128,-18.3405603025512));
#4330=CARTESIAN_POINT('Ctrl Pts',(25.5,23.9681798015128,-18.3405603025512));
#4331=CARTESIAN_POINT('Ctrl Pts',(28.,21.2111031800606,-18.2243990654745));
#4332=CARTESIAN_POINT('Ctrl Pts',(28.0329063383686,21.9261362635894,-18.1003954163452));
#4333=CARTESIAN_POINT('Ctrl Pts',(27.714029648112,22.8979021745989,-17.9537445062872));
#4334=CARTESIAN_POINT('Ctrl Pts',(26.5589389531672,23.7795639956079,-17.8328233485146));
#4335=CARTESIAN_POINT('Ctrl Pts',(25.9267196503133,23.9543008542155,-17.8099425393009));
#4336=CARTESIAN_POINT('Ctrl Pts',(25.5,23.9543008542155,-17.8099425393009));
#4337=CARTESIAN_POINT('Ctrl Pts',(28.,21.2111031800606,-17.9999995902181));
#4338=CARTESIAN_POINT('Ctrl Pts',(28.,21.9258748840784,-17.855374089151));
#4339=CARTESIAN_POINT('Ctrl Pts',(27.6316269656536,22.8618490314924,-17.6959255479076));
#4340=CARTESIAN_POINT('Ctrl Pts',(26.5005575274109,23.6667127972621,-17.5728389020506));
#4341=CARTESIAN_POINT('Ctrl Pts',(25.9025117375113,23.8233147416209,-17.5499995750561));
#4342=CARTESIAN_POINT('Ctrl Pts',(25.5,23.8233147416209,-17.5499995750561));
#4343=CARTESIAN_POINT('',(25.5,22.9302861942864,-18.9999995902181));
#4344=CARTESIAN_POINT('',(25.5,23.8233147416209,-17.5499995750561));
#4345=CARTESIAN_POINT('Origin',(25.5,22.9302861942864,-17.9999995902181));
#4346=CARTESIAN_POINT('Ctrl Pts',(25.5,23.8233147416209,-17.5499995750561));
#4347=CARTESIAN_POINT('Ctrl Pts',(25.9025117375113,23.8233147416209,-17.5499995750561));
#4348=CARTESIAN_POINT('Ctrl Pts',(26.5005575274109,23.6667127972621,-17.5728389020506));
#4349=CARTESIAN_POINT('Ctrl Pts',(27.6316269656536,22.8618490314924,-17.6959255479076));
#4350=CARTESIAN_POINT('Ctrl Pts',(28.,21.9258748840784,-17.855374089151));
#4351=CARTESIAN_POINT('Ctrl Pts',(28.,21.2111031800606,-17.9999995902181));
#4352=CARTESIAN_POINT('Ctrl Pts',(27.,21.2111031800606,-18.9999995902181));
#4353=CARTESIAN_POINT('Ctrl Pts',(27.,21.6941172650741,-18.9999995902181));
#4354=CARTESIAN_POINT('Ctrl Pts',(26.7789761793922,22.3082873696127,-18.9999995902181));
#4355=CARTESIAN_POINT('Ctrl Pts',(26.1003345164465,22.8294838060545,-18.9999995902181));
#4356=CARTESIAN_POINT('Ctrl Pts',(25.7415070425068,22.9302861942864,-18.9999995902181));
#4357=CARTESIAN_POINT('Ctrl Pts',(25.5,22.9302861942864,-18.9999995902181));
#4358=CARTESIAN_POINT('Origin',(-28.,22.9302861942864,-17.9999995902181));
#4359=CARTESIAN_POINT('',(-25.5,22.9302861942864,-18.9999995902181));
#4360=CARTESIAN_POINT('',(-25.5,23.8233147416209,-17.5499995750561));
#4361=CARTESIAN_POINT('Origin',(-25.5,22.9302861942864,-17.9999995902181));
#4362=CARTESIAN_POINT('',(-28.,23.8233147416209,-17.5499995750561));
#4363=CARTESIAN_POINT('',(-28.,22.9302861942864,-18.9999995902181));
#4364=CARTESIAN_POINT('Ctrl Pts',(-25.5,22.9302861942864,-18.9999995902181));
#4365=CARTESIAN_POINT('Ctrl Pts',(-25.7415066300834,22.9302861942864,-18.9999995902181));
#4366=CARTESIAN_POINT('Ctrl Pts',(-26.1003427439274,22.8294711185805,-18.9999995902181));
#4367=CARTESIAN_POINT('Ctrl Pts',(-26.7789678734297,22.3082522807879,-18.9999995902181));
#4368=CARTESIAN_POINT('Ctrl Pts',(-26.9999999999959,21.6941164402449,-18.9999995902181));
#4369=CARTESIAN_POINT('Ctrl Pts',(-27.,21.2111031800781,-18.9999995902181));
#4370=CARTESIAN_POINT('Ctrl Pts',(-25.5,23.1243396878883,-18.9999995902181));
#4371=CARTESIAN_POINT('Ctrl Pts',(-25.7765140662168,23.1243396878883,-18.9999995902181));
#4372=CARTESIAN_POINT('Ctrl Pts',(-26.1866781659957,23.0062043683246,-19.0000447367331));
#4373=CARTESIAN_POINT('Ctrl Pts',(-26.9425335934241,22.4071897510609,-18.9999653809179));
#4374=CARTESIAN_POINT('Ctrl Pts',(-27.1633908303451,21.7287980154833,-19.0000473419032));
#4375=CARTESIAN_POINT('Ctrl Pts',(-27.1495996501714,21.2111031800794,-18.9999995902181));
#4376=CARTESIAN_POINT('Ctrl Pts',(-25.5,23.5111368678811,-18.883920086817));
#4377=CARTESIAN_POINT('Ctrl Pts',(-25.8463423745658,23.5111368678811,-18.883920086817));
#4378=CARTESIAN_POINT('Ctrl Pts',(-26.3588673092773,23.358573116095,-18.8868913775841));
#4379=CARTESIAN_POINT('Ctrl Pts',(-27.2689329477857,22.6044944451839,-18.9020701067695));
#4380=CARTESIAN_POINT('Ctrl Pts',(-27.4896042088061,21.7980805563372,-18.9188495267678));
#4381=CARTESIAN_POINT('Ctrl Pts',(-27.4483717328149,21.2111031800819,-18.9316334307539));
#4382=CARTESIAN_POINT('Ctrl Pts',(-25.5,23.9681798015105,-18.3405603025511));
#4383=CARTESIAN_POINT('Ctrl Pts',(-25.9286072764569,23.9681798015105,-18.3405603025511));
#4384=CARTESIAN_POINT('Ctrl Pts',(-26.5625801978492,23.7803967463644,-18.3561260617445));
#4385=CARTESIAN_POINT('Ctrl Pts',(-27.6770521712845,22.8606716614344,-18.4350660962506));
#4386=CARTESIAN_POINT('Ctrl Pts',(-27.9300589958548,21.8954624189611,-18.5258476626339));
#4387=CARTESIAN_POINT('Ctrl Pts',(-27.8688231180772,21.2111031800854,-18.5969986999659));
#4388=CARTESIAN_POINT('Ctrl Pts',(-25.5,23.9543008542155,-17.8099425393009));
#4389=CARTESIAN_POINT('Ctrl Pts',(-25.9267189216009,23.9543008542155,-17.8099425393009));
#4390=CARTESIAN_POINT('Ctrl Pts',(-26.5589526332867,23.7795421083364,-17.8328262701263));
#4391=CARTESIAN_POINT('Ctrl Pts',(-27.7140112707595,22.897847423052,-17.953753096214));
#4392=CARTESIAN_POINT('Ctrl Pts',(-28.0329062821687,21.9261350425499,-18.1003956281028));
#4393=CARTESIAN_POINT('Ctrl Pts',(-28.0000000000012,21.2111031800865,-18.22439906547));
#4394=CARTESIAN_POINT('Ctrl Pts',(-25.5,23.8233147416209,-17.5499995750561));
#4395=CARTESIAN_POINT('Ctrl Pts',(-25.9025110501389,23.8233147416209,-17.5499995750561));
#4396=CARTESIAN_POINT('Ctrl Pts',(-26.500571239879,23.6666931400103,-17.5728418209226));
#4397=CARTESIAN_POINT('Ctrl Pts',(-27.6316131223827,22.8617960344267,-17.6959350563816));
#4398=CARTESIAN_POINT('Ctrl Pts',(-27.9999999999932,21.9258736634847,-17.8553743361242));
#4399=CARTESIAN_POINT('Ctrl Pts',(-28.,21.2111031800865,-17.9999995902128));
#4400=CARTESIAN_POINT('',(-27.,21.2111031800781,-18.9999995902181));
#4401=CARTESIAN_POINT('Origin',(-27.,21.2111031800781,-17.9999995902181));
#4402=CARTESIAN_POINT('Ctrl Pts',(-28.,21.2111031800865,-17.9999995902128));
#4403=CARTESIAN_POINT('Ctrl Pts',(-27.9999999999932,21.9258736634847,-17.8553743361242));
#4404=CARTESIAN_POINT('Ctrl Pts',(-27.6316131223827,22.8617960344267,-17.6959350563816));
#4405=CARTESIAN_POINT('Ctrl Pts',(-26.500571239879,23.6666931400103,-17.5728418209226));
#4406=CARTESIAN_POINT('Ctrl Pts',(-25.9025110501389,23.8233147416209,-17.5499995750561));
#4407=CARTESIAN_POINT('Ctrl Pts',(-25.5,23.8233147416209,-17.5499995750561));
#4408=CARTESIAN_POINT('Ctrl Pts',(-25.5,22.9302861942864,-18.9999995902181));
#4409=CARTESIAN_POINT('Ctrl Pts',(-25.7415066300834,22.9302861942864,-18.9999995902181));
#4410=CARTESIAN_POINT('Ctrl Pts',(-26.1003427439274,22.8294711185805,-18.9999995902181));
#4411=CARTESIAN_POINT('Ctrl Pts',(-26.7789678734297,22.3082522807879,-18.9999995902181));
#4412=CARTESIAN_POINT('Ctrl Pts',(-26.9999999999959,21.6941164402449,-18.9999995902181));
#4413=CARTESIAN_POINT('Ctrl Pts',(-27.,21.2111031800781,-18.9999995902181));
#4414=CARTESIAN_POINT('Origin',(-27.,10.3166247865539,-17.9999995902181));
#4415=CARTESIAN_POINT('',(-27.8483649759069,20.3627375279179,-18.5294114031336));
#4416=CARTESIAN_POINT('Origin',(-27.,21.2111025038248,-17.9999995902181));
#4417=CARTESIAN_POINT('Ctrl Pts',(-27.8483649759069,20.3627375279179,-18.5294114031336));
#4418=CARTESIAN_POINT('Ctrl Pts',(-27.8775069490321,20.3335955547927,-18.4827123519883));
#4419=CARTESIAN_POINT('Ctrl Pts',(-27.9025736441492,20.3024104359087,-18.4338995360652));
#4420=CARTESIAN_POINT('Ctrl Pts',(-27.9764788230379,20.1857900159252,-18.2562520850861));
#4421=CARTESIAN_POINT('Ctrl Pts',(-28.,20.0912804340223,-18.1217069498909));
#4422=CARTESIAN_POINT('Ctrl Pts',(-28.,19.9999999012798,-17.9999995902181));
#4423=CARTESIAN_POINT('Origin',(-28.,21.2111025038248,-17.9999995902181));
#4424=CARTESIAN_POINT('',(-28.,20.3627375279179,-18.5294114031336));
#4425=CARTESIAN_POINT('',(-28.,21.2111025038248,-18.9999995902181));
#4426=CARTESIAN_POINT('Origin',(-28.,14.0000002086163,-22.5));
#4427=CARTESIAN_POINT('',(-25.5,14.0000002086163,-11.4999994263053));
#4428=CARTESIAN_POINT('Origin',(-25.5,14.0000002086163,-22.5));
#4429=CARTESIAN_POINT('',(-23.9999996572733,14.0000002086163,-11.4999994263053));
#4430=CARTESIAN_POINT('',(-28.,14.0000002086163,-11.4999994263053));
#4431=CARTESIAN_POINT('',(-23.9999996572733,17.,-11.9169941003049));
#4432=CARTESIAN_POINT('Origin',(-23.9999996572733,14.0000002086163,-22.5));
#4433=CARTESIAN_POINT('',(-15.9999996572733,17.,-11.9169941003049));
#4434=CARTESIAN_POINT('',(-28.,17.,-11.9169941003049));
#4435=CARTESIAN_POINT('',(-15.9999996572733,14.0000002086163,-11.4999994263053));
#4436=CARTESIAN_POINT('Origin',(-15.9999996572733,14.0000002086163,-22.5));
#4437=CARTESIAN_POINT('',(-28.,14.0000002086163,-11.4999994263053));
#4438=CARTESIAN_POINT('',(-28.,21.1021134590005,-14.1));
#4439=CARTESIAN_POINT('',(-28.,14.0000002086163,-11.4999994263053));
#4440=CARTESIAN_POINT('',(-28.,21.1021134590005,-14.1));
#4441=CARTESIAN_POINT('',(16.0000003427267,14.0000002086163,-11.4999994263053));
#4442=CARTESIAN_POINT('',(-28.,14.0000002086163,-11.4999994263053));
#4443=CARTESIAN_POINT('',(16.0000003427267,17.,-11.9169941003049));
#4444=CARTESIAN_POINT('Origin',(16.0000003427267,14.0000002086163,-22.5));
#4445=CARTESIAN_POINT('',(24.0000003427267,17.,-11.9169941003049));
#4446=CARTESIAN_POINT('',(-28.,17.,-11.9169941003049));
#4447=CARTESIAN_POINT('',(24.0000003427267,14.0000002086163,-11.4999994263053));
#4448=CARTESIAN_POINT('Origin',(24.0000003427267,14.0000002086163,-22.5));
#4449=CARTESIAN_POINT('',(25.5,14.0000002086163,-11.4999994263053));
#4450=CARTESIAN_POINT('',(-28.,14.0000002086163,-11.4999994263053));
#4451=CARTESIAN_POINT('Origin',(25.5,14.0000002086163,-22.5));
#4452=CARTESIAN_POINT('Origin',(-25.5,14.0000002086163,-22.5));
#4453=CARTESIAN_POINT('Origin',(-25.5,14.0000002086163,-13.9999994263053));
#4454=CARTESIAN_POINT('Origin',(-28.,20.6332495731077,-18.9999995902181));
#4455=CARTESIAN_POINT('Origin',(-28.,21.2111030152636,-26.9999995902181));
#4456=CARTESIAN_POINT('',(27.,21.2111036915168,-25.9999995902181));
#4457=CARTESIAN_POINT('',(-27.,21.2111036914993,-25.9999995902181));
#4458=CARTESIAN_POINT('',(-28.,21.2111030152636,-25.9999995902181));
#4459=CARTESIAN_POINT('',(-27.8483650360762,20.3627379791874,-26.4705878737218));
#4460=CARTESIAN_POINT('Origin',(-27.,21.2111030152636,-26.9999995902181));
#4461=CARTESIAN_POINT('',(27.8483650360762,20.3627379791874,-26.4705878737218));
#4462=CARTESIAN_POINT('',(-28.,20.3627379791874,-26.4705878737218));
#4463=CARTESIAN_POINT('Origin',(27.,21.2111030152636,-26.9999995902181));
#4464=CARTESIAN_POINT('Origin',(-27.,12.2141638793002,-26.9999995902181));
#4465=CARTESIAN_POINT('Origin',(-27.,21.2111036914993,-26.9999995902181));
#4466=CARTESIAN_POINT('Ctrl Pts',(-28.,20.0000005159527,-26.9999995902181));
#4467=CARTESIAN_POINT('Ctrl Pts',(-28.,20.0912810236509,-26.8782922293032));
#4468=CARTESIAN_POINT('Ctrl Pts',(-27.9764788224688,20.1857905784095,-26.7437470944597));
#4469=CARTESIAN_POINT('Ctrl Pts',(-27.9025736586894,20.3024109418069,-26.5660996791357));
#4470=CARTESIAN_POINT('Ctrl Pts',(-27.8775069836326,20.333596031631,-26.5172868957111));
#4471=CARTESIAN_POINT('Ctrl Pts',(-27.8483650360762,20.3627379791874,-26.4705878737218));
#4472=CARTESIAN_POINT('Ctrl Pts',(-27.,21.2111036914993,-25.9999995902181));
#4473=CARTESIAN_POINT('Ctrl Pts',(-27.,21.5733642435185,-25.9999995902181));
#4474=CARTESIAN_POINT('Ctrl Pts',(-26.8400234797732,22.1819912109682,-25.9999995902181));
#4475=CARTESIAN_POINT('Ctrl Pts',(-26.2228051931607,22.7947850570344,-25.9999995902181));
#4476=CARTESIAN_POINT('Ctrl Pts',(-25.7415070346795,22.9302866072673,-25.9999995902181));
#4477=CARTESIAN_POINT('Ctrl Pts',(-25.5,22.9302866072673,-25.9999995902181));
#4478=CARTESIAN_POINT('Ctrl Pts',(-27.1495996501709,21.2111036914993,-25.9999995902181));
#4479=CARTESIAN_POINT('Ctrl Pts',(-27.1599430514826,21.5993754722122,-25.9999637763982));
#4480=CARTESIAN_POINT('Ctrl Pts',(-27.0053565756274,22.2648646409948,-26.0000190884238));
#4481=CARTESIAN_POINT('Ctrl Pts',(-26.3268920246166,22.9647500902783,-25.9999431534897));
#4482=CARTESIAN_POINT('Ctrl Pts',(-25.7765145262632,23.1243400921289,-25.9999995902181));
#4483=CARTESIAN_POINT('Ctrl Pts',(-25.5,23.1243400921289,-25.9999995902181));
#4484=CARTESIAN_POINT('Ctrl Pts',(-27.4483680141905,21.2111036914993,-26.0683681293702));
#4485=CARTESIAN_POINT('Ctrl Pts',(-27.4792924195565,21.6513374722726,-26.0779560723563));
#4486=CARTESIAN_POINT('Ctrl Pts',(-27.3353199360246,22.430168791051,-26.0943806803455));
#4487=CARTESIAN_POINT('Ctrl Pts',(-26.5344828480419,23.3036539781166,-26.11205425654));
#4488=CARTESIAN_POINT('Ctrl Pts',(-25.846342945242,23.5111265366324,-26.1160815894335));
#4489=CARTESIAN_POINT('Ctrl Pts',(-25.5,23.5111265366324,-26.1160815894335));
#4490=CARTESIAN_POINT('Ctrl Pts',(-27.8688155831441,21.2111036914993,-26.4030039137082));
#4491=CARTESIAN_POINT('Ctrl Pts',(-27.9147425633161,21.7243740019552,-26.4563672751726));
#4492=CARTESIAN_POINT('Ctrl Pts',(-27.7551199017527,22.6495885239783,-26.5460719130088));
#4493=CARTESIAN_POINT('Ctrl Pts',(-26.7800213763052,23.7123750856716,-26.6384285412616));
#4494=CARTESIAN_POINT('Ctrl Pts',(-25.9286079809531,23.9681582174566,-26.6594400496466));
#4495=CARTESIAN_POINT('Ctrl Pts',(-25.5,23.9681582174566,-26.6594400496466));
#4496=CARTESIAN_POINT('Ctrl Pts',(-28.,21.2111036914993,-26.7756001149617));
#4497=CARTESIAN_POINT('Ctrl Pts',(-28.0246797502321,21.7473785114487,-26.8686028384524));
#4498=CARTESIAN_POINT('Ctrl Pts',(-27.8066794023129,22.6907586995838,-27.0168261656361));
#4499=CARTESIAN_POINT('Ctrl Pts',(-26.7753948966579,23.7176770235567,-27.1593255866228));
#4500=CARTESIAN_POINT('Ctrl Pts',(-25.926719629898,23.9543012787389,-27.1900565588659));
#4501=CARTESIAN_POINT('Ctrl Pts',(-25.5,23.9543012787389,-27.1900565588659));
#4502=CARTESIAN_POINT('Ctrl Pts',(-28.,21.2111036914993,-26.9999995902181));
#4503=CARTESIAN_POINT('Ctrl Pts',(-28.,21.747182476794,-27.108468700441));
#4504=CARTESIAN_POINT('Ctrl Pts',(-27.7333724662887,22.6675657093625,-27.2732458661898));
#4505=CARTESIAN_POINT('Ctrl Pts',(-26.7046753219346,23.6126853902612,-27.4195286132687));
#4506=CARTESIAN_POINT('Ctrl Pts',(-25.9025117244658,23.8233151958998,-27.4499995234236));
#4507=CARTESIAN_POINT('Ctrl Pts',(-25.5,23.8233151958998,-27.4499995234236));
#4508=CARTESIAN_POINT('',(-25.5,22.9302866072673,-25.9999995902181));
#4509=CARTESIAN_POINT('',(-25.5,23.8233151958998,-27.4499995234236));
#4510=CARTESIAN_POINT('Origin',(-25.5,22.9302866072673,-26.9999995902181));
#4511=CARTESIAN_POINT('Ctrl Pts',(-25.5,23.8233151958998,-27.4499995234236));
#4512=CARTESIAN_POINT('Ctrl Pts',(-25.9025117244658,23.8233151958998,-27.4499995234236));
#4513=CARTESIAN_POINT('Ctrl Pts',(-26.7046753219346,23.6126853902612,-27.4195286132687));
#4514=CARTESIAN_POINT('Ctrl Pts',(-27.7333724662887,22.6675657093625,-27.2732458661898));
#4515=CARTESIAN_POINT('Ctrl Pts',(-28.,21.747182476794,-27.108468700441));
#4516=CARTESIAN_POINT('Ctrl Pts',(-28.,21.2111036914993,-26.9999995902181));
#4517=CARTESIAN_POINT('Ctrl Pts',(-27.,21.2111036914993,-25.9999995902181));
#4518=CARTESIAN_POINT('Ctrl Pts',(-27.,21.5733642435185,-25.9999995902181));
#4519=CARTESIAN_POINT('Ctrl Pts',(-26.8400234797732,22.1819912109682,-25.9999995902181));
#4520=CARTESIAN_POINT('Ctrl Pts',(-26.2228051931607,22.7947850570344,-25.9999995902181));
#4521=CARTESIAN_POINT('Ctrl Pts',(-25.7415070346795,22.9302866072673,-25.9999995902181));
#4522=CARTESIAN_POINT('Ctrl Pts',(-25.5,22.9302866072673,-25.9999995902181));
#4523=CARTESIAN_POINT('Origin',(-28.,22.9302866072673,-26.9999995902181));
#4524=CARTESIAN_POINT('',(25.5,22.9302866072673,-25.9999995902181));
#4525=CARTESIAN_POINT('',(25.5,23.8233151958998,-27.4499995234236));
#4526=CARTESIAN_POINT('Origin',(25.5,22.9302866072673,-26.9999995902181));
#4527=CARTESIAN_POINT('',(-28.,23.8233151958998,-27.4499995234236));
#4528=CARTESIAN_POINT('',(-28.,22.9302866072673,-25.9999995902181));
#4529=CARTESIAN_POINT('Ctrl Pts',(25.5,22.9302866072673,-25.9999995902181));
#4530=CARTESIAN_POINT('Ctrl Pts',(25.741506622257,22.9302866072673,-25.9999995902181));
#4531=CARTESIAN_POINT('Ctrl Pts',(26.1003391123281,22.8294720192522,-25.9999995902181));
#4532=CARTESIAN_POINT('Ctrl Pts',(26.7789625883688,22.3082544347965,-25.9999995902181));
#4533=CARTESIAN_POINT('Ctrl Pts',(26.9999999999959,21.6941169360309,-25.9999995902181));
#4534=CARTESIAN_POINT('Ctrl Pts',(27.,21.2111036915168,-25.9999995902181));
#4535=CARTESIAN_POINT('Ctrl Pts',(25.5,23.1243400921289,-25.9999995902181));
#4536=CARTESIAN_POINT('Ctrl Pts',(25.7765140540583,23.1243400921289,-25.9999995902181));
#4537=CARTESIAN_POINT('Ctrl Pts',(26.1866740106634,23.0062058969537,-25.9999543851248));
#4538=CARTESIAN_POINT('Ctrl Pts',(26.9425277028407,22.4071932237982,-26.0000337545752));
#4539=CARTESIAN_POINT('Ctrl Pts',(27.1633908283646,21.7287985150649,-25.9999518385398));
#4540=CARTESIAN_POINT('Ctrl Pts',(27.1495996501714,21.2111036915181,-25.9999995902181));
#4541=CARTESIAN_POINT('Ctrl Pts',(25.5,23.5111265366337,-26.1160815894331));
#4542=CARTESIAN_POINT('Ctrl Pts',(25.8463423537908,23.5111265366337,-26.1160815894331));
#4543=CARTESIAN_POINT('Ctrl Pts',(26.3588613057396,23.3585682175487,-26.1131102889697));
#4544=CARTESIAN_POINT('Ctrl Pts',(27.2689251884547,22.6044925372056,-26.0979315815307));
#4545=CARTESIAN_POINT('Ctrl Pts',(27.4896004842624,21.7980810635012,-26.0811520315206));
#4546=CARTESIAN_POINT('Ctrl Pts',(27.4483680141925,21.2111036915206,-26.0683681293704));
#4547=CARTESIAN_POINT('Ctrl Pts',(25.5,23.9681582174594,-26.6594400496465));
#4548=CARTESIAN_POINT('Ctrl Pts',(25.9286072490175,23.9681582174594,-26.6594400496465));
#4549=CARTESIAN_POINT('Ctrl Pts',(26.5625703571271,23.7803848429853,-26.6438750189959));
#4550=CARTESIAN_POINT('Ctrl Pts',(27.677039904827,22.8606638059567,-26.5649352192462));
#4551=CARTESIAN_POINT('Ctrl Pts',(27.930051452131,21.8954629367828,-26.4741549408245));
#4552=CARTESIAN_POINT('Ctrl Pts',(27.8688155831473,21.2111036915241,-26.4030039137104));
#4553=CARTESIAN_POINT('Ctrl Pts',(25.5,23.9543012787388,-27.1900565588659));
#4554=CARTESIAN_POINT('Ctrl Pts',(25.9267189011871,23.9543012787388,-27.1900565588659));
#4555=CARTESIAN_POINT('Ctrl Pts',(26.5589502772006,23.7795443944997,-27.1671727462357));
#4556=CARTESIAN_POINT('Ctrl Pts',(27.7140071027054,22.8978522221239,-27.046245903646));
#4557=CARTESIAN_POINT('Ctrl Pts',(28.0329062774431,21.9261355637284,-26.8996035345255));
#4558=CARTESIAN_POINT('Ctrl Pts',(28.0000000000012,21.2111036915252,-26.7756001149662));
#4559=CARTESIAN_POINT('Ctrl Pts',(25.5,23.8233151958998,-27.4499995234236));
#4560=CARTESIAN_POINT('Ctrl Pts',(25.9025110370949,23.8233151958998,-27.4499995234236));
#4561=CARTESIAN_POINT('Ctrl Pts',(26.5005651872134,23.6666945161286,-27.4271570800406));
#4562=CARTESIAN_POINT('Ctrl Pts',(27.631604313948,22.8617995169175,-27.3040638649453));
#4563=CARTESIAN_POINT('Ctrl Pts',(27.9999999999932,21.9258741846346,-27.1446248235426));
#4564=CARTESIAN_POINT('Ctrl Pts',(28.,21.2111036915252,-26.9999995902233));
#4565=CARTESIAN_POINT('',(28.,21.2111036915147,-26.9999995902168));
#4566=CARTESIAN_POINT('Origin',(27.,21.2111036915168,-26.9999995902181));
#4567=CARTESIAN_POINT('Ctrl Pts',(28.,21.2111036915252,-26.9999995902233));
#4568=CARTESIAN_POINT('Ctrl Pts',(27.9999999999932,21.9258741846346,-27.1446248235426));
#4569=CARTESIAN_POINT('Ctrl Pts',(27.631604313948,22.8617995169175,-27.3040638649453));
#4570=CARTESIAN_POINT('Ctrl Pts',(26.5005651872134,23.6666945161286,-27.4271570800406));
#4571=CARTESIAN_POINT('Ctrl Pts',(25.9025110370949,23.8233151958998,-27.4499995234236));
#4572=CARTESIAN_POINT('Ctrl Pts',(25.5,23.8233151958998,-27.4499995234236));
#4573=CARTESIAN_POINT('Ctrl Pts',(25.5,22.9302866072673,-25.9999995902181));
#4574=CARTESIAN_POINT('Ctrl Pts',(25.741506622257,22.9302866072673,-25.9999995902181));
#4575=CARTESIAN_POINT('Ctrl Pts',(26.1003391123281,22.8294720192522,-25.9999995902181));
#4576=CARTESIAN_POINT('Ctrl Pts',(26.7789625883688,22.3082544347965,-25.9999995902181));
#4577=CARTESIAN_POINT('Ctrl Pts',(26.9999999999959,21.6941169360309,-25.9999995902181));
#4578=CARTESIAN_POINT('Ctrl Pts',(27.,21.2111036915168,-25.9999995902181));
#4579=CARTESIAN_POINT('Origin',(27.,12.2141638793002,-26.9999995902181));
#4580=CARTESIAN_POINT('',(28.,20.0000005159527,-26.9999995902181));
#4581=CARTESIAN_POINT('Ctrl Pts',(27.8483650360762,20.3627379791874,-26.4705878737218));
#4582=CARTESIAN_POINT('Ctrl Pts',(27.8775069836325,20.3335960316311,-26.517286895711));
#4583=CARTESIAN_POINT('Ctrl Pts',(27.9025736586895,20.3024109418068,-26.5660996791358));
#4584=CARTESIAN_POINT('Ctrl Pts',(27.9764788224688,20.1857905784095,-26.7437470944597));
#4585=CARTESIAN_POINT('Ctrl Pts',(28.,20.0912810236509,-26.8782922293032));
#4586=CARTESIAN_POINT('Ctrl Pts',(28.,20.0000005159527,-26.9999995902181));
#4587=CARTESIAN_POINT('',(28.,12.2141638793002,-26.9999995902181));
#4588=CARTESIAN_POINT('Origin',(-28.,14.0000002086163,-22.5));
#4589=CARTESIAN_POINT('Origin',(28.,14.0000002086163,-22.5));
#4590=CARTESIAN_POINT('Origin',(-28.,24.4283277586003,-25.9999995902181));
#4591=CARTESIAN_POINT('Origin',(-25.5,7.00000010430813,-14.));
#4592=CARTESIAN_POINT('',(-25.5,5.,-11.5));
#4593=CARTESIAN_POINT('Origin',(-25.5,5.,-14.));
#4594=CARTESIAN_POINT('',(-25.5,7.00000010430813,-11.5));
#4595=CARTESIAN_POINT('Origin',(25.5,14.0000002086163,-22.5));
#4596=CARTESIAN_POINT('',(28.,14.0000002086163,-13.9999994263053));
#4597=CARTESIAN_POINT('Origin',(25.5,14.0000002086163,-13.9999994263053));
#4598=CARTESIAN_POINT('Origin',(28.,14.0000002086163,-22.5));
#4599=CARTESIAN_POINT('Origin',(25.5,7.00000010430813,-14.));
#4600=CARTESIAN_POINT('',(25.5,5.,-11.5));
#4601=CARTESIAN_POINT('',(28.,5.,-14.));
#4602=CARTESIAN_POINT('Origin',(25.5,5.,-14.));
#4603=CARTESIAN_POINT('',(28.,7.00000010430813,-14.));
#4604=CARTESIAN_POINT('',(25.5,7.00000010430813,-11.5));
#4605=CARTESIAN_POINT('Origin',(-28.,14.0000002086163,-11.5));
#4606=CARTESIAN_POINT('',(24.0000003427267,5.,-11.5));
#4607=CARTESIAN_POINT('',(24.0000003427267,9.50000010430813,-11.5));
#4608=CARTESIAN_POINT('',(-14.,5.,-11.5));
#4609=CARTESIAN_POINT('Origin',(-25.5,14.0000002086163,22.5));
#4610=CARTESIAN_POINT('',(-25.5,14.0000002086163,11.4999994263053));
#4611=CARTESIAN_POINT('Origin',(-25.5,14.0000002086163,22.5));
#4612=CARTESIAN_POINT('Origin',(-25.5,14.0000002086163,13.9999994263053));
#4613=CARTESIAN_POINT('Origin',(-25.5,2.5,13.9999994263053));
#4614=CARTESIAN_POINT('',(-25.5,9.,11.4999994263053));
#4615=CARTESIAN_POINT('Origin',(-25.5,9.,13.9999994263053));
#4616=CARTESIAN_POINT('',(-25.5,2.5,11.4999994263053));
#4617=CARTESIAN_POINT('Origin',(-28.,5.,11.4999994263053));
#4618=CARTESIAN_POINT('',(-28.,14.0000002086163,11.4999994263053));
#4619=CARTESIAN_POINT('',(-14.,9.,11.4999994263053));
#4620=CARTESIAN_POINT('Origin',(-28.,14.0000002086163,22.5));
#4621=CARTESIAN_POINT('',(25.5,14.0000002086163,11.4999994263053));
#4622=CARTESIAN_POINT('Origin',(25.5,14.0000002086163,22.5));
#4623=CARTESIAN_POINT('',(-28.,14.0000002086163,11.4999994263053));
#4624=CARTESIAN_POINT('',(-28.,21.1021134590005,14.1));
#4625=CARTESIAN_POINT('',(-28.,14.0000002086163,11.4999994263053));
#4626=CARTESIAN_POINT('',(-28.,21.1021134590005,14.1));
#4627=CARTESIAN_POINT('Origin',(25.5,2.5,13.9999994263053));
#4628=CARTESIAN_POINT('',(28.,14.0000002086163,13.9999994263053));
#4629=CARTESIAN_POINT('Origin',(25.5,14.0000002086163,13.9999994263053));
#4630=CARTESIAN_POINT('',(28.,9.,13.9999994263053));
#4631=CARTESIAN_POINT('',(28.,2.5,13.9999994263053));
#4632=CARTESIAN_POINT('',(25.5,9.,11.4999994263053));
#4633=CARTESIAN_POINT('Origin',(25.5,9.,13.9999994263053));
#4634=CARTESIAN_POINT('',(25.5,2.5,11.4999994263053));
#4635=CARTESIAN_POINT('Origin',(25.5,14.0000002086163,22.5));
#4636=CARTESIAN_POINT('Origin',(28.,14.0000002086163,22.5));
#4637=CARTESIAN_POINT('Origin',(-28.,5.,11.4999994263053));
#4638=CARTESIAN_POINT('',(-14.,9.,11.4999994263053));
#4639=CARTESIAN_POINT('Origin',(-25.5,0.,31.));
#4640=CARTESIAN_POINT('',(-25.5,0.,33.5));
#4641=CARTESIAN_POINT('Origin',(-25.5,0.,31.));
#4642=CARTESIAN_POINT('',(-25.5,0.,33.5));
#4643=CARTESIAN_POINT('Origin',(-28.,0.,33.5));
#4644=CARTESIAN_POINT('',(25.5,0.,33.5));
#4645=CARTESIAN_POINT('',(-28.,0.,33.5));
#4646=CARTESIAN_POINT('',(25.5,0.,33.5));
#4647=CARTESIAN_POINT('Origin',(0.,0.,4.44089209850063E-15));
#4648=CARTESIAN_POINT('',(-25.5,0.,-33.5));
#4649=CARTESIAN_POINT('Origin',(-25.5,0.,-31.));
#4650=CARTESIAN_POINT('',(25.5,0.,-33.5));
#4651=CARTESIAN_POINT('',(-28.,0.,-33.5));
#4652=CARTESIAN_POINT('',(28.,0.,-31.));
#4653=CARTESIAN_POINT('Origin',(25.5,0.,-31.));
#4654=CARTESIAN_POINT('',(28.,0.,31.));
#4655=CARTESIAN_POINT('',(28.,0.,-33.5));
#4656=CARTESIAN_POINT('Origin',(25.5,0.,31.));
#4657=CARTESIAN_POINT('',(9.75,0.,11.25));
#4658=CARTESIAN_POINT('Origin',(11.25,0.,11.25));
#4659=CARTESIAN_POINT('',(-12.75,0.,11.25));
#4660=CARTESIAN_POINT('Origin',(-11.25,0.,11.25));
#4661=CARTESIAN_POINT('',(9.75,0.,-11.25));
#4662=CARTESIAN_POINT('Origin',(11.25,0.,-11.25));
#4663=CARTESIAN_POINT('',(-12.75,0.,-11.25));
#4664=CARTESIAN_POINT('Origin',(-11.25,0.,-11.25));
#4665=CARTESIAN_POINT('Origin',(25.5,0.,31.));
#4666=CARTESIAN_POINT('',(28.,14.0000002086163,31.));
#4667=CARTESIAN_POINT('',(28.,0.,31.));
#4668=CARTESIAN_POINT('Origin',(25.5,14.0000002086163,31.));
#4669=CARTESIAN_POINT('Origin',(25.5,14.0000002086163,22.5));
#4670=CARTESIAN_POINT('Origin',(28.,14.0000002086163,22.5));
#4671=CARTESIAN_POINT('Origin',(28.,0.,33.5));
#4672=CARTESIAN_POINT('',(28.,14.0000002086163,-31.));
#4673=CARTESIAN_POINT('',(28.,0.,-31.));
#4674=CARTESIAN_POINT('Origin',(28.,14.0000002086163,-22.5));
#4675=CARTESIAN_POINT('',(28.,5.,8.99999999999999));
#4676=CARTESIAN_POINT('',(28.,5.,-33.5));
#4677=CARTESIAN_POINT('',(28.,9.,8.99999999999999));
#4678=CARTESIAN_POINT('',(28.,2.5,8.99999999999999));
#4679=CARTESIAN_POINT('',(28.,9.,11.4999994263053));
#4680=CARTESIAN_POINT('Origin',(-25.5,0.,-31.));
#4681=CARTESIAN_POINT('',(-25.5,14.0000002086163,-33.5000005736947));
#4682=CARTESIAN_POINT('Origin',(-25.5,14.0000002086163,-31.));
#4683=CARTESIAN_POINT('',(-25.5,0.,-33.5));
#4684=CARTESIAN_POINT('Origin',(-25.5,14.0000002086163,-22.5));
#4685=CARTESIAN_POINT('Origin',(-25.5,14.0000002086163,-22.5));
#4686=CARTESIAN_POINT('Origin',(28.,0.,-33.5));
#4687=CARTESIAN_POINT('',(25.5,14.0000002086163,-33.5000005736947));
#4688=CARTESIAN_POINT('',(-28.,14.0000002086163,-33.5000005736947));
#4689=CARTESIAN_POINT('',(25.5,0.,-33.5));
#4690=CARTESIAN_POINT('Origin',(-28.,14.0000002086163,-22.5));
#4691=CARTESIAN_POINT('Origin',(25.5,14.0000002086163,-22.5));
#4692=CARTESIAN_POINT('Origin',(25.5,0.,-31.));
#4693=CARTESIAN_POINT('Origin',(25.5,14.0000002086163,-31.));
#4694=CARTESIAN_POINT('Origin',(25.5,14.0000002086163,-22.5));
#4695=CARTESIAN_POINT('Origin',(-24.,2.5,9.));
#4696=CARTESIAN_POINT('',(-23.9999996572733,9.,5.));
#4697=CARTESIAN_POINT('Origin',(-24.,9.,9.));
#4698=CARTESIAN_POINT('',(-23.9999996572733,5.,5.));
#4699=CARTESIAN_POINT('',(-23.9999996572733,5.,5.));
#4700=CARTESIAN_POINT('Origin',(-24.,5.,9.));
#4701=CARTESIAN_POINT('Origin',(0.,9.,-2.86847354757924E-7));
#4702=CARTESIAN_POINT('',(-14.,9.,11.4999994263053));
#4703=CARTESIAN_POINT('',(24.0000003427267,9.,5.));
#4704=CARTESIAN_POINT('Origin',(24.,9.,8.99999999999999));
#4705=CARTESIAN_POINT('',(24.0000003427267,9.,3.5));
#4706=CARTESIAN_POINT('',(24.0000003427267,9.,-2.37500014342368));
#4707=CARTESIAN_POINT('',(22.5000003427267,9.,5.));
#4708=CARTESIAN_POINT('',(18.5000003287569,9.,9.00000001396984));
#4709=CARTESIAN_POINT('',(17.5000003427267,9.,5.));
#4710=CARTESIAN_POINT('',(8.00000017136336,9.,5.));
#4711=CARTESIAN_POINT('',(16.0000003427267,9.,3.5));
#4712=CARTESIAN_POINT('',(11.5000001853332,9.,-1.00000015739352));
#4713=CARTESIAN_POINT('',(16.0000003427267,9.,-1.15));
#4714=CARTESIAN_POINT('',(16.0000003427267,9.,-1.32500014342368));
#4715=CARTESIAN_POINT('',(17.5000003427267,9.,-2.65));
#4716=CARTESIAN_POINT('',(12.0875003287569,9.,2.76250001396984));
#4717=CARTESIAN_POINT('',(24.0000003427267,9.,-2.65));
#4718=CARTESIAN_POINT('',(12.,9.,-2.65));
#4719=CARTESIAN_POINT('',(24.0000003427267,9.,-4.75));
#4720=CARTESIAN_POINT('',(24.0000003427267,9.,-14.0000002086163));
#4721=CARTESIAN_POINT('',(17.5000003427267,9.,-4.75));
#4722=CARTESIAN_POINT('',(8.00000017136336,9.,-4.75));
#4723=CARTESIAN_POINT('',(16.0000003427267,9.,-6.25));
#4724=CARTESIAN_POINT('',(13.9375001853332,9.,-8.31250015739351));
#4725=CARTESIAN_POINT('',(16.0000003427267,9.,-11.5));
#4726=CARTESIAN_POINT('',(16.0000003427267,9.,-7.00000014342368));
#4727=CARTESIAN_POINT('',(-14.,9.,-11.5));
#4728=CARTESIAN_POINT('',(-14.,9.,-11.5));
#4729=CARTESIAN_POINT('',(-15.9999996572733,9.,-11.5));
#4730=CARTESIAN_POINT('',(-14.,9.,-11.5));
#4731=CARTESIAN_POINT('',(-15.9999996572733,9.,-6.24999999999996));
#4732=CARTESIAN_POINT('',(-15.9999996572733,9.,-2.37500014342368));
#4733=CARTESIAN_POINT('',(-17.5,9.,-4.75));
#4734=CARTESIAN_POINT('',(-13.9374988429869,9.,-8.31250034303701));
#4735=CARTESIAN_POINT('',(-23.9999996572733,9.,-4.75));
#4736=CARTESIAN_POINT('',(-12.,9.,-4.75));
#4737=CARTESIAN_POINT('',(-23.9999996572733,9.,-2.65));
#4738=CARTESIAN_POINT('',(-23.9999996572733,9.,-14.0000002086163));
#4739=CARTESIAN_POINT('',(-17.5,9.,-2.65));
#4740=CARTESIAN_POINT('',(-8.,9.,-2.65));
#4741=CARTESIAN_POINT('',(-15.9999996572733,9.,-1.15000000000004));
#4742=CARTESIAN_POINT('',(-12.0874989864106,9.,2.76249977691709));
#4743=CARTESIAN_POINT('',(-15.9999996572733,9.,3.5));
#4744=CARTESIAN_POINT('',(-15.9999996572733,9.,2.49999985657632));
#4745=CARTESIAN_POINT('',(-17.4999996572733,9.,5.));
#4746=CARTESIAN_POINT('',(-11.4999996712431,9.,-0.999999986030164));
#4747=CARTESIAN_POINT('',(-22.4999996572733,9.,5.));
#4748=CARTESIAN_POINT('',(-11.9999998286366,9.,5.));
#4749=CARTESIAN_POINT('',(-23.9999996572733,9.,3.5));
#4750=CARTESIAN_POINT('',(-18.4999998146668,9.,8.99999984260648));
#4751=CARTESIAN_POINT('',(-23.9999996572733,9.,-7.00000014342368));
#4752=CARTESIAN_POINT('',(12.9999998062849,9.,0.500000014901161));
#4753=CARTESIAN_POINT('Origin',(8.99999980628491,9.,0.500000014901161));
#4754=CARTESIAN_POINT('',(-5.0000001937151,9.,0.500000014901161));
#4755=CARTESIAN_POINT('Origin',(-9.0000001937151,9.,0.500000014901161));
#4756=CARTESIAN_POINT('Origin',(24.,2.5,8.99999999999999));
#4757=CARTESIAN_POINT('',(24.0000003427267,5.,5.));
#4758=CARTESIAN_POINT('Origin',(24.,5.,8.99999999999999));
#4759=CARTESIAN_POINT('',(24.0000003427267,5.,5.));
#4760=CARTESIAN_POINT('Origin',(-23.2499996572733,5.,4.25));
#4761=CARTESIAN_POINT('',(-22.4999996572733,17.,5.));
#4762=CARTESIAN_POINT('',(-23.9999996572733,17.,3.5));
#4763=CARTESIAN_POINT('',(-23.2062497001141,17.,4.29374995715916));
#4764=CARTESIAN_POINT('',(-23.9999996572733,5.,3.5));
#4765=CARTESIAN_POINT('',(-22.4999996572733,5.,5.));
#4766=CARTESIAN_POINT('Origin',(-23.9999996572733,5.,-14.));
#4767=CARTESIAN_POINT('',(-23.9999996572733,17.,-1.15));
#4768=CARTESIAN_POINT('',(-23.9999996572733,17.,-14.));
#4769=CARTESIAN_POINT('',(-24.,15.5,-2.65));
#4770=CARTESIAN_POINT('',(-23.9999996572733,10.4125,-7.7375));
#4771=CARTESIAN_POINT('',(-24.,5.,-2.65));
#4772=CARTESIAN_POINT('',(-24.,15.5,-4.75));
#4773=CARTESIAN_POINT('',(-24.,5.,-4.75));
#4774=CARTESIAN_POINT('',(-23.9999996572733,17.,-6.25));
#4775=CARTESIAN_POINT('',(-23.9999996572733,15.5625,-4.8125));
#4776=CARTESIAN_POINT('',(-23.9999996572733,17.,-14.));
#4777=CARTESIAN_POINT('',(-23.9999996572733,5.,-11.5));
#4778=CARTESIAN_POINT('',(-23.9999996572733,9.50000010430813,-11.5));
#4779=CARTESIAN_POINT('',(-23.9999996572733,5.,-1.325));
#4780=CARTESIAN_POINT('Origin',(-19.9999998286366,17.,1.175));
#4781=CARTESIAN_POINT('',(-17.4999996572733,17.,5.));
#4782=CARTESIAN_POINT('',(-23.9999996572733,17.,5.));
#4783=CARTESIAN_POINT('',(-15.9999996572733,17.,3.5));
#4784=CARTESIAN_POINT('',(-16.7937497001141,17.,4.29375004284084));
#4785=CARTESIAN_POINT('',(-15.9999996572733,17.,-1.15000000000004));
#4786=CARTESIAN_POINT('',(-15.9999996572733,17.,5.));
#4787=CARTESIAN_POINT('',(-17.9999999143183,17.,-1.15));
#4788=CARTESIAN_POINT('Origin',(-16.7499996572733,5.,4.25));
#4789=CARTESIAN_POINT('',(-17.4999996572733,5.,5.));
#4790=CARTESIAN_POINT('',(-15.9999996572733,5.,3.5));
#4791=CARTESIAN_POINT('Origin',(-15.9999996572733,5.,5.));
#4792=CARTESIAN_POINT('',(-15.9999996572733,5.,-1.15000000000004));
#4793=CARTESIAN_POINT('Origin',(16.7500003427267,5.,4.25));
#4794=CARTESIAN_POINT('',(17.5000003427267,17.,5.));
#4795=CARTESIAN_POINT('',(16.0000003427267,17.,3.49999999999999));
#4796=CARTESIAN_POINT('',(16.7937502998859,17.,4.29374995715916));
#4797=CARTESIAN_POINT('',(16.0000003427267,5.,3.5));
#4798=CARTESIAN_POINT('',(17.5000003427267,5.,5.));
#4799=CARTESIAN_POINT('Origin',(16.0000003427267,5.,-2.65));
#4800=CARTESIAN_POINT('',(16.0000003427267,17.,-1.15));
#4801=CARTESIAN_POINT('',(16.0000003427267,17.,-14.));
#4802=CARTESIAN_POINT('',(16.0000003427267,5.,-1.15));
#4803=CARTESIAN_POINT('Origin',(20.0000001713634,17.,1.175));
#4804=CARTESIAN_POINT('',(22.5000003427267,17.,5.));
#4805=CARTESIAN_POINT('',(16.0000003427267,17.,5.));
#4806=CARTESIAN_POINT('',(24.0000003427267,17.,3.5));
#4807=CARTESIAN_POINT('',(23.2062502998859,17.,4.29375004284083));
#4808=CARTESIAN_POINT('',(24.0000003427267,17.,-1.15));
#4809=CARTESIAN_POINT('',(24.0000003427267,17.,5.));
#4810=CARTESIAN_POINT('',(22.0000000856817,17.,-1.15));
#4811=CARTESIAN_POINT('Origin',(23.2500003427267,5.,4.25));
#4812=CARTESIAN_POINT('',(22.5000003427267,5.,5.));
#4813=CARTESIAN_POINT('',(24.0000003427267,5.,3.5));
#4814=CARTESIAN_POINT('Origin',(24.0000003427267,5.,-4.75));
#4815=CARTESIAN_POINT('',(24.0000003427267,5.,2.5));
#4816=CARTESIAN_POINT('',(24.0000003427267,17.,-6.25));
#4817=CARTESIAN_POINT('',(24.0000003427267,17.,5.));
#4818=CARTESIAN_POINT('',(24.0000003427267,15.5,-4.75));
#4819=CARTESIAN_POINT('',(24.0000003427267,13.25,-2.5));
#4820=CARTESIAN_POINT('',(24.0000003427267,5.,-4.75));
#4821=CARTESIAN_POINT('',(24.0000003427267,15.5,-2.65));
#4822=CARTESIAN_POINT('',(24.0000003427267,5.,-2.65));
#4823=CARTESIAN_POINT('',(24.0000003427267,12.725,-5.425));
#4824=CARTESIAN_POINT('Origin',(16.7500003427267,5.,-1.9));
#4825=CARTESIAN_POINT('',(17.5000003427267,15.5,-2.65));
#4826=CARTESIAN_POINT('',(17.5000003427267,5.,-2.65));
#4827=CARTESIAN_POINT('',(16.0000003427267,17.,-1.15));
#4828=CARTESIAN_POINT('Origin',(22.0000000856817,16.25,-1.9));
#4829=CARTESIAN_POINT('',(22.0000000856817,15.5,-2.65));
#4830=CARTESIAN_POINT('Origin',(16.7500003427267,5.,-5.5));
#4831=CARTESIAN_POINT('',(16.0000003427267,17.,-6.25));
#4832=CARTESIAN_POINT('',(16.0000003427267,5.,-6.25));
#4833=CARTESIAN_POINT('',(17.5000003427267,15.5,-4.75));
#4834=CARTESIAN_POINT('',(17.5000003427267,5.,-4.75));
#4835=CARTESIAN_POINT('',(17.5000003427267,15.5,-4.75));
#4836=CARTESIAN_POINT('Origin',(18.0000003427267,16.25,-5.5));
#4837=CARTESIAN_POINT('',(18.0000003427267,15.5,-4.75));
#4838=CARTESIAN_POINT('',(18.0000003427267,17.,-6.25));
#4839=CARTESIAN_POINT('Origin',(16.0000003427267,5.,-4.75));
#4840=CARTESIAN_POINT('Origin',(-16.7499998286366,5.,-1.90000000000002));
#4841=CARTESIAN_POINT('',(-17.5,15.5,-2.65));
#4842=CARTESIAN_POINT('',(-17.5,5.,-2.65));
#4843=CARTESIAN_POINT('',(-17.5,15.5,-2.65));
#4844=CARTESIAN_POINT('Origin',(-17.9999999143183,16.25,-1.9));
#4845=CARTESIAN_POINT('',(-17.9999999143183,15.5,-2.65));
#4846=CARTESIAN_POINT('Origin',(-16.7499998286366,5.,-5.49999999999998));
#4847=CARTESIAN_POINT('',(-17.5,15.5,-4.75));
#4848=CARTESIAN_POINT('',(-17.5,5.,-4.75));
#4849=CARTESIAN_POINT('',(-15.9999996572733,17.,-6.25));
#4850=CARTESIAN_POINT('',(-15.9999996572733,5.,-6.24999999999996));
#4851=CARTESIAN_POINT('',(-15.9999996572733,17.,-6.24999999999996));
#4852=CARTESIAN_POINT('Origin',(-21.9999998286367,16.25,-5.5));
#4853=CARTESIAN_POINT('',(-21.9999998286367,17.,-6.25));
#4854=CARTESIAN_POINT('',(-21.9999998286367,15.5,-4.75));
#4855=CARTESIAN_POINT('Origin',(-24.,5.,-4.75));
#4856=CARTESIAN_POINT('Origin',(-9.0000001937151,17.5,0.500000014901161));
#4857=CARTESIAN_POINT('',(-5.0000001937151,17.,0.500000014901161));
#4858=CARTESIAN_POINT('Origin',(-9.0000001937151,17.,0.500000014901161));
#4859=CARTESIAN_POINT('',(-6.0000001937151,18.,0.500000014901162));
#4860=CARTESIAN_POINT('Origin',(-9.0000001937151,18.,0.500000014901161));
#4861=CARTESIAN_POINT('Origin',(-9.0000001937151,5.,0.500000014901161));
#4862=CARTESIAN_POINT('Origin',(-9.0000001937151,18.,0.500000014901161));
#4863=CARTESIAN_POINT('Origin',(8.99999980628491,17.5,0.500000014901161));
#4864=CARTESIAN_POINT('',(12.9999998062849,17.,0.500000014901161));
#4865=CARTESIAN_POINT('Origin',(8.99999980628491,17.,0.500000014901161));
#4866=CARTESIAN_POINT('',(11.9999998062849,18.,0.500000014901162));
#4867=CARTESIAN_POINT('Origin',(8.99999980628491,18.,0.500000014901161));
#4868=CARTESIAN_POINT('Origin',(8.99999980628491,5.,0.500000014901161));
#4869=CARTESIAN_POINT('Origin',(8.99999980628491,18.,0.500000014901161));
#4870=CARTESIAN_POINT('Origin',(-16.,5.,-2.65));
#4871=CARTESIAN_POINT('Origin',(-15.9999996572733,5.,-4.75));
#4872=CARTESIAN_POINT('',(-15.9999996572733,9.50000010430813,-11.5));
#4873=CARTESIAN_POINT('',(-15.9999996572733,17.,5.));
#4874=CARTESIAN_POINT('Origin',(-28.,14.0000002086163,-11.5));
#4875=CARTESIAN_POINT('Origin',(-28.,14.0000002086163,-11.5));
#4876=CARTESIAN_POINT('Origin',(-28.,14.0000002086163,-11.5));
#4877=CARTESIAN_POINT('',(16.0000003427267,9.50000010430813,-11.5));
#4878=CARTESIAN_POINT('Origin',(16.0000003427267,5.,-14.));
#4879=CARTESIAN_POINT('',(16.0000003427267,17.,-14.));
#4880=CARTESIAN_POINT('Origin',(0.,5.,4.44089209850063E-15));
#4881=CARTESIAN_POINT('Origin',(0.,5.,4.44089209850063E-15));
#4882=CARTESIAN_POINT('',(12.8954482671904,5.,-14.1));
#4883=CARTESIAN_POINT('',(12.7290199457749,5.,-11.5));
#4884=CARTESIAN_POINT('Origin',(11.25,5.,-11.25));
#4885=CARTESIAN_POINT('Origin',(0.,5.,4.44089209850063E-15));
#4886=CARTESIAN_POINT('',(9.60455173280956,5.,14.1));
#4887=CARTESIAN_POINT('',(9.7709799572531,5.,11.4999994263053));
#4888=CARTESIAN_POINT('Origin',(11.25,5.,11.25));
#4889=CARTESIAN_POINT('Origin',(0.,5.,4.44089209850063E-15));
#4890=CARTESIAN_POINT('',(-9.60455173280957,5.,-14.1));
#4891=CARTESIAN_POINT('',(-12.7290199457749,5.,-11.5));
#4892=CARTESIAN_POINT('Origin',(-11.25,5.,-11.25));
#4893=CARTESIAN_POINT('Origin',(0.,5.,4.44089209850063E-15));
#4894=CARTESIAN_POINT('',(-12.8954482671904,5.,14.1));
#4895=CARTESIAN_POINT('',(-12.7290200427469,5.,11.4999994263053));
#4896=CARTESIAN_POINT('Origin',(-11.25,5.,11.25));
#4897=CARTESIAN_POINT('Origin',(16.0000003427267,5.,5.));
#4898=CARTESIAN_POINT('Origin',(24.,5.,-2.65));
#4899=CARTESIAN_POINT('Origin',(20.0000003427267,17.,-12.75));
#4900=CARTESIAN_POINT('Origin',(-19.9999996572733,17.,-12.75));
#4901=CARTESIAN_POINT('Origin',(-23.9999996572733,5.,5.));
#4902=CARTESIAN_POINT('Origin',(9.60455173280956,5.,14.1));
#4903=CARTESIAN_POINT('Origin',(12.8954482671904,5.,-14.1));
#4904=CARTESIAN_POINT('Origin',(-12.8954482671904,5.,14.1));
#4905=CARTESIAN_POINT('Origin',(-9.60455173280957,5.,-14.1));
#4906=CARTESIAN_POINT('Origin',(0.,5.,4.44089209850063E-15));
#4907=CARTESIAN_POINT('',(-14.,5.,-11.5));
#4908=CARTESIAN_POINT('Origin',(-28.,14.0000002086163,-11.5));
#4909=CARTESIAN_POINT('Origin',(-28.,5.,11.4999994263053));
#4910=CARTESIAN_POINT('Origin',(-11.25,0.,-11.25));
#4911=CARTESIAN_POINT('Origin',(11.25,0.,-11.25));
#4912=CARTESIAN_POINT('Origin',(-11.25,0.,11.25));
#4913=CARTESIAN_POINT('Origin',(11.25,0.,11.25));
#4914=UNCERTAINTY_MEASURE_WITH_UNIT(LENGTH_MEASURE(0.01),#4918,
'DISTANCE_ACCURACY_VALUE',
'Maximum model space distance between geometric entities at asserted c
onnectivities');
#4915=UNCERTAINTY_MEASURE_WITH_UNIT(LENGTH_MEASURE(0.01),#4918,
'DISTANCE_ACCURACY_VALUE',
'Maximum model space distance between geometric entities at asserted c
onnectivities');
#4916=(
GEOMETRIC_REPRESENTATION_CONTEXT(3)
GLOBAL_UNCERTAINTY_ASSIGNED_CONTEXT((#4914))
GLOBAL_UNIT_ASSIGNED_CONTEXT((#4918,#4920,#4919))
REPRESENTATION_CONTEXT('','3D')
);
#4917=(
GEOMETRIC_REPRESENTATION_CONTEXT(3)
GLOBAL_UNCERTAINTY_ASSIGNED_CONTEXT((#4915))
GLOBAL_UNIT_ASSIGNED_CONTEXT((#4918,#4920,#4919))
REPRESENTATION_CONTEXT('','3D')
);
#4918=(
LENGTH_UNIT()
NAMED_UNIT(*)
SI_UNIT(.MILLI.,.METRE.)
);
#4919=(
NAMED_UNIT(*)
SI_UNIT($,.STERADIAN.)
SOLID_ANGLE_UNIT()
);
#4920=(
NAMED_UNIT(*)
PLANE_ANGLE_UNIT()
SI_UNIT($,.RADIAN.)
);
#4921=SHAPE_DEFINITION_REPRESENTATION(#4922,#4923);
#4922=PRODUCT_DEFINITION_SHAPE('',$,#4925);
#4923=SHAPE_REPRESENTATION('',(#2740),#4916);
#4924=PRODUCT_DEFINITION_CONTEXT('part definition',#4929,'design');
#4925=PRODUCT_DEFINITION('X carriage bearing clamp v6',
'X carriage bearing clamp v6',#4926,#4924);
#4926=PRODUCT_DEFINITION_FORMATION('',$,#4931);
#4927=PRODUCT_RELATED_PRODUCT_CATEGORY('X carriage bearing clamp v6',
'X carriage bearing clamp v6',(#4931));
#4928=APPLICATION_PROTOCOL_DEFINITION('international standard',
'automotive_design',2009,#4929);
#4929=APPLICATION_CONTEXT(
'Core Data for Automotive Mechanical Design Process');
#4930=PRODUCT_CONTEXT('part definition',#4929,'mechanical');
#4931=PRODUCT('X carriage bearing clamp v6',
'X carriage bearing clamp v6',$,(#4930));
#4932=PRESENTATION_STYLE_ASSIGNMENT((#4933));
#4933=SURFACE_STYLE_USAGE(.BOTH.,#4934);
#4934=SURFACE_SIDE_STYLE('',(#4935));
#4935=SURFACE_STYLE_FILL_AREA(#4936);
#4936=FILL_AREA_STYLE('Steel - Satin',(#4937));
#4937=FILL_AREA_STYLE_COLOUR('Steel - Satin',#4938);
#4938=COLOUR_RGB('Steel - Satin',0.627450980392157,0.627450980392157,0.627450980392157);
ENDSEC;
END-ISO-10303-21;
