ISO-10303-21;
HEADER;
FILE_DESCRIPTION (( 'STEP AP203' ),
    '1' );
FILE_NAME ('RAMPS 1.6 Single part.STEP',
    '2019-04-14T18:02:57',
    ( '' ),
    ( '' ),
    'SwSTEP 2.0',
    'SolidWorks 2018',
    '' );
FILE_SCHEMA (( 'CONFIG_CONTROL_DESIGN' ));
ENDSEC;

DATA;
#1 = ORIENTED_EDGE ( 'NONE', *, *, #198, .F. ) ;
#2 = ORIENTED_EDGE ( 'NONE', *, *, #3299, .T. ) ;
#3 = CARTESIAN_POINT ( 'NONE',  ( -24.17007446102908474, 6.627966397586102509, -30.38780315789474074 ) ) ;
#4 = DIRECTION ( 'NONE',  ( 0.0000000000000000000, 0.0000000000000000000, -1.000000000000000000 ) ) ;
#5 = ORIENTED_EDGE ( 'NONE', *, *, #2151, .T. ) ;
#6 = FACE_OUTER_BOUND ( 'NONE', #2384, .T. ) ;
#7 = DIRECTION ( 'NONE',  ( 0.0000000000000000000, 0.0000000000000000000, 1.000000000000000000 ) ) ;
#8 = CARTESIAN_POINT ( 'NONE',  ( -30.53007446102908062, 5.899999999999999467, -30.25780315789473107 ) ) ;
#9 = ADVANCED_FACE ( 'NONE', ( #4915 ), #4708, .F. ) ;
#10 = ORIENTED_EDGE ( 'NONE', *, *, #5301, .F. ) ;
#11 = FACE_OUTER_BOUND ( 'NONE', #1630, .T. ) ;
#12 = CARTESIAN_POINT ( 'NONE',  ( -19.74839789473683993, 1.449999999999999956, 18.60509684210526515 ) ) ;
#13 = VERTEX_POINT ( 'NONE', #461 ) ;
#14 = DIRECTION ( 'NONE',  ( -0.0000000000000000000, -0.0000000000000000000, 1.000000000000000000 ) ) ;
#15 = DIRECTION ( 'NONE',  ( -0.0000000000000000000, 0.0000000000000000000, 1.000000000000000000 ) ) ;
#16 = DIRECTION ( 'NONE',  ( -0.0000000000000000000, 1.000000000000000000, -0.0000000000000000000 ) ) ;
#17 = DIRECTION ( 'NONE',  ( 0.0000000000000000000, 0.0000000000000000000, -1.000000000000000000 ) ) ;
#18 = CARTESIAN_POINT ( 'NONE',  ( -38.69399789473683882, 1.449999999999999956, 16.02419684210526540 ) ) ;
#19 = VERTEX_POINT ( 'NONE', #2546 ) ;
#20 = VERTEX_POINT ( 'NONE', #141 ) ;
#21 = EDGE_CURVE ( 'NONE', #4063, #2686, #3394, .T. ) ;
#22 = AXIS2_PLACEMENT_3D ( 'NONE', #642, #4522, #1032 ) ;
#23 = COORDINATED_UNIVERSAL_TIME_OFFSET ( 3, 0, .AHEAD. ) ;
#24 = CARTESIAN_POINT ( 'NONE',  ( 21.98470210526316038, 0.0000000000000000000, 18.99739684210526391 ) ) ;
#25 = ORIENTED_EDGE ( 'NONE', *, *, #1335, .F. ) ;
#26 = VERTEX_POINT ( 'NONE', #6300 ) ;
#27 = DIRECTION ( 'NONE',  ( 0.0000000000000000000, -1.000000000000000000, 0.0000000000000000000 ) ) ;
#28 = DIRECTION ( 'NONE',  ( 0.0000000000000000000, -0.0000000000000000000, 1.000000000000000000 ) ) ;
#29 = PLANE ( 'NONE',  #5230 ) ;
#30 = PLANE ( 'NONE',  #287 ) ;
#31 = VECTOR ( 'NONE', #5523, 1000.000000000000000 ) ;
#32 = VECTOR ( 'NONE', #5337, 1000.000000000000000 ) ;
#33 = EDGE_CURVE ( 'NONE', #2613, #5008, #4761, .T. ) ;
#34 = AXIS2_PLACEMENT_3D ( 'NONE', #2281, #3827, #734 ) ;
#35 = EDGE_CURVE ( 'NONE', #4830, #2587, #661, .T. ) ;
#36 = CARTESIAN_POINT ( 'NONE',  ( 42.33160210526316547, 0.0000000000000000000, 16.43479684210526415 ) ) ;
#37 = LINE ( 'NONE', #3129, #1242 ) ;
#38 = CARTESIAN_POINT ( 'NONE',  ( 41.01060210526316041, 4.869999999999999218, -26.74700315789473493 ) ) ;
#39 = LINE ( 'NONE', #5130, #5363 ) ;
#40 = LINE ( 'NONE', #5133, #2937 ) ;
#41 = PLANE ( 'NONE',  #2294 ) ;
#42 = ORIENTED_EDGE ( 'NONE', *, *, #1158, .T. ) ;
#43 = DIRECTION ( 'NONE',  ( 0.0000000000000000000, 0.0000000000000000000, -1.000000000000000000 ) ) ;
#44 = CYLINDRICAL_SURFACE ( 'NONE', #6639, 1.749999999999999778 ) ;
#45 = DIRECTION ( 'NONE',  ( 0.0000000000000000000, -1.000000000000000000, 0.0000000000000000000 ) ) ;
#46 = VERTEX_POINT ( 'NONE', #2659 ) ;
#47 = LINE ( 'NONE', #2413, #202 ) ;
#48 = ORIENTED_EDGE ( 'NONE', *, *, #402, .T. ) ;
#49 = LINE ( 'NONE', #1153, #3995 ) ;
#50 = CARTESIAN_POINT ( 'NONE',  ( -19.69649789473684010, 9.950000000000001066, -6.360203157894734005 ) ) ;
#51 = ADVANCED_FACE ( 'NONE', ( #5964 ), #4182, .F. ) ;
#52 = ADVANCED_FACE ( 'NONE', ( #6133 ), #6320, .F. ) ;
#53 = ORIENTED_EDGE ( 'NONE', *, *, #1971, .T. ) ;
#54 = VECTOR ( 'NONE', #6215, 1000.000000000000000 ) ;
#55 = ORIENTED_EDGE ( 'NONE', *, *, #1867, .T. ) ;
#56 = LINE ( 'NONE', #2590, #1409 ) ;
#57 = VERTEX_POINT ( 'NONE', #3520 ) ;
#58 = CARTESIAN_POINT ( 'NONE',  ( 9.359902105263159910, 1.449999999999999956, -2.263803157894734852 ) ) ;
#59 = PLANE ( 'NONE',  #5899 ) ;
#60 = ORIENTED_EDGE ( 'NONE', *, *, #3843, .T. ) ;
#61 = VECTOR ( 'NONE', #3996, 1000.000000000000000 ) ;
#62 = VERTEX_POINT ( 'NONE', #8 ) ;
#63 = ORIENTED_EDGE ( 'NONE', *, *, #729, .F. ) ;
#64 = CARTESIAN_POINT ( 'NONE',  ( -21.53007446102908773, 15.15000000000000036, -30.25780315789473107 ) ) ;
#65 = EDGE_CURVE ( 'NONE', #2822, #4366, #3560, .T. ) ;
#66 = CARTESIAN_POINT ( 'NONE',  ( 37.91150210526315334, 4.869999999999999218, -16.58590315789473379 ) ) ;
#67 = DIRECTION ( 'NONE',  ( -0.0000000000000000000, 1.000000000000000000, -0.0000000000000000000 ) ) ;
#68 = AXIS2_PLACEMENT_3D ( 'NONE', #868, #4988, #1900 ) ;
#69 = DIRECTION ( 'NONE',  ( 1.000000000000000000, 0.0000000000000000000, -0.0000000000000000000 ) ) ;
#70 = ORIENTED_EDGE ( 'NONE', *, *, #1245, .F. ) ;
#71 = CARTESIAN_POINT ( 'NONE',  ( 15.63400210526316059, 1.449999999999999956, -24.05770315789473557 ) ) ;
#72 = VECTOR ( 'NONE', #1292, 1000.000000000000000 ) ;
#73 = EDGE_CURVE ( 'NONE', #4804, #2348, #4583, .T. ) ;
#74 = CARTESIAN_POINT ( 'NONE',  ( -29.99052042804536811, 5.899999999999999467, -4.404657554287778609 ) ) ;
#75 = DIRECTION ( 'NONE',  ( -0.0000000000000000000, -1.000000000000000000, -0.0000000000000000000 ) ) ;
#76 = DIRECTION ( 'NONE',  ( -0.0000000000000000000, 0.0000000000000000000, 1.000000000000000000 ) ) ;
#77 = FACE_OUTER_BOUND ( 'NONE', #6243, .T. ) ;
#78 = ORIENTED_EDGE ( 'NONE', *, *, #5303, .T. ) ;
#79 = ADVANCED_FACE ( 'NONE', ( #3244 ), #5044, .F. ) ;
#80 = ADVANCED_FACE ( 'NONE', ( #4427 ), #2678, .T. ) ;
#81 = DIRECTION ( 'NONE',  ( 0.0000000000000000000, 0.0000000000000000000, -1.000000000000000000 ) ) ;
#82 = FACE_OUTER_BOUND ( 'NONE', #5315, .T. ) ;
#83 = DIRECTION ( 'NONE',  ( 0.0000000000000000000, 0.0000000000000000000, -1.000000000000000000 ) ) ;
#84 = EDGE_CURVE ( 'NONE', #2693, #4483, #325, .T. ) ;
#85 = ORIENTED_EDGE ( 'NONE', *, *, #6208, .F. ) ;
#86 = EDGE_LOOP ( 'NONE', ( #2300, #973, #2867, #3971 ) ) ;
#87 = DIRECTION ( 'NONE',  ( 0.0000000000000000000, -0.0000000000000000000, 1.000000000000000000 ) ) ;
#88 = CARTESIAN_POINT ( 'NONE',  ( -21.60911273411832312, 5.899999999999999467, -20.94977404100091078 ) ) ;
#89 = ORIENTED_EDGE ( 'NONE', *, *, #4841, .F. ) ;
#90 = FACE_OUTER_BOUND ( 'NONE', #5726, .T. ) ;
#91 = DIRECTION ( 'NONE',  ( 1.000000000000000000, 0.0000000000000000000, 0.0000000000000000000 ) ) ;
#92 = CARTESIAN_POINT ( 'NONE',  ( -33.92489789473684425, 7.699999999999954881, -3.115803157894735165 ) ) ;
#93 = EDGE_CURVE ( 'NONE', #4346, #3210, #5809, .T. ) ;
#94 = CARTESIAN_POINT ( 'NONE',  ( -25.21007446102908034, 6.627966397586102509, 29.74219684210526182 ) ) ;
#95 = PLANE ( 'NONE',  #608 ) ;
#96 = ORIENTED_EDGE ( 'NONE', *, *, #6572, .F. ) ;
#97 = ORIENTED_EDGE ( 'NONE', *, *, #2176, .F. ) ;
#98 = ORIENTED_EDGE ( 'NONE', *, *, #2453, .T. ) ;
#99 = AXIS2_PLACEMENT_3D ( 'NONE', #4794, #516, #499 ) ;
#100 = MANIFOLD_SOLID_BREP ( 'Boss-Extrude4[7]', #724 ) ;
#101 = CARTESIAN_POINT ( 'NONE',  ( 16.92960210526315734, 0.0000000000000000000, -29.20810315789473322 ) ) ;
#102 = CARTESIAN_POINT ( 'NONE',  ( -29.53007446102908773, 15.15000000000000036, -30.38780315789474074 ) ) ;
#103 = AXIS2_PLACEMENT_3D ( 'NONE', #4106, #3085, #6693 ) ;
#104 = ORIENTED_EDGE ( 'NONE', *, *, #1561, .T. ) ;
#105 = VERTEX_POINT ( 'NONE', #5256 ) ;
#106 = DIRECTION ( 'NONE',  ( 0.0000000000000000000, 0.0000000000000000000, -1.000000000000000000 ) ) ;
#107 = DIRECTION ( 'NONE',  ( 1.000000000000000000, 0.0000000000000000000, -0.0000000000000000000 ) ) ;
#108 = DIRECTION ( 'NONE',  ( 0.0000000000000000000, 0.0000000000000000000, -1.000000000000000000 ) ) ;
#109 = CIRCLE ( 'NONE', #3137, 1.950000000000000400 ) ;
#110 = VERTEX_POINT ( 'NONE', #5804 ) ;
#111 = EDGE_CURVE ( 'NONE', #5355, #5048, #173, .T. ) ;
#112 = EDGE_LOOP ( 'NONE', ( #4100, #5185, #752, #1150 ) ) ;
#113 = ADVANCED_FACE ( 'NONE', ( #5655 ), #6382, .F. ) ;
#114 = ADVANCED_FACE ( 'NONE', ( #4129 ), #1358, .T. ) ;
#115 = VECTOR ( 'NONE', #2084, 1000.000000000000000 ) ;
#116 = CARTESIAN_POINT ( 'NONE',  ( 26.11240210526315764, 1.449999999999999956, -6.285103157894734949 ) ) ;
#117 = FACE_OUTER_BOUND ( 'NONE', #5090, .T. ) ;
#118 = ORIENTED_EDGE ( 'NONE', *, *, #1874, .F. ) ;
#119 = DIRECTION ( 'NONE',  ( -0.0000000000000000000, -1.000000000000000000, -0.0000000000000000000 ) ) ;
#120 = CARTESIAN_POINT ( 'NONE',  ( 40.96210210526315620, 1.449999999999999956, 4.143496842105264477 ) ) ;
#121 = VECTOR ( 'NONE', #5802, 1000.000000000000000 ) ;
#122 = LINE ( 'NONE', #1442, #4238 ) ;
#123 = FACE_OUTER_BOUND ( 'NONE', #1494, .T. ) ;
#124 = EDGE_CURVE ( 'NONE', #6526, #218, #3074, .T. ) ;
#125 = ORIENTED_EDGE ( 'NONE', *, *, #6334, .F. ) ;
#126 = LINE ( 'NONE', #2933, #2724 ) ;
#127 = ORIENTED_EDGE ( 'NONE', *, *, #6609, .F. ) ;
#128 = FACE_OUTER_BOUND ( 'NONE', #2870, .T. ) ;
#129 = CARTESIAN_POINT ( 'NONE',  ( -29.99052042804536100, 1.449999999999999956, 19.86876992292952693 ) ) ;
#130 = VERTEX_POINT ( 'NONE', #1320 ) ;
#131 = CARTESIAN_POINT ( 'NONE',  ( -27.89007446102908006, 15.15000000000000036, 29.74219684210526182 ) ) ;
#132 = ADVANCED_FACE ( 'NONE', ( #2767 ), #2654, .T. ) ;
#133 = VECTOR ( 'NONE', #5212, 1000.000000000000000 ) ;
#134 = CARTESIAN_POINT ( 'NONE',  ( -19.74839789473683993, 9.950000000000001066, -16.48330315789473843 ) ) ;
#135 = ORIENTED_EDGE ( 'NONE', *, *, #2815, .T. ) ;
#136 = VECTOR ( 'NONE', #2988, 1000.000000000000000 ) ;
#137 = DIRECTION ( 'NONE',  ( 0.0000000000000000000, 0.0000000000000000000, 1.000000000000000000 ) ) ;
#138 = CARTESIAN_POINT ( 'NONE',  ( 0.0000000000000000000, 1.449999999999999956, 0.0000000000000000000 ) ) ;
#139 = CARTESIAN_POINT ( 'NONE',  ( -19.69649789473684010, 1.449999999999999956, -6.360203157894734005 ) ) ;
#140 = AXIS2_PLACEMENT_3D ( 'NONE', #1642, #4730, #4438 ) ;
#141 = CARTESIAN_POINT ( 'NONE',  ( -12.24459789473684168, 4.869999999999999218, -24.05770315789473557 ) ) ;
#142 = EDGE_CURVE ( 'NONE', #5736, #6005, #1370, .T. ) ;
#143 = ADVANCED_FACE ( 'NONE', ( #11 ), #1175, .F. ) ;
#144 = ADVANCED_FACE ( 'NONE', ( #3964 ), #2782, .F. ) ;
#145 = CARTESIAN_POINT ( 'NONE',  ( 49.95210210526316530, 1.449999999999999956, -29.21190315789473502 ) ) ;
#146 = EDGE_LOOP ( 'NONE', ( #6546, #3634, #2364, #6576 ) ) ;
#147 = LINE ( 'NONE', #1989, #4101 ) ;
#148 = AXIS2_PLACEMENT_3D ( 'NONE', #376, #3979, #882 ) ;
#149 = EDGE_CURVE ( 'NONE', #3032, #356, #6534, .T. ) ;
#150 = ORIENTED_EDGE ( 'NONE', *, *, #859, .F. ) ;
#151 = CARTESIAN_POINT ( 'NONE',  ( -9.259597894736844026, 1.449999999999999956, 29.45039684210526687 ) ) ;
#152 = LINE ( 'NONE', #4771, #6686 ) ;
#153 = LINE ( 'NONE', #50, #2751 ) ;
#154 = CARTESIAN_POINT ( 'NONE',  ( -19.74839789473683993, 1.449999999999999956, -18.63990315789473584 ) ) ;
#155 = DIRECTION ( 'NONE',  ( 0.0000000000000000000, 0.0000000000000000000, 1.000000000000000000 ) ) ;
#156 = CARTESIAN_POINT ( 'NONE',  ( -3.389297894736842398, -3.419999999999999929, 19.00249684210526624 ) ) ;
#157 = PLANE ( 'NONE',  #4292 ) ;
#158 = EDGE_CURVE ( 'NONE', #731, #2803, #5340, .T. ) ;
#159 = ORIENTED_EDGE ( 'NONE', *, *, #174, .F. ) ;
#160 = ORIENTED_EDGE ( 'NONE', *, *, #5174, .T. ) ;
#161 = DIRECTION ( 'NONE',  ( 1.000000000000000000, 0.0000000000000000000, -0.0000000000000000000 ) ) ;
#163 = CARTESIAN_POINT ( 'NONE',  ( -19.74829789473684016, 9.950000000000001066, 4.143496842105264477 ) ) ;
#162 = CARTESIAN_POINT ( 'NONE',  ( 14.38950210526316020, 0.0000000000000000000, -26.67090315789473465 ) ) ;
#164 = ORIENTED_EDGE ( 'NONE', *, *, #1307, .T. ) ;
#165 = ADVANCED_FACE ( 'NONE', ( #2430 ), #5956, .F. ) ;
#166 = LINE ( 'NONE', #707, #2754 ) ;
#167 = ORIENTED_EDGE ( 'NONE', *, *, #1402, .F. ) ;
#168 = EDGE_LOOP ( 'NONE', ( #3465, #366, #5628, #256 ) ) ;
#169 = ORIENTED_EDGE ( 'NONE', *, *, #2538, .F. ) ;
#170 = LINE ( 'NONE', #2092, #2759 ) ;
#171 = CARTESIAN_POINT ( 'NONE',  ( -21.60911273411831957, 5.899999999999999467, 12.14045893242535712 ) ) ;
#172 = EDGE_LOOP ( 'NONE', ( #6014, #6218, #6264, #2360 ) ) ;
#173 = LINE ( 'NONE', #1382, #5490 ) ;
#174 = EDGE_CURVE ( 'NONE', #1068, #1453, #5169, .T. ) ;
#175 = AXIS2_PLACEMENT_3D ( 'NONE', #3413, #1873, #5487 ) ;
#176 = PLANE ( 'NONE',  #429 ) ;
#177 = ADVANCED_FACE ( 'NONE', ( #6391 ), #157, .F. ) ;
#178 = DIRECTION ( 'NONE',  ( -0.0000000000000000000, -1.000000000000000000, -0.0000000000000000000 ) ) ;
#179 = CARTESIAN_POINT ( 'NONE',  ( 47.41190210526315241, -3.419999999999999929, 16.43479684210526415 ) ) ;
#180 = VERTEX_POINT ( 'NONE', #3446 ) ;
#181 = ORIENTED_EDGE ( 'NONE', *, *, #4408, .T. ) ;
#182 = DIRECTION ( 'NONE',  ( -1.000000000000000000, 0.0000000000000000000, -0.0000000000000000000 ) ) ;
#183 = CARTESIAN_POINT ( 'NONE',  ( 22.22590210526316312, 1.449999999999999956, 28.99369684210526188 ) ) ;
#184 = MANIFOLD_SOLID_BREP ( 'Boss-Extrude4[1]', #1829 ) ;
#185 = LOCAL_TIME ( 21, 2, 57.00000000000000000, #1542 ) ;
#186 = VERTEX_POINT ( 'NONE', #1220 ) ;
#187 = ORIENTED_EDGE ( 'NONE', *, *, #3573, .F. ) ;
#188 = LINE ( 'NONE', #4948, #344 ) ;
#189 = AXIS2_PLACEMENT_3D ( 'NONE', #5349, #3297, #1221 ) ;
#190 = FACE_OUTER_BOUND ( 'NONE', #1145, .T. ) ;
#191 = EDGE_LOOP ( 'NONE', ( #1229, #3569, #3609, #6380 ) ) ;
#192 = DIRECTION ( 'NONE',  ( 0.0000000000000000000, 1.000000000000000000, 0.0000000000000000000 ) ) ;
#193 = ADVANCED_FACE ( 'NONE', ( #2283 ), #3174, .F. ) ;
#194 = VECTOR ( 'NONE', #3584, 1000.000000000000000 ) ;
#195 = CIRCLE ( 'NONE', #1718, 1.749999999999999778 ) ;
#196 = FACE_OUTER_BOUND ( 'NONE', #5451, .T. ) ;
#197 = VERTEX_POINT ( 'NONE', #5345 ) ;
#198 = EDGE_CURVE ( 'NONE', #6449, #4346, #1055, .T. ) ;
#199 = FACE_OUTER_BOUND ( 'NONE', #6147, .T. ) ;
#200 = CARTESIAN_POINT ( 'NONE',  ( -45.66899789473684024, 19.14999999999999858, 16.02419684210526540 ) ) ;
#201 = ORIENTED_EDGE ( 'NONE', *, *, #4639, .F. ) ;
#202 = VECTOR ( 'NONE', #3967, 1000.000000000000000 ) ;
#203 = LINE ( 'NONE', #1031, #1090 ) ;
#204 = CARTESIAN_POINT ( 'NONE',  ( 12.62400210526315902, 1.449999999999999956, -14.93160315789473458 ) ) ;
#206 = DIRECTION ( 'NONE',  ( 1.000000000000000000, 0.0000000000000000000, 0.0000000000000000000 ) ) ;
#205 = PLANE ( 'NONE',  #4596 ) ;
#207 = CLOSED_SHELL ( 'NONE', ( #1779, #6400, #582, #52, #3382, #2626 ) ) ;
#208 = FACE_OUTER_BOUND ( 'NONE', #2827, .T. ) ;
#209 = AXIS2_PLACEMENT_3D ( 'NONE', #1100, #6234, #1632 ) ;
#210 = EDGE_CURVE ( 'NONE', #1024, #2735, #3637, .T. ) ;
#211 = ORIENTED_EDGE ( 'NONE', *, *, #6481, .F. ) ;
#212 = LINE ( 'NONE', #2030, #4167 ) ;
#213 = ADVANCED_FACE ( 'NONE', ( #4840 ), #821, .F. ) ;
#214 = EDGE_CURVE ( 'NONE', #3404, #2418, #737, .T. ) ;
#215 = VERTEX_POINT ( 'NONE', #6046 ) ;
#216 = ORIENTED_EDGE ( 'NONE', *, *, #6411, .T. ) ;
#217 = VECTOR ( 'NONE', #1907, 1000.000000000000000 ) ;
#218 = VERTEX_POINT ( 'NONE', #913 ) ;
#219 = PLANE ( 'NONE',  #34 ) ;
#220 = VERTEX_POINT ( 'NONE', #2249 ) ;
#221 = ORIENTED_EDGE ( 'NONE', *, *, #4938, .T. ) ;
#222 = CARTESIAN_POINT ( 'NONE',  ( 41.01060210526316041, 4.869999999999999218, -16.59860315789473617 ) ) ;
#223 = CARTESIAN_POINT ( 'NONE',  ( 42.33160210526316547, -3.419999999999999929, 16.43479684210526415 ) ) ;
#225 = CARTESIAN_POINT ( 'NONE',  ( -19.74839789473683993, 9.950000000000001066, 18.60509684210526515 ) ) ;
#224 = CARTESIAN_POINT ( 'NONE',  ( -29.53007446102908062, 6.627966397586102509, -30.38780315789474074 ) ) ;
#226 = AXIS2_PLACEMENT_3D ( 'NONE', #4679, #4050, #4490 ) ;
#227 = LINE ( 'NONE', #5424, #551 ) ;
#228 = ADVANCED_FACE ( 'NONE', ( #4671 ), #3723, .F. ) ;
#229 = EDGE_CURVE ( 'NONE', #13, #5105, #3316, .T. ) ;
#230 = ORIENTED_EDGE ( 'NONE', *, *, #4247, .T. ) ;
#231 = VECTOR ( 'NONE', #4887, 1000.000000000000000 ) ;
#232 = EDGE_CURVE ( 'NONE', #5952, #3320, #3474, .T. ) ;
#233 = ORIENTED_EDGE ( 'NONE', *, *, #4821, .T. ) ;
#234 = ORIENTED_EDGE ( 'NONE', *, *, #1491, .F. ) ;
#235 = EDGE_CURVE ( 'NONE', #5952, #3032, #1930, .T. ) ;
#236 = DIRECTION ( 'NONE',  ( 0.0000000000000000000, -0.0000000000000000000, 1.000000000000000000 ) ) ;
#237 = LINE ( 'NONE', #223, #2675 ) ;
#238 = ADVANCED_FACE ( 'NONE', ( #1780 ), #6548, .F. ) ;
#239 = ORIENTED_EDGE ( 'NONE', *, *, #5505, .F. ) ;
#240 = CARTESIAN_POINT ( 'NONE',  ( 0.0000000000000000000, 0.0000000000000000000, 0.0000000000000000000 ) ) ;
#241 = CARTESIAN_POINT ( 'NONE',  ( 34.35530210526316353, 4.869999999999999218, 28.99369684210526188 ) ) ;
#242 = AXIS2_PLACEMENT_3D ( 'NONE', #4900, #3970, #3427 ) ;
#243 = DIRECTION ( 'NONE',  ( 0.0000000000000000000, 0.0000000000000000000, 1.000000000000000000 ) ) ;
#244 = CC_DESIGN_PERSON_AND_ORGANIZATION_ASSIGNMENT ( #1378, #462, ( #5891 ) ) ;
#245 = PLANE ( 'NONE',  #6689 ) ;
#246 = EDGE_CURVE ( 'NONE', #4318, #6192, #5884, .T. ) ;
#247 = ORIENTED_EDGE ( 'NONE', *, *, #300, .F. ) ;
#248 = VECTOR ( 'NONE', #944, 1000.000000000000000 ) ;
#249 = VERTEX_POINT ( 'NONE', #2173 ) ;
#250 = CARTESIAN_POINT ( 'NONE',  ( -12.24459789473684168, 4.869999999999999218, -24.05770315789473557 ) ) ;
#251 = ORIENTED_EDGE ( 'NONE', *, *, #2718, .T. ) ;
#252 = ORIENTED_EDGE ( 'NONE', *, *, #5861, .T. ) ;
#253 = DIRECTION ( 'NONE',  ( 1.000000000000000000, 0.0000000000000000000, 0.0000000000000000000 ) ) ;
#254 = ADVANCED_FACE ( 'NONE', ( #5727 ), #3945, .T. ) ;
#255 = ORIENTED_EDGE ( 'NONE', *, *, #4819, .T. ) ;
#256 = ORIENTED_EDGE ( 'NONE', *, *, #3234, .T. ) ;
#257 = CARTESIAN_POINT ( 'NONE',  ( 9.359902105263159910, 4.869999999999999218, -2.263803157894734852 ) ) ;
#258 = EDGE_CURVE ( 'NONE', #1383, #3296, #411, .T. ) ;
#259 = VECTOR ( 'NONE', #2920, 1000.000000000000000 ) ;
#260 = EDGE_CURVE ( 'NONE', #4343, #772, #2991, .T. ) ;
#261 = ORIENTED_EDGE ( 'NONE', *, *, #3062, .T. ) ;
#262 = DIRECTION ( 'NONE',  ( -1.000000000000000000, 0.0000000000000000000, -0.0000000000000000000 ) ) ;
#263 = ORIENTED_EDGE ( 'NONE', *, *, #2798, .T. ) ;
#264 = LINE ( 'NONE', #163, #5594 ) ;
#265 = VECTOR ( 'NONE', #473, 1000.000000000000000 ) ;
#266 = VECTOR ( 'NONE', #3164, 1000.000000000000114 ) ;
#267 = ADVANCED_FACE ( 'NONE', ( #5575 ), #4036, .F. ) ;
#268 = EDGE_LOOP ( 'NONE', ( #595, #4759, #6196, #5379 ) ) ;
#269 = EDGE_CURVE ( 'NONE', #6213, #4903, #2838, .T. ) ;
#270 = PLANE ( 'NONE',  #1116 ) ;
#271 = LINE ( 'NONE', #5779, #121 ) ;
#272 = LINE ( 'NONE', #4543, #4079 ) ;
#273 = ORIENTED_EDGE ( 'NONE', *, *, #5979, .T. ) ;
#274 = DIRECTION ( 'NONE',  ( 1.000000000000000000, 0.0000000000000000000, -0.0000000000000000000 ) ) ;
#275 = LINE ( 'NONE', #3954, #2869 ) ;
#276 = ORIENTED_EDGE ( 'NONE', *, *, #5101, .T. ) ;
#277 = LINE ( 'NONE', #5805, #5919 ) ;
#278 = CARTESIAN_POINT ( 'NONE',  ( -21.53007446102908773, 5.899999999999999467, -30.25780315789473107 ) ) ;
#279 = CARTESIAN_POINT ( 'NONE',  ( 0.0000000000000000000, 1.449999999999999956, 0.0000000000000000000 ) ) ;
#280 = EDGE_LOOP ( 'NONE', ( #2603, #6184, #2423, #852 ) ) ;
#281 = LINE ( 'NONE', #2085, #2876 ) ;
#282 = DIRECTION ( 'NONE',  ( 0.0000000000000000000, -0.0000000000000000000, 1.000000000000000000 ) ) ;
#283 = DIRECTION ( 'NONE',  ( 1.000000000000000000, 0.0000000000000000000, 0.0000000000000000000 ) ) ;
#284 = CARTESIAN_POINT ( 'NONE',  ( -21.60911273411831957, 1.449999999999999956, 12.14045893242535712 ) ) ;
#285 = EDGE_LOOP ( 'NONE', ( #3161, #633, #939, #1894 ) ) ;
#286 = ADVANCED_FACE ( 'NONE', ( #1448 ), #6597, .F. ) ;
#287 = AXIS2_PLACEMENT_3D ( 'NONE', #2088, #4156, #1060 ) ;
#288 = EDGE_LOOP ( 'NONE', ( #1916, #2779, #5036, #1712 ) ) ;
#289 = CARTESIAN_POINT ( 'NONE',  ( 19.52050210526315865, 4.869999999999999218, -2.263803157894734852 ) ) ;
#290 = EDGE_CURVE ( 'NONE', #5641, #5178, #5414, .T. ) ;
#291 = LINE ( 'NONE', #4009, #5622 ) ;
#292 = DIRECTION ( 'NONE',  ( -0.0000000000000000000, -0.0000000000000000000, -1.000000000000000000 ) ) ;
#293 = CARTESIAN_POINT ( 'NONE',  ( 0.0000000000000000000, 9.950000000000001066, 0.0000000000000000000 ) ) ;
#294 = EDGE_LOOP ( 'NONE', ( #2419, #5535, #5935, #1929 ) ) ;
#295 = EDGE_CURVE ( 'NONE', #5138, #180, #4207, .T. ) ;
#296 = AXIS2_PLACEMENT_3D ( 'NONE', #6011, #6533, #3452 ) ;
#297 = EDGE_LOOP ( 'NONE', ( #2429, #4464 ) ) ;
#298 = ADVANCED_FACE ( 'NONE', ( #90 ), #4698, .F. ) ;
#299 = DIRECTION ( 'NONE',  ( 0.0000000000000000000, 0.0000000000000000000, -1.000000000000000000 ) ) ;
#300 = EDGE_CURVE ( 'NONE', #3180, #5304, #5252, .T. ) ;
#301 = LINE ( 'NONE', #5054, #1505 ) ;
#302 = DIRECTION ( 'NONE',  ( 0.0000000000000000000, 0.0000000000000000000, 1.000000000000000000 ) ) ;
#303 = ORIENTED_EDGE ( 'NONE', *, *, #73, .T. ) ;
#304 = CARTESIAN_POINT ( 'NONE',  ( -0.9658978947368410672, 4.869999999999999218, -14.93160315789473458 ) ) ;
#305 = DIRECTION ( 'NONE',  ( 0.0000000000000000000, 0.0000000000000000000, -1.000000000000000000 ) ) ;
#306 = FACE_OUTER_BOUND ( 'NONE', #6443, .T. ) ;
#307 = LINE ( 'NONE', #6099, #5637 ) ;
#308 = AXIS2_PLACEMENT_3D ( 'NONE', #6624, #3540, #456 ) ;
#309 = VERTEX_POINT ( 'NONE', #5173 ) ;
#310 = ORIENTED_EDGE ( 'NONE', *, *, #993, .T. ) ;
#311 = ORIENTED_EDGE ( 'NONE', *, *, #2525, .T. ) ;
#312 = CARTESIAN_POINT ( 'NONE',  ( 39.65160210526315154, 4.869999999999999218, 7.877096842105264507 ) ) ;
#313 = PLANE ( 'NONE',  #5274 ) ;
#314 = FACE_OUTER_BOUND ( 'NONE', #6608, .T. ) ;
#315 = CARTESIAN_POINT ( 'NONE',  ( 47.41190210526315241, 9.950000000000001066, 16.40949684210526627 ) ) ;
#316 = EDGE_CURVE ( 'NONE', #5498, #2521, #1291, .T. ) ;
#317 = CARTESIAN_POINT ( 'NONE',  ( 12.62400210526315902, 4.869999999999999218, -14.93160315789473458 ) ) ;
#318 = ORIENTED_EDGE ( 'NONE', *, *, #4218, .F. ) ;
#319 = ORIENTED_EDGE ( 'NONE', *, *, #1676, .T. ) ;
#320 = FACE_OUTER_BOUND ( 'NONE', #2106, .T. ) ;
#321 = EDGE_CURVE ( 'NONE', #2418, #4804, #3881, .T. ) ;
#322 = PLANE ( 'NONE',  #6176 ) ;
#323 = CARTESIAN_POINT ( 'NONE',  ( 6.451502105263158704, 1.449999999999999956, 24.49029684210526270 ) ) ;
#324 = VERTEX_POINT ( 'NONE', #6063 ) ;
#325 = LINE ( 'NONE', #1149, #1703 ) ;
#326 = ORIENTED_EDGE ( 'NONE', *, *, #3665, .F. ) ;
#327 = EDGE_CURVE ( 'NONE', #1710, #5138, #1140, .T. ) ;
#328 = DIRECTION ( 'NONE',  ( -1.000000000000000000, -0.0000000000000000000, -0.0000000000000000000 ) ) ;
#329 = DIRECTION ( 'NONE',  ( 0.0000000000000000000, -0.0000000000000000000, 1.000000000000000000 ) ) ;
#330 = DIRECTION ( 'NONE',  ( -0.0000000000000000000, -1.000000000000000000, -0.0000000000000000000 ) ) ;
#331 = CARTESIAN_POINT ( 'NONE',  ( -50.58859789473683577, 1.449999999999999956, -30.38780315789473718 ) ) ;
#332 = EDGE_CURVE ( 'NONE', #5742, #4963, #6616, .T. ) ;
#333 = PLANE ( 'NONE',  #4120 ) ;
#334 = ORIENTED_EDGE ( 'NONE', *, *, #6306, .T. ) ;
#335 = MANIFOLD_SOLID_BREP ( 'Boss-Extrude10', #6179 ) ;
#336 = ORIENTED_EDGE ( 'NONE', *, *, #5688, .T. ) ;
#337 = DIRECTION ( 'NONE',  ( 0.0000000000000000000, 0.0000000000000000000, -1.000000000000000000 ) ) ;
#338 = DIRECTION ( 'NONE',  ( 0.0000000000000000000, 0.0000000000000000000, 1.000000000000000000 ) ) ;
#339 = ORGANIZATION ( 'UNSPECIFIED', 'UNSPECIFIED', '' ) ;
#340 = DIRECTION ( 'NONE',  ( -0.0000000000000000000, -1.000000000000000000, -0.0000000000000000000 ) ) ;
#341 = EDGE_LOOP ( 'NONE', ( #3282, #4753, #2777, #5739 ) ) ;
#342 = ORIENTED_EDGE ( 'NONE', *, *, #5796, .F. ) ;
#343 = CARTESIAN_POINT ( 'NONE',  ( -5.932097894736841681, -0.0000000000000000000, -26.67090315789473465 ) ) ;
#344 = VECTOR ( 'NONE', #1414, 1000.000000000000000 ) ;
#345 = VECTOR ( 'NONE', #5298, 1000.000000000000000 ) ;
#346 = VERTEX_POINT ( 'NONE', #5645 ) ;
#347 = AXIS2_PLACEMENT_3D ( 'NONE', #5548, #3295, #5825 ) ;
#348 = CARTESIAN_POINT ( 'NONE',  ( 0.0000000000000000000, 4.869999999999999218, 0.0000000000000000000 ) ) ;
#349 = LINE ( 'NONE', #2172, #3263 ) ;
#350 = CARTESIAN_POINT ( 'NONE',  ( 0.0000000000000000000, 4.869999999999999218, 0.0000000000000000000 ) ) ;
#351 = VECTOR ( 'NONE', #6635, 1000.000000000000000 ) ;
#352 = FACE_OUTER_BOUND ( 'NONE', #2056, .T. ) ;
#353 = PLANE ( 'NONE',  #68 ) ;
#354 = DIRECTION ( 'NONE',  ( 0.0000000000000000000, 1.000000000000000000, 0.0000000000000000000 ) ) ;
#355 = CARTESIAN_POINT ( 'NONE',  ( 0.0000000000000000000, 5.899999999999999467, 0.0000000000000000000 ) ) ;
#356 = VERTEX_POINT ( 'NONE', #1067 ) ;
#357 = LINE ( 'NONE', #3088, #3103 ) ;
#358 = VERTEX_POINT ( 'NONE', #38 ) ;
#359 = DIRECTION ( 'NONE',  ( -0.0000000000000000000, -0.0000000000000000000, 1.000000000000000000 ) ) ;
#360 = VECTOR ( 'NONE', #1834, 1000.000000000000000 ) ;
#361 = EDGE_CURVE ( 'NONE', #4251, #3107, #2194, .T. ) ;
#362 = DIRECTION ( 'NONE',  ( 1.000000000000000000, 0.0000000000000000000, 0.0000000000000000000 ) ) ;
#363 = ORIENTED_EDGE ( 'NONE', *, *, #5620, .F. ) ;
#364 = CARTESIAN_POINT ( 'NONE',  ( -19.86499789473684174, 4.869999999999999218, -21.52050315789473700 ) ) ;
#365 = VECTOR ( 'NONE', #6266, 1000.000000000000000 ) ;
#366 = ORIENTED_EDGE ( 'NONE', *, *, #3376, .T. ) ;
#367 = VECTOR ( 'NONE', #6107, 1000.000000000000000 ) ;
#368 = VERTEX_POINT ( 'NONE', #1189 ) ;
#369 = DIRECTION ( 'NONE',  ( -0.0000000000000000000, -1.000000000000000000, -0.0000000000000000000 ) ) ;
#370 = ORIENTED_EDGE ( 'NONE', *, *, #4233, .T. ) ;
#371 = CARTESIAN_POINT ( 'NONE',  ( -48.66899789473684734, 1.449999999999999956, 16.02419684210526540 ) ) ;
#372 = EDGE_CURVE ( 'NONE', #4096, #6526, #4910, .T. ) ;
#373 = VECTOR ( 'NONE', #6009, 1000.000000000000000 ) ;
#374 = EDGE_CURVE ( 'NONE', #4885, #5370, #6129, .T. ) ;
#375 = VERTEX_POINT ( 'NONE', #3713 ) ;
#376 = CARTESIAN_POINT ( 'NONE',  ( -15.02599789473684133, 5.153130887489396628, 29.14339684210526471 ) ) ;
#377 = VERTEX_POINT ( 'NONE', #1967 ) ;
#378 = CARTESIAN_POINT ( 'NONE',  ( -11.34279789473684019, 1.449999999999999956, 25.59139684210526511 ) ) ;
#379 = CARTESIAN_POINT ( 'NONE',  ( 0.0000000000000000000, 4.869999999999999218, 0.0000000000000000000 ) ) ;
#380 = CARTESIAN_POINT ( 'NONE',  ( -18.62029789473684005, 0.0000000000000000000, 21.55489684210526846 ) ) ;
#381 = CARTESIAN_POINT ( 'NONE',  ( 12.62400210526315902, 4.869999999999999218, -14.93160315789473458 ) ) ;
#382 = DIRECTION ( 'NONE',  ( 0.0000000000000000000, 0.0000000000000000000, 1.000000000000000000 ) ) ;
#383 = CARTESIAN_POINT ( 'NONE',  ( 6.451502105263158704, 4.869999999999999218, 28.93009684210527155 ) ) ;
#384 = ORIENTED_EDGE ( 'NONE', *, *, #3134, .T. ) ;
#385 = VECTOR ( 'NONE', #1789, 1000.000000000000000 ) ;
#386 = CARTESIAN_POINT ( 'NONE',  ( -41.77399789473683711, 10.69999999999999929, -3.115803157894735165 ) ) ;
#387 = CARTESIAN_POINT ( 'NONE',  ( 0.0000000000000000000, 0.0000000000000000000, 0.0000000000000000000 ) ) ;
#388 = AXIS2_PLACEMENT_3D ( 'NONE', #4118, #1027, #4611 ) ;
#389 = DIRECTION ( 'NONE',  ( -0.0000000000000000000, -1.000000000000000000, -0.0000000000000000000 ) ) ;
#390 = LINE ( 'NONE', #3810, #558 ) ;
#391 = CARTESIAN_POINT ( 'NONE',  ( -33.92489789473684425, 1.449999999999999956, -23.49190315789473260 ) ) ;
#392 = DIRECTION ( 'NONE',  ( 0.0000000000000000000, 0.0000000000000000000, -1.000000000000000000 ) ) ;
#393 = CARTESIAN_POINT ( 'NONE',  ( -19.86499789473684174, 4.869999999999999218, -21.52050315789473700 ) ) ;
#394 = VERTEX_POINT ( 'NONE', #4565 ) ;
#395 = ORIENTED_EDGE ( 'NONE', *, *, #4298, .T. ) ;
#396 = DIRECTION ( 'NONE',  ( -0.0000000000000000000, 1.000000000000000000, -0.0000000000000000000 ) ) ;
#397 = LINE ( 'NONE', #331, #1606 ) ;
#398 = DIRECTION ( 'NONE',  ( 1.000000000000000000, 0.0000000000000000000, 0.0000000000000000000 ) ) ;
#399 = PLANE ( 'NONE',  #2145 ) ;
#400 = CARTESIAN_POINT ( 'NONE',  ( -29.99052042804536811, 5.899999999999999467, 12.14045893242535712 ) ) ;
#401 = DIRECTION ( 'NONE',  ( 0.0000000000000000000, 1.000000000000000000, 0.0000000000000000000 ) ) ;
#402 = EDGE_CURVE ( 'NONE', #4998, #1069, #3555, .T. ) ;
#403 = ORIENTED_EDGE ( 'NONE', *, *, #3911, .T. ) ;
#404 = ORIENTED_EDGE ( 'NONE', *, *, #6621, .F. ) ;
#405 = ORIENTED_EDGE ( 'NONE', *, *, #5876, .T. ) ;
#406 = CARTESIAN_POINT ( 'NONE',  ( 0.0000000000000000000, 15.15000000000000036, 0.0000000000000000000 ) ) ;
#407 = CARTESIAN_POINT ( 'NONE',  ( 49.66000210526316039, 4.869999999999999218, 24.49029684210526270 ) ) ;
#408 = ORIENTED_EDGE ( 'NONE', *, *, #2205, .F. ) ;
#409 = CARTESIAN_POINT ( 'NONE',  ( 47.41190210526315241, -3.419999999999999929, -29.21190315789473502 ) ) ;
#410 = PLANE ( 'NONE',  #2028 ) ;
#411 = LINE ( 'NONE', #5066, #3152 ) ;
#412 = EDGE_CURVE ( 'NONE', #6349, #3950, #5087, .T. ) ;
#413 = DIRECTION ( 'NONE',  ( -0.0000000000000000000, -1.000000000000000000, -0.0000000000000000000 ) ) ;
#414 = CARTESIAN_POINT ( 'NONE',  ( -29.99052042804536811, 5.899999999999999467, -4.404657554287778609 ) ) ;
#415 = CARTESIAN_POINT ( 'NONE',  ( 16.92960210526315734, -3.419999999999999929, -26.67090315789473465 ) ) ;
#416 = ORIENTED_EDGE ( 'NONE', *, *, #5646, .T. ) ;
#417 = CARTESIAN_POINT ( 'NONE',  ( 0.0000000000000000000, 0.0000000000000000000, 0.0000000000000000000 ) ) ;
#418 = ORIENTED_EDGE ( 'NONE', *, *, #2411, .T. ) ;
#419 = DIRECTION ( 'NONE',  ( -1.000000000000000000, 0.0000000000000000000, 0.0000000000000000000 ) ) ;
#420 = PLANE ( 'NONE',  #3628 ) ;
#421 = AXIS2_PLACEMENT_3D ( 'NONE', #654, #2853, #6452 ) ;
#422 = DIRECTION ( 'NONE',  ( -0.0000000000000000000, -1.000000000000000000, -0.0000000000000000000 ) ) ;
#423 = DIRECTION ( 'NONE',  ( 0.0000000000000000000, 0.0000000000000000000, 1.000000000000000000 ) ) ;
#424 = ORIENTED_EDGE ( 'NONE', *, *, #5238, .T. ) ;
#425 = DIRECTION ( 'NONE',  ( 1.000000000000000000, 0.0000000000000000000, -0.0000000000000000000 ) ) ;
#426 = VERTEX_POINT ( 'NONE', #531 ) ;
#427 = EDGE_CURVE ( 'NONE', #2648, #1383, #5961, .T. ) ;
#428 = LINE ( 'NONE', #2406, #1460 ) ;
#429 = AXIS2_PLACEMENT_3D ( 'NONE', #1705, #698, #4303 ) ;
#430 = ORIENTED_EDGE ( 'NONE', *, *, #6374, .F. ) ;
#431 = ORIENTED_EDGE ( 'NONE', *, *, #5245, .F. ) ;
#432 = CARTESIAN_POINT ( 'NONE',  ( -19.74839789473683993, 1.449999999999999956, -18.63990315789473584 ) ) ;
#433 = DIRECTION ( 'NONE',  ( -0.0000000000000000000, -1.000000000000000000, -0.0000000000000000000 ) ) ;
#434 = VECTOR ( 'NONE', #1204, 1000.000000000000000 ) ;
#435 = CARTESIAN_POINT ( 'NONE',  ( -29.99052042804536811, 5.899999999999999467, 12.14045893242535712 ) ) ;
#436 = CIRCLE ( 'NONE', #3902, 1.950000000000000400 ) ;
#437 = LINE ( 'NONE', #624, #1470 ) ;
#438 = EDGE_CURVE ( 'NONE', #2412, #6532, #4758, .T. ) ;
#439 = ORIENTED_EDGE ( 'NONE', *, *, #2240, .T. ) ;
#440 =( NAMED_UNIT ( * ) PLANE_ANGLE_UNIT ( ) SI_UNIT ( $, .RADIAN. ) );
#441 = VECTOR ( 'NONE', #630, 1000.000000000000000 ) ;
#442 = DIRECTION ( 'NONE',  ( 0.0000000000000000000, 1.000000000000000000, 0.0000000000000000000 ) ) ;
#443 = FACE_OUTER_BOUND ( 'NONE', #2168, .T. ) ;
#444 = PLANE ( 'NONE',  #4328 ) ;
#445 = CARTESIAN_POINT ( 'NONE',  ( -5.932097894736841681, -3.419999999999999929, -29.20810315789473322 ) ) ;
#446 = LINE ( 'NONE', #5480, #4388 ) ;
#447 = ORIENTED_EDGE ( 'NONE', *, *, #1650, .F. ) ;
#448 = CARTESIAN_POINT ( 'NONE',  ( -18.62029789473684005, -3.419999999999999929, 21.55489684210526846 ) ) ;
#449 = LINE ( 'NONE', #1177, #5611 ) ;
#450 = ORIENTED_EDGE ( 'NONE', *, *, #5551, .F. ) ;
#451 = DIRECTION ( 'NONE',  ( 0.0000000000000000000, 1.000000000000000000, 0.0000000000000000000 ) ) ;
#452 = LINE ( 'NONE', #4630, #5615 ) ;
#453 = EDGE_CURVE ( 'NONE', #949, #6430, #3237, .T. ) ;
#455 = EDGE_LOOP ( 'NONE', ( #1457, #1739, #5642, #764 ) ) ;
#454 = DIRECTION ( 'NONE',  ( 0.0000000000000000000, 0.0000000000000000000, -1.000000000000000000 ) ) ;
#456 = DIRECTION ( 'NONE',  ( 0.0000000000000000000, 0.0000000000000000000, -1.000000000000000000 ) ) ;
#457 = DIRECTION ( 'NONE',  ( -1.000000000000000000, -0.0000000000000000000, -0.0000000000000000000 ) ) ;
#458 = CARTESIAN_POINT ( 'NONE',  ( -11.34279789473684019, 8.250000000000000000, 25.59139684210526511 ) ) ;
#459 = CARTESIAN_POINT ( 'NONE',  ( -25.21007446102908034, 6.627966397586102509, -30.25780315789473107 ) ) ;
#460 = ORIENTED_EDGE ( 'NONE', *, *, #3546, .F. ) ;
#461 = CARTESIAN_POINT ( 'NONE',  ( -0.2166978947368418673, 4.869999999999999218, -2.289003157894735185 ) ) ;
#462 = PERSON_AND_ORGANIZATION_ROLE ( 'creator' ) ;
#463 = DIRECTION ( 'NONE',  ( 1.000000000000000000, 0.0000000000000000000, 0.0000000000000000000 ) ) ;
#464 = AXIS2_PLACEMENT_3D ( 'NONE', #4143, #1072, #6118 ) ;
#465 = ORIENTED_EDGE ( 'NONE', *, *, #4352, .F. ) ;
#466 = DIRECTION ( 'NONE',  ( 0.0000000000000000000, 0.0000000000000000000, 1.000000000000000000 ) ) ;
#467 = CARTESIAN_POINT ( 'NONE',  ( 37.91150210526315334, 1.449999999999999956, -24.19730315789473707 ) ) ;
#468 = CARTESIAN_POINT ( 'NONE',  ( -7.456097894736840814, -0.0000000000000000000, -29.20810315789473322 ) ) ;
#469 = EDGE_CURVE ( 'NONE', #6154, #3324, #1852, .T. ) ;
#470 = DIRECTION ( 'NONE',  ( -0.0000000000000000000, -1.000000000000000000, -0.0000000000000000000 ) ) ;
#471 = DIRECTION ( 'NONE',  ( 0.0000000000000000000, 1.000000000000000000, 0.0000000000000000000 ) ) ;
#472 = VECTOR ( 'NONE', #6055, 1000.000000000000000 ) ;
#473 = DIRECTION ( 'NONE',  ( 0.0000000000000000000, 0.0000000000000000000, -1.000000000000000000 ) ) ;
#474 = VERTEX_POINT ( 'NONE', #1535 ) ;
#475 = DIRECTION ( 'NONE',  ( 0.0000000000000000000, -0.0000000000000000000, 1.000000000000000000 ) ) ;
#476 = LINE ( 'NONE', #4200, #1680 ) ;
#477 = DIRECTION ( 'NONE',  ( -0.0000000000000000000, -0.0000000000000000000, -1.000000000000000000 ) ) ;
#478 = DIRECTION ( 'NONE',  ( -0.0000000000000000000, -1.000000000000000000, -0.0000000000000000000 ) ) ;
#479 = LINE ( 'NONE', #2514, #3221 ) ;
#480 = DIRECTION ( 'NONE',  ( -1.000000000000000000, 0.0000000000000000000, -0.0000000000000000000 ) ) ;
#481 = VERTEX_POINT ( 'NONE', #4008 ) ;
#482 = ORIENTED_EDGE ( 'NONE', *, *, #6580, .T. ) ;
#483 = ORIENTED_EDGE ( 'NONE', *, *, #4481, .F. ) ;
#484 = DIRECTION ( 'NONE',  ( -0.0000000000000000000, -0.0000000000000000000, -1.000000000000000000 ) ) ;
#485 = CARTESIAN_POINT ( 'NONE',  ( -24.17007446102908474, 6.627966397586102509, 29.74219684210526182 ) ) ;
#486 = LINE ( 'NONE', #5785, #5797 ) ;
#487 = DIRECTION ( 'NONE',  ( 0.0000000000000000000, 0.0000000000000000000, -1.000000000000000000 ) ) ;
#488 = EDGE_CURVE ( 'NONE', #4297, #377, #1698, .T. ) ;
#489 = DIRECTION ( 'NONE',  ( -1.000000000000000000, 0.0000000000000000000, -0.0000000000000000000 ) ) ;
#490 = DIRECTION ( 'NONE',  ( -1.000000000000000000, 0.0000000000000000000, 0.0000000000000000000 ) ) ;
#491 = ORIENTED_EDGE ( 'NONE', *, *, #4622, .T. ) ;
#492 = VECTOR ( 'NONE', #6659, 1000.000000000000000 ) ;
#493 = DIRECTION ( 'NONE',  ( -1.000000000000000000, 0.0000000000000000000, -0.0000000000000000000 ) ) ;
#494 = CARTESIAN_POINT ( 'NONE',  ( 49.95210210526316530, 1.449999999999999956, -29.21190315789473502 ) ) ;
#495 = ORIENTED_EDGE ( 'NONE', *, *, #2789, .F. ) ;
#496 = VECTOR ( 'NONE', #586, 1000.000000000000000 ) ;
#497 = EDGE_CURVE ( 'NONE', #4366, #2637, #3069, .T. ) ;
#498 = VERTEX_POINT ( 'NONE', #2069 ) ;
#499 = DIRECTION ( 'NONE',  ( 0.0000000000000000000, -0.0000000000000000000, 1.000000000000000000 ) ) ;
#500 = DIRECTION ( 'NONE',  ( -1.000000000000000000, -0.0000000000000000000, -0.0000000000000000000 ) ) ;
#501 = DIRECTION ( 'NONE',  ( 1.000000000000000000, 0.0000000000000000000, 0.0000000000000000000 ) ) ;
#502 = VERTEX_POINT ( 'NONE', #4642 ) ;
#503 = ORIENTED_EDGE ( 'NONE', *, *, #4183, .F. ) ;
#504 = ORIENTED_EDGE ( 'NONE', *, *, #617, .T. ) ;
#505 = EDGE_CURVE ( 'NONE', #588, #2446, #2911, .T. ) ;
#506 = CARTESIAN_POINT ( 'NONE',  ( 0.0000000000000000000, 1.449999999999999956, 0.0000000000000000000 ) ) ;
#507 = CARTESIAN_POINT ( 'NONE',  ( 6.451502105263158704, 4.869999999999999218, 28.93009684210527155 ) ) ;
#508 = ORIENTED_EDGE ( 'NONE', *, *, #6174, .F. ) ;
#509 = PLANE ( 'NONE',  #4976 ) ;
#510 = CARTESIAN_POINT ( 'NONE',  ( -21.60911273411831957, 5.899999999999999467, 12.14045893242535712 ) ) ;
#511 = VECTOR ( 'NONE', #996, 1000.000000000000000 ) ;
#512 = LINE ( 'NONE', #5271, #345 ) ;
#513 = ADVANCED_FACE ( 'NONE', ( #320 ), #6093, .T. ) ;
#514 = VECTOR ( 'NONE', #5813, 1000.000000000000000 ) ;
#515 = EDGE_CURVE ( 'NONE', #1151, #2190, #5486, .T. ) ;
#516 = DIRECTION ( 'NONE',  ( 0.0000000000000000000, 1.000000000000000000, 0.0000000000000000000 ) ) ;
#517 = FACE_OUTER_BOUND ( 'NONE', #5222, .T. ) ;
#518 = VECTOR ( 'NONE', #1446, 1000.000000000000000 ) ;
#519 = CARTESIAN_POINT ( 'NONE',  ( -11.52049789473684172, 4.869999999999999218, -24.05770315789473557 ) ) ;
#520 = ORIENTED_EDGE ( 'NONE', *, *, #6144, .T. ) ;
#521 = CARTESIAN_POINT ( 'NONE',  ( -21.60911273411831601, 1.449999999999999956, 19.86876992292952693 ) ) ;
#522 = DIRECTION ( 'NONE',  ( 1.000000000000000000, 0.0000000000000000000, -0.0000000000000000000 ) ) ;
#523 = CARTESIAN_POINT ( 'NONE',  ( -35.34749789473684700, 1.449999999999999956, -29.80070315789473767 ) ) ;
#524 = CARTESIAN_POINT ( 'NONE',  ( -13.27599789473684133, 5.153130887489396628, 29.14339684210526471 ) ) ;
#525 = VECTOR ( 'NONE', #1480, 1000.000000000000000 ) ;
#526 = VERTEX_POINT ( 'NONE', #6136 ) ;
#527 = CARTESIAN_POINT ( 'NONE',  ( -29.99052042804536100, 5.899999999999999467, 19.86876992292952693 ) ) ;
#528 = LINE ( 'NONE', #4917, #1736 ) ;
#529 = DIRECTION ( 'NONE',  ( 1.000000000000000000, 0.0000000000000000000, -0.0000000000000000000 ) ) ;
#530 = FACE_OUTER_BOUND ( 'NONE', #2635, .T. ) ;
#531 = CARTESIAN_POINT ( 'NONE',  ( -19.74829789473684016, 1.449999999999999956, 4.143496842105264477 ) ) ;
#532 = ORIENTED_EDGE ( 'NONE', *, *, #3273, .F. ) ;
#533 = CARTESIAN_POINT ( 'NONE',  ( 22.22590210526316312, 4.869999999999999218, 24.49029684210526270 ) ) ;
#534 = LINE ( 'NONE', #6649, #2951 ) ;
#535 = AXIS2_PLACEMENT_3D ( 'NONE', #1339, #889, #853 ) ;
#536 = ORIENTED_EDGE ( 'NONE', *, *, #2440, .F. ) ;
#537 = CARTESIAN_POINT ( 'NONE',  ( -21.60911273411832312, 5.899999999999999467, 3.323653436216390755 ) ) ;
#538 = DIRECTION ( 'NONE',  ( 1.000000000000000000, 0.0000000000000000000, 0.0000000000000000000 ) ) ;
#539 = ORIENTED_EDGE ( 'NONE', *, *, #6282, .T. ) ;
#540 = AXIS2_PLACEMENT_3D ( 'NONE', #1757, #5372, #2290 ) ;
#541 = VECTOR ( 'NONE', #4443, 1000.000000000000000 ) ;
#542 = ORIENTED_EDGE ( 'NONE', *, *, #4262, .F. ) ;
#543 = ORIENTED_EDGE ( 'NONE', *, *, #5240, .F. ) ;
#544 = DIRECTION ( 'NONE',  ( -0.0000000000000000000, -1.000000000000000000, -0.0000000000000000000 ) ) ;
#545 = CARTESIAN_POINT ( 'NONE',  ( -19.74839789473683993, 9.950000000000001066, 18.60509684210526515 ) ) ;
#546 = DIRECTION ( 'NONE',  ( -0.0000000000000000000, -0.0000000000000000000, -1.000000000000000000 ) ) ;
#547 = CARTESIAN_POINT ( 'NONE',  ( -0.2166978947368418673, 1.449999999999999956, 0.2479968421052660688 ) ) ;
#548 = VERTEX_POINT ( 'NONE', #5058 ) ;
#549 = ADVANCED_FACE ( 'NONE', ( #4125 ), #4209, .F. ) ;
#550 = ADVANCED_FACE ( 'NONE', ( #1528 ), #5100, .F. ) ;
#551 = VECTOR ( 'NONE', #2346, 1000.000000000000000 ) ;
#552 = DIRECTION ( 'NONE',  ( 0.0000000000000000000, 0.0000000000000000000, -1.000000000000000000 ) ) ;
#553 = ORIENTED_EDGE ( 'NONE', *, *, #149, .F. ) ;
#554 = EDGE_CURVE ( 'NONE', #781, #4793, #170, .T. ) ;
#555 = DIRECTION ( 'NONE',  ( 1.000000000000000000, 0.0000000000000000000, 0.0000000000000000000 ) ) ;
#556 = VECTOR ( 'NONE', #3312, 1000.000000000000000 ) ;
#557 = CARTESIAN_POINT ( 'NONE',  ( -9.259597894736844026, 4.869999999999999218, 29.45039684210526687 ) ) ;
#558 = VECTOR ( 'NONE', #1267, 1000.000000000000000 ) ;
#559 = AXIS2_PLACEMENT_3D ( 'NONE', #1356, #4966, #1878 ) ;
#560 = ORIENTED_EDGE ( 'NONE', *, *, #1756, .F. ) ;
#561 = ORIENTED_EDGE ( 'NONE', *, *, #2192, .T. ) ;
#562 = DIRECTION ( 'NONE',  ( 0.0000000000000000000, 0.0000000000000000000, 1.000000000000000000 ) ) ;
#563 = LINE ( 'NONE', #1861, #730 ) ;
#564 = DIRECTION ( 'NONE',  ( 0.0000000000000000000, -0.0000000000000000000, 1.000000000000000000 ) ) ;
#565 = VERTEX_POINT ( 'NONE', #1443 ) ;
#566 = VERTEX_POINT ( 'NONE', #4117 ) ;
#567 = CARTESIAN_POINT ( 'NONE',  ( -22.53007446102908773, 6.627966397586102509, -30.38780315789474074 ) ) ;
#568 = CARTESIAN_POINT ( 'NONE',  ( 19.60940210526315752, 4.869999999999999218, -10.49160315789473508 ) ) ;
#569 = ORIENTED_EDGE ( 'NONE', *, *, #6537, .F. ) ;
#570 = ORIENTED_EDGE ( 'NONE', *, *, #4726, .T. ) ;
#571 = VECTOR ( 'NONE', #4813, 1000.000000000000000 ) ;
#572 = CARTESIAN_POINT ( 'NONE',  ( 49.66000210526316039, 4.869999999999999218, 28.93009684210527155 ) ) ;
#573 = PLANE ( 'NONE',  #1605 ) ;
#574 = EDGE_CURVE ( 'NONE', #358, #3997, #5335, .T. ) ;
#575 = CARTESIAN_POINT ( 'NONE',  ( -50.58859789473683577, 1.449999999999999956, -30.38780315789473718 ) ) ;
#576 = DIRECTION ( 'NONE',  ( -0.0000000000000000000, -1.000000000000000000, -0.0000000000000000000 ) ) ;
#577 = CARTESIAN_POINT ( 'NONE',  ( 15.63400210526316059, 4.869999999999999218, -24.05770315789473557 ) ) ;
#578 = ORIENTED_EDGE ( 'NONE', *, *, #2685, .F. ) ;
#579 = ORIENTED_EDGE ( 'NONE', *, *, #4055, .T. ) ;
#580 = EDGE_CURVE ( 'NONE', #4366, #3950, #1364, .T. ) ;
#581 = ORIENTED_EDGE ( 'NONE', *, *, #4755, .T. ) ;
#582 = ADVANCED_FACE ( 'NONE', ( #6 ), #600, .F. ) ;
#583 = EDGE_CURVE ( 'NONE', #2045, #708, #3805, .T. ) ;
#584 = ADVANCED_FACE ( 'NONE', ( #6529 ), #3662, .F. ) ;
#585 = APPROVAL_DATE_TIME ( #1940, #3709 ) ;
#586 = DIRECTION ( 'NONE',  ( -0.0000000000000000000, -0.0000000000000000000, -1.000000000000000000 ) ) ;
#587 = VERTEX_POINT ( 'NONE', #3510 ) ;
#588 = VERTEX_POINT ( 'NONE', #952 ) ;
#589 = PLANE ( 'NONE',  #3557 ) ;
#590 = CARTESIAN_POINT ( 'NONE',  ( 26.11240210526315764, 4.869999999999999218, -6.285103157894734949 ) ) ;
#591 = PLANE ( 'NONE',  #6599 ) ;
#592 = FACE_OUTER_BOUND ( 'NONE', #2208, .T. ) ;
#593 = VECTOR ( 'NONE', #812, 1000.000000000000000 ) ;
#594 = CC_DESIGN_DATE_AND_TIME_ASSIGNMENT ( #2615, #4073, ( #5891 ) ) ;
#595 = ORIENTED_EDGE ( 'NONE', *, *, #3461, .T. ) ;
#596 = EDGE_CURVE ( 'NONE', #6337, #2748, #2425, .T. ) ;
#597 = DIRECTION ( 'NONE',  ( 1.000000000000000000, 0.0000000000000000000, 0.0000000000000000000 ) ) ;
#598 = VECTOR ( 'NONE', #1759, 1000.000000000000000 ) ;
#599 = VECTOR ( 'NONE', #1709, 1000.000000000000000 ) ;
#600 = PLANE ( 'NONE',  #6226 ) ;
#601 = LINE ( 'NONE', #6221, #1960 ) ;
#602 = LINE ( 'NONE', #5733, #1799 ) ;
#603 = CARTESIAN_POINT ( 'NONE',  ( -30.53007446102908062, 5.899999999999999467, 29.74219684210526182 ) ) ;
#604 = EDGE_LOOP ( 'NONE', ( #3119, #543, #1702, #1924 ) ) ;
#605 = EDGE_LOOP ( 'NONE', ( #5134, #651, #4768, #2736 ) ) ;
#606 = VECTOR ( 'NONE', #5760, 1000.000000000000000 ) ;
#607 = FACE_OUTER_BOUND ( 'NONE', #1851, .T. ) ;
#608 = AXIS2_PLACEMENT_3D ( 'NONE', #6279, #3705, #616 ) ;
#609 = CARTESIAN_POINT ( 'NONE',  ( 21.98470210526316038, -3.419999999999999929, 18.99739684210526391 ) ) ;
#610 = VECTOR ( 'NONE', #5438, 1000.000000000000000 ) ;
#611 = DIRECTION ( 'NONE',  ( -0.0000000000000000000, 1.000000000000000000, -0.0000000000000000000 ) ) ;
#612 = ORIENTED_EDGE ( 'NONE', *, *, #1147, .F. ) ;
#613 = CIRCLE ( 'NONE', #4127, 1.950000000000000400 ) ;
#614 = FACE_OUTER_BOUND ( 'NONE', #2714, .T. ) ;
#615 = ORIENTED_EDGE ( 'NONE', *, *, #1438, .T. ) ;
#616 = DIRECTION ( 'NONE',  ( 0.0000000000000000000, -0.0000000000000000000, 1.000000000000000000 ) ) ;
#617 = EDGE_CURVE ( 'NONE', #5886, #3191, #1165, .T. ) ;
#618 = VERTEX_POINT ( 'NONE', #391 ) ;
#619 = EDGE_CURVE ( 'NONE', #618, #3715, #3752, .T. ) ;
#620 = FACE_OUTER_BOUND ( 'NONE', #5392, .T. ) ;
#621 = ADVANCED_FACE ( 'NONE', ( #5111 ), #5314, .F. ) ;
#622 = ADVANCED_FACE ( 'NONE', ( #997 ), #573, .F. ) ;
#623 = ORIENTED_EDGE ( 'NONE', *, *, #2151, .F. ) ;
#624 = CARTESIAN_POINT ( 'NONE',  ( -19.74829789473684016, 9.950000000000001066, 6.325496842105266637 ) ) ;
#625 = AXIS2_PLACEMENT_3D ( 'NONE', #240, #1790, #5409 ) ;
#626 = EDGE_CURVE ( 'NONE', #4063, #3212, #3907, .T. ) ;
#627 = ORIENTED_EDGE ( 'NONE', *, *, #2877, .F. ) ;
#628 = DIRECTION ( 'NONE',  ( -0.0000000000000000000, 0.0000000000000000000, 1.000000000000000000 ) ) ;
#629 = ORIENTED_EDGE ( 'NONE', *, *, #1760, .T. ) ;
#630 = DIRECTION ( 'NONE',  ( 0.0000000000000000000, 0.0000000000000000000, 1.000000000000000000 ) ) ;
#631 = DIRECTION ( 'NONE',  ( 1.000000000000000000, 0.0000000000000000000, 0.0000000000000000000 ) ) ;
#632 = DIRECTION ( 'NONE',  ( 0.0000000000000000000, -0.0000000000000000000, 1.000000000000000000 ) ) ;
#633 = ORIENTED_EDGE ( 'NONE', *, *, #3895, .F. ) ;
#634 = CARTESIAN_POINT ( 'NONE',  ( -35.34749789473684700, 1.449999999999999956, -27.85070315789473483 ) ) ;
#635 = DIRECTION ( 'NONE',  ( 0.0000000000000000000, 0.0000000000000000000, -1.000000000000000000 ) ) ;
#636 = PLANE ( 'NONE',  #933 ) ;
#637 = VECTOR ( 'NONE', #3973, 1000.000000000000000 ) ;
#638 = ADVANCED_FACE ( 'NONE', ( #3582 ), #6157, .F. ) ;
#639 = ORIENTED_EDGE ( 'NONE', *, *, #953, .F. ) ;
#640 = VECTOR ( 'NONE', #3131, 1000.000000000000000 ) ;
#641 = VECTOR ( 'NONE', #398, 1000.000000000000000 ) ;
#642 = CARTESIAN_POINT ( 'NONE',  ( 0.0000000000000000000, 1.449999999999999956, 0.0000000000000000000 ) ) ;
#643 = ORIENTED_EDGE ( 'NONE', *, *, #6513, .T. ) ;
#644 = ORIENTED_EDGE ( 'NONE', *, *, #2830, .T. ) ;
#645 = DIRECTION ( 'NONE',  ( -0.0000000000000000000, 0.0000000000000000000, 1.000000000000000000 ) ) ;
#646 = EDGE_CURVE ( 'NONE', #929, #105, #2228, .T. ) ;
#647 = DIRECTION ( 'NONE',  ( 1.000000000000000000, 0.0000000000000000000, 0.0000000000000000000 ) ) ;
#648 = ADVANCED_FACE ( 'NONE', ( #4936 ), #2689, .F. ) ;
#649 = ADVANCED_FACE ( 'NONE', ( #4782 ), #6159, .F. ) ;
#650 = ORIENTED_EDGE ( 'NONE', *, *, #1719, .T. ) ;
#651 = ORIENTED_EDGE ( 'NONE', *, *, #2407, .F. ) ;
#652 = VECTOR ( 'NONE', #1699, 1000.000000000000000 ) ;
#653 = CARTESIAN_POINT ( 'NONE',  ( -15.02599789473684133, 5.153130887489396628, 35.04339684210526684 ) ) ;
#654 = CARTESIAN_POINT ( 'NONE',  ( 38.47040210526316173, 4.869999999999999218, -16.59860315789473617 ) ) ;
#655 = DIRECTION ( 'NONE',  ( 1.000000000000000000, 0.0000000000000000000, 0.0000000000000000000 ) ) ;
#656 = EDGE_CURVE ( 'NONE', #1987, #1496, #2052, .T. ) ;
#657 = CARTESIAN_POINT ( 'NONE',  ( -12.24459789473684168, 1.449999999999999956, -21.52050315789473700 ) ) ;
#658 = DIRECTION ( 'NONE',  ( 0.0000000000000000000, 0.0000000000000000000, 1.000000000000000000 ) ) ;
#659 = CARTESIAN_POINT ( 'NONE',  ( 19.60940210526315752, 4.869999999999999218, -14.93160315789473458 ) ) ;
#660 = EDGE_LOOP ( 'NONE', ( #4072, #6615, #2131, #643 ) ) ;
#661 = LINE ( 'NONE', #414, #810 ) ;
#662 = ORIENTED_EDGE ( 'NONE', *, *, #5282, .T. ) ;
#663 = AXIS2_PLACEMENT_3D ( 'NONE', #2116, #2614, #1628 ) ;
#664 = EDGE_LOOP ( 'NONE', ( #1290, #3186, #880, #5262 ) ) ;
#665 = ORIENTED_EDGE ( 'NONE', *, *, #4931, .T. ) ;
#666 = EDGE_LOOP ( 'NONE', ( #971, #3739, #4488, #2371 ) ) ;
#667 = CARTESIAN_POINT ( 'NONE',  ( -27.77769789473684270, -3.419999999999999929, -26.67090315789473465 ) ) ;
#668 = ADVANCED_FACE ( 'NONE', ( #5987 ), #3640, .F. ) ;
#669 = ORIENTED_EDGE ( 'NONE', *, *, #4262, .T. ) ;
#670 = CARTESIAN_POINT ( 'NONE',  ( -41.77399789473683711, 1.449999999999999956, -23.49190315789473260 ) ) ;
#671 = EDGE_CURVE ( 'NONE', #4618, #2683, #4608, .T. ) ;
#672 = ORIENTED_EDGE ( 'NONE', *, *, #938, .T. ) ;
#673 = EDGE_CURVE ( 'NONE', #2637, #4405, #683, .T. ) ;
#674 = LINE ( 'NONE', #5709, #5980 ) ;
#675 = DIRECTION ( 'NONE',  ( 0.0000000000000000000, 0.0000000000000000000, 1.000000000000000000 ) ) ;
#676 = DIRECTION ( 'NONE',  ( 0.0000000000000000000, 0.0000000000000000000, 1.000000000000000000 ) ) ;
#677 = CARTESIAN_POINT ( 'NONE',  ( 42.33160210526316547, 0.0000000000000000000, 16.43479684210526415 ) ) ;
#678 = CARTESIAN_POINT ( 'NONE',  ( -29.99052042804536100, 1.449999999999999956, 19.86876992292952693 ) ) ;
#679 = VECTOR ( 'NONE', #6270, 1000.000000000000000 ) ;
#680 = PLANE ( 'NONE',  #5496 ) ;
#681 = DIRECTION ( 'NONE',  ( 0.0000000000000000000, 0.0000000000000000000, -1.000000000000000000 ) ) ;
#682 = MANIFOLD_SOLID_BREP ( 'Chamfer4', #3963 ) ;
#683 = LINE ( 'NONE', #5710, #514 ) ;
#684 = AXIS2_PLACEMENT_3D ( 'NONE', #2580, #5103, #4081 ) ;
#685 = EDGE_CURVE ( 'NONE', #5026, #2890, #1877, .T. ) ;
#686 = LINE ( 'NONE', #5083, #4939 ) ;
#687 = VECTOR ( 'NONE', #5583, 1000.000000000000000 ) ;
#688 = ADVANCED_FACE ( 'NONE', ( #5833 ), #2268, .F. ) ;
#689 = EDGE_CURVE ( 'NONE', #502, #3058, #349, .T. ) ;
#690 = VECTOR ( 'NONE', #4535, 1000.000000000000000 ) ;
#691 = CLOSED_SHELL ( 'NONE', ( #1752, #165, #4693, #6447, #6228, #2881, #2111 ) ) ;
#692 = LINE ( 'NONE', #5411, #5994 ) ;
#693 = AXIS2_PLACEMENT_3D ( 'NONE', #5412, #4384, #1300 ) ;
#694 = EDGE_LOOP ( 'NONE', ( #2043, #3770, #4244, #4504 ) ) ;
#695 = LINE ( 'NONE', #3375, #2067 ) ;
#696 = EDGE_LOOP ( 'NONE', ( #1156, #1810, #3434, #1089 ) ) ;
#697 = VECTOR ( 'NONE', #4533, 1000.000000000000000 ) ;
#698 = DIRECTION ( 'NONE',  ( 0.0000000000000000000, 0.0000000000000000000, 1.000000000000000000 ) ) ;
#699 = ORIENTED_EDGE ( 'NONE', *, *, #5013, .F. ) ;
#700 = CARTESIAN_POINT ( 'NONE',  ( 40.96200210526315999, 9.950000000000001066, 16.44869684210526373 ) ) ;
#701 = EDGE_LOOP ( 'NONE', ( #5990, #1599, #460, #3101 ) ) ;
#702 = DIRECTION ( 'NONE',  ( 1.000000000000000000, 0.0000000000000000000, 0.0000000000000000000 ) ) ;
#703 = CARTESIAN_POINT ( 'NONE',  ( -9.259597894736844026, 1.449999999999999956, 21.83899684210526360 ) ) ;
#704 = VECTOR ( 'NONE', #1342, 1000.000000000000000 ) ;
#705 = CARTESIAN_POINT ( 'NONE',  ( -34.92489789473684425, 10.69999999999999929, -23.49190315789473260 ) ) ;
#706 = DIRECTION ( 'NONE',  ( -0.0000000000000000000, -0.0000000000000000000, -1.000000000000000000 ) ) ;
#707 = CARTESIAN_POINT ( 'NONE',  ( -19.86499789473684174, 4.869999999999999218, -24.05770315789473557 ) ) ;
#708 = VERTEX_POINT ( 'NONE', #2196 ) ;
#709 = ADVANCED_FACE ( 'NONE', ( #5677 ), #1148, .T. ) ;
#710 = ORIENTED_EDGE ( 'NONE', *, *, #412, .T. ) ;
#711 = EDGE_CURVE ( 'NONE', #2312, #4318, #1725, .T. ) ;
#712 = VECTOR ( 'NONE', #6181, 1000.000000000000000 ) ;
#713 = CARTESIAN_POINT ( 'NONE',  ( -3.389297894736842398, -3.419999999999999929, 21.55489684210526846 ) ) ;
#714 = AXIS2_PLACEMENT_3D ( 'NONE', #1540, #2079, #5672 ) ;
#715 = ORIENTED_EDGE ( 'NONE', *, *, #5519, .F. ) ;
#716 = ADVANCED_FACE ( 'NONE', ( #2934 ), #1983, .T. ) ;
#717 = LINE ( 'NONE', #2784, #6025 ) ;
#718 = VECTOR ( 'NONE', #3216, 1000.000000000000000 ) ;
#719 = DIRECTION ( 'NONE',  ( 0.4472135954999559293, 0.8944271909999168546, -0.0000000000000000000 ) ) ;
#720 = PLANE ( 'NONE',  #5859 ) ;
#721 = DIRECTION ( 'NONE',  ( -0.0000000000000000000, 1.000000000000000000, -0.0000000000000000000 ) ) ;
#722 = EDGE_CURVE ( 'NONE', #5047, #3820, #5511, .T. ) ;
#723 = ORIENTED_EDGE ( 'NONE', *, *, #3163, .F. ) ;
#724 = CLOSED_SHELL ( 'NONE', ( #298, #267, #4765, #1662, #3782, #4735 ) ) ;
#725 = CARTESIAN_POINT ( 'NONE',  ( -11.52049789473684172, 4.869999999999999218, -21.52050315789473700 ) ) ;
#726 = AXIS2_PLACEMENT_3D ( 'NONE', #6418, #3322, #236 ) ;
#728 = DIRECTION ( 'NONE',  ( 0.0000000000000000000, 0.0000000000000000000, 1.000000000000000000 ) ) ;
#727 = DIRECTION ( 'NONE',  ( 0.0000000000000000000, 1.000000000000000000, 0.0000000000000000000 ) ) ;
#729 = EDGE_CURVE ( 'NONE', #6005, #358, #1556, .T. ) ;
#730 = VECTOR ( 'NONE', #3927, 1000.000000000000000 ) ;
#731 = VERTEX_POINT ( 'NONE', #2700 ) ;
#732 = VERTEX_POINT ( 'NONE', #946 ) ;
#733 = ORIENTED_EDGE ( 'NONE', *, *, #3095, .T. ) ;
#734 = DIRECTION ( 'NONE',  ( -1.000000000000000000, 0.0000000000000000000, -0.0000000000000000000 ) ) ;
#735 = ORIENTED_EDGE ( 'NONE', *, *, #5353, .F. ) ;
#736 = ADVANCED_FACE ( 'NONE', ( #1390 ), #6277, .F. ) ;
#737 = LINE ( 'NONE', #1979, #884 ) ;
#738 = CARTESIAN_POINT ( 'NONE',  ( -1.359697894736841661, 1.449999999999999956, -24.05770315789473557 ) ) ;
#739 = CARTESIAN_POINT ( 'NONE',  ( -25.21007446102908389, 15.15000000000000036, 0.0000000000000000000 ) ) ;
#740 = VERTEX_POINT ( 'NONE', #5159 ) ;
#741 = ORIENTED_EDGE ( 'NONE', *, *, #2059, .T. ) ;
#742 = DIRECTION ( 'NONE',  ( -0.0000000000000000000, -1.000000000000000000, -0.0000000000000000000 ) ) ;
#743 = DIRECTION ( 'NONE',  ( 0.0000000000000000000, -0.0000000000000000000, 1.000000000000000000 ) ) ;
#744 = APPROVAL_PERSON_ORGANIZATION ( #2123, #3709, #3050 ) ;
#745 = ORIENTED_EDGE ( 'NONE', *, *, #4202, .F. ) ;
#746 = ORIENTED_EDGE ( 'NONE', *, *, #3577, .T. ) ;
#747 = ADVANCED_FACE ( 'NONE', ( #5362 ), #1197, .F. ) ;
#748 = EDGE_CURVE ( 'NONE', #2012, #4170, #3980, .T. ) ;
#749 = LINE ( 'NONE', #1716, #3828 ) ;
#750 = AXIS2_PLACEMENT_3D ( 'NONE', #2433, #6547, #3462 ) ;
#751 = FACE_OUTER_BOUND ( 'NONE', #3892, .T. ) ;
#752 = ORIENTED_EDGE ( 'NONE', *, *, #1053, .F. ) ;
#753 = ORIENTED_EDGE ( 'NONE', *, *, #4040, .T. ) ;
#754 = CARTESIAN_POINT ( 'NONE',  ( -44.81679789473683684, 19.14999999999999858, -1.613203157894734119 ) ) ;
#755 = EDGE_CURVE ( 'NONE', #2880, #4998, #37, .T. ) ;
#756 = VECTOR ( 'NONE', #728, 1000.000000000000000 ) ;
#757 = FACE_OUTER_BOUND ( 'NONE', #1745, .T. ) ;
#758 = LINE ( 'NONE', #6403, #6070 ) ;
#759 = LINE ( 'NONE', #1071, #4521 ) ;
#760 = ORIENTED_EDGE ( 'NONE', *, *, #6420, .F. ) ;
#761 = VECTOR ( 'NONE', #2611, 1000.000000000000000 ) ;
#762 = DIRECTION ( 'NONE',  ( 0.0000000000000000000, 0.0000000000000000000, -1.000000000000000000 ) ) ;
#763 = CARTESIAN_POINT ( 'NONE',  ( -26.85007446102908801, 15.15000000000000036, -30.25780315789473107 ) ) ;
#764 = ORIENTED_EDGE ( 'NONE', *, *, #5336, .T. ) ;
#765 = FACE_OUTER_BOUND ( 'NONE', #3135, .T. ) ;
#766 = LINE ( 'NONE', #5626, #3345 ) ;
#767 = CARTESIAN_POINT ( 'NONE',  ( 12.62400210526315902, 1.449999999999999956, -14.93160315789473458 ) ) ;
#768 = CARTESIAN_POINT ( 'NONE',  ( -44.81679789473683684, 19.14999999999999858, 8.324796842105264716 ) ) ;
#769 = ORIENTED_EDGE ( 'NONE', *, *, #1053, .T. ) ;
#770 = ADVANCED_FACE ( 'NONE', ( #6558 ), #5630, .F. ) ;
#771 = LINE ( 'NONE', #4905, #4712 ) ;
#772 = VERTEX_POINT ( 'NONE', #3771 ) ;
#773 = CIRCLE ( 'NONE', #4441, 1.950000000000000400 ) ;
#774 = EDGE_CURVE ( 'NONE', #3191, #5161, #5191, .T. ) ;
#775 = VECTOR ( 'NONE', #2781, 1000.000000000000000 ) ;
#776 = ORIENTED_EDGE ( 'NONE', *, *, #3443, .F. ) ;
#777 = DIRECTION ( 'NONE',  ( 0.0000000000000000000, 0.0000000000000000000, 1.000000000000000000 ) ) ;
#778 = VECTOR ( 'NONE', #3022, 1000.000000000000000 ) ;
#779 = ORIENTED_EDGE ( 'NONE', *, *, #2004, .T. ) ;
#780 = CARTESIAN_POINT ( 'NONE',  ( -29.99052042804536811, 5.899999999999999467, -13.22146305049674275 ) ) ;
#781 = VERTEX_POINT ( 'NONE', #1497 ) ;
#782 = ADVANCED_FACE ( 'NONE', ( #3829 ), #982, .F. ) ;
#783 = DIRECTION ( 'NONE',  ( 1.000000000000000000, 0.0000000000000000000, 0.0000000000000000000 ) ) ;
#784 = EDGE_CURVE ( 'NONE', #1869, #4800, #6408, .T. ) ;
#785 = PLANE ( 'NONE',  #5171 ) ;
#786 = AXIS2_PLACEMENT_3D ( 'NONE', #1573, #3083, #1174 ) ;
#787 = VECTOR ( 'NONE', #6539, 1000.000000000000000 ) ;
#788 = AXIS2_PLACEMENT_3D ( 'NONE', #6178, #27, #3629 ) ;
#789 = ORIENTED_EDGE ( 'NONE', *, *, #2839, .T. ) ;
#790 = VECTOR ( 'NONE', #1388, 1000.000000000000000 ) ;
#791 = PLANE ( 'NONE',  #3889 ) ;
#792 = CARTESIAN_POINT ( 'NONE',  ( 0.0000000000000000000, -3.419999999999999929, 0.0000000000000000000 ) ) ;
#793 = ORIENTED_EDGE ( 'NONE', *, *, #841, .F. ) ;
#794 = EDGE_CURVE ( 'NONE', #1645, #4743, #2628, .T. ) ;
#795 = ADVANCED_FACE ( 'NONE', ( #5023 ), #2566, .F. ) ;
#796 = VECTOR ( 'NONE', #2972, 1000.000000000000000 ) ;
#797 = DIRECTION ( 'NONE',  ( -0.0000000000000000000, -1.000000000000000000, -0.0000000000000000000 ) ) ;
#798 = ORIENTED_EDGE ( 'NONE', *, *, #3127, .T. ) ;
#799 = ORIENTED_EDGE ( 'NONE', *, *, #6104, .T. ) ;
#800 = DIRECTION ( 'NONE',  ( -0.0000000000000000000, -0.0000000000000000000, 1.000000000000000000 ) ) ;
#801 = CARTESIAN_POINT ( 'NONE',  ( 12.31920210526315884, 4.869999999999999218, 7.877096842105264507 ) ) ;
#802 = CARTESIAN_POINT ( 'NONE',  ( 0.0000000000000000000, 19.14999999999999858, 0.0000000000000000000 ) ) ;
#803 = CARTESIAN_POINT ( 'NONE',  ( -29.53007446102908062, 6.627966397586102509, -30.25780315789473107 ) ) ;
#804 = EDGE_CURVE ( 'NONE', #2464, #5886, #1078, .T. ) ;
#805 = VECTOR ( 'NONE', #14, 1000.000000000000000 ) ;
#806 = DIRECTION ( 'NONE',  ( 0.0000000000000000000, 0.0000000000000000000, 1.000000000000000000 ) ) ;
#807 = ADVANCED_FACE ( 'NONE', ( #3501 ), #4103, .F. ) ;
#808 = EDGE_LOOP ( 'NONE', ( #6059, #4809, #63, #2795 ) ) ;
#809 = DIRECTION ( 'NONE',  ( -1.000000000000000000, 0.0000000000000000000, 0.0000000000000000000 ) ) ;
#810 = VECTOR ( 'NONE', #4203, 1000.000000000000000 ) ;
#811 = EDGE_LOOP ( 'NONE', ( #629, #150, #2051, #4883 ) ) ;
#812 = DIRECTION ( 'NONE',  ( 1.000000000000000000, 0.0000000000000000000, 0.0000000000000000000 ) ) ;
#813 = ORIENTED_EDGE ( 'NONE', *, *, #4715, .T. ) ;
#814 = ORIENTED_EDGE ( 'NONE', *, *, #2192, .F. ) ;
#815 = CARTESIAN_POINT ( 'NONE',  ( 22.22590210526316312, 4.869999999999999218, 24.49029684210526270 ) ) ;
#816 = AXIS2_PLACEMENT_3D ( 'NONE', #4942, #6486, #4918 ) ;
#817 = CARTESIAN_POINT ( 'NONE',  ( -48.66899789473684734, 1.449999999999999956, 26.01279684210526355 ) ) ;
#818 = VECTOR ( 'NONE', #4511, 1000.000000000000000 ) ;
#819 = EDGE_CURVE ( 'NONE', #46, #4124, #4861, .T. ) ;
#820 = VERTEX_POINT ( 'NONE', #1683 ) ;
#821 = PLANE ( 'NONE',  #5662 ) ;
#822 = CARTESIAN_POINT ( 'NONE',  ( 38.47040210526316173, 1.449999999999999956, -26.74700315789473493 ) ) ;
#823 = ORIENTED_EDGE ( 'NONE', *, *, #124, .F. ) ;
#824 = ADVANCED_FACE ( 'NONE', ( #757 ), #6124, .F. ) ;
#825 = FACE_OUTER_BOUND ( 'NONE', #3284, .T. ) ;
#826 = PLANE ( 'NONE',  #5558 ) ;
#827 = FACE_OUTER_BOUND ( 'NONE', #5815, .T. ) ;
#828 = EDGE_LOOP ( 'NONE', ( #6171, #570, #4525, #255 ) ) ;
#829 = AXIS2_PLACEMENT_3D ( 'NONE', #4013, #4493, #1426 ) ;
#830 = EDGE_CURVE ( 'NONE', #4271, #2455, #4695, .T. ) ;
#831 = VECTOR ( 'NONE', #5224, 1000.000000000000000 ) ;
#832 = LINE ( 'NONE', #6402, #3417 ) ;
#833 = FACE_BOUND ( 'NONE', #5999, .T. ) ;
#834 = FACE_OUTER_BOUND ( 'NONE', #2325, .T. ) ;
#835 = ORIENTED_EDGE ( 'NONE', *, *, #3362, .F. ) ;
#836 = CARTESIAN_POINT ( 'NONE',  ( 16.92960210526315734, -3.419999999999999929, -29.20810315789473322 ) ) ;
#837 = LINE ( 'NONE', #1439, #4790 ) ;
#838 = ORIENTED_EDGE ( 'NONE', *, *, #4886, .T. ) ;
#839 = VECTOR ( 'NONE', #1775, 1000.000000000000000 ) ;
#840 = DIRECTION ( 'NONE',  ( 0.0000000000000000000, 0.0000000000000000000, -1.000000000000000000 ) ) ;
#841 = EDGE_CURVE ( 'NONE', #1069, #1696, #6246, .T. ) ;
#842 = DIRECTION ( 'NONE',  ( 0.0000000000000000000, 0.0000000000000000000, 1.000000000000000000 ) ) ;
#843 = ORIENTED_EDGE ( 'NONE', *, *, #2769, .F. ) ;
#844 = FACE_OUTER_BOUND ( 'NONE', #5872, .T. ) ;
#845 = ORIENTED_EDGE ( 'NONE', *, *, #1676, .F. ) ;
#846 = CARTESIAN_POINT ( 'NONE',  ( -0.7626978947368412420, 1.449999999999999956, 7.877096842105264507 ) ) ;
#847 = LINE ( 'NONE', #6054, #2073 ) ;
#848 = DIRECTION ( 'NONE',  ( 1.000000000000000000, 0.0000000000000000000, 0.0000000000000000000 ) ) ;
#849 = DIRECTION ( 'NONE',  ( -0.0000000000000000000, -1.000000000000000000, -0.0000000000000000000 ) ) ;
#850 = CARTESIAN_POINT ( 'NONE',  ( 16.92960210526315734, 0.0000000000000000000, -26.67090315789473465 ) ) ;
#851 = EDGE_LOOP ( 'NONE', ( #1909, #1531, #4201, #6315 ) ) ;
#852 = ORIENTED_EDGE ( 'NONE', *, *, #5862, .T. ) ;
#853 = DIRECTION ( 'NONE',  ( 0.0000000000000000000, 0.0000000000000000000, 1.000000000000000000 ) ) ;
#854 = LINE ( 'NONE', #533, #1021 ) ;
#855 = VERTEX_POINT ( 'NONE', #5780 ) ;
#856 = CARTESIAN_POINT ( 'NONE',  ( -19.74829789473684016, 9.950000000000001066, 4.143496842105264477 ) ) ;
#857 = CARTESIAN_POINT ( 'NONE',  ( 40.71840210526315218, 4.869999999999999218, -4.382303157894734014 ) ) ;
#858 = ORIENTED_EDGE ( 'NONE', *, *, #580, .F. ) ;
#859 = EDGE_CURVE ( 'NONE', #5471, #1024, #5904, .T. ) ;
#860 = AXIS2_PLACEMENT_3D ( 'NONE', #5995, #863, #4453 ) ;
#861 = DIRECTION ( 'NONE',  ( -1.000000000000000000, -0.0000000000000000000, -0.0000000000000000000 ) ) ;
#862 = ORIENTED_EDGE ( 'NONE', *, *, #2440, .T. ) ;
#863 = DIRECTION ( 'NONE',  ( 0.0000000000000000000, 1.000000000000000000, 0.0000000000000000000 ) ) ;
#864 = VECTOR ( 'NONE', #478, 1000.000000000000000 ) ;
#865 = CARTESIAN_POINT ( 'NONE',  ( -29.99052042804536811, 5.899999999999999467, 3.323653436216390755 ) ) ;
#866 = DIRECTION ( 'NONE',  ( 0.0000000000000000000, -0.0000000000000000000, 1.000000000000000000 ) ) ;
#867 = ORIENTED_EDGE ( 'NONE', *, *, #2808, .T. ) ;
#868 = CARTESIAN_POINT ( 'NONE',  ( -19.74839789473683993, 9.950000000000001066, 18.60509684210526515 ) ) ;
#869 = DIRECTION ( 'NONE',  ( 0.0000000000000000000, 0.0000000000000000000, -1.000000000000000000 ) ) ;
#870 = LINE ( 'NONE', #5855, #3454 ) ;
#871 = VECTOR ( 'NONE', #5276, 1000.000000000000000 ) ;
#872 = VERTEX_POINT ( 'NONE', #92 ) ;
#873 = ORIENTED_EDGE ( 'NONE', *, *, #4877, .F. ) ;
#874 = CARTESIAN_POINT ( 'NONE',  ( -35.34749789473684700, 0.0000000000000000000, -25.90070315789473554 ) ) ;
#875 = CARTESIAN_POINT ( 'NONE',  ( 25.79500210526316195, 1.449999999999999956, -1.730903157894735367 ) ) ;
#876 = LINE ( 'NONE', #3379, #3307 ) ;
#877 = DIRECTION ( 'NONE',  ( 0.0000000000000000000, 0.0000000000000000000, -1.000000000000000000 ) ) ;
#878 = CARTESIAN_POINT ( 'NONE',  ( 25.79500210526316195, 4.869999999999999218, 3.343296842105264233 ) ) ;
#879 = EDGE_LOOP ( 'NONE', ( #53, #3644, #5926, #5799 ) ) ;
#880 = ORIENTED_EDGE ( 'NONE', *, *, #6018, .T. ) ;
#881 = PLANE ( 'NONE',  #1544 ) ;
#882 = DIRECTION ( 'NONE',  ( 1.000000000000000000, 0.0000000000000000000, -0.0000000000000000000 ) ) ;
#883 = ORIENTED_EDGE ( 'NONE', *, *, #3087, .T. ) ;
#884 = VECTOR ( 'NONE', #283, 1000.000000000000000 ) ;
#885 = AXIS2_PLACEMENT_3D ( 'NONE', #2690, #6286, #5225 ) ;
#886 = EDGE_LOOP ( 'NONE', ( #4336, #3197, #6353, #3303 ) ) ;
#887 = CARTESIAN_POINT ( 'NONE',  ( -21.53007446102908773, 5.899999999999999467, -30.25780315789473107 ) ) ;
#888 = EDGE_CURVE ( 'NONE', #6154, #19, #6069, .T. ) ;
#889 = DIRECTION ( 'NONE',  ( -1.000000000000000000, 0.0000000000000000000, 0.0000000000000000000 ) ) ;
#890 = VERTEX_POINT ( 'NONE', #1520 ) ;
#891 = EDGE_LOOP ( 'NONE', ( #2025, #5332, #3903, #1485 ) ) ;
#892 = DIRECTION ( 'NONE',  ( 0.0000000000000000000, -0.0000000000000000000, 1.000000000000000000 ) ) ;
#893 = DIRECTION ( 'NONE',  ( -1.000000000000000000, -0.0000000000000000000, -0.0000000000000000000 ) ) ;
#894 = COORDINATED_UNIVERSAL_TIME_OFFSET ( 3, 0, .AHEAD. ) ;
#895 = DIRECTION ( 'NONE',  ( -0.0000000000000000000, -1.000000000000000000, -0.0000000000000000000 ) ) ;
#896 = VERTEX_POINT ( 'NONE', #4628 ) ;
#897 = ORIENTED_EDGE ( 'NONE', *, *, #361, .T. ) ;
#898 = CARTESIAN_POINT ( 'NONE',  ( -22.53007446102908773, 15.15000000000000036, 29.74219684210526182 ) ) ;
#899 = VECTOR ( 'NONE', #359, 1000.000000000000000 ) ;
#900 = CARTESIAN_POINT ( 'NONE',  ( 42.33160210526316547, -3.419999999999999929, -29.21190315789473502 ) ) ;
#901 = LINE ( 'NONE', #2343, #4688 ) ;
#902 = CARTESIAN_POINT ( 'NONE',  ( 14.38950210526316020, 0.0000000000000000000, -26.67090315789473465 ) ) ;
#903 = CARTESIAN_POINT ( 'NONE',  ( -29.99052042804536100, 5.899999999999999467, 19.86876992292952693 ) ) ;
#904 = CARTESIAN_POINT ( 'NONE',  ( -27.77769789473684270, -0.0000000000000000000, -29.20810315789473322 ) ) ;
#905 = AXIS2_PLACEMENT_3D ( 'NONE', #6324, #1607, #6039 ) ;
#906 = ORIENTED_EDGE ( 'NONE', *, *, #4233, .F. ) ;
#907 = LINE ( 'NONE', #4837, #2134 ) ;
#908 = VECTOR ( 'NONE', #1619, 1000.000000000000000 ) ;
#909 = EDGE_CURVE ( 'NONE', #4820, #3321, #3171, .T. ) ;
#910 = FACE_OUTER_BOUND ( 'NONE', #3004, .T. ) ;
#911 = LINE ( 'NONE', #5697, #2138 ) ;
#912 = DIRECTION ( 'NONE',  ( -1.000000000000000000, 0.0000000000000000000, -0.0000000000000000000 ) ) ;
#913 = CARTESIAN_POINT ( 'NONE',  ( 45.93860210526316479, 0.0000000000000000000, 18.27799684210526365 ) ) ;
#914 = VERTEX_POINT ( 'NONE', #6361 ) ;
#915 = LINE ( 'NONE', #6199, #761 ) ;
#916 = ORIENTED_EDGE ( 'NONE', *, *, #1719, .F. ) ;
#917 = VECTOR ( 'NONE', #5043, 1000.000000000000114 ) ;
#918 = EDGE_LOOP ( 'NONE', ( #2333, #5918 ) ) ;
#919 = FACE_OUTER_BOUND ( 'NONE', #5921, .T. ) ;
#920 = EDGE_CURVE ( 'NONE', #890, #346, #4376, .T. ) ;
#921 = DIRECTION ( 'NONE',  ( -0.0000000000000000000, -1.000000000000000000, -0.0000000000000000000 ) ) ;
#922 = ORIENTED_EDGE ( 'NONE', *, *, #2321, .F. ) ;
#923 = CARTESIAN_POINT ( 'NONE',  ( -19.69649789473684010, 9.950000000000001066, -6.360203157894734005 ) ) ;
#924 = DIRECTION ( 'NONE',  ( 1.000000000000000000, 0.0000000000000000000, 0.0000000000000000000 ) ) ;
#925 = CARTESIAN_POINT ( 'NONE',  ( -27.89007446102908361, 15.15000000000000213, -30.25780315789473107 ) ) ;
#926 = LINE ( 'NONE', #1552, #4872 ) ;
#927 = ORIENTED_EDGE ( 'NONE', *, *, #5069, .F. ) ;
#928 = LINE ( 'NONE', #3157, #5042 ) ;
#929 = VERTEX_POINT ( 'NONE', #5678 ) ;
#930 = DIRECTION ( 'NONE',  ( -0.0000000000000000000, 1.000000000000000000, -0.0000000000000000000 ) ) ;
#931 = ORIENTED_EDGE ( 'NONE', *, *, #819, .F. ) ;
#932 = CARTESIAN_POINT ( 'NONE',  ( -21.53007446102908773, 15.15000000000000036, -30.25780315789473107 ) ) ;
#933 = AXIS2_PLACEMENT_3D ( 'NONE', #1139, #3230, #6346 ) ;
#934 = DIRECTION ( 'NONE',  ( 0.0000000000000000000, 0.0000000000000000000, -1.000000000000000000 ) ) ;
#935 = CARTESIAN_POINT ( 'NONE',  ( 34.35530210526316353, 4.869999999999999218, 24.49029684210526270 ) ) ;
#936 = VECTOR ( 'NONE', #2498, 1000.000000000000000 ) ;
#937 = PRODUCT_DEFINITION_FORMATION_WITH_SPECIFIED_SOURCE ( 'ANY', '', #1444, .NOT_KNOWN. ) ;
#938 = EDGE_CURVE ( 'NONE', #6393, #5681, #1797, .T. ) ;
#939 = ORIENTED_EDGE ( 'NONE', *, *, #5312, .F. ) ;
#940 = PLANE ( 'NONE',  #2915 ) ;
#941 = ORIENTED_EDGE ( 'NONE', *, *, #6116, .T. ) ;
#942 = CARTESIAN_POINT ( 'NONE',  ( -0.8769978947368413102, -3.419999999999999929, 21.53459684210526248 ) ) ;
#943 = DIRECTION ( 'NONE',  ( -1.000000000000000000, -0.0000000000000000000, -0.0000000000000000000 ) ) ;
#944 = DIRECTION ( 'NONE',  ( 1.000000000000000000, 0.0000000000000000000, 0.0000000000000000000 ) ) ;
#945 = CLOSED_SHELL ( 'NONE', ( #3257, #648, #2698, #4403, #2285, #2662 ) ) ;
#946 = CARTESIAN_POINT ( 'NONE',  ( -21.60911273411832312, 5.899999999999999467, 3.323653436216390755 ) ) ;
#947 = VECTOR ( 'NONE', #2426, 1000.000000000000000 ) ;
#948 = CARTESIAN_POINT ( 'NONE',  ( -10.37729789473684328, 4.869999999999999218, 0.2479968421052660688 ) ) ;
#949 = VERTEX_POINT ( 'NONE', #156 ) ;
#950 = EDGE_CURVE ( 'NONE', #1982, #5542, #1640, .T. ) ;
#951 = CIRCLE ( 'NONE', #4906, 1.950000000000000400 ) ;
#952 = CARTESIAN_POINT ( 'NONE',  ( -19.86499789473684174, 4.869999999999999218, -24.05770315789473557 ) ) ;
#953 = EDGE_CURVE ( 'NONE', #3489, #1350, #5748, .T. ) ;
#954 = DIRECTION ( 'NONE',  ( 1.000000000000000000, 0.0000000000000000000, 0.0000000000000000000 ) ) ;
#955 = DIRECTION ( 'NONE',  ( 1.000000000000000000, 0.0000000000000000000, 0.0000000000000000000 ) ) ;
#956 = VERTEX_POINT ( 'NONE', #3789 ) ;
#957 = DIRECTION ( 'NONE',  ( 1.000000000000000000, 0.0000000000000000000, 0.0000000000000000000 ) ) ;
#958 = LINE ( 'NONE', #378, #6292 ) ;
#959 = DIRECTION ( 'NONE',  ( -1.000000000000000000, -0.0000000000000000000, -0.0000000000000000000 ) ) ;
#960 = ORIENTED_EDGE ( 'NONE', *, *, #321, .F. ) ;
#961 = ORIENTED_EDGE ( 'NONE', *, *, #4166, .F. ) ;
#962 = EDGE_CURVE ( 'NONE', #3976, #309, #2855, .T. ) ;
#963 = CARTESIAN_POINT ( 'NONE',  ( -7.456097894736840814, -0.0000000000000000000, -26.67090315789473465 ) ) ;
#964 = CARTESIAN_POINT ( 'NONE',  ( 0.0000000000000000000, 15.15000000000000036, 0.0000000000000000000 ) ) ;
#965 = CLOSED_SHELL ( 'NONE', ( #4240, #4204, #3657, #6419, #2756, #550 ) ) ;
#966 = CARTESIAN_POINT ( 'NONE',  ( 19.52050210526315865, 4.869999999999999218, 0.2733968421052654918 ) ) ;
#967 = VECTOR ( 'NONE', #3238, 1000.000000000000000 ) ;
#968 = CARTESIAN_POINT ( 'NONE',  ( -24.17007446102908830, 15.15000000000000036, -30.25780315789473107 ) ) ;
#969 = APPROVAL_STATUS ( 'not_yet_approved' ) ;
#970 = EDGE_LOOP ( 'NONE', ( #60, #5386 ) ) ;
#971 = ORIENTED_EDGE ( 'NONE', *, *, #5013, .T. ) ;
#972 = CARTESIAN_POINT ( 'NONE',  ( -50.58859789473683577, 0.0000000000000000000, -30.38780315789473718 ) ) ;
#973 = ORIENTED_EDGE ( 'NONE', *, *, #6280, .F. ) ;
#974 = PLANE ( 'NONE',  #5704 ) ;
#975 = CARTESIAN_POINT ( 'NONE',  ( -5.932097894736841681, -3.419999999999999929, -26.67090315789473465 ) ) ;
#976 = DIRECTION ( 'NONE',  ( -0.0000000000000000000, -0.0000000000000000000, -1.000000000000000000 ) ) ;
#977 = AXIS2_PLACEMENT_3D ( 'NONE', #1579, #3133, #2373 ) ;
#978 = ORIENTED_EDGE ( 'NONE', *, *, #3099, .T. ) ;
#979 = ORIENTED_EDGE ( 'NONE', *, *, #1106, .T. ) ;
#980 = VECTOR ( 'NONE', #2482, 1000.000000000000000 ) ;
#981 = EDGE_CURVE ( 'NONE', #1496, #3212, #1467, .T. ) ;
#982 = PLANE ( 'NONE',  #2181 ) ;
#983 = AXIS2_PLACEMENT_3D ( 'NONE', #4996, #6031, #2961 ) ;
#984 = ORIENTED_EDGE ( 'NONE', *, *, #6048, .F. ) ;
#985 = EDGE_LOOP ( 'NONE', ( #4425, #3955, #1464, #5550 ) ) ;
#986 = PLANE ( 'NONE',  #4508 ) ;
#987 = DIRECTION ( 'NONE',  ( -0.0000000000000000000, -1.000000000000000000, -0.0000000000000000000 ) ) ;
#988 = CARTESIAN_POINT ( 'NONE',  ( 12.31920210526315884, 1.449999999999999956, 7.877096842105264507 ) ) ;
#989 = CARTESIAN_POINT ( 'NONE',  ( 22.67050210526316079, 4.869999999999999218, -24.19730315789473707 ) ) ;
#990 = CARTESIAN_POINT ( 'NONE',  ( 47.41190210526315241, 9.950000000000001066, -29.21190315789473502 ) ) ;
#991 = LINE ( 'NONE', #3597, #6474 ) ;
#992 = LINE ( 'NONE', #1074, #2221 ) ;
#993 = EDGE_CURVE ( 'NONE', #2481, #5879, #5433, .T. ) ;
#994 = VERTEX_POINT ( 'NONE', #677 ) ;
#995 = CARTESIAN_POINT ( 'NONE',  ( 49.66000210526316039, 4.869999999999999218, 24.49029684210526270 ) ) ;
#996 = DIRECTION ( 'NONE',  ( -1.000000000000000000, -0.0000000000000000000, -0.0000000000000000000 ) ) ;
#997 = FACE_OUTER_BOUND ( 'NONE', #6414, .T. ) ;
#998 = VECTOR ( 'NONE', #2266, 1000.000000000000000 ) ;
#999 = DIRECTION ( 'NONE',  ( 0.0000000000000000000, 0.0000000000000000000, 1.000000000000000000 ) ) ;
#1000 = VECTOR ( 'NONE', #5030, 1000.000000000000000 ) ;
#1001 = CARTESIAN_POINT ( 'NONE',  ( -19.74829789473684016, 1.449999999999999956, 6.325496842105266637 ) ) ;
#1002 = LINE ( 'NONE', #6569, #2231 ) ;
#1003 = CARTESIAN_POINT ( 'NONE',  ( -29.99052042804536100, 5.899999999999999467, 19.86876992292952693 ) ) ;
#1004 = ORIENTED_EDGE ( 'NONE', *, *, #1942, .F. ) ;
#1005 = DIRECTION ( 'NONE',  ( 0.0000000000000000000, 0.0000000000000000000, 1.000000000000000000 ) ) ;
#1006 = LINE ( 'NONE', #4024, #2560 ) ;
#1007 = ORIENTED_EDGE ( 'NONE', *, *, #2327, .T. ) ;
#1008 = AXIS2_PLACEMENT_3D ( 'NONE', #2540, #6126, #3045 ) ;
#1009 = LINE ( 'NONE', #6405, #2236 ) ;
#1010 = ORIENTED_EDGE ( 'NONE', *, *, #5940, .F. ) ;
#1011 = VECTOR ( 'NONE', #676, 1000.000000000000000 ) ;
#1012 = VERTEX_POINT ( 'NONE', #5803 ) ;
#1013 = CARTESIAN_POINT ( 'NONE',  ( 41.01060210526316041, 4.869999999999999218, -26.74700315789473493 ) ) ;
#1014 = VECTOR ( 'NONE', #4506, 1000.000000000000000 ) ;
#1016 = EDGE_LOOP ( 'NONE', ( #1585, #3308, #3497, #5223 ) ) ;
#1015 = DIRECTION ( 'NONE',  ( -1.000000000000000000, -0.0000000000000000000, -0.0000000000000000000 ) ) ;
#1017 = CARTESIAN_POINT ( 'NONE',  ( 45.93860210526316479, 1.449999999999999956, 22.17799684210526578 ) ) ;
#1018 = DIRECTION ( 'NONE',  ( -0.0000000000000000000, -0.0000000000000000000, -1.000000000000000000 ) ) ;
#1019 = EDGE_CURVE ( 'NONE', #5522, #4998, #5278, .T. ) ;
#1020 = ORIENTED_EDGE ( 'NONE', *, *, #6433, .T. ) ;
#1021 = VECTOR ( 'NONE', #4643, 1000.000000000000000 ) ;
#1022 = EDGE_LOOP ( 'NONE', ( #6527, #6503, #6389, #3884 ) ) ;
#1023 = CARTESIAN_POINT ( 'NONE',  ( 21.98470210526316038, -3.419999999999999929, 21.53459684210526248 ) ) ;
#1024 = VERTEX_POINT ( 'NONE', #2664 ) ;
#1025 = DIRECTION ( 'NONE',  ( 0.0000000000000000000, 0.0000000000000000000, -1.000000000000000000 ) ) ;
#1026 = EDGE_CURVE ( 'NONE', #105, #6213, #6638, .T. ) ;
#1027 = DIRECTION ( 'NONE',  ( 1.000000000000000000, 0.0000000000000000000, 0.0000000000000000000 ) ) ;
#1028 = DIRECTION ( 'NONE',  ( -0.0000000000000000000, -0.0000000000000000000, 1.000000000000000000 ) ) ;
#1029 = EDGE_CURVE ( 'NONE', #4483, #855, #436, .T. ) ;
#1030 = CARTESIAN_POINT ( 'NONE',  ( 6.451502105263158704, 4.869999999999999218, 28.93009684210527155 ) ) ;
#1031 = CARTESIAN_POINT ( 'NONE',  ( -44.81679789473683684, 13.14999999999995417, -1.613203157894734119 ) ) ;
#1032 = DIRECTION ( 'NONE',  ( 0.0000000000000000000, -0.0000000000000000000, -1.000000000000000000 ) ) ;
#1033 = CLOSED_SHELL ( 'NONE', ( #4737, #1194, #2216, #2897, #5389, #1127 ) ) ;
#1034 = LINE ( 'NONE', #4578, #864 ) ;
#1035 = CARTESIAN_POINT ( 'NONE',  ( 32.66600210526316062, 1.449999999999999956, 7.877096842105264507 ) ) ;
#1036 = LINE ( 'NONE', #3794, #4979 ) ;
#1037 = DIRECTION ( 'NONE',  ( 0.0000000000000000000, -1.000000000000000000, 0.0000000000000000000 ) ) ;
#1038 = DIRECTION ( 'NONE',  ( -0.0000000000000000000, -0.0000000000000000000, 1.000000000000000000 ) ) ;
#1039 = FACE_OUTER_BOUND ( 'NONE', #4360, .T. ) ;
#1040 = DIRECTION ( 'NONE',  ( -0.0000000000000000000, -0.0000000000000000000, -1.000000000000000000 ) ) ;
#1041 = VERTEX_POINT ( 'NONE', #3091 ) ;
#1042 = ORIENTED_EDGE ( 'NONE', *, *, #1902, .T. ) ;
#1043 = AXIS2_PLACEMENT_3D ( 'NONE', #2762, #2463, #425 ) ;
#1044 = DIRECTION ( 'NONE',  ( 0.0000000000000000000, -1.000000000000000000, 0.0000000000000000000 ) ) ;
#1045 = LINE ( 'NONE', #2317, #4986 ) ;
#1046 = EDGE_CURVE ( 'NONE', #4925, #2214, #5107, .T. ) ;
#1047 = PLANE ( 'NONE',  #1771 ) ;
#1048 = CLOSED_SHELL ( 'NONE', ( #638, #3893, #1788, #4803, #2215, #9, #2323, #5778, #1211, #2182, #3914, #6318, #2113, #51, #1054, #5415, #4274 ) ) ;
#1049 = ORIENTED_EDGE ( 'NONE', *, *, #3615, .F. ) ;
#1050 = ORIENTED_EDGE ( 'NONE', *, *, #6671, .T. ) ;
#1051 = DIRECTION ( 'NONE',  ( 0.0000000000000000000, 0.0000000000000000000, -1.000000000000000000 ) ) ;
#1052 = DIRECTION ( 'NONE',  ( -0.0000000000000000000, -1.000000000000000000, -0.0000000000000000000 ) ) ;
#1053 = EDGE_CURVE ( 'NONE', #4405, #6494, #2710, .T. ) ;
#1054 = ADVANCED_FACE ( 'NONE', ( #6323 ), #4095, .T. ) ;
#1055 = LINE ( 'NONE', #3701, #6217 ) ;
#1056 = ORIENTED_EDGE ( 'NONE', *, *, #4762, .F. ) ;
#1057 = CARTESIAN_POINT ( 'NONE',  ( -34.92489789473684425, 10.69999999999999929, -23.49190315789473260 ) ) ;
#1058 = PLANE ( 'NONE',  #2186 ) ;
#1059 = DIRECTION ( 'NONE',  ( 0.0000000000000000000, 0.0000000000000000000, -1.000000000000000000 ) ) ;
#1060 = DIRECTION ( 'NONE',  ( 0.0000000000000000000, 0.0000000000000000000, 1.000000000000000000 ) ) ;
#1061 = ORIENTED_EDGE ( 'NONE', *, *, #2453, .F. ) ;
#1062 = ORIENTED_EDGE ( 'NONE', *, *, #4723, .F. ) ;
#1063 = EDGE_CURVE ( 'NONE', #3976, #1105, #991, .T. ) ;
#1064 = EDGE_CURVE ( 'NONE', #4124, #994, #4932, .T. ) ;
#1065 = CARTESIAN_POINT ( 'NONE',  ( -27.77769789473684270, -0.0000000000000000000, -29.20810315789473322 ) ) ;
#1066 = DATE_AND_TIME ( #2444, #3818 ) ;
#1067 = CARTESIAN_POINT ( 'NONE',  ( 12.62400210526315902, 1.449999999999999956, -10.49160315789473508 ) ) ;
#1068 = VERTEX_POINT ( 'NONE', #6205 ) ;
#1069 = VERTEX_POINT ( 'NONE', #2039 ) ;
#1070 = PLANE ( 'NONE',  #2971 ) ;
#1071 = CARTESIAN_POINT ( 'NONE',  ( 20.56320210526315861, 9.950000000000001066, -18.63990315789473584 ) ) ;
#1072 = DIRECTION ( 'NONE',  ( -1.000000000000000000, 0.0000000000000000000, 0.0000000000000000000 ) ) ;
#1073 = LINE ( 'NONE', #1325, #4306 ) ;
#1074 = CARTESIAN_POINT ( 'NONE',  ( -27.89007446102908361, 15.15000000000000036, 29.74219684210526182 ) ) ;
#1075 = FACE_OUTER_BOUND ( 'NONE', #3377, .T. ) ;
#1076 = CARTESIAN_POINT ( 'NONE',  ( -5.932097894736841681, -3.419999999999999929, -29.20810315789473322 ) ) ;
#1077 = LINE ( 'NONE', #183, #2304 ) ;
#1078 = LINE ( 'NONE', #6145, #2305 ) ;
#1079 = LINE ( 'NONE', #3530, #3982 ) ;
#1080 = VECTOR ( 'NONE', #16, 1000.000000000000000 ) ;
#1081 = AXIS2_PLACEMENT_3D ( 'NONE', #1536, #3097, #15 ) ;
#1082 = DIRECTION ( 'NONE',  ( -0.0000000000000000000, -0.0000000000000000000, -1.000000000000000000 ) ) ;
#1083 = EDGE_LOOP ( 'NONE', ( #3365, #6514, #6487, #4826 ) ) ;
#1084 = CARTESIAN_POINT ( 'NONE',  ( -15.02599789473684133, 5.153130887489396628, 35.04339684210526684 ) ) ;
#1085 = DIRECTION ( 'NONE',  ( -1.000000000000000000, -0.0000000000000000000, -0.0000000000000000000 ) ) ;
#1086 = LINE ( 'NONE', #5658, #6253 ) ;
#1087 = ORIENTED_EDGE ( 'NONE', *, *, #4273, .F. ) ;
#1088 = FACE_OUTER_BOUND ( 'NONE', #3683, .T. ) ;
#1089 = ORIENTED_EDGE ( 'NONE', *, *, #3222, .T. ) ;
#1090 = VECTOR ( 'NONE', #1999, 1000.000000000000000 ) ;
#1091 = ADVANCED_FACE ( 'NONE', ( #825 ), #5746, .F. ) ;
#1092 = ADVANCED_FACE ( 'NONE', ( #2372 ), #6678, .F. ) ;
#1093 = ORIENTED_EDGE ( 'NONE', *, *, #3099, .F. ) ;
#1094 = VECTOR ( 'NONE', #4552, 1000.000000000000000 ) ;
#1095 = CARTESIAN_POINT ( 'NONE',  ( 49.66000210526316039, 1.449999999999999956, 24.49029684210526270 ) ) ;
#1096 = ORIENTED_EDGE ( 'NONE', *, *, #2999, .T. ) ;
#1097 = EDGE_LOOP ( 'NONE', ( #5922, #1004, #3402, #3965 ) ) ;
#1098 = CIRCLE ( 'NONE', #3426, 1.749999999999999778 ) ;
#1099 = EDGE_CURVE ( 'NONE', #565, #57, #4777, .T. ) ;
#1100 = CARTESIAN_POINT ( 'NONE',  ( -38.69399789473683882, 19.14999999999999858, 16.02419684210526540 ) ) ;
#1101 = ORIENTED_EDGE ( 'NONE', *, *, #3764, .T. ) ;
#1102 = DIRECTION ( 'NONE',  ( -0.0000000000000000000, -0.0000000000000000000, -1.000000000000000000 ) ) ;
#1103 = CARTESIAN_POINT ( 'NONE',  ( 0.0000000000000000000, 8.250000000000000000, 0.0000000000000000000 ) ) ;
#1104 = LINE ( 'NONE', #5052, #3685 ) ;
#1105 = VERTEX_POINT ( 'NONE', #2600 ) ;
#1106 = EDGE_CURVE ( 'NONE', #1376, #3242, #674, .T. ) ;
#1107 = DIRECTION ( 'NONE',  ( 1.000000000000000000, 0.0000000000000000000, 0.0000000000000000000 ) ) ;
#1108 = ORIENTED_EDGE ( 'NONE', *, *, #1119, .F. ) ;
#1109 = CARTESIAN_POINT ( 'NONE',  ( -24.17007446102908830, 15.15000000000000036, -30.38780315789474074 ) ) ;
#1110 = DIRECTION ( 'NONE',  ( 0.0000000000000000000, 1.000000000000000000, 0.0000000000000000000 ) ) ;
#1111 = DIRECTION ( 'NONE',  ( -0.0000000000000000000, -1.000000000000000000, -0.0000000000000000000 ) ) ;
#1112 = DIRECTION ( 'NONE',  ( 0.0000000000000000000, 0.0000000000000000000, 1.000000000000000000 ) ) ;
#1113 = EDGE_LOOP ( 'NONE', ( #3741, #4873, #5911, #5368 ) ) ;
#1114 = FACE_OUTER_BOUND ( 'NONE', #4465, .T. ) ;
#1115 = DIRECTION ( 'NONE',  ( 1.000000000000000000, 0.0000000000000000000, 0.0000000000000000000 ) ) ;
#1116 = AXIS2_PLACEMENT_3D ( 'NONE', #792, #4393, #1309 ) ;
#1117 = DIRECTION ( 'NONE',  ( 0.0000000000000000000, 1.000000000000000000, 0.0000000000000000000 ) ) ;
#1118 = ORIENTED_EDGE ( 'NONE', *, *, #554, .T. ) ;
#1119 = EDGE_CURVE ( 'NONE', #6460, #2062, #2048, .T. ) ;
#1120 = CARTESIAN_POINT ( 'NONE',  ( -27.77769789473684270, -3.419999999999999929, -26.67090315789473465 ) ) ;
#1121 = FACE_OUTER_BOUND ( 'NONE', #3325, .T. ) ;
#1122 = CARTESIAN_POINT ( 'NONE',  ( -26.85007446102908446, 6.627966397586102509, -30.38780315789474074 ) ) ;
#1123 = AXIS2_PLACEMENT_3D ( 'NONE', #5846, #6377, #3290 ) ;
#1124 = ORIENTED_EDGE ( 'NONE', *, *, #4369, .F. ) ;
#1125 = EDGE_LOOP ( 'NONE', ( #3581, #5086, #1616, #3493 ) ) ;
#1126 = ADVANCED_FACE ( 'NONE', ( #3411 ), #2164, .F. ) ;
#1127 = ADVANCED_FACE ( 'NONE', ( #3258 ), #1652, .F. ) ;
#1128 = LINE ( 'NONE', #3488, #796 ) ;
#1129 = DIRECTION ( 'NONE',  ( 0.0000000000000000000, 0.0000000000000000000, -1.000000000000000000 ) ) ;
#1130 = DIRECTION ( 'NONE',  ( 1.000000000000000000, 0.0000000000000000000, 0.0000000000000000000 ) ) ;
#1131 = DIRECTION ( 'NONE',  ( 0.0000000000000000000, 0.0000000000000000000, 1.000000000000000000 ) ) ;
#1132 = DIRECTION ( 'NONE',  ( -1.000000000000000000, 0.0000000000000000000, -0.0000000000000000000 ) ) ;
#1133 = EDGE_CURVE ( 'NONE', #2569, #1974, #5822, .T. ) ;
#1134 = ORIENTED_EDGE ( 'NONE', *, *, #6463, .T. ) ;
#1135 = VERTEX_POINT ( 'NONE', #12 ) ;
#1136 = CARTESIAN_POINT ( 'NONE',  ( -18.70919789473684247, 1.449999999999999956, 25.59139684210526511 ) ) ;
#1137 = PLANE ( 'NONE',  #1287 ) ;
#1138 = ORIENTED_EDGE ( 'NONE', *, *, #3883, .F. ) ;
#1139 = CARTESIAN_POINT ( 'NONE',  ( -7.748297894736841940, 4.869999999999999218, 12.31709684210526490 ) ) ;
#1140 = LINE ( 'NONE', #2616, #2354 ) ;
#1141 = DIRECTION ( 'NONE',  ( -0.0000000000000000000, -1.000000000000000000, -0.0000000000000000000 ) ) ;
#1142 = DIRECTION ( 'NONE',  ( -0.0000000000000000000, -1.000000000000000000, -0.0000000000000000000 ) ) ;
#1143 = PLANE ( 'NONE',  #22 ) ;
#1144 = EDGE_LOOP ( 'NONE', ( #2819, #5251, #2242, #4958 ) ) ;
#1145 = EDGE_LOOP ( 'NONE', ( #3049, #5896, #2358, #3760 ) ) ;
#1146 = ORIENTED_EDGE ( 'NONE', *, *, #1192, .F. ) ;
#1147 = EDGE_CURVE ( 'NONE', #5129, #740, #4604, .T. ) ;
#1148 = PLANE ( 'NONE',  #5413 ) ;
#1149 = CARTESIAN_POINT ( 'NONE',  ( -35.34749789473684700, 1.449999999999999956, -25.90070315789473554 ) ) ;
#1150 = ORIENTED_EDGE ( 'NONE', *, *, #2261, .F. ) ;
#1151 = VERTEX_POINT ( 'NONE', #5170 ) ;
#1152 = DIRECTION ( 'NONE',  ( 0.0000000000000000000, 0.0000000000000000000, 1.000000000000000000 ) ) ;
#1153 = CARTESIAN_POINT ( 'NONE',  ( -26.85007446102908446, 6.627966397586102509, 29.74219684210526182 ) ) ;
#1154 = LINE ( 'NONE', #878, #6468 ) ;
#1155 = AXIS2_PLACEMENT_3D ( 'NONE', #995, #6134, #6092 ) ;
#1156 = ORIENTED_EDGE ( 'NONE', *, *, #3071, .T. ) ;
#1157 = ADVANCED_FACE ( 'NONE', ( #1722 ), #1507, .F. ) ;
#1158 = EDGE_CURVE ( 'NONE', #1937, #1982, #5671, .T. ) ;
#1159 = ADVANCED_FACE ( 'NONE', ( #4440 ), #5147, .T. ) ;
#1160 = VECTOR ( 'NONE', #4657, 1000.000000000000000 ) ;
#1161 = CARTESIAN_POINT ( 'NONE',  ( 9.359902105263159910, 1.449999999999999956, -2.263803157894734852 ) ) ;
#1162 = VECTOR ( 'NONE', #5199, 1000.000000000000000 ) ;
#1163 = ORIENTED_EDGE ( 'NONE', *, *, #5757, .F. ) ;
#1164 = CARTESIAN_POINT ( 'NONE',  ( -25.21007446102908389, 15.15000000000000213, -30.25780315789473107 ) ) ;
#1165 = LINE ( 'NONE', #3479, #6479 ) ;
#1166 = LINE ( 'NONE', #1732, #998 ) ;
#1167 = VECTOR ( 'NONE', #3006, 1000.000000000000000 ) ;
#1168 = FACE_OUTER_BOUND ( 'NONE', #2341, .T. ) ;
#1169 = CARTESIAN_POINT ( 'NONE',  ( 0.0000000000000000000, 4.869999999999999218, 0.0000000000000000000 ) ) ;
#1170 = ORIENTED_EDGE ( 'NONE', *, *, #4938, .F. ) ;
#1171 = LINE ( 'NONE', #3475, #5121 ) ;
#1172 = DIRECTION ( 'NONE',  ( 1.000000000000000000, 0.0000000000000000000, 0.0000000000000000000 ) ) ;
#1173 = EDGE_LOOP ( 'NONE', ( #3383, #3168, #3151, #3645 ) ) ;
#1174 = DIRECTION ( 'NONE',  ( 0.0000000000000000000, -0.0000000000000000000, 1.000000000000000000 ) ) ;
#1175 = PLANE ( 'NONE',  #2227 ) ;
#1176 = VECTOR ( 'NONE', #4834, 1000.000000000000000 ) ;
#1177 = CARTESIAN_POINT ( 'NONE',  ( -9.259597894736844026, 4.869999999999999218, 21.83899684210526360 ) ) ;
#1178 = DIRECTION ( 'NONE',  ( 0.0000000000000000000, -0.0000000000000000000, 1.000000000000000000 ) ) ;
#1180 = PLANE ( 'NONE',  #1622 ) ;
#1179 = CARTESIAN_POINT ( 'NONE',  ( -10.37729789473684328, 4.869999999999999218, -2.289003157894735185 ) ) ;
#1181 = MANIFOLD_SOLID_BREP ( 'Boss-Extrude4[6]', #4984 ) ;
#1182 = ORIENTED_EDGE ( 'NONE', *, *, #1891, .F. ) ;
#1183 = ADVANCED_FACE ( 'NONE', ( #1550 ), #5434, .F. ) ;
#1184 = VECTOR ( 'NONE', #1791, 1000.000000000000000 ) ;
#1185 = EDGE_CURVE ( 'NONE', #6297, #1893, #188, .T. ) ;
#1186 = LINE ( 'NONE', #5019, #4088 ) ;
#1187 = CLOSED_SHELL ( 'NONE', ( #770, #5182, #1241, #238, #6302, #1717 ) ) ;
#1188 = ORIENTED_EDGE ( 'NONE', *, *, #4880, .T. ) ;
#1189 = CARTESIAN_POINT ( 'NONE',  ( -0.9658978947368410672, 4.869999999999999218, -14.93160315789473458 ) ) ;
#1190 = LINE ( 'NONE', #4589, #6354 ) ;
#1191 = PLANE ( 'NONE',  #3961 ) ;
#1192 = EDGE_CURVE ( 'NONE', #3242, #5327, #2929, .T. ) ;
#1193 = VERTEX_POINT ( 'NONE', #289 ) ;
#1194 = ADVANCED_FACE ( 'NONE', ( #1384 ), #333, .F. ) ;
#1195 = ADVANCED_FACE ( 'NONE', ( #2780 ), #5937, .T. ) ;
#1196 = CARTESIAN_POINT ( 'NONE',  ( -44.81679789473683684, 1.449999999999999956, 8.324796842105264716 ) ) ;
#1197 = PLANE ( 'NONE',  #786 ) ;
#1198 = EDGE_LOOP ( 'NONE', ( #2386, #1656, #1316, #4169, #1773 ) ) ;
#1199 = EDGE_CURVE ( 'NONE', #6648, #19, #5358, .T. ) ;
#1200 = CARTESIAN_POINT ( 'NONE',  ( -30.53007446102908062, 15.15000000000000036, -30.25780315789473107 ) ) ;
#1201 = CARTESIAN_POINT ( 'NONE',  ( -5.932097894736841681, -0.0000000000000000000, -29.20810315789473322 ) ) ;
#1202 = AXIS2_PLACEMENT_3D ( 'NONE', #1103, #3165, #87 ) ;
#1204 = DIRECTION ( 'NONE',  ( 0.0000000000000000000, 0.0000000000000000000, 1.000000000000000000 ) ) ;
#1203 = CARTESIAN_POINT ( 'NONE',  ( -21.60911273411831957, 5.899999999999999467, 12.14045893242535712 ) ) ;
#1205 = LINE ( 'NONE', #6108, #6510 ) ;
#1206 = EDGE_LOOP ( 'NONE', ( #403, #5901, #1932, #2695 ) ) ;
#1207 = LINE ( 'NONE', #5829, #5153 ) ;
#1208 = VECTOR ( 'NONE', #3148, 1000.000000000000000 ) ;
#1209 = ORIENTED_EDGE ( 'NONE', *, *, #2205, .T. ) ;
#1210 = ORIENTED_EDGE ( 'NONE', *, *, #617, .F. ) ;
#1211 = ADVANCED_FACE ( 'NONE', ( #3977 ), #6552, .F. ) ;
#1212 = LINE ( 'NONE', #1239, #5158 ) ;
#1213 = EDGE_CURVE ( 'NONE', #3507, #5418, #5506, .T. ) ;
#1214 = CARTESIAN_POINT ( 'NONE',  ( -10.37729789473684328, 4.869999999999999218, 0.2479968421052660688 ) ) ;
#1215 = EDGE_LOOP ( 'NONE', ( #520, #2289, #5445, #5863 ) ) ;
#1216 = ORIENTED_EDGE ( 'NONE', *, *, #4371, .T. ) ;
#1217 = VECTOR ( 'NONE', #4659, 1000.000000000000000 ) ;
#1218 = CARTESIAN_POINT ( 'NONE',  ( -19.86499789473684174, 1.449999999999999956, -24.05770315789473557 ) ) ;
#1219 = DIRECTION ( 'NONE',  ( 0.0000000000000000000, 0.0000000000000000000, 1.000000000000000000 ) ) ;
#1220 = CARTESIAN_POINT ( 'NONE',  ( -38.69399789473683882, 1.449999999999999956, 26.01279684210526355 ) ) ;
#1221 = DIRECTION ( 'NONE',  ( -1.000000000000000000, 0.0000000000000000000, 0.0000000000000000000 ) ) ;
#1222 = CARTESIAN_POINT ( 'NONE',  ( 9.359902105263159910, 4.869999999999999218, -2.263803157894734852 ) ) ;
#1223 = DIRECTION ( 'NONE',  ( -0.0000000000000000000, -1.000000000000000000, -0.0000000000000000000 ) ) ;
#1224 = ORIENTED_EDGE ( 'NONE', *, *, #6334, .T. ) ;
#1225 = VECTOR ( 'NONE', #2220, 1000.000000000000000 ) ;
#1226 = ORIENTED_EDGE ( 'NONE', *, *, #4298, .F. ) ;
#1227 = ADVANCED_FACE ( 'NONE', ( #5188 ), #4501, .F. ) ;
#1228 = AXIS2_PLACEMENT_3D ( 'NONE', #5393, #2316, #5890 ) ;
#1229 = ORIENTED_EDGE ( 'NONE', *, *, #3485, .T. ) ;
#1230 = ORIENTED_EDGE ( 'NONE', *, *, #1450, .T. ) ;
#1231 = PERSON_AND_ORGANIZATION ( #4051, #339 ) ;
#1232 = CLOSED_SHELL ( 'NONE', ( #2716, #1315, #5811, #144, #2275, #1157 ) ) ;
#1233 = ORIENTED_EDGE ( 'NONE', *, *, #6231, .T. ) ;
#1234 = VECTOR ( 'NONE', #6050, 1000.000000000000000 ) ;
#1235 = CARTESIAN_POINT ( 'NONE',  ( 38.47040210526316173, 1.449999999999999956, -26.74700315789473493 ) ) ;
#1236 = FACE_OUTER_BOUND ( 'NONE', #6398, .T. ) ;
#1237 = CARTESIAN_POINT ( 'NONE',  ( -11.52049789473684172, 4.869999999999999218, -24.05770315789473557 ) ) ;
#1238 = DIRECTION ( 'NONE',  ( -1.000000000000000000, -0.0000000000000000000, -0.0000000000000000000 ) ) ;
#1240 = CARTESIAN_POINT ( 'NONE',  ( -29.53007446102908773, 15.15000000000000036, -30.25780315789473107 ) ) ;
#1239 = CARTESIAN_POINT ( 'NONE',  ( -29.99052042804537166, 5.899999999999999467, -20.94977404100091078 ) ) ;
#1241 = ADVANCED_FACE ( 'NONE', ( #2449 ), #2436, .F. ) ;
#1242 = VECTOR ( 'NONE', #5588, 1000.000000000000000 ) ;
#1243 = VECTOR ( 'NONE', #4119, 1000.000000000000000 ) ;
#1244 = VECTOR ( 'NONE', #6163, 1000.000000000000000 ) ;
#1245 = EDGE_CURVE ( 'NONE', #2012, #5650, #1073, .T. ) ;
#1246 = ORIENTED_EDGE ( 'NONE', *, *, #3606, .T. ) ;
#1247 = LINE ( 'NONE', #458, #5366 ) ;
#1248 = ORIENTED_EDGE ( 'NONE', *, *, #3521, .T. ) ;
#1249 = VECTOR ( 'NONE', #1978, 1000.000000000000000 ) ;
#1250 = ORIENTED_EDGE ( 'NONE', *, *, #3960, .F. ) ;
#1251 = VECTOR ( 'NONE', #4225, 1000.000000000000000 ) ;
#1252 = AXIS2_PLACEMENT_3D ( 'NONE', #350, #3966, #866 ) ;
#1253 = EDGE_LOOP ( 'NONE', ( #553, #3517, #4627, #922 ) ) ;
#1254 = FACE_OUTER_BOUND ( 'NONE', #172, .T. ) ;
#1255 = ORIENTED_EDGE ( 'NONE', *, *, #1245, .T. ) ;
#1256 = LINE ( 'NONE', #5682, #5380 ) ;
#1257 = ADVANCED_FACE ( 'NONE', ( #6401 ), #1302, .F. ) ;
#1258 = ORIENTED_EDGE ( 'NONE', *, *, #3217, .T. ) ;
#1259 = DIRECTION ( 'NONE',  ( 0.0000000000000000000, 1.000000000000000000, 0.0000000000000000000 ) ) ;
#1260 = ORIENTED_EDGE ( 'NONE', *, *, #427, .F. ) ;
#1261 = VECTOR ( 'NONE', #5018, 1000.000000000000000 ) ;
#1262 = PLANE ( 'NONE',  #1228 ) ;
#1263 = PLANE ( 'NONE',  #5983 ) ;
#1264 = ORIENTED_EDGE ( 'NONE', *, *, #2671, .F. ) ;
#1265 = ORIENTED_EDGE ( 'NONE', *, *, #5301, .T. ) ;
#1266 = EDGE_CURVE ( 'NONE', #1151, #502, #3822, .T. ) ;
#1267 = DIRECTION ( 'NONE',  ( -0.0000000000000000000, -1.000000000000000000, -0.0000000000000000000 ) ) ;
#1268 = ORIENTED_EDGE ( 'NONE', *, *, #1213, .F. ) ;
#1269 = EDGE_CURVE ( 'NONE', #2594, #1782, #3652, .T. ) ;
#1270 = FACE_OUTER_BOUND ( 'NONE', #2517, .T. ) ;
#1271 = CARTESIAN_POINT ( 'NONE',  ( 32.66600210526316062, 1.449999999999999956, 7.877096842105264507 ) ) ;
#1272 = ADVANCED_FACE ( 'NONE', ( #4851 ), #826, .T. ) ;
#1273 = ORIENTED_EDGE ( 'NONE', *, *, #402, .F. ) ;
#1274 = VECTOR ( 'NONE', #2340, 1000.000000000000000 ) ;
#1275 = PLANE ( 'NONE',  #625 ) ;
#1276 = PLANE ( 'NONE',  #4458 ) ;
#1277 = ORIENTED_EDGE ( 'NONE', *, *, #372, .F. ) ;
#1278 = EDGE_LOOP ( 'NONE', ( #1671, #845, #1334, #310 ) ) ;
#1279 = APPROVAL ( #969, 'UNSPECIFIED' ) ;
#1280 = EDGE_CURVE ( 'NONE', #3037, #6600, #6237, .T. ) ;
#1281 = LINE ( 'NONE', #4461, #3871 ) ;
#1282 = ADVANCED_FACE ( 'NONE', ( #3494 ), #3949, .F. ) ;
#1283 = CLOSED_SHELL ( 'NONE', ( #6492, #5357, #688, #1595, #6274, #177 ) ) ;
#1284 = ORIENTED_EDGE ( 'NONE', *, *, #2336, .F. ) ;
#1285 = ORIENTED_EDGE ( 'NONE', *, *, #327, .T. ) ;
#1286 = CARTESIAN_POINT ( 'NONE',  ( 51.01900210526315504, 1.449999999999999956, -30.38780315789473718 ) ) ;
#1287 = AXIS2_PLACEMENT_3D ( 'NONE', #2177, #5764, #2705 ) ;
#1288 = MANIFOLD_SOLID_BREP ( 'Boss-Extrude3[10]', #6281 ) ;
#1289 = DIRECTION ( 'NONE',  ( -1.000000000000000000, 0.0000000000000000000, -0.0000000000000000000 ) ) ;
#1290 = ORIENTED_EDGE ( 'NONE', *, *, #5545, .F. ) ;
#1291 = LINE ( 'NONE', #6680, #2523 ) ;
#1292 = DIRECTION ( 'NONE',  ( -0.0000000000000000000, -1.000000000000000000, -0.0000000000000000000 ) ) ;
#1293 = EDGE_CURVE ( 'NONE', #2658, #6089, #5014, .T. ) ;
#1294 = DIRECTION ( 'NONE',  ( 1.000000000000000000, 4.071149110431670071E-16, 0.0000000000000000000 ) ) ;
#1295 = ORIENTED_EDGE ( 'NONE', *, *, #6684, .T. ) ;
#1296 = ORIENTED_EDGE ( 'NONE', *, *, #84, .F. ) ;
#1297 = ORIENTED_EDGE ( 'NONE', *, *, #5612, .T. ) ;
#1298 = EDGE_CURVE ( 'NONE', #890, #4271, #6061, .T. ) ;
#1299 = PLANE ( 'NONE',  #3302 ) ;
#1300 = DIRECTION ( 'NONE',  ( 1.000000000000000000, 0.0000000000000000000, -0.0000000000000000000 ) ) ;
#1301 = ADVANCED_FACE ( 'NONE', ( #592 ), #2467, .F. ) ;
#1302 = PLANE ( 'NONE',  #535 ) ;
#1303 = ORIENTED_EDGE ( 'NONE', *, *, #1785, .T. ) ;
#1304 = CLOSED_SHELL ( 'NONE', ( #4175, #5221, #3334, #1822, #1195, #736 ) ) ;
#1305 = CARTESIAN_POINT ( 'NONE',  ( 19.52050210526315865, 4.869999999999999218, -2.263803157894734852 ) ) ;
#1306 = AXIS2_PLACEMENT_3D ( 'NONE', #4379, #1294, #4895 ) ;
#1307 = EDGE_CURVE ( 'NONE', #2481, #2818, #749, .T. ) ;
#1308 = LINE ( 'NONE', #4005, #3738 ) ;
#1309 = DIRECTION ( 'NONE',  ( 0.0000000000000000000, -0.0000000000000000000, -1.000000000000000000 ) ) ;
#1310 = EDGE_LOOP ( 'NONE', ( #1917, #4935, #4516, #3636 ) ) ;
#1311 = EDGE_LOOP ( 'NONE', ( #5076, #6211, #6296, #4572 ) ) ;
#1312 = CARTESIAN_POINT ( 'NONE',  ( 15.63400210526316059, 1.449999999999999956, -24.05770315789473557 ) ) ;
#1313 = VECTOR ( 'NONE', #544, 1000.000000000000000 ) ;
#1314 = LINE ( 'NONE', #18, #2712 ) ;
#1315 = ADVANCED_FACE ( 'NONE', ( #1948 ), #636, .F. ) ;
#1316 = ORIENTED_EDGE ( 'NONE', *, *, #4553, .T. ) ;
#1317 = LINE ( 'NONE', #3769, #6643 ) ;
#1318 = FACE_OUTER_BOUND ( 'NONE', #3888, .T. ) ;
#1319 = FACE_OUTER_BOUND ( 'NONE', #4432, .T. ) ;
#1320 = CARTESIAN_POINT ( 'NONE',  ( 35.95560210526315359, 1.449999999999999956, -1.730903157894735367 ) ) ;
#1321 = PLANE ( 'NONE',  #1365 ) ;
#1322 = ORIENTED_EDGE ( 'NONE', *, *, #4929, .F. ) ;
#1323 = LINE ( 'NONE', #1908, #6652 ) ;
#1324 = VERTEX_POINT ( 'NONE', #1777 ) ;
#1325 = CARTESIAN_POINT ( 'NONE',  ( -26.85007446102908801, 15.15000000000000036, 0.0000000000000000000 ) ) ;
#1326 = LINE ( 'NONE', #222, #4949 ) ;
#1327 = ORIENTED_EDGE ( 'NONE', *, *, #5908, .T. ) ;
#1328 = CARTESIAN_POINT ( 'NONE',  ( -10.37729789473684328, 4.869999999999999218, -2.289003157894735185 ) ) ;
#1329 = EDGE_CURVE ( 'NONE', #4930, #3309, #2457, .T. ) ;
#1330 = FACE_OUTER_BOUND ( 'NONE', #4372, .T. ) ;
#1331 = ORIENTED_EDGE ( 'NONE', *, *, #6016, .T. ) ;
#1332 = DIRECTION ( 'NONE',  ( -0.0000000000000000000, 1.000000000000000000, -0.0000000000000000000 ) ) ;
#1333 = ADVANCED_FACE ( 'NONE', ( #5021 ), #1180, .T. ) ;
#1334 = ORIENTED_EDGE ( 'NONE', *, *, #1307, .F. ) ;
#1335 = EDGE_CURVE ( 'NONE', #375, #6321, #1077, .T. ) ;
#1336 = LINE ( 'NONE', #6634, #4093 ) ;
#1337 = CARTESIAN_POINT ( 'NONE',  ( -19.74839789473683993, 1.449999999999999956, 16.44869684210526373 ) ) ;
#1338 = AXIS2_PLACEMENT_3D ( 'NONE', #506, #2640, #2133 ) ;
#1339 = CARTESIAN_POINT ( 'NONE',  ( 20.61510210526315845, 9.950000000000001066, -6.360203157894734005 ) ) ;
#1340 = ORIENTED_EDGE ( 'NONE', *, *, #3407, .F. ) ;
#1341 = VECTOR ( 'NONE', #1454, 1000.000000000000000 ) ;
#1342 = DIRECTION ( 'NONE',  ( 1.000000000000000000, 0.0000000000000000000, 0.0000000000000000000 ) ) ;
#1343 = DIRECTION ( 'NONE',  ( 0.0000000000000000000, -0.0000000000000000000, 1.000000000000000000 ) ) ;
#1344 = ORIENTED_EDGE ( 'NONE', *, *, #5940, .T. ) ;
#1345 = FACE_OUTER_BOUND ( 'NONE', #811, .T. ) ;
#1346 = DIRECTION ( 'NONE',  ( -1.000000000000000000, -0.0000000000000000000, -0.0000000000000000000 ) ) ;
#1347 = LINE ( 'NONE', #4669, #3948 ) ;
#1348 = EDGE_CURVE ( 'NONE', #3242, #2594, #6407, .T. ) ;
#1349 = PLANE ( 'NONE',  #175 ) ;
#1350 = VERTEX_POINT ( 'NONE', #5857 ) ;
#1351 = ORIENTED_EDGE ( 'NONE', *, *, #515, .T. ) ;
#1352 = DIRECTION ( 'NONE',  ( -1.000000000000000000, 0.0000000000000000000, 0.0000000000000000000 ) ) ;
#1353 = FACE_OUTER_BOUND ( 'NONE', #6444, .T. ) ;
#1354 = AXIS2_PLACEMENT_3D ( 'NONE', #2508, #1462, #5624 ) ;
#1355 = EDGE_CURVE ( 'NONE', #3655, #5686, #6245, .T. ) ;
#1356 = CARTESIAN_POINT ( 'NONE',  ( 32.66600210526316062, 4.869999999999999218, 12.31709684210526490 ) ) ;
#1357 = CARTESIAN_POINT ( 'NONE',  ( 0.0000000000000000000, 0.0000000000000000000, 0.0000000000000000000 ) ) ;
#1358 = PLANE ( 'NONE',  #816 ) ;
#1359 = PLANE ( 'NONE',  #3450 ) ;
#1360 = EDGE_CURVE ( 'NONE', #1012, #2314, #907, .T. ) ;
#1361 = ORIENTED_EDGE ( 'NONE', *, *, #4859, .T. ) ;
#1362 = EDGE_LOOP ( 'NONE', ( #2874, #1138, #503, #2947 ) ) ;
#1363 = ORIENTED_EDGE ( 'NONE', *, *, #3824, .F. ) ;
#1364 = LINE ( 'NONE', #2451, #1217 ) ;
#1365 = AXIS2_PLACEMENT_3D ( 'NONE', #2865, #4919, #1836 ) ;
#1366 = MANIFOLD_SOLID_BREP ( 'Boss-Extrude5[2]', #5654 ) ;
#1367 = CARTESIAN_POINT ( 'NONE',  ( 41.01060210526316041, 1.449999999999999956, -26.74700315789473493 ) ) ;
#1368 = CLOSED_SHELL ( 'NONE', ( #3306, #3280, #5877, #79, #1159, #5339 ) ) ;
#1369 = DIRECTION ( 'NONE',  ( 0.0000000000000000000, 0.0000000000000000000, -1.000000000000000000 ) ) ;
#1370 = LINE ( 'NONE', #1921, #2916 ) ;
#1371 = DIRECTION ( 'NONE',  ( -0.0000000000000000000, -1.000000000000000000, -0.0000000000000000000 ) ) ;
#1372 = ORIENTED_EDGE ( 'NONE', *, *, #2769, .T. ) ;
#1373 = DIRECTION ( 'NONE',  ( -0.0000000000000000000, 1.000000000000000000, -0.0000000000000000000 ) ) ;
#1374 = VERTEX_POINT ( 'NONE', #2786 ) ;
#1375 = CARTESIAN_POINT ( 'NONE',  ( 37.25100210526315436, -3.419999999999999929, -26.67090315789473465 ) ) ;
#1376 = VERTEX_POINT ( 'NONE', #1240 ) ;
#1377 = DIRECTION ( 'NONE',  ( -0.0000000000000000000, -1.000000000000000000, -0.0000000000000000000 ) ) ;
#1378 = PERSON_AND_ORGANIZATION ( #4051, #339 ) ;
#1379 = EDGE_CURVE ( 'NONE', #6379, #2280, #1957, .T. ) ;
#1380 = EDGE_LOOP ( 'NONE', ( #4198, #2752, #1216, #6666 ) ) ;
#1381 = PLANE ( 'NONE',  #750 ) ;
#1382 = CARTESIAN_POINT ( 'NONE',  ( -1.359697894736841661, 4.869999999999999218, -24.05770315789473557 ) ) ;
#1383 = VERTEX_POINT ( 'NONE', #2814 ) ;
#1384 = FACE_OUTER_BOUND ( 'NONE', #1215, .T. ) ;
#1385 = LINE ( 'NONE', #5318, #32 ) ;
#1386 = EDGE_CURVE ( 'NONE', #4793, #2880, #6068, .T. ) ;
#1387 = CARTESIAN_POINT ( 'NONE',  ( -27.77769789473684270, -3.419999999999999929, -26.67090315789473465 ) ) ;
#1388 = DIRECTION ( 'NONE',  ( 1.000000000000000000, 0.0000000000000000000, 0.0000000000000000000 ) ) ;
#1389 = AXIS2_PLACEMENT_3D ( 'NONE', #2097, #45, #3643 ) ;
#1390 = FACE_OUTER_BOUND ( 'NONE', #5417, .T. ) ;
#1391 = VECTOR ( 'NONE', #5539, 1000.000000000000000 ) ;
#1392 = LINE ( 'NONE', #5625, #3983 ) ;
#1393 = VERTEX_POINT ( 'NONE', #1691 ) ;
#1394 = DIRECTION ( 'NONE',  ( 0.0000000000000000000, 1.000000000000000000, 0.0000000000000000000 ) ) ;
#1395 = FACE_OUTER_BOUND ( 'NONE', #4460, .T. ) ;
#1396 = ORIENTED_EDGE ( 'NONE', *, *, #4273, .T. ) ;
#1397 = DIRECTION ( 'NONE',  ( -0.0000000000000000000, -1.000000000000000000, -0.0000000000000000000 ) ) ;
#1398 = FACE_OUTER_BOUND ( 'NONE', #2836, .T. ) ;
#1399 = EDGE_LOOP ( 'NONE', ( #6683, #2165, #4293, #4995 ) ) ;
#1400 = VECTOR ( 'NONE', #5286, 1000.000000000000000 ) ;
#1401 = DIRECTION ( 'NONE',  ( -1.000000000000000000, 0.0000000000000000000, 0.0000000000000000000 ) ) ;
#1402 = EDGE_CURVE ( 'NONE', #6089, #3120, #5903, .T. ) ;
#1403 = AXIS2_PLACEMENT_3D ( 'NONE', #754, #5403, #2330 ) ;
#1404 = EDGE_CURVE ( 'NONE', #3912, #3044, #3335, .T. ) ;
#1405 = ORIENTED_EDGE ( 'NONE', *, *, #1199, .F. ) ;
#1406 = VECTOR ( 'NONE', #2050, 1000.000000000000000 ) ;
#1407 = ORIENTED_EDGE ( 'NONE', *, *, #3407, .T. ) ;
#1408 = DIRECTION ( 'NONE',  ( -0.0000000000000000000, 1.000000000000000000, -0.0000000000000000000 ) ) ;
#1409 = VECTOR ( 'NONE', #5141, 1000.000000000000000 ) ;
#1410 = DIRECTION ( 'NONE',  ( 0.0000000000000000000, 0.0000000000000000000, 1.000000000000000000 ) ) ;
#1411 = CARTESIAN_POINT ( 'NONE',  ( 34.35530210526316353, 4.869999999999999218, 24.49029684210526270 ) ) ;
#1412 = ORIENTED_EDGE ( 'NONE', *, *, #5505, .T. ) ;
#1413 = ORIENTED_EDGE ( 'NONE', *, *, #4580, .F. ) ;
#1414 = DIRECTION ( 'NONE',  ( -0.0000000000000000000, -1.000000000000000000, -0.0000000000000000000 ) ) ;
#1415 = LINE ( 'NONE', #407, #6579 ) ;
#1416 = ORIENTED_EDGE ( 'NONE', *, *, #295, .T. ) ;
#1417 = DIRECTION ( 'NONE',  ( 0.0000000000000000000, 0.0000000000000000000, 1.000000000000000000 ) ) ;
#1418 = DIRECTION ( 'NONE',  ( -1.000000000000000000, -0.0000000000000000000, -0.0000000000000000000 ) ) ;
#1419 = ORIENTED_EDGE ( 'NONE', *, *, #3924, .F. ) ;
#1420 = CARTESIAN_POINT ( 'NONE',  ( -41.77399789473683711, 10.69999999999999929, -23.49190315789473260 ) ) ;
#1421 = DIRECTION ( 'NONE',  ( 4.071149110431670071E-16, -1.000000000000000000, 0.0000000000000000000 ) ) ;
#1422 = DIRECTION ( 'NONE',  ( -1.000000000000000000, 0.0000000000000000000, -0.0000000000000000000 ) ) ;
#1423 = ORIENTED_EDGE ( 'NONE', *, *, #656, .F. ) ;
#1424 = DIRECTION ( 'NONE',  ( 8.142298220863340143E-16, -1.000000000000000000, 0.0000000000000000000 ) ) ;
#1425 = FACE_OUTER_BOUND ( 'NONE', #6086, .T. ) ;
#1426 = DIRECTION ( 'NONE',  ( -1.000000000000000000, 0.0000000000000000000, -0.0000000000000000000 ) ) ;
#1427 = VERTEX_POINT ( 'NONE', #2226 ) ;
#1428 = DIRECTION ( 'NONE',  ( 0.0000000000000000000, -0.0000000000000000000, 1.000000000000000000 ) ) ;
#1429 = EDGE_CURVE ( 'NONE', #4568, #5263, #5747, .T. ) ;
#1430 = LINE ( 'NONE', #3885, #1274 ) ;
#1431 = AXIS2_PLACEMENT_3D ( 'NONE', #4478, #1920, #5547 ) ;
#1432 = ORIENTED_EDGE ( 'NONE', *, *, #5688, .F. ) ;
#1433 = ORIENTED_EDGE ( 'NONE', *, *, #149, .T. ) ;
#1434 = CARTESIAN_POINT ( 'NONE',  ( -18.70919789473684247, 8.250000000000000000, 25.59139684210526511 ) ) ;
#1435 = CARTESIAN_POINT ( 'NONE',  ( -29.99052042804536811, 5.899999999999999467, -4.404657554287778609 ) ) ;
#1436 = DIRECTION ( 'NONE',  ( 0.0000000000000000000, 0.0000000000000000000, 1.000000000000000000 ) ) ;
#1437 = CIRCLE ( 'NONE', #5180, 1.950000000000000400 ) ;
#1438 = EDGE_CURVE ( 'NONE', #62, #6164, #1796, .T. ) ;
#1439 = CARTESIAN_POINT ( 'NONE',  ( -7.748297894736841940, 4.869999999999999218, 12.31709684210526490 ) ) ;
#1440 = ORIENTED_EDGE ( 'NONE', *, *, #3915, .T. ) ;
#1441 = EDGE_LOOP ( 'NONE', ( #408, #2271, #2071, #1856, #4042, #6275, #3125, #627, #5880, #979, #5758, #2672, #906, #3825, #4844, #2949 ) ) ;
#1442 = CARTESIAN_POINT ( 'NONE',  ( 25.79500210526316195, 4.869999999999999218, 3.343296842105264233 ) ) ;
#1443 = CARTESIAN_POINT ( 'NONE',  ( -24.17007446102908474, 6.627966397586102509, 29.74219684210526182 ) ) ;
#1444 = PRODUCT ( 'RAMPS 1.6 Single part', 'RAMPS 1.6 Single part', '', ( #5599 ) ) ;
#1445 = CARTESIAN_POINT ( 'NONE',  ( -7.748297894736841940, 4.869999999999999218, 7.877096842105264507 ) ) ;
#1446 = DIRECTION ( 'NONE',  ( 0.0000000000000000000, 0.0000000000000000000, 1.000000000000000000 ) ) ;
#1447 = VERTEX_POINT ( 'NONE', #3278 ) ;
#1448 = FACE_OUTER_BOUND ( 'NONE', #3256, .T. ) ;
#1449 = CARTESIAN_POINT ( 'NONE',  ( 12.62400210526315902, 4.869999999999999218, -10.49160315789473508 ) ) ;
#1450 = EDGE_CURVE ( 'NONE', #3120, #6423, #264, .T. ) ;
#1451 = ORIENTED_EDGE ( 'NONE', *, *, #2923, .T. ) ;
#1452 = ORIENTED_EDGE ( 'NONE', *, *, #6348, .F. ) ;
#1453 = VERTEX_POINT ( 'NONE', #2274 ) ;
#1454 = DIRECTION ( 'NONE',  ( -0.0000000000000000000, -0.0000000000000000000, -1.000000000000000000 ) ) ;
#1455 = CARTESIAN_POINT ( 'NONE',  ( 40.96210210526315620, 9.950000000000001066, 4.143496842105264477 ) ) ;
#1456 = VERTEX_POINT ( 'NONE', #4797 ) ;
#1457 = ORIENTED_EDGE ( 'NONE', *, *, #4183, .T. ) ;
#1458 = EDGE_CURVE ( 'NONE', #1374, #3847, #3014, .T. ) ;
#1459 = CARTESIAN_POINT ( 'NONE',  ( -44.81679789473683684, 19.14999999999999858, -1.613203157894734119 ) ) ;
#1460 = VECTOR ( 'NONE', #1373, 1000.000000000000000 ) ;
#1461 = PLANE ( 'NONE',  #4999 ) ;
#1462 = DIRECTION ( 'NONE',  ( 1.000000000000000000, 0.0000000000000000000, 0.0000000000000000000 ) ) ;
#1463 = AXIS2_PLACEMENT_3D ( 'NONE', #3537, #1130, #1734 ) ;
#1464 = ORIENTED_EDGE ( 'NONE', *, *, #1269, .F. ) ;
#1465 = CARTESIAN_POINT ( 'NONE',  ( 0.0000000000000000000, 9.950000000000001066, 0.0000000000000000000 ) ) ;
#1466 = PLANE ( 'NONE',  #5767 ) ;
#1467 = LINE ( 'NONE', #2536, #4070 ) ;
#1468 = DIRECTION ( 'NONE',  ( -0.0000000000000000000, -1.000000000000000000, -0.0000000000000000000 ) ) ;
#1469 = AXIS2_PLACEMENT_3D ( 'NONE', #5187, #2105, #5705 ) ;
#1470 = VECTOR ( 'NONE', #2187, 1000.000000000000000 ) ;
#1471 = ORIENTED_EDGE ( 'NONE', *, *, #2093, .T. ) ;
#1472 = LINE ( 'NONE', #154, #4237 ) ;
#1473 = LINE ( 'NONE', #3477, #2720 ) ;
#1474 = VECTOR ( 'NONE', #800, 1000.000000000000000 ) ;
#1475 = EDGE_CURVE ( 'NONE', #2348, #2312, #1639, .T. ) ;
#1476 = CARTESIAN_POINT ( 'NONE',  ( 40.96200210526315999, 1.449999999999999956, 18.60509684210526515 ) ) ;
#1477 = ORIENTED_EDGE ( 'NONE', *, *, #1747, .F. ) ;
#1478 = CARTESIAN_POINT ( 'NONE',  ( -29.99052042804536100, 5.899999999999999467, 19.86876992292952693 ) ) ;
#1479 = CARTESIAN_POINT ( 'NONE',  ( -11.52049789473684172, 4.869999999999999218, -24.05770315789473557 ) ) ;
#1480 = DIRECTION ( 'NONE',  ( -1.000000000000000000, -0.0000000000000000000, -0.0000000000000000000 ) ) ;
#1481 = LINE ( 'NONE', #4000, #4082 ) ;
#1482 = VERTEX_POINT ( 'NONE', #659 ) ;
#1483 = VECTOR ( 'NONE', #4288, 1000.000000000000000 ) ;
#1484 = PERSON_AND_ORGANIZATION_ROLE ( 'creator' ) ;
#1485 = ORIENTED_EDGE ( 'NONE', *, *, #1923, .T. ) ;
#1486 = CARTESIAN_POINT ( 'NONE',  ( -19.69649789473684010, 9.950000000000001066, -4.203603157894734821 ) ) ;
#1487 = DIRECTION ( 'NONE',  ( 1.000000000000000000, 0.0000000000000000000, -0.0000000000000000000 ) ) ;
#1488 = DIRECTION ( 'NONE',  ( 1.000000000000000000, 0.0000000000000000000, 0.0000000000000000000 ) ) ;
#1489 = DIRECTION ( 'NONE',  ( 0.0000000000000000000, 0.0000000000000000000, 1.000000000000000000 ) ) ;
#1490 = LINE ( 'NONE', #4673, #3925 ) ;
#1491 = EDGE_CURVE ( 'NONE', #914, #2903, #5525, .T. ) ;
#1492 = ORIENTED_EDGE ( 'NONE', *, *, #1781, .T. ) ;
#1493 = PLANE ( 'NONE',  #1833 ) ;
#1494 = EDGE_LOOP ( 'NONE', ( #3929, #5311, #5613, #1050 ) ) ;
#1495 = LINE ( 'NONE', #1001, #3042 ) ;
#1496 = VERTEX_POINT ( 'NONE', #4773 ) ;
#1497 = CARTESIAN_POINT ( 'NONE',  ( 40.13420210526315657, 4.869999999999999218, 24.49029684210526270 ) ) ;
#1498 = DIRECTION ( 'NONE',  ( 0.0000000000000000000, 1.000000000000000000, 0.0000000000000000000 ) ) ;
#1499 = PLANE ( 'NONE',  #1700 ) ;
#1500 = DIRECTION ( 'NONE',  ( 0.0000000000000000000, 0.0000000000000000000, 1.000000000000000000 ) ) ;
#1501 = DIRECTION ( 'NONE',  ( -0.0000000000000000000, -0.0000000000000000000, -1.000000000000000000 ) ) ;
#1502 = DIRECTION ( 'NONE',  ( -0.0000000000000000000, -0.0000000000000000000, -1.000000000000000000 ) ) ;
#1503 = ORIENTED_EDGE ( 'NONE', *, *, #1019, .T. ) ;
#1504 = AXIS2_PLACEMENT_3D ( 'NONE', #4989, #1945, #1428 ) ;
#1505 = VECTOR ( 'NONE', #1436, 1000.000000000000000 ) ;
#1506 = DIRECTION ( 'NONE',  ( 0.0000000000000000000, -1.000000000000000000, 0.0000000000000000000 ) ) ;
#1507 = PLANE ( 'NONE',  #2044 ) ;
#1508 = DIRECTION ( 'NONE',  ( -0.0000000000000000000, -1.000000000000000000, -0.0000000000000000000 ) ) ;
#1509 = EDGE_CURVE ( 'NONE', #2190, #3912, #1569, .T. ) ;
#1510 = CARTESIAN_POINT ( 'NONE',  ( 49.95210210526316530, 9.950000000000001066, -29.21190315789473502 ) ) ;
#1511 = CARTESIAN_POINT ( 'NONE',  ( -15.02599789473684133, 5.153130887489396628, 29.14339684210526471 ) ) ;
#1512 = ORIENTED_EDGE ( 'NONE', *, *, #2166, .T. ) ;
#1513 = LINE ( 'NONE', #3725, #1838 ) ;
#1514 = VECTOR ( 'NONE', #959, 1000.000000000000000 ) ;
#1515 = ORIENTED_EDGE ( 'NONE', *, *, #1867, .F. ) ;
#1516 = ORIENTED_EDGE ( 'NONE', *, *, #3928, .T. ) ;
#1517 = AXIS2_PLACEMENT_3D ( 'NONE', #2989, #6595, #3514 ) ;
#1518 = EDGE_CURVE ( 'NONE', #5327, #1782, #2797, .T. ) ;
#1519 = LINE ( 'NONE', #6366, #6692 ) ;
#1520 = CARTESIAN_POINT ( 'NONE',  ( 32.66600210526316062, 4.869999999999999218, 7.877096842105264507 ) ) ;
#1521 = CARTESIAN_POINT ( 'NONE',  ( 0.0000000000000000000, 1.449999999999999956, 0.0000000000000000000 ) ) ;
#1522 = ORIENTED_EDGE ( 'NONE', *, *, #332, .T. ) ;
#1523 = ORIENTED_EDGE ( 'NONE', *, *, #3414, .T. ) ;
#1524 = CARTESIAN_POINT ( 'NONE',  ( 42.33160210526316547, -3.419999999999999929, 16.43479684210526415 ) ) ;
#1525 = CARTESIAN_POINT ( 'NONE',  ( 47.41190210526315241, 0.0000000000000000000, 16.43479684210526415 ) ) ;
#1526 = DIRECTION ( 'NONE',  ( 0.0000000000000000000, -0.0000000000000000000, -1.000000000000000000 ) ) ;
#1527 = ORIENTED_EDGE ( 'NONE', *, *, #2098, .T. ) ;
#1528 = FACE_OUTER_BOUND ( 'NONE', #2509, .T. ) ;
#1529 = MANIFOLD_SOLID_BREP ( 'Boss-Extrude2[5]', #2141 ) ;
#1530 = EDGE_CURVE ( 'NONE', #6352, #5029, #49, .T. ) ;
#1531 = ORIENTED_EDGE ( 'NONE', *, *, #260, .T. ) ;
#1532 = VECTOR ( 'NONE', #849, 1000.000000000000000 ) ;
#1533 = DIRECTION ( 'NONE',  ( 0.0000000000000000000, 1.000000000000000000, 0.0000000000000000000 ) ) ;
#1534 = EDGE_LOOP ( 'NONE', ( #536, #5722, #6250, #5040, #6412, #5598 ) ) ;
#1535 = CARTESIAN_POINT ( 'NONE',  ( 42.33160210526316547, -3.419999999999999929, 16.43479684210526415 ) ) ;
#1536 = CARTESIAN_POINT ( 'NONE',  ( 14.38950210526316020, -3.419999999999999929, -26.67090315789473465 ) ) ;
#1537 = CARTESIAN_POINT ( 'NONE',  ( 20.61510210526315845, 1.449999999999999956, -6.360203157894734005 ) ) ;
#1538 = DIRECTION ( 'NONE',  ( -1.000000000000000000, 0.0000000000000000000, -0.0000000000000000000 ) ) ;
#1539 = CARTESIAN_POINT ( 'NONE',  ( -24.17007446102908474, 6.627966397586102509, -30.38780315789474074 ) ) ;
#1540 = CARTESIAN_POINT ( 'NONE',  ( 0.0000000000000000000, 19.14999999999999858, 0.0000000000000000000 ) ) ;
#1541 = ORIENTED_EDGE ( 'NONE', *, *, #6351, .F. ) ;
#1542 = COORDINATED_UNIVERSAL_TIME_OFFSET ( 3, 0, .AHEAD. ) ;
#1543 = EDGE_CURVE ( 'NONE', #3320, #356, #5371, .T. ) ;
#1544 = AXIS2_PLACEMENT_3D ( 'NONE', #4473, #1401, #5003 ) ;
#1545 = VERTEX_POINT ( 'NONE', #4126 ) ;
#1546 = ORIENTED_EDGE ( 'NONE', *, *, #2098, .F. ) ;
#1547 = CARTESIAN_POINT ( 'NONE',  ( -29.99052042804536811, 1.449999999999999956, -13.22146305049674275 ) ) ;
#1548 = CARTESIAN_POINT ( 'NONE',  ( 19.30460210526315734, 4.869999999999999218, 12.31709684210526490 ) ) ;
#1549 = CARTESIAN_POINT ( 'NONE',  ( -0.7626978947368412420, 4.869999999999999218, 7.877096842105264507 ) ) ;
#1550 = FACE_OUTER_BOUND ( 'NONE', #5430, .T. ) ;
#1551 = VECTOR ( 'NONE', #3761, 1000.000000000000000 ) ;
#1552 = CARTESIAN_POINT ( 'NONE',  ( 9.359902105263159910, 1.449999999999999956, -2.263803157894734852 ) ) ;
#1553 = ORIENTED_EDGE ( 'NONE', *, *, #1099, .F. ) ;
#1554 = ADVANCED_FACE ( 'NONE', ( #6566 ), #3556, .T. ) ;
#1555 = CARTESIAN_POINT ( 'NONE',  ( 47.41190210526315241, 1.449999999999999956, -29.21190315789473502 ) ) ;
#1556 = LINE ( 'NONE', #5210, #2788 ) ;
#1557 = CARTESIAN_POINT ( 'NONE',  ( 22.67050210526316079, 4.869999999999999218, -16.58590315789473379 ) ) ;
#1558 = LINE ( 'NONE', #5667, #5514 ) ;
#1559 = CARTESIAN_POINT ( 'NONE',  ( 47.41190210526315241, 1.449999999999999956, -29.21190315789473502 ) ) ;
#1560 = VECTOR ( 'NONE', #470, 1000.000000000000000 ) ;
#1561 = EDGE_CURVE ( 'NONE', #2405, #6449, #3839, .T. ) ;
#1562 = CARTESIAN_POINT ( 'NONE',  ( -9.259597894736844026, 4.869999999999999218, 21.83899684210526360 ) ) ;
#1563 = ORIENTED_EDGE ( 'NONE', *, *, #2327, .F. ) ;
#1564 = PLANE ( 'NONE',  #464 ) ;
#1565 = VECTOR ( 'NONE', #1502, 1000.000000000000000 ) ;
#1566 = CARTESIAN_POINT ( 'NONE',  ( -7.951497894736839989, 4.869999999999999218, -10.49160315789473508 ) ) ;
#1567 = ORIENTED_EDGE ( 'NONE', *, *, #2074, .F. ) ;
#1568 = VECTOR ( 'NONE', #1859, 1000.000000000000000 ) ;
#1569 = LINE ( 'NONE', #3750, #1400 ) ;
#1570 = EDGE_LOOP ( 'NONE', ( #1233, #6224, #6303, #3270 ) ) ;
#1571 = FACE_OUTER_BOUND ( 'NONE', #3603, .T. ) ;
#1572 = ORIENTED_EDGE ( 'NONE', *, *, #2665, .T. ) ;
#1573 = CARTESIAN_POINT ( 'NONE',  ( 0.0000000000000000000, 1.449999999999999956, 0.0000000000000000000 ) ) ;
#1574 = VECTOR ( 'NONE', #6149, 1000.000000000000000 ) ;
#1576 = EDGE_LOOP ( 'NONE', ( #336, #776, #4991, #3687 ) ) ;
#1575 = DIRECTION ( 'NONE',  ( 1.000000000000000000, 0.0000000000000000000, 0.0000000000000000000 ) ) ;
#1577 = DIRECTION ( 'NONE',  ( -0.0000000000000000000, 1.000000000000000000, -0.0000000000000000000 ) ) ;
#1578 = CARTESIAN_POINT ( 'NONE',  ( 19.60940210526315752, 1.449999999999999956, -10.49160315789473508 ) ) ;
#1579 = CARTESIAN_POINT ( 'NONE',  ( -7.748297894736841940, 4.869999999999999218, 7.877096842105264507 ) ) ;
#1580 = ORIENTED_EDGE ( 'NONE', *, *, #1742, .F. ) ;
#1581 = LINE ( 'NONE', #1367, #217 ) ;
#1582 = ORIENTED_EDGE ( 'NONE', *, *, #142, .T. ) ;
#1583 = DIRECTION ( 'NONE',  ( 0.0000000000000000000, 1.000000000000000000, 0.0000000000000000000 ) ) ;
#1584 = AXIS2_PLACEMENT_3D ( 'NONE', #575, #4186, #5751 ) ;
#1585 = ORIENTED_EDGE ( 'NONE', *, *, #210, .F. ) ;
#1586 = DIRECTION ( 'NONE',  ( 1.000000000000000000, 0.0000000000000000000, 0.0000000000000000000 ) ) ;
#1587 = EDGE_CURVE ( 'NONE', #4537, #6636, #203, .T. ) ;
#1588 = CARTESIAN_POINT ( 'NONE',  ( 20.56320210526315861, 1.449999999999999956, -16.48330315789473843 ) ) ;
#1589 = CARTESIAN_POINT ( 'NONE',  ( 37.25100210526315436, -3.419999999999999929, -29.20810315789473322 ) ) ;
#1590 = CARTESIAN_POINT ( 'NONE',  ( -18.62029789473684005, -3.419999999999999929, 19.00249684210526624 ) ) ;
#1591 = DIRECTION ( 'NONE',  ( 0.0000000000000000000, -0.0000000000000000000, 1.000000000000000000 ) ) ;
#1592 = ORIENTED_EDGE ( 'NONE', *, *, #1874, .T. ) ;
#1593 = AXIS2_PLACEMENT_3D ( 'NONE', #5041, #1941, #5565 ) ;
#1594 = DIRECTION ( 'NONE',  ( -0.0000000000000000000, -1.000000000000000000, -0.0000000000000000000 ) ) ;
#1595 = ADVANCED_FACE ( 'NONE', ( #5203 ), #5154, .F. ) ;
#1596 = ADVANCED_FACE ( 'NONE', ( #6416 ), #2047, .T. ) ;
#1597 = FACE_OUTER_BOUND ( 'NONE', #4389, .T. ) ;
#1598 = DIRECTION ( 'NONE',  ( 0.0000000000000000000, -0.0000000000000000000, 1.000000000000000000 ) ) ;
#1599 = ORIENTED_EDGE ( 'NONE', *, *, #5893, .F. ) ;
#1600 = CARTESIAN_POINT ( 'NONE',  ( -29.53007446102908773, 15.15000000000000036, 0.0000000000000000000 ) ) ;
#1601 = DIRECTION ( 'NONE',  ( 1.000000000000000000, 0.0000000000000000000, 0.0000000000000000000 ) ) ;
#1602 = CARTESIAN_POINT ( 'NONE',  ( 9.359902105263159910, 4.869999999999999218, -2.263803157894734852 ) ) ;
#1603 = FACE_OUTER_BOUND ( 'NONE', #5821, .T. ) ;
#1604 = ORIENTED_EDGE ( 'NONE', *, *, #1106, .F. ) ;
#1605 = AXIS2_PLACEMENT_3D ( 'NONE', #5148, #6207, #1487 ) ;
#1606 = VECTOR ( 'NONE', #6524, 1000.000000000000000 ) ;
#1607 = DIRECTION ( 'NONE',  ( -1.000000000000000000, 0.0000000000000000000, 0.0000000000000000000 ) ) ;
#1608 = EDGE_CURVE ( 'NONE', #772, #4606, #3672, .T. ) ;
#1609 = PLANE ( 'NONE',  #1584 ) ;
#1610 = DIRECTION ( 'NONE',  ( -0.0000000000000000000, -1.000000000000000000, -0.0000000000000000000 ) ) ;
#1611 = ORIENTED_EDGE ( 'NONE', *, *, #4449, .T. ) ;
#1612 = CARTESIAN_POINT ( 'NONE',  ( -19.74839789473683993, 9.950000000000001066, 16.44869684210526373 ) ) ;
#1613 = PLANE ( 'NONE',  #2801 ) ;
#1614 = EDGE_CURVE ( 'NONE', #2159, #5327, #2315, .T. ) ;
#1615 = CARTESIAN_POINT ( 'NONE',  ( -7.456097894736840814, -3.419999999999999929, -26.67090315789473465 ) ) ;
#1616 = ORIENTED_EDGE ( 'NONE', *, *, #909, .T. ) ;
#1617 = VECTOR ( 'NONE', #6523, 1000.000000000000000 ) ;
#1618 = CARTESIAN_POINT ( 'NONE',  ( 21.98470210526316038, -3.419999999999999929, 18.99739684210526391 ) ) ;
#1619 = DIRECTION ( 'NONE',  ( -0.0000000000000000000, -0.0000000000000000000, 1.000000000000000000 ) ) ;
#1620 = ORIENTED_EDGE ( 'NONE', *, *, #3163, .T. ) ;
#1621 = EDGE_LOOP ( 'NONE', ( #3526, #6540, #6291, #733 ) ) ;
#1622 = AXIS2_PLACEMENT_3D ( 'NONE', #3254, #5831, #2254 ) ;
#1623 = ORIENTED_EDGE ( 'NONE', *, *, #2718, .F. ) ;
#1624 = CC_DESIGN_APPROVAL ( #1279, ( #937 ) ) ;
#1625 = ADVANCED_FACE ( 'NONE', ( #4869 ), #4099, .F. ) ;
#1626 = EDGE_CURVE ( 'NONE', #481, #1896, #2147, .T. ) ;
#1627 = ADVANCED_FACE ( 'NONE', ( #919 ), #4645, .F. ) ;
#1628 = DIRECTION ( 'NONE',  ( 0.0000000000000000000, -0.0000000000000000000, 1.000000000000000000 ) ) ;
#1629 = DIRECTION ( 'NONE',  ( -1.000000000000000000, -0.0000000000000000000, -0.0000000000000000000 ) ) ;
#1630 = EDGE_LOOP ( 'NONE', ( #4255, #1, #1795, #5808 ) ) ;
#1631 = ORIENTED_EDGE ( 'NONE', *, *, #5966, .T. ) ;
#1632 = DIRECTION ( 'NONE',  ( 0.0000000000000000000, 0.0000000000000000000, 1.000000000000000000 ) ) ;
#1633 = CARTESIAN_POINT ( 'NONE',  ( 19.30460210526315734, 4.869999999999999218, 12.31709684210526490 ) ) ;
#1634 = DIRECTION ( 'NONE',  ( -0.0000000000000000000, -0.0000000000000000000, -1.000000000000000000 ) ) ;
#1635 = LINE ( 'NONE', #836, #259 ) ;
#1636 = VERTEX_POINT ( 'NONE', #1590 ) ;
#1637 = DIRECTION ( 'NONE',  ( -4.071149110431670071E-16, 1.000000000000000000, -0.0000000000000000000 ) ) ;
#1638 = ORIENTED_EDGE ( 'NONE', *, *, #962, .T. ) ;
#1639 = LINE ( 'NONE', #2178, #4322 ) ;
#1640 = LINE ( 'NONE', #963, #4230 ) ;
#1641 = CARTESIAN_POINT ( 'NONE',  ( 20.61510210526315845, 1.449999999999999956, -4.203603157894734821 ) ) ;
#1642 = CARTESIAN_POINT ( 'NONE',  ( 0.0000000000000000000, 1.449999999999999956, 0.0000000000000000000 ) ) ;
#1643 = CARTESIAN_POINT ( 'NONE',  ( -11.52049789473684172, 4.869999999999999218, -21.52050315789473700 ) ) ;
#1644 = LINE ( 'NONE', #3714, #266 ) ;
#1645 = VERTEX_POINT ( 'NONE', #4665 ) ;
#1646 = DIRECTION ( 'NONE',  ( 0.0000000000000000000, 1.000000000000000000, 0.0000000000000000000 ) ) ;
#1647 = CARTESIAN_POINT ( 'NONE',  ( 19.52050210526315865, 4.869999999999999218, 0.2733968421052654918 ) ) ;
#1648 = EDGE_CURVE ( 'NONE', #6363, #5691, #766, .T. ) ;
#1649 = LINE ( 'NONE', #2725, #2862 ) ;
#1650 = EDGE_CURVE ( 'NONE', #1383, #565, #4709, .T. ) ;
#1651 = LINE ( 'NONE', #5001, #5603 ) ;
#1652 = PLANE ( 'NONE',  #1338 ) ;
#1653 = VECTOR ( 'NONE', #2918, 1000.000000000000000 ) ;
#1654 = VERTEX_POINT ( 'NONE', #510 ) ;
#1655 = VECTOR ( 'NONE', #1688, 1000.000000000000000 ) ;
#1656 = ORIENTED_EDGE ( 'NONE', *, *, #2456, .T. ) ;
#1657 = DIRECTION ( 'NONE',  ( 0.0000000000000000000, 0.0000000000000000000, 1.000000000000000000 ) ) ;
#1658 = EDGE_CURVE ( 'NONE', #6186, #3727, #3512, .T. ) ;
#1659 = VECTOR ( 'NONE', #1575, 1000.000000000000000 ) ;
#1660 = CARTESIAN_POINT ( 'NONE',  ( -29.99052042804536811, 5.899999999999999467, -13.22146305049674275 ) ) ;
#1661 = ADVANCED_FACE ( 'NONE', ( #607 ), #1466, .F. ) ;
#1662 = ADVANCED_FACE ( 'NONE', ( #3183 ), #2077, .F. ) ;
#1663 = ORIENTED_EDGE ( 'NONE', *, *, #3535, .F. ) ;
#1664 = CARTESIAN_POINT ( 'NONE',  ( -24.17007446102908830, 15.15000000000000036, 0.0000000000000000000 ) ) ;
#1665 = ORIENTED_EDGE ( 'NONE', *, *, #1626, .T. ) ;
#1666 = DIRECTION ( 'NONE',  ( -0.0000000000000000000, -0.0000000000000000000, 1.000000000000000000 ) ) ;
#1667 = DIRECTION ( 'NONE',  ( -0.0000000000000000000, -1.000000000000000000, -0.0000000000000000000 ) ) ;
#1668 = FACE_OUTER_BOUND ( 'NONE', #4727, .T. ) ;
#1669 = DIRECTION ( 'NONE',  ( 1.000000000000000000, 0.0000000000000000000, 0.0000000000000000000 ) ) ;
#1670 = CARTESIAN_POINT ( 'NONE',  ( 40.13420210526315657, 4.869999999999999218, 28.93009684210527155 ) ) ;
#1671 = ORIENTED_EDGE ( 'NONE', *, *, #3273, .T. ) ;
#1672 = ORIENTED_EDGE ( 'NONE', *, *, #5101, .F. ) ;
#1673 = VECTOR ( 'NONE', #1418, 1000.000000000000000 ) ;
#1674 = CARTESIAN_POINT ( 'NONE',  ( 25.79500210526316195, 4.869999999999999218, 3.343296842105264233 ) ) ;
#1675 = ADVANCED_FACE ( 'NONE', ( #443 ), #1564, .F. ) ;
#1676 = EDGE_CURVE ( 'NONE', #2818, #130, #5755, .T. ) ;
#1677 = AXIS2_PLACEMENT_3D ( 'NONE', #3473, #4485, #6556 ) ;
#1678 = EDGE_LOOP ( 'NONE', ( #1433, #3068, #1863, #3115 ) ) ;
#1679 = DIRECTION ( 'NONE',  ( 0.0000000000000000000, -0.0000000000000000000, 1.000000000000000000 ) ) ;
#1680 = VECTOR ( 'NONE', #2682, 1000.000000000000000 ) ;
#1681 = LINE ( 'NONE', #4058, #3057 ) ;
#1682 = DIRECTION ( 'NONE',  ( -0.0000000000000000000, -0.0000000000000000000, -1.000000000000000000 ) ) ;
#1683 = CARTESIAN_POINT ( 'NONE',  ( -21.60911273411832312, 5.899999999999999467, -4.404657554287778609 ) ) ;
#1684 = CARTESIAN_POINT ( 'NONE',  ( 45.93860210526316479, 1.449999999999999956, 18.27799684210526365 ) ) ;
#1685 = EDGE_CURVE ( 'NONE', #2284, #215, #5914, .T. ) ;
#1686 = ORIENTED_EDGE ( 'NONE', *, *, #5881, .F. ) ;
#1687 = ORIENTED_EDGE ( 'NONE', *, *, #1185, .T. ) ;
#1688 = DIRECTION ( 'NONE',  ( -0.0000000000000000000, -0.0000000000000000000, -1.000000000000000000 ) ) ;
#1689 = CARTESIAN_POINT ( 'NONE',  ( 14.38950210526316020, -3.419999999999999929, -26.67090315789473465 ) ) ;
#1691 = CARTESIAN_POINT ( 'NONE',  ( -27.77769789473684270, -0.0000000000000000000, -26.67090315789473465 ) ) ;
#1690 = DIRECTION ( 'NONE',  ( -0.0000000000000000000, -1.000000000000000000, -0.0000000000000000000 ) ) ;
#1692 = VERTEX_POINT ( 'NONE', #4075 ) ;
#1693 = VECTOR ( 'NONE', #5807, 1000.000000000000000 ) ;
#1694 = ADVANCED_FACE ( 'NONE', ( #4382 ), #6687, .F. ) ;
#1695 = ADVANCED_FACE ( 'NONE', ( #1968 ), #1493, .F. ) ;
#1696 = VERTEX_POINT ( 'NONE', #2549 ) ;
#1697 = ORIENTED_EDGE ( 'NONE', *, *, #4218, .T. ) ;
#1698 = LINE ( 'NONE', #5730, #2021 ) ;
#1699 = DIRECTION ( 'NONE',  ( 0.0000000000000000000, 0.0000000000000000000, 1.000000000000000000 ) ) ;
#1700 = AXIS2_PLACEMENT_3D ( 'NONE', #5117, #5635, #2570 ) ;
#1701 = DIRECTION ( 'NONE',  ( 0.0000000000000000000, 0.0000000000000000000, -1.000000000000000000 ) ) ;
#1702 = ORIENTED_EDGE ( 'NONE', *, *, #142, .F. ) ;
#1703 = VECTOR ( 'NONE', #2995, 1000.000000000000000 ) ;
#1704 = EDGE_LOOP ( 'NONE', ( #715, #1209, #1546, #1884 ) ) ;
#1705 = CARTESIAN_POINT ( 'NONE',  ( 22.67050210526316079, 4.869999999999999218, -24.19730315789473707 ) ) ;
#1706 = EDGE_CURVE ( 'NONE', #1545, #6164, #1651, .T. ) ;
#1707 = DIRECTION ( 'NONE',  ( 1.000000000000000000, 0.0000000000000000000, 0.0000000000000000000 ) ) ;
#1708 = DIRECTION ( 'NONE',  ( -0.8944271909999167436, 0.4472135954999562069, 0.0000000000000000000 ) ) ;
#1709 = DIRECTION ( 'NONE',  ( -1.000000000000000000, -0.0000000000000000000, -0.0000000000000000000 ) ) ;
#1710 = VERTEX_POINT ( 'NONE', #4094 ) ;
#1711 = ORIENTED_EDGE ( 'NONE', *, *, #2917, .F. ) ;
#1712 = ORIENTED_EDGE ( 'NONE', *, *, #2037, .F. ) ;
#1713 = CARTESIAN_POINT ( 'NONE',  ( -18.70919789473684247, 8.250000000000000000, 29.14339684210526471 ) ) ;
#1714 = DIRECTION ( 'NONE',  ( 1.000000000000000000, 0.0000000000000000000, 0.0000000000000000000 ) ) ;
#1716 = CARTESIAN_POINT ( 'NONE',  ( 35.95560210526315359, 4.869999999999999218, -1.730903157894735367 ) ) ;
#1715 = CARTESIAN_POINT ( 'NONE',  ( -19.74839789473683993, 9.950000000000001066, 16.44869684210526373 ) ) ;
#1717 = ADVANCED_FACE ( 'NONE', ( #2863 ), #4007, .F. ) ;
#1718 = AXIS2_PLACEMENT_3D ( 'NONE', #1511, #6613, #955 ) ;
#1719 = EDGE_CURVE ( 'NONE', #4304, #2481, #122, .T. ) ;
#1720 = ORIENTED_EDGE ( 'NONE', *, *, #5562, .F. ) ;
#1721 = EDGE_CURVE ( 'NONE', #2806, #5858, #272, .T. ) ;
#1722 = FACE_OUTER_BOUND ( 'NONE', #1768, .T. ) ;
#1723 = LINE ( 'NONE', #6328, #1551 ) ;
#1724 = ORIENTED_EDGE ( 'NONE', *, *, #1530, .F. ) ;
#1725 = LINE ( 'NONE', #116, #3092 ) ;
#1726 = LINE ( 'NONE', #393, #4151 ) ;
#1727 = LINE ( 'NONE', #3038, #1560 ) ;
#1728 = CARTESIAN_POINT ( 'NONE',  ( 19.60940210526315752, 4.869999999999999218, -10.49160315789473508 ) ) ;
#1729 = ADVANCED_FACE ( 'NONE', ( #5440 ), #5536, .F. ) ;
#1730 = ORIENTED_EDGE ( 'NONE', *, *, #3928, .F. ) ;
#1731 = FACE_OUTER_BOUND ( 'NONE', #4083, .T. ) ;
#1732 = CARTESIAN_POINT ( 'NONE',  ( -1.359697894736841661, 4.869999999999999218, -24.05770315789473557 ) ) ;
#1733 = ORIENTED_EDGE ( 'NONE', *, *, #4492, .F. ) ;
#1734 = DIRECTION ( 'NONE',  ( 0.0000000000000000000, 0.0000000000000000000, -1.000000000000000000 ) ) ;
#1735 = DIRECTION ( 'NONE',  ( 0.0000000000000000000, 0.0000000000000000000, -1.000000000000000000 ) ) ;
#1736 = VECTOR ( 'NONE', #5454, 1000.000000000000000 ) ;
#1737 = DIRECTION ( 'NONE',  ( -0.0000000000000000000, -1.000000000000000000, -0.0000000000000000000 ) ) ;
#1738 = AXIS2_PLACEMENT_3D ( 'NONE', #4523, #5853, #2926 ) ;
#1739 = ORIENTED_EDGE ( 'NONE', *, *, #469, .F. ) ;
#1740 = LINE ( 'NONE', #4211, #5693 ) ;
#1741 = ORIENTED_EDGE ( 'NONE', *, *, #5648, .F. ) ;
#1742 = EDGE_CURVE ( 'NONE', #4096, #4550, #1473, .T. ) ;
#1743 = FACE_OUTER_BOUND ( 'NONE', #1125, .T. ) ;
#1744 = ORIENTED_EDGE ( 'NONE', *, *, #6244, .F. ) ;
#1745 = EDGE_LOOP ( 'NONE', ( #6509, #2308, #960, #746 ) ) ;
#1746 = MANIFOLD_SOLID_BREP ( 'Boss-Extrude3[11]', #6261 ) ;
#1747 = EDGE_CURVE ( 'NONE', #2758, #6216, #6645, .T. ) ;
#1748 = LINE ( 'NONE', #2932, #4334 ) ;
#1749 = EDGE_CURVE ( 'NONE', #1376, #3082, #5288, .T. ) ;
#1750 = EDGE_LOOP ( 'NONE', ( #3442, #4429, #4870, #4354 ) ) ;
#1751 = DIRECTION ( 'NONE',  ( 0.0000000000000000000, 0.0000000000000000000, -1.000000000000000000 ) ) ;
#1752 = ADVANCED_FACE ( 'NONE', ( #1318 ), #5578, .F. ) ;
#1753 = VERTEX_POINT ( 'NONE', #972 ) ;
#1754 = CARTESIAN_POINT ( 'NONE',  ( -34.92489789473684425, 10.69999999999999929, -23.49190315789473260 ) ) ;
#1755 = EDGE_LOOP ( 'NONE', ( #181, #4470, #4283, #1523 ) ) ;
#1756 = EDGE_CURVE ( 'NONE', #3522, #5776, #5113, .T. ) ;
#1757 = CARTESIAN_POINT ( 'NONE',  ( 22.22590210526316312, 4.869999999999999218, 28.99369684210526188 ) ) ;
#1759 = DIRECTION ( 'NONE',  ( -0.0000000000000000000, -1.000000000000000000, -0.0000000000000000000 ) ) ;
#1758 = DIRECTION ( 'NONE',  ( -0.0000000000000000000, -1.000000000000000000, -0.0000000000000000000 ) ) ;
#1760 = EDGE_CURVE ( 'NONE', #6489, #1024, #2554, .T. ) ;
#1761 = LINE ( 'NONE', #278, #5553 ) ;
#1762 = PRODUCT_DEFINITION_SHAPE ( 'NONE', 'NONE',  #5891 ) ;
#1763 = EDGE_LOOP ( 'NONE', ( #6462, #4434, #5109, #6051 ) ) ;
#1764 = ADVANCED_FACE ( 'NONE', ( #3754 ), #1965, .F. ) ;
#1765 = VECTOR ( 'NONE', #5320, 1000.000000000000000 ) ;
#1766 = AXIS2_PLACEMENT_3D ( 'NONE', #1479, #5094, #2008 ) ;
#1767 = ORIENTED_EDGE ( 'NONE', *, *, #3299, .F. ) ;
#1768 = EDGE_LOOP ( 'NONE', ( #1423, #2921, #1264, #2883 ) ) ;
#1769 = CARTESIAN_POINT ( 'NONE',  ( 16.92960210526315734, -3.419999999999999929, -26.67090315789473465 ) ) ;
#1770 = FACE_OUTER_BOUND ( 'NONE', #1819, .T. ) ;
#1771 = AXIS2_PLACEMENT_3D ( 'NONE', #2031, #6493, #3405 ) ;
#1772 = ORIENTED_EDGE ( 'NONE', *, *, #1386, .F. ) ;
#1773 = ORIENTED_EDGE ( 'NONE', *, *, #1360, .F. ) ;
#1774 = ORIENTED_EDGE ( 'NONE', *, *, #5943, .F. ) ;
#1775 = DIRECTION ( 'NONE',  ( -1.000000000000000000, -0.0000000000000000000, -0.0000000000000000000 ) ) ;
#1777 = CARTESIAN_POINT ( 'NONE',  ( -50.58859789473683577, 0.0000000000000000000, 29.74219684210526182 ) ) ;
#1776 = DIRECTION ( 'NONE',  ( 0.0000000000000000000, -1.000000000000000000, 0.0000000000000000000 ) ) ;
#1778 = ORIENTED_EDGE ( 'NONE', *, *, #321, .T. ) ;
#1779 = ADVANCED_FACE ( 'NONE', ( #3585 ), #6588, .F. ) ;
#1780 = FACE_OUTER_BOUND ( 'NONE', #6622, .T. ) ;
#1781 = EDGE_CURVE ( 'NONE', #820, #4830, #2230, .T. ) ;
#1782 = VERTEX_POINT ( 'NONE', #4048 ) ;
#1783 = PLANE ( 'NONE',  #1806 ) ;
#1784 = VERTEX_POINT ( 'NONE', #900 ) ;
#1785 = EDGE_CURVE ( 'NONE', #6636, #3340, #4785, .T. ) ;
#1786 = ORIENTED_EDGE ( 'NONE', *, *, #3962, .T. ) ;
#1787 = ORIENTED_EDGE ( 'NONE', *, *, #6681, .F. ) ;
#1788 = ADVANCED_FACE ( 'NONE', ( #6331, #2053, #833, #6160 ), #1994, .T. ) ;
#1789 = DIRECTION ( 'NONE',  ( 0.0000000000000000000, 0.0000000000000000000, 1.000000000000000000 ) ) ;
#1790 = DIRECTION ( 'NONE',  ( 0.0000000000000000000, -1.000000000000000000, 0.0000000000000000000 ) ) ;
#1791 = DIRECTION ( 'NONE',  ( 0.0000000000000000000, 0.0000000000000000000, -1.000000000000000000 ) ) ;
#1792 = LINE ( 'NONE', #317, #5741 ) ;
#1793 = ORIENTED_EDGE ( 'NONE', *, *, #2743, .F. ) ;
#1794 = CARTESIAN_POINT ( 'NONE',  ( -18.70919789473684247, 8.250000000000000000, 29.14339684210526471 ) ) ;
#1795 = ORIENTED_EDGE ( 'NONE', *, *, #1561, .F. ) ;
#1796 = LINE ( 'NONE', #4348, #434 ) ;
#1797 = LINE ( 'NONE', #1057, #265 ) ;
#1798 = AXIS2_PLACEMENT_3D ( 'NONE', #1328, #1848, #5464 ) ;
#1799 = VECTOR ( 'NONE', #1610, 1000.000000000000000 ) ;
#1800 = EDGE_CURVE ( 'NONE', #3012, #5355, #686, .T. ) ;
#1801 = ORIENTED_EDGE ( 'NONE', *, *, #5861, .F. ) ;
#1802 = CARTESIAN_POINT ( 'NONE',  ( 0.0000000000000000000, -3.419999999999999929, 0.0000000000000000000 ) ) ;
#1803 = ORIENTED_EDGE ( 'NONE', *, *, #3826, .T. ) ;
#1804 = LINE ( 'NONE', #3743, #5601 ) ;
#1805 = VECTOR ( 'NONE', #4592, 1000.000000000000000 ) ;
#1806 = AXIS2_PLACEMENT_3D ( 'NONE', #5400, #2326, #5897 ) ;
#1807 = CARTESIAN_POINT ( 'NONE',  ( 39.65160210526315154, 4.869999999999999218, 7.877096842105264507 ) ) ;
#1808 = ADVANCED_FACE ( 'NONE', ( #5988 ), #3513, .F. ) ;
#1809 = VECTOR ( 'NONE', #4445, 1000.000000000000000 ) ;
#1810 = ORIENTED_EDGE ( 'NONE', *, *, #4139, .F. ) ;
#1811 = LINE ( 'NONE', #3227, #1655 ) ;
#1812 = PLANE ( 'NONE',  #4104 ) ;
#1813 = EDGE_CURVE ( 'NONE', #4680, #5047, #1879, .T. ) ;
#1814 = ORIENTED_EDGE ( 'NONE', *, *, #1509, .F. ) ;
#1815 = CARTESIAN_POINT ( 'NONE',  ( 0.9010021052631582705, 4.869999999999999218, 21.83899684210526360 ) ) ;
#1816 = FACE_OUTER_BOUND ( 'NONE', #2403, .T. ) ;
#1817 = CARTESIAN_POINT ( 'NONE',  ( 0.0000000000000000000, 1.449999999999999956, 0.0000000000000000000 ) ) ;
#1818 = CARTESIAN_POINT ( 'NONE',  ( 21.98470210526316038, -3.419999999999999929, 21.53459684210526248 ) ) ;
#1819 = EDGE_LOOP ( 'NONE', ( #5168, #1170, #1061, #5497 ) ) ;
#1820 = EDGE_LOOP ( 'NONE', ( #5209, #984, #2398, #5848 ) ) ;
#1821 = DIRECTION ( 'NONE',  ( 0.0000000000000000000, 0.0000000000000000000, -1.000000000000000000 ) ) ;
#1822 = ADVANCED_FACE ( 'NONE', ( #517 ), #2531, .F. ) ;
#1823 = CARTESIAN_POINT ( 'NONE',  ( 0.0000000000000000000, 1.449999999999999956, 0.0000000000000000000 ) ) ;
#1824 = DIRECTION ( 'NONE',  ( -1.000000000000000000, -0.0000000000000000000, -0.0000000000000000000 ) ) ;
#1825 = ORIENTED_EDGE ( 'NONE', *, *, #784, .F. ) ;
#1826 = EDGE_CURVE ( 'NONE', #3489, #2412, #4447, .T. ) ;
#1827 = CARTESIAN_POINT ( 'NONE',  ( 47.41190210526315241, 1.449999999999999956, 16.40949684210526627 ) ) ;
#1828 = ORIENTED_EDGE ( 'NONE', *, *, #3122, .F. ) ;
#1829 = CLOSED_SHELL ( 'NONE', ( #4847, #4325, #3656, #2627, #2345, #1695 ) ) ;
#1830 = CARTESIAN_POINT ( 'NONE',  ( 21.98470210526316038, -3.419999999999999929, 18.99739684210526391 ) ) ;
#1831 = LINE ( 'NONE', #2474, #472 ) ;
#1832 = CARTESIAN_POINT ( 'NONE',  ( 16.92960210526315734, -3.419999999999999929, -26.67090315789473465 ) ) ;
#1833 = AXIS2_PLACEMENT_3D ( 'NONE', #417, #1506, #4027 ) ;
#1834 = DIRECTION ( 'NONE',  ( -0.0000000000000000000, -0.0000000000000000000, -1.000000000000000000 ) ) ;
#1835 = DIRECTION ( 'NONE',  ( -0.0000000000000000000, -0.0000000000000000000, -1.000000000000000000 ) ) ;
#1836 = DIRECTION ( 'NONE',  ( 1.000000000000000000, 0.0000000000000000000, -0.0000000000000000000 ) ) ;
#1837 = EDGE_CURVE ( 'NONE', #5569, #6363, #4610, .T. ) ;
#1838 = VECTOR ( 'NONE', #635, 1000.000000000000000 ) ;
#1839 = ADVANCED_FACE ( 'NONE', ( #3096 ), #6041, .F. ) ;
#1840 = VECTOR ( 'NONE', #422, 1000.000000000000000 ) ;
#1841 = PLANE ( 'NONE',  #6431 ) ;
#1842 = AXIS2_PLACEMENT_3D ( 'NONE', #138, #4266, #1178 ) ;
#1843 = VERTEX_POINT ( 'NONE', #6568 ) ;
#1844 = ORIENTED_EDGE ( 'NONE', *, *, #3528, .F. ) ;
#1845 = ORIENTED_EDGE ( 'NONE', *, *, #6644, .F. ) ;
#1846 = CARTESIAN_POINT ( 'NONE',  ( 42.30610210526316450, 0.0000000000000000000, 18.99739684210526391 ) ) ;
#1847 = VECTOR ( 'NONE', #1690, 1000.000000000000000 ) ;
#1848 = DIRECTION ( 'NONE',  ( 1.000000000000000000, 0.0000000000000000000, 0.0000000000000000000 ) ) ;
#1849 = CARTESIAN_POINT ( 'NONE',  ( 42.30610210526316450, -3.419999999999999929, 18.99739684210526391 ) ) ;
#1850 = EDGE_LOOP ( 'NONE', ( #4353, #2301, #3554, #867 ) ) ;
#1851 = EDGE_LOOP ( 'NONE', ( #5735, #4064, #814, #6309 ) ) ;
#1852 = LINE ( 'NONE', #64, #4422 ) ;
#1853 = ADVANCED_FACE ( 'NONE', ( #4316 ), #3009, .F. ) ;
#1854 = CARTESIAN_POINT ( 'NONE',  ( -30.53007446102908062, 15.15000000000000036, -30.25780315789473107 ) ) ;
#1855 = PLANE ( 'NONE',  #4086 ) ;
#1856 = ORIENTED_EDGE ( 'NONE', *, *, #4263, .T. ) ;
#1857 = VECTOR ( 'NONE', #75, 1000.000000000000000 ) ;
#1858 = ORIENTED_EDGE ( 'NONE', *, *, #93, .T. ) ;
#1859 = DIRECTION ( 'NONE',  ( 0.0000000000000000000, 0.0000000000000000000, 1.000000000000000000 ) ) ;
#1860 = DIRECTION ( 'NONE',  ( 1.000000000000000000, 0.0000000000000000000, 0.0000000000000000000 ) ) ;
#1861 = CARTESIAN_POINT ( 'NONE',  ( 35.95560210526315359, 1.449999999999999956, -1.730903157894735367 ) ) ;
#1862 = ORIENTED_EDGE ( 'NONE', *, *, #2004, .F. ) ;
#1863 = ORIENTED_EDGE ( 'NONE', *, *, #232, .F. ) ;
#1864 = MANIFOLD_SOLID_BREP ( 'Boss-Extrude2[4]', #3874 ) ;
#1865 = CARTESIAN_POINT ( 'NONE',  ( -7.456097894736840814, -3.419999999999999929, -29.20810315789473322 ) ) ;
#1866 = DIRECTION ( 'NONE',  ( -1.000000000000000000, -0.0000000000000000000, -0.0000000000000000000 ) ) ;
#1867 = EDGE_CURVE ( 'NONE', #1710, #20, #5679, .T. ) ;
#1868 = CLOSED_SHELL ( 'NONE', ( #286, #4294, #4338, #1091, #2837, #3800 ) ) ;
#1869 = VERTEX_POINT ( 'NONE', #1938 ) ;
#1870 = CARTESIAN_POINT ( 'NONE',  ( 20.56320210526315861, 9.950000000000001066, -16.48330315789473843 ) ) ;
#1871 = VECTOR ( 'NONE', #597, 1000.000000000000000 ) ;
#1872 = FACE_OUTER_BOUND ( 'NONE', #6691, .T. ) ;
#1873 = DIRECTION ( 'NONE',  ( 0.0000000000000000000, -1.000000000000000000, 0.0000000000000000000 ) ) ;
#1874 = EDGE_CURVE ( 'NONE', #2446, #1710, #1726, .T. ) ;
#1875 = ORIENTED_EDGE ( 'NONE', *, *, #1747, .T. ) ;
#1876 = AXIS2_PLACEMENT_3D ( 'NONE', #3198, #108, #3717 ) ;
#1877 = LINE ( 'NONE', #6633, #4446 ) ;
#1878 = DIRECTION ( 'NONE',  ( -1.000000000000000000, 0.0000000000000000000, -0.0000000000000000000 ) ) ;
#1879 = LINE ( 'NONE', #5605, #3264 ) ;
#1880 = LINE ( 'NONE', #6117, #4448 ) ;
#1881 = DIRECTION ( 'NONE',  ( 0.0000000000000000000, -0.0000000000000000000, -1.000000000000000000 ) ) ;
#1882 = DIRECTION ( 'NONE',  ( 0.0000000000000000000, -0.0000000000000000000, 1.000000000000000000 ) ) ;
#1883 = DIRECTION ( 'NONE',  ( 0.0000000000000000000, -0.0000000000000000000, 1.000000000000000000 ) ) ;
#1884 = ORIENTED_EDGE ( 'NONE', *, *, #4369, .T. ) ;
#1885 = FACE_OUTER_BOUND ( 'NONE', #4222, .T. ) ;
#1886 = ORIENTED_EDGE ( 'NONE', *, *, #2976, .T. ) ;
#1887 = CARTESIAN_POINT ( 'NONE',  ( -35.34749789473684700, 1.449999999999999956, -27.85070315789473483 ) ) ;
#1888 = FACE_OUTER_BOUND ( 'NONE', #2282, .T. ) ;
#1889 = VECTOR ( 'NONE', #3666, 1000.000000000000000 ) ;
#1890 = ORIENTED_EDGE ( 'NONE', *, *, #4400, .F. ) ;
#1891 = EDGE_CURVE ( 'NONE', #1427, #5138, #1558, .T. ) ;
#1892 = VECTOR ( 'NONE', #1988, 1000.000000000000000 ) ;
#1893 = VERTEX_POINT ( 'NONE', #1537 ) ;
#1894 = ORIENTED_EDGE ( 'NONE', *, *, #6338, .T. ) ;
#1895 = LINE ( 'NONE', #4950, #541 ) ;
#1896 = VERTEX_POINT ( 'NONE', #4010 ) ;
#1897 = DIRECTION ( 'NONE',  ( 0.0000000000000000000, 1.000000000000000000, 0.0000000000000000000 ) ) ;
#1898 = ORIENTED_EDGE ( 'NONE', *, *, #5796, .T. ) ;
#1899 = CARTESIAN_POINT ( 'NONE',  ( -0.2166978947368418673, 4.869999999999999218, 0.2479968421052660688 ) ) ;
#1900 = DIRECTION ( 'NONE',  ( -1.000000000000000000, 0.0000000000000000000, -0.0000000000000000000 ) ) ;
#1901 = PLANE ( 'NONE',  #5526 ) ;
#1902 = EDGE_CURVE ( 'NONE', #2214, #1350, #39, .T. ) ;
#1903 = AXIS2_PLACEMENT_3D ( 'NONE', #4855, #243, #3862 ) ;
#1904 = DIRECTION ( 'NONE',  ( 1.000000000000000000, 0.0000000000000000000, 0.0000000000000000000 ) ) ;
#1905 = ORIENTED_EDGE ( 'NONE', *, *, #2240, .F. ) ;
#1906 = FACE_OUTER_BOUND ( 'NONE', #4235, .T. ) ;
#1907 = DIRECTION ( 'NONE',  ( -0.0000000000000000000, -0.0000000000000000000, -1.000000000000000000 ) ) ;
#1908 = CARTESIAN_POINT ( 'NONE',  ( -41.81679789473682973, 19.14999999999999858, 8.324796842105264716 ) ) ;
#1909 = ORIENTED_EDGE ( 'NONE', *, *, #2109, .T. ) ;
#1910 = DIRECTION ( 'NONE',  ( 1.000000000000000000, 0.0000000000000000000, -0.0000000000000000000 ) ) ;
#1911 = VECTOR ( 'NONE', #2729, 1000.000000000000000 ) ;
#1912 = DIRECTION ( 'NONE',  ( -0.0000000000000000000, -1.000000000000000000, -0.0000000000000000000 ) ) ;
#1913 = FACE_OUTER_BOUND ( 'NONE', #5360, .T. ) ;
#1914 = DIRECTION ( 'NONE',  ( -0.0000000000000000000, -1.000000000000000000, -0.0000000000000000000 ) ) ;
#1915 = CARTESIAN_POINT ( 'NONE',  ( -19.86499789473684174, 1.449999999999999956, -24.05770315789473557 ) ) ;
#1916 = ORIENTED_EDGE ( 'NONE', *, *, #6201, .F. ) ;
#1917 = ORIENTED_EDGE ( 'NONE', *, *, #4459, .T. ) ;
#1918 = CARTESIAN_POINT ( 'NONE',  ( 19.60940210526315752, 1.449999999999999956, -14.93160315789473458 ) ) ;
#1919 = LINE ( 'NONE', #5429, #3140 ) ;
#1920 = DIRECTION ( 'NONE',  ( 0.0000000000000000000, 1.000000000000000000, 0.0000000000000000000 ) ) ;
#1921 = CARTESIAN_POINT ( 'NONE',  ( 38.47040210526316173, 4.869999999999999218, -16.59860315789473617 ) ) ;
#1922 = DIRECTION ( 'NONE',  ( 0.0000000000000000000, 0.0000000000000000000, 1.000000000000000000 ) ) ;
#1923 = EDGE_CURVE ( 'NONE', #6600, #2673, #195, .T. ) ;
#1924 = ORIENTED_EDGE ( 'NONE', *, *, #3443, .T. ) ;
#1925 = ORIENTED_EDGE ( 'NONE', *, *, #6388, .T. ) ;
#1926 = EDGE_LOOP ( 'NONE', ( #897, #6028, #201, #1096 ) ) ;
#1927 = AXIS2_PLACEMENT_3D ( 'NONE', #3444, #2950, #6545 ) ;
#1928 = CARTESIAN_POINT ( 'NONE',  ( -50.58859789473683577, 1.449999999999999956, -30.38780315789473718 ) ) ;
#1929 = ORIENTED_EDGE ( 'NONE', *, *, #4590, .F. ) ;
#1930 = LINE ( 'NONE', #381, #4495 ) ;
#1931 = CARTESIAN_POINT ( 'NONE',  ( 40.96210210526315620, 9.950000000000001066, 4.143496842105264477 ) ) ;
#1932 = ORIENTED_EDGE ( 'NONE', *, *, #1781, .F. ) ;
#1933 = DIRECTION ( 'NONE',  ( 0.0000000000000000000, 0.0000000000000000000, -1.000000000000000000 ) ) ;
#1934 = ORIENTED_EDGE ( 'NONE', *, *, #4880, .F. ) ;
#1935 = CARTESIAN_POINT ( 'NONE',  ( -19.86499789473684174, 4.869999999999999218, -24.05770315789473557 ) ) ;
#1936 = DIRECTION ( 'NONE',  ( -1.000000000000000000, 0.0000000000000000000, -0.0000000000000000000 ) ) ;
#1937 = VERTEX_POINT ( 'NONE', #904 ) ;
#1938 = CARTESIAN_POINT ( 'NONE',  ( 12.31920210526315884, 4.869999999999999218, 7.877096842105264507 ) ) ;
#1939 = CARTESIAN_POINT ( 'NONE',  ( -19.74839789473683993, 9.950000000000001066, 18.60509684210526515 ) ) ;
#1940 = DATE_AND_TIME ( #3323, #4678 ) ;
#1941 = DIRECTION ( 'NONE',  ( 0.0000000000000000000, 1.000000000000000000, 0.0000000000000000000 ) ) ;
#1942 = EDGE_CURVE ( 'NONE', #110, #1753, #2629, .T. ) ;
#1943 = ORIENTED_EDGE ( 'NONE', *, *, #1756, .T. ) ;
#1944 = DIRECTION ( 'NONE',  ( 0.9486832980505151003, 0.3162277660168339999, 0.0000000000000000000 ) ) ;
#1945 = DIRECTION ( 'NONE',  ( 0.0000000000000000000, 1.000000000000000000, 0.0000000000000000000 ) ) ;
#1946 = DIRECTION ( 'NONE',  ( -1.000000000000000000, 0.0000000000000000000, 0.0000000000000000000 ) ) ;
#1947 = ORIENTED_EDGE ( 'NONE', *, *, #6593, .F. ) ;
#1948 = FACE_OUTER_BOUND ( 'NONE', #6132, .T. ) ;
#1949 = CARTESIAN_POINT ( 'NONE',  ( -27.89007446102908006, 6.627966397586102509, -30.38780315789474074 ) ) ;
#1950 = LINE ( 'NONE', #1849, #6062 ) ;
#1951 = EDGE_CURVE ( 'NONE', #180, #2651, #2790, .T. ) ;
#1952 = CLOSED_SHELL ( 'NONE', ( #5466, #5432, #621, #2150, #132, #3149 ) ) ;
#1953 = ORIENTED_EDGE ( 'NONE', *, *, #6621, .T. ) ;
#1954 = CARTESIAN_POINT ( 'NONE',  ( 5.473402105263158290, 4.869999999999999218, -21.52050315789473700 ) ) ;
#1955 = DIRECTION ( 'NONE',  ( -1.000000000000000000, -0.0000000000000000000, -0.0000000000000000000 ) ) ;
#1956 = CARTESIAN_POINT ( 'NONE',  ( 40.13420210526315657, 1.449999999999999956, 24.49029684210526270 ) ) ;
#1957 = LINE ( 'NONE', #3816, #598 ) ;
#1958 = DIRECTION ( 'NONE',  ( 1.000000000000000000, 0.0000000000000000000, 0.0000000000000000000 ) ) ;
#1959 = VECTOR ( 'NONE', #2653, 1000.000000000000000 ) ;
#1960 = VECTOR ( 'NONE', #1085, 1000.000000000000000 ) ;
#1961 = VECTOR ( 'NONE', #576, 1000.000000000000000 ) ;
#1962 = ORIENTED_EDGE ( 'NONE', *, *, #774, .F. ) ;
#1963 = DIRECTION ( 'NONE',  ( -1.000000000000000000, -0.0000000000000000000, -0.0000000000000000000 ) ) ;
#1964 = ORIENTED_EDGE ( 'NONE', *, *, #3346, .T. ) ;
#1965 = PLANE ( 'NONE',  #4585 ) ;
#1966 = VECTOR ( 'NONE', #91, 1000.000000000000000 ) ;
#1967 = CARTESIAN_POINT ( 'NONE',  ( -18.62029789473684005, 0.0000000000000000000, 19.00249684210526624 ) ) ;
#1968 = FACE_OUTER_BOUND ( 'NONE', #1750, .T. ) ;
#1969 = CARTESIAN_POINT ( 'NONE',  ( 26.11240210526315764, 1.449999999999999956, -4.382303157894734014 ) ) ;
#1970 = CC_DESIGN_PERSON_AND_ORGANIZATION_ASSIGNMENT ( #5006, #1484, ( #937 ) ) ;
#1971 = EDGE_CURVE ( 'NONE', #5422, #5347, #6559, .T. ) ;
#1972 = CARTESIAN_POINT ( 'NONE',  ( 19.44440210526315838, -3.419999999999999929, 18.99739684210526391 ) ) ;
#1973 = FACE_OUTER_BOUND ( 'NONE', #1621, .T. ) ;
#1974 = VERTEX_POINT ( 'NONE', #5005 ) ;
#1975 = CARTESIAN_POINT ( 'NONE',  ( 37.25100210526315436, -3.419999999999999929, -26.67090315789473465 ) ) ;
#1976 = PLANE ( 'NONE',  #5038 ) ;
#1977 = VECTOR ( 'NONE', #2681, 1000.000000000000000 ) ;
#1978 = DIRECTION ( 'NONE',  ( 1.000000000000000000, 0.0000000000000000000, 0.0000000000000000000 ) ) ;
#1979 = CARTESIAN_POINT ( 'NONE',  ( 26.11240210526315764, 4.869999999999999218, -4.382303157894734014 ) ) ;
#1980 = FACE_OUTER_BOUND ( 'NONE', #6358, .T. ) ;
#1981 = ORIENTED_EDGE ( 'NONE', *, *, #6684, .F. ) ;
#1982 = VERTEX_POINT ( 'NONE', #468 ) ;
#1983 = PLANE ( 'NONE',  #6095 ) ;
#1984 = AXIS2_PLACEMENT_3D ( 'NONE', #4249, #5285, #2198 ) ;
#1985 = FACE_OUTER_BOUND ( 'NONE', #1704, .T. ) ;
#1987 = VERTEX_POINT ( 'NONE', #4053 ) ;
#1986 = CARTESIAN_POINT ( 'NONE',  ( 15.63400210526316059, 4.869999999999999218, -24.05770315789473557 ) ) ;
#1988 = DIRECTION ( 'NONE',  ( -0.0000000000000000000, 1.000000000000000000, -0.0000000000000000000 ) ) ;
#1989 = CARTESIAN_POINT ( 'NONE',  ( -33.92489789473684425, 10.69999999999999929, -3.115803157894735165 ) ) ;
#1990 = PLANE ( 'NONE',  #3189 ) ;
#1991 = ORIENTED_EDGE ( 'NONE', *, *, #1199, .T. ) ;
#1992 = DIRECTION ( 'NONE',  ( 1.000000000000000000, 0.0000000000000000000, 0.0000000000000000000 ) ) ;
#1993 = EDGE_CURVE ( 'NONE', #4675, #956, #2459, .T. ) ;
#1994 = PLANE ( 'NONE',  #5973 ) ;
#1995 = CLOSED_SHELL ( 'NONE', ( #6357, #2202, #3730, #1627, #5795, #6273 ) ) ;
#1996 = DIRECTION ( 'NONE',  ( 4.071149110431670071E-16, -1.000000000000000000, 0.0000000000000000000 ) ) ;
#1997 = EDGE_CURVE ( 'NONE', #6164, #6058, #1079, .T. ) ;
#1998 = MANIFOLD_SOLID_BREP ( 'Boss-Extrude3[4]', #6664 ) ;
#1999 = DIRECTION ( 'NONE',  ( 0.0000000000000000000, 0.0000000000000000000, -1.000000000000000000 ) ) ;
#2000 = ORIENTED_EDGE ( 'NONE', *, *, #4682, .T. ) ;
#2001 = ORIENTED_EDGE ( 'NONE', *, *, #1475, .T. ) ;
#2002 = VECTOR ( 'NONE', #893, 1000.000000000000000 ) ;
#2003 = AXIS2_PLACEMENT_3D ( 'NONE', #5885, #5931, #2860 ) ;
#2004 = EDGE_CURVE ( 'NONE', #6216, #5900, #5193, .T. ) ;
#2005 = ORIENTED_EDGE ( 'NONE', *, *, #5110, .F. ) ;
#2006 = DIRECTION ( 'NONE',  ( -0.0000000000000000000, -1.000000000000000000, -0.0000000000000000000 ) ) ;
#2007 = CARTESIAN_POINT ( 'NONE',  ( 9.359902105263159910, 4.869999999999999218, -2.263803157894734852 ) ) ;
#2008 = DIRECTION ( 'NONE',  ( 1.000000000000000000, 0.0000000000000000000, -0.0000000000000000000 ) ) ;
#2009 = LINE ( 'NONE', #4520, #1840 ) ;
#2010 = PLANE ( 'NONE',  #3882 ) ;
#2011 = SECURITY_CLASSIFICATION_LEVEL ( 'unclassified' ) ;
#2012 = VERTEX_POINT ( 'NONE', #763 ) ;
#2013 = ORIENTED_EDGE ( 'NONE', *, *, #2993, .T. ) ;
#2014 = DIRECTION ( 'NONE',  ( 0.0000000000000000000, -0.0000000000000000000, 1.000000000000000000 ) ) ;
#2015 = CARTESIAN_POINT ( 'NONE',  ( 45.93860210526316479, 1.449999999999999956, 20.22799684210526650 ) ) ;
#2016 = PLANE ( 'NONE',  #6397 ) ;
#2017 = CARTESIAN_POINT ( 'NONE',  ( -29.99052042804537166, 5.899999999999999467, -20.94977404100091078 ) ) ;
#2018 = DIRECTION ( 'NONE',  ( -1.000000000000000000, 0.0000000000000000000, -0.0000000000000000000 ) ) ;
#2019 = ORIENTED_EDGE ( 'NONE', *, *, #4755, .F. ) ;
#2020 = ORIENTED_EDGE ( 'NONE', *, *, #5270, .F. ) ;
#2021 = VECTOR ( 'NONE', #83, 1000.000000000000000 ) ;
#2022 = CARTESIAN_POINT ( 'NONE',  ( -29.53007446102908773, 15.15000000000000036, 29.74219684210526182 ) ) ;
#2023 = ORIENTED_EDGE ( 'NONE', *, *, #232, .T. ) ;
#2024 = VECTOR ( 'NONE', #4269, 1000.000000000000000 ) ;
#2025 = ORIENTED_EDGE ( 'NONE', *, *, #2799, .F. ) ;
#2026 = EDGE_CURVE ( 'NONE', #3204, #5641, #3663, .T. ) ;
#2027 = DIRECTION ( 'NONE',  ( 1.000000000000000000, 0.0000000000000000000, 0.0000000000000000000 ) ) ;
#2028 = AXIS2_PLACEMENT_3D ( 'NONE', #4023, #924, #4507 ) ;
#2029 = CARTESIAN_POINT ( 'NONE',  ( 21.98470210526316038, 0.0000000000000000000, 21.53459684210526248 ) ) ;
#2030 = CARTESIAN_POINT ( 'NONE',  ( -44.81679789473683684, 1.449999999999999956, -1.613203157894734119 ) ) ;
#2031 = CARTESIAN_POINT ( 'NONE',  ( 12.31920210526315884, 4.869999999999999218, 7.877096842105264507 ) ) ;
#2032 = DIRECTION ( 'NONE',  ( 1.000000000000000000, 0.0000000000000000000, 0.0000000000000000000 ) ) ;
#2033 = ORIENTED_EDGE ( 'NONE', *, *, #2917, .T. ) ;
#2034 = ORIENTED_EDGE ( 'NONE', *, *, #1951, .T. ) ;
#2035 = MANIFOLD_SOLID_BREP ( 'Boss-Extrude3[15]', #5032 ) ;
#2036 = ORIENTED_EDGE ( 'NONE', *, *, #2139, .T. ) ;
#2037 = EDGE_CURVE ( 'NONE', #2521, #5442, #5024, .T. ) ;
#2038 = DIRECTION ( 'NONE',  ( -1.000000000000000000, -0.0000000000000000000, -0.0000000000000000000 ) ) ;
#2039 = CARTESIAN_POINT ( 'NONE',  ( 49.66000210526316039, 1.449999999999999956, 24.49029684210526270 ) ) ;
#2040 = CARTESIAN_POINT ( 'NONE',  ( 45.93860210526316479, 1.449999999999999956, 20.22799684210526650 ) ) ;
#2041 = CARTESIAN_POINT ( 'NONE',  ( -21.60911273411832312, 1.449999999999999956, -13.22146305049674275 ) ) ;
#2042 = DIRECTION ( 'NONE',  ( 1.000000000000000000, 0.0000000000000000000, -0.0000000000000000000 ) ) ;
#2043 = ORIENTED_EDGE ( 'NONE', *, *, #4660, .T. ) ;
#2044 = AXIS2_PLACEMENT_3D ( 'NONE', #2688, #1583, #2091 ) ;
#2045 = VERTEX_POINT ( 'NONE', #3311 ) ;
#2046 = DIRECTION ( 'NONE',  ( 4.489269332220906729E-16, 0.0000000000000000000, 1.000000000000000000 ) ) ;
#2047 = PLANE ( 'NONE',  #3707 ) ;
#2048 = LINE ( 'NONE', #2576, #3579 ) ;
#2049 = LINE ( 'NONE', #4722, #4605 ) ;
#2050 = DIRECTION ( 'NONE',  ( -0.0000000000000000000, -1.000000000000000000, -0.0000000000000000000 ) ) ;
#2051 = ORIENTED_EDGE ( 'NONE', *, *, #4385, .F. ) ;
#2052 = LINE ( 'NONE', #6113, #831 ) ;
#2053 = FACE_OUTER_BOUND ( 'NONE', #4922, .T. ) ;
#2054 = VECTOR ( 'NONE', #5035, 1000.000000000000000 ) ;
#2055 = DIRECTION ( 'NONE',  ( 0.0000000000000000000, -0.0000000000000000000, 1.000000000000000000 ) ) ;
#2056 = EDGE_LOOP ( 'NONE', ( #2033, #2235, #3226, #3136 ) ) ;
#2057 = DIRECTION ( 'NONE',  ( 1.000000000000000000, 0.0000000000000000000, 0.0000000000000000000 ) ) ;
#2058 = CARTESIAN_POINT ( 'NONE',  ( 34.35530210526316353, 4.869999999999999218, 28.99369684210526188 ) ) ;
#2059 = EDGE_CURVE ( 'NONE', #3340, #5579, #758, .T. ) ;
#2060 = DIRECTION ( 'NONE',  ( 0.0000000000000000000, -0.0000000000000000000, 1.000000000000000000 ) ) ;
#2061 = LINE ( 'NONE', #3026, #3424 ) ;
#2062 = VERTEX_POINT ( 'NONE', #3876 ) ;
#2063 = DIRECTION ( 'NONE',  ( 0.0000000000000000000, 0.0000000000000000000, 1.000000000000000000 ) ) ;
#2064 = LINE ( 'NONE', #3877, #4620 ) ;
#2065 = ORIENTED_EDGE ( 'NONE', *, *, #1923, .F. ) ;
#2066 = DIRECTION ( 'NONE',  ( 0.0000000000000000000, 1.000000000000000000, 0.0000000000000000000 ) ) ;
#2067 = VECTOR ( 'NONE', #4333, 1000.000000000000000 ) ;
#2068 = AXIS2_PLACEMENT_3D ( 'NONE', #2017, #6139, #2487 ) ;
#2069 = CARTESIAN_POINT ( 'NONE',  ( 21.98470210526316038, -3.419999999999999929, 18.99739684210526391 ) ) ;
#2070 = EDGE_CURVE ( 'NONE', #2758, #6321, #2137, .T. ) ;
#2071 = ORIENTED_EDGE ( 'NONE', *, *, #258, .T. ) ;
#2072 = DIRECTION ( 'NONE',  ( 0.0000000000000000000, 0.0000000000000000000, -1.000000000000000000 ) ) ;
#2073 = VECTOR ( 'NONE', #1955, 1000.000000000000000 ) ;
#2074 = EDGE_CURVE ( 'NONE', #708, #2447, #4699, .T. ) ;
#2075 = ORIENTED_EDGE ( 'NONE', *, *, #3688, .T. ) ;
#2076 = DIRECTION ( 'NONE',  ( -0.0000000000000000000, -0.0000000000000000000, -1.000000000000000000 ) ) ;
#2077 = PLANE ( 'NONE',  #6461 ) ;
#2078 = ORIENTED_EDGE ( 'NONE', *, *, #774, .T. ) ;
#2079 = DIRECTION ( 'NONE',  ( 0.0000000000000000000, 1.000000000000000000, 0.0000000000000000000 ) ) ;
#2080 = AXIS2_PLACEMENT_3D ( 'NONE', #2370, #3399, #305 ) ;
#2081 = LINE ( 'NONE', #5984, #6007 ) ;
#2082 = ADVANCED_FACE ( 'NONE', ( #910 ), #3269, .F. ) ;
#2083 = VERTEX_POINT ( 'NONE', #3811 ) ;
#2084 = DIRECTION ( 'NONE',  ( -0.0000000000000000000, 1.000000000000000000, -0.0000000000000000000 ) ) ;
#2085 = CARTESIAN_POINT ( 'NONE',  ( -19.69649789473684010, 9.950000000000001066, -4.203603157894734821 ) ) ;
#2086 = CARTESIAN_POINT ( 'NONE',  ( -19.74839789473683993, 1.449999999999999956, -16.48330315789473843 ) ) ;
#2087 = DIRECTION ( 'NONE',  ( 1.000000000000000000, 0.0000000000000000000, 0.0000000000000000000 ) ) ;
#2088 = CARTESIAN_POINT ( 'NONE',  ( 19.30460210526315734, 4.869999999999999218, 7.877096842105264507 ) ) ;
#2089 = ORIENTED_EDGE ( 'NONE', *, *, #4514, .F. ) ;
#2090 = VECTOR ( 'NONE', #4109, 1000.000000000000000 ) ;
#2091 = DIRECTION ( 'NONE',  ( 0.0000000000000000000, -0.0000000000000000000, 1.000000000000000000 ) ) ;
#2092 = CARTESIAN_POINT ( 'NONE',  ( 40.13420210526315657, 4.869999999999999218, 24.49029684210526270 ) ) ;
#2093 = EDGE_CURVE ( 'NONE', #6648, #3849, #6658, .T. ) ;
#2094 = ORIENTED_EDGE ( 'NONE', *, *, #5646, .F. ) ;
#2095 = LINE ( 'NONE', #6222, #1911 ) ;
#2096 = LINE ( 'NONE', #134, #4651 ) ;
#2097 = CARTESIAN_POINT ( 'NONE',  ( 0.0000000000000000000, 0.0000000000000000000, 0.0000000000000000000 ) ) ;
#2098 = EDGE_CURVE ( 'NONE', #2083, #5004, #2565, .T. ) ;
#2099 = ORIENTED_EDGE ( 'NONE', *, *, #4311, .T. ) ;
#2100 = ORIENTED_EDGE ( 'NONE', *, *, #2760, .T. ) ;
#2101 = EDGE_CURVE ( 'NONE', #1636, #377, #5127, .T. ) ;
#2102 = AXIS2_PLACEMENT_3D ( 'NONE', #2622, #4666, #1591 ) ;
#2103 = LINE ( 'NONE', #2353, #3459 ) ;
#2104 = CARTESIAN_POINT ( 'NONE',  ( 47.41190210526315241, 0.0000000000000000000, 16.43479684210526415 ) ) ;
#2105 = DIRECTION ( 'NONE',  ( 1.000000000000000000, 0.0000000000000000000, 0.0000000000000000000 ) ) ;
#2106 = EDGE_LOOP ( 'NONE', ( #813, #5491, #3028, #2356 ) ) ;
#2107 = CARTESIAN_POINT ( 'NONE',  ( 47.41190210526315241, 9.950000000000001066, 16.40949684210526627 ) ) ;
#2108 = DIRECTION ( 'NONE',  ( 1.000000000000000000, 0.0000000000000000000, -0.0000000000000000000 ) ) ;
#2109 = EDGE_CURVE ( 'NONE', #5471, #4343, #6497, .T. ) ;
#2110 = AXIS2_PLACEMENT_3D ( 'NONE', #780, #4373, #1289 ) ;
#2111 = ADVANCED_FACE ( 'NONE', ( #4953 ), #6340, .T. ) ;
#2112 = EDGE_CURVE ( 'NONE', #1447, #110, #3598, .T. ) ;
#2113 = ADVANCED_FACE ( 'NONE', ( #2392 ), #1276, .F. ) ;
#2114 = ORIENTED_EDGE ( 'NONE', *, *, #5398, .F. ) ;
#2115 = VECTOR ( 'NONE', #4747, 1000.000000000000000 ) ;
#2116 = CARTESIAN_POINT ( 'NONE',  ( 0.0000000000000000000, 1.449999999999999956, 0.0000000000000000000 ) ) ;
#2117 = DIRECTION ( 'NONE',  ( -1.000000000000000000, -0.0000000000000000000, -0.0000000000000000000 ) ) ;
#2118 = DIRECTION ( 'NONE',  ( 0.0000000000000000000, 0.0000000000000000000, 1.000000000000000000 ) ) ;
#2119 = CARTESIAN_POINT ( 'NONE',  ( -27.77769789473684270, -3.419999999999999929, -26.67090315789473465 ) ) ;
#2120 = CARTESIAN_POINT ( 'NONE',  ( 20.61510210526315845, 9.950000000000001066, -4.203603157894734821 ) ) ;
#2121 = EDGE_LOOP ( 'NONE', ( #6308, #2099, #263, #4733 ) ) ;
#2122 = ORIENTED_EDGE ( 'NONE', *, *, #646, .T. ) ;
#2123 = PERSON_AND_ORGANIZATION ( #4051, #339 ) ;
#2124 = ORIENTED_EDGE ( 'NONE', *, *, #2415, .F. ) ;
#2125 = ORIENTED_EDGE ( 'NONE', *, *, #6593, .T. ) ;
#2126 = PLANE ( 'NONE',  #4256 ) ;
#2127 = CARTESIAN_POINT ( 'NONE',  ( 42.33160210526316547, 0.0000000000000000000, -29.21190315789473502 ) ) ;
#2128 = CARTESIAN_POINT ( 'NONE',  ( 35.95560210526315359, 4.869999999999999218, -1.730903157894735367 ) ) ;
#2129 = VECTOR ( 'NONE', #1904, 1000.000000000000000 ) ;
#2130 = VECTOR ( 'NONE', #5927, 1000.000000000000000 ) ;
#2131 = ORIENTED_EDGE ( 'NONE', *, *, #4371, .F. ) ;
#2132 = ORIENTED_EDGE ( 'NONE', *, *, #671, .T. ) ;
#2133 = DIRECTION ( 'NONE',  ( 0.0000000000000000000, -0.0000000000000000000, 1.000000000000000000 ) ) ;
#2134 = VECTOR ( 'NONE', #5375, 1000.000000000000000 ) ;
#2135 = VECTOR ( 'NONE', #1219, 1000.000000000000000 ) ;
#2136 = CARTESIAN_POINT ( 'NONE',  ( -41.77399789473683711, 1.449999999999999956, -23.49190315789473260 ) ) ;
#2137 = LINE ( 'NONE', #241, #3338 ) ;
#2138 = VECTOR ( 'NONE', #555, 1000.000000000000000 ) ;
#2139 = EDGE_CURVE ( 'NONE', #1193, #5742, #3922, .T. ) ;
#2140 = DIRECTION ( 'NONE',  ( -0.0000000000000000000, -1.000000000000000000, -0.0000000000000000000 ) ) ;
#2141 = CLOSED_SHELL ( 'NONE', ( #193, #3832, #2661, #1092, #2375, #6227 ) ) ;
#2142 = VECTOR ( 'NONE', #4131, 1000.000000000000000 ) ;
#2143 = DIRECTION ( 'NONE',  ( 0.0000000000000000000, -0.0000000000000000000, 1.000000000000000000 ) ) ;
#2144 = ORIENTED_EDGE ( 'NONE', *, *, #2349, .T. ) ;
#2145 = AXIS2_PLACEMENT_3D ( 'NONE', #6045, #4016, #912 ) ;
#2146 = FACE_OUTER_BOUND ( 'NONE', #5761, .T. ) ;
#2147 = LINE ( 'NONE', #3621, #5033 ) ;
#2148 = PLANE ( 'NONE',  #2979 ) ;
#2149 = ADVANCED_FACE ( 'NONE', ( #6172 ), #785, .F. ) ;
#2150 = ADVANCED_FACE ( 'NONE', ( #4799 ), #720, .F. ) ;
#2151 = EDGE_CURVE ( 'NONE', #5721, #3260, #695, .T. ) ;
#2152 = LINE ( 'NONE', #6469, #6421 ) ;
#2153 = ORIENTED_EDGE ( 'NONE', *, *, #1614, .T. ) ;
#2154 = DIRECTION ( 'NONE',  ( -1.000000000000000000, 0.0000000000000000000, 0.0000000000000000000 ) ) ;
#2155 = CARTESIAN_POINT ( 'NONE',  ( 49.95210210526316530, 9.950000000000001066, -29.21190315789473502 ) ) ;
#2156 = LINE ( 'NONE', #590, #2322 ) ;
#2157 = LINE ( 'NONE', #1235, #775 ) ;
#2159 = VERTEX_POINT ( 'NONE', #5324 ) ;
#2158 = CARTESIAN_POINT ( 'NONE',  ( -34.88299789473684598, 1.449999999999999956, -1.613203157894734119 ) ) ;
#2160 = EDGE_LOOP ( 'NONE', ( #1858, #3846, #1793, #3943 ) ) ;
#2161 = DIRECTION ( 'NONE',  ( 0.0000000000000000000, 0.0000000000000000000, 1.000000000000000000 ) ) ;
#2162 = LINE ( 'NONE', #2520, #778 ) ;
#2163 = ORIENTED_EDGE ( 'NONE', *, *, #1298, .F. ) ;
#2164 = PLANE ( 'NONE',  #663 ) ;
#2165 = ORIENTED_EDGE ( 'NONE', *, *, #4132, .F. ) ;
#2166 = EDGE_CURVE ( 'NONE', #1636, #949, #3431, .T. ) ;
#2167 = CARTESIAN_POINT ( 'NONE',  ( 40.71840210526315218, 1.449999999999999956, -4.382303157894734014 ) ) ;
#2168 = EDGE_LOOP ( 'NONE', ( #2702, #3812, #3613, #5401 ) ) ;
#2169 = CARTESIAN_POINT ( 'NONE',  ( -3.389297894736842398, -3.419999999999999929, 21.55489684210526846 ) ) ;
#2170 = VECTOR ( 'NONE', #2967, 1000.000000000000000 ) ;
#2171 = CARTESIAN_POINT ( 'NONE',  ( 42.33160210526316547, -3.419999999999999929, 16.43479684210526415 ) ) ;
#2172 = CARTESIAN_POINT ( 'NONE',  ( 15.97710210526315855, 4.869999999999999218, 24.49029684210526270 ) ) ;
#2173 = CARTESIAN_POINT ( 'NONE',  ( 12.31920210526315884, 1.449999999999999956, 12.31709684210526490 ) ) ;
#2174 = DIRECTION ( 'NONE',  ( 0.0000000000000000000, 0.0000000000000000000, -1.000000000000000000 ) ) ;
#2175 = ORIENTED_EDGE ( 'NONE', *, *, #6137, .F. ) ;
#2176 = EDGE_CURVE ( 'NONE', #3630, #6425, #5998, .T. ) ;
#2177 = CARTESIAN_POINT ( 'NONE',  ( 19.60940210526315752, 4.869999999999999218, -14.93160315789473458 ) ) ;
#2178 = CARTESIAN_POINT ( 'NONE',  ( 26.11240210526315764, 1.449999999999999956, -6.285103157894734949 ) ) ;
#2179 = LINE ( 'NONE', #4975, #6288 ) ;
#2180 = ORIENTED_EDGE ( 'NONE', *, *, #4845, .T. ) ;
#2181 = AXIS2_PLACEMENT_3D ( 'NONE', #5068, #5852, #2761 ) ;
#2182 = ADVANCED_FACE ( 'NONE', ( #844 ), #3108, .F. ) ;
#2183 = ADVANCED_FACE ( 'NONE', ( #3281 ), #5732, .F. ) ;
#2184 = CIRCLE ( 'NONE', #1593, 1.950000000000000400 ) ;
#2185 = DIRECTION ( 'NONE',  ( -1.000000000000000000, 0.0000000000000000000, -0.0000000000000000000 ) ) ;
#2186 = AXIS2_PLACEMENT_3D ( 'NONE', #6220, #3650, #564 ) ;
#2187 = DIRECTION ( 'NONE',  ( -0.0000000000000000000, -1.000000000000000000, -0.0000000000000000000 ) ) ;
#2188 = EDGE_LOOP ( 'NONE', ( #5489, #5656, #1981, #4025 ) ) ;
#2189 = CLOSED_SHELL ( 'NONE', ( #5309, #5272, #143, #3731, #5832, #113 ) ) ;
#2190 = VERTEX_POINT ( 'NONE', #4683 ) ;
#2191 = CARTESIAN_POINT ( 'NONE',  ( 40.13420210526315657, 4.869999999999999218, 24.49029684210526270 ) ) ;
#2192 = EDGE_CURVE ( 'NONE', #4793, #5522, #4457, .T. ) ;
#2193 = VERTEX_POINT ( 'NONE', #3689 ) ;
#2194 = LINE ( 'NONE', #902, #805 ) ;
#2195 = DIRECTION ( 'NONE',  ( 0.0000000000000000000, 0.0000000000000000000, 1.000000000000000000 ) ) ;
#2196 = CARTESIAN_POINT ( 'NONE',  ( 22.67050210526316079, 1.449999999999999956, -16.58590315789473379 ) ) ;
#2197 = CARTESIAN_POINT ( 'NONE',  ( -33.92489789473684425, 7.699999999999954881, -3.115803157894735165 ) ) ;
#2198 = DIRECTION ( 'NONE',  ( 1.000000000000000000, 0.0000000000000000000, -0.0000000000000000000 ) ) ;
#2200 = CARTESIAN_POINT ( 'NONE',  ( 15.97710210526315855, 1.449999999999999956, 24.49029684210526270 ) ) ;
#2199 = CARTESIAN_POINT ( 'NONE',  ( 12.31920210526315884, 1.449999999999999956, 12.31709684210526490 ) ) ;
#2201 = ORIENTED_EDGE ( 'NONE', *, *, #6675, .T. ) ;
#2202 = ADVANCED_FACE ( 'NONE', ( #530 ), #3141, .F. ) ;
#2203 = VECTOR ( 'NONE', #4227, 1000.000000000000000 ) ;
#2204 = ORIENTED_EDGE ( 'NONE', *, *, #1402, .T. ) ;
#2205 = EDGE_CURVE ( 'NONE', #2648, #5004, #1740, .T. ) ;
#2206 = DIRECTION ( 'NONE',  ( -1.000000000000000000, -8.142298220863340143E-16, 0.0000000000000000000 ) ) ;
#2207 = EDGE_LOOP ( 'NONE', ( #342, #5889, #6341, #1814 ) ) ;
#2208 = EDGE_LOOP ( 'NONE', ( #252, #187, #4807, #1638 ) ) ;
#2209 = VERTEX_POINT ( 'NONE', #4168 ) ;
#2210 = DIRECTION ( 'NONE',  ( -4.071149110431670071E-16, 1.000000000000000000, 0.0000000000000000000 ) ) ;
#2211 = SHAPE_DEFINITION_REPRESENTATION ( #1762, #3697 ) ;
#2212 = VERTEX_POINT ( 'NONE', #5195 ) ;
#2213 = PLANE ( 'NONE',  #5737 ) ;
#2214 = VERTEX_POINT ( 'NONE', #1588 ) ;
#2215 = ADVANCED_FACE ( 'NONE', ( #2948 ), #1609, .F. ) ;
#2216 = ADVANCED_FACE ( 'NONE', ( #208 ), #41, .F. ) ;
#2217 = VECTOR ( 'NONE', #6156, 1000.000000000000000 ) ;
#2218 = CARTESIAN_POINT ( 'NONE',  ( -11.52049789473684172, 1.449999999999999956, -21.52050315789473700 ) ) ;
#2219 = DIRECTION ( 'NONE',  ( 0.0000000000000000000, 0.0000000000000000000, 1.000000000000000000 ) ) ;
#2220 = DIRECTION ( 'NONE',  ( 0.0000000000000000000, 0.0000000000000000000, 1.000000000000000000 ) ) ;
#2221 = VECTOR ( 'NONE', #3669, 1000.000000000000000 ) ;
#2222 = EDGE_LOOP ( 'NONE', ( #3105, #883, #4006, #4876 ) ) ;
#2223 = DIRECTION ( 'NONE',  ( -1.000000000000000000, -0.0000000000000000000, -0.0000000000000000000 ) ) ;
#2224 = PLANE ( 'NONE',  #2563 ) ;
#2226 = CARTESIAN_POINT ( 'NONE',  ( -19.86499789473684174, 1.449999999999999956, -21.52050315789473700 ) ) ;
#2225 = CARTESIAN_POINT ( 'NONE',  ( 9.359902105263159910, 4.869999999999999218, 0.2733968421052654918 ) ) ;
#2227 = AXIS2_PLACEMENT_3D ( 'NONE', #3790, #5010, #3772 ) ;
#2228 = LINE ( 'NONE', #5267, #6329 ) ;
#2229 = LINE ( 'NONE', #4331, #6330 ) ;
#2230 = LINE ( 'NONE', #5146, #1000 ) ;
#2231 = VECTOR ( 'NONE', #396, 1000.000000000000000 ) ;
#2232 = ORIENTED_EDGE ( 'NONE', *, *, #4561, .F. ) ;
#2233 = VECTOR ( 'NONE', #5055, 1000.000000000000000 ) ;
#2234 = DIRECTION ( 'NONE',  ( 0.0000000000000000000, -0.0000000000000000000, 1.000000000000000000 ) ) ;
#2235 = ORIENTED_EDGE ( 'NONE', *, *, #2999, .F. ) ;
#2236 = VECTOR ( 'NONE', #6384, 1000.000000000000000 ) ;
#2237 = ORIENTED_EDGE ( 'NONE', *, *, #361, .F. ) ;
#2238 = ADVANCED_FACE ( 'NONE', ( #5531 ), #1070, .F. ) ;
#2239 = AXIS2_PLACEMENT_3D ( 'NONE', #445, #4056, #957 ) ;
#2240 = EDGE_CURVE ( 'NONE', #4494, #4903, #4163, .T. ) ;
#2241 = VECTOR ( 'NONE', #4833, 1000.000000000000000 ) ;
#2242 = ORIENTED_EDGE ( 'NONE', *, *, #2277, .F. ) ;
#2243 = LINE ( 'NONE', #6602, #4629 ) ;
#2244 = DIRECTION ( 'NONE',  ( 1.000000000000000000, 0.0000000000000000000, 0.0000000000000000000 ) ) ;
#2245 = ORIENTED_EDGE ( 'NONE', *, *, #2850, .F. ) ;
#2246 = ORIENTED_EDGE ( 'NONE', *, *, #5084, .F. ) ;
#2247 = DIRECTION ( 'NONE',  ( 1.000000000000000000, 0.0000000000000000000, 0.0000000000000000000 ) ) ;
#2248 = CARTESIAN_POINT ( 'NONE',  ( 32.66600210526316062, 4.869999999999999218, 7.877096842105264507 ) ) ;
#2249 = CARTESIAN_POINT ( 'NONE',  ( 16.92960210526315734, -3.419999999999999929, -29.20810315789473322 ) ) ;
#2250 = EDGE_CURVE ( 'NONE', #5816, #2890, #4326, .T. ) ;
#2251 = VECTOR ( 'NONE', #337, 1000.000000000000000 ) ;
#2252 = DIRECTION ( 'NONE',  ( 1.000000000000000000, 0.0000000000000000000, -0.0000000000000000000 ) ) ;
#2254 = DIRECTION ( 'NONE',  ( 0.0000000000000000000, -0.0000000000000000000, 1.000000000000000000 ) ) ;
#2253 = DIRECTION ( 'NONE',  ( 0.0000000000000000000, 0.0000000000000000000, 1.000000000000000000 ) ) ;
#2255 = VERTEX_POINT ( 'NONE', #3017 ) ;
#2256 = VERTEX_POINT ( 'NONE', #2461 ) ;
#2257 = ADVANCED_FACE ( 'NONE', ( #1571 ), #5546, .F. ) ;
#2258 = ORIENTED_EDGE ( 'NONE', *, *, #2593, .F. ) ;
#2259 = LINE ( 'NONE', #3066, #4817 ) ;
#2260 = CARTESIAN_POINT ( 'NONE',  ( -38.69399789473683882, 19.14999999999999858, 16.02419684210526540 ) ) ;
#2261 = EDGE_CURVE ( 'NONE', #3950, #4405, #5378, .T. ) ;
#2262 = AXIS2_PLACEMENT_3D ( 'NONE', #6567, #3480, #392 ) ;
#2263 = EDGE_LOOP ( 'NONE', ( #1042, #639, #6373, #395 ) ) ;
#2264 = VECTOR ( 'NONE', #1737, 1000.000000000000000 ) ;
#2265 = FACE_OUTER_BOUND ( 'NONE', #660, .T. ) ;
#2266 = DIRECTION ( 'NONE',  ( -0.0000000000000000000, -1.000000000000000000, -0.0000000000000000000 ) ) ;
#2267 = DIRECTION ( 'NONE',  ( -0.0000000000000000000, -0.0000000000000000000, -1.000000000000000000 ) ) ;
#2268 = PLANE ( 'NONE',  #4710 ) ;
#2269 = DIRECTION ( 'NONE',  ( 0.0000000000000000000, -0.0000000000000000000, 1.000000000000000000 ) ) ;
#2270 = EDGE_LOOP ( 'NONE', ( #6422, #1331, #3804, #1265 ) ) ;
#2271 = ORIENTED_EDGE ( 'NONE', *, *, #427, .T. ) ;
#2272 = DIRECTION ( 'NONE',  ( -0.0000000000000000000, -1.000000000000000000, -0.0000000000000000000 ) ) ;
#2274 = CARTESIAN_POINT ( 'NONE',  ( -19.74839789473683993, 9.950000000000001066, 16.44869684210526373 ) ) ;
#2273 = CARTESIAN_POINT ( 'NONE',  ( 0.0000000000000000000, 1.449999999999999956, 0.0000000000000000000 ) ) ;
#2275 = ADVANCED_FACE ( 'NONE', ( #2802 ), #3534, .T. ) ;
#2276 = VECTOR ( 'NONE', #4363, 1000.000000000000000 ) ;
#2277 = EDGE_CURVE ( 'NONE', #1869, #6212, #6570, .T. ) ;
#2278 = VERTEX_POINT ( 'NONE', #3041 ) ;
#2279 = ORIENTED_EDGE ( 'NONE', *, *, #3043, .T. ) ;
#2280 = VERTEX_POINT ( 'NONE', #4987 ) ;
#2281 = CARTESIAN_POINT ( 'NONE',  ( 21.98470210526316038, -3.419999999999999929, 21.53459684210526248 ) ) ;
#2282 = EDGE_LOOP ( 'NONE', ( #2847, #4362, #532, #5502 ) ) ;
#2283 = FACE_OUTER_BOUND ( 'NONE', #4278, .T. ) ;
#2284 = VERTEX_POINT ( 'NONE', #4619 ) ;
#2285 = ADVANCED_FACE ( 'NONE', ( #3845 ), #1976, .T. ) ;
#2286 = CARTESIAN_POINT ( 'NONE',  ( -7.748297894736841940, 4.869999999999999218, 12.31709684210526490 ) ) ;
#2287 = CARTESIAN_POINT ( 'NONE',  ( -41.81679789473682973, 19.14999999999999858, 8.324796842105264716 ) ) ;
#2288 = ORIENTED_EDGE ( 'NONE', *, *, #4210, .F. ) ;
#2289 = ORIENTED_EDGE ( 'NONE', *, *, #6240, .F. ) ;
#2290 = DIRECTION ( 'NONE',  ( -1.000000000000000000, 0.0000000000000000000, -0.0000000000000000000 ) ) ;
#2291 = DIRECTION ( 'NONE',  ( -0.0000000000000000000, -1.000000000000000000, -0.0000000000000000000 ) ) ;
#2292 = DIRECTION ( 'NONE',  ( 4.489269332220906729E-16, 0.0000000000000000000, 1.000000000000000000 ) ) ;
#2293 = PERSON_AND_ORGANIZATION ( #4051, #339 ) ;
#2294 = AXIS2_PLACEMENT_3D ( 'NONE', #2645, #3123, #5712 ) ;
#2295 = VERTEX_POINT ( 'NONE', #3702 ) ;
#2296 = ORIENTED_EDGE ( 'NONE', *, *, #6641, .F. ) ;
#2297 = EDGE_CURVE ( 'NONE', #1896, #5721, #2476, .T. ) ;
#2298 = VECTOR ( 'NONE', #4020, 1000.000000000000000 ) ;
#2299 = LINE ( 'NONE', #3854, #6239 ) ;
#2300 = ORIENTED_EDGE ( 'NONE', *, *, #5204, .T. ) ;
#2301 = ORIENTED_EDGE ( 'NONE', *, *, #794, .T. ) ;
#2302 = CARTESIAN_POINT ( 'NONE',  ( -27.77769789473684270, -3.419999999999999929, -26.67090315789473465 ) ) ;
#2303 = ADVANCED_FACE ( 'NONE', ( #1254 ), #5257, .F. ) ;
#2304 = VECTOR ( 'NONE', #2765, 1000.000000000000000 ) ;
#2305 = VECTOR ( 'NONE', #631, 1000.000000000000000 ) ;
#2306 = VECTOR ( 'NONE', #2454, 1000.000000000000000 ) ;
#2307 = VECTOR ( 'NONE', #3100, 1000.000000000000000 ) ;
#2308 = ORIENTED_EDGE ( 'NONE', *, *, #73, .F. ) ;
#2309 = FACE_OUTER_BOUND ( 'NONE', #3686, .T. ) ;
#2310 = CARTESIAN_POINT ( 'NONE',  ( -0.9658978947368410672, 1.449999999999999956, -14.93160315789473458 ) ) ;
#2311 = DIRECTION ( 'NONE',  ( 0.0000000000000000000, 0.0000000000000000000, -1.000000000000000000 ) ) ;
#2312 = VERTEX_POINT ( 'NONE', #4967 ) ;
#2313 = LINE ( 'NONE', #6072, #3671 ) ;
#2314 = VERTEX_POINT ( 'NONE', #4404 ) ;
#2315 = LINE ( 'NONE', #2022, #6258 ) ;
#2316 = DIRECTION ( 'NONE',  ( 1.000000000000000000, 0.0000000000000000000, 0.0000000000000000000 ) ) ;
#2317 = CARTESIAN_POINT ( 'NONE',  ( 40.71840210526315218, 1.449999999999999956, -6.285103157894734949 ) ) ;
#2318 = AXIS2_PLACEMENT_3D ( 'NONE', #2015, #2485, #3732 ) ;
#2319 = VECTOR ( 'NONE', #5457, 1000.000000000000000 ) ;
#2320 = EDGE_LOOP ( 'NONE', ( #3625, #4395, #4729, #1188 ) ) ;
#2321 = EDGE_CURVE ( 'NONE', #356, #2806, #3676, .T. ) ;
#2322 = VECTOR ( 'NONE', #1111, 1000.000000000000000 ) ;
#2323 = ADVANCED_FACE ( 'NONE', ( #2641 ), #1841, .F. ) ;
#2324 = ORIENTED_EDGE ( 'NONE', *, *, #3087, .F. ) ;
#2325 = EDGE_LOOP ( 'NONE', ( #6585, #3440, #5631, #3956, #4197 ) ) ;
#2326 = DIRECTION ( 'NONE',  ( 0.0000000000000000000, 0.0000000000000000000, 1.000000000000000000 ) ) ;
#2327 = EDGE_CURVE ( 'NONE', #3994, #4494, #5037, .T. ) ;
#2328 = LINE ( 'NONE', #3525, #4881 ) ;
#2329 = ORIENTED_EDGE ( 'NONE', *, *, #3386, .T. ) ;
#2330 = DIRECTION ( 'NONE',  ( 1.000000000000000000, 0.0000000000000000000, -0.0000000000000000000 ) ) ;
#2331 = ORIENTED_EDGE ( 'NONE', *, *, #4811, .F. ) ;
#2332 = AXIS2_PLACEMENT_3D ( 'NONE', #2647, #471, #2582 ) ;
#2333 = ORIENTED_EDGE ( 'NONE', *, *, #4944, .T. ) ;
#2334 = CC_DESIGN_PERSON_AND_ORGANIZATION_ASSIGNMENT ( #3647, #5098, ( #937 ) ) ;
#2335 = DIRECTION ( 'NONE',  ( 1.000000000000000000, 0.0000000000000000000, 0.0000000000000000000 ) ) ;
#2336 = EDGE_CURVE ( 'NONE', #4963, #5370, #926, .T. ) ;
#2337 = FACE_OUTER_BOUND ( 'NONE', #5346, .T. ) ;
#2338 = ADVANCED_FACE ( 'NONE', ( #6263 ), #3449, .F. ) ;
#2339 = VECTOR ( 'NONE', #6495, 1000.000000000000000 ) ;
#2340 = DIRECTION ( 'NONE',  ( -1.000000000000000000, -0.0000000000000000000, -0.0000000000000000000 ) ) ;
#2341 = EDGE_LOOP ( 'NONE', ( #6355, #3255, #5970, #6417 ) ) ;
#2342 = EDGE_LOOP ( 'NONE', ( #3807, #5793, #6254, #4502 ) ) ;
#2343 = CARTESIAN_POINT ( 'NONE',  ( -0.2166978947368418673, 4.869999999999999218, -2.289003157894735185 ) ) ;
#2344 = LINE ( 'NONE', #5007, #3712 ) ;
#2345 = ADVANCED_FACE ( 'NONE', ( #3516 ), #270, .T. ) ;
#2346 = DIRECTION ( 'NONE',  ( -1.000000000000000000, -0.0000000000000000000, -0.0000000000000000000 ) ) ;
#2347 = ORIENTED_EDGE ( 'NONE', *, *, #685, .T. ) ;
#2348 = VERTEX_POINT ( 'NONE', #3887 ) ;
#2349 = EDGE_CURVE ( 'NONE', #2757, #2193, #771, .T. ) ;
#2350 = CARTESIAN_POINT ( 'NONE',  ( 45.93860210526316479, 1.449999999999999956, 20.22799684210526650 ) ) ;
#2351 = EDGE_CURVE ( 'NONE', #20, #588, #2152, .T. ) ;
#2352 = DIRECTION ( 'NONE',  ( 0.0000000000000000000, 0.0000000000000000000, 1.000000000000000000 ) ) ;
#2353 = CARTESIAN_POINT ( 'NONE',  ( 12.31920210526315884, 4.869999999999999218, 12.31709684210526490 ) ) ;
#2354 = VECTOR ( 'NONE', #3190, 1000.000000000000000 ) ;
#2355 = DIRECTION ( 'NONE',  ( 0.0000000000000000000, 1.000000000000000000, 0.0000000000000000000 ) ) ;
#2356 = ORIENTED_EDGE ( 'NONE', *, *, #3206, .T. ) ;
#2357 = DIRECTION ( 'NONE',  ( 0.0000000000000000000, -0.0000000000000000000, 1.000000000000000000 ) ) ;
#2358 = ORIENTED_EDGE ( 'NONE', *, *, #4034, .F. ) ;
#2359 = EDGE_CURVE ( 'NONE', #2256, #6393, #6085, .T. ) ;
#2360 = ORIENTED_EDGE ( 'NONE', *, *, #6008, .T. ) ;
#2361 = CARTESIAN_POINT ( 'NONE',  ( -0.8769978947368413102, 0.0000000000000000000, 18.99739684210526391 ) ) ;
#2362 = ADVANCED_FACE ( 'NONE', ( #1973 ), #4409, .F. ) ;
#2363 = ORIENTED_EDGE ( 'NONE', *, *, #4576, .F. ) ;
#2364 = ORIENTED_EDGE ( 'NONE', *, *, #2808, .F. ) ;
#2365 = DIRECTION ( 'NONE',  ( -0.0000000000000000000, 0.0000000000000000000, 1.000000000000000000 ) ) ;
#2366 = DIRECTION ( 'NONE',  ( 0.0000000000000000000, 1.000000000000000000, 0.0000000000000000000 ) ) ;
#2367 = VECTOR ( 'NONE', #2986, 1000.000000000000000 ) ;
#2368 = ORIENTED_EDGE ( 'NONE', *, *, #3951, .T. ) ;
#2369 = DIRECTION ( 'NONE',  ( -1.000000000000000000, 0.0000000000000000000, -0.0000000000000000000 ) ) ;
#2370 = CARTESIAN_POINT ( 'NONE',  ( 12.31920210526315884, 4.869999999999999218, 7.877096842105264507 ) ) ;
#2371 = ORIENTED_EDGE ( 'NONE', *, *, #5638, .T. ) ;
#2372 = FACE_OUTER_BOUND ( 'NONE', #4719, .T. ) ;
#2373 = DIRECTION ( 'NONE',  ( 0.0000000000000000000, 0.0000000000000000000, -1.000000000000000000 ) ) ;
#2374 = LINE ( 'NONE', #2120, #1162 ) ;
#2375 = ADVANCED_FACE ( 'NONE', ( #3188 ), #2378, .F. ) ;
#2376 = MANIFOLD_SOLID_BREP ( 'Boss-Extrude4[3]', #965 ) ;
#2377 = DIRECTION ( 'NONE',  ( -0.0000000000000000000, 1.000000000000000000, -0.0000000000000000000 ) ) ;
#2378 = PLANE ( 'NONE',  #2513 ) ;
#2379 = VECTOR ( 'NONE', #5081, 1000.000000000000000 ) ;
#2380 = LINE ( 'NONE', #200, #4937 ) ;
#2381 = EDGE_CURVE ( 'NONE', #4951, #6494, #5917, .T. ) ;
#2382 = VECTOR ( 'NONE', #6564, 1000.000000000000000 ) ;
#2383 = LINE ( 'NONE', #4475, #3755 ) ;
#2384 = EDGE_LOOP ( 'NONE', ( #2996, #6618, #6327, #6276 ) ) ;
#2385 = VECTOR ( 'NONE', #895, 1000.000000000000000 ) ;
#2386 = ORIENTED_EDGE ( 'NONE', *, *, #3217, .F. ) ;
#2387 = FACE_OUTER_BOUND ( 'NONE', #3654, .T. ) ;
#2388 = CARTESIAN_POINT ( 'NONE',  ( 21.98470210526316038, -3.419999999999999929, 21.53459684210526248 ) ) ;
#2389 = EDGE_CURVE ( 'NONE', #5105, #4618, #3349, .T. ) ;
#2390 = DIRECTION ( 'NONE',  ( 0.0000000000000000000, -1.000000000000000000, 0.0000000000000000000 ) ) ;
#2391 = ORIENTED_EDGE ( 'NONE', *, *, #6074, .F. ) ;
#2392 = FACE_OUTER_BOUND ( 'NONE', #4691, .T. ) ;
#2393 = ORIENTED_EDGE ( 'NONE', *, *, #3169, .F. ) ;
#2394 = FACE_OUTER_BOUND ( 'NONE', #1097, .T. ) ;
#2395 = DIRECTION ( 'NONE',  ( 0.0000000000000000000, 1.000000000000000000, 0.0000000000000000000 ) ) ;
#2396 = PLANE ( 'NONE',  #2773 ) ;
#2397 = ORIENTED_EDGE ( 'NONE', *, *, #1269, .T. ) ;
#2398 = ORIENTED_EDGE ( 'NONE', *, *, #6453, .F. ) ;
#2399 = AXIS2_PLACEMENT_3D ( 'NONE', #1524, #2057, #5657 ) ;
#2400 = DIRECTION ( 'NONE',  ( -1.000000000000000000, 0.0000000000000000000, -0.0000000000000000000 ) ) ;
#2401 = VECTOR ( 'NONE', #2579, 1000.000000000000000 ) ;
#2403 = EDGE_LOOP ( 'NONE', ( #2094, #2878, #4149, #1182 ) ) ;
#2402 = DIRECTION ( 'NONE',  ( 0.0000000000000000000, 0.0000000000000000000, 1.000000000000000000 ) ) ;
#2404 = CARTESIAN_POINT ( 'NONE',  ( -18.70919789473684247, 8.250000000000000000, 29.14339684210526471 ) ) ;
#2405 = VERTEX_POINT ( 'NONE', #4428 ) ;
#2406 = CARTESIAN_POINT ( 'NONE',  ( 19.44440210526315838, -3.419999999999999929, 18.99739684210526391 ) ) ;
#2407 = EDGE_CURVE ( 'NONE', #5263, #5026, #3027, .T. ) ;
#2408 = CARTESIAN_POINT ( 'NONE',  ( -19.86499789473684174, 4.869999999999999218, -21.52050315789473700 ) ) ;
#2409 = VECTOR ( 'NONE', #5093, 1000.000000000000000 ) ;
#2410 = CARTESIAN_POINT ( 'NONE',  ( 19.30460210526315734, 4.869999999999999218, 7.877096842105264507 ) ) ;
#2411 = EDGE_CURVE ( 'NONE', #215, #3715, #446, .T. ) ;
#2412 = VERTEX_POINT ( 'NONE', #5986 ) ;
#2413 = CARTESIAN_POINT ( 'NONE',  ( -30.53007446102908062, 15.15000000000000036, 29.74219684210526182 ) ) ;
#2414 = DIRECTION ( 'NONE',  ( 0.0000000000000000000, 1.000000000000000000, 0.0000000000000000000 ) ) ;
#2415 = EDGE_CURVE ( 'NONE', #6532, #4925, #275, .T. ) ;
#2416 = VECTOR ( 'NONE', #2764, 1000.000000000000000 ) ;
#2417 = VECTOR ( 'NONE', #5231, 1000.000000000000000 ) ;
#2418 = VERTEX_POINT ( 'NONE', #857 ) ;
#2419 = ORIENTED_EDGE ( 'NONE', *, *, #5689, .F. ) ;
#2420 = PLANE ( 'NONE',  #296 ) ;
#2421 = FACE_OUTER_BOUND ( 'NONE', #1253, .T. ) ;
#2422 = DIRECTION ( 'NONE',  ( -1.000000000000000000, -0.0000000000000000000, -0.0000000000000000000 ) ) ;
#2423 = ORIENTED_EDGE ( 'NONE', *, *, #453, .F. ) ;
#2424 = EDGE_LOOP ( 'NONE', ( #2439, #3195, #118, #230 ) ) ;
#2425 = LINE ( 'NONE', #3757, #5165 ) ;
#2426 = DIRECTION ( 'NONE',  ( -0.0000000000000000000, -0.0000000000000000000, -1.000000000000000000 ) ) ;
#2427 = AXIS2_PLACEMENT_3D ( 'NONE', #400, #5762, #3271 ) ;
#2428 = CARTESIAN_POINT ( 'NONE',  ( -5.932097894736841681, -0.0000000000000000000, -26.67090315789473465 ) ) ;
#2429 = ORIENTED_EDGE ( 'NONE', *, *, #3448, .F. ) ;
#2430 = FACE_OUTER_BOUND ( 'NONE', #1198, .T. ) ;
#2431 = ORIENTED_EDGE ( 'NONE', *, *, #3337, .F. ) ;
#2432 = EDGE_CURVE ( 'NONE', #1393, #1937, #5609, .T. ) ;
#2433 = CARTESIAN_POINT ( 'NONE',  ( -30.53007446102908062, 15.15000000000000036, -30.25780315789473107 ) ) ;
#2434 = DIRECTION ( 'NONE',  ( -1.000000000000000000, 0.0000000000000000000, 0.0000000000000000000 ) ) ;
#2435 = DIRECTION ( 'NONE',  ( 0.0000000000000000000, -0.0000000000000000000, 1.000000000000000000 ) ) ;
#2436 = PLANE ( 'NONE',  #6525 ) ;
#2437 = ORIENTED_EDGE ( 'NONE', *, *, #4364, .F. ) ;
#2438 = EDGE_CURVE ( 'NONE', #2256, #2284, #4242, .T. ) ;
#2439 = ORIENTED_EDGE ( 'NONE', *, *, #1891, .T. ) ;
#2440 = EDGE_CURVE ( 'NONE', #5681, #4663, #126, .T. ) ;
#2441 = CARTESIAN_POINT ( 'NONE',  ( -21.60911273411831601, 5.899999999999999467, 19.86876992292952693 ) ) ;
#2442 = CARTESIAN_POINT ( 'NONE',  ( 38.47040210526316173, 4.869999999999999218, -26.74700315789473493 ) ) ;
#2443 = PLANE ( 'NONE',  #983 ) ;
#2444 = CALENDAR_DATE ( 2019, 14, 4 ) ;
#2445 = DIRECTION ( 'NONE',  ( -0.0000000000000000000, -1.000000000000000000, -0.0000000000000000000 ) ) ;
#2446 = VERTEX_POINT ( 'NONE', #364 ) ;
#2447 = VERTEX_POINT ( 'NONE', #3975 ) ;
#2448 = CARTESIAN_POINT ( 'NONE',  ( -12.24459789473684168, 4.869999999999999218, -24.05770315789473557 ) ) ;
#2449 = FACE_OUTER_BOUND ( 'NONE', #3019, .T. ) ;
#2450 = LINE ( 'NONE', #1769, #2624 ) ;
#2451 = CARTESIAN_POINT ( 'NONE',  ( 49.95210210526316530, 9.950000000000001066, -29.21190315789473502 ) ) ;
#2452 = PLANE ( 'NONE',  #2938 ) ;
#2453 = EDGE_CURVE ( 'NONE', #3507, #2464, #5293, .T. ) ;
#2454 = DIRECTION ( 'NONE',  ( -0.0000000000000000000, -1.000000000000000000, -0.0000000000000000000 ) ) ;
#2455 = VERTEX_POINT ( 'NONE', #4469 ) ;
#2456 = EDGE_CURVE ( 'NONE', #5442, #4537, #1323, .T. ) ;
#2457 = LINE ( 'NONE', #225, #3659 ) ;
#2458 = VECTOR ( 'NONE', #721, 1000.000000000000000 ) ;
#2459 = LINE ( 'NONE', #6591, #6409 ) ;
#2460 = LINE ( 'NONE', #4187, #4700 ) ;
#2461 = CARTESIAN_POINT ( 'NONE',  ( -40.77399789473683711, 10.69999999999999929, -3.115803157894735165 ) ) ;
#2462 = CARTESIAN_POINT ( 'NONE',  ( -34.88299789473684598, 1.449999999999999956, -1.613203157894734119 ) ) ;
#2463 = DIRECTION ( 'NONE',  ( 0.0000000000000000000, 0.0000000000000000000, 1.000000000000000000 ) ) ;
#2464 = VERTEX_POINT ( 'NONE', #6033 ) ;
#2465 = LINE ( 'NONE', #989, #6413 ) ;
#2466 = ORIENTED_EDGE ( 'NONE', *, *, #1355, .T. ) ;
#2467 = PLANE ( 'NONE',  #242 ) ;
#2468 = LINE ( 'NONE', #2462, #5201 ) ;
#2469 = VECTOR ( 'NONE', #5608, 1000.000000000000000 ) ;
#2470 = AXIS2_PLACEMENT_3D ( 'NONE', #3047, #6650, #3565 ) ;
#2471 = CARTESIAN_POINT ( 'NONE',  ( 45.93860210526316479, 0.0000000000000000000, 22.17799684210526578 ) ) ;
#2472 = VERTEX_POINT ( 'NONE', #5530 ) ;
#2473 = CARTESIAN_POINT ( 'NONE',  ( 0.0000000000000000000, 4.869999999999999218, 0.0000000000000000000 ) ) ;
#2474 = CARTESIAN_POINT ( 'NONE',  ( -0.9658978947368410672, 4.869999999999999218, -14.93160315789473458 ) ) ;
#2475 = CARTESIAN_POINT ( 'NONE',  ( -18.62029789473684005, -3.419999999999999929, 21.55489684210526846 ) ) ;
#2476 = LINE ( 'NONE', #4172, #1094 ) ;
#2477 = ORIENTED_EDGE ( 'NONE', *, *, #5348, .F. ) ;
#2478 = EDGE_LOOP ( 'NONE', ( #4757, #3464, #3389, #4228 ) ) ;
#2479 = AXIS2_PLACEMENT_3D ( 'NONE', #312, #5477, #2402 ) ;
#2480 = VECTOR ( 'NONE', #4649, 1000.000000000000000 ) ;
#2481 = VERTEX_POINT ( 'NONE', #6557 ) ;
#2482 = DIRECTION ( 'NONE',  ( -0.0000000000000000000, -1.000000000000000000, -0.0000000000000000000 ) ) ;
#2483 = EDGE_LOOP ( 'NONE', ( #98, #6187, #504, #4092 ) ) ;
#2484 = CARTESIAN_POINT ( 'NONE',  ( 34.35530210526316353, 4.869999999999999218, 24.49029684210526270 ) ) ;
#2485 = DIRECTION ( 'NONE',  ( -0.0000000000000000000, -1.000000000000000000, -0.0000000000000000000 ) ) ;
#2486 = CARTESIAN_POINT ( 'NONE',  ( 25.79500210526316195, 4.869999999999999218, 3.343296842105264233 ) ) ;
#2487 = DIRECTION ( 'NONE',  ( -4.489269332220906729E-16, 0.0000000000000000000, -1.000000000000000000 ) ) ;
#2488 = VECTOR ( 'NONE', #6080, 1000.000000000000000 ) ;
#2489 = ORIENTED_EDGE ( 'NONE', *, *, #3262, .T. ) ;
#2490 = ORIENTED_EDGE ( 'NONE', *, *, #1266, .F. ) ;
#2491 = CARTESIAN_POINT ( 'NONE',  ( -48.66899789473684734, 19.14999999999999858, 26.01279684210526355 ) ) ;
#2492 = CARTESIAN_POINT ( 'NONE',  ( -45.66899789473684024, 19.14999999999999858, 26.01279684210526355 ) ) ;
#2493 = CARTESIAN_POINT ( 'NONE',  ( -0.2166978947368418673, 1.449999999999999956, -2.289003157894735185 ) ) ;
#2494 = EDGE_CURVE ( 'NONE', #5993, #5178, #1481, .T. ) ;
#2495 = DIRECTION ( 'NONE',  ( -1.000000000000000000, -4.071149110431670071E-16, 0.0000000000000000000 ) ) ;
#2496 = ORIENTED_EDGE ( 'NONE', *, *, #3641, .T. ) ;
#2497 = VECTOR ( 'NONE', #5468, 1000.000000000000000 ) ;
#2498 = DIRECTION ( 'NONE',  ( -0.0000000000000000000, -1.000000000000000000, -0.0000000000000000000 ) ) ;
#2499 = PLANE ( 'NONE',  #6325 ) ;
#2500 = DIRECTION ( 'NONE',  ( -0.0000000000000000000, -1.000000000000000000, -0.0000000000000000000 ) ) ;
#2501 = EDGE_CURVE ( 'NONE', #820, #1456, #1171, .T. ) ;
#2502 = CARTESIAN_POINT ( 'NONE',  ( -29.99052042804536811, 1.449999999999999956, -4.404657554287778609 ) ) ;
#2503 = ORIENTED_EDGE ( 'NONE', *, *, #372, .T. ) ;
#2504 = FACE_OUTER_BOUND ( 'NONE', #2726, .T. ) ;
#2505 = DIRECTION ( 'NONE',  ( -0.0000000000000000000, -0.0000000000000000000, -1.000000000000000000 ) ) ;
#2506 = CARTESIAN_POINT ( 'NONE',  ( 49.95210210526316530, 9.950000000000001066, -29.21190315789473502 ) ) ;
#2507 = DIRECTION ( 'NONE',  ( 1.000000000000000000, 0.0000000000000000000, 0.0000000000000000000 ) ) ;
#2508 = CARTESIAN_POINT ( 'NONE',  ( 38.47040210526316173, 4.869999999999999218, -26.74700315789473493 ) ) ;
#2509 = EDGE_LOOP ( 'NONE', ( #5860, #5895, #450, #2564 ) ) ;
#2510 = EDGE_LOOP ( 'NONE', ( #48, #2232, #4105, #1503 ) ) ;
#2511 = PLANE ( 'NONE',  #2239 ) ;
#2512 = VECTOR ( 'NONE', #3942, 1000.000000000000000 ) ;
#2513 = AXIS2_PLACEMENT_3D ( 'NONE', #293, #4928, #3406 ) ;
#2514 = CARTESIAN_POINT ( 'NONE',  ( -19.74839789473683993, 1.449999999999999956, 18.60509684210526515 ) ) ;
#2515 = CARTESIAN_POINT ( 'NONE',  ( -7.951497894736839989, 4.869999999999999218, -10.49160315789473508 ) ) ;
#2516 = EDGE_CURVE ( 'NONE', #2537, #2803, #6488, .T. ) ;
#2517 = EDGE_LOOP ( 'NONE', ( #6676, #3844, #5997, #5771 ) ) ;
#2518 = CARTESIAN_POINT ( 'NONE',  ( -7.951497894736839989, 4.869999999999999218, -10.49160315789473508 ) ) ;
#2519 = AXIS2_PLACEMENT_3D ( 'NONE', #250, #3868, #777 ) ;
#2520 = CARTESIAN_POINT ( 'NONE',  ( 32.66600210526316062, 1.449999999999999956, 12.31709684210526490 ) ) ;
#2521 = VERTEX_POINT ( 'NONE', #6057 ) ;
#2522 = CARTESIAN_POINT ( 'NONE',  ( -18.62029789473684005, -3.419999999999999929, 21.55489684210526846 ) ) ;
#2523 = VECTOR ( 'NONE', #3094, 1000.000000000000000 ) ;
#2524 = DIRECTION ( 'NONE',  ( 0.0000000000000000000, 0.0000000000000000000, 1.000000000000000000 ) ) ;
#2525 = EDGE_CURVE ( 'NONE', #3120, #2903, #6339, .T. ) ;
#2526 = PERSON_AND_ORGANIZATION_ROLE ( 'design_owner' ) ;
#2527 = ORIENTED_EDGE ( 'NONE', *, *, #1355, .F. ) ;
#2528 = ORIENTED_EDGE ( 'NONE', *, *, #1650, .T. ) ;
#2529 = DIRECTION ( 'NONE',  ( 1.000000000000000000, 0.0000000000000000000, 0.0000000000000000000 ) ) ;
#2530 = VERTEX_POINT ( 'NONE', #2475 ) ;
#2531 = PLANE ( 'NONE',  #684 ) ;
#2532 = DIRECTION ( 'NONE',  ( 0.0000000000000000000, -0.0000000000000000000, 1.000000000000000000 ) ) ;
#2533 = DIRECTION ( 'NONE',  ( 0.0000000000000000000, 0.0000000000000000000, 1.000000000000000000 ) ) ;
#2534 = ORIENTED_EDGE ( 'NONE', *, *, #3468, .T. ) ;
#2535 = LINE ( 'NONE', #5027, #980 ) ;
#2536 = CARTESIAN_POINT ( 'NONE',  ( -7.748297894736841940, 1.449999999999999956, 12.31709684210526490 ) ) ;
#2537 = VERTEX_POINT ( 'NONE', #6584 ) ;
#2538 = EDGE_CURVE ( 'NONE', #2594, #2748, #3591, .T. ) ;
#2539 = ORIENTED_EDGE ( 'NONE', *, *, #1329, .F. ) ;
#2540 = CARTESIAN_POINT ( 'NONE',  ( 0.0000000000000000000, -3.419999999999999929, 0.0000000000000000000 ) ) ;
#2541 = CARTESIAN_POINT ( 'NONE',  ( -27.77769789473684270, -3.419999999999999929, -26.67090315789473465 ) ) ;
#2542 = PLANE ( 'NONE',  #2470 ) ;
#2543 = DIRECTION ( 'NONE',  ( 0.0000000000000000000, -0.0000000000000000000, 1.000000000000000000 ) ) ;
#2544 = VECTOR ( 'NONE', #5126, 1000.000000000000000 ) ;
#2545 = VECTOR ( 'NONE', #1052, 1000.000000000000000 ) ;
#2546 = CARTESIAN_POINT ( 'NONE',  ( -22.53007446102909128, 15.15000000000000036, -30.25780315789473107 ) ) ;
#2547 = MANIFOLD_SOLID_BREP ( 'Boss-Extrude3[8]', #1952 ) ;
#2548 = DATE_TIME_ROLE ( 'classification_date' ) ;
#2549 = CARTESIAN_POINT ( 'NONE',  ( 40.13420210526315657, 1.449999999999999956, 24.49029684210526270 ) ) ;
#2550 = VECTOR ( 'NONE', #5580, 1000.000000000000000 ) ;
#2551 = AXIS2_PLACEMENT_3D ( 'NONE', #6610, #1533, #5079 ) ;
#2552 = VECTOR ( 'NONE', #3247, 1000.000000000000000 ) ;
#2553 = CARTESIAN_POINT ( 'NONE',  ( 20.56320210526315861, 9.950000000000001066, -18.63990315789473584 ) ) ;
#2554 = LINE ( 'NONE', #4564, #6482 ) ;
#2555 = CARTESIAN_POINT ( 'NONE',  ( -30.53007446102908062, 15.15000000000000036, 29.74219684210526182 ) ) ;
#2556 = FACE_OUTER_BOUND ( 'NONE', #4689, .T. ) ;
#2557 = EDGE_CURVE ( 'NONE', #377, #4675, #1006, .T. ) ;
#2558 = CARTESIAN_POINT ( 'NONE',  ( -0.2166978947368418673, 4.869999999999999218, -2.289003157894735185 ) ) ;
#2559 = ORIENTED_EDGE ( 'NONE', *, *, #3693, .T. ) ;
#2560 = VECTOR ( 'NONE', #1958, 1000.000000000000000 ) ;
#2561 = ORIENTED_EDGE ( 'NONE', *, *, #3951, .F. ) ;
#2562 = LINE ( 'NONE', #1237, #1176 ) ;
#2563 = AXIS2_PLACEMENT_3D ( 'NONE', #5806, #3252, #161 ) ;
#2564 = ORIENTED_EDGE ( 'NONE', *, *, #722, .F. ) ;
#2565 = LINE ( 'NONE', #739, #1184 ) ;
#2566 = PLANE ( 'NONE',  #2866 ) ;
#2567 = FACE_OUTER_BOUND ( 'NONE', #5555, .T. ) ;
#2569 = VERTEX_POINT ( 'NONE', #6084 ) ;
#2568 = CARTESIAN_POINT ( 'NONE',  ( -40.77399789473683711, 10.69999999999999929, -23.49190315789473260 ) ) ;
#2570 = DIRECTION ( 'NONE',  ( 0.0000000000000000000, 0.0000000000000000000, -1.000000000000000000 ) ) ;
#2571 = CARTESIAN_POINT ( 'NONE',  ( -0.7626978947368412420, 4.869999999999999218, 12.31709684210526490 ) ) ;
#2572 = CARTESIAN_POINT ( 'NONE',  ( -27.89007446102908361, 15.15000000000000036, -30.25780315789473107 ) ) ;
#2573 = CARTESIAN_POINT ( 'NONE',  ( -19.86499789473684174, 1.449999999999999956, -24.05770315789473557 ) ) ;
#2574 = ORIENTED_EDGE ( 'NONE', *, *, #4463, .T. ) ;
#2575 = FACE_OUTER_BOUND ( 'NONE', #5950, .T. ) ;
#2576 = CARTESIAN_POINT ( 'NONE',  ( -27.77769789473684270, -3.419999999999999929, -29.20810315789473322 ) ) ;
#2577 = ORIENTED_EDGE ( 'NONE', *, *, #1706, .F. ) ;
#2578 = DIRECTION ( 'NONE',  ( -0.0000000000000000000, -1.000000000000000000, -0.0000000000000000000 ) ) ;
#2579 = DIRECTION ( 'NONE',  ( 1.000000000000000000, 0.0000000000000000000, 0.0000000000000000000 ) ) ;
#2580 = CARTESIAN_POINT ( 'NONE',  ( 22.22590210526316312, 4.869999999999999218, 24.49029684210526270 ) ) ;
#2581 = DIRECTION ( 'NONE',  ( -1.000000000000000000, -0.0000000000000000000, -0.0000000000000000000 ) ) ;
#2582 = DIRECTION ( 'NONE',  ( 0.0000000000000000000, -0.0000000000000000000, 1.000000000000000000 ) ) ;
#2583 = ORIENTED_EDGE ( 'NONE', *, *, #5303, .F. ) ;
#2584 = LINE ( 'NONE', #2007, #5317 ) ;
#2585 = EDGE_CURVE ( 'NONE', #5686, #4063, #837, .T. ) ;
#2586 = CARTESIAN_POINT ( 'NONE',  ( 0.0000000000000000000, -3.419999999999999929, 0.0000000000000000000 ) ) ;
#2587 = VERTEX_POINT ( 'NONE', #2502 ) ;
#2588 = PLANE ( 'NONE',  #103 ) ;
#2589 = LINE ( 'NONE', #2199, #3231 ) ;
#2590 = CARTESIAN_POINT ( 'NONE',  ( -48.66899789473684734, 1.449999999999999956, 16.02419684210526540 ) ) ;
#2591 = CARTESIAN_POINT ( 'NONE',  ( 12.31920210526315884, 1.449999999999999956, 7.877096842105264507 ) ) ;
#2592 = LINE ( 'NONE', #4192, #5155 ) ;
#2593 = EDGE_CURVE ( 'NONE', #929, #3994, #6166, .T. ) ;
#2594 = VERTEX_POINT ( 'NONE', #4045 ) ;
#2595 = ORIENTED_EDGE ( 'NONE', *, *, #673, .F. ) ;
#2596 = AXIS2_PLACEMENT_3D ( 'NONE', #2191, #5775, #2715 ) ;
#2597 = MANIFOLD_SOLID_BREP ( 'Boss-Extrude3[12]', #5971 ) ;
#2598 = ADVANCED_FACE ( 'NONE', ( #5992 ), #1990, .F. ) ;
#2599 = DIRECTION ( 'NONE',  ( 1.000000000000000000, 0.0000000000000000000, 0.0000000000000000000 ) ) ;
#2600 = CARTESIAN_POINT ( 'NONE',  ( -5.932097894736841681, -3.419999999999999929, -29.20810315789473322 ) ) ;
#2601 = LINE ( 'NONE', #5374, #4116 ) ;
#2602 = DIRECTION ( 'NONE',  ( -1.000000000000000000, -0.0000000000000000000, -0.0000000000000000000 ) ) ;
#2603 = ORIENTED_EDGE ( 'NONE', *, *, #1993, .T. ) ;
#2604 = VECTOR ( 'NONE', #2578, 1000.000000000000000 ) ;
#2605 = DIRECTION ( 'NONE',  ( -0.0000000000000000000, -1.000000000000000000, -0.0000000000000000000 ) ) ;
#2606 = ORIENTED_EDGE ( 'NONE', *, *, #6611, .F. ) ;
#2607 = VECTOR ( 'NONE', #3679, 1000.000000000000000 ) ;
#2608 = EDGE_CURVE ( 'NONE', #346, #2455, #2061, .T. ) ;
#2609 = DIRECTION ( 'NONE',  ( 1.000000000000000000, 0.0000000000000000000, 0.0000000000000000000 ) ) ;
#2610 = DIRECTION ( 'NONE',  ( 1.000000000000000000, 0.0000000000000000000, -0.0000000000000000000 ) ) ;
#2611 = DIRECTION ( 'NONE',  ( 0.0000000000000000000, 0.0000000000000000000, 1.000000000000000000 ) ) ;
#2612 = EDGE_LOOP ( 'NONE', ( #2528, #4586, #4829, #6471 ) ) ;
#2613 = VERTEX_POINT ( 'NONE', #3544 ) ;
#2614 = DIRECTION ( 'NONE',  ( 0.0000000000000000000, 1.000000000000000000, 0.0000000000000000000 ) ) ;
#2615 = DATE_AND_TIME ( #3974, #5354 ) ;
#2616 = CARTESIAN_POINT ( 'NONE',  ( -12.24459789473684168, 4.869999999999999218, -21.52050315789473700 ) ) ;
#2617 = ORIENTED_EDGE ( 'NONE', *, *, #5270, .T. ) ;
#2618 = VERTEX_POINT ( 'NONE', #459 ) ;
#2619 = EDGE_CURVE ( 'NONE', #4798, #4680, #4617, .T. ) ;
#2620 = CARTESIAN_POINT ( 'NONE',  ( 19.44440210526315838, 0.0000000000000000000, 18.99739684210526391 ) ) ;
#2621 = VECTOR ( 'NONE', #5049, 1000.000000000000000 ) ;
#2622 = CARTESIAN_POINT ( 'NONE',  ( 0.0000000000000000000, 9.950000000000001066, 0.0000000000000000000 ) ) ;
#2623 = AXIS2_PLACEMENT_3D ( 'NONE', #2845, #3359, #262 ) ;
#2624 = VECTOR ( 'NONE', #5387, 1000.000000000000000 ) ;
#2625 = ORIENTED_EDGE ( 'NONE', *, *, #6306, .F. ) ;
#2626 = ADVANCED_FACE ( 'NONE', ( #1885 ), #2010, .F. ) ;
#2627 = ADVANCED_FACE ( 'NONE', ( #5838 ), #3048, .F. ) ;
#2628 = LINE ( 'NONE', #2518, #3660 ) ;
#2629 = LINE ( 'NONE', #5647, #1243 ) ;
#2630 = LINE ( 'NONE', #6189, #1080 ) ;
#2631 = VERTEX_POINT ( 'NONE', #6651 ) ;
#2632 = CARTESIAN_POINT ( 'NONE',  ( -0.8769978947368413102, -3.419999999999999929, 18.99739684210526391 ) ) ;
#2633 = CARTESIAN_POINT ( 'NONE',  ( -13.27599789473684133, 5.153130887489396628, 35.04339684210526684 ) ) ;
#2634 = LINE ( 'NONE', #5143, #4866 ) ;
#2635 = EDGE_LOOP ( 'NONE', ( #42, #5122, #1108, #5699 ) ) ;
#2636 = LINE ( 'NONE', #380, #3993 ) ;
#2637 = VERTEX_POINT ( 'NONE', #990 ) ;
#2638 = VECTOR ( 'NONE', #976, 1000.000000000000000 ) ;
#2639 = ORIENTED_EDGE ( 'NONE', *, *, #1046, .F. ) ;
#2640 = DIRECTION ( 'NONE',  ( 0.0000000000000000000, 1.000000000000000000, 0.0000000000000000000 ) ) ;
#2641 = FACE_OUTER_BOUND ( 'NONE', #5202, .T. ) ;
#2642 = ORIENTED_EDGE ( 'NONE', *, *, #1721, .T. ) ;
#2643 = VECTOR ( 'NONE', #1577, 1000.000000000000000 ) ;
#2644 = EDGE_CURVE ( 'NONE', #5837, #732, #3756, .T. ) ;
#2645 = CARTESIAN_POINT ( 'NONE',  ( 15.63400210526316059, 4.869999999999999218, -24.05770315789473557 ) ) ;
#2646 = VERTEX_POINT ( 'NONE', #5120 ) ;
#2647 = CARTESIAN_POINT ( 'NONE',  ( 0.0000000000000000000, 4.869999999999999218, 0.0000000000000000000 ) ) ;
#2648 = VERTEX_POINT ( 'NONE', #968 ) ;
#2649 = LINE ( 'NONE', #3498, #3852 ) ;
#2650 = CARTESIAN_POINT ( 'NONE',  ( 51.01900210526315504, 1.449999999999999956, -30.38780315789473718 ) ) ;
#2651 = VERTEX_POINT ( 'NONE', #2573 ) ;
#2652 = EDGE_LOOP ( 'NONE', ( #2680, #2980, #6606, #5871 ) ) ;
#2653 = DIRECTION ( 'NONE',  ( -1.000000000000000000, -0.0000000000000000000, -0.0000000000000000000 ) ) ;
#2654 = PLANE ( 'NONE',  #1504 ) ;
#2655 = CARTESIAN_POINT ( 'NONE',  ( 37.25100210526315436, -3.419999999999999929, -26.67090315789473465 ) ) ;
#2656 = DIRECTION ( 'NONE',  ( -0.0000000000000000000, -0.0000000000000000000, 1.000000000000000000 ) ) ;
#2657 = DIRECTION ( 'NONE',  ( 0.0000000000000000000, 0.0000000000000000000, -1.000000000000000000 ) ) ;
#2658 = VERTEX_POINT ( 'NONE', #6151 ) ;
#2659 = CARTESIAN_POINT ( 'NONE',  ( 47.41190210526315241, 0.0000000000000000000, -29.21190315789473502 ) ) ;
#2660 = AXIS2_PLACEMENT_3D ( 'NONE', #3599, #1025, #2185 ) ;
#2661 = ADVANCED_FACE ( 'NONE', ( #1731 ), #3070, .F. ) ;
#2662 = ADVANCED_FACE ( 'NONE', ( #4450 ), #4603, .F. ) ;
#2663 = LINE ( 'NONE', #4934, #5232 ) ;
#2664 = CARTESIAN_POINT ( 'NONE',  ( 5.473402105263158290, 1.449999999999999956, -24.05770315789473557 ) ) ;
#2665 = EDGE_CURVE ( 'NONE', #3210, #708, #357, .T. ) ;
#2666 = EDGE_LOOP ( 'NONE', ( #1803, #2175, #96, #5694 ) ) ;
#2667 = CARTESIAN_POINT ( 'NONE',  ( -18.62029789473684005, -3.419999999999999929, 19.00249684210526624 ) ) ;
#2668 = CARTESIAN_POINT ( 'NONE',  ( 5.473402105263158290, 1.449999999999999956, -21.52050315789473700 ) ) ;
#2669 = VECTOR ( 'NONE', #5963, 1000.000000000000000 ) ;
#2670 = PLANE ( 'NONE',  #1202 ) ;
#2671 = EDGE_CURVE ( 'NONE', #3212, #3369, #5685, .T. ) ;
#2672 = ORIENTED_EDGE ( 'NONE', *, *, #2538, .T. ) ;
#2673 = VERTEX_POINT ( 'NONE', #524 ) ;
#2674 = DIRECTION ( 'NONE',  ( 0.0000000000000000000, 0.0000000000000000000, 1.000000000000000000 ) ) ;
#2675 = VECTOR ( 'NONE', #328, 1000.000000000000000 ) ;
#2676 = DIRECTION ( 'NONE',  ( -1.000000000000000000, -0.0000000000000000000, -0.0000000000000000000 ) ) ;
#2677 = CARTESIAN_POINT ( 'NONE',  ( 12.31920210526315884, 4.869999999999999218, 7.877096842105264507 ) ) ;
#2678 = PLANE ( 'NONE',  #6131 ) ;
#2679 = DIRECTION ( 'NONE',  ( 0.0000000000000000000, 1.000000000000000000, 0.0000000000000000000 ) ) ;
#2680 = ORIENTED_EDGE ( 'NONE', *, *, #4364, .T. ) ;
#2681 = DIRECTION ( 'NONE',  ( -1.000000000000000000, -0.0000000000000000000, -0.0000000000000000000 ) ) ;
#2682 = DIRECTION ( 'NONE',  ( -0.0000000000000000000, -1.000000000000000000, -0.0000000000000000000 ) ) ;
#2683 = VERTEX_POINT ( 'NONE', #4133 ) ;
#2684 = SECURITY_CLASSIFICATION ( '', '', #2011 ) ;
#2685 = EDGE_CURVE ( 'NONE', #6186, #3395, #4319, .T. ) ;
#2686 = VERTEX_POINT ( 'NONE', #1549 ) ;
#2687 = VECTOR ( 'NONE', #2952, 1000.000000000000000 ) ;
#2688 = CARTESIAN_POINT ( 'NONE',  ( 0.0000000000000000000, 1.449999999999999956, 0.0000000000000000000 ) ) ;
#2689 = PLANE ( 'NONE',  #2660 ) ;
#2690 = CARTESIAN_POINT ( 'NONE',  ( -27.77769789473684270, -3.419999999999999929, -29.20810315789473322 ) ) ;
#2691 = PLANE ( 'NONE',  #6012 ) ;
#2692 = CARTESIAN_POINT ( 'NONE',  ( 47.41190210526315241, -3.419999999999999929, 16.43479684210526415 ) ) ;
#2693 = VERTEX_POINT ( 'NONE', #5684 ) ;
#2694 = EDGE_LOOP ( 'NONE', ( #4089, #424, #104, #6121 ) ) ;
#2695 = ORIENTED_EDGE ( 'NONE', *, *, #2501, .T. ) ;
#2696 = DIRECTION ( 'NONE',  ( -0.0000000000000000000, 0.0000000000000000000, 1.000000000000000000 ) ) ;
#2697 = ADVANCED_FACE ( 'NONE', ( #2794 ), #44, .T. ) ;
#2698 = ADVANCED_FACE ( 'NONE', ( #199 ), #30, .F. ) ;
#2699 = CARTESIAN_POINT ( 'NONE',  ( 22.22590210526316312, 1.449999999999999956, 24.49029684210526270 ) ) ;
#2700 = CARTESIAN_POINT ( 'NONE',  ( -0.9658978947368410672, 1.449999999999999956, -14.93160315789473458 ) ) ;
#2701 = DIRECTION ( 'NONE',  ( -1.000000000000000000, 0.0000000000000000000, -0.0000000000000000000 ) ) ;
#2702 = ORIENTED_EDGE ( 'NONE', *, *, #1404, .T. ) ;
#2703 = VERTEX_POINT ( 'NONE', #547 ) ;
#2704 = DIRECTION ( 'NONE',  ( -1.000000000000000000, -0.0000000000000000000, -0.0000000000000000000 ) ) ;
#2705 = DIRECTION ( 'NONE',  ( 0.0000000000000000000, 0.0000000000000000000, 1.000000000000000000 ) ) ;
#2706 = CARTESIAN_POINT ( 'NONE',  ( -29.53007446102908062, 6.627966397586102509, 29.74219684210526182 ) ) ;
#2707 = LINE ( 'NONE', #2448, #3897 ) ;
#2708 = EDGE_CURVE ( 'NONE', #4903, #3245, #5521, .T. ) ;
#2709 = ORIENTED_EDGE ( 'NONE', *, *, #1029, .F. ) ;
#2710 = LINE ( 'NONE', #1555, #2544 ) ;
#2711 = DIRECTION ( 'NONE',  ( 0.0000000000000000000, -0.0000000000000000000, -1.000000000000000000 ) ) ;
#2712 = VECTOR ( 'NONE', #3623, 1000.000000000000000 ) ;
#2713 = CARTESIAN_POINT ( 'NONE',  ( 12.31920210526315884, 4.869999999999999218, 12.31709684210526490 ) ) ;
#2714 = EDGE_LOOP ( 'NONE', ( #1741, #843, #3023, #623 ) ) ;
#2715 = DIRECTION ( 'NONE',  ( 0.0000000000000000000, 0.0000000000000000000, -1.000000000000000000 ) ) ;
#2716 = ADVANCED_FACE ( 'NONE', ( #1395 ), #5707, .F. ) ;
#2717 = AXIS2_PLACEMENT_3D ( 'NONE', #279, #2366, #5953 ) ;
#2718 = EDGE_CURVE ( 'NONE', #5839, #4965, #1247, .T. ) ;
#2719 = LINE ( 'NONE', #4286, #4076 ) ;
#2720 = VECTOR ( 'NONE', #3596, 1000.000000000000000 ) ;
#2721 = VECTOR ( 'NONE', #6458, 1000.000000000000000 ) ;
#2722 = CARTESIAN_POINT ( 'NONE',  ( 47.41190210526315241, 9.950000000000001066, -29.21190315789473502 ) ) ;
#2723 = VERTEX_POINT ( 'NONE', #3542 ) ;
#2724 = VECTOR ( 'NONE', #2422, 1000.000000000000000 ) ;
#2725 = CARTESIAN_POINT ( 'NONE',  ( 0.9010021052631582705, 4.869999999999999218, 21.83899684210526360 ) ) ;
#2726 = EDGE_LOOP ( 'NONE', ( #669, #4640, #4945, #789 ) ) ;
#2727 = LINE ( 'NONE', #6364, #6654 ) ;
#2728 = CARTESIAN_POINT ( 'NONE',  ( -11.34279789473684019, 1.449999999999999956, 29.14339684210526471 ) ) ;
#2730 = DIRECTION ( 'NONE',  ( -0.0000000000000000000, -0.0000000000000000000, -1.000000000000000000 ) ) ;
#2729 = DIRECTION ( 'NONE',  ( -0.3162277660168339999, 0.9486832980505151003, 0.0000000000000000000 ) ) ;
#2731 = ORIENTED_EDGE ( 'NONE', *, *, #3482, .F. ) ;
#2732 = FACE_OUTER_BOUND ( 'NONE', #4165, .T. ) ;
#2733 = ADVANCED_FACE ( 'NONE', ( #6562 ), #4558, .F. ) ;
#2734 = ADVANCED_FACE ( 'NONE', ( #2941 ), #2542, .F. ) ;
#2735 = VERTEX_POINT ( 'NONE', #6128 ) ;
#2736 = ORIENTED_EDGE ( 'NONE', *, *, #5620, .T. ) ;
#2737 = FACE_OUTER_BOUND ( 'NONE', #4839, .T. ) ;
#2738 = ORIENTED_EDGE ( 'NONE', *, *, #1458, .T. ) ;
#2739 = EDGE_CURVE ( 'NONE', #6321, #5900, #5198, .T. ) ;
#2740 = AXIS2_PLACEMENT_3D ( 'NONE', #5118, #3611, #522 ) ;
#2741 = DIRECTION ( 'NONE',  ( 0.0000000000000000000, -1.000000000000000000, 0.0000000000000000000 ) ) ;
#2742 = ORIENTED_EDGE ( 'NONE', *, *, #1158, .F. ) ;
#2743 = EDGE_CURVE ( 'NONE', #6449, #4849, #2465, .T. ) ;
#2744 = DIRECTION ( 'NONE',  ( -1.000000000000000000, -0.0000000000000000000, -0.0000000000000000000 ) ) ;
#2745 = DIRECTION ( 'NONE',  ( 0.0000000000000000000, 0.0000000000000000000, 1.000000000000000000 ) ) ;
#2746 = LINE ( 'NONE', #4043, #1341 ) ;
#2747 = ADVANCED_FACE ( 'NONE', ( #3668 ), #6626, .T. ) ;
#2748 = VERTEX_POINT ( 'NONE', #2572 ) ;
#2749 = AXIS2_PLACEMENT_3D ( 'NONE', #4584, #1044, #5243 ) ;
#2750 = LINE ( 'NONE', #5784, #2895 ) ;
#2751 = VECTOR ( 'NONE', #562, 1000.000000000000000 ) ;
#2752 = ORIENTED_EDGE ( 'NONE', *, *, #5463, .T. ) ;
#2753 = DIRECTION ( 'NONE',  ( -0.0000000000000000000, -1.000000000000000000, -0.0000000000000000000 ) ) ;
#2754 = VECTOR ( 'NONE', #1223, 1000.000000000000000 ) ;
#2755 = DIRECTION ( 'NONE',  ( -1.000000000000000000, 0.0000000000000000000, -0.0000000000000000000 ) ) ;
#2756 = ADVANCED_FACE ( 'NONE', ( #5028 ), #4110, .T. ) ;
#2757 = VERTEX_POINT ( 'NONE', #3589 ) ;
#2758 = VERTEX_POINT ( 'NONE', #2058 ) ;
#2759 = VECTOR ( 'NONE', #466, 1000.000000000000000 ) ;
#2760 = EDGE_CURVE ( 'NONE', #732, #820, #2634, .T. ) ;
#2761 = DIRECTION ( 'NONE',  ( -1.000000000000000000, 0.0000000000000000000, -0.0000000000000000000 ) ) ;
#2762 = CARTESIAN_POINT ( 'NONE',  ( -15.02599789473684133, 5.153130887489396628, 35.04339684210526684 ) ) ;
#2763 = PLANE ( 'NONE',  #6191 ) ;
#2764 = DIRECTION ( 'NONE',  ( -0.0000000000000000000, -1.000000000000000000, -0.0000000000000000000 ) ) ;
#2765 = DIRECTION ( 'NONE',  ( 1.000000000000000000, 0.0000000000000000000, 0.0000000000000000000 ) ) ;
#2766 = ORIENTED_EDGE ( 'NONE', *, *, #5166, .T. ) ;
#2767 = FACE_OUTER_BOUND ( 'NONE', #1850, .T. ) ;
#2768 = ORIENTED_EDGE ( 'NONE', *, *, #5881, .T. ) ;
#2769 = EDGE_CURVE ( 'NONE', #4340, #3734, #1086, .T. ) ;
#2770 = EDGE_CURVE ( 'NONE', #6379, #2826, #3506, .T. ) ;
#2771 = ORIENTED_EDGE ( 'NONE', *, *, #6496, .T. ) ;
#2772 = ORIENTED_EDGE ( 'NONE', *, *, #2858, .T. ) ;
#2773 = AXIS2_PLACEMENT_3D ( 'NONE', #5977, #6508, #3421 ) ;
#2774 = DIRECTION ( 'NONE',  ( -0.0000000000000000000, -1.000000000000000000, -0.0000000000000000000 ) ) ;
#2775 = ADVANCED_FACE ( 'NONE', ( #2309 ), #5164, .F. ) ;
#2776 = APPROVAL_DATE_TIME ( #4138, #6259 ) ;
#2777 = ORIENTED_EDGE ( 'NONE', *, *, #3485, .F. ) ;
#2778 = PLANE ( 'NONE',  #1123 ) ;
#2779 = ORIENTED_EDGE ( 'NONE', *, *, #1587, .F. ) ;
#2780 = FACE_OUTER_BOUND ( 'NONE', #3144, .T. ) ;
#2781 = DIRECTION ( 'NONE',  ( 0.0000000000000000000, 0.0000000000000000000, 1.000000000000000000 ) ) ;
#2782 = PLANE ( 'NONE',  #2902 ) ;
#2783 = FACE_OUTER_BOUND ( 'NONE', #6004, .T. ) ;
#2784 = CARTESIAN_POINT ( 'NONE',  ( 38.47040210526316173, 1.449999999999999956, -26.74700315789473493 ) ) ;
#2786 = CARTESIAN_POINT ( 'NONE',  ( -50.58859789473683577, 1.449999999999999956, 29.74219684210526182 ) ) ;
#2785 = DIRECTION ( 'NONE',  ( 0.0000000000000000000, 1.000000000000000000, 0.0000000000000000000 ) ) ;
#2787 = AXIS2_PLACEMENT_3D ( 'NONE', #2040, #442, #999 ) ;
#2788 = VECTOR ( 'NONE', #4220, 1000.000000000000000 ) ;
#2789 = EDGE_CURVE ( 'NONE', #587, #5569, #915, .T. ) ;
#2790 = LINE ( 'NONE', #1915, #1391 ) ;
#2791 = FACE_OUTER_BOUND ( 'NONE', #4216, .T. ) ;
#2792 = ADVANCED_FACE ( 'NONE', ( #4705 ), #29, .F. ) ;
#2793 = VERTEX_POINT ( 'NONE', #523 ) ;
#2794 = FACE_OUTER_BOUND ( 'NONE', #664, .T. ) ;
#2795 = ORIENTED_EDGE ( 'NONE', *, *, #5240, .T. ) ;
#2796 = LINE ( 'NONE', #5493, #5369 ) ;
#2797 = LINE ( 'NONE', #2706, #4518 ) ;
#2798 = EDGE_CURVE ( 'NONE', #5816, #5839, #6076, .T. ) ;
#2799 = EDGE_CURVE ( 'NONE', #5844, #2673, #3341, .T. ) ;
#2800 = ORIENTED_EDGE ( 'NONE', *, *, #4078, .T. ) ;
#2801 = AXIS2_PLACEMENT_3D ( 'NONE', #5715, #5228, #2143 ) ;
#2802 = FACE_OUTER_BOUND ( 'NONE', #5338, .T. ) ;
#2803 = VERTEX_POINT ( 'NONE', #3651 ) ;
#2804 = LINE ( 'NONE', #2632, #2643 ) ;
#2805 = ORIENTED_EDGE ( 'NONE', *, *, #1026, .F. ) ;
#2806 = VERTEX_POINT ( 'NONE', #1578 ) ;
#2807 = CARTESIAN_POINT ( 'NONE',  ( 5.473402105263158290, 4.869999999999999218, -24.05770315789473557 ) ) ;
#2808 = EDGE_CURVE ( 'NONE', #368, #2537, #601, .T. ) ;
#2809 = LINE ( 'NONE', #2958, #61 ) ;
#2810 = CARTESIAN_POINT ( 'NONE',  ( 22.67050210526316079, 4.869999999999999218, -16.58590315789473379 ) ) ;
#2811 = CARTESIAN_POINT ( 'NONE',  ( 15.97710210526315855, 1.449999999999999956, 24.49029684210526270 ) ) ;
#2812 = AXIS2_PLACEMENT_3D ( 'NONE', #3348, #3367, #274 ) ;
#2814 = CARTESIAN_POINT ( 'NONE',  ( -24.17007446102908474, 6.627966397586102509, -30.25780315789473107 ) ) ;
#2813 = CARTESIAN_POINT ( 'NONE',  ( -29.99052042804536811, 5.899999999999999467, -13.22146305049674275 ) ) ;
#2815 = EDGE_CURVE ( 'NONE', #3758, #2806, #3220, .T. ) ;
#2816 = EDGE_LOOP ( 'NONE', ( #5104, #3879, #3279, #5661 ) ) ;
#2817 = ADVANCED_FACE ( 'NONE', ( #5790 ), #59, .F. ) ;
#2818 = VERTEX_POINT ( 'NONE', #2128 ) ;
#2819 = ORIENTED_EDGE ( 'NONE', *, *, #4041, .T. ) ;
#2820 = LINE ( 'NONE', #3894, #72 ) ;
#2821 = PLANE ( 'NONE',  #726 ) ;
#2822 = VERTEX_POINT ( 'NONE', #3682 ) ;
#2823 = ADVANCED_FACE ( 'NONE', ( #3056 ), #591, .F. ) ;
#2824 = LINE ( 'NONE', #1286, #5557 ) ;
#2825 = CARTESIAN_POINT ( 'NONE',  ( -19.69649789473684010, 1.449999999999999956, -4.203603157894734821 ) ) ;
#2826 = VERTEX_POINT ( 'NONE', #3158 ) ;
#2827 = EDGE_LOOP ( 'NONE', ( #1246, #1744, #4038, #4892 ) ) ;
#2828 = CARTESIAN_POINT ( 'NONE',  ( 0.9010021052631582705, 4.869999999999999218, 21.83899684210526360 ) ) ;
#2829 = FACE_OUTER_BOUND ( 'NONE', #5610, .T. ) ;
#2830 = EDGE_CURVE ( 'NONE', #5304, #4370, #476, .T. ) ;
#2831 = ORIENTED_EDGE ( 'NONE', *, *, #2438, .T. ) ;
#2832 = VERTEX_POINT ( 'NONE', #3179 ) ;
#2833 = EDGE_LOOP ( 'NONE', ( #2489, #6065, #6232, #319 ) ) ;
#2834 = AXIS2_PLACEMENT_3D ( 'NONE', #3490, #1944, #5566 ) ;
#2835 = PLANE ( 'NONE',  #2110 ) ;
#2836 = EDGE_LOOP ( 'NONE', ( #2987, #1413, #5057, #5930 ) ) ;
#2837 = ADVANCED_FACE ( 'NONE', ( #306 ), #95, .T. ) ;
#2838 = LINE ( 'NONE', #678, #4358 ) ;
#2839 = EDGE_CURVE ( 'NONE', #4850, #6642, #5634, .T. ) ;
#2840 = PLANE ( 'NONE',  #3408 ) ;
#2841 = CARTESIAN_POINT ( 'NONE',  ( 19.52050210526315865, 1.449999999999999956, -2.263803157894734852 ) ) ;
#2842 = ORIENTED_EDGE ( 'NONE', *, *, #1658, .F. ) ;
#2843 = ORIENTED_EDGE ( 'NONE', *, *, #5731, .T. ) ;
#2844 = EDGE_LOOP ( 'NONE', ( #3456, #2296, #2331, #1631 ) ) ;
#2845 = CARTESIAN_POINT ( 'NONE',  ( 22.67050210526316079, 4.869999999999999218, -16.58590315789473379 ) ) ;
#2846 = CARTESIAN_POINT ( 'NONE',  ( -19.69649789473684010, 9.950000000000001066, -6.360203157894734005 ) ) ;
#2847 = ORIENTED_EDGE ( 'NONE', *, *, #3872, .F. ) ;
#2848 = ORIENTED_EDGE ( 'NONE', *, *, #6260, .F. ) ;
#2849 = ADVANCED_FACE ( 'NONE', ( #4275 ), #1137, .F. ) ;
#2850 = EDGE_CURVE ( 'NONE', #3287, #5129, #1513, .T. ) ;
#2851 = DIRECTION ( 'NONE',  ( 0.0000000000000000000, -0.0000000000000000000, -1.000000000000000000 ) ) ;
#2852 = VECTOR ( 'NONE', #5504, 1000.000000000000000 ) ;
#2853 = DIRECTION ( 'NONE',  ( 0.0000000000000000000, 0.0000000000000000000, -1.000000000000000000 ) ) ;
#2854 = ORIENTED_EDGE ( 'NONE', *, *, #4877, .T. ) ;
#2855 = LINE ( 'NONE', #4697, #115 ) ;
#2856 = VECTOR ( 'NONE', #6307, 1000.000000000000000 ) ;
#2857 = DIRECTION ( 'NONE',  ( 1.000000000000000000, 0.0000000000000000000, 0.0000000000000000000 ) ) ;
#2858 = EDGE_CURVE ( 'NONE', #3522, #2212, #4569, .T. ) ;
#2859 = ORIENTED_EDGE ( 'NONE', *, *, #6420, .T. ) ;
#2860 = DIRECTION ( 'NONE',  ( 0.0000000000000000000, -0.0000000000000000000, 1.000000000000000000 ) ) ;
#2861 = CARTESIAN_POINT ( 'NONE',  ( -7.951497894736839989, 4.869999999999999218, -14.93160315789473458 ) ) ;
#2862 = VECTOR ( 'NONE', #1682, 1000.000000000000000 ) ;
#2863 = FACE_OUTER_BOUND ( 'NONE', #3592, .T. ) ;
#2864 = PLANE ( 'NONE',  #3991 ) ;
#2865 = CARTESIAN_POINT ( 'NONE',  ( 26.11240210526315764, 4.869999999999999218, -6.285103157894734949 ) ) ;
#2866 = AXIS2_PLACEMENT_3D ( 'NONE', #6103, #3722, #1598 ) ;
#2867 = ORIENTED_EDGE ( 'NONE', *, *, #4726, .F. ) ;
#2868 = ADVANCED_FACE ( 'NONE', ( #4107 ), #4750, .F. ) ;
#2869 = VECTOR ( 'NONE', #1371, 1000.000000000000000 ) ;
#2870 = EDGE_LOOP ( 'NONE', ( #2347, #3333, #3515, #5660 ) ) ;
#2871 = AXIS2_PLACEMENT_3D ( 'NONE', #2655, #3156, #76 ) ;
#2872 = CARTESIAN_POINT ( 'NONE',  ( 5.473402105263158290, 4.869999999999999218, -21.52050315789473700 ) ) ;
#2873 = LINE ( 'NONE', #4313, #3918 ) ;
#2874 = ORIENTED_EDGE ( 'NONE', *, *, #1438, .F. ) ;
#2875 = DIRECTION ( 'NONE',  ( 1.000000000000000000, 0.0000000000000000000, 0.0000000000000000000 ) ) ;
#2876 = VECTOR ( 'NONE', #2609, 1000.000000000000000 ) ;
#2877 = EDGE_CURVE ( 'NONE', #3082, #62, #2750, .T. ) ;
#2878 = ORIENTED_EDGE ( 'NONE', *, *, #1951, .F. ) ;
#2879 = DIRECTION ( 'NONE',  ( 0.0000000000000000000, 0.0000000000000000000, -1.000000000000000000 ) ) ;
#2880 = VERTEX_POINT ( 'NONE', #3228 ) ;
#2881 = ADVANCED_FACE ( 'NONE', ( #5322 ), #3748, .F. ) ;
#2882 = LINE ( 'NONE', #5582, #5774 ) ;
#2883 = ORIENTED_EDGE ( 'NONE', *, *, #981, .F. ) ;
#2884 = CARTESIAN_POINT ( 'NONE',  ( 22.67050210526316079, 4.869999999999999218, -24.19730315789473707 ) ) ;
#2885 = CARTESIAN_POINT ( 'NONE',  ( -7.748297894736841940, 4.869999999999999218, 7.877096842105264507 ) ) ;
#2886 = CARTESIAN_POINT ( 'NONE',  ( -45.66899789473684024, 19.14999999999999858, 26.01279684210526355 ) ) ;
#2887 = EDGE_CURVE ( 'NONE', #2803, #2757, #152, .T. ) ;
#2888 = CARTESIAN_POINT ( 'NONE',  ( 12.62400210526315902, 1.449999999999999956, -10.49160315789473508 ) ) ;
#2889 = CARTESIAN_POINT ( 'NONE',  ( -26.85007446102908801, 15.15000000000000036, -30.38780315789474074 ) ) ;
#2890 = VERTEX_POINT ( 'NONE', #2728 ) ;
#2891 = LINE ( 'NONE', #1956, #5470 ) ;
#2892 = CARTESIAN_POINT ( 'NONE',  ( -29.99052042804536811, 1.449999999999999956, -4.404657554287778609 ) ) ;
#2893 = CARTESIAN_POINT ( 'NONE',  ( -10.37729789473684328, 4.869999999999999218, -2.289003157894735185 ) ) ;
#2894 = ORIENTED_EDGE ( 'NONE', *, *, #5849, .T. ) ;
#2895 = VECTOR ( 'NONE', #119, 1000.000000000000000 ) ;
#2896 = CARTESIAN_POINT ( 'NONE',  ( -29.99052042804536811, 1.449999999999999956, -13.22146305049674275 ) ) ;
#2897 = ADVANCED_FACE ( 'NONE', ( #1345 ), #2224, .F. ) ;
#2898 = LINE ( 'NONE', #6120, #5474 ) ;
#2899 = DIRECTION ( 'NONE',  ( -0.0000000000000000000, -1.000000000000000000, -0.0000000000000000000 ) ) ;
#2900 = VERTEX_POINT ( 'NONE', #1689 ) ;
#2901 = ORIENTED_EDGE ( 'NONE', *, *, #1742, .T. ) ;
#2902 = AXIS2_PLACEMENT_3D ( 'NONE', #2885, #1131, #5280 ) ;
#2903 = VERTEX_POINT ( 'NONE', #4289 ) ;
#2904 = CARTESIAN_POINT ( 'NONE',  ( 40.96200210526315999, 1.449999999999999956, 16.44869684210526373 ) ) ;
#2905 = VECTOR ( 'NONE', #4267, 1000.000000000000000 ) ;
#2906 = DIRECTION ( 'NONE',  ( 1.000000000000000000, 0.0000000000000000000, 0.0000000000000000000 ) ) ;
#2907 = DIRECTION ( 'NONE',  ( -0.0000000000000000000, -1.000000000000000000, -0.0000000000000000000 ) ) ;
#2908 = CARTESIAN_POINT ( 'NONE',  ( 0.0000000000000000000, 1.449999999999999956, 0.0000000000000000000 ) ) ;
#2909 = ORIENTED_EDGE ( 'NONE', *, *, #4715, .F. ) ;
#2910 = CLOSED_SHELL ( 'NONE', ( #2792, #4305, #3767, #4136, #4259, #4692 ) ) ;
#2911 = LINE ( 'NONE', #1935, #5801 ) ;
#2912 = DIRECTION ( 'NONE',  ( 0.0000000000000000000, -0.0000000000000000000, 1.000000000000000000 ) ) ;
#2913 = ORIENTED_EDGE ( 'NONE', *, *, #6290, .T. ) ;
#2914 = CARTESIAN_POINT ( 'NONE',  ( -21.53007446102908773, 15.15000000000000036, 29.74219684210526182 ) ) ;
#2915 = AXIS2_PLACEMENT_3D ( 'NONE', #1465, #5606, #2532 ) ;
#2916 = VECTOR ( 'NONE', #655, 1000.000000000000000 ) ;
#2917 = EDGE_CURVE ( 'NONE', #3990, #4251, #6515, .T. ) ;
#2918 = DIRECTION ( 'NONE',  ( -0.0000000000000000000, -1.000000000000000000, -0.0000000000000000000 ) ) ;
#2919 = ORIENTED_EDGE ( 'NONE', *, *, #619, .F. ) ;
#2920 = DIRECTION ( 'NONE',  ( -0.0000000000000000000, 1.000000000000000000, -0.0000000000000000000 ) ) ;
#2921 = ORIENTED_EDGE ( 'NONE', *, *, #3461, .F. ) ;
#2922 = VERTEX_POINT ( 'NONE', #5329 ) ;
#2923 = EDGE_CURVE ( 'NONE', #3655, #1987, #3785, .T. ) ;
#2924 = DIRECTION ( 'NONE',  ( 0.0000000000000000000, 0.0000000000000000000, 1.000000000000000000 ) ) ;
#2925 = APPROVAL_PERSON_ORGANIZATION ( #4301, #6259, #3548 ) ;
#2926 = DIRECTION ( 'NONE',  ( 1.000000000000000000, 0.0000000000000000000, 0.0000000000000000000 ) ) ;
#2927 = PLANE ( 'NONE',  #4148 ) ;
#2928 = ORIENTED_EDGE ( 'NONE', *, *, #6201, .T. ) ;
#2929 = LINE ( 'NONE', #4480, #4144 ) ;
#2930 = FACE_OUTER_BOUND ( 'NONE', #5156, .T. ) ;
#2931 = ORIENTED_EDGE ( 'NONE', *, *, #3819, .T. ) ;
#2932 = CARTESIAN_POINT ( 'NONE',  ( 38.47040210526316173, 1.449999999999999956, -16.59860315789473617 ) ) ;
#2933 = CARTESIAN_POINT ( 'NONE',  ( -41.77399789473683711, 10.69999999999999929, -23.49190315789473260 ) ) ;
#2934 = FACE_OUTER_BOUND ( 'NONE', #168, .T. ) ;
#2935 = EDGE_CURVE ( 'NONE', #2618, #5029, #1207, .T. ) ;
#2936 = VECTOR ( 'NONE', #2968, 1000.000000000000000 ) ;
#2937 = VECTOR ( 'NONE', #2046, 1000.000000000000000 ) ;
#2938 = AXIS2_PLACEMENT_3D ( 'NONE', #903, #5034, #1936 ) ;
#2939 = ORIENTED_EDGE ( 'NONE', *, *, #4784, .T. ) ;
#2940 = CARTESIAN_POINT ( 'NONE',  ( -16.77599789473683956, 5.153130887489396628, 29.14339684210526471 ) ) ;
#2941 = FACE_OUTER_BOUND ( 'NONE', #4721, .T. ) ;
#2942 = ORIENTED_EDGE ( 'NONE', *, *, #3987, .F. ) ;
#2943 = VECTOR ( 'NONE', #330, 1000.000000000000000 ) ;
#2944 = VECTOR ( 'NONE', #3208, 1000.000000000000000 ) ;
#2945 = MANIFOLD_SOLID_BREP ( 'Boss-Extrude3[7]', #1232 ) ;
#2946 = DIRECTION ( 'NONE',  ( -4.071149110431670071E-16, 1.000000000000000000, 0.0000000000000000000 ) ) ;
#2947 = ORIENTED_EDGE ( 'NONE', *, *, #1997, .F. ) ;
#2948 = FACE_OUTER_BOUND ( 'NONE', #3109, .T. ) ;
#2949 = ORIENTED_EDGE ( 'NONE', *, *, #6348, .T. ) ;
#2950 = DIRECTION ( 'NONE',  ( 1.000000000000000000, 0.0000000000000000000, 0.0000000000000000000 ) ) ;
#2951 = VECTOR ( 'NONE', #987, 1000.000000000000000 ) ;
#2952 = DIRECTION ( 'NONE',  ( -0.0000000000000000000, -0.0000000000000000000, -1.000000000000000000 ) ) ;
#2953 = EDGE_CURVE ( 'NONE', #896, #6297, #1036, .T. ) ;
#2954 = ORIENTED_EDGE ( 'NONE', *, *, #3858, .F. ) ;
#2955 = EDGE_LOOP ( 'NONE', ( #4867, #5002, #2089, #6173 ) ) ;
#2956 = DIRECTION ( 'NONE',  ( 4.071149110431670071E-16, -1.000000000000000000, 0.0000000000000000000 ) ) ;
#2957 = LINE ( 'NONE', #1387, #4466 ) ;
#2959 = VERTEX_POINT ( 'NONE', #4816 ) ;
#2958 = CARTESIAN_POINT ( 'NONE',  ( -29.99052042804537166, 5.899999999999999467, -20.94977404100091078 ) ) ;
#2960 = CARTESIAN_POINT ( 'NONE',  ( 42.30610210526316450, 0.0000000000000000000, 21.53459684210526248 ) ) ;
#2961 = DIRECTION ( 'NONE',  ( 0.0000000000000000000, -0.0000000000000000000, 1.000000000000000000 ) ) ;
#2962 = DIRECTION ( 'NONE',  ( -0.4472135954999561513, -0.8944271909999166326, 0.0000000000000000000 ) ) ;
#2963 = ORIENTED_EDGE ( 'NONE', *, *, #3134, .F. ) ;
#2964 = DIRECTION ( 'NONE',  ( -1.000000000000000000, 0.0000000000000000000, -0.0000000000000000000 ) ) ;
#2965 = ORIENTED_EDGE ( 'NONE', *, *, #3562, .F. ) ;
#2966 = DIRECTION ( 'NONE',  ( 0.0000000000000000000, 0.0000000000000000000, 1.000000000000000000 ) ) ;
#2967 = DIRECTION ( 'NONE',  ( 1.000000000000000000, 0.0000000000000000000, 0.0000000000000000000 ) ) ;
#2968 = DIRECTION ( 'NONE',  ( -0.0000000000000000000, -0.0000000000000000000, -1.000000000000000000 ) ) ;
#2969 = VECTOR ( 'NONE', #6439, 1000.000000000000000 ) ;
#2970 = DIRECTION ( 'NONE',  ( 0.0000000000000000000, 0.0000000000000000000, -1.000000000000000000 ) ) ;
#2971 = AXIS2_PLACEMENT_3D ( 'NONE', #5088, #4035, #6168 ) ;
#2972 = DIRECTION ( 'NONE',  ( -0.0000000000000000000, -1.000000000000000000, -0.0000000000000000000 ) ) ;
#2973 = ORIENTED_EDGE ( 'NONE', *, *, #1029, .T. ) ;
#2974 = CARTESIAN_POINT ( 'NONE',  ( 5.473402105263158290, 4.869999999999999218, -21.52050315789473700 ) ) ;
#2975 = CARTESIAN_POINT ( 'NONE',  ( -44.81679789473683684, 1.449999999999999956, -1.613203157894734119 ) ) ;
#2976 = EDGE_CURVE ( 'NONE', #2472, #4963, #6371, .T. ) ;
#2977 = VECTOR ( 'NONE', #2244, 1000.000000000000000 ) ;
#2978 = DIRECTION ( 'NONE',  ( -0.0000000000000000000, -0.0000000000000000000, 1.000000000000000000 ) ) ;
#2979 = AXIS2_PLACEMENT_3D ( 'NONE', #6242, #2674, #6272 ) ;
#2980 = ORIENTED_EDGE ( 'NONE', *, *, #4859, .F. ) ;
#2981 = ORIENTED_EDGE ( 'NONE', *, *, #4972, .T. ) ;
#2982 = DIRECTION ( 'NONE',  ( 0.0000000000000000000, 1.000000000000000000, 0.0000000000000000000 ) ) ;
#2983 = CARTESIAN_POINT ( 'NONE',  ( 15.97710210526315855, 1.449999999999999956, 28.93009684210527155 ) ) ;
#2984 = FACE_OUTER_BOUND ( 'NONE', #1362, .T. ) ;
#2985 = EDGE_LOOP ( 'NONE', ( #6241, #3607, #2114, #2246 ) ) ;
#2986 = DIRECTION ( 'NONE',  ( -0.0000000000000000000, -1.000000000000000000, -0.0000000000000000000 ) ) ;
#2987 = ORIENTED_EDGE ( 'NONE', *, *, #6501, .F. ) ;
#2988 = DIRECTION ( 'NONE',  ( -1.000000000000000000, -0.0000000000000000000, -0.0000000000000000000 ) ) ;
#2989 = CARTESIAN_POINT ( 'NONE',  ( 19.44440210526315838, -3.419999999999999929, 21.53459684210526248 ) ) ;
#2990 = EDGE_LOOP ( 'NONE', ( #1118, #561, #3073, #5962 ) ) ;
#2991 = LINE ( 'NONE', #2974, #248 ) ;
#2992 = CARTESIAN_POINT ( 'NONE',  ( 20.56320210526315861, 9.950000000000001066, -18.63990315789473584 ) ) ;
#2993 = EDGE_CURVE ( 'NONE', #346, #6379, #3620, .T. ) ;
#2994 = CARTESIAN_POINT ( 'NONE',  ( -29.99052042804536811, 1.449999999999999956, 3.323653436216390755 ) ) ;
#2995 = DIRECTION ( 'NONE',  ( -0.0000000000000000000, -1.000000000000000000, -0.0000000000000000000 ) ) ;
#2996 = ORIENTED_EDGE ( 'NONE', *, *, #4352, .T. ) ;
#2997 = EDGE_LOOP ( 'NONE', ( #1412, #318, #125, #3776 ) ) ;
#2998 = CLOSED_SHELL ( 'NONE', ( #2082, #5960, #1675, #1227, #1596, #4924 ) ) ;
#2999 = EDGE_CURVE ( 'NONE', #2922, #4251, #870, .T. ) ;
#3000 = DIRECTION ( 'NONE',  ( -1.000000000000000000, -0.0000000000000000000, -0.0000000000000000000 ) ) ;
#3001 = DIRECTION ( 'NONE',  ( 0.0000000000000000000, -0.0000000000000000000, 1.000000000000000000 ) ) ;
#3002 = CARTESIAN_POINT ( 'NONE',  ( 49.95210210526316530, 1.449999999999999956, -29.21190315789473502 ) ) ;
#3003 = ORIENTED_EDGE ( 'NONE', *, *, #1335, .T. ) ;
#3004 = EDGE_LOOP ( 'NONE', ( #1898, #6637, #1686, #4702 ) ) ;
#3005 =( LENGTH_UNIT ( ) NAMED_UNIT ( * ) SI_UNIT ( .MILLI., .METRE. ) );
#3006 = DIRECTION ( 'NONE',  ( -1.000000000000000000, -0.0000000000000000000, -0.0000000000000000000 ) ) ;
#3007 = LINE ( 'NONE', #6516, #4368 ) ;
#3008 = AXIS2_PLACEMENT_3D ( 'NONE', #1612, #1005, #6165 ) ;
#3009 = PLANE ( 'NONE',  #2068 ) ;
#3010 = ORIENTED_EDGE ( 'NONE', *, *, #5253, .T. ) ;
#3011 = CC_DESIGN_PERSON_AND_ORGANIZATION_ASSIGNMENT ( #2293, #5621, ( #2684 ) ) ;
#3012 = VERTEX_POINT ( 'NONE', #725 ) ;
#3013 = EDGE_CURVE ( 'NONE', #3997, #3285, #717, .T. ) ;
#3014 = LINE ( 'NONE', #4857, #2944 ) ;
#3015 = VECTOR ( 'NONE', #2219, 1000.000000000000000 ) ;
#3016 = FACE_OUTER_BOUND ( 'NONE', #2833, .T. ) ;
#3017 = CARTESIAN_POINT ( 'NONE',  ( -19.69649789473684010, 9.950000000000001066, -4.203603157894734821 ) ) ;
#3018 = DIRECTION ( 'NONE',  ( -1.000000000000000000, 0.0000000000000000000, -0.0000000000000000000 ) ) ;
#3019 = EDGE_LOOP ( 'NONE', ( #1407, #1623, #4185, #4254 ) ) ;
#3020 = VECTOR ( 'NONE', #2195, 1000.000000000000000 ) ;
#3021 = VECTOR ( 'NONE', #17, 1000.000000000000000 ) ;
#3022 = DIRECTION ( 'NONE',  ( 1.000000000000000000, 0.0000000000000000000, 0.0000000000000000000 ) ) ;
#3023 = ORIENTED_EDGE ( 'NONE', *, *, #5419, .F. ) ;
#3024 = CARTESIAN_POINT ( 'NONE',  ( 22.67050210526316079, 4.869999999999999218, -24.19730315789473707 ) ) ;
#3025 = DIRECTION ( 'NONE',  ( 0.0000000000000000000, 0.0000000000000000000, -1.000000000000000000 ) ) ;
#3026 = CARTESIAN_POINT ( 'NONE',  ( 32.66600210526316062, 4.869999999999999218, 12.31709684210526490 ) ) ;
#3027 = LINE ( 'NONE', #2404, #1653 ) ;
#3028 = ORIENTED_EDGE ( 'NONE', *, *, #111, .T. ) ;
#3029 = LINE ( 'NONE', #3775, #1483 ) ;
#3030 = MANIFOLD_SOLID_BREP ( 'Boss-Extrude3[16]', #1033 ) ;
#3031 = APPLICATION_PROTOCOL_DEFINITION ( 'international standard', 'config_control_design', 1994, #6111 ) ;
#3032 = VERTEX_POINT ( 'NONE', #204 ) ;
#3033 = EDGE_CURVE ( 'NONE', #2686, #3369, #4822, .T. ) ;
#3034 = CARTESIAN_POINT ( 'NONE',  ( 5.473402105263158290, 4.869999999999999218, -21.52050315789473700 ) ) ;
#3035 = CARTESIAN_POINT ( 'NONE',  ( -29.99052042804536811, 1.449999999999999956, 3.323653436216390755 ) ) ;
#3036 = LINE ( 'NONE', #519, #4394 ) ;
#3037 = VERTEX_POINT ( 'NONE', #4835 ) ;
#3038 = CARTESIAN_POINT ( 'NONE',  ( -19.69649789473684010, 9.950000000000001066, -4.203603157894734821 ) ) ;
#3039 = DIRECTION ( 'NONE',  ( -0.0000000000000000000, -0.0000000000000000000, -1.000000000000000000 ) ) ;
#3040 = EDGE_LOOP ( 'NONE', ( #6052, #1226, #5866, #4978 ) ) ;
#3041 = CARTESIAN_POINT ( 'NONE',  ( 38.47040210526316173, 4.869999999999999218, -26.74700315789473493 ) ) ;
#3042 = VECTOR ( 'NONE', #4097, 1000.000000000000000 ) ;
#3043 = EDGE_CURVE ( 'NONE', #4280, #2646, #4648, .T. ) ;
#3044 = VERTEX_POINT ( 'NONE', #2811 ) ;
#3045 = DIRECTION ( 'NONE',  ( 0.0000000000000000000, -0.0000000000000000000, -1.000000000000000000 ) ) ;
#3046 = DIRECTION ( 'NONE',  ( -1.000000000000000000, -0.0000000000000000000, -0.0000000000000000000 ) ) ;
#3047 = CARTESIAN_POINT ( 'NONE',  ( 40.13420210526315657, 4.869999999999999218, 24.49029684210526270 ) ) ;
#3048 = PLANE ( 'NONE',  #4549 ) ;
#3049 = ORIENTED_EDGE ( 'NONE', *, *, #2432, .T. ) ;
#3050 = APPROVAL_ROLE ( '' ) ;
#3051 = FACE_OUTER_BOUND ( 'NONE', #4154, .T. ) ;
#3052 = DIRECTION ( 'NONE',  ( -0.0000000000000000000, -0.0000000000000000000, -1.000000000000000000 ) ) ;
#3053 = DIRECTION ( 'NONE',  ( -0.0000000000000000000, -0.0000000000000000000, -1.000000000000000000 ) ) ;
#3054 = ORIENTED_EDGE ( 'NONE', *, *, #4173, .F. ) ;
#3055 = CARTESIAN_POINT ( 'NONE',  ( -19.74839789473683993, 9.950000000000001066, -18.63990315789473584 ) ) ;
#3056 = FACE_OUTER_BOUND ( 'NONE', #5268, .T. ) ;
#3057 = VECTOR ( 'NONE', #1468, 1000.000000000000000 ) ;
#3058 = VERTEX_POINT ( 'NONE', #5373 ) ;
#3059 = ORIENTED_EDGE ( 'NONE', *, *, #4891, .T. ) ;
#3060 = ORIENTED_EDGE ( 'NONE', *, *, #1293, .T. ) ;
#3061 = LINE ( 'NONE', #1203, #2905 ) ;
#3062 = EDGE_CURVE ( 'NONE', #872, #6393, #2095, .T. ) ;
#3063 = DIRECTION ( 'NONE',  ( -0.0000000000000000000, -0.0000000000000000000, 1.000000000000000000 ) ) ;
#3064 = ORIENTED_EDGE ( 'NONE', *, *, #3729, .F. ) ;
#3065 = PLANE ( 'NONE',  #3778 ) ;
#3066 = CARTESIAN_POINT ( 'NONE',  ( 49.95210210526316530, 1.449999999999999956, 16.40949684210526627 ) ) ;
#3067 = DIRECTION ( 'NONE',  ( 0.0000000000000000000, 1.000000000000000000, 0.0000000000000000000 ) ) ;
#3068 = ORIENTED_EDGE ( 'NONE', *, *, #1543, .F. ) ;
#3069 = LINE ( 'NONE', #2506, #5652 ) ;
#3070 = PLANE ( 'NONE',  #5266 ) ;
#3071 = EDGE_CURVE ( 'NONE', #249, #2295, #2589, .T. ) ;
#3072 = MANIFOLD_SOLID_BREP ( 'Boss-Extrude2[3]', #4302 ) ;
#3073 = ORIENTED_EDGE ( 'NONE', *, *, #5974, .T. ) ;
#3074 = LINE ( 'NONE', #1684, #1532 ) ;
#3075 = EDGE_LOOP ( 'NONE', ( #1786, #1512, #5151, #3177 ) ) ;
#3076 = PLANE ( 'NONE',  #388 ) ;
#3077 = DIRECTION ( 'NONE',  ( -0.0000000000000000000, -0.0000000000000000000, -1.000000000000000000 ) ) ;
#3078 = CARTESIAN_POINT ( 'NONE',  ( 16.92960210526315734, -3.419999999999999929, -26.67090315789473465 ) ) ;
#3079 = AXIS2_PLACEMENT_3D ( 'NONE', #3, #1037, #4632 ) ;
#3080 = ORIENTED_EDGE ( 'NONE', *, *, #3435, .F. ) ;
#3081 = ORIENTED_EDGE ( 'NONE', *, *, #3737, .T. ) ;
#3082 = VERTEX_POINT ( 'NONE', #3229 ) ;
#3083 = DIRECTION ( 'NONE',  ( 0.0000000000000000000, 1.000000000000000000, 0.0000000000000000000 ) ) ;
#3084 = ORIENTED_EDGE ( 'NONE', *, *, #1587, .T. ) ;
#3085 = DIRECTION ( 'NONE',  ( -1.000000000000000000, 0.0000000000000000000, 0.0000000000000000000 ) ) ;
#3086 = PLANE ( 'NONE',  #2740 ) ;
#3087 = EDGE_CURVE ( 'NONE', #4885, #4850, #486, .T. ) ;
#3088 = CARTESIAN_POINT ( 'NONE',  ( 22.67050210526316079, 1.449999999999999956, -24.19730315789473707 ) ) ;
#3089 = VECTOR ( 'NONE', #1115, 1000.000000000000000 ) ;
#3090 = LINE ( 'NONE', #1164, #5826 ) ;
#3091 = CARTESIAN_POINT ( 'NONE',  ( 25.79500210526316195, 4.869999999999999218, -1.730903157894735367 ) ) ;
#3092 = VECTOR ( 'NONE', #6294, 1000.000000000000000 ) ;
#3093 = AXIS2_PLACEMENT_3D ( 'NONE', #5410, #5851, #2311 ) ;
#3094 = DIRECTION ( 'NONE',  ( -1.000000000000000000, -0.0000000000000000000, -0.0000000000000000000 ) ) ;
#3095 = EDGE_CURVE ( 'NONE', #5105, #2723, #5867, .T. ) ;
#3096 = FACE_OUTER_BOUND ( 'NONE', #1576, .T. ) ;
#3097 = DIRECTION ( 'NONE',  ( -1.000000000000000000, 0.0000000000000000000, -0.0000000000000000000 ) ) ;
#3098 = VECTOR ( 'NONE', #6614, 1000.000000000000000 ) ;
#3099 = EDGE_CURVE ( 'NONE', #1893, #5008, #4574, .T. ) ;
#3100 = DIRECTION ( 'NONE',  ( -0.0000000000000000000, -1.000000000000000000, -0.0000000000000000000 ) ) ;
#3101 = ORIENTED_EDGE ( 'NONE', *, *, #5968, .T. ) ;
#3102 = CARTESIAN_POINT ( 'NONE',  ( -41.77399789473683711, 7.699999999999954881, -23.49190315789473260 ) ) ;
#3103 = VECTOR ( 'NONE', #7, 1000.000000000000000 ) ;
#3104 = CARTESIAN_POINT ( 'NONE',  ( 15.63400210526316059, 4.869999999999999218, -24.05770315789473557 ) ) ;
#3105 = ORIENTED_EDGE ( 'NONE', *, *, #6351, .T. ) ;
#3106 = FACE_OUTER_BOUND ( 'NONE', #1755, .T. ) ;
#3107 = VERTEX_POINT ( 'NONE', #162 ) ;
#3108 = CYLINDRICAL_SURFACE ( 'NONE', #6543, 1.950000000000000400 ) ;
#3109 = EDGE_LOOP ( 'NONE', ( #482, #745, #1767, #5586 ) ) ;
#3110 = CARTESIAN_POINT ( 'NONE',  ( 40.96200210526315999, 9.950000000000001066, 16.44869684210526373 ) ) ;
#3111 = VECTOR ( 'NONE', #477, 1000.000000000000000 ) ;
#3113 = EDGE_LOOP ( 'NONE', ( #6653, #1672, #5436, #5696 ) ) ;
#3112 = PLANE ( 'NONE',  #788 ) ;
#3114 = DIRECTION ( 'NONE',  ( 0.0000000000000000000, 1.000000000000000000, 0.0000000000000000000 ) ) ;
#3115 = ORIENTED_EDGE ( 'NONE', *, *, #235, .T. ) ;
#3116 = VECTOR ( 'NONE', #5499, 1000.000000000000000 ) ;
#3117 = AXIS2_PLACEMENT_3D ( 'NONE', #3744, #1860, #1735 ) ;
#3118 = ADVANCED_FACE ( 'NONE', ( #314 ), #3253, .F. ) ;
#3119 = ORIENTED_EDGE ( 'NONE', *, *, #4481, .T. ) ;
#3120 = VERTEX_POINT ( 'NONE', #6345 ) ;
#3121 = CARTESIAN_POINT ( 'NONE',  ( 0.0000000000000000000, 0.0000000000000000000, 0.0000000000000000000 ) ) ;
#3122 = EDGE_CURVE ( 'NONE', #4494, #1654, #3061, .T. ) ;
#3123 = DIRECTION ( 'NONE',  ( -1.000000000000000000, 0.0000000000000000000, 0.0000000000000000000 ) ) ;
#3124 = PLANE ( 'NONE',  #1389 ) ;
#3125 = ORIENTED_EDGE ( 'NONE', *, *, #3883, .T. ) ;
#3126 = EDGE_CURVE ( 'NONE', #1453, #2959, #5644, .T. ) ;
#3127 = EDGE_CURVE ( 'NONE', #1453, #4930, #4282, .T. ) ;
#3128 = VECTOR ( 'NONE', #1038, 1000.000000000000000 ) ;
#3129 = CARTESIAN_POINT ( 'NONE',  ( 40.13420210526315657, 1.449999999999999956, 28.93009684210527155 ) ) ;
#3130 = CARTESIAN_POINT ( 'NONE',  ( -25.21007446102908389, 15.15000000000000036, -30.25780315789473107 ) ) ;
#3131 = DIRECTION ( 'NONE',  ( -0.0000000000000000000, -0.0000000000000000000, -1.000000000000000000 ) ) ;
#3132 = LINE ( 'NONE', #4788, #1765 ) ;
#3133 = DIRECTION ( 'NONE',  ( 1.000000000000000000, 0.0000000000000000000, 0.0000000000000000000 ) ) ;
#3134 = EDGE_CURVE ( 'NONE', #588, #2651, #166, .T. ) ;
#3135 = EDGE_LOOP ( 'NONE', ( #2144, #4134, #4357, #3432 ) ) ;
#3136 = ORIENTED_EDGE ( 'NONE', *, *, #3573, .T. ) ;
#3137 = AXIS2_PLACEMENT_3D ( 'NONE', #4471, #1394, #5000 ) ;
#3138 = EDGE_CURVE ( 'NONE', #4849, #2045, #1519, .T. ) ;
#3139 = DIRECTION ( 'NONE',  ( 8.142298220863340143E-16, -1.000000000000000000, 0.0000000000000000000 ) ) ;
#3140 = VECTOR ( 'NONE', #4943, 1000.000000000000000 ) ;
#3141 = PLANE ( 'NONE',  #885 ) ;
#3142 = CARTESIAN_POINT ( 'NONE',  ( -21.53007446102908773, 5.899999999999999467, 29.74219684210526182 ) ) ;
#3143 = ORIENTED_EDGE ( 'NONE', *, *, #5632, .T. ) ;
#3144 = EDGE_LOOP ( 'NONE', ( #1224, #3343, #1875, #4908 ) ) ;
#3145 = CARTESIAN_POINT ( 'NONE',  ( 0.0000000000000000000, 4.869999999999999218, 0.0000000000000000000 ) ) ;
#3146 = DIRECTION ( 'NONE',  ( -0.0000000000000000000, -1.000000000000000000, -0.0000000000000000000 ) ) ;
#3147 = AXIS2_PLACEMENT_3D ( 'NONE', #6150, #3067, #6674 ) ;
#3148 = DIRECTION ( 'NONE',  ( -0.0000000000000000000, -0.0000000000000000000, -1.000000000000000000 ) ) ;
#3149 = ADVANCED_FACE ( 'NONE', ( #1353 ), #5352, .F. ) ;
#3150 = ADVANCED_FACE ( 'NONE', ( #5331 ), #205, .F. ) ;
#3151 = ORIENTED_EDGE ( 'NONE', *, *, #2935, .F. ) ;
#3152 = VECTOR ( 'NONE', #6073, 1000.000000000000000 ) ;
#3153 = DIRECTION ( 'NONE',  ( -0.0000000000000000000, -0.0000000000000000000, -1.000000000000000000 ) ) ;
#3154 = CARTESIAN_POINT ( 'NONE',  ( -0.8769978947368413102, -3.419999999999999929, 21.53459684210526248 ) ) ;
#3155 = AXIS2_PLACEMENT_3D ( 'NONE', #3539, #454, #4065 ) ;
#3156 = DIRECTION ( 'NONE',  ( -1.000000000000000000, 0.0000000000000000000, -0.0000000000000000000 ) ) ;
#3157 = CARTESIAN_POINT ( 'NONE',  ( -21.60911273411832312, 1.449999999999999956, -20.94977404100091078 ) ) ;
#3158 = CARTESIAN_POINT ( 'NONE',  ( 39.65160210526315154, 4.869999999999999218, 7.877096842105264507 ) ) ;
#3159 = ORIENTED_EDGE ( 'NONE', *, *, #5353, .T. ) ;
#3160 = ORIENTED_EDGE ( 'NONE', *, *, #6641, .T. ) ;
#3161 = ORIENTED_EDGE ( 'NONE', *, *, #5711, .T. ) ;
#3162 = ORIENTED_EDGE ( 'NONE', *, *, #3013, .F. ) ;
#3163 = EDGE_CURVE ( 'NONE', #5686, #1496, #2601, .T. ) ;
#3164 = DIRECTION ( 'NONE',  ( 0.4472135954999561513, 0.8944271909999166326, -0.0000000000000000000 ) ) ;
#3165 = DIRECTION ( 'NONE',  ( 0.0000000000000000000, 1.000000000000000000, 0.0000000000000000000 ) ) ;
#3166 = VECTOR ( 'NONE', #6472, 1000.000000000000000 ) ;
#3167 = CARTESIAN_POINT ( 'NONE',  ( 42.30610210526316450, -3.419999999999999929, 21.53459684210526248 ) ) ;
#3168 = ORIENTED_EDGE ( 'NONE', *, *, #1530, .T. ) ;
#3169 = EDGE_CURVE ( 'NONE', #6656, #3180, #1212, .T. ) ;
#3170 = VECTOR ( 'NONE', #2730, 1000.000000000000000 ) ;
#3171 = LINE ( 'NONE', #179, #3336 ) ;
#3172 = PLANE ( 'NONE',  #4888 ) ;
#3173 = CARTESIAN_POINT ( 'NONE',  ( 40.13420210526315657, 1.449999999999999956, 24.49029684210526270 ) ) ;
#3174 = PLANE ( 'NONE',  #4961 ) ;
#3175 = LINE ( 'NONE', #2668, #5750 ) ;
#3176 = PLANE ( 'NONE',  #4920 ) ;
#3177 = ORIENTED_EDGE ( 'NONE', *, *, #3546, .T. ) ;
#3178 = DIRECTION ( 'NONE',  ( 0.0000000000000000000, -0.0000000000000000000, 1.000000000000000000 ) ) ;
#3179 = CARTESIAN_POINT ( 'NONE',  ( 19.30460210526315734, 1.449999999999999956, 7.877096842105264507 ) ) ;
#3180 = VERTEX_POINT ( 'NONE', #2813 ) ;
#3181 = LINE ( 'NONE', #2699, #441 ) ;
#3182 = DIRECTION ( 'NONE',  ( 0.0000000000000000000, 0.0000000000000000000, 1.000000000000000000 ) ) ;
#3183 = FACE_OUTER_BOUND ( 'NONE', #5053, .T. ) ;
#3184 = ADVANCED_FACE ( 'NONE', ( #2421 ), #3313, .F. ) ;
#3185 = ADVANCED_FACE ( 'NONE', ( #3797 ), #1263, .F. ) ;
#3186 = ORIENTED_EDGE ( 'NONE', *, *, #2799, .T. ) ;
#3187 = DIRECTION ( 'NONE',  ( 0.0000000000000000000, 1.000000000000000000, 0.0000000000000000000 ) ) ;
#3188 = FACE_OUTER_BOUND ( 'NONE', #5064, .T. ) ;
#3189 = AXIS2_PLACEMENT_3D ( 'NONE', #1455, #5595, #2524 ) ;
#3190 = DIRECTION ( 'NONE',  ( -0.0000000000000000000, -1.000000000000000000, -0.0000000000000000000 ) ) ;
#3191 = VERTEX_POINT ( 'NONE', #4856 ) ;
#3192 = VECTOR ( 'NONE', #1669, 1000.000000000000000 ) ;
#3193 = EDGE_CURVE ( 'NONE', #6192, #2348, #1045, .T. ) ;
#3194 = CARTESIAN_POINT ( 'NONE',  ( 40.13420210526315657, 4.869999999999999218, 28.93009684210527155 ) ) ;
#3195 = ORIENTED_EDGE ( 'NONE', *, *, #327, .F. ) ;
#3196 = DIRECTION ( 'NONE',  ( 0.0000000000000000000, 0.0000000000000000000, 1.000000000000000000 ) ) ;
#3197 = ORIENTED_EDGE ( 'NONE', *, *, #1475, .F. ) ;
#3198 = CARTESIAN_POINT ( 'NONE',  ( -41.77399789473683711, 10.69999999999999929, -3.115803157894735165 ) ) ;
#3199 = AXIS2_PLACEMENT_3D ( 'NONE', #1802, #5923, #2851 ) ;
#3200 = LINE ( 'NONE', #6148, #4545 ) ;
#3201 = PLANE ( 'NONE',  #4355 ) ;
#3202 = MANIFOLD_SOLID_BREP ( 'Boss-Extrude4[2]', #1368 ) ;
#3203 = ORIENTED_EDGE ( 'NONE', *, *, #3801, .T. ) ;
#3204 = VERTEX_POINT ( 'NONE', #2828 ) ;
#3205 = CARTESIAN_POINT ( 'NONE',  ( -12.24459789473684168, 1.449999999999999956, -24.05770315789473557 ) ) ;
#3206 = EDGE_CURVE ( 'NONE', #5048, #4392, #6521, .T. ) ;
#3207 = CARTESIAN_POINT ( 'NONE',  ( 37.25100210526315436, -3.419999999999999929, -26.67090315789473465 ) ) ;
#3208 = DIRECTION ( 'NONE',  ( 1.000000000000000000, 0.0000000000000000000, 0.0000000000000000000 ) ) ;
#3209 = ORIENTED_EDGE ( 'NONE', *, *, #4901, .T. ) ;
#3210 = VERTEX_POINT ( 'NONE', #3331 ) ;
#3211 = CARTESIAN_POINT ( 'NONE',  ( 9.359902105263159910, 4.869999999999999218, 0.2733968421052654918 ) ) ;
#3212 = VERTEX_POINT ( 'NONE', #4882 ) ;
#3213 = LINE ( 'NONE', #3999, #2002 ) ;
#3214 = PLANE ( 'NONE',  #3276 ) ;
#3215 = ORIENTED_EDGE ( 'NONE', *, *, #300, .T. ) ;
#3216 = DIRECTION ( 'NONE',  ( 0.0000000000000000000, 0.0000000000000000000, 1.000000000000000000 ) ) ;
#3217 = EDGE_CURVE ( 'NONE', #5442, #1012, #6376, .T. ) ;
#3218 = ADVANCED_FACE ( 'NONE', ( #3627 ), #245, .F. ) ;
#3219 = ADVANCED_FACE ( 'NONE', ( #3953 ), #3878, .F. ) ;
#3220 = LINE ( 'NONE', #568, #5945 ) ;
#3221 = VECTOR ( 'NONE', #3533, 1000.000000000000000 ) ;
#3222 = EDGE_CURVE ( 'NONE', #6212, #249, #2103, .T. ) ;
#3223 = DIRECTION ( 'NONE',  ( -0.0000000000000000000, -0.0000000000000000000, 1.000000000000000000 ) ) ;
#3224 = DIRECTION ( 'NONE',  ( -1.000000000000000000, -0.0000000000000000000, -0.0000000000000000000 ) ) ;
#3225 = ORIENTED_EDGE ( 'NONE', *, *, #3043, .F. ) ;
#3226 = ORIENTED_EDGE ( 'NONE', *, *, #3376, .F. ) ;
#3227 = CARTESIAN_POINT ( 'NONE',  ( 19.30460210526315734, 1.449999999999999956, 7.877096842105264507 ) ) ;
#3228 = CARTESIAN_POINT ( 'NONE',  ( 40.13420210526315657, 1.449999999999999956, 28.93009684210527155 ) ) ;
#3230 = DIRECTION ( 'NONE',  ( 0.0000000000000000000, 0.0000000000000000000, -1.000000000000000000 ) ) ;
#3229 = CARTESIAN_POINT ( 'NONE',  ( -30.53007446102908062, 15.15000000000000036, -30.25780315789473107 ) ) ;
#3231 = VECTOR ( 'NONE', #3749, 1000.000000000000000 ) ;
#3232 = AXIS2_PLACEMENT_3D ( 'NONE', #932, #5125, #3508 ) ;
#3233 = EDGE_CURVE ( 'NONE', #1974, #498, #4827, .T. ) ;
#3234 = EDGE_CURVE ( 'NONE', #2900, #3976, #876, .T. ) ;
#3235 = ORIENTED_EDGE ( 'NONE', *, *, #1298, .T. ) ;
#3236 = ORIENTED_EDGE ( 'NONE', *, *, #4561, .T. ) ;
#3237 = LINE ( 'NONE', #4587, #492 ) ;
#3238 = DIRECTION ( 'NONE',  ( -0.0000000000000000000, -1.000000000000000000, -0.0000000000000000000 ) ) ;
#3239 = MANIFOLD_SOLID_BREP ( 'Boss-Extrude3[6]', #945 ) ;
#3240 = AXIS2_PLACEMENT_3D ( 'NONE', #2225, #681, #4290 ) ;
#3241 = CARTESIAN_POINT ( 'NONE',  ( -26.85007446102908446, 6.627966397586102509, 29.74219684210526182 ) ) ;
#3242 = VERTEX_POINT ( 'NONE', #803 ) ;
#3243 = ADVANCED_FACE ( 'NONE', ( #4658 ), #1321, .F. ) ;
#3244 = FACE_OUTER_BOUND ( 'NONE', #3667, .T. ) ;
#3245 = VERTEX_POINT ( 'NONE', #284 ) ;
#3246 = CARTESIAN_POINT ( 'NONE',  ( 40.96200210526315999, 1.449999999999999956, 16.44869684210526373 ) ) ;
#3247 = DIRECTION ( 'NONE',  ( 1.000000000000000000, 0.0000000000000000000, 0.0000000000000000000 ) ) ;
#3248 = ORIENTED_EDGE ( 'NONE', *, *, #4176, .F. ) ;
#3249 = VERTEX_POINT ( 'NONE', #5957 ) ;
#3250 = ORIENTED_EDGE ( 'NONE', *, *, #5593, .F. ) ;
#3251 = CARTESIAN_POINT ( 'NONE',  ( -9.259597894736844026, 1.449999999999999956, 21.83899684210526360 ) ) ;
#3252 = DIRECTION ( 'NONE',  ( 0.0000000000000000000, 0.0000000000000000000, 1.000000000000000000 ) ) ;
#3254 = CARTESIAN_POINT ( 'NONE',  ( 0.0000000000000000000, 15.15000000000000036, 0.0000000000000000000 ) ) ;
#3253 = PLANE ( 'NONE',  #3240 ) ;
#3255 = ORIENTED_EDGE ( 'NONE', *, *, #3033, .F. ) ;
#3256 = EDGE_LOOP ( 'NONE', ( #5326, #5978, #2258, #2122 ) ) ;
#3257 = ADVANCED_FACE ( 'NONE', ( #5875 ), #5455, .F. ) ;
#3258 = FACE_OUTER_BOUND ( 'NONE', #1016, .T. ) ;
#3259 = VECTOR ( 'NONE', #1657, 1000.000000000000000 ) ;
#3260 = VERTEX_POINT ( 'NONE', #2886 ) ;
#3261 = DIRECTION ( 'NONE',  ( -1.000000000000000000, 0.0000000000000000000, -0.0000000000000000000 ) ) ;
#3262 = EDGE_CURVE ( 'NONE', #130, #26, #1919, .T. ) ;
#3263 = VECTOR ( 'NONE', #3153, 1000.000000000000000 ) ;
#3264 = VECTOR ( 'NONE', #2072, 1000.000000000000000 ) ;
#3265 = FACE_OUTER_BOUND ( 'NONE', #6115, .T. ) ;
#3266 = CLOSED_SHELL ( 'NONE', ( #3855, #782, #2598, #1808, #5745, #6390 ) ) ;
#3267 = VECTOR ( 'NONE', #2032, 1000.000000000000000 ) ;
#3268 = DIRECTION ( 'NONE',  ( -0.0000000000000000000, -0.0000000000000000000, -1.000000000000000000 ) ) ;
#3269 = PLANE ( 'NONE',  #3093 ) ;
#3270 = ORIENTED_EDGE ( 'NONE', *, *, #3469, .T. ) ;
#3271 = DIRECTION ( 'NONE',  ( -8.978538664441813457E-16, 0.0000000000000000000, -1.000000000000000000 ) ) ;
#3272 = VECTOR ( 'NONE', #3899, 1000.000000000000000 ) ;
#3273 = EDGE_CURVE ( 'NONE', #5879, #130, #563, .T. ) ;
#3274 = DIRECTION ( 'NONE',  ( 0.0000000000000000000, 0.0000000000000000000, -1.000000000000000000 ) ) ;
#3275 = DIRECTION ( 'NONE',  ( 1.000000000000000000, 0.0000000000000000000, 0.0000000000000000000 ) ) ;
#3276 = AXIS2_PLACEMENT_3D ( 'NONE', #2692, #3736, #645 ) ;
#3278 = CARTESIAN_POINT ( 'NONE',  ( 51.01900210526315504, 0.0000000000000000000, 29.74219684210526182 ) ) ;
#3277 = DIRECTION ( 'NONE',  ( 0.0000000000000000000, 0.0000000000000000000, 1.000000000000000000 ) ) ;
#3279 = ORIENTED_EDGE ( 'NONE', *, *, #3962, .F. ) ;
#3280 = ADVANCED_FACE ( 'NONE', ( #4486 ), #2396, .F. ) ;
#3281 = FACE_OUTER_BOUND ( 'NONE', #1570, .T. ) ;
#3282 = ORIENTED_EDGE ( 'NONE', *, *, #830, .F. ) ;
#3283 = LINE ( 'NONE', #4066, #367 ) ;
#3284 = EDGE_LOOP ( 'NONE', ( #4509, #4416, #1720, #6135 ) ) ;
#3285 = VERTEX_POINT ( 'NONE', #822 ) ;
#3286 = LINE ( 'NONE', #4974, #2251 ) ;
#3287 = VERTEX_POINT ( 'NONE', #850 ) ;
#3288 = PLANE ( 'NONE',  #6017 ) ;
#3289 = ORIENTED_EDGE ( 'NONE', *, *, #729, .T. ) ;
#3290 = DIRECTION ( 'NONE',  ( -1.000000000000000000, 0.0000000000000000000, -0.0000000000000000000 ) ) ;
#3291 = ADVANCED_FACE ( 'NONE', ( #4350 ), #1359, .F. ) ;
#3292 = DIRECTION ( 'NONE',  ( 0.0000000000000000000, 0.0000000000000000000, 1.000000000000000000 ) ) ;
#3293 = DIRECTION ( 'NONE',  ( 1.000000000000000000, 0.0000000000000000000, -0.0000000000000000000 ) ) ;
#3294 = CARTESIAN_POINT ( 'NONE',  ( 5.473402105263158290, 4.869999999999999218, -24.05770315789473557 ) ) ;
#3295 = DIRECTION ( 'NONE',  ( 0.0000000000000000000, 0.0000000000000000000, 1.000000000000000000 ) ) ;
#3296 = VERTEX_POINT ( 'NONE', #3946 ) ;
#3297 = DIRECTION ( 'NONE',  ( -0.0000000000000000000, -0.0000000000000000000, -1.000000000000000000 ) ) ;
#3298 = LINE ( 'NONE', #4633, #3128 ) ;
#3299 = EDGE_CURVE ( 'NONE', #5503, #1374, #397, .T. ) ;
#3300 = VECTOR ( 'NONE', #2291, 1000.000000000000000 ) ;
#3301 = VECTOR ( 'NONE', #4261, 1000.000000000000000 ) ;
#3302 = AXIS2_PLACEMENT_3D ( 'NONE', #4897, #5428, #2352 ) ;
#3303 = ORIENTED_EDGE ( 'NONE', *, *, #246, .F. ) ;
#3304 = EDGE_LOOP ( 'NONE', ( #798, #4190, #3143, #4122 ) ) ;
#3305 = DIRECTION ( 'NONE',  ( -1.000000000000000000, -0.0000000000000000000, -0.0000000000000000000 ) ) ;
#3306 = ADVANCED_FACE ( 'NONE', ( #1770 ), #2927, .F. ) ;
#3307 = VECTOR ( 'NONE', #3901, 1000.000000000000000 ) ;
#3308 = ORIENTED_EDGE ( 'NONE', *, *, #1760, .F. ) ;
#3309 = VERTEX_POINT ( 'NONE', #3447 ) ;
#3310 = EDGE_LOOP ( 'NONE', ( #3930, #2901, #5070, #823 ) ) ;
#3311 = CARTESIAN_POINT ( 'NONE',  ( 22.67050210526316079, 4.869999999999999218, -16.58590315789473379 ) ) ;
#3312 = DIRECTION ( 'NONE',  ( 0.0000000000000000000, 0.0000000000000000000, 1.000000000000000000 ) ) ;
#3314 = DIRECTION ( 'NONE',  ( -1.000000000000000000, -0.0000000000000000000, -0.0000000000000000000 ) ) ;
#3313 = PLANE ( 'NONE',  #5316 ) ;
#3315 = CLOSED_SHELL ( 'NONE', ( #3400, #3368, #4414, #2257, #4655, #228 ) ) ;
#3316 = LINE ( 'NONE', #5306, #2115 ) ;
#3317 = ADVANCED_FACE ( 'NONE', ( #2984 ), #4990, .F. ) ;
#3318 = EDGE_CURVE ( 'NONE', #5178, #3727, #4193, .T. ) ;
#3319 = ORIENTED_EDGE ( 'NONE', *, *, #6655, .F. ) ;
#3320 = VERTEX_POINT ( 'NONE', #6549 ) ;
#3321 = VERTEX_POINT ( 'NONE', #3986 ) ;
#3322 = DIRECTION ( 'NONE',  ( 0.0000000000000000000, 1.000000000000000000, 0.0000000000000000000 ) ) ;
#3323 = CALENDAR_DATE ( 2019, 14, 4 ) ;
#3324 = VERTEX_POINT ( 'NONE', #887 ) ;
#3325 = EDGE_LOOP ( 'NONE', ( #6027, #85, #4113, #4037 ) ) ;
#3326 = VECTOR ( 'NONE', #3931, 1000.000000000000000 ) ;
#3327 = PLANE ( 'NONE',  #6619 ) ;
#3328 = DIRECTION ( 'NONE',  ( -0.0000000000000000000, -1.000000000000000000, -0.0000000000000000000 ) ) ;
#3329 = VECTOR ( 'NONE', #1346, 1000.000000000000000 ) ;
#3330 = PLANE ( 'NONE',  #2623 ) ;
#3331 = CARTESIAN_POINT ( 'NONE',  ( 22.67050210526316079, 1.449999999999999956, -24.19730315789473707 ) ) ;
#3332 = AXIS2_PLACEMENT_3D ( 'NONE', #6305, #5294, #4609 ) ;
#3333 = ORIENTED_EDGE ( 'NONE', *, *, #2250, .F. ) ;
#3334 = ADVANCED_FACE ( 'NONE', ( #2829 ), #1901, .F. ) ;
#3335 = LINE ( 'NONE', #2200, #3500 ) ;
#3336 = VECTOR ( 'NONE', #5233, 1000.000000000000000 ) ;
#3337 = EDGE_CURVE ( 'NONE', #6526, #4096, #1437, .T. ) ;
#3338 = VECTOR ( 'NONE', #3328, 1000.000000000000000 ) ;
#3339 = LINE ( 'NONE', #66, #1961 ) ;
#3340 = VERTEX_POINT ( 'NONE', #2975 ) ;
#3341 = LINE ( 'NONE', #2633, #640 ) ;
#3342 = PLANE ( 'NONE',  #3199 ) ;
#3343 = ORIENTED_EDGE ( 'NONE', *, *, #3614, .T. ) ;
#3344 = LINE ( 'NONE', #4243, #4528 ) ;
#3345 = VECTOR ( 'NONE', #3039, 1000.000000000000000 ) ;
#3346 = EDGE_CURVE ( 'NONE', #2818, #1041, #5405, .T. ) ;
#3347 = ORIENTED_EDGE ( 'NONE', *, *, #505, .T. ) ;
#3348 = CARTESIAN_POINT ( 'NONE',  ( -48.66899789473684734, 19.14999999999999858, 16.02419684210526540 ) ) ;
#3349 = LINE ( 'NONE', #2893, #5759 ) ;
#3350 = ORIENTED_EDGE ( 'NONE', *, *, #124, .T. ) ;
#3351 = LINE ( 'NONE', #5237, #1977 ) ;
#3352 = ADVANCED_FACE ( 'NONE', ( #5564 ), #5045, .F. ) ;
#3353 = LINE ( 'NONE', #5909, #5920 ) ;
#3354 = ORIENTED_EDGE ( 'NONE', *, *, #214, .T. ) ;
#3355 = DIRECTION ( 'NONE',  ( -0.0000000000000000000, -1.000000000000000000, -0.0000000000000000000 ) ) ;
#3356 = ORIENTED_EDGE ( 'NONE', *, *, #580, .T. ) ;
#3357 = CARTESIAN_POINT ( 'NONE',  ( -18.62029789473684005, -3.419999999999999929, 19.00249684210526624 ) ) ;
#3358 = VECTOR ( 'NONE', #2006, 1000.000000000000000 ) ;
#3359 = DIRECTION ( 'NONE',  ( 0.0000000000000000000, 0.0000000000000000000, -1.000000000000000000 ) ) ;
#3360 = CC_DESIGN_DATE_AND_TIME_ASSIGNMENT ( #3487, #2548, ( #2684 ) ) ;
#3361 = DIRECTION ( 'NONE',  ( 0.0000000000000000000, 0.0000000000000000000, -1.000000000000000000 ) ) ;
#3362 = EDGE_CURVE ( 'NONE', #3321, #474, #237, .T. ) ;
#3363 = VERTEX_POINT ( 'NONE', #5663 ) ;
#3364 = ORIENTED_EDGE ( 'NONE', *, *, #4476, .F. ) ;
#3365 = ORIENTED_EDGE ( 'NONE', *, *, #819, .T. ) ;
#3366 = LINE ( 'NONE', #6040, #2170 ) ;
#3367 = DIRECTION ( 'NONE',  ( 0.0000000000000000000, 0.0000000000000000000, 1.000000000000000000 ) ) ;
#3368 = ADVANCED_FACE ( 'NONE', ( #6604 ), #4436, .F. ) ;
#3369 = VERTEX_POINT ( 'NONE', #846 ) ;
#3370 = ORIENTED_EDGE ( 'NONE', *, *, #5576, .F. ) ;
#3371 = DIRECTION ( 'NONE',  ( -0.0000000000000000000, -0.0000000000000000000, -1.000000000000000000 ) ) ;
#3372 = AXIS2_PLACEMENT_3D ( 'NONE', #3504, #3684, #2964 ) ;
#3373 = LINE ( 'NONE', #4468, #790 ) ;
#3374 = CARTESIAN_POINT ( 'NONE',  ( 22.67050210526316079, 4.869999999999999218, -24.19730315789473707 ) ) ;
#3375 = CARTESIAN_POINT ( 'NONE',  ( -45.66899789473684024, 19.14999999999999858, 26.01279684210526355 ) ) ;
#3376 = EDGE_CURVE ( 'NONE', #1105, #2922, #5244, .T. ) ;
#3377 = EDGE_LOOP ( 'NONE', ( #4417, #4012, #247, #3648 ) ) ;
#3378 = DIRECTION ( 'NONE',  ( 0.0000000000000000000, 1.000000000000000000, 0.0000000000000000000 ) ) ;
#3379 = CARTESIAN_POINT ( 'NONE',  ( -5.932097894736841681, -3.419999999999999929, -26.67090315789473465 ) ) ;
#3380 = VECTOR ( 'NONE', #4496, 1000.000000000000000 ) ;
#3381 = DIRECTION ( 'NONE',  ( 0.0000000000000000000, 0.0000000000000000000, 1.000000000000000000 ) ) ;
#3382 = ADVANCED_FACE ( 'NONE', ( #82 ), #6000, .T. ) ;
#3383 = ORIENTED_EDGE ( 'NONE', *, *, #6311, .T. ) ;
#3384 = CARTESIAN_POINT ( 'NONE',  ( -21.53007446102908773, 15.15000000000000036, -30.25780315789473107 ) ) ;
#3385 = AXIS2_PLACEMENT_3D ( 'NONE', #4913, #302, #3920 ) ;
#3386 = EDGE_CURVE ( 'NONE', #5304, #3631, #1281, .T. ) ;
#3387 = CARTESIAN_POINT ( 'NONE',  ( -33.92489789473684425, 1.449999999999999956, -3.115803157894735165 ) ) ;
#3388 = ORIENTED_EDGE ( 'NONE', *, *, #5069, .T. ) ;
#3389 = ORIENTED_EDGE ( 'NONE', *, *, #3127, .F. ) ;
#3390 = VECTOR ( 'NONE', #3052, 1000.000000000000000 ) ;
#3391 = DIRECTION ( 'NONE',  ( -0.0000000000000000000, -1.000000000000000000, -0.0000000000000000000 ) ) ;
#3392 = CARTESIAN_POINT ( 'NONE',  ( 0.0000000000000000000, -3.419999999999999929, 0.0000000000000000000 ) ) ;
#3393 = ORIENTED_EDGE ( 'NONE', *, *, #4576, .T. ) ;
#3394 = LINE ( 'NONE', #3545, #2024 ) ;
#3395 = VERTEX_POINT ( 'NONE', #5513 ) ;
#3396 = CARTESIAN_POINT ( 'NONE',  ( -11.34279789473684019, 8.250000000000000000, 29.14339684210526471 ) ) ;
#3397 = DIRECTION ( 'NONE',  ( 0.0000000000000000000, 0.0000000000000000000, -1.000000000000000000 ) ) ;
#3398 = DIRECTION ( 'NONE',  ( 0.0000000000000000000, 0.0000000000000000000, -1.000000000000000000 ) ) ;
#3399 = DIRECTION ( 'NONE',  ( 1.000000000000000000, 0.0000000000000000000, 0.0000000000000000000 ) ) ;
#3400 = ADVANCED_FACE ( 'NONE', ( #6448 ), #6021, .F. ) ;
#3401 = CARTESIAN_POINT ( 'NONE',  ( -16.77599789473683956, 5.153130887489396628, 35.04339684210526684 ) ) ;
#3402 = ORIENTED_EDGE ( 'NONE', *, *, #2112, .F. ) ;
#3403 = VERTEX_POINT ( 'NONE', #1899 ) ;
#3404 = VERTEX_POINT ( 'NONE', #3981 ) ;
#3405 = DIRECTION ( 'NONE',  ( 1.000000000000000000, 0.0000000000000000000, -0.0000000000000000000 ) ) ;
#3406 = DIRECTION ( 'NONE',  ( 0.0000000000000000000, -0.0000000000000000000, -1.000000000000000000 ) ) ;
#3407 = EDGE_CURVE ( 'NONE', #2890, #4965, #958, .T. ) ;
#3408 = AXIS2_PLACEMENT_3D ( 'NONE', #3873, #783, #4378 ) ;
#3409 = ORIENTED_EDGE ( 'NONE', *, *, #859, .T. ) ;
#3410 = CARTESIAN_POINT ( 'NONE',  ( 45.93860210526316479, 1.449999999999999956, 18.27799684210526365 ) ) ;
#3411 = FACE_OUTER_BOUND ( 'NONE', #3746, .T. ) ;
#3412 = FACE_OUTER_BOUND ( 'NONE', #1083, .T. ) ;
#3413 = CARTESIAN_POINT ( 'NONE',  ( 0.0000000000000000000, 0.0000000000000000000, 0.0000000000000000000 ) ) ;
#3414 = EDGE_CURVE ( 'NONE', #1784, #4971, #2344, .T. ) ;
#3415 = CARTESIAN_POINT ( 'NONE',  ( -0.7626978947368412420, 4.869999999999999218, 7.877096842105264507 ) ) ;
#3416 = VECTOR ( 'NONE', #5559, 1000.000000000000000 ) ;
#3417 = VECTOR ( 'NONE', #3835, 1000.000000000000000 ) ;
#3418 = VECTOR ( 'NONE', #1914, 1000.000000000000000 ) ;
#3419 = LINE ( 'NONE', #1939, #2054 ) ;
#3420 = CARTESIAN_POINT ( 'NONE',  ( -44.81679789473683684, 19.14999999999999858, 8.324796842105264716 ) ) ;
#3421 = DIRECTION ( 'NONE',  ( 1.000000000000000000, 0.0000000000000000000, 0.0000000000000000000 ) ) ;
#3422 = AXIS2_PLACEMENT_3D ( 'NONE', #2889, #2495, #2956 ) ;
#3423 = ORIENTED_EDGE ( 'NONE', *, *, #2935, .T. ) ;
#3424 = VECTOR ( 'NONE', #6109, 1000.000000000000000 ) ;
#3425 = EDGE_LOOP ( 'NONE', ( #416, #5341, #6563, #384 ) ) ;
#3426 = AXIS2_PLACEMENT_3D ( 'NONE', #1084, #4674, #1601 ) ;
#3427 = DIRECTION ( 'NONE',  ( 0.0000000000000000000, 0.0000000000000000000, -1.000000000000000000 ) ) ;
#3428 = FACE_OUTER_BOUND ( 'NONE', #3833, .T. ) ;
#3429 = DIRECTION ( 'NONE',  ( -0.0000000000000000000, -1.000000000000000000, -0.0000000000000000000 ) ) ;
#3430 = DIRECTION ( 'NONE',  ( 0.0000000000000000000, 1.000000000000000000, 0.0000000000000000000 ) ) ;
#3431 = LINE ( 'NONE', #2667, #4626 ) ;
#3432 = ORIENTED_EDGE ( 'NONE', *, *, #6260, .T. ) ;
#3433 = LINE ( 'NONE', #5592, #697 ) ;
#3434 = ORIENTED_EDGE ( 'NONE', *, *, #6016, .F. ) ;
#3435 = EDGE_CURVE ( 'NONE', #3727, #566, #5075, .T. ) ;
#3436 = ORIENTED_EDGE ( 'NONE', *, *, #1064, .T. ) ;
#3437 = MANIFOLD_SOLID_BREP ( 'Cut-Extrude1', #3838 ) ;
#3438 = CARTESIAN_POINT ( 'NONE',  ( -22.53007446102909128, 15.15000000000000391, -30.25780315789473107 ) ) ;
#3439 = FACE_OUTER_BOUND ( 'NONE', #3547, .T. ) ;
#3440 = ORIENTED_EDGE ( 'NONE', *, *, #5419, .T. ) ;
#3441 = CARTESIAN_POINT ( 'NONE',  ( -11.34279789473684019, 8.250000000000000000, 29.14339684210526471 ) ) ;
#3442 = ORIENTED_EDGE ( 'NONE', *, *, #488, .F. ) ;
#3443 = EDGE_CURVE ( 'NONE', #5736, #3363, #1128, .T. ) ;
#3444 = CARTESIAN_POINT ( 'NONE',  ( 32.66600210526316062, 4.869999999999999218, 7.877096842105264507 ) ) ;
#3445 = DIRECTION ( 'NONE',  ( -0.0000000000000000000, -0.0000000000000000000, -1.000000000000000000 ) ) ;
#3446 = CARTESIAN_POINT ( 'NONE',  ( -12.24459789473684168, 1.449999999999999956, -24.05770315789473557 ) ) ;
#3447 = CARTESIAN_POINT ( 'NONE',  ( 40.96200210526315999, 9.950000000000001066, 18.60509684210526515 ) ) ;
#3448 = EDGE_CURVE ( 'NONE', #2793, #2693, #2184, .T. ) ;
#3449 = PLANE ( 'NONE',  #421 ) ;
#3450 = AXIS2_PLACEMENT_3D ( 'NONE', #2908, #4969, #1883 ) ;
#3451 = LINE ( 'NONE', #2591, #712 ) ;
#3452 = DIRECTION ( 'NONE',  ( 0.0000000000000000000, -0.0000000000000000000, 1.000000000000000000 ) ) ;
#3453 = ORIENTED_EDGE ( 'NONE', *, *, #438, .T. ) ;
#3454 = VECTOR ( 'NONE', #6385, 1000.000000000000000 ) ;
#3455 = VECTOR ( 'NONE', #1637, 1000.000000000000000 ) ;
#3456 = ORIENTED_EDGE ( 'NONE', *, *, #3872, .T. ) ;
#3457 = ORIENTED_EDGE ( 'NONE', *, *, #1648, .T. ) ;
#3458 = PLANE ( 'NONE',  #148 ) ;
#3459 = VECTOR ( 'NONE', #5934, 1000.000000000000000 ) ;
#3460 = DIRECTION ( 'NONE',  ( -0.0000000000000000000, -0.0000000000000000000, -1.000000000000000000 ) ) ;
#3461 = EDGE_CURVE ( 'NONE', #3369, #1987, #4899, .T. ) ;
#3462 = DIRECTION ( 'NONE',  ( 0.0000000000000000000, 0.0000000000000000000, -1.000000000000000000 ) ) ;
#3463 = CARTESIAN_POINT ( 'NONE',  ( -9.259597894736844026, 1.449999999999999956, 21.83899684210526360 ) ) ;
#3464 = ORIENTED_EDGE ( 'NONE', *, *, #5876, .F. ) ;
#3465 = ORIENTED_EDGE ( 'NONE', *, *, #1063, .T. ) ;
#3466 = ORIENTED_EDGE ( 'NONE', *, *, #5882, .F. ) ;
#3467 = CARTESIAN_POINT ( 'NONE',  ( -19.74829789473684016, 9.950000000000001066, 6.325496842105266637 ) ) ;
#3468 = EDGE_CURVE ( 'NONE', #3260, #481, #4745, .T. ) ;
#3469 = EDGE_CURVE ( 'NONE', #481, #186, #6119, .T. ) ;
#3470 = CARTESIAN_POINT ( 'NONE',  ( -34.88299789473684598, 19.14999999999999858, -1.613203157894734119 ) ) ;
#3471 = ORIENTED_EDGE ( 'NONE', *, *, #5431, .F. ) ;
#3472 = CARTESIAN_POINT ( 'NONE',  ( 40.71840210526315218, 4.869999999999999218, -6.285103157894734949 ) ) ;
#3473 = CARTESIAN_POINT ( 'NONE',  ( -35.34749789473684700, 1.449999999999999956, -27.85070315789473483 ) ) ;
#3474 = LINE ( 'NONE', #4498, #571 ) ;
#3475 = CARTESIAN_POINT ( 'NONE',  ( -21.60911273411832312, 5.899999999999999467, -4.404657554287778609 ) ) ;
#3476 = CARTESIAN_POINT ( 'NONE',  ( 19.52050210526315865, 1.449999999999999956, 0.2733968421052654918 ) ) ;
#3477 = CARTESIAN_POINT ( 'NONE',  ( 45.93860210526316479, 1.449999999999999956, 22.17799684210526578 ) ) ;
#3478 = ORIENTED_EDGE ( 'NONE', *, *, #1543, .T. ) ;
#3479 = CARTESIAN_POINT ( 'NONE',  ( 19.44440210526315838, -3.419999999999999929, 21.53459684210526248 ) ) ;
#3480 = DIRECTION ( 'NONE',  ( -0.9486832980505151003, 0.3162277660168339999, 0.0000000000000000000 ) ) ;
#3481 = ORIENTED_EDGE ( 'NONE', *, *, #2593, .T. ) ;
#3482 = EDGE_CURVE ( 'NONE', #2822, #6349, #2009, .T. ) ;
#3483 = CARTESIAN_POINT ( 'NONE',  ( -19.74829789473684016, 9.950000000000001066, 4.143496842105264477 ) ) ;
#3484 = AXIS2_PLACEMENT_3D ( 'NONE', #3890, #5946, #2879 ) ;
#3485 = EDGE_CURVE ( 'NONE', #2280, #6267, #5947, .T. ) ;
#3486 = PLANE ( 'NONE',  #829 ) ;
#3487 = DATE_AND_TIME ( #4848, #6229 ) ;
#3488 = CARTESIAN_POINT ( 'NONE',  ( 38.47040210526316173, 4.869999999999999218, -16.59860315789473617 ) ) ;
#3489 = VERTEX_POINT ( 'NONE', #2992 ) ;
#3490 = CARTESIAN_POINT ( 'NONE',  ( -34.92489789473684425, 10.69999999999999929, 0.0000000000000000000 ) ) ;
#3491 = DIRECTION ( 'NONE',  ( 1.000000000000000000, 0.0000000000000000000, 0.0000000000000000000 ) ) ;
#3492 = CARTESIAN_POINT ( 'NONE',  ( 45.93860210526316479, 1.449999999999999956, 20.22799684210526650 ) ) ;
#3493 = ORIENTED_EDGE ( 'NONE', *, *, #3362, .T. ) ;
#3494 = FACE_OUTER_BOUND ( 'NONE', #879, .T. ) ;
#3495 = CARTESIAN_POINT ( 'NONE',  ( -29.99052042804536811, 5.899999999999999467, 3.323653436216390755 ) ) ;
#3496 = LINE ( 'NONE', #2361, #593 ) ;
#3497 = ORIENTED_EDGE ( 'NONE', *, *, #3606, .F. ) ;
#3498 = CARTESIAN_POINT ( 'NONE',  ( -44.81679789473683684, 19.14999999999999858, 8.324796842105264716 ) ) ;
#3499 = DIRECTION ( 'NONE',  ( 0.0000000000000000000, 0.0000000000000000000, 1.000000000000000000 ) ) ;
#3500 = VECTOR ( 'NONE', #5786, 1000.000000000000000 ) ;
#3501 = FACE_OUTER_BOUND ( 'NONE', #808, .T. ) ;
#3502 = VECTOR ( 'NONE', #5870, 1000.000000000000000 ) ;
#3503 = LINE ( 'NONE', #1589, #6071 ) ;
#3504 = CARTESIAN_POINT ( 'NONE',  ( -50.58859789473683577, 1.449999999999999956, 29.74219684210526182 ) ) ;
#3505 = ORIENTED_EDGE ( 'NONE', *, *, #4430, .T. ) ;
#3506 = LINE ( 'NONE', #6182, #2142 ) ;
#3507 = VERTEX_POINT ( 'NONE', #942 ) ;
#3508 = DIRECTION ( 'NONE',  ( 0.0000000000000000000, 0.0000000000000000000, 1.000000000000000000 ) ) ;
#3509 = VECTOR ( 'NONE', #2676, 1000.000000000000000 ) ;
#3510 = CARTESIAN_POINT ( 'NONE',  ( -11.52049789473684172, 1.449999999999999956, -24.05770315789473557 ) ) ;
#3511 = DESIGN_CONTEXT ( 'detailed design', #6111, 'design' ) ;
#3512 = LINE ( 'NONE', #557, #4530 ) ;
#3513 = PLANE ( 'NONE',  #6679 ) ;
#3514 = DIRECTION ( 'NONE',  ( -0.0000000000000000000, 0.0000000000000000000, 1.000000000000000000 ) ) ;
#3515 = ORIENTED_EDGE ( 'NONE', *, *, #4311, .F. ) ;
#3516 = FACE_OUTER_BOUND ( 'NONE', #3075, .T. ) ;
#3517 = ORIENTED_EDGE ( 'NONE', *, *, #5253, .F. ) ;
#3518 = CARTESIAN_POINT ( 'NONE',  ( -38.69399789473683882, 19.14999999999999858, 26.01279684210526355 ) ) ;
#3519 = VECTOR ( 'NONE', #2656, 1000.000000000000000 ) ;
#3520 = CARTESIAN_POINT ( 'NONE',  ( -22.53007446102908773, 6.627966397586102509, 29.74219684210526182 ) ) ;
#3521 = EDGE_CURVE ( 'NONE', #1135, #4631, #479, .T. ) ;
#3522 = VERTEX_POINT ( 'NONE', #1975 ) ;
#3523 = AXIS2_PLACEMENT_3D ( 'NONE', #2515, #6101, #3018 ) ;
#3524 = LINE ( 'NONE', #6623, #3358 ) ;
#3526 = ORIENTED_EDGE ( 'NONE', *, *, #5245, .T. ) ;
#3525 = CARTESIAN_POINT ( 'NONE',  ( -40.77399789473683711, 10.69999999999999929, -3.115803157894735165 ) ) ;
#3527 = CARTESIAN_POINT ( 'NONE',  ( 47.41190210526315241, -3.419999999999999929, -29.21190315789473502 ) ) ;
#3528 = EDGE_CURVE ( 'NONE', #6203, #5814, #307, .T. ) ;
#3529 = ORIENTED_EDGE ( 'NONE', *, *, #2070, .T. ) ;
#3530 = CARTESIAN_POINT ( 'NONE',  ( -30.53007446102908062, 5.899999999999999467, 29.74219684210526182 ) ) ;
#3531 = VECTOR ( 'NONE', #2946, 1000.000000000000000 ) ;
#3532 = PLANE ( 'NONE',  #3608 ) ;
#3533 = DIRECTION ( 'NONE',  ( 1.000000000000000000, 0.0000000000000000000, 0.0000000000000000000 ) ) ;
#3534 = PLANE ( 'NONE',  #4351 ) ;
#3535 = EDGE_CURVE ( 'NONE', #781, #1696, #1681, .T. ) ;
#3536 = FACE_OUTER_BOUND ( 'NONE', #5752, .T. ) ;
#3537 = CARTESIAN_POINT ( 'NONE',  ( -18.70919789473684247, 8.250000000000000000, 25.59139684210526511 ) ) ;
#3538 = ORIENTED_EDGE ( 'NONE', *, *, #2557, .T. ) ;
#3539 = CARTESIAN_POINT ( 'NONE',  ( 42.33160210526316547, -3.419999999999999929, 16.43479684210526415 ) ) ;
#3540 = DIRECTION ( 'NONE',  ( 1.000000000000000000, 0.0000000000000000000, 0.0000000000000000000 ) ) ;
#3541 = CARTESIAN_POINT ( 'NONE',  ( 41.01060210526316041, 1.449999999999999956, -26.74700315789473493 ) ) ;
#3542 = CARTESIAN_POINT ( 'NONE',  ( -10.37729789473684328, 1.449999999999999956, -2.289003157894735185 ) ) ;
#3543 = VECTOR ( 'NONE', #5544, 1000.000000000000000 ) ;
#3544 = CARTESIAN_POINT ( 'NONE',  ( -19.69649789473684010, 9.950000000000001066, -6.360203157894734005 ) ) ;
#3545 = CARTESIAN_POINT ( 'NONE',  ( -0.7626978947368412420, 4.869999999999999218, 7.877096842105264507 ) ) ;
#3546 = EDGE_CURVE ( 'NONE', #6430, #2530, #4413, .T. ) ;
#3547 = EDGE_LOOP ( 'NONE', ( #4624, #1825, #10, #334 ) ) ;
#3548 = APPROVAL_ROLE ( '' ) ;
#3549 = ORIENTED_EDGE ( 'NONE', *, *, #210, .T. ) ;
#3550 = DIRECTION ( 'NONE',  ( -0.0000000000000000000, -1.000000000000000000, -0.0000000000000000000 ) ) ;
#3551 = CARTESIAN_POINT ( 'NONE',  ( -11.52049789473684172, 1.449999999999999956, -21.52050315789473700 ) ) ;
#3552 = AXIS2_PLACEMENT_3D ( 'NONE', #1013, #5703, #4309 ) ;
#3553 = PLANE ( 'NONE',  #4300 ) ;
#3554 = ORIENTED_EDGE ( 'NONE', *, *, #5312, .T. ) ;
#3555 = LINE ( 'NONE', #1095, #3390 ) ;
#3556 = PLANE ( 'NONE',  #2332 ) ;
#3557 = AXIS2_PLACEMENT_3D ( 'NONE', #6249, #1110, #4701 ) ;
#3558 = DIRECTION ( 'NONE',  ( 0.0000000000000000000, -0.0000000000000000000, 1.000000000000000000 ) ) ;
#3559 = EDGE_LOOP ( 'NONE', ( #3538, #5734, #4593, #3898 ) ) ;
#3560 = LINE ( 'NONE', #2155, #496 ) ;
#3561 = ORIENTED_EDGE ( 'NONE', *, *, #5576, .T. ) ;
#3562 = EDGE_CURVE ( 'NONE', #1843, #5026, #2898, .T. ) ;
#3563 = DIRECTION ( 'NONE',  ( 0.0000000000000000000, 1.000000000000000000, 0.0000000000000000000 ) ) ;
#3564 = CARTESIAN_POINT ( 'NONE',  ( 9.359902105263159910, 4.869999999999999218, 0.2733968421052654918 ) ) ;
#3565 = DIRECTION ( 'NONE',  ( 1.000000000000000000, 0.0000000000000000000, -0.0000000000000000000 ) ) ;
#3566 = EDGE_CURVE ( 'NONE', #2613, #2255, #153, .T. ) ;
#3567 = DIRECTION ( 'NONE',  ( 0.0000000000000000000, 0.0000000000000000000, -1.000000000000000000 ) ) ;
#3568 = ORIENTED_EDGE ( 'NONE', *, *, #6544, .T. ) ;
#3569 = ORIENTED_EDGE ( 'NONE', *, *, #6463, .F. ) ;
#3570 = ORIENTED_EDGE ( 'NONE', *, *, #3577, .F. ) ;
#3571 = VECTOR ( 'NONE', #930, 1000.000000000000000 ) ;
#3572 = DIRECTION ( 'NONE',  ( 0.0000000000000000000, -1.000000000000000000, 0.0000000000000000000 ) ) ;
#3573 = EDGE_CURVE ( 'NONE', #1105, #3990, #4276, .T. ) ;
#3574 = DIRECTION ( 'NONE',  ( 0.0000000000000000000, 0.0000000000000000000, -1.000000000000000000 ) ) ;
#3575 = ORIENTED_EDGE ( 'NONE', *, *, #6681, .T. ) ;
#3576 = ORIENTED_EDGE ( 'NONE', *, *, #6675, .F. ) ;
#3577 = EDGE_CURVE ( 'NONE', #2418, #6192, #1347, .T. ) ;
#3578 = CARTESIAN_POINT ( 'NONE',  ( 40.13420210526315657, 4.869999999999999218, 28.93009684210527155 ) ) ;
#3579 = VECTOR ( 'NONE', #3711, 1000.000000000000000 ) ;
#3580 = LINE ( 'NONE', #3691, #6153 ) ;
#3581 = ORIENTED_EDGE ( 'NONE', *, *, #6383, .T. ) ;
#3582 = FACE_OUTER_BOUND ( 'NONE', #3310, .T. ) ;
#3583 = VECTOR ( 'NONE', #3292, 1000.000000000000000 ) ;
#3584 = DIRECTION ( 'NONE',  ( 4.071149110431670071E-16, -1.000000000000000000, 0.0000000000000000000 ) ) ;
#3585 = FACE_OUTER_BOUND ( 'NONE', #4365, .T. ) ;
#3586 = FACE_OUTER_BOUND ( 'NONE', #2694, .T. ) ;
#3587 = VERTEX_POINT ( 'NONE', #2650 ) ;
#3588 = CARTESIAN_POINT ( 'NONE',  ( 38.47040210526316173, 4.869999999999999218, -26.74700315789473493 ) ) ;
#3589 = CARTESIAN_POINT ( 'NONE',  ( -7.951497894736839989, 1.449999999999999956, -10.49160315789473508 ) ) ;
#3590 = CARTESIAN_POINT ( 'NONE',  ( 47.41190210526315241, 9.950000000000001066, -29.21190315789473502 ) ) ;
#3591 = LINE ( 'NONE', #925, #2233 ) ;
#3592 = EDGE_LOOP ( 'NONE', ( #2965, #927, #1340, #4410 ) ) ;
#3593 = LINE ( 'NONE', #767, #839 ) ;
#3594 = AXIS2_PLACEMENT_3D ( 'NONE', #3420, #3398, #2701 ) ;
#3595 = ORIENTED_EDGE ( 'NONE', *, *, #953, .T. ) ;
#3596 = DIRECTION ( 'NONE',  ( -0.0000000000000000000, -1.000000000000000000, -0.0000000000000000000 ) ) ;
#3597 = CARTESIAN_POINT ( 'NONE',  ( -5.932097894736841681, -3.419999999999999929, -26.67090315789473465 ) ) ;
#3598 = LINE ( 'NONE', #5910, #6347 ) ;
#3599 = CARTESIAN_POINT ( 'NONE',  ( 12.31920210526315884, 4.869999999999999218, 12.31709684210526490 ) ) ;
#3600 = ORIENTED_EDGE ( 'NONE', *, *, #1614, .F. ) ;
#3601 = DIRECTION ( 'NONE',  ( -0.0000000000000000000, -0.0000000000000000000, 1.000000000000000000 ) ) ;
#3602 = FACE_OUTER_BOUND ( 'NONE', #2990, .T. ) ;
#3603 = EDGE_LOOP ( 'NONE', ( #1020, #2163, #4061, #1134 ) ) ;
#3604 = ORIENTED_EDGE ( 'NONE', *, *, #5463, .F. ) ;
#3605 = LINE ( 'NONE', #5666, #4960 ) ;
#3606 = EDGE_CURVE ( 'NONE', #5951, #6489, #4111, .T. ) ;
#3607 = ORIENTED_EDGE ( 'NONE', *, *, #4886, .F. ) ;
#3608 = AXIS2_PLACEMENT_3D ( 'NONE', #975, #5106, #2018 ) ;
#3609 = ORIENTED_EDGE ( 'NONE', *, *, #2770, .F. ) ;
#3610 = DIRECTION ( 'NONE',  ( 0.0000000000000000000, 0.0000000000000000000, 1.000000000000000000 ) ) ;
#3611 = DIRECTION ( 'NONE',  ( 0.0000000000000000000, 0.0000000000000000000, 1.000000000000000000 ) ) ;
#3612 = CARTESIAN_POINT ( 'NONE',  ( 26.11240210526315764, 4.869999999999999218, -6.285103157894734949 ) ) ;
#3613 = ORIENTED_EDGE ( 'NONE', *, *, #689, .F. ) ;
#3614 = EDGE_CURVE ( 'NONE', #324, #2758, #2592, .T. ) ;
#3615 = EDGE_CURVE ( 'NONE', #3245, #105, #5323, .T. ) ;
#3616 = VECTOR ( 'NONE', #1500, 1000.000000000000000 ) ;
#3617 = CARTESIAN_POINT ( 'NONE',  ( 0.0000000000000000000, 10.69999999999999929, 0.0000000000000000000 ) ) ;
#3618 = DIRECTION ( 'NONE',  ( -0.0000000000000000000, -1.000000000000000000, -0.0000000000000000000 ) ) ;
#3619 = ORIENTED_EDGE ( 'NONE', *, *, #5711, .F. ) ;
#3620 = LINE ( 'NONE', #5350, #6198 ) ;
#3621 = CARTESIAN_POINT ( 'NONE',  ( -38.69399789473683882, 19.14999999999999858, 16.02419684210526540 ) ) ;
#3622 = LINE ( 'NONE', #2722, #718 ) ;
#3623 = DIRECTION ( 'NONE',  ( -0.0000000000000000000, -0.0000000000000000000, -1.000000000000000000 ) ) ;
#3624 = CARTESIAN_POINT ( 'NONE',  ( 12.31920210526315884, 4.869999999999999218, 7.877096842105264507 ) ) ;
#3625 = ORIENTED_EDGE ( 'NONE', *, *, #4176, .T. ) ;
#3626 = ADVANCED_FACE ( 'NONE', ( #1039 ), #2148, .F. ) ;
#3627 = FACE_OUTER_BOUND ( 'NONE', #4418, .T. ) ;
#3628 = AXIS2_PLACEMENT_3D ( 'NONE', #4028, #934, #4515 ) ;
#3629 = DIRECTION ( 'NONE',  ( 0.0000000000000000000, -0.0000000000000000000, -1.000000000000000000 ) ) ;
#3630 = VERTEX_POINT ( 'NONE', #1615 ) ;
#3631 = VERTEX_POINT ( 'NONE', #88 ) ;
#3632 = CARTESIAN_POINT ( 'NONE',  ( -7.456097894736840814, -3.419999999999999929, -26.67090315789473465 ) ) ;
#3633 = CARTESIAN_POINT ( 'NONE',  ( -19.86499789473684174, 4.869999999999999218, -24.05770315789473557 ) ) ;
#3634 = ORIENTED_EDGE ( 'NONE', *, *, #2516, .F. ) ;
#3635 = DIRECTION ( 'NONE',  ( -4.489269332220906729E-16, -0.0000000000000000000, -1.000000000000000000 ) ) ;
#3636 = ORIENTED_EDGE ( 'NONE', *, *, #5481, .T. ) ;
#3637 = LINE ( 'NONE', #6295, #4997 ) ;
#3638 = CARTESIAN_POINT ( 'NONE',  ( -35.34749789473684700, 0.0000000000000000000, -27.85070315789473483 ) ) ;
#3639 = ORIENTED_EDGE ( 'NONE', *, *, #2770, .T. ) ;
#3640 = PLANE ( 'NONE',  #4030 ) ;
#3641 = EDGE_CURVE ( 'NONE', #498, #5047, #4981, .T. ) ;
#3642 = DIRECTION ( 'NONE',  ( -0.0000000000000000000, 1.000000000000000000, -0.0000000000000000000 ) ) ;
#3643 = DIRECTION ( 'NONE',  ( 0.0000000000000000000, -0.0000000000000000000, -1.000000000000000000 ) ) ;
#3644 = ORIENTED_EDGE ( 'NONE', *, *, #5979, .F. ) ;
#3645 = ORIENTED_EDGE ( 'NONE', *, *, #4912, .F. ) ;
#3646 = DIRECTION ( 'NONE',  ( -0.0000000000000000000, 1.000000000000000000, -0.0000000000000000000 ) ) ;
#3647 = PERSON_AND_ORGANIZATION ( #4051, #339 ) ;
#3648 = ORIENTED_EDGE ( 'NONE', *, *, #3665, .T. ) ;
#3649 = VERTEX_POINT ( 'NONE', #4725 ) ;
#3650 = DIRECTION ( 'NONE',  ( 0.0000000000000000000, 1.000000000000000000, 0.0000000000000000000 ) ) ;
#3651 = CARTESIAN_POINT ( 'NONE',  ( -7.951497894736839989, 1.449999999999999956, -14.93160315789473458 ) ) ;
#3652 = LINE ( 'NONE', #1949, #899 ) ;
#3653 = FACE_OUTER_BOUND ( 'NONE', #5017, .T. ) ;
#3654 = EDGE_LOOP ( 'NONE', ( #3003, #5261, #4615, #1697 ) ) ;
#3655 = VERTEX_POINT ( 'NONE', #4217 ) ;
#3656 = ADVANCED_FACE ( 'NONE', ( #3786 ), #5248, .F. ) ;
#3657 = ADVANCED_FACE ( 'NONE', ( #2265 ), #3201, .F. ) ;
#3658 = CARTESIAN_POINT ( 'NONE',  ( 49.95210210526316530, 9.950000000000001066, 16.40949684210526627 ) ) ;
#3659 = VECTOR ( 'NONE', #5330, 1000.000000000000000 ) ;
#3660 = VECTOR ( 'NONE', #702, 1000.000000000000000 ) ;
#3661 = AXIS2_PLACEMENT_3D ( 'NONE', #4420, #4084, #69 ) ;
#3662 = PLANE ( 'NONE',  #226 ) ;
#3663 = LINE ( 'NONE', #1815, #6247 ) ;
#3664 = LINE ( 'NONE', #4644, #4863 ) ;
#3665 = EDGE_CURVE ( 'NONE', #3180, #6519, #6200, .T. ) ;
#3666 = DIRECTION ( 'NONE',  ( -1.000000000000000000, -0.0000000000000000000, -0.0000000000000000000 ) ) ;
#3667 = EDGE_LOOP ( 'NONE', ( #4049, #1268, #5297, #2078 ) ) ;
#3668 = FACE_OUTER_BOUND ( 'NONE', #6628, .T. ) ;
#3669 = DIRECTION ( 'NONE',  ( -4.071149110431670071E-16, 1.000000000000000000, -0.0000000000000000000 ) ) ;
#3670 = ORIENTED_EDGE ( 'NONE', *, *, #920, .T. ) ;
#3671 = VECTOR ( 'NONE', #943, 1000.000000000000000 ) ;
#3672 = LINE ( 'NONE', #577, #2469 ) ;
#3673 = AXIS2_PLACEMENT_3D ( 'NONE', #2169, #5756, #2696 ) ;
#3674 = DIRECTION ( 'NONE',  ( 1.000000000000000000, 0.0000000000000000000, 0.0000000000000000000 ) ) ;
#3675 = ORIENTED_EDGE ( 'NONE', *, *, #4484, .F. ) ;
#3676 = LINE ( 'NONE', #2888, #2319 ) ;
#3677 = EDGE_LOOP ( 'NONE', ( #1516, #1772, #5743, #4676 ) ) ;
#3678 = ORIENTED_EDGE ( 'NONE', *, *, #3773, .T. ) ;
#3679 = DIRECTION ( 'NONE',  ( -1.000000000000000000, -0.0000000000000000000, -0.0000000000000000000 ) ) ;
#3680 = VECTOR ( 'NONE', #2704, 1000.000000000000000 ) ;
#3681 = ORIENTED_EDGE ( 'NONE', *, *, #2297, .F. ) ;
#3682 = CARTESIAN_POINT ( 'NONE',  ( 49.95210210526316530, 9.950000000000001066, 16.40949684210526627 ) ) ;
#3683 = EDGE_LOOP ( 'NONE', ( #4923, #6670, #3791, #2132 ) ) ;
#3684 = DIRECTION ( 'NONE',  ( 0.0000000000000000000, 0.0000000000000000000, -1.000000000000000000 ) ) ;
#3685 = VECTOR ( 'NONE', #3000, 1000.000000000000000 ) ;
#3686 = EDGE_LOOP ( 'NONE', ( #6096, #3064, #961, #6528 ) ) ;
#3687 = ORIENTED_EDGE ( 'NONE', *, *, #4087, .T. ) ;
#3688 = EDGE_CURVE ( 'NONE', #57, #6648, #6517, .T. ) ;
#3689 = CARTESIAN_POINT ( 'NONE',  ( -0.9658978947368410672, 1.449999999999999956, -10.49160315789473508 ) ) ;
#3690 = CARTESIAN_POINT ( 'NONE',  ( -21.53007446102908773, 15.15000000000000036, -30.25780315789473107 ) ) ;
#3691 = CARTESIAN_POINT ( 'NONE',  ( 19.30460210526315734, 4.869999999999999218, 7.877096842105264507 ) ) ;
#3692 = EDGE_LOOP ( 'NONE', ( #3457, #3768, #4312, #4323 ) ) ;
#3693 = EDGE_CURVE ( 'NONE', #2637, #4951, #3622, .T. ) ;
#3694 = DIRECTION ( 'NONE',  ( -0.0000000000000000000, 1.000000000000000000, -0.0000000000000000000 ) ) ;
#3695 = EDGE_CURVE ( 'NONE', #6532, #6550, #2096, .T. ) ;
#3696 = ADVANCED_FACE ( 'NONE', ( #1913 ), #4744, .T. ) ;
#3697 = ADVANCED_BREP_SHAPE_REPRESENTATION ( 'RAMPS 1.6 Single part', ( #4621, #5591, #3072, #1864, #1529, #5827, #184, #3202, #2376, #4962, #5135, #1181, #100, #4386, #4415, #1998, #6669, #3239, #2945, #2547, #4279, #1288, #1746, #2597, #3780, #5469, #2035, #3030, #5676, #6170, #4454, #1366, #4147, #3437, #4234, #6617, #682, #6343, #335, #5218 ), #3840 ) ;
#3698 = ADVANCED_FACE ( 'NONE', ( #6026 ), #2213, .F. ) ;
#3699 = LINE ( 'NONE', #1375, #787 ) ;
#3700 = CARTESIAN_POINT ( 'NONE',  ( -7.951497894736839989, 4.869999999999999218, -14.93160315789473458 ) ) ;
#3701 = CARTESIAN_POINT ( 'NONE',  ( 37.91150210526315334, 4.869999999999999218, -24.19730315789473707 ) ) ;
#3702 = CARTESIAN_POINT ( 'NONE',  ( 19.30460210526315734, 1.449999999999999956, 12.31709684210526490 ) ) ;
#3703 = EDGE_LOOP ( 'NONE', ( #5465, #5179, #3853, #3235 ) ) ;
#3704 = CARTESIAN_POINT ( 'NONE',  ( 21.98470210526316038, 0.0000000000000000000, 18.99739684210526391 ) ) ;
#3705 = DIRECTION ( 'NONE',  ( 0.0000000000000000000, 1.000000000000000000, 0.0000000000000000000 ) ) ;
#3706 = LINE ( 'NONE', #4926, #2339 ) ;
#3707 = AXIS2_PLACEMENT_3D ( 'NONE', #3145, #4616, #4548 ) ;
#3708 = ORIENTED_EDGE ( 'NONE', *, *, #2739, .T. ) ;
#3709 = APPROVAL ( #6130, 'UNSPECIFIED' ) ;
#3710 = EDGE_CURVE ( 'NONE', #4631, #5810, #4823, .T. ) ;
#3711 = DIRECTION ( 'NONE',  ( 1.000000000000000000, 0.0000000000000000000, 0.0000000000000000000 ) ) ;
#3712 = VECTOR ( 'NONE', #1408, 1000.000000000000000 ) ;
#3713 = CARTESIAN_POINT ( 'NONE',  ( 22.22590210526316312, 1.449999999999999956, 28.99369684210526188 ) ) ;
#3714 = CARTESIAN_POINT ( 'NONE',  ( -41.81679789473682973, 19.14999999999999858, -1.613203157894734119 ) ) ;
#3715 = VERTEX_POINT ( 'NONE', #670 ) ;
#3716 = EDGE_LOOP ( 'NONE', ( #6427, #662, #447, #1260 ) ) ;
#3717 = DIRECTION ( 'NONE',  ( -1.000000000000000000, 0.0000000000000000000, -0.0000000000000000000 ) ) ;
#3718 = DIRECTION ( 'NONE',  ( -1.000000000000000000, 0.0000000000000000000, -0.0000000000000000000 ) ) ;
#3719 = ORIENTED_EDGE ( 'NONE', *, *, #656, .T. ) ;
#3720 = VECTOR ( 'NONE', #1629, 1000.000000000000000 ) ;
#3721 = CARTESIAN_POINT ( 'NONE',  ( -7.456097894736840814, -0.0000000000000000000, -26.67090315789473465 ) ) ;
#3722 = DIRECTION ( 'NONE',  ( 0.0000000000000000000, 1.000000000000000000, 0.0000000000000000000 ) ) ;
#3723 = PLANE ( 'NONE',  #6367 ) ;
#3724 = CARTESIAN_POINT ( 'NONE',  ( -44.81679789473683684, 1.449999999999999956, 8.324796842105264716 ) ) ;
#3725 = CARTESIAN_POINT ( 'NONE',  ( 16.92960210526315734, 0.0000000000000000000, -26.67090315789473465 ) ) ;
#3726 = ORIENTED_EDGE ( 'NONE', *, *, #6008, .F. ) ;
#3727 = VERTEX_POINT ( 'NONE', #151 ) ;
#3728 = ORIENTED_EDGE ( 'NONE', *, *, #5648, .T. ) ;
#3729 = EDGE_CURVE ( 'NONE', #3404, #4318, #3132, .T. ) ;
#3730 = ADVANCED_FACE ( 'NONE', ( #4479 ), #5798, .F. ) ;
#3731 = ADVANCED_FACE ( 'NONE', ( #5868 ), #176, .F. ) ;
#3732 = DIRECTION ( 'NONE',  ( 0.0000000000000000000, 0.0000000000000000000, -1.000000000000000000 ) ) ;
#3733 = ORIENTED_EDGE ( 'NONE', *, *, #6551, .F. ) ;
#3734 = VERTEX_POINT ( 'NONE', #3784 ) ;
#3735 = CARTESIAN_POINT ( 'NONE',  ( 34.35530210526316353, 4.869999999999999218, 24.49029684210526270 ) ) ;
#3736 = DIRECTION ( 'NONE',  ( -1.000000000000000000, 0.0000000000000000000, -0.0000000000000000000 ) ) ;
#3737 = EDGE_CURVE ( 'NONE', #4618, #3403, #5714, .T. ) ;
#3738 = VECTOR ( 'NONE', #1421, 1000.000000000000000 ) ;
#3739 = ORIENTED_EDGE ( 'NONE', *, *, #5220, .F. ) ;
#3740 = CARTESIAN_POINT ( 'NONE',  ( -26.85007446102908446, 6.627966397586102509, -30.38780315789474074 ) ) ;
#3741 = ORIENTED_EDGE ( 'NONE', *, *, #3710, .T. ) ;
#3742 = VECTOR ( 'NONE', #4739, 1000.000000000000000 ) ;
#3743 = CARTESIAN_POINT ( 'NONE',  ( 42.30610210526316450, 0.0000000000000000000, 21.53459684210526248 ) ) ;
#3744 = CARTESIAN_POINT ( 'NONE',  ( 16.92960210526315734, -3.419999999999999929, -26.67090315789473465 ) ) ;
#3745 = LINE ( 'NONE', #6238, #4933 ) ;
#3746 = EDGE_LOOP ( 'NONE', ( #6690, #5229, #2020, #4215 ) ) ;
#3747 = CARTESIAN_POINT ( 'NONE',  ( 16.92960210526315734, 0.0000000000000000000, -29.20810315789473322 ) ) ;
#3748 = PLANE ( 'NONE',  #1842 ) ;
#3750 = CARTESIAN_POINT ( 'NONE',  ( 6.451502105263158704, 1.449999999999999956, 28.93009684210527155 ) ) ;
#3749 = DIRECTION ( 'NONE',  ( 1.000000000000000000, 0.0000000000000000000, 0.0000000000000000000 ) ) ;
#3751 = ADVANCED_FACE ( 'NONE', ( #4344 ), #2778, .F. ) ;
#3752 = LINE ( 'NONE', #2136, #2379 ) ;
#3753 = VECTOR ( 'NONE', #3268, 1000.000000000000000 ) ;
#3754 = FACE_OUTER_BOUND ( 'NONE', #86, .T. ) ;
#3755 = VECTOR ( 'NONE', #1377, 1000.000000000000000 ) ;
#3756 = LINE ( 'NONE', #4581, #3267 ) ;
#3757 = CARTESIAN_POINT ( 'NONE',  ( -27.89007446102908361, 15.15000000000000036, 0.0000000000000000000 ) ) ;
#3758 = VERTEX_POINT ( 'NONE', #1728 ) ;
#3759 = LINE ( 'NONE', #2810, #6491 ) ;
#3760 = ORIENTED_EDGE ( 'NONE', *, *, #4492, .T. ) ;
#3761 = DIRECTION ( 'NONE',  ( 0.0000000000000000000, 0.0000000000000000000, 1.000000000000000000 ) ) ;
#3762 = VECTOR ( 'NONE', #4308, 1000.000000000000000 ) ;
#3763 = ORIENTED_EDGE ( 'NONE', *, *, #6609, .T. ) ;
#3764 = EDGE_CURVE ( 'NONE', #3734, #4280, #390, .T. ) ;
#3765 = LINE ( 'NONE', #2442, #6498 ) ;
#3766 = ADVANCED_FACE ( 'NONE', ( #4189 ), #1783, .F. ) ;
#3767 = ADVANCED_FACE ( 'NONE', ( #1603 ), #6434, .F. ) ;
#3768 = ORIENTED_EDGE ( 'NONE', *, *, #5638, .F. ) ;
#3769 = CARTESIAN_POINT ( 'NONE',  ( 42.33160210526316547, -3.419999999999999929, -29.21190315789473502 ) ) ;
#3770 = ORIENTED_EDGE ( 'NONE', *, *, #2858, .F. ) ;
#3771 = CARTESIAN_POINT ( 'NONE',  ( 15.63400210526316059, 4.869999999999999218, -21.52050315789473700 ) ) ;
#3772 = DIRECTION ( 'NONE',  ( 0.0000000000000000000, 0.0000000000000000000, 1.000000000000000000 ) ) ;
#3773 = EDGE_CURVE ( 'NONE', #3847, #3587, #2824, .T. ) ;
#3774 = LINE ( 'NONE', #6660, #2401 ) ;
#3775 = CARTESIAN_POINT ( 'NONE',  ( -1.359697894736841661, 4.869999999999999218, -21.52050315789473700 ) ) ;
#3776 = ORIENTED_EDGE ( 'NONE', *, *, #4210, .T. ) ;
#3777 = ORIENTED_EDGE ( 'NONE', *, *, #6578, .F. ) ;
#3778 = AXIS2_PLACEMENT_3D ( 'NONE', #5163, #3114, #28 ) ;
#3779 = ORIENTED_EDGE ( 'NONE', *, *, #33, .T. ) ;
#3780 = MANIFOLD_SOLID_BREP ( 'Boss-Extrude3[13]', #4510 ) ;
#3781 = LINE ( 'NONE', #6127, #6368 ) ;
#3782 = ADVANCED_FACE ( 'NONE', ( #77 ), #3342, .T. ) ;
#3783 = ORIENTED_EDGE ( 'NONE', *, *, #3787, .T. ) ;
#3784 = CARTESIAN_POINT ( 'NONE',  ( -48.66899789473684734, 13.14999999999996128, 16.02419684210526540 ) ) ;
#3785 = LINE ( 'NONE', #6344, #2416 ) ;
#3786 = FACE_OUTER_BOUND ( 'NONE', #280, .T. ) ;
#3787 = EDGE_CURVE ( 'NONE', #6656, #394, #5399, .T. ) ;
#3788 = CARTESIAN_POINT ( 'NONE',  ( 22.67050210526316079, 1.449999999999999956, -16.58590315789473379 ) ) ;
#3789 = CARTESIAN_POINT ( 'NONE',  ( -3.389297894736842398, 0.0000000000000000000, 21.55489684210526846 ) ) ;
#3790 = CARTESIAN_POINT ( 'NONE',  ( 37.91150210526315334, 4.869999999999999218, -24.19730315789473707 ) ) ;
#3791 = ORIENTED_EDGE ( 'NONE', *, *, #3737, .F. ) ;
#3792 = EDGE_LOOP ( 'NONE', ( #2805, #1049, #6470, #5137 ) ) ;
#3793 = DIRECTION ( 'NONE',  ( 0.3162277660168339999, -0.9486832980505151003, 0.0000000000000000000 ) ) ;
#3794 = CARTESIAN_POINT ( 'NONE',  ( 20.61510210526315845, 9.950000000000001066, -6.360203157894734005 ) ) ;
#3795 = CARTESIAN_POINT ( 'NONE',  ( -30.53007446102908062, 6.627966397586101621, -30.25780315789473107 ) ) ;
#3796 = ORIENTED_EDGE ( 'NONE', *, *, #993, .F. ) ;
#3797 = FACE_OUTER_BOUND ( 'NONE', #985, .T. ) ;
#3798 = AXIS2_PLACEMENT_3D ( 'NONE', #6381, #1708, #5305 ) ;
#3799 = EDGE_CURVE ( 'NONE', #1350, #4842, #1430, .T. ) ;
#3800 = ADVANCED_FACE ( 'NONE', ( #5239 ), #791, .F. ) ;
#3801 = EDGE_CURVE ( 'NONE', #3849, #6154, #3867, .T. ) ;
#3802 = EDGE_LOOP ( 'NONE', ( #1572, #4560, #5543, #5770 ) ) ;
#3803 = ORIENTED_EDGE ( 'NONE', *, *, #5757, .T. ) ;
#3804 = ORIENTED_EDGE ( 'NONE', *, *, #3528, .T. ) ;
#3805 = LINE ( 'NONE', #1557, #2604 ) ;
#3806 = DIRECTION ( 'NONE',  ( 0.0000000000000000000, -0.0000000000000000000, 1.000000000000000000 ) ) ;
#3807 = ORIENTED_EDGE ( 'NONE', *, *, #4736, .T. ) ;
#3808 = VECTOR ( 'NONE', #6003, 1000.000000000000000 ) ;
#3809 = ORIENTED_EDGE ( 'NONE', *, *, #5282, .F. ) ;
#3810 = CARTESIAN_POINT ( 'NONE',  ( -48.66899789473684734, 19.14999999999999858, 16.02419684210526540 ) ) ;
#3811 = CARTESIAN_POINT ( 'NONE',  ( -25.21007446102908034, 15.15000000000000036, 29.74219684210526182 ) ) ;
#3812 = ORIENTED_EDGE ( 'NONE', *, *, #4055, .F. ) ;
#3813 = ORIENTED_EDGE ( 'NONE', *, *, #5913, .F. ) ;
#3814 = PLANE ( 'NONE',  #540 ) ;
#3815 = CARTESIAN_POINT ( 'NONE',  ( -0.7626978947368412420, 4.869999999999999218, 7.877096842105264507 ) ) ;
#3816 = CARTESIAN_POINT ( 'NONE',  ( 39.65160210526315154, 4.869999999999999218, 12.31709684210526490 ) ) ;
#3817 = ADVANCED_FACE ( 'NONE', ( #2504 ), #6467, .F. ) ;
#3818 = LOCAL_TIME ( 21, 2, 57.00000000000000000, #5183 ) ;
#3819 = EDGE_CURVE ( 'NONE', #2900, #3107, #6440, .T. ) ;
#3820 = VERTEX_POINT ( 'NONE', #1846 ) ;
#3821 = ORIENTED_EDGE ( 'NONE', *, *, #3234, .F. ) ;
#3822 = LINE ( 'NONE', #383, #1234 ) ;
#3823 = FACE_OUTER_BOUND ( 'NONE', #5302, .T. ) ;
#3824 = EDGE_CURVE ( 'NONE', #548, #394, #3706, .T. ) ;
#3825 = ORIENTED_EDGE ( 'NONE', *, *, #748, .T. ) ;
#3826 = EDGE_CURVE ( 'NONE', #2587, #5422, #5067, .T. ) ;
#3827 = DIRECTION ( 'NONE',  ( 0.0000000000000000000, 0.0000000000000000000, -1.000000000000000000 ) ) ;
#3828 = VECTOR ( 'NONE', #4250, 1000.000000000000000 ) ;
#3829 = FACE_OUTER_BOUND ( 'NONE', #2652, .T. ) ;
#3830 = VECTOR ( 'NONE', #5150, 1000.000000000000000 ) ;
#3831 = FACE_OUTER_BOUND ( 'NONE', #5959, .T. ) ;
#3832 = ADVANCED_FACE ( 'NONE', ( #4894 ), #313, .F. ) ;
#3833 = EDGE_LOOP ( 'NONE', ( #5509, #2391, #4992, #4433 ) ) ;
#3834 = VECTOR ( 'NONE', #1501, 1000.000000000000000 ) ;
#3835 = DIRECTION ( 'NONE',  ( 0.3162277660168339999, 0.9486832980505151003, -0.0000000000000000000 ) ) ;
#3836 = CLOSED_SHELL ( 'NONE', ( #1839, #2338, #807, #2868, #4828, #3150 ) ) ;
#3837 = FACE_OUTER_BOUND ( 'NONE', #851, .T. ) ;
#3838 = CLOSED_SHELL ( 'NONE', ( #4656, #5690, #1272, #5377, #4359, #1729, #5181, #1333, #3317, #3698, #1183, #1625, #3185, #668, #5744, #4909, #213, #584 ) ) ;
#3839 = LINE ( 'NONE', #5698, #2638 ) ;
#3840 =( GEOMETRIC_REPRESENTATION_CONTEXT ( 3 ) GLOBAL_UNCERTAINTY_ASSIGNED_CONTEXT ( ( #3938 ) ) GLOBAL_UNIT_ASSIGNED_CONTEXT ( ( #3005, #440, #4046 ) ) REPRESENTATION_CONTEXT ( 'NONE', 'WORKASPACE' ) );
#3842 = CARTESIAN_POINT ( 'NONE',  ( 40.96210210526315620, 9.950000000000001066, 4.143496842105264477 ) ) ;
#3841 = DIRECTION ( 'NONE',  ( 0.0000000000000000000, 1.000000000000000000, 0.0000000000000000000 ) ) ;
#3843 = EDGE_CURVE ( 'NONE', #218, #4550, #951, .T. ) ;
#3844 = ORIENTED_EDGE ( 'NONE', *, *, #3641, .F. ) ;
#3845 = FACE_OUTER_BOUND ( 'NONE', #2270, .T. ) ;
#3846 = ORIENTED_EDGE ( 'NONE', *, *, #5769, .F. ) ;
#3847 = VERTEX_POINT ( 'NONE', #5478 ) ;
#3848 = LINE ( 'NONE', #3632, #6424 ) ;
#3849 = VERTEX_POINT ( 'NONE', #2914 ) ;
#3850 = ORIENTED_EDGE ( 'NONE', *, *, #5110, .T. ) ;
#3851 = AXIS2_PLACEMENT_3D ( 'NONE', #5636, #4602, #1526 ) ;
#3852 = VECTOR ( 'NONE', #921, 1000.000000000000000 ) ;
#3853 = ORIENTED_EDGE ( 'NONE', *, *, #920, .F. ) ;
#3854 = CARTESIAN_POINT ( 'NONE',  ( 16.92960210526315734, -3.419999999999999929, -29.20810315789473322 ) ) ;
#3855 = ADVANCED_FACE ( 'NONE', ( #1121 ), #5985, .F. ) ;
#3856 = ORIENTED_EDGE ( 'NONE', *, *, #2608, .T. ) ;
#3857 = AXIS2_PLACEMENT_3D ( 'NONE', #6125, #3563, #475 ) ;
#3858 = EDGE_CURVE ( 'NONE', #3058, #6477, #2179, .T. ) ;
#3859 = DIRECTION ( 'NONE',  ( -0.8944271909999169656, 0.4472135954999559848, 0.0000000000000000000 ) ) ;
#3860 = DIRECTION ( 'NONE',  ( 1.000000000000000000, 0.0000000000000000000, -0.0000000000000000000 ) ) ;
#3861 = ORIENTED_EDGE ( 'NONE', *, *, #4636, .F. ) ;
#3862 = DIRECTION ( 'NONE',  ( 1.000000000000000000, 0.0000000000000000000, -0.0000000000000000000 ) ) ;
#3863 = VECTOR ( 'NONE', #2899, 1000.000000000000000 ) ;
#3864 = EDGE_LOOP ( 'NONE', ( #4902, #6378, #167, #1361 ) ) ;
#3865 = ADVANCED_FACE ( 'NONE', ( #3536 ), #2420, .F. ) ;
#3866 = EDGE_CURVE ( 'NONE', #6500, #5879, #3373, .T. ) ;
#3867 = LINE ( 'NONE', #3384, #6598 ) ;
#3868 = DIRECTION ( 'NONE',  ( -1.000000000000000000, 0.0000000000000000000, 0.0000000000000000000 ) ) ;
#3869 = ORIENTED_EDGE ( 'NONE', *, *, #3126, .F. ) ;
#3870 = ORIENTED_EDGE ( 'NONE', *, *, #6544, .F. ) ;
#3871 = VECTOR ( 'NONE', #6522, 1000.000000000000000 ) ;
#3872 = EDGE_CURVE ( 'NONE', #26, #6500, #6112, .T. ) ;
#3873 = CARTESIAN_POINT ( 'NONE',  ( 22.22590210526316312, 4.869999999999999218, 24.49029684210526270 ) ) ;
#3874 = CLOSED_SHELL ( 'NONE', ( #649, #4205, #549, #3626, #5906, #4766 ) ) ;
#3875 = CARTESIAN_POINT ( 'NONE',  ( 38.47040210526316173, 4.869999999999999218, -16.59860315789473617 ) ) ;
#3876 = CARTESIAN_POINT ( 'NONE',  ( -7.456097894736840814, -3.419999999999999929, -29.20810315789473322 ) ) ;
#3877 = CARTESIAN_POINT ( 'NONE',  ( -24.17007446102908830, 15.15000000000000036, 29.74219684210526182 ) ) ;
#3878 = PLANE ( 'NONE',  #693 ) ;
#3879 = ORIENTED_EDGE ( 'NONE', *, *, #2101, .F. ) ;
#3880 = ADVANCED_FACE ( 'NONE', ( #4741 ), #2443, .T. ) ;
#3881 = LINE ( 'NONE', #4402, #6455 ) ;
#3882 = AXIS2_PLACEMENT_3D ( 'NONE', #5095, #5618, #2543 ) ;
#3883 = EDGE_CURVE ( 'NONE', #3324, #62, #3213, .T. ) ;
#3884 = ORIENTED_EDGE ( 'NONE', *, *, #1360, .T. ) ;
#3885 = CARTESIAN_POINT ( 'NONE',  ( -19.74839789473683993, 1.449999999999999956, -18.63990315789473584 ) ) ;
#3886 = ORIENTED_EDGE ( 'NONE', *, *, #1064, .F. ) ;
#3887 = CARTESIAN_POINT ( 'NONE',  ( 40.71840210526315218, 1.449999999999999956, -6.285103157894734949 ) ) ;
#3888 = EDGE_LOOP ( 'NONE', ( #5668, #3084, #1303, #741 ) ) ;
#3889 = AXIS2_PLACEMENT_3D ( 'NONE', #1823, #5437, #2357 ) ;
#3890 = CARTESIAN_POINT ( 'NONE',  ( -19.74839789473683993, 9.950000000000001066, 16.44869684210526373 ) ) ;
#3891 = EDGE_LOOP ( 'NONE', ( #4653, #672, #862, #5766 ) ) ;
#3892 = EDGE_LOOP ( 'NONE', ( #5674, #3728, #3681, #1925, #3209 ) ) ;
#3893 = ADVANCED_FACE ( 'NONE', ( #4563 ), #4406, .F. ) ;
#3894 = CARTESIAN_POINT ( 'NONE',  ( -50.58859789473683577, 1.449999999999999956, 29.74219684210526182 ) ) ;
#3895 = EDGE_CURVE ( 'NONE', #368, #731, #1831, .T. ) ;
#3896 = CARTESIAN_POINT ( 'NONE',  ( -7.456097894736840814, -3.419999999999999929, -26.67090315789473465 ) ) ;
#3897 = VECTOR ( 'NONE', #1912, 1000.000000000000000 ) ;
#3898 = ORIENTED_EDGE ( 'NONE', *, *, #2101, .T. ) ;
#3899 = DIRECTION ( 'NONE',  ( -1.000000000000000000, -0.0000000000000000000, -0.0000000000000000000 ) ) ;
#3900 = CARTESIAN_POINT ( 'NONE',  ( 49.95210210526316530, 9.950000000000001066, -29.21190315789473502 ) ) ;
#3901 = DIRECTION ( 'NONE',  ( -1.000000000000000000, -0.0000000000000000000, -0.0000000000000000000 ) ) ;
#3902 = AXIS2_PLACEMENT_3D ( 'NONE', #3638, #4208, #4229 ) ;
#3903 = ORIENTED_EDGE ( 'NONE', *, *, #1280, .T. ) ;
#3904 = VECTOR ( 'NONE', #1141, 1000.000000000000000 ) ;
#3905 = CARTESIAN_POINT ( 'NONE',  ( -11.34279789473684019, 8.250000000000000000, 25.59139684210526511 ) ) ;
#3906 = FACE_OUTER_BOUND ( 'NONE', #3304, .T. ) ;
#3907 = LINE ( 'NONE', #4778, #2550 ) ;
#3908 = LINE ( 'NONE', #6360, #6480 ) ;
#3909 = VECTOR ( 'NONE', #2505, 1000.000000000000000 ) ;
#3910 = FACE_OUTER_BOUND ( 'NONE', #1278, .T. ) ;
#3911 = EDGE_CURVE ( 'NONE', #1456, #2587, #5941, .T. ) ;
#3912 = VERTEX_POINT ( 'NONE', #2983 ) ;
#3913 = CARTESIAN_POINT ( 'NONE',  ( 25.79500210526316195, 1.449999999999999956, 3.343296842105264233 ) ) ;
#3914 = ADVANCED_FACE ( 'NONE', ( #3051 ), #410, .F. ) ;
#3915 = EDGE_CURVE ( 'NONE', #2793, #855, #4268, .T. ) ;
#3916 = VECTOR ( 'NONE', #877, 1000.000000000000000 ) ;
#3917 = ORIENTED_EDGE ( 'NONE', *, *, #1266, .T. ) ;
#3918 = VECTOR ( 'NONE', #2272, 1000.000000000000000 ) ;
#3919 = DIRECTION ( 'NONE',  ( -1.000000000000000000, 0.0000000000000000000, -0.0000000000000000000 ) ) ;
#3920 = DIRECTION ( 'NONE',  ( 1.000000000000000000, 0.0000000000000000000, -0.0000000000000000000 ) ) ;
#3921 = EDGE_LOOP ( 'NONE', ( #2939, #1582, #3289, #1295 ) ) ;
#3922 = LINE ( 'NONE', #5391, #2241 ) ;
#3923 = AXIS2_PLACEMENT_3D ( 'NONE', #6038, #2599, #1933 ) ;
#3924 = EDGE_CURVE ( 'NONE', #426, #3649, #301, .T. ) ;
#3925 = VECTOR ( 'NONE', #1082, 1000.000000000000000 ) ;
#3926 = CARTESIAN_POINT ( 'NONE',  ( -29.53007446102908062, 6.627966397586102509, 29.74219684210526182 ) ) ;
#3927 = DIRECTION ( 'NONE',  ( -0.0000000000000000000, -0.0000000000000000000, -1.000000000000000000 ) ) ;
#3928 = EDGE_CURVE ( 'NONE', #1696, #2880, #2891, .T. ) ;
#3929 = ORIENTED_EDGE ( 'NONE', *, *, #1942, .T. ) ;
#3930 = ORIENTED_EDGE ( 'NONE', *, *, #3337, .T. ) ;
#3931 = DIRECTION ( 'NONE',  ( -0.0000000000000000000, -1.000000000000000000, -0.0000000000000000000 ) ) ;
#3932 = AXIS2_PLACEMENT_3D ( 'NONE', #2273, #2785, #6386 ) ;
#3933 = VECTOR ( 'NONE', #3053, 1000.000000000000000 ) ;
#3934 = DIRECTION ( 'NONE',  ( 0.0000000000000000000, 0.0000000000000000000, 1.000000000000000000 ) ) ;
#3935 = ORIENTED_EDGE ( 'NONE', *, *, #4173, .T. ) ;
#3936 = CARTESIAN_POINT ( 'NONE',  ( 16.92960210526315734, 0.0000000000000000000, -26.67090315789473465 ) ) ;
#3937 = ORIENTED_EDGE ( 'NONE', *, *, #3482, .T. ) ;
#3938 = UNCERTAINTY_MEASURE_WITH_UNIT (LENGTH_MEASURE( 1.000000000000000082E-05 ), #3005, 'distance_accuracy_value', 'NONE');
#3939 = DIRECTION ( 'NONE',  ( 1.000000000000000000, 0.0000000000000000000, 0.0000000000000000000 ) ) ;
#3940 = VECTOR ( 'NONE', #3025, 1000.000000000000000 ) ;
#3941 = DIRECTION ( 'NONE',  ( 0.0000000000000000000, 0.0000000000000000000, 1.000000000000000000 ) ) ;
#3942 = DIRECTION ( 'NONE',  ( 1.000000000000000000, 0.0000000000000000000, 0.0000000000000000000 ) ) ;
#3943 = ORIENTED_EDGE ( 'NONE', *, *, #198, .T. ) ;
#3944 = CARTESIAN_POINT ( 'NONE',  ( -21.53007446102908773, 15.15000000000000036, 29.74219684210526182 ) ) ;
#3945 = PLANE ( 'NONE',  #1043 ) ;
#3946 = CARTESIAN_POINT ( 'NONE',  ( -22.53007446102908773, 6.627966397586102509, -30.25780315789473107 ) ) ;
#3947 = VECTOR ( 'NONE', #1714, 1000.000000000000000 ) ;
#3948 = VECTOR ( 'NONE', #1594, 1000.000000000000000 ) ;
#3949 = PLANE ( 'NONE',  #6255 ) ;
#3950 = VERTEX_POINT ( 'NONE', #3002 ) ;
#3951 = EDGE_CURVE ( 'NONE', #6499, #618, #2746, .T. ) ;
#3952 = CARTESIAN_POINT ( 'NONE',  ( -33.92489789473684425, 7.699999999999954881, -23.49190315789473260 ) ) ;
#3953 = FACE_OUTER_BOUND ( 'NONE', #2955, .T. ) ;
#3954 = CARTESIAN_POINT ( 'NONE',  ( -19.74839789473683993, 9.950000000000001066, -16.48330315789473843 ) ) ;
#3955 = ORIENTED_EDGE ( 'NONE', *, *, #1518, .T. ) ;
#3956 = ORIENTED_EDGE ( 'NONE', *, *, #5788, .T. ) ;
#3957 = ORIENTED_EDGE ( 'NONE', *, *, #3688, .F. ) ;
#3958 = VECTOR ( 'NONE', #4713, 1000.000000000000000 ) ;
#3959 = PLANE ( 'NONE',  #860 ) ;
#3960 = EDGE_CURVE ( 'NONE', #872, #6499, #147, .T. ) ;
#3961 = AXIS2_PLACEMENT_3D ( 'NONE', #667, #4780, #1701 ) ;
#3962 = EDGE_CURVE ( 'NONE', #2530, #1636, #5629, .T. ) ;
#3963 = CLOSED_SHELL ( 'NONE', ( #4349, #5865, #2183, #6473, #80, #4754, #5717 ) ) ;
#3964 = FACE_OUTER_BOUND ( 'NONE', #268, .T. ) ;
#3965 = ORIENTED_EDGE ( 'NONE', *, *, #4736, .F. ) ;
#3966 = DIRECTION ( 'NONE',  ( 0.0000000000000000000, 1.000000000000000000, 0.0000000000000000000 ) ) ;
#3967 = DIRECTION ( 'NONE',  ( 1.000000000000000000, 0.0000000000000000000, 0.0000000000000000000 ) ) ;
#3968 = CARTESIAN_POINT ( 'NONE',  ( 22.67050210526316079, 1.449999999999999956, -24.19730315789473707 ) ) ;
#3969 = DIRECTION ( 'NONE',  ( 1.000000000000000000, 0.0000000000000000000, 0.0000000000000000000 ) ) ;
#3970 = DIRECTION ( 'NONE',  ( 1.000000000000000000, 0.0000000000000000000, 0.0000000000000000000 ) ) ;
#3971 = ORIENTED_EDGE ( 'NONE', *, *, #5913, .T. ) ;
#3972 = ORIENTED_EDGE ( 'NONE', *, *, #2839, .F. ) ;
#3973 = DIRECTION ( 'NONE',  ( 0.0000000000000000000, 0.0000000000000000000, 1.000000000000000000 ) ) ;
#3974 = CALENDAR_DATE ( 2019, 14, 4 ) ;
#3975 = CARTESIAN_POINT ( 'NONE',  ( 37.91150210526315334, 1.449999999999999956, -16.58590315789473379 ) ) ;
#3976 = VERTEX_POINT ( 'NONE', #6625 ) ;
#3977 = FACE_OUTER_BOUND ( 'NONE', #4664, .T. ) ;
#3978 = VECTOR ( 'NONE', #3305, 1000.000000000000000 ) ;
#3979 = DIRECTION ( 'NONE',  ( 0.0000000000000000000, 0.0000000000000000000, 1.000000000000000000 ) ) ;
#3980 = LINE ( 'NONE', #6219, #194 ) ;
#3981 = CARTESIAN_POINT ( 'NONE',  ( 26.11240210526315764, 4.869999999999999218, -4.382303157894734014 ) ) ;
#3982 = VECTOR ( 'NONE', #5060, 1000.000000000000000 ) ;
#3983 = VECTOR ( 'NONE', #2581, 1000.000000000000000 ) ;
#3984 = PLANE ( 'NONE',  #1431 ) ;
#3985 = CARTESIAN_POINT ( 'NONE',  ( 26.11240210526315764, 1.449999999999999956, -4.382303157894734014 ) ) ;
#3986 = CARTESIAN_POINT ( 'NONE',  ( 47.41190210526315241, -3.419999999999999929, 16.43479684210526415 ) ) ;
#3987 = EDGE_CURVE ( 'NONE', #5542, #1393, #1205, .T. ) ;
#3988 = VERTEX_POINT ( 'NONE', #6083 ) ;
#3989 = VECTOR ( 'NONE', #3635, 1000.000000000000000 ) ;
#3990 = VERTEX_POINT ( 'NONE', #4557 ) ;
#3991 = AXIS2_PLACEMENT_3D ( 'NONE', #1817, #3378, #282 ) ;
#3992 = CARTESIAN_POINT ( 'NONE',  ( 32.66600210526316062, 4.869999999999999218, 7.877096842105264507 ) ) ;
#3993 = VECTOR ( 'NONE', #5516, 1000.000000000000000 ) ;
#3994 = VERTEX_POINT ( 'NONE', #1478 ) ;
#3995 = VECTOR ( 'NONE', #206, 1000.000000000000000 ) ;
#3996 = DIRECTION ( 'NONE',  ( -1.000000000000000000, -0.0000000000000000000, -0.0000000000000000000 ) ) ;
#3997 = VERTEX_POINT ( 'NONE', #3541 ) ;
#3998 = DIRECTION ( 'NONE',  ( 0.0000000000000000000, 1.000000000000000000, 0.0000000000000000000 ) ) ;
#3999 = CARTESIAN_POINT ( 'NONE',  ( -30.53007446102908062, 5.899999999999999467, -30.25780315789473107 ) ) ;
#4000 = CARTESIAN_POINT ( 'NONE',  ( -9.259597894736844026, 4.869999999999999218, 21.83899684210526360 ) ) ;
#4001 = VECTOR ( 'NONE', #423, 1000.000000000000000 ) ;
#4002 = ORIENTED_EDGE ( 'NONE', *, *, #6572, .T. ) ;
#4003 = FACE_OUTER_BOUND ( 'NONE', #2612, .T. ) ;
#4004 = ORIENTED_EDGE ( 'NONE', *, *, #2585, .F. ) ;
#4005 = CARTESIAN_POINT ( 'NONE',  ( -26.85007446102908801, 15.15000000000000036, 29.74219684210526182 ) ) ;
#4006 = ORIENTED_EDGE ( 'NONE', *, *, #6316, .T. ) ;
#4007 = PLANE ( 'NONE',  #2551 ) ;
#4008 = CARTESIAN_POINT ( 'NONE',  ( -38.69399789473683882, 19.14999999999999858, 26.01279684210526355 ) ) ;
#4009 = CARTESIAN_POINT ( 'NONE',  ( 20.56320210526315861, 9.950000000000001066, -16.48330315789473843 ) ) ;
#4010 = CARTESIAN_POINT ( 'NONE',  ( -38.69399789473683882, 19.14999999999999858, 16.02419684210526540 ) ) ;
#4011 = VECTOR ( 'NONE', #4994, 1000.000000000000000 ) ;
#4012 = ORIENTED_EDGE ( 'NONE', *, *, #2830, .F. ) ;
#4013 = CARTESIAN_POINT ( 'NONE',  ( -48.66899789473684734, 19.14999999999999858, 26.01279684210526355 ) ) ;
#4014 = ORIENTED_EDGE ( 'NONE', *, *, #214, .F. ) ;
#4015 = CARTESIAN_POINT ( 'NONE',  ( -7.748297894736841940, 1.449999999999999956, 7.877096842105264507 ) ) ;
#4016 = DIRECTION ( 'NONE',  ( 0.0000000000000000000, 0.0000000000000000000, -1.000000000000000000 ) ) ;
#4017 = CARTESIAN_POINT ( 'NONE',  ( -29.99052042804536811, 5.899999999999999467, -13.22146305049674275 ) ) ;
#4018 = DIRECTION ( 'NONE',  ( 0.0000000000000000000, 0.0000000000000000000, 1.000000000000000000 ) ) ;
#4019 = EDGE_CURVE ( 'NONE', #1193, #2472, #2584, .T. ) ;
#4020 = DIRECTION ( 'NONE',  ( -0.0000000000000000000, -0.0000000000000000000, -1.000000000000000000 ) ) ;
#4021 = ORIENTED_EDGE ( 'NONE', *, *, #93, .F. ) ;
#4022 = LINE ( 'NONE', #815, #4184 ) ;
#4023 = CARTESIAN_POINT ( 'NONE',  ( -41.77399789473683711, 10.69999999999999929, -23.49190315789473260 ) ) ;
#4024 = CARTESIAN_POINT ( 'NONE',  ( -18.62029789473684005, 0.0000000000000000000, 19.00249684210526624 ) ) ;
#4025 = ORIENTED_EDGE ( 'NONE', *, *, #574, .T. ) ;
#4026 = VECTOR ( 'NONE', #2377, 1000.000000000000000 ) ;
#4027 = DIRECTION ( 'NONE',  ( 0.0000000000000000000, -0.0000000000000000000, -1.000000000000000000 ) ) ;
#4028 = CARTESIAN_POINT ( 'NONE',  ( -19.86499789473684174, 4.869999999999999218, -21.52050315789473700 ) ) ;
#4029 = ORIENTED_EDGE ( 'NONE', *, *, #229, .T. ) ;
#4030 = AXIS2_PLACEMENT_3D ( 'NONE', #102, #2206, #1424 ) ;
#4031 = CARTESIAN_POINT ( 'NONE',  ( 6.451502105263158704, 4.869999999999999218, 24.49029684210526270 ) ) ;
#4032 = VECTOR ( 'NONE', #4499, 1000.000000000000000 ) ;
#4033 = DIRECTION ( 'NONE',  ( -0.0000000000000000000, -1.000000000000000000, -0.0000000000000000000 ) ) ;
#4034 = EDGE_CURVE ( 'NONE', #6425, #6460, #5145, .T. ) ;
#4035 = DIRECTION ( 'NONE',  ( 0.0000000000000000000, 1.000000000000000000, 0.0000000000000000000 ) ) ;
#4036 = PLANE ( 'NONE',  #1738 ) ;
#4037 = ORIENTED_EDGE ( 'NONE', *, *, #4339, .T. ) ;
#4038 = ORIENTED_EDGE ( 'NONE', *, *, #1608, .F. ) ;
#4039 = DIRECTION ( 'NONE',  ( 0.0000000000000000000, 0.0000000000000000000, 1.000000000000000000 ) ) ;
#4040 = EDGE_CURVE ( 'NONE', #5900, #2631, #3781, .T. ) ;
#4041 = EDGE_CURVE ( 'NONE', #4800, #249, #6677, .T. ) ;
#4042 = ORIENTED_EDGE ( 'NONE', *, *, #888, .F. ) ;
#4043 = CARTESIAN_POINT ( 'NONE',  ( -33.92489789473684425, 1.449999999999999956, -23.49190315789473260 ) ) ;
#4044 = VECTOR ( 'NONE', #6589, 1000.000000000000000 ) ;
#4045 = CARTESIAN_POINT ( 'NONE',  ( -27.89007446102908006, 6.627966397586102509, -30.25780315789473107 ) ) ;
#4046 =( NAMED_UNIT ( * ) SI_UNIT ( $, .STERADIAN. ) SOLID_ANGLE_UNIT ( ) );
#4047 = ORIENTED_EDGE ( 'NONE', *, *, #755, .F. ) ;
#4048 = CARTESIAN_POINT ( 'NONE',  ( -27.89007446102908006, 6.627966397586102509, 29.74219684210526182 ) ) ;
#4049 = ORIENTED_EDGE ( 'NONE', *, *, #4580, .T. ) ;
#4050 = DIRECTION ( 'NONE',  ( 1.000000000000000000, 4.071149110431670071E-16, 0.0000000000000000000 ) ) ;
#4051 = PERSON ( 'UNSPECIFIED', 'UNSPECIFIED', 'UNSPECIFIED', ('UNSPECIFIED'), ('UNSPECIFIED'), ('UNSPECIFIED') ) ;
#4052 = DIRECTION ( 'NONE',  ( -0.0000000000000000000, 0.0000000000000000000, 1.000000000000000000 ) ) ;
#4053 = CARTESIAN_POINT ( 'NONE',  ( -7.748297894736841940, 1.449999999999999956, 7.877096842105264507 ) ) ;
#4054 = CC_DESIGN_APPROVAL ( #3709, ( #2684 ) ) ;
#4055 = EDGE_CURVE ( 'NONE', #3058, #3044, #1034, .T. ) ;
#4056 = DIRECTION ( 'NONE',  ( -0.0000000000000000000, 0.0000000000000000000, 1.000000000000000000 ) ) ;
#4057 = DIRECTION ( 'NONE',  ( -0.0000000000000000000, -1.000000000000000000, -0.0000000000000000000 ) ) ;
#4058 = CARTESIAN_POINT ( 'NONE',  ( 40.13420210526315657, 4.869999999999999218, 24.49029684210526270 ) ) ;
#4059 = CARTESIAN_POINT ( 'NONE',  ( -21.60911273411831601, 5.899999999999999467, 19.86876992292952693 ) ) ;
#4060 = ORIENTED_EDGE ( 'NONE', *, *, #5481, .F. ) ;
#4061 = ORIENTED_EDGE ( 'NONE', *, *, #5908, .F. ) ;
#4062 = VECTOR ( 'NONE', #861, 1000.000000000000000 ) ;
#4063 = VERTEX_POINT ( 'NONE', #2571 ) ;
#4064 = ORIENTED_EDGE ( 'NONE', *, *, #1019, .F. ) ;
#4065 = DIRECTION ( 'NONE',  ( -1.000000000000000000, 0.0000000000000000000, -0.0000000000000000000 ) ) ;
#4066 = CARTESIAN_POINT ( 'NONE',  ( 40.96210210526315620, 9.950000000000001066, 6.325496842105266637 ) ) ;
#4067 = DIRECTION ( 'NONE',  ( -1.000000000000000000, -0.0000000000000000000, -0.0000000000000000000 ) ) ;
#4068 = DIRECTION ( 'NONE',  ( -0.0000000000000000000, -1.000000000000000000, -0.0000000000000000000 ) ) ;
#4069 = CARTESIAN_POINT ( 'NONE',  ( -18.62029789473684005, -3.419999999999999929, 21.55489684210526846 ) ) ;
#4070 = VECTOR ( 'NONE', #2027, 1000.000000000000000 ) ;
#4071 = LINE ( 'NONE', #6190, #5281 ) ;
#4072 = ORIENTED_EDGE ( 'NONE', *, *, #5551, .T. ) ;
#4073 = DATE_TIME_ROLE ( 'creation_date' ) ;
#4074 = AXIS2_PLACEMENT_3D ( 'NONE', #1420, #2161, #1910 ) ;
#4075 = CARTESIAN_POINT ( 'NONE',  ( -24.17007446102908830, 15.15000000000000036, 29.74219684210526182 ) ) ;
#4076 = VECTOR ( 'NONE', #4791, 1000.000000000000000 ) ;
#4077 = CARTESIAN_POINT ( 'NONE',  ( -19.74839789473683993, 9.950000000000001066, -18.63990315789473584 ) ) ;
#4078 = EDGE_CURVE ( 'NONE', #6494, #6349, #2259, .T. ) ;
#4079 = VECTOR ( 'NONE', #484, 1000.000000000000000 ) ;
#4080 = LINE ( 'NONE', #3374, #2721 ) ;
#4081 = DIRECTION ( 'NONE',  ( 1.000000000000000000, 0.0000000000000000000, -0.0000000000000000000 ) ) ;
#4082 = VECTOR ( 'NONE', #4487, 1000.000000000000000 ) ;
#4083 = EDGE_LOOP ( 'NONE', ( #769, #4573, #6081, #4162 ) ) ;
#4084 = DIRECTION ( 'NONE',  ( 0.0000000000000000000, 0.0000000000000000000, 1.000000000000000000 ) ) ;
#4085 = LINE ( 'NONE', #705, #5446 ) ;
#4086 = AXIS2_PLACEMENT_3D ( 'NONE', #3392, #2390, #5972 ) ;
#4087 = EDGE_CURVE ( 'NONE', #2278, #3285, #6194, .T. ) ;
#4088 = VECTOR ( 'NONE', #1417, 1000.000000000000000 ) ;
#4089 = ORIENTED_EDGE ( 'NONE', *, *, #3138, .T. ) ;
#4090 = CARTESIAN_POINT ( 'NONE',  ( 19.60940210526315752, 4.869999999999999218, -14.93160315789473458 ) ) ;
#4091 = CARTESIAN_POINT ( 'NONE',  ( 34.35530210526316353, 1.449999999999999956, 24.49029684210526270 ) ) ;
#4092 = ORIENTED_EDGE ( 'NONE', *, *, #5420, .T. ) ;
#4093 = VECTOR ( 'NONE', #3550, 1000.000000000000000 ) ;
#4094 = CARTESIAN_POINT ( 'NONE',  ( -12.24459789473684168, 4.869999999999999218, -21.52050315789473700 ) ) ;
#4095 = PLANE ( 'NONE',  #5290 ) ;
#4096 = VERTEX_POINT ( 'NONE', #1017 ) ;
#4097 = DIRECTION ( 'NONE',  ( 1.000000000000000000, 0.0000000000000000000, 0.0000000000000000000 ) ) ;
#4098 = DIRECTION ( 'NONE',  ( 0.0000000000000000000, 0.0000000000000000000, 1.000000000000000000 ) ) ;
#4099 = PLANE ( 'NONE',  #4380 ) ;
#4100 = ORIENTED_EDGE ( 'NONE', *, *, #412, .F. ) ;
#4101 = VECTOR ( 'NONE', #433, 1000.000000000000000 ) ;
#4102 = EDGE_CURVE ( 'NONE', #3631, #548, #6019, .T. ) ;
#4103 = PLANE ( 'NONE',  #3552 ) ;
#4104 = AXIS2_PLACEMENT_3D ( 'NONE', #257, #2857, #6457 ) ;
#4105 = ORIENTED_EDGE ( 'NONE', *, *, #5974, .F. ) ;
#4106 = CARTESIAN_POINT ( 'NONE',  ( -34.88299789473684598, 19.14999999999999858, -1.613203157894734119 ) ) ;
#4107 = FACE_OUTER_BOUND ( 'NONE', #2188, .T. ) ;
#4108 = CARTESIAN_POINT ( 'NONE',  ( -34.88299789473684598, 19.14999999999999858, -1.613203157894734119 ) ) ;
#4109 = DIRECTION ( 'NONE',  ( -0.0000000000000000000, -1.000000000000000000, -0.0000000000000000000 ) ) ;
#4110 = PLANE ( 'NONE',  #3851 ) ;
#4111 = LINE ( 'NONE', #71, #1208 ) ;
#4112 = DIRECTION ( 'NONE',  ( 0.0000000000000000000, 0.0000000000000000000, -1.000000000000000000 ) ) ;
#4113 = ORIENTED_EDGE ( 'NONE', *, *, #6104, .F. ) ;
#4114 = ORIENTED_EDGE ( 'NONE', *, *, #6174, .T. ) ;
#4115 = EDGE_LOOP ( 'NONE', ( #978, #5319, #4347, #1687 ) ) ;
#4116 = VECTOR ( 'NONE', #1758, 1000.000000000000000 ) ;
#4117 = CARTESIAN_POINT ( 'NONE',  ( 0.9010021052631582705, 1.449999999999999956, 29.45039684210526687 ) ) ;
#4118 = CARTESIAN_POINT ( 'NONE',  ( -11.52049789473684172, 4.869999999999999218, -24.05770315789473557 ) ) ;
#4119 = DIRECTION ( 'NONE',  ( -1.000000000000000000, -0.0000000000000000000, -0.0000000000000000000 ) ) ;
#4120 = AXIS2_PLACEMENT_3D ( 'NONE', #2872, #4423, #6490 ) ;
#4121 = DIRECTION ( 'NONE',  ( -0.0000000000000000000, -1.000000000000000000, -0.0000000000000000000 ) ) ;
#4122 = ORIENTED_EDGE ( 'NONE', *, *, #174, .T. ) ;
#4123 = EDGE_LOOP ( 'NONE', ( #5570, #5333, #5792, #539 ) ) ;
#4124 = VERTEX_POINT ( 'NONE', #1525 ) ;
#4125 = FACE_OUTER_BOUND ( 'NONE', #2263, .T. ) ;
#4126 = CARTESIAN_POINT ( 'NONE',  ( -30.53007446102908062, 15.15000000000000036, 29.74219684210526182 ) ) ;
#4127 = AXIS2_PLACEMENT_3D ( 'NONE', #4731, #1646, #5258 ) ;
#4128 = ORIENTED_EDGE ( 'NONE', *, *, #2685, .T. ) ;
#4129 = FACE_OUTER_BOUND ( 'NONE', #2222, .T. ) ;
#4130 = ORIENTED_EDGE ( 'NONE', *, *, #3960, .T. ) ;
#4131 = DIRECTION ( 'NONE',  ( -0.0000000000000000000, -0.0000000000000000000, -1.000000000000000000 ) ) ;
#4132 = EDGE_CURVE ( 'NONE', #2832, #4800, #3451, .T. ) ;
#4133 = CARTESIAN_POINT ( 'NONE',  ( -10.37729789473684328, 1.449999999999999956, 0.2479968421052660688 ) ) ;
#4134 = ORIENTED_EDGE ( 'NONE', *, *, #6338, .F. ) ;
#4135 = ORIENTED_EDGE ( 'NONE', *, *, #4514, .T. ) ;
#4136 = ADVANCED_FACE ( 'NONE', ( #1906 ), #3086, .F. ) ;
#4137 = CARTESIAN_POINT ( 'NONE',  ( -29.99052042804536811, 1.449999999999999956, 12.14045893242535712 ) ) ;
#4138 = DATE_AND_TIME ( #5500, #185 ) ;
#4139 = EDGE_CURVE ( 'NONE', #6203, #2295, #5864, .T. ) ;
#4140 = ORIENTED_EDGE ( 'NONE', *, *, #2381, .T. ) ;
#4141 = ORIENTED_EDGE ( 'NONE', *, *, #626, .F. ) ;
#4142 = EDGE_CURVE ( 'NONE', #6013, #5161, #3298, .T. ) ;
#4143 = CARTESIAN_POINT ( 'NONE',  ( 15.97710210526315855, 4.869999999999999218, 24.49029684210526270 ) ) ;
#4144 = VECTOR ( 'NONE', #2978, 1000.000000000000000 ) ;
#4145 = DIRECTION ( 'NONE',  ( -0.0000000000000000000, -1.000000000000000000, -0.0000000000000000000 ) ) ;
#4146 = LINE ( 'NONE', #2260, #4310 ) ;
#4147 = MANIFOLD_SOLID_BREP ( 'Boss-Extrude5[3]', #1868 ) ;
#4148 = AXIS2_PLACEMENT_3D ( 'NONE', #5494, #3969, #869 ) ;
#4149 = ORIENTED_EDGE ( 'NONE', *, *, #295, .F. ) ;
#4150 = VECTOR ( 'NONE', #4180, 1000.000000000000000 ) ;
#4151 = VECTOR ( 'NONE', #6162, 1000.000000000000000 ) ;
#4152 = LINE ( 'NONE', #3055, #4317 ) ;
#4153 = PLANE ( 'NONE',  #1469 ) ;
#4154 = EDGE_LOOP ( 'NONE', ( #6601, #4956, #418, #3850 ) ) ;
#4155 = DIRECTION ( 'NONE',  ( 1.000000000000000000, 0.0000000000000000000, 0.0000000000000000000 ) ) ;
#4156 = DIRECTION ( 'NONE',  ( -1.000000000000000000, 0.0000000000000000000, 0.0000000000000000000 ) ) ;
#4157 = VECTOR ( 'NONE', #5167, 1000.000000000000000 ) ;
#4158 = ORIENTED_EDGE ( 'NONE', *, *, #6411, .F. ) ;
#4159 = FACE_OUTER_BOUND ( 'NONE', #4396, .T. ) ;
#4160 = VECTOR ( 'NONE', #5260, 1000.000000000000000 ) ;
#4161 = AXIS2_PLACEMENT_3D ( 'NONE', #5602, #1117, #2234 ) ;
#4162 = ORIENTED_EDGE ( 'NONE', *, *, #673, .T. ) ;
#4163 = LINE ( 'NONE', #4059, #5843 ) ;
#4164 = DIRECTION ( 'NONE',  ( 0.0000000000000000000, 0.0000000000000000000, 1.000000000000000000 ) ) ;
#4165 = EDGE_LOOP ( 'NONE', ( #3549, #4865, #4482, #3409 ) ) ;
#4166 = EDGE_CURVE ( 'NONE', #4540, #3404, #4474, .T. ) ;
#4167 = VECTOR ( 'NONE', #500, 1000.000000000000000 ) ;
#4168 = CARTESIAN_POINT ( 'NONE',  ( -0.8769978947368413102, 0.0000000000000000000, 18.99739684210526391 ) ) ;
#4169 = ORIENTED_EDGE ( 'NONE', *, *, #5084, .T. ) ;
#4170 = VERTEX_POINT ( 'NONE', #5406 ) ;
#4171 = PLANE ( 'NONE',  #2102 ) ;
#4172 = CARTESIAN_POINT ( 'NONE',  ( -48.66899789473684734, 19.14999999999999858, 16.02419684210526540 ) ) ;
#4173 = EDGE_CURVE ( 'NONE', #2703, #3988, #4341, .T. ) ;
#4174 = LINE ( 'NONE', #386, #4011 ) ;
#4175 = ADVANCED_FACE ( 'NONE', ( #5708 ), #2840, .F. ) ;
#4176 = EDGE_CURVE ( 'NONE', #3988, #2723, #227, .T. ) ;
#4177 = ADVANCED_FACE ( 'NONE', ( #1597 ), #1812, .F. ) ;
#4178 = ORIENTED_EDGE ( 'NONE', *, *, #2877, .T. ) ;
#4179 = CLOSED_SHELL ( 'NONE', ( #4884, #2817, #2849, #622, #4781, #3184 ) ) ;
#4180 = DIRECTION ( 'NONE',  ( -0.0000000000000000000, -1.000000000000000000, -0.0000000000000000000 ) ) ;
#4181 = ORIENTED_EDGE ( 'NONE', *, *, #4166, .T. ) ;
#4182 = PLANE ( 'NONE',  #4074 ) ;
#4183 = EDGE_CURVE ( 'NONE', #6058, #3324, #1761, .T. ) ;
#4184 = VECTOR ( 'NONE', #797, 1000.000000000000000 ) ;
#4185 = ORIENTED_EDGE ( 'NONE', *, *, #2798, .F. ) ;
#4186 = DIRECTION ( 'NONE',  ( 1.000000000000000000, 0.0000000000000000000, 0.0000000000000000000 ) ) ;
#4187 = CARTESIAN_POINT ( 'NONE',  ( -19.74829789473684016, 9.950000000000001066, 4.143496842105264477 ) ) ;
#4188 = DIRECTION ( 'NONE',  ( 0.0000000000000000000, 0.0000000000000000000, -1.000000000000000000 ) ) ;
#4189 = FACE_OUTER_BOUND ( 'NONE', #2320, .T. ) ;
#4190 = ORIENTED_EDGE ( 'NONE', *, *, #1329, .T. ) ;
#4191 = ORIENTED_EDGE ( 'NONE', *, *, #5818, .T. ) ;
#4192 = CARTESIAN_POINT ( 'NONE',  ( 22.22590210526316312, 4.869999999999999218, 28.99369684210526188 ) ) ;
#4193 = LINE ( 'NONE', #3463, #5719 ) ;
#4194 = PLANE ( 'NONE',  #4214 ) ;
#4195 = DIRECTION ( 'NONE',  ( 1.000000000000000000, 0.0000000000000000000, 0.0000000000000000000 ) ) ;
#4196 = CARTESIAN_POINT ( 'NONE',  ( 40.71840210526315218, 4.869999999999999218, -6.285103157894734949 ) ) ;
#4197 = ORIENTED_EDGE ( 'NONE', *, *, #3469, .F. ) ;
#4198 = ORIENTED_EDGE ( 'NONE', *, *, #3233, .T. ) ;
#4199 = CARTESIAN_POINT ( 'NONE',  ( 22.22590210526316312, 4.869999999999999218, 24.49029684210526270 ) ) ;
#4200 = CARTESIAN_POINT ( 'NONE',  ( -21.60911273411832312, 5.899999999999999467, -13.22146305049674275 ) ) ;
#4201 = ORIENTED_EDGE ( 'NONE', *, *, #1608, .T. ) ;
#4202 = EDGE_CURVE ( 'NONE', #1374, #1324, #2820, .T. ) ;
#4203 = DIRECTION ( 'NONE',  ( -0.0000000000000000000, -1.000000000000000000, -0.0000000000000000000 ) ) ;
#4204 = ADVANCED_FACE ( 'NONE', ( #1425 ), #4911, .F. ) ;
#4205 = ADVANCED_FACE ( 'NONE', ( #5396 ), #6476, .F. ) ;
#4206 = ORIENTED_EDGE ( 'NONE', *, *, #65, .F. ) ;
#4207 = LINE ( 'NONE', #3205, #2687 ) ;
#4208 = DIRECTION ( 'NONE',  ( 0.0000000000000000000, 1.000000000000000000, 0.0000000000000000000 ) ) ;
#4209 = PLANE ( 'NONE',  #4838 ) ;
#4210 = EDGE_CURVE ( 'NONE', #5012, #2631, #4022, .T. ) ;
#4211 = CARTESIAN_POINT ( 'NONE',  ( -30.53007446102908062, 15.15000000000000036, -30.25780315789473107 ) ) ;
#4212 = CARTESIAN_POINT ( 'NONE',  ( -41.77399789473683711, 1.449999999999999956, -3.115803157894735165 ) ) ;
#4213 = ORIENTED_EDGE ( 'NONE', *, *, #1518, .F. ) ;
#4214 = AXIS2_PLACEMENT_3D ( 'NONE', #74, #1107, #4696 ) ;
#4215 = ORIENTED_EDGE ( 'NONE', *, *, #1971, .F. ) ;
#4216 = EDGE_LOOP ( 'NONE', ( #3935, #1934, #211, #3505 ) ) ;
#4217 = CARTESIAN_POINT ( 'NONE',  ( -7.748297894736841940, 4.869999999999999218, 7.877096842105264507 ) ) ;
#4218 = EDGE_CURVE ( 'NONE', #324, #375, #2663, .T. ) ;
#4219 = DIRECTION ( 'NONE',  ( 1.000000000000000000, 0.0000000000000000000, 0.0000000000000000000 ) ) ;
#4220 = DIRECTION ( 'NONE',  ( -0.0000000000000000000, -0.0000000000000000000, -1.000000000000000000 ) ) ;
#4221 = CARTESIAN_POINT ( 'NONE',  ( 0.0000000000000000000, 1.449999999999999956, 0.0000000000000000000 ) ) ;
#4222 = EDGE_LOOP ( 'NONE', ( #4916, #5607, #465, #3080 ) ) ;
#4223 = ORIENTED_EDGE ( 'NONE', *, *, #4102, .F. ) ;
#4224 = CARTESIAN_POINT ( 'NONE',  ( -1.359697894736841661, 4.869999999999999218, -24.05770315789473557 ) ) ;
#4225 = DIRECTION ( 'NONE',  ( -0.0000000000000000000, -1.000000000000000000, -0.0000000000000000000 ) ) ;
#4226 = LINE ( 'NONE', #343, #4062 ) ;
#4227 = DIRECTION ( 'NONE',  ( -0.0000000000000000000, -1.000000000000000000, -0.0000000000000000000 ) ) ;
#4228 = ORIENTED_EDGE ( 'NONE', *, *, #3126, .T. ) ;
#4229 = DIRECTION ( 'NONE',  ( 0.0000000000000000000, 0.0000000000000000000, 1.000000000000000000 ) ) ;
#4230 = VECTOR ( 'NONE', #1666, 1000.000000000000000 ) ;
#4231 = DIRECTION ( 'NONE',  ( -0.0000000000000000000, -0.0000000000000000000, 1.000000000000000000 ) ) ;
#4232 = LINE ( 'NONE', #1566, #6475 ) ;
#4233 = EDGE_CURVE ( 'NONE', #2012, #2748, #6594, .T. ) ;
#4234 = MANIFOLD_SOLID_BREP ( 'Chamfer2', #1048 ) ;
#4235 = EDGE_LOOP ( 'NONE', ( #2034, #2963, #5241, #1953 ) ) ;
#4236 = CARTESIAN_POINT ( 'NONE',  ( 22.22590210526316312, 4.869999999999999218, 24.49029684210526270 ) ) ;
#4237 = VECTOR ( 'NONE', #675, 1000.000000000000000 ) ;
#4238 = VECTOR ( 'NONE', #463, 1000.000000000000000 ) ;
#4239 = CARTESIAN_POINT ( 'NONE',  ( -22.53007446102909128, 15.15000000000000036, 29.74219684210526182 ) ) ;
#4240 = ADVANCED_FACE ( 'NONE', ( #1270 ), #322, .F. ) ;
#4241 = ADVANCED_FACE ( 'NONE', ( #1114 ), #1349, .F. ) ;
#4242 = LINE ( 'NONE', #4977, #5444 ) ;
#4243 = CARTESIAN_POINT ( 'NONE',  ( 21.98470210526316038, -3.419999999999999929, 21.53459684210526248 ) ) ;
#4244 = ORIENTED_EDGE ( 'NONE', *, *, #4270, .F. ) ;
#4245 = DIRECTION ( 'NONE',  ( -1.000000000000000000, -4.071149110431670071E-16, 0.0000000000000000000 ) ) ;
#4246 = FACE_OUTER_BOUND ( 'NONE', #1441, .T. ) ;
#4247 = EDGE_CURVE ( 'NONE', #2446, #1427, #6437, .T. ) ;
#4248 = DIRECTION ( 'NONE',  ( 0.0000000000000000000, 1.000000000000000000, 0.0000000000000000000 ) ) ;
#4249 = CARTESIAN_POINT ( 'NONE',  ( 38.47040210526316173, 4.869999999999999218, -26.74700315789473493 ) ) ;
#4250 = DIRECTION ( 'NONE',  ( -0.0000000000000000000, -0.0000000000000000000, -1.000000000000000000 ) ) ;
#4251 = VERTEX_POINT ( 'NONE', #4959 ) ;
#4252 = FACE_OUTER_BOUND ( 'NONE', #5640, .T. ) ;
#4253 = AXIS2_PLACEMENT_3D ( 'NONE', #5614, #6195, #5184 ) ;
#4254 = ORIENTED_EDGE ( 'NONE', *, *, #2250, .T. ) ;
#4255 = ORIENTED_EDGE ( 'NONE', *, *, #5593, .T. ) ;
#4256 = AXIS2_PLACEMENT_3D ( 'NONE', #5236, #2679, #6278 ) ;
#4257 = PLANE ( 'NONE',  #714 ) ;
#4258 = LINE ( 'NONE', #1445, #136 ) ;
#4259 = ADVANCED_FACE ( 'NONE', ( #2337 ), #3959, .T. ) ;
#4260 = EDGE_LOOP ( 'NONE', ( #2771, #3777, #4740, #221 ) ) ;
#4261 = DIRECTION ( 'NONE',  ( -0.0000000000000000000, -0.0000000000000000000, -1.000000000000000000 ) ) ;
#4262 = EDGE_CURVE ( 'NONE', #6642, #5742, #6283, .T. ) ;
#4263 = EDGE_CURVE ( 'NONE', #3296, #19, #5061, .T. ) ;
#4264 = DIRECTION ( 'NONE',  ( 0.0000000000000000000, 0.0000000000000000000, 1.000000000000000000 ) ) ;
#4265 = ORIENTED_EDGE ( 'NONE', *, *, #6578, .T. ) ;
#4266 = DIRECTION ( 'NONE',  ( 0.0000000000000000000, 1.000000000000000000, 0.0000000000000000000 ) ) ;
#4267 = DIRECTION ( 'NONE',  ( -4.489269332220906729E-16, -0.0000000000000000000, -1.000000000000000000 ) ) ;
#4268 = LINE ( 'NONE', #5574, #5787 ) ;
#4269 = DIRECTION ( 'NONE',  ( -0.0000000000000000000, -0.0000000000000000000, -1.000000000000000000 ) ) ;
#4270 = EDGE_CURVE ( 'NONE', #526, #3522, #3699, .T. ) ;
#4271 = VERTEX_POINT ( 'NONE', #6015 ) ;
#4272 = ADVANCED_FACE ( 'NONE', ( #4890 ), #881, .F. ) ;
#4273 = EDGE_CURVE ( 'NONE', #6337, #5650, #3366, .T. ) ;
#4274 = ADVANCED_FACE ( 'NONE', ( #4397 ), #5538, .T. ) ;
#4275 = FACE_OUTER_BOUND ( 'NONE', #5407, .T. ) ;
#4276 = LINE ( 'NONE', #1076, #6688 ) ;
#4277 = DIRECTION ( 'NONE',  ( -0.0000000000000000000, -0.0000000000000000000, -1.000000000000000000 ) ) ;
#4278 = EDGE_LOOP ( 'NONE', ( #710, #858, #4206, #3937 ) ) ;
#4279 = MANIFOLD_SOLID_BREP ( 'Boss-Extrude3[9]', #4179 ) ;
#4280 = VERTEX_POINT ( 'NONE', #371 ) ;
#4281 = CARTESIAN_POINT ( 'NONE',  ( -1.359697894736841661, 1.449999999999999956, -21.52050315789473700 ) ) ;
#4282 = LINE ( 'NONE', #1715, #5479 ) ;
#4283 = ORIENTED_EDGE ( 'NONE', *, *, #5581, .F. ) ;
#4284 = EDGE_LOOP ( 'NONE', ( #5800, #3081, #4337, #4029 ) ) ;
#4285 = VECTOR ( 'NONE', #1508, 1000.000000000000000 ) ;
#4286 = CARTESIAN_POINT ( 'NONE',  ( 37.91150210526315334, 1.449999999999999956, -24.19730315789473707 ) ) ;
#4287 = CARTESIAN_POINT ( 'NONE',  ( 0.0000000000000000000, 5.899999999999999467, 0.0000000000000000000 ) ) ;
#4288 = DIRECTION ( 'NONE',  ( -0.0000000000000000000, -1.000000000000000000, -0.0000000000000000000 ) ) ;
#4289 = CARTESIAN_POINT ( 'NONE',  ( 40.96210210526315620, 1.449999999999999956, 4.143496842105264477 ) ) ;
#4291 = DIRECTION ( 'NONE',  ( -1.000000000000000000, -0.0000000000000000000, -0.0000000000000000000 ) ) ;
#4290 = DIRECTION ( 'NONE',  ( -1.000000000000000000, 0.0000000000000000000, -0.0000000000000000000 ) ) ;
#4292 = AXIS2_PLACEMENT_3D ( 'NONE', #5781, #354, #632 ) ;
#4293 = ORIENTED_EDGE ( 'NONE', *, *, #5139, .F. ) ;
#4294 = ADVANCED_FACE ( 'NONE', ( #1668 ), #2452, .F. ) ;
#4295 = VECTOR ( 'NONE', #3224, 1000.000000000000000 ) ;
#4296 = EDGE_LOOP ( 'NONE', ( #5096, #2595, #5969, #3356 ) ) ;
#4297 = VERTEX_POINT ( 'NONE', #4491 ) ;
#4298 = EDGE_CURVE ( 'NONE', #6550, #2214, #291, .T. ) ;
#4299 = CARTESIAN_POINT ( 'NONE',  ( 39.65160210526315154, 4.869999999999999218, 12.31709684210526490 ) ) ;
#4300 = AXIS2_PLACEMENT_3D ( 'NONE', #2558, #490, #4098 ) ;
#4301 = PERSON_AND_ORGANIZATION ( #4051, #339 ) ;
#4302 = CLOSED_SHELL ( 'NONE', ( #3218, #1764, #1257, #2149, #3880, #3291 ) ) ;
#4303 = DIRECTION ( 'NONE',  ( 1.000000000000000000, 0.0000000000000000000, -0.0000000000000000000 ) ) ;
#4304 = VERTEX_POINT ( 'NONE', #2486 ) ;
#4305 = ADVANCED_FACE ( 'NONE', ( #4738 ), #420, .F. ) ;
#4306 = VECTOR ( 'NONE', #806, 1000.000000000000000 ) ;
#4307 = CARTESIAN_POINT ( 'NONE',  ( 0.9010021052631582705, 1.449999999999999956, 21.83899684210526360 ) ) ;
#4308 = DIRECTION ( 'NONE',  ( -0.0000000000000000000, 1.000000000000000000, -0.0000000000000000000 ) ) ;
#4309 = DIRECTION ( 'NONE',  ( 0.0000000000000000000, 0.0000000000000000000, 1.000000000000000000 ) ) ;
#4310 = VECTOR ( 'NONE', #2774, 1000.000000000000000 ) ;
#4311 = EDGE_CURVE ( 'NONE', #5263, #5816, #2882, .T. ) ;
#4312 = ORIENTED_EDGE ( 'NONE', *, *, #111, .F. ) ;
#4313 = CARTESIAN_POINT ( 'NONE',  ( 40.96200210526315999, 9.950000000000001066, 18.60509684210526515 ) ) ;
#4314 = EDGE_CURVE ( 'NONE', #2686, #3655, #4258, .T. ) ;
#4315 = VECTOR ( 'NONE', #4195, 1000.000000000000000 ) ;
#4316 = FACE_OUTER_BOUND ( 'NONE', #6102, .T. ) ;
#4317 = VECTOR ( 'NONE', #6665, 1000.000000000000000 ) ;
#4318 = VERTEX_POINT ( 'NONE', #1969 ) ;
#4319 = LINE ( 'NONE', #6183, #4157 ) ;
#4320 = ORIENTED_EDGE ( 'NONE', *, *, #4034, .T. ) ;
#4321 = LINE ( 'NONE', #1337, #1568 ) ;
#4322 = VECTOR ( 'NONE', #3314, 1000.000000000000000 ) ;
#4323 = ORIENTED_EDGE ( 'NONE', *, *, #5175, .T. ) ;
#4324 = CARTESIAN_POINT ( 'NONE',  ( -9.259597894736844026, 4.869999999999999218, 29.45039684210526687 ) ) ;
#4325 = ADVANCED_FACE ( 'NONE', ( #5460 ), #444, .F. ) ;
#4326 = LINE ( 'NONE', #3396, #1406 ) ;
#4327 = ORIENTED_EDGE ( 'NONE', *, *, #2887, .F. ) ;
#4328 = AXIS2_PLACEMENT_3D ( 'NONE', #5059, #4052, #954 ) ;
#4329 = LINE ( 'NONE', #4108, #1574 ) ;
#4330 = ORIENTED_EDGE ( 'NONE', *, *, #5949, .T. ) ;
#4331 = CARTESIAN_POINT ( 'NONE',  ( -27.77769789473684270, -3.419999999999999929, -29.20810315789473322 ) ) ;
#4332 = ORIENTED_EDGE ( 'NONE', *, *, #3122, .T. ) ;
#4333 = DIRECTION ( 'NONE',  ( 0.0000000000000000000, 0.0000000000000000000, 1.000000000000000000 ) ) ;
#4334 = VECTOR ( 'NONE', #362, 1000.000000000000000 ) ;
#4335 = DIRECTION ( 'NONE',  ( 0.0000000000000000000, -0.0000000000000000000, 1.000000000000000000 ) ) ;
#4336 = ORIENTED_EDGE ( 'NONE', *, *, #711, .F. ) ;
#4337 = ORIENTED_EDGE ( 'NONE', *, *, #6481, .T. ) ;
#4338 = ADVANCED_FACE ( 'NONE', ( #2737 ), #1461, .F. ) ;
#4339 = EDGE_CURVE ( 'NONE', #6423, #426, #1336, .T. ) ;
#4340 = VERTEX_POINT ( 'NONE', #6114 ) ;
#4341 = LINE ( 'NONE', #2493, #2969 ) ;
#4342 = PLANE ( 'NONE',  #1403 ) ;
#4343 = VERTEX_POINT ( 'NONE', #3034 ) ;
#4344 = FACE_OUTER_BOUND ( 'NONE', #5669, .T. ) ;
#4345 = CARTESIAN_POINT ( 'NONE',  ( 0.0000000000000000000, 15.15000000000000036, 0.0000000000000000000 ) ) ;
#4346 = VERTEX_POINT ( 'NONE', #467 ) ;
#4347 = ORIENTED_EDGE ( 'NONE', *, *, #4819, .F. ) ;
#4348 = CARTESIAN_POINT ( 'NONE',  ( -30.53007446102908062, 5.899999999999999467, -30.25780315789473107 ) ) ;
#4349 = ADVANCED_FACE ( 'NONE', ( #6668 ), #974, .F. ) ;
#4350 = FACE_OUTER_BOUND ( 'NONE', #5938, .T. ) ;
#4351 = AXIS2_PLACEMENT_3D ( 'NONE', #6667, #6484, #3558 ) ;
#4352 = EDGE_CURVE ( 'NONE', #566, #5641, #5307, .T. ) ;
#4353 = ORIENTED_EDGE ( 'NONE', *, *, #6209, .T. ) ;
#4354 = ORIENTED_EDGE ( 'NONE', *, *, #2557, .F. ) ;
#4355 = AXIS2_PLACEMENT_3D ( 'NONE', #3167, #3718, #628 ) ;
#4356 = CARTESIAN_POINT ( 'NONE',  ( 37.91150210526315334, 4.869999999999999218, -24.19730315789473707 ) ) ;
#4357 = ORIENTED_EDGE ( 'NONE', *, *, #794, .F. ) ;
#4358 = VECTOR ( 'NONE', #6507, 1000.000000000000000 ) ;
#4359 = ADVANCED_FACE ( 'NONE', ( #2575 ), #2016, .F. ) ;
#4360 = EDGE_LOOP ( 'NONE', ( #5242, #6596, #6285, #3595 ) ) ;
#4361 = ORIENTED_EDGE ( 'NONE', *, *, #4931, .F. ) ;
#4362 = ORIENTED_EDGE ( 'NONE', *, *, #3262, .F. ) ;
#4363 = DIRECTION ( 'NONE',  ( -1.000000000000000000, -0.0000000000000000000, -0.0000000000000000000 ) ) ;
#4364 = EDGE_CURVE ( 'NONE', #3649, #914, #1495, .T. ) ;
#4365 = EDGE_LOOP ( 'NONE', ( #4582, #2842, #2363, #5275 ) ) ;
#4366 = VERTEX_POINT ( 'NONE', #1510 ) ;
#4367 = DIRECTION ( 'NONE',  ( -0.0000000000000000000, -0.0000000000000000000, -1.000000000000000000 ) ) ;
#4368 = VECTOR ( 'NONE', #4957, 1000.000000000000000 ) ;
#4369 = EDGE_CURVE ( 'NONE', #2083, #1692, #3774, .T. ) ;
#4370 = VERTEX_POINT ( 'NONE', #2041 ) ;
#4371 = EDGE_CURVE ( 'NONE', #6575, #2569, #1190, .T. ) ;
#4372 = EDGE_LOOP ( 'NONE', ( #3225, #4526, #6022, #6225 ) ) ;
#4373 = DIRECTION ( 'NONE',  ( 0.0000000000000000000, 0.0000000000000000000, -1.000000000000000000 ) ) ;
#4374 = ADVANCED_FACE ( 'NONE', ( #6502 ), #3076, .F. ) ;
#4375 = VECTOR ( 'NONE', #2745, 1000.000000000000000 ) ;
#4376 = LINE ( 'NONE', #2248, #3015 ) ;
#4377 = LINE ( 'NONE', #4212, #5905 ) ;
#4378 = DIRECTION ( 'NONE',  ( 0.0000000000000000000, 0.0000000000000000000, -1.000000000000000000 ) ) ;
#4379 = CARTESIAN_POINT ( 'NONE',  ( -27.89007446102908361, 15.15000000000000036, -30.38780315789474074 ) ) ;
#4380 = AXIS2_PLACEMENT_3D ( 'NONE', #6236, #6214, #4570 ) ;
#4381 = CIRCLE ( 'NONE', #4527, 1.749999999999999778 ) ;
#4382 = FACE_OUTER_BOUND ( 'NONE', #2510, .T. ) ;
#4383 = CC_DESIGN_SECURITY_CLASSIFICATION ( #2684, ( #937 ) ) ;
#4384 = DIRECTION ( 'NONE',  ( 0.0000000000000000000, 0.0000000000000000000, 1.000000000000000000 ) ) ;
#4385 = EDGE_CURVE ( 'NONE', #4606, #5471, #3605, .T. ) ;
#4386 = MANIFOLD_SOLID_BREP ( 'Boss-Extrude3[2]', #2998 ) ;
#4387 = ORIENTED_EDGE ( 'NONE', *, *, #1706, .T. ) ;
#4388 = VECTOR ( 'NONE', #340, 1000.000000000000000 ) ;
#4389 = EDGE_LOOP ( 'NONE', ( #5186, #4421, #1541, #1886 ) ) ;
#4390 = VECTOR ( 'NONE', #137, 1000.000000000000000 ) ;
#4391 = ADVANCED_FACE ( 'NONE', ( #5136 ), #6188, .F. ) ;
#4392 = VERTEX_POINT ( 'NONE', #5149 ) ;
#4393 = DIRECTION ( 'NONE',  ( 0.0000000000000000000, -1.000000000000000000, 0.0000000000000000000 ) ) ;
#4394 = VECTOR ( 'NONE', #3610, 1000.000000000000000 ) ;
#4395 = ORIENTED_EDGE ( 'NONE', *, *, #3095, .F. ) ;
#4396 = EDGE_LOOP ( 'NONE', ( #1248, #5200, #2539, #405 ) ) ;
#4397 = FACE_OUTER_BOUND ( 'NONE', #294, .T. ) ;
#4398 = DIRECTION ( 'NONE',  ( 1.000000000000000000, 0.0000000000000000000, 0.0000000000000000000 ) ) ;
#4399 = ORIENTED_EDGE ( 'NONE', *, *, #2953, .F. ) ;
#4400 = EDGE_CURVE ( 'NONE', #6216, #5012, #854, .T. ) ;
#4401 = CARTESIAN_POINT ( 'NONE',  ( -21.60911273411832312, 5.899999999999999467, -13.22146305049674275 ) ) ;
#4402 = CARTESIAN_POINT ( 'NONE',  ( 40.71840210526315218, 4.869999999999999218, -6.285103157894734949 ) ) ;
#4403 = ADVANCED_FACE ( 'NONE', ( #3439 ), #1047, .F. ) ;
#4404 = CARTESIAN_POINT ( 'NONE',  ( -34.88299789473684598, 1.449999999999999956, 8.324796842105264716 ) ) ;
#4405 = VERTEX_POINT ( 'NONE', #1559 ) ;
#4406 = CYLINDRICAL_SURFACE ( 'NONE', #1677, 1.950000000000000400 ) ;
#4407 = DIRECTION ( 'NONE',  ( 0.0000000000000000000, 0.0000000000000000000, 1.000000000000000000 ) ) ;
#4408 = EDGE_CURVE ( 'NONE', #4971, #46, #6185, .T. ) ;
#4409 = PLANE ( 'NONE',  #1798 ) ;
#4410 = ORIENTED_EDGE ( 'NONE', *, *, #685, .F. ) ;
#4411 = VECTOR ( 'NONE', #5259, 1000.000000000000000 ) ;
#4412 = CARTESIAN_POINT ( 'NONE',  ( -0.8769978947368413102, 0.0000000000000000000, 21.53459684210526248 ) ) ;
#4413 = LINE ( 'NONE', #448, #1514 ) ;
#4414 = ADVANCED_FACE ( 'NONE', ( #4806 ), #4424, .F. ) ;
#4415 = MANIFOLD_SOLID_BREP ( 'Boss-Extrude3[3]', #1304 ) ;
#4416 = ORIENTED_EDGE ( 'NONE', *, *, #646, .F. ) ;
#4417 = ORIENTED_EDGE ( 'NONE', *, *, #4929, .T. ) ;
#4418 = EDGE_LOOP ( 'NONE', ( #4191, #3813, #6037, #3779 ) ) ;
#4419 = VECTOR ( 'NONE', #4796, 1000.000000000000000 ) ;
#4420 = CARTESIAN_POINT ( 'NONE',  ( 32.66600210526316062, 4.869999999999999218, 7.877096842105264507 ) ) ;
#4421 = ORIENTED_EDGE ( 'NONE', *, *, #374, .F. ) ;
#4422 = VECTOR ( 'NONE', #1142, 1000.000000000000000 ) ;
#4423 = DIRECTION ( 'NONE',  ( 0.0000000000000000000, 0.0000000000000000000, -1.000000000000000000 ) ) ;
#4424 = PLANE ( 'NONE',  #2479 ) ;
#4425 = ORIENTED_EDGE ( 'NONE', *, *, #1192, .T. ) ;
#4426 = CARTESIAN_POINT ( 'NONE',  ( 49.95210210526316530, 9.950000000000001066, -29.21190315789473502 ) ) ;
#4427 = FACE_OUTER_BOUND ( 'NONE', #4858, .T. ) ;
#4428 = CARTESIAN_POINT ( 'NONE',  ( 37.91150210526315334, 4.869999999999999218, -16.58590315789473379 ) ) ;
#4429 = ORIENTED_EDGE ( 'NONE', *, *, #5381, .F. ) ;
#4430 = EDGE_CURVE ( 'NONE', #3403, #2703, #2081, .T. ) ;
#4431 = DIRECTION ( 'NONE',  ( -1.000000000000000000, -0.0000000000000000000, -0.0000000000000000000 ) ) ;
#4432 = EDGE_LOOP ( 'NONE', ( #1730, #793, #1273, #4047 ) ) ;
#4433 = ORIENTED_EDGE ( 'NONE', *, *, #583, .T. ) ;
#4434 = ORIENTED_EDGE ( 'NONE', *, *, #2494, .F. ) ;
#4435 = PLANE ( 'NONE',  #4760 ) ;
#4436 = PLANE ( 'NONE',  #559 ) ;
#4437 = CARTESIAN_POINT ( 'NONE',  ( -21.60911273411832312, 1.449999999999999956, 3.323653436216390755 ) ) ;
#4438 = DIRECTION ( 'NONE',  ( 0.0000000000000000000, -0.0000000000000000000, 1.000000000000000000 ) ) ;
#4439 = VERTEX_POINT ( 'NONE', #3952 ) ;
#4440 = FACE_OUTER_BOUND ( 'NONE', #2483, .T. ) ;
#4441 = AXIS2_PLACEMENT_3D ( 'NONE', #634, #4248, #1152 ) ;
#4442 = FACE_OUTER_BOUND ( 'NONE', #3677, .T. ) ;
#4443 = DIRECTION ( 'NONE',  ( -0.0000000000000000000, -1.000000000000000000, -0.0000000000000000000 ) ) ;
#4444 = DIRECTION ( 'NONE',  ( 1.000000000000000000, 0.0000000000000000000, 0.0000000000000000000 ) ) ;
#4445 = DIRECTION ( 'NONE',  ( 0.0000000000000000000, 0.0000000000000000000, -1.000000000000000000 ) ) ;
#4446 = VECTOR ( 'NONE', #1586, 1000.000000000000000 ) ;
#4447 = LINE ( 'NONE', #4567, #5834 ) ;
#4448 = VECTOR ( 'NONE', #4547, 1000.000000000000000 ) ;
#4449 = EDGE_CURVE ( 'NONE', #1068, #5810, #1895, .T. ) ;
#4450 = FACE_OUTER_BOUND ( 'NONE', #1399, .T. ) ;
#4451 = ORIENTED_EDGE ( 'NONE', *, *, #962, .F. ) ;
#4452 = FACE_OUTER_BOUND ( 'NONE', #3802, .T. ) ;
#4453 = DIRECTION ( 'NONE',  ( 0.0000000000000000000, -0.0000000000000000000, 1.000000000000000000 ) ) ;
#4454 = MANIFOLD_SOLID_BREP ( 'Boss-Extrude5[1]', #4983 ) ;
#4455 = PLANE ( 'NONE',  #6143 ) ;
#4456 = ORIENTED_EDGE ( 'NONE', *, *, #2993, .F. ) ;
#4457 = LINE ( 'NONE', #3194, #365 ) ;
#4458 = AXIS2_PLACEMENT_3D ( 'NONE', #6442, #5887, #155 ) ;
#4459 = EDGE_CURVE ( 'NONE', #994, #4971, #3286, .T. ) ;
#4460 = EDGE_LOOP ( 'NONE', ( #3719, #723, #2527, #1451 ) ) ;
#4461 = CARTESIAN_POINT ( 'NONE',  ( -21.60911273411832312, 5.899999999999999467, -20.94977404100091078 ) ) ;
#4462 = FACE_OUTER_BOUND ( 'NONE', #2816, .T. ) ;
#4463 = EDGE_CURVE ( 'NONE', #2062, #1982, #5854, .T. ) ;
#4464 = ORIENTED_EDGE ( 'NONE', *, *, #5072, .F. ) ;
#4465 = EDGE_LOOP ( 'NONE', ( #6466, #3886, #931, #4896 ) ) ;
#4466 = VECTOR ( 'NONE', #5527, 1000.000000000000000 ) ;
#4467 = ORIENTED_EDGE ( 'NONE', *, *, #3729, .T. ) ;
#4468 = CARTESIAN_POINT ( 'NONE',  ( 25.79500210526316195, 1.449999999999999956, 3.343296842105264233 ) ) ;
#4469 = CARTESIAN_POINT ( 'NONE',  ( 32.66600210526316062, 1.449999999999999956, 12.31709684210526490 ) ) ;
#4470 = ORIENTED_EDGE ( 'NONE', *, *, #4843, .F. ) ;
#4471 = CARTESIAN_POINT ( 'NONE',  ( -35.34749789473684700, 0.0000000000000000000, -27.85070315789473483 ) ) ;
#4472 = ORIENTED_EDGE ( 'NONE', *, *, #4270, .T. ) ;
#4473 = CARTESIAN_POINT ( 'NONE',  ( -21.60911273411832312, 5.899999999999999467, -20.94977404100091078 ) ) ;
#4474 = LINE ( 'NONE', #4875, #385 ) ;
#4475 = CARTESIAN_POINT ( 'NONE',  ( 51.01900210526315504, 1.449999999999999956, 29.74219684210526182 ) ) ;
#4476 = EDGE_CURVE ( 'NONE', #4951, #2822, #4637, .T. ) ;
#4477 = ORIENTED_EDGE ( 'NONE', *, *, #950, .T. ) ;
#4478 = CARTESIAN_POINT ( 'NONE',  ( 0.0000000000000000000, 4.869999999999999218, 0.0000000000000000000 ) ) ;
#4479 = FACE_OUTER_BOUND ( 'NONE', #5485, .T. ) ;
#4480 = CARTESIAN_POINT ( 'NONE',  ( -29.53007446102908062, 6.627966397586102509, -30.38780315789474074 ) ) ;
#4481 = EDGE_CURVE ( 'NONE', #3363, #5078, #1748, .T. ) ;
#4482 = ORIENTED_EDGE ( 'NONE', *, *, #2109, .F. ) ;
#4483 = VERTEX_POINT ( 'NONE', #874 ) ;
#4484 = EDGE_CURVE ( 'NONE', #5078, #3997, #1581, .T. ) ;
#4485 = DIRECTION ( 'NONE',  ( -0.0000000000000000000, -1.000000000000000000, -0.0000000000000000000 ) ) ;
#4486 = FACE_OUTER_BOUND ( 'NONE', #4260, .T. ) ;
#4487 = DIRECTION ( 'NONE',  ( -0.0000000000000000000, -1.000000000000000000, -0.0000000000000000000 ) ) ;
#4488 = ORIENTED_EDGE ( 'NONE', *, *, #3206, .F. ) ;
#4489 = CARTESIAN_POINT ( 'NONE',  ( -29.99052042804537166, 5.899999999999999467, -20.94977404100091078 ) ) ;
#4490 = DIRECTION ( 'NONE',  ( -4.071149110431670071E-16, 1.000000000000000000, 0.0000000000000000000 ) ) ;
#4491 = CARTESIAN_POINT ( 'NONE',  ( -18.62029789473684005, 0.0000000000000000000, 21.55489684210526846 ) ) ;
#4492 = EDGE_CURVE ( 'NONE', #6425, #1393, #2957, .T. ) ;
#4493 = DIRECTION ( 'NONE',  ( 0.0000000000000000000, 0.0000000000000000000, -1.000000000000000000 ) ) ;
#4494 = VERTEX_POINT ( 'NONE', #2441 ) ;
#4495 = VECTOR ( 'NONE', #1667, 1000.000000000000000 ) ;
#4496 = DIRECTION ( 'NONE',  ( -1.000000000000000000, -0.0000000000000000000, -0.0000000000000000000 ) ) ;
#4497 = CARTESIAN_POINT ( 'NONE',  ( -0.8769978947368413102, 0.0000000000000000000, 21.53459684210526248 ) ) ;
#4498 = CARTESIAN_POINT ( 'NONE',  ( 12.62400210526315902, 4.869999999999999218, -14.93160315789473458 ) ) ;
#4499 = DIRECTION ( 'NONE',  ( -1.000000000000000000, -0.0000000000000000000, -0.0000000000000000000 ) ) ;
#4500 = ORIENTED_EDGE ( 'NONE', *, *, #1658, .T. ) ;
#4501 = PLANE ( 'NONE',  #5836 ) ;
#4502 = ORIENTED_EDGE ( 'NONE', *, *, #4202, .T. ) ;
#4503 = AXIS2_PLACEMENT_3D ( 'NONE', #3612, #2087, #5683 ) ;
#4504 = ORIENTED_EDGE ( 'NONE', *, *, #6048, .T. ) ;
#4505 = DIRECTION ( 'NONE',  ( -0.0000000000000000000, -1.000000000000000000, -0.0000000000000000000 ) ) ;
#4506 = DIRECTION ( 'NONE',  ( -1.000000000000000000, -0.0000000000000000000, -0.0000000000000000000 ) ) ;
#4507 = DIRECTION ( 'NONE',  ( 0.0000000000000000000, 0.0000000000000000000, -1.000000000000000000 ) ) ;
#4508 = AXIS2_PLACEMENT_3D ( 'NONE', #964, #1498, #5115 ) ;
#4509 = ORIENTED_EDGE ( 'NONE', *, *, #3615, .T. ) ;
#4510 = CLOSED_SHELL ( 'NONE', ( #2775, #3751, #824, #3243, #3696, #795 ) ) ;
#4511 = DIRECTION ( 'NONE',  ( -4.071149110431670071E-16, 1.000000000000000000, -0.0000000000000000000 ) ) ;
#4512 = EDGE_CURVE ( 'NONE', #5498, #4769, #5701, .T. ) ;
#4513 = LINE ( 'NONE', #4412, #3166 ) ;
#4514 = EDGE_CURVE ( 'NONE', #3631, #6656, #2809, .T. ) ;
#4515 = DIRECTION ( 'NONE',  ( -1.000000000000000000, 0.0000000000000000000, -0.0000000000000000000 ) ) ;
#4516 = ORIENTED_EDGE ( 'NONE', *, *, #6383, .F. ) ;
#4517 = ORIENTED_EDGE ( 'NONE', *, *, #2815, .F. ) ;
#4518 = VECTOR ( 'NONE', #4732, 1000.000000000000000 ) ;
#4519 = VECTOR ( 'NONE', #4746, 1000.000000000000000 ) ;
#4520 = CARTESIAN_POINT ( 'NONE',  ( 49.95210210526316530, 9.950000000000001066, 16.40949684210526627 ) ) ;
#4521 = VECTOR ( 'NONE', #5226, 1000.000000000000000 ) ;
#4522 = DIRECTION ( 'NONE',  ( 0.0000000000000000000, -1.000000000000000000, 0.0000000000000000000 ) ) ;
#4523 = CARTESIAN_POINT ( 'NONE',  ( 16.92960210526315734, -3.419999999999999929, -29.20810315789473322 ) ) ;
#4524 = EDGE_CURVE ( 'NONE', #2284, #197, #4174, .T. ) ;
#4525 = ORIENTED_EDGE ( 'NONE', *, *, #2953, .T. ) ;
#4526 = ORIENTED_EDGE ( 'NONE', *, *, #4901, .F. ) ;
#4527 = AXIS2_PLACEMENT_3D ( 'NONE', #653, #4264, #1172 ) ;
#4528 = VECTOR ( 'NONE', #611, 1000.000000000000000 ) ;
#4529 = DIRECTION ( 'NONE',  ( -0.0000000000000000000, -1.000000000000000000, -0.0000000000000000000 ) ) ;
#4530 = VECTOR ( 'NONE', #4057, 1000.000000000000000 ) ;
#4531 = DIRECTION ( 'NONE',  ( 0.0000000000000000000, 0.0000000000000000000, 1.000000000000000000 ) ) ;
#4532 = ORIENTED_EDGE ( 'NONE', *, *, #2037, .T. ) ;
#4533 = DIRECTION ( 'NONE',  ( -0.0000000000000000000, 1.000000000000000000, -0.0000000000000000000 ) ) ;
#4534 = EDGE_CURVE ( 'NONE', #5503, #1753, #5385, .T. ) ;
#4535 = DIRECTION ( 'NONE',  ( 8.978538664441813457E-16, 0.0000000000000000000, 1.000000000000000000 ) ) ;
#4536 = VECTOR ( 'NONE', #5965, 1000.000000000000000 ) ;
#4537 = VERTEX_POINT ( 'NONE', #6053 ) ;
#4538 = LINE ( 'NONE', #3724, #3192 ) ;
#4539 = FACE_OUTER_BOUND ( 'NONE', #6122, .T. ) ;
#4540 = VERTEX_POINT ( 'NONE', #6581 ) ;
#4541 = APPLICATION_PROTOCOL_DEFINITION ( 'international standard', 'config_control_design', 1994, #5077 ) ;
#4542 = ORIENTED_EDGE ( 'NONE', *, *, #722, .T. ) ;
#4543 = CARTESIAN_POINT ( 'NONE',  ( 19.60940210526315752, 1.449999999999999956, -14.93160315789473458 ) ) ;
#4544 = CARTESIAN_POINT ( 'NONE',  ( -12.24459789473684168, 4.869999999999999218, -24.05770315789473557 ) ) ;
#4545 = VECTOR ( 'NONE', #3063, 1000.000000000000000 ) ;
#4546 = ORIENTED_EDGE ( 'NONE', *, *, #2349, .F. ) ;
#4547 = DIRECTION ( 'NONE',  ( -1.000000000000000000, -0.0000000000000000000, -0.0000000000000000000 ) ) ;
#4548 = DIRECTION ( 'NONE',  ( 0.0000000000000000000, -0.0000000000000000000, 1.000000000000000000 ) ) ;
#4549 = AXIS2_PLACEMENT_3D ( 'NONE', #4069, #3567, #480 ) ;
#4550 = VERTEX_POINT ( 'NONE', #2471 ) ;
#4551 = DIRECTION ( 'NONE',  ( -0.0000000000000000000, -0.0000000000000000000, -1.000000000000000000 ) ) ;
#4552 = DIRECTION ( 'NONE',  ( -1.000000000000000000, -0.0000000000000000000, -0.0000000000000000000 ) ) ;
#4553 = EDGE_CURVE ( 'NONE', #4537, #5579, #2649, .T. ) ;
#4554 = ORIENTED_EDGE ( 'NONE', *, *, #1826, .T. ) ;
#4555 = AXIS2_PLACEMENT_3D ( 'NONE', #1305, #809, #4407 ) ;
#4556 = PLANE ( 'NONE',  #1008 ) ;
#4557 = CARTESIAN_POINT ( 'NONE',  ( -5.932097894736841681, -0.0000000000000000000, -29.20810315789473322 ) ) ;
#4558 = PLANE ( 'NONE',  #1766 ) ;
#4559 = EDGE_LOOP ( 'NONE', ( #2065, #6204 ) ) ;
#4560 = ORIENTED_EDGE ( 'NONE', *, *, #583, .F. ) ;
#4561 = EDGE_CURVE ( 'NONE', #3249, #1069, #1415, .T. ) ;
#4562 = APPROVAL_ROLE ( '' ) ;
#4563 = FACE_OUTER_BOUND ( 'NONE', #4714, .T. ) ;
#4564 = CARTESIAN_POINT ( 'NONE',  ( 5.473402105263158290, 1.449999999999999956, -24.05770315789473557 ) ) ;
#4565 = CARTESIAN_POINT ( 'NONE',  ( -29.99052042804537166, 1.449999999999999956, -20.94977404100091078 ) ) ;
#4566 = CARTESIAN_POINT ( 'NONE',  ( -48.66899789473684734, 19.14999999999999858, 16.02419684210526540 ) ) ;
#4567 = CARTESIAN_POINT ( 'NONE',  ( -19.74839789473683993, 9.950000000000001066, -18.63990315789473584 ) ) ;
#4568 = VERTEX_POINT ( 'NONE', #1434 ) ;
#4569 = LINE ( 'NONE', #3207, #5473 ) ;
#4570 = DIRECTION ( 'NONE',  ( -4.071149110431670071E-16, 1.000000000000000000, 0.0000000000000000000 ) ) ;
#4571 = VECTOR ( 'NONE', #4033, 1000.000000000000000 ) ;
#4572 = ORIENTED_EDGE ( 'NONE', *, *, #3521, .F. ) ;
#4573 = ORIENTED_EDGE ( 'NONE', *, *, #2381, .F. ) ;
#4574 = LINE ( 'NONE', #139, #1693 ) ;
#4575 = DIRECTION ( 'NONE',  ( 0.0000000000000000000, -0.0000000000000000000, 1.000000000000000000 ) ) ;
#4576 = EDGE_CURVE ( 'NONE', #5993, #6186, #5217, .T. ) ;
#4577 = ORIENTED_EDGE ( 'NONE', *, *, #497, .T. ) ;
#4578 = CARTESIAN_POINT ( 'NONE',  ( 15.97710210526315855, 4.869999999999999218, 24.49029684210526270 ) ) ;
#4579 = VECTOR ( 'NONE', #1996, 1000.000000000000000 ) ;
#4580 = EDGE_CURVE ( 'NONE', #5161, #5418, #1104, .T. ) ;
#4581 = CARTESIAN_POINT ( 'NONE',  ( -29.99052042804536811, 5.899999999999999467, 3.323653436216390755 ) ) ;
#4582 = ORIENTED_EDGE ( 'NONE', *, *, #3318, .T. ) ;
#4583 = LINE ( 'NONE', #4196, #1857 ) ;
#4584 = CARTESIAN_POINT ( 'NONE',  ( 0.0000000000000000000, -3.419999999999999929, 0.0000000000000000000 ) ) ;
#4585 = AXIS2_PLACEMENT_3D ( 'NONE', #1486, #6657, #1422 ) ;
#4586 = ORIENTED_EDGE ( 'NONE', *, *, #1099, .T. ) ;
#4587 = CARTESIAN_POINT ( 'NONE',  ( -3.389297894736842398, -3.419999999999999929, 21.55489684210526846 ) ) ;
#4588 = EDGE_CURVE ( 'NONE', #4343, #2735, #6428, .T. ) ;
#4589 = CARTESIAN_POINT ( 'NONE',  ( 42.30610210526316450, -3.419999999999999929, 21.53459684210526248 ) ) ;
#4590 = EDGE_CURVE ( 'NONE', #4663, #2256, #2328, .T. ) ;
#4591 = CARTESIAN_POINT ( 'NONE',  ( 49.66000210526316039, 4.869999999999999218, 24.49029684210526270 ) ) ;
#4592 = DIRECTION ( 'NONE',  ( -0.0000000000000000000, -1.000000000000000000, -0.0000000000000000000 ) ) ;
#4593 = ORIENTED_EDGE ( 'NONE', *, *, #2166, .F. ) ;
#4594 = ORIENTED_EDGE ( 'NONE', *, *, #2760, .F. ) ;
#4595 = EDGE_LOOP ( 'NONE', ( #5577, #3726, #2909, #5590 ) ) ;
#4596 = AXIS2_PLACEMENT_3D ( 'NONE', #5856, #727, #4335 ) ;
#4597 = CARTESIAN_POINT ( 'NONE',  ( 19.44440210526315838, -3.419999999999999929, 21.53459684210526248 ) ) ;
#4598 = EDGE_LOOP ( 'NONE', ( #491, #4706, #4456, #3856 ) ) ;
#4599 = ORIENTED_EDGE ( 'NONE', *, *, #3858, .T. ) ;
#4600 = PLANE ( 'NONE',  #2399 ) ;
#4601 = CARTESIAN_POINT ( 'NONE',  ( -21.60911273411832312, 5.899999999999999467, -20.94977404100091078 ) ) ;
#4602 = DIRECTION ( 'NONE',  ( 0.0000000000000000000, -1.000000000000000000, 0.0000000000000000000 ) ) ;
#4603 = PLANE ( 'NONE',  #5936 ) ;
#4604 = LINE ( 'NONE', #101, #3089 ) ;
#4605 = VECTOR ( 'NONE', #1634, 1000.000000000000000 ) ;
#4606 = VERTEX_POINT ( 'NONE', #1986 ) ;
#4607 = DIRECTION ( 'NONE',  ( 0.0000000000000000000, -0.0000000000000000000, 1.000000000000000000 ) ) ;
#4608 = LINE ( 'NONE', #5772, #3416 ) ;
#4609 = DIRECTION ( 'NONE',  ( 0.0000000000000000000, 0.0000000000000000000, -1.000000000000000000 ) ) ;
#4610 = LINE ( 'NONE', #3551, #351 ) ;
#4611 = DIRECTION ( 'NONE',  ( 0.0000000000000000000, 0.0000000000000000000, -1.000000000000000000 ) ) ;
#4612 = LINE ( 'NONE', #4031, #518 ) ;
#4613 = DIRECTION ( 'NONE',  ( -1.000000000000000000, -0.0000000000000000000, -0.0000000000000000000 ) ) ;
#4614 = DIRECTION ( 'NONE',  ( 0.0000000000000000000, 0.0000000000000000000, -1.000000000000000000 ) ) ;
#4615 = ORIENTED_EDGE ( 'NONE', *, *, #3614, .F. ) ;
#4616 = DIRECTION ( 'NONE',  ( 0.0000000000000000000, 1.000000000000000000, 0.0000000000000000000 ) ) ;
#4617 = LINE ( 'NONE', #6627, #525 ) ;
#4618 = VERTEX_POINT ( 'NONE', #948 ) ;
#4619 = CARTESIAN_POINT ( 'NONE',  ( -41.77399789473683711, 7.699999999999954881, -3.115803157894735165 ) ) ;
#4620 = VECTOR ( 'NONE', #6445, 1000.000000000000000 ) ;
#4621 = MANIFOLD_SOLID_BREP ( 'Boss-Extrude2[1]', #1283 ) ;
#4622 = EDGE_CURVE ( 'NONE', #2455, #2280, #2162, .T. ) ;
#4623 = ADVANCED_FACE ( 'NONE', ( #6271 ), #5073, .F. ) ;
#4624 = ORIENTED_EDGE ( 'NONE', *, *, #4132, .T. ) ;
#4625 = AXIS2_PLACEMENT_3D ( 'NONE', #5196, #2118, #5713 ) ;
#4626 = VECTOR ( 'NONE', #4661, 1000.000000000000000 ) ;
#4627 = ORIENTED_EDGE ( 'NONE', *, *, #1721, .F. ) ;
#4628 = CARTESIAN_POINT ( 'NONE',  ( 20.61510210526315845, 9.950000000000001066, -4.203603157894734821 ) ) ;
#4629 = VECTOR ( 'NONE', #3499, 1000.000000000000000 ) ;
#4631 = VERTEX_POINT ( 'NONE', #1476 ) ;
#4630 = CARTESIAN_POINT ( 'NONE',  ( -33.92489789473684425, 10.69999999999999929, -23.49190315789473260 ) ) ;
#4632 = DIRECTION ( 'NONE',  ( 0.0000000000000000000, -0.0000000000000000000, -1.000000000000000000 ) ) ;
#4633 = CARTESIAN_POINT ( 'NONE',  ( 19.44440210526315838, 0.0000000000000000000, 21.53459684210526248 ) ) ;
#4634 = CARTESIAN_POINT ( 'NONE',  ( -15.02599789473684133, 5.153130887489396628, 35.04339684210526684 ) ) ;
#4635 = ORIENTED_EDGE ( 'NONE', *, *, #6513, .F. ) ;
#4636 = EDGE_CURVE ( 'NONE', #4340, #2646, #3524, .T. ) ;
#4637 = LINE ( 'NONE', #6531, #373 ) ;
#4638 = AXIS2_PLACEMENT_3D ( 'NONE', #1674, #6356, #3261 ) ;
#4639 = EDGE_CURVE ( 'NONE', #2922, #2900, #4724, .T. ) ;
#4640 = ORIENTED_EDGE ( 'NONE', *, *, #2139, .F. ) ;
#4641 = ORIENTED_EDGE ( 'NONE', *, *, #65, .T. ) ;
#4642 = CARTESIAN_POINT ( 'NONE',  ( 15.97710210526315855, 4.869999999999999218, 28.93009684210527155 ) ) ;
#4643 = DIRECTION ( 'NONE',  ( -1.000000000000000000, -0.0000000000000000000, -0.0000000000000000000 ) ) ;
#4644 = CARTESIAN_POINT ( 'NONE',  ( -11.52049789473684172, 4.869999999999999218, -21.52050315789473700 ) ) ;
#4645 = PLANE ( 'NONE',  #5080 ) ;
#4646 = VECTOR ( 'NONE', #5142, 1000.000000000000000 ) ;
#4647 = CARTESIAN_POINT ( 'NONE',  ( -50.58859789473683577, 0.0000000000000000000, 29.74219684210526182 ) ) ;
#4648 = LINE ( 'NONE', #5874, #556 ) ;
#4649 = DIRECTION ( 'NONE',  ( 1.000000000000000000, 0.0000000000000000000, 0.0000000000000000000 ) ) ;
#4650 = CARTESIAN_POINT ( 'NONE',  ( -11.34279789473684019, 8.250000000000000000, 25.59139684210526511 ) ) ;
#4651 = VECTOR ( 'NONE', #647, 1000.000000000000000 ) ;
#4652 = CARTESIAN_POINT ( 'NONE',  ( -21.60911273411831957, 1.449999999999999956, 12.14045893242535712 ) ) ;
#4653 = ORIENTED_EDGE ( 'NONE', *, *, #2359, .T. ) ;
#4654 = ORIENTED_EDGE ( 'NONE', *, *, #5562, .T. ) ;
#4655 = ADVANCED_FACE ( 'NONE', ( #620 ), #6106, .T. ) ;
#4656 = ADVANCED_FACE ( 'NONE', ( #1985 ), #986, .T. ) ;
#4657 = DIRECTION ( 'NONE',  ( 8.978538664441813457E-16, 0.0000000000000000000, 1.000000000000000000 ) ) ;
#4658 = FACE_OUTER_BOUND ( 'NONE', #4711, .T. ) ;
#4659 = DIRECTION ( 'NONE',  ( -0.0000000000000000000, -1.000000000000000000, -0.0000000000000000000 ) ) ;
#4660 = EDGE_CURVE ( 'NONE', #740, #2212, #3200, .T. ) ;
#4661 = DIRECTION ( 'NONE',  ( 1.000000000000000000, 0.0000000000000000000, 0.0000000000000000000 ) ) ;
#4662 = CARTESIAN_POINT ( 'NONE',  ( -38.69399789473683882, 1.449999999999999956, 16.02419684210526540 ) ) ;
#4663 = VERTEX_POINT ( 'NONE', #2568 ) ;
#4664 = EDGE_LOOP ( 'NONE', ( #1296, #4914, #1440, #2709 ) ) ;
#4665 = CARTESIAN_POINT ( 'NONE',  ( -7.951497894736839989, 4.869999999999999218, -10.49160315789473508 ) ) ;
#4666 = DIRECTION ( 'NONE',  ( 0.0000000000000000000, 1.000000000000000000, 0.0000000000000000000 ) ) ;
#4667 = AXIS2_PLACEMENT_3D ( 'NONE', #2884, #6485, #3397 ) ;
#4668 = DIRECTION ( 'NONE',  ( -0.0000000000000000000, -1.000000000000000000, -0.0000000000000000000 ) ) ;
#4669 = CARTESIAN_POINT ( 'NONE',  ( 40.71840210526315218, 4.869999999999999218, -4.382303157894734014 ) ) ;
#4670 = EDGE_LOOP ( 'NONE', ( #508, #2005, #2919, #2561 ) ) ;
#4671 = FACE_OUTER_BOUND ( 'NONE', #341, .T. ) ;
#4672 = DIRECTION ( 'NONE',  ( 0.0000000000000000000, -0.0000000000000000000, -1.000000000000000000 ) ) ;
#4673 = CARTESIAN_POINT ( 'NONE',  ( 20.61510210526315845, 1.449999999999999956, -6.360203157894734005 ) ) ;
#4674 = DIRECTION ( 'NONE',  ( 0.0000000000000000000, 0.0000000000000000000, 1.000000000000000000 ) ) ;
#4675 = VERTEX_POINT ( 'NONE', #6672 ) ;
#4676 = ORIENTED_EDGE ( 'NONE', *, *, #3535, .T. ) ;
#4677 = ORIENTED_EDGE ( 'NONE', *, *, #84, .T. ) ;
#4678 = LOCAL_TIME ( 21, 2, 57.00000000000000000, #6056 ) ;
#4679 = CARTESIAN_POINT ( 'NONE',  ( -22.53007446102909128, 15.15000000000000036, -30.38780315789474074 ) ) ;
#4680 = VERTEX_POINT ( 'NONE', #2029 ) ;
#4681 = ORIENTED_EDGE ( 'NONE', *, *, #4841, .T. ) ;
#4682 = EDGE_CURVE ( 'NONE', #3044, #5132, #5925, .T. ) ;
#4683 = CARTESIAN_POINT ( 'NONE',  ( 6.451502105263158704, 1.449999999999999956, 28.93009684210527155 ) ) ;
#4684 = DIRECTION ( 'NONE',  ( 0.0000000000000000000, 0.0000000000000000000, 1.000000000000000000 ) ) ;
#4685 = DIRECTION ( 'NONE',  ( -1.000000000000000000, 0.0000000000000000000, -0.0000000000000000000 ) ) ;
#4686 = VECTOR ( 'NONE', #546, 1000.000000000000000 ) ;
#4687 = CARTESIAN_POINT ( 'NONE',  ( 20.61510210526315845, 9.950000000000001066, -6.360203157894734005 ) ) ;
#4688 = VECTOR ( 'NONE', #4907, 1000.000000000000000 ) ;
#4689 = EDGE_LOOP ( 'NONE', ( #4320, #6077, #3803, #5269 ) ) ;
#4690 = CARTESIAN_POINT ( 'NONE',  ( -29.99052042804536811, 1.449999999999999956, 12.14045893242535712 ) ) ;
#4691 = EDGE_LOOP ( 'NONE', ( #1062, #276, #4130, #2368 ) ) ;
#4692 = ADVANCED_FACE ( 'NONE', ( #1816 ), #5633, .F. ) ;
#4693 = ADVANCED_FACE ( 'NONE', ( #5051 ), #2588, .F. ) ;
#4694 = VECTOR ( 'NONE', #5308, 1000.000000000000000 ) ;
#4695 = LINE ( 'NONE', #1035, #2135 ) ;
#4696 = DIRECTION ( 'NONE',  ( 0.0000000000000000000, 0.0000000000000000000, -1.000000000000000000 ) ) ;
#4697 = CARTESIAN_POINT ( 'NONE',  ( -5.932097894736841681, -3.419999999999999929, -26.67090315789473465 ) ) ;
#4698 = PLANE ( 'NONE',  #3117 ) ;
#4699 = LINE ( 'NONE', #3788, #4862 ) ;
#4700 = VECTOR ( 'NONE', #4684, 1000.000000000000000 ) ;
#4701 = DIRECTION ( 'NONE',  ( 0.0000000000000000000, -0.0000000000000000000, 1.000000000000000000 ) ) ;
#4702 = ORIENTED_EDGE ( 'NONE', *, *, #6611, .T. ) ;
#4703 = CARTESIAN_POINT ( 'NONE',  ( 49.66000210526316039, 1.449999999999999956, 28.93009684210527155 ) ) ;
#4704 = DIRECTION ( 'NONE',  ( 1.000000000000000000, 0.0000000000000000000, -0.0000000000000000000 ) ) ;
#4705 = FACE_OUTER_BOUND ( 'NONE', #3425, .T. ) ;
#4706 = ORIENTED_EDGE ( 'NONE', *, *, #1379, .F. ) ;
#4707 = LINE ( 'NONE', #5738, #3509 ) ;
#4708 = PLANE ( 'NONE',  #3372 ) ;
#4709 = LINE ( 'NONE', #1539, #6079 ) ;
#4710 = AXIS2_PLACEMENT_3D ( 'NONE', #3110, #2154, #4039 ) ;
#4711 = EDGE_LOOP ( 'NONE', ( #2001, #5888, #4158, #303 ) ) ;
#4712 = VECTOR ( 'NONE', #2875, 1000.000000000000000 ) ;
#4713 = DIRECTION ( 'NONE',  ( -0.0000000000000000000, -1.000000000000000000, -0.0000000000000000000 ) ) ;
#4714 = EDGE_LOOP ( 'NONE', ( #6269, #4677, #127, #5365 ) ) ;
#4715 = EDGE_CURVE ( 'NONE', #4392, #3012, #3036, .T. ) ;
#4716 = LINE ( 'NONE', #1136, #3680 ) ;
#4717 = DIRECTION ( 'NONE',  ( 0.0000000000000000000, 0.0000000000000000000, 1.000000000000000000 ) ) ;
#4718 = FACE_OUTER_BOUND ( 'NONE', #5534, .T. ) ;
#4719 = EDGE_LOOP ( 'NONE', ( #2800, #2731, #3364, #4140 ) ) ;
#4720 = DIRECTION ( 'NONE',  ( 1.000000000000000000, 0.0000000000000000000, 0.0000000000000000000 ) ) ;
#4721 = EDGE_LOOP ( 'NONE', ( #5532, #1663, #1774, #3236 ) ) ;
#4722 = CARTESIAN_POINT ( 'NONE',  ( 19.52050210526315865, 4.869999999999999218, -2.263803157894734852 ) ) ;
#4723 = EDGE_CURVE ( 'NONE', #4439, #618, #452, .T. ) ;
#4724 = LINE ( 'NONE', #5092, #6094 ) ;
#4725 = CARTESIAN_POINT ( 'NONE',  ( -19.74829789473684016, 1.449999999999999956, 6.325496842105266637 ) ) ;
#4726 = EDGE_CURVE ( 'NONE', #2255, #896, #281, .T. ) ;
#4727 = EDGE_LOOP ( 'NONE', ( #5295, #1905, #1563, #4330 ) ) ;
#4728 = CARTESIAN_POINT ( 'NONE',  ( -34.88299789473684598, 19.14999999999999858, -1.613203157894734119 ) ) ;
#4729 = ORIENTED_EDGE ( 'NONE', *, *, #229, .F. ) ;
#4730 = DIRECTION ( 'NONE',  ( 0.0000000000000000000, 1.000000000000000000, 0.0000000000000000000 ) ) ;
#4731 = CARTESIAN_POINT ( 'NONE',  ( 45.93860210526316479, 0.0000000000000000000, 20.22799684210526650 ) ) ;
#4732 = DIRECTION ( 'NONE',  ( 1.000000000000000000, 0.0000000000000000000, 0.0000000000000000000 ) ) ;
#4733 = ORIENTED_EDGE ( 'NONE', *, *, #5452, .T. ) ;
#4734 = PRODUCT_RELATED_PRODUCT_CATEGORY ( 'detail', '', ( #1444 ) ) ;
#4735 = ADVANCED_FACE ( 'NONE', ( #4252 ), #3112, .F. ) ;
#4736 = EDGE_CURVE ( 'NONE', #1324, #1447, #5453, .T. ) ;
#4737 = ADVANCED_FACE ( 'NONE', ( #2732 ), #4153, .F. ) ;
#4738 = FACE_OUTER_BOUND ( 'NONE', #2424, .T. ) ;
#4739 = DIRECTION ( 'NONE',  ( 1.000000000000000000, 0.0000000000000000000, 0.0000000000000000000 ) ) ;
#4740 = ORIENTED_EDGE ( 'NONE', *, *, #804, .F. ) ;
#4741 = FACE_OUTER_BOUND ( 'NONE', #828, .T. ) ;
#4742 = PLANE ( 'NONE',  #2596 ) ;
#4743 = VERTEX_POINT ( 'NONE', #6197 ) ;
#4744 = PLANE ( 'NONE',  #5050 ) ;
#4745 = LINE ( 'NONE', #2491, #641 ) ;
#4746 = DIRECTION ( 'NONE',  ( -0.0000000000000000000, -1.000000000000000000, -0.0000000000000000000 ) ) ;
#4747 = DIRECTION ( 'NONE',  ( -1.000000000000000000, -0.0000000000000000000, -0.0000000000000000000 ) ) ;
#4748 = ORIENTED_EDGE ( 'NONE', *, *, #5431, .T. ) ;
#4749 = EDGE_LOOP ( 'NONE', ( #3453, #5172, #941, #4554 ) ) ;
#4750 = PLANE ( 'NONE',  #1984 ) ;
#4751 = CARTESIAN_POINT ( 'NONE',  ( -18.70919789473684247, 8.250000000000000000, 25.59139684210526511 ) ) ;
#4752 = AXIS2_PLACEMENT_3D ( 'NONE', #5264, #3182, #2108 ) ;
#4753 = ORIENTED_EDGE ( 'NONE', *, *, #6433, .F. ) ;
#4754 = ADVANCED_FACE ( 'NONE', ( #1330 ), #1058, .F. ) ;
#4755 = EDGE_CURVE ( 'NONE', #1376, #2159, #6662, .T. ) ;
#4756 = ORIENTED_EDGE ( 'NONE', *, *, #1837, .F. ) ;
#4757 = ORIENTED_EDGE ( 'NONE', *, *, #5313, .T. ) ;
#4758 = LINE ( 'NONE', #4077, #652 ) ;
#4759 = ORIENTED_EDGE ( 'NONE', *, *, #2923, .F. ) ;
#4760 = AXIS2_PLACEMENT_3D ( 'NONE', #3415, #1352, #4964 ) ;
#4761 = LINE ( 'NONE', #6586, #2203 ) ;
#4762 = EDGE_CURVE ( 'NONE', #5484, #1893, #1490, .T. ) ;
#4763 = EDGE_LOOP ( 'NONE', ( #581, #2153, #1146, #1604 ) ) ;
#4764 = DIRECTION ( 'NONE',  ( 0.0000000000000000000, 1.000000000000000000, 0.0000000000000000000 ) ) ;
#4765 = ADVANCED_FACE ( 'NONE', ( #5300 ), #5720, .F. ) ;
#4766 = ADVANCED_FACE ( 'NONE', ( #2567 ), #589, .F. ) ;
#4767 = ORIENTED_EDGE ( 'NONE', *, *, #596, .F. ) ;
#4768 = ORIENTED_EDGE ( 'NONE', *, *, #1429, .F. ) ;
#4769 = VERTEX_POINT ( 'NONE', #2158 ) ;
#4770 = CARTESIAN_POINT ( 'NONE',  ( 19.44440210526315838, 0.0000000000000000000, 21.53459684210526248 ) ) ;
#4771 = CARTESIAN_POINT ( 'NONE',  ( -7.951497894736839989, 1.449999999999999956, -14.93160315789473458 ) ) ;
#4773 = CARTESIAN_POINT ( 'NONE',  ( -7.748297894736841940, 1.449999999999999956, 12.31709684210526490 ) ) ;
#4772 = DIRECTION ( 'NONE',  ( 1.000000000000000000, 0.0000000000000000000, 0.0000000000000000000 ) ) ;
#4774 = VECTOR ( 'NONE', #1963, 1000.000000000000000 ) ;
#4775 = ORIENTED_EDGE ( 'NONE', *, *, #2359, .F. ) ;
#4776 = EDGE_LOOP ( 'NONE', ( #1432, #3162, #3675, #483 ) ) ;
#4777 = LINE ( 'NONE', #485, #6152 ) ;
#4778 = CARTESIAN_POINT ( 'NONE',  ( -0.7626978947368412420, 4.869999999999999218, 12.31709684210526490 ) ) ;
#4779 = LINE ( 'NONE', #1122, #679 ) ;
#4780 = DIRECTION ( 'NONE',  ( 1.000000000000000000, 0.0000000000000000000, 0.0000000000000000000 ) ) ;
#4781 = ADVANCED_FACE ( 'NONE', ( #5131 ), #2126, .T. ) ;
#4782 = FACE_OUTER_BOUND ( 'NONE', #6142, .T. ) ;
#4783 = LINE ( 'NONE', #2310, #6158 ) ;
#4784 = EDGE_CURVE ( 'NONE', #2278, #5736, #3765, .T. ) ;
#4785 = LINE ( 'NONE', #1459, #3418 ) ;
#4786 = VECTOR ( 'NONE', #2970, 1000.000000000000000 ) ;
#4787 = AXIS2_PLACEMENT_3D ( 'NONE', #1830, #2365, #5948 ) ;
#4788 = CARTESIAN_POINT ( 'NONE',  ( 26.11240210526315764, 4.869999999999999218, -4.382303157894734014 ) ) ;
#4789 = ORIENTED_EDGE ( 'NONE', *, *, #4263, .F. ) ;
#4790 = VECTOR ( 'NONE', #6605, 1000.000000000000000 ) ;
#4791 = DIRECTION ( 'NONE',  ( -0.0000000000000000000, -0.0000000000000000000, -1.000000000000000000 ) ) ;
#4792 = CARTESIAN_POINT ( 'NONE',  ( -30.53007446102908062, 15.15000000000000036, 29.74219684210526182 ) ) ;
#4793 = VERTEX_POINT ( 'NONE', #5529 ) ;
#4794 = CARTESIAN_POINT ( 'NONE',  ( 0.0000000000000000000, 1.449999999999999956, 0.0000000000000000000 ) ) ;
#4795 = FACE_OUTER_BOUND ( 'NONE', #5651, .T. ) ;
#4797 = CARTESIAN_POINT ( 'NONE',  ( -21.60911273411832312, 1.449999999999999956, -4.404657554287778609 ) ) ;
#4796 = DIRECTION ( 'NONE',  ( -0.0000000000000000000, -1.000000000000000000, -0.0000000000000000000 ) ) ;
#4798 = VERTEX_POINT ( 'NONE', #2960 ) ;
#4799 = FACE_OUTER_BOUND ( 'NONE', #146, .T. ) ;
#4800 = VERTEX_POINT ( 'NONE', #6555 ) ;
#4801 = FACE_OUTER_BOUND ( 'NONE', #3921, .T. ) ;
#4802 = AXIS2_PLACEMENT_3D ( 'NONE', #5549, #6464, #2912 ) ;
#4803 = ADVANCED_FACE ( 'NONE', ( #2394, #6350, #4955 ), #3176, .F. ) ;
#4804 = VERTEX_POINT ( 'NONE', #3472 ) ;
#4805 = ORIENTED_EDGE ( 'NONE', *, *, #4040, .F. ) ;
#4806 = FACE_OUTER_BOUND ( 'NONE', #191, .T. ) ;
#4807 = ORIENTED_EDGE ( 'NONE', *, *, #1063, .F. ) ;
#4808 = CARTESIAN_POINT ( 'NONE',  ( -34.92489789473684425, 10.69999999999999929, -3.115803157894735165 ) ) ;
#4809 = ORIENTED_EDGE ( 'NONE', *, *, #574, .F. ) ;
#4810 = DIRECTION ( 'NONE',  ( -0.0000000000000000000, -1.000000000000000000, -0.0000000000000000000 ) ) ;
#4811 = EDGE_CURVE ( 'NONE', #1041, #4304, #1186, .T. ) ;
#4812 = DIRECTION ( 'NONE',  ( 1.000000000000000000, 0.0000000000000000000, 0.0000000000000000000 ) ) ;
#4813 = DIRECTION ( 'NONE',  ( 0.0000000000000000000, 0.0000000000000000000, 1.000000000000000000 ) ) ;
#4814 = ORIENTED_EDGE ( 'NONE', *, *, #235, .F. ) ;
#4815 = DIRECTION ( 'NONE',  ( 1.000000000000000000, 0.0000000000000000000, 0.0000000000000000000 ) ) ;
#4816 = CARTESIAN_POINT ( 'NONE',  ( -19.74839789473683993, 1.449999999999999956, 16.44869684210526373 ) ) ;
#4817 = VECTOR ( 'NONE', #6673, 1000.000000000000000 ) ;
#4818 = ADVANCED_FACE ( 'NONE', ( #3602 ), #5554, .T. ) ;
#4819 = EDGE_CURVE ( 'NONE', #6297, #2613, #6177, .T. ) ;
#4820 = VERTEX_POINT ( 'NONE', #409 ) ;
#4821 = EDGE_CURVE ( 'NONE', #5810, #2959, #847, .T. ) ;
#4822 = LINE ( 'NONE', #3815, #3300 ) ;
#4823 = LINE ( 'NONE', #3246, #3301 ) ;
#4824 = AXIS2_PLACEMENT_3D ( 'NONE', #355, #5518, #2435 ) ;
#4825 = ORIENTED_EDGE ( 'NONE', *, *, #5139, .T. ) ;
#4826 = ORIENTED_EDGE ( 'NONE', *, *, #4843, .T. ) ;
#4827 = LINE ( 'NONE', #1818, #6032 ) ;
#4828 = ADVANCED_FACE ( 'NONE', ( #4801 ), #2499, .T. ) ;
#4829 = ORIENTED_EDGE ( 'NONE', *, *, #4972, .F. ) ;
#4830 = VERTEX_POINT ( 'NONE', #1435 ) ;
#4831 = EDGE_LOOP ( 'NONE', ( #2023, #4748, #2854, #5467 ) ) ;
#4832 = DIRECTION ( 'NONE',  ( -0.0000000000000000000, 1.000000000000000000, -0.0000000000000000000 ) ) ;
#4833 = DIRECTION ( 'NONE',  ( -0.0000000000000000000, -1.000000000000000000, -0.0000000000000000000 ) ) ;
#4834 = DIRECTION ( 'NONE',  ( -0.0000000000000000000, -1.000000000000000000, -0.0000000000000000000 ) ) ;
#4835 = CARTESIAN_POINT ( 'NONE',  ( -16.77599789473683956, 5.153130887489396628, 35.04339684210526684 ) ) ;
#4837 = CARTESIAN_POINT ( 'NONE',  ( -34.88299789473684598, 19.14999999999999858, 8.324796842105264716 ) ) ;
#4836 = DIRECTION ( 'NONE',  ( -0.0000000000000000000, -0.0000000000000000000, -1.000000000000000000 ) ) ;
#4838 = AXIS2_PLACEMENT_3D ( 'NONE', #2553, #419, #5537 ) ;
#4839 = EDGE_LOOP ( 'NONE', ( #5819, #430, #1828, #439 ) ) ;
#4840 = FACE_OUTER_BOUND ( 'NONE', #3716, .T. ) ;
#4841 = EDGE_CURVE ( 'NONE', #3082, #1545, #2243, .T. ) ;
#4842 = VERTEX_POINT ( 'NONE', #432 ) ;
#4843 = EDGE_CURVE ( 'NONE', #4820, #46, #6001, .T. ) ;
#4844 = ORIENTED_EDGE ( 'NONE', *, *, #4912, .T. ) ;
#4845 = EDGE_CURVE ( 'NONE', #3321, #4124, #3433, .T. ) ;
#4846 = CARTESIAN_POINT ( 'NONE',  ( -19.74829789473684016, 9.950000000000001066, 4.143496842105264477 ) ) ;
#4847 = ADVANCED_FACE ( 'NONE', ( #4462 ), #5074, .F. ) ;
#4848 = CALENDAR_DATE ( 2019, 14, 4 ) ;
#4849 = VERTEX_POINT ( 'NONE', #3024 ) ;
#4850 = VERTEX_POINT ( 'NONE', #966 ) ;
#4851 = FACE_OUTER_BOUND ( 'NONE', #5589, .T. ) ;
#4852 = DIRECTION ( 'NONE',  ( 0.0000000000000000000, -0.0000000000000000000, 1.000000000000000000 ) ) ;
#4853 = CARTESIAN_POINT ( 'NONE',  ( -19.69649789473684010, 9.950000000000001066, -6.360203157894734005 ) ) ;
#4854 = LINE ( 'NONE', #1807, #2130 ) ;
#4855 = CARTESIAN_POINT ( 'NONE',  ( -29.99052042804536811, 5.899999999999999467, -4.404657554287778609 ) ) ;
#4857 = CARTESIAN_POINT ( 'NONE',  ( -50.58859789473683577, 1.449999999999999956, 29.74219684210526182 ) ) ;
#4856 = CARTESIAN_POINT ( 'NONE',  ( 19.44440210526315838, -3.419999999999999929, 21.53459684210526248 ) ) ;
#4858 = EDGE_LOOP ( 'NONE', ( #6010, #5, #2534, #1665 ) ) ;
#4859 = EDGE_CURVE ( 'NONE', #6089, #914, #3283, .T. ) ;
#4860 = VECTOR ( 'NONE', #5395, 1000.000000000000000 ) ;
#4861 = LINE ( 'NONE', #2104, #908 ) ;
#4862 = VECTOR ( 'NONE', #4812, 1000.000000000000000 ) ;
#4863 = VECTOR ( 'NONE', #6210, 1000.000000000000000 ) ;
#4864 = ADVANCED_FACE ( 'NONE', ( #1743 ), #4556, .T. ) ;
#4865 = ORIENTED_EDGE ( 'NONE', *, *, #4588, .F. ) ;
#4866 = VECTOR ( 'NONE', #1018, 1000.000000000000000 ) ;
#4867 = ORIENTED_EDGE ( 'NONE', *, *, #3824, .T. ) ;
#4868 = FACE_OUTER_BOUND ( 'NONE', #2666, .T. ) ;
#4869 = FACE_OUTER_BOUND ( 'NONE', #4947, .T. ) ;
#4870 = ORIENTED_EDGE ( 'NONE', *, *, #1993, .F. ) ;
#4871 = DIRECTION ( 'NONE',  ( -1.000000000000000000, -0.0000000000000000000, -0.0000000000000000000 ) ) ;
#4872 = VECTOR ( 'NONE', #4717, 1000.000000000000000 ) ;
#4873 = ORIENTED_EDGE ( 'NONE', *, *, #4449, .F. ) ;
#4874 = LINE ( 'NONE', #567, #3519 ) ;
#4875 = CARTESIAN_POINT ( 'NONE',  ( 26.11240210526315764, 4.869999999999999218, -6.285103157894734949 ) ) ;
#4876 = ORIENTED_EDGE ( 'NONE', *, *, #4019, .T. ) ;
#4877 = EDGE_CURVE ( 'NONE', #3758, #1482, #5695, .T. ) ;
#4878 = CARTESIAN_POINT ( 'NONE',  ( -45.66899789473684024, 19.14999999999999858, 16.02419684210526540 ) ) ;
#4879 = ORIENTED_EDGE ( 'NONE', *, *, #5929, .T. ) ;
#4880 = EDGE_CURVE ( 'NONE', #13, #3988, #534, .T. ) ;
#4881 = VECTOR ( 'NONE', #4531, 1000.000000000000000 ) ;
#4882 = CARTESIAN_POINT ( 'NONE',  ( -0.7626978947368412420, 1.449999999999999956, 12.31709684210526490 ) ) ;
#4883 = ORIENTED_EDGE ( 'NONE', *, *, #6244, .T. ) ;
#4884 = ADVANCED_FACE ( 'NONE', ( #5845 ), #1499, .F. ) ;
#4885 = VERTEX_POINT ( 'NONE', #3564 ) ;
#4886 = EDGE_CURVE ( 'NONE', #4769, #3340, #212, .T. ) ;
#4887 = DIRECTION ( 'NONE',  ( -0.0000000000000000000, -1.000000000000000000, -0.0000000000000000000 ) ) ;
#4888 = AXIS2_PLACEMENT_3D ( 'NONE', #3700, #4219, #1129 ) ;
#4889 = ORIENTED_EDGE ( 'NONE', *, *, #6644, .T. ) ;
#4890 = FACE_OUTER_BOUND ( 'NONE', #6450, .T. ) ;
#4891 = EDGE_CURVE ( 'NONE', #1012, #5498, #4329, .T. ) ;
#4892 = ORIENTED_EDGE ( 'NONE', *, *, #6240, .T. ) ;
#4893 = ADVANCED_FACE ( 'NONE', ( #5533 ), #4600, .F. ) ;
#4894 = FACE_OUTER_BOUND ( 'NONE', #4296, .T. ) ;
#4895 = DIRECTION ( 'NONE',  ( -4.071149110431670071E-16, 1.000000000000000000, 0.0000000000000000000 ) ) ;
#4896 = ORIENTED_EDGE ( 'NONE', *, *, #4408, .F. ) ;
#4897 = CARTESIAN_POINT ( 'NONE',  ( -21.60911273411832312, 5.899999999999999467, -4.404657554287778609 ) ) ;
#4898 = DIRECTION ( 'NONE',  ( 0.0000000000000000000, 0.0000000000000000000, -1.000000000000000000 ) ) ;
#4899 = LINE ( 'NONE', #4015, #3380 ) ;
#4900 = CARTESIAN_POINT ( 'NONE',  ( -5.932097894736841681, -3.419999999999999929, -26.67090315789473465 ) ) ;
#4901 = EDGE_CURVE ( 'NONE', #6066, #4280, #56, .T. ) ;
#4902 = ORIENTED_EDGE ( 'NONE', *, *, #1491, .T. ) ;
#4903 = VERTEX_POINT ( 'NONE', #521 ) ;
#4904 = ORIENTED_EDGE ( 'NONE', *, *, #2516, .T. ) ;
#4905 = CARTESIAN_POINT ( 'NONE',  ( -7.951497894736839989, 1.449999999999999956, -10.49160315789473508 ) ) ;
#4906 = AXIS2_PLACEMENT_3D ( 'NONE', #6511, #3430, #338 ) ;
#4907 = DIRECTION ( 'NONE',  ( -0.0000000000000000000, -0.0000000000000000000, -1.000000000000000000 ) ) ;
#4908 = ORIENTED_EDGE ( 'NONE', *, *, #4400, .T. ) ;
#4909 = ADVANCED_FACE ( 'NONE', ( #4003 ), #6180, .F. ) ;
#4910 = CIRCLE ( 'NONE', #2787, 1.950000000000000400 ) ;
#4911 = PLANE ( 'NONE',  #4787 ) ;
#4912 = EDGE_CURVE ( 'NONE', #4170, #2618, #1256, .T. ) ;
#4913 = CARTESIAN_POINT ( 'NONE',  ( -50.58859789473683577, 1.449999999999999956, -30.38780315789473718 ) ) ;
#4914 = ORIENTED_EDGE ( 'NONE', *, *, #5072, .T. ) ;
#4915 = FACE_OUTER_BOUND ( 'NONE', #2342, .T. ) ;
#4916 = ORIENTED_EDGE ( 'NONE', *, *, #3318, .F. ) ;
#4917 = CARTESIAN_POINT ( 'NONE',  ( -19.74829789473684016, 1.449999999999999956, 4.143496842105264477 ) ) ;
#4918 = DIRECTION ( 'NONE',  ( 0.0000000000000000000, -0.0000000000000000000, 1.000000000000000000 ) ) ;
#4919 = DIRECTION ( 'NONE',  ( 0.0000000000000000000, 0.0000000000000000000, 1.000000000000000000 ) ) ;
#4920 = AXIS2_PLACEMENT_3D ( 'NONE', #387, #3998, #892 ) ;
#4921 = DIRECTION ( 'NONE',  ( -0.0000000000000000000, -1.000000000000000000, -0.0000000000000000000 ) ) ;
#4922 = EDGE_LOOP ( 'NONE', ( #2, #2738, #3678, #160 ) ) ;
#4923 = ORIENTED_EDGE ( 'NONE', *, *, #5348, .T. ) ;
#4924 = ADVANCED_FACE ( 'NONE', ( #6573 ), #3065, .F. ) ;
#4925 = VERTEX_POINT ( 'NONE', #2086 ) ;
#4926 = CARTESIAN_POINT ( 'NONE',  ( -29.99052042804537166, 1.449999999999999956, -20.94977404100091078 ) ) ;
#4927 = LINE ( 'NONE', #6060, #4774 ) ;
#4928 = DIRECTION ( 'NONE',  ( 0.0000000000000000000, -1.000000000000000000, 0.0000000000000000000 ) ) ;
#4929 = EDGE_CURVE ( 'NONE', #6519, #4370, #5211, .T. ) ;
#4930 = VERTEX_POINT ( 'NONE', #545 ) ;
#4931 = EDGE_CURVE ( 'NONE', #3630, #5542, #3848, .T. ) ;
#4932 = LINE ( 'NONE', #36, #2217 ) ;
#4933 = VECTOR ( 'NONE', #67, 1000.000000000000000 ) ;
#4934 = CARTESIAN_POINT ( 'NONE',  ( 22.22590210526316312, 4.869999999999999218, 28.99369684210526188 ) ) ;
#4935 = ORIENTED_EDGE ( 'NONE', *, *, #3414, .F. ) ;
#4936 = FACE_OUTER_BOUND ( 'NONE', #696, .T. ) ;
#4937 = VECTOR ( 'NONE', #719, 1000.000000000000114 ) ;
#4938 = EDGE_CURVE ( 'NONE', #2464, #2209, #2804, .T. ) ;
#4939 = VECTOR ( 'NONE', #6661, 1000.000000000000000 ) ;
#4940 = VECTOR ( 'NONE', #842, 1000.000000000000000 ) ;
#4941 = PLANE ( 'NONE',  #5384 ) ;
#4942 = CARTESIAN_POINT ( 'NONE',  ( 0.0000000000000000000, 4.869999999999999218, 0.0000000000000000000 ) ) ;
#4943 = DIRECTION ( 'NONE',  ( -1.000000000000000000, -0.0000000000000000000, -0.0000000000000000000 ) ) ;
#4944 = EDGE_CURVE ( 'NONE', #3037, #5844, #1098, .T. ) ;
#4945 = ORIENTED_EDGE ( 'NONE', *, *, #6316, .F. ) ;
#4946 = VECTOR ( 'NONE', #413, 1000.000000000000000 ) ;
#4947 = EDGE_LOOP ( 'NONE', ( #3423, #3575, #1527, #1452 ) ) ;
#4948 = CARTESIAN_POINT ( 'NONE',  ( 20.61510210526315845, 9.950000000000001066, -6.360203157894734005 ) ) ;
#4949 = VECTOR ( 'NONE', #742, 1000.000000000000000 ) ;
#4950 = CARTESIAN_POINT ( 'NONE',  ( 40.96200210526315999, 9.950000000000001066, 16.44869684210526373 ) ) ;
#4951 = VERTEX_POINT ( 'NONE', #2107 ) ;
#4952 = DIRECTION ( 'NONE',  ( 1.000000000000000000, 0.0000000000000000000, -0.0000000000000000000 ) ) ;
#4953 = FACE_OUTER_BOUND ( 'NONE', #288, .T. ) ;
#4954 = ORIENTED_EDGE ( 'NONE', *, *, #4314, .T. ) ;
#4955 = FACE_BOUND ( 'NONE', #970, .T. ) ;
#4956 = ORIENTED_EDGE ( 'NONE', *, *, #1685, .T. ) ;
#4957 = DIRECTION ( 'NONE',  ( 0.0000000000000000000, 0.0000000000000000000, 1.000000000000000000 ) ) ;
#4958 = ORIENTED_EDGE ( 'NONE', *, *, #784, .T. ) ;
#4959 = CARTESIAN_POINT ( 'NONE',  ( 14.38950210526316020, 0.0000000000000000000, -29.20810315789473322 ) ) ;
#4960 = VECTOR ( 'NONE', #2602, 1000.000000000000000 ) ;
#4961 = AXIS2_PLACEMENT_3D ( 'NONE', #3900, #2434, #1410 ) ;
#4962 = MANIFOLD_SOLID_BREP ( 'Boss-Extrude4[4]', #6146 ) ;
#4963 = VERTEX_POINT ( 'NONE', #58 ) ;
#4964 = DIRECTION ( 'NONE',  ( 0.0000000000000000000, 0.0000000000000000000, 1.000000000000000000 ) ) ;
#4965 = VERTEX_POINT ( 'NONE', #5214 ) ;
#4966 = DIRECTION ( 'NONE',  ( 0.0000000000000000000, 0.0000000000000000000, -1.000000000000000000 ) ) ;
#4967 = CARTESIAN_POINT ( 'NONE',  ( 26.11240210526315764, 1.449999999999999956, -6.285103157894734949 ) ) ;
#4968 = DIRECTION ( 'NONE',  ( 0.0000000000000000000, -1.000000000000000000, 0.0000000000000000000 ) ) ;
#4969 = DIRECTION ( 'NONE',  ( 0.0000000000000000000, 1.000000000000000000, 0.0000000000000000000 ) ) ;
#4970 = DIRECTION ( 'NONE',  ( -1.000000000000000000, 0.0000000000000000000, 0.0000000000000000000 ) ) ;
#4971 = VERTEX_POINT ( 'NONE', #2127 ) ;
#4972 = EDGE_CURVE ( 'NONE', #3296, #57, #4874, .T. ) ;
#4973 = VECTOR ( 'NONE', #4810, 1000.000000000000000 ) ;
#4974 = CARTESIAN_POINT ( 'NONE',  ( 42.33160210526316547, 0.0000000000000000000, 16.43479684210526415 ) ) ;
#4975 = CARTESIAN_POINT ( 'NONE',  ( 6.451502105263158704, 4.869999999999999218, 24.49029684210526270 ) ) ;
#4976 = AXIS2_PLACEMENT_3D ( 'NONE', #1030, #4614, #1538 ) ;
#4977 = CARTESIAN_POINT ( 'NONE',  ( -40.77399789473683711, 10.69999999999999929, -3.115803157894735165 ) ) ;
#4978 = ORIENTED_EDGE ( 'NONE', *, *, #2415, .T. ) ;
#4979 = VECTOR ( 'NONE', #706, 1000.000000000000000 ) ;
#4980 = CARTESIAN_POINT ( 'NONE',  ( -50.58859789473683577, 0.0000000000000000000, -30.38780315789473718 ) ) ;
#4981 = LINE ( 'NONE', #609, #6372 ) ;
#4982 = EDGE_CURVE ( 'NONE', #4370, #548, #928, .T. ) ;
#4983 = CLOSED_SHELL ( 'NONE', ( #1853, #6456, #4272, #3219, #709, #6301 ) ) ;
#4984 = CLOSED_SHELL ( 'NONE', ( #1301, #5894, #4391, #5928, #716, #5718 ) ) ;
#4985 = EDGE_CURVE ( 'NONE', #4540, #2312, #2156, .T. ) ;
#4986 = VECTOR ( 'NONE', #4836, 1000.000000000000000 ) ;
#4987 = CARTESIAN_POINT ( 'NONE',  ( 39.65160210526315154, 1.449999999999999956, 12.31709684210526490 ) ) ;
#4988 = DIRECTION ( 'NONE',  ( 0.0000000000000000000, 0.0000000000000000000, -1.000000000000000000 ) ) ;
#4989 = CARTESIAN_POINT ( 'NONE',  ( 0.0000000000000000000, 4.869999999999999218, 0.0000000000000000000 ) ) ;
#4990 = PLANE ( 'NONE',  #4824 ) ;
#4991 = ORIENTED_EDGE ( 'NONE', *, *, #4784, .F. ) ;
#4992 = ORIENTED_EDGE ( 'NONE', *, *, #5238, .F. ) ;
#4993 = CARTESIAN_POINT ( 'NONE',  ( 6.451502105263158704, 4.869999999999999218, 24.49029684210526270 ) ) ;
#4994 = DIRECTION ( 'NONE',  ( -0.0000000000000000000, -1.000000000000000000, -0.0000000000000000000 ) ) ;
#4995 = ORIENTED_EDGE ( 'NONE', *, *, #3071, .F. ) ;
#4996 = CARTESIAN_POINT ( 'NONE',  ( 0.0000000000000000000, 9.950000000000001066, 0.0000000000000000000 ) ) ;
#4997 = VECTOR ( 'NONE', #5325, 1000.000000000000000 ) ;
#4998 = VERTEX_POINT ( 'NONE', #4703 ) ;
#4999 = AXIS2_PLACEMENT_3D ( 'NONE', #5082, #6612, #5604 ) ;
#5000 = DIRECTION ( 'NONE',  ( 0.0000000000000000000, 0.0000000000000000000, 1.000000000000000000 ) ) ;
#5001 = CARTESIAN_POINT ( 'NONE',  ( -30.53007446102908062, 15.15000000000000036, 29.74219684210526182 ) ) ;
#5002 = ORIENTED_EDGE ( 'NONE', *, *, #3787, .F. ) ;
#5003 = DIRECTION ( 'NONE',  ( 0.0000000000000000000, 0.0000000000000000000, 1.000000000000000000 ) ) ;
#5004 = VERTEX_POINT ( 'NONE', #3130 ) ;
#5005 = CARTESIAN_POINT ( 'NONE',  ( 21.98470210526316038, -3.419999999999999929, 21.53459684210526248 ) ) ;
#5006 = PERSON_AND_ORGANIZATION ( #4051, #339 ) ;
#5007 = CARTESIAN_POINT ( 'NONE',  ( 42.33160210526316547, -3.419999999999999929, -29.21190315789473502 ) ) ;
#5008 = VERTEX_POINT ( 'NONE', #5723 ) ;
#5009 = PLANE ( 'NONE',  #2834 ) ;
#5010 = DIRECTION ( 'NONE',  ( -1.000000000000000000, 0.0000000000000000000, 0.0000000000000000000 ) ) ;
#5011 = DIRECTION ( 'NONE',  ( -1.000000000000000000, 0.0000000000000000000, 0.0000000000000000000 ) ) ;
#5012 = VERTEX_POINT ( 'NONE', #4199 ) ;
#5013 = EDGE_CURVE ( 'NONE', #5691, #587, #3351, .T. ) ;
#5014 = LINE ( 'NONE', #3467, #2129 ) ;
#5015 = DIRECTION ( 'NONE',  ( 0.0000000000000000000, 0.0000000000000000000, 1.000000000000000000 ) ) ;
#5016 = FACE_OUTER_BOUND ( 'NONE', #2478, .T. ) ;
#5017 = EDGE_LOOP ( 'NONE', ( #5483, #2928, #5388, #6392, #838 ) ) ;
#5018 = DIRECTION ( 'NONE',  ( -0.0000000000000000000, -1.000000000000000000, -0.0000000000000000000 ) ) ;
#5019 = CARTESIAN_POINT ( 'NONE',  ( 25.79500210526316195, 4.869999999999999218, -1.730903157894735367 ) ) ;
#5020 = CARTESIAN_POINT ( 'NONE',  ( -29.99052042804536811, 1.449999999999999956, -4.404657554287778609 ) ) ;
#5021 = FACE_OUTER_BOUND ( 'NONE', #5216, .T. ) ;
#5022 = CARTESIAN_POINT ( 'NONE',  ( -7.951497894736839989, 4.869999999999999218, -14.93160315789473458 ) ) ;
#5023 = FACE_OUTER_BOUND ( 'NONE', #886, .T. ) ;
#5024 = LINE ( 'NONE', #2287, #3502 ) ;
#5025 = VECTOR ( 'NONE', #2076, 1000.000000000000000 ) ;
#5026 = VERTEX_POINT ( 'NONE', #5740 ) ;
#5027 = CARTESIAN_POINT ( 'NONE',  ( 0.9010021052631582705, 4.869999999999999218, 29.45039684210526687 ) ) ;
#5028 = FACE_OUTER_BOUND ( 'NONE', #1380, .T. ) ;
#5029 = VERTEX_POINT ( 'NONE', #94 ) ;
#5030 = DIRECTION ( 'NONE',  ( -1.000000000000000000, -0.0000000000000000000, -0.0000000000000000000 ) ) ;
#5031 = LINE ( 'NONE', #2492, #917 ) ;
#5032 = CLOSED_SHELL ( 'NONE', ( #4374, #2303, #3352, #2733, #513, #747 ) ) ;
#5033 = VECTOR ( 'NONE', #1102, 1000.000000000000000 ) ;
#5034 = DIRECTION ( 'NONE',  ( 0.0000000000000000000, 0.0000000000000000000, -1.000000000000000000 ) ) ;
#5035 = DIRECTION ( 'NONE',  ( -0.0000000000000000000, -1.000000000000000000, -0.0000000000000000000 ) ) ;
#5036 = ORIENTED_EDGE ( 'NONE', *, *, #2456, .F. ) ;
#5037 = LINE ( 'NONE', #527, #5207 ) ;
#5038 = AXIS2_PLACEMENT_3D ( 'NONE', #379, #5954, #329 ) ;
#5039 = ORIENTED_EDGE ( 'NONE', *, *, #6671, .F. ) ;
#5040 = ORIENTED_EDGE ( 'NONE', *, *, #619, .T. ) ;
#5041 = CARTESIAN_POINT ( 'NONE',  ( -35.34749789473684700, 1.449999999999999956, -27.85070315789473483 ) ) ;
#5042 = VECTOR ( 'NONE', #6251, 1000.000000000000000 ) ;
#5043 = DIRECTION ( 'NONE',  ( -0.4472135954999559293, -0.8944271909999168546, 0.0000000000000000000 ) ) ;
#5044 = PLANE ( 'NONE',  #5449 ) ;
#5045 = PLANE ( 'NONE',  #6554 ) ;
#5046 = EDGE_CURVE ( 'NONE', #4550, #218, #613, .T. ) ;
#5047 = VERTEX_POINT ( 'NONE', #3704 ) ;
#5048 = VERTEX_POINT ( 'NONE', #4224 ) ;
#5049 = DIRECTION ( 'NONE',  ( -0.0000000000000000000, 1.000000000000000000, -0.0000000000000000000 ) ) ;
#5050 = AXIS2_PLACEMENT_3D ( 'NONE', #1169, #4764, #1679 ) ;
#5051 = FACE_OUTER_BOUND ( 'NONE', #1022, .T. ) ;
#5053 = EDGE_LOOP ( 'NONE', ( #3568, #3576, #560, #2772 ) ) ;
#5052 = CARTESIAN_POINT ( 'NONE',  ( -0.8769978947368413102, 0.0000000000000000000, 21.53459684210526248 ) ) ;
#5054 = CARTESIAN_POINT ( 'NONE',  ( -19.74829789473684016, 1.449999999999999956, 4.143496842105264477 ) ) ;
#5055 = DIRECTION ( 'NONE',  ( -4.071149110431670071E-16, 1.000000000000000000, 0.0000000000000000000 ) ) ;
#5056 = CARTESIAN_POINT ( 'NONE',  ( 0.0000000000000000000, 1.449999999999999956, 0.0000000000000000000 ) ) ;
#5057 = ORIENTED_EDGE ( 'NONE', *, *, #4142, .F. ) ;
#5058 = CARTESIAN_POINT ( 'NONE',  ( -21.60911273411832312, 1.449999999999999956, -20.94977404100091078 ) ) ;
#5059 = CARTESIAN_POINT ( 'NONE',  ( -18.62029789473684005, -3.419999999999999929, 19.00249684210526624 ) ) ;
#5060 = DIRECTION ( 'NONE',  ( 1.000000000000000000, 0.0000000000000000000, 0.0000000000000000000 ) ) ;
#5061 = LINE ( 'NONE', #3438, #3531 ) ;
#5062 = CARTESIAN_POINT ( 'NONE',  ( 15.97710210526315855, 4.869999999999999218, 28.93009684210527155 ) ) ;
#5063 = CARTESIAN_POINT ( 'NONE',  ( 39.65160210526315154, 1.449999999999999956, 7.877096842105264507 ) ) ;
#5064 = EDGE_LOOP ( 'NONE', ( #4641, #4577, #2559, #5124 ) ) ;
#5065 = PLANE ( 'NONE',  #3523 ) ;
#5066 = CARTESIAN_POINT ( 'NONE',  ( -30.53007446102908062, 6.627966397586101621, -30.25780315789473107 ) ) ;
#5067 = LINE ( 'NONE', #2892, #2669 ) ;
#5068 = CARTESIAN_POINT ( 'NONE',  ( -19.74829789473684016, 9.950000000000001066, 6.325496842105266637 ) ) ;
#5069 = EDGE_CURVE ( 'NONE', #4965, #1843, #4716, .T. ) ;
#5070 = ORIENTED_EDGE ( 'NONE', *, *, #3843, .F. ) ;
#5071 = EDGE_LOOP ( 'NONE', ( #799, #3060, #2204, #1230 ) ) ;
#5072 = EDGE_CURVE ( 'NONE', #2693, #2793, #773, .T. ) ;
#5073 = PLANE ( 'NONE',  #3155 ) ;
#5074 = PLANE ( 'NONE',  #308 ) ;
#5075 = LINE ( 'NONE', #6044, #3543 ) ;
#5076 = ORIENTED_EDGE ( 'NONE', *, *, #5313, .F. ) ;
#5077 = APPLICATION_CONTEXT ( 'configuration controlled 3d designs of mechanical parts and assemblies' ) ;
#5078 = VERTEX_POINT ( 'NONE', #6298 ) ;
#5079 = DIRECTION ( 'NONE',  ( 0.0000000000000000000, -0.0000000000000000000, 1.000000000000000000 ) ) ;
#5080 = AXIS2_PLACEMENT_3D ( 'NONE', #2119, #43, #4685 ) ;
#5081 = DIRECTION ( 'NONE',  ( -1.000000000000000000, -0.0000000000000000000, -0.0000000000000000000 ) ) ;
#5082 = CARTESIAN_POINT ( 'NONE',  ( -21.60911273411831957, 5.899999999999999467, 12.14045893242535712 ) ) ;
#5083 = CARTESIAN_POINT ( 'NONE',  ( -11.52049789473684172, 4.869999999999999218, -21.52050315789473700 ) ) ;
#5084 = EDGE_CURVE ( 'NONE', #5579, #2314, #4538, .T. ) ;
#5085 = CARTESIAN_POINT ( 'NONE',  ( 34.35530210526316353, 1.449999999999999956, 24.49029684210526270 ) ) ;
#5086 = ORIENTED_EDGE ( 'NONE', *, *, #5581, .T. ) ;
#5087 = LINE ( 'NONE', #145, #6304 ) ;
#5088 = CARTESIAN_POINT ( 'NONE',  ( 0.0000000000000000000, 1.449999999999999956, 0.0000000000000000000 ) ) ;
#5089 = ORIENTED_EDGE ( 'NONE', *, *, #5552, .T. ) ;
#5090 = EDGE_LOOP ( 'NONE', ( #5907, #4532, #1258, #3059 ) ) ;
#5091 = CARTESIAN_POINT ( 'NONE',  ( -30.53007446102908062, 15.15000000000000036, -30.25780315789473107 ) ) ;
#5092 = CARTESIAN_POINT ( 'NONE',  ( 14.38950210526316020, -3.419999999999999929, -26.67090315789473465 ) ) ;
#5093 = DIRECTION ( 'NONE',  ( 0.0000000000000000000, 0.0000000000000000000, -1.000000000000000000 ) ) ;
#5094 = DIRECTION ( 'NONE',  ( 0.0000000000000000000, 0.0000000000000000000, 1.000000000000000000 ) ) ;
#5095 = CARTESIAN_POINT ( 'NONE',  ( 0.0000000000000000000, 1.449999999999999956, 0.0000000000000000000 ) ) ;
#5096 = ORIENTED_EDGE ( 'NONE', *, *, #2261, .T. ) ;
#5097 = ORIENTED_EDGE ( 'NONE', *, *, #4982, .F. ) ;
#5098 = PERSON_AND_ORGANIZATION_ROLE ( 'design_supplier' ) ;
#5099 = LINE ( 'NONE', #5556, #2367 ) ;
#5100 = PLANE ( 'NONE',  #5541 ) ;
#5101 = EDGE_CURVE ( 'NONE', #4439, #872, #6265, .T. ) ;
#5102 = DIRECTION ( 'NONE',  ( 0.0000000000000000000, 0.0000000000000000000, -1.000000000000000000 ) ) ;
#5103 = DIRECTION ( 'NONE',  ( 0.0000000000000000000, 0.0000000000000000000, 1.000000000000000000 ) ) ;
#5104 = ORIENTED_EDGE ( 'NONE', *, *, #488, .T. ) ;
#5105 = VERTEX_POINT ( 'NONE', #5783 ) ;
#5106 = DIRECTION ( 'NONE',  ( 0.0000000000000000000, 0.0000000000000000000, -1.000000000000000000 ) ) ;
#5107 = LINE ( 'NONE', #5190, #3742 ) ;
#5108 = FACE_OUTER_BOUND ( 'NONE', #5619, .T. ) ;
#5109 = ORIENTED_EDGE ( 'NONE', *, *, #5166, .F. ) ;
#5110 = EDGE_CURVE ( 'NONE', #3715, #197, #5763, .T. ) ;
#5111 = FACE_OUTER_BOUND ( 'NONE', #285, .T. ) ;
#5112 = LINE ( 'NONE', #1218, #3583 ) ;
#5113 = LINE ( 'NONE', #5643, #2382 ) ;
#5114 = LINE ( 'NONE', #6520, #4940 ) ;
#5115 = DIRECTION ( 'NONE',  ( 0.0000000000000000000, -0.0000000000000000000, 1.000000000000000000 ) ) ;
#5116 = ORIENTED_EDGE ( 'NONE', *, *, #3866, .T. ) ;
#5117 = CARTESIAN_POINT ( 'NONE',  ( 12.62400210526315902, 4.869999999999999218, -14.93160315789473458 ) ) ;
#5118 = CARTESIAN_POINT ( 'NONE',  ( -19.86499789473684174, 4.869999999999999218, -24.05770315789473557 ) ) ;
#5119 = DIRECTION ( 'NONE',  ( -1.000000000000000000, -0.0000000000000000000, -0.0000000000000000000 ) ) ;
#5120 = CARTESIAN_POINT ( 'NONE',  ( -48.66899789473684734, 1.449999999999999956, 26.01279684210526355 ) ) ;
#5121 = VECTOR ( 'NONE', #2445, 1000.000000000000000 ) ;
#5122 = ORIENTED_EDGE ( 'NONE', *, *, #4463, .F. ) ;
#5123 = CYLINDRICAL_SURFACE ( 'NONE', #189, 1.749999999999999778 ) ;
#5124 = ORIENTED_EDGE ( 'NONE', *, *, #4476, .T. ) ;
#5125 = DIRECTION ( 'NONE',  ( -1.000000000000000000, 0.0000000000000000000, 0.0000000000000000000 ) ) ;
#5126 = DIRECTION ( 'NONE',  ( 0.0000000000000000000, 0.0000000000000000000, 1.000000000000000000 ) ) ;
#5127 = LINE ( 'NONE', #3357, #3762 ) ;
#5128 = DIRECTION ( 'NONE',  ( -1.000000000000000000, 0.0000000000000000000, 0.0000000000000000000 ) ) ;
#5129 = VERTEX_POINT ( 'NONE', #3747 ) ;
#5130 = CARTESIAN_POINT ( 'NONE',  ( 20.56320210526315861, 1.449999999999999956, -18.63990315789473584 ) ) ;
#5131 = FACE_OUTER_BOUND ( 'NONE', #4831, .T. ) ;
#5132 = VERTEX_POINT ( 'NONE', #6317 ) ;
#5133 = CARTESIAN_POINT ( 'NONE',  ( -29.99052042804537166, 1.449999999999999956, -20.94977404100091078 ) ) ;
#5134 = ORIENTED_EDGE ( 'NONE', *, *, #3562, .T. ) ;
#5135 = MANIFOLD_SOLID_BREP ( 'Boss-Extrude4[5]', #1995 ) ;
#5136 = FACE_OUTER_BOUND ( 'NONE', #1926, .T. ) ;
#5137 = ORIENTED_EDGE ( 'NONE', *, *, #269, .F. ) ;
#5138 = VERTEX_POINT ( 'NONE', #657 ) ;
#5139 = EDGE_CURVE ( 'NONE', #2295, #2832, #1811, .T. ) ;
#5140 = DIRECTION ( 'NONE',  ( 0.0000000000000000000, 1.000000000000000000, 0.0000000000000000000 ) ) ;
#5141 = DIRECTION ( 'NONE',  ( -1.000000000000000000, -0.0000000000000000000, -0.0000000000000000000 ) ) ;
#5142 = DIRECTION ( 'NONE',  ( -0.0000000000000000000, -1.000000000000000000, -0.0000000000000000000 ) ) ;
#5143 = CARTESIAN_POINT ( 'NONE',  ( -21.60911273411832312, 5.899999999999999467, -4.404657554287778609 ) ) ;
#5144 = DIRECTION ( 'NONE',  ( 0.0000000000000000000, 1.000000000000000000, 0.0000000000000000000 ) ) ;
#5145 = LINE ( 'NONE', #2541, #2409 ) ;
#5146 = CARTESIAN_POINT ( 'NONE',  ( -29.99052042804536811, 5.899999999999999467, -4.404657554287778609 ) ) ;
#5147 = PLANE ( 'NONE',  #2749 ) ;
#5148 = CARTESIAN_POINT ( 'NONE',  ( 12.62400210526315902, 4.869999999999999218, -14.93160315789473458 ) ) ;
#5149 = CARTESIAN_POINT ( 'NONE',  ( -11.52049789473684172, 4.869999999999999218, -24.05770315789473557 ) ) ;
#5150 = DIRECTION ( 'NONE',  ( 1.000000000000000000, 0.0000000000000000000, 0.0000000000000000000 ) ) ;
#5151 = ORIENTED_EDGE ( 'NONE', *, *, #453, .T. ) ;
#5152 = CARTESIAN_POINT ( 'NONE',  ( 25.79500210526316195, 4.869999999999999218, -1.730903157894735367 ) ) ;
#5153 = VECTOR ( 'NONE', #6365, 1000.000000000000000 ) ;
#5154 = PLANE ( 'NONE',  #3008 ) ;
#5155 = VECTOR ( 'NONE', #3674, 1000.000000000000000 ) ;
#5156 = EDGE_LOOP ( 'NONE', ( #5116, #3796, #916, #3160 ) ) ;
#5157 = EDGE_LOOP ( 'NONE', ( #6394, #6538, #4399, #6314 ) ) ;
#5158 = VECTOR ( 'NONE', #2292, 1000.000000000000000 ) ;
#5159 = CARTESIAN_POINT ( 'NONE',  ( 37.25100210526315436, 0.0000000000000000000, -29.20810315789473322 ) ) ;
#5160 = DIRECTION ( 'NONE',  ( -0.0000000000000000000, -1.000000000000000000, -0.0000000000000000000 ) ) ;
#5161 = VERTEX_POINT ( 'NONE', #4770 ) ;
#5162 = ORIENTED_EDGE ( 'NONE', *, *, #1648, .F. ) ;
#5163 = CARTESIAN_POINT ( 'NONE',  ( 0.0000000000000000000, 1.449999999999999956, 0.0000000000000000000 ) ) ;
#5164 = PLANE ( 'NONE',  #4503 ) ;
#5165 = VECTOR ( 'NONE', #487, 1000.000000000000000 ) ;
#5166 = EDGE_CURVE ( 'NONE', #3204, #5993, #449, .T. ) ;
#5167 = DIRECTION ( 'NONE',  ( 1.000000000000000000, 0.0000000000000000000, 0.0000000000000000000 ) ) ;
#5168 = ORIENTED_EDGE ( 'NONE', *, *, #6501, .T. ) ;
#5169 = LINE ( 'NONE', #6313, #2607 ) ;
#5170 = CARTESIAN_POINT ( 'NONE',  ( 6.451502105263158704, 4.869999999999999218, 28.93009684210527155 ) ) ;
#5171 = AXIS2_PLACEMENT_3D ( 'NONE', #4853, #5367, #3293 ) ;
#5172 = ORIENTED_EDGE ( 'NONE', *, *, #3695, .T. ) ;
#5173 = CARTESIAN_POINT ( 'NONE',  ( -5.932097894736841681, -0.0000000000000000000, -26.67090315789473465 ) ) ;
#5174 = EDGE_CURVE ( 'NONE', #3587, #5503, #277, .T. ) ;
#5175 = EDGE_CURVE ( 'NONE', #5355, #6363, #3029, .T. ) ;
#5176 = CARTESIAN_POINT ( 'NONE',  ( 41.01060210526316041, 4.869999999999999218, -16.59860315789473617 ) ) ;
#5177 = DIRECTION ( 'NONE',  ( 8.142298220863340143E-16, -1.000000000000000000, 0.0000000000000000000 ) ) ;
#5178 = VERTEX_POINT ( 'NONE', #3251 ) ;
#5179 = ORIENTED_EDGE ( 'NONE', *, *, #2608, .F. ) ;
#5180 = AXIS2_PLACEMENT_3D ( 'NONE', #3492, #401, #4018 ) ;
#5181 = ADVANCED_FACE ( 'NONE', ( #4246 ), #680, .F. ) ;
#5182 = ADVANCED_FACE ( 'NONE', ( #128 ), #2763, .F. ) ;
#5183 = COORDINATED_UNIVERSAL_TIME_OFFSET ( 3, 0, .AHEAD. ) ;
#5184 = DIRECTION ( 'NONE',  ( 0.0000000000000000000, 0.0000000000000000000, 1.000000000000000000 ) ) ;
#5185 = ORIENTED_EDGE ( 'NONE', *, *, #4078, .F. ) ;
#5186 = ORIENTED_EDGE ( 'NONE', *, *, #2336, .T. ) ;
#5187 = CARTESIAN_POINT ( 'NONE',  ( 5.473402105263158290, 4.869999999999999218, -24.05770315789473557 ) ) ;
#5188 = FACE_OUTER_BOUND ( 'NONE', #6518, .T. ) ;
#5189 = LINE ( 'NONE', #1271, #6404 ) ;
#5190 = CARTESIAN_POINT ( 'NONE',  ( -19.74839789473683993, 1.449999999999999956, -16.48330315789473843 ) ) ;
#5191 = LINE ( 'NONE', #4597, #2458 ) ;
#5192 = EDGE_CURVE ( 'NONE', #5681, #4439, #4085, .T. ) ;
#5193 = LINE ( 'NONE', #935, #2306 ) ;
#5194 = LINE ( 'NONE', #4591, #5025 ) ;
#5195 = CARTESIAN_POINT ( 'NONE',  ( 37.25100210526315436, 0.0000000000000000000, -26.67090315789473465 ) ) ;
#5196 = CARTESIAN_POINT ( 'NONE',  ( -15.02599789473684133, 5.153130887489396628, 29.14339684210526471 ) ) ;
#5197 = EDGE_LOOP ( 'NONE', ( #3436, #4060, #835, #2180 ) ) ;
#5198 = LINE ( 'NONE', #4091, #3834 ) ;
#5199 = DIRECTION ( 'NONE',  ( -0.0000000000000000000, -1.000000000000000000, -0.0000000000000000000 ) ) ;
#5200 = ORIENTED_EDGE ( 'NONE', *, *, #5205, .F. ) ;
#5201 = VECTOR ( 'NONE', #3445, 1000.000000000000000 ) ;
#5202 = EDGE_LOOP ( 'NONE', ( #6465, #5039, #6075, #2894 ) ) ;
#5203 = FACE_OUTER_BOUND ( 'NONE', #6561, .T. ) ;
#5204 = EDGE_CURVE ( 'NONE', #5716, #5484, #2727, .T. ) ;
#5205 = EDGE_CURVE ( 'NONE', #3309, #4631, #2873, .T. ) ;
#5206 = ORIENTED_EDGE ( 'NONE', *, *, #158, .F. ) ;
#5207 = VECTOR ( 'NONE', #538, 1000.000000000000000 ) ;
#5208 = EDGE_LOOP ( 'NONE', ( #6233, #4021, #3250, #1567 ) ) ;
#5209 = ORIENTED_EDGE ( 'NONE', *, *, #1147, .T. ) ;
#5210 = CARTESIAN_POINT ( 'NONE',  ( 41.01060210526316041, 4.869999999999999218, -26.74700315789473493 ) ) ;
#5211 = LINE ( 'NONE', #1547, #2480 ) ;
#5213 = EDGE_LOOP ( 'NONE', ( #3861, #1372, #1101, #2279 ) ) ;
#5212 = DIRECTION ( 'NONE',  ( 0.0000000000000000000, 0.0000000000000000000, 1.000000000000000000 ) ) ;
#5214 = CARTESIAN_POINT ( 'NONE',  ( -11.34279789473684019, 1.449999999999999956, 25.59139684210526511 ) ) ;
#5215 = DIRECTION ( 'NONE',  ( -0.0000000000000000000, -1.000000000000000000, -0.0000000000000000000 ) ) ;
#5216 = EDGE_LOOP ( 'NONE', ( #1405, #1471, #3203, #5883 ) ) ;
#5217 = LINE ( 'NONE', #5571, #2488 ) ;
#5218 = AXIS2_PLACEMENT_3D ( 'NONE', #6607, #6090, #1992 ) ;
#5219 = ADVANCED_FACE ( 'NONE', ( #5296 ), #5123, .T. ) ;
#5220 = EDGE_CURVE ( 'NONE', #4392, #587, #2562, .T. ) ;
#5221 = ADVANCED_FACE ( 'NONE', ( #2387 ), #3814, .F. ) ;
#5222 = EDGE_LOOP ( 'NONE', ( #753, #2288, #1890, #779 ) ) ;
#5223 = ORIENTED_EDGE ( 'NONE', *, *, #6144, .F. ) ;
#5224 = DIRECTION ( 'NONE',  ( 0.0000000000000000000, 0.0000000000000000000, 1.000000000000000000 ) ) ;
#5225 = DIRECTION ( 'NONE',  ( 1.000000000000000000, 0.0000000000000000000, 0.0000000000000000000 ) ) ;
#5226 = DIRECTION ( 'NONE',  ( -0.0000000000000000000, -0.0000000000000000000, -1.000000000000000000 ) ) ;
#5227 = DIRECTION ( 'NONE',  ( -0.0000000000000000000, -0.0000000000000000000, 1.000000000000000000 ) ) ;
#5228 = DIRECTION ( 'NONE',  ( 0.0000000000000000000, 1.000000000000000000, 0.0000000000000000000 ) ) ;
#5229 = ORIENTED_EDGE ( 'NONE', *, *, #3911, .F. ) ;
#5230 = AXIS2_PLACEMENT_3D ( 'NONE', #3633, #4155, #1059 ) ;
#5231 = DIRECTION ( 'NONE',  ( -1.000000000000000000, -0.0000000000000000000, -0.0000000000000000000 ) ) ;
#5232 = VECTOR ( 'NONE', #3391, 1000.000000000000000 ) ;
#5233 = DIRECTION ( 'NONE',  ( -0.0000000000000000000, -0.0000000000000000000, 1.000000000000000000 ) ) ;
#5234 = CARTESIAN_POINT ( 'NONE',  ( 12.62400210526315902, 1.449999999999999956, -14.93160315789473458 ) ) ;
#5235 = EDGE_LOOP ( 'NONE', ( #615, #2577, #89, #4178 ) ) ;
#5236 = CARTESIAN_POINT ( 'NONE',  ( 0.0000000000000000000, 4.869999999999999218, 0.0000000000000000000 ) ) ;
#5237 = CARTESIAN_POINT ( 'NONE',  ( -11.52049789473684172, 1.449999999999999956, -24.05770315789473557 ) ) ;
#5238 = EDGE_CURVE ( 'NONE', #2045, #2405, #3759, .T. ) ;
#5239 = FACE_OUTER_BOUND ( 'NONE', #3792, .T. ) ;
#5240 = EDGE_CURVE ( 'NONE', #6005, #5078, #1326, .T. ) ;
#5241 = ORIENTED_EDGE ( 'NONE', *, *, #2351, .F. ) ;
#5242 = ORIENTED_EDGE ( 'NONE', *, *, #3799, .T. ) ;
#5243 = DIRECTION ( 'NONE',  ( 0.0000000000000000000, -0.0000000000000000000, -1.000000000000000000 ) ) ;
#5244 = LINE ( 'NONE', #5492, #2512 ) ;
#5245 = EDGE_CURVE ( 'NONE', #2723, #2683, #1009, .T. ) ;
#5246 = CARTESIAN_POINT ( 'NONE',  ( -9.259597894736844026, 4.869999999999999218, 29.45039684210526687 ) ) ;
#5247 = EDGE_LOOP ( 'NONE', ( #495, #699, #5162, #4756 ) ) ;
#5248 = PLANE ( 'NONE',  #3673 ) ;
#5249 = ADVANCED_FACE ( 'NONE', ( #6169 ), #1262, .F. ) ;
#5250 = ADVANCED_FACE ( 'NONE', ( #6342 ), #6429, .F. ) ;
#5251 = ORIENTED_EDGE ( 'NONE', *, *, #3222, .F. ) ;
#5252 = LINE ( 'NONE', #4017, #4044 ) ;
#5253 = EDGE_CURVE ( 'NONE', #5858, #3032, #3593, .T. ) ;
#5254 = CARTESIAN_POINT ( 'NONE',  ( 5.473402105263158290, 4.869999999999999218, -24.05770315789473557 ) ) ;
#5255 = DIRECTION ( 'NONE',  ( 0.0000000000000000000, -1.000000000000000000, 0.0000000000000000000 ) ) ;
#5256 = CARTESIAN_POINT ( 'NONE',  ( -29.99052042804536811, 1.449999999999999956, 12.14045893242535712 ) ) ;
#5257 = PLANE ( 'NONE',  #5729 ) ;
#5258 = DIRECTION ( 'NONE',  ( 0.0000000000000000000, 0.0000000000000000000, 1.000000000000000000 ) ) ;
#5259 = DIRECTION ( 'NONE',  ( -0.0000000000000000000, -1.000000000000000000, -0.0000000000000000000 ) ) ;
#5260 = DIRECTION ( 'NONE',  ( -0.0000000000000000000, -0.0000000000000000000, -1.000000000000000000 ) ) ;
#5261 = ORIENTED_EDGE ( 'NONE', *, *, #2070, .F. ) ;
#5262 = ORIENTED_EDGE ( 'NONE', *, *, #1280, .F. ) ;
#5263 = VERTEX_POINT ( 'NONE', #1794 ) ;
#5264 = CARTESIAN_POINT ( 'NONE',  ( -9.259597894736844026, 4.869999999999999218, 21.83899684210526360 ) ) ;
#5265 = DIRECTION ( 'NONE',  ( -1.000000000000000000, 0.0000000000000000000, -0.0000000000000000000 ) ) ;
#5266 = AXIS2_PLACEMENT_3D ( 'NONE', #3590, #501, #4112 ) ;
#5267 = CARTESIAN_POINT ( 'NONE',  ( -29.99052042804536811, 5.899999999999999467, 12.14045893242535712 ) ) ;
#5268 = EDGE_LOOP ( 'NONE', ( #1522, #6399, #5376, #2036 ) ) ;
#5269 = ORIENTED_EDGE ( 'NONE', *, *, #2176, .T. ) ;
#5270 = EDGE_CURVE ( 'NONE', #5347, #1456, #692, .T. ) ;
#5271 = CARTESIAN_POINT ( 'NONE',  ( -0.9658978947368410672, 4.869999999999999218, -10.49160315789473508 ) ) ;
#5272 = ADVANCED_FACE ( 'NONE', ( #3428 ), #3330, .F. ) ;
#5273 = LINE ( 'NONE', #415, #3571 ) ;
#5274 = AXIS2_PLACEMENT_3D ( 'NONE', #4426, #1343, #4952 ) ;
#5275 = ORIENTED_EDGE ( 'NONE', *, *, #2494, .T. ) ;
#5276 = DIRECTION ( 'NONE',  ( -0.0000000000000000000, -1.000000000000000000, -0.0000000000000000000 ) ) ;
#5277 = EDGE_LOOP ( 'NONE', ( #1284, #5572, #542, #6098 ) ) ;
#5278 = LINE ( 'NONE', #572, #3904 ) ;
#5279 = CARTESIAN_POINT ( 'NONE',  ( 49.66000210526316039, 4.869999999999999218, 28.93009684210527155 ) ) ;
#5280 = DIRECTION ( 'NONE',  ( 1.000000000000000000, 0.0000000000000000000, -0.0000000000000000000 ) ) ;
#5281 = VECTOR ( 'NONE', #2605, 1000.000000000000000 ) ;
#5282 = EDGE_CURVE ( 'NONE', #1692, #565, #2064, .T. ) ;
#5283 = EDGE_LOOP ( 'NONE', ( #2981, #2075, #1991, #4789 ) ) ;
#5284 = CARTESIAN_POINT ( 'NONE',  ( -41.77399789473683711, 1.449999999999999956, -23.49190315789473260 ) ) ;
#5285 = DIRECTION ( 'NONE',  ( 0.0000000000000000000, 0.0000000000000000000, 1.000000000000000000 ) ) ;
#5286 = DIRECTION ( 'NONE',  ( 1.000000000000000000, 0.0000000000000000000, 0.0000000000000000000 ) ) ;
#5287 = LINE ( 'NONE', #5823, #2552 ) ;
#5288 = LINE ( 'NONE', #6155, #1167 ) ;
#5289 = VECTOR ( 'NONE', #3941, 1000.000000000000000 ) ;
#5290 = AXIS2_PLACEMENT_3D ( 'NONE', #3617, #3187, #4607 ) ;
#5291 = ADVANCED_FACE ( 'NONE', ( #4795 ), #1299, .F. ) ;
#5292 = ADVANCED_FACE ( 'NONE', ( #1888 ), #2864, .F. ) ;
#5293 = LINE ( 'NONE', #6535, #3916 ) ;
#5294 = DIRECTION ( 'NONE',  ( 1.000000000000000000, 0.0000000000000000000, 0.0000000000000000000 ) ) ;
#5295 = ORIENTED_EDGE ( 'NONE', *, *, #269, .T. ) ;
#5296 = FACE_OUTER_BOUND ( 'NONE', #891, .T. ) ;
#5297 = ORIENTED_EDGE ( 'NONE', *, *, #5420, .F. ) ;
#5298 = DIRECTION ( 'NONE',  ( -0.0000000000000000000, -1.000000000000000000, -0.0000000000000000000 ) ) ;
#5299 = VECTOR ( 'NONE', #2247, 1000.000000000000000 ) ;
#5300 = FACE_OUTER_BOUND ( 'NONE', #694, .T. ) ;
#5301 = EDGE_CURVE ( 'NONE', #5814, #1869, #5840, .T. ) ;
#5302 = EDGE_LOOP ( 'NONE', ( #6629, #650, #164, #1964 ) ) ;
#5303 = EDGE_CURVE ( 'NONE', #2903, #426, #528, .T. ) ;
#5304 = VERTEX_POINT ( 'NONE', #4401 ) ;
#5305 = DIRECTION ( 'NONE',  ( 0.0000000000000000000, 0.0000000000000000000, -1.000000000000000000 ) ) ;
#5306 = CARTESIAN_POINT ( 'NONE',  ( -10.37729789473684328, 4.869999999999999218, -2.289003157894735185 ) ) ;
#5307 = LINE ( 'NONE', #6138, #3933 ) ;
#5308 = DIRECTION ( 'NONE',  ( -0.0000000000000000000, -1.000000000000000000, -0.0000000000000000000 ) ) ;
#5309 = ADVANCED_FACE ( 'NONE', ( #4452 ), #5955, .F. ) ;
#5310 = AXIS2_PLACEMENT_3D ( 'NONE', #6631, #2529, #5600 ) ;
#5311 = ORIENTED_EDGE ( 'NONE', *, *, #4534, .F. ) ;
#5312 = EDGE_CURVE ( 'NONE', #4743, #368, #5687, .T. ) ;
#5313 = EDGE_CURVE ( 'NONE', #2959, #1135, #4321, .T. ) ;
#5314 = PLANE ( 'NONE',  #905 ) ;
#5315 = EDGE_LOOP ( 'NONE', ( #3393, #4128, #5089, #2766 ) ) ;
#5316 = AXIS2_PLACEMENT_3D ( 'NONE', #6406, #3841, #743 ) ;
#5317 = VECTOR ( 'NONE', #457, 1000.000000000000000 ) ;
#5318 = CARTESIAN_POINT ( 'NONE',  ( 42.33160210526316547, -3.419999999999999929, 16.43479684210526415 ) ) ;
#5319 = ORIENTED_EDGE ( 'NONE', *, *, #33, .F. ) ;
#5320 = DIRECTION ( 'NONE',  ( -0.0000000000000000000, -1.000000000000000000, -0.0000000000000000000 ) ) ;
#5321 = ADVANCED_FACE ( 'NONE', ( #3106 ), #4941, .F. ) ;
#5322 = FACE_OUTER_BOUND ( 'NONE', #2985, .T. ) ;
#5323 = LINE ( 'NONE', #4690, #2417 ) ;
#5324 = CARTESIAN_POINT ( 'NONE',  ( -29.53007446102908773, 15.15000000000000036, 29.74219684210526182 ) ) ;
#5325 = DIRECTION ( 'NONE',  ( 0.0000000000000000000, 0.0000000000000000000, 1.000000000000000000 ) ) ;
#5326 = ORIENTED_EDGE ( 'NONE', *, *, #1026, .T. ) ;
#5327 = VERTEX_POINT ( 'NONE', #3926 ) ;
#5328 = DIRECTION ( 'NONE',  ( 0.0000000000000000000, 0.0000000000000000000, 1.000000000000000000 ) ) ;
#5329 = CARTESIAN_POINT ( 'NONE',  ( 14.38950210526316020, -3.419999999999999929, -29.20810315789473322 ) ) ;
#5330 = DIRECTION ( 'NONE',  ( 1.000000000000000000, 0.0000000000000000000, 0.0000000000000000000 ) ) ;
#5331 = FACE_OUTER_BOUND ( 'NONE', #4776, .T. ) ;
#5332 = ORIENTED_EDGE ( 'NONE', *, *, #4944, .F. ) ;
#5333 = ORIENTED_EDGE ( 'NONE', *, *, #5512, .F. ) ;
#5334 = ORIENTED_EDGE ( 'NONE', *, *, #2887, .T. ) ;
#5335 = LINE ( 'NONE', #5749, #3958 ) ;
#5336 = EDGE_CURVE ( 'NONE', #3849, #6058, #5524, .T. ) ;
#5337 = DIRECTION ( 'NONE',  ( 0.0000000000000000000, 0.0000000000000000000, -1.000000000000000000 ) ) ;
#5338 = EDGE_LOOP ( 'NONE', ( #2466, #5789, #5528, #4954 ) ) ;
#5339 = ADVANCED_FACE ( 'NONE', ( #1398 ), #6506, .F. ) ;
#5340 = LINE ( 'NONE', #5517, #3808 ) ;
#5341 = ORIENTED_EDGE ( 'NONE', *, *, #4247, .F. ) ;
#5342 = CARTESIAN_POINT ( 'NONE',  ( -26.85007446102908801, 15.15000000000000036, 29.74219684210526182 ) ) ;
#5343 = DIRECTION ( 'NONE',  ( 0.0000000000000000000, 0.0000000000000000000, 1.000000000000000000 ) ) ;
#5344 = CARTESIAN_POINT ( 'NONE',  ( 35.95560210526315359, 4.869999999999999218, 3.343296842105264233 ) ) ;
#5345 = CARTESIAN_POINT ( 'NONE',  ( -41.77399789473683711, 1.449999999999999956, -3.115803157894735165 ) ) ;
#5346 = EDGE_LOOP ( 'NONE', ( #3347, #1592, #55, #6438 ) ) ;
#5347 = VERTEX_POINT ( 'NONE', #4437 ) ;
#5348 = EDGE_CURVE ( 'NONE', #2683, #2703, #2796, .T. ) ;
#5349 = CARTESIAN_POINT ( 'NONE',  ( -15.02599789473684133, 5.153130887489396628, 35.04339684210526684 ) ) ;
#5350 = CARTESIAN_POINT ( 'NONE',  ( 32.66600210526316062, 4.869999999999999218, 12.31709684210526490 ) ) ;
#5351 = AXIS2_PLACEMENT_3D ( 'NONE', #6375, #192, #3806 ) ;
#5352 = PLANE ( 'NONE',  #3932 ) ;
#5353 = EDGE_CURVE ( 'NONE', #1545, #2159, #47, .T. ) ;
#5354 = LOCAL_TIME ( 21, 2, 57.00000000000000000, #23 ) ;
#5355 = VERTEX_POINT ( 'NONE', #6002 ) ;
#5356 = ORIENTED_EDGE ( 'NONE', *, *, #3987, .T. ) ;
#5357 = ADVANCED_FACE ( 'NONE', ( #4159 ), #353, .F. ) ;
#5358 = LINE ( 'NONE', #6530, #31 ) ;
#5359 = FACE_OUTER_BOUND ( 'NONE', #4123, .T. ) ;
#5360 = EDGE_LOOP ( 'NONE', ( #4181, #3354, #1778, #216 ) ) ;
#5361 = DIRECTION ( 'NONE',  ( -1.000000000000000000, 0.0000000000000000000, -0.0000000000000000000 ) ) ;
#5362 = FACE_OUTER_BOUND ( 'NONE', #5247, .T. ) ;
#5363 = VECTOR ( 'NONE', #3077, 1000.000000000000000 ) ;
#5364 = LINE ( 'NONE', #5152, #6560 ) ;
#5365 = ORIENTED_EDGE ( 'NONE', *, *, #3915, .F. ) ;
#5366 = VECTOR ( 'NONE', #4068, 1000.000000000000000 ) ;
#5367 = DIRECTION ( 'NONE',  ( 0.0000000000000000000, 0.0000000000000000000, 1.000000000000000000 ) ) ;
#5368 = ORIENTED_EDGE ( 'NONE', *, *, #5205, .T. ) ;
#5369 = VECTOR ( 'NONE', #848, 1000.000000000000000 ) ;
#5370 = VERTEX_POINT ( 'NONE', #6023 ) ;
#5371 = LINE ( 'NONE', #5765, #1251 ) ;
#5372 = DIRECTION ( 'NONE',  ( 0.0000000000000000000, 0.0000000000000000000, -1.000000000000000000 ) ) ;
#5373 = CARTESIAN_POINT ( 'NONE',  ( 15.97710210526315855, 4.869999999999999218, 24.49029684210526270 ) ) ;
#5375 = DIRECTION ( 'NONE',  ( -0.0000000000000000000, -1.000000000000000000, -0.0000000000000000000 ) ) ;
#5374 = CARTESIAN_POINT ( 'NONE',  ( -7.748297894736841940, 4.869999999999999218, 12.31709684210526490 ) ) ;
#5376 = ORIENTED_EDGE ( 'NONE', *, *, #4019, .F. ) ;
#5377 = ADVANCED_FACE ( 'NONE', ( #6565 ), #1381, .F. ) ;
#5378 = LINE ( 'NONE', #494, #54 ) ;
#5379 = ORIENTED_EDGE ( 'NONE', *, *, #3033, .T. ) ;
#5380 = VECTOR ( 'NONE', #2610, 1000.000000000000000 ) ;
#5381 = EDGE_CURVE ( 'NONE', #956, #4297, #2636, .T. ) ;
#5382 = ORIENTED_EDGE ( 'NONE', *, *, #2850, .T. ) ;
#5383 = EDGE_LOOP ( 'NONE', ( #78, #5476, #6123, #311 ) ) ;
#5384 = AXIS2_PLACEMENT_3D ( 'NONE', #5472, #5976, #2906 ) ;
#5385 = LINE ( 'NONE', #1928, #1261 ) ;
#5386 = ORIENTED_EDGE ( 'NONE', *, *, #5046, .T. ) ;
#5387 = DIRECTION ( 'NONE',  ( 0.0000000000000000000, 0.0000000000000000000, -1.000000000000000000 ) ) ;
#5388 = ORIENTED_EDGE ( 'NONE', *, *, #316, .F. ) ;
#5389 = ADVANCED_FACE ( 'NONE', ( #3837 ), #3984, .T. ) ;
#5390 = DIRECTION ( 'NONE',  ( -0.0000000000000000000, -0.0000000000000000000, -1.000000000000000000 ) ) ;
#5391 = CARTESIAN_POINT ( 'NONE',  ( 19.52050210526315865, 4.869999999999999218, -2.263803157894734852 ) ) ;
#5392 = EDGE_LOOP ( 'NONE', ( #3670, #2013, #3639, #1327 ) ) ;
#5393 = CARTESIAN_POINT ( 'NONE',  ( 25.79500210526316195, 4.869999999999999218, -1.730903157894735367 ) ) ;
#5395 = DIRECTION ( 'NONE',  ( 1.000000000000000000, 0.0000000000000000000, -0.0000000000000000000 ) ) ;
#5394 = DIRECTION ( 'NONE',  ( 0.0000000000000000000, -0.0000000000000000000, -1.000000000000000000 ) ) ;
#5396 = FACE_OUTER_BOUND ( 'NONE', #3040, .T. ) ;
#5397 = ORIENTED_EDGE ( 'NONE', *, *, #3386, .F. ) ;
#5398 = EDGE_CURVE ( 'NONE', #2314, #4769, #2468, .T. ) ;
#5399 = LINE ( 'NONE', #6451, #231 ) ;
#5400 = CARTESIAN_POINT ( 'NONE',  ( -10.37729789473684328, 4.869999999999999218, -2.289003157894735185 ) ) ;
#5401 = ORIENTED_EDGE ( 'NONE', *, *, #5882, .T. ) ;
#5402 = ORIENTED_EDGE ( 'NONE', *, *, #6311, .F. ) ;
#5403 = DIRECTION ( 'NONE',  ( 0.0000000000000000000, 0.0000000000000000000, 1.000000000000000000 ) ) ;
#5404 = ADVANCED_FACE ( 'NONE', ( #1088 ), #399, .F. ) ;
#5405 = LINE ( 'NONE', #6574, #4032 ) ;
#5406 = CARTESIAN_POINT ( 'NONE',  ( -26.85007446102908446, 6.627966397586102509, -30.25780315789473107 ) ) ;
#5407 = EDGE_LOOP ( 'NONE', ( #2642, #5416, #873, #135 ) ) ;
#5408 = ORIENTED_EDGE ( 'NONE', *, *, #2501, .F. ) ;
#5409 = DIRECTION ( 'NONE',  ( 0.0000000000000000000, -0.0000000000000000000, -1.000000000000000000 ) ) ;
#5410 = CARTESIAN_POINT ( 'NONE',  ( 6.451502105263158704, 4.869999999999999218, 24.49029684210526270 ) ) ;
#5411 = CARTESIAN_POINT ( 'NONE',  ( -21.60911273411832312, 1.449999999999999956, -4.404657554287778609 ) ) ;
#5412 = CARTESIAN_POINT ( 'NONE',  ( -29.99052042804537166, 5.899999999999999467, -20.94977404100091078 ) ) ;
#5413 = AXIS2_PLACEMENT_3D ( 'NONE', #4287, #451, #4575 ) ;
#5414 = LINE ( 'NONE', #703, #1617 ) ;
#5415 = ADVANCED_FACE ( 'NONE', ( #6415 ), #5009, .T. ) ;
#5416 = ORIENTED_EDGE ( 'NONE', *, *, #5731, .F. ) ;
#5417 = EDGE_LOOP ( 'NONE', ( #239, #4805, #5933, #25 ) ) ;
#5418 = VERTEX_POINT ( 'NONE', #4497 ) ;
#5419 = EDGE_CURVE ( 'NONE', #3260, #4340, #5031, .T. ) ;
#5420 = EDGE_CURVE ( 'NONE', #3191, #3507, #2313, .T. ) ;
#5421 = PLANE ( 'NONE',  #2812 ) ;
#5422 = VERTEX_POINT ( 'NONE', #2994 ) ;
#5423 = ORIENTED_EDGE ( 'NONE', *, *, #2432, .F. ) ;
#5424 = CARTESIAN_POINT ( 'NONE',  ( -10.37729789473684328, 1.449999999999999956, -2.289003157894735185 ) ) ;
#5425 = PLANE ( 'NONE',  #2003 ) ;
#5426 = LINE ( 'NONE', #6536, #6632 ) ;
#5427 = ORIENTED_EDGE ( 'NONE', *, *, #689, .T. ) ;
#5428 = DIRECTION ( 'NONE',  ( -1.000000000000000000, 0.0000000000000000000, 0.0000000000000000000 ) ) ;
#5429 = CARTESIAN_POINT ( 'NONE',  ( 25.79500210526316195, 1.449999999999999956, -1.730903157894735367 ) ) ;
#5430 = EDGE_LOOP ( 'NONE', ( #1255, #4889, #5402, #5456 ) ) ;
#5431 = EDGE_CURVE ( 'NONE', #3320, #3758, #6256, .T. ) ;
#5432 = ADVANCED_FACE ( 'NONE', ( #765 ), #5065, .F. ) ;
#5433 = LINE ( 'NONE', #5344, #1313 ) ;
#5434 = PLANE ( 'NONE',  #3422 ) ;
#5435 = FACE_OUTER_BOUND ( 'NONE', #112, .T. ) ;
#5436 = ORIENTED_EDGE ( 'NONE', *, *, #5192, .F. ) ;
#5437 = DIRECTION ( 'NONE',  ( 0.0000000000000000000, 1.000000000000000000, 0.0000000000000000000 ) ) ;
#5438 = DIRECTION ( 'NONE',  ( 1.000000000000000000, 0.0000000000000000000, 0.0000000000000000000 ) ) ;
#5439 = LINE ( 'NONE', #700, #3753 ) ;
#5440 = FACE_OUTER_BOUND ( 'NONE', #455, .T. ) ;
#5441 = LINE ( 'NONE', #817, #6646 ) ;
#5442 = VERTEX_POINT ( 'NONE', #5585 ) ;
#5443 = PLANE ( 'NONE',  #3484 ) ;
#5444 = VECTOR ( 'NONE', #6512, 1000.000000000000000 ) ;
#5445 = ORIENTED_EDGE ( 'NONE', *, *, #260, .F. ) ;
#5446 = VECTOR ( 'NONE', #3793, 1000.000000000000000 ) ;
#5447 = ADVANCED_FACE ( 'NONE', ( #4868 ), #4194, .F. ) ;
#5448 = CARTESIAN_POINT ( 'NONE',  ( -19.74839789473683993, 9.950000000000001066, -16.48330315789473843 ) ) ;
#5449 = AXIS2_PLACEMENT_3D ( 'NONE', #3154, #6024, #2369 ) ;
#5450 = PLANE ( 'NONE',  #2717 ) ;
#5451 = EDGE_LOOP ( 'NONE', ( #2125, #4451, #3821, #2931 ) ) ;
#5452 = EDGE_CURVE ( 'NONE', #5839, #4568, #4707, .T. ) ;
#5453 = LINE ( 'NONE', #4647, #1659 ) ;
#5454 = DIRECTION ( 'NONE',  ( -1.000000000000000000, -0.0000000000000000000, -0.0000000000000000000 ) ) ;
#5455 = PLANE ( 'NONE',  #2080 ) ;
#5456 = ORIENTED_EDGE ( 'NONE', *, *, #748, .F. ) ;
#5457 = DIRECTION ( 'NONE',  ( 1.000000000000000000, 0.0000000000000000000, 0.0000000000000000000 ) ) ;
#5458 = EDGE_LOOP ( 'NONE', ( #5975, #3215, #2329, #4135 ) ) ;
#5459 = DIRECTION ( 'NONE',  ( 1.000000000000000000, 0.0000000000000000000, -0.0000000000000000000 ) ) ;
#5460 = FACE_OUTER_BOUND ( 'NONE', #3559, .T. ) ;
#5461 = CARTESIAN_POINT ( 'NONE',  ( 14.38950210526316020, -3.419999999999999929, -26.67090315789473465 ) ) ;
#5462 = AXIS2_PLACEMENT_3D ( 'NONE', #6504, #5996, #2924 ) ;
#5463 = EDGE_CURVE ( 'NONE', #498, #6575, #6078, .T. ) ;
#5464 = DIRECTION ( 'NONE',  ( 0.0000000000000000000, 0.0000000000000000000, -1.000000000000000000 ) ) ;
#5465 = ORIENTED_EDGE ( 'NONE', *, *, #830, .T. ) ;
#5466 = ADVANCED_FACE ( 'NONE', ( #2146 ), #3172, .F. ) ;
#5467 = ORIENTED_EDGE ( 'NONE', *, *, #6537, .T. ) ;
#5468 = DIRECTION ( 'NONE',  ( -1.000000000000000000, -0.0000000000000000000, -0.0000000000000000000 ) ) ;
#5469 = MANIFOLD_SOLID_BREP ( 'Boss-Extrude3[14]', #2910 ) ;
#5470 = VECTOR ( 'NONE', #6603, 1000.000000000000000 ) ;
#5471 = VERTEX_POINT ( 'NONE', #5254 ) ;
#5472 = CARTESIAN_POINT ( 'NONE',  ( 42.33160210526316547, -3.419999999999999929, -29.21190315789473502 ) ) ;
#5473 = VECTOR ( 'NONE', #6299, 1000.000000000000000 ) ;
#5474 = VECTOR ( 'NONE', #2533, 1000.000000000000000 ) ;
#5475 = ORIENTED_EDGE ( 'NONE', *, *, #374, .T. ) ;
#5476 = ORIENTED_EDGE ( 'NONE', *, *, #4339, .F. ) ;
#5477 = DIRECTION ( 'NONE',  ( -1.000000000000000000, 0.0000000000000000000, 0.0000000000000000000 ) ) ;
#5478 = CARTESIAN_POINT ( 'NONE',  ( 51.01900210526315504, 1.449999999999999956, 29.74219684210526182 ) ) ;
#5479 = VECTOR ( 'NONE', #3277, 1000.000000000000000 ) ;
#5480 = CARTESIAN_POINT ( 'NONE',  ( -41.77399789473683711, 10.69999999999999929, -23.49190315789473260 ) ) ;
#5481 = EDGE_CURVE ( 'NONE', #474, #994, #5912, .T. ) ;
#5482 = AXIS2_PLACEMENT_3D ( 'NONE', #5448, #299, #3919 ) ;
#5483 = ORIENTED_EDGE ( 'NONE', *, *, #1785, .F. ) ;
#5484 = VERTEX_POINT ( 'NONE', #1641 ) ;
#5485 = EDGE_LOOP ( 'NONE', ( #4477, #4361, #1163, #2574 ) ) ;
#5486 = LINE ( 'NONE', #507, #4285 ) ;
#5487 = DIRECTION ( 'NONE',  ( 0.0000000000000000000, -0.0000000000000000000, -1.000000000000000000 ) ) ;
#5488 = PLANE ( 'NONE',  #5462 ) ;
#5489 = ORIENTED_EDGE ( 'NONE', *, *, #3013, .T. ) ;
#5490 = VECTOR ( 'NONE', #1835, 1000.000000000000000 ) ;
#5491 = ORIENTED_EDGE ( 'NONE', *, *, #1800, .T. ) ;
#5492 = CARTESIAN_POINT ( 'NONE',  ( -5.932097894736841681, -3.419999999999999929, -29.20810315789473322 ) ) ;
#5493 = CARTESIAN_POINT ( 'NONE',  ( -10.37729789473684328, 1.449999999999999956, 0.2479968421052660688 ) ) ;
#5494 = CARTESIAN_POINT ( 'NONE',  ( -0.8769978947368413102, -3.419999999999999929, 21.53459684210526248 ) ) ;
#5495 = AXIS2_PLACEMENT_3D ( 'NONE', #1887, #4921, #1821 ) ;
#5496 = AXIS2_PLACEMENT_3D ( 'NONE', #1200, #5328, #2252 ) ;
#5497 = ORIENTED_EDGE ( 'NONE', *, *, #1213, .T. ) ;
#5498 = VERTEX_POINT ( 'NONE', #4728 ) ;
#5499 = DIRECTION ( 'NONE',  ( -0.0000000000000000000, 1.000000000000000000, -0.0000000000000000000 ) ) ;
#5500 = CALENDAR_DATE ( 2019, 14, 4 ) ;
#5501 = CARTESIAN_POINT ( 'NONE',  ( -27.77769789473684270, -0.0000000000000000000, -26.67090315789473465 ) ) ;
#5502 = ORIENTED_EDGE ( 'NONE', *, *, #3866, .F. ) ;
#5503 = VERTEX_POINT ( 'NONE', #6293 ) ;
#5504 = DIRECTION ( 'NONE',  ( 0.0000000000000000000, 0.0000000000000000000, 1.000000000000000000 ) ) ;
#5505 = EDGE_CURVE ( 'NONE', #2631, #375, #3181, .T. ) ;
#5506 = LINE ( 'NONE', #5981, #2621 ) ;
#5507 = VECTOR ( 'NONE', #2753, 1000.000000000000000 ) ;
#5508 = CARTESIAN_POINT ( 'NONE',  ( 19.52050210526315865, 1.449999999999999956, -2.263803157894734852 ) ) ;
#5509 = ORIENTED_EDGE ( 'NONE', *, *, #2074, .T. ) ;
#5510 = DIRECTION ( 'NONE',  ( 0.0000000000000000000, -0.0000000000000000000, 1.000000000000000000 ) ) ;
#5511 = LINE ( 'NONE', #24, #4315 ) ;
#5512 = EDGE_CURVE ( 'NONE', #1974, #4680, #3344, .T. ) ;
#5513 = CARTESIAN_POINT ( 'NONE',  ( 0.9010021052631582705, 4.869999999999999218, 29.45039684210526687 ) ) ;
#5514 = VECTOR ( 'NONE', #6064, 1000.000000000000000 ) ;
#5515 = LINE ( 'NONE', #1003, #1244 ) ;
#5516 = DIRECTION ( 'NONE',  ( -1.000000000000000000, -0.0000000000000000000, -0.0000000000000000000 ) ) ;
#5517 = CARTESIAN_POINT ( 'NONE',  ( -7.951497894736839989, 1.449999999999999956, -14.93160315789473458 ) ) ;
#5518 = DIRECTION ( 'NONE',  ( 0.0000000000000000000, 1.000000000000000000, 0.0000000000000000000 ) ) ;
#5519 = EDGE_CURVE ( 'NONE', #2648, #1692, #5754, .T. ) ;
#5520 = ORIENTED_EDGE ( 'NONE', *, *, #3799, .F. ) ;
#5521 = LINE ( 'NONE', #4652, #3989 ) ;
#5522 = VERTEX_POINT ( 'NONE', #5279 ) ;
#5523 = DIRECTION ( 'NONE',  ( 0.0000000000000000000, 0.0000000000000000000, -1.000000000000000000 ) ) ;
#5524 = LINE ( 'NONE', #3944, #2943 ) ;
#5525 = LINE ( 'NONE', #120, #4160 ) ;
#5526 = AXIS2_PLACEMENT_3D ( 'NONE', #1411, #5011, #1922 ) ;
#5527 = DIRECTION ( 'NONE',  ( -0.0000000000000000000, 1.000000000000000000, -0.0000000000000000000 ) ) ;
#5528 = ORIENTED_EDGE ( 'NONE', *, *, #21, .T. ) ;
#5529 = CARTESIAN_POINT ( 'NONE',  ( 40.13420210526315657, 4.869999999999999218, 28.93009684210527155 ) ) ;
#5530 = CARTESIAN_POINT ( 'NONE',  ( 9.359902105263159910, 4.869999999999999218, -2.263803157894734852 ) ) ;
#5531 = FACE_OUTER_BOUND ( 'NONE', #5277, .T. ) ;
#5532 = ORIENTED_EDGE ( 'NONE', *, *, #841, .T. ) ;
#5533 = FACE_OUTER_BOUND ( 'NONE', #1310, .T. ) ;
#5534 = EDGE_LOOP ( 'NONE', ( #2019, #6167, #4681, #3159 ) ) ;
#5535 = ORIENTED_EDGE ( 'NONE', *, *, #1685, .F. ) ;
#5536 = PLANE ( 'NONE',  #3232 ) ;
#5537 = DIRECTION ( 'NONE',  ( 0.0000000000000000000, 0.0000000000000000000, 1.000000000000000000 ) ) ;
#5538 = PLANE ( 'NONE',  #2262 ) ;
#5539 = DIRECTION ( 'NONE',  ( -1.000000000000000000, -0.0000000000000000000, -0.0000000000000000000 ) ) ;
#5540 = VECTOR ( 'NONE', #6029, 1000.000000000000000 ) ;
#5541 = AXIS2_PLACEMENT_3D ( 'NONE', #3121, #3572, #2711 ) ;
#5542 = VERTEX_POINT ( 'NONE', #3721 ) ;
#5543 = ORIENTED_EDGE ( 'NONE', *, *, #3138, .F. ) ;
#5544 = DIRECTION ( 'NONE',  ( 1.000000000000000000, 0.0000000000000000000, 0.0000000000000000000 ) ) ;
#5545 = EDGE_CURVE ( 'NONE', #5844, #3037, #4381, .T. ) ;
#5546 = PLANE ( 'NONE',  #3661 ) ;
#5547 = DIRECTION ( 'NONE',  ( 0.0000000000000000000, -0.0000000000000000000, 1.000000000000000000 ) ) ;
#5548 = CARTESIAN_POINT ( 'NONE',  ( -18.70919789473684247, 8.250000000000000000, 25.59139684210526511 ) ) ;
#5549 = CARTESIAN_POINT ( 'NONE',  ( 0.0000000000000000000, 4.869999999999999218, 0.0000000000000000000 ) ) ;
#5550 = ORIENTED_EDGE ( 'NONE', *, *, #1348, .F. ) ;
#5551 = EDGE_CURVE ( 'NONE', #3820, #4798, #1804, .T. ) ;
#5552 = EDGE_CURVE ( 'NONE', #3395, #3204, #1649, .T. ) ;
#5553 = VECTOR ( 'NONE', #3371, 1000.000000000000000 ) ;
#5554 = PLANE ( 'NONE',  #5627 ) ;
#5555 = EDGE_LOOP ( 'NONE', ( #3370, #5520, #6091, #2639 ) ) ;
#5556 = CARTESIAN_POINT ( 'NONE',  ( 51.01900210526315504, 1.449999999999999956, -30.38780315789473718 ) ) ;
#5557 = VECTOR ( 'NONE', #4367, 1000.000000000000000 ) ;
#5558 = AXIS2_PLACEMENT_3D ( 'NONE', #406, #2355, #6577 ) ;
#5559 = DIRECTION ( 'NONE',  ( -0.0000000000000000000, -1.000000000000000000, -0.0000000000000000000 ) ) ;
#5560 = ORIENTED_EDGE ( 'NONE', *, *, #981, .T. ) ;
#5561 = CC_DESIGN_PERSON_AND_ORGANIZATION_ASSIGNMENT ( #5664, #2526, ( #1444 ) ) ;
#5562 = EDGE_CURVE ( 'NONE', #1654, #929, #271, .T. ) ;
#5563 = PLANE ( 'NONE',  #1517 ) ;
#5564 = FACE_OUTER_BOUND ( 'NONE', #3692, .T. ) ;
#5565 = DIRECTION ( 'NONE',  ( 0.0000000000000000000, 0.0000000000000000000, 1.000000000000000000 ) ) ;
#5566 = DIRECTION ( 'NONE',  ( 0.0000000000000000000, -0.0000000000000000000, 1.000000000000000000 ) ) ;
#5567 = DIRECTION ( 'NONE',  ( -0.0000000000000000000, -0.0000000000000000000, -1.000000000000000000 ) ) ;
#5568 = DIRECTION ( 'NONE',  ( 0.0000000000000000000, 0.0000000000000000000, 1.000000000000000000 ) ) ;
#5569 = VERTEX_POINT ( 'NONE', #2218 ) ;
#5570 = ORIENTED_EDGE ( 'NONE', *, *, #2619, .T. ) ;
#5571 = CARTESIAN_POINT ( 'NONE',  ( -9.259597894736844026, 4.869999999999999218, 21.83899684210526360 ) ) ;
#5572 = ORIENTED_EDGE ( 'NONE', *, *, #332, .F. ) ;
#5573 = CARTESIAN_POINT ( 'NONE',  ( 0.0000000000000000000, 4.869999999999999218, 0.0000000000000000000 ) ) ;
#5574 = CARTESIAN_POINT ( 'NONE',  ( -35.34749789473684700, 1.449999999999999956, -29.80070315789473767 ) ) ;
#5575 = FACE_OUTER_BOUND ( 'NONE', #1820, .T. ) ;
#5576 = EDGE_CURVE ( 'NONE', #4842, #4925, #1472, .T. ) ;
#5577 = ORIENTED_EDGE ( 'NONE', *, *, #2789, .T. ) ;
#5578 = PLANE ( 'NONE',  #3923 ) ;
#5579 = VERTEX_POINT ( 'NONE', #1196 ) ;
#5580 = DIRECTION ( 'NONE',  ( -0.0000000000000000000, -1.000000000000000000, -0.0000000000000000000 ) ) ;
#5581 = EDGE_CURVE ( 'NONE', #1784, #4820, #1317, .T. ) ;
#5582 = CARTESIAN_POINT ( 'NONE',  ( -18.70919789473684247, 8.250000000000000000, 29.14339684210526471 ) ) ;
#5583 = DIRECTION ( 'NONE',  ( -0.0000000000000000000, -1.000000000000000000, -0.0000000000000000000 ) ) ;
#5584 = DIRECTION ( 'NONE',  ( -0.0000000000000000000, -0.0000000000000000000, -1.000000000000000000 ) ) ;
#5585 = CARTESIAN_POINT ( 'NONE',  ( -41.81679789473682973, 19.14999999999999858, 8.324796842105264716 ) ) ;
#5586 = ORIENTED_EDGE ( 'NONE', *, *, #4534, .T. ) ;
#5587 = LINE ( 'NONE', #4980, #2852 ) ;
#5588 = DIRECTION ( 'NONE',  ( 1.000000000000000000, 0.0000000000000000000, 0.0000000000000000000 ) ) ;
#5589 = EDGE_LOOP ( 'NONE', ( #4767, #1396, #70, #370 ) ) ;
#5590 = ORIENTED_EDGE ( 'NONE', *, *, #5220, .T. ) ;
#5591 = MANIFOLD_SOLID_BREP ( 'Boss-Extrude2[2]', #3266 ) ;
#5592 = CARTESIAN_POINT ( 'NONE',  ( 47.41190210526315241, -3.419999999999999929, 16.43479684210526415 ) ) ;
#5593 = EDGE_CURVE ( 'NONE', #2447, #4346, #2719, .T. ) ;
#5594 = VECTOR ( 'NONE', #4291, 1000.000000000000000 ) ;
#5595 = DIRECTION ( 'NONE',  ( -1.000000000000000000, 0.0000000000000000000, 0.0000000000000000000 ) ) ;
#5596 = VECTOR ( 'NONE', #4529, 1000.000000000000000 ) ;
#5597 = LINE ( 'NONE', #5773, #2856 ) ;
#5598 = ORIENTED_EDGE ( 'NONE', *, *, #5689, .T. ) ;
#5599 = MECHANICAL_CONTEXT ( 'NONE', #5077, 'mechanical' ) ;
#5600 = DIRECTION ( 'NONE',  ( 0.0000000000000000000, 0.0000000000000000000, -1.000000000000000000 ) ) ;
#5601 = VECTOR ( 'NONE', #3223, 1000.000000000000000 ) ;
#5602 = CARTESIAN_POINT ( 'NONE',  ( 0.0000000000000000000, 4.869999999999999218, 0.0000000000000000000 ) ) ;
#5603 = VECTOR ( 'NONE', #1397, 1000.000000000000000 ) ;
#5604 = DIRECTION ( 'NONE',  ( 4.489269332220906729E-16, 0.0000000000000000000, 1.000000000000000000 ) ) ;
#5605 = CARTESIAN_POINT ( 'NONE',  ( 21.98470210526316038, 0.0000000000000000000, 21.53459684210526248 ) ) ;
#5606 = DIRECTION ( 'NONE',  ( 0.0000000000000000000, 1.000000000000000000, 0.0000000000000000000 ) ) ;
#5607 = ORIENTED_EDGE ( 'NONE', *, *, #290, .F. ) ;
#5608 = DIRECTION ( 'NONE',  ( -0.0000000000000000000, -0.0000000000000000000, -1.000000000000000000 ) ) ;
#5609 = LINE ( 'NONE', #5501, #1809 ) ;
#5610 = EDGE_LOOP ( 'NONE', ( #3708, #1862, #1477, #3529 ) ) ;
#5611 = VECTOR ( 'NONE', #2744, 1000.000000000000000 ) ;
#5612 = EDGE_CURVE ( 'NONE', #5370, #6642, #5287, .T. ) ;
#5613 = ORIENTED_EDGE ( 'NONE', *, *, #5174, .F. ) ;
#5614 = CARTESIAN_POINT ( 'NONE',  ( 40.71840210526315218, 4.869999999999999218, -6.285103157894734949 ) ) ;
#5615 = VECTOR ( 'NONE', #5160, 1000.000000000000000 ) ;
#5617 = EDGE_LOOP ( 'NONE', ( #3763, #2973 ) ) ;
#5616 = DIRECTION ( 'NONE',  ( -0.0000000000000000000, -0.0000000000000000000, 1.000000000000000000 ) ) ;
#5618 = DIRECTION ( 'NONE',  ( 0.0000000000000000000, 1.000000000000000000, 0.0000000000000000000 ) ) ;
#5619 = EDGE_LOOP ( 'NONE', ( #5423, #2942, #6042, #2742 ) ) ;
#5620 = EDGE_CURVE ( 'NONE', #4568, #1843, #3908, .T. ) ;
#5621 = PERSON_AND_ORGANIZATION_ROLE ( 'classification_officer' ) ;
#5622 = VECTOR ( 'NONE', #6590, 1000.000000000000000 ) ;
#5623 = ORIENTED_EDGE ( 'NONE', *, *, #438, .F. ) ;
#5624 = DIRECTION ( 'NONE',  ( 0.0000000000000000000, 0.0000000000000000000, -1.000000000000000000 ) ) ;
#5625 = CARTESIAN_POINT ( 'NONE',  ( 40.13420210526315657, 4.869999999999999218, 24.49029684210526270 ) ) ;
#5626 = CARTESIAN_POINT ( 'NONE',  ( -1.359697894736841661, 1.449999999999999956, -24.05770315789473557 ) ) ;
#5627 = AXIS2_PLACEMENT_3D ( 'NONE', #2473, #2982, #6583 ) ;
#5628 = ORIENTED_EDGE ( 'NONE', *, *, #4639, .T. ) ;
#5629 = LINE ( 'NONE', #2522, #3940 ) ;
#5630 = PLANE ( 'NONE',  #1463 ) ;
#5631 = ORIENTED_EDGE ( 'NONE', *, *, #4636, .T. ) ;
#5632 = EDGE_CURVE ( 'NONE', #3309, #1068, #5439, .T. ) ;
#5633 = PLANE ( 'NONE',  #6100 ) ;
#5634 = LINE ( 'NONE', #1647, #4411 ) ;
#5635 = DIRECTION ( 'NONE',  ( 1.000000000000000000, 0.0000000000000000000, 0.0000000000000000000 ) ) ;
#5636 = CARTESIAN_POINT ( 'NONE',  ( 0.0000000000000000000, -3.419999999999999929, 0.0000000000000000000 ) ) ;
#5637 = VECTOR ( 'NONE', #4551, 1000.000000000000000 ) ;
#5638 = EDGE_CURVE ( 'NONE', #5048, #5691, #1166, .T. ) ;
#5639 = CARTESIAN_POINT ( 'NONE',  ( 0.0000000000000000000, 1.449999999999999956, 0.0000000000000000000 ) ) ;
#5640 = EDGE_LOOP ( 'NONE', ( #2245, #3870, #6505, #612 ) ) ;
#5641 = VERTEX_POINT ( 'NONE', #4307 ) ;
#5642 = ORIENTED_EDGE ( 'NONE', *, *, #3801, .F. ) ;
#5643 = CARTESIAN_POINT ( 'NONE',  ( 16.92960210526315734, -3.419999999999999929, -26.67090315789473465 ) ) ;
#5644 = LINE ( 'NONE', #5830, #4419 ) ;
#5645 = CARTESIAN_POINT ( 'NONE',  ( 32.66600210526316062, 4.869999999999999218, 12.31709684210526490 ) ) ;
#5646 = EDGE_CURVE ( 'NONE', #2651, #1427, #5112, .T. ) ;
#5647 = CARTESIAN_POINT ( 'NONE',  ( -50.58859789473683577, 0.0000000000000000000, -30.38780315789473718 ) ) ;
#5648 = EDGE_CURVE ( 'NONE', #3734, #5721, #2380, .T. ) ;
#5649 = CARTESIAN_POINT ( 'NONE',  ( 15.63400210526316059, 1.449999999999999956, -21.52050315789473700 ) ) ;
#5650 = VERTEX_POINT ( 'NONE', #5342 ) ;
#5651 = EDGE_LOOP ( 'NONE', ( #2617, #5408, #4594, #273 ) ) ;
#5652 = VECTOR ( 'NONE', #5128, 1000.000000000000000 ) ;
#5653 = DIRECTION ( 'NONE',  ( -1.000000000000000000, 0.0000000000000000000, -0.0000000000000000000 ) ) ;
#5654 = CLOSED_SHELL ( 'NONE', ( #5447, #1282, #5291, #5250, #2747, #1126 ) ) ;
#5655 = FACE_OUTER_BOUND ( 'NONE', #5208, .T. ) ;
#5656 = ORIENTED_EDGE ( 'NONE', *, *, #4087, .F. ) ;
#5657 = DIRECTION ( 'NONE',  ( 0.0000000000000000000, 0.0000000000000000000, -1.000000000000000000 ) ) ;
#5658 = CARTESIAN_POINT ( 'NONE',  ( -48.66899789473684734, 13.14999999999996128, 16.02419684210526540 ) ) ;
#5659 = CARTESIAN_POINT ( 'NONE',  ( -0.7626978947368412420, 1.449999999999999956, 7.877096842105264507 ) ) ;
#5660 = ORIENTED_EDGE ( 'NONE', *, *, #2407, .T. ) ;
#5661 = ORIENTED_EDGE ( 'NONE', *, *, #5893, .T. ) ;
#5662 = AXIS2_PLACEMENT_3D ( 'NONE', #1109, #4245, #6362 ) ;
#5663 = CARTESIAN_POINT ( 'NONE',  ( 38.47040210526316173, 1.449999999999999956, -16.59860315789473617 ) ) ;
#5664 = PERSON_AND_ORGANIZATION ( #4051, #339 ) ;
#5665 = CARTESIAN_POINT ( 'NONE',  ( -24.17007446102908830, 15.15000000000000213, -30.25780315789473107 ) ) ;
#5666 = CARTESIAN_POINT ( 'NONE',  ( 5.473402105263158290, 4.869999999999999218, -24.05770315789473557 ) ) ;
#5667 = CARTESIAN_POINT ( 'NONE',  ( -19.86499789473684174, 1.449999999999999956, -21.52050315789473700 ) ) ;
#5668 = ORIENTED_EDGE ( 'NONE', *, *, #4553, .F. ) ;
#5669 = EDGE_LOOP ( 'NONE', ( #6141, #3570, #4014, #4467 ) ) ;
#5670 = CARTESIAN_POINT ( 'NONE',  ( 35.95560210526315359, 4.869999999999999218, -1.730903157894735367 ) ) ;
#5671 = LINE ( 'NONE', #1065, #1871 ) ;
#5672 = DIRECTION ( 'NONE',  ( 0.0000000000000000000, -0.0000000000000000000, 1.000000000000000000 ) ) ;
#5673 = LINE ( 'NONE', #171, #5507 ) ;
#5674 = ORIENTED_EDGE ( 'NONE', *, *, #3764, .F. ) ;
#5675 = EDGE_CURVE ( 'NONE', #6460, #1937, #2229, .T. ) ;
#5676 = MANIFOLD_SOLID_BREP ( 'Boss-Extrude3[17]', #2189 ) ;
#5677 = FACE_OUTER_BOUND ( 'NONE', #5458, .T. ) ;
#5678 = CARTESIAN_POINT ( 'NONE',  ( -29.99052042804536811, 5.899999999999999467, 12.14045893242535712 ) ) ;
#5679 = LINE ( 'NONE', #4544, #2936 ) ;
#5680 = FACE_OUTER_BOUND ( 'NONE', #4749, .T. ) ;
#5681 = VERTEX_POINT ( 'NONE', #1754 ) ;
#5682 = CARTESIAN_POINT ( 'NONE',  ( -30.53007446102908062, 6.627966397586101621, -30.25780315789473107 ) ) ;
#5683 = DIRECTION ( 'NONE',  ( 0.0000000000000000000, 0.0000000000000000000, -1.000000000000000000 ) ) ;
#5684 = CARTESIAN_POINT ( 'NONE',  ( -35.34749789473684700, 1.449999999999999956, -25.90070315789473554 ) ) ;
#5685 = LINE ( 'NONE', #5659, #1565 ) ;
#5686 = VERTEX_POINT ( 'NONE', #2286 ) ;
#5687 = LINE ( 'NONE', #304, #360 ) ;
#5688 = EDGE_CURVE ( 'NONE', #3285, #3363, #2157, .T. ) ;
#5689 = EDGE_CURVE ( 'NONE', #215, #4663, #832, .T. ) ;
#5690 = ADVANCED_FACE ( 'NONE', ( #4718 ), #5869, .T. ) ;
#5691 = VERTEX_POINT ( 'NONE', #738 ) ;
#5692 = DIRECTION ( 'NONE',  ( 0.0000000000000000000, 0.0000000000000000000, 1.000000000000000000 ) ) ;
#5693 = VECTOR ( 'NONE', #2117, 1000.000000000000000 ) ;
#5694 = ORIENTED_EDGE ( 'NONE', *, *, #35, .T. ) ;
#5695 = LINE ( 'NONE', #4090, #3111 ) ;
#5696 = ORIENTED_EDGE ( 'NONE', *, *, #938, .F. ) ;
#5697 = CARTESIAN_POINT ( 'NONE',  ( 12.31920210526315884, 4.869999999999999218, 12.31709684210526490 ) ) ;
#5698 = CARTESIAN_POINT ( 'NONE',  ( 37.91150210526315334, 4.869999999999999218, -24.19730315789473707 ) ) ;
#5699 = ORIENTED_EDGE ( 'NONE', *, *, #5675, .T. ) ;
#5700 = CARTESIAN_POINT ( 'NONE',  ( 39.65160210526315154, 1.449999999999999956, 7.877096842105264507 ) ) ;
#5701 = LINE ( 'NONE', #3470, #5540 ) ;
#5702 = EDGE_LOOP ( 'NONE', ( #2768, #3917, #5427, #4599 ) ) ;
#5703 = DIRECTION ( 'NONE',  ( -1.000000000000000000, 0.0000000000000000000, 0.0000000000000000000 ) ) ;
#5704 = AXIS2_PLACEMENT_3D ( 'NONE', #4566, #1488, #5102 ) ;
#5705 = DIRECTION ( 'NONE',  ( 0.0000000000000000000, 0.0000000000000000000, -1.000000000000000000 ) ) ;
#5706 = DIRECTION ( 'NONE',  ( -0.0000000000000000000, 1.000000000000000000, -0.0000000000000000000 ) ) ;
#5707 = PLANE ( 'NONE',  #977 ) ;
#5708 = FACE_OUTER_BOUND ( 'NONE', #2997, .T. ) ;
#5709 = CARTESIAN_POINT ( 'NONE',  ( -29.53007446102908773, 15.15000000000000036, -30.25780315789473107 ) ) ;
#5710 = CARTESIAN_POINT ( 'NONE',  ( 47.41190210526315241, 9.950000000000001066, -29.21190315789473502 ) ) ;
#5711 = EDGE_CURVE ( 'NONE', #2193, #731, #4783, .T. ) ;
#5712 = DIRECTION ( 'NONE',  ( 0.0000000000000000000, 0.0000000000000000000, 1.000000000000000000 ) ) ;
#5713 = DIRECTION ( 'NONE',  ( 1.000000000000000000, 0.0000000000000000000, 0.0000000000000000000 ) ) ;
#5714 = LINE ( 'NONE', #1214, #2977 ) ;
#5715 = CARTESIAN_POINT ( 'NONE',  ( 0.0000000000000000000, 1.449999999999999956, 0.0000000000000000000 ) ) ;
#5716 = VERTEX_POINT ( 'NONE', #2825 ) ;
#5717 = ADVANCED_FACE ( 'NONE', ( #614 ), #3327, .T. ) ;
#5718 = ADVANCED_FACE ( 'NONE', ( #1980 ), #1275, .F. ) ;
#5719 = VECTOR ( 'NONE', #382, 1000.000000000000000 ) ;
#5720 = PLANE ( 'NONE',  #2871 ) ;
#5721 = VERTEX_POINT ( 'NONE', #4878 ) ;
#5722 = ORIENTED_EDGE ( 'NONE', *, *, #5192, .T. ) ;
#5723 = CARTESIAN_POINT ( 'NONE',  ( -19.69649789473684010, 1.449999999999999956, -6.360203157894734005 ) ) ;
#5724 = CARTESIAN_POINT ( 'NONE',  ( 12.62400210526315902, 4.869999999999999218, -10.49160315789473508 ) ) ;
#5725 = ORIENTED_EDGE ( 'NONE', *, *, #5452, .F. ) ;
#5726 = EDGE_LOOP ( 'NONE', ( #5382, #3733, #760, #2201 ) ) ;
#5727 = FACE_OUTER_BOUND ( 'NONE', #918, .T. ) ;
#5728 = DIRECTION ( 'NONE',  ( 1.000000000000000000, 0.0000000000000000000, 0.0000000000000000000 ) ) ;
#5729 = AXIS2_PLACEMENT_3D ( 'NONE', #1643, #2174, #1132 ) ;
#5730 = CARTESIAN_POINT ( 'NONE',  ( -18.62029789473684005, 0.0000000000000000000, 21.55489684210526846 ) ) ;
#5731 = EDGE_CURVE ( 'NONE', #1482, #5858, #3353, .T. ) ;
#5732 = PLANE ( 'NONE',  #209 ) ;
#5733 = CARTESIAN_POINT ( 'NONE',  ( -29.99052042804536811, 5.899999999999999467, 3.323653436216390755 ) ) ;
#5734 = ORIENTED_EDGE ( 'NONE', *, *, #5862, .F. ) ;
#5735 = ORIENTED_EDGE ( 'NONE', *, *, #755, .T. ) ;
#5736 = VERTEX_POINT ( 'NONE', #3875 ) ;
#5737 = AXIS2_PLACEMENT_3D ( 'NONE', #3740, #2741, #6333 ) ;
#5738 = CARTESIAN_POINT ( 'NONE',  ( -18.70919789473684247, 8.250000000000000000, 25.59139684210526511 ) ) ;
#5739 = ORIENTED_EDGE ( 'NONE', *, *, #4622, .F. ) ;
#5740 = CARTESIAN_POINT ( 'NONE',  ( -18.70919789473684247, 1.449999999999999956, 29.14339684210526471 ) ) ;
#5741 = VECTOR ( 'NONE', #4431, 1000.000000000000000 ) ;
#5742 = VERTEX_POINT ( 'NONE', #2841 ) ;
#5743 = ORIENTED_EDGE ( 'NONE', *, *, #554, .F. ) ;
#5744 = ADVANCED_FACE ( 'NONE', ( #4539 ), #6441, .F. ) ;
#5745 = ADVANCED_FACE ( 'NONE', ( #6088 ), #5425, .T. ) ;
#5746 = PLANE ( 'NONE',  #5958 ) ;
#5747 = LINE ( 'NONE', #4751, #4375 ) ;
#5748 = LINE ( 'NONE', #6175, #5596 ) ;
#5749 = CARTESIAN_POINT ( 'NONE',  ( 41.01060210526316041, 4.869999999999999218, -26.74700315789473493 ) ) ;
#5750 = VECTOR ( 'NONE', #6268, 1000.000000000000000 ) ;
#5751 = DIRECTION ( 'NONE',  ( 0.0000000000000000000, 0.0000000000000000000, -1.000000000000000000 ) ) ;
#5752 = EDGE_LOOP ( 'NONE', ( #431, #3248, #3054, #2477 ) ) ;
#5753 = PLANE ( 'NONE',  #1876 ) ;
#5754 = LINE ( 'NONE', #1664, #3020 ) ;
#5755 = LINE ( 'NONE', #5670, #1805 ) ;
#5756 = DIRECTION ( 'NONE',  ( -1.000000000000000000, 0.0000000000000000000, -0.0000000000000000000 ) ) ;
#5757 = EDGE_CURVE ( 'NONE', #2062, #3630, #6105, .T. ) ;
#5758 = ORIENTED_EDGE ( 'NONE', *, *, #1348, .T. ) ;
#5759 = VECTOR ( 'NONE', #3934, 1000.000000000000000 ) ;
#5760 = DIRECTION ( 'NONE',  ( -0.0000000000000000000, 1.000000000000000000, -0.0000000000000000000 ) ) ;
#5761 = EDGE_LOOP ( 'NONE', ( #5334, #2848, #5916, #4904 ) ) ;
#5762 = DIRECTION ( 'NONE',  ( 1.000000000000000000, 0.0000000000000000000, -8.978538664441813457E-16 ) ) ;
#5763 = LINE ( 'NONE', #5284, #4390 ) ;
#5764 = DIRECTION ( 'NONE',  ( -1.000000000000000000, 0.0000000000000000000, 0.0000000000000000000 ) ) ;
#5765 = CARTESIAN_POINT ( 'NONE',  ( 12.62400210526315902, 4.869999999999999218, -10.49160315789473508 ) ) ;
#5766 = ORIENTED_EDGE ( 'NONE', *, *, #4590, .T. ) ;
#5767 = AXIS2_PLACEMENT_3D ( 'NONE', #3578, #4188, #493 ) ;
#5768 = VECTOR ( 'NONE', #1015, 1000.000000000000000 ) ;
#5769 = EDGE_CURVE ( 'NONE', #4849, #3210, #4080, .T. ) ;
#5770 = ORIENTED_EDGE ( 'NONE', *, *, #5769, .T. ) ;
#5771 = ORIENTED_EDGE ( 'NONE', *, *, #5512, .T. ) ;
#5772 = CARTESIAN_POINT ( 'NONE',  ( -10.37729789473684328, 4.869999999999999218, 0.2479968421052660688 ) ) ;
#5773 = CARTESIAN_POINT ( 'NONE',  ( -7.951497894736839989, 4.869999999999999218, -14.93160315789473458 ) ) ;
#5774 = VECTOR ( 'NONE', #2507, 1000.000000000000000 ) ;
#5775 = DIRECTION ( 'NONE',  ( 1.000000000000000000, 0.0000000000000000000, 0.0000000000000000000 ) ) ;
#5776 = VERTEX_POINT ( 'NONE', #1832 ) ;
#5777 = ADVANCED_FACE ( 'NONE', ( #1319 ), #5450, .F. ) ;
#5778 = ADVANCED_FACE ( 'NONE', ( #123 ), #6478, .F. ) ;
#5779 = CARTESIAN_POINT ( 'NONE',  ( -29.99052042804536811, 5.899999999999999467, 12.14045893242535712 ) ) ;
#5780 = CARTESIAN_POINT ( 'NONE',  ( -35.34749789473684700, 0.0000000000000000000, -29.80070315789473767 ) ) ;
#5781 = CARTESIAN_POINT ( 'NONE',  ( 0.0000000000000000000, 1.449999999999999956, 0.0000000000000000000 ) ) ;
#5782 = ORIENTED_EDGE ( 'NONE', *, *, #4139, .T. ) ;
#5783 = CARTESIAN_POINT ( 'NONE',  ( -10.37729789473684328, 4.869999999999999218, -2.289003157894735185 ) ) ;
#5784 = CARTESIAN_POINT ( 'NONE',  ( -30.53007446102908062, 15.15000000000000036, -30.25780315789473107 ) ) ;
#5786 = DIRECTION ( 'NONE',  ( -0.0000000000000000000, -0.0000000000000000000, -1.000000000000000000 ) ) ;
#5785 = CARTESIAN_POINT ( 'NONE',  ( 9.359902105263159910, 4.869999999999999218, 0.2733968421052654918 ) ) ;
#5787 = VECTOR ( 'NONE', #2500, 1000.000000000000000 ) ;
#5788 = EDGE_CURVE ( 'NONE', #2646, #186, #5441, .T. ) ;
#5789 = ORIENTED_EDGE ( 'NONE', *, *, #2585, .T. ) ;
#5790 = FACE_OUTER_BOUND ( 'NONE', #6571, .T. ) ;
#5791 = VECTOR ( 'NONE', #5584, 1000.000000000000000 ) ;
#5792 = ORIENTED_EDGE ( 'NONE', *, *, #1133, .F. ) ;
#5793 = ORIENTED_EDGE ( 'NONE', *, *, #5849, .F. ) ;
#5794 = CARTESIAN_POINT ( 'NONE',  ( 49.95210210526316530, 1.449999999999999956, 16.40949684210526627 ) ) ;
#5795 = ADVANCED_FACE ( 'NONE', ( #2556 ), #1855, .T. ) ;
#5796 = EDGE_CURVE ( 'NONE', #5132, #2190, #6483, .T. ) ;
#5797 = VECTOR ( 'NONE', #4772, 1000.000000000000000 ) ;
#5798 = PLANE ( 'NONE',  #6436 ) ;
#5799 = ORIENTED_EDGE ( 'NONE', *, *, #6137, .T. ) ;
#5800 = ORIENTED_EDGE ( 'NONE', *, *, #2389, .T. ) ;
#5801 = VECTOR ( 'NONE', #4164, 1000.000000000000000 ) ;
#5802 = DIRECTION ( 'NONE',  ( -1.000000000000000000, -0.0000000000000000000, -0.0000000000000000000 ) ) ;
#5803 = CARTESIAN_POINT ( 'NONE',  ( -34.88299789473684598, 19.14999999999999858, 8.324796842105264716 ) ) ;
#5804 = CARTESIAN_POINT ( 'NONE',  ( 51.01900210526315504, 0.0000000000000000000, -30.38780315789473718 ) ) ;
#5805 = CARTESIAN_POINT ( 'NONE',  ( -50.58859789473683577, 1.449999999999999956, -30.38780315789473718 ) ) ;
#5806 = CARTESIAN_POINT ( 'NONE',  ( 5.473402105263158290, 4.869999999999999218, -24.05770315789473557 ) ) ;
#5807 = DIRECTION ( 'NONE',  ( -1.000000000000000000, -0.0000000000000000000, -0.0000000000000000000 ) ) ;
#5808 = ORIENTED_EDGE ( 'NONE', *, *, #6074, .T. ) ;
#5809 = LINE ( 'NONE', #3968, #4295 ) ;
#5810 = VERTEX_POINT ( 'NONE', #2904 ) ;
#5811 = ADVANCED_FACE ( 'NONE', ( #1168 ), #4435, .F. ) ;
#5812 = ADVANCED_FACE ( 'NONE', ( #3910 ), #5488, .F. ) ;
#5813 = DIRECTION ( 'NONE',  ( -0.0000000000000000000, -1.000000000000000000, -0.0000000000000000000 ) ) ;
#5814 = VERTEX_POINT ( 'NONE', #2410 ) ;
#5815 = EDGE_LOOP ( 'NONE', ( #1010, #1363, #5097, #1322 ) ) ;
#5816 = VERTEX_POINT ( 'NONE', #3441 ) ;
#5817 = PLANE ( 'NONE',  #4638 ) ;
#5818 = EDGE_CURVE ( 'NONE', #5008, #5716, #5114, .T. ) ;
#5819 = ORIENTED_EDGE ( 'NONE', *, *, #2708, .T. ) ;
#5820 = CARTESIAN_POINT ( 'NONE',  ( -7.456097894736840814, -3.419999999999999929, -26.67090315789473465 ) ) ;
#5821 = EDGE_LOOP ( 'NONE', ( #1416, #404, #1515, #1285 ) ) ;
#5822 = LINE ( 'NONE', #1023, #511 ) ;
#5823 = CARTESIAN_POINT ( 'NONE',  ( 9.359902105263159910, 1.449999999999999956, 0.2733968421052654918 ) ) ;
#5824 = DIRECTION ( 'NONE',  ( -0.0000000000000000000, -1.000000000000000000, -0.0000000000000000000 ) ) ;
#5825 = DIRECTION ( 'NONE',  ( 1.000000000000000000, 0.0000000000000000000, -0.0000000000000000000 ) ) ;
#5826 = VECTOR ( 'NONE', #2210, 1000.000000000000000 ) ;
#5827 = MANIFOLD_SOLID_BREP ( 'Boss-Extrude3[1]', #207 ) ;
#5828 = ORIENTED_EDGE ( 'NONE', *, *, #2093, .F. ) ;
#5829 = CARTESIAN_POINT ( 'NONE',  ( -25.21007446102908034, 6.627966397586102509, -30.38780315789474074 ) ) ;
#5831 = DIRECTION ( 'NONE',  ( 0.0000000000000000000, 1.000000000000000000, 0.0000000000000000000 ) ) ;
#5830 = CARTESIAN_POINT ( 'NONE',  ( -19.74839789473683993, 9.950000000000001066, 16.44869684210526373 ) ) ;
#5832 = ADVANCED_FACE ( 'NONE', ( #3586 ), #4455, .T. ) ;
#5833 = FACE_OUTER_BOUND ( 'NONE', #1113, .T. ) ;
#5834 = VECTOR ( 'NONE', #4613, 1000.000000000000000 ) ;
#5835 = LINE ( 'NONE', #6097, #3098 ) ;
#5836 = AXIS2_PLACEMENT_3D ( 'NONE', #4993, #3381, #5459 ) ;
#5837 = VERTEX_POINT ( 'NONE', #865 ) ;
#5838 = FACE_OUTER_BOUND ( 'NONE', #701, .T. ) ;
#5839 = VERTEX_POINT ( 'NONE', #6020 ) ;
#5840 = LINE ( 'NONE', #801, #3272 ) ;
#5841 = ORIENTED_EDGE ( 'NONE', *, *, #5046, .F. ) ;
#5842 = PLANE ( 'NONE',  #5351 ) ;
#5843 = VECTOR ( 'NONE', #4668, 1000.000000000000000 ) ;
#5844 = VERTEX_POINT ( 'NONE', #6541 ) ;
#5845 = FACE_OUTER_BOUND ( 'NONE', #1678, .T. ) ;
#5846 = CARTESIAN_POINT ( 'NONE',  ( 26.11240210526315764, 4.869999999999999218, -4.382303157894734014 ) ) ;
#5847 = ADVANCED_FACE ( 'NONE', ( #6332 ), #3458, .F. ) ;
#5848 = ORIENTED_EDGE ( 'NONE', *, *, #6551, .T. ) ;
#5849 = EDGE_CURVE ( 'NONE', #3847, #1447, #2383, .T. ) ;
#5850 = ORIENTED_EDGE ( 'NONE', *, *, #4142, .T. ) ;
#5851 = DIRECTION ( 'NONE',  ( 1.000000000000000000, 0.0000000000000000000, 0.0000000000000000000 ) ) ;
#5852 = DIRECTION ( 'NONE',  ( 0.0000000000000000000, 0.0000000000000000000, -1.000000000000000000 ) ) ;
#5853 = DIRECTION ( 'NONE',  ( -0.0000000000000000000, 0.0000000000000000000, 1.000000000000000000 ) ) ;
#5854 = LINE ( 'NONE', #1865, #3116 ) ;
#5855 = CARTESIAN_POINT ( 'NONE',  ( 14.38950210526316020, -3.419999999999999929, -29.20810315789473322 ) ) ;
#5857 = CARTESIAN_POINT ( 'NONE',  ( 20.56320210526315861, 1.449999999999999956, -18.63990315789473584 ) ) ;
#5856 = CARTESIAN_POINT ( 'NONE',  ( 0.0000000000000000000, 1.449999999999999956, 0.0000000000000000000 ) ) ;
#5858 = VERTEX_POINT ( 'NONE', #1918 ) ;
#5859 = AXIS2_PLACEMENT_3D ( 'NONE', #2861, #5343, #3860 ) ;
#5860 = ORIENTED_EDGE ( 'NONE', *, *, #1813, .F. ) ;
#5861 = EDGE_CURVE ( 'NONE', #309, #3990, #6161, .T. ) ;
#5862 = EDGE_CURVE ( 'NONE', #949, #4675, #1002, .T. ) ;
#5863 = ORIENTED_EDGE ( 'NONE', *, *, #4588, .T. ) ;
#5864 = LINE ( 'NONE', #1548, #4973 ) ;
#5865 = ADVANCED_FACE ( 'NONE', ( #834 ), #3486, .F. ) ;
#5866 = ORIENTED_EDGE ( 'NONE', *, *, #3695, .F. ) ;
#5867 = LINE ( 'NONE', #1179, #1847 ) ;
#5868 = FACE_OUTER_BOUND ( 'NONE', #2160, .T. ) ;
#5869 = PLANE ( 'NONE',  #5924 ) ;
#5870 = DIRECTION ( 'NONE',  ( 0.0000000000000000000, 0.0000000000000000000, 1.000000000000000000 ) ) ;
#5871 = ORIENTED_EDGE ( 'NONE', *, *, #6208, .T. ) ;
#5872 = EDGE_LOOP ( 'NONE', ( #1580, #2503, #3350, #5841 ) ) ;
#5873 = DIRECTION ( 'NONE',  ( 1.000000000000000000, 0.0000000000000000000, 0.0000000000000000000 ) ) ;
#5874 = CARTESIAN_POINT ( 'NONE',  ( -48.66899789473684734, 1.449999999999999956, 16.02419684210526540 ) ) ;
#5875 = FACE_OUTER_BOUND ( 'NONE', #1144, .T. ) ;
#5876 = EDGE_CURVE ( 'NONE', #4930, #1135, #3419, .T. ) ;
#5877 = ADVANCED_FACE ( 'NONE', ( #3265 ), #5563, .F. ) ;
#5878 = ORIENTED_EDGE ( 'NONE', *, *, #2321, .T. ) ;
#5879 = VERTEX_POINT ( 'NONE', #6067 ) ;
#5880 = ORIENTED_EDGE ( 'NONE', *, *, #1749, .F. ) ;
#5881 = EDGE_CURVE ( 'NONE', #6477, #1151, #4612, .T. ) ;
#5882 = EDGE_CURVE ( 'NONE', #502, #3912, #5989, .T. ) ;
#5883 = ORIENTED_EDGE ( 'NONE', *, *, #888, .T. ) ;
#5884 = LINE ( 'NONE', #3985, #6043 ) ;
#5885 = CARTESIAN_POINT ( 'NONE',  ( 0.0000000000000000000, 9.950000000000001066, 0.0000000000000000000 ) ) ;
#5886 = VERTEX_POINT ( 'NONE', #1972 ) ;
#5887 = DIRECTION ( 'NONE',  ( -1.000000000000000000, 0.0000000000000000000, 0.0000000000000000000 ) ) ;
#5888 = ORIENTED_EDGE ( 'NONE', *, *, #4985, .F. ) ;
#5889 = ORIENTED_EDGE ( 'NONE', *, *, #4682, .F. ) ;
#5890 = DIRECTION ( 'NONE',  ( 0.0000000000000000000, 0.0000000000000000000, -1.000000000000000000 ) ) ;
#5891 = PRODUCT_DEFINITION ( 'UNKNOWN', '', #937, #3511 ) ;
#5892 = CARTESIAN_POINT ( 'NONE',  ( -11.52049789473684172, 4.869999999999999218, -24.05770315789473557 ) ) ;
#5893 = EDGE_CURVE ( 'NONE', #2530, #4297, #5835, .T. ) ;
#5894 = ADVANCED_FACE ( 'NONE', ( #352 ), #2511, .F. ) ;
#5895 = ORIENTED_EDGE ( 'NONE', *, *, #2619, .F. ) ;
#5896 = ORIENTED_EDGE ( 'NONE', *, *, #5675, .F. ) ;
#5897 = DIRECTION ( 'NONE',  ( 1.000000000000000000, 0.0000000000000000000, -0.0000000000000000000 ) ) ;
#5898 = LINE ( 'NONE', #3936, #3329 ) ;
#5899 = AXIS2_PLACEMENT_3D ( 'NONE', #5724, #2657, #6252 ) ;
#5900 = VERTEX_POINT ( 'NONE', #5085 ) ;
#5901 = ORIENTED_EDGE ( 'NONE', *, *, #35, .F. ) ;
#5902 = CARTESIAN_POINT ( 'NONE',  ( -27.77769789473684270, -3.419999999999999929, -29.20810315789473322 ) ) ;
#5903 = LINE ( 'NONE', #3842, #3170 ) ;
#5904 = LINE ( 'NONE', #3294, #4519 ) ;
#5905 = VECTOR ( 'NONE', #4720, 1000.000000000000000 ) ;
#5906 = ADVANCED_FACE ( 'NONE', ( #5680 ), #940, .T. ) ;
#5907 = ORIENTED_EDGE ( 'NONE', *, *, #316, .T. ) ;
#5908 = EDGE_CURVE ( 'NONE', #2826, #890, #1880, .T. ) ;
#5909 = CARTESIAN_POINT ( 'NONE',  ( 19.60940210526315752, 4.869999999999999218, -14.93160315789473458 ) ) ;
#5910 = CARTESIAN_POINT ( 'NONE',  ( 51.01900210526315504, 0.0000000000000000000, -30.38780315789473718 ) ) ;
#5911 = ORIENTED_EDGE ( 'NONE', *, *, #5632, .F. ) ;
#5912 = LINE ( 'NONE', #2171, #606 ) ;
#5913 = EDGE_CURVE ( 'NONE', #2255, #5716, #1727, .T. ) ;
#5914 = LINE ( 'NONE', #3102, #3021 ) ;
#5915 = DIRECTION ( 'NONE',  ( -0.0000000000000000000, -0.0000000000000000000, -1.000000000000000000 ) ) ;
#5916 = ORIENTED_EDGE ( 'NONE', *, *, #6209, .F. ) ;
#5917 = LINE ( 'NONE', #315, #4536 ) ;
#5918 = ORIENTED_EDGE ( 'NONE', *, *, #5545, .T. ) ;
#5919 = VECTOR ( 'NONE', #2223, 1000.000000000000000 ) ;
#5920 = VECTOR ( 'NONE', #3355, 1000.000000000000000 ) ;
#5921 = EDGE_LOOP ( 'NONE', ( #5356, #1733, #97, #665 ) ) ;
#5922 = ORIENTED_EDGE ( 'NONE', *, *, #6580, .F. ) ;
#5923 = DIRECTION ( 'NONE',  ( 0.0000000000000000000, -1.000000000000000000, 0.0000000000000000000 ) ) ;
#5924 = AXIS2_PLACEMENT_3D ( 'NONE', #4345, #1259, #4852 ) ;
#5925 = LINE ( 'NONE', #6647, #5768 ) ;
#5926 = ORIENTED_EDGE ( 'NONE', *, *, #2644, .F. ) ;
#5927 = DIRECTION ( 'NONE',  ( -0.0000000000000000000, -1.000000000000000000, -0.0000000000000000000 ) ) ;
#5928 = ADVANCED_FACE ( 'NONE', ( #196 ), #3532, .F. ) ;
#5929 = EDGE_CURVE ( 'NONE', #2412, #4842, #4152, .T. ) ;
#5930 = ORIENTED_EDGE ( 'NONE', *, *, #6496, .F. ) ;
#5931 = DIRECTION ( 'NONE',  ( 0.0000000000000000000, 1.000000000000000000, 0.0000000000000000000 ) ) ;
#5932 = DIRECTION ( 'NONE',  ( 0.0000000000000000000, 0.0000000000000000000, 1.000000000000000000 ) ) ;
#5933 = ORIENTED_EDGE ( 'NONE', *, *, #2739, .F. ) ;
#5934 = DIRECTION ( 'NONE',  ( -0.0000000000000000000, -1.000000000000000000, -0.0000000000000000000 ) ) ;
#5935 = ORIENTED_EDGE ( 'NONE', *, *, #2438, .F. ) ;
#5936 = AXIS2_PLACEMENT_3D ( 'NONE', #5639, #5144, #2060 ) ;
#5937 = PLANE ( 'NONE',  #4802 ) ;
#5938 = EDGE_LOOP ( 'NONE', ( #5944, #1093, #1056, #6310 ) ) ;
#5939 = ADVANCED_FACE ( 'NONE', ( #2791 ), #3553, .F. ) ;
#5940 = EDGE_CURVE ( 'NONE', #394, #6519, #40, .T. ) ;
#5941 = LINE ( 'NONE', #5020, #1673 ) ;
#5942 = CARTESIAN_POINT ( 'NONE',  ( -41.77399789473683711, 10.69999999999999929, -3.115803157894735165 ) ) ;
#5943 = EDGE_CURVE ( 'NONE', #3249, #781, #1392, .T. ) ;
#5944 = ORIENTED_EDGE ( 'NONE', *, *, #5818, .F. ) ;
#5945 = VECTOR ( 'NONE', #5215, 1000.000000000000000 ) ;
#5946 = DIRECTION ( 'NONE',  ( 1.000000000000000000, 0.0000000000000000000, 0.0000000000000000000 ) ) ;
#5947 = LINE ( 'NONE', #5063, #5791 ) ;
#5948 = DIRECTION ( 'NONE',  ( 1.000000000000000000, 0.0000000000000000000, 0.0000000000000000000 ) ) ;
#5949 = EDGE_CURVE ( 'NONE', #3994, #6213, #5515, .T. ) ;
#5950 = EDGE_LOOP ( 'NONE', ( #1553, #3809, #1124, #1787, #1724, #1845, #1087, #6140, #4213, #3600, #735, #4387, #6582, #6435, #5828, #3957 ) ) ;
#5951 = VERTEX_POINT ( 'NONE', #5649 ) ;
#5952 = VERTEX_POINT ( 'NONE', #6685 ) ;
#5953 = DIRECTION ( 'NONE',  ( 0.0000000000000000000, -0.0000000000000000000, 1.000000000000000000 ) ) ;
#5954 = DIRECTION ( 'NONE',  ( 0.0000000000000000000, 1.000000000000000000, 0.0000000000000000000 ) ) ;
#5955 = PLANE ( 'NONE',  #4667 ) ;
#5956 = PLANE ( 'NONE',  #3594 ) ;
#5957 = CARTESIAN_POINT ( 'NONE',  ( 49.66000210526316039, 4.869999999999999218, 24.49029684210526270 ) ) ;
#5958 = AXIS2_PLACEMENT_3D ( 'NONE', #6262, #5692, #529 ) ;
#5959 = EDGE_LOOP ( 'NONE', ( #6620, #3466, #2490, #1351 ) ) ;
#5960 = ADVANCED_FACE ( 'NONE', ( #3831 ), #509, .F. ) ;
#5961 = LINE ( 'NONE', #5665, #4579 ) ;
#5962 = ORIENTED_EDGE ( 'NONE', *, *, #5943, .T. ) ;
#5963 = DIRECTION ( 'NONE',  ( 0.0000000000000000000, 0.0000000000000000000, 1.000000000000000000 ) ) ;
#5964 = FACE_OUTER_BOUND ( 'NONE', #1534, .T. ) ;
#5965 = DIRECTION ( 'NONE',  ( -0.0000000000000000000, -1.000000000000000000, -0.0000000000000000000 ) ) ;
#5966 = EDGE_CURVE ( 'NONE', #1041, #26, #5364, .T. ) ;
#5967 = CARTESIAN_POINT ( 'NONE',  ( -19.74839789473683993, 9.950000000000001066, -16.48330315789473843 ) ) ;
#5968 = EDGE_CURVE ( 'NONE', #6430, #956, #2630, .T. ) ;
#5969 = ORIENTED_EDGE ( 'NONE', *, *, #497, .F. ) ;
#5970 = ORIENTED_EDGE ( 'NONE', *, *, #21, .F. ) ;
#5971 = CLOSED_SHELL ( 'NONE', ( #5249, #6370, #5812, #6193, #6432, #5292 ) ) ;
#5972 = DIRECTION ( 'NONE',  ( 0.0000000000000000000, -0.0000000000000000000, -1.000000000000000000 ) ) ;
#5973 = AXIS2_PLACEMENT_3D ( 'NONE', #5056, #2066, #2014 ) ;
#5974 = EDGE_CURVE ( 'NONE', #5522, #3249, #5194, .T. ) ;
#5975 = ORIENTED_EDGE ( 'NONE', *, *, #3169, .T. ) ;
#5976 = DIRECTION ( 'NONE',  ( -0.0000000000000000000, 0.0000000000000000000, 1.000000000000000000 ) ) ;
#5977 = CARTESIAN_POINT ( 'NONE',  ( -0.8769978947368413102, -3.419999999999999929, 18.99739684210526391 ) ) ;
#5978 = ORIENTED_EDGE ( 'NONE', *, *, #5949, .F. ) ;
#5979 = EDGE_CURVE ( 'NONE', #732, #5347, #6410, .T. ) ;
#5980 = VECTOR ( 'NONE', #3139, 1000.000000000000000 ) ;
#5981 = CARTESIAN_POINT ( 'NONE',  ( -0.8769978947368413102, -3.419999999999999929, 21.53459684210526248 ) ) ;
#5982 = LINE ( 'NONE', #4236, #3259 ) ;
#5983 = AXIS2_PLACEMENT_3D ( 'NONE', #224, #1776, #5394 ) ;
#5984 = CARTESIAN_POINT ( 'NONE',  ( -0.2166978947368418673, 4.869999999999999218, 0.2479968421052660688 ) ) ;
#5985 = PLANE ( 'NONE',  #6312 ) ;
#5986 = CARTESIAN_POINT ( 'NONE',  ( -19.74839789473683993, 9.950000000000001066, -18.63990315789473584 ) ) ;
#5987 = FACE_OUTER_BOUND ( 'NONE', #4763, .T. ) ;
#5988 = FACE_OUTER_BOUND ( 'NONE', #5383, .T. ) ;
#5989 = LINE ( 'NONE', #5062, #687 ) ;
#5990 = ORIENTED_EDGE ( 'NONE', *, *, #5381, .T. ) ;
#5991 = CARTESIAN_POINT ( 'NONE',  ( 42.30610210526316450, -3.419999999999999929, 18.99739684210526391 ) ) ;
#5992 = FACE_OUTER_BOUND ( 'NONE', #3864, .T. ) ;
#5993 = VERTEX_POINT ( 'NONE', #1562 ) ;
#5994 = VECTOR ( 'NONE', #5915, 1000.000000000000000 ) ;
#5995 = CARTESIAN_POINT ( 'NONE',  ( 0.0000000000000000000, 4.869999999999999218, 0.0000000000000000000 ) ) ;
#5996 = DIRECTION ( 'NONE',  ( -1.000000000000000000, 0.0000000000000000000, 0.0000000000000000000 ) ) ;
#5997 = ORIENTED_EDGE ( 'NONE', *, *, #3233, .F. ) ;
#5998 = LINE ( 'NONE', #1120, #1889 ) ;
#5999 = EDGE_LOOP ( 'NONE', ( #2431, #1277 ) ) ;
#6000 = PLANE ( 'NONE',  #1252 ) ;
#6001 = LINE ( 'NONE', #3527, #1892 ) ;
#6002 = CARTESIAN_POINT ( 'NONE',  ( -1.359697894736841661, 4.869999999999999218, -21.52050315789473700 ) ) ;
#6003 = DIRECTION ( 'NONE',  ( -1.000000000000000000, -0.0000000000000000000, -0.0000000000000000000 ) ) ;
#6004 = EDGE_LOOP ( 'NONE', ( #1419, #2583, #234, #2437 ) ) ;
#6005 = VERTEX_POINT ( 'NONE', #5176 ) ;
#6006 = DIRECTION ( 'NONE',  ( 0.0000000000000000000, 0.0000000000000000000, -1.000000000000000000 ) ) ;
#6007 = VECTOR ( 'NONE', #3429, 1000.000000000000000 ) ;
#6008 = EDGE_CURVE ( 'NONE', #3012, #5569, #3664, .T. ) ;
#6010 = ORIENTED_EDGE ( 'NONE', *, *, #2297, .T. ) ;
#6009 = DIRECTION ( 'NONE',  ( 1.000000000000000000, -0.0000000000000000000, -0.0000000000000000000 ) ) ;
#6011 = CARTESIAN_POINT ( 'NONE',  ( 0.0000000000000000000, 1.449999999999999956, 0.0000000000000000000 ) ) ;
#6012 = AXIS2_PLACEMENT_3D ( 'NONE', #6287, #3196, #107 ) ;
#6013 = VERTEX_POINT ( 'NONE', #2620 ) ;
#6014 = ORIENTED_EDGE ( 'NONE', *, *, #1837, .T. ) ;
#6015 = CARTESIAN_POINT ( 'NONE',  ( 32.66600210526316062, 1.449999999999999956, 7.877096842105264507 ) ) ;
#6016 = EDGE_CURVE ( 'NONE', #6212, #6203, #911, .T. ) ;
#6017 = AXIS2_PLACEMENT_3D ( 'NONE', #4324, #1751, #5361 ) ;
#6018 = EDGE_CURVE ( 'NONE', #2673, #6600, #6248, .T. ) ;
#6019 = LINE ( 'NONE', #4601, #4646 ) ;
#6020 = CARTESIAN_POINT ( 'NONE',  ( -11.34279789473684019, 8.250000000000000000, 25.59139684210526511 ) ) ;
#6021 = PLANE ( 'NONE',  #1927 ) ;
#6022 = ORIENTED_EDGE ( 'NONE', *, *, #6231, .F. ) ;
#6023 = CARTESIAN_POINT ( 'NONE',  ( 9.359902105263159910, 1.449999999999999956, 0.2733968421052654918 ) ) ;
#6024 = DIRECTION ( 'NONE',  ( 0.0000000000000000000, 0.0000000000000000000, -1.000000000000000000 ) ) ;
#6025 = VECTOR ( 'NONE', #1238, 1000.000000000000000 ) ;
#6026 = FACE_OUTER_BOUND ( 'NONE', #1173, .T. ) ;
#6027 = ORIENTED_EDGE ( 'NONE', *, *, #3924, .T. ) ;
#6028 = ORIENTED_EDGE ( 'NONE', *, *, #3819, .F. ) ;
#6029 = DIRECTION ( 'NONE',  ( -0.0000000000000000000, -1.000000000000000000, -0.0000000000000000000 ) ) ;
#6030 = DIRECTION ( 'NONE',  ( 0.0000000000000000000, 0.0000000000000000000, 1.000000000000000000 ) ) ;
#6031 = DIRECTION ( 'NONE',  ( 0.0000000000000000000, 1.000000000000000000, 0.0000000000000000000 ) ) ;
#6032 = VECTOR ( 'NONE', #4898, 1000.000000000000000 ) ;
#6033 = CARTESIAN_POINT ( 'NONE',  ( -0.8769978947368413102, -3.419999999999999929, 18.99739684210526391 ) ) ;
#6034 = CARTESIAN_POINT ( 'NONE',  ( 51.01900210526315504, 1.449999999999999956, -30.38780315789473718 ) ) ;
#6035 = ORIENTED_EDGE ( 'NONE', *, *, #4982, .T. ) ;
#6036 = CARTESIAN_POINT ( 'NONE',  ( -44.81679789473683684, 13.14999999999995417, -1.613203157894734119 ) ) ;
#6037 = ORIENTED_EDGE ( 'NONE', *, *, #3566, .F. ) ;
#6038 = CARTESIAN_POINT ( 'NONE',  ( -44.81679789473683684, 19.14999999999999858, -1.613203157894734119 ) ) ;
#6039 = DIRECTION ( 'NONE',  ( 0.0000000000000000000, 0.0000000000000000000, 1.000000000000000000 ) ) ;
#6040 = CARTESIAN_POINT ( 'NONE',  ( -30.53007446102908062, 15.15000000000000036, 29.74219684210526182 ) ) ;
#6041 = PLANE ( 'NONE',  #1354 ) ;
#6042 = ORIENTED_EDGE ( 'NONE', *, *, #950, .F. ) ;
#6043 = VECTOR ( 'NONE', #3491, 1000.000000000000000 ) ;
#6044 = CARTESIAN_POINT ( 'NONE',  ( -9.259597894736844026, 1.449999999999999956, 29.45039684210526687 ) ) ;
#6045 = CARTESIAN_POINT ( 'NONE',  ( -10.37729789473684328, 4.869999999999999218, 0.2479968421052660688 ) ) ;
#6046 = CARTESIAN_POINT ( 'NONE',  ( -41.77399789473683711, 7.699999999999954881, -23.49190315789473260 ) ) ;
#6047 = CARTESIAN_POINT ( 'NONE',  ( -1.359697894736841661, 4.869999999999999218, -24.05770315789473557 ) ) ;
#6048 = EDGE_CURVE ( 'NONE', #526, #740, #3503, .T. ) ;
#6049 = AXIS2_PLACEMENT_3D ( 'NONE', #1357, #4968, #1881 ) ;
#6050 = DIRECTION ( 'NONE',  ( 1.000000000000000000, 0.0000000000000000000, 0.0000000000000000000 ) ) ;
#6051 = ORIENTED_EDGE ( 'NONE', *, *, #2026, .T. ) ;
#6052 = ORIENTED_EDGE ( 'NONE', *, *, #1046, .T. ) ;
#6053 = CARTESIAN_POINT ( 'NONE',  ( -44.81679789473683684, 13.14999999999995417, 8.324796842105264716 ) ) ;
#6054 = CARTESIAN_POINT ( 'NONE',  ( -19.74839789473683993, 1.449999999999999956, 16.44869684210526373 ) ) ;
#6055 = DIRECTION ( 'NONE',  ( -0.0000000000000000000, -1.000000000000000000, -0.0000000000000000000 ) ) ;
#6056 = COORDINATED_UNIVERSAL_TIME_OFFSET ( 3, 0, .AHEAD. ) ;
#6057 = CARTESIAN_POINT ( 'NONE',  ( -41.81679789473682973, 19.14999999999999858, -1.613203157894734119 ) ) ;
#6058 = VERTEX_POINT ( 'NONE', #3142 ) ;
#6059 = ORIENTED_EDGE ( 'NONE', *, *, #4484, .T. ) ;
#6060 = CARTESIAN_POINT ( 'NONE',  ( 38.47040210526316173, 4.869999999999999218, -26.74700315789473493 ) ) ;
#6061 = LINE ( 'NONE', #3992, #3326 ) ;
#6062 = VECTOR ( 'NONE', #1332, 1000.000000000000000 ) ;
#6063 = CARTESIAN_POINT ( 'NONE',  ( 22.22590210526316312, 4.869999999999999218, 28.99369684210526188 ) ) ;
#6064 = DIRECTION ( 'NONE',  ( 1.000000000000000000, 0.0000000000000000000, 0.0000000000000000000 ) ) ;
#6065 = ORIENTED_EDGE ( 'NONE', *, *, #5966, .F. ) ;
#6066 = VERTEX_POINT ( 'NONE', #4662 ) ;
#6067 = CARTESIAN_POINT ( 'NONE',  ( 35.95560210526315359, 1.449999999999999956, 3.343296842105264233 ) ) ;
#6068 = LINE ( 'NONE', #1670, #4694 ) ;
#6069 = LINE ( 'NONE', #5091, #599 ) ;
#6070 = VECTOR ( 'NONE', #5932, 1000.000000000000000 ) ;
#6071 = VECTOR ( 'NONE', #3642, 1000.000000000000000 ) ;
#6072 = CARTESIAN_POINT ( 'NONE',  ( -0.8769978947368413102, -3.419999999999999929, 21.53459684210526248 ) ) ;
#6073 = DIRECTION ( 'NONE',  ( 1.000000000000000000, 0.0000000000000000000, -0.0000000000000000000 ) ) ;
#6074 = EDGE_CURVE ( 'NONE', #2405, #2447, #3339, .T. ) ;
#6075 = ORIENTED_EDGE ( 'NONE', *, *, #3773, .F. ) ;
#6076 = LINE ( 'NONE', #4650, #4686 ) ;
#6077 = ORIENTED_EDGE ( 'NONE', *, *, #1119, .T. ) ;
#6078 = LINE ( 'NONE', #1618, #1966 ) ;
#6079 = VECTOR ( 'NONE', #5227, 1000.000000000000000 ) ;
#6080 = DIRECTION ( 'NONE',  ( 0.0000000000000000000, 0.0000000000000000000, 1.000000000000000000 ) ) ;
#6081 = ORIENTED_EDGE ( 'NONE', *, *, #3693, .F. ) ;
#6082 = DIRECTION ( 'NONE',  ( 0.0000000000000000000, 1.000000000000000000, 0.0000000000000000000 ) ) ;
#6083 = CARTESIAN_POINT ( 'NONE',  ( -0.2166978947368418673, 1.449999999999999956, -2.289003157894735185 ) ) ;
#6084 = CARTESIAN_POINT ( 'NONE',  ( 42.30610210526316450, -3.419999999999999929, 21.53459684210526248 ) ) ;
#6085 = LINE ( 'NONE', #5942, #610 ) ;
#6086 = EDGE_LOOP ( 'NONE', ( #4542, #4635, #3604, #2496 ) ) ;
#6087 = VECTOR ( 'NONE', #3178, 1000.000000000000000 ) ;
#6088 = FACE_OUTER_BOUND ( 'NONE', #5071, .T. ) ;
#6089 = VERTEX_POINT ( 'NONE', #6235 ) ;
#6090 = DIRECTION ( 'NONE',  ( 0.0000000000000000000, 0.0000000000000000000, 1.000000000000000000 ) ) ;
#6091 = ORIENTED_EDGE ( 'NONE', *, *, #1902, .F. ) ;
#6092 = DIRECTION ( 'NONE',  ( 0.0000000000000000000, 0.0000000000000000000, 1.000000000000000000 ) ) ;
#6093 = PLANE ( 'NONE',  #4161 ) ;
#6094 = VECTOR ( 'NONE', #5616, 1000.000000000000000 ) ;
#6095 = AXIS2_PLACEMENT_3D ( 'NONE', #2586, #5255, #4672 ) ;
#6096 = ORIENTED_EDGE ( 'NONE', *, *, #711, .T. ) ;
#6097 = CARTESIAN_POINT ( 'NONE',  ( -18.62029789473684005, -3.419999999999999929, 21.55489684210526846 ) ) ;
#6098 = ORIENTED_EDGE ( 'NONE', *, *, #5612, .F. ) ;
#6099 = CARTESIAN_POINT ( 'NONE',  ( 19.30460210526315734, 4.869999999999999218, 7.877096842105264507 ) ) ;
#6100 = AXIS2_PLACEMENT_3D ( 'NONE', #1521, #5140, #2055 ) ;
#6101 = DIRECTION ( 'NONE',  ( 0.0000000000000000000, 0.0000000000000000000, -1.000000000000000000 ) ) ;
#6102 = EDGE_LOOP ( 'NONE', ( #1344, #326, #2393, #3783 ) ) ;
#6103 = CARTESIAN_POINT ( 'NONE',  ( 0.0000000000000000000, 1.449999999999999956, 0.0000000000000000000 ) ) ;
#6104 = EDGE_CURVE ( 'NONE', #6423, #2658, #2460, .T. ) ;
#6105 = LINE ( 'NONE', #3896, #1474 ) ;
#6106 = PLANE ( 'NONE',  #3857 ) ;
#6107 = DIRECTION ( 'NONE',  ( -0.0000000000000000000, -1.000000000000000000, -0.0000000000000000000 ) ) ;
#6108 = CARTESIAN_POINT ( 'NONE',  ( -27.77769789473684270, -0.0000000000000000000, -26.67090315789473465 ) ) ;
#6109 = DIRECTION ( 'NONE',  ( -0.0000000000000000000, -1.000000000000000000, -0.0000000000000000000 ) ) ;
#6110 = ORIENTED_EDGE ( 'NONE', *, *, #3435, .T. ) ;
#6111 = APPLICATION_CONTEXT ( 'configuration controlled 3d designs of mechanical parts and assemblies' ) ;
#6112 = LINE ( 'NONE', #875, #637 ) ;
#6113 = CARTESIAN_POINT ( 'NONE',  ( -7.748297894736841940, 1.449999999999999956, 7.877096842105264507 ) ) ;
#6114 = CARTESIAN_POINT ( 'NONE',  ( -48.66899789473684734, 13.14999999999996128, 26.01279684210526355 ) ) ;
#6115 = EDGE_LOOP ( 'NONE', ( #5850, #1962, #1210, #4265 ) ) ;
#6116 = EDGE_CURVE ( 'NONE', #6550, #3489, #759, .T. ) ;
#6117 = CARTESIAN_POINT ( 'NONE',  ( 32.66600210526316062, 4.869999999999999218, 7.877096842105264507 ) ) ;
#6118 = DIRECTION ( 'NONE',  ( 0.0000000000000000000, 0.0000000000000000000, 1.000000000000000000 ) ) ;
#6119 = LINE ( 'NONE', #3518, #4571 ) ;
#6120 = CARTESIAN_POINT ( 'NONE',  ( -18.70919789473684247, 1.449999999999999956, 25.59139684210526511 ) ) ;
#6121 = ORIENTED_EDGE ( 'NONE', *, *, #2743, .T. ) ;
#6122 = EDGE_LOOP ( 'NONE', ( #2397, #2913, #6369, #169 ) ) ;
#6123 = ORIENTED_EDGE ( 'NONE', *, *, #1450, .F. ) ;
#6124 = PLANE ( 'NONE',  #4253 ) ;
#6125 = CARTESIAN_POINT ( 'NONE',  ( 0.0000000000000000000, 4.869999999999999218, 0.0000000000000000000 ) ) ;
#6126 = DIRECTION ( 'NONE',  ( 0.0000000000000000000, -1.000000000000000000, 0.0000000000000000000 ) ) ;
#6127 = CARTESIAN_POINT ( 'NONE',  ( 22.22590210526316312, 1.449999999999999956, 24.49029684210526270 ) ) ;
#6128 = CARTESIAN_POINT ( 'NONE',  ( 5.473402105263158290, 1.449999999999999956, -21.52050315789473700 ) ) ;
#6129 = LINE ( 'NONE', #3211, #967 ) ;
#6130 = APPROVAL_STATUS ( 'not_yet_approved' ) ;
#6131 = AXIS2_PLACEMENT_3D ( 'NONE', #802, #2414, #1882 ) ;
#6132 = EDGE_LOOP ( 'NONE', ( #5560, #4141, #4004, #1620 ) ) ;
#6133 = FACE_OUTER_BOUND ( 'NONE', #1763, .T. ) ;
#6134 = DIRECTION ( 'NONE',  ( -1.000000000000000000, 0.0000000000000000000, 0.0000000000000000000 ) ) ;
#6135 = ORIENTED_EDGE ( 'NONE', *, *, #6374, .T. ) ;
#6136 = CARTESIAN_POINT ( 'NONE',  ( 37.25100210526315436, -3.419999999999999929, -29.20810315789473322 ) ) ;
#6137 = EDGE_CURVE ( 'NONE', #5837, #5422, #602, .T. ) ;
#6138 = CARTESIAN_POINT ( 'NONE',  ( 0.9010021052631582705, 1.449999999999999956, 21.83899684210526360 ) ) ;
#6139 = DIRECTION ( 'NONE',  ( 1.000000000000000000, 0.0000000000000000000, -4.489269332220906729E-16 ) ) ;
#6140 = ORIENTED_EDGE ( 'NONE', *, *, #6290, .F. ) ;
#6141 = ORIENTED_EDGE ( 'NONE', *, *, #246, .T. ) ;
#6142 = EDGE_LOOP ( 'NONE', ( #3561, #2124, #5623, #4879 ) ) ;
#6143 = AXIS2_PLACEMENT_3D ( 'NONE', #348, #1897, #5510 ) ;
#6144 = EDGE_CURVE ( 'NONE', #2735, #5951, #3175, .T. ) ;
#6145 = CARTESIAN_POINT ( 'NONE',  ( -0.8769978947368413102, -3.419999999999999929, 18.99739684210526391 ) ) ;
#6146 = CLOSED_SHELL ( 'NONE', ( #4893, #5321, #6336, #4623, #4864, #4241 ) ) ;
#6147 = EDGE_LOOP ( 'NONE', ( #4825, #2625, #1844, #5782 ) ) ;
#6148 = CARTESIAN_POINT ( 'NONE',  ( 37.25100210526315436, 0.0000000000000000000, -26.67090315789473465 ) ) ;
#6149 = DIRECTION ( 'NONE',  ( -0.0000000000000000000, -0.0000000000000000000, -1.000000000000000000 ) ) ;
#6150 = CARTESIAN_POINT ( 'NONE',  ( 0.0000000000000000000, 5.899999999999999467, 0.0000000000000000000 ) ) ;
#6151 = CARTESIAN_POINT ( 'NONE',  ( -19.74829789473684016, 9.950000000000001066, 6.325496842105266637 ) ) ;
#6152 = VECTOR ( 'NONE', #5728, 1000.000000000000000 ) ;
#6153 = VECTOR ( 'NONE', #3146, 1000.000000000000000 ) ;
#6154 = VERTEX_POINT ( 'NONE', #3690 ) ;
#6155 = CARTESIAN_POINT ( 'NONE',  ( -30.53007446102908062, 15.15000000000000036, -30.25780315789473107 ) ) ;
#6156 = DIRECTION ( 'NONE',  ( -1.000000000000000000, -0.0000000000000000000, -0.0000000000000000000 ) ) ;
#6157 = CYLINDRICAL_SURFACE ( 'NONE', #2318, 1.950000000000000400 ) ;
#6158 = VECTOR ( 'NONE', #5390, 1000.000000000000000 ) ;
#6159 = PLANE ( 'NONE',  #3332 ) ;
#6160 = FACE_BOUND ( 'NONE', #4670, .T. ) ;
#6161 = LINE ( 'NONE', #2428, #4786 ) ;
#6162 = DIRECTION ( 'NONE',  ( 1.000000000000000000, 0.0000000000000000000, 0.0000000000000000000 ) ) ;
#6163 = DIRECTION ( 'NONE',  ( -0.0000000000000000000, -1.000000000000000000, -0.0000000000000000000 ) ) ;
#6164 = VERTEX_POINT ( 'NONE', #603 ) ;
#6165 = DIRECTION ( 'NONE',  ( 1.000000000000000000, 0.0000000000000000000, -0.0000000000000000000 ) ) ;
#6166 = LINE ( 'NONE', #435, #690 ) ;
#6167 = ORIENTED_EDGE ( 'NONE', *, *, #1749, .T. ) ;
#6168 = DIRECTION ( 'NONE',  ( 0.0000000000000000000, -0.0000000000000000000, 1.000000000000000000 ) ) ;
#6169 = FACE_OUTER_BOUND ( 'NONE', #2844, .T. ) ;
#6170 = MANIFOLD_SOLID_BREP ( 'Boss-Extrude3[18]', #3836 ) ;
#6171 = ORIENTED_EDGE ( 'NONE', *, *, #3566, .T. ) ;
#6172 = FACE_OUTER_BOUND ( 'NONE', #4115, .T. ) ;
#6173 = ORIENTED_EDGE ( 'NONE', *, *, #4102, .T. ) ;
#6174 = EDGE_CURVE ( 'NONE', #197, #6499, #4377, .T. ) ;
#6175 = CARTESIAN_POINT ( 'NONE',  ( 20.56320210526315861, 9.950000000000001066, -18.63990315789473584 ) ) ;
#6176 = AXIS2_PLACEMENT_3D ( 'NONE', #2388, #3939, #840 ) ;
#6177 = LINE ( 'NONE', #923, #1014 ) ;
#6179 = CLOSED_SHELL ( 'NONE', ( #2697, #5219, #254, #5847 ) ) ;
#6178 = CARTESIAN_POINT ( 'NONE',  ( 0.0000000000000000000, 0.0000000000000000000, 0.0000000000000000000 ) ) ;
#6180 = PLANE ( 'NONE',  #3079 ) ;
#6181 = DIRECTION ( 'NONE',  ( -1.000000000000000000, -0.0000000000000000000, -0.0000000000000000000 ) ) ;
#6182 = CARTESIAN_POINT ( 'NONE',  ( 39.65160210526315154, 4.869999999999999218, 7.877096842105264507 ) ) ;
#6183 = CARTESIAN_POINT ( 'NONE',  ( -9.259597894736844026, 4.869999999999999218, 29.45039684210526687 ) ) ;
#6184 = ORIENTED_EDGE ( 'NONE', *, *, #5968, .F. ) ;
#6185 = LINE ( 'NONE', #6682, #704 ) ;
#6186 = VERTEX_POINT ( 'NONE', #5246 ) ;
#6187 = ORIENTED_EDGE ( 'NONE', *, *, #804, .T. ) ;
#6188 = PLANE ( 'NONE',  #1081 ) ;
#6189 = CARTESIAN_POINT ( 'NONE',  ( -3.389297894736842398, -3.419999999999999929, 21.55489684210526846 ) ) ;
#6190 = CARTESIAN_POINT ( 'NONE',  ( 15.63400210526316059, 4.869999999999999218, -21.52050315789473700 ) ) ;
#6191 = AXIS2_PLACEMENT_3D ( 'NONE', #1713, #3274, #182 ) ;
#6192 = VERTEX_POINT ( 'NONE', #2167 ) ;
#6193 = ADVANCED_FACE ( 'NONE', ( #3016 ), #2691, .F. ) ;
#6194 = LINE ( 'NONE', #3588, #2090 ) ;
#6195 = DIRECTION ( 'NONE',  ( -1.000000000000000000, 0.0000000000000000000, 0.0000000000000000000 ) ) ;
#6196 = ORIENTED_EDGE ( 'NONE', *, *, #4314, .F. ) ;
#6197 = CARTESIAN_POINT ( 'NONE',  ( -0.9658978947368410672, 4.869999999999999218, -10.49160315789473508 ) ) ;
#6198 = VECTOR ( 'NONE', #3275, 1000.000000000000000 ) ;
#6199 = CARTESIAN_POINT ( 'NONE',  ( -11.52049789473684172, 1.449999999999999956, -24.05770315789473557 ) ) ;
#6200 = LINE ( 'NONE', #1660, #871 ) ;
#6201 = EDGE_CURVE ( 'NONE', #6636, #2521, #1644, .T. ) ;
#6202 = DIRECTION ( 'NONE',  ( -1.000000000000000000, 0.0000000000000000000, 0.0000000000000000000 ) ) ;
#6203 = VERTEX_POINT ( 'NONE', #1633 ) ;
#6204 = ORIENTED_EDGE ( 'NONE', *, *, #6018, .F. ) ;
#6205 = CARTESIAN_POINT ( 'NONE',  ( 40.96200210526315999, 9.950000000000001066, 16.44869684210526373 ) ) ;
#6206 = VECTOR ( 'NONE', #2335, 1000.000000000000000 ) ;
#6207 = DIRECTION ( 'NONE',  ( 0.0000000000000000000, 0.0000000000000000000, 1.000000000000000000 ) ) ;
#6208 = EDGE_CURVE ( 'NONE', #2658, #3649, #437, .T. ) ;
#6209 = EDGE_CURVE ( 'NONE', #2537, #1645, #5597, .T. ) ;
#6210 = DIRECTION ( 'NONE',  ( -0.0000000000000000000, -1.000000000000000000, -0.0000000000000000000 ) ) ;
#6211 = ORIENTED_EDGE ( 'NONE', *, *, #4821, .F. ) ;
#6212 = VERTEX_POINT ( 'NONE', #2713 ) ;
#6213 = VERTEX_POINT ( 'NONE', #129 ) ;
#6214 = DIRECTION ( 'NONE',  ( 1.000000000000000000, 4.071149110431670071E-16, 0.0000000000000000000 ) ) ;
#6215 = DIRECTION ( 'NONE',  ( -1.000000000000000000, 0.0000000000000000000, 0.0000000000000000000 ) ) ;
#6216 = VERTEX_POINT ( 'NONE', #3735 ) ;
#6217 = VECTOR ( 'NONE', #2907, 1000.000000000000000 ) ;
#6218 = ORIENTED_EDGE ( 'NONE', *, *, #5175, .F. ) ;
#6219 = CARTESIAN_POINT ( 'NONE',  ( -26.85007446102908801, 15.15000000000000213, -30.25780315789473107 ) ) ;
#6220 = CARTESIAN_POINT ( 'NONE',  ( 0.0000000000000000000, 1.449999999999999956, 0.0000000000000000000 ) ) ;
#6221 = CARTESIAN_POINT ( 'NONE',  ( -7.951497894736839989, 4.869999999999999218, -14.93160315789473458 ) ) ;
#6222 = CARTESIAN_POINT ( 'NONE',  ( -34.92489789473684425, 10.69999999999999929, -3.115803157894735165 ) ) ;
#6223 = DIRECTION ( 'NONE',  ( -1.000000000000000000, 0.0000000000000000000, 0.0000000000000000000 ) ) ;
#6224 = ORIENTED_EDGE ( 'NONE', *, *, #6388, .F. ) ;
#6225 = ORIENTED_EDGE ( 'NONE', *, *, #5788, .F. ) ;
#6226 = AXIS2_PLACEMENT_3D ( 'NONE', #6230, #6284, #2966 ) ;
#6227 = ADVANCED_FACE ( 'NONE', ( #5435 ), #1143, .T. ) ;
#6228 = ADVANCED_FACE ( 'NONE', ( #117 ), #4257, .T. ) ;
#6229 = LOCAL_TIME ( 21, 2, 57.00000000000000000, #894 ) ;
#6230 = CARTESIAN_POINT ( 'NONE',  ( 0.9010021052631582705, 4.869999999999999218, 21.83899684210526360 ) ) ;
#6231 = EDGE_CURVE ( 'NONE', #186, #6066, #1314, .T. ) ;
#6232 = ORIENTED_EDGE ( 'NONE', *, *, #3346, .F. ) ;
#6233 = ORIENTED_EDGE ( 'NONE', *, *, #2665, .F. ) ;
#6234 = DIRECTION ( 'NONE',  ( -1.000000000000000000, 0.0000000000000000000, 0.0000000000000000000 ) ) ;
#6235 = CARTESIAN_POINT ( 'NONE',  ( 40.96210210526315620, 9.950000000000001066, 6.325496842105266637 ) ) ;
#6236 = CARTESIAN_POINT ( 'NONE',  ( -25.21007446102908389, 15.15000000000000036, -30.38780315789474074 ) ) ;
#6237 = LINE ( 'NONE', #3401, #2298 ) ;
#6238 = CARTESIAN_POINT ( 'NONE',  ( 42.30610210526316450, -3.419999999999999929, 21.53459684210526248 ) ) ;
#6239 = VECTOR ( 'NONE', #253, 1000.000000000000000 ) ;
#6240 = EDGE_CURVE ( 'NONE', #772, #5951, #4071, .T. ) ;
#6241 = ORIENTED_EDGE ( 'NONE', *, *, #2059, .F. ) ;
#6242 = CARTESIAN_POINT ( 'NONE',  ( -19.74839789473683993, 9.950000000000001066, -18.63990315789473584 ) ) ;
#6243 = EDGE_LOOP ( 'NONE', ( #2859, #6257, #4472, #1943 ) ) ;
#6244 = EDGE_CURVE ( 'NONE', #4606, #6489, #6640, .T. ) ;
#6245 = LINE ( 'NONE', #6387, #756 ) ;
#6246 = LINE ( 'NONE', #3173, #1959 ) ;
#6247 = VECTOR ( 'NONE', #5824, 1000.000000000000000 ) ;
#6248 = CIRCLE ( 'NONE', #4625, 1.749999999999999778 ) ;
#6249 = CARTESIAN_POINT ( 'NONE',  ( 0.0000000000000000000, 1.449999999999999956, 0.0000000000000000000 ) ) ;
#6250 = ORIENTED_EDGE ( 'NONE', *, *, #4723, .T. ) ;
#6251 = DIRECTION ( 'NONE',  ( -0.0000000000000000000, -0.0000000000000000000, -1.000000000000000000 ) ) ;
#6252 = DIRECTION ( 'NONE',  ( -1.000000000000000000, 0.0000000000000000000, -0.0000000000000000000 ) ) ;
#6253 = VECTOR ( 'NONE', #4, 1000.000000000000000 ) ;
#6254 = ORIENTED_EDGE ( 'NONE', *, *, #1458, .F. ) ;
#6255 = AXIS2_PLACEMENT_3D ( 'NONE', #3495, #6006, #2400 ) ;
#6256 = LINE ( 'NONE', #1449, #1249 ) ;
#6257 = ORIENTED_EDGE ( 'NONE', *, *, #6453, .T. ) ;
#6258 = VECTOR ( 'NONE', #5177, 1000.000000000000000 ) ;
#6259 = APPROVAL ( #6630, 'UNSPECIFIED' ) ;
#6260 = EDGE_CURVE ( 'NONE', #1645, #2757, #4232, .T. ) ;
#6261 = CLOSED_SHELL ( 'NONE', ( #4177, #3118, #3817, #2823, #114, #2238 ) ) ;
#6262 = CARTESIAN_POINT ( 'NONE',  ( -29.99052042804536811, 5.899999999999999467, 12.14045893242535712 ) ) ;
#6263 = FACE_OUTER_BOUND ( 'NONE', #604, .T. ) ;
#6264 = ORIENTED_EDGE ( 'NONE', *, *, #1800, .F. ) ;
#6265 = LINE ( 'NONE', #2197, #6087 ) ;
#6266 = DIRECTION ( 'NONE',  ( 1.000000000000000000, 0.0000000000000000000, 0.0000000000000000000 ) ) ;
#6267 = VERTEX_POINT ( 'NONE', #5700 ) ;
#6268 = DIRECTION ( 'NONE',  ( 1.000000000000000000, 0.0000000000000000000, 0.0000000000000000000 ) ) ;
#6269 = ORIENTED_EDGE ( 'NONE', *, *, #3448, .T. ) ;
#6270 = DIRECTION ( 'NONE',  ( -0.0000000000000000000, -0.0000000000000000000, 1.000000000000000000 ) ) ;
#6271 = FACE_OUTER_BOUND ( 'NONE', #5197, .T. ) ;
#6272 = DIRECTION ( 'NONE',  ( 1.000000000000000000, 0.0000000000000000000, -0.0000000000000000000 ) ) ;
#6273 = ADVANCED_FACE ( 'NONE', ( #5108 ), #3124, .F. ) ;
#6274 = ADVANCED_FACE ( 'NONE', ( #3906 ), #4171, .T. ) ;
#6275 = ORIENTED_EDGE ( 'NONE', *, *, #469, .T. ) ;
#6276 = ORIENTED_EDGE ( 'NONE', *, *, #6655, .T. ) ;
#6277 = PLANE ( 'NONE',  #99 ) ;
#6278 = DIRECTION ( 'NONE',  ( 0.0000000000000000000, -0.0000000000000000000, 1.000000000000000000 ) ) ;
#6279 = CARTESIAN_POINT ( 'NONE',  ( 0.0000000000000000000, 5.899999999999999467, 0.0000000000000000000 ) ) ;
#6280 = EDGE_CURVE ( 'NONE', #896, #5484, #2374, .T. ) ;
#6281 = CLOSED_SHELL ( 'NONE', ( #2362, #5404, #5939, #3766, #1554, #3865 ) ) ;
#6282 = EDGE_CURVE ( 'NONE', #2569, #4798, #3745, .T. ) ;
#6283 = LINE ( 'NONE', #5508, #947 ) ;
#6284 = DIRECTION ( 'NONE',  ( -1.000000000000000000, 0.0000000000000000000, 0.0000000000000000000 ) ) ;
#6285 = ORIENTED_EDGE ( 'NONE', *, *, #1826, .F. ) ;
#6286 = DIRECTION ( 'NONE',  ( -0.0000000000000000000, 0.0000000000000000000, 1.000000000000000000 ) ) ;
#6287 = CARTESIAN_POINT ( 'NONE',  ( 25.79500210526316195, 4.869999999999999218, -1.730903157894735367 ) ) ;
#6288 = VECTOR ( 'NONE', #1866, 1000.000000000000000 ) ;
#6289 = CARTESIAN_POINT ( 'NONE',  ( 34.35530210526316353, 1.449999999999999956, 28.99369684210526188 ) ) ;
#6290 = EDGE_CURVE ( 'NONE', #1782, #6337, #992, .T. ) ;
#6291 = ORIENTED_EDGE ( 'NONE', *, *, #2389, .F. ) ;
#6292 = VECTOR ( 'NONE', #3460, 1000.000000000000000 ) ;
#6293 = CARTESIAN_POINT ( 'NONE',  ( -50.58859789473683577, 1.449999999999999956, -30.38780315789473718 ) ) ;
#6294 = DIRECTION ( 'NONE',  ( 0.0000000000000000000, 0.0000000000000000000, 1.000000000000000000 ) ) ;
#6295 = CARTESIAN_POINT ( 'NONE',  ( 5.473402105263158290, 1.449999999999999956, -24.05770315789473557 ) ) ;
#6296 = ORIENTED_EDGE ( 'NONE', *, *, #3710, .F. ) ;
#6297 = VERTEX_POINT ( 'NONE', #4687 ) ;
#6298 = CARTESIAN_POINT ( 'NONE',  ( 41.01060210526316041, 1.449999999999999956, -16.59860315789473617 ) ) ;
#6299 = DIRECTION ( 'NONE',  ( -0.0000000000000000000, 1.000000000000000000, -0.0000000000000000000 ) ) ;
#6300 = CARTESIAN_POINT ( 'NONE',  ( 25.79500210526316195, 1.449999999999999956, -1.730903157894735367 ) ) ;
#6301 = ADVANCED_FACE ( 'NONE', ( #827 ), #1613, .F. ) ;
#6302 = ADVANCED_FACE ( 'NONE', ( #6326 ), #2670, .T. ) ;
#6303 = ORIENTED_EDGE ( 'NONE', *, *, #1626, .F. ) ;
#6304 = VECTOR ( 'NONE', #4277, 1000.000000000000000 ) ;
#6305 = CARTESIAN_POINT ( 'NONE',  ( -19.74839789473683993, 9.950000000000001066, -18.63990315789473584 ) ) ;
#6306 = EDGE_CURVE ( 'NONE', #5814, #2832, #3580, .T. ) ;
#6307 = DIRECTION ( 'NONE',  ( 0.0000000000000000000, 0.0000000000000000000, 1.000000000000000000 ) ) ;
#6308 = ORIENTED_EDGE ( 'NONE', *, *, #1429, .T. ) ;
#6309 = ORIENTED_EDGE ( 'NONE', *, *, #1386, .T. ) ;
#6310 = ORIENTED_EDGE ( 'NONE', *, *, #5204, .F. ) ;
#6311 = EDGE_CURVE ( 'NONE', #4170, #6352, #4779, .T. ) ;
#6312 = AXIS2_PLACEMENT_3D ( 'NONE', #856, #4444, #1369 ) ;
#6313 = CARTESIAN_POINT ( 'NONE',  ( -19.74839789473683993, 9.950000000000001066, 16.44869684210526373 ) ) ;
#6314 = ORIENTED_EDGE ( 'NONE', *, *, #6280, .T. ) ;
#6315 = ORIENTED_EDGE ( 'NONE', *, *, #4385, .T. ) ;
#6316 = EDGE_CURVE ( 'NONE', #4850, #1193, #2049, .T. ) ;
#6317 = CARTESIAN_POINT ( 'NONE',  ( 6.451502105263158704, 1.449999999999999956, 24.49029684210526270 ) ) ;
#6318 = ADVANCED_FACE ( 'NONE', ( #1872 ), #5753, .F. ) ;
#6319 = LINE ( 'NONE', #6587, #818 ) ;
#6320 = PLANE ( 'NONE',  #4752 ) ;
#6321 = VERTEX_POINT ( 'NONE', #6289 ) ;
#6322 = ORIENTED_EDGE ( 'NONE', *, *, #4524, .T. ) ;
#6323 = FACE_OUTER_BOUND ( 'NONE', #3891, .T. ) ;
#6324 = CARTESIAN_POINT ( 'NONE',  ( -0.9658978947368410672, 4.869999999999999218, -14.93160315789473458 ) ) ;
#6325 = AXIS2_PLACEMENT_3D ( 'NONE', #5573, #6082, #3001 ) ;
#6326 = FACE_OUTER_BOUND ( 'NONE', #2121, .T. ) ;
#6327 = ORIENTED_EDGE ( 'NONE', *, *, #5552, .F. ) ;
#6328 = CARTESIAN_POINT ( 'NONE',  ( 9.359902105263159910, 4.869999999999999218, -2.263803157894734852 ) ) ;
#6329 = VECTOR ( 'NONE', #3618, 1000.000000000000000 ) ;
#6330 = VECTOR ( 'NONE', #4832, 1000.000000000000000 ) ;
#6331 = FACE_BOUND ( 'NONE', #297, .T. ) ;
#6332 = FACE_OUTER_BOUND ( 'NONE', #4559, .T. ) ;
#6333 = DIRECTION ( 'NONE',  ( 0.0000000000000000000, -0.0000000000000000000, -1.000000000000000000 ) ) ;
#6334 = EDGE_CURVE ( 'NONE', #5012, #324, #5982, .T. ) ;
#6335 = ADVANCED_FACE ( 'NONE', ( #4442 ), #4742, .F. ) ;
#6336 = ADVANCED_FACE ( 'NONE', ( #3412 ), #3214, .F. ) ;
#6337 = VERTEX_POINT ( 'NONE', #131 ) ;
#6338 = EDGE_CURVE ( 'NONE', #4743, #2193, #512, .T. ) ;
#6339 = LINE ( 'NONE', #1931, #4946 ) ;
#6340 = PLANE ( 'NONE',  #3798 ) ;
#6341 = ORIENTED_EDGE ( 'NONE', *, *, #1404, .F. ) ;
#6342 = FACE_OUTER_BOUND ( 'NONE', #1206, .T. ) ;
#6343 = MANIFOLD_SOLID_BREP ( 'Boss-Extrude9', #1187 ) ;
#6344 = CARTESIAN_POINT ( 'NONE',  ( -7.748297894736841940, 4.869999999999999218, 7.877096842105264507 ) ) ;
#6346 = DIRECTION ( 'NONE',  ( -1.000000000000000000, 0.0000000000000000000, -0.0000000000000000000 ) ) ;
#6345 = CARTESIAN_POINT ( 'NONE',  ( 40.96210210526315620, 9.950000000000001066, 4.143496842105264477 ) ) ;
#6347 = VECTOR ( 'NONE', #2267, 1000.000000000000000 ) ;
#6348 = EDGE_CURVE ( 'NONE', #2618, #5004, #3090, .T. ) ;
#6349 = VERTEX_POINT ( 'NONE', #5794 ) ;
#6350 = FACE_BOUND ( 'NONE', #5617, .T. ) ;
#6351 = EDGE_CURVE ( 'NONE', #2472, #4885, #1723, .T. ) ;
#6352 = VERTEX_POINT ( 'NONE', #3241 ) ;
#6353 = ORIENTED_EDGE ( 'NONE', *, *, #3193, .F. ) ;
#6354 = VECTOR ( 'NONE', #3601, 1000.000000000000000 ) ;
#6355 = ORIENTED_EDGE ( 'NONE', *, *, #2671, .T. ) ;
#6356 = DIRECTION ( 'NONE',  ( 0.0000000000000000000, 0.0000000000000000000, -1.000000000000000000 ) ) ;
#6357 = ADVANCED_FACE ( 'NONE', ( #190 ), #1191, .F. ) ;
#6358 = EDGE_LOOP ( 'NONE', ( #1801, #1947, #2237, #1711 ) ) ;
#6359 = DIRECTION ( 'NONE',  ( -0.0000000000000000000, 0.0000000000000000000, 1.000000000000000000 ) ) ;
#6360 = CARTESIAN_POINT ( 'NONE',  ( -18.70919789473684247, 8.250000000000000000, 25.59139684210526511 ) ) ;
#6361 = CARTESIAN_POINT ( 'NONE',  ( 40.96210210526315620, 1.449999999999999956, 6.325496842105266637 ) ) ;
#6362 = DIRECTION ( 'NONE',  ( 4.071149110431670071E-16, -1.000000000000000000, 0.0000000000000000000 ) ) ;
#6363 = VERTEX_POINT ( 'NONE', #4281 ) ;
#6364 = CARTESIAN_POINT ( 'NONE',  ( -19.69649789473684010, 1.449999999999999956, -4.203603157894734821 ) ) ;
#6365 = DIRECTION ( 'NONE',  ( -0.0000000000000000000, -0.0000000000000000000, 1.000000000000000000 ) ) ;
#6366 = CARTESIAN_POINT ( 'NONE',  ( 22.67050210526316079, 4.869999999999999218, -24.19730315789473707 ) ) ;
#6367 = AXIS2_PLACEMENT_3D ( 'NONE', #4221, #2395, #2269 ) ;
#6368 = VECTOR ( 'NONE', #3046, 1000.000000000000000 ) ;
#6369 = ORIENTED_EDGE ( 'NONE', *, *, #596, .T. ) ;
#6370 = ADVANCED_FACE ( 'NONE', ( #2930 ), #5817, .F. ) ;
#6371 = LINE ( 'NONE', #1222, #2264 ) ;
#6372 = VECTOR ( 'NONE', #3694, 1000.000000000000000 ) ;
#6373 = ORIENTED_EDGE ( 'NONE', *, *, #6116, .F. ) ;
#6374 = EDGE_CURVE ( 'NONE', #1654, #3245, #5673, .T. ) ;
#6375 = CARTESIAN_POINT ( 'NONE',  ( 0.0000000000000000000, 1.449999999999999956, 0.0000000000000000000 ) ) ;
#6376 = LINE ( 'NONE', #768, #6206 ) ;
#6377 = DIRECTION ( 'NONE',  ( 0.0000000000000000000, 0.0000000000000000000, -1.000000000000000000 ) ) ;
#6378 = ORIENTED_EDGE ( 'NONE', *, *, #2525, .F. ) ;
#6379 = VERTEX_POINT ( 'NONE', #4299 ) ;
#6380 = ORIENTED_EDGE ( 'NONE', *, *, #1379, .T. ) ;
#6381 = CARTESIAN_POINT ( 'NONE',  ( -41.81679789473682973, 19.14999999999999858, 0.0000000000000000000 ) ) ;
#6382 = PLANE ( 'NONE',  #140 ) ;
#6383 = EDGE_CURVE ( 'NONE', #474, #1784, #1385, .T. ) ;
#6384 = DIRECTION ( 'NONE',  ( 0.0000000000000000000, 0.0000000000000000000, 1.000000000000000000 ) ) ;
#6385 = DIRECTION ( 'NONE',  ( -0.0000000000000000000, 1.000000000000000000, -0.0000000000000000000 ) ) ;
#6387 = CARTESIAN_POINT ( 'NONE',  ( -7.748297894736841940, 4.869999999999999218, 7.877096842105264507 ) ) ;
#6386 = DIRECTION ( 'NONE',  ( 0.0000000000000000000, -0.0000000000000000000, 1.000000000000000000 ) ) ;
#6388 = EDGE_CURVE ( 'NONE', #1896, #6066, #4146, .T. ) ;
#6389 = ORIENTED_EDGE ( 'NONE', *, *, #4891, .F. ) ;
#6390 = ADVANCED_FACE ( 'NONE', ( #2783 ), #5842, .F. ) ;
#6391 = FACE_OUTER_BOUND ( 'NONE', #1311, .T. ) ;
#6392 = ORIENTED_EDGE ( 'NONE', *, *, #4512, .T. ) ;
#6393 = VERTEX_POINT ( 'NONE', #4808 ) ;
#6394 = ORIENTED_EDGE ( 'NONE', *, *, #4762, .T. ) ;
#6395 = CARTESIAN_POINT ( 'NONE',  ( 26.11240210526315764, 4.869999999999999218, -6.285103157894734949 ) ) ;
#6396 = APPROVAL_DATE_TIME ( #1066, #1279 ) ;
#6397 = AXIS2_PLACEMENT_3D ( 'NONE', #2555, #3574, #489 ) ;
#6398 = EDGE_LOOP ( 'NONE', ( #6110, #3319, #578, #4500 ) ) ;
#6399 = ORIENTED_EDGE ( 'NONE', *, *, #2976, .F. ) ;
#6400 = ADVANCED_FACE ( 'NONE', ( #1236 ), #3288, .F. ) ;
#6401 = FACE_OUTER_BOUND ( 'NONE', #5157, .T. ) ;
#6402 = CARTESIAN_POINT ( 'NONE',  ( -40.77399789473683711, 10.69999999999999929, -23.49190315789473260 ) ) ;
#6403 = CARTESIAN_POINT ( 'NONE',  ( -44.81679789473683684, 1.449999999999999956, -1.613203157894734119 ) ) ;
#6404 = VECTOR ( 'NONE', #4871, 1000.000000000000000 ) ;
#6405 = CARTESIAN_POINT ( 'NONE',  ( -10.37729789473684328, 1.449999999999999956, -2.289003157894735185 ) ) ;
#6406 = CARTESIAN_POINT ( 'NONE',  ( 0.0000000000000000000, 1.449999999999999956, 0.0000000000000000000 ) ) ;
#6407 = LINE ( 'NONE', #3795, #4860 ) ;
#6408 = LINE ( 'NONE', #2677, #4150 ) ;
#6409 = VECTOR ( 'NONE', #1028, 1000.000000000000000 ) ;
#6410 = LINE ( 'NONE', #537, #2307 ) ;
#6411 = EDGE_CURVE ( 'NONE', #4804, #4540, #6553, .T. ) ;
#6412 = ORIENTED_EDGE ( 'NONE', *, *, #2411, .F. ) ;
#6413 = VECTOR ( 'NONE', #5119, 1000.000000000000000 ) ;
#6414 = EDGE_LOOP ( 'NONE', ( #3010, #4814, #569, #2843 ) ) ;
#6415 = FACE_OUTER_BOUND ( 'NONE', #3113, .T. ) ;
#6416 = FACE_OUTER_BOUND ( 'NONE', #5702, .T. ) ;
#6417 = ORIENTED_EDGE ( 'NONE', *, *, #626, .T. ) ;
#6418 = CARTESIAN_POINT ( 'NONE',  ( 0.0000000000000000000, 4.869999999999999218, 0.0000000000000000000 ) ) ;
#6419 = ADVANCED_FACE ( 'NONE', ( #5359 ), #219, .F. ) ;
#6420 = EDGE_CURVE ( 'NONE', #5776, #220, #2450, .T. ) ;
#6421 = VECTOR ( 'NONE', #1824, 1000.000000000000000 ) ;
#6422 = ORIENTED_EDGE ( 'NONE', *, *, #2277, .T. ) ;
#6423 = VERTEX_POINT ( 'NONE', #4846 ) ;
#6424 = VECTOR ( 'NONE', #5706, 1000.000000000000000 ) ;
#6425 = VERTEX_POINT ( 'NONE', #2302 ) ;
#6426 = CARTESIAN_POINT ( 'NONE',  ( -45.66899789473684024, 19.14999999999999858, 0.0000000000000000000 ) ) ;
#6427 = ORIENTED_EDGE ( 'NONE', *, *, #5519, .T. ) ;
#6428 = LINE ( 'NONE', #1954, #936 ) ;
#6429 = PLANE ( 'NONE',  #1903 ) ;
#6430 = VERTEX_POINT ( 'NONE', #713 ) ;
#6431 = AXIS2_PLACEMENT_3D ( 'NONE', #6034, #6223, #2063 ) ;
#6432 = ADVANCED_FACE ( 'NONE', ( #3823 ), #2821, .T. ) ;
#6433 = EDGE_CURVE ( 'NONE', #6267, #4271, #5189, .T. ) ;
#6434 = PLANE ( 'NONE',  #2519 ) ;
#6435 = ORIENTED_EDGE ( 'NONE', *, *, #5336, .F. ) ;
#6436 = AXIS2_PLACEMENT_3D ( 'NONE', #5820, #2755, #6359 ) ;
#6437 = LINE ( 'NONE', #2408, #3863 ) ;
#6438 = ORIENTED_EDGE ( 'NONE', *, *, #2351, .T. ) ;
#6439 = DIRECTION ( 'NONE',  ( -0.0000000000000000000, -0.0000000000000000000, -1.000000000000000000 ) ) ;
#6440 = LINE ( 'NONE', #5461, #4026 ) ;
#6441 = PLANE ( 'NONE',  #1306 ) ;
#6442 = CARTESIAN_POINT ( 'NONE',  ( -33.92489789473684425, 10.69999999999999929, -23.49190315789473260 ) ) ;
#6443 = EDGE_LOOP ( 'NONE', ( #3481, #1007, #4332, #4654 ) ) ;
#6444 = EDGE_LOOP ( 'NONE', ( #4327, #5206, #3619, #4546 ) ) ;
#6445 = DIRECTION ( 'NONE',  ( 4.071149110431670071E-16, -1.000000000000000000, 0.0000000000000000000 ) ) ;
#6446 = DIRECTION ( 'NONE',  ( 1.000000000000000000, 0.0000000000000000000, 0.0000000000000000000 ) ) ;
#6447 = ADVANCED_FACE ( 'NONE', ( #3653 ), #4342, .F. ) ;
#6448 = FACE_OUTER_BOUND ( 'NONE', #3703, .T. ) ;
#6449 = VERTEX_POINT ( 'NONE', #4356 ) ;
#6450 = EDGE_LOOP ( 'NONE', ( #6035, #4223, #5397, #644 ) ) ;
#6451 = CARTESIAN_POINT ( 'NONE',  ( -29.99052042804537166, 5.899999999999999467, -20.94977404100091078 ) ) ;
#6452 = DIRECTION ( 'NONE',  ( -1.000000000000000000, 0.0000000000000000000, -0.0000000000000000000 ) ) ;
#6453 = EDGE_CURVE ( 'NONE', #220, #526, #2299, .T. ) ;
#6454 = CARTESIAN_POINT ( 'NONE',  ( 6.451502105263158704, 4.869999999999999218, 24.49029684210526270 ) ) ;
#6455 = VECTOR ( 'NONE', #5567, 1000.000000000000000 ) ;
#6456 = ADVANCED_FACE ( 'NONE', ( #1075 ), #2835, .F. ) ;
#6457 = DIRECTION ( 'NONE',  ( 0.0000000000000000000, 0.0000000000000000000, -1.000000000000000000 ) ) ;
#6458 = DIRECTION ( 'NONE',  ( -0.0000000000000000000, -1.000000000000000000, -0.0000000000000000000 ) ) ;
#6459 = ORIENTED_EDGE ( 'NONE', *, *, #2644, .T. ) ;
#6460 = VERTEX_POINT ( 'NONE', #5902 ) ;
#6461 = AXIS2_PLACEMENT_3D ( 'NONE', #3078, #1051, #5653 ) ;
#6462 = ORIENTED_EDGE ( 'NONE', *, *, #290, .T. ) ;
#6463 = EDGE_CURVE ( 'NONE', #2826, #6267, #4854, .T. ) ;
#6464 = DIRECTION ( 'NONE',  ( 0.0000000000000000000, 1.000000000000000000, 0.0000000000000000000 ) ) ;
#6465 = ORIENTED_EDGE ( 'NONE', *, *, #2112, .T. ) ;
#6466 = ORIENTED_EDGE ( 'NONE', *, *, #4459, .F. ) ;
#6467 = PLANE ( 'NONE',  #4555 ) ;
#6468 = VECTOR ( 'NONE', #389, 1000.000000000000000 ) ;
#6469 = CARTESIAN_POINT ( 'NONE',  ( -19.86499789473684174, 4.869999999999999218, -24.05770315789473557 ) ) ;
#6470 = ORIENTED_EDGE ( 'NONE', *, *, #2708, .F. ) ;
#6471 = ORIENTED_EDGE ( 'NONE', *, *, #258, .F. ) ;
#6472 = DIRECTION ( 'NONE',  ( 0.0000000000000000000, 0.0000000000000000000, -1.000000000000000000 ) ) ;
#6473 = ADVANCED_FACE ( 'NONE', ( #751 ), #5421, .F. ) ;
#6474 = VECTOR ( 'NONE', #552, 1000.000000000000000 ) ;
#6475 = VECTOR ( 'NONE', #4145, 1000.000000000000000 ) ;
#6476 = PLANE ( 'NONE',  #5482 ) ;
#6477 = VERTEX_POINT ( 'NONE', #6454 ) ;
#6478 = PLANE ( 'NONE',  #3385 ) ;
#6479 = VECTOR ( 'NONE', #4231, 1000.000000000000000 ) ;
#6480 = VECTOR ( 'NONE', #178, 1000.000000000000000 ) ;
#6481 = EDGE_CURVE ( 'NONE', #3403, #13, #901, .T. ) ;
#6482 = VECTOR ( 'NONE', #2038, 1000.000000000000000 ) ;
#6483 = LINE ( 'NONE', #323, #5289 ) ;
#6484 = DIRECTION ( 'NONE',  ( 0.0000000000000000000, 1.000000000000000000, 0.0000000000000000000 ) ) ;
#6485 = DIRECTION ( 'NONE',  ( 1.000000000000000000, 0.0000000000000000000, 0.0000000000000000000 ) ) ;
#6486 = DIRECTION ( 'NONE',  ( 0.0000000000000000000, 1.000000000000000000, 0.0000000000000000000 ) ) ;
#6487 = ORIENTED_EDGE ( 'NONE', *, *, #909, .F. ) ;
#6488 = LINE ( 'NONE', #5022, #2385 ) ;
#6489 = VERTEX_POINT ( 'NONE', #1312 ) ;
#6490 = DIRECTION ( 'NONE',  ( -1.000000000000000000, 0.0000000000000000000, -0.0000000000000000000 ) ) ;
#6491 = VECTOR ( 'NONE', #5873, 1000.000000000000000 ) ;
#6492 = ADVANCED_FACE ( 'NONE', ( #5016 ), #5443, .F. ) ;
#6493 = DIRECTION ( 'NONE',  ( 0.0000000000000000000, 0.0000000000000000000, 1.000000000000000000 ) ) ;
#6494 = VERTEX_POINT ( 'NONE', #1827 ) ;
#6495 = DIRECTION ( 'NONE',  ( -1.000000000000000000, -0.0000000000000000000, -0.0000000000000000000 ) ) ;
#6496 = EDGE_CURVE ( 'NONE', #2209, #6013, #3496, .T. ) ;
#6497 = LINE ( 'NONE', #2807, #1011 ) ;
#6498 = VECTOR ( 'NONE', #6030, 1000.000000000000000 ) ;
#6499 = VERTEX_POINT ( 'NONE', #3387 ) ;
#6500 = VERTEX_POINT ( 'NONE', #3913 ) ;
#6501 = EDGE_CURVE ( 'NONE', #5418, #2209, #4513, .T. ) ;
#6502 = FACE_OUTER_BOUND ( 'NONE', #4595, .T. ) ;
#6503 = ORIENTED_EDGE ( 'NONE', *, *, #4512, .F. ) ;
#6504 = CARTESIAN_POINT ( 'NONE',  ( 35.95560210526315359, 4.869999999999999218, -1.730903157894735367 ) ) ;
#6505 = ORIENTED_EDGE ( 'NONE', *, *, #4660, .F. ) ;
#6506 = PLANE ( 'NONE',  #6049 ) ;
#6507 = DIRECTION ( 'NONE',  ( 1.000000000000000000, 0.0000000000000000000, 0.0000000000000000000 ) ) ;
#6508 = DIRECTION ( 'NONE',  ( -0.0000000000000000000, 0.0000000000000000000, 1.000000000000000000 ) ) ;
#6509 = ORIENTED_EDGE ( 'NONE', *, *, #3193, .T. ) ;
#6510 = VECTOR ( 'NONE', #4067, 1000.000000000000000 ) ;
#6511 = CARTESIAN_POINT ( 'NONE',  ( 45.93860210526316479, 0.0000000000000000000, 20.22799684210526650 ) ) ;
#6512 = DIRECTION ( 'NONE',  ( -0.3162277660168339999, -0.9486832980505151003, 0.0000000000000000000 ) ) ;
#6513 = EDGE_CURVE ( 'NONE', #6575, #3820, #1950, .T. ) ;
#6514 = ORIENTED_EDGE ( 'NONE', *, *, #4845, .F. ) ;
#6515 = LINE ( 'NONE', #1201, #3947 ) ;
#6516 = CARTESIAN_POINT ( 'NONE',  ( -29.99052042804536811, 5.899999999999999467, -4.404657554287778609 ) ) ;
#6517 = LINE ( 'NONE', #4239, #3455 ) ;
#6518 = EDGE_LOOP ( 'NONE', ( #2000, #2606, #2954, #579 ) ) ;
#6519 = VERTEX_POINT ( 'NONE', #2896 ) ;
#6520 = CARTESIAN_POINT ( 'NONE',  ( -19.69649789473684010, 1.449999999999999956, -6.360203157894734005 ) ) ;
#6521 = LINE ( 'NONE', #5892, #2276 ) ;
#6522 = DIRECTION ( 'NONE',  ( -0.0000000000000000000, -0.0000000000000000000, -1.000000000000000000 ) ) ;
#6523 = DIRECTION ( 'NONE',  ( -1.000000000000000000, -0.0000000000000000000, -0.0000000000000000000 ) ) ;
#6524 = DIRECTION ( 'NONE',  ( 0.0000000000000000000, 0.0000000000000000000, 1.000000000000000000 ) ) ;
#6525 = AXIS2_PLACEMENT_3D ( 'NONE', #3905, #4970, #5015 ) ;
#6526 = VERTEX_POINT ( 'NONE', #3410 ) ;
#6527 = ORIENTED_EDGE ( 'NONE', *, *, #5398, .T. ) ;
#6528 = ORIENTED_EDGE ( 'NONE', *, *, #4985, .T. ) ;
#6529 = FACE_OUTER_BOUND ( 'NONE', #5283, .T. ) ;
#6530 = CARTESIAN_POINT ( 'NONE',  ( -22.53007446102909128, 15.15000000000000036, 0.0000000000000000000 ) ) ;
#6531 = CARTESIAN_POINT ( 'NONE',  ( 49.95210210526316530, 9.950000000000001066, 16.40949684210526627 ) ) ;
#6532 = VERTEX_POINT ( 'NONE', #5967 ) ;
#6533 = DIRECTION ( 'NONE',  ( 0.0000000000000000000, 1.000000000000000000, 0.0000000000000000000 ) ) ;
#6534 = LINE ( 'NONE', #5234, #1225 ) ;
#6535 = CARTESIAN_POINT ( 'NONE',  ( -0.8769978947368413102, -3.419999999999999929, 21.53459684210526248 ) ) ;
#6536 = CARTESIAN_POINT ( 'NONE',  ( 6.451502105263158704, 4.869999999999999218, 24.49029684210526270 ) ) ;
#6537 = EDGE_CURVE ( 'NONE', #1482, #5952, #1792, .T. ) ;
#6538 = ORIENTED_EDGE ( 'NONE', *, *, #1185, .F. ) ;
#6539 = DIRECTION ( 'NONE',  ( -0.0000000000000000000, -0.0000000000000000000, 1.000000000000000000 ) ) ;
#6540 = ORIENTED_EDGE ( 'NONE', *, *, #671, .F. ) ;
#6541 = CARTESIAN_POINT ( 'NONE',  ( -13.27599789473684133, 5.153130887489396628, 35.04339684210526684 ) ) ;
#6542 = APPROVAL_PERSON_ORGANIZATION ( #1231, #1279, #4562 ) ;
#6543 = AXIS2_PLACEMENT_3D ( 'NONE', #2350, #2140, #106 ) ;
#6544 = EDGE_CURVE ( 'NONE', #2212, #3287, #5898, .T. ) ;
#6545 = DIRECTION ( 'NONE',  ( 0.0000000000000000000, 0.0000000000000000000, -1.000000000000000000 ) ) ;
#6546 = ORIENTED_EDGE ( 'NONE', *, *, #158, .T. ) ;
#6547 = DIRECTION ( 'NONE',  ( 1.000000000000000000, 0.0000000000000000000, 0.0000000000000000000 ) ) ;
#6548 = PLANE ( 'NONE',  #347 ) ;
#6549 = CARTESIAN_POINT ( 'NONE',  ( 12.62400210526315902, 4.869999999999999218, -10.49160315789473508 ) ) ;
#6550 = VERTEX_POINT ( 'NONE', #1870 ) ;
#6551 = EDGE_CURVE ( 'NONE', #220, #5129, #1635, .T. ) ;
#6552 = CYLINDRICAL_SURFACE ( 'NONE', #5495, 1.950000000000000400 ) ;
#6553 = LINE ( 'NONE', #6395, #3978 ) ;
#6554 = AXIS2_PLACEMENT_3D ( 'NONE', #6047, #1946, #5568 ) ;
#6555 = CARTESIAN_POINT ( 'NONE',  ( 12.31920210526315884, 1.449999999999999956, 7.877096842105264507 ) ) ;
#6556 = DIRECTION ( 'NONE',  ( 0.0000000000000000000, 0.0000000000000000000, -1.000000000000000000 ) ) ;
#6557 = CARTESIAN_POINT ( 'NONE',  ( 35.95560210526315359, 4.869999999999999218, 3.343296842105264233 ) ) ;
#6558 = FACE_OUTER_BOUND ( 'NONE', #605, .T. ) ;
#6559 = LINE ( 'NONE', #3035, #3830 ) ;
#6560 = VECTOR ( 'NONE', #4121, 1000.000000000000000 ) ;
#6561 = EDGE_LOOP ( 'NONE', ( #233, #3869, #159, #1611 ) ) ;
#6562 = FACE_OUTER_BOUND ( 'NONE', #666, .T. ) ;
#6563 = ORIENTED_EDGE ( 'NONE', *, *, #505, .F. ) ;
#6564 = DIRECTION ( 'NONE',  ( -1.000000000000000000, -0.0000000000000000000, -0.0000000000000000000 ) ) ;
#6565 = FACE_OUTER_BOUND ( 'NONE', #5235, .T. ) ;
#6566 = FACE_OUTER_BOUND ( 'NONE', #4284, .T. ) ;
#6567 = CARTESIAN_POINT ( 'NONE',  ( -40.77399789473683711, 10.69999999999999929, 0.0000000000000000000 ) ) ;
#6568 = CARTESIAN_POINT ( 'NONE',  ( -18.70919789473684247, 1.449999999999999956, 25.59139684210526511 ) ) ;
#6569 = CARTESIAN_POINT ( 'NONE',  ( -3.389297894736842398, -3.419999999999999929, 19.00249684210526624 ) ) ;
#6570 = LINE ( 'NONE', #3624, #4001 ) ;
#6571 = EDGE_LOOP ( 'NONE', ( #5878, #4517, #3471, #3478 ) ) ;
#6572 = EDGE_CURVE ( 'NONE', #4830, #5837, #3007, .T. ) ;
#6573 = FACE_OUTER_BOUND ( 'NONE', #2207, .T. ) ;
#6574 = CARTESIAN_POINT ( 'NONE',  ( 25.79500210526316195, 4.869999999999999218, -1.730903157894735367 ) ) ;
#6575 = VERTEX_POINT ( 'NONE', #5991 ) ;
#6576 = ORIENTED_EDGE ( 'NONE', *, *, #3895, .T. ) ;
#6577 = DIRECTION ( 'NONE',  ( 0.0000000000000000000, -0.0000000000000000000, 1.000000000000000000 ) ) ;
#6578 = EDGE_CURVE ( 'NONE', #5886, #6013, #428, .T. ) ;
#6579 = VECTOR ( 'NONE', #4505, 1000.000000000000000 ) ;
#6580 = EDGE_CURVE ( 'NONE', #1753, #1324, #5587, .T. ) ;
#6582 = ORIENTED_EDGE ( 'NONE', *, *, #1997, .T. ) ;
#6581 = CARTESIAN_POINT ( 'NONE',  ( 26.11240210526315764, 4.869999999999999218, -6.285103157894734949 ) ) ;
#6583 = DIRECTION ( 'NONE',  ( 0.0000000000000000000, -0.0000000000000000000, 1.000000000000000000 ) ) ;
#6584 = CARTESIAN_POINT ( 'NONE',  ( -7.951497894736839989, 4.869999999999999218, -14.93160315789473458 ) ) ;
#6585 = ORIENTED_EDGE ( 'NONE', *, *, #3468, .F. ) ;
#6586 = CARTESIAN_POINT ( 'NONE',  ( -19.69649789473684010, 9.950000000000001066, -6.360203157894734005 ) ) ;
#6587 = CARTESIAN_POINT ( 'NONE',  ( -25.21007446102908389, 15.15000000000000036, 29.74219684210526182 ) ) ;
#6588 = PLANE ( 'NONE',  #5310 ) ;
#6589 = DIRECTION ( 'NONE',  ( 1.000000000000000000, 0.0000000000000000000, 0.0000000000000000000 ) ) ;
#6590 = DIRECTION ( 'NONE',  ( -0.0000000000000000000, -1.000000000000000000, -0.0000000000000000000 ) ) ;
#6591 = CARTESIAN_POINT ( 'NONE',  ( -3.389297894736842398, 0.0000000000000000000, 21.55489684210526846 ) ) ;
#6592 = CC_DESIGN_APPROVAL ( #6259, ( #5891 ) ) ;
#6593 = EDGE_CURVE ( 'NONE', #3107, #309, #4226, .T. ) ;
#6594 = LINE ( 'NONE', #1854, #2497 ) ;
#6595 = DIRECTION ( 'NONE',  ( -1.000000000000000000, 0.0000000000000000000, -0.0000000000000000000 ) ) ;
#6596 = ORIENTED_EDGE ( 'NONE', *, *, #5929, .F. ) ;
#6597 = PLANE ( 'NONE',  #2427 ) ;
#6598 = VECTOR ( 'NONE', #292, 1000.000000000000000 ) ;
#6599 = AXIS2_PLACEMENT_3D ( 'NONE', #1602, #1112, #4704 ) ;
#6600 = VERTEX_POINT ( 'NONE', #2940 ) ;
#6601 = ORIENTED_EDGE ( 'NONE', *, *, #4524, .F. ) ;
#6602 = CARTESIAN_POINT ( 'NONE',  ( -30.53007446102908062, 15.15000000000000036, -30.25780315789473107 ) ) ;
#6603 = DIRECTION ( 'NONE',  ( 0.0000000000000000000, 0.0000000000000000000, 1.000000000000000000 ) ) ;
#6604 = FACE_OUTER_BOUND ( 'NONE', #4598, .T. ) ;
#6605 = DIRECTION ( 'NONE',  ( 1.000000000000000000, 0.0000000000000000000, 0.0000000000000000000 ) ) ;
#6606 = ORIENTED_EDGE ( 'NONE', *, *, #1293, .F. ) ;
#6607 = CARTESIAN_POINT ( 'NONE',  ( 0.0000000000000000000, 0.0000000000000000000, 0.0000000000000000000 ) ) ;
#6608 = EDGE_LOOP ( 'NONE', ( #1297, #3972, #2324, #5475 ) ) ;
#6609 = EDGE_CURVE ( 'NONE', #855, #4483, #109, .T. ) ;
#6610 = CARTESIAN_POINT ( 'NONE',  ( 0.0000000000000000000, 1.449999999999999956, 0.0000000000000000000 ) ) ;
#6611 = EDGE_CURVE ( 'NONE', #6477, #5132, #5426, .T. ) ;
#6612 = DIRECTION ( 'NONE',  ( -1.000000000000000000, 0.0000000000000000000, 4.489269332220906729E-16 ) ) ;
#6613 = DIRECTION ( 'NONE',  ( 0.0000000000000000000, 0.0000000000000000000, 1.000000000000000000 ) ) ;
#6614 = DIRECTION ( 'NONE',  ( -0.0000000000000000000, 1.000000000000000000, -0.0000000000000000000 ) ) ;
#6615 = ORIENTED_EDGE ( 'NONE', *, *, #6282, .F. ) ;
#6616 = LINE ( 'NONE', #1161, #3720 ) ;
#6617 = MANIFOLD_SOLID_BREP ( 'Chamfer3', #691 ) ;
#6618 = ORIENTED_EDGE ( 'NONE', *, *, #2026, .F. ) ;
#6619 = AXIS2_PLACEMENT_3D ( 'NONE', #6426, #3859, #762 ) ;
#6620 = ORIENTED_EDGE ( 'NONE', *, *, #1509, .T. ) ;
#6621 = EDGE_CURVE ( 'NONE', #20, #180, #2707, .T. ) ;
#6622 = EDGE_LOOP ( 'NONE', ( #3388, #363, #5725, #251 ) ) ;
#6623 = CARTESIAN_POINT ( 'NONE',  ( -48.66899789473684734, 19.14999999999999858, 26.01279684210526355 ) ) ;
#6624 = CARTESIAN_POINT ( 'NONE',  ( -18.62029789473684005, -3.419999999999999929, 21.55489684210526846 ) ) ;
#6625 = CARTESIAN_POINT ( 'NONE',  ( -5.932097894736841681, -3.419999999999999929, -26.67090315789473465 ) ) ;
#6626 = PLANE ( 'NONE',  #3147 ) ;
#6627 = CARTESIAN_POINT ( 'NONE',  ( 21.98470210526316038, 0.0000000000000000000, 21.53459684210526248 ) ) ;
#6628 = EDGE_LOOP ( 'NONE', ( #4002, #6459, #2100, #1492 ) ) ;
#6629 = ORIENTED_EDGE ( 'NONE', *, *, #4811, .T. ) ;
#6630 = APPROVAL_STATUS ( 'not_yet_approved' ) ;
#6631 = CARTESIAN_POINT ( 'NONE',  ( -9.259597894736844026, 4.869999999999999218, 21.83899684210526360 ) ) ;
#6632 = VECTOR ( 'NONE', #369, 1000.000000000000000 ) ;
#6633 = CARTESIAN_POINT ( 'NONE',  ( -18.70919789473684247, 1.449999999999999956, 29.14339684210526471 ) ) ;
#6634 = CARTESIAN_POINT ( 'NONE',  ( -19.74829789473684016, 9.950000000000001066, 4.143496842105264477 ) ) ;
#6635 = DIRECTION ( 'NONE',  ( 1.000000000000000000, 0.0000000000000000000, 0.0000000000000000000 ) ) ;
#6636 = VERTEX_POINT ( 'NONE', #6036 ) ;
#6637 = ORIENTED_EDGE ( 'NONE', *, *, #515, .F. ) ;
#6638 = LINE ( 'NONE', #4137, #1160 ) ;
#6639 = AXIS2_PLACEMENT_3D ( 'NONE', #4634, #1040, #6202 ) ;
#6640 = LINE ( 'NONE', #3104, #2545 ) ;
#6641 = EDGE_CURVE ( 'NONE', #4304, #6500, #1154, .T. ) ;
#6642 = VERTEX_POINT ( 'NONE', #3476 ) ;
#6643 = VECTOR ( 'NONE', #1707, 1000.000000000000000 ) ;
#6644 = EDGE_CURVE ( 'NONE', #5650, #6352, #1308, .T. ) ;
#6645 = LINE ( 'NONE', #2484, #3909 ) ;
#6646 = VECTOR ( 'NONE', #4398, 1000.000000000000000 ) ;
#6647 = CARTESIAN_POINT ( 'NONE',  ( 6.451502105263158704, 1.449999999999999956, 24.49029684210526270 ) ) ;
#6648 = VERTEX_POINT ( 'NONE', #898 ) ;
#6649 = CARTESIAN_POINT ( 'NONE',  ( -0.2166978947368418673, 4.869999999999999218, -2.289003157894735185 ) ) ;
#6650 = DIRECTION ( 'NONE',  ( 0.0000000000000000000, 0.0000000000000000000, 1.000000000000000000 ) ) ;
#6651 = CARTESIAN_POINT ( 'NONE',  ( 22.22590210526316312, 1.449999999999999956, 24.49029684210526270 ) ) ;
#6652 = VECTOR ( 'NONE', #2962, 1000.000000000000114 ) ;
#6653 = ORIENTED_EDGE ( 'NONE', *, *, #3062, .F. ) ;
#6654 = VECTOR ( 'NONE', #4815, 1000.000000000000000 ) ;
#6655 = EDGE_CURVE ( 'NONE', #3395, #566, #2535, .T. ) ;
#6656 = VERTEX_POINT ( 'NONE', #4489 ) ;
#6657 = DIRECTION ( 'NONE',  ( 0.0000000000000000000, 0.0000000000000000000, -1.000000000000000000 ) ) ;
#6658 = LINE ( 'NONE', #4792, #5299 ) ;
#6659 = DIRECTION ( 'NONE',  ( -0.0000000000000000000, -0.0000000000000000000, 1.000000000000000000 ) ) ;
#6660 = CARTESIAN_POINT ( 'NONE',  ( -30.53007446102908062, 15.15000000000000036, 29.74219684210526182 ) ) ;
#6661 = DIRECTION ( 'NONE',  ( 1.000000000000000000, 0.0000000000000000000, 0.0000000000000000000 ) ) ;
#6662 = LINE ( 'NONE', #1600, #133 ) ;
#6663 = AXIS2_PLACEMENT_3D ( 'NONE', #3658, #81, #5265 ) ;
#6664 = CLOSED_SHELL ( 'NONE', ( #6335, #1661, #1694, #2734, #4818, #5777 ) ) ;
#6665 = DIRECTION ( 'NONE',  ( -0.0000000000000000000, -1.000000000000000000, -0.0000000000000000000 ) ) ;
#6666 = ORIENTED_EDGE ( 'NONE', *, *, #1133, .T. ) ;
#6667 = CARTESIAN_POINT ( 'NONE',  ( 0.0000000000000000000, 4.869999999999999218, 0.0000000000000000000 ) ) ;
#6668 = FACE_OUTER_BOUND ( 'NONE', #5213, .T. ) ;
#6669 = MANIFOLD_SOLID_BREP ( 'Boss-Extrude3[5]', #3315 ) ;
#6670 = ORIENTED_EDGE ( 'NONE', *, *, #4430, .F. ) ;
#6671 = EDGE_CURVE ( 'NONE', #3587, #110, #5099, .T. ) ;
#6672 = CARTESIAN_POINT ( 'NONE',  ( -3.389297894736842398, 0.0000000000000000000, 19.00249684210526624 ) ) ;
#6673 = DIRECTION ( 'NONE',  ( 1.000000000000000000, -0.0000000000000000000, -0.0000000000000000000 ) ) ;
#6674 = DIRECTION ( 'NONE',  ( 0.0000000000000000000, -0.0000000000000000000, 1.000000000000000000 ) ) ;
#6675 = EDGE_CURVE ( 'NONE', #5776, #3287, #5273, .T. ) ;
#6676 = ORIENTED_EDGE ( 'NONE', *, *, #1813, .T. ) ;
#6677 = LINE ( 'NONE', #988, #3616 ) ;
#6678 = PLANE ( 'NONE',  #6663 ) ;
#6679 = AXIS2_PLACEMENT_3D ( 'NONE', #3483, #1489, #2042 ) ;
#6680 = CARTESIAN_POINT ( 'NONE',  ( -44.81679789473683684, 19.14999999999999858, -1.613203157894734119 ) ) ;
#6681 = EDGE_CURVE ( 'NONE', #5029, #2083, #6319, .T. ) ;
#6682 = CARTESIAN_POINT ( 'NONE',  ( 42.33160210526316547, 0.0000000000000000000, -29.21190315789473502 ) ) ;
#6683 = ORIENTED_EDGE ( 'NONE', *, *, #4041, .F. ) ;
#6684 = EDGE_CURVE ( 'NONE', #358, #2278, #4927, .T. ) ;
#6685 = CARTESIAN_POINT ( 'NONE',  ( 12.62400210526315902, 4.869999999999999218, -14.93160315789473458 ) ) ;
#6686 = VECTOR ( 'NONE', #658, 1000.000000000000000 ) ;
#6687 = PLANE ( 'NONE',  #1155 ) ;
#6688 = VECTOR ( 'NONE', #3646, 1000.000000000000000 ) ;
#6689 = AXIS2_PLACEMENT_3D ( 'NONE', #2846, #6446, #3361 ) ;
#6690 = ORIENTED_EDGE ( 'NONE', *, *, #3826, .F. ) ;
#6691 = EDGE_LOOP ( 'NONE', ( #1250, #261, #4775, #2831, #6322, #4114 ) ) ;
#6692 = VECTOR ( 'NONE', #2253, 1000.000000000000000 ) ;
#6693 = DIRECTION ( 'NONE',  ( 0.0000000000000000000, 0.0000000000000000000, 1.000000000000000000 ) ) ;
ENDSEC;
END-ISO-10303-21;
